ISO-10303-21;
HEADER;
FILE_DESCRIPTION(('FreeCAD Model'),'2;1');
FILE_NAME('Open CASCADE Shape Model','2026-10-02T02:50:34',('Author'),(
    ''),'Open CASCADE STEP processor 7.8','FreeCAD','Unknown');
FILE_SCHEMA(('AUTOMOTIVE_DESIGN { 1 0 10303 214 1 1 1 1 }'));
ENDSEC;
DATA;
#1 = APPLICATION_PROTOCOL_DEFINITION('international standard',
  'automotive_design',2000,#2);
#2 = APPLICATION_CONTEXT(
  'core data for automotive mechanical design processes');
#3 = SHAPE_DEFINITION_REPRESENTATION(#4,#10);
#4 = PRODUCT_DEFINITION_SHAPE('','',#5);
#5 = PRODUCT_DEFINITION('design','',#6,#9);
#6 = PRODUCT_DEFINITION_FORMATION('','',#7);
#7 = PRODUCT('BELT_XROLL','BELT_XROLL','',(#8));
#8 = PRODUCT_CONTEXT('',#2,'mechanical');
#9 = PRODUCT_DEFINITION_CONTEXT('part definition',#2,'design');
#10 = ADVANCED_BREP_SHAPE_REPRESENTATION('',(#11,#15),#4891);
#11 = AXIS2_PLACEMENT_3D('',#12,#13,#14);
#12 = CARTESIAN_POINT('',(0.,0.,0.));
#13 = DIRECTION('',(0.,0.,1.));
#14 = DIRECTION('',(1.,0.,-0.));
#15 = MANIFOLD_SOLID_BREP('',#16);
#16 = CLOSED_SHELL('',(#17,#86,#146,#161,#177,#236,#296,#355,#366,#377,
    #393,#452,#498,#558,#573,#589,#648,#659,#675,#734,#749,#800,#851,
    #866,#877,#888,#939,#954,#965,#981,#1040,#1050,#1066,#1125,#1176,
    #1191,#1201,#1252,#1267,#1277,#1288,#1304,#1363,#1374,#1390,#1449,
    #1500,#1515,#1525,#1576,#1591,#1601,#1612,#1628,#1687,#1698,#1714,
    #1773,#1833,#1848,#1858,#1918,#1933,#1943,#1954,#1970,#2038,#2049,
    #2065,#2124,#2135,#2151,#2210,#2221,#2237,#2296,#2307,#2323,#2374,
    #2385,#2401,#2460,#2471,#2487,#2546,#2557,#2573,#2632,#2642,#2693,
    #2708,#2719,#2735,#2794,#2805,#2821,#2880,#2891,#2907,#2966,#2976,
    #3027,#3042,#3053,#3069,#3137,#3148,#3164,#3223,#3234,#3250,#3309,
    #3319,#3370,#3385,#3396,#3412,#3463,#3474,#3490,#3549,#3560,#3576,
    #3635,#3645,#3696,#3711,#3721,#3772,#3787,#3798,#3814,#3873,#3884,
    #3900,#3959,#3969,#4020,#4035,#4045,#4096,#4111,#4122,#4138,#4206,
    #4217,#4233,#4301,#4311,#4362,#4377,#4387,#4438,#4453,#4464,#4480,
    #4513,#4524,#4540,#4591,#4601,#4616,#4626,#4677,#4692,#4702,#4712,
    #4722,#4773,#4788,#4798,#4831,#4846,#4861,#4871,#4881));
#17 = ADVANCED_FACE('',(#18),#81,.T.);
#18 = FACE_BOUND('',#19,.T.);
#19 = EDGE_LOOP('',(#20,#31,#39,#48,#57,#64,#65,#74));
#20 = ORIENTED_EDGE('',*,*,#21,.T.);
#21 = EDGE_CURVE('',#22,#24,#26,.T.);
#22 = VERTEX_POINT('',#23);
#23 = CARTESIAN_POINT('',(173.19351277046,152.2,55.442746230198));
#24 = VERTEX_POINT('',#25);
#25 = CARTESIAN_POINT('',(170.13472554973,155.,56.239199484229));
#26 = ELLIPSE('',#27,3.160777918107,2.8);
#27 = AXIS2_PLACEMENT_3D('',#28,#29,#30);
#28 = CARTESIAN_POINT('',(173.19351277046,155.,55.442746230198));
#29 = DIRECTION('',(-0.251980137379,0.,-0.967732406384));
#30 = DIRECTION('',(-0.967732406384,0.,0.251980137379));
#31 = ORIENTED_EDGE('',*,*,#32,.T.);
#32 = EDGE_CURVE('',#24,#33,#35,.T.);
#33 = VERTEX_POINT('',#34);
#34 = CARTESIAN_POINT('',(167.75267865165,155.,53.615615084628));
#35 = LINE('',#36,#37);
#36 = CARTESIAN_POINT('',(171.12048938734,155.,57.32491892499));
#37 = VECTOR('',#38,1.);
#38 = DIRECTION('',(-0.672204533854,0.,-0.740365493973));
#39 = ORIENTED_EDGE('',*,*,#40,.F.);
#40 = EDGE_CURVE('',#41,#33,#43,.T.);
#41 = VERTEX_POINT('',#42);
#42 = CARTESIAN_POINT('',(169.82570203478,152.2,51.733442389836));
#43 = CIRCLE('',#44,2.8);
#44 = AXIS2_PLACEMENT_3D('',#45,#46,#47);
#45 = CARTESIAN_POINT('',(169.82570203478,155.,51.733442389836));
#46 = DIRECTION('',(-0.672204533854,0.,-0.740365493973));
#47 = DIRECTION('',(-0.740365493973,0.,0.672204533854));
#48 = ORIENTED_EDGE('',*,*,#49,.F.);
#49 = EDGE_CURVE('',#50,#41,#52,.T.);
#50 = VERTEX_POINT('',#51);
#51 = CARTESIAN_POINT('',(169.82570203478,157.8,51.733442389836));
#52 = ELLIPSE('',#53,2.814049871705,2.8);
#53 = AXIS2_PLACEMENT_3D('',#54,#55,#56);
#54 = CARTESIAN_POINT('',(169.82570203478,155.,51.733442389836));
#55 = DIRECTION('',(-0.594957864137,0.,-0.803756891045));
#56 = DIRECTION('',(-0.803756891045,0.,0.594957864137));
#57 = ORIENTED_EDGE('',*,*,#58,.F.);
#58 = EDGE_CURVE('',#33,#50,#59,.T.);
#59 = CIRCLE('',#60,2.8);
#60 = AXIS2_PLACEMENT_3D('',#61,#62,#63);
#61 = CARTESIAN_POINT('',(169.82570203478,155.,51.733442389836));
#62 = DIRECTION('',(-0.672204533854,0.,-0.740365493973));
#63 = DIRECTION('',(-0.740365493973,0.,0.672204533854));
#64 = ORIENTED_EDGE('',*,*,#32,.F.);
#65 = ORIENTED_EDGE('',*,*,#66,.T.);
#66 = EDGE_CURVE('',#24,#67,#69,.T.);
#67 = VERTEX_POINT('',#68);
#68 = CARTESIAN_POINT('',(173.19351277046,157.8,55.442746230198));
#69 = ELLIPSE('',#70,3.160777918107,2.8);
#70 = AXIS2_PLACEMENT_3D('',#71,#72,#73);
#71 = CARTESIAN_POINT('',(173.19351277046,155.,55.442746230198));
#72 = DIRECTION('',(-0.251980137379,0.,-0.967732406384));
#73 = DIRECTION('',(-0.967732406384,0.,0.251980137379));
#74 = ORIENTED_EDGE('',*,*,#75,.T.);
#75 = EDGE_CURVE('',#67,#22,#76,.T.);
#76 = CIRCLE('',#77,2.8);
#77 = AXIS2_PLACEMENT_3D('',#78,#79,#80);
#78 = CARTESIAN_POINT('',(173.19351277046,155.,55.442746230198));
#79 = DIRECTION('',(-0.672204533854,0.,-0.740365493973));
#80 = DIRECTION('',(-0.740365493973,0.,0.672204533854));
#81 = CYLINDRICAL_SURFACE('',#82,2.8);
#82 = AXIS2_PLACEMENT_3D('',#83,#84,#85);
#83 = CARTESIAN_POINT('',(173.19351277046,155.,55.442746230198));
#84 = DIRECTION('',(-0.672204533854,0.,-0.740365493973));
#85 = DIRECTION('',(-0.740365493973,0.,0.672204533854));
#86 = ADVANCED_FACE('',(#87),#141,.T.);
#87 = FACE_BOUND('',#88,.T.);
#88 = EDGE_LOOP('',(#89,#100,#108,#115,#116,#117,#124,#125,#134));
#89 = ORIENTED_EDGE('',*,*,#90,.F.);
#90 = EDGE_CURVE('',#91,#93,#95,.T.);
#91 = VERTEX_POINT('',#92);
#92 = CARTESIAN_POINT('',(168.0605355498,155.,89.993578719611));
#93 = VERTEX_POINT('',#94);
#94 = CARTESIAN_POINT('',(161.5,157.8,105.9));
#95 = ELLIPSE('',#96,17.206244931705,2.8);
#96 = AXIS2_PLACEMENT_3D('',#97,#98,#99);
#97 = CARTESIAN_POINT('',(161.5,155.,105.9));
#98 = DIRECTION('',(0.9244562857,0.,0.381288048371));
#99 = DIRECTION('',(-0.381288048371,0.,0.9244562857));
#100 = ORIENTED_EDGE('',*,*,#101,.F.);
#101 = EDGE_CURVE('',#102,#91,#104,.T.);
#102 = VERTEX_POINT('',#103);
#103 = CARTESIAN_POINT('',(175.92122025969,155.,56.074894830773));
#104 = LINE('',#105,#106);
#105 = CARTESIAN_POINT('',(175.92122025969,155.,56.074894830773));
#106 = VECTOR('',#107,1.);
#107 = DIRECTION('',(-0.225767357348,0.,0.974181246153));
#108 = ORIENTED_EDGE('',*,*,#109,.T.);
#109 = EDGE_CURVE('',#102,#67,#110,.T.);
#110 = CIRCLE('',#111,2.8);
#111 = AXIS2_PLACEMENT_3D('',#112,#113,#114);
#112 = CARTESIAN_POINT('',(173.19351277046,155.,55.442746230198));
#113 = DIRECTION('',(-0.225767357348,0.,0.974181246153));
#114 = DIRECTION('',(0.974181246153,0.,0.225767357348));
#115 = ORIENTED_EDGE('',*,*,#66,.F.);
#116 = ORIENTED_EDGE('',*,*,#21,.F.);
#117 = ORIENTED_EDGE('',*,*,#118,.T.);
#118 = EDGE_CURVE('',#22,#102,#119,.T.);
#119 = CIRCLE('',#120,2.8);
#120 = AXIS2_PLACEMENT_3D('',#121,#122,#123);
#121 = CARTESIAN_POINT('',(173.19351277046,155.,55.442746230198));
#122 = DIRECTION('',(-0.225767357348,0.,0.974181246153));
#123 = DIRECTION('',(0.974181246153,0.,0.225767357348));
#124 = ORIENTED_EDGE('',*,*,#101,.T.);
#125 = ORIENTED_EDGE('',*,*,#126,.F.);
#126 = EDGE_CURVE('',#127,#91,#129,.T.);
#127 = VERTEX_POINT('',#128);
#128 = CARTESIAN_POINT('',(161.5,152.2,105.9));
#129 = ELLIPSE('',#130,17.206244931705,2.8);
#130 = AXIS2_PLACEMENT_3D('',#131,#132,#133);
#131 = CARTESIAN_POINT('',(161.5,155.,105.9));
#132 = DIRECTION('',(0.9244562857,0.,0.381288048371));
#133 = DIRECTION('',(-0.381288048371,0.,0.9244562857));
#134 = ORIENTED_EDGE('',*,*,#135,.F.);
#135 = EDGE_CURVE('',#93,#127,#136,.T.);
#136 = ELLIPSE('',#137,2.837827182125,2.8);
#137 = AXIS2_PLACEMENT_3D('',#138,#139,#140);
#138 = CARTESIAN_POINT('',(161.5,155.,105.9));
#139 = DIRECTION('',(-0.381288048371,0.,0.9244562857));
#140 = DIRECTION('',(0.9244562857,0.,0.381288048371));
#141 = CYLINDRICAL_SURFACE('',#142,2.8);
#142 = AXIS2_PLACEMENT_3D('',#143,#144,#145);
#143 = CARTESIAN_POINT('',(173.19351277046,155.,55.442746230198));
#144 = DIRECTION('',(-0.225767357348,0.,0.974181246153));
#145 = DIRECTION('',(0.974181246153,0.,0.225767357348));
#146 = ADVANCED_FACE('',(#147),#156,.F.);
#147 = FACE_BOUND('',#148,.F.);
#148 = EDGE_LOOP('',(#149,#155));
#149 = ORIENTED_EDGE('',*,*,#150,.T.);
#150 = EDGE_CURVE('',#22,#67,#151,.T.);
#151 = LINE('',#152,#153);
#152 = CARTESIAN_POINT('',(173.19351277046,155.,55.442746230198));
#153 = VECTOR('',#154,1.);
#154 = DIRECTION('',(0.,1.,0.));
#155 = ORIENTED_EDGE('',*,*,#75,.T.);
#156 = PLANE('',#157);
#157 = AXIS2_PLACEMENT_3D('',#158,#159,#160);
#158 = CARTESIAN_POINT('',(173.19351277046,155.,55.442746230198));
#159 = DIRECTION('',(-0.672204533854,0.,-0.740365493973));
#160 = DIRECTION('',(-0.740365493973,0.,0.672204533854));
#161 = ADVANCED_FACE('',(#162),#172,.T.);
#162 = FACE_BOUND('',#163,.T.);
#163 = EDGE_LOOP('',(#164,#165,#166));
#164 = ORIENTED_EDGE('',*,*,#40,.T.);
#165 = ORIENTED_EDGE('',*,*,#58,.T.);
#166 = ORIENTED_EDGE('',*,*,#167,.T.);
#167 = EDGE_CURVE('',#50,#41,#168,.T.);
#168 = LINE('',#169,#170);
#169 = CARTESIAN_POINT('',(169.82570203478,155.,51.733442389836));
#170 = VECTOR('',#171,1.);
#171 = DIRECTION('',(0.,-1.,0.));
#172 = PLANE('',#173);
#173 = AXIS2_PLACEMENT_3D('',#174,#175,#176);
#174 = CARTESIAN_POINT('',(169.82570203478,155.,51.733442389836));
#175 = DIRECTION('',(-0.672204533854,0.,-0.740365493973));
#176 = DIRECTION('',(-0.740365493973,0.,0.672204533854));
#177 = ADVANCED_FACE('',(#178),#231,.T.);
#178 = FACE_BOUND('',#179,.T.);
#179 = EDGE_LOOP('',(#180,#191,#199,#206,#207,#214,#215,#224));
#180 = ORIENTED_EDGE('',*,*,#181,.F.);
#181 = EDGE_CURVE('',#182,#184,#186,.T.);
#182 = VERTEX_POINT('',#183);
#183 = CARTESIAN_POINT('',(164.85614029881,155.,48.862111638431));
#184 = VERTEX_POINT('',#185);
#185 = CARTESIAN_POINT('',(167.2616829064,157.8,47.429154987624));
#186 = CIRCLE('',#187,2.8);
#187 = AXIS2_PLACEMENT_3D('',#188,#189,#190);
#188 = CARTESIAN_POINT('',(167.2616829064,155.,47.429154987624));
#189 = DIRECTION('',(-0.511770232431,0.,-0.859122359852));
#190 = DIRECTION('',(-0.859122359852,0.,0.511770232431));
#191 = ORIENTED_EDGE('',*,*,#192,.F.);
#192 = EDGE_CURVE('',#193,#182,#195,.T.);
#193 = VERTEX_POINT('',#194);
#194 = CARTESIAN_POINT('',(167.42015942719,155.,53.166399040643));
#195 = LINE('',#196,#197);
#196 = CARTESIAN_POINT('',(167.42015942719,155.,53.166399040643));
#197 = VECTOR('',#198,1.);
#198 = DIRECTION('',(-0.511770232431,-0.,-0.859122359852));
#199 = ORIENTED_EDGE('',*,*,#200,.T.);
#200 = EDGE_CURVE('',#193,#50,#201,.T.);
#201 = CIRCLE('',#202,2.8);
#202 = AXIS2_PLACEMENT_3D('',#203,#204,#205);
#203 = CARTESIAN_POINT('',(169.82570203478,155.,51.733442389836));
#204 = DIRECTION('',(-0.511770232431,0.,-0.859122359852));
#205 = DIRECTION('',(-0.859122359852,0.,0.511770232431));
#206 = ORIENTED_EDGE('',*,*,#49,.T.);
#207 = ORIENTED_EDGE('',*,*,#208,.T.);
#208 = EDGE_CURVE('',#41,#193,#209,.T.);
#209 = CIRCLE('',#210,2.8);
#210 = AXIS2_PLACEMENT_3D('',#211,#212,#213);
#211 = CARTESIAN_POINT('',(169.82570203478,155.,51.733442389836));
#212 = DIRECTION('',(-0.511770232431,0.,-0.859122359852));
#213 = DIRECTION('',(-0.859122359852,0.,0.511770232431));
#214 = ORIENTED_EDGE('',*,*,#192,.T.);
#215 = ORIENTED_EDGE('',*,*,#216,.F.);
#216 = EDGE_CURVE('',#217,#182,#219,.T.);
#217 = VERTEX_POINT('',#218);
#218 = CARTESIAN_POINT('',(167.2616829064,152.2,47.429154987624));
#219 = CIRCLE('',#220,2.8);
#220 = AXIS2_PLACEMENT_3D('',#221,#222,#223);
#221 = CARTESIAN_POINT('',(167.2616829064,155.,47.429154987624));
#222 = DIRECTION('',(-0.511770232431,0.,-0.859122359852));
#223 = DIRECTION('',(-0.859122359852,0.,0.511770232431));
#224 = ORIENTED_EDGE('',*,*,#225,.F.);
#225 = EDGE_CURVE('',#184,#217,#226,.T.);
#226 = ELLIPSE('',#227,2.814049871705,2.8);
#227 = AXIS2_PLACEMENT_3D('',#228,#229,#230);
#228 = CARTESIAN_POINT('',(167.2616829064,155.,47.429154987624));
#229 = DIRECTION('',(-0.423472310264,0.,-0.905909047554));
#230 = DIRECTION('',(-0.905909047554,0.,0.423472310264));
#231 = CYLINDRICAL_SURFACE('',#232,2.8);
#232 = AXIS2_PLACEMENT_3D('',#233,#234,#235);
#233 = CARTESIAN_POINT('',(169.82570203478,155.,51.733442389836));
#234 = DIRECTION('',(-0.511770232431,0.,-0.859122359852));
#235 = DIRECTION('',(-0.859122359852,0.,0.511770232431));
#236 = ADVANCED_FACE('',(#237),#291,.T.);
#237 = FACE_BOUND('',#238,.T.);
#238 = EDGE_LOOP('',(#239,#248,#256,#265,#274,#281,#282,#289,#290));
#239 = ORIENTED_EDGE('',*,*,#240,.F.);
#240 = EDGE_CURVE('',#241,#93,#243,.T.);
#241 = VERTEX_POINT('',#242);
#242 = CARTESIAN_POINT('',(164.12344717624,155.,106.98202958788));
#243 = ELLIPSE('',#244,2.837827182125,2.8);
#244 = AXIS2_PLACEMENT_3D('',#245,#246,#247);
#245 = CARTESIAN_POINT('',(161.5,155.,105.9));
#246 = DIRECTION('',(-0.381288048371,0.,0.9244562857));
#247 = DIRECTION('',(0.9244562857,0.,0.381288048371));
#248 = ORIENTED_EDGE('',*,*,#249,.F.);
#249 = EDGE_CURVE('',#250,#241,#252,.T.);
#250 = VERTEX_POINT('',#251);
#251 = CARTESIAN_POINT('',(190.38520562104,155.,64.591423536798));
#252 = LINE('',#253,#254);
#253 = CARTESIAN_POINT('',(191.15750998574,155.,63.344802898488));
#254 = VECTOR('',#255,1.);
#255 = DIRECTION('',(-0.526643883311,0.,0.850086007514));
#256 = ORIENTED_EDGE('',*,*,#257,.T.);
#257 = EDGE_CURVE('',#250,#258,#260,.T.);
#258 = VERTEX_POINT('',#259);
#259 = CARTESIAN_POINT('',(188.7772691647,157.8,61.870200025218));
#260 = ELLIPSE('',#261,3.160777918107,2.8);
#261 = AXIS2_PLACEMENT_3D('',#262,#263,#264);
#262 = CARTESIAN_POINT('',(188.7772691647,155.,61.870200025218));
#263 = DIRECTION('',(-0.860934738879,0.,0.5087154169));
#264 = DIRECTION('',(-0.5087154169,0.,-0.860934738879));
#265 = ORIENTED_EDGE('',*,*,#266,.T.);
#266 = EDGE_CURVE('',#258,#267,#269,.T.);
#267 = VERTEX_POINT('',#268);
#268 = CARTESIAN_POINT('',(188.7772691647,152.2,61.870200025218));
#269 = CIRCLE('',#270,2.8);
#270 = AXIS2_PLACEMENT_3D('',#271,#272,#273);
#271 = CARTESIAN_POINT('',(188.7772691647,155.,61.870200025218));
#272 = DIRECTION('',(-0.526643883311,0.,0.850086007514));
#273 = DIRECTION('',(0.850086007514,0.,0.526643883311));
#274 = ORIENTED_EDGE('',*,*,#275,.T.);
#275 = EDGE_CURVE('',#267,#250,#276,.T.);
#276 = ELLIPSE('',#277,3.160777918107,2.8);
#277 = AXIS2_PLACEMENT_3D('',#278,#279,#280);
#278 = CARTESIAN_POINT('',(188.7772691647,155.,61.870200025218));
#279 = DIRECTION('',(-0.860934738879,0.,0.5087154169));
#280 = DIRECTION('',(-0.5087154169,0.,-0.860934738879));
#281 = ORIENTED_EDGE('',*,*,#249,.T.);
#282 = ORIENTED_EDGE('',*,*,#283,.F.);
#283 = EDGE_CURVE('',#127,#241,#284,.T.);
#284 = ELLIPSE('',#285,2.837827182125,2.8);
#285 = AXIS2_PLACEMENT_3D('',#286,#287,#288);
#286 = CARTESIAN_POINT('',(161.5,155.,105.9));
#287 = DIRECTION('',(-0.381288048371,0.,0.9244562857));
#288 = DIRECTION('',(0.9244562857,0.,0.381288048371));
#289 = ORIENTED_EDGE('',*,*,#126,.T.);
#290 = ORIENTED_EDGE('',*,*,#90,.T.);
#291 = CYLINDRICAL_SURFACE('',#292,2.8);
#292 = AXIS2_PLACEMENT_3D('',#293,#294,#295);
#293 = CARTESIAN_POINT('',(188.7772691647,155.,61.870200025218));
#294 = DIRECTION('',(-0.526643883311,0.,0.850086007514));
#295 = DIRECTION('',(0.850086007514,0.,0.526643883311));
#296 = ADVANCED_FACE('',(#297),#350,.T.);
#297 = FACE_BOUND('',#298,.T.);
#298 = EDGE_LOOP('',(#299,#309,#318,#327,#334,#335,#342,#343));
#299 = ORIENTED_EDGE('',*,*,#300,.T.);
#300 = EDGE_CURVE('',#301,#303,#305,.T.);
#301 = VERTEX_POINT('',#302);
#302 = CARTESIAN_POINT('',(154.93946445019,155.,121.80642128041));
#303 = VERTEX_POINT('',#304);
#304 = CARTESIAN_POINT('',(136.60297165633,155.,151.40440284805));
#305 = LINE('',#306,#307);
#306 = CARTESIAN_POINT('',(191.15750998574,155.,63.344802898488));
#307 = VECTOR('',#308,1.);
#308 = DIRECTION('',(-0.526643883311,0.,0.850086007514));
#309 = ORIENTED_EDGE('',*,*,#310,.F.);
#310 = EDGE_CURVE('',#311,#303,#313,.T.);
#311 = VERTEX_POINT('',#312);
#312 = CARTESIAN_POINT('',(134.22273083529,152.2,149.92979997478));
#313 = CIRCLE('',#314,2.8);
#314 = AXIS2_PLACEMENT_3D('',#315,#316,#317);
#315 = CARTESIAN_POINT('',(134.22273083529,155.,149.92979997478));
#316 = DIRECTION('',(-0.526643883311,0.,0.850086007514));
#317 = DIRECTION('',(0.850086007514,0.,0.526643883311));
#318 = ORIENTED_EDGE('',*,*,#319,.T.);
#319 = EDGE_CURVE('',#311,#320,#322,.T.);
#320 = VERTEX_POINT('',#321);
#321 = CARTESIAN_POINT('',(134.22273083529,157.8,149.92979997478));
#322 = ELLIPSE('',#323,3.160777918107,2.8);
#323 = AXIS2_PLACEMENT_3D('',#324,#325,#326);
#324 = CARTESIAN_POINT('',(134.22273083529,155.,149.92979997478));
#325 = DIRECTION('',(0.860934738879,0.,-0.5087154169));
#326 = DIRECTION('',(0.5087154169,0.,0.860934738879));
#327 = ORIENTED_EDGE('',*,*,#328,.F.);
#328 = EDGE_CURVE('',#303,#320,#329,.T.);
#329 = CIRCLE('',#330,2.8);
#330 = AXIS2_PLACEMENT_3D('',#331,#332,#333);
#331 = CARTESIAN_POINT('',(134.22273083529,155.,149.92979997478));
#332 = DIRECTION('',(-0.526643883311,0.,0.850086007514));
#333 = DIRECTION('',(0.850086007514,0.,0.526643883311));
#334 = ORIENTED_EDGE('',*,*,#300,.F.);
#335 = ORIENTED_EDGE('',*,*,#336,.F.);
#336 = EDGE_CURVE('',#93,#301,#337,.T.);
#337 = ELLIPSE('',#338,17.206244931705,2.8);
#338 = AXIS2_PLACEMENT_3D('',#339,#340,#341);
#339 = CARTESIAN_POINT('',(161.5,155.,105.9));
#340 = DIRECTION('',(0.9244562857,0.,0.381288048371));
#341 = DIRECTION('',(-0.381288048371,0.,0.9244562857));
#342 = ORIENTED_EDGE('',*,*,#135,.T.);
#343 = ORIENTED_EDGE('',*,*,#344,.F.);
#344 = EDGE_CURVE('',#301,#127,#345,.T.);
#345 = ELLIPSE('',#346,17.206244931705,2.8);
#346 = AXIS2_PLACEMENT_3D('',#347,#348,#349);
#347 = CARTESIAN_POINT('',(161.5,155.,105.9));
#348 = DIRECTION('',(0.9244562857,0.,0.381288048371));
#349 = DIRECTION('',(-0.381288048371,0.,0.9244562857));
#350 = CYLINDRICAL_SURFACE('',#351,2.8);
#351 = AXIS2_PLACEMENT_3D('',#352,#353,#354);
#352 = CARTESIAN_POINT('',(188.7772691647,155.,61.870200025218));
#353 = DIRECTION('',(-0.526643883311,0.,0.850086007514));
#354 = DIRECTION('',(0.850086007514,0.,0.526643883311));
#355 = ADVANCED_FACE('',(#356),#361,.F.);
#356 = FACE_BOUND('',#357,.F.);
#357 = EDGE_LOOP('',(#358,#359,#360));
#358 = ORIENTED_EDGE('',*,*,#118,.T.);
#359 = ORIENTED_EDGE('',*,*,#109,.T.);
#360 = ORIENTED_EDGE('',*,*,#150,.F.);
#361 = PLANE('',#362);
#362 = AXIS2_PLACEMENT_3D('',#363,#364,#365);
#363 = CARTESIAN_POINT('',(173.19351277046,155.,55.442746230198));
#364 = DIRECTION('',(-0.225767357348,0.,0.974181246153));
#365 = DIRECTION('',(0.974181246153,0.,0.225767357348));
#366 = ADVANCED_FACE('',(#367),#372,.F.);
#367 = FACE_BOUND('',#368,.F.);
#368 = EDGE_LOOP('',(#369,#370,#371));
#369 = ORIENTED_EDGE('',*,*,#208,.T.);
#370 = ORIENTED_EDGE('',*,*,#200,.T.);
#371 = ORIENTED_EDGE('',*,*,#167,.T.);
#372 = PLANE('',#373);
#373 = AXIS2_PLACEMENT_3D('',#374,#375,#376);
#374 = CARTESIAN_POINT('',(169.82570203478,155.,51.733442389836));
#375 = DIRECTION('',(-0.511770232431,0.,-0.859122359852));
#376 = DIRECTION('',(-0.859122359852,0.,0.511770232431));
#377 = ADVANCED_FACE('',(#378),#388,.T.);
#378 = FACE_BOUND('',#379,.T.);
#379 = EDGE_LOOP('',(#380,#381,#382));
#380 = ORIENTED_EDGE('',*,*,#216,.T.);
#381 = ORIENTED_EDGE('',*,*,#181,.T.);
#382 = ORIENTED_EDGE('',*,*,#383,.T.);
#383 = EDGE_CURVE('',#184,#217,#384,.T.);
#384 = LINE('',#385,#386);
#385 = CARTESIAN_POINT('',(167.2616829064,155.,47.429154987624));
#386 = VECTOR('',#387,1.);
#387 = DIRECTION('',(0.,-1.,0.));
#388 = PLANE('',#389);
#389 = AXIS2_PLACEMENT_3D('',#390,#391,#392);
#390 = CARTESIAN_POINT('',(167.2616829064,155.,47.429154987624));
#391 = DIRECTION('',(-0.511770232431,0.,-0.859122359852));
#392 = DIRECTION('',(-0.859122359852,0.,0.511770232431));
#393 = ADVANCED_FACE('',(#394),#447,.T.);
#394 = FACE_BOUND('',#395,.T.);
#395 = EDGE_LOOP('',(#396,#407,#415,#422,#423,#430,#431,#440));
#396 = ORIENTED_EDGE('',*,*,#397,.F.);
#397 = EDGE_CURVE('',#398,#400,#402,.T.);
#398 = VERTEX_POINT('',#399);
#399 = CARTESIAN_POINT('',(162.96139261239,155.,43.628025218884));
#400 = VERTEX_POINT('',#401);
#401 = CARTESIAN_POINT('',(165.60361195404,157.8,42.701376984324));
#402 = CIRCLE('',#403,2.8);
#403 = AXIS2_PLACEMENT_3D('',#404,#405,#406);
#404 = CARTESIAN_POINT('',(165.60361195404,155.,42.701376984324));
#405 = DIRECTION('',(-0.330945798057,0.,-0.943649764875));
#406 = DIRECTION('',(-0.943649764875,0.,0.330945798057));
#407 = ORIENTED_EDGE('',*,*,#408,.F.);
#408 = EDGE_CURVE('',#409,#398,#411,.T.);
#409 = VERTEX_POINT('',#410);
#410 = CARTESIAN_POINT('',(164.61946356475,155.,48.355803222184));
#411 = LINE('',#412,#413);
#412 = CARTESIAN_POINT('',(164.61946356475,155.,48.355803222184));
#413 = VECTOR('',#414,1.);
#414 = DIRECTION('',(-0.330945798057,0.,-0.943649764875));
#415 = ORIENTED_EDGE('',*,*,#416,.T.);
#416 = EDGE_CURVE('',#409,#184,#417,.T.);
#417 = CIRCLE('',#418,2.8);
#418 = AXIS2_PLACEMENT_3D('',#419,#420,#421);
#419 = CARTESIAN_POINT('',(167.2616829064,155.,47.429154987624));
#420 = DIRECTION('',(-0.330945798057,0.,-0.943649764875));
#421 = DIRECTION('',(-0.943649764875,0.,0.330945798057));
#422 = ORIENTED_EDGE('',*,*,#225,.T.);
#423 = ORIENTED_EDGE('',*,*,#424,.T.);
#424 = EDGE_CURVE('',#217,#409,#425,.T.);
#425 = CIRCLE('',#426,2.8);
#426 = AXIS2_PLACEMENT_3D('',#427,#428,#429);
#427 = CARTESIAN_POINT('',(167.2616829064,155.,47.429154987624));
#428 = DIRECTION('',(-0.330945798057,0.,-0.943649764875));
#429 = DIRECTION('',(-0.943649764875,0.,0.330945798057));
#430 = ORIENTED_EDGE('',*,*,#408,.T.);
#431 = ORIENTED_EDGE('',*,*,#432,.F.);
#432 = EDGE_CURVE('',#433,#398,#435,.T.);
#433 = VERTEX_POINT('',#434);
#434 = CARTESIAN_POINT('',(165.60361195404,152.2,42.701376984324));
#435 = CIRCLE('',#436,2.8);
#436 = AXIS2_PLACEMENT_3D('',#437,#438,#439);
#437 = CARTESIAN_POINT('',(165.60361195404,155.,42.701376984324));
#438 = DIRECTION('',(-0.330945798057,0.,-0.943649764875));
#439 = DIRECTION('',(-0.943649764875,0.,0.330945798057));
#440 = ORIENTED_EDGE('',*,*,#441,.F.);
#441 = EDGE_CURVE('',#400,#433,#442,.T.);
#442 = ELLIPSE('',#443,2.814049871705,2.8);
#443 = AXIS2_PLACEMENT_3D('',#444,#445,#446);
#444 = CARTESIAN_POINT('',(165.60361195404,155.,42.701376984324));
#445 = DIRECTION('',(-0.235114620889,0.,-0.971967651233));
#446 = DIRECTION('',(-0.971967651233,0.,0.235114620889));
#447 = CYLINDRICAL_SURFACE('',#448,2.8);
#448 = AXIS2_PLACEMENT_3D('',#449,#450,#451);
#449 = CARTESIAN_POINT('',(167.2616829064,155.,47.429154987624));
#450 = DIRECTION('',(-0.330945798057,0.,-0.943649764875));
#451 = DIRECTION('',(-0.943649764875,0.,0.330945798057));
#452 = ADVANCED_FACE('',(#453),#493,.T.);
#453 = FACE_BOUND('',#454,.T.);
#454 = EDGE_LOOP('',(#455,#466,#475,#481,#482,#483,#484,#485,#486));
#455 = ORIENTED_EDGE('',*,*,#456,.F.);
#456 = EDGE_CURVE('',#457,#459,#461,.T.);
#457 = VERTEX_POINT('',#458);
#458 = CARTESIAN_POINT('',(149.80648722953,157.8,156.3572537698));
#459 = VERTEX_POINT('',#460);
#460 = CARTESIAN_POINT('',(149.80648722953,152.2,156.3572537698));
#461 = CIRCLE('',#462,2.8);
#462 = AXIS2_PLACEMENT_3D('',#463,#464,#465);
#463 = CARTESIAN_POINT('',(149.80648722953,155.,156.3572537698));
#464 = DIRECTION('',(-0.225767357348,0.,0.974181246153));
#465 = DIRECTION('',(0.974181246153,0.,0.225767357348));
#466 = ORIENTED_EDGE('',*,*,#467,.F.);
#467 = EDGE_CURVE('',#468,#457,#470,.T.);
#468 = VERTEX_POINT('',#469);
#469 = CARTESIAN_POINT('',(152.86527445026,155.,155.56080051577));
#470 = ELLIPSE('',#471,3.160777918107,2.8);
#471 = AXIS2_PLACEMENT_3D('',#472,#473,#474);
#472 = CARTESIAN_POINT('',(149.80648722953,155.,156.3572537698));
#473 = DIRECTION('',(0.251980137379,-0.,0.967732406384));
#474 = DIRECTION('',(0.967732406384,0.,-0.251980137379));
#475 = ORIENTED_EDGE('',*,*,#476,.F.);
#476 = EDGE_CURVE('',#241,#468,#477,.T.);
#477 = LINE('',#478,#479);
#478 = CARTESIAN_POINT('',(175.92122025969,155.,56.074894830773));
#479 = VECTOR('',#480,1.);
#480 = DIRECTION('',(-0.225767357348,0.,0.974181246153));
#481 = ORIENTED_EDGE('',*,*,#240,.T.);
#482 = ORIENTED_EDGE('',*,*,#336,.T.);
#483 = ORIENTED_EDGE('',*,*,#344,.T.);
#484 = ORIENTED_EDGE('',*,*,#283,.T.);
#485 = ORIENTED_EDGE('',*,*,#476,.T.);
#486 = ORIENTED_EDGE('',*,*,#487,.F.);
#487 = EDGE_CURVE('',#459,#468,#488,.T.);
#488 = ELLIPSE('',#489,3.160777918107,2.8);
#489 = AXIS2_PLACEMENT_3D('',#490,#491,#492);
#490 = CARTESIAN_POINT('',(149.80648722953,155.,156.3572537698));
#491 = DIRECTION('',(0.251980137379,-0.,0.967732406384));
#492 = DIRECTION('',(0.967732406384,0.,-0.251980137379));
#493 = CYLINDRICAL_SURFACE('',#494,2.8);
#494 = AXIS2_PLACEMENT_3D('',#495,#496,#497);
#495 = CARTESIAN_POINT('',(173.19351277046,155.,55.442746230198));
#496 = DIRECTION('',(-0.225767357348,0.,0.974181246153));
#497 = DIRECTION('',(0.974181246153,0.,0.225767357348));
#498 = ADVANCED_FACE('',(#499),#553,.T.);
#499 = FACE_BOUND('',#500,.T.);
#500 = EDGE_LOOP('',(#501,#512,#520,#527,#528,#529,#536,#537,#546));
#501 = ORIENTED_EDGE('',*,*,#502,.T.);
#502 = EDGE_CURVE('',#503,#505,#507,.T.);
#503 = VERTEX_POINT('',#504);
#504 = CARTESIAN_POINT('',(193.78079286855,157.8,61.613617335751));
#505 = VERTEX_POINT('',#506);
#506 = CARTESIAN_POINT('',(193.35691479339,155.,58.831674838531));
#507 = ELLIPSE('',#508,2.814049871705,2.8);
#508 = AXIS2_PLACEMENT_3D('',#509,#510,#511);
#509 = CARTESIAN_POINT('',(193.78079286855,155.,61.61361733575));
#510 = DIRECTION('',(-0.988590332102,0.,0.150629197951));
#511 = DIRECTION('',(0.150629197951,0.,0.988590332102));
#512 = ORIENTED_EDGE('',*,*,#513,.T.);
#513 = EDGE_CURVE('',#505,#514,#516,.T.);
#514 = VERTEX_POINT('',#515);
#515 = CARTESIAN_POINT('',(188.63387246876,155.,59.073874331098));
#516 = LINE('',#517,#518);
#517 = CARTESIAN_POINT('',(193.63739617261,155.,58.817291641631));
#518 = VECTOR('',#519,1.);
#519 = DIRECTION('',(-0.9986877479,0.,5.121310569527E-02));
#520 = ORIENTED_EDGE('',*,*,#521,.F.);
#521 = EDGE_CURVE('',#258,#514,#522,.T.);
#522 = CIRCLE('',#523,2.8);
#523 = AXIS2_PLACEMENT_3D('',#524,#525,#526);
#524 = CARTESIAN_POINT('',(188.7772691647,155.,61.870200025218));
#525 = DIRECTION('',(-0.9986877479,0.,5.121310569527E-02));
#526 = DIRECTION('',(-5.121310569527E-02,0.,-0.9986877479));
#527 = ORIENTED_EDGE('',*,*,#257,.F.);
#528 = ORIENTED_EDGE('',*,*,#275,.F.);
#529 = ORIENTED_EDGE('',*,*,#530,.F.);
#530 = EDGE_CURVE('',#514,#267,#531,.T.);
#531 = CIRCLE('',#532,2.8);
#532 = AXIS2_PLACEMENT_3D('',#533,#534,#535);
#533 = CARTESIAN_POINT('',(188.7772691647,155.,61.870200025218));
#534 = DIRECTION('',(-0.9986877479,0.,5.121310569527E-02));
#535 = DIRECTION('',(-5.121310569527E-02,0.,-0.9986877479));
#536 = ORIENTED_EDGE('',*,*,#513,.F.);
#537 = ORIENTED_EDGE('',*,*,#538,.T.);
#538 = EDGE_CURVE('',#505,#539,#541,.T.);
#539 = VERTEX_POINT('',#540);
#540 = CARTESIAN_POINT('',(193.78079286855,152.2,61.61361733575));
#541 = ELLIPSE('',#542,2.814049871705,2.8);
#542 = AXIS2_PLACEMENT_3D('',#543,#544,#545);
#543 = CARTESIAN_POINT('',(193.78079286855,155.,61.61361733575));
#544 = DIRECTION('',(-0.988590332102,0.,0.150629197951));
#545 = DIRECTION('',(0.150629197951,0.,0.988590332102));
#546 = ORIENTED_EDGE('',*,*,#547,.T.);
#547 = EDGE_CURVE('',#539,#503,#548,.T.);
#548 = CIRCLE('',#549,2.8);
#549 = AXIS2_PLACEMENT_3D('',#550,#551,#552);
#550 = CARTESIAN_POINT('',(193.78079286855,155.,61.61361733575));
#551 = DIRECTION('',(-0.9986877479,0.,5.121310569527E-02));
#552 = DIRECTION('',(-5.121310569527E-02,0.,-0.9986877479));
#553 = CYLINDRICAL_SURFACE('',#554,2.8);
#554 = AXIS2_PLACEMENT_3D('',#555,#556,#557);
#555 = CARTESIAN_POINT('',(193.78079286855,155.,61.61361733575));
#556 = DIRECTION('',(-0.9986877479,0.,5.121310569527E-02));
#557 = DIRECTION('',(-5.121310569527E-02,0.,-0.9986877479));
#558 = ADVANCED_FACE('',(#559),#568,.F.);
#559 = FACE_BOUND('',#560,.F.);
#560 = EDGE_LOOP('',(#561,#567));
#561 = ORIENTED_EDGE('',*,*,#562,.T.);
#562 = EDGE_CURVE('',#267,#258,#563,.T.);
#563 = LINE('',#564,#565);
#564 = CARTESIAN_POINT('',(188.7772691647,155.,61.870200025218));
#565 = VECTOR('',#566,1.);
#566 = DIRECTION('',(0.,1.,0.));
#567 = ORIENTED_EDGE('',*,*,#266,.T.);
#568 = PLANE('',#569);
#569 = AXIS2_PLACEMENT_3D('',#570,#571,#572);
#570 = CARTESIAN_POINT('',(188.7772691647,155.,61.870200025218));
#571 = DIRECTION('',(-0.526643883311,0.,0.850086007514));
#572 = DIRECTION('',(0.850086007514,0.,0.526643883311));
#573 = ADVANCED_FACE('',(#574),#584,.T.);
#574 = FACE_BOUND('',#575,.T.);
#575 = EDGE_LOOP('',(#576,#577,#578));
#576 = ORIENTED_EDGE('',*,*,#310,.T.);
#577 = ORIENTED_EDGE('',*,*,#328,.T.);
#578 = ORIENTED_EDGE('',*,*,#579,.T.);
#579 = EDGE_CURVE('',#320,#311,#580,.T.);
#580 = LINE('',#581,#582);
#581 = CARTESIAN_POINT('',(134.22273083529,155.,149.92979997478));
#582 = VECTOR('',#583,1.);
#583 = DIRECTION('',(0.,-1.,0.));
#584 = PLANE('',#585);
#585 = AXIS2_PLACEMENT_3D('',#586,#587,#588);
#586 = CARTESIAN_POINT('',(134.22273083529,155.,149.92979997478));
#587 = DIRECTION('',(-0.526643883311,0.,0.850086007514));
#588 = DIRECTION('',(0.850086007514,0.,0.526643883311));
#589 = ADVANCED_FACE('',(#590),#643,.T.);
#590 = FACE_BOUND('',#591,.T.);
#591 = EDGE_LOOP('',(#592,#603,#611,#618,#619,#626,#627,#636));
#592 = ORIENTED_EDGE('',*,*,#593,.T.);
#593 = EDGE_CURVE('',#594,#596,#598,.T.);
#594 = VERTEX_POINT('',#595);
#595 = CARTESIAN_POINT('',(129.21920713144,157.8,150.18638266424));
#596 = VERTEX_POINT('',#597);
#597 = CARTESIAN_POINT('',(129.6430852066,155.,152.96832516146));
#598 = ELLIPSE('',#599,2.814049871705,2.8);
#599 = AXIS2_PLACEMENT_3D('',#600,#601,#602);
#600 = CARTESIAN_POINT('',(129.21920713144,155.,150.18638266425));
#601 = DIRECTION('',(0.988590332102,0.,-0.150629197951));
#602 = DIRECTION('',(-0.150629197951,0.,-0.988590332102));
#603 = ORIENTED_EDGE('',*,*,#604,.T.);
#604 = EDGE_CURVE('',#596,#605,#607,.T.);
#605 = VERTEX_POINT('',#606);
#606 = CARTESIAN_POINT('',(134.36612753123,155.,152.7261256689));
#607 = LINE('',#608,#609);
#608 = CARTESIAN_POINT('',(129.36260382738,155.,152.98270835836));
#609 = VECTOR('',#610,1.);
#610 = DIRECTION('',(0.9986877479,0.,-5.121310569528E-02));
#611 = ORIENTED_EDGE('',*,*,#612,.F.);
#612 = EDGE_CURVE('',#320,#605,#613,.T.);
#613 = CIRCLE('',#614,2.8);
#614 = AXIS2_PLACEMENT_3D('',#615,#616,#617);
#615 = CARTESIAN_POINT('',(134.22273083529,155.,149.92979997478));
#616 = DIRECTION('',(0.9986877479,0.,-5.121310569528E-02));
#617 = DIRECTION('',(5.121310569528E-02,0.,0.9986877479));
#618 = ORIENTED_EDGE('',*,*,#319,.F.);
#619 = ORIENTED_EDGE('',*,*,#620,.F.);
#620 = EDGE_CURVE('',#605,#311,#621,.T.);
#621 = CIRCLE('',#622,2.8);
#622 = AXIS2_PLACEMENT_3D('',#623,#624,#625);
#623 = CARTESIAN_POINT('',(134.22273083529,155.,149.92979997478));
#624 = DIRECTION('',(0.9986877479,0.,-5.121310569528E-02));
#625 = DIRECTION('',(5.121310569528E-02,0.,0.9986877479));
#626 = ORIENTED_EDGE('',*,*,#604,.F.);
#627 = ORIENTED_EDGE('',*,*,#628,.T.);
#628 = EDGE_CURVE('',#596,#629,#631,.T.);
#629 = VERTEX_POINT('',#630);
#630 = CARTESIAN_POINT('',(129.21920713144,152.2,150.18638266425));
#631 = ELLIPSE('',#632,2.814049871705,2.8);
#632 = AXIS2_PLACEMENT_3D('',#633,#634,#635);
#633 = CARTESIAN_POINT('',(129.21920713144,155.,150.18638266425));
#634 = DIRECTION('',(0.988590332102,0.,-0.150629197951));
#635 = DIRECTION('',(-0.150629197951,0.,-0.988590332102));
#636 = ORIENTED_EDGE('',*,*,#637,.T.);
#637 = EDGE_CURVE('',#629,#594,#638,.T.);
#638 = CIRCLE('',#639,2.8);
#639 = AXIS2_PLACEMENT_3D('',#640,#641,#642);
#640 = CARTESIAN_POINT('',(129.21920713144,155.,150.18638266425));
#641 = DIRECTION('',(0.9986877479,0.,-5.121310569528E-02));
#642 = DIRECTION('',(5.121310569528E-02,0.,0.9986877479));
#643 = CYLINDRICAL_SURFACE('',#644,2.8);
#644 = AXIS2_PLACEMENT_3D('',#645,#646,#647);
#645 = CARTESIAN_POINT('',(129.21920713144,155.,150.18638266425));
#646 = DIRECTION('',(0.9986877479,0.,-5.121310569528E-02));
#647 = DIRECTION('',(5.121310569528E-02,0.,0.9986877479));
#648 = ADVANCED_FACE('',(#649),#654,.F.);
#649 = FACE_BOUND('',#650,.F.);
#650 = EDGE_LOOP('',(#651,#652,#653));
#651 = ORIENTED_EDGE('',*,*,#424,.T.);
#652 = ORIENTED_EDGE('',*,*,#416,.T.);
#653 = ORIENTED_EDGE('',*,*,#383,.T.);
#654 = PLANE('',#655);
#655 = AXIS2_PLACEMENT_3D('',#656,#657,#658);
#656 = CARTESIAN_POINT('',(167.2616829064,155.,47.429154987624));
#657 = DIRECTION('',(-0.330945798057,0.,-0.943649764875));
#658 = DIRECTION('',(-0.943649764875,0.,0.330945798057));
#659 = ADVANCED_FACE('',(#660),#670,.T.);
#660 = FACE_BOUND('',#661,.T.);
#661 = EDGE_LOOP('',(#662,#663,#664));
#662 = ORIENTED_EDGE('',*,*,#432,.T.);
#663 = ORIENTED_EDGE('',*,*,#397,.T.);
#664 = ORIENTED_EDGE('',*,*,#665,.T.);
#665 = EDGE_CURVE('',#400,#433,#666,.T.);
#666 = LINE('',#667,#668);
#667 = CARTESIAN_POINT('',(165.60361195404,155.,42.701376984324));
#668 = VECTOR('',#669,1.);
#669 = DIRECTION('',(0.,-1.,0.));
#670 = PLANE('',#671);
#671 = AXIS2_PLACEMENT_3D('',#672,#673,#674);
#672 = CARTESIAN_POINT('',(165.60361195404,155.,42.701376984324));
#673 = DIRECTION('',(-0.330945798057,0.,-0.943649764875));
#674 = DIRECTION('',(-0.943649764875,0.,0.330945798057));
#675 = ADVANCED_FACE('',(#676),#729,.T.);
#676 = FACE_BOUND('',#677,.T.);
#677 = EDGE_LOOP('',(#678,#689,#697,#704,#705,#712,#713,#722));
#678 = ORIENTED_EDGE('',*,*,#679,.F.);
#679 = EDGE_CURVE('',#680,#682,#684,.T.);
#680 = VERTEX_POINT('',#681);
#681 = CARTESIAN_POINT('',(162.14392680853,155.,38.121894172312));
#682 = VERTEX_POINT('',#683);
#683 = CARTESIAN_POINT('',(164.91755063462,157.8,37.738474204949));
#684 = CIRCLE('',#685,2.8);
#685 = AXIS2_PLACEMENT_3D('',#686,#687,#688);
#686 = CARTESIAN_POINT('',(164.91755063462,155.,37.738474204949));
#687 = DIRECTION('',(-0.13693570263,0.,-0.990579937888));
#688 = DIRECTION('',(-0.990579937888,0.,0.13693570263));
#689 = ORIENTED_EDGE('',*,*,#690,.F.);
#690 = EDGE_CURVE('',#691,#680,#693,.T.);
#691 = VERTEX_POINT('',#692);
#692 = CARTESIAN_POINT('',(162.82998812795,155.,43.084796951688));
#693 = LINE('',#694,#695);
#694 = CARTESIAN_POINT('',(162.82998812795,155.,43.084796951688));
#695 = VECTOR('',#696,1.);
#696 = DIRECTION('',(-0.13693570263,-0.,-0.990579937888));
#697 = ORIENTED_EDGE('',*,*,#698,.T.);
#698 = EDGE_CURVE('',#691,#400,#699,.T.);
#699 = CIRCLE('',#700,2.8);
#700 = AXIS2_PLACEMENT_3D('',#701,#702,#703);
#701 = CARTESIAN_POINT('',(165.60361195404,155.,42.701376984324));
#702 = DIRECTION('',(-0.13693570263,0.,-0.990579937888));
#703 = DIRECTION('',(-0.990579937888,0.,0.13693570263));
#704 = ORIENTED_EDGE('',*,*,#441,.T.);
#705 = ORIENTED_EDGE('',*,*,#706,.T.);
#706 = EDGE_CURVE('',#433,#691,#707,.T.);
#707 = CIRCLE('',#708,2.8);
#708 = AXIS2_PLACEMENT_3D('',#709,#710,#711);
#709 = CARTESIAN_POINT('',(165.60361195404,155.,42.701376984324));
#710 = DIRECTION('',(-0.13693570263,0.,-0.990579937888));
#711 = DIRECTION('',(-0.990579937888,0.,0.13693570263));
#712 = ORIENTED_EDGE('',*,*,#690,.T.);
#713 = ORIENTED_EDGE('',*,*,#714,.F.);
#714 = EDGE_CURVE('',#715,#680,#717,.T.);
#715 = VERTEX_POINT('',#716);
#716 = CARTESIAN_POINT('',(164.91755063462,152.2,37.738474204949));
#717 = CIRCLE('',#718,2.8);
#718 = AXIS2_PLACEMENT_3D('',#719,#720,#721);
#719 = CARTESIAN_POINT('',(164.91755063462,155.,37.738474204949));
#720 = DIRECTION('',(-0.13693570263,0.,-0.990579937888));
#721 = DIRECTION('',(-0.990579937888,0.,0.13693570263));
#722 = ORIENTED_EDGE('',*,*,#723,.F.);
#723 = EDGE_CURVE('',#682,#715,#724,.T.);
#724 = ELLIPSE('',#725,2.814049871705,2.8);
#725 = AXIS2_PLACEMENT_3D('',#726,#727,#728);
#726 = CARTESIAN_POINT('',(164.91755063462,155.,37.738474204949));
#727 = DIRECTION('',(-3.738941055572E-02,0.,-0.999300771529));
#728 = DIRECTION('',(-0.999300771529,0.,3.738941055572E-02));
#729 = CYLINDRICAL_SURFACE('',#730,2.8);
#730 = AXIS2_PLACEMENT_3D('',#731,#732,#733);
#731 = CARTESIAN_POINT('',(165.60361195404,155.,42.701376984324));
#732 = DIRECTION('',(-0.13693570263,0.,-0.990579937888));
#733 = DIRECTION('',(-0.990579937888,0.,0.13693570263));
#734 = ADVANCED_FACE('',(#735),#744,.T.);
#735 = FACE_BOUND('',#736,.T.);
#736 = EDGE_LOOP('',(#737,#743));
#737 = ORIENTED_EDGE('',*,*,#738,.F.);
#738 = EDGE_CURVE('',#457,#459,#739,.T.);
#739 = LINE('',#740,#741);
#740 = CARTESIAN_POINT('',(149.80648722953,155.,156.3572537698));
#741 = VECTOR('',#742,1.);
#742 = DIRECTION('',(0.,-1.,0.));
#743 = ORIENTED_EDGE('',*,*,#456,.T.);
#744 = PLANE('',#745);
#745 = AXIS2_PLACEMENT_3D('',#746,#747,#748);
#746 = CARTESIAN_POINT('',(149.80648722953,155.,156.3572537698));
#747 = DIRECTION('',(-0.225767357348,0.,0.974181246153));
#748 = DIRECTION('',(0.974181246153,0.,0.225767357348));
#749 = ADVANCED_FACE('',(#750),#795,.T.);
#750 = FACE_BOUND('',#751,.T.);
#751 = EDGE_LOOP('',(#752,#753,#761,#770,#779,#786,#787,#788));
#752 = ORIENTED_EDGE('',*,*,#487,.T.);
#753 = ORIENTED_EDGE('',*,*,#754,.T.);
#754 = EDGE_CURVE('',#468,#755,#757,.T.);
#755 = VERTEX_POINT('',#756);
#756 = CARTESIAN_POINT('',(155.24732134834,155.,158.18438491537));
#757 = LINE('',#758,#759);
#758 = CARTESIAN_POINT('',(151.87951061265,155.,154.47508107501));
#759 = VECTOR('',#760,1.);
#760 = DIRECTION('',(0.672204533854,0.,0.740365493973));
#761 = ORIENTED_EDGE('',*,*,#762,.F.);
#762 = EDGE_CURVE('',#763,#755,#765,.T.);
#763 = VERTEX_POINT('',#764);
#764 = CARTESIAN_POINT('',(153.17429796521,152.2,160.06655761016));
#765 = CIRCLE('',#766,2.8);
#766 = AXIS2_PLACEMENT_3D('',#767,#768,#769);
#767 = CARTESIAN_POINT('',(153.17429796521,155.,160.06655761016));
#768 = DIRECTION('',(0.672204533854,-0.,0.740365493973));
#769 = DIRECTION('',(0.740365493973,0.,-0.672204533854));
#770 = ORIENTED_EDGE('',*,*,#771,.F.);
#771 = EDGE_CURVE('',#772,#763,#774,.T.);
#772 = VERTEX_POINT('',#773);
#773 = CARTESIAN_POINT('',(153.17429796521,157.8,160.06655761016));
#774 = ELLIPSE('',#775,2.814049871705,2.8);
#775 = AXIS2_PLACEMENT_3D('',#776,#777,#778);
#776 = CARTESIAN_POINT('',(153.17429796521,155.,160.06655761016));
#777 = DIRECTION('',(0.594957864137,-0.,0.803756891045));
#778 = DIRECTION('',(0.803756891045,0.,-0.594957864137));
#779 = ORIENTED_EDGE('',*,*,#780,.F.);
#780 = EDGE_CURVE('',#755,#772,#781,.T.);
#781 = CIRCLE('',#782,2.8);
#782 = AXIS2_PLACEMENT_3D('',#783,#784,#785);
#783 = CARTESIAN_POINT('',(153.17429796521,155.,160.06655761016));
#784 = DIRECTION('',(0.672204533854,-0.,0.740365493973));
#785 = DIRECTION('',(0.740365493973,0.,-0.672204533854));
#786 = ORIENTED_EDGE('',*,*,#754,.F.);
#787 = ORIENTED_EDGE('',*,*,#467,.T.);
#788 = ORIENTED_EDGE('',*,*,#789,.T.);
#789 = EDGE_CURVE('',#457,#459,#790,.T.);
#790 = CIRCLE('',#791,2.8);
#791 = AXIS2_PLACEMENT_3D('',#792,#793,#794);
#792 = CARTESIAN_POINT('',(149.80648722953,155.,156.3572537698));
#793 = DIRECTION('',(0.672204533854,-0.,0.740365493973));
#794 = DIRECTION('',(0.740365493973,0.,-0.672204533854));
#795 = CYLINDRICAL_SURFACE('',#796,2.8);
#796 = AXIS2_PLACEMENT_3D('',#797,#798,#799);
#797 = CARTESIAN_POINT('',(149.80648722953,155.,156.3572537698));
#798 = DIRECTION('',(0.672204533854,0.,0.740365493973));
#799 = DIRECTION('',(0.740365493973,0.,-0.672204533854));
#800 = ADVANCED_FACE('',(#801),#846,.T.);
#801 = FACE_BOUND('',#802,.T.);
#802 = EDGE_LOOP('',(#803,#814,#820,#821,#828,#829,#830,#839));
#803 = ORIENTED_EDGE('',*,*,#804,.T.);
#804 = EDGE_CURVE('',#805,#807,#809,.T.);
#805 = VERTEX_POINT('',#806);
#806 = CARTESIAN_POINT('',(198.63368086841,157.8,60.368401614502));
#807 = VERTEX_POINT('',#808);
#808 = CARTESIAN_POINT('',(197.66572833693,155.,57.726064660734));
#809 = ELLIPSE('',#810,2.814049871705,2.8);
#810 = AXIS2_PLACEMENT_3D('',#811,#812,#813);
#811 = CARTESIAN_POINT('',(198.63368086841,155.,60.368401614502));
#812 = DIRECTION('',(-0.938980144004,0.,0.343971349339));
#813 = DIRECTION('',(0.343971349339,0.,0.938980144004));
#814 = ORIENTED_EDGE('',*,*,#815,.T.);
#815 = EDGE_CURVE('',#807,#505,#816,.T.);
#816 = LINE('',#817,#818);
#817 = CARTESIAN_POINT('',(197.93776556508,155.,57.656261889008));
#818 = VECTOR('',#819,1.);
#819 = DIRECTION('',(-0.968621330533,0.,0.248541179758));
#820 = ORIENTED_EDGE('',*,*,#502,.F.);
#821 = ORIENTED_EDGE('',*,*,#822,.F.);
#822 = EDGE_CURVE('',#539,#503,#823,.T.);
#823 = CIRCLE('',#824,2.8);
#824 = AXIS2_PLACEMENT_3D('',#825,#826,#827);
#825 = CARTESIAN_POINT('',(193.78079286855,155.,61.61361733575));
#826 = DIRECTION('',(-0.968621330533,0.,0.248541179758));
#827 = DIRECTION('',(-0.248541179758,0.,-0.968621330533));
#828 = ORIENTED_EDGE('',*,*,#538,.F.);
#829 = ORIENTED_EDGE('',*,*,#815,.F.);
#830 = ORIENTED_EDGE('',*,*,#831,.T.);
#831 = EDGE_CURVE('',#807,#832,#834,.T.);
#832 = VERTEX_POINT('',#833);
#833 = CARTESIAN_POINT('',(198.63368086841,152.2,60.368401614502));
#834 = ELLIPSE('',#835,2.814049871705,2.8);
#835 = AXIS2_PLACEMENT_3D('',#836,#837,#838);
#836 = CARTESIAN_POINT('',(198.63368086841,155.,60.368401614502));
#837 = DIRECTION('',(-0.938980144004,0.,0.343971349339));
#838 = DIRECTION('',(0.343971349339,0.,0.938980144004));
#839 = ORIENTED_EDGE('',*,*,#840,.T.);
#840 = EDGE_CURVE('',#832,#805,#841,.T.);
#841 = CIRCLE('',#842,2.8);
#842 = AXIS2_PLACEMENT_3D('',#843,#844,#845);
#843 = CARTESIAN_POINT('',(198.63368086841,155.,60.368401614502));
#844 = DIRECTION('',(-0.968621330533,0.,0.248541179758));
#845 = DIRECTION('',(-0.248541179758,0.,-0.968621330533));
#846 = CYLINDRICAL_SURFACE('',#847,2.8);
#847 = AXIS2_PLACEMENT_3D('',#848,#849,#850);
#848 = CARTESIAN_POINT('',(198.63368086841,155.,60.368401614502));
#849 = DIRECTION('',(-0.968621330533,0.,0.248541179758));
#850 = DIRECTION('',(-0.248541179758,0.,-0.968621330533));
#851 = ADVANCED_FACE('',(#852),#861,.F.);
#852 = FACE_BOUND('',#853,.F.);
#853 = EDGE_LOOP('',(#854,#860));
#854 = ORIENTED_EDGE('',*,*,#855,.T.);
#855 = EDGE_CURVE('',#503,#539,#856,.T.);
#856 = LINE('',#857,#858);
#857 = CARTESIAN_POINT('',(193.78079286855,155.,61.61361733575));
#858 = VECTOR('',#859,1.);
#859 = DIRECTION('',(0.,-1.,0.));
#860 = ORIENTED_EDGE('',*,*,#547,.T.);
#861 = PLANE('',#862);
#862 = AXIS2_PLACEMENT_3D('',#863,#864,#865);
#863 = CARTESIAN_POINT('',(193.78079286855,155.,61.61361733575));
#864 = DIRECTION('',(-0.9986877479,0.,5.121310569527E-02));
#865 = DIRECTION('',(-5.121310569527E-02,0.,-0.9986877479));
#866 = ADVANCED_FACE('',(#867),#872,.T.);
#867 = FACE_BOUND('',#868,.T.);
#868 = EDGE_LOOP('',(#869,#870,#871));
#869 = ORIENTED_EDGE('',*,*,#521,.T.);
#870 = ORIENTED_EDGE('',*,*,#530,.T.);
#871 = ORIENTED_EDGE('',*,*,#562,.T.);
#872 = PLANE('',#873);
#873 = AXIS2_PLACEMENT_3D('',#874,#875,#876);
#874 = CARTESIAN_POINT('',(188.7772691647,155.,61.870200025218));
#875 = DIRECTION('',(-0.9986877479,0.,5.121310569527E-02));
#876 = DIRECTION('',(-5.121310569527E-02,0.,-0.9986877479));
#877 = ADVANCED_FACE('',(#878),#883,.T.);
#878 = FACE_BOUND('',#879,.T.);
#879 = EDGE_LOOP('',(#880,#881,#882));
#880 = ORIENTED_EDGE('',*,*,#612,.T.);
#881 = ORIENTED_EDGE('',*,*,#620,.T.);
#882 = ORIENTED_EDGE('',*,*,#579,.F.);
#883 = PLANE('',#884);
#884 = AXIS2_PLACEMENT_3D('',#885,#886,#887);
#885 = CARTESIAN_POINT('',(134.22273083529,155.,149.92979997478));
#886 = DIRECTION('',(0.9986877479,0.,-5.121310569528E-02));
#887 = DIRECTION('',(5.121310569528E-02,0.,0.9986877479));
#888 = ADVANCED_FACE('',(#889),#934,.T.);
#889 = FACE_BOUND('',#890,.T.);
#890 = EDGE_LOOP('',(#891,#902,#908,#909,#916,#917,#918,#927));
#891 = ORIENTED_EDGE('',*,*,#892,.T.);
#892 = EDGE_CURVE('',#893,#895,#897,.T.);
#893 = VERTEX_POINT('',#894);
#894 = CARTESIAN_POINT('',(124.36631913159,157.8,151.43159838549));
#895 = VERTEX_POINT('',#896);
#896 = CARTESIAN_POINT('',(125.33427166306,155.,154.07393533926));
#897 = ELLIPSE('',#898,2.814049871705,2.8);
#898 = AXIS2_PLACEMENT_3D('',#899,#900,#901);
#899 = CARTESIAN_POINT('',(124.36631913159,155.,151.43159838549));
#900 = DIRECTION('',(0.938980144004,0.,-0.343971349339));
#901 = DIRECTION('',(-0.343971349339,0.,-0.938980144004));
#902 = ORIENTED_EDGE('',*,*,#903,.T.);
#903 = EDGE_CURVE('',#895,#596,#904,.T.);
#904 = LINE('',#905,#906);
#905 = CARTESIAN_POINT('',(125.06223443491,155.,154.14373811099));
#906 = VECTOR('',#907,1.);
#907 = DIRECTION('',(0.968621330533,0.,-0.248541179758));
#908 = ORIENTED_EDGE('',*,*,#593,.F.);
#909 = ORIENTED_EDGE('',*,*,#910,.F.);
#910 = EDGE_CURVE('',#629,#594,#911,.T.);
#911 = CIRCLE('',#912,2.8);
#912 = AXIS2_PLACEMENT_3D('',#913,#914,#915);
#913 = CARTESIAN_POINT('',(129.21920713144,155.,150.18638266425));
#914 = DIRECTION('',(0.968621330533,0.,-0.248541179758));
#915 = DIRECTION('',(0.248541179758,0.,0.968621330533));
#916 = ORIENTED_EDGE('',*,*,#628,.F.);
#917 = ORIENTED_EDGE('',*,*,#903,.F.);
#918 = ORIENTED_EDGE('',*,*,#919,.T.);
#919 = EDGE_CURVE('',#895,#920,#922,.T.);
#920 = VERTEX_POINT('',#921);
#921 = CARTESIAN_POINT('',(124.36631913159,152.2,151.43159838549));
#922 = ELLIPSE('',#923,2.814049871705,2.8);
#923 = AXIS2_PLACEMENT_3D('',#924,#925,#926);
#924 = CARTESIAN_POINT('',(124.36631913159,155.,151.43159838549));
#925 = DIRECTION('',(0.938980144004,0.,-0.343971349339));
#926 = DIRECTION('',(-0.343971349339,0.,-0.938980144004));
#927 = ORIENTED_EDGE('',*,*,#928,.T.);
#928 = EDGE_CURVE('',#920,#893,#929,.T.);
#929 = CIRCLE('',#930,2.8);
#930 = AXIS2_PLACEMENT_3D('',#931,#932,#933);
#931 = CARTESIAN_POINT('',(124.36631913159,155.,151.43159838549));
#932 = DIRECTION('',(0.968621330533,0.,-0.248541179758));
#933 = DIRECTION('',(0.248541179758,0.,0.968621330533));
#934 = CYLINDRICAL_SURFACE('',#935,2.8);
#935 = AXIS2_PLACEMENT_3D('',#936,#937,#938);
#936 = CARTESIAN_POINT('',(124.36631913159,155.,151.43159838549));
#937 = DIRECTION('',(0.968621330533,0.,-0.248541179758));
#938 = DIRECTION('',(0.248541179758,0.,0.968621330533));
#939 = ADVANCED_FACE('',(#940),#949,.F.);
#940 = FACE_BOUND('',#941,.F.);
#941 = EDGE_LOOP('',(#942,#948));
#942 = ORIENTED_EDGE('',*,*,#943,.T.);
#943 = EDGE_CURVE('',#594,#629,#944,.T.);
#944 = LINE('',#945,#946);
#945 = CARTESIAN_POINT('',(129.21920713144,155.,150.18638266425));
#946 = VECTOR('',#947,1.);
#947 = DIRECTION('',(0.,-1.,0.));
#948 = ORIENTED_EDGE('',*,*,#637,.T.);
#949 = PLANE('',#950);
#950 = AXIS2_PLACEMENT_3D('',#951,#952,#953);
#951 = CARTESIAN_POINT('',(129.21920713144,155.,150.18638266425));
#952 = DIRECTION('',(0.9986877479,0.,-5.121310569528E-02));
#953 = DIRECTION('',(5.121310569528E-02,0.,0.9986877479));
#954 = ADVANCED_FACE('',(#955),#960,.F.);
#955 = FACE_BOUND('',#956,.F.);
#956 = EDGE_LOOP('',(#957,#958,#959));
#957 = ORIENTED_EDGE('',*,*,#706,.T.);
#958 = ORIENTED_EDGE('',*,*,#698,.T.);
#959 = ORIENTED_EDGE('',*,*,#665,.T.);
#960 = PLANE('',#961);
#961 = AXIS2_PLACEMENT_3D('',#962,#963,#964);
#962 = CARTESIAN_POINT('',(165.60361195404,155.,42.701376984324));
#963 = DIRECTION('',(-0.13693570263,0.,-0.990579937888));
#964 = DIRECTION('',(-0.990579937888,0.,0.13693570263));
#965 = ADVANCED_FACE('',(#966),#976,.T.);
#966 = FACE_BOUND('',#967,.T.);
#967 = EDGE_LOOP('',(#968,#969,#970));
#968 = ORIENTED_EDGE('',*,*,#714,.T.);
#969 = ORIENTED_EDGE('',*,*,#679,.T.);
#970 = ORIENTED_EDGE('',*,*,#971,.T.);
#971 = EDGE_CURVE('',#682,#715,#972,.T.);
#972 = LINE('',#973,#974);
#973 = CARTESIAN_POINT('',(164.91755063462,155.,37.738474204949));
#974 = VECTOR('',#975,1.);
#975 = DIRECTION('',(0.,-1.,0.));
#976 = PLANE('',#977);
#977 = AXIS2_PLACEMENT_3D('',#978,#979,#980);
#978 = CARTESIAN_POINT('',(164.91755063462,155.,37.738474204949));
#979 = DIRECTION('',(-0.13693570263,0.,-0.990579937888));
#980 = DIRECTION('',(-0.990579937888,0.,0.13693570263));
#981 = ADVANCED_FACE('',(#982),#1035,.T.);
#982 = FACE_BOUND('',#983,.T.);
#983 = EDGE_LOOP('',(#984,#995,#1003,#1010,#1011,#1018,#1019,#1028));
#984 = ORIENTED_EDGE('',*,*,#985,.F.);
#985 = EDGE_CURVE('',#986,#988,#990,.T.);
#986 = VERTEX_POINT('',#987);
#987 = CARTESIAN_POINT('',(162.43631265267,155.,32.563095744537));
#988 = VERTEX_POINT('',#989);
#989 = CARTESIAN_POINT('',(165.23083324902,157.8,32.738180400076));
#990 = CIRCLE('',#991,2.8);
#991 = AXIS2_PLACEMENT_3D('',#992,#993,#994);
#992 = CARTESIAN_POINT('',(165.23083324902,155.,32.738180400075));
#993 = DIRECTION('',(6.253023412082E-02,0.,-0.998043070123));
#994 = DIRECTION('',(-0.998043070123,0.,-6.253023412082E-02));
#995 = ORIENTED_EDGE('',*,*,#996,.F.);
#996 = EDGE_CURVE('',#997,#986,#999,.T.);
#997 = VERTEX_POINT('',#998);
#998 = CARTESIAN_POINT('',(162.12303003827,155.,37.56338954941));
#999 = LINE('',#1000,#1001);
#1000 = CARTESIAN_POINT('',(162.12303003827,155.,37.56338954941));
#1001 = VECTOR('',#1002,1.);
#1002 = DIRECTION('',(6.253023412082E-02,0.,-0.998043070123));
#1003 = ORIENTED_EDGE('',*,*,#1004,.T.);
#1004 = EDGE_CURVE('',#997,#682,#1005,.T.);
#1005 = CIRCLE('',#1006,2.8);
#1006 = AXIS2_PLACEMENT_3D('',#1007,#1008,#1009);
#1007 = CARTESIAN_POINT('',(164.91755063462,155.,37.738474204949));
#1008 = DIRECTION('',(6.253023412082E-02,0.,-0.998043070123));
#1009 = DIRECTION('',(-0.998043070123,0.,-6.253023412082E-02));
#1010 = ORIENTED_EDGE('',*,*,#723,.T.);
#1011 = ORIENTED_EDGE('',*,*,#1012,.T.);
#1012 = EDGE_CURVE('',#715,#997,#1013,.T.);
#1013 = CIRCLE('',#1014,2.8);
#1014 = AXIS2_PLACEMENT_3D('',#1015,#1016,#1017);
#1015 = CARTESIAN_POINT('',(164.91755063462,155.,37.738474204949));
#1016 = DIRECTION('',(6.253023412082E-02,0.,-0.998043070123));
#1017 = DIRECTION('',(-0.998043070123,0.,-6.253023412082E-02));
#1018 = ORIENTED_EDGE('',*,*,#996,.T.);
#1019 = ORIENTED_EDGE('',*,*,#1020,.F.);
#1020 = EDGE_CURVE('',#1021,#986,#1023,.T.);
#1021 = VERTEX_POINT('',#1022);
#1022 = CARTESIAN_POINT('',(165.23083324902,152.2,32.738180400076));
#1023 = CIRCLE('',#1024,2.8);
#1024 = AXIS2_PLACEMENT_3D('',#1025,#1026,#1027);
#1025 = CARTESIAN_POINT('',(165.23083324902,155.,32.738180400075));
#1026 = DIRECTION('',(6.253023412082E-02,0.,-0.998043070123));
#1027 = DIRECTION('',(-0.998043070123,0.,-6.253023412082E-02));
#1028 = ORIENTED_EDGE('',*,*,#1029,.F.);
#1029 = EDGE_CURVE('',#988,#1021,#1030,.T.);
#1030 = ELLIPSE('',#1031,2.814049871705,2.8);
#1031 = AXIS2_PLACEMENT_3D('',#1032,#1033,#1034);
#1032 = CARTESIAN_POINT('',(165.23083324902,155.,32.738180400075));
#1033 = DIRECTION('',(0.161825482069,0.,-0.986819392469));
#1034 = DIRECTION('',(-0.986819392469,0.,-0.161825482069));
#1035 = CYLINDRICAL_SURFACE('',#1036,2.8);
#1036 = AXIS2_PLACEMENT_3D('',#1037,#1038,#1039);
#1037 = CARTESIAN_POINT('',(164.91755063462,155.,37.738474204949));
#1038 = DIRECTION('',(6.253023412082E-02,0.,-0.998043070123));
#1039 = DIRECTION('',(-0.998043070123,0.,-6.253023412082E-02));
#1040 = ADVANCED_FACE('',(#1041),#1045,.F.);
#1041 = FACE_BOUND('',#1042,.F.);
#1042 = EDGE_LOOP('',(#1043,#1044));
#1043 = ORIENTED_EDGE('',*,*,#738,.F.);
#1044 = ORIENTED_EDGE('',*,*,#789,.T.);
#1045 = PLANE('',#1046);
#1046 = AXIS2_PLACEMENT_3D('',#1047,#1048,#1049);
#1047 = CARTESIAN_POINT('',(149.80648722953,155.,156.3572537698));
#1048 = DIRECTION('',(0.672204533854,0.,0.740365493973));
#1049 = DIRECTION('',(0.740365493973,0.,-0.672204533854));
#1050 = ADVANCED_FACE('',(#1051),#1061,.T.);
#1051 = FACE_BOUND('',#1052,.T.);
#1052 = EDGE_LOOP('',(#1053,#1054,#1055));
#1053 = ORIENTED_EDGE('',*,*,#762,.T.);
#1054 = ORIENTED_EDGE('',*,*,#780,.T.);
#1055 = ORIENTED_EDGE('',*,*,#1056,.T.);
#1056 = EDGE_CURVE('',#772,#763,#1057,.T.);
#1057 = LINE('',#1058,#1059);
#1058 = CARTESIAN_POINT('',(153.17429796521,155.,160.06655761016));
#1059 = VECTOR('',#1060,1.);
#1060 = DIRECTION('',(0.,-1.,0.));
#1061 = PLANE('',#1062);
#1062 = AXIS2_PLACEMENT_3D('',#1063,#1064,#1065);
#1063 = CARTESIAN_POINT('',(153.17429796521,155.,160.06655761016));
#1064 = DIRECTION('',(0.672204533854,0.,0.740365493973));
#1065 = DIRECTION('',(0.740365493973,0.,-0.672204533854));
#1066 = ADVANCED_FACE('',(#1067),#1120,.T.);
#1067 = FACE_BOUND('',#1068,.T.);
#1068 = EDGE_LOOP('',(#1069,#1080,#1088,#1095,#1096,#1103,#1104,#1113));
#1069 = ORIENTED_EDGE('',*,*,#1070,.F.);
#1070 = EDGE_CURVE('',#1071,#1073,#1075,.T.);
#1071 = VERTEX_POINT('',#1072);
#1072 = CARTESIAN_POINT('',(158.14385970118,155.,162.93788836156));
#1073 = VERTEX_POINT('',#1074);
#1074 = CARTESIAN_POINT('',(155.73831709359,157.8,164.37084501237));
#1075 = CIRCLE('',#1076,2.8);
#1076 = AXIS2_PLACEMENT_3D('',#1077,#1078,#1079);
#1077 = CARTESIAN_POINT('',(155.73831709359,155.,164.37084501237));
#1078 = DIRECTION('',(0.511770232431,-0.,0.859122359852));
#1079 = DIRECTION('',(0.859122359852,0.,-0.511770232431));
#1080 = ORIENTED_EDGE('',*,*,#1081,.F.);
#1081 = EDGE_CURVE('',#1082,#1071,#1084,.T.);
#1082 = VERTEX_POINT('',#1083);
#1083 = CARTESIAN_POINT('',(155.5798405728,155.,158.63360095935));
#1084 = LINE('',#1085,#1086);
#1085 = CARTESIAN_POINT('',(155.5798405728,155.,158.63360095935));
#1086 = VECTOR('',#1087,1.);
#1087 = DIRECTION('',(0.511770232431,0.,0.859122359852));
#1088 = ORIENTED_EDGE('',*,*,#1089,.T.);
#1089 = EDGE_CURVE('',#1082,#772,#1090,.T.);
#1090 = CIRCLE('',#1091,2.8);
#1091 = AXIS2_PLACEMENT_3D('',#1092,#1093,#1094);
#1092 = CARTESIAN_POINT('',(153.17429796521,155.,160.06655761016));
#1093 = DIRECTION('',(0.511770232431,-0.,0.859122359852));
#1094 = DIRECTION('',(0.859122359852,0.,-0.511770232431));
#1095 = ORIENTED_EDGE('',*,*,#771,.T.);
#1096 = ORIENTED_EDGE('',*,*,#1097,.T.);
#1097 = EDGE_CURVE('',#763,#1082,#1098,.T.);
#1098 = CIRCLE('',#1099,2.8);
#1099 = AXIS2_PLACEMENT_3D('',#1100,#1101,#1102);
#1100 = CARTESIAN_POINT('',(153.17429796521,155.,160.06655761016));
#1101 = DIRECTION('',(0.511770232431,-0.,0.859122359852));
#1102 = DIRECTION('',(0.859122359852,0.,-0.511770232431));
#1103 = ORIENTED_EDGE('',*,*,#1081,.T.);
#1104 = ORIENTED_EDGE('',*,*,#1105,.F.);
#1105 = EDGE_CURVE('',#1106,#1071,#1108,.T.);
#1106 = VERTEX_POINT('',#1107);
#1107 = CARTESIAN_POINT('',(155.73831709359,152.2,164.37084501237));
#1108 = CIRCLE('',#1109,2.8);
#1109 = AXIS2_PLACEMENT_3D('',#1110,#1111,#1112);
#1110 = CARTESIAN_POINT('',(155.73831709359,155.,164.37084501237));
#1111 = DIRECTION('',(0.511770232431,-0.,0.859122359852));
#1112 = DIRECTION('',(0.859122359852,0.,-0.511770232431));
#1113 = ORIENTED_EDGE('',*,*,#1114,.F.);
#1114 = EDGE_CURVE('',#1073,#1106,#1115,.T.);
#1115 = ELLIPSE('',#1116,2.814049871705,2.8);
#1116 = AXIS2_PLACEMENT_3D('',#1117,#1118,#1119);
#1117 = CARTESIAN_POINT('',(155.73831709359,155.,164.37084501237));
#1118 = DIRECTION('',(0.423472310264,-0.,0.905909047554));
#1119 = DIRECTION('',(0.905909047554,0.,-0.423472310264));
#1120 = CYLINDRICAL_SURFACE('',#1121,2.8);
#1121 = AXIS2_PLACEMENT_3D('',#1122,#1123,#1124);
#1122 = CARTESIAN_POINT('',(153.17429796521,155.,160.06655761016));
#1123 = DIRECTION('',(0.511770232431,0.,0.859122359852));
#1124 = DIRECTION('',(0.859122359852,0.,-0.511770232431));
#1125 = ADVANCED_FACE('',(#1126),#1171,.T.);
#1126 = FACE_BOUND('',#1127,.T.);
#1127 = EDGE_LOOP('',(#1128,#1139,#1145,#1146,#1153,#1154,#1155,#1164));
#1128 = ORIENTED_EDGE('',*,*,#1129,.T.);
#1129 = EDGE_CURVE('',#1130,#1132,#1134,.T.);
#1130 = VERTEX_POINT('',#1131);
#1131 = CARTESIAN_POINT('',(203.14258266194,157.8,58.184165192357));
#1132 = VERTEX_POINT('',#1133);
#1133 = CARTESIAN_POINT('',(201.66912118569,155.,55.786710717614));
#1134 = ELLIPSE('',#1135,2.814049871705,2.8);
#1135 = AXIS2_PLACEMENT_3D('',#1136,#1137,#1138);
#1136 = CARTESIAN_POINT('',(203.14258266194,155.,58.184165192357));
#1137 = DIRECTION('',(-0.851958772604,0.,0.523608870994));
#1138 = DIRECTION('',(0.523608870994,0.,0.851958772604));
#1139 = ORIENTED_EDGE('',*,*,#1140,.T.);
#1140 = EDGE_CURVE('',#1132,#807,#1141,.T.);
#1141 = LINE('',#1142,#1143);
#1142 = CARTESIAN_POINT('',(201.92187565808,155.,55.664269478101));
#1143 = VECTOR('',#1144,1.);
#1144 = DIRECTION('',(-0.899962755091,0.,0.435966787093));
#1145 = ORIENTED_EDGE('',*,*,#804,.F.);
#1146 = ORIENTED_EDGE('',*,*,#1147,.F.);
#1147 = EDGE_CURVE('',#832,#805,#1148,.T.);
#1148 = CIRCLE('',#1149,2.8);
#1149 = AXIS2_PLACEMENT_3D('',#1150,#1151,#1152);
#1150 = CARTESIAN_POINT('',(198.63368086841,155.,60.368401614502));
#1151 = DIRECTION('',(-0.899962755091,0.,0.435966787093));
#1152 = DIRECTION('',(-0.435966787093,0.,-0.899962755091));
#1153 = ORIENTED_EDGE('',*,*,#831,.F.);
#1154 = ORIENTED_EDGE('',*,*,#1140,.F.);
#1155 = ORIENTED_EDGE('',*,*,#1156,.T.);
#1156 = EDGE_CURVE('',#1132,#1157,#1159,.T.);
#1157 = VERTEX_POINT('',#1158);
#1158 = CARTESIAN_POINT('',(203.14258266194,152.2,58.184165192357));
#1159 = ELLIPSE('',#1160,2.814049871705,2.8);
#1160 = AXIS2_PLACEMENT_3D('',#1161,#1162,#1163);
#1161 = CARTESIAN_POINT('',(203.14258266194,155.,58.184165192357));
#1162 = DIRECTION('',(-0.851958772604,0.,0.523608870994));
#1163 = DIRECTION('',(0.523608870994,0.,0.851958772604));
#1164 = ORIENTED_EDGE('',*,*,#1165,.T.);
#1165 = EDGE_CURVE('',#1157,#1130,#1166,.T.);
#1166 = CIRCLE('',#1167,2.8);
#1167 = AXIS2_PLACEMENT_3D('',#1168,#1169,#1170);
#1168 = CARTESIAN_POINT('',(203.14258266194,155.,58.184165192357));
#1169 = DIRECTION('',(-0.899962755091,0.,0.435966787093));
#1170 = DIRECTION('',(-0.435966787093,0.,-0.899962755091));
#1171 = CYLINDRICAL_SURFACE('',#1172,2.8);
#1172 = AXIS2_PLACEMENT_3D('',#1173,#1174,#1175);
#1173 = CARTESIAN_POINT('',(203.14258266194,155.,58.184165192357));
#1174 = DIRECTION('',(-0.899962755091,0.,0.435966787093));
#1175 = DIRECTION('',(-0.435966787093,0.,-0.899962755091));
#1176 = ADVANCED_FACE('',(#1177),#1186,.F.);
#1177 = FACE_BOUND('',#1178,.F.);
#1178 = EDGE_LOOP('',(#1179,#1185));
#1179 = ORIENTED_EDGE('',*,*,#1180,.T.);
#1180 = EDGE_CURVE('',#805,#832,#1181,.T.);
#1181 = LINE('',#1182,#1183);
#1182 = CARTESIAN_POINT('',(198.63368086841,155.,60.368401614502));
#1183 = VECTOR('',#1184,1.);
#1184 = DIRECTION('',(0.,-1.,0.));
#1185 = ORIENTED_EDGE('',*,*,#840,.T.);
#1186 = PLANE('',#1187);
#1187 = AXIS2_PLACEMENT_3D('',#1188,#1189,#1190);
#1188 = CARTESIAN_POINT('',(198.63368086841,155.,60.368401614502));
#1189 = DIRECTION('',(-0.968621330533,0.,0.248541179758));
#1190 = DIRECTION('',(-0.248541179758,0.,-0.968621330533));
#1191 = ADVANCED_FACE('',(#1192),#1196,.T.);
#1192 = FACE_BOUND('',#1193,.T.);
#1193 = EDGE_LOOP('',(#1194,#1195));
#1194 = ORIENTED_EDGE('',*,*,#855,.T.);
#1195 = ORIENTED_EDGE('',*,*,#822,.T.);
#1196 = PLANE('',#1197);
#1197 = AXIS2_PLACEMENT_3D('',#1198,#1199,#1200);
#1198 = CARTESIAN_POINT('',(193.78079286855,155.,61.61361733575));
#1199 = DIRECTION('',(-0.968621330533,0.,0.248541179758));
#1200 = DIRECTION('',(-0.248541179758,0.,-0.968621330533));
#1201 = ADVANCED_FACE('',(#1202),#1247,.T.);
#1202 = FACE_BOUND('',#1203,.T.);
#1203 = EDGE_LOOP('',(#1204,#1215,#1221,#1222,#1229,#1230,#1231,#1240));
#1204 = ORIENTED_EDGE('',*,*,#1205,.T.);
#1205 = EDGE_CURVE('',#1206,#1208,#1210,.T.);
#1206 = VERTEX_POINT('',#1207);
#1207 = CARTESIAN_POINT('',(119.85741733805,157.8,153.61583480764));
#1208 = VERTEX_POINT('',#1209);
#1209 = CARTESIAN_POINT('',(121.3308788143,155.,156.01328928238));
#1210 = ELLIPSE('',#1211,2.814049871705,2.8);
#1211 = AXIS2_PLACEMENT_3D('',#1212,#1213,#1214);
#1212 = CARTESIAN_POINT('',(119.85741733805,155.,153.61583480764));
#1213 = DIRECTION('',(0.851958772604,0.,-0.523608870994));
#1214 = DIRECTION('',(-0.523608870994,0.,-0.851958772604));
#1215 = ORIENTED_EDGE('',*,*,#1216,.T.);
#1216 = EDGE_CURVE('',#1208,#895,#1217,.T.);
#1217 = LINE('',#1218,#1219);
#1218 = CARTESIAN_POINT('',(121.07812434191,155.,156.13573052189));
#1219 = VECTOR('',#1220,1.);
#1220 = DIRECTION('',(0.899962755091,0.,-0.435966787093));
#1221 = ORIENTED_EDGE('',*,*,#892,.F.);
#1222 = ORIENTED_EDGE('',*,*,#1223,.F.);
#1223 = EDGE_CURVE('',#920,#893,#1224,.T.);
#1224 = CIRCLE('',#1225,2.8);
#1225 = AXIS2_PLACEMENT_3D('',#1226,#1227,#1228);
#1226 = CARTESIAN_POINT('',(124.36631913159,155.,151.43159838549));
#1227 = DIRECTION('',(0.899962755091,0.,-0.435966787093));
#1228 = DIRECTION('',(0.435966787093,0.,0.899962755091));
#1229 = ORIENTED_EDGE('',*,*,#919,.F.);
#1230 = ORIENTED_EDGE('',*,*,#1216,.F.);
#1231 = ORIENTED_EDGE('',*,*,#1232,.T.);
#1232 = EDGE_CURVE('',#1208,#1233,#1235,.T.);
#1233 = VERTEX_POINT('',#1234);
#1234 = CARTESIAN_POINT('',(119.85741733805,152.2,153.61583480764));
#1235 = ELLIPSE('',#1236,2.814049871705,2.8);
#1236 = AXIS2_PLACEMENT_3D('',#1237,#1238,#1239);
#1237 = CARTESIAN_POINT('',(119.85741733805,155.,153.61583480764));
#1238 = DIRECTION('',(0.851958772604,0.,-0.523608870994));
#1239 = DIRECTION('',(-0.523608870994,0.,-0.851958772604));
#1240 = ORIENTED_EDGE('',*,*,#1241,.T.);
#1241 = EDGE_CURVE('',#1233,#1206,#1242,.T.);
#1242 = CIRCLE('',#1243,2.8);
#1243 = AXIS2_PLACEMENT_3D('',#1244,#1245,#1246);
#1244 = CARTESIAN_POINT('',(119.85741733805,155.,153.61583480764));
#1245 = DIRECTION('',(0.899962755091,0.,-0.435966787093));
#1246 = DIRECTION('',(0.435966787093,0.,0.899962755091));
#1247 = CYLINDRICAL_SURFACE('',#1248,2.8);
#1248 = AXIS2_PLACEMENT_3D('',#1249,#1250,#1251);
#1249 = CARTESIAN_POINT('',(119.85741733805,155.,153.61583480764));
#1250 = DIRECTION('',(0.899962755091,0.,-0.435966787093));
#1251 = DIRECTION('',(0.435966787093,0.,0.899962755091));
#1252 = ADVANCED_FACE('',(#1253),#1262,.F.);
#1253 = FACE_BOUND('',#1254,.F.);
#1254 = EDGE_LOOP('',(#1255,#1261));
#1255 = ORIENTED_EDGE('',*,*,#1256,.T.);
#1256 = EDGE_CURVE('',#893,#920,#1257,.T.);
#1257 = LINE('',#1258,#1259);
#1258 = CARTESIAN_POINT('',(124.36631913159,155.,151.43159838549));
#1259 = VECTOR('',#1260,1.);
#1260 = DIRECTION('',(0.,-1.,0.));
#1261 = ORIENTED_EDGE('',*,*,#928,.T.);
#1262 = PLANE('',#1263);
#1263 = AXIS2_PLACEMENT_3D('',#1264,#1265,#1266);
#1264 = CARTESIAN_POINT('',(124.36631913159,155.,151.43159838549));
#1265 = DIRECTION('',(0.968621330533,0.,-0.248541179758));
#1266 = DIRECTION('',(0.248541179758,0.,0.968621330533));
#1267 = ADVANCED_FACE('',(#1268),#1272,.T.);
#1268 = FACE_BOUND('',#1269,.T.);
#1269 = EDGE_LOOP('',(#1270,#1271));
#1270 = ORIENTED_EDGE('',*,*,#943,.T.);
#1271 = ORIENTED_EDGE('',*,*,#910,.T.);
#1272 = PLANE('',#1273);
#1273 = AXIS2_PLACEMENT_3D('',#1274,#1275,#1276);
#1274 = CARTESIAN_POINT('',(129.21920713144,155.,150.18638266425));
#1275 = DIRECTION('',(0.968621330533,0.,-0.248541179758));
#1276 = DIRECTION('',(0.248541179758,0.,0.968621330533));
#1277 = ADVANCED_FACE('',(#1278),#1283,.F.);
#1278 = FACE_BOUND('',#1279,.F.);
#1279 = EDGE_LOOP('',(#1280,#1281,#1282));
#1280 = ORIENTED_EDGE('',*,*,#1012,.T.);
#1281 = ORIENTED_EDGE('',*,*,#1004,.T.);
#1282 = ORIENTED_EDGE('',*,*,#971,.T.);
#1283 = PLANE('',#1284);
#1284 = AXIS2_PLACEMENT_3D('',#1285,#1286,#1287);
#1285 = CARTESIAN_POINT('',(164.91755063462,155.,37.738474204949));
#1286 = DIRECTION('',(6.253023412082E-02,0.,-0.998043070123));
#1287 = DIRECTION('',(-0.998043070123,0.,-6.253023412082E-02));
#1288 = ADVANCED_FACE('',(#1289),#1299,.T.);
#1289 = FACE_BOUND('',#1290,.T.);
#1290 = EDGE_LOOP('',(#1291,#1292,#1293));
#1291 = ORIENTED_EDGE('',*,*,#1020,.T.);
#1292 = ORIENTED_EDGE('',*,*,#985,.T.);
#1293 = ORIENTED_EDGE('',*,*,#1294,.T.);
#1294 = EDGE_CURVE('',#988,#1021,#1295,.T.);
#1295 = LINE('',#1296,#1297);
#1296 = CARTESIAN_POINT('',(165.23083324902,155.,32.738180400075));
#1297 = VECTOR('',#1298,1.);
#1298 = DIRECTION('',(0.,-1.,0.));
#1299 = PLANE('',#1300);
#1300 = AXIS2_PLACEMENT_3D('',#1301,#1302,#1303);
#1301 = CARTESIAN_POINT('',(165.23083324902,155.,32.738180400075));
#1302 = DIRECTION('',(6.253023412082E-02,0.,-0.998043070123));
#1303 = DIRECTION('',(-0.998043070123,0.,-6.253023412082E-02));
#1304 = ADVANCED_FACE('',(#1305),#1358,.T.);
#1305 = FACE_BOUND('',#1306,.T.);
#1306 = EDGE_LOOP('',(#1307,#1318,#1326,#1333,#1334,#1341,#1342,#1351));
#1307 = ORIENTED_EDGE('',*,*,#1308,.F.);
#1308 = EDGE_CURVE('',#1309,#1311,#1313,.T.);
#1309 = VERTEX_POINT('',#1310);
#1310 = CARTESIAN_POINT('',(163.82690080325,155.,27.17310557405));
#1311 = VERTEX_POINT('',#1312);
#1312 = CARTESIAN_POINT('',(166.53097787908,157.8,27.899719066917));
#1313 = CIRCLE('',#1314,2.8);
#1314 = AXIS2_PLACEMENT_3D('',#1315,#1316,#1317);
#1315 = CARTESIAN_POINT('',(166.53097787908,155.,27.899719066917));
#1316 = DIRECTION('',(0.259504818881,0.,-0.965741812793));
#1317 = DIRECTION('',(-0.965741812793,0.,-0.259504818881));
#1318 = ORIENTED_EDGE('',*,*,#1319,.F.);
#1319 = EDGE_CURVE('',#1320,#1309,#1322,.T.);
#1320 = VERTEX_POINT('',#1321);
#1321 = CARTESIAN_POINT('',(162.5267561732,155.,32.011566907208));
#1322 = LINE('',#1323,#1324);
#1323 = CARTESIAN_POINT('',(162.5267561732,155.,32.011566907208));
#1324 = VECTOR('',#1325,1.);
#1325 = DIRECTION('',(0.259504818881,0.,-0.965741812793));
#1326 = ORIENTED_EDGE('',*,*,#1327,.T.);
#1327 = EDGE_CURVE('',#1320,#988,#1328,.T.);
#1328 = CIRCLE('',#1329,2.8);
#1329 = AXIS2_PLACEMENT_3D('',#1330,#1331,#1332);
#1330 = CARTESIAN_POINT('',(165.23083324902,155.,32.738180400075));
#1331 = DIRECTION('',(0.259504818881,0.,-0.965741812793));
#1332 = DIRECTION('',(-0.965741812793,0.,-0.259504818881));
#1333 = ORIENTED_EDGE('',*,*,#1029,.T.);
#1334 = ORIENTED_EDGE('',*,*,#1335,.T.);
#1335 = EDGE_CURVE('',#1021,#1320,#1336,.T.);
#1336 = CIRCLE('',#1337,2.8);
#1337 = AXIS2_PLACEMENT_3D('',#1338,#1339,#1340);
#1338 = CARTESIAN_POINT('',(165.23083324902,155.,32.738180400075));
#1339 = DIRECTION('',(0.259504818881,0.,-0.965741812793));
#1340 = DIRECTION('',(-0.965741812793,0.,-0.259504818881));
#1341 = ORIENTED_EDGE('',*,*,#1319,.T.);
#1342 = ORIENTED_EDGE('',*,*,#1343,.F.);
#1343 = EDGE_CURVE('',#1344,#1309,#1346,.T.);
#1344 = VERTEX_POINT('',#1345);
#1345 = CARTESIAN_POINT('',(166.53097787908,152.2,27.899719066917));
#1346 = CIRCLE('',#1347,2.8);
#1347 = AXIS2_PLACEMENT_3D('',#1348,#1349,#1350);
#1348 = CARTESIAN_POINT('',(166.53097787908,155.,27.899719066917));
#1349 = DIRECTION('',(0.259504818881,0.,-0.965741812793));
#1350 = DIRECTION('',(-0.965741812793,0.,-0.259504818881));
#1351 = ORIENTED_EDGE('',*,*,#1352,.F.);
#1352 = EDGE_CURVE('',#1311,#1344,#1353,.T.);
#1353 = ELLIPSE('',#1354,2.814049871705,2.8);
#1354 = AXIS2_PLACEMENT_3D('',#1355,#1356,#1357);
#1355 = CARTESIAN_POINT('',(166.53097787908,155.,27.899719066917));
#1356 = DIRECTION('',(0.35459286586,0.,-0.93502080163));
#1357 = DIRECTION('',(-0.93502080163,0.,-0.35459286586));
#1358 = CYLINDRICAL_SURFACE('',#1359,2.8);
#1359 = AXIS2_PLACEMENT_3D('',#1360,#1361,#1362);
#1360 = CARTESIAN_POINT('',(165.23083324902,155.,32.738180400075));
#1361 = DIRECTION('',(0.259504818881,0.,-0.965741812793));
#1362 = DIRECTION('',(-0.965741812793,0.,-0.259504818881));
#1363 = ADVANCED_FACE('',(#1364),#1369,.F.);
#1364 = FACE_BOUND('',#1365,.F.);
#1365 = EDGE_LOOP('',(#1366,#1367,#1368));
#1366 = ORIENTED_EDGE('',*,*,#1097,.T.);
#1367 = ORIENTED_EDGE('',*,*,#1089,.T.);
#1368 = ORIENTED_EDGE('',*,*,#1056,.T.);
#1369 = PLANE('',#1370);
#1370 = AXIS2_PLACEMENT_3D('',#1371,#1372,#1373);
#1371 = CARTESIAN_POINT('',(153.17429796521,155.,160.06655761016));
#1372 = DIRECTION('',(0.511770232431,0.,0.859122359852));
#1373 = DIRECTION('',(0.859122359852,0.,-0.511770232431));
#1374 = ADVANCED_FACE('',(#1375),#1385,.T.);
#1375 = FACE_BOUND('',#1376,.T.);
#1376 = EDGE_LOOP('',(#1377,#1378,#1379));
#1377 = ORIENTED_EDGE('',*,*,#1105,.T.);
#1378 = ORIENTED_EDGE('',*,*,#1070,.T.);
#1379 = ORIENTED_EDGE('',*,*,#1380,.T.);
#1380 = EDGE_CURVE('',#1073,#1106,#1381,.T.);
#1381 = LINE('',#1382,#1383);
#1382 = CARTESIAN_POINT('',(155.73831709359,155.,164.37084501237));
#1383 = VECTOR('',#1384,1.);
#1384 = DIRECTION('',(0.,-1.,0.));
#1385 = PLANE('',#1386);
#1386 = AXIS2_PLACEMENT_3D('',#1387,#1388,#1389);
#1387 = CARTESIAN_POINT('',(155.73831709359,155.,164.37084501237));
#1388 = DIRECTION('',(0.511770232431,0.,0.859122359852));
#1389 = DIRECTION('',(0.859122359852,0.,-0.511770232431));
#1390 = ADVANCED_FACE('',(#1391),#1444,.T.);
#1391 = FACE_BOUND('',#1392,.T.);
#1392 = EDGE_LOOP('',(#1393,#1404,#1412,#1419,#1420,#1427,#1428,#1437));
#1393 = ORIENTED_EDGE('',*,*,#1394,.F.);
#1394 = EDGE_CURVE('',#1395,#1397,#1399,.T.);
#1395 = VERTEX_POINT('',#1396);
#1396 = CARTESIAN_POINT('',(160.0386073876,155.,168.17197478111));
#1397 = VERTEX_POINT('',#1398);
#1398 = CARTESIAN_POINT('',(157.39638804595,157.8,169.09862301567));
#1399 = CIRCLE('',#1400,2.8);
#1400 = AXIS2_PLACEMENT_3D('',#1401,#1402,#1403);
#1401 = CARTESIAN_POINT('',(157.39638804595,155.,169.09862301567));
#1402 = DIRECTION('',(0.330945798057,-0.,0.943649764875));
#1403 = DIRECTION('',(0.943649764875,0.,-0.330945798057));
#1404 = ORIENTED_EDGE('',*,*,#1405,.F.);
#1405 = EDGE_CURVE('',#1406,#1395,#1408,.T.);
#1406 = VERTEX_POINT('',#1407);
#1407 = CARTESIAN_POINT('',(158.38053643524,155.,163.44419677781));
#1408 = LINE('',#1409,#1410);
#1409 = CARTESIAN_POINT('',(158.38053643524,155.,163.44419677781));
#1410 = VECTOR('',#1411,1.);
#1411 = DIRECTION('',(0.330945798057,0.,0.943649764875));
#1412 = ORIENTED_EDGE('',*,*,#1413,.T.);
#1413 = EDGE_CURVE('',#1406,#1073,#1414,.T.);
#1414 = CIRCLE('',#1415,2.8);
#1415 = AXIS2_PLACEMENT_3D('',#1416,#1417,#1418);
#1416 = CARTESIAN_POINT('',(155.73831709359,155.,164.37084501237));
#1417 = DIRECTION('',(0.330945798057,-0.,0.943649764875));
#1418 = DIRECTION('',(0.943649764875,0.,-0.330945798057));
#1419 = ORIENTED_EDGE('',*,*,#1114,.T.);
#1420 = ORIENTED_EDGE('',*,*,#1421,.T.);
#1421 = EDGE_CURVE('',#1106,#1406,#1422,.T.);
#1422 = CIRCLE('',#1423,2.8);
#1423 = AXIS2_PLACEMENT_3D('',#1424,#1425,#1426);
#1424 = CARTESIAN_POINT('',(155.73831709359,155.,164.37084501237));
#1425 = DIRECTION('',(0.330945798057,-0.,0.943649764875));
#1426 = DIRECTION('',(0.943649764875,0.,-0.330945798057));
#1427 = ORIENTED_EDGE('',*,*,#1405,.T.);
#1428 = ORIENTED_EDGE('',*,*,#1429,.F.);
#1429 = EDGE_CURVE('',#1430,#1395,#1432,.T.);
#1430 = VERTEX_POINT('',#1431);
#1431 = CARTESIAN_POINT('',(157.39638804595,152.2,169.09862301567));
#1432 = CIRCLE('',#1433,2.8);
#1433 = AXIS2_PLACEMENT_3D('',#1434,#1435,#1436);
#1434 = CARTESIAN_POINT('',(157.39638804595,155.,169.09862301567));
#1435 = DIRECTION('',(0.330945798057,-0.,0.943649764875));
#1436 = DIRECTION('',(0.943649764875,0.,-0.330945798057));
#1437 = ORIENTED_EDGE('',*,*,#1438,.F.);
#1438 = EDGE_CURVE('',#1397,#1430,#1439,.T.);
#1439 = ELLIPSE('',#1440,2.814049871705,2.8);
#1440 = AXIS2_PLACEMENT_3D('',#1441,#1442,#1443);
#1441 = CARTESIAN_POINT('',(157.39638804595,155.,169.09862301567));
#1442 = DIRECTION('',(0.235114620889,-0.,0.971967651233));
#1443 = DIRECTION('',(0.971967651233,0.,-0.235114620889));
#1444 = CYLINDRICAL_SURFACE('',#1445,2.8);
#1445 = AXIS2_PLACEMENT_3D('',#1446,#1447,#1448);
#1446 = CARTESIAN_POINT('',(155.73831709359,155.,164.37084501237));
#1447 = DIRECTION('',(0.330945798057,0.,0.943649764875));
#1448 = DIRECTION('',(0.943649764875,0.,-0.330945798057));
#1449 = ADVANCED_FACE('',(#1450),#1495,.T.);
#1450 = FACE_BOUND('',#1451,.T.);
#1451 = EDGE_LOOP('',(#1452,#1463,#1469,#1470,#1477,#1478,#1479,#1488));
#1452 = ORIENTED_EDGE('',*,*,#1453,.T.);
#1453 = EDGE_CURVE('',#1454,#1456,#1458,.T.);
#1454 = VERTEX_POINT('',#1455);
#1455 = CARTESIAN_POINT('',(207.1278529685,157.8,55.147933199387));
#1456 = VERTEX_POINT('',#1457);
#1457 = CARTESIAN_POINT('',(205.20758872754,155.,53.090881443767));
#1458 = ELLIPSE('',#1459,2.814049871705,2.8);
#1459 = AXIS2_PLACEMENT_3D('',#1460,#1461,#1462);
#1460 = CARTESIAN_POINT('',(207.1278529685,155.,55.147933199387));
#1461 = DIRECTION('',(-0.730993354557,0.,0.682384580419));
#1462 = DIRECTION('',(0.682384580419,0.,0.730993354557));
#1463 = ORIENTED_EDGE('',*,*,#1464,.T.);
#1464 = EDGE_CURVE('',#1456,#1132,#1465,.T.);
#1465 = LINE('',#1466,#1467);
#1466 = CARTESIAN_POINT('',(205.43099010989,155.,52.920680084211));
#1467 = VECTOR('',#1468,1.);
#1468 = DIRECTION('',(-0.795447541134,0.,0.606022449504));
#1469 = ORIENTED_EDGE('',*,*,#1129,.F.);
#1470 = ORIENTED_EDGE('',*,*,#1471,.F.);
#1471 = EDGE_CURVE('',#1157,#1130,#1472,.T.);
#1472 = CIRCLE('',#1473,2.8);
#1473 = AXIS2_PLACEMENT_3D('',#1474,#1475,#1476);
#1474 = CARTESIAN_POINT('',(203.14258266194,155.,58.184165192357));
#1475 = DIRECTION('',(-0.795447541134,0.,0.606022449504));
#1476 = DIRECTION('',(-0.606022449504,0.,-0.795447541134));
#1477 = ORIENTED_EDGE('',*,*,#1156,.F.);
#1478 = ORIENTED_EDGE('',*,*,#1464,.F.);
#1479 = ORIENTED_EDGE('',*,*,#1480,.T.);
#1480 = EDGE_CURVE('',#1456,#1481,#1483,.T.);
#1481 = VERTEX_POINT('',#1482);
#1482 = CARTESIAN_POINT('',(207.1278529685,152.2,55.147933199387));
#1483 = ELLIPSE('',#1484,2.814049871705,2.8);
#1484 = AXIS2_PLACEMENT_3D('',#1485,#1486,#1487);
#1485 = CARTESIAN_POINT('',(207.1278529685,155.,55.147933199387));
#1486 = DIRECTION('',(-0.730993354557,0.,0.682384580419));
#1487 = DIRECTION('',(0.682384580419,0.,0.730993354557));
#1488 = ORIENTED_EDGE('',*,*,#1489,.T.);
#1489 = EDGE_CURVE('',#1481,#1454,#1490,.T.);
#1490 = CIRCLE('',#1491,2.8);
#1491 = AXIS2_PLACEMENT_3D('',#1492,#1493,#1494);
#1492 = CARTESIAN_POINT('',(207.1278529685,155.,55.147933199387));
#1493 = DIRECTION('',(-0.795447541134,0.,0.606022449504));
#1494 = DIRECTION('',(-0.606022449504,0.,-0.795447541134));
#1495 = CYLINDRICAL_SURFACE('',#1496,2.8);
#1496 = AXIS2_PLACEMENT_3D('',#1497,#1498,#1499);
#1497 = CARTESIAN_POINT('',(207.1278529685,155.,55.147933199387));
#1498 = DIRECTION('',(-0.795447541134,0.,0.606022449504));
#1499 = DIRECTION('',(-0.606022449504,0.,-0.795447541134));
#1500 = ADVANCED_FACE('',(#1501),#1510,.F.);
#1501 = FACE_BOUND('',#1502,.F.);
#1502 = EDGE_LOOP('',(#1503,#1509));
#1503 = ORIENTED_EDGE('',*,*,#1504,.T.);
#1504 = EDGE_CURVE('',#1130,#1157,#1505,.T.);
#1505 = LINE('',#1506,#1507);
#1506 = CARTESIAN_POINT('',(203.14258266194,155.,58.184165192357));
#1507 = VECTOR('',#1508,1.);
#1508 = DIRECTION('',(0.,-1.,0.));
#1509 = ORIENTED_EDGE('',*,*,#1165,.T.);
#1510 = PLANE('',#1511);
#1511 = AXIS2_PLACEMENT_3D('',#1512,#1513,#1514);
#1512 = CARTESIAN_POINT('',(203.14258266194,155.,58.184165192357));
#1513 = DIRECTION('',(-0.899962755091,0.,0.435966787093));
#1514 = DIRECTION('',(-0.435966787093,0.,-0.899962755091));
#1515 = ADVANCED_FACE('',(#1516),#1520,.T.);
#1516 = FACE_BOUND('',#1517,.T.);
#1517 = EDGE_LOOP('',(#1518,#1519));
#1518 = ORIENTED_EDGE('',*,*,#1180,.T.);
#1519 = ORIENTED_EDGE('',*,*,#1147,.T.);
#1520 = PLANE('',#1521);
#1521 = AXIS2_PLACEMENT_3D('',#1522,#1523,#1524);
#1522 = CARTESIAN_POINT('',(198.63368086841,155.,60.368401614502));
#1523 = DIRECTION('',(-0.899962755091,0.,0.435966787093));
#1524 = DIRECTION('',(-0.435966787093,0.,-0.899962755091));
#1525 = ADVANCED_FACE('',(#1526),#1571,.T.);
#1526 = FACE_BOUND('',#1527,.T.);
#1527 = EDGE_LOOP('',(#1528,#1539,#1545,#1546,#1553,#1554,#1555,#1564));
#1528 = ORIENTED_EDGE('',*,*,#1529,.T.);
#1529 = EDGE_CURVE('',#1530,#1532,#1534,.T.);
#1530 = VERTEX_POINT('',#1531);
#1531 = CARTESIAN_POINT('',(115.87214703149,157.8,156.65206680061));
#1532 = VERTEX_POINT('',#1533);
#1533 = CARTESIAN_POINT('',(117.79241127246,155.,158.70911855622));
#1534 = ELLIPSE('',#1535,2.814049871705,2.8);
#1535 = AXIS2_PLACEMENT_3D('',#1536,#1537,#1538);
#1536 = CARTESIAN_POINT('',(115.87214703149,155.,156.65206680061));
#1537 = DIRECTION('',(0.730993354557,0.,-0.682384580419));
#1538 = DIRECTION('',(-0.682384580419,0.,-0.730993354557));
#1539 = ORIENTED_EDGE('',*,*,#1540,.T.);
#1540 = EDGE_CURVE('',#1532,#1208,#1541,.T.);
#1541 = LINE('',#1542,#1543);
#1542 = CARTESIAN_POINT('',(117.5690098901,155.,158.87931991578));
#1543 = VECTOR('',#1544,1.);
#1544 = DIRECTION('',(0.795447541134,0.,-0.606022449504));
#1545 = ORIENTED_EDGE('',*,*,#1205,.F.);
#1546 = ORIENTED_EDGE('',*,*,#1547,.F.);
#1547 = EDGE_CURVE('',#1233,#1206,#1548,.T.);
#1548 = CIRCLE('',#1549,2.8);
#1549 = AXIS2_PLACEMENT_3D('',#1550,#1551,#1552);
#1550 = CARTESIAN_POINT('',(119.85741733805,155.,153.61583480764));
#1551 = DIRECTION('',(0.795447541134,0.,-0.606022449504));
#1552 = DIRECTION('',(0.606022449504,0.,0.795447541134));
#1553 = ORIENTED_EDGE('',*,*,#1232,.F.);
#1554 = ORIENTED_EDGE('',*,*,#1540,.F.);
#1555 = ORIENTED_EDGE('',*,*,#1556,.T.);
#1556 = EDGE_CURVE('',#1532,#1557,#1559,.T.);
#1557 = VERTEX_POINT('',#1558);
#1558 = CARTESIAN_POINT('',(115.87214703149,152.2,156.65206680061));
#1559 = ELLIPSE('',#1560,2.814049871705,2.8);
#1560 = AXIS2_PLACEMENT_3D('',#1561,#1562,#1563);
#1561 = CARTESIAN_POINT('',(115.87214703149,155.,156.65206680061));
#1562 = DIRECTION('',(0.730993354557,0.,-0.682384580419));
#1563 = DIRECTION('',(-0.682384580419,0.,-0.730993354557));
#1564 = ORIENTED_EDGE('',*,*,#1565,.T.);
#1565 = EDGE_CURVE('',#1557,#1530,#1566,.T.);
#1566 = CIRCLE('',#1567,2.8);
#1567 = AXIS2_PLACEMENT_3D('',#1568,#1569,#1570);
#1568 = CARTESIAN_POINT('',(115.87214703149,155.,156.65206680061));
#1569 = DIRECTION('',(0.795447541134,0.,-0.606022449504));
#1570 = DIRECTION('',(0.606022449504,0.,0.795447541134));
#1571 = CYLINDRICAL_SURFACE('',#1572,2.8);
#1572 = AXIS2_PLACEMENT_3D('',#1573,#1574,#1575);
#1573 = CARTESIAN_POINT('',(115.87214703149,155.,156.65206680061));
#1574 = DIRECTION('',(0.795447541134,0.,-0.606022449504));
#1575 = DIRECTION('',(0.606022449504,0.,0.795447541134));
#1576 = ADVANCED_FACE('',(#1577),#1586,.F.);
#1577 = FACE_BOUND('',#1578,.F.);
#1578 = EDGE_LOOP('',(#1579,#1585));
#1579 = ORIENTED_EDGE('',*,*,#1580,.T.);
#1580 = EDGE_CURVE('',#1206,#1233,#1581,.T.);
#1581 = LINE('',#1582,#1583);
#1582 = CARTESIAN_POINT('',(119.85741733805,155.,153.61583480764));
#1583 = VECTOR('',#1584,1.);
#1584 = DIRECTION('',(0.,-1.,0.));
#1585 = ORIENTED_EDGE('',*,*,#1241,.T.);
#1586 = PLANE('',#1587);
#1587 = AXIS2_PLACEMENT_3D('',#1588,#1589,#1590);
#1588 = CARTESIAN_POINT('',(119.85741733805,155.,153.61583480764));
#1589 = DIRECTION('',(0.899962755091,0.,-0.435966787093));
#1590 = DIRECTION('',(0.435966787093,0.,0.899962755091));
#1591 = ADVANCED_FACE('',(#1592),#1596,.T.);
#1592 = FACE_BOUND('',#1593,.T.);
#1593 = EDGE_LOOP('',(#1594,#1595));
#1594 = ORIENTED_EDGE('',*,*,#1256,.T.);
#1595 = ORIENTED_EDGE('',*,*,#1223,.T.);
#1596 = PLANE('',#1597);
#1597 = AXIS2_PLACEMENT_3D('',#1598,#1599,#1600);
#1598 = CARTESIAN_POINT('',(124.36631913159,155.,151.43159838549));
#1599 = DIRECTION('',(0.899962755091,0.,-0.435966787093));
#1600 = DIRECTION('',(0.435966787093,0.,0.899962755091));
#1601 = ADVANCED_FACE('',(#1602),#1607,.F.);
#1602 = FACE_BOUND('',#1603,.F.);
#1603 = EDGE_LOOP('',(#1604,#1605,#1606));
#1604 = ORIENTED_EDGE('',*,*,#1335,.T.);
#1605 = ORIENTED_EDGE('',*,*,#1327,.T.);
#1606 = ORIENTED_EDGE('',*,*,#1294,.T.);
#1607 = PLANE('',#1608);
#1608 = AXIS2_PLACEMENT_3D('',#1609,#1610,#1611);
#1609 = CARTESIAN_POINT('',(165.23083324902,155.,32.738180400075));
#1610 = DIRECTION('',(0.259504818881,0.,-0.965741812793));
#1611 = DIRECTION('',(-0.965741812793,0.,-0.259504818881));
#1612 = ADVANCED_FACE('',(#1613),#1623,.T.);
#1613 = FACE_BOUND('',#1614,.T.);
#1614 = EDGE_LOOP('',(#1615,#1616,#1617));
#1615 = ORIENTED_EDGE('',*,*,#1343,.T.);
#1616 = ORIENTED_EDGE('',*,*,#1308,.T.);
#1617 = ORIENTED_EDGE('',*,*,#1618,.T.);
#1618 = EDGE_CURVE('',#1311,#1344,#1619,.T.);
#1619 = LINE('',#1620,#1621);
#1620 = CARTESIAN_POINT('',(166.53097787908,155.,27.899719066917));
#1621 = VECTOR('',#1622,1.);
#1622 = DIRECTION('',(0.,-1.,0.));
#1623 = PLANE('',#1624);
#1624 = AXIS2_PLACEMENT_3D('',#1625,#1626,#1627);
#1625 = CARTESIAN_POINT('',(166.53097787908,155.,27.899719066917));
#1626 = DIRECTION('',(0.259504818881,0.,-0.965741812793));
#1627 = DIRECTION('',(-0.965741812793,0.,-0.259504818881));
#1628 = ADVANCED_FACE('',(#1629),#1682,.T.);
#1629 = FACE_BOUND('',#1630,.T.);
#1630 = EDGE_LOOP('',(#1631,#1642,#1650,#1657,#1658,#1665,#1666,#1675));
#1631 = ORIENTED_EDGE('',*,*,#1632,.F.);
#1632 = EDGE_CURVE('',#1633,#1635,#1637,.T.);
#1633 = VERTEX_POINT('',#1634);
#1634 = CARTESIAN_POINT('',(166.26028694898,155.,22.166673580275));
#1635 = VERTEX_POINT('',#1636);
#1636 = CARTESIAN_POINT('',(168.76618369664,157.8,23.415865915367));
#1637 = CIRCLE('',#1638,2.8);
#1638 = AXIS2_PLACEMENT_3D('',#1639,#1640,#1641);
#1639 = CARTESIAN_POINT('',(168.76618369664,155.,23.415865915367));
#1640 = DIRECTION('',(0.446140119676,0.,-0.894963124165));
#1641 = DIRECTION('',(-0.894963124165,0.,-0.446140119676));
#1642 = ORIENTED_EDGE('',*,*,#1643,.F.);
#1643 = EDGE_CURVE('',#1644,#1633,#1646,.T.);
#1644 = VERTEX_POINT('',#1645);
#1645 = CARTESIAN_POINT('',(164.02508113141,155.,26.650526731825));
#1646 = LINE('',#1647,#1648);
#1647 = CARTESIAN_POINT('',(164.02508113141,155.,26.650526731825));
#1648 = VECTOR('',#1649,1.);
#1649 = DIRECTION('',(0.446140119676,0.,-0.894963124165));
#1650 = ORIENTED_EDGE('',*,*,#1651,.T.);
#1651 = EDGE_CURVE('',#1644,#1311,#1652,.T.);
#1652 = CIRCLE('',#1653,2.8);
#1653 = AXIS2_PLACEMENT_3D('',#1654,#1655,#1656);
#1654 = CARTESIAN_POINT('',(166.53097787908,155.,27.899719066917));
#1655 = DIRECTION('',(0.446140119676,0.,-0.894963124165));
#1656 = DIRECTION('',(-0.894963124165,0.,-0.446140119676));
#1657 = ORIENTED_EDGE('',*,*,#1352,.T.);
#1658 = ORIENTED_EDGE('',*,*,#1659,.T.);
#1659 = EDGE_CURVE('',#1344,#1644,#1660,.T.);
#1660 = CIRCLE('',#1661,2.8);
#1661 = AXIS2_PLACEMENT_3D('',#1662,#1663,#1664);
#1662 = CARTESIAN_POINT('',(166.53097787908,155.,27.899719066917));
#1663 = DIRECTION('',(0.446140119676,0.,-0.894963124165));
#1664 = DIRECTION('',(-0.894963124165,0.,-0.446140119676));
#1665 = ORIENTED_EDGE('',*,*,#1643,.T.);
#1666 = ORIENTED_EDGE('',*,*,#1667,.F.);
#1667 = EDGE_CURVE('',#1668,#1633,#1670,.T.);
#1668 = VERTEX_POINT('',#1669);
#1669 = CARTESIAN_POINT('',(168.76618369664,152.2,23.415865915367));
#1670 = CIRCLE('',#1671,2.8);
#1671 = AXIS2_PLACEMENT_3D('',#1672,#1673,#1674);
#1672 = CARTESIAN_POINT('',(168.76618369664,155.,23.415865915367));
#1673 = DIRECTION('',(0.446140119676,0.,-0.894963124165));
#1674 = DIRECTION('',(-0.894963124165,0.,-0.446140119676));
#1675 = ORIENTED_EDGE('',*,*,#1676,.F.);
#1676 = EDGE_CURVE('',#1635,#1668,#1677,.T.);
#1677 = ELLIPSE('',#1678,2.814049871705,2.8);
#1678 = AXIS2_PLACEMENT_3D('',#1679,#1680,#1681);
#1679 = CARTESIAN_POINT('',(168.76618369664,155.,23.415865915367));
#1680 = DIRECTION('',(0.533232433651,0.,-0.845968777026));
#1681 = DIRECTION('',(-0.845968777026,0.,-0.533232433651));
#1682 = CYLINDRICAL_SURFACE('',#1683,2.8);
#1683 = AXIS2_PLACEMENT_3D('',#1684,#1685,#1686);
#1684 = CARTESIAN_POINT('',(166.53097787908,155.,27.899719066917));
#1685 = DIRECTION('',(0.446140119676,0.,-0.894963124165));
#1686 = DIRECTION('',(-0.894963124165,0.,-0.446140119676));
#1687 = ADVANCED_FACE('',(#1688),#1693,.F.);
#1688 = FACE_BOUND('',#1689,.F.);
#1689 = EDGE_LOOP('',(#1690,#1691,#1692));
#1690 = ORIENTED_EDGE('',*,*,#1421,.T.);
#1691 = ORIENTED_EDGE('',*,*,#1413,.T.);
#1692 = ORIENTED_EDGE('',*,*,#1380,.T.);
#1693 = PLANE('',#1694);
#1694 = AXIS2_PLACEMENT_3D('',#1695,#1696,#1697);
#1695 = CARTESIAN_POINT('',(155.73831709359,155.,164.37084501237));
#1696 = DIRECTION('',(0.330945798057,0.,0.943649764875));
#1697 = DIRECTION('',(0.943649764875,0.,-0.330945798057));
#1698 = ADVANCED_FACE('',(#1699),#1709,.T.);
#1699 = FACE_BOUND('',#1700,.T.);
#1700 = EDGE_LOOP('',(#1701,#1702,#1703));
#1701 = ORIENTED_EDGE('',*,*,#1429,.T.);
#1702 = ORIENTED_EDGE('',*,*,#1394,.T.);
#1703 = ORIENTED_EDGE('',*,*,#1704,.T.);
#1704 = EDGE_CURVE('',#1397,#1430,#1705,.T.);
#1705 = LINE('',#1706,#1707);
#1706 = CARTESIAN_POINT('',(157.39638804595,155.,169.09862301567));
#1707 = VECTOR('',#1708,1.);
#1708 = DIRECTION('',(0.,-1.,0.));
#1709 = PLANE('',#1710);
#1710 = AXIS2_PLACEMENT_3D('',#1711,#1712,#1713);
#1711 = CARTESIAN_POINT('',(157.39638804595,155.,169.09862301567));
#1712 = DIRECTION('',(0.330945798057,0.,0.943649764875));
#1713 = DIRECTION('',(0.943649764875,0.,-0.330945798057));
#1714 = ADVANCED_FACE('',(#1715),#1768,.T.);
#1715 = FACE_BOUND('',#1716,.T.);
#1716 = EDGE_LOOP('',(#1717,#1728,#1736,#1743,#1744,#1751,#1752,#1761));
#1717 = ORIENTED_EDGE('',*,*,#1718,.F.);
#1718 = EDGE_CURVE('',#1719,#1721,#1723,.T.);
#1719 = VERTEX_POINT('',#1720);
#1720 = CARTESIAN_POINT('',(160.85607319146,155.,173.67810582768));
#1721 = VERTEX_POINT('',#1722);
#1722 = CARTESIAN_POINT('',(158.08244936537,157.8,174.06152579505));
#1723 = CIRCLE('',#1724,2.8);
#1724 = AXIS2_PLACEMENT_3D('',#1725,#1726,#1727);
#1725 = CARTESIAN_POINT('',(158.08244936537,155.,174.06152579505));
#1726 = DIRECTION('',(0.13693570263,-0.,0.990579937888));
#1727 = DIRECTION('',(0.990579937888,0.,-0.13693570263));
#1728 = ORIENTED_EDGE('',*,*,#1729,.F.);
#1729 = EDGE_CURVE('',#1730,#1719,#1732,.T.);
#1730 = VERTEX_POINT('',#1731);
#1731 = CARTESIAN_POINT('',(160.17001187204,155.,168.71520304831));
#1732 = LINE('',#1733,#1734);
#1733 = CARTESIAN_POINT('',(160.17001187204,155.,168.71520304831));
#1734 = VECTOR('',#1735,1.);
#1735 = DIRECTION('',(0.13693570263,0.,0.990579937888));
#1736 = ORIENTED_EDGE('',*,*,#1737,.T.);
#1737 = EDGE_CURVE('',#1730,#1397,#1738,.T.);
#1738 = CIRCLE('',#1739,2.8);
#1739 = AXIS2_PLACEMENT_3D('',#1740,#1741,#1742);
#1740 = CARTESIAN_POINT('',(157.39638804595,155.,169.09862301567));
#1741 = DIRECTION('',(0.13693570263,-0.,0.990579937888));
#1742 = DIRECTION('',(0.990579937888,0.,-0.13693570263));
#1743 = ORIENTED_EDGE('',*,*,#1438,.T.);
#1744 = ORIENTED_EDGE('',*,*,#1745,.T.);
#1745 = EDGE_CURVE('',#1430,#1730,#1746,.T.);
#1746 = CIRCLE('',#1747,2.8);
#1747 = AXIS2_PLACEMENT_3D('',#1748,#1749,#1750);
#1748 = CARTESIAN_POINT('',(157.39638804595,155.,169.09862301567));
#1749 = DIRECTION('',(0.13693570263,-0.,0.990579937888));
#1750 = DIRECTION('',(0.990579937888,0.,-0.13693570263));
#1751 = ORIENTED_EDGE('',*,*,#1729,.T.);
#1752 = ORIENTED_EDGE('',*,*,#1753,.F.);
#1753 = EDGE_CURVE('',#1754,#1719,#1756,.T.);
#1754 = VERTEX_POINT('',#1755);
#1755 = CARTESIAN_POINT('',(158.08244936537,152.2,174.06152579505));
#1756 = CIRCLE('',#1757,2.8);
#1757 = AXIS2_PLACEMENT_3D('',#1758,#1759,#1760);
#1758 = CARTESIAN_POINT('',(158.08244936537,155.,174.06152579505));
#1759 = DIRECTION('',(0.13693570263,-0.,0.990579937888));
#1760 = DIRECTION('',(0.990579937888,0.,-0.13693570263));
#1761 = ORIENTED_EDGE('',*,*,#1762,.F.);
#1762 = EDGE_CURVE('',#1721,#1754,#1763,.T.);
#1763 = ELLIPSE('',#1764,2.814049871705,2.8);
#1764 = AXIS2_PLACEMENT_3D('',#1765,#1766,#1767);
#1765 = CARTESIAN_POINT('',(158.08244936537,155.,174.06152579505));
#1766 = DIRECTION('',(3.738941055572E-02,-0.,0.999300771529));
#1767 = DIRECTION('',(0.999300771529,0.,-3.738941055572E-02));
#1768 = CYLINDRICAL_SURFACE('',#1769,2.8);
#1769 = AXIS2_PLACEMENT_3D('',#1770,#1771,#1772);
#1770 = CARTESIAN_POINT('',(157.39638804595,155.,169.09862301567));
#1771 = DIRECTION('',(0.13693570263,0.,0.990579937888));
#1772 = DIRECTION('',(0.990579937888,0.,-0.13693570263));
#1773 = ADVANCED_FACE('',(#1774),#1828,.T.);
#1774 = FACE_BOUND('',#1775,.T.);
#1775 = EDGE_LOOP('',(#1776,#1785,#1793,#1802,#1811,#1818,#1819,#1826,
    #1827));
#1776 = ORIENTED_EDGE('',*,*,#1777,.F.);
#1777 = EDGE_CURVE('',#1778,#1454,#1780,.T.);
#1778 = VERTEX_POINT('',#1779);
#1779 = CARTESIAN_POINT('',(209.23326466392,155.,56.993804698919));
#1780 = CIRCLE('',#1781,2.8);
#1781 = AXIS2_PLACEMENT_3D('',#1782,#1783,#1784);
#1782 = CARTESIAN_POINT('',(207.1278529685,155.,55.147933199387));
#1783 = DIRECTION('',(-0.659239821261,0.,0.751932748365));
#1784 = DIRECTION('',(0.751932748365,0.,0.659239821261));
#1785 = ORIENTED_EDGE('',*,*,#1786,.F.);
#1786 = EDGE_CURVE('',#1787,#1778,#1789,.T.);
#1787 = VERTEX_POINT('',#1788);
#1788 = CARTESIAN_POINT('',(212.53612091618,155.,53.226547777967));
#1789 = LINE('',#1790,#1791);
#1790 = CARTESIAN_POINT('',(212.53612091618,155.,53.226547777967));
#1791 = VECTOR('',#1792,1.);
#1792 = DIRECTION('',(-0.659239821261,0.,0.751932748365));
#1793 = ORIENTED_EDGE('',*,*,#1794,.T.);
#1794 = EDGE_CURVE('',#1787,#1795,#1797,.T.);
#1795 = VERTEX_POINT('',#1796);
#1796 = CARTESIAN_POINT('',(210.43070922076,157.8,51.380676278435));
#1797 = CIRCLE('',#1798,2.8);
#1798 = AXIS2_PLACEMENT_3D('',#1799,#1800,#1801);
#1799 = CARTESIAN_POINT('',(210.43070922076,155.,51.380676278435));
#1800 = DIRECTION('',(-0.659239821261,0.,0.751932748365));
#1801 = DIRECTION('',(0.751932748365,0.,0.659239821261));
#1802 = ORIENTED_EDGE('',*,*,#1803,.T.);
#1803 = EDGE_CURVE('',#1795,#1804,#1806,.T.);
#1804 = VERTEX_POINT('',#1805);
#1805 = CARTESIAN_POINT('',(210.43070922076,152.2,51.380676278435));
#1806 = ELLIPSE('',#1807,2.814049871705,2.8);
#1807 = AXIS2_PLACEMENT_3D('',#1808,#1809,#1810);
#1808 = CARTESIAN_POINT('',(210.43070922076,155.,51.380676278435));
#1809 = DIRECTION('',(-0.580903437388,0.,0.813972478915));
#1810 = DIRECTION('',(0.813972478915,0.,0.580903437388));
#1811 = ORIENTED_EDGE('',*,*,#1812,.T.);
#1812 = EDGE_CURVE('',#1804,#1787,#1813,.T.);
#1813 = CIRCLE('',#1814,2.8);
#1814 = AXIS2_PLACEMENT_3D('',#1815,#1816,#1817);
#1815 = CARTESIAN_POINT('',(210.43070922076,155.,51.380676278435));
#1816 = DIRECTION('',(-0.659239821261,0.,0.751932748365));
#1817 = DIRECTION('',(0.751932748365,0.,0.659239821261));
#1818 = ORIENTED_EDGE('',*,*,#1786,.T.);
#1819 = ORIENTED_EDGE('',*,*,#1820,.F.);
#1820 = EDGE_CURVE('',#1481,#1778,#1821,.T.);
#1821 = CIRCLE('',#1822,2.8);
#1822 = AXIS2_PLACEMENT_3D('',#1823,#1824,#1825);
#1823 = CARTESIAN_POINT('',(207.1278529685,155.,55.147933199387));
#1824 = DIRECTION('',(-0.659239821261,0.,0.751932748365));
#1825 = DIRECTION('',(0.751932748365,0.,0.659239821261));
#1826 = ORIENTED_EDGE('',*,*,#1480,.F.);
#1827 = ORIENTED_EDGE('',*,*,#1453,.F.);
#1828 = CYLINDRICAL_SURFACE('',#1829,2.8);
#1829 = AXIS2_PLACEMENT_3D('',#1830,#1831,#1832);
#1830 = CARTESIAN_POINT('',(210.43070922076,155.,51.380676278435));
#1831 = DIRECTION('',(-0.659239821261,0.,0.751932748365));
#1832 = DIRECTION('',(0.751932748365,0.,0.659239821261));
#1833 = ADVANCED_FACE('',(#1834),#1843,.F.);
#1834 = FACE_BOUND('',#1835,.F.);
#1835 = EDGE_LOOP('',(#1836,#1842));
#1836 = ORIENTED_EDGE('',*,*,#1837,.T.);
#1837 = EDGE_CURVE('',#1454,#1481,#1838,.T.);
#1838 = LINE('',#1839,#1840);
#1839 = CARTESIAN_POINT('',(207.1278529685,155.,55.147933199387));
#1840 = VECTOR('',#1841,1.);
#1841 = DIRECTION('',(0.,-1.,0.));
#1842 = ORIENTED_EDGE('',*,*,#1489,.T.);
#1843 = PLANE('',#1844);
#1844 = AXIS2_PLACEMENT_3D('',#1845,#1846,#1847);
#1845 = CARTESIAN_POINT('',(207.1278529685,155.,55.147933199387));
#1846 = DIRECTION('',(-0.795447541134,0.,0.606022449504));
#1847 = DIRECTION('',(-0.606022449504,0.,-0.795447541134));
#1848 = ADVANCED_FACE('',(#1849),#1853,.T.);
#1849 = FACE_BOUND('',#1850,.T.);
#1850 = EDGE_LOOP('',(#1851,#1852));
#1851 = ORIENTED_EDGE('',*,*,#1504,.T.);
#1852 = ORIENTED_EDGE('',*,*,#1471,.T.);
#1853 = PLANE('',#1854);
#1854 = AXIS2_PLACEMENT_3D('',#1855,#1856,#1857);
#1855 = CARTESIAN_POINT('',(203.14258266194,155.,58.184165192357));
#1856 = DIRECTION('',(-0.795447541134,0.,0.606022449504));
#1857 = DIRECTION('',(-0.606022449504,0.,-0.795447541134));
#1858 = ADVANCED_FACE('',(#1859),#1913,.T.);
#1859 = FACE_BOUND('',#1860,.T.);
#1860 = EDGE_LOOP('',(#1861,#1870,#1878,#1887,#1896,#1903,#1904,#1911,
    #1912));
#1861 = ORIENTED_EDGE('',*,*,#1862,.F.);
#1862 = EDGE_CURVE('',#1863,#1530,#1865,.T.);
#1863 = VERTEX_POINT('',#1864);
#1864 = CARTESIAN_POINT('',(113.76673533607,155.,154.80619530108));
#1865 = CIRCLE('',#1866,2.8);
#1866 = AXIS2_PLACEMENT_3D('',#1867,#1868,#1869);
#1867 = CARTESIAN_POINT('',(115.87214703149,155.,156.65206680061));
#1868 = DIRECTION('',(0.659239821261,0.,-0.751932748365));
#1869 = DIRECTION('',(-0.751932748365,0.,-0.659239821261));
#1870 = ORIENTED_EDGE('',*,*,#1871,.F.);
#1871 = EDGE_CURVE('',#1872,#1863,#1874,.T.);
#1872 = VERTEX_POINT('',#1873);
#1873 = CARTESIAN_POINT('',(110.46387908381,155.,158.57345222203));
#1874 = LINE('',#1875,#1876);
#1875 = CARTESIAN_POINT('',(110.46387908381,155.,158.57345222203));
#1876 = VECTOR('',#1877,1.);
#1877 = DIRECTION('',(0.659239821261,0.,-0.751932748365));
#1878 = ORIENTED_EDGE('',*,*,#1879,.T.);
#1879 = EDGE_CURVE('',#1872,#1880,#1882,.T.);
#1880 = VERTEX_POINT('',#1881);
#1881 = CARTESIAN_POINT('',(112.56929077923,157.8,160.41932372156));
#1882 = CIRCLE('',#1883,2.8);
#1883 = AXIS2_PLACEMENT_3D('',#1884,#1885,#1886);
#1884 = CARTESIAN_POINT('',(112.56929077923,155.,160.41932372156));
#1885 = DIRECTION('',(0.659239821261,0.,-0.751932748365));
#1886 = DIRECTION('',(-0.751932748365,0.,-0.659239821261));
#1887 = ORIENTED_EDGE('',*,*,#1888,.T.);
#1888 = EDGE_CURVE('',#1880,#1889,#1891,.T.);
#1889 = VERTEX_POINT('',#1890);
#1890 = CARTESIAN_POINT('',(112.56929077923,152.2,160.41932372156));
#1891 = ELLIPSE('',#1892,2.814049871705,2.8);
#1892 = AXIS2_PLACEMENT_3D('',#1893,#1894,#1895);
#1893 = CARTESIAN_POINT('',(112.56929077923,155.,160.41932372156));
#1894 = DIRECTION('',(0.580903437388,0.,-0.813972478915));
#1895 = DIRECTION('',(-0.813972478915,0.,-0.580903437388));
#1896 = ORIENTED_EDGE('',*,*,#1897,.T.);
#1897 = EDGE_CURVE('',#1889,#1872,#1898,.T.);
#1898 = CIRCLE('',#1899,2.8);
#1899 = AXIS2_PLACEMENT_3D('',#1900,#1901,#1902);
#1900 = CARTESIAN_POINT('',(112.56929077923,155.,160.41932372156));
#1901 = DIRECTION('',(0.659239821261,0.,-0.751932748365));
#1902 = DIRECTION('',(-0.751932748365,0.,-0.659239821261));
#1903 = ORIENTED_EDGE('',*,*,#1871,.T.);
#1904 = ORIENTED_EDGE('',*,*,#1905,.F.);
#1905 = EDGE_CURVE('',#1557,#1863,#1906,.T.);
#1906 = CIRCLE('',#1907,2.8);
#1907 = AXIS2_PLACEMENT_3D('',#1908,#1909,#1910);
#1908 = CARTESIAN_POINT('',(115.87214703149,155.,156.65206680061));
#1909 = DIRECTION('',(0.659239821261,0.,-0.751932748365));
#1910 = DIRECTION('',(-0.751932748365,0.,-0.659239821261));
#1911 = ORIENTED_EDGE('',*,*,#1556,.F.);
#1912 = ORIENTED_EDGE('',*,*,#1529,.F.);
#1913 = CYLINDRICAL_SURFACE('',#1914,2.8);
#1914 = AXIS2_PLACEMENT_3D('',#1915,#1916,#1917);
#1915 = CARTESIAN_POINT('',(112.56929077923,155.,160.41932372156));
#1916 = DIRECTION('',(0.659239821261,0.,-0.751932748365));
#1917 = DIRECTION('',(-0.751932748365,0.,-0.659239821261));
#1918 = ADVANCED_FACE('',(#1919),#1928,.F.);
#1919 = FACE_BOUND('',#1920,.F.);
#1920 = EDGE_LOOP('',(#1921,#1927));
#1921 = ORIENTED_EDGE('',*,*,#1922,.T.);
#1922 = EDGE_CURVE('',#1530,#1557,#1923,.T.);
#1923 = LINE('',#1924,#1925);
#1924 = CARTESIAN_POINT('',(115.87214703149,155.,156.65206680061));
#1925 = VECTOR('',#1926,1.);
#1926 = DIRECTION('',(0.,-1.,0.));
#1927 = ORIENTED_EDGE('',*,*,#1565,.T.);
#1928 = PLANE('',#1929);
#1929 = AXIS2_PLACEMENT_3D('',#1930,#1931,#1932);
#1930 = CARTESIAN_POINT('',(115.87214703149,155.,156.65206680061));
#1931 = DIRECTION('',(0.795447541134,0.,-0.606022449504));
#1932 = DIRECTION('',(0.606022449504,0.,0.795447541134));
#1933 = ADVANCED_FACE('',(#1934),#1938,.T.);
#1934 = FACE_BOUND('',#1935,.T.);
#1935 = EDGE_LOOP('',(#1936,#1937));
#1936 = ORIENTED_EDGE('',*,*,#1580,.T.);
#1937 = ORIENTED_EDGE('',*,*,#1547,.T.);
#1938 = PLANE('',#1939);
#1939 = AXIS2_PLACEMENT_3D('',#1940,#1941,#1942);
#1940 = CARTESIAN_POINT('',(119.85741733805,155.,153.61583480764));
#1941 = DIRECTION('',(0.795447541134,0.,-0.606022449504));
#1942 = DIRECTION('',(0.606022449504,0.,0.795447541134));
#1943 = ADVANCED_FACE('',(#1944),#1949,.F.);
#1944 = FACE_BOUND('',#1945,.F.);
#1945 = EDGE_LOOP('',(#1946,#1947,#1948));
#1946 = ORIENTED_EDGE('',*,*,#1659,.T.);
#1947 = ORIENTED_EDGE('',*,*,#1651,.T.);
#1948 = ORIENTED_EDGE('',*,*,#1618,.T.);
#1949 = PLANE('',#1950);
#1950 = AXIS2_PLACEMENT_3D('',#1951,#1952,#1953);
#1951 = CARTESIAN_POINT('',(166.53097787908,155.,27.899719066917));
#1952 = DIRECTION('',(0.446140119676,0.,-0.894963124165));
#1953 = DIRECTION('',(-0.894963124165,0.,-0.446140119676));
#1954 = ADVANCED_FACE('',(#1955),#1965,.T.);
#1955 = FACE_BOUND('',#1956,.T.);
#1956 = EDGE_LOOP('',(#1957,#1958,#1959));
#1957 = ORIENTED_EDGE('',*,*,#1667,.T.);
#1958 = ORIENTED_EDGE('',*,*,#1632,.T.);
#1959 = ORIENTED_EDGE('',*,*,#1960,.T.);
#1960 = EDGE_CURVE('',#1635,#1668,#1961,.T.);
#1961 = LINE('',#1962,#1963);
#1962 = CARTESIAN_POINT('',(168.76618369664,155.,23.415865915367));
#1963 = VECTOR('',#1964,1.);
#1964 = DIRECTION('',(0.,-1.,0.));
#1965 = PLANE('',#1966);
#1966 = AXIS2_PLACEMENT_3D('',#1967,#1968,#1969);
#1967 = CARTESIAN_POINT('',(168.76618369664,155.,23.415865915367));
#1968 = DIRECTION('',(0.446140119676,0.,-0.894963124165));
#1969 = DIRECTION('',(-0.894963124165,0.,-0.446140119676));
#1970 = ADVANCED_FACE('',(#1971),#2033,.T.);
#1971 = FACE_BOUND('',#1972,.T.);
#1972 = EDGE_LOOP('',(#1973,#1984,#1992,#1999,#2000,#2007,#2008,#2017,
    #2026));
#1973 = ORIENTED_EDGE('',*,*,#1974,.F.);
#1974 = EDGE_CURVE('',#1975,#1977,#1979,.T.);
#1975 = VERTEX_POINT('',#1976);
#1976 = CARTESIAN_POINT('',(169.63951924723,155.,17.743267820348));
#1977 = VERTEX_POINT('',#1978);
#1978 = CARTESIAN_POINT('',(171.84739483073,157.8,19.465268229106));
#1979 = CIRCLE('',#1980,2.8);
#1980 = AXIS2_PLACEMENT_3D('',#1981,#1982,#1983);
#1981 = CARTESIAN_POINT('',(171.84739483073,155.,19.465268229106));
#1982 = DIRECTION('',(0.615000145985,0.,-0.788526994109));
#1983 = DIRECTION('',(-0.788526994109,0.,-0.615000145985));
#1984 = ORIENTED_EDGE('',*,*,#1985,.F.);
#1985 = EDGE_CURVE('',#1986,#1975,#1988,.T.);
#1986 = VERTEX_POINT('',#1987);
#1987 = CARTESIAN_POINT('',(166.55830811314,155.,21.693865506609));
#1988 = LINE('',#1989,#1990);
#1989 = CARTESIAN_POINT('',(166.55830811314,155.,21.693865506609));
#1990 = VECTOR('',#1991,1.);
#1991 = DIRECTION('',(0.615000145985,0.,-0.788526994109));
#1992 = ORIENTED_EDGE('',*,*,#1993,.T.);
#1993 = EDGE_CURVE('',#1986,#1635,#1994,.T.);
#1994 = CIRCLE('',#1995,2.8);
#1995 = AXIS2_PLACEMENT_3D('',#1996,#1997,#1998);
#1996 = CARTESIAN_POINT('',(168.76618369664,155.,23.415865915367));
#1997 = DIRECTION('',(0.615000145985,0.,-0.788526994109));
#1998 = DIRECTION('',(-0.788526994109,0.,-0.615000145985));
#1999 = ORIENTED_EDGE('',*,*,#1676,.T.);
#2000 = ORIENTED_EDGE('',*,*,#2001,.T.);
#2001 = EDGE_CURVE('',#1668,#1986,#2002,.T.);
#2002 = CIRCLE('',#2003,2.8);
#2003 = AXIS2_PLACEMENT_3D('',#2004,#2005,#2006);
#2004 = CARTESIAN_POINT('',(168.76618369664,155.,23.415865915367));
#2005 = DIRECTION('',(0.615000145985,0.,-0.788526994109));
#2006 = DIRECTION('',(-0.788526994109,0.,-0.615000145985));
#2007 = ORIENTED_EDGE('',*,*,#1985,.T.);
#2008 = ORIENTED_EDGE('',*,*,#2009,.F.);
#2009 = EDGE_CURVE('',#2010,#1975,#2012,.T.);
#2010 = VERTEX_POINT('',#2011);
#2011 = CARTESIAN_POINT('',(171.84739483073,152.2,19.465268229106));
#2012 = CIRCLE('',#2013,2.8);
#2013 = AXIS2_PLACEMENT_3D('',#2014,#2015,#2016);
#2014 = CARTESIAN_POINT('',(171.84739483073,155.,19.465268229106));
#2015 = DIRECTION('',(0.615000145985,0.,-0.788526994109));
#2016 = DIRECTION('',(-0.788526994109,0.,-0.615000145985));
#2017 = ORIENTED_EDGE('',*,*,#2018,.F.);
#2018 = EDGE_CURVE('',#2019,#2010,#2021,.T.);
#2019 = VERTEX_POINT('',#2020);
#2020 = CARTESIAN_POINT('',(173.8825476693,155.,21.408726385105));
#2021 = ELLIPSE('',#2022,2.814049871705,2.8);
#2022 = AXIS2_PLACEMENT_3D('',#2023,#2024,#2025);
#2023 = CARTESIAN_POINT('',(171.84739483073,155.,19.465268229106));
#2024 = DIRECTION('',(0.690626763781,0.,-0.723211361325));
#2025 = DIRECTION('',(-0.723211361325,0.,-0.690626763781));
#2026 = ORIENTED_EDGE('',*,*,#2027,.F.);
#2027 = EDGE_CURVE('',#1977,#2019,#2028,.T.);
#2028 = ELLIPSE('',#2029,2.814049871705,2.8);
#2029 = AXIS2_PLACEMENT_3D('',#2030,#2031,#2032);
#2030 = CARTESIAN_POINT('',(171.84739483073,155.,19.465268229106));
#2031 = DIRECTION('',(0.690626763781,0.,-0.723211361325));
#2032 = DIRECTION('',(-0.723211361325,0.,-0.690626763781));
#2033 = CYLINDRICAL_SURFACE('',#2034,2.8);
#2034 = AXIS2_PLACEMENT_3D('',#2035,#2036,#2037);
#2035 = CARTESIAN_POINT('',(168.76618369664,155.,23.415865915367));
#2036 = DIRECTION('',(0.615000145985,0.,-0.788526994109));
#2037 = DIRECTION('',(-0.788526994109,0.,-0.615000145985));
#2038 = ADVANCED_FACE('',(#2039),#2044,.F.);
#2039 = FACE_BOUND('',#2040,.F.);
#2040 = EDGE_LOOP('',(#2041,#2042,#2043));
#2041 = ORIENTED_EDGE('',*,*,#1745,.T.);
#2042 = ORIENTED_EDGE('',*,*,#1737,.T.);
#2043 = ORIENTED_EDGE('',*,*,#1704,.T.);
#2044 = PLANE('',#2045);
#2045 = AXIS2_PLACEMENT_3D('',#2046,#2047,#2048);
#2046 = CARTESIAN_POINT('',(157.39638804595,155.,169.09862301567));
#2047 = DIRECTION('',(0.13693570263,0.,0.990579937888));
#2048 = DIRECTION('',(0.990579937888,0.,-0.13693570263));
#2049 = ADVANCED_FACE('',(#2050),#2060,.T.);
#2050 = FACE_BOUND('',#2051,.T.);
#2051 = EDGE_LOOP('',(#2052,#2053,#2054));
#2052 = ORIENTED_EDGE('',*,*,#1753,.T.);
#2053 = ORIENTED_EDGE('',*,*,#1718,.T.);
#2054 = ORIENTED_EDGE('',*,*,#2055,.T.);
#2055 = EDGE_CURVE('',#1721,#1754,#2056,.T.);
#2056 = LINE('',#2057,#2058);
#2057 = CARTESIAN_POINT('',(158.08244936537,155.,174.06152579505));
#2058 = VECTOR('',#2059,1.);
#2059 = DIRECTION('',(0.,-1.,0.));
#2060 = PLANE('',#2061);
#2061 = AXIS2_PLACEMENT_3D('',#2062,#2063,#2064);
#2062 = CARTESIAN_POINT('',(158.08244936537,155.,174.06152579505));
#2063 = DIRECTION('',(0.13693570263,0.,0.990579937888));
#2064 = DIRECTION('',(0.990579937888,0.,-0.13693570263));
#2065 = ADVANCED_FACE('',(#2066),#2119,.T.);
#2066 = FACE_BOUND('',#2067,.T.);
#2067 = EDGE_LOOP('',(#2068,#2079,#2087,#2094,#2095,#2102,#2103,#2112));
#2068 = ORIENTED_EDGE('',*,*,#2069,.F.);
#2069 = EDGE_CURVE('',#2070,#2072,#2074,.T.);
#2070 = VERTEX_POINT('',#2071);
#2071 = CARTESIAN_POINT('',(160.56368734732,155.,179.23690425546));
#2072 = VERTEX_POINT('',#2073);
#2073 = CARTESIAN_POINT('',(157.76916675097,157.8,179.06181959992));
#2074 = CIRCLE('',#2075,2.8);
#2075 = AXIS2_PLACEMENT_3D('',#2076,#2077,#2078);
#2076 = CARTESIAN_POINT('',(157.76916675097,155.,179.06181959992));
#2077 = DIRECTION('',(-6.253023412082E-02,0.,0.998043070123));
#2078 = DIRECTION('',(0.998043070123,0.,6.253023412082E-02));
#2079 = ORIENTED_EDGE('',*,*,#2080,.F.);
#2080 = EDGE_CURVE('',#2081,#2070,#2083,.T.);
#2081 = VERTEX_POINT('',#2082);
#2082 = CARTESIAN_POINT('',(160.87696996172,155.,174.23661045059));
#2083 = LINE('',#2084,#2085);
#2084 = CARTESIAN_POINT('',(160.87696996172,155.,174.23661045059));
#2085 = VECTOR('',#2086,1.);
#2086 = DIRECTION('',(-6.253023412082E-02,0.,0.998043070123));
#2087 = ORIENTED_EDGE('',*,*,#2088,.T.);
#2088 = EDGE_CURVE('',#2081,#1721,#2089,.T.);
#2089 = CIRCLE('',#2090,2.8);
#2090 = AXIS2_PLACEMENT_3D('',#2091,#2092,#2093);
#2091 = CARTESIAN_POINT('',(158.08244936537,155.,174.06152579505));
#2092 = DIRECTION('',(-6.253023412082E-02,0.,0.998043070123));
#2093 = DIRECTION('',(0.998043070123,0.,6.253023412082E-02));
#2094 = ORIENTED_EDGE('',*,*,#1762,.T.);
#2095 = ORIENTED_EDGE('',*,*,#2096,.T.);
#2096 = EDGE_CURVE('',#1754,#2081,#2097,.T.);
#2097 = CIRCLE('',#2098,2.8);
#2098 = AXIS2_PLACEMENT_3D('',#2099,#2100,#2101);
#2099 = CARTESIAN_POINT('',(158.08244936537,155.,174.06152579505));
#2100 = DIRECTION('',(-6.253023412082E-02,0.,0.998043070123));
#2101 = DIRECTION('',(0.998043070123,0.,6.253023412082E-02));
#2102 = ORIENTED_EDGE('',*,*,#2080,.T.);
#2103 = ORIENTED_EDGE('',*,*,#2104,.F.);
#2104 = EDGE_CURVE('',#2105,#2070,#2107,.T.);
#2105 = VERTEX_POINT('',#2106);
#2106 = CARTESIAN_POINT('',(157.76916675097,152.2,179.06181959992));
#2107 = CIRCLE('',#2108,2.8);
#2108 = AXIS2_PLACEMENT_3D('',#2109,#2110,#2111);
#2109 = CARTESIAN_POINT('',(157.76916675097,155.,179.06181959992));
#2110 = DIRECTION('',(-6.253023412082E-02,0.,0.998043070123));
#2111 = DIRECTION('',(0.998043070123,0.,6.253023412082E-02));
#2112 = ORIENTED_EDGE('',*,*,#2113,.F.);
#2113 = EDGE_CURVE('',#2072,#2105,#2114,.T.);
#2114 = ELLIPSE('',#2115,2.814049871705,2.8);
#2115 = AXIS2_PLACEMENT_3D('',#2116,#2117,#2118);
#2116 = CARTESIAN_POINT('',(157.76916675097,155.,179.06181959992));
#2117 = DIRECTION('',(-0.161825482069,0.,0.986819392469));
#2118 = DIRECTION('',(0.986819392469,0.,0.161825482069));
#2119 = CYLINDRICAL_SURFACE('',#2120,2.8);
#2120 = AXIS2_PLACEMENT_3D('',#2121,#2122,#2123);
#2121 = CARTESIAN_POINT('',(158.08244936537,155.,174.06152579505));
#2122 = DIRECTION('',(-6.253023412082E-02,0.,0.998043070123));
#2123 = DIRECTION('',(0.998043070123,0.,6.253023412082E-02));
#2124 = ADVANCED_FACE('',(#2125),#2130,.T.);
#2125 = FACE_BOUND('',#2126,.T.);
#2126 = EDGE_LOOP('',(#2127,#2128,#2129));
#2127 = ORIENTED_EDGE('',*,*,#1820,.T.);
#2128 = ORIENTED_EDGE('',*,*,#1777,.T.);
#2129 = ORIENTED_EDGE('',*,*,#1837,.T.);
#2130 = PLANE('',#2131);
#2131 = AXIS2_PLACEMENT_3D('',#2132,#2133,#2134);
#2132 = CARTESIAN_POINT('',(207.1278529685,155.,55.147933199387));
#2133 = DIRECTION('',(-0.659239821261,0.,0.751932748365));
#2134 = DIRECTION('',(0.751932748365,0.,0.659239821261));
#2135 = ADVANCED_FACE('',(#2136),#2146,.F.);
#2136 = FACE_BOUND('',#2137,.F.);
#2137 = EDGE_LOOP('',(#2138,#2139,#2140));
#2138 = ORIENTED_EDGE('',*,*,#1812,.T.);
#2139 = ORIENTED_EDGE('',*,*,#1794,.T.);
#2140 = ORIENTED_EDGE('',*,*,#2141,.T.);
#2141 = EDGE_CURVE('',#1795,#1804,#2142,.T.);
#2142 = LINE('',#2143,#2144);
#2143 = CARTESIAN_POINT('',(210.43070922076,155.,51.380676278435));
#2144 = VECTOR('',#2145,1.);
#2145 = DIRECTION('',(0.,-1.,0.));
#2146 = PLANE('',#2147);
#2147 = AXIS2_PLACEMENT_3D('',#2148,#2149,#2150);
#2148 = CARTESIAN_POINT('',(210.43070922076,155.,51.380676278435));
#2149 = DIRECTION('',(-0.659239821261,0.,0.751932748365));
#2150 = DIRECTION('',(0.751932748365,0.,0.659239821261));
#2151 = ADVANCED_FACE('',(#2152),#2205,.T.);
#2152 = FACE_BOUND('',#2153,.T.);
#2153 = EDGE_LOOP('',(#2154,#2163,#2171,#2180,#2189,#2196,#2197,#2204));
#2154 = ORIENTED_EDGE('',*,*,#2155,.F.);
#2155 = EDGE_CURVE('',#2156,#1795,#2158,.T.);
#2156 = VERTEX_POINT('',#2157);
#2157 = CARTESIAN_POINT('',(212.86078518592,155.,52.771622288723));
#2158 = CIRCLE('',#2159,2.8);
#2159 = AXIS2_PLACEMENT_3D('',#2160,#2161,#2162);
#2160 = CARTESIAN_POINT('',(210.43070922076,155.,51.380676278435));
#2161 = DIRECTION('',(-0.496766432246,0.,0.867884273272));
#2162 = DIRECTION('',(0.867884273272,0.,0.496766432246));
#2163 = ORIENTED_EDGE('',*,*,#2164,.F.);
#2164 = EDGE_CURVE('',#2165,#2156,#2167,.T.);
#2165 = VERTEX_POINT('',#2166);
#2166 = CARTESIAN_POINT('',(215.34963380177,155.,48.423436839717));
#2167 = LINE('',#2168,#2169);
#2168 = CARTESIAN_POINT('',(215.34963380177,155.,48.423436839717));
#2169 = VECTOR('',#2170,1.);
#2170 = DIRECTION('',(-0.496766432246,0.,0.867884273272));
#2171 = ORIENTED_EDGE('',*,*,#2172,.T.);
#2172 = EDGE_CURVE('',#2165,#2173,#2175,.T.);
#2173 = VERTEX_POINT('',#2174);
#2174 = CARTESIAN_POINT('',(212.9195578366,157.8,47.032490829428));
#2175 = CIRCLE('',#2176,2.8);
#2176 = AXIS2_PLACEMENT_3D('',#2177,#2178,#2179);
#2177 = CARTESIAN_POINT('',(212.9195578366,155.,47.032490829428));
#2178 = DIRECTION('',(-0.496766432246,0.,0.867884273272));
#2179 = DIRECTION('',(0.867884273272,0.,0.496766432246));
#2180 = ORIENTED_EDGE('',*,*,#2181,.T.);
#2181 = EDGE_CURVE('',#2173,#2182,#2184,.T.);
#2182 = VERTEX_POINT('',#2183);
#2183 = CARTESIAN_POINT('',(212.9195578366,152.2,47.032490829428));
#2184 = ELLIPSE('',#2185,2.814049871705,2.8);
#2185 = AXIS2_PLACEMENT_3D('',#2186,#2187,#2188);
#2186 = CARTESIAN_POINT('',(212.9195578366,155.,47.032490829428));
#2187 = DIRECTION('',(-0.407668957348,0.,0.913129794287));
#2188 = DIRECTION('',(0.913129794287,0.,0.407668957348));
#2189 = ORIENTED_EDGE('',*,*,#2190,.T.);
#2190 = EDGE_CURVE('',#2182,#2165,#2191,.T.);
#2191 = CIRCLE('',#2192,2.8);
#2192 = AXIS2_PLACEMENT_3D('',#2193,#2194,#2195);
#2193 = CARTESIAN_POINT('',(212.9195578366,155.,47.032490829428));
#2194 = DIRECTION('',(-0.496766432246,0.,0.867884273272));
#2195 = DIRECTION('',(0.867884273272,0.,0.496766432246));
#2196 = ORIENTED_EDGE('',*,*,#2164,.T.);
#2197 = ORIENTED_EDGE('',*,*,#2198,.F.);
#2198 = EDGE_CURVE('',#1804,#2156,#2199,.T.);
#2199 = CIRCLE('',#2200,2.8);
#2200 = AXIS2_PLACEMENT_3D('',#2201,#2202,#2203);
#2201 = CARTESIAN_POINT('',(210.43070922076,155.,51.380676278435));
#2202 = DIRECTION('',(-0.496766432246,0.,0.867884273272));
#2203 = DIRECTION('',(0.867884273272,0.,0.496766432246));
#2204 = ORIENTED_EDGE('',*,*,#1803,.F.);
#2205 = CYLINDRICAL_SURFACE('',#2206,2.8);
#2206 = AXIS2_PLACEMENT_3D('',#2207,#2208,#2209);
#2207 = CARTESIAN_POINT('',(212.9195578366,155.,47.032490829428));
#2208 = DIRECTION('',(-0.496766432246,0.,0.867884273272));
#2209 = DIRECTION('',(0.867884273272,0.,0.496766432246));
#2210 = ADVANCED_FACE('',(#2211),#2216,.T.);
#2211 = FACE_BOUND('',#2212,.T.);
#2212 = EDGE_LOOP('',(#2213,#2214,#2215));
#2213 = ORIENTED_EDGE('',*,*,#1905,.T.);
#2214 = ORIENTED_EDGE('',*,*,#1862,.T.);
#2215 = ORIENTED_EDGE('',*,*,#1922,.T.);
#2216 = PLANE('',#2217);
#2217 = AXIS2_PLACEMENT_3D('',#2218,#2219,#2220);
#2218 = CARTESIAN_POINT('',(115.87214703149,155.,156.65206680061));
#2219 = DIRECTION('',(0.659239821261,0.,-0.751932748365));
#2220 = DIRECTION('',(-0.751932748365,0.,-0.659239821261));
#2221 = ADVANCED_FACE('',(#2222),#2232,.F.);
#2222 = FACE_BOUND('',#2223,.F.);
#2223 = EDGE_LOOP('',(#2224,#2225,#2226));
#2224 = ORIENTED_EDGE('',*,*,#1897,.T.);
#2225 = ORIENTED_EDGE('',*,*,#1879,.T.);
#2226 = ORIENTED_EDGE('',*,*,#2227,.T.);
#2227 = EDGE_CURVE('',#1880,#1889,#2228,.T.);
#2228 = LINE('',#2229,#2230);
#2229 = CARTESIAN_POINT('',(112.56929077923,155.,160.41932372156));
#2230 = VECTOR('',#2231,1.);
#2231 = DIRECTION('',(0.,-1.,0.));
#2232 = PLANE('',#2233);
#2233 = AXIS2_PLACEMENT_3D('',#2234,#2235,#2236);
#2234 = CARTESIAN_POINT('',(112.56929077923,155.,160.41932372156));
#2235 = DIRECTION('',(0.659239821261,0.,-0.751932748365));
#2236 = DIRECTION('',(-0.751932748365,0.,-0.659239821261));
#2237 = ADVANCED_FACE('',(#2238),#2291,.T.);
#2238 = FACE_BOUND('',#2239,.T.);
#2239 = EDGE_LOOP('',(#2240,#2249,#2257,#2266,#2275,#2282,#2283,#2290));
#2240 = ORIENTED_EDGE('',*,*,#2241,.F.);
#2241 = EDGE_CURVE('',#2242,#1880,#2244,.T.);
#2242 = VERTEX_POINT('',#2243);
#2243 = CARTESIAN_POINT('',(110.13921481407,155.,159.02837771127));
#2244 = CIRCLE('',#2245,2.8);
#2245 = AXIS2_PLACEMENT_3D('',#2246,#2247,#2248);
#2246 = CARTESIAN_POINT('',(112.56929077923,155.,160.41932372156));
#2247 = DIRECTION('',(0.496766432246,0.,-0.867884273272));
#2248 = DIRECTION('',(-0.867884273272,0.,-0.496766432246));
#2249 = ORIENTED_EDGE('',*,*,#2250,.F.);
#2250 = EDGE_CURVE('',#2251,#2242,#2253,.T.);
#2251 = VERTEX_POINT('',#2252);
#2252 = CARTESIAN_POINT('',(107.65036619822,155.,163.37656316028));
#2253 = LINE('',#2254,#2255);
#2254 = CARTESIAN_POINT('',(107.65036619822,155.,163.37656316028));
#2255 = VECTOR('',#2256,1.);
#2256 = DIRECTION('',(0.496766432246,0.,-0.867884273272));
#2257 = ORIENTED_EDGE('',*,*,#2258,.T.);
#2258 = EDGE_CURVE('',#2251,#2259,#2261,.T.);
#2259 = VERTEX_POINT('',#2260);
#2260 = CARTESIAN_POINT('',(110.08044216339,157.8,164.76750917057));
#2261 = CIRCLE('',#2262,2.8);
#2262 = AXIS2_PLACEMENT_3D('',#2263,#2264,#2265);
#2263 = CARTESIAN_POINT('',(110.08044216339,155.,164.76750917057));
#2264 = DIRECTION('',(0.496766432246,0.,-0.867884273272));
#2265 = DIRECTION('',(-0.867884273272,0.,-0.496766432246));
#2266 = ORIENTED_EDGE('',*,*,#2267,.T.);
#2267 = EDGE_CURVE('',#2259,#2268,#2270,.T.);
#2268 = VERTEX_POINT('',#2269);
#2269 = CARTESIAN_POINT('',(110.08044216339,152.2,164.76750917057));
#2270 = ELLIPSE('',#2271,2.814049871705,2.8);
#2271 = AXIS2_PLACEMENT_3D('',#2272,#2273,#2274);
#2272 = CARTESIAN_POINT('',(110.08044216339,155.,164.76750917057));
#2273 = DIRECTION('',(0.407668957348,0.,-0.913129794287));
#2274 = DIRECTION('',(-0.913129794287,0.,-0.407668957348));
#2275 = ORIENTED_EDGE('',*,*,#2276,.T.);
#2276 = EDGE_CURVE('',#2268,#2251,#2277,.T.);
#2277 = CIRCLE('',#2278,2.8);
#2278 = AXIS2_PLACEMENT_3D('',#2279,#2280,#2281);
#2279 = CARTESIAN_POINT('',(110.08044216339,155.,164.76750917057));
#2280 = DIRECTION('',(0.496766432246,0.,-0.867884273272));
#2281 = DIRECTION('',(-0.867884273272,0.,-0.496766432246));
#2282 = ORIENTED_EDGE('',*,*,#2250,.T.);
#2283 = ORIENTED_EDGE('',*,*,#2284,.F.);
#2284 = EDGE_CURVE('',#1889,#2242,#2285,.T.);
#2285 = CIRCLE('',#2286,2.8);
#2286 = AXIS2_PLACEMENT_3D('',#2287,#2288,#2289);
#2287 = CARTESIAN_POINT('',(112.56929077923,155.,160.41932372156));
#2288 = DIRECTION('',(0.496766432246,0.,-0.867884273272));
#2289 = DIRECTION('',(-0.867884273272,0.,-0.496766432246));
#2290 = ORIENTED_EDGE('',*,*,#1888,.F.);
#2291 = CYLINDRICAL_SURFACE('',#2292,2.8);
#2292 = AXIS2_PLACEMENT_3D('',#2293,#2294,#2295);
#2293 = CARTESIAN_POINT('',(110.08044216339,155.,164.76750917057));
#2294 = DIRECTION('',(0.496766432246,0.,-0.867884273272));
#2295 = DIRECTION('',(-0.867884273272,0.,-0.496766432246));
#2296 = ADVANCED_FACE('',(#2297),#2302,.F.);
#2297 = FACE_BOUND('',#2298,.F.);
#2298 = EDGE_LOOP('',(#2299,#2300,#2301));
#2299 = ORIENTED_EDGE('',*,*,#2001,.T.);
#2300 = ORIENTED_EDGE('',*,*,#1993,.T.);
#2301 = ORIENTED_EDGE('',*,*,#1960,.T.);
#2302 = PLANE('',#2303);
#2303 = AXIS2_PLACEMENT_3D('',#2304,#2305,#2306);
#2304 = CARTESIAN_POINT('',(168.76618369664,155.,23.415865915367));
#2305 = DIRECTION('',(0.615000145985,0.,-0.788526994109));
#2306 = DIRECTION('',(-0.788526994109,0.,-0.615000145985));
#2307 = ADVANCED_FACE('',(#2308),#2318,.T.);
#2308 = FACE_BOUND('',#2309,.T.);
#2309 = EDGE_LOOP('',(#2310,#2311,#2312));
#2310 = ORIENTED_EDGE('',*,*,#2009,.T.);
#2311 = ORIENTED_EDGE('',*,*,#1974,.T.);
#2312 = ORIENTED_EDGE('',*,*,#2313,.T.);
#2313 = EDGE_CURVE('',#1977,#2010,#2314,.T.);
#2314 = LINE('',#2315,#2316);
#2315 = CARTESIAN_POINT('',(171.84739483073,155.,19.465268229106));
#2316 = VECTOR('',#2317,1.);
#2317 = DIRECTION('',(0.,-1.,0.));
#2318 = PLANE('',#2319);
#2319 = AXIS2_PLACEMENT_3D('',#2320,#2321,#2322);
#2320 = CARTESIAN_POINT('',(171.84739483073,155.,19.465268229106));
#2321 = DIRECTION('',(0.615000145985,0.,-0.788526994109));
#2322 = DIRECTION('',(-0.788526994109,0.,-0.615000145985));
#2323 = ADVANCED_FACE('',(#2324),#2369,.T.);
#2324 = FACE_BOUND('',#2325,.T.);
#2325 = EDGE_LOOP('',(#2326,#2327,#2335,#2344,#2353,#2360,#2361,#2362));
#2326 = ORIENTED_EDGE('',*,*,#2027,.T.);
#2327 = ORIENTED_EDGE('',*,*,#2328,.T.);
#2328 = EDGE_CURVE('',#2019,#2329,#2331,.T.);
#2329 = VERTEX_POINT('',#2330);
#2330 = CARTESIAN_POINT('',(177.26047062358,155.,18.51426883091));
#2331 = LINE('',#2332,#2333);
#2332 = CARTESIAN_POINT('',(173.66928228007,155.,21.59146815431));
#2333 = VECTOR('',#2334,1.);
#2334 = DIRECTION('',(0.759357116144,0.,-0.65067408905));
#2335 = ORIENTED_EDGE('',*,*,#2336,.F.);
#2336 = EDGE_CURVE('',#2337,#2329,#2339,.T.);
#2337 = VERTEX_POINT('',#2338);
#2338 = CARTESIAN_POINT('',(175.65184856345,157.8,16.205327136516));
#2339 = ELLIPSE('',#2340,2.814049871705,2.8);
#2340 = AXIS2_PLACEMENT_3D('',#2341,#2342,#2343);
#2341 = CARTESIAN_POINT('',(175.65184856345,155.,16.205327136516));
#2342 = DIRECTION('',(0.82050489496,0.,-0.571639499464));
#2343 = DIRECTION('',(-0.571639499464,0.,-0.82050489496));
#2344 = ORIENTED_EDGE('',*,*,#2345,.F.);
#2345 = EDGE_CURVE('',#2346,#2337,#2348,.T.);
#2346 = VERTEX_POINT('',#2347);
#2347 = CARTESIAN_POINT('',(175.65184856345,152.2,16.205327136516));
#2348 = CIRCLE('',#2349,2.8);
#2349 = AXIS2_PLACEMENT_3D('',#2350,#2351,#2352);
#2350 = CARTESIAN_POINT('',(175.65184856345,155.,16.205327136516));
#2351 = DIRECTION('',(0.759357116144,0.,-0.65067408905));
#2352 = DIRECTION('',(0.65067408905,0.,0.759357116144));
#2353 = ORIENTED_EDGE('',*,*,#2354,.F.);
#2354 = EDGE_CURVE('',#2329,#2346,#2355,.T.);
#2355 = ELLIPSE('',#2356,2.814049871705,2.8);
#2356 = AXIS2_PLACEMENT_3D('',#2357,#2358,#2359);
#2357 = CARTESIAN_POINT('',(175.65184856345,155.,16.205327136516));
#2358 = DIRECTION('',(0.82050489496,0.,-0.571639499464));
#2359 = DIRECTION('',(-0.571639499464,0.,-0.82050489496));
#2360 = ORIENTED_EDGE('',*,*,#2328,.F.);
#2361 = ORIENTED_EDGE('',*,*,#2018,.T.);
#2362 = ORIENTED_EDGE('',*,*,#2363,.T.);
#2363 = EDGE_CURVE('',#2010,#1977,#2364,.T.);
#2364 = CIRCLE('',#2365,2.8);
#2365 = AXIS2_PLACEMENT_3D('',#2366,#2367,#2368);
#2366 = CARTESIAN_POINT('',(171.84739483073,155.,19.465268229106));
#2367 = DIRECTION('',(0.759357116144,0.,-0.65067408905));
#2368 = DIRECTION('',(0.65067408905,0.,0.759357116144));
#2369 = CYLINDRICAL_SURFACE('',#2370,2.8);
#2370 = AXIS2_PLACEMENT_3D('',#2371,#2372,#2373);
#2371 = CARTESIAN_POINT('',(171.84739483073,155.,19.465268229106));
#2372 = DIRECTION('',(0.759357116144,0.,-0.65067408905));
#2373 = DIRECTION('',(0.65067408905,0.,0.759357116144));
#2374 = ADVANCED_FACE('',(#2375),#2380,.F.);
#2375 = FACE_BOUND('',#2376,.F.);
#2376 = EDGE_LOOP('',(#2377,#2378,#2379));
#2377 = ORIENTED_EDGE('',*,*,#2096,.T.);
#2378 = ORIENTED_EDGE('',*,*,#2088,.T.);
#2379 = ORIENTED_EDGE('',*,*,#2055,.T.);
#2380 = PLANE('',#2381);
#2381 = AXIS2_PLACEMENT_3D('',#2382,#2383,#2384);
#2382 = CARTESIAN_POINT('',(158.08244936537,155.,174.06152579505));
#2383 = DIRECTION('',(-6.253023412082E-02,0.,0.998043070123));
#2384 = DIRECTION('',(0.998043070123,0.,6.253023412082E-02));
#2385 = ADVANCED_FACE('',(#2386),#2396,.T.);
#2386 = FACE_BOUND('',#2387,.T.);
#2387 = EDGE_LOOP('',(#2388,#2389,#2390));
#2388 = ORIENTED_EDGE('',*,*,#2104,.T.);
#2389 = ORIENTED_EDGE('',*,*,#2069,.T.);
#2390 = ORIENTED_EDGE('',*,*,#2391,.T.);
#2391 = EDGE_CURVE('',#2072,#2105,#2392,.T.);
#2392 = LINE('',#2393,#2394);
#2393 = CARTESIAN_POINT('',(157.76916675097,155.,179.06181959992));
#2394 = VECTOR('',#2395,1.);
#2395 = DIRECTION('',(0.,-1.,0.));
#2396 = PLANE('',#2397);
#2397 = AXIS2_PLACEMENT_3D('',#2398,#2399,#2400);
#2398 = CARTESIAN_POINT('',(157.76916675097,155.,179.06181959992));
#2399 = DIRECTION('',(-6.253023412082E-02,0.,0.998043070123));
#2400 = DIRECTION('',(0.998043070123,0.,6.253023412082E-02));
#2401 = ADVANCED_FACE('',(#2402),#2455,.T.);
#2402 = FACE_BOUND('',#2403,.T.);
#2403 = EDGE_LOOP('',(#2404,#2415,#2423,#2430,#2431,#2438,#2439,#2448));
#2404 = ORIENTED_EDGE('',*,*,#2405,.F.);
#2405 = EDGE_CURVE('',#2406,#2408,#2410,.T.);
#2406 = VERTEX_POINT('',#2407);
#2407 = CARTESIAN_POINT('',(159.17309919674,155.,184.62689442595));
#2408 = VERTEX_POINT('',#2409);
#2409 = CARTESIAN_POINT('',(156.46902212091,157.8,183.90028093308));
#2410 = CIRCLE('',#2411,2.8);
#2411 = AXIS2_PLACEMENT_3D('',#2412,#2413,#2414);
#2412 = CARTESIAN_POINT('',(156.46902212091,155.,183.90028093308));
#2413 = DIRECTION('',(-0.259504818881,0.,0.965741812793));
#2414 = DIRECTION('',(0.965741812793,0.,0.259504818881));
#2415 = ORIENTED_EDGE('',*,*,#2416,.F.);
#2416 = EDGE_CURVE('',#2417,#2406,#2419,.T.);
#2417 = VERTEX_POINT('',#2418);
#2418 = CARTESIAN_POINT('',(160.47324382679,155.,179.78843309279));
#2419 = LINE('',#2420,#2421);
#2420 = CARTESIAN_POINT('',(160.47324382679,155.,179.78843309279));
#2421 = VECTOR('',#2422,1.);
#2422 = DIRECTION('',(-0.259504818881,0.,0.965741812793));
#2423 = ORIENTED_EDGE('',*,*,#2424,.T.);
#2424 = EDGE_CURVE('',#2417,#2072,#2425,.T.);
#2425 = CIRCLE('',#2426,2.8);
#2426 = AXIS2_PLACEMENT_3D('',#2427,#2428,#2429);
#2427 = CARTESIAN_POINT('',(157.76916675097,155.,179.06181959992));
#2428 = DIRECTION('',(-0.259504818881,0.,0.965741812793));
#2429 = DIRECTION('',(0.965741812793,0.,0.259504818881));
#2430 = ORIENTED_EDGE('',*,*,#2113,.T.);
#2431 = ORIENTED_EDGE('',*,*,#2432,.T.);
#2432 = EDGE_CURVE('',#2105,#2417,#2433,.T.);
#2433 = CIRCLE('',#2434,2.8);
#2434 = AXIS2_PLACEMENT_3D('',#2435,#2436,#2437);
#2435 = CARTESIAN_POINT('',(157.76916675097,155.,179.06181959992));
#2436 = DIRECTION('',(-0.259504818881,0.,0.965741812793));
#2437 = DIRECTION('',(0.965741812793,0.,0.259504818881));
#2438 = ORIENTED_EDGE('',*,*,#2416,.T.);
#2439 = ORIENTED_EDGE('',*,*,#2440,.F.);
#2440 = EDGE_CURVE('',#2441,#2406,#2443,.T.);
#2441 = VERTEX_POINT('',#2442);
#2442 = CARTESIAN_POINT('',(156.46902212091,152.2,183.90028093308));
#2443 = CIRCLE('',#2444,2.8);
#2444 = AXIS2_PLACEMENT_3D('',#2445,#2446,#2447);
#2445 = CARTESIAN_POINT('',(156.46902212091,155.,183.90028093308));
#2446 = DIRECTION('',(-0.259504818881,0.,0.965741812793));
#2447 = DIRECTION('',(0.965741812793,0.,0.259504818881));
#2448 = ORIENTED_EDGE('',*,*,#2449,.F.);
#2449 = EDGE_CURVE('',#2408,#2441,#2450,.T.);
#2450 = ELLIPSE('',#2451,2.814049871705,2.8);
#2451 = AXIS2_PLACEMENT_3D('',#2452,#2453,#2454);
#2452 = CARTESIAN_POINT('',(156.46902212091,155.,183.90028093308));
#2453 = DIRECTION('',(-0.35459286586,0.,0.93502080163));
#2454 = DIRECTION('',(0.93502080163,0.,0.35459286586));
#2455 = CYLINDRICAL_SURFACE('',#2456,2.8);
#2456 = AXIS2_PLACEMENT_3D('',#2457,#2458,#2459);
#2457 = CARTESIAN_POINT('',(157.76916675097,155.,179.06181959992));
#2458 = DIRECTION('',(-0.259504818881,0.,0.965741812793));
#2459 = DIRECTION('',(0.965741812793,0.,0.259504818881));
#2460 = ADVANCED_FACE('',(#2461),#2466,.T.);
#2461 = FACE_BOUND('',#2462,.T.);
#2462 = EDGE_LOOP('',(#2463,#2464,#2465));
#2463 = ORIENTED_EDGE('',*,*,#2198,.T.);
#2464 = ORIENTED_EDGE('',*,*,#2155,.T.);
#2465 = ORIENTED_EDGE('',*,*,#2141,.T.);
#2466 = PLANE('',#2467);
#2467 = AXIS2_PLACEMENT_3D('',#2468,#2469,#2470);
#2468 = CARTESIAN_POINT('',(210.43070922076,155.,51.380676278435));
#2469 = DIRECTION('',(-0.496766432246,0.,0.867884273272));
#2470 = DIRECTION('',(0.867884273272,0.,0.496766432246));
#2471 = ADVANCED_FACE('',(#2472),#2482,.F.);
#2472 = FACE_BOUND('',#2473,.F.);
#2473 = EDGE_LOOP('',(#2474,#2475,#2476));
#2474 = ORIENTED_EDGE('',*,*,#2190,.T.);
#2475 = ORIENTED_EDGE('',*,*,#2172,.T.);
#2476 = ORIENTED_EDGE('',*,*,#2477,.T.);
#2477 = EDGE_CURVE('',#2173,#2182,#2478,.T.);
#2478 = LINE('',#2479,#2480);
#2479 = CARTESIAN_POINT('',(212.9195578366,155.,47.032490829428));
#2480 = VECTOR('',#2481,1.);
#2481 = DIRECTION('',(0.,-1.,0.));
#2482 = PLANE('',#2483);
#2483 = AXIS2_PLACEMENT_3D('',#2484,#2485,#2486);
#2484 = CARTESIAN_POINT('',(212.9195578366,155.,47.032490829428));
#2485 = DIRECTION('',(-0.496766432246,0.,0.867884273272));
#2486 = DIRECTION('',(0.867884273272,0.,0.496766432246));
#2487 = ADVANCED_FACE('',(#2488),#2541,.T.);
#2488 = FACE_BOUND('',#2489,.T.);
#2489 = EDGE_LOOP('',(#2490,#2499,#2507,#2516,#2525,#2532,#2533,#2540));
#2490 = ORIENTED_EDGE('',*,*,#2491,.F.);
#2491 = EDGE_CURVE('',#2492,#2173,#2494,.T.);
#2492 = VERTEX_POINT('',#2493);
#2493 = CARTESIAN_POINT('',(215.57747811429,155.,47.913092781202));
#2494 = CIRCLE('',#2495,2.8);
#2495 = AXIS2_PLACEMENT_3D('',#2496,#2497,#2498);
#2496 = CARTESIAN_POINT('',(212.9195578366,155.,47.032490829428));
#2497 = DIRECTION('',(-0.314500697062,0.,0.949257242031));
#2498 = DIRECTION('',(0.949257242031,0.,0.314500697062));
#2499 = ORIENTED_EDGE('',*,*,#2500,.F.);
#2500 = EDGE_CURVE('',#2501,#2492,#2503,.T.);
#2501 = VERTEX_POINT('',#2502);
#2502 = CARTESIAN_POINT('',(217.1531574955,155.,43.15722076661));
#2503 = LINE('',#2504,#2505);
#2504 = CARTESIAN_POINT('',(217.1531574955,155.,43.15722076661));
#2505 = VECTOR('',#2506,1.);
#2506 = DIRECTION('',(-0.314500697062,0.,0.949257242031));
#2507 = ORIENTED_EDGE('',*,*,#2508,.T.);
#2508 = EDGE_CURVE('',#2501,#2509,#2511,.T.);
#2509 = VERTEX_POINT('',#2510);
#2510 = CARTESIAN_POINT('',(214.49523721781,157.8,42.276618814836));
#2511 = CIRCLE('',#2512,2.8);
#2512 = AXIS2_PLACEMENT_3D('',#2513,#2514,#2515);
#2513 = CARTESIAN_POINT('',(214.49523721781,155.,42.276618814836));
#2514 = DIRECTION('',(-0.314500697062,0.,0.949257242031));
#2515 = DIRECTION('',(0.949257242031,0.,0.314500697062));
#2516 = ORIENTED_EDGE('',*,*,#2517,.T.);
#2517 = EDGE_CURVE('',#2509,#2518,#2520,.T.);
#2518 = VERTEX_POINT('',#2519);
#2519 = CARTESIAN_POINT('',(214.49523721781,152.2,42.276618814836));
#2520 = ELLIPSE('',#2521,2.814049871705,2.8);
#2521 = AXIS2_PLACEMENT_3D('',#2522,#2523,#2524);
#2522 = CARTESIAN_POINT('',(214.49523721781,155.,42.276618814836));
#2523 = DIRECTION('',(-0.218191984655,0.,0.975905865252));
#2524 = DIRECTION('',(0.975905865252,0.,0.218191984655));
#2525 = ORIENTED_EDGE('',*,*,#2526,.T.);
#2526 = EDGE_CURVE('',#2518,#2501,#2527,.T.);
#2527 = CIRCLE('',#2528,2.8);
#2528 = AXIS2_PLACEMENT_3D('',#2529,#2530,#2531);
#2529 = CARTESIAN_POINT('',(214.49523721781,155.,42.276618814836));
#2530 = DIRECTION('',(-0.314500697062,0.,0.949257242031));
#2531 = DIRECTION('',(0.949257242031,0.,0.314500697062));
#2532 = ORIENTED_EDGE('',*,*,#2500,.T.);
#2533 = ORIENTED_EDGE('',*,*,#2534,.F.);
#2534 = EDGE_CURVE('',#2182,#2492,#2535,.T.);
#2535 = CIRCLE('',#2536,2.8);
#2536 = AXIS2_PLACEMENT_3D('',#2537,#2538,#2539);
#2537 = CARTESIAN_POINT('',(212.9195578366,155.,47.032490829428));
#2538 = DIRECTION('',(-0.314500697062,0.,0.949257242031));
#2539 = DIRECTION('',(0.949257242031,0.,0.314500697062));
#2540 = ORIENTED_EDGE('',*,*,#2181,.F.);
#2541 = CYLINDRICAL_SURFACE('',#2542,2.8);
#2542 = AXIS2_PLACEMENT_3D('',#2543,#2544,#2545);
#2543 = CARTESIAN_POINT('',(214.49523721781,155.,42.276618814836));
#2544 = DIRECTION('',(-0.314500697062,0.,0.949257242031));
#2545 = DIRECTION('',(0.949257242031,0.,0.314500697062));
#2546 = ADVANCED_FACE('',(#2547),#2552,.T.);
#2547 = FACE_BOUND('',#2548,.T.);
#2548 = EDGE_LOOP('',(#2549,#2550,#2551));
#2549 = ORIENTED_EDGE('',*,*,#2284,.T.);
#2550 = ORIENTED_EDGE('',*,*,#2241,.T.);
#2551 = ORIENTED_EDGE('',*,*,#2227,.T.);
#2552 = PLANE('',#2553);
#2553 = AXIS2_PLACEMENT_3D('',#2554,#2555,#2556);
#2554 = CARTESIAN_POINT('',(112.56929077923,155.,160.41932372156));
#2555 = DIRECTION('',(0.496766432246,0.,-0.867884273272));
#2556 = DIRECTION('',(-0.867884273272,0.,-0.496766432246));
#2557 = ADVANCED_FACE('',(#2558),#2568,.F.);
#2558 = FACE_BOUND('',#2559,.F.);
#2559 = EDGE_LOOP('',(#2560,#2561,#2562));
#2560 = ORIENTED_EDGE('',*,*,#2276,.T.);
#2561 = ORIENTED_EDGE('',*,*,#2258,.T.);
#2562 = ORIENTED_EDGE('',*,*,#2563,.T.);
#2563 = EDGE_CURVE('',#2259,#2268,#2564,.T.);
#2564 = LINE('',#2565,#2566);
#2565 = CARTESIAN_POINT('',(110.08044216339,155.,164.76750917057));
#2566 = VECTOR('',#2567,1.);
#2567 = DIRECTION('',(0.,-1.,0.));
#2568 = PLANE('',#2569);
#2569 = AXIS2_PLACEMENT_3D('',#2570,#2571,#2572);
#2570 = CARTESIAN_POINT('',(110.08044216339,155.,164.76750917057));
#2571 = DIRECTION('',(0.496766432246,0.,-0.867884273272));
#2572 = DIRECTION('',(-0.867884273272,0.,-0.496766432246));
#2573 = ADVANCED_FACE('',(#2574),#2627,.T.);
#2574 = FACE_BOUND('',#2575,.T.);
#2575 = EDGE_LOOP('',(#2576,#2585,#2593,#2602,#2611,#2618,#2619,#2626));
#2576 = ORIENTED_EDGE('',*,*,#2577,.F.);
#2577 = EDGE_CURVE('',#2578,#2259,#2580,.T.);
#2578 = VERTEX_POINT('',#2579);
#2579 = CARTESIAN_POINT('',(107.4225218857,155.,163.88690721879));
#2580 = CIRCLE('',#2581,2.8);
#2581 = AXIS2_PLACEMENT_3D('',#2582,#2583,#2584);
#2582 = CARTESIAN_POINT('',(110.08044216339,155.,164.76750917057));
#2583 = DIRECTION('',(0.314500697062,0.,-0.949257242031));
#2584 = DIRECTION('',(-0.949257242031,0.,-0.314500697062));
#2585 = ORIENTED_EDGE('',*,*,#2586,.F.);
#2586 = EDGE_CURVE('',#2587,#2578,#2589,.T.);
#2587 = VERTEX_POINT('',#2588);
#2588 = CARTESIAN_POINT('',(105.8468425045,155.,168.64277923339));
#2589 = LINE('',#2590,#2591);
#2590 = CARTESIAN_POINT('',(105.8468425045,155.,168.64277923339));
#2591 = VECTOR('',#2592,1.);
#2592 = DIRECTION('',(0.314500697062,0.,-0.949257242031));
#2593 = ORIENTED_EDGE('',*,*,#2594,.T.);
#2594 = EDGE_CURVE('',#2587,#2595,#2597,.T.);
#2595 = VERTEX_POINT('',#2596);
#2596 = CARTESIAN_POINT('',(108.50476278218,157.8,169.52338118516));
#2597 = CIRCLE('',#2598,2.8);
#2598 = AXIS2_PLACEMENT_3D('',#2599,#2600,#2601);
#2599 = CARTESIAN_POINT('',(108.50476278218,155.,169.52338118516));
#2600 = DIRECTION('',(0.314500697062,0.,-0.949257242031));
#2601 = DIRECTION('',(-0.949257242031,0.,-0.314500697062));
#2602 = ORIENTED_EDGE('',*,*,#2603,.T.);
#2603 = EDGE_CURVE('',#2595,#2604,#2606,.T.);
#2604 = VERTEX_POINT('',#2605);
#2605 = CARTESIAN_POINT('',(108.50476278218,152.2,169.52338118516));
#2606 = ELLIPSE('',#2607,2.814049871705,2.8);
#2607 = AXIS2_PLACEMENT_3D('',#2608,#2609,#2610);
#2608 = CARTESIAN_POINT('',(108.50476278218,155.,169.52338118516));
#2609 = DIRECTION('',(0.218191984655,0.,-0.975905865252));
#2610 = DIRECTION('',(-0.975905865252,0.,-0.218191984655));
#2611 = ORIENTED_EDGE('',*,*,#2612,.T.);
#2612 = EDGE_CURVE('',#2604,#2587,#2613,.T.);
#2613 = CIRCLE('',#2614,2.8);
#2614 = AXIS2_PLACEMENT_3D('',#2615,#2616,#2617);
#2615 = CARTESIAN_POINT('',(108.50476278218,155.,169.52338118516));
#2616 = DIRECTION('',(0.314500697062,0.,-0.949257242031));
#2617 = DIRECTION('',(-0.949257242031,0.,-0.314500697062));
#2618 = ORIENTED_EDGE('',*,*,#2586,.T.);
#2619 = ORIENTED_EDGE('',*,*,#2620,.F.);
#2620 = EDGE_CURVE('',#2268,#2578,#2621,.T.);
#2621 = CIRCLE('',#2622,2.8);
#2622 = AXIS2_PLACEMENT_3D('',#2623,#2624,#2625);
#2623 = CARTESIAN_POINT('',(110.08044216339,155.,164.76750917057));
#2624 = DIRECTION('',(0.314500697062,0.,-0.949257242031));
#2625 = DIRECTION('',(-0.949257242031,0.,-0.314500697062));
#2626 = ORIENTED_EDGE('',*,*,#2267,.F.);
#2627 = CYLINDRICAL_SURFACE('',#2628,2.8);
#2628 = AXIS2_PLACEMENT_3D('',#2629,#2630,#2631);
#2629 = CARTESIAN_POINT('',(108.50476278218,155.,169.52338118516));
#2630 = DIRECTION('',(0.314500697062,0.,-0.949257242031));
#2631 = DIRECTION('',(-0.949257242031,0.,-0.314500697062));
#2632 = ADVANCED_FACE('',(#2633),#2637,.F.);
#2633 = FACE_BOUND('',#2634,.F.);
#2634 = EDGE_LOOP('',(#2635,#2636));
#2635 = ORIENTED_EDGE('',*,*,#2313,.T.);
#2636 = ORIENTED_EDGE('',*,*,#2363,.T.);
#2637 = PLANE('',#2638);
#2638 = AXIS2_PLACEMENT_3D('',#2639,#2640,#2641);
#2639 = CARTESIAN_POINT('',(171.84739483073,155.,19.465268229106));
#2640 = DIRECTION('',(0.759357116144,0.,-0.65067408905));
#2641 = DIRECTION('',(0.65067408905,0.,0.759357116144));
#2642 = ADVANCED_FACE('',(#2643),#2688,.T.);
#2643 = FACE_BOUND('',#2644,.T.);
#2644 = EDGE_LOOP('',(#2645,#2646,#2654,#2663,#2672,#2679,#2680,#2681));
#2645 = ORIENTED_EDGE('',*,*,#2336,.T.);
#2646 = ORIENTED_EDGE('',*,*,#2647,.T.);
#2647 = EDGE_CURVE('',#2329,#2648,#2650,.T.);
#2648 = VERTEX_POINT('',#2649);
#2649 = CARTESIAN_POINT('',(181.14596647143,155.,16.348357929107));
#2650 = LINE('',#2651,#2652);
#2651 = CARTESIAN_POINT('',(177.01515958615,155.,18.651013758998));
#2652 = VECTOR('',#2653,1.);
#2653 = DIRECTION('',(0.873459508029,0.,-0.486896793821));
#2654 = ORIENTED_EDGE('',*,*,#2655,.F.);
#2655 = EDGE_CURVE('',#2656,#2648,#2658,.T.);
#2656 = VERTEX_POINT('',#2657);
#2657 = CARTESIAN_POINT('',(180.02796648616,157.8,13.765926378536));
#2658 = ELLIPSE('',#2659,2.814049871705,2.8);
#2659 = AXIS2_PLACEMENT_3D('',#2660,#2661,#2662);
#2660 = CARTESIAN_POINT('',(180.02796648616,155.,13.765926378536));
#2661 = DIRECTION('',(0.917692176154,0.,-0.397292171866));
#2662 = DIRECTION('',(-0.397292171866,0.,-0.917692176154));
#2663 = ORIENTED_EDGE('',*,*,#2664,.F.);
#2664 = EDGE_CURVE('',#2665,#2656,#2667,.T.);
#2665 = VERTEX_POINT('',#2666);
#2666 = CARTESIAN_POINT('',(180.02796648616,152.2,13.765926378536));
#2667 = CIRCLE('',#2668,2.8);
#2668 = AXIS2_PLACEMENT_3D('',#2669,#2670,#2671);
#2669 = CARTESIAN_POINT('',(180.02796648616,155.,13.765926378536));
#2670 = DIRECTION('',(0.873459508029,0.,-0.486896793821));
#2671 = DIRECTION('',(0.486896793821,0.,0.873459508029));
#2672 = ORIENTED_EDGE('',*,*,#2673,.F.);
#2673 = EDGE_CURVE('',#2648,#2665,#2674,.T.);
#2674 = ELLIPSE('',#2675,2.814049871705,2.8);
#2675 = AXIS2_PLACEMENT_3D('',#2676,#2677,#2678);
#2676 = CARTESIAN_POINT('',(180.02796648616,155.,13.765926378536));
#2677 = DIRECTION('',(0.917692176154,0.,-0.397292171866));
#2678 = DIRECTION('',(-0.397292171866,0.,-0.917692176154));
#2679 = ORIENTED_EDGE('',*,*,#2647,.F.);
#2680 = ORIENTED_EDGE('',*,*,#2354,.T.);
#2681 = ORIENTED_EDGE('',*,*,#2682,.T.);
#2682 = EDGE_CURVE('',#2346,#2337,#2683,.T.);
#2683 = CIRCLE('',#2684,2.8);
#2684 = AXIS2_PLACEMENT_3D('',#2685,#2686,#2687);
#2685 = CARTESIAN_POINT('',(175.65184856345,155.,16.205327136516));
#2686 = DIRECTION('',(0.873459508029,0.,-0.486896793821));
#2687 = DIRECTION('',(0.486896793821,0.,0.873459508029));
#2688 = CYLINDRICAL_SURFACE('',#2689,2.8);
#2689 = AXIS2_PLACEMENT_3D('',#2690,#2691,#2692);
#2690 = CARTESIAN_POINT('',(175.65184856345,155.,16.205327136516));
#2691 = DIRECTION('',(0.873459508029,0.,-0.486896793821));
#2692 = DIRECTION('',(0.486896793821,0.,0.873459508029));
#2693 = ADVANCED_FACE('',(#2694),#2703,.T.);
#2694 = FACE_BOUND('',#2695,.T.);
#2695 = EDGE_LOOP('',(#2696,#2702));
#2696 = ORIENTED_EDGE('',*,*,#2697,.T.);
#2697 = EDGE_CURVE('',#2337,#2346,#2698,.T.);
#2698 = LINE('',#2699,#2700);
#2699 = CARTESIAN_POINT('',(175.65184856345,155.,16.205327136516));
#2700 = VECTOR('',#2701,1.);
#2701 = DIRECTION('',(0.,-1.,0.));
#2702 = ORIENTED_EDGE('',*,*,#2345,.T.);
#2703 = PLANE('',#2704);
#2704 = AXIS2_PLACEMENT_3D('',#2705,#2706,#2707);
#2705 = CARTESIAN_POINT('',(175.65184856345,155.,16.205327136516));
#2706 = DIRECTION('',(0.759357116144,0.,-0.65067408905));
#2707 = DIRECTION('',(0.65067408905,0.,0.759357116144));
#2708 = ADVANCED_FACE('',(#2709),#2714,.F.);
#2709 = FACE_BOUND('',#2710,.F.);
#2710 = EDGE_LOOP('',(#2711,#2712,#2713));
#2711 = ORIENTED_EDGE('',*,*,#2432,.T.);
#2712 = ORIENTED_EDGE('',*,*,#2424,.T.);
#2713 = ORIENTED_EDGE('',*,*,#2391,.T.);
#2714 = PLANE('',#2715);
#2715 = AXIS2_PLACEMENT_3D('',#2716,#2717,#2718);
#2716 = CARTESIAN_POINT('',(157.76916675097,155.,179.06181959992));
#2717 = DIRECTION('',(-0.259504818881,0.,0.965741812793));
#2718 = DIRECTION('',(0.965741812793,0.,0.259504818881));
#2719 = ADVANCED_FACE('',(#2720),#2730,.T.);
#2720 = FACE_BOUND('',#2721,.T.);
#2721 = EDGE_LOOP('',(#2722,#2723,#2724));
#2722 = ORIENTED_EDGE('',*,*,#2440,.T.);
#2723 = ORIENTED_EDGE('',*,*,#2405,.T.);
#2724 = ORIENTED_EDGE('',*,*,#2725,.T.);
#2725 = EDGE_CURVE('',#2408,#2441,#2726,.T.);
#2726 = LINE('',#2727,#2728);
#2727 = CARTESIAN_POINT('',(156.46902212091,155.,183.90028093308));
#2728 = VECTOR('',#2729,1.);
#2729 = DIRECTION('',(0.,-1.,0.));
#2730 = PLANE('',#2731);
#2731 = AXIS2_PLACEMENT_3D('',#2732,#2733,#2734);
#2732 = CARTESIAN_POINT('',(156.46902212091,155.,183.90028093308));
#2733 = DIRECTION('',(-0.259504818881,0.,0.965741812793));
#2734 = DIRECTION('',(0.965741812793,0.,0.259504818881));
#2735 = ADVANCED_FACE('',(#2736),#2789,.T.);
#2736 = FACE_BOUND('',#2737,.T.);
#2737 = EDGE_LOOP('',(#2738,#2749,#2757,#2764,#2765,#2772,#2773,#2782));
#2738 = ORIENTED_EDGE('',*,*,#2739,.F.);
#2739 = EDGE_CURVE('',#2740,#2742,#2744,.T.);
#2740 = VERTEX_POINT('',#2741);
#2741 = CARTESIAN_POINT('',(156.73971305101,155.,189.63332641972));
#2742 = VERTEX_POINT('',#2743);
#2743 = CARTESIAN_POINT('',(154.23381630335,157.8,188.38413408463));
#2744 = CIRCLE('',#2745,2.8);
#2745 = AXIS2_PLACEMENT_3D('',#2746,#2747,#2748);
#2746 = CARTESIAN_POINT('',(154.23381630335,155.,188.38413408463));
#2747 = DIRECTION('',(-0.446140119676,0.,0.894963124165));
#2748 = DIRECTION('',(0.894963124165,0.,0.446140119676));
#2749 = ORIENTED_EDGE('',*,*,#2750,.F.);
#2750 = EDGE_CURVE('',#2751,#2740,#2753,.T.);
#2751 = VERTEX_POINT('',#2752);
#2752 = CARTESIAN_POINT('',(158.97491886858,155.,185.14947326817));
#2753 = LINE('',#2754,#2755);
#2754 = CARTESIAN_POINT('',(158.97491886858,155.,185.14947326817));
#2755 = VECTOR('',#2756,1.);
#2756 = DIRECTION('',(-0.446140119676,0.,0.894963124165));
#2757 = ORIENTED_EDGE('',*,*,#2758,.T.);
#2758 = EDGE_CURVE('',#2751,#2408,#2759,.T.);
#2759 = CIRCLE('',#2760,2.8);
#2760 = AXIS2_PLACEMENT_3D('',#2761,#2762,#2763);
#2761 = CARTESIAN_POINT('',(156.46902212091,155.,183.90028093308));
#2762 = DIRECTION('',(-0.446140119676,0.,0.894963124165));
#2763 = DIRECTION('',(0.894963124165,0.,0.446140119676));
#2764 = ORIENTED_EDGE('',*,*,#2449,.T.);
#2765 = ORIENTED_EDGE('',*,*,#2766,.T.);
#2766 = EDGE_CURVE('',#2441,#2751,#2767,.T.);
#2767 = CIRCLE('',#2768,2.8);
#2768 = AXIS2_PLACEMENT_3D('',#2769,#2770,#2771);
#2769 = CARTESIAN_POINT('',(156.46902212091,155.,183.90028093308));
#2770 = DIRECTION('',(-0.446140119676,0.,0.894963124165));
#2771 = DIRECTION('',(0.894963124165,0.,0.446140119676));
#2772 = ORIENTED_EDGE('',*,*,#2750,.T.);
#2773 = ORIENTED_EDGE('',*,*,#2774,.F.);
#2774 = EDGE_CURVE('',#2775,#2740,#2777,.T.);
#2775 = VERTEX_POINT('',#2776);
#2776 = CARTESIAN_POINT('',(154.23381630335,152.2,188.38413408463));
#2777 = CIRCLE('',#2778,2.8);
#2778 = AXIS2_PLACEMENT_3D('',#2779,#2780,#2781);
#2779 = CARTESIAN_POINT('',(154.23381630335,155.,188.38413408463));
#2780 = DIRECTION('',(-0.446140119676,0.,0.894963124165));
#2781 = DIRECTION('',(0.894963124165,0.,0.446140119676));
#2782 = ORIENTED_EDGE('',*,*,#2783,.F.);
#2783 = EDGE_CURVE('',#2742,#2775,#2784,.T.);
#2784 = ELLIPSE('',#2785,2.814049871705,2.8);
#2785 = AXIS2_PLACEMENT_3D('',#2786,#2787,#2788);
#2786 = CARTESIAN_POINT('',(154.23381630335,155.,188.38413408463));
#2787 = DIRECTION('',(-0.533232433651,0.,0.845968777026));
#2788 = DIRECTION('',(0.845968777026,0.,0.533232433651));
#2789 = CYLINDRICAL_SURFACE('',#2790,2.8);
#2790 = AXIS2_PLACEMENT_3D('',#2791,#2792,#2793);
#2791 = CARTESIAN_POINT('',(156.46902212091,155.,183.90028093308));
#2792 = DIRECTION('',(-0.446140119676,0.,0.894963124165));
#2793 = DIRECTION('',(0.894963124165,0.,0.446140119676));
#2794 = ADVANCED_FACE('',(#2795),#2800,.T.);
#2795 = FACE_BOUND('',#2796,.T.);
#2796 = EDGE_LOOP('',(#2797,#2798,#2799));
#2797 = ORIENTED_EDGE('',*,*,#2534,.T.);
#2798 = ORIENTED_EDGE('',*,*,#2491,.T.);
#2799 = ORIENTED_EDGE('',*,*,#2477,.T.);
#2800 = PLANE('',#2801);
#2801 = AXIS2_PLACEMENT_3D('',#2802,#2803,#2804);
#2802 = CARTESIAN_POINT('',(212.9195578366,155.,47.032490829428));
#2803 = DIRECTION('',(-0.314500697062,0.,0.949257242031));
#2804 = DIRECTION('',(0.949257242031,0.,0.314500697062));
#2805 = ADVANCED_FACE('',(#2806),#2816,.F.);
#2806 = FACE_BOUND('',#2807,.F.);
#2807 = EDGE_LOOP('',(#2808,#2809,#2810));
#2808 = ORIENTED_EDGE('',*,*,#2526,.T.);
#2809 = ORIENTED_EDGE('',*,*,#2508,.T.);
#2810 = ORIENTED_EDGE('',*,*,#2811,.T.);
#2811 = EDGE_CURVE('',#2509,#2518,#2812,.T.);
#2812 = LINE('',#2813,#2814);
#2813 = CARTESIAN_POINT('',(214.49523721781,155.,42.276618814836));
#2814 = VECTOR('',#2815,1.);
#2815 = DIRECTION('',(0.,-1.,0.));
#2816 = PLANE('',#2817);
#2817 = AXIS2_PLACEMENT_3D('',#2818,#2819,#2820);
#2818 = CARTESIAN_POINT('',(214.49523721781,155.,42.276618814836));
#2819 = DIRECTION('',(-0.314500697062,0.,0.949257242031));
#2820 = DIRECTION('',(0.949257242031,0.,0.314500697062));
#2821 = ADVANCED_FACE('',(#2822),#2875,.T.);
#2822 = FACE_BOUND('',#2823,.T.);
#2823 = EDGE_LOOP('',(#2824,#2833,#2841,#2850,#2859,#2866,#2867,#2874));
#2824 = ORIENTED_EDGE('',*,*,#2825,.F.);
#2825 = EDGE_CURVE('',#2826,#2509,#2828,.T.);
#2826 = VERTEX_POINT('',#2827);
#2827 = CARTESIAN_POINT('',(217.27510399607,155.,42.611791449642));
#2828 = CIRCLE('',#2829,2.8);
#2829 = AXIS2_PLACEMENT_3D('',#2830,#2831,#2832);
#2830 = CARTESIAN_POINT('',(214.49523721781,155.,42.276618814836));
#2831 = DIRECTION('',(-0.119704512431,0.,0.992809563665));
#2832 = DIRECTION('',(0.992809563665,0.,0.119704512431));
#2833 = ORIENTED_EDGE('',*,*,#2834,.F.);
#2834 = EDGE_CURVE('',#2835,#2826,#2837,.T.);
#2835 = VERTEX_POINT('',#2836);
#2836 = CARTESIAN_POINT('',(217.87483536022,155.,37.63771802614));
#2837 = LINE('',#2838,#2839);
#2838 = CARTESIAN_POINT('',(217.87483536022,155.,37.63771802614));
#2839 = VECTOR('',#2840,1.);
#2840 = DIRECTION('',(-0.119704512431,0.,0.992809563665));
#2841 = ORIENTED_EDGE('',*,*,#2842,.T.);
#2842 = EDGE_CURVE('',#2835,#2843,#2845,.T.);
#2843 = VERTEX_POINT('',#2844);
#2844 = CARTESIAN_POINT('',(215.09496858196,157.8,37.302545391333));
#2845 = CIRCLE('',#2846,2.8);
#2846 = AXIS2_PLACEMENT_3D('',#2847,#2848,#2849);
#2847 = CARTESIAN_POINT('',(215.09496858196,155.,37.302545391333));
#2848 = DIRECTION('',(-0.119704512431,0.,0.992809563665));
#2849 = DIRECTION('',(0.992809563665,0.,0.119704512431));
#2850 = ORIENTED_EDGE('',*,*,#2851,.T.);
#2851 = EDGE_CURVE('',#2843,#2852,#2854,.T.);
#2852 = VERTEX_POINT('',#2853);
#2853 = CARTESIAN_POINT('',(215.09496858196,152.2,37.302545391333));
#2854 = ELLIPSE('',#2855,2.814049871705,2.8);
#2855 = AXIS2_PLACEMENT_3D('',#2856,#2857,#2858);
#2856 = CARTESIAN_POINT('',(215.09496858196,155.,37.302545391333));
#2857 = DIRECTION('',(-2.002172873838E-02,0.,0.999799545098));
#2858 = DIRECTION('',(0.999799545098,0.,2.002172873838E-02));
#2859 = ORIENTED_EDGE('',*,*,#2860,.T.);
#2860 = EDGE_CURVE('',#2852,#2835,#2861,.T.);
#2861 = CIRCLE('',#2862,2.8);
#2862 = AXIS2_PLACEMENT_3D('',#2863,#2864,#2865);
#2863 = CARTESIAN_POINT('',(215.09496858196,155.,37.302545391333));
#2864 = DIRECTION('',(-0.119704512431,0.,0.992809563665));
#2865 = DIRECTION('',(0.992809563665,0.,0.119704512431));
#2866 = ORIENTED_EDGE('',*,*,#2834,.T.);
#2867 = ORIENTED_EDGE('',*,*,#2868,.F.);
#2868 = EDGE_CURVE('',#2518,#2826,#2869,.T.);
#2869 = CIRCLE('',#2870,2.8);
#2870 = AXIS2_PLACEMENT_3D('',#2871,#2872,#2873);
#2871 = CARTESIAN_POINT('',(214.49523721781,155.,42.276618814836));
#2872 = DIRECTION('',(-0.119704512431,0.,0.992809563665));
#2873 = DIRECTION('',(0.992809563665,0.,0.119704512431));
#2874 = ORIENTED_EDGE('',*,*,#2517,.F.);
#2875 = CYLINDRICAL_SURFACE('',#2876,2.8);
#2876 = AXIS2_PLACEMENT_3D('',#2877,#2878,#2879);
#2877 = CARTESIAN_POINT('',(215.09496858196,155.,37.302545391333));
#2878 = DIRECTION('',(-0.119704512431,0.,0.992809563665));
#2879 = DIRECTION('',(0.992809563665,0.,0.119704512431));
#2880 = ADVANCED_FACE('',(#2881),#2886,.T.);
#2881 = FACE_BOUND('',#2882,.T.);
#2882 = EDGE_LOOP('',(#2883,#2884,#2885));
#2883 = ORIENTED_EDGE('',*,*,#2620,.T.);
#2884 = ORIENTED_EDGE('',*,*,#2577,.T.);
#2885 = ORIENTED_EDGE('',*,*,#2563,.T.);
#2886 = PLANE('',#2887);
#2887 = AXIS2_PLACEMENT_3D('',#2888,#2889,#2890);
#2888 = CARTESIAN_POINT('',(110.08044216339,155.,164.76750917057));
#2889 = DIRECTION('',(0.314500697062,0.,-0.949257242031));
#2890 = DIRECTION('',(-0.949257242031,0.,-0.314500697062));
#2891 = ADVANCED_FACE('',(#2892),#2902,.F.);
#2892 = FACE_BOUND('',#2893,.F.);
#2893 = EDGE_LOOP('',(#2894,#2895,#2896));
#2894 = ORIENTED_EDGE('',*,*,#2612,.T.);
#2895 = ORIENTED_EDGE('',*,*,#2594,.T.);
#2896 = ORIENTED_EDGE('',*,*,#2897,.T.);
#2897 = EDGE_CURVE('',#2595,#2604,#2898,.T.);
#2898 = LINE('',#2899,#2900);
#2899 = CARTESIAN_POINT('',(108.50476278218,155.,169.52338118516));
#2900 = VECTOR('',#2901,1.);
#2901 = DIRECTION('',(0.,-1.,0.));
#2902 = PLANE('',#2903);
#2903 = AXIS2_PLACEMENT_3D('',#2904,#2905,#2906);
#2904 = CARTESIAN_POINT('',(108.50476278218,155.,169.52338118516));
#2905 = DIRECTION('',(0.314500697062,0.,-0.949257242031));
#2906 = DIRECTION('',(-0.949257242031,0.,-0.314500697062));
#2907 = ADVANCED_FACE('',(#2908),#2961,.T.);
#2908 = FACE_BOUND('',#2909,.T.);
#2909 = EDGE_LOOP('',(#2910,#2919,#2927,#2936,#2945,#2952,#2953,#2960));
#2910 = ORIENTED_EDGE('',*,*,#2911,.F.);
#2911 = EDGE_CURVE('',#2912,#2595,#2914,.T.);
#2912 = VERTEX_POINT('',#2913);
#2913 = CARTESIAN_POINT('',(105.72489600392,155.,169.18820855035));
#2914 = CIRCLE('',#2915,2.8);
#2915 = AXIS2_PLACEMENT_3D('',#2916,#2917,#2918);
#2916 = CARTESIAN_POINT('',(108.50476278218,155.,169.52338118516));
#2917 = DIRECTION('',(0.119704512431,0.,-0.992809563665));
#2918 = DIRECTION('',(-0.992809563665,0.,-0.119704512431));
#2919 = ORIENTED_EDGE('',*,*,#2920,.F.);
#2920 = EDGE_CURVE('',#2921,#2912,#2923,.T.);
#2921 = VERTEX_POINT('',#2922);
#2922 = CARTESIAN_POINT('',(105.12516463977,155.,174.16228197386));
#2923 = LINE('',#2924,#2925);
#2924 = CARTESIAN_POINT('',(105.12516463977,155.,174.16228197386));
#2925 = VECTOR('',#2926,1.);
#2926 = DIRECTION('',(0.119704512431,0.,-0.992809563665));
#2927 = ORIENTED_EDGE('',*,*,#2928,.T.);
#2928 = EDGE_CURVE('',#2921,#2929,#2931,.T.);
#2929 = VERTEX_POINT('',#2930);
#2930 = CARTESIAN_POINT('',(107.90503141803,157.8,174.49745460866));
#2931 = CIRCLE('',#2932,2.8);
#2932 = AXIS2_PLACEMENT_3D('',#2933,#2934,#2935);
#2933 = CARTESIAN_POINT('',(107.90503141803,155.,174.49745460866));
#2934 = DIRECTION('',(0.119704512431,0.,-0.992809563665));
#2935 = DIRECTION('',(-0.992809563665,0.,-0.119704512431));
#2936 = ORIENTED_EDGE('',*,*,#2937,.T.);
#2937 = EDGE_CURVE('',#2929,#2938,#2940,.T.);
#2938 = VERTEX_POINT('',#2939);
#2939 = CARTESIAN_POINT('',(107.90503141803,152.2,174.49745460866));
#2940 = ELLIPSE('',#2941,2.814049871705,2.8);
#2941 = AXIS2_PLACEMENT_3D('',#2942,#2943,#2944);
#2942 = CARTESIAN_POINT('',(107.90503141803,155.,174.49745460866));
#2943 = DIRECTION('',(2.002172873838E-02,0.,-0.999799545098));
#2944 = DIRECTION('',(-0.999799545098,0.,-2.002172873838E-02));
#2945 = ORIENTED_EDGE('',*,*,#2946,.T.);
#2946 = EDGE_CURVE('',#2938,#2921,#2947,.T.);
#2947 = CIRCLE('',#2948,2.8);
#2948 = AXIS2_PLACEMENT_3D('',#2949,#2950,#2951);
#2949 = CARTESIAN_POINT('',(107.90503141803,155.,174.49745460866));
#2950 = DIRECTION('',(0.119704512431,0.,-0.992809563665));
#2951 = DIRECTION('',(-0.992809563665,0.,-0.119704512431));
#2952 = ORIENTED_EDGE('',*,*,#2920,.T.);
#2953 = ORIENTED_EDGE('',*,*,#2954,.F.);
#2954 = EDGE_CURVE('',#2604,#2912,#2955,.T.);
#2955 = CIRCLE('',#2956,2.8);
#2956 = AXIS2_PLACEMENT_3D('',#2957,#2958,#2959);
#2957 = CARTESIAN_POINT('',(108.50476278218,155.,169.52338118516));
#2958 = DIRECTION('',(0.119704512431,0.,-0.992809563665));
#2959 = DIRECTION('',(-0.992809563665,0.,-0.119704512431));
#2960 = ORIENTED_EDGE('',*,*,#2603,.F.);
#2961 = CYLINDRICAL_SURFACE('',#2962,2.8);
#2962 = AXIS2_PLACEMENT_3D('',#2963,#2964,#2965);
#2963 = CARTESIAN_POINT('',(107.90503141803,155.,174.49745460866));
#2964 = DIRECTION('',(0.119704512431,0.,-0.992809563665));
#2965 = DIRECTION('',(-0.992809563665,0.,-0.119704512431));
#2966 = ADVANCED_FACE('',(#2967),#2971,.F.);
#2967 = FACE_BOUND('',#2968,.F.);
#2968 = EDGE_LOOP('',(#2969,#2970));
#2969 = ORIENTED_EDGE('',*,*,#2697,.T.);
#2970 = ORIENTED_EDGE('',*,*,#2682,.T.);
#2971 = PLANE('',#2972);
#2972 = AXIS2_PLACEMENT_3D('',#2973,#2974,#2975);
#2973 = CARTESIAN_POINT('',(175.65184856345,155.,16.205327136516));
#2974 = DIRECTION('',(0.873459508029,0.,-0.486896793821));
#2975 = DIRECTION('',(0.486896793821,0.,0.873459508029));
#2976 = ADVANCED_FACE('',(#2977),#3022,.T.);
#2977 = FACE_BOUND('',#2978,.T.);
#2978 = EDGE_LOOP('',(#2979,#2980,#2988,#2997,#3006,#3013,#3014,#3015));
#2979 = ORIENTED_EDGE('',*,*,#2655,.T.);
#2980 = ORIENTED_EDGE('',*,*,#2981,.T.);
#2981 = EDGE_CURVE('',#2648,#2982,#2984,.T.);
#2982 = VERTEX_POINT('',#2983);
#2983 = CARTESIAN_POINT('',(185.38422789524,155.,14.997288677832));
#2984 = LINE('',#2985,#2986);
#2985 = CARTESIAN_POINT('',(180.87838355602,155.,16.433657775677));
#2986 = VECTOR('',#2987,1.);
#2987 = DIRECTION('',(0.952761213264,0.,-0.303720382093));
#2988 = ORIENTED_EDGE('',*,*,#2989,.F.);
#2989 = EDGE_CURVE('',#2990,#2982,#2992,.T.);
#2990 = VERTEX_POINT('',#2991);
#2991 = CARTESIAN_POINT('',(184.80139374078,157.8,12.244257434122));
#2992 = ELLIPSE('',#2993,2.814049871705,2.8);
#2993 = AXIS2_PLACEMENT_3D('',#2994,#2995,#2996);
#2994 = CARTESIAN_POINT('',(184.80139374078,155.,12.244257434122));
#2995 = DIRECTION('',(0.978316436888,0.,-0.20711578722));
#2996 = DIRECTION('',(-0.20711578722,0.,-0.978316436888));
#2997 = ORIENTED_EDGE('',*,*,#2998,.F.);
#2998 = EDGE_CURVE('',#2999,#2990,#3001,.T.);
#2999 = VERTEX_POINT('',#3000);
#3000 = CARTESIAN_POINT('',(184.80139374078,152.2,12.244257434122));
#3001 = CIRCLE('',#3002,2.8);
#3002 = AXIS2_PLACEMENT_3D('',#3003,#3004,#3005);
#3003 = CARTESIAN_POINT('',(184.80139374078,155.,12.244257434122));
#3004 = DIRECTION('',(0.952761213264,0.,-0.303720382093));
#3005 = DIRECTION('',(0.303720382093,0.,0.952761213264));
#3006 = ORIENTED_EDGE('',*,*,#3007,.F.);
#3007 = EDGE_CURVE('',#2982,#2999,#3008,.T.);
#3008 = ELLIPSE('',#3009,2.814049871705,2.8);
#3009 = AXIS2_PLACEMENT_3D('',#3010,#3011,#3012);
#3010 = CARTESIAN_POINT('',(184.80139374078,155.,12.244257434122));
#3011 = DIRECTION('',(0.978316436888,0.,-0.20711578722));
#3012 = DIRECTION('',(-0.20711578722,0.,-0.978316436888));
#3013 = ORIENTED_EDGE('',*,*,#2981,.F.);
#3014 = ORIENTED_EDGE('',*,*,#2673,.T.);
#3015 = ORIENTED_EDGE('',*,*,#3016,.T.);
#3016 = EDGE_CURVE('',#2665,#2656,#3017,.T.);
#3017 = CIRCLE('',#3018,2.8);
#3018 = AXIS2_PLACEMENT_3D('',#3019,#3020,#3021);
#3019 = CARTESIAN_POINT('',(180.02796648616,155.,13.765926378536));
#3020 = DIRECTION('',(0.952761213264,0.,-0.303720382093));
#3021 = DIRECTION('',(0.303720382093,0.,0.952761213264));
#3022 = CYLINDRICAL_SURFACE('',#3023,2.8);
#3023 = AXIS2_PLACEMENT_3D('',#3024,#3025,#3026);
#3024 = CARTESIAN_POINT('',(180.02796648616,155.,13.765926378536));
#3025 = DIRECTION('',(0.952761213264,0.,-0.303720382093));
#3026 = DIRECTION('',(0.303720382093,0.,0.952761213264));
#3027 = ADVANCED_FACE('',(#3028),#3037,.T.);
#3028 = FACE_BOUND('',#3029,.T.);
#3029 = EDGE_LOOP('',(#3030,#3036));
#3030 = ORIENTED_EDGE('',*,*,#3031,.T.);
#3031 = EDGE_CURVE('',#2656,#2665,#3032,.T.);
#3032 = LINE('',#3033,#3034);
#3033 = CARTESIAN_POINT('',(180.02796648616,155.,13.765926378536));
#3034 = VECTOR('',#3035,1.);
#3035 = DIRECTION('',(0.,-1.,0.));
#3036 = ORIENTED_EDGE('',*,*,#2664,.T.);
#3037 = PLANE('',#3038);
#3038 = AXIS2_PLACEMENT_3D('',#3039,#3040,#3041);
#3039 = CARTESIAN_POINT('',(180.02796648616,155.,13.765926378536));
#3040 = DIRECTION('',(0.873459508029,0.,-0.486896793821));
#3041 = DIRECTION('',(0.486896793821,0.,0.873459508029));
#3042 = ADVANCED_FACE('',(#3043),#3048,.F.);
#3043 = FACE_BOUND('',#3044,.F.);
#3044 = EDGE_LOOP('',(#3045,#3046,#3047));
#3045 = ORIENTED_EDGE('',*,*,#2766,.T.);
#3046 = ORIENTED_EDGE('',*,*,#2758,.T.);
#3047 = ORIENTED_EDGE('',*,*,#2725,.T.);
#3048 = PLANE('',#3049);
#3049 = AXIS2_PLACEMENT_3D('',#3050,#3051,#3052);
#3050 = CARTESIAN_POINT('',(156.46902212091,155.,183.90028093308));
#3051 = DIRECTION('',(-0.446140119676,0.,0.894963124165));
#3052 = DIRECTION('',(0.894963124165,0.,0.446140119676));
#3053 = ADVANCED_FACE('',(#3054),#3064,.T.);
#3054 = FACE_BOUND('',#3055,.T.);
#3055 = EDGE_LOOP('',(#3056,#3057,#3058));
#3056 = ORIENTED_EDGE('',*,*,#2774,.T.);
#3057 = ORIENTED_EDGE('',*,*,#2739,.T.);
#3058 = ORIENTED_EDGE('',*,*,#3059,.T.);
#3059 = EDGE_CURVE('',#2742,#2775,#3060,.T.);
#3060 = LINE('',#3061,#3062);
#3061 = CARTESIAN_POINT('',(154.23381630335,155.,188.38413408463));
#3062 = VECTOR('',#3063,1.);
#3063 = DIRECTION('',(0.,-1.,0.));
#3064 = PLANE('',#3065);
#3065 = AXIS2_PLACEMENT_3D('',#3066,#3067,#3068);
#3066 = CARTESIAN_POINT('',(154.23381630335,155.,188.38413408463));
#3067 = DIRECTION('',(-0.446140119676,0.,0.894963124165));
#3068 = DIRECTION('',(0.894963124165,0.,0.446140119676));
#3069 = ADVANCED_FACE('',(#3070),#3132,.T.);
#3070 = FACE_BOUND('',#3071,.T.);
#3071 = EDGE_LOOP('',(#3072,#3083,#3091,#3098,#3099,#3106,#3107,#3116,
    #3125));
#3072 = ORIENTED_EDGE('',*,*,#3073,.F.);
#3073 = EDGE_CURVE('',#3074,#3076,#3078,.T.);
#3074 = VERTEX_POINT('',#3075);
#3075 = CARTESIAN_POINT('',(153.36048075276,155.,194.05673217965));
#3076 = VERTEX_POINT('',#3077);
#3077 = CARTESIAN_POINT('',(151.15260516926,157.8,192.33473177089));
#3078 = CIRCLE('',#3079,2.8);
#3079 = AXIS2_PLACEMENT_3D('',#3080,#3081,#3082);
#3080 = CARTESIAN_POINT('',(151.15260516926,155.,192.33473177089));
#3081 = DIRECTION('',(-0.615000145985,0.,0.788526994109));
#3082 = DIRECTION('',(0.788526994109,0.,0.615000145985));
#3083 = ORIENTED_EDGE('',*,*,#3084,.F.);
#3084 = EDGE_CURVE('',#3085,#3074,#3087,.T.);
#3085 = VERTEX_POINT('',#3086);
#3086 = CARTESIAN_POINT('',(156.44169188685,155.,190.10613449339));
#3087 = LINE('',#3088,#3089);
#3088 = CARTESIAN_POINT('',(156.44169188685,155.,190.10613449339));
#3089 = VECTOR('',#3090,1.);
#3090 = DIRECTION('',(-0.615000145985,0.,0.788526994109));
#3091 = ORIENTED_EDGE('',*,*,#3092,.T.);
#3092 = EDGE_CURVE('',#3085,#2742,#3093,.T.);
#3093 = CIRCLE('',#3094,2.8);
#3094 = AXIS2_PLACEMENT_3D('',#3095,#3096,#3097);
#3095 = CARTESIAN_POINT('',(154.23381630335,155.,188.38413408463));
#3096 = DIRECTION('',(-0.615000145985,0.,0.788526994109));
#3097 = DIRECTION('',(0.788526994109,0.,0.615000145985));
#3098 = ORIENTED_EDGE('',*,*,#2783,.T.);
#3099 = ORIENTED_EDGE('',*,*,#3100,.T.);
#3100 = EDGE_CURVE('',#2775,#3085,#3101,.T.);
#3101 = CIRCLE('',#3102,2.8);
#3102 = AXIS2_PLACEMENT_3D('',#3103,#3104,#3105);
#3103 = CARTESIAN_POINT('',(154.23381630335,155.,188.38413408463));
#3104 = DIRECTION('',(-0.615000145985,0.,0.788526994109));
#3105 = DIRECTION('',(0.788526994109,0.,0.615000145985));
#3106 = ORIENTED_EDGE('',*,*,#3084,.T.);
#3107 = ORIENTED_EDGE('',*,*,#3108,.F.);
#3108 = EDGE_CURVE('',#3109,#3074,#3111,.T.);
#3109 = VERTEX_POINT('',#3110);
#3110 = CARTESIAN_POINT('',(151.15260516926,152.2,192.33473177089));
#3111 = CIRCLE('',#3112,2.8);
#3112 = AXIS2_PLACEMENT_3D('',#3113,#3114,#3115);
#3113 = CARTESIAN_POINT('',(151.15260516926,155.,192.33473177089));
#3114 = DIRECTION('',(-0.615000145985,0.,0.788526994109));
#3115 = DIRECTION('',(0.788526994109,0.,0.615000145985));
#3116 = ORIENTED_EDGE('',*,*,#3117,.F.);
#3117 = EDGE_CURVE('',#3118,#3109,#3120,.T.);
#3118 = VERTEX_POINT('',#3119);
#3119 = CARTESIAN_POINT('',(149.11745233072,155.,190.39127361487));
#3120 = ELLIPSE('',#3121,2.814049871705,2.8);
#3121 = AXIS2_PLACEMENT_3D('',#3122,#3123,#3124);
#3122 = CARTESIAN_POINT('',(151.15260516926,155.,192.33473177089));
#3123 = DIRECTION('',(-0.690626763781,0.,0.723211361325));
#3124 = DIRECTION('',(0.723211361325,0.,0.690626763781));
#3125 = ORIENTED_EDGE('',*,*,#3126,.F.);
#3126 = EDGE_CURVE('',#3076,#3118,#3127,.T.);
#3127 = ELLIPSE('',#3128,2.814049871705,2.8);
#3128 = AXIS2_PLACEMENT_3D('',#3129,#3130,#3131);
#3129 = CARTESIAN_POINT('',(151.15260516926,155.,192.33473177089));
#3130 = DIRECTION('',(-0.690626763781,0.,0.723211361325));
#3131 = DIRECTION('',(0.723211361325,0.,0.690626763781));
#3132 = CYLINDRICAL_SURFACE('',#3133,2.8);
#3133 = AXIS2_PLACEMENT_3D('',#3134,#3135,#3136);
#3134 = CARTESIAN_POINT('',(154.23381630335,155.,188.38413408463));
#3135 = DIRECTION('',(-0.615000145985,0.,0.788526994109));
#3136 = DIRECTION('',(0.788526994109,0.,0.615000145985));
#3137 = ADVANCED_FACE('',(#3138),#3143,.T.);
#3138 = FACE_BOUND('',#3139,.T.);
#3139 = EDGE_LOOP('',(#3140,#3141,#3142));
#3140 = ORIENTED_EDGE('',*,*,#2868,.T.);
#3141 = ORIENTED_EDGE('',*,*,#2825,.T.);
#3142 = ORIENTED_EDGE('',*,*,#2811,.T.);
#3143 = PLANE('',#3144);
#3144 = AXIS2_PLACEMENT_3D('',#3145,#3146,#3147);
#3145 = CARTESIAN_POINT('',(214.49523721781,155.,42.276618814836));
#3146 = DIRECTION('',(-0.119704512431,0.,0.992809563665));
#3147 = DIRECTION('',(0.992809563665,0.,0.119704512431));
#3148 = ADVANCED_FACE('',(#3149),#3159,.F.);
#3149 = FACE_BOUND('',#3150,.F.);
#3150 = EDGE_LOOP('',(#3151,#3152,#3153));
#3151 = ORIENTED_EDGE('',*,*,#2860,.T.);
#3152 = ORIENTED_EDGE('',*,*,#2842,.T.);
#3153 = ORIENTED_EDGE('',*,*,#3154,.T.);
#3154 = EDGE_CURVE('',#2843,#2852,#3155,.T.);
#3155 = LINE('',#3156,#3157);
#3156 = CARTESIAN_POINT('',(215.09496858196,155.,37.302545391333));
#3157 = VECTOR('',#3158,1.);
#3158 = DIRECTION('',(0.,-1.,0.));
#3159 = PLANE('',#3160);
#3160 = AXIS2_PLACEMENT_3D('',#3161,#3162,#3163);
#3161 = CARTESIAN_POINT('',(215.09496858196,155.,37.302545391333));
#3162 = DIRECTION('',(-0.119704512431,0.,0.992809563665));
#3163 = DIRECTION('',(0.992809563665,0.,0.119704512431));
#3164 = ADVANCED_FACE('',(#3165),#3218,.T.);
#3165 = FACE_BOUND('',#3166,.T.);
#3166 = EDGE_LOOP('',(#3167,#3176,#3184,#3193,#3202,#3209,#3210,#3217));
#3167 = ORIENTED_EDGE('',*,*,#3168,.F.);
#3168 = EDGE_CURVE('',#3169,#2843,#3171,.T.);
#3169 = VERTEX_POINT('',#3170);
#3170 = CARTESIAN_POINT('',(217.88602541268,155.,37.078934640975));
#3171 = CIRCLE('',#3172,2.8);
#3172 = AXIS2_PLACEMENT_3D('',#3173,#3174,#3175);
#3173 = CARTESIAN_POINT('',(215.09496858196,155.,37.302545391333));
#3174 = DIRECTION('',(7.986098227083E-02,-0.,0.996806010972));
#3175 = DIRECTION('',(0.996806010972,0.,-7.986098227083E-02));
#3176 = ORIENTED_EDGE('',*,*,#3177,.F.);
#3177 = EDGE_CURVE('',#3178,#3169,#3180,.T.);
#3178 = VERTEX_POINT('',#3179);
#3179 = CARTESIAN_POINT('',(217.4859140479,155.,32.084838623946));
#3180 = LINE('',#3181,#3182);
#3181 = CARTESIAN_POINT('',(217.4859140479,155.,32.084838623946));
#3182 = VECTOR('',#3183,1.);
#3183 = DIRECTION('',(7.986098227083E-02,0.,0.996806010972));
#3184 = ORIENTED_EDGE('',*,*,#3185,.T.);
#3185 = EDGE_CURVE('',#3178,#3186,#3188,.T.);
#3186 = VERTEX_POINT('',#3187);
#3187 = CARTESIAN_POINT('',(214.69485721717,157.8,32.308449374304));
#3188 = CIRCLE('',#3189,2.8);
#3189 = AXIS2_PLACEMENT_3D('',#3190,#3191,#3192);
#3190 = CARTESIAN_POINT('',(214.69485721717,155.,32.308449374304));
#3191 = DIRECTION('',(7.986098227083E-02,-0.,0.996806010972));
#3192 = DIRECTION('',(0.996806010972,0.,-7.986098227083E-02));
#3193 = ORIENTED_EDGE('',*,*,#3194,.T.);
#3194 = EDGE_CURVE('',#3186,#3195,#3197,.T.);
#3195 = VERTEX_POINT('',#3196);
#3196 = CARTESIAN_POINT('',(214.69485721717,152.2,32.308449374304));
#3197 = ELLIPSE('',#3198,2.814049871705,2.8);
#3198 = AXIS2_PLACEMENT_3D('',#3199,#3200,#3201);
#3199 = CARTESIAN_POINT('',(214.69485721717,155.,32.308449374304));
#3200 = DIRECTION('',(0.178946240068,-0.,0.983858853274));
#3201 = DIRECTION('',(0.983858853274,0.,-0.178946240068));
#3202 = ORIENTED_EDGE('',*,*,#3203,.T.);
#3203 = EDGE_CURVE('',#3195,#3178,#3204,.T.);
#3204 = CIRCLE('',#3205,2.8);
#3205 = AXIS2_PLACEMENT_3D('',#3206,#3207,#3208);
#3206 = CARTESIAN_POINT('',(214.69485721717,155.,32.308449374304));
#3207 = DIRECTION('',(7.986098227083E-02,-0.,0.996806010972));
#3208 = DIRECTION('',(0.996806010972,0.,-7.986098227083E-02));
#3209 = ORIENTED_EDGE('',*,*,#3177,.T.);
#3210 = ORIENTED_EDGE('',*,*,#3211,.F.);
#3211 = EDGE_CURVE('',#2852,#3169,#3212,.T.);
#3212 = CIRCLE('',#3213,2.8);
#3213 = AXIS2_PLACEMENT_3D('',#3214,#3215,#3216);
#3214 = CARTESIAN_POINT('',(215.09496858196,155.,37.302545391333));
#3215 = DIRECTION('',(7.986098227083E-02,-0.,0.996806010972));
#3216 = DIRECTION('',(0.996806010972,0.,-7.986098227083E-02));
#3217 = ORIENTED_EDGE('',*,*,#2851,.F.);
#3218 = CYLINDRICAL_SURFACE('',#3219,2.8);
#3219 = AXIS2_PLACEMENT_3D('',#3220,#3221,#3222);
#3220 = CARTESIAN_POINT('',(214.69485721717,155.,32.308449374304));
#3221 = DIRECTION('',(7.986098227083E-02,0.,0.996806010972));
#3222 = DIRECTION('',(0.996806010972,0.,-7.986098227083E-02));
#3223 = ADVANCED_FACE('',(#3224),#3229,.T.);
#3224 = FACE_BOUND('',#3225,.T.);
#3225 = EDGE_LOOP('',(#3226,#3227,#3228));
#3226 = ORIENTED_EDGE('',*,*,#2954,.T.);
#3227 = ORIENTED_EDGE('',*,*,#2911,.T.);
#3228 = ORIENTED_EDGE('',*,*,#2897,.T.);
#3229 = PLANE('',#3230);
#3230 = AXIS2_PLACEMENT_3D('',#3231,#3232,#3233);
#3231 = CARTESIAN_POINT('',(108.50476278218,155.,169.52338118516));
#3232 = DIRECTION('',(0.119704512431,0.,-0.992809563665));
#3233 = DIRECTION('',(-0.992809563665,0.,-0.119704512431));
#3234 = ADVANCED_FACE('',(#3235),#3245,.F.);
#3235 = FACE_BOUND('',#3236,.F.);
#3236 = EDGE_LOOP('',(#3237,#3238,#3239));
#3237 = ORIENTED_EDGE('',*,*,#2946,.T.);
#3238 = ORIENTED_EDGE('',*,*,#2928,.T.);
#3239 = ORIENTED_EDGE('',*,*,#3240,.T.);
#3240 = EDGE_CURVE('',#2929,#2938,#3241,.T.);
#3241 = LINE('',#3242,#3243);
#3242 = CARTESIAN_POINT('',(107.90503141803,155.,174.49745460866));
#3243 = VECTOR('',#3244,1.);
#3244 = DIRECTION('',(0.,-1.,0.));
#3245 = PLANE('',#3246);
#3246 = AXIS2_PLACEMENT_3D('',#3247,#3248,#3249);
#3247 = CARTESIAN_POINT('',(107.90503141803,155.,174.49745460866));
#3248 = DIRECTION('',(0.119704512431,0.,-0.992809563665));
#3249 = DIRECTION('',(-0.992809563665,0.,-0.119704512431));
#3250 = ADVANCED_FACE('',(#3251),#3304,.T.);
#3251 = FACE_BOUND('',#3252,.T.);
#3252 = EDGE_LOOP('',(#3253,#3262,#3270,#3279,#3288,#3295,#3296,#3303));
#3253 = ORIENTED_EDGE('',*,*,#3254,.F.);
#3254 = EDGE_CURVE('',#3255,#2929,#3257,.T.);
#3255 = VERTEX_POINT('',#3256);
#3256 = CARTESIAN_POINT('',(105.11397458731,155.,174.72106535902));
#3257 = CIRCLE('',#3258,2.8);
#3258 = AXIS2_PLACEMENT_3D('',#3259,#3260,#3261);
#3259 = CARTESIAN_POINT('',(107.90503141803,155.,174.49745460866));
#3260 = DIRECTION('',(-7.986098227084E-02,0.,-0.996806010972));
#3261 = DIRECTION('',(-0.996806010972,0.,7.986098227084E-02));
#3262 = ORIENTED_EDGE('',*,*,#3263,.F.);
#3263 = EDGE_CURVE('',#3264,#3255,#3266,.T.);
#3264 = VERTEX_POINT('',#3265);
#3265 = CARTESIAN_POINT('',(105.51408595209,155.,179.71516137605));
#3266 = LINE('',#3267,#3268);
#3267 = CARTESIAN_POINT('',(105.51408595209,155.,179.71516137605));
#3268 = VECTOR('',#3269,1.);
#3269 = DIRECTION('',(-7.986098227084E-02,0.,-0.996806010972));
#3270 = ORIENTED_EDGE('',*,*,#3271,.T.);
#3271 = EDGE_CURVE('',#3264,#3272,#3274,.T.);
#3272 = VERTEX_POINT('',#3273);
#3273 = CARTESIAN_POINT('',(108.30514278282,157.8,179.49155062569));
#3274 = CIRCLE('',#3275,2.8);
#3275 = AXIS2_PLACEMENT_3D('',#3276,#3277,#3278);
#3276 = CARTESIAN_POINT('',(108.30514278282,155.,179.49155062569));
#3277 = DIRECTION('',(-7.986098227084E-02,0.,-0.996806010972));
#3278 = DIRECTION('',(-0.996806010972,0.,7.986098227084E-02));
#3279 = ORIENTED_EDGE('',*,*,#3280,.T.);
#3280 = EDGE_CURVE('',#3272,#3281,#3283,.T.);
#3281 = VERTEX_POINT('',#3282);
#3282 = CARTESIAN_POINT('',(108.30514278282,152.2,179.49155062569));
#3283 = ELLIPSE('',#3284,2.814049871705,2.8);
#3284 = AXIS2_PLACEMENT_3D('',#3285,#3286,#3287);
#3285 = CARTESIAN_POINT('',(108.30514278282,155.,179.49155062569));
#3286 = DIRECTION('',(-0.178946240068,0.,-0.983858853274));
#3287 = DIRECTION('',(-0.983858853274,0.,0.178946240068));
#3288 = ORIENTED_EDGE('',*,*,#3289,.T.);
#3289 = EDGE_CURVE('',#3281,#3264,#3290,.T.);
#3290 = CIRCLE('',#3291,2.8);
#3291 = AXIS2_PLACEMENT_3D('',#3292,#3293,#3294);
#3292 = CARTESIAN_POINT('',(108.30514278282,155.,179.49155062569));
#3293 = DIRECTION('',(-7.986098227084E-02,0.,-0.996806010972));
#3294 = DIRECTION('',(-0.996806010972,0.,7.986098227084E-02));
#3295 = ORIENTED_EDGE('',*,*,#3263,.T.);
#3296 = ORIENTED_EDGE('',*,*,#3297,.F.);
#3297 = EDGE_CURVE('',#2938,#3255,#3298,.T.);
#3298 = CIRCLE('',#3299,2.8);
#3299 = AXIS2_PLACEMENT_3D('',#3300,#3301,#3302);
#3300 = CARTESIAN_POINT('',(107.90503141803,155.,174.49745460866));
#3301 = DIRECTION('',(-7.986098227084E-02,0.,-0.996806010972));
#3302 = DIRECTION('',(-0.996806010972,0.,7.986098227084E-02));
#3303 = ORIENTED_EDGE('',*,*,#2937,.F.);
#3304 = CYLINDRICAL_SURFACE('',#3305,2.8);
#3305 = AXIS2_PLACEMENT_3D('',#3306,#3307,#3308);
#3306 = CARTESIAN_POINT('',(108.30514278282,155.,179.49155062569));
#3307 = DIRECTION('',(-7.986098227084E-02,0.,-0.996806010972));
#3308 = DIRECTION('',(-0.996806010972,0.,7.986098227084E-02));
#3309 = ADVANCED_FACE('',(#3310),#3314,.F.);
#3310 = FACE_BOUND('',#3311,.F.);
#3311 = EDGE_LOOP('',(#3312,#3313));
#3312 = ORIENTED_EDGE('',*,*,#3031,.T.);
#3313 = ORIENTED_EDGE('',*,*,#3016,.T.);
#3314 = PLANE('',#3315);
#3315 = AXIS2_PLACEMENT_3D('',#3316,#3317,#3318);
#3316 = CARTESIAN_POINT('',(180.02796648616,155.,13.765926378536));
#3317 = DIRECTION('',(0.952761213264,0.,-0.303720382093));
#3318 = DIRECTION('',(0.303720382093,0.,0.952761213264));
#3319 = ADVANCED_FACE('',(#3320),#3365,.T.);
#3320 = FACE_BOUND('',#3321,.T.);
#3321 = EDGE_LOOP('',(#3322,#3323,#3331,#3340,#3349,#3356,#3357,#3358));
#3322 = ORIENTED_EDGE('',*,*,#2989,.T.);
#3323 = ORIENTED_EDGE('',*,*,#3324,.T.);
#3324 = EDGE_CURVE('',#2982,#3325,#3327,.T.);
#3325 = VERTEX_POINT('',#3326);
#3326 = CARTESIAN_POINT('',(189.80639256492,155.,14.514890862239));
#3327 = LINE('',#3328,#3329);
#3328 = CARTESIAN_POINT('',(185.10503423623,155.,15.027744895837));
#3329 = VECTOR('',#3330,1.);
#3330 = DIRECTION('',(0.994102664898,0.,-0.108443034089));
#3331 = ORIENTED_EDGE('',*,*,#3332,.F.);
#3332 = EDGE_CURVE('',#3333,#3325,#3335,.T.);
#3333 = VERTEX_POINT('',#3334);
#3334 = CARTESIAN_POINT('',(189.78194572847,157.8,11.70094718252));
#3335 = ELLIPSE('',#3336,2.814049871705,2.8);
#3336 = AXIS2_PLACEMENT_3D('',#3337,#3338,#3339);
#3337 = CARTESIAN_POINT('',(189.78194572847,155.,11.70094718252));
#3338 = DIRECTION('',(0.999962263645,0.,-8.687421176358E-03));
#3339 = DIRECTION('',(-8.687421176358E-03,0.,-0.999962263645));
#3340 = ORIENTED_EDGE('',*,*,#3341,.F.);
#3341 = EDGE_CURVE('',#3342,#3333,#3344,.T.);
#3342 = VERTEX_POINT('',#3343);
#3343 = CARTESIAN_POINT('',(189.78194572847,152.2,11.70094718252));
#3344 = CIRCLE('',#3345,2.8);
#3345 = AXIS2_PLACEMENT_3D('',#3346,#3347,#3348);
#3346 = CARTESIAN_POINT('',(189.78194572847,155.,11.70094718252));
#3347 = DIRECTION('',(0.994102664898,0.,-0.108443034089));
#3348 = DIRECTION('',(0.108443034089,0.,0.994102664898));
#3349 = ORIENTED_EDGE('',*,*,#3350,.F.);
#3350 = EDGE_CURVE('',#3325,#3342,#3351,.T.);
#3351 = ELLIPSE('',#3352,2.814049871705,2.8);
#3352 = AXIS2_PLACEMENT_3D('',#3353,#3354,#3355);
#3353 = CARTESIAN_POINT('',(189.78194572847,155.,11.70094718252));
#3354 = DIRECTION('',(0.999962263645,0.,-8.687421176358E-03));
#3355 = DIRECTION('',(-8.687421176358E-03,0.,-0.999962263645));
#3356 = ORIENTED_EDGE('',*,*,#3324,.F.);
#3357 = ORIENTED_EDGE('',*,*,#3007,.T.);
#3358 = ORIENTED_EDGE('',*,*,#3359,.T.);
#3359 = EDGE_CURVE('',#2999,#2990,#3360,.T.);
#3360 = CIRCLE('',#3361,2.8);
#3361 = AXIS2_PLACEMENT_3D('',#3362,#3363,#3364);
#3362 = CARTESIAN_POINT('',(184.80139374078,155.,12.244257434122));
#3363 = DIRECTION('',(0.994102664898,0.,-0.108443034089));
#3364 = DIRECTION('',(0.108443034089,0.,0.994102664898));
#3365 = CYLINDRICAL_SURFACE('',#3366,2.8);
#3366 = AXIS2_PLACEMENT_3D('',#3367,#3368,#3369);
#3367 = CARTESIAN_POINT('',(184.80139374078,155.,12.244257434122));
#3368 = DIRECTION('',(0.994102664898,0.,-0.108443034089));
#3369 = DIRECTION('',(0.108443034089,0.,0.994102664898));
#3370 = ADVANCED_FACE('',(#3371),#3380,.T.);
#3371 = FACE_BOUND('',#3372,.T.);
#3372 = EDGE_LOOP('',(#3373,#3379));
#3373 = ORIENTED_EDGE('',*,*,#3374,.T.);
#3374 = EDGE_CURVE('',#2990,#2999,#3375,.T.);
#3375 = LINE('',#3376,#3377);
#3376 = CARTESIAN_POINT('',(184.80139374078,155.,12.244257434122));
#3377 = VECTOR('',#3378,1.);
#3378 = DIRECTION('',(0.,-1.,0.));
#3379 = ORIENTED_EDGE('',*,*,#2998,.T.);
#3380 = PLANE('',#3381);
#3381 = AXIS2_PLACEMENT_3D('',#3382,#3383,#3384);
#3382 = CARTESIAN_POINT('',(184.80139374078,155.,12.244257434122));
#3383 = DIRECTION('',(0.952761213264,0.,-0.303720382093));
#3384 = DIRECTION('',(0.303720382093,0.,0.952761213264));
#3385 = ADVANCED_FACE('',(#3386),#3391,.F.);
#3386 = FACE_BOUND('',#3387,.F.);
#3387 = EDGE_LOOP('',(#3388,#3389,#3390));
#3388 = ORIENTED_EDGE('',*,*,#3100,.T.);
#3389 = ORIENTED_EDGE('',*,*,#3092,.T.);
#3390 = ORIENTED_EDGE('',*,*,#3059,.T.);
#3391 = PLANE('',#3392);
#3392 = AXIS2_PLACEMENT_3D('',#3393,#3394,#3395);
#3393 = CARTESIAN_POINT('',(154.23381630335,155.,188.38413408463));
#3394 = DIRECTION('',(-0.615000145985,0.,0.788526994109));
#3395 = DIRECTION('',(0.788526994109,0.,0.615000145985));
#3396 = ADVANCED_FACE('',(#3397),#3407,.T.);
#3397 = FACE_BOUND('',#3398,.T.);
#3398 = EDGE_LOOP('',(#3399,#3400,#3401));
#3399 = ORIENTED_EDGE('',*,*,#3108,.T.);
#3400 = ORIENTED_EDGE('',*,*,#3073,.T.);
#3401 = ORIENTED_EDGE('',*,*,#3402,.T.);
#3402 = EDGE_CURVE('',#3076,#3109,#3403,.T.);
#3403 = LINE('',#3404,#3405);
#3404 = CARTESIAN_POINT('',(151.15260516926,155.,192.33473177089));
#3405 = VECTOR('',#3406,1.);
#3406 = DIRECTION('',(0.,-1.,0.));
#3407 = PLANE('',#3408);
#3408 = AXIS2_PLACEMENT_3D('',#3409,#3410,#3411);
#3409 = CARTESIAN_POINT('',(151.15260516926,155.,192.33473177089));
#3410 = DIRECTION('',(-0.615000145985,0.,0.788526994109));
#3411 = DIRECTION('',(0.788526994109,0.,0.615000145985));
#3412 = ADVANCED_FACE('',(#3413),#3458,.T.);
#3413 = FACE_BOUND('',#3414,.T.);
#3414 = EDGE_LOOP('',(#3415,#3416,#3424,#3433,#3442,#3449,#3450,#3451));
#3415 = ORIENTED_EDGE('',*,*,#3126,.T.);
#3416 = ORIENTED_EDGE('',*,*,#3417,.T.);
#3417 = EDGE_CURVE('',#3118,#3418,#3420,.T.);
#3418 = VERTEX_POINT('',#3419);
#3419 = CARTESIAN_POINT('',(145.73952937641,155.,193.28573116909));
#3420 = LINE('',#3421,#3422);
#3421 = CARTESIAN_POINT('',(149.33071771992,155.,190.20853184569));
#3422 = VECTOR('',#3423,1.);
#3423 = DIRECTION('',(-0.759357116144,0.,0.65067408905));
#3424 = ORIENTED_EDGE('',*,*,#3425,.F.);
#3425 = EDGE_CURVE('',#3426,#3418,#3428,.T.);
#3426 = VERTEX_POINT('',#3427);
#3427 = CARTESIAN_POINT('',(147.34815143654,157.8,195.59467286348));
#3428 = ELLIPSE('',#3429,2.814049871705,2.8);
#3429 = AXIS2_PLACEMENT_3D('',#3430,#3431,#3432);
#3430 = CARTESIAN_POINT('',(147.34815143654,155.,195.59467286348));
#3431 = DIRECTION('',(-0.82050489496,0.,0.571639499464));
#3432 = DIRECTION('',(0.571639499464,0.,0.82050489496));
#3433 = ORIENTED_EDGE('',*,*,#3434,.F.);
#3434 = EDGE_CURVE('',#3435,#3426,#3437,.T.);
#3435 = VERTEX_POINT('',#3436);
#3436 = CARTESIAN_POINT('',(147.34815143654,152.2,195.59467286348));
#3437 = CIRCLE('',#3438,2.8);
#3438 = AXIS2_PLACEMENT_3D('',#3439,#3440,#3441);
#3439 = CARTESIAN_POINT('',(147.34815143654,155.,195.59467286348));
#3440 = DIRECTION('',(-0.759357116144,0.,0.65067408905));
#3441 = DIRECTION('',(-0.65067408905,0.,-0.759357116144));
#3442 = ORIENTED_EDGE('',*,*,#3443,.F.);
#3443 = EDGE_CURVE('',#3418,#3435,#3444,.T.);
#3444 = ELLIPSE('',#3445,2.814049871705,2.8);
#3445 = AXIS2_PLACEMENT_3D('',#3446,#3447,#3448);
#3446 = CARTESIAN_POINT('',(147.34815143654,155.,195.59467286348));
#3447 = DIRECTION('',(-0.82050489496,0.,0.571639499464));
#3448 = DIRECTION('',(0.571639499464,0.,0.82050489496));
#3449 = ORIENTED_EDGE('',*,*,#3417,.F.);
#3450 = ORIENTED_EDGE('',*,*,#3117,.T.);
#3451 = ORIENTED_EDGE('',*,*,#3452,.T.);
#3452 = EDGE_CURVE('',#3109,#3076,#3453,.T.);
#3453 = CIRCLE('',#3454,2.8);
#3454 = AXIS2_PLACEMENT_3D('',#3455,#3456,#3457);
#3455 = CARTESIAN_POINT('',(151.15260516926,155.,192.33473177089));
#3456 = DIRECTION('',(-0.759357116144,0.,0.65067408905));
#3457 = DIRECTION('',(-0.65067408905,0.,-0.759357116144));
#3458 = CYLINDRICAL_SURFACE('',#3459,2.8);
#3459 = AXIS2_PLACEMENT_3D('',#3460,#3461,#3462);
#3460 = CARTESIAN_POINT('',(151.15260516926,155.,192.33473177089));
#3461 = DIRECTION('',(-0.759357116144,0.,0.65067408905));
#3462 = DIRECTION('',(-0.65067408905,0.,-0.759357116144));
#3463 = ADVANCED_FACE('',(#3464),#3469,.T.);
#3464 = FACE_BOUND('',#3465,.T.);
#3465 = EDGE_LOOP('',(#3466,#3467,#3468));
#3466 = ORIENTED_EDGE('',*,*,#3211,.T.);
#3467 = ORIENTED_EDGE('',*,*,#3168,.T.);
#3468 = ORIENTED_EDGE('',*,*,#3154,.T.);
#3469 = PLANE('',#3470);
#3470 = AXIS2_PLACEMENT_3D('',#3471,#3472,#3473);
#3471 = CARTESIAN_POINT('',(215.09496858196,155.,37.302545391333));
#3472 = DIRECTION('',(7.986098227083E-02,0.,0.996806010972));
#3473 = DIRECTION('',(0.996806010972,0.,-7.986098227083E-02));
#3474 = ADVANCED_FACE('',(#3475),#3485,.F.);
#3475 = FACE_BOUND('',#3476,.F.);
#3476 = EDGE_LOOP('',(#3477,#3478,#3479));
#3477 = ORIENTED_EDGE('',*,*,#3203,.T.);
#3478 = ORIENTED_EDGE('',*,*,#3185,.T.);
#3479 = ORIENTED_EDGE('',*,*,#3480,.T.);
#3480 = EDGE_CURVE('',#3186,#3195,#3481,.T.);
#3481 = LINE('',#3482,#3483);
#3482 = CARTESIAN_POINT('',(214.69485721717,155.,32.308449374304));
#3483 = VECTOR('',#3484,1.);
#3484 = DIRECTION('',(0.,-1.,0.));
#3485 = PLANE('',#3486);
#3486 = AXIS2_PLACEMENT_3D('',#3487,#3488,#3489);
#3487 = CARTESIAN_POINT('',(214.69485721717,155.,32.308449374304));
#3488 = DIRECTION('',(7.986098227083E-02,0.,0.996806010972));
#3489 = DIRECTION('',(0.996806010972,0.,-7.986098227083E-02));
#3490 = ADVANCED_FACE('',(#3491),#3544,.T.);
#3491 = FACE_BOUND('',#3492,.T.);
#3492 = EDGE_LOOP('',(#3493,#3502,#3510,#3519,#3528,#3535,#3536,#3543));
#3493 = ORIENTED_EDGE('',*,*,#3494,.F.);
#3494 = EDGE_CURVE('',#3495,#3186,#3497,.T.);
#3495 = VERTEX_POINT('',#3496);
#3496 = CARTESIAN_POINT('',(217.38590181417,155.,31.534964418409));
#3497 = CIRCLE('',#3498,2.8);
#3498 = AXIS2_PLACEMENT_3D('',#3499,#3500,#3501);
#3499 = CARTESIAN_POINT('',(214.69485721717,155.,32.308449374304));
#3500 = DIRECTION('',(0.276244627105,-0.,0.961087356069));
#3501 = DIRECTION('',(0.961087356069,0.,-0.276244627105));
#3502 = ORIENTED_EDGE('',*,*,#3503,.F.);
#3503 = EDGE_CURVE('',#3504,#3495,#3506,.T.);
#3504 = VERTEX_POINT('',#3505);
#3505 = CARTESIAN_POINT('',(216.00188910079,155.,26.719822370581));
#3506 = LINE('',#3507,#3508);
#3507 = CARTESIAN_POINT('',(216.00188910079,155.,26.719822370581));
#3508 = VECTOR('',#3509,1.);
#3509 = DIRECTION('',(0.276244627105,0.,0.961087356069));
#3510 = ORIENTED_EDGE('',*,*,#3511,.T.);
#3511 = EDGE_CURVE('',#3504,#3512,#3514,.T.);
#3512 = VERTEX_POINT('',#3513);
#3513 = CARTESIAN_POINT('',(213.3108445038,157.8,27.493307326476));
#3514 = CIRCLE('',#3515,2.8);
#3515 = AXIS2_PLACEMENT_3D('',#3516,#3517,#3518);
#3516 = CARTESIAN_POINT('',(213.3108445038,155.,27.493307326476));
#3517 = DIRECTION('',(0.276244627105,-0.,0.961087356069));
#3518 = DIRECTION('',(0.961087356069,0.,-0.276244627105));
#3519 = ORIENTED_EDGE('',*,*,#3520,.T.);
#3520 = EDGE_CURVE('',#3512,#3521,#3523,.T.);
#3521 = VERTEX_POINT('',#3522);
#3522 = CARTESIAN_POINT('',(213.3108445038,152.2,27.493307326476));
#3523 = ELLIPSE('',#3524,2.814049871705,2.8);
#3524 = AXIS2_PLACEMENT_3D('',#3525,#3526,#3527);
#3525 = CARTESIAN_POINT('',(213.3108445038,155.,27.493307326476));
#3526 = DIRECTION('',(0.370784568666,-0.,0.928718904534));
#3527 = DIRECTION('',(0.928718904534,0.,-0.370784568666));
#3528 = ORIENTED_EDGE('',*,*,#3529,.T.);
#3529 = EDGE_CURVE('',#3521,#3504,#3530,.T.);
#3530 = CIRCLE('',#3531,2.8);
#3531 = AXIS2_PLACEMENT_3D('',#3532,#3533,#3534);
#3532 = CARTESIAN_POINT('',(213.3108445038,155.,27.493307326476));
#3533 = DIRECTION('',(0.276244627105,-0.,0.961087356069));
#3534 = DIRECTION('',(0.961087356069,0.,-0.276244627105));
#3535 = ORIENTED_EDGE('',*,*,#3503,.T.);
#3536 = ORIENTED_EDGE('',*,*,#3537,.F.);
#3537 = EDGE_CURVE('',#3195,#3495,#3538,.T.);
#3538 = CIRCLE('',#3539,2.8);
#3539 = AXIS2_PLACEMENT_3D('',#3540,#3541,#3542);
#3540 = CARTESIAN_POINT('',(214.69485721717,155.,32.308449374304));
#3541 = DIRECTION('',(0.276244627105,-0.,0.961087356069));
#3542 = DIRECTION('',(0.961087356069,0.,-0.276244627105));
#3543 = ORIENTED_EDGE('',*,*,#3194,.F.);
#3544 = CYLINDRICAL_SURFACE('',#3545,2.8);
#3545 = AXIS2_PLACEMENT_3D('',#3546,#3547,#3548);
#3546 = CARTESIAN_POINT('',(213.3108445038,155.,27.493307326476));
#3547 = DIRECTION('',(0.276244627105,0.,0.961087356069));
#3548 = DIRECTION('',(0.961087356069,0.,-0.276244627105));
#3549 = ADVANCED_FACE('',(#3550),#3555,.T.);
#3550 = FACE_BOUND('',#3551,.T.);
#3551 = EDGE_LOOP('',(#3552,#3553,#3554));
#3552 = ORIENTED_EDGE('',*,*,#3297,.T.);
#3553 = ORIENTED_EDGE('',*,*,#3254,.T.);
#3554 = ORIENTED_EDGE('',*,*,#3240,.T.);
#3555 = PLANE('',#3556);
#3556 = AXIS2_PLACEMENT_3D('',#3557,#3558,#3559);
#3557 = CARTESIAN_POINT('',(107.90503141803,155.,174.49745460866));
#3558 = DIRECTION('',(-7.986098227084E-02,0.,-0.996806010972));
#3559 = DIRECTION('',(-0.996806010972,0.,7.986098227084E-02));
#3560 = ADVANCED_FACE('',(#3561),#3571,.F.);
#3561 = FACE_BOUND('',#3562,.F.);
#3562 = EDGE_LOOP('',(#3563,#3564,#3565));
#3563 = ORIENTED_EDGE('',*,*,#3289,.T.);
#3564 = ORIENTED_EDGE('',*,*,#3271,.T.);
#3565 = ORIENTED_EDGE('',*,*,#3566,.T.);
#3566 = EDGE_CURVE('',#3272,#3281,#3567,.T.);
#3567 = LINE('',#3568,#3569);
#3568 = CARTESIAN_POINT('',(108.30514278282,155.,179.49155062569));
#3569 = VECTOR('',#3570,1.);
#3570 = DIRECTION('',(0.,-1.,0.));
#3571 = PLANE('',#3572);
#3572 = AXIS2_PLACEMENT_3D('',#3573,#3574,#3575);
#3573 = CARTESIAN_POINT('',(108.30514278282,155.,179.49155062569));
#3574 = DIRECTION('',(-7.986098227084E-02,0.,-0.996806010972));
#3575 = DIRECTION('',(-0.996806010972,0.,7.986098227084E-02));
#3576 = ADVANCED_FACE('',(#3577),#3630,.T.);
#3577 = FACE_BOUND('',#3578,.T.);
#3578 = EDGE_LOOP('',(#3579,#3588,#3596,#3605,#3614,#3621,#3622,#3629));
#3579 = ORIENTED_EDGE('',*,*,#3580,.F.);
#3580 = EDGE_CURVE('',#3581,#3272,#3583,.T.);
#3581 = VERTEX_POINT('',#3582);
#3582 = CARTESIAN_POINT('',(105.61409818582,155.,180.26503558159));
#3583 = CIRCLE('',#3584,2.8);
#3584 = AXIS2_PLACEMENT_3D('',#3585,#3586,#3587);
#3585 = CARTESIAN_POINT('',(108.30514278282,155.,179.49155062569));
#3586 = DIRECTION('',(-0.276244627105,0.,-0.961087356069));
#3587 = DIRECTION('',(-0.961087356069,0.,0.276244627105));
#3588 = ORIENTED_EDGE('',*,*,#3589,.F.);
#3589 = EDGE_CURVE('',#3590,#3581,#3592,.T.);
#3590 = VERTEX_POINT('',#3591);
#3591 = CARTESIAN_POINT('',(106.9981108992,155.,185.08017762941));
#3592 = LINE('',#3593,#3594);
#3593 = CARTESIAN_POINT('',(106.9981108992,155.,185.08017762941));
#3594 = VECTOR('',#3595,1.);
#3595 = DIRECTION('',(-0.276244627105,0.,-0.961087356069));
#3596 = ORIENTED_EDGE('',*,*,#3597,.T.);
#3597 = EDGE_CURVE('',#3590,#3598,#3600,.T.);
#3598 = VERTEX_POINT('',#3599);
#3599 = CARTESIAN_POINT('',(109.68915549619,157.8,184.30669267352));
#3600 = CIRCLE('',#3601,2.8);
#3601 = AXIS2_PLACEMENT_3D('',#3602,#3603,#3604);
#3602 = CARTESIAN_POINT('',(109.68915549619,155.,184.30669267352));
#3603 = DIRECTION('',(-0.276244627105,0.,-0.961087356069));
#3604 = DIRECTION('',(-0.961087356069,0.,0.276244627105));
#3605 = ORIENTED_EDGE('',*,*,#3606,.T.);
#3606 = EDGE_CURVE('',#3598,#3607,#3609,.T.);
#3607 = VERTEX_POINT('',#3608);
#3608 = CARTESIAN_POINT('',(109.68915549619,152.2,184.30669267352));
#3609 = ELLIPSE('',#3610,2.814049871705,2.8);
#3610 = AXIS2_PLACEMENT_3D('',#3611,#3612,#3613);
#3611 = CARTESIAN_POINT('',(109.68915549619,155.,184.30669267352));
#3612 = DIRECTION('',(-0.370784568666,0.,-0.928718904534));
#3613 = DIRECTION('',(-0.928718904534,0.,0.370784568666));
#3614 = ORIENTED_EDGE('',*,*,#3615,.T.);
#3615 = EDGE_CURVE('',#3607,#3590,#3616,.T.);
#3616 = CIRCLE('',#3617,2.8);
#3617 = AXIS2_PLACEMENT_3D('',#3618,#3619,#3620);
#3618 = CARTESIAN_POINT('',(109.68915549619,155.,184.30669267352));
#3619 = DIRECTION('',(-0.276244627105,0.,-0.961087356069));
#3620 = DIRECTION('',(-0.961087356069,0.,0.276244627105));
#3621 = ORIENTED_EDGE('',*,*,#3589,.T.);
#3622 = ORIENTED_EDGE('',*,*,#3623,.F.);
#3623 = EDGE_CURVE('',#3281,#3581,#3624,.T.);
#3624 = CIRCLE('',#3625,2.8);
#3625 = AXIS2_PLACEMENT_3D('',#3626,#3627,#3628);
#3626 = CARTESIAN_POINT('',(108.30514278282,155.,179.49155062569));
#3627 = DIRECTION('',(-0.276244627105,0.,-0.961087356069));
#3628 = DIRECTION('',(-0.961087356069,0.,0.276244627105));
#3629 = ORIENTED_EDGE('',*,*,#3280,.F.);
#3630 = CYLINDRICAL_SURFACE('',#3631,2.8);
#3631 = AXIS2_PLACEMENT_3D('',#3632,#3633,#3634);
#3632 = CARTESIAN_POINT('',(109.68915549619,155.,184.30669267352));
#3633 = DIRECTION('',(-0.276244627105,0.,-0.961087356069));
#3634 = DIRECTION('',(-0.961087356069,0.,0.276244627105));
#3635 = ADVANCED_FACE('',(#3636),#3640,.F.);
#3636 = FACE_BOUND('',#3637,.F.);
#3637 = EDGE_LOOP('',(#3638,#3639));
#3638 = ORIENTED_EDGE('',*,*,#3374,.T.);
#3639 = ORIENTED_EDGE('',*,*,#3359,.T.);
#3640 = PLANE('',#3641);
#3641 = AXIS2_PLACEMENT_3D('',#3642,#3643,#3644);
#3642 = CARTESIAN_POINT('',(184.80139374078,155.,12.244257434122));
#3643 = DIRECTION('',(0.994102664898,0.,-0.108443034089));
#3644 = DIRECTION('',(0.108443034089,0.,0.994102664898));
#3645 = ADVANCED_FACE('',(#3646),#3691,.T.);
#3646 = FACE_BOUND('',#3647,.T.);
#3647 = EDGE_LOOP('',(#3648,#3649,#3657,#3666,#3675,#3682,#3683,#3684));
#3648 = ORIENTED_EDGE('',*,*,#3332,.T.);
#3649 = ORIENTED_EDGE('',*,*,#3650,.T.);
#3650 = EDGE_CURVE('',#3325,#3651,#3653,.T.);
#3651 = VERTEX_POINT('',#3652);
#3652 = CARTESIAN_POINT('',(194.23627101139,155.,14.920384348922));
#3653 = LINE('',#3654,#3655);
#3654 = CARTESIAN_POINT('',(189.5267118961,155.,14.489290004128));
#3655 = VECTOR('',#3656,1.);
#3656 = DIRECTION('',(0.995836722003,0.,9.115494013023E-02));
#3657 = ORIENTED_EDGE('',*,*,#3658,.F.);
#3658 = EDGE_CURVE('',#3659,#3651,#3661,.T.);
#3659 = VERTEX_POINT('',#3660);
#3660 = CARTESIAN_POINT('',(194.77118551256,157.8,12.157642385424));
#3661 = ELLIPSE('',#3662,2.814049871705,2.8);
#3662 = AXIS2_PLACEMENT_3D('',#3663,#3664,#3665);
#3663 = CARTESIAN_POINT('',(194.77118551256,155.,12.157642385424));
#3664 = DIRECTION('',(0.98176723564,-0.,0.190087072214));
#3665 = DIRECTION('',(0.190087072214,0.,-0.98176723564));
#3666 = ORIENTED_EDGE('',*,*,#3667,.F.);
#3667 = EDGE_CURVE('',#3668,#3659,#3670,.T.);
#3668 = VERTEX_POINT('',#3669);
#3669 = CARTESIAN_POINT('',(194.77118551256,152.2,12.157642385424));
#3670 = CIRCLE('',#3671,2.8);
#3671 = AXIS2_PLACEMENT_3D('',#3672,#3673,#3674);
#3672 = CARTESIAN_POINT('',(194.77118551256,155.,12.157642385424));
#3673 = DIRECTION('',(0.995836722003,0.,9.115494013023E-02));
#3674 = DIRECTION('',(-9.115494013023E-02,0.,0.995836722003));
#3675 = ORIENTED_EDGE('',*,*,#3676,.F.);
#3676 = EDGE_CURVE('',#3651,#3668,#3677,.T.);
#3677 = ELLIPSE('',#3678,2.814049871705,2.8);
#3678 = AXIS2_PLACEMENT_3D('',#3679,#3680,#3681);
#3679 = CARTESIAN_POINT('',(194.77118551256,155.,12.157642385424));
#3680 = DIRECTION('',(0.98176723564,-0.,0.190087072214));
#3681 = DIRECTION('',(0.190087072214,0.,-0.98176723564));
#3682 = ORIENTED_EDGE('',*,*,#3650,.F.);
#3683 = ORIENTED_EDGE('',*,*,#3350,.T.);
#3684 = ORIENTED_EDGE('',*,*,#3685,.T.);
#3685 = EDGE_CURVE('',#3342,#3333,#3686,.T.);
#3686 = CIRCLE('',#3687,2.8);
#3687 = AXIS2_PLACEMENT_3D('',#3688,#3689,#3690);
#3688 = CARTESIAN_POINT('',(189.78194572847,155.,11.70094718252));
#3689 = DIRECTION('',(0.995836722003,0.,9.115494013023E-02));
#3690 = DIRECTION('',(-9.115494013023E-02,0.,0.995836722003));
#3691 = CYLINDRICAL_SURFACE('',#3692,2.8);
#3692 = AXIS2_PLACEMENT_3D('',#3693,#3694,#3695);
#3693 = CARTESIAN_POINT('',(189.78194572847,155.,11.70094718252));
#3694 = DIRECTION('',(0.995836722003,0.,9.115494013023E-02));
#3695 = DIRECTION('',(-9.115494013023E-02,0.,0.995836722003));
#3696 = ADVANCED_FACE('',(#3697),#3706,.T.);
#3697 = FACE_BOUND('',#3698,.T.);
#3698 = EDGE_LOOP('',(#3699,#3705));
#3699 = ORIENTED_EDGE('',*,*,#3700,.T.);
#3700 = EDGE_CURVE('',#3333,#3342,#3701,.T.);
#3701 = LINE('',#3702,#3703);
#3702 = CARTESIAN_POINT('',(189.78194572847,155.,11.70094718252));
#3703 = VECTOR('',#3704,1.);
#3704 = DIRECTION('',(0.,-1.,0.));
#3705 = ORIENTED_EDGE('',*,*,#3341,.T.);
#3706 = PLANE('',#3707);
#3707 = AXIS2_PLACEMENT_3D('',#3708,#3709,#3710);
#3708 = CARTESIAN_POINT('',(189.78194572847,155.,11.70094718252));
#3709 = DIRECTION('',(0.994102664898,0.,-0.108443034089));
#3710 = DIRECTION('',(0.108443034089,0.,0.994102664898));
#3711 = ADVANCED_FACE('',(#3712),#3716,.F.);
#3712 = FACE_BOUND('',#3713,.F.);
#3713 = EDGE_LOOP('',(#3714,#3715));
#3714 = ORIENTED_EDGE('',*,*,#3402,.T.);
#3715 = ORIENTED_EDGE('',*,*,#3452,.T.);
#3716 = PLANE('',#3717);
#3717 = AXIS2_PLACEMENT_3D('',#3718,#3719,#3720);
#3718 = CARTESIAN_POINT('',(151.15260516926,155.,192.33473177089));
#3719 = DIRECTION('',(-0.759357116144,0.,0.65067408905));
#3720 = DIRECTION('',(-0.65067408905,0.,-0.759357116144));
#3721 = ADVANCED_FACE('',(#3722),#3767,.T.);
#3722 = FACE_BOUND('',#3723,.T.);
#3723 = EDGE_LOOP('',(#3724,#3725,#3733,#3742,#3751,#3758,#3759,#3760));
#3724 = ORIENTED_EDGE('',*,*,#3425,.T.);
#3725 = ORIENTED_EDGE('',*,*,#3726,.T.);
#3726 = EDGE_CURVE('',#3418,#3727,#3729,.T.);
#3727 = VERTEX_POINT('',#3728);
#3728 = CARTESIAN_POINT('',(141.85403352856,155.,195.45164207089));
#3729 = LINE('',#3730,#3731);
#3730 = CARTESIAN_POINT('',(145.98484041384,155.,193.148986241));
#3731 = VECTOR('',#3732,1.);
#3732 = DIRECTION('',(-0.873459508029,0.,0.486896793821));
#3733 = ORIENTED_EDGE('',*,*,#3734,.F.);
#3734 = EDGE_CURVE('',#3735,#3727,#3737,.T.);
#3735 = VERTEX_POINT('',#3736);
#3736 = CARTESIAN_POINT('',(142.97203351383,157.8,198.03407362146));
#3737 = ELLIPSE('',#3738,2.814049871705,2.8);
#3738 = AXIS2_PLACEMENT_3D('',#3739,#3740,#3741);
#3739 = CARTESIAN_POINT('',(142.97203351383,155.,198.03407362146));
#3740 = DIRECTION('',(-0.917692176154,0.,0.397292171866));
#3741 = DIRECTION('',(0.397292171866,0.,0.917692176154));
#3742 = ORIENTED_EDGE('',*,*,#3743,.F.);
#3743 = EDGE_CURVE('',#3744,#3735,#3746,.T.);
#3744 = VERTEX_POINT('',#3745);
#3745 = CARTESIAN_POINT('',(142.97203351383,152.2,198.03407362146));
#3746 = CIRCLE('',#3747,2.8);
#3747 = AXIS2_PLACEMENT_3D('',#3748,#3749,#3750);
#3748 = CARTESIAN_POINT('',(142.97203351383,155.,198.03407362146));
#3749 = DIRECTION('',(-0.873459508029,0.,0.486896793821));
#3750 = DIRECTION('',(-0.486896793821,0.,-0.873459508029));
#3751 = ORIENTED_EDGE('',*,*,#3752,.F.);
#3752 = EDGE_CURVE('',#3727,#3744,#3753,.T.);
#3753 = ELLIPSE('',#3754,2.814049871705,2.8);
#3754 = AXIS2_PLACEMENT_3D('',#3755,#3756,#3757);
#3755 = CARTESIAN_POINT('',(142.97203351383,155.,198.03407362146));
#3756 = DIRECTION('',(-0.917692176154,0.,0.397292171866));
#3757 = DIRECTION('',(0.397292171866,0.,0.917692176154));
#3758 = ORIENTED_EDGE('',*,*,#3726,.F.);
#3759 = ORIENTED_EDGE('',*,*,#3443,.T.);
#3760 = ORIENTED_EDGE('',*,*,#3761,.T.);
#3761 = EDGE_CURVE('',#3435,#3426,#3762,.T.);
#3762 = CIRCLE('',#3763,2.8);
#3763 = AXIS2_PLACEMENT_3D('',#3764,#3765,#3766);
#3764 = CARTESIAN_POINT('',(147.34815143654,155.,195.59467286348));
#3765 = DIRECTION('',(-0.873459508029,0.,0.486896793821));
#3766 = DIRECTION('',(-0.486896793821,0.,-0.873459508029));
#3767 = CYLINDRICAL_SURFACE('',#3768,2.8);
#3768 = AXIS2_PLACEMENT_3D('',#3769,#3770,#3771);
#3769 = CARTESIAN_POINT('',(147.34815143654,155.,195.59467286348));
#3770 = DIRECTION('',(-0.873459508029,0.,0.486896793821));
#3771 = DIRECTION('',(-0.486896793821,0.,-0.873459508029));
#3772 = ADVANCED_FACE('',(#3773),#3782,.T.);
#3773 = FACE_BOUND('',#3774,.T.);
#3774 = EDGE_LOOP('',(#3775,#3781));
#3775 = ORIENTED_EDGE('',*,*,#3776,.T.);
#3776 = EDGE_CURVE('',#3426,#3435,#3777,.T.);
#3777 = LINE('',#3778,#3779);
#3778 = CARTESIAN_POINT('',(147.34815143654,155.,195.59467286348));
#3779 = VECTOR('',#3780,1.);
#3780 = DIRECTION('',(0.,-1.,0.));
#3781 = ORIENTED_EDGE('',*,*,#3434,.T.);
#3782 = PLANE('',#3783);
#3783 = AXIS2_PLACEMENT_3D('',#3784,#3785,#3786);
#3784 = CARTESIAN_POINT('',(147.34815143654,155.,195.59467286348));
#3785 = DIRECTION('',(-0.759357116144,0.,0.65067408905));
#3786 = DIRECTION('',(-0.65067408905,0.,-0.759357116144));
#3787 = ADVANCED_FACE('',(#3788),#3793,.T.);
#3788 = FACE_BOUND('',#3789,.T.);
#3789 = EDGE_LOOP('',(#3790,#3791,#3792));
#3790 = ORIENTED_EDGE('',*,*,#3537,.T.);
#3791 = ORIENTED_EDGE('',*,*,#3494,.T.);
#3792 = ORIENTED_EDGE('',*,*,#3480,.T.);
#3793 = PLANE('',#3794);
#3794 = AXIS2_PLACEMENT_3D('',#3795,#3796,#3797);
#3795 = CARTESIAN_POINT('',(214.69485721717,155.,32.308449374304));
#3796 = DIRECTION('',(0.276244627105,0.,0.961087356069));
#3797 = DIRECTION('',(0.961087356069,0.,-0.276244627105));
#3798 = ADVANCED_FACE('',(#3799),#3809,.F.);
#3799 = FACE_BOUND('',#3800,.F.);
#3800 = EDGE_LOOP('',(#3801,#3802,#3803));
#3801 = ORIENTED_EDGE('',*,*,#3529,.T.);
#3802 = ORIENTED_EDGE('',*,*,#3511,.T.);
#3803 = ORIENTED_EDGE('',*,*,#3804,.T.);
#3804 = EDGE_CURVE('',#3512,#3521,#3805,.T.);
#3805 = LINE('',#3806,#3807);
#3806 = CARTESIAN_POINT('',(213.3108445038,155.,27.493307326476));
#3807 = VECTOR('',#3808,1.);
#3808 = DIRECTION('',(0.,-1.,0.));
#3809 = PLANE('',#3810);
#3810 = AXIS2_PLACEMENT_3D('',#3811,#3812,#3813);
#3811 = CARTESIAN_POINT('',(213.3108445038,155.,27.493307326476));
#3812 = DIRECTION('',(0.276244627105,0.,0.961087356069));
#3813 = DIRECTION('',(0.961087356069,0.,-0.276244627105));
#3814 = ADVANCED_FACE('',(#3815),#3868,.T.);
#3815 = FACE_BOUND('',#3816,.T.);
#3816 = EDGE_LOOP('',(#3817,#3826,#3834,#3843,#3852,#3859,#3860,#3867));
#3817 = ORIENTED_EDGE('',*,*,#3818,.F.);
#3818 = EDGE_CURVE('',#3819,#3512,#3821,.T.);
#3819 = VERTEX_POINT('',#3820);
#3820 = CARTESIAN_POINT('',(215.79465930412,155.,26.200765629771));
#3821 = CIRCLE('',#3822,2.8);
#3822 = AXIS2_PLACEMENT_3D('',#3823,#3824,#3825);
#3823 = CARTESIAN_POINT('',(213.3108445038,155.,27.493307326476));
#3824 = DIRECTION('',(0.461622034537,-0.,0.887076714399));
#3825 = DIRECTION('',(0.887076714399,0.,-0.461622034537));
#3826 = ORIENTED_EDGE('',*,*,#3827,.F.);
#3827 = EDGE_CURVE('',#3828,#3819,#3830,.T.);
#3828 = VERTEX_POINT('',#3829);
#3829 = CARTESIAN_POINT('',(213.48188757253,155.,21.756424165719));
#3830 = LINE('',#3831,#3832);
#3831 = CARTESIAN_POINT('',(213.48188757253,155.,21.756424165719));
#3832 = VECTOR('',#3833,1.);
#3833 = DIRECTION('',(0.461622034537,0.,0.887076714399));
#3834 = ORIENTED_EDGE('',*,*,#3835,.T.);
#3835 = EDGE_CURVE('',#3828,#3836,#3838,.T.);
#3836 = VERTEX_POINT('',#3837);
#3837 = CARTESIAN_POINT('',(210.99807277221,157.8,23.048965862424));
#3838 = CIRCLE('',#3839,2.8);
#3839 = AXIS2_PLACEMENT_3D('',#3840,#3841,#3842);
#3840 = CARTESIAN_POINT('',(210.99807277221,155.,23.048965862424));
#3841 = DIRECTION('',(0.461622034537,-0.,0.887076714399));
#3842 = DIRECTION('',(0.887076714399,0.,-0.461622034537));
#3843 = ORIENTED_EDGE('',*,*,#3844,.T.);
#3844 = EDGE_CURVE('',#3836,#3845,#3847,.T.);
#3845 = VERTEX_POINT('',#3846);
#3846 = CARTESIAN_POINT('',(210.99807277221,152.2,23.048965862424));
#3847 = ELLIPSE('',#3848,2.814049871705,2.8);
#3848 = AXIS2_PLACEMENT_3D('',#3849,#3850,#3851);
#3849 = CARTESIAN_POINT('',(210.99807277221,155.,23.048965862424));
#3850 = DIRECTION('',(0.54784996564,-0.,0.836576604471));
#3851 = DIRECTION('',(0.836576604471,0.,-0.54784996564));
#3852 = ORIENTED_EDGE('',*,*,#3853,.T.);
#3853 = EDGE_CURVE('',#3845,#3828,#3854,.T.);
#3854 = CIRCLE('',#3855,2.8);
#3855 = AXIS2_PLACEMENT_3D('',#3856,#3857,#3858);
#3856 = CARTESIAN_POINT('',(210.99807277221,155.,23.048965862424));
#3857 = DIRECTION('',(0.461622034537,-0.,0.887076714399));
#3858 = DIRECTION('',(0.887076714399,0.,-0.461622034537));
#3859 = ORIENTED_EDGE('',*,*,#3827,.T.);
#3860 = ORIENTED_EDGE('',*,*,#3861,.F.);
#3861 = EDGE_CURVE('',#3521,#3819,#3862,.T.);
#3862 = CIRCLE('',#3863,2.8);
#3863 = AXIS2_PLACEMENT_3D('',#3864,#3865,#3866);
#3864 = CARTESIAN_POINT('',(213.3108445038,155.,27.493307326476));
#3865 = DIRECTION('',(0.461622034537,-0.,0.887076714399));
#3866 = DIRECTION('',(0.887076714399,0.,-0.461622034537));
#3867 = ORIENTED_EDGE('',*,*,#3520,.F.);
#3868 = CYLINDRICAL_SURFACE('',#3869,2.8);
#3869 = AXIS2_PLACEMENT_3D('',#3870,#3871,#3872);
#3870 = CARTESIAN_POINT('',(210.99807277221,155.,23.048965862424));
#3871 = DIRECTION('',(0.461622034537,0.,0.887076714399));
#3872 = DIRECTION('',(0.887076714399,0.,-0.461622034537));
#3873 = ADVANCED_FACE('',(#3874),#3879,.T.);
#3874 = FACE_BOUND('',#3875,.T.);
#3875 = EDGE_LOOP('',(#3876,#3877,#3878));
#3876 = ORIENTED_EDGE('',*,*,#3623,.T.);
#3877 = ORIENTED_EDGE('',*,*,#3580,.T.);
#3878 = ORIENTED_EDGE('',*,*,#3566,.T.);
#3879 = PLANE('',#3880);
#3880 = AXIS2_PLACEMENT_3D('',#3881,#3882,#3883);
#3881 = CARTESIAN_POINT('',(108.30514278282,155.,179.49155062569));
#3882 = DIRECTION('',(-0.276244627105,0.,-0.961087356069));
#3883 = DIRECTION('',(-0.961087356069,0.,0.276244627105));
#3884 = ADVANCED_FACE('',(#3885),#3895,.F.);
#3885 = FACE_BOUND('',#3886,.F.);
#3886 = EDGE_LOOP('',(#3887,#3888,#3889));
#3887 = ORIENTED_EDGE('',*,*,#3615,.T.);
#3888 = ORIENTED_EDGE('',*,*,#3597,.T.);
#3889 = ORIENTED_EDGE('',*,*,#3890,.T.);
#3890 = EDGE_CURVE('',#3598,#3607,#3891,.T.);
#3891 = LINE('',#3892,#3893);
#3892 = CARTESIAN_POINT('',(109.68915549619,155.,184.30669267352));
#3893 = VECTOR('',#3894,1.);
#3894 = DIRECTION('',(0.,-1.,0.));
#3895 = PLANE('',#3896);
#3896 = AXIS2_PLACEMENT_3D('',#3897,#3898,#3899);
#3897 = CARTESIAN_POINT('',(109.68915549619,155.,184.30669267352));
#3898 = DIRECTION('',(-0.276244627105,0.,-0.961087356069));
#3899 = DIRECTION('',(-0.961087356069,0.,0.276244627105));
#3900 = ADVANCED_FACE('',(#3901),#3954,.T.);
#3901 = FACE_BOUND('',#3902,.T.);
#3902 = EDGE_LOOP('',(#3903,#3912,#3920,#3929,#3938,#3945,#3946,#3953));
#3903 = ORIENTED_EDGE('',*,*,#3904,.F.);
#3904 = EDGE_CURVE('',#3905,#3598,#3907,.T.);
#3905 = VERTEX_POINT('',#3906);
#3906 = CARTESIAN_POINT('',(107.20534069587,155.,185.59923437022));
#3907 = CIRCLE('',#3908,2.8);
#3908 = AXIS2_PLACEMENT_3D('',#3909,#3910,#3911);
#3909 = CARTESIAN_POINT('',(109.68915549619,155.,184.30669267352));
#3910 = DIRECTION('',(-0.461622034537,0.,-0.887076714399));
#3911 = DIRECTION('',(-0.887076714399,0.,0.461622034537));
#3912 = ORIENTED_EDGE('',*,*,#3913,.F.);
#3913 = EDGE_CURVE('',#3914,#3905,#3916,.T.);
#3914 = VERTEX_POINT('',#3915);
#3915 = CARTESIAN_POINT('',(109.51811242746,155.,190.04357583428));
#3916 = LINE('',#3917,#3918);
#3917 = CARTESIAN_POINT('',(109.51811242746,155.,190.04357583428));
#3918 = VECTOR('',#3919,1.);
#3919 = DIRECTION('',(-0.461622034537,-0.,-0.887076714399));
#3920 = ORIENTED_EDGE('',*,*,#3921,.T.);
#3921 = EDGE_CURVE('',#3914,#3922,#3924,.T.);
#3922 = VERTEX_POINT('',#3923);
#3923 = CARTESIAN_POINT('',(112.00192722778,157.8,188.75103413757));
#3924 = CIRCLE('',#3925,2.8);
#3925 = AXIS2_PLACEMENT_3D('',#3926,#3927,#3928);
#3926 = CARTESIAN_POINT('',(112.00192722778,155.,188.75103413757));
#3927 = DIRECTION('',(-0.461622034537,0.,-0.887076714399));
#3928 = DIRECTION('',(-0.887076714399,0.,0.461622034537));
#3929 = ORIENTED_EDGE('',*,*,#3930,.T.);
#3930 = EDGE_CURVE('',#3922,#3931,#3933,.T.);
#3931 = VERTEX_POINT('',#3932);
#3932 = CARTESIAN_POINT('',(112.00192722778,152.2,188.75103413757));
#3933 = ELLIPSE('',#3934,2.814049871705,2.8);
#3934 = AXIS2_PLACEMENT_3D('',#3935,#3936,#3937);
#3935 = CARTESIAN_POINT('',(112.00192722778,155.,188.75103413757));
#3936 = DIRECTION('',(-0.54784996564,0.,-0.836576604471));
#3937 = DIRECTION('',(-0.836576604471,0.,0.54784996564));
#3938 = ORIENTED_EDGE('',*,*,#3939,.T.);
#3939 = EDGE_CURVE('',#3931,#3914,#3940,.T.);
#3940 = CIRCLE('',#3941,2.8);
#3941 = AXIS2_PLACEMENT_3D('',#3942,#3943,#3944);
#3942 = CARTESIAN_POINT('',(112.00192722778,155.,188.75103413757));
#3943 = DIRECTION('',(-0.461622034537,0.,-0.887076714399));
#3944 = DIRECTION('',(-0.887076714399,0.,0.461622034537));
#3945 = ORIENTED_EDGE('',*,*,#3913,.T.);
#3946 = ORIENTED_EDGE('',*,*,#3947,.F.);
#3947 = EDGE_CURVE('',#3607,#3905,#3948,.T.);
#3948 = CIRCLE('',#3949,2.8);
#3949 = AXIS2_PLACEMENT_3D('',#3950,#3951,#3952);
#3950 = CARTESIAN_POINT('',(109.68915549619,155.,184.30669267352));
#3951 = DIRECTION('',(-0.461622034537,0.,-0.887076714399));
#3952 = DIRECTION('',(-0.887076714399,0.,0.461622034537));
#3953 = ORIENTED_EDGE('',*,*,#3606,.F.);
#3954 = CYLINDRICAL_SURFACE('',#3955,2.8);
#3955 = AXIS2_PLACEMENT_3D('',#3956,#3957,#3958);
#3956 = CARTESIAN_POINT('',(112.00192722778,155.,188.75103413757));
#3957 = DIRECTION('',(-0.461622034537,0.,-0.887076714399));
#3958 = DIRECTION('',(-0.887076714399,0.,0.461622034537));
#3959 = ADVANCED_FACE('',(#3960),#3964,.F.);
#3960 = FACE_BOUND('',#3961,.F.);
#3961 = EDGE_LOOP('',(#3962,#3963));
#3962 = ORIENTED_EDGE('',*,*,#3700,.T.);
#3963 = ORIENTED_EDGE('',*,*,#3685,.T.);
#3964 = PLANE('',#3965);
#3965 = AXIS2_PLACEMENT_3D('',#3966,#3967,#3968);
#3966 = CARTESIAN_POINT('',(189.78194572847,155.,11.70094718252));
#3967 = DIRECTION('',(0.995836722003,0.,9.115494013023E-02));
#3968 = DIRECTION('',(-9.115494013023E-02,0.,0.995836722003));
#3969 = ADVANCED_FACE('',(#3970),#4015,.T.);
#3970 = FACE_BOUND('',#3971,.T.);
#3971 = EDGE_LOOP('',(#3972,#3973,#3981,#3990,#3999,#4006,#4007,#4008));
#3972 = ORIENTED_EDGE('',*,*,#3658,.T.);
#3973 = ORIENTED_EDGE('',*,*,#3974,.T.);
#3974 = EDGE_CURVE('',#3651,#3975,#3977,.T.);
#3975 = VERTEX_POINT('',#3976);
#3976 = CARTESIAN_POINT('',(198.49736643051,155.,16.197613321111));
#3977 = LINE('',#3978,#3979);
#3978 = CARTESIAN_POINT('',(193.96724647017,155.,14.839746413258));
#3979 = VECTOR('',#3980,1.);
#3980 = DIRECTION('',(0.957894295655,0.,0.287121086567));
#3981 = ORIENTED_EDGE('',*,*,#3982,.F.);
#3982 = EDGE_CURVE('',#3983,#3975,#3985,.T.);
#3983 = VERTEX_POINT('',#3984);
#3984 = CARTESIAN_POINT('',(199.57033001411,157.8,13.596147228941));
#3985 = ELLIPSE('',#3986,2.814049871705,2.8);
#3986 = AXIS2_PLACEMENT_3D('',#3987,#3988,#3989);
#3987 = CARTESIAN_POINT('',(199.57033001411,155.,13.596147228941));
#3988 = DIRECTION('',(0.9244562857,-0.,0.381288048371));
#3989 = DIRECTION('',(0.381288048371,0.,-0.9244562857));
#3990 = ORIENTED_EDGE('',*,*,#3991,.F.);
#3991 = EDGE_CURVE('',#3992,#3983,#3994,.T.);
#3992 = VERTEX_POINT('',#3993);
#3993 = CARTESIAN_POINT('',(199.57033001411,152.2,13.596147228941));
#3994 = CIRCLE('',#3995,2.8);
#3995 = AXIS2_PLACEMENT_3D('',#3996,#3997,#3998);
#3996 = CARTESIAN_POINT('',(199.57033001411,155.,13.596147228941));
#3997 = DIRECTION('',(0.957894295655,0.,0.287121086567));
#3998 = DIRECTION('',(-0.287121086567,0.,0.957894295655));
#3999 = ORIENTED_EDGE('',*,*,#4000,.F.);
#4000 = EDGE_CURVE('',#3975,#3992,#4001,.T.);
#4001 = ELLIPSE('',#4002,2.814049871705,2.8);
#4002 = AXIS2_PLACEMENT_3D('',#4003,#4004,#4005);
#4003 = CARTESIAN_POINT('',(199.57033001411,155.,13.596147228941));
#4004 = DIRECTION('',(0.9244562857,-0.,0.381288048371));
#4005 = DIRECTION('',(0.381288048371,0.,-0.9244562857));
#4006 = ORIENTED_EDGE('',*,*,#3974,.F.);
#4007 = ORIENTED_EDGE('',*,*,#3676,.T.);
#4008 = ORIENTED_EDGE('',*,*,#4009,.T.);
#4009 = EDGE_CURVE('',#3668,#3659,#4010,.T.);
#4010 = CIRCLE('',#4011,2.8);
#4011 = AXIS2_PLACEMENT_3D('',#4012,#4013,#4014);
#4012 = CARTESIAN_POINT('',(194.77118551256,155.,12.157642385424));
#4013 = DIRECTION('',(0.957894295655,0.,0.287121086567));
#4014 = DIRECTION('',(-0.287121086567,0.,0.957894295655));
#4015 = CYLINDRICAL_SURFACE('',#4016,2.8);
#4016 = AXIS2_PLACEMENT_3D('',#4017,#4018,#4019);
#4017 = CARTESIAN_POINT('',(194.77118551256,155.,12.157642385424));
#4018 = DIRECTION('',(0.957894295655,0.,0.287121086567));
#4019 = DIRECTION('',(-0.287121086567,0.,0.957894295655));
#4020 = ADVANCED_FACE('',(#4021),#4030,.T.);
#4021 = FACE_BOUND('',#4022,.T.);
#4022 = EDGE_LOOP('',(#4023,#4029));
#4023 = ORIENTED_EDGE('',*,*,#4024,.T.);
#4024 = EDGE_CURVE('',#3659,#3668,#4025,.T.);
#4025 = LINE('',#4026,#4027);
#4026 = CARTESIAN_POINT('',(194.77118551256,155.,12.157642385424));
#4027 = VECTOR('',#4028,1.);
#4028 = DIRECTION('',(0.,-1.,0.));
#4029 = ORIENTED_EDGE('',*,*,#3667,.T.);
#4030 = PLANE('',#4031);
#4031 = AXIS2_PLACEMENT_3D('',#4032,#4033,#4034);
#4032 = CARTESIAN_POINT('',(194.77118551256,155.,12.157642385424));
#4033 = DIRECTION('',(0.995836722003,0.,9.115494013023E-02));
#4034 = DIRECTION('',(-9.115494013023E-02,0.,0.995836722003));
#4035 = ADVANCED_FACE('',(#4036),#4040,.F.);
#4036 = FACE_BOUND('',#4037,.F.);
#4037 = EDGE_LOOP('',(#4038,#4039));
#4038 = ORIENTED_EDGE('',*,*,#3776,.T.);
#4039 = ORIENTED_EDGE('',*,*,#3761,.T.);
#4040 = PLANE('',#4041);
#4041 = AXIS2_PLACEMENT_3D('',#4042,#4043,#4044);
#4042 = CARTESIAN_POINT('',(147.34815143654,155.,195.59467286348));
#4043 = DIRECTION('',(-0.873459508029,0.,0.486896793821));
#4044 = DIRECTION('',(-0.486896793821,0.,-0.873459508029));
#4045 = ADVANCED_FACE('',(#4046),#4091,.T.);
#4046 = FACE_BOUND('',#4047,.T.);
#4047 = EDGE_LOOP('',(#4048,#4049,#4057,#4066,#4075,#4082,#4083,#4084));
#4048 = ORIENTED_EDGE('',*,*,#3734,.T.);
#4049 = ORIENTED_EDGE('',*,*,#4050,.T.);
#4050 = EDGE_CURVE('',#3727,#4051,#4053,.T.);
#4051 = VERTEX_POINT('',#4052);
#4052 = CARTESIAN_POINT('',(137.61577210475,155.,196.80271132216));
#4053 = LINE('',#4054,#4055);
#4054 = CARTESIAN_POINT('',(142.12161644397,155.,195.36634222432));
#4055 = VECTOR('',#4056,1.);
#4056 = DIRECTION('',(-0.952761213264,0.,0.303720382093));
#4057 = ORIENTED_EDGE('',*,*,#4058,.F.);
#4058 = EDGE_CURVE('',#4059,#4051,#4061,.T.);
#4059 = VERTEX_POINT('',#4060);
#4060 = CARTESIAN_POINT('',(138.19860625921,157.8,199.55574256587));
#4061 = ELLIPSE('',#4062,2.814049871705,2.8);
#4062 = AXIS2_PLACEMENT_3D('',#4063,#4064,#4065);
#4063 = CARTESIAN_POINT('',(138.19860625921,155.,199.55574256587));
#4064 = DIRECTION('',(-0.978316436888,0.,0.20711578722));
#4065 = DIRECTION('',(0.20711578722,0.,0.978316436888));
#4066 = ORIENTED_EDGE('',*,*,#4067,.F.);
#4067 = EDGE_CURVE('',#4068,#4059,#4070,.T.);
#4068 = VERTEX_POINT('',#4069);
#4069 = CARTESIAN_POINT('',(138.19860625921,152.2,199.55574256587));
#4070 = CIRCLE('',#4071,2.8);
#4071 = AXIS2_PLACEMENT_3D('',#4072,#4073,#4074);
#4072 = CARTESIAN_POINT('',(138.19860625921,155.,199.55574256587));
#4073 = DIRECTION('',(-0.952761213264,0.,0.303720382093));
#4074 = DIRECTION('',(-0.303720382093,0.,-0.952761213264));
#4075 = ORIENTED_EDGE('',*,*,#4076,.F.);
#4076 = EDGE_CURVE('',#4051,#4068,#4077,.T.);
#4077 = ELLIPSE('',#4078,2.814049871705,2.8);
#4078 = AXIS2_PLACEMENT_3D('',#4079,#4080,#4081);
#4079 = CARTESIAN_POINT('',(138.19860625921,155.,199.55574256587));
#4080 = DIRECTION('',(-0.978316436888,0.,0.20711578722));
#4081 = DIRECTION('',(0.20711578722,0.,0.978316436888));
#4082 = ORIENTED_EDGE('',*,*,#4050,.F.);
#4083 = ORIENTED_EDGE('',*,*,#3752,.T.);
#4084 = ORIENTED_EDGE('',*,*,#4085,.T.);
#4085 = EDGE_CURVE('',#3744,#3735,#4086,.T.);
#4086 = CIRCLE('',#4087,2.8);
#4087 = AXIS2_PLACEMENT_3D('',#4088,#4089,#4090);
#4088 = CARTESIAN_POINT('',(142.97203351383,155.,198.03407362146));
#4089 = DIRECTION('',(-0.952761213264,0.,0.303720382093));
#4090 = DIRECTION('',(-0.303720382093,0.,-0.952761213264));
#4091 = CYLINDRICAL_SURFACE('',#4092,2.8);
#4092 = AXIS2_PLACEMENT_3D('',#4093,#4094,#4095);
#4093 = CARTESIAN_POINT('',(142.97203351383,155.,198.03407362146));
#4094 = DIRECTION('',(-0.952761213264,0.,0.303720382093));
#4095 = DIRECTION('',(-0.303720382093,0.,-0.952761213264));
#4096 = ADVANCED_FACE('',(#4097),#4106,.T.);
#4097 = FACE_BOUND('',#4098,.T.);
#4098 = EDGE_LOOP('',(#4099,#4105));
#4099 = ORIENTED_EDGE('',*,*,#4100,.T.);
#4100 = EDGE_CURVE('',#3735,#3744,#4101,.T.);
#4101 = LINE('',#4102,#4103);
#4102 = CARTESIAN_POINT('',(142.97203351383,155.,198.03407362146));
#4103 = VECTOR('',#4104,1.);
#4104 = DIRECTION('',(0.,-1.,0.));
#4105 = ORIENTED_EDGE('',*,*,#3743,.T.);
#4106 = PLANE('',#4107);
#4107 = AXIS2_PLACEMENT_3D('',#4108,#4109,#4110);
#4108 = CARTESIAN_POINT('',(142.97203351383,155.,198.03407362146));
#4109 = DIRECTION('',(-0.873459508029,0.,0.486896793821));
#4110 = DIRECTION('',(-0.486896793821,0.,-0.873459508029));
#4111 = ADVANCED_FACE('',(#4112),#4117,.T.);
#4112 = FACE_BOUND('',#4113,.T.);
#4113 = EDGE_LOOP('',(#4114,#4115,#4116));
#4114 = ORIENTED_EDGE('',*,*,#3861,.T.);
#4115 = ORIENTED_EDGE('',*,*,#3818,.T.);
#4116 = ORIENTED_EDGE('',*,*,#3804,.T.);
#4117 = PLANE('',#4118);
#4118 = AXIS2_PLACEMENT_3D('',#4119,#4120,#4121);
#4119 = CARTESIAN_POINT('',(213.3108445038,155.,27.493307326476));
#4120 = DIRECTION('',(0.461622034537,0.,0.887076714399));
#4121 = DIRECTION('',(0.887076714399,0.,-0.461622034537));
#4122 = ADVANCED_FACE('',(#4123),#4133,.F.);
#4123 = FACE_BOUND('',#4124,.F.);
#4124 = EDGE_LOOP('',(#4125,#4126,#4127));
#4125 = ORIENTED_EDGE('',*,*,#3853,.T.);
#4126 = ORIENTED_EDGE('',*,*,#3835,.T.);
#4127 = ORIENTED_EDGE('',*,*,#4128,.T.);
#4128 = EDGE_CURVE('',#3836,#3845,#4129,.T.);
#4129 = LINE('',#4130,#4131);
#4130 = CARTESIAN_POINT('',(210.99807277221,155.,23.048965862424));
#4131 = VECTOR('',#4132,1.);
#4132 = DIRECTION('',(0.,-1.,0.));
#4133 = PLANE('',#4134);
#4134 = AXIS2_PLACEMENT_3D('',#4135,#4136,#4137);
#4135 = CARTESIAN_POINT('',(210.99807277221,155.,23.048965862424));
#4136 = DIRECTION('',(0.461622034537,0.,0.887076714399));
#4137 = DIRECTION('',(0.887076714399,0.,-0.461622034537));
#4138 = ADVANCED_FACE('',(#4139),#4201,.T.);
#4139 = FACE_BOUND('',#4140,.T.);
#4140 = EDGE_LOOP('',(#4141,#4150,#4158,#4167,#4176,#4185,#4192,#4193,
    #4200));
#4141 = ORIENTED_EDGE('',*,*,#4142,.F.);
#4142 = EDGE_CURVE('',#4143,#3836,#4145,.T.);
#4143 = VERTEX_POINT('',#4144);
#4144 = CARTESIAN_POINT('',(213.17569673671,155.,21.288865334264));
#4145 = CIRCLE('',#4146,2.8);
#4146 = AXIS2_PLACEMENT_3D('',#4147,#4148,#4149);
#4147 = CARTESIAN_POINT('',(210.99807277221,155.,23.048965862424));
#4148 = DIRECTION('',(0.628607331486,-0.,0.777722844465));
#4149 = DIRECTION('',(0.777722844465,0.,-0.628607331486));
#4150 = ORIENTED_EDGE('',*,*,#4151,.F.);
#4151 = EDGE_CURVE('',#4152,#4143,#4154,.T.);
#4152 = VERTEX_POINT('',#4153);
#4153 = CARTESIAN_POINT('',(210.02631226682,155.,17.392397498857));
#4154 = LINE('',#4155,#4156);
#4155 = CARTESIAN_POINT('',(210.02631226682,155.,17.392397498857));
#4156 = VECTOR('',#4157,1.);
#4157 = DIRECTION('',(0.628607331486,0.,0.777722844465));
#4158 = ORIENTED_EDGE('',*,*,#4159,.T.);
#4159 = EDGE_CURVE('',#4152,#4160,#4162,.T.);
#4160 = VERTEX_POINT('',#4161);
#4161 = CARTESIAN_POINT('',(207.84868830232,157.8,19.152498027017));
#4162 = CIRCLE('',#4163,2.8);
#4163 = AXIS2_PLACEMENT_3D('',#4164,#4165,#4166);
#4164 = CARTESIAN_POINT('',(207.84868830232,155.,19.152498027017));
#4165 = DIRECTION('',(0.628607331486,-0.,0.777722844465));
#4166 = DIRECTION('',(0.777722844465,0.,-0.628607331486));
#4167 = ORIENTED_EDGE('',*,*,#4168,.T.);
#4168 = EDGE_CURVE('',#4160,#4169,#4171,.T.);
#4169 = VERTEX_POINT('',#4170);
#4170 = CARTESIAN_POINT('',(205.84760865979,155.,21.131021957802));
#4171 = ELLIPSE('',#4172,2.814049871705,2.8);
#4172 = AXIS2_PLACEMENT_3D('',#4173,#4174,#4175);
#4173 = CARTESIAN_POINT('',(207.84868830232,155.,19.152498027017));
#4174 = DIRECTION('',(0.703087728007,-0.,0.711103119615));
#4175 = DIRECTION('',(0.711103119615,0.,-0.703087728007));
#4176 = ORIENTED_EDGE('',*,*,#4177,.T.);
#4177 = EDGE_CURVE('',#4169,#4178,#4180,.T.);
#4178 = VERTEX_POINT('',#4179);
#4179 = CARTESIAN_POINT('',(207.84868830232,152.2,19.152498027017));
#4180 = ELLIPSE('',#4181,2.814049871705,2.8);
#4181 = AXIS2_PLACEMENT_3D('',#4182,#4183,#4184);
#4182 = CARTESIAN_POINT('',(207.84868830232,155.,19.152498027017));
#4183 = DIRECTION('',(0.703087728007,-0.,0.711103119615));
#4184 = DIRECTION('',(0.711103119615,0.,-0.703087728007));
#4185 = ORIENTED_EDGE('',*,*,#4186,.T.);
#4186 = EDGE_CURVE('',#4178,#4152,#4187,.T.);
#4187 = CIRCLE('',#4188,2.8);
#4188 = AXIS2_PLACEMENT_3D('',#4189,#4190,#4191);
#4189 = CARTESIAN_POINT('',(207.84868830232,155.,19.152498027017));
#4190 = DIRECTION('',(0.628607331486,-0.,0.777722844465));
#4191 = DIRECTION('',(0.777722844465,0.,-0.628607331486));
#4192 = ORIENTED_EDGE('',*,*,#4151,.T.);
#4193 = ORIENTED_EDGE('',*,*,#4194,.F.);
#4194 = EDGE_CURVE('',#3845,#4143,#4195,.T.);
#4195 = CIRCLE('',#4196,2.8);
#4196 = AXIS2_PLACEMENT_3D('',#4197,#4198,#4199);
#4197 = CARTESIAN_POINT('',(210.99807277221,155.,23.048965862424));
#4198 = DIRECTION('',(0.628607331486,-0.,0.777722844465));
#4199 = DIRECTION('',(0.777722844465,0.,-0.628607331486));
#4200 = ORIENTED_EDGE('',*,*,#3844,.F.);
#4201 = CYLINDRICAL_SURFACE('',#4202,2.8);
#4202 = AXIS2_PLACEMENT_3D('',#4203,#4204,#4205);
#4203 = CARTESIAN_POINT('',(207.84868830232,155.,19.152498027017));
#4204 = DIRECTION('',(0.628607331486,0.,0.777722844465));
#4205 = DIRECTION('',(0.777722844465,0.,-0.628607331486));
#4206 = ADVANCED_FACE('',(#4207),#4212,.T.);
#4207 = FACE_BOUND('',#4208,.T.);
#4208 = EDGE_LOOP('',(#4209,#4210,#4211));
#4209 = ORIENTED_EDGE('',*,*,#3947,.T.);
#4210 = ORIENTED_EDGE('',*,*,#3904,.T.);
#4211 = ORIENTED_EDGE('',*,*,#3890,.T.);
#4212 = PLANE('',#4213);
#4213 = AXIS2_PLACEMENT_3D('',#4214,#4215,#4216);
#4214 = CARTESIAN_POINT('',(109.68915549619,155.,184.30669267352));
#4215 = DIRECTION('',(-0.461622034537,0.,-0.887076714399));
#4216 = DIRECTION('',(-0.887076714399,0.,0.461622034537));
#4217 = ADVANCED_FACE('',(#4218),#4228,.F.);
#4218 = FACE_BOUND('',#4219,.F.);
#4219 = EDGE_LOOP('',(#4220,#4221,#4222));
#4220 = ORIENTED_EDGE('',*,*,#3939,.T.);
#4221 = ORIENTED_EDGE('',*,*,#3921,.T.);
#4222 = ORIENTED_EDGE('',*,*,#4223,.T.);
#4223 = EDGE_CURVE('',#3922,#3931,#4224,.T.);
#4224 = LINE('',#4225,#4226);
#4225 = CARTESIAN_POINT('',(112.00192722778,155.,188.75103413757));
#4226 = VECTOR('',#4227,1.);
#4227 = DIRECTION('',(0.,-1.,0.));
#4228 = PLANE('',#4229);
#4229 = AXIS2_PLACEMENT_3D('',#4230,#4231,#4232);
#4230 = CARTESIAN_POINT('',(112.00192722778,155.,188.75103413757));
#4231 = DIRECTION('',(-0.461622034537,0.,-0.887076714399));
#4232 = DIRECTION('',(-0.887076714399,0.,0.461622034537));
#4233 = ADVANCED_FACE('',(#4234),#4296,.T.);
#4234 = FACE_BOUND('',#4235,.T.);
#4235 = EDGE_LOOP('',(#4236,#4245,#4253,#4262,#4271,#4280,#4287,#4288,
    #4295));
#4236 = ORIENTED_EDGE('',*,*,#4237,.F.);
#4237 = EDGE_CURVE('',#4238,#3922,#4240,.T.);
#4238 = VERTEX_POINT('',#4239);
#4239 = CARTESIAN_POINT('',(109.82430326328,155.,190.51113466573));
#4240 = CIRCLE('',#4241,2.8);
#4241 = AXIS2_PLACEMENT_3D('',#4242,#4243,#4244);
#4242 = CARTESIAN_POINT('',(112.00192722778,155.,188.75103413757));
#4243 = DIRECTION('',(-0.628607331486,0.,-0.777722844465));
#4244 = DIRECTION('',(-0.777722844465,0.,0.628607331486));
#4245 = ORIENTED_EDGE('',*,*,#4246,.F.);
#4246 = EDGE_CURVE('',#4247,#4238,#4249,.T.);
#4247 = VERTEX_POINT('',#4248);
#4248 = CARTESIAN_POINT('',(112.97368773317,155.,194.40760250114));
#4249 = LINE('',#4250,#4251);
#4250 = CARTESIAN_POINT('',(112.97368773317,155.,194.40760250114));
#4251 = VECTOR('',#4252,1.);
#4252 = DIRECTION('',(-0.628607331486,0.,-0.777722844465));
#4253 = ORIENTED_EDGE('',*,*,#4254,.T.);
#4254 = EDGE_CURVE('',#4247,#4255,#4257,.T.);
#4255 = VERTEX_POINT('',#4256);
#4256 = CARTESIAN_POINT('',(115.15131169767,157.8,192.64750197298));
#4257 = CIRCLE('',#4258,2.8);
#4258 = AXIS2_PLACEMENT_3D('',#4259,#4260,#4261);
#4259 = CARTESIAN_POINT('',(115.15131169767,155.,192.64750197298));
#4260 = DIRECTION('',(-0.628607331486,0.,-0.777722844465));
#4261 = DIRECTION('',(-0.777722844465,0.,0.628607331486));
#4262 = ORIENTED_EDGE('',*,*,#4263,.T.);
#4263 = EDGE_CURVE('',#4255,#4264,#4266,.T.);
#4264 = VERTEX_POINT('',#4265);
#4265 = CARTESIAN_POINT('',(117.15239134018,155.,190.66897804218));
#4266 = ELLIPSE('',#4267,2.814049871705,2.8);
#4267 = AXIS2_PLACEMENT_3D('',#4268,#4269,#4270);
#4268 = CARTESIAN_POINT('',(115.15131169767,155.,192.64750197298));
#4269 = DIRECTION('',(-0.703087728007,0.,-0.711103119615));
#4270 = DIRECTION('',(-0.711103119615,0.,0.703087728007));
#4271 = ORIENTED_EDGE('',*,*,#4272,.T.);
#4272 = EDGE_CURVE('',#4264,#4273,#4275,.T.);
#4273 = VERTEX_POINT('',#4274);
#4274 = CARTESIAN_POINT('',(115.15131169767,152.2,192.64750197298));
#4275 = ELLIPSE('',#4276,2.814049871705,2.8);
#4276 = AXIS2_PLACEMENT_3D('',#4277,#4278,#4279);
#4277 = CARTESIAN_POINT('',(115.15131169767,155.,192.64750197298));
#4278 = DIRECTION('',(-0.703087728007,0.,-0.711103119615));
#4279 = DIRECTION('',(-0.711103119615,0.,0.703087728007));
#4280 = ORIENTED_EDGE('',*,*,#4281,.T.);
#4281 = EDGE_CURVE('',#4273,#4247,#4282,.T.);
#4282 = CIRCLE('',#4283,2.8);
#4283 = AXIS2_PLACEMENT_3D('',#4284,#4285,#4286);
#4284 = CARTESIAN_POINT('',(115.15131169767,155.,192.64750197298));
#4285 = DIRECTION('',(-0.628607331486,0.,-0.777722844465));
#4286 = DIRECTION('',(-0.777722844465,0.,0.628607331486));
#4287 = ORIENTED_EDGE('',*,*,#4246,.T.);
#4288 = ORIENTED_EDGE('',*,*,#4289,.F.);
#4289 = EDGE_CURVE('',#3931,#4238,#4290,.T.);
#4290 = CIRCLE('',#4291,2.8);
#4291 = AXIS2_PLACEMENT_3D('',#4292,#4293,#4294);
#4292 = CARTESIAN_POINT('',(112.00192722778,155.,188.75103413757));
#4293 = DIRECTION('',(-0.628607331486,0.,-0.777722844465));
#4294 = DIRECTION('',(-0.777722844465,0.,0.628607331486));
#4295 = ORIENTED_EDGE('',*,*,#3930,.F.);
#4296 = CYLINDRICAL_SURFACE('',#4297,2.8);
#4297 = AXIS2_PLACEMENT_3D('',#4298,#4299,#4300);
#4298 = CARTESIAN_POINT('',(115.15131169767,155.,192.64750197298));
#4299 = DIRECTION('',(-0.628607331486,0.,-0.777722844465));
#4300 = DIRECTION('',(-0.777722844465,0.,0.628607331486));
#4301 = ADVANCED_FACE('',(#4302),#4306,.F.);
#4302 = FACE_BOUND('',#4303,.F.);
#4303 = EDGE_LOOP('',(#4304,#4305));
#4304 = ORIENTED_EDGE('',*,*,#4024,.T.);
#4305 = ORIENTED_EDGE('',*,*,#4009,.T.);
#4306 = PLANE('',#4307);
#4307 = AXIS2_PLACEMENT_3D('',#4308,#4309,#4310);
#4308 = CARTESIAN_POINT('',(194.77118551256,155.,12.157642385424));
#4309 = DIRECTION('',(0.957894295655,0.,0.287121086567));
#4310 = DIRECTION('',(-0.287121086567,0.,0.957894295655));
#4311 = ADVANCED_FACE('',(#4312),#4357,.T.);
#4312 = FACE_BOUND('',#4313,.T.);
#4313 = EDGE_LOOP('',(#4314,#4315,#4323,#4332,#4341,#4348,#4349,#4350));
#4314 = ORIENTED_EDGE('',*,*,#3982,.T.);
#4315 = ORIENTED_EDGE('',*,*,#4316,.T.);
#4316 = EDGE_CURVE('',#3975,#4317,#4319,.T.);
#4317 = VERTEX_POINT('',#4318);
#4318 = CARTESIAN_POINT('',(202.41990673198,155.,18.295689964507));
#4319 = LINE('',#4320,#4321);
#4320 = CARTESIAN_POINT('',(198.24971658905,155.,16.065151113415));
#4321 = VECTOR('',#4322,1.);
#4322 = DIRECTION('',(0.881787101598,0.,0.471647651808));
#4323 = ORIENTED_EDGE('',*,*,#4324,.F.);
#4324 = EDGE_CURVE('',#4325,#4317,#4327,.T.);
#4325 = VERTEX_POINT('',#4326);
#4326 = CARTESIAN_POINT('',(203.9881699985,157.8,15.959148287729));
#4327 = ELLIPSE('',#4328,2.814049871705,2.8);
#4328 = AXIS2_PLACEMENT_3D('',#4329,#4330,#4331);
#4329 = CARTESIAN_POINT('',(203.9881699985,155.,15.959148287728));
#4330 = DIRECTION('',(0.830312817222,-0.,0.557297609502));
#4331 = DIRECTION('',(0.557297609502,0.,-0.830312817222));
#4332 = ORIENTED_EDGE('',*,*,#4333,.F.);
#4333 = EDGE_CURVE('',#4334,#4325,#4336,.T.);
#4334 = VERTEX_POINT('',#4335);
#4335 = CARTESIAN_POINT('',(203.9881699985,152.2,15.959148287729));
#4336 = CIRCLE('',#4337,2.8);
#4337 = AXIS2_PLACEMENT_3D('',#4338,#4339,#4340);
#4338 = CARTESIAN_POINT('',(203.9881699985,155.,15.959148287728));
#4339 = DIRECTION('',(0.881787101598,0.,0.471647651808));
#4340 = DIRECTION('',(-0.471647651808,0.,0.881787101598));
#4341 = ORIENTED_EDGE('',*,*,#4342,.F.);
#4342 = EDGE_CURVE('',#4317,#4334,#4343,.T.);
#4343 = ELLIPSE('',#4344,2.814049871705,2.8);
#4344 = AXIS2_PLACEMENT_3D('',#4345,#4346,#4347);
#4345 = CARTESIAN_POINT('',(203.9881699985,155.,15.959148287728));
#4346 = DIRECTION('',(0.830312817222,-0.,0.557297609502));
#4347 = DIRECTION('',(0.557297609502,0.,-0.830312817222));
#4348 = ORIENTED_EDGE('',*,*,#4316,.F.);
#4349 = ORIENTED_EDGE('',*,*,#4000,.T.);
#4350 = ORIENTED_EDGE('',*,*,#4351,.T.);
#4351 = EDGE_CURVE('',#3992,#3983,#4352,.T.);
#4352 = CIRCLE('',#4353,2.8);
#4353 = AXIS2_PLACEMENT_3D('',#4354,#4355,#4356);
#4354 = CARTESIAN_POINT('',(199.57033001411,155.,13.596147228941));
#4355 = DIRECTION('',(0.881787101598,0.,0.471647651808));
#4356 = DIRECTION('',(-0.471647651808,0.,0.881787101598));
#4357 = CYLINDRICAL_SURFACE('',#4358,2.8);
#4358 = AXIS2_PLACEMENT_3D('',#4359,#4360,#4361);
#4359 = CARTESIAN_POINT('',(199.57033001411,155.,13.596147228941));
#4360 = DIRECTION('',(0.881787101598,0.,0.471647651808));
#4361 = DIRECTION('',(-0.471647651808,0.,0.881787101598));
#4362 = ADVANCED_FACE('',(#4363),#4372,.T.);
#4363 = FACE_BOUND('',#4364,.T.);
#4364 = EDGE_LOOP('',(#4365,#4371));
#4365 = ORIENTED_EDGE('',*,*,#4366,.T.);
#4366 = EDGE_CURVE('',#3983,#3992,#4367,.T.);
#4367 = LINE('',#4368,#4369);
#4368 = CARTESIAN_POINT('',(199.57033001411,155.,13.596147228941));
#4369 = VECTOR('',#4370,1.);
#4370 = DIRECTION('',(0.,-1.,0.));
#4371 = ORIENTED_EDGE('',*,*,#3991,.T.);
#4372 = PLANE('',#4373);
#4373 = AXIS2_PLACEMENT_3D('',#4374,#4375,#4376);
#4374 = CARTESIAN_POINT('',(199.57033001411,155.,13.596147228941));
#4375 = DIRECTION('',(0.957894295655,0.,0.287121086567));
#4376 = DIRECTION('',(-0.287121086567,0.,0.957894295655));
#4377 = ADVANCED_FACE('',(#4378),#4382,.F.);
#4378 = FACE_BOUND('',#4379,.F.);
#4379 = EDGE_LOOP('',(#4380,#4381));
#4380 = ORIENTED_EDGE('',*,*,#4100,.T.);
#4381 = ORIENTED_EDGE('',*,*,#4085,.T.);
#4382 = PLANE('',#4383);
#4383 = AXIS2_PLACEMENT_3D('',#4384,#4385,#4386);
#4384 = CARTESIAN_POINT('',(142.97203351383,155.,198.03407362146));
#4385 = DIRECTION('',(-0.952761213264,0.,0.303720382093));
#4386 = DIRECTION('',(-0.303720382093,0.,-0.952761213264));
#4387 = ADVANCED_FACE('',(#4388),#4433,.T.);
#4388 = FACE_BOUND('',#4389,.T.);
#4389 = EDGE_LOOP('',(#4390,#4391,#4399,#4408,#4417,#4424,#4425,#4426));
#4390 = ORIENTED_EDGE('',*,*,#4058,.T.);
#4391 = ORIENTED_EDGE('',*,*,#4392,.T.);
#4392 = EDGE_CURVE('',#4051,#4393,#4395,.T.);
#4393 = VERTEX_POINT('',#4394);
#4394 = CARTESIAN_POINT('',(133.19360743508,155.,197.28510913776));
#4395 = LINE('',#4396,#4397);
#4396 = CARTESIAN_POINT('',(137.89496576376,155.,196.77225510416));
#4397 = VECTOR('',#4398,1.);
#4398 = DIRECTION('',(-0.994102664898,0.,0.108443034089));
#4399 = ORIENTED_EDGE('',*,*,#4400,.F.);
#4400 = EDGE_CURVE('',#4401,#4393,#4403,.T.);
#4401 = VERTEX_POINT('',#4402);
#4402 = CARTESIAN_POINT('',(133.21805427152,157.8,200.09905281748));
#4403 = ELLIPSE('',#4404,2.814049871705,2.8);
#4404 = AXIS2_PLACEMENT_3D('',#4405,#4406,#4407);
#4405 = CARTESIAN_POINT('',(133.21805427152,155.,200.09905281748));
#4406 = DIRECTION('',(-0.999962263645,0.,8.687421176357E-03));
#4407 = DIRECTION('',(8.687421176357E-03,0.,0.999962263645));
#4408 = ORIENTED_EDGE('',*,*,#4409,.F.);
#4409 = EDGE_CURVE('',#4410,#4401,#4412,.T.);
#4410 = VERTEX_POINT('',#4411);
#4411 = CARTESIAN_POINT('',(133.21805427152,152.2,200.09905281748));
#4412 = CIRCLE('',#4413,2.8);
#4413 = AXIS2_PLACEMENT_3D('',#4414,#4415,#4416);
#4414 = CARTESIAN_POINT('',(133.21805427152,155.,200.09905281748));
#4415 = DIRECTION('',(-0.994102664898,0.,0.108443034089));
#4416 = DIRECTION('',(-0.108443034089,0.,-0.994102664898));
#4417 = ORIENTED_EDGE('',*,*,#4418,.F.);
#4418 = EDGE_CURVE('',#4393,#4410,#4419,.T.);
#4419 = ELLIPSE('',#4420,2.814049871705,2.8);
#4420 = AXIS2_PLACEMENT_3D('',#4421,#4422,#4423);
#4421 = CARTESIAN_POINT('',(133.21805427152,155.,200.09905281748));
#4422 = DIRECTION('',(-0.999962263645,0.,8.687421176357E-03));
#4423 = DIRECTION('',(8.687421176357E-03,0.,0.999962263645));
#4424 = ORIENTED_EDGE('',*,*,#4392,.F.);
#4425 = ORIENTED_EDGE('',*,*,#4076,.T.);
#4426 = ORIENTED_EDGE('',*,*,#4427,.T.);
#4427 = EDGE_CURVE('',#4068,#4059,#4428,.T.);
#4428 = CIRCLE('',#4429,2.8);
#4429 = AXIS2_PLACEMENT_3D('',#4430,#4431,#4432);
#4430 = CARTESIAN_POINT('',(138.19860625921,155.,199.55574256587));
#4431 = DIRECTION('',(-0.994102664898,0.,0.108443034089));
#4432 = DIRECTION('',(-0.108443034089,0.,-0.994102664898));
#4433 = CYLINDRICAL_SURFACE('',#4434,2.8);
#4434 = AXIS2_PLACEMENT_3D('',#4435,#4436,#4437);
#4435 = CARTESIAN_POINT('',(138.19860625921,155.,199.55574256587));
#4436 = DIRECTION('',(-0.994102664898,0.,0.108443034089));
#4437 = DIRECTION('',(-0.108443034089,0.,-0.994102664898));
#4438 = ADVANCED_FACE('',(#4439),#4448,.T.);
#4439 = FACE_BOUND('',#4440,.T.);
#4440 = EDGE_LOOP('',(#4441,#4447));
#4441 = ORIENTED_EDGE('',*,*,#4442,.T.);
#4442 = EDGE_CURVE('',#4059,#4068,#4443,.T.);
#4443 = LINE('',#4444,#4445);
#4444 = CARTESIAN_POINT('',(138.19860625921,155.,199.55574256587));
#4445 = VECTOR('',#4446,1.);
#4446 = DIRECTION('',(0.,-1.,0.));
#4447 = ORIENTED_EDGE('',*,*,#4067,.T.);
#4448 = PLANE('',#4449);
#4449 = AXIS2_PLACEMENT_3D('',#4450,#4451,#4452);
#4450 = CARTESIAN_POINT('',(138.19860625921,155.,199.55574256587));
#4451 = DIRECTION('',(-0.952761213264,0.,0.303720382093));
#4452 = DIRECTION('',(-0.303720382093,0.,-0.952761213264));
#4453 = ADVANCED_FACE('',(#4454),#4459,.T.);
#4454 = FACE_BOUND('',#4455,.T.);
#4455 = EDGE_LOOP('',(#4456,#4457,#4458));
#4456 = ORIENTED_EDGE('',*,*,#4194,.T.);
#4457 = ORIENTED_EDGE('',*,*,#4142,.T.);
#4458 = ORIENTED_EDGE('',*,*,#4128,.T.);
#4459 = PLANE('',#4460);
#4460 = AXIS2_PLACEMENT_3D('',#4461,#4462,#4463);
#4461 = CARTESIAN_POINT('',(210.99807277221,155.,23.048965862424));
#4462 = DIRECTION('',(0.628607331486,0.,0.777722844465));
#4463 = DIRECTION('',(0.777722844465,0.,-0.628607331486));
#4464 = ADVANCED_FACE('',(#4465),#4475,.F.);
#4465 = FACE_BOUND('',#4466,.F.);
#4466 = EDGE_LOOP('',(#4467,#4468,#4469));
#4467 = ORIENTED_EDGE('',*,*,#4186,.T.);
#4468 = ORIENTED_EDGE('',*,*,#4159,.T.);
#4469 = ORIENTED_EDGE('',*,*,#4470,.T.);
#4470 = EDGE_CURVE('',#4160,#4178,#4471,.T.);
#4471 = LINE('',#4472,#4473);
#4472 = CARTESIAN_POINT('',(207.84868830232,155.,19.152498027017));
#4473 = VECTOR('',#4474,1.);
#4474 = DIRECTION('',(0.,-1.,0.));
#4475 = PLANE('',#4476);
#4476 = AXIS2_PLACEMENT_3D('',#4477,#4478,#4479);
#4477 = CARTESIAN_POINT('',(207.84868830232,155.,19.152498027017));
#4478 = DIRECTION('',(0.628607331486,0.,0.777722844465));
#4479 = DIRECTION('',(0.777722844465,0.,-0.628607331486));
#4480 = ADVANCED_FACE('',(#4481),#4508,.T.);
#4481 = FACE_BOUND('',#4482,.T.);
#4482 = EDGE_LOOP('',(#4483,#4484,#4490,#4491,#4498,#4499,#4500,#4501));
#4483 = ORIENTED_EDGE('',*,*,#4324,.T.);
#4484 = ORIENTED_EDGE('',*,*,#4485,.T.);
#4485 = EDGE_CURVE('',#4317,#4169,#4486,.T.);
#4486 = LINE('',#4487,#4488);
#4487 = CARTESIAN_POINT('',(202.20349854398,155.,18.116681091516));
#4488 = VECTOR('',#4489,1.);
#4489 = DIRECTION('',(0.770547429924,0.,0.637382662329));
#4490 = ORIENTED_EDGE('',*,*,#4168,.F.);
#4491 = ORIENTED_EDGE('',*,*,#4492,.F.);
#4492 = EDGE_CURVE('',#4178,#4160,#4493,.T.);
#4493 = CIRCLE('',#4494,2.8);
#4494 = AXIS2_PLACEMENT_3D('',#4495,#4496,#4497);
#4495 = CARTESIAN_POINT('',(207.84868830232,155.,19.152498027017));
#4496 = DIRECTION('',(0.770547429924,0.,0.637382662329));
#4497 = DIRECTION('',(-0.637382662329,0.,0.770547429924));
#4498 = ORIENTED_EDGE('',*,*,#4177,.F.);
#4499 = ORIENTED_EDGE('',*,*,#4485,.F.);
#4500 = ORIENTED_EDGE('',*,*,#4342,.T.);
#4501 = ORIENTED_EDGE('',*,*,#4502,.T.);
#4502 = EDGE_CURVE('',#4334,#4325,#4503,.T.);
#4503 = CIRCLE('',#4504,2.8);
#4504 = AXIS2_PLACEMENT_3D('',#4505,#4506,#4507);
#4505 = CARTESIAN_POINT('',(203.9881699985,155.,15.959148287728));
#4506 = DIRECTION('',(0.770547429924,0.,0.637382662329));
#4507 = DIRECTION('',(-0.637382662329,0.,0.770547429924));
#4508 = CYLINDRICAL_SURFACE('',#4509,2.8);
#4509 = AXIS2_PLACEMENT_3D('',#4510,#4511,#4512);
#4510 = CARTESIAN_POINT('',(203.9881699985,155.,15.959148287728));
#4511 = DIRECTION('',(0.770547429924,0.,0.637382662329));
#4512 = DIRECTION('',(-0.637382662329,0.,0.770547429924));
#4513 = ADVANCED_FACE('',(#4514),#4519,.T.);
#4514 = FACE_BOUND('',#4515,.T.);
#4515 = EDGE_LOOP('',(#4516,#4517,#4518));
#4516 = ORIENTED_EDGE('',*,*,#4289,.T.);
#4517 = ORIENTED_EDGE('',*,*,#4237,.T.);
#4518 = ORIENTED_EDGE('',*,*,#4223,.T.);
#4519 = PLANE('',#4520);
#4520 = AXIS2_PLACEMENT_3D('',#4521,#4522,#4523);
#4521 = CARTESIAN_POINT('',(112.00192722778,155.,188.75103413757));
#4522 = DIRECTION('',(-0.628607331486,0.,-0.777722844465));
#4523 = DIRECTION('',(-0.777722844465,0.,0.628607331486));
#4524 = ADVANCED_FACE('',(#4525),#4535,.F.);
#4525 = FACE_BOUND('',#4526,.F.);
#4526 = EDGE_LOOP('',(#4527,#4528,#4529));
#4527 = ORIENTED_EDGE('',*,*,#4281,.T.);
#4528 = ORIENTED_EDGE('',*,*,#4254,.T.);
#4529 = ORIENTED_EDGE('',*,*,#4530,.T.);
#4530 = EDGE_CURVE('',#4255,#4273,#4531,.T.);
#4531 = LINE('',#4532,#4533);
#4532 = CARTESIAN_POINT('',(115.15131169767,155.,192.64750197298));
#4533 = VECTOR('',#4534,1.);
#4534 = DIRECTION('',(0.,-1.,0.));
#4535 = PLANE('',#4536);
#4536 = AXIS2_PLACEMENT_3D('',#4537,#4538,#4539);
#4537 = CARTESIAN_POINT('',(115.15131169767,155.,192.64750197298));
#4538 = DIRECTION('',(-0.628607331486,0.,-0.777722844465));
#4539 = DIRECTION('',(-0.777722844465,0.,0.628607331486));
#4540 = ADVANCED_FACE('',(#4541),#4586,.T.);
#4541 = FACE_BOUND('',#4542,.T.);
#4542 = EDGE_LOOP('',(#4543,#4554,#4560,#4561,#4568,#4569,#4570,#4579));
#4543 = ORIENTED_EDGE('',*,*,#4544,.T.);
#4544 = EDGE_CURVE('',#4545,#4547,#4549,.T.);
#4545 = VERTEX_POINT('',#4546);
#4546 = CARTESIAN_POINT('',(119.01183000149,157.8,195.84085171227));
#4547 = VERTEX_POINT('',#4548);
#4548 = CARTESIAN_POINT('',(120.58009326801,155.,193.50431003549));
#4549 = ELLIPSE('',#4550,2.814049871705,2.8);
#4550 = AXIS2_PLACEMENT_3D('',#4551,#4552,#4553);
#4551 = CARTESIAN_POINT('',(119.01183000149,155.,195.84085171227));
#4552 = DIRECTION('',(-0.830312817222,0.,-0.557297609502));
#4553 = DIRECTION('',(-0.557297609502,0.,0.830312817222));
#4554 = ORIENTED_EDGE('',*,*,#4555,.T.);
#4555 = EDGE_CURVE('',#4547,#4264,#4556,.T.);
#4556 = LINE('',#4557,#4558);
#4557 = CARTESIAN_POINT('',(120.79650145601,155.,193.68331890848));
#4558 = VECTOR('',#4559,1.);
#4559 = DIRECTION('',(-0.770547429924,-0.,-0.637382662329));
#4560 = ORIENTED_EDGE('',*,*,#4263,.F.);
#4561 = ORIENTED_EDGE('',*,*,#4562,.F.);
#4562 = EDGE_CURVE('',#4273,#4255,#4563,.T.);
#4563 = CIRCLE('',#4564,2.8);
#4564 = AXIS2_PLACEMENT_3D('',#4565,#4566,#4567);
#4565 = CARTESIAN_POINT('',(115.15131169767,155.,192.64750197298));
#4566 = DIRECTION('',(-0.770547429924,-0.,-0.637382662329));
#4567 = DIRECTION('',(0.637382662329,0.,-0.770547429924));
#4568 = ORIENTED_EDGE('',*,*,#4272,.F.);
#4569 = ORIENTED_EDGE('',*,*,#4555,.F.);
#4570 = ORIENTED_EDGE('',*,*,#4571,.T.);
#4571 = EDGE_CURVE('',#4547,#4572,#4574,.T.);
#4572 = VERTEX_POINT('',#4573);
#4573 = CARTESIAN_POINT('',(119.01183000149,152.2,195.84085171227));
#4574 = ELLIPSE('',#4575,2.814049871705,2.8);
#4575 = AXIS2_PLACEMENT_3D('',#4576,#4577,#4578);
#4576 = CARTESIAN_POINT('',(119.01183000149,155.,195.84085171227));
#4577 = DIRECTION('',(-0.830312817222,0.,-0.557297609502));
#4578 = DIRECTION('',(-0.557297609502,0.,0.830312817222));
#4579 = ORIENTED_EDGE('',*,*,#4580,.T.);
#4580 = EDGE_CURVE('',#4572,#4545,#4581,.T.);
#4581 = CIRCLE('',#4582,2.8);
#4582 = AXIS2_PLACEMENT_3D('',#4583,#4584,#4585);
#4583 = CARTESIAN_POINT('',(119.01183000149,155.,195.84085171227));
#4584 = DIRECTION('',(-0.770547429924,-0.,-0.637382662329));
#4585 = DIRECTION('',(0.637382662329,0.,-0.770547429924));
#4586 = CYLINDRICAL_SURFACE('',#4587,2.8);
#4587 = AXIS2_PLACEMENT_3D('',#4588,#4589,#4590);
#4588 = CARTESIAN_POINT('',(119.01183000149,155.,195.84085171227));
#4589 = DIRECTION('',(-0.770547429924,0.,-0.637382662329));
#4590 = DIRECTION('',(0.637382662329,0.,-0.770547429924));
#4591 = ADVANCED_FACE('',(#4592),#4596,.F.);
#4592 = FACE_BOUND('',#4593,.F.);
#4593 = EDGE_LOOP('',(#4594,#4595));
#4594 = ORIENTED_EDGE('',*,*,#4366,.T.);
#4595 = ORIENTED_EDGE('',*,*,#4351,.T.);
#4596 = PLANE('',#4597);
#4597 = AXIS2_PLACEMENT_3D('',#4598,#4599,#4600);
#4598 = CARTESIAN_POINT('',(199.57033001411,155.,13.596147228941));
#4599 = DIRECTION('',(0.881787101598,0.,0.471647651808));
#4600 = DIRECTION('',(-0.471647651808,0.,0.881787101598));
#4601 = ADVANCED_FACE('',(#4602),#4611,.T.);
#4602 = FACE_BOUND('',#4603,.T.);
#4603 = EDGE_LOOP('',(#4604,#4610));
#4604 = ORIENTED_EDGE('',*,*,#4605,.T.);
#4605 = EDGE_CURVE('',#4325,#4334,#4606,.T.);
#4606 = LINE('',#4607,#4608);
#4607 = CARTESIAN_POINT('',(203.9881699985,155.,15.959148287728));
#4608 = VECTOR('',#4609,1.);
#4609 = DIRECTION('',(0.,-1.,0.));
#4610 = ORIENTED_EDGE('',*,*,#4333,.T.);
#4611 = PLANE('',#4612);
#4612 = AXIS2_PLACEMENT_3D('',#4613,#4614,#4615);
#4613 = CARTESIAN_POINT('',(203.9881699985,155.,15.959148287728));
#4614 = DIRECTION('',(0.881787101598,0.,0.471647651808));
#4615 = DIRECTION('',(-0.471647651808,0.,0.881787101598));
#4616 = ADVANCED_FACE('',(#4617),#4621,.F.);
#4617 = FACE_BOUND('',#4618,.F.);
#4618 = EDGE_LOOP('',(#4619,#4620));
#4619 = ORIENTED_EDGE('',*,*,#4442,.T.);
#4620 = ORIENTED_EDGE('',*,*,#4427,.T.);
#4621 = PLANE('',#4622);
#4622 = AXIS2_PLACEMENT_3D('',#4623,#4624,#4625);
#4623 = CARTESIAN_POINT('',(138.19860625921,155.,199.55574256587));
#4624 = DIRECTION('',(-0.994102664898,0.,0.108443034089));
#4625 = DIRECTION('',(-0.108443034089,0.,-0.994102664898));
#4626 = ADVANCED_FACE('',(#4627),#4672,.T.);
#4627 = FACE_BOUND('',#4628,.T.);
#4628 = EDGE_LOOP('',(#4629,#4630,#4638,#4647,#4656,#4663,#4664,#4665));
#4629 = ORIENTED_EDGE('',*,*,#4400,.T.);
#4630 = ORIENTED_EDGE('',*,*,#4631,.T.);
#4631 = EDGE_CURVE('',#4393,#4632,#4634,.T.);
#4632 = VERTEX_POINT('',#4633);
#4633 = CARTESIAN_POINT('',(128.7637289886,155.,196.87961565107));
#4634 = LINE('',#4635,#4636);
#4635 = CARTESIAN_POINT('',(133.47328810389,155.,197.31070999587));
#4636 = VECTOR('',#4637,1.);
#4637 = DIRECTION('',(-0.995836722003,0.,-9.115494013023E-02));
#4638 = ORIENTED_EDGE('',*,*,#4639,.F.);
#4639 = EDGE_CURVE('',#4640,#4632,#4642,.T.);
#4640 = VERTEX_POINT('',#4641);
#4641 = CARTESIAN_POINT('',(128.22881448743,157.8,199.64235761457));
#4642 = ELLIPSE('',#4643,2.814049871705,2.8);
#4643 = AXIS2_PLACEMENT_3D('',#4644,#4645,#4646);
#4644 = CARTESIAN_POINT('',(128.22881448743,155.,199.64235761457));
#4645 = DIRECTION('',(-0.98176723564,0.,-0.190087072214));
#4646 = DIRECTION('',(-0.190087072214,0.,0.98176723564));
#4647 = ORIENTED_EDGE('',*,*,#4648,.F.);
#4648 = EDGE_CURVE('',#4649,#4640,#4651,.T.);
#4649 = VERTEX_POINT('',#4650);
#4650 = CARTESIAN_POINT('',(128.22881448743,152.2,199.64235761457));
#4651 = CIRCLE('',#4652,2.8);
#4652 = AXIS2_PLACEMENT_3D('',#4653,#4654,#4655);
#4653 = CARTESIAN_POINT('',(128.22881448743,155.,199.64235761457));
#4654 = DIRECTION('',(-0.995836722003,-0.,-9.115494013023E-02));
#4655 = DIRECTION('',(9.115494013023E-02,0.,-0.995836722003));
#4656 = ORIENTED_EDGE('',*,*,#4657,.F.);
#4657 = EDGE_CURVE('',#4632,#4649,#4658,.T.);
#4658 = ELLIPSE('',#4659,2.814049871705,2.8);
#4659 = AXIS2_PLACEMENT_3D('',#4660,#4661,#4662);
#4660 = CARTESIAN_POINT('',(128.22881448743,155.,199.64235761457));
#4661 = DIRECTION('',(-0.98176723564,0.,-0.190087072214));
#4662 = DIRECTION('',(-0.190087072214,0.,0.98176723564));
#4663 = ORIENTED_EDGE('',*,*,#4631,.F.);
#4664 = ORIENTED_EDGE('',*,*,#4418,.T.);
#4665 = ORIENTED_EDGE('',*,*,#4666,.T.);
#4666 = EDGE_CURVE('',#4410,#4401,#4667,.T.);
#4667 = CIRCLE('',#4668,2.8);
#4668 = AXIS2_PLACEMENT_3D('',#4669,#4670,#4671);
#4669 = CARTESIAN_POINT('',(133.21805427152,155.,200.09905281748));
#4670 = DIRECTION('',(-0.995836722003,-0.,-9.115494013023E-02));
#4671 = DIRECTION('',(9.115494013023E-02,0.,-0.995836722003));
#4672 = CYLINDRICAL_SURFACE('',#4673,2.8);
#4673 = AXIS2_PLACEMENT_3D('',#4674,#4675,#4676);
#4674 = CARTESIAN_POINT('',(133.21805427152,155.,200.09905281748));
#4675 = DIRECTION('',(-0.995836722003,0.,-9.115494013023E-02));
#4676 = DIRECTION('',(9.115494013023E-02,0.,-0.995836722003));
#4677 = ADVANCED_FACE('',(#4678),#4687,.T.);
#4678 = FACE_BOUND('',#4679,.T.);
#4679 = EDGE_LOOP('',(#4680,#4686));
#4680 = ORIENTED_EDGE('',*,*,#4681,.T.);
#4681 = EDGE_CURVE('',#4401,#4410,#4682,.T.);
#4682 = LINE('',#4683,#4684);
#4683 = CARTESIAN_POINT('',(133.21805427152,155.,200.09905281748));
#4684 = VECTOR('',#4685,1.);
#4685 = DIRECTION('',(0.,-1.,0.));
#4686 = ORIENTED_EDGE('',*,*,#4409,.T.);
#4687 = PLANE('',#4688);
#4688 = AXIS2_PLACEMENT_3D('',#4689,#4690,#4691);
#4689 = CARTESIAN_POINT('',(133.21805427152,155.,200.09905281748));
#4690 = DIRECTION('',(-0.994102664898,0.,0.108443034089));
#4691 = DIRECTION('',(-0.108443034089,0.,-0.994102664898));
#4692 = ADVANCED_FACE('',(#4693),#4697,.T.);
#4693 = FACE_BOUND('',#4694,.T.);
#4694 = EDGE_LOOP('',(#4695,#4696));
#4695 = ORIENTED_EDGE('',*,*,#4470,.T.);
#4696 = ORIENTED_EDGE('',*,*,#4492,.T.);
#4697 = PLANE('',#4698);
#4698 = AXIS2_PLACEMENT_3D('',#4699,#4700,#4701);
#4699 = CARTESIAN_POINT('',(207.84868830232,155.,19.152498027017));
#4700 = DIRECTION('',(0.770547429924,0.,0.637382662329));
#4701 = DIRECTION('',(-0.637382662329,0.,0.770547429924));
#4702 = ADVANCED_FACE('',(#4703),#4707,.F.);
#4703 = FACE_BOUND('',#4704,.F.);
#4704 = EDGE_LOOP('',(#4705,#4706));
#4705 = ORIENTED_EDGE('',*,*,#4605,.T.);
#4706 = ORIENTED_EDGE('',*,*,#4502,.T.);
#4707 = PLANE('',#4708);
#4708 = AXIS2_PLACEMENT_3D('',#4709,#4710,#4711);
#4709 = CARTESIAN_POINT('',(203.9881699985,155.,15.959148287728));
#4710 = DIRECTION('',(0.770547429924,0.,0.637382662329));
#4711 = DIRECTION('',(-0.637382662329,0.,0.770547429924));
#4712 = ADVANCED_FACE('',(#4713),#4717,.T.);
#4713 = FACE_BOUND('',#4714,.T.);
#4714 = EDGE_LOOP('',(#4715,#4716));
#4715 = ORIENTED_EDGE('',*,*,#4530,.T.);
#4716 = ORIENTED_EDGE('',*,*,#4562,.T.);
#4717 = PLANE('',#4718);
#4718 = AXIS2_PLACEMENT_3D('',#4719,#4720,#4721);
#4719 = CARTESIAN_POINT('',(115.15131169767,155.,192.64750197298));
#4720 = DIRECTION('',(-0.770547429924,0.,-0.637382662329));
#4721 = DIRECTION('',(0.637382662329,0.,-0.770547429924));
#4722 = ADVANCED_FACE('',(#4723),#4768,.T.);
#4723 = FACE_BOUND('',#4724,.T.);
#4724 = EDGE_LOOP('',(#4725,#4736,#4742,#4743,#4750,#4751,#4752,#4761));
#4725 = ORIENTED_EDGE('',*,*,#4726,.T.);
#4726 = EDGE_CURVE('',#4727,#4729,#4731,.T.);
#4727 = VERTEX_POINT('',#4728);
#4728 = CARTESIAN_POINT('',(123.42966998588,157.8,198.20385277105));
#4729 = VERTEX_POINT('',#4730);
#4730 = CARTESIAN_POINT('',(124.50263356948,155.,195.60238667888));
#4731 = ELLIPSE('',#4732,2.814049871705,2.8);
#4732 = AXIS2_PLACEMENT_3D('',#4733,#4734,#4735);
#4733 = CARTESIAN_POINT('',(123.42966998588,155.,198.20385277105));
#4734 = DIRECTION('',(-0.9244562857,0.,-0.381288048371));
#4735 = DIRECTION('',(-0.381288048371,0.,0.9244562857));
#4736 = ORIENTED_EDGE('',*,*,#4737,.T.);
#4737 = EDGE_CURVE('',#4729,#4547,#4738,.T.);
#4738 = LINE('',#4739,#4740);
#4739 = CARTESIAN_POINT('',(124.75028341094,155.,195.73484888658));
#4740 = VECTOR('',#4741,1.);
#4741 = DIRECTION('',(-0.881787101598,0.,-0.471647651808));
#4742 = ORIENTED_EDGE('',*,*,#4544,.F.);
#4743 = ORIENTED_EDGE('',*,*,#4744,.F.);
#4744 = EDGE_CURVE('',#4572,#4545,#4745,.T.);
#4745 = CIRCLE('',#4746,2.8);
#4746 = AXIS2_PLACEMENT_3D('',#4747,#4748,#4749);
#4747 = CARTESIAN_POINT('',(119.01183000149,155.,195.84085171227));
#4748 = DIRECTION('',(-0.881787101598,-0.,-0.471647651808));
#4749 = DIRECTION('',(0.471647651808,0.,-0.881787101598));
#4750 = ORIENTED_EDGE('',*,*,#4571,.F.);
#4751 = ORIENTED_EDGE('',*,*,#4737,.F.);
#4752 = ORIENTED_EDGE('',*,*,#4753,.T.);
#4753 = EDGE_CURVE('',#4729,#4754,#4756,.T.);
#4754 = VERTEX_POINT('',#4755);
#4755 = CARTESIAN_POINT('',(123.42966998588,152.2,198.20385277105));
#4756 = ELLIPSE('',#4757,2.814049871705,2.8);
#4757 = AXIS2_PLACEMENT_3D('',#4758,#4759,#4760);
#4758 = CARTESIAN_POINT('',(123.42966998588,155.,198.20385277105));
#4759 = DIRECTION('',(-0.9244562857,0.,-0.381288048371));
#4760 = DIRECTION('',(-0.381288048371,0.,0.9244562857));
#4761 = ORIENTED_EDGE('',*,*,#4762,.T.);
#4762 = EDGE_CURVE('',#4754,#4727,#4763,.T.);
#4763 = CIRCLE('',#4764,2.8);
#4764 = AXIS2_PLACEMENT_3D('',#4765,#4766,#4767);
#4765 = CARTESIAN_POINT('',(123.42966998588,155.,198.20385277105));
#4766 = DIRECTION('',(-0.881787101598,-0.,-0.471647651808));
#4767 = DIRECTION('',(0.471647651808,0.,-0.881787101598));
#4768 = CYLINDRICAL_SURFACE('',#4769,2.8);
#4769 = AXIS2_PLACEMENT_3D('',#4770,#4771,#4772);
#4770 = CARTESIAN_POINT('',(123.42966998588,155.,198.20385277105));
#4771 = DIRECTION('',(-0.881787101598,0.,-0.471647651808));
#4772 = DIRECTION('',(0.471647651808,0.,-0.881787101598));
#4773 = ADVANCED_FACE('',(#4774),#4783,.F.);
#4774 = FACE_BOUND('',#4775,.F.);
#4775 = EDGE_LOOP('',(#4776,#4782));
#4776 = ORIENTED_EDGE('',*,*,#4777,.T.);
#4777 = EDGE_CURVE('',#4545,#4572,#4778,.T.);
#4778 = LINE('',#4779,#4780);
#4779 = CARTESIAN_POINT('',(119.01183000149,155.,195.84085171227));
#4780 = VECTOR('',#4781,1.);
#4781 = DIRECTION('',(0.,-1.,0.));
#4782 = ORIENTED_EDGE('',*,*,#4580,.T.);
#4783 = PLANE('',#4784);
#4784 = AXIS2_PLACEMENT_3D('',#4785,#4786,#4787);
#4785 = CARTESIAN_POINT('',(119.01183000149,155.,195.84085171227));
#4786 = DIRECTION('',(-0.770547429924,0.,-0.637382662329));
#4787 = DIRECTION('',(0.637382662329,0.,-0.770547429924));
#4788 = ADVANCED_FACE('',(#4789),#4793,.F.);
#4789 = FACE_BOUND('',#4790,.F.);
#4790 = EDGE_LOOP('',(#4791,#4792));
#4791 = ORIENTED_EDGE('',*,*,#4681,.T.);
#4792 = ORIENTED_EDGE('',*,*,#4666,.T.);
#4793 = PLANE('',#4794);
#4794 = AXIS2_PLACEMENT_3D('',#4795,#4796,#4797);
#4795 = CARTESIAN_POINT('',(133.21805427152,155.,200.09905281748));
#4796 = DIRECTION('',(-0.995836722003,0.,-9.115494013023E-02));
#4797 = DIRECTION('',(9.115494013023E-02,0.,-0.995836722003));
#4798 = ADVANCED_FACE('',(#4799),#4826,.T.);
#4799 = FACE_BOUND('',#4800,.T.);
#4800 = EDGE_LOOP('',(#4801,#4802,#4808,#4809,#4816,#4817,#4818,#4819));
#4801 = ORIENTED_EDGE('',*,*,#4639,.T.);
#4802 = ORIENTED_EDGE('',*,*,#4803,.T.);
#4803 = EDGE_CURVE('',#4632,#4729,#4804,.T.);
#4804 = LINE('',#4805,#4806);
#4805 = CARTESIAN_POINT('',(129.03275352982,155.,196.96025358674));
#4806 = VECTOR('',#4807,1.);
#4807 = DIRECTION('',(-0.957894295655,0.,-0.287121086567));
#4808 = ORIENTED_EDGE('',*,*,#4726,.F.);
#4809 = ORIENTED_EDGE('',*,*,#4810,.F.);
#4810 = EDGE_CURVE('',#4754,#4727,#4811,.T.);
#4811 = CIRCLE('',#4812,2.8);
#4812 = AXIS2_PLACEMENT_3D('',#4813,#4814,#4815);
#4813 = CARTESIAN_POINT('',(123.42966998588,155.,198.20385277105));
#4814 = DIRECTION('',(-0.957894295655,-0.,-0.287121086567));
#4815 = DIRECTION('',(0.287121086567,0.,-0.957894295655));
#4816 = ORIENTED_EDGE('',*,*,#4753,.F.);
#4817 = ORIENTED_EDGE('',*,*,#4803,.F.);
#4818 = ORIENTED_EDGE('',*,*,#4657,.T.);
#4819 = ORIENTED_EDGE('',*,*,#4820,.T.);
#4820 = EDGE_CURVE('',#4649,#4640,#4821,.T.);
#4821 = CIRCLE('',#4822,2.8);
#4822 = AXIS2_PLACEMENT_3D('',#4823,#4824,#4825);
#4823 = CARTESIAN_POINT('',(128.22881448743,155.,199.64235761457));
#4824 = DIRECTION('',(-0.957894295655,-0.,-0.287121086567));
#4825 = DIRECTION('',(0.287121086567,0.,-0.957894295655));
#4826 = CYLINDRICAL_SURFACE('',#4827,2.8);
#4827 = AXIS2_PLACEMENT_3D('',#4828,#4829,#4830);
#4828 = CARTESIAN_POINT('',(128.22881448743,155.,199.64235761457));
#4829 = DIRECTION('',(-0.957894295655,0.,-0.287121086567));
#4830 = DIRECTION('',(0.287121086567,0.,-0.957894295655));
#4831 = ADVANCED_FACE('',(#4832),#4841,.T.);
#4832 = FACE_BOUND('',#4833,.T.);
#4833 = EDGE_LOOP('',(#4834,#4840));
#4834 = ORIENTED_EDGE('',*,*,#4835,.T.);
#4835 = EDGE_CURVE('',#4640,#4649,#4836,.T.);
#4836 = LINE('',#4837,#4838);
#4837 = CARTESIAN_POINT('',(128.22881448743,155.,199.64235761457));
#4838 = VECTOR('',#4839,1.);
#4839 = DIRECTION('',(0.,-1.,0.));
#4840 = ORIENTED_EDGE('',*,*,#4648,.T.);
#4841 = PLANE('',#4842);
#4842 = AXIS2_PLACEMENT_3D('',#4843,#4844,#4845);
#4843 = CARTESIAN_POINT('',(128.22881448743,155.,199.64235761457));
#4844 = DIRECTION('',(-0.995836722003,0.,-9.115494013023E-02));
#4845 = DIRECTION('',(9.115494013023E-02,0.,-0.995836722003));
#4846 = ADVANCED_FACE('',(#4847),#4856,.F.);
#4847 = FACE_BOUND('',#4848,.F.);
#4848 = EDGE_LOOP('',(#4849,#4855));
#4849 = ORIENTED_EDGE('',*,*,#4850,.T.);
#4850 = EDGE_CURVE('',#4727,#4754,#4851,.T.);
#4851 = LINE('',#4852,#4853);
#4852 = CARTESIAN_POINT('',(123.42966998588,155.,198.20385277105));
#4853 = VECTOR('',#4854,1.);
#4854 = DIRECTION('',(0.,-1.,0.));
#4855 = ORIENTED_EDGE('',*,*,#4762,.T.);
#4856 = PLANE('',#4857);
#4857 = AXIS2_PLACEMENT_3D('',#4858,#4859,#4860);
#4858 = CARTESIAN_POINT('',(123.42966998588,155.,198.20385277105));
#4859 = DIRECTION('',(-0.881787101598,0.,-0.471647651808));
#4860 = DIRECTION('',(0.471647651808,0.,-0.881787101598));
#4861 = ADVANCED_FACE('',(#4862),#4866,.T.);
#4862 = FACE_BOUND('',#4863,.T.);
#4863 = EDGE_LOOP('',(#4864,#4865));
#4864 = ORIENTED_EDGE('',*,*,#4777,.T.);
#4865 = ORIENTED_EDGE('',*,*,#4744,.T.);
#4866 = PLANE('',#4867);
#4867 = AXIS2_PLACEMENT_3D('',#4868,#4869,#4870);
#4868 = CARTESIAN_POINT('',(119.01183000149,155.,195.84085171227));
#4869 = DIRECTION('',(-0.881787101598,0.,-0.471647651808));
#4870 = DIRECTION('',(0.471647651808,0.,-0.881787101598));
#4871 = ADVANCED_FACE('',(#4872),#4876,.F.);
#4872 = FACE_BOUND('',#4873,.F.);
#4873 = EDGE_LOOP('',(#4874,#4875));
#4874 = ORIENTED_EDGE('',*,*,#4835,.T.);
#4875 = ORIENTED_EDGE('',*,*,#4820,.T.);
#4876 = PLANE('',#4877);
#4877 = AXIS2_PLACEMENT_3D('',#4878,#4879,#4880);
#4878 = CARTESIAN_POINT('',(128.22881448743,155.,199.64235761457));
#4879 = DIRECTION('',(-0.957894295655,0.,-0.287121086567));
#4880 = DIRECTION('',(0.287121086567,0.,-0.957894295655));
#4881 = ADVANCED_FACE('',(#4882),#4886,.T.);
#4882 = FACE_BOUND('',#4883,.T.);
#4883 = EDGE_LOOP('',(#4884,#4885));
#4884 = ORIENTED_EDGE('',*,*,#4850,.T.);
#4885 = ORIENTED_EDGE('',*,*,#4810,.T.);
#4886 = PLANE('',#4887);
#4887 = AXIS2_PLACEMENT_3D('',#4888,#4889,#4890);
#4888 = CARTESIAN_POINT('',(123.42966998588,155.,198.20385277105));
#4889 = DIRECTION('',(-0.957894295655,0.,-0.287121086567));
#4890 = DIRECTION('',(0.287121086567,0.,-0.957894295655));
#4891 = ( GEOMETRIC_REPRESENTATION_CONTEXT(3) 
GLOBAL_UNCERTAINTY_ASSIGNED_CONTEXT((#4895)) 
GLOBAL_UNIT_ASSIGNED_CONTEXT((#4892,#4893,#4894)) REPRESENTATION_CONTEXT
('Context #1','3D Context with UNIT and UNCERTAINTY') );
#4892 = ( LENGTH_UNIT() NAMED_UNIT(*) SI_UNIT(.MILLI.,.METRE.) );
#4893 = ( NAMED_UNIT(*) PLANE_ANGLE_UNIT() SI_UNIT($,.RADIAN.) );
#4894 = ( NAMED_UNIT(*) SI_UNIT($,.STERADIAN.) SOLID_ANGLE_UNIT() );
#4895 = UNCERTAINTY_MEASURE_WITH_UNIT(LENGTH_MEASURE(2.E-07),#4892,
  'distance_accuracy_value','confusion accuracy');
#4896 = PRODUCT_RELATED_PRODUCT_CATEGORY('part',$,(#7));
ENDSEC;
END-ISO-10303-21;
