ISO-10303-21;
HEADER;
FILE_DESCRIPTION(('FreeCAD Model'),'2;1');
FILE_NAME('Open CASCADE Shape Model','2026-09-28T13:06:01',('Author'),(
    ''),'Open CASCADE STEP processor 7.8','FreeCAD','Unknown');
FILE_SCHEMA(('AUTOMOTIVE_DESIGN { 1 0 10303 214 1 1 1 1 }'));
ENDSEC;
DATA;
#1 = APPLICATION_PROTOCOL_DEFINITION('international standard',
  'automotive_design',2000,#2);
#2 = APPLICATION_CONTEXT(
  'core data for automotive mechanical design processes');
#3 = SHAPE_DEFINITION_REPRESENTATION(#4,#10);
#4 = PRODUCT_DEFINITION_SHAPE('','',#5);
#5 = PRODUCT_DEFINITION('design','',#6,#9);
#6 = PRODUCT_DEFINITION_FORMATION('','',#7);
#7 = PRODUCT('CHAIN_25','CHAIN_25','',(#8));
#8 = PRODUCT_CONTEXT('',#2,'mechanical');
#9 = PRODUCT_DEFINITION_CONTEXT('part definition',#2,'design');
#10 = ADVANCED_BREP_SHAPE_REPRESENTATION('',(#11,#15),#4208);
#11 = AXIS2_PLACEMENT_3D('',#12,#13,#14);
#12 = CARTESIAN_POINT('',(0.,0.,0.));
#13 = DIRECTION('',(0.,0.,1.));
#14 = DIRECTION('',(1.,0.,-0.));
#15 = MANIFOLD_SOLID_BREP('',#16);
#16 = CLOSED_SHELL('',(#17,#51,#110,#135,#195,#212,#228,#287,#304,#321,
    #355,#371,#423,#447,#472,#534,#596,#620,#690,#714,#927,#942,#953,
    #969,#1019,#1035,#1046,#1080,#1096,#1113,#1193,#1209,#1226,#1244,
    #1278,#1294,#1305,#1315,#1326,#1342,#1376,#1436,#1489,#1505,#1564,
    #1588,#1605,#1622,#1639,#1663,#1680,#1704,#1721,#1780,#1804,#1828,
    #1839,#1855,#1914,#1930,#1989,#2025,#2042,#2059,#2070,#2086,#2154,
    #2165,#2181,#2249,#2261,#2272,#2288,#2339,#2350,#2366,#2425,#2436,
    #2452,#2503,#2513,#2564,#2579,#2590,#2606,#2674,#2684,#2735,#2750,
    #2760,#2811,#2826,#2837,#2853,#2904,#2955,#2970,#2980,#2990,#3041,
    #3056,#3066,#3117,#3132,#3165,#3180,#3190,#3200,#3215,#3225,#3276,
    #3291,#3342,#3384,#3408,#3433,#3529,#3553,#3578,#3602,#3618,#3677,
    #3688,#3704,#3772,#3783,#3799,#3850,#3860,#3911,#3926,#3977,#3992,
    #4002,#4035,#4050,#4060,#4075,#4085,#4095,#4105,#4115,#4130,#4140,
    #4150,#4188));
#17 = ADVANCED_FACE('',(#18),#46,.T.);
#18 = FACE_BOUND('',#19,.T.);
#19 = EDGE_LOOP('',(#20,#30,#39));
#20 = ORIENTED_EDGE('',*,*,#21,.F.);
#21 = EDGE_CURVE('',#22,#24,#26,.T.);
#22 = VERTEX_POINT('',#23);
#23 = CARTESIAN_POINT('',(206.29959848753,-166.4,36.914407801555));
#24 = VERTEX_POINT('',#25);
#25 = CARTESIAN_POINT('',(206.29959848753,-165.3284753138,
    36.914407801555));
#26 = LINE('',#27,#28);
#27 = CARTESIAN_POINT('',(206.29959848753,-164.,36.914407801555));
#28 = VECTOR('',#29,1.);
#29 = DIRECTION('',(0.,1.,0.));
#30 = ORIENTED_EDGE('',*,*,#31,.T.);
#31 = EDGE_CURVE('',#22,#32,#34,.T.);
#32 = VERTEX_POINT('',#33);
#33 = CARTESIAN_POINT('',(206.24886047812,-166.1820143438,
    35.916290044172));
#34 = CIRCLE('',#35,2.4);
#35 = AXIS2_PLACEMENT_3D('',#36,#37,#38);
#36 = CARTESIAN_POINT('',(206.29959848753,-164.,36.914407801555));
#37 = DIRECTION('',(0.998710466583,0.,-5.076813900473E-02));
#38 = DIRECTION('',(5.076813900473E-02,0.,0.998710466583));
#39 = ORIENTED_EDGE('',*,*,#40,.F.);
#40 = EDGE_CURVE('',#24,#32,#41,.T.);
#41 = ELLIPSE('',#42,2.400060236762,2.4);
#42 = AXIS2_PLACEMENT_3D('',#43,#44,#45);
#43 = CARTESIAN_POINT('',(206.19812119526,-164.,34.91814723538));
#44 = DIRECTION('',(0.998710466583,0.,-5.076813900473E-02));
#45 = DIRECTION('',(-5.076813900473E-02,0.,-0.998710466583));
#46 = PLANE('',#47);
#47 = AXIS2_PLACEMENT_3D('',#48,#49,#50);
#48 = CARTESIAN_POINT('',(206.29959848753,-164.,36.914407801555));
#49 = DIRECTION('',(0.998710466583,0.,-5.076813900473E-02));
#50 = DIRECTION('',(5.076813900473E-02,0.,0.998710466583));
#51 = ADVANCED_FACE('',(#52),#105,.F.);
#52 = FACE_BOUND('',#53,.F.);
#53 = EDGE_LOOP('',(#54,#55,#64,#73,#81,#90,#98));
#54 = ORIENTED_EDGE('',*,*,#21,.F.);
#55 = ORIENTED_EDGE('',*,*,#56,.T.);
#56 = EDGE_CURVE('',#22,#57,#59,.T.);
#57 = VERTEX_POINT('',#58);
#58 = CARTESIAN_POINT('',(208.68603084592,-164.,37.169242255327));
#59 = CIRCLE('',#60,2.4);
#60 = AXIS2_PLACEMENT_3D('',#61,#62,#63);
#61 = CARTESIAN_POINT('',(206.29959848753,-164.,36.914407801555));
#62 = DIRECTION('',(-0.106181022405,0.,0.994346815996));
#63 = DIRECTION('',(0.994346815996,0.,0.106181022405));
#64 = ORIENTED_EDGE('',*,*,#65,.T.);
#65 = EDGE_CURVE('',#57,#66,#68,.T.);
#66 = VERTEX_POINT('',#67);
#67 = CARTESIAN_POINT('',(206.29959848753,-161.6,36.914407801555));
#68 = CIRCLE('',#69,2.4);
#69 = AXIS2_PLACEMENT_3D('',#70,#71,#72);
#70 = CARTESIAN_POINT('',(206.29959848753,-164.,36.914407801555));
#71 = DIRECTION('',(-0.106181022405,0.,0.994346815996));
#72 = DIRECTION('',(0.994346815996,0.,0.106181022405));
#73 = ORIENTED_EDGE('',*,*,#74,.F.);
#74 = EDGE_CURVE('',#75,#66,#77,.T.);
#75 = VERTEX_POINT('',#76);
#76 = CARTESIAN_POINT('',(206.29959848753,-162.6715246861,
    36.914407801555));
#77 = LINE('',#78,#79);
#78 = CARTESIAN_POINT('',(206.29959848753,-164.,36.914407801555));
#79 = VECTOR('',#80,1.);
#80 = DIRECTION('',(0.,1.,0.));
#81 = ORIENTED_EDGE('',*,*,#82,.F.);
#82 = EDGE_CURVE('',#83,#75,#85,.T.);
#83 = VERTEX_POINT('',#84);
#84 = CARTESIAN_POINT('',(206.30673518504,-162.673292176,36.915169891628
    ));
#85 = ELLIPSE('',#86,14.677206852924,2.4);
#86 = AXIS2_PLACEMENT_3D('',#87,#88,#89);
#87 = CARTESIAN_POINT('',(194.14510718614,-164.,35.616494143632));
#88 = DIRECTION('',(-0.106181022405,0.,0.994346815996));
#89 = DIRECTION('',(0.994346815996,0.,0.106181022405));
#90 = ORIENTED_EDGE('',*,*,#91,.F.);
#91 = EDGE_CURVE('',#92,#83,#94,.T.);
#92 = VERTEX_POINT('',#93);
#93 = CARTESIAN_POINT('',(206.30673518504,-165.3267078239,
    36.915169891628));
#94 = LINE('',#95,#96);
#95 = CARTESIAN_POINT('',(206.30673518504,-164.,36.915169891628));
#96 = VECTOR('',#97,1.);
#97 = DIRECTION('',(0.,1.,0.));
#98 = ORIENTED_EDGE('',*,*,#99,.F.);
#99 = EDGE_CURVE('',#24,#92,#100,.T.);
#100 = ELLIPSE('',#101,14.677206852924,2.4);
#101 = AXIS2_PLACEMENT_3D('',#102,#103,#104);
#102 = CARTESIAN_POINT('',(194.14510718614,-164.,35.616494143632));
#103 = DIRECTION('',(-0.106181022405,0.,0.994346815996));
#104 = DIRECTION('',(0.994346815996,0.,0.106181022405));
#105 = PLANE('',#106);
#106 = AXIS2_PLACEMENT_3D('',#107,#108,#109);
#107 = CARTESIAN_POINT('',(206.29959848753,-164.,36.914407801555));
#108 = DIRECTION('',(-0.106181022405,0.,0.994346815996));
#109 = DIRECTION('',(0.994346815996,0.,0.106181022405));
#110 = ADVANCED_FACE('',(#111),#130,.T.);
#111 = FACE_BOUND('',#112,.T.);
#112 = EDGE_LOOP('',(#113,#114,#123));
#113 = ORIENTED_EDGE('',*,*,#74,.F.);
#114 = ORIENTED_EDGE('',*,*,#115,.F.);
#115 = EDGE_CURVE('',#116,#75,#118,.T.);
#116 = VERTEX_POINT('',#117);
#117 = CARTESIAN_POINT('',(206.24886047812,-161.8179856561,
    35.916290044172));
#118 = ELLIPSE('',#119,2.400060236762,2.4);
#119 = AXIS2_PLACEMENT_3D('',#120,#121,#122);
#120 = CARTESIAN_POINT('',(206.19812119526,-164.,34.91814723538));
#121 = DIRECTION('',(0.998710466583,0.,-5.076813900473E-02));
#122 = DIRECTION('',(-5.076813900473E-02,0.,-0.998710466583));
#123 = ORIENTED_EDGE('',*,*,#124,.T.);
#124 = EDGE_CURVE('',#116,#66,#125,.T.);
#125 = CIRCLE('',#126,2.4);
#126 = AXIS2_PLACEMENT_3D('',#127,#128,#129);
#127 = CARTESIAN_POINT('',(206.29959848753,-164.,36.914407801555));
#128 = DIRECTION('',(0.998710466583,0.,-5.076813900473E-02));
#129 = DIRECTION('',(5.076813900473E-02,0.,0.998710466583));
#130 = PLANE('',#131);
#131 = AXIS2_PLACEMENT_3D('',#132,#133,#134);
#132 = CARTESIAN_POINT('',(206.29959848753,-164.,36.914407801555));
#133 = DIRECTION('',(0.998710466583,0.,-5.076813900473E-02));
#134 = DIRECTION('',(5.076813900473E-02,0.,0.998710466583));
#135 = ADVANCED_FACE('',(#136),#190,.T.);
#136 = FACE_BOUND('',#137,.T.);
#137 = EDGE_LOOP('',(#138,#149,#155,#156,#165,#172,#173,#174,#183));
#138 = ORIENTED_EDGE('',*,*,#139,.F.);
#139 = EDGE_CURVE('',#140,#142,#144,.T.);
#140 = VERTEX_POINT('',#141);
#141 = CARTESIAN_POINT('',(208.34265267487,-164.,40.384854455496));
#142 = VERTEX_POINT('',#143);
#143 = CARTESIAN_POINT('',(205.95622031648,-161.6,40.130020001724));
#144 = CIRCLE('',#145,2.4);
#145 = AXIS2_PLACEMENT_3D('',#146,#147,#148);
#146 = CARTESIAN_POINT('',(205.95622031648,-164.,40.130020001724));
#147 = DIRECTION('',(-0.106181022405,0.,0.994346815996));
#148 = DIRECTION('',(0.994346815996,0.,0.106181022405));
#149 = ORIENTED_EDGE('',*,*,#150,.F.);
#150 = EDGE_CURVE('',#57,#140,#151,.T.);
#151 = LINE('',#152,#153);
#152 = CARTESIAN_POINT('',(208.68603084592,-164.,37.169242255327));
#153 = VECTOR('',#154,1.);
#154 = DIRECTION('',(-0.106181022405,0.,0.994346815996));
#155 = ORIENTED_EDGE('',*,*,#65,.T.);
#156 = ORIENTED_EDGE('',*,*,#157,.T.);
#157 = EDGE_CURVE('',#66,#158,#160,.T.);
#158 = VERTEX_POINT('',#159);
#159 = CARTESIAN_POINT('',(203.61476555489,-164.,39.453986644868));
#160 = ELLIPSE('',#161,3.695644541571,2.4);
#161 = AXIS2_PLACEMENT_3D('',#162,#163,#164);
#162 = CARTESIAN_POINT('',(206.29959848753,-164.,36.914407801555));
#163 = DIRECTION('',(0.687181576785,0.,0.726485705659));
#164 = DIRECTION('',(-0.726485705659,0.,0.687181576785));
#165 = ORIENTED_EDGE('',*,*,#166,.T.);
#166 = EDGE_CURVE('',#158,#22,#167,.T.);
#167 = ELLIPSE('',#168,3.695644541571,2.4);
#168 = AXIS2_PLACEMENT_3D('',#169,#170,#171);
#169 = CARTESIAN_POINT('',(206.29959848753,-164.,36.914407801555));
#170 = DIRECTION('',(0.687181576785,0.,0.726485705659));
#171 = DIRECTION('',(-0.726485705659,0.,0.687181576785));
#172 = ORIENTED_EDGE('',*,*,#56,.T.);
#173 = ORIENTED_EDGE('',*,*,#150,.T.);
#174 = ORIENTED_EDGE('',*,*,#175,.F.);
#175 = EDGE_CURVE('',#176,#140,#178,.T.);
#176 = VERTEX_POINT('',#177);
#177 = CARTESIAN_POINT('',(205.95622031648,-166.4,40.130020001724));
#178 = CIRCLE('',#179,2.4);
#179 = AXIS2_PLACEMENT_3D('',#180,#181,#182);
#180 = CARTESIAN_POINT('',(205.95622031648,-164.,40.130020001724));
#181 = DIRECTION('',(-0.106181022405,0.,0.994346815996));
#182 = DIRECTION('',(0.994346815996,0.,0.106181022405));
#183 = ORIENTED_EDGE('',*,*,#184,.F.);
#184 = EDGE_CURVE('',#142,#176,#185,.T.);
#185 = ELLIPSE('',#186,2.411896450566,2.4);
#186 = AXIS2_PLACEMENT_3D('',#187,#188,#189);
#187 = CARTESIAN_POINT('',(205.95622031648,-164.,40.130020001724));
#188 = DIRECTION('',(-0.204295705627,0.,0.97890922187));
#189 = DIRECTION('',(0.97890922187,0.,0.204295705627));
#190 = CYLINDRICAL_SURFACE('',#191,2.4);
#191 = AXIS2_PLACEMENT_3D('',#192,#193,#194);
#192 = CARTESIAN_POINT('',(206.29959848753,-164.,36.914407801555));
#193 = DIRECTION('',(-0.106181022405,0.,0.994346815996));
#194 = DIRECTION('',(0.994346815996,0.,0.106181022405));
#195 = ADVANCED_FACE('',(#196),#207,.T.);
#196 = FACE_BOUND('',#197,.T.);
#197 = EDGE_LOOP('',(#198,#205,#206));
#198 = ORIENTED_EDGE('',*,*,#199,.F.);
#199 = EDGE_CURVE('',#116,#83,#200,.T.);
#200 = CIRCLE('',#201,2.4);
#201 = AXIS2_PLACEMENT_3D('',#202,#203,#204);
#202 = CARTESIAN_POINT('',(206.19105220553,-164.,34.918556809874));
#203 = DIRECTION('',(0.998325715157,0.,-5.784260070392E-02));
#204 = DIRECTION('',(5.784260070392E-02,0.,0.998325715157));
#205 = ORIENTED_EDGE('',*,*,#115,.T.);
#206 = ORIENTED_EDGE('',*,*,#82,.F.);
#207 = CYLINDRICAL_SURFACE('',#208,2.4);
#208 = AXIS2_PLACEMENT_3D('',#209,#210,#211);
#209 = CARTESIAN_POINT('',(85.23783960193,-164.,41.926538547965));
#210 = DIRECTION('',(0.998325715157,0.,-5.784260070392E-02));
#211 = DIRECTION('',(5.784260070392E-02,0.,0.998325715157));
#212 = ADVANCED_FACE('',(#213),#223,.T.);
#213 = FACE_BOUND('',#214,.T.);
#214 = EDGE_LOOP('',(#215,#216,#217));
#215 = ORIENTED_EDGE('',*,*,#175,.T.);
#216 = ORIENTED_EDGE('',*,*,#139,.T.);
#217 = ORIENTED_EDGE('',*,*,#218,.T.);
#218 = EDGE_CURVE('',#142,#176,#219,.T.);
#219 = LINE('',#220,#221);
#220 = CARTESIAN_POINT('',(205.95622031648,-164.,40.130020001724));
#221 = VECTOR('',#222,1.);
#222 = DIRECTION('',(0.,-1.,0.));
#223 = PLANE('',#224);
#224 = AXIS2_PLACEMENT_3D('',#225,#226,#227);
#225 = CARTESIAN_POINT('',(205.95622031648,-164.,40.130020001724));
#226 = DIRECTION('',(-0.106181022405,0.,0.994346815996));
#227 = DIRECTION('',(0.994346815996,0.,0.106181022405));
#228 = ADVANCED_FACE('',(#229),#282,.T.);
#229 = FACE_BOUND('',#230,.T.);
#230 = EDGE_LOOP('',(#231,#242,#250,#257,#258,#265,#266,#275));
#231 = ORIENTED_EDGE('',*,*,#232,.F.);
#232 = EDGE_CURVE('',#233,#235,#237,.T.);
#233 = VERTEX_POINT('',#234);
#234 = CARTESIAN_POINT('',(207.27393026314,-164.,43.935504318693));
#235 = VERTEX_POINT('',#236);
#236 = CARTESIAN_POINT('',(204.98477456579,-161.6,43.214556197607));
#237 = CIRCLE('',#238,2.4);
#238 = AXIS2_PLACEMENT_3D('',#239,#240,#241);
#239 = CARTESIAN_POINT('',(204.98477456579,-164.,43.214556197606));
#240 = DIRECTION('',(-0.300395050453,0.,0.953814873895));
#241 = DIRECTION('',(0.953814873895,0.,0.300395050453));
#242 = ORIENTED_EDGE('',*,*,#243,.F.);
#243 = EDGE_CURVE('',#244,#233,#246,.T.);
#244 = VERTEX_POINT('',#245);
#245 = CARTESIAN_POINT('',(208.24537601383,-164.,40.850968122811));
#246 = LINE('',#247,#248);
#247 = CARTESIAN_POINT('',(208.24537601383,-164.,40.850968122811));
#248 = VECTOR('',#249,1.);
#249 = DIRECTION('',(-0.300395050453,0.,0.953814873895));
#250 = ORIENTED_EDGE('',*,*,#251,.T.);
#251 = EDGE_CURVE('',#244,#142,#252,.T.);
#252 = CIRCLE('',#253,2.4);
#253 = AXIS2_PLACEMENT_3D('',#254,#255,#256);
#254 = CARTESIAN_POINT('',(205.95622031648,-164.,40.130020001724));
#255 = DIRECTION('',(-0.300395050453,0.,0.953814873895));
#256 = DIRECTION('',(0.953814873895,0.,0.300395050453));
#257 = ORIENTED_EDGE('',*,*,#184,.T.);
#258 = ORIENTED_EDGE('',*,*,#259,.T.);
#259 = EDGE_CURVE('',#176,#244,#260,.T.);
#260 = CIRCLE('',#261,2.4);
#261 = AXIS2_PLACEMENT_3D('',#262,#263,#264);
#262 = CARTESIAN_POINT('',(205.95622031648,-164.,40.130020001724));
#263 = DIRECTION('',(-0.300395050453,0.,0.953814873895));
#264 = DIRECTION('',(0.953814873895,0.,0.300395050453));
#265 = ORIENTED_EDGE('',*,*,#243,.T.);
#266 = ORIENTED_EDGE('',*,*,#267,.F.);
#267 = EDGE_CURVE('',#268,#233,#270,.T.);
#268 = VERTEX_POINT('',#269);
#269 = CARTESIAN_POINT('',(204.98477456579,-166.4,43.214556197606));
#270 = CIRCLE('',#271,2.4);
#271 = AXIS2_PLACEMENT_3D('',#272,#273,#274);
#272 = CARTESIAN_POINT('',(204.98477456579,-164.,43.214556197606));
#273 = DIRECTION('',(-0.300395050453,0.,0.953814873895));
#274 = DIRECTION('',(0.953814873895,0.,0.300395050453));
#275 = ORIENTED_EDGE('',*,*,#276,.F.);
#276 = EDGE_CURVE('',#235,#268,#277,.T.);
#277 = ELLIPSE('',#278,2.411896450566,2.4);
#278 = AXIS2_PLACEMENT_3D('',#279,#280,#281);
#279 = CARTESIAN_POINT('',(204.98477456579,-164.,43.214556197606));
#280 = DIRECTION('',(-0.393531055068,0.,0.919311323055));
#281 = DIRECTION('',(0.919311323055,0.,0.393531055068));
#282 = CYLINDRICAL_SURFACE('',#283,2.4);
#283 = AXIS2_PLACEMENT_3D('',#284,#285,#286);
#284 = CARTESIAN_POINT('',(205.95622031648,-164.,40.130020001724));
#285 = DIRECTION('',(-0.300395050453,0.,0.953814873895));
#286 = DIRECTION('',(0.953814873895,0.,0.300395050453));
#287 = ADVANCED_FACE('',(#288),#299,.T.);
#288 = FACE_BOUND('',#289,.T.);
#289 = EDGE_LOOP('',(#290,#291,#298));
#290 = ORIENTED_EDGE('',*,*,#40,.T.);
#291 = ORIENTED_EDGE('',*,*,#292,.F.);
#292 = EDGE_CURVE('',#92,#32,#293,.T.);
#293 = CIRCLE('',#294,2.4);
#294 = AXIS2_PLACEMENT_3D('',#295,#296,#297);
#295 = CARTESIAN_POINT('',(206.19105220553,-164.,34.918556809874));
#296 = DIRECTION('',(0.998325715157,0.,-5.784260070392E-02));
#297 = DIRECTION('',(5.784260070392E-02,0.,0.998325715157));
#298 = ORIENTED_EDGE('',*,*,#99,.F.);
#299 = CYLINDRICAL_SURFACE('',#300,2.4);
#300 = AXIS2_PLACEMENT_3D('',#301,#302,#303);
#301 = CARTESIAN_POINT('',(85.23783960193,-164.,41.926538547965));
#302 = DIRECTION('',(0.998325715157,0.,-5.784260070392E-02));
#303 = DIRECTION('',(5.784260070392E-02,0.,0.998325715157));
#304 = ADVANCED_FACE('',(#305),#316,.T.);
#305 = FACE_BOUND('',#306,.T.);
#306 = EDGE_LOOP('',(#307,#308,#314,#315));
#307 = ORIENTED_EDGE('',*,*,#292,.T.);
#308 = ORIENTED_EDGE('',*,*,#309,.T.);
#309 = EDGE_CURVE('',#32,#116,#310,.T.);
#310 = LINE('',#311,#312);
#311 = CARTESIAN_POINT('',(206.24886047812,-164.,35.916290044172));
#312 = VECTOR('',#313,1.);
#313 = DIRECTION('',(0.,1.,0.));
#314 = ORIENTED_EDGE('',*,*,#199,.T.);
#315 = ORIENTED_EDGE('',*,*,#91,.F.);
#316 = PLANE('',#317);
#317 = AXIS2_PLACEMENT_3D('',#318,#319,#320);
#318 = CARTESIAN_POINT('',(206.19105220553,-164.,34.918556809874));
#319 = DIRECTION('',(0.998325715157,0.,-5.784260070392E-02));
#320 = DIRECTION('',(5.784260070392E-02,0.,0.998325715157));
#321 = ADVANCED_FACE('',(#322),#350,.F.);
#322 = FACE_BOUND('',#323,.F.);
#323 = EDGE_LOOP('',(#324,#335,#344));
#324 = ORIENTED_EDGE('',*,*,#325,.T.);
#325 = EDGE_CURVE('',#326,#328,#330,.T.);
#326 = VERTEX_POINT('',#327);
#327 = CARTESIAN_POINT('',(85.299770916203,-161.6,43.065275616838));
#328 = VERTEX_POINT('',#329);
#329 = CARTESIAN_POINT('',(85.421614449814,-164.,45.462180736637));
#330 = CIRCLE('',#331,2.4);
#331 = AXIS2_PLACEMENT_3D('',#332,#333,#334);
#332 = CARTESIAN_POINT('',(85.299770916203,-164.,43.065275616838));
#333 = DIRECTION('',(0.998710466583,0.,-5.076813900473E-02));
#334 = DIRECTION('',(5.076813900473E-02,0.,0.998710466583));
#335 = ORIENTED_EDGE('',*,*,#336,.T.);
#336 = EDGE_CURVE('',#328,#337,#339,.T.);
#337 = VERTEX_POINT('',#338);
#338 = CARTESIAN_POINT('',(85.299770916203,-166.4,43.065275616838));
#339 = CIRCLE('',#340,2.4);
#340 = AXIS2_PLACEMENT_3D('',#341,#342,#343);
#341 = CARTESIAN_POINT('',(85.299770916203,-164.,43.065275616838));
#342 = DIRECTION('',(0.998710466583,0.,-5.076813900473E-02));
#343 = DIRECTION('',(5.076813900473E-02,0.,0.998710466583));
#344 = ORIENTED_EDGE('',*,*,#345,.T.);
#345 = EDGE_CURVE('',#337,#326,#346,.T.);
#346 = LINE('',#347,#348);
#347 = CARTESIAN_POINT('',(85.299770916203,-164.,43.065275616838));
#348 = VECTOR('',#349,1.);
#349 = DIRECTION('',(0.,1.,0.));
#350 = PLANE('',#351);
#351 = AXIS2_PLACEMENT_3D('',#352,#353,#354);
#352 = CARTESIAN_POINT('',(85.299770916203,-164.,43.065275616838));
#353 = DIRECTION('',(0.998710466583,0.,-5.076813900473E-02));
#354 = DIRECTION('',(5.076813900473E-02,0.,0.998710466583));
#355 = ADVANCED_FACE('',(#356),#366,.T.);
#356 = FACE_BOUND('',#357,.T.);
#357 = EDGE_LOOP('',(#358,#359));
#358 = ORIENTED_EDGE('',*,*,#345,.T.);
#359 = ORIENTED_EDGE('',*,*,#360,.T.);
#360 = EDGE_CURVE('',#326,#337,#361,.T.);
#361 = CIRCLE('',#362,2.4);
#362 = AXIS2_PLACEMENT_3D('',#363,#364,#365);
#363 = CARTESIAN_POINT('',(85.299770916203,-164.,43.065275616838));
#364 = DIRECTION('',(3.206283260152E-03,-0.,0.999994859861));
#365 = DIRECTION('',(0.999994859861,0.,-3.206283260152E-03));
#366 = PLANE('',#367);
#367 = AXIS2_PLACEMENT_3D('',#368,#369,#370);
#368 = CARTESIAN_POINT('',(85.299770916203,-164.,43.065275616838));
#369 = DIRECTION('',(3.206283260152E-03,0.,0.999994859861));
#370 = DIRECTION('',(0.999994859861,0.,-3.206283260152E-03));
#371 = ADVANCED_FACE('',(#372),#418,.T.);
#372 = FACE_BOUND('',#373,.T.);
#373 = EDGE_LOOP('',(#374,#375,#384,#393,#402,#411));
#374 = ORIENTED_EDGE('',*,*,#360,.F.);
#375 = ORIENTED_EDGE('',*,*,#376,.F.);
#376 = EDGE_CURVE('',#377,#326,#379,.T.);
#377 = VERTEX_POINT('',#378);
#378 = CARTESIAN_POINT('',(85.480505084678,-161.6068610507,
    42.874509189084));
#379 = ELLIPSE('',#380,3.477833068716,2.4);
#380 = AXIS2_PLACEMENT_3D('',#381,#382,#383);
#381 = CARTESIAN_POINT('',(85.299770916203,-164.,43.065275616838));
#382 = DIRECTION('',(0.725937334313,0.,0.687760849896));
#383 = DIRECTION('',(-0.687760849896,0.,0.725937334313));
#384 = ORIENTED_EDGE('',*,*,#385,.T.);
#385 = EDGE_CURVE('',#377,#386,#388,.T.);
#386 = VERTEX_POINT('',#387);
#387 = CARTESIAN_POINT('',(85.299161126136,-161.6,42.875090632172));
#388 = CIRCLE('',#389,2.4);
#389 = AXIS2_PLACEMENT_3D('',#390,#391,#392);
#390 = CARTESIAN_POINT('',(85.299161126135,-164.,42.875090632172));
#391 = DIRECTION('',(3.206283260152E-03,-0.,0.999994859861));
#392 = DIRECTION('',(0.999994859861,0.,-3.206283260152E-03));
#393 = ORIENTED_EDGE('',*,*,#394,.T.);
#394 = EDGE_CURVE('',#386,#395,#397,.T.);
#395 = VERTEX_POINT('',#396);
#396 = CARTESIAN_POINT('',(85.299161126136,-166.4,42.875090632172));
#397 = ELLIPSE('',#398,2.400125471858,2.4);
#398 = AXIS2_PLACEMENT_3D('',#399,#400,#401);
#399 = CARTESIAN_POINT('',(85.299161126135,-164.,42.875090632172));
#400 = DIRECTION('',(1.343111482025E-02,-0.,0.999909798509));
#401 = DIRECTION('',(0.999909798509,0.,-1.343111482025E-02));
#402 = ORIENTED_EDGE('',*,*,#403,.T.);
#403 = EDGE_CURVE('',#395,#404,#406,.T.);
#404 = VERTEX_POINT('',#405);
#405 = CARTESIAN_POINT('',(85.480505084678,-166.3931389492,
    42.874509189084));
#406 = CIRCLE('',#407,2.4);
#407 = AXIS2_PLACEMENT_3D('',#408,#409,#410);
#408 = CARTESIAN_POINT('',(85.299161126135,-164.,42.875090632172));
#409 = DIRECTION('',(3.206283260152E-03,-0.,0.999994859861));
#410 = DIRECTION('',(0.999994859861,0.,-3.206283260152E-03));
#411 = ORIENTED_EDGE('',*,*,#412,.F.);
#412 = EDGE_CURVE('',#337,#404,#413,.T.);
#413 = ELLIPSE('',#414,3.477833068716,2.4);
#414 = AXIS2_PLACEMENT_3D('',#415,#416,#417);
#415 = CARTESIAN_POINT('',(85.299770916203,-164.,43.065275616838));
#416 = DIRECTION('',(0.725937334313,0.,0.687760849896));
#417 = DIRECTION('',(-0.687760849896,0.,0.725937334313));
#418 = CYLINDRICAL_SURFACE('',#419,2.4);
#419 = AXIS2_PLACEMENT_3D('',#420,#421,#422);
#420 = CARTESIAN_POINT('',(85.299161126135,-164.,42.875090632172));
#421 = DIRECTION('',(3.206283260152E-03,0.,0.999994859861));
#422 = DIRECTION('',(0.999994859861,0.,-3.206283260152E-03));
#423 = ADVANCED_FACE('',(#424),#442,.F.);
#424 = FACE_BOUND('',#425,.F.);
#425 = EDGE_LOOP('',(#426,#434,#441));
#426 = ORIENTED_EDGE('',*,*,#427,.T.);
#427 = EDGE_CURVE('',#386,#428,#430,.T.);
#428 = VERTEX_POINT('',#429);
#429 = CARTESIAN_POINT('',(85.299161126135,-161.607530327,
    42.875090632172));
#430 = LINE('',#431,#432);
#431 = CARTESIAN_POINT('',(85.299161126135,-164.,42.875090632172));
#432 = VECTOR('',#433,1.);
#433 = DIRECTION('',(0.,-1.,0.));
#434 = ORIENTED_EDGE('',*,*,#435,.F.);
#435 = EDGE_CURVE('',#377,#428,#436,.T.);
#436 = ELLIPSE('',#437,50.456495261198,2.4);
#437 = AXIS2_PLACEMENT_3D('',#438,#439,#440);
#438 = CARTESIAN_POINT('',(89.292996995064,-164.,42.86228519726));
#439 = DIRECTION('',(3.206283260152E-03,-0.,0.999994859861));
#440 = DIRECTION('',(0.999994859861,0.,-3.206283260152E-03));
#441 = ORIENTED_EDGE('',*,*,#385,.T.);
#442 = PLANE('',#443);
#443 = AXIS2_PLACEMENT_3D('',#444,#445,#446);
#444 = CARTESIAN_POINT('',(85.299161126135,-164.,42.875090632172));
#445 = DIRECTION('',(3.206283260152E-03,0.,0.999994859861));
#446 = DIRECTION('',(0.999994859861,0.,-3.206283260152E-03));
#447 = ADVANCED_FACE('',(#448),#467,.T.);
#448 = FACE_BOUND('',#449,.T.);
#449 = EDGE_LOOP('',(#450,#451,#460));
#450 = ORIENTED_EDGE('',*,*,#427,.T.);
#451 = ORIENTED_EDGE('',*,*,#452,.F.);
#452 = EDGE_CURVE('',#453,#428,#455,.T.);
#453 = VERTEX_POINT('',#454);
#454 = CARTESIAN_POINT('',(85.48406231374,-161.6071371935,
    42.870715655093));
#455 = ELLIPSE('',#456,88.46329881714,2.4);
#456 = AXIS2_PLACEMENT_3D('',#457,#458,#459);
#457 = CARTESIAN_POINT('',(92.299466068236,-164.,42.709455278152));
#458 = DIRECTION('',(2.365454209798E-02,-0.,0.999720192173));
#459 = DIRECTION('',(0.999720192173,0.,-2.365454209798E-02));
#460 = ORIENTED_EDGE('',*,*,#461,.T.);
#461 = EDGE_CURVE('',#453,#386,#462,.T.);
#462 = CIRCLE('',#463,2.4);
#463 = AXIS2_PLACEMENT_3D('',#464,#465,#466);
#464 = CARTESIAN_POINT('',(85.299161126135,-164.,42.875090632172));
#465 = DIRECTION('',(2.365454209798E-02,-0.,0.999720192173));
#466 = DIRECTION('',(0.999720192173,0.,-2.365454209798E-02));
#467 = PLANE('',#468);
#468 = AXIS2_PLACEMENT_3D('',#469,#470,#471);
#469 = CARTESIAN_POINT('',(85.299161126135,-164.,42.875090632172));
#470 = DIRECTION('',(2.365454209798E-02,0.,0.999720192173));
#471 = DIRECTION('',(0.999720192173,0.,-2.365454209798E-02));
#472 = ADVANCED_FACE('',(#473),#529,.T.);
#473 = FACE_BOUND('',#474,.T.);
#474 = EDGE_LOOP('',(#475,#476,#485,#494,#503,#512,#521,#528));
#475 = ORIENTED_EDGE('',*,*,#461,.F.);
#476 = ORIENTED_EDGE('',*,*,#477,.F.);
#477 = EDGE_CURVE('',#478,#453,#480,.T.);
#478 = VERTEX_POINT('',#479);
#479 = CARTESIAN_POINT('',(85.664606128283,-161.6286997256,
    42.676204585863));
#480 = ELLIPSE('',#481,3.441112017961,2.4);
#481 = AXIS2_PLACEMENT_3D('',#482,#483,#484);
#482 = CARTESIAN_POINT('',(85.303656450537,-164.,43.065078100787));
#483 = DIRECTION('',(0.732931774607,0.,0.68030214888));
#484 = DIRECTION('',(-0.68030214888,0.,0.732931774607));
#485 = ORIENTED_EDGE('',*,*,#486,.T.);
#486 = EDGE_CURVE('',#478,#487,#489,.T.);
#487 = VERTEX_POINT('',#488);
#488 = CARTESIAN_POINT('',(85.294662364285,-161.6,42.684957885444));
#489 = CIRCLE('',#490,2.4);
#490 = AXIS2_PLACEMENT_3D('',#491,#492,#493);
#491 = CARTESIAN_POINT('',(85.294662364285,-164.,42.684957885444));
#492 = DIRECTION('',(2.365454209798E-02,-0.,0.999720192173));
#493 = DIRECTION('',(0.999720192173,0.,-2.365454209798E-02));
#494 = ORIENTED_EDGE('',*,*,#495,.T.);
#495 = EDGE_CURVE('',#487,#496,#498,.T.);
#496 = VERTEX_POINT('',#497);
#497 = CARTESIAN_POINT('',(85.294662364285,-166.4,42.684957885444));
#498 = ELLIPSE('',#499,2.400125471858,2.4);
#499 = AXIS2_PLACEMENT_3D('',#500,#501,#502);
#500 = CARTESIAN_POINT('',(85.294662364285,-164.,42.684957885444));
#501 = DIRECTION('',(3.387549618885E-02,-0.,0.999426060676));
#502 = DIRECTION('',(0.999426060676,0.,-3.387549618885E-02));
#503 = ORIENTED_EDGE('',*,*,#504,.T.);
#504 = EDGE_CURVE('',#496,#505,#507,.T.);
#505 = VERTEX_POINT('',#506);
#506 = CARTESIAN_POINT('',(85.664606128283,-166.3713002743,
    42.676204585863));
#507 = CIRCLE('',#508,2.4);
#508 = AXIS2_PLACEMENT_3D('',#509,#510,#511);
#509 = CARTESIAN_POINT('',(85.294662364285,-164.,42.684957885444));
#510 = DIRECTION('',(2.365454209798E-02,-0.,0.999720192173));
#511 = DIRECTION('',(0.999720192173,0.,-2.365454209798E-02));
#512 = ORIENTED_EDGE('',*,*,#513,.F.);
#513 = EDGE_CURVE('',#514,#505,#516,.T.);
#514 = VERTEX_POINT('',#515);
#515 = CARTESIAN_POINT('',(85.48406231374,-166.3928628064,
    42.870715655093));
#516 = ELLIPSE('',#517,3.441112017961,2.4);
#517 = AXIS2_PLACEMENT_3D('',#518,#519,#520);
#518 = CARTESIAN_POINT('',(85.303656450537,-164.,43.065078100787));
#519 = DIRECTION('',(0.732931774607,0.,0.68030214888));
#520 = DIRECTION('',(-0.68030214888,0.,0.732931774607));
#521 = ORIENTED_EDGE('',*,*,#522,.F.);
#522 = EDGE_CURVE('',#395,#514,#523,.T.);
#523 = CIRCLE('',#524,2.4);
#524 = AXIS2_PLACEMENT_3D('',#525,#526,#527);
#525 = CARTESIAN_POINT('',(85.299161126135,-164.,42.875090632172));
#526 = DIRECTION('',(2.365454209798E-02,-0.,0.999720192173));
#527 = DIRECTION('',(0.999720192173,0.,-2.365454209798E-02));
#528 = ORIENTED_EDGE('',*,*,#394,.F.);
#529 = CYLINDRICAL_SURFACE('',#530,2.4);
#530 = AXIS2_PLACEMENT_3D('',#531,#532,#533);
#531 = CARTESIAN_POINT('',(85.294662364285,-164.,42.684957885444));
#532 = DIRECTION('',(2.365454209798E-02,0.,0.999720192173));
#533 = DIRECTION('',(0.999720192173,0.,-2.365454209798E-02));
#534 = ADVANCED_FACE('',(#535),#591,.T.);
#535 = FACE_BOUND('',#536,.T.);
#536 = EDGE_LOOP('',(#537,#548,#557,#566,#575,#584));
#537 = ORIENTED_EDGE('',*,*,#538,.F.);
#538 = EDGE_CURVE('',#539,#541,#543,.T.);
#539 = VERTEX_POINT('',#540);
#540 = CARTESIAN_POINT('',(85.438196598805,-161.6068610507,
    42.096578964972));
#541 = VERTEX_POINT('',#542);
#542 = CARTESIAN_POINT('',(85.257859188728,-161.6,42.115667912108));
#543 = CIRCLE('',#544,2.4);
#544 = AXIS2_PLACEMENT_3D('',#545,#546,#547);
#545 = CARTESIAN_POINT('',(85.257859188728,-164.,42.115667912108));
#546 = DIRECTION('',(0.105263220068,-0.,0.994444394876));
#547 = DIRECTION('',(0.994444394876,0.,-0.105263220068));
#548 = ORIENTED_EDGE('',*,*,#549,.T.);
#549 = EDGE_CURVE('',#539,#550,#552,.T.);
#550 = VERTEX_POINT('',#551);
#551 = CARTESIAN_POINT('',(85.23783960193,-161.6,41.926538547965));
#552 = ELLIPSE('',#553,3.477833068716,2.4);
#553 = AXIS2_PLACEMENT_3D('',#554,#555,#556);
#554 = CARTESIAN_POINT('',(85.23783960193,-164.,41.926538547965));
#555 = DIRECTION('',(-0.647067141219,0.,0.762433023127));
#556 = DIRECTION('',(0.762433023127,0.,0.647067141219));
#557 = ORIENTED_EDGE('',*,*,#558,.T.);
#558 = EDGE_CURVE('',#550,#559,#561,.T.);
#559 = VERTEX_POINT('',#560);
#560 = CARTESIAN_POINT('',(85.23783960193,-166.4,41.926538547965));
#561 = CIRCLE('',#562,2.4);
#562 = AXIS2_PLACEMENT_3D('',#563,#564,#565);
#563 = CARTESIAN_POINT('',(85.23783960193,-164.,41.926538547965));
#564 = DIRECTION('',(0.105263220068,-0.,0.994444394876));
#565 = DIRECTION('',(0.994444394876,0.,-0.105263220068));
#566 = ORIENTED_EDGE('',*,*,#567,.T.);
#567 = EDGE_CURVE('',#559,#568,#570,.T.);
#568 = VERTEX_POINT('',#569);
#569 = CARTESIAN_POINT('',(85.438196598805,-166.3931389492,
    42.096578964972));
#570 = ELLIPSE('',#571,3.477833068716,2.4);
#571 = AXIS2_PLACEMENT_3D('',#572,#573,#574);
#572 = CARTESIAN_POINT('',(85.23783960193,-164.,41.926538547965));
#573 = DIRECTION('',(-0.647067141219,0.,0.762433023127));
#574 = DIRECTION('',(0.762433023127,0.,0.647067141219));
#575 = ORIENTED_EDGE('',*,*,#576,.F.);
#576 = EDGE_CURVE('',#577,#568,#579,.T.);
#577 = VERTEX_POINT('',#578);
#578 = CARTESIAN_POINT('',(85.257859188728,-166.4,42.115667912108));
#579 = CIRCLE('',#580,2.4);
#580 = AXIS2_PLACEMENT_3D('',#581,#582,#583);
#581 = CARTESIAN_POINT('',(85.257859188728,-164.,42.115667912108));
#582 = DIRECTION('',(0.105263220068,-0.,0.994444394876));
#583 = DIRECTION('',(0.994444394876,0.,-0.105263220068));
#584 = ORIENTED_EDGE('',*,*,#585,.F.);
#585 = EDGE_CURVE('',#541,#577,#586,.T.);
#586 = ELLIPSE('',#587,2.400125471858,2.4);
#587 = AXIS2_PLACEMENT_3D('',#588,#589,#590);
#588 = CARTESIAN_POINT('',(85.257859188728,-164.,42.115667912108));
#589 = DIRECTION('',(9.508947181641E-02,-0.,0.995468729971));
#590 = DIRECTION('',(0.995468729971,0.,-9.508947181641E-02));
#591 = CYLINDRICAL_SURFACE('',#592,2.4);
#592 = AXIS2_PLACEMENT_3D('',#593,#594,#595);
#593 = CARTESIAN_POINT('',(85.23783960193,-164.,41.926538547965));
#594 = DIRECTION('',(0.105263220068,0.,0.994444394876));
#595 = DIRECTION('',(0.994444394876,0.,-0.105263220068));
#596 = ADVANCED_FACE('',(#597),#615,.T.);
#597 = FACE_BOUND('',#598,.T.);
#598 = EDGE_LOOP('',(#599,#600,#608));
#599 = ORIENTED_EDGE('',*,*,#538,.T.);
#600 = ORIENTED_EDGE('',*,*,#601,.T.);
#601 = EDGE_CURVE('',#541,#602,#604,.T.);
#602 = VERTEX_POINT('',#603);
#603 = CARTESIAN_POINT('',(85.257859188728,-161.607530327,
    42.115667912108));
#604 = LINE('',#605,#606);
#605 = CARTESIAN_POINT('',(85.257859188728,-164.,42.115667912108));
#606 = VECTOR('',#607,1.);
#607 = DIRECTION('',(0.,-1.,0.));
#608 = ORIENTED_EDGE('',*,*,#609,.F.);
#609 = EDGE_CURVE('',#539,#602,#610,.T.);
#610 = ELLIPSE('',#611,50.456495261229,2.4);
#611 = AXIS2_PLACEMENT_3D('',#612,#613,#614);
#612 = CARTESIAN_POINT('',(89.229527297571,-164.,41.695261727176));
#613 = DIRECTION('',(0.105263220068,-0.,0.994444394876));
#614 = DIRECTION('',(0.994444394876,0.,-0.105263220068));
#615 = PLANE('',#616);
#616 = AXIS2_PLACEMENT_3D('',#617,#618,#619);
#617 = CARTESIAN_POINT('',(85.257859188728,-164.,42.115667912108));
#618 = DIRECTION('',(0.105263220068,0.,0.994444394876));
#619 = DIRECTION('',(0.994444394876,0.,-0.105263220068));
#620 = ADVANCED_FACE('',(#621),#685,.T.);
#621 = FACE_BOUND('',#622,.T.);
#622 = EDGE_LOOP('',(#623,#634,#643,#650,#651,#660,#669,#678));
#623 = ORIENTED_EDGE('',*,*,#624,.F.);
#624 = EDGE_CURVE('',#625,#627,#629,.T.);
#625 = VERTEX_POINT('',#626);
#626 = CARTESIAN_POINT('',(85.642718136023,-161.6286997256,
    42.273747954149));
#627 = VERTEX_POINT('',#628);
#628 = CARTESIAN_POINT('',(85.274007076491,-161.6,42.305167109882));
#629 = CIRCLE('',#630,2.4);
#630 = AXIS2_PLACEMENT_3D('',#631,#632,#633);
#631 = CARTESIAN_POINT('',(85.274007076491,-164.,42.305167109882));
#632 = DIRECTION('',(8.490578154101E-02,-0.,0.996388984414));
#633 = DIRECTION('',(0.996388984414,0.,-8.490578154101E-02));
#634 = ORIENTED_EDGE('',*,*,#635,.T.);
#635 = EDGE_CURVE('',#625,#636,#638,.T.);
#636 = VERTEX_POINT('',#637);
#637 = CARTESIAN_POINT('',(85.442144259668,-161.6071371935,
    42.099964338283));
#638 = ELLIPSE('',#639,3.441112017961,2.4);
#639 = AXIS2_PLACEMENT_3D('',#640,#641,#642);
#640 = CARTESIAN_POINT('',(85.24172363937,-164.,41.926313508358));
#641 = DIRECTION('',(-0.654829231461,0.,0.755776870263));
#642 = DIRECTION('',(0.755776870263,0.,0.654829231461));
#643 = ORIENTED_EDGE('',*,*,#644,.T.);
#644 = EDGE_CURVE('',#636,#541,#645,.T.);
#645 = CIRCLE('',#646,2.4);
#646 = AXIS2_PLACEMENT_3D('',#647,#648,#649);
#647 = CARTESIAN_POINT('',(85.257859188728,-164.,42.115667912108));
#648 = DIRECTION('',(8.490578154101E-02,-0.,0.996388984414));
#649 = DIRECTION('',(0.996388984414,0.,-8.490578154101E-02));
#650 = ORIENTED_EDGE('',*,*,#585,.T.);
#651 = ORIENTED_EDGE('',*,*,#652,.T.);
#652 = EDGE_CURVE('',#577,#653,#655,.T.);
#653 = VERTEX_POINT('',#654);
#654 = CARTESIAN_POINT('',(85.442144259668,-166.3928628064,
    42.099964338283));
#655 = CIRCLE('',#656,2.4);
#656 = AXIS2_PLACEMENT_3D('',#657,#658,#659);
#657 = CARTESIAN_POINT('',(85.257859188728,-164.,42.115667912108));
#658 = DIRECTION('',(8.490578154101E-02,-0.,0.996388984414));
#659 = DIRECTION('',(0.996388984414,0.,-8.490578154101E-02));
#660 = ORIENTED_EDGE('',*,*,#661,.T.);
#661 = EDGE_CURVE('',#653,#662,#664,.T.);
#662 = VERTEX_POINT('',#663);
#663 = CARTESIAN_POINT('',(85.642718136023,-166.3713002743,
    42.273747954149));
#664 = ELLIPSE('',#665,3.441112017961,2.4);
#665 = AXIS2_PLACEMENT_3D('',#666,#667,#668);
#666 = CARTESIAN_POINT('',(85.24172363937,-164.,41.926313508358));
#667 = DIRECTION('',(-0.654829231461,0.,0.755776870263));
#668 = DIRECTION('',(0.755776870263,0.,0.654829231461));
#669 = ORIENTED_EDGE('',*,*,#670,.F.);
#670 = EDGE_CURVE('',#671,#662,#673,.T.);
#671 = VERTEX_POINT('',#672);
#672 = CARTESIAN_POINT('',(85.274007076491,-166.4,42.305167109882));
#673 = CIRCLE('',#674,2.4);
#674 = AXIS2_PLACEMENT_3D('',#675,#676,#677);
#675 = CARTESIAN_POINT('',(85.274007076491,-164.,42.305167109882));
#676 = DIRECTION('',(8.490578154101E-02,-0.,0.996388984414));
#677 = DIRECTION('',(0.996388984414,0.,-8.490578154101E-02));
#678 = ORIENTED_EDGE('',*,*,#679,.F.);
#679 = EDGE_CURVE('',#627,#671,#680,.T.);
#680 = ELLIPSE('',#681,2.400125471858,2.4);
#681 = AXIS2_PLACEMENT_3D('',#682,#683,#684);
#682 = CARTESIAN_POINT('',(85.274007076491,-164.,42.305167109882));
#683 = DIRECTION('',(7.471321399116E-02,-0.,0.997205061988));
#684 = DIRECTION('',(0.997205061988,0.,-7.471321399116E-02));
#685 = CYLINDRICAL_SURFACE('',#686,2.4);
#686 = AXIS2_PLACEMENT_3D('',#687,#688,#689);
#687 = CARTESIAN_POINT('',(85.257859188728,-164.,42.115667912108));
#688 = DIRECTION('',(8.490578154101E-02,0.,0.996388984414));
#689 = DIRECTION('',(0.996388984414,0.,-8.490578154101E-02));
#690 = ADVANCED_FACE('',(#691),#709,.T.);
#691 = FACE_BOUND('',#692,.T.);
#692 = EDGE_LOOP('',(#693,#702,#708));
#693 = ORIENTED_EDGE('',*,*,#694,.F.);
#694 = EDGE_CURVE('',#695,#568,#697,.T.);
#695 = VERTEX_POINT('',#696);
#696 = CARTESIAN_POINT('',(85.257859188728,-166.3924696729,
    42.115667912108));
#697 = ELLIPSE('',#698,50.456495261229,2.4);
#698 = AXIS2_PLACEMENT_3D('',#699,#700,#701);
#699 = CARTESIAN_POINT('',(89.229527297571,-164.,41.695261727176));
#700 = DIRECTION('',(0.105263220068,-0.,0.994444394876));
#701 = DIRECTION('',(0.994444394876,0.,-0.105263220068));
#702 = ORIENTED_EDGE('',*,*,#703,.T.);
#703 = EDGE_CURVE('',#695,#577,#704,.T.);
#704 = LINE('',#705,#706);
#705 = CARTESIAN_POINT('',(85.257859188728,-164.,42.115667912108));
#706 = VECTOR('',#707,1.);
#707 = DIRECTION('',(0.,-1.,0.));
#708 = ORIENTED_EDGE('',*,*,#576,.T.);
#709 = PLANE('',#710);
#710 = AXIS2_PLACEMENT_3D('',#711,#712,#713);
#711 = CARTESIAN_POINT('',(85.257859188728,-164.,42.115667912108));
#712 = DIRECTION('',(0.105263220068,0.,0.994444394876));
#713 = DIRECTION('',(0.994444394876,0.,-0.105263220068));
#714 = ADVANCED_FACE('',(#715),#922,.T.);
#715 = FACE_BOUND('',#716,.T.);
#716 = EDGE_LOOP('',(#717,#728,#737,#746,#755,#764,#773,#780,#781,#788,
    #789,#790,#797,#798,#799,#806,#807,#816,#825,#834,#843,#852,#861,
    #870,#879,#888,#897,#906,#915));
#717 = ORIENTED_EDGE('',*,*,#718,.F.);
#718 = EDGE_CURVE('',#719,#721,#723,.T.);
#719 = VERTEX_POINT('',#720);
#720 = CARTESIAN_POINT('',(173.75630954065,-166.4,36.797813089078));
#721 = VERTEX_POINT('',#722);
#722 = CARTESIAN_POINT('',(172.98236993883,-166.284606074,
    36.106183668339));
#723 = ELLIPSE('',#724,3.388116723961,2.4);
#724 = AXIS2_PLACEMENT_3D('',#725,#726,#727);
#725 = CARTESIAN_POINT('',(173.75630954065,-164.,36.797813089078));
#726 = DIRECTION('',(0.666343742751,0.,-0.745644698564));
#727 = DIRECTION('',(-0.745644698564,0.,-0.666343742751));
#728 = ORIENTED_EDGE('',*,*,#729,.T.);
#729 = EDGE_CURVE('',#719,#730,#732,.T.);
#730 = VERTEX_POINT('',#731);
#731 = CARTESIAN_POINT('',(172.92445113207,-166.2323796144,
    37.728670201589));
#732 = ELLIPSE('',#733,3.400140320288,2.4);
#733 = AXIS2_PLACEMENT_3D('',#734,#735,#736);
#734 = CARTESIAN_POINT('',(173.75630954065,-164.,36.797813089078));
#735 = DIRECTION('',(-0.745644698564,-0.,-0.666343742751));
#736 = DIRECTION('',(0.666343742751,0.,-0.745644698564));
#737 = ORIENTED_EDGE('',*,*,#738,.F.);
#738 = EDGE_CURVE('',#739,#730,#741,.T.);
#739 = VERTEX_POINT('',#740);
#740 = CARTESIAN_POINT('',(85.286276512064,-166.3312644617,
    42.494956891449));
#741 = ELLIPSE('',#742,677.49563334301,2.4);
#742 = AXIS2_PLACEMENT_3D('',#743,#744,#745);
#743 = CARTESIAN_POINT('',(-75.45714285714,-164.,51.237142857143));
#744 = DIRECTION('',(5.430571059687E-02,-0.,0.998524356136));
#745 = DIRECTION('',(0.998524356136,0.,-5.430571059687E-02));
#746 = ORIENTED_EDGE('',*,*,#747,.T.);
#747 = EDGE_CURVE('',#739,#748,#750,.T.);
#748 = VERTEX_POINT('',#749);
#749 = CARTESIAN_POINT('',(85.851579182874,-166.3321872402,
    42.458411485047));
#750 = ELLIPSE('',#751,359.13549747631,2.4);
#751 = AXIS2_PLACEMENT_3D('',#752,#753,#754);
#752 = CARTESIAN_POINT('',(170.44335247854,-164.,36.989764522947));
#753 = DIRECTION('',(6.451283484487E-02,-0.,0.99791687737));
#754 = DIRECTION('',(0.99791687737,0.,-6.451283484487E-02));
#755 = ORIENTED_EDGE('',*,*,#756,.F.);
#756 = EDGE_CURVE('',#757,#748,#759,.T.);
#757 = VERTEX_POINT('',#758);
#758 = CARTESIAN_POINT('',(85.650784066974,-166.3701151453,
    42.280809418063));
#759 = ELLIPSE('',#760,3.405510651905,2.4);
#760 = AXIS2_PLACEMENT_3D('',#761,#762,#763);
#761 = CARTESIAN_POINT('',(85.249486061627,-164.,41.925863756654));
#762 = DIRECTION('',(-0.662522856414,0.,0.74904169759));
#763 = DIRECTION('',(0.74904169759,0.,0.662522856414));
#764 = ORIENTED_EDGE('',*,*,#765,.F.);
#765 = EDGE_CURVE('',#766,#757,#768,.T.);
#766 = VERTEX_POINT('',#767);
#767 = CARTESIAN_POINT('',(85.274007076491,-166.3697118259,
    42.305167109882));
#768 = ELLIPSE('',#769,359.13549747631,2.4);
#769 = AXIS2_PLACEMENT_3D('',#770,#771,#772);
#770 = CARTESIAN_POINT('',(142.03161403096,-164.,38.635929514369));
#771 = DIRECTION('',(6.451283484487E-02,-0.,0.99791687737));
#772 = DIRECTION('',(0.99791687737,0.,-6.451283484487E-02));
#773 = ORIENTED_EDGE('',*,*,#774,.T.);
#774 = EDGE_CURVE('',#766,#662,#775,.T.);
#775 = ELLIPSE('',#776,88.463298816906,2.4);
#776 = AXIS2_PLACEMENT_3D('',#777,#778,#779);
#777 = CARTESIAN_POINT('',(99.233300067764,-164.,41.115647053234));
#778 = DIRECTION('',(8.490578154101E-02,-0.,0.996388984414));
#779 = DIRECTION('',(0.996388984414,0.,-8.490578154101E-02));
#780 = ORIENTED_EDGE('',*,*,#661,.F.);
#781 = ORIENTED_EDGE('',*,*,#782,.F.);
#782 = EDGE_CURVE('',#695,#653,#783,.T.);
#783 = ELLIPSE('',#784,88.463298816906,2.4);
#784 = AXIS2_PLACEMENT_3D('',#785,#786,#787);
#785 = CARTESIAN_POINT('',(92.234838133874,-164.,41.521135195067));
#786 = DIRECTION('',(8.490578154101E-02,-0.,0.996388984414));
#787 = DIRECTION('',(0.996388984414,0.,-8.490578154101E-02));
#788 = ORIENTED_EDGE('',*,*,#694,.T.);
#789 = ORIENTED_EDGE('',*,*,#567,.F.);
#790 = ORIENTED_EDGE('',*,*,#791,.T.);
#791 = EDGE_CURVE('',#559,#550,#792,.T.);
#792 = CIRCLE('',#793,2.4);
#793 = AXIS2_PLACEMENT_3D('',#794,#795,#796);
#794 = CARTESIAN_POINT('',(85.23783960193,-164.,41.926538547965));
#795 = DIRECTION('',(0.998325715157,0.,-5.784260070392E-02));
#796 = DIRECTION('',(5.784260070392E-02,0.,0.998325715157));
#797 = ORIENTED_EDGE('',*,*,#549,.F.);
#798 = ORIENTED_EDGE('',*,*,#609,.T.);
#799 = ORIENTED_EDGE('',*,*,#800,.F.);
#800 = EDGE_CURVE('',#636,#602,#801,.T.);
#801 = ELLIPSE('',#802,88.463298816906,2.4);
#802 = AXIS2_PLACEMENT_3D('',#803,#804,#805);
#803 = CARTESIAN_POINT('',(92.234838133874,-164.,41.521135195067));
#804 = DIRECTION('',(8.490578154101E-02,-0.,0.996388984414));
#805 = DIRECTION('',(0.996388984414,0.,-8.490578154101E-02));
#806 = ORIENTED_EDGE('',*,*,#635,.F.);
#807 = ORIENTED_EDGE('',*,*,#808,.T.);
#808 = EDGE_CURVE('',#625,#809,#811,.T.);
#809 = VERTEX_POINT('',#810);
#810 = CARTESIAN_POINT('',(85.274007076491,-161.630288174,
    42.305167109882));
#811 = ELLIPSE('',#812,88.463298816906,2.4);
#812 = AXIS2_PLACEMENT_3D('',#813,#814,#815);
#813 = CARTESIAN_POINT('',(99.233300067764,-164.,41.115647053234));
#814 = DIRECTION('',(8.490578154101E-02,-0.,0.996388984414));
#815 = DIRECTION('',(0.996388984414,0.,-8.490578154101E-02));
#816 = ORIENTED_EDGE('',*,*,#817,.F.);
#817 = EDGE_CURVE('',#818,#809,#820,.T.);
#818 = VERTEX_POINT('',#819);
#819 = CARTESIAN_POINT('',(85.650784066974,-161.6298848546,
    42.280809418063));
#820 = ELLIPSE('',#821,359.13549747631,2.4);
#821 = AXIS2_PLACEMENT_3D('',#822,#823,#824);
#822 = CARTESIAN_POINT('',(142.03161403096,-164.,38.635929514369));
#823 = DIRECTION('',(6.451283484487E-02,-0.,0.99791687737));
#824 = DIRECTION('',(0.99791687737,0.,-6.451283484487E-02));
#825 = ORIENTED_EDGE('',*,*,#826,.F.);
#826 = EDGE_CURVE('',#827,#818,#829,.T.);
#827 = VERTEX_POINT('',#828);
#828 = CARTESIAN_POINT('',(85.851579182874,-161.6678127597,
    42.458411485047));
#829 = ELLIPSE('',#830,3.405510651905,2.4);
#830 = AXIS2_PLACEMENT_3D('',#831,#832,#833);
#831 = CARTESIAN_POINT('',(85.249486061627,-164.,41.925863756654));
#832 = DIRECTION('',(-0.662522856414,0.,0.74904169759));
#833 = DIRECTION('',(0.74904169759,0.,0.662522856414));
#834 = ORIENTED_EDGE('',*,*,#835,.T.);
#835 = EDGE_CURVE('',#827,#836,#838,.T.);
#836 = VERTEX_POINT('',#837);
#837 = CARTESIAN_POINT('',(85.286276512064,-161.6687355382,
    42.494956891449));
#838 = ELLIPSE('',#839,359.13549747631,2.4);
#839 = AXIS2_PLACEMENT_3D('',#840,#841,#842);
#840 = CARTESIAN_POINT('',(170.44335247854,-164.,36.989764522947));
#841 = DIRECTION('',(6.451283484487E-02,-0.,0.99791687737));
#842 = DIRECTION('',(0.99791687737,0.,-6.451283484487E-02));
#843 = ORIENTED_EDGE('',*,*,#844,.F.);
#844 = EDGE_CURVE('',#845,#836,#847,.T.);
#845 = VERTEX_POINT('',#846);
#846 = CARTESIAN_POINT('',(172.92445113207,-161.7676203855,
    37.728670201589));
#847 = ELLIPSE('',#848,677.49563334301,2.4);
#848 = AXIS2_PLACEMENT_3D('',#849,#850,#851);
#849 = CARTESIAN_POINT('',(-75.45714285714,-164.,51.237142857143));
#850 = DIRECTION('',(5.430571059687E-02,-0.,0.998524356136));
#851 = DIRECTION('',(0.998524356136,0.,-5.430571059687E-02));
#852 = ORIENTED_EDGE('',*,*,#853,.T.);
#853 = EDGE_CURVE('',#845,#854,#856,.T.);
#854 = VERTEX_POINT('',#855);
#855 = CARTESIAN_POINT('',(173.75630954065,-161.6,36.797813089078));
#856 = ELLIPSE('',#857,3.400140320288,2.4);
#857 = AXIS2_PLACEMENT_3D('',#858,#859,#860);
#858 = CARTESIAN_POINT('',(173.75630954065,-164.,36.797813089078));
#859 = DIRECTION('',(-0.745644698564,-0.,-0.666343742751));
#860 = DIRECTION('',(0.666343742751,0.,-0.745644698564));
#861 = ORIENTED_EDGE('',*,*,#862,.F.);
#862 = EDGE_CURVE('',#863,#854,#865,.T.);
#863 = VERTEX_POINT('',#864);
#864 = CARTESIAN_POINT('',(172.98236993883,-161.7153939259,
    36.106183668339));
#865 = ELLIPSE('',#866,3.388116723961,2.4);
#866 = AXIS2_PLACEMENT_3D('',#867,#868,#869);
#867 = CARTESIAN_POINT('',(173.75630954065,-164.,36.797813089078));
#868 = DIRECTION('',(0.666343742751,0.,-0.745644698564));
#869 = DIRECTION('',(-0.745644698564,0.,-0.666343742751));
#870 = ORIENTED_EDGE('',*,*,#871,.T.);
#871 = EDGE_CURVE('',#863,#872,#874,.T.);
#872 = VERTEX_POINT('',#873);
#873 = CARTESIAN_POINT('',(173.71652310465,-161.7145573603,
    36.066256040022));
#874 = ELLIPSE('',#875,677.49563334366,2.4);
#875 = AXIS2_PLACEMENT_3D('',#876,#877,#878);
#876 = CARTESIAN_POINT('',(380.22635496085,-164.,24.835019570649));
#877 = DIRECTION('',(-5.430571059687E-02,-0.,-0.998524356136));
#878 = DIRECTION('',(0.998524356136,0.,-5.430571059687E-02));
#879 = ORIENTED_EDGE('',*,*,#880,.F.);
#880 = EDGE_CURVE('',#881,#872,#883,.T.);
#881 = VERTEX_POINT('',#882);
#882 = CARTESIAN_POINT('',(172.80925053297,-161.7820159745,
    35.934334307001));
#883 = ELLIPSE('',#884,11.946757839321,2.4);
#884 = AXIS2_PLACEMENT_3D('',#885,#886,#887);
#885 = CARTESIAN_POINT('',(177.32548624472,-164.,36.591016389563));
#886 = DIRECTION('',(0.143891580224,0.,-0.989593458517));
#887 = DIRECTION('',(0.989593458517,0.,0.143891580224));
#888 = ORIENTED_EDGE('',*,*,#889,.F.);
#889 = EDGE_CURVE('',#890,#881,#892,.T.);
#890 = VERTEX_POINT('',#891);
#891 = CARTESIAN_POINT('',(171.51559217579,-164.,34.523614352428));
#892 = ELLIPSE('',#893,3.097236623243,2.4);
#893 = AXIS2_PLACEMENT_3D('',#894,#895,#896);
#894 = CARTESIAN_POINT('',(173.60890944094,-164.,36.80635339309));
#895 = DIRECTION('',(0.737024424783,0.,-0.675866108985));
#896 = DIRECTION('',(-0.675866108985,0.,-0.737024424783));
#897 = ORIENTED_EDGE('',*,*,#898,.F.);
#898 = EDGE_CURVE('',#899,#890,#901,.T.);
#899 = VERTEX_POINT('',#900);
#900 = CARTESIAN_POINT('',(172.80925053297,-166.2179840254,
    35.934334307001));
#901 = ELLIPSE('',#902,3.097236623243,2.4);
#902 = AXIS2_PLACEMENT_3D('',#903,#904,#905);
#903 = CARTESIAN_POINT('',(173.60890944094,-164.,36.80635339309));
#904 = DIRECTION('',(0.737024424783,0.,-0.675866108985));
#905 = DIRECTION('',(-0.675866108985,0.,-0.737024424783));
#906 = ORIENTED_EDGE('',*,*,#907,.F.);
#907 = EDGE_CURVE('',#908,#899,#910,.T.);
#908 = VERTEX_POINT('',#909);
#909 = CARTESIAN_POINT('',(173.71652310465,-166.2854426396,
    36.066256040022));
#910 = ELLIPSE('',#911,11.946757839321,2.4);
#911 = AXIS2_PLACEMENT_3D('',#912,#913,#914);
#912 = CARTESIAN_POINT('',(177.32548624472,-164.,36.591016389563));
#913 = DIRECTION('',(0.143891580224,0.,-0.989593458517));
#914 = DIRECTION('',(0.989593458517,0.,0.143891580224));
#915 = ORIENTED_EDGE('',*,*,#916,.T.);
#916 = EDGE_CURVE('',#908,#721,#917,.T.);
#917 = ELLIPSE('',#918,677.49563334366,2.4);
#918 = AXIS2_PLACEMENT_3D('',#919,#920,#921);
#919 = CARTESIAN_POINT('',(380.22635496085,-164.,24.835019570649));
#920 = DIRECTION('',(-5.430571059687E-02,-0.,-0.998524356136));
#921 = DIRECTION('',(0.998524356136,0.,-5.430571059687E-02));
#922 = CYLINDRICAL_SURFACE('',#923,2.4);
#923 = AXIS2_PLACEMENT_3D('',#924,#925,#926);
#924 = CARTESIAN_POINT('',(85.23783960193,-164.,41.926538547965));
#925 = DIRECTION('',(0.998325715157,0.,-5.784260070392E-02));
#926 = DIRECTION('',(5.784260070392E-02,0.,0.998325715157));
#927 = ADVANCED_FACE('',(#928),#937,.F.);
#928 = FACE_BOUND('',#929,.F.);
#929 = EDGE_LOOP('',(#930,#936));
#930 = ORIENTED_EDGE('',*,*,#931,.T.);
#931 = EDGE_CURVE('',#559,#550,#932,.T.);
#932 = LINE('',#933,#934);
#933 = CARTESIAN_POINT('',(85.23783960193,-164.,41.926538547965));
#934 = VECTOR('',#935,1.);
#935 = DIRECTION('',(0.,1.,0.));
#936 = ORIENTED_EDGE('',*,*,#558,.T.);
#937 = PLANE('',#938);
#938 = AXIS2_PLACEMENT_3D('',#939,#940,#941);
#939 = CARTESIAN_POINT('',(85.23783960193,-164.,41.926538547965));
#940 = DIRECTION('',(0.105263220068,0.,0.994444394876));
#941 = DIRECTION('',(0.994444394876,0.,-0.105263220068));
#942 = ADVANCED_FACE('',(#943),#948,.F.);
#943 = FACE_BOUND('',#944,.F.);
#944 = EDGE_LOOP('',(#945,#946,#947));
#945 = ORIENTED_EDGE('',*,*,#644,.T.);
#946 = ORIENTED_EDGE('',*,*,#601,.T.);
#947 = ORIENTED_EDGE('',*,*,#800,.F.);
#948 = PLANE('',#949);
#949 = AXIS2_PLACEMENT_3D('',#950,#951,#952);
#950 = CARTESIAN_POINT('',(85.257859188728,-164.,42.115667912108));
#951 = DIRECTION('',(8.490578154101E-02,0.,0.996388984414));
#952 = DIRECTION('',(0.996388984414,0.,-8.490578154101E-02));
#953 = ADVANCED_FACE('',(#954),#964,.T.);
#954 = FACE_BOUND('',#955,.T.);
#955 = EDGE_LOOP('',(#956,#957,#963));
#956 = ORIENTED_EDGE('',*,*,#624,.T.);
#957 = ORIENTED_EDGE('',*,*,#958,.T.);
#958 = EDGE_CURVE('',#627,#809,#959,.T.);
#959 = LINE('',#960,#961);
#960 = CARTESIAN_POINT('',(85.274007076491,-164.,42.305167109882));
#961 = VECTOR('',#962,1.);
#962 = DIRECTION('',(0.,-1.,0.));
#963 = ORIENTED_EDGE('',*,*,#808,.F.);
#964 = PLANE('',#965);
#965 = AXIS2_PLACEMENT_3D('',#966,#967,#968);
#966 = CARTESIAN_POINT('',(85.274007076491,-164.,42.305167109882));
#967 = DIRECTION('',(8.490578154101E-02,0.,0.996388984414));
#968 = DIRECTION('',(0.996388984414,0.,-8.490578154101E-02));
#969 = ADVANCED_FACE('',(#970),#1014,.T.);
#970 = FACE_BOUND('',#971,.T.);
#971 = EDGE_LOOP('',(#972,#981,#982,#989,#990,#997,#998,#1007));
#972 = ORIENTED_EDGE('',*,*,#973,.F.);
#973 = EDGE_CURVE('',#827,#974,#976,.T.);
#974 = VERTEX_POINT('',#975);
#975 = CARTESIAN_POINT('',(85.286276512064,-161.6,42.494956891449));
#976 = CIRCLE('',#977,2.4);
#977 = AXIS2_PLACEMENT_3D('',#978,#979,#980);
#978 = CARTESIAN_POINT('',(85.286276512064,-164.,42.494956891449));
#979 = DIRECTION('',(6.451283484487E-02,-0.,0.99791687737));
#980 = DIRECTION('',(0.99791687737,0.,-6.451283484487E-02));
#981 = ORIENTED_EDGE('',*,*,#826,.T.);
#982 = ORIENTED_EDGE('',*,*,#983,.T.);
#983 = EDGE_CURVE('',#818,#627,#984,.T.);
#984 = CIRCLE('',#985,2.4);
#985 = AXIS2_PLACEMENT_3D('',#986,#987,#988);
#986 = CARTESIAN_POINT('',(85.274007076491,-164.,42.305167109882));
#987 = DIRECTION('',(6.451283484487E-02,-0.,0.99791687737));
#988 = DIRECTION('',(0.99791687737,0.,-6.451283484487E-02));
#989 = ORIENTED_EDGE('',*,*,#679,.T.);
#990 = ORIENTED_EDGE('',*,*,#991,.T.);
#991 = EDGE_CURVE('',#671,#757,#992,.T.);
#992 = CIRCLE('',#993,2.4);
#993 = AXIS2_PLACEMENT_3D('',#994,#995,#996);
#994 = CARTESIAN_POINT('',(85.274007076491,-164.,42.305167109882));
#995 = DIRECTION('',(6.451283484487E-02,-0.,0.99791687737));
#996 = DIRECTION('',(0.99791687737,0.,-6.451283484487E-02));
#997 = ORIENTED_EDGE('',*,*,#756,.T.);
#998 = ORIENTED_EDGE('',*,*,#999,.F.);
#999 = EDGE_CURVE('',#1000,#748,#1002,.T.);
#1000 = VERTEX_POINT('',#1001);
#1001 = CARTESIAN_POINT('',(85.286276512064,-166.4,42.494956891449));
#1002 = CIRCLE('',#1003,2.4);
#1003 = AXIS2_PLACEMENT_3D('',#1004,#1005,#1006);
#1004 = CARTESIAN_POINT('',(85.286276512064,-164.,42.494956891449));
#1005 = DIRECTION('',(6.451283484487E-02,-0.,0.99791687737));
#1006 = DIRECTION('',(0.99791687737,0.,-6.451283484487E-02));
#1007 = ORIENTED_EDGE('',*,*,#1008,.F.);
#1008 = EDGE_CURVE('',#974,#1000,#1009,.T.);
#1009 = ELLIPSE('',#1010,2.400125471858,2.4);
#1010 = AXIS2_PLACEMENT_3D('',#1011,#1012,#1013);
#1011 = CARTESIAN_POINT('',(85.286276512064,-164.,42.494956891449));
#1012 = DIRECTION('',(5.430571059686E-02,-0.,0.998524356136));
#1013 = DIRECTION('',(0.998524356136,0.,-5.430571059686E-02));
#1014 = CYLINDRICAL_SURFACE('',#1015,2.4);
#1015 = AXIS2_PLACEMENT_3D('',#1016,#1017,#1018);
#1016 = CARTESIAN_POINT('',(85.274007076491,-164.,42.305167109882));
#1017 = DIRECTION('',(6.451283484487E-02,0.,0.99791687737));
#1018 = DIRECTION('',(0.99791687737,0.,-6.451283484487E-02));
#1019 = ADVANCED_FACE('',(#1020),#1030,.T.);
#1020 = FACE_BOUND('',#1021,.T.);
#1021 = EDGE_LOOP('',(#1022,#1023,#1029));
#1022 = ORIENTED_EDGE('',*,*,#774,.F.);
#1023 = ORIENTED_EDGE('',*,*,#1024,.T.);
#1024 = EDGE_CURVE('',#766,#671,#1025,.T.);
#1025 = LINE('',#1026,#1027);
#1026 = CARTESIAN_POINT('',(85.274007076491,-164.,42.305167109882));
#1027 = VECTOR('',#1028,1.);
#1028 = DIRECTION('',(0.,-1.,0.));
#1029 = ORIENTED_EDGE('',*,*,#670,.T.);
#1030 = PLANE('',#1031);
#1031 = AXIS2_PLACEMENT_3D('',#1032,#1033,#1034);
#1032 = CARTESIAN_POINT('',(85.274007076491,-164.,42.305167109882));
#1033 = DIRECTION('',(8.490578154101E-02,0.,0.996388984414));
#1034 = DIRECTION('',(0.996388984414,0.,-8.490578154101E-02));
#1035 = ADVANCED_FACE('',(#1036),#1041,.F.);
#1036 = FACE_BOUND('',#1037,.F.);
#1037 = EDGE_LOOP('',(#1038,#1039,#1040));
#1038 = ORIENTED_EDGE('',*,*,#782,.F.);
#1039 = ORIENTED_EDGE('',*,*,#703,.T.);
#1040 = ORIENTED_EDGE('',*,*,#652,.T.);
#1041 = PLANE('',#1042);
#1042 = AXIS2_PLACEMENT_3D('',#1043,#1044,#1045);
#1043 = CARTESIAN_POINT('',(85.257859188728,-164.,42.115667912108));
#1044 = DIRECTION('',(8.490578154101E-02,0.,0.996388984414));
#1045 = DIRECTION('',(0.996388984414,0.,-8.490578154101E-02));
#1046 = ADVANCED_FACE('',(#1047),#1075,.T.);
#1047 = FACE_BOUND('',#1048,.T.);
#1048 = EDGE_LOOP('',(#1049,#1050,#1059,#1068));
#1049 = ORIENTED_EDGE('',*,*,#718,.T.);
#1050 = ORIENTED_EDGE('',*,*,#1051,.F.);
#1051 = EDGE_CURVE('',#1052,#721,#1054,.T.);
#1052 = VERTEX_POINT('',#1053);
#1053 = CARTESIAN_POINT('',(173.71652310465,-166.4,36.066256040022));
#1054 = CIRCLE('',#1055,2.4);
#1055 = AXIS2_PLACEMENT_3D('',#1056,#1057,#1058);
#1056 = CARTESIAN_POINT('',(173.71652310465,-164.,36.066256040022));
#1057 = DIRECTION('',(-5.430571059687E-02,0.,-0.998524356136));
#1058 = DIRECTION('',(-0.998524356136,0.,5.430571059687E-02));
#1059 = ORIENTED_EDGE('',*,*,#1060,.F.);
#1060 = EDGE_CURVE('',#1061,#1052,#1063,.T.);
#1061 = VERTEX_POINT('',#1062);
#1062 = CARTESIAN_POINT('',(174.38321721755,-166.3062955679,
    36.096297706285));
#1063 = ELLIPSE('',#1064,2.411896450566,2.4);
#1064 = AXIS2_PLACEMENT_3D('',#1065,#1066,#1067);
#1065 = CARTESIAN_POINT('',(173.71652310465,-164.,36.066256040022));
#1066 = DIRECTION('',(4.501496686981E-02,0.,-0.998986312598));
#1067 = DIRECTION('',(-0.998986312598,0.,-4.501496686981E-02));
#1068 = ORIENTED_EDGE('',*,*,#1069,.T.);
#1069 = EDGE_CURVE('',#1061,#719,#1070,.T.);
#1070 = ELLIPSE('',#1071,3.400140320288,2.4);
#1071 = AXIS2_PLACEMENT_3D('',#1072,#1073,#1074);
#1072 = CARTESIAN_POINT('',(173.75630954065,-164.,36.797813089078));
#1073 = DIRECTION('',(-0.745644698564,-0.,-0.666343742751));
#1074 = DIRECTION('',(0.666343742751,0.,-0.745644698564));
#1075 = CYLINDRICAL_SURFACE('',#1076,2.4);
#1076 = AXIS2_PLACEMENT_3D('',#1077,#1078,#1079);
#1077 = CARTESIAN_POINT('',(173.89214201621,-164.,39.295377962176));
#1078 = DIRECTION('',(-5.430571059687E-02,0.,-0.998524356136));
#1079 = DIRECTION('',(-0.998524356136,0.,5.430571059687E-02));
#1080 = ADVANCED_FACE('',(#1081),#1091,.T.);
#1081 = FACE_BOUND('',#1082,.T.);
#1082 = EDGE_LOOP('',(#1083,#1089,#1090));
#1083 = ORIENTED_EDGE('',*,*,#1084,.T.);
#1084 = EDGE_CURVE('',#908,#1052,#1085,.T.);
#1085 = LINE('',#1086,#1087);
#1086 = CARTESIAN_POINT('',(173.71652310465,-164.,36.066256040022));
#1087 = VECTOR('',#1088,1.);
#1088 = DIRECTION('',(0.,-1.,0.));
#1089 = ORIENTED_EDGE('',*,*,#1051,.T.);
#1090 = ORIENTED_EDGE('',*,*,#916,.F.);
#1091 = PLANE('',#1092);
#1092 = AXIS2_PLACEMENT_3D('',#1093,#1094,#1095);
#1093 = CARTESIAN_POINT('',(173.71652310465,-164.,36.066256040022));
#1094 = DIRECTION('',(-5.430571059687E-02,0.,-0.998524356136));
#1095 = DIRECTION('',(-0.998524356136,0.,5.430571059687E-02));
#1096 = ADVANCED_FACE('',(#1097),#1108,.F.);
#1097 = FACE_BOUND('',#1098,.F.);
#1098 = EDGE_LOOP('',(#1099,#1100,#1107));
#1099 = ORIENTED_EDGE('',*,*,#1084,.T.);
#1100 = ORIENTED_EDGE('',*,*,#1101,.T.);
#1101 = EDGE_CURVE('',#1052,#899,#1102,.T.);
#1102 = CIRCLE('',#1103,2.4);
#1103 = AXIS2_PLACEMENT_3D('',#1104,#1105,#1106);
#1104 = CARTESIAN_POINT('',(173.71652310465,-164.,36.066256040022));
#1105 = DIRECTION('',(0.143891580224,0.,-0.989593458517));
#1106 = DIRECTION('',(-0.989593458517,0.,-0.143891580224));
#1107 = ORIENTED_EDGE('',*,*,#907,.F.);
#1108 = PLANE('',#1109);
#1109 = AXIS2_PLACEMENT_3D('',#1110,#1111,#1112);
#1110 = CARTESIAN_POINT('',(173.71652310465,-164.,36.066256040022));
#1111 = DIRECTION('',(0.143891580224,0.,-0.989593458517));
#1112 = DIRECTION('',(-0.989593458517,0.,-0.143891580224));
#1113 = ADVANCED_FACE('',(#1114),#1188,.T.);
#1114 = FACE_BOUND('',#1115,.T.);
#1115 = EDGE_LOOP('',(#1116,#1117,#1125,#1134,#1143,#1150,#1151,#1152,
    #1161,#1170,#1179,#1186,#1187));
#1116 = ORIENTED_EDGE('',*,*,#898,.T.);
#1117 = ORIENTED_EDGE('',*,*,#1118,.T.);
#1118 = EDGE_CURVE('',#890,#1119,#1121,.T.);
#1119 = VERTEX_POINT('',#1120);
#1120 = CARTESIAN_POINT('',(171.80682892186,-164.,32.520675901534));
#1121 = LINE('',#1122,#1123);
#1122 = CARTESIAN_POINT('',(171.34149880421,-164.,35.720916247484));
#1123 = VECTOR('',#1124,1.);
#1124 = DIRECTION('',(0.143891580224,0.,-0.989593458517));
#1125 = ORIENTED_EDGE('',*,*,#1126,.F.);
#1126 = EDGE_CURVE('',#1127,#1119,#1129,.T.);
#1127 = VERTEX_POINT('',#1128);
#1128 = CARTESIAN_POINT('',(174.1818532223,-166.4,32.866015694073));
#1129 = CIRCLE('',#1130,2.4);
#1130 = AXIS2_PLACEMENT_3D('',#1131,#1132,#1133);
#1131 = CARTESIAN_POINT('',(174.1818532223,-164.,32.866015694073));
#1132 = DIRECTION('',(0.143891580224,0.,-0.989593458517));
#1133 = DIRECTION('',(-0.989593458517,0.,-0.143891580224));
#1134 = ORIENTED_EDGE('',*,*,#1135,.F.);
#1135 = EDGE_CURVE('',#1136,#1127,#1138,.T.);
#1136 = VERTEX_POINT('',#1137);
#1137 = CARTESIAN_POINT('',(174.1818532223,-161.6,32.866015694073));
#1138 = ELLIPSE('',#1139,2.411896450566,2.4);
#1139 = AXIS2_PLACEMENT_3D('',#1140,#1141,#1142);
#1140 = CARTESIAN_POINT('',(174.1818532223,-164.,32.866015694073));
#1141 = DIRECTION('',(0.241348730425,0.,-0.970438452619));
#1142 = DIRECTION('',(-0.970438452619,0.,-0.241348730425));
#1143 = ORIENTED_EDGE('',*,*,#1144,.F.);
#1144 = EDGE_CURVE('',#1119,#1136,#1145,.T.);
#1145 = CIRCLE('',#1146,2.4);
#1146 = AXIS2_PLACEMENT_3D('',#1147,#1148,#1149);
#1147 = CARTESIAN_POINT('',(174.1818532223,-164.,32.866015694073));
#1148 = DIRECTION('',(0.143891580224,0.,-0.989593458517));
#1149 = DIRECTION('',(-0.989593458517,0.,-0.143891580224));
#1150 = ORIENTED_EDGE('',*,*,#1118,.F.);
#1151 = ORIENTED_EDGE('',*,*,#889,.T.);
#1152 = ORIENTED_EDGE('',*,*,#1153,.T.);
#1153 = EDGE_CURVE('',#881,#1154,#1156,.T.);
#1154 = VERTEX_POINT('',#1155);
#1155 = CARTESIAN_POINT('',(173.71652310465,-161.6,36.066256040022));
#1156 = CIRCLE('',#1157,2.4);
#1157 = AXIS2_PLACEMENT_3D('',#1158,#1159,#1160);
#1158 = CARTESIAN_POINT('',(173.71652310465,-164.,36.066256040022));
#1159 = DIRECTION('',(0.143891580224,0.,-0.989593458517));
#1160 = DIRECTION('',(-0.989593458517,0.,-0.143891580224));
#1161 = ORIENTED_EDGE('',*,*,#1162,.T.);
#1162 = EDGE_CURVE('',#1154,#1163,#1165,.T.);
#1163 = VERTEX_POINT('',#1164);
#1164 = CARTESIAN_POINT('',(174.38321721755,-161.693704432,
    36.096297706285));
#1165 = ELLIPSE('',#1166,2.411896450566,2.4);
#1166 = AXIS2_PLACEMENT_3D('',#1167,#1168,#1169);
#1167 = CARTESIAN_POINT('',(173.71652310465,-164.,36.066256040022));
#1168 = DIRECTION('',(4.501496686981E-02,0.,-0.998986312598));
#1169 = DIRECTION('',(-0.998986312598,0.,-4.501496686981E-02));
#1170 = ORIENTED_EDGE('',*,*,#1171,.T.);
#1171 = EDGE_CURVE('',#1163,#1172,#1174,.T.);
#1172 = VERTEX_POINT('',#1173);
#1173 = CARTESIAN_POINT('',(176.40727983279,-164.,34.240191886578));
#1174 = ELLIPSE('',#1175,3.796848920813,2.4);
#1175 = AXIS2_PLACEMENT_3D('',#1176,#1177,#1178);
#1176 = CARTESIAN_POINT('',(173.60890944094,-164.,36.80635339309));
#1177 = DIRECTION('',(-0.675866108985,-0.,-0.737024424783));
#1178 = DIRECTION('',(0.737024424783,0.,-0.675866108985));
#1179 = ORIENTED_EDGE('',*,*,#1180,.T.);
#1180 = EDGE_CURVE('',#1172,#1061,#1181,.T.);
#1181 = ELLIPSE('',#1182,3.796848920813,2.4);
#1182 = AXIS2_PLACEMENT_3D('',#1183,#1184,#1185);
#1183 = CARTESIAN_POINT('',(173.60890944094,-164.,36.80635339309));
#1184 = DIRECTION('',(-0.675866108985,-0.,-0.737024424783));
#1185 = DIRECTION('',(0.737024424783,0.,-0.675866108985));
#1186 = ORIENTED_EDGE('',*,*,#1060,.T.);
#1187 = ORIENTED_EDGE('',*,*,#1101,.T.);
#1188 = CYLINDRICAL_SURFACE('',#1189,2.4);
#1189 = AXIS2_PLACEMENT_3D('',#1190,#1191,#1192);
#1190 = CARTESIAN_POINT('',(173.71652310465,-164.,36.066256040022));
#1191 = DIRECTION('',(0.143891580224,0.,-0.989593458517));
#1192 = DIRECTION('',(-0.989593458517,0.,-0.143891580224));
#1193 = ADVANCED_FACE('',(#1194),#1204,.F.);
#1194 = FACE_BOUND('',#1195,.F.);
#1195 = EDGE_LOOP('',(#1196,#1202,#1203));
#1196 = ORIENTED_EDGE('',*,*,#1197,.T.);
#1197 = EDGE_CURVE('',#1154,#872,#1198,.T.);
#1198 = LINE('',#1199,#1200);
#1199 = CARTESIAN_POINT('',(173.71652310465,-164.,36.066256040022));
#1200 = VECTOR('',#1201,1.);
#1201 = DIRECTION('',(0.,-1.,0.));
#1202 = ORIENTED_EDGE('',*,*,#880,.F.);
#1203 = ORIENTED_EDGE('',*,*,#1153,.T.);
#1204 = PLANE('',#1205);
#1205 = AXIS2_PLACEMENT_3D('',#1206,#1207,#1208);
#1206 = CARTESIAN_POINT('',(173.71652310465,-164.,36.066256040022));
#1207 = DIRECTION('',(0.143891580224,0.,-0.989593458517));
#1208 = DIRECTION('',(-0.989593458517,0.,-0.143891580224));
#1209 = ADVANCED_FACE('',(#1210),#1221,.T.);
#1210 = FACE_BOUND('',#1211,.T.);
#1211 = EDGE_LOOP('',(#1212,#1213,#1214));
#1212 = ORIENTED_EDGE('',*,*,#1197,.T.);
#1213 = ORIENTED_EDGE('',*,*,#871,.F.);
#1214 = ORIENTED_EDGE('',*,*,#1215,.T.);
#1215 = EDGE_CURVE('',#863,#1154,#1216,.T.);
#1216 = CIRCLE('',#1217,2.4);
#1217 = AXIS2_PLACEMENT_3D('',#1218,#1219,#1220);
#1218 = CARTESIAN_POINT('',(173.71652310465,-164.,36.066256040022));
#1219 = DIRECTION('',(-5.430571059687E-02,0.,-0.998524356136));
#1220 = DIRECTION('',(-0.998524356136,0.,5.430571059687E-02));
#1221 = PLANE('',#1222);
#1222 = AXIS2_PLACEMENT_3D('',#1223,#1224,#1225);
#1223 = CARTESIAN_POINT('',(173.71652310465,-164.,36.066256040022));
#1224 = DIRECTION('',(-5.430571059687E-02,0.,-0.998524356136));
#1225 = DIRECTION('',(-0.998524356136,0.,5.430571059687E-02));
#1226 = ADVANCED_FACE('',(#1227),#1239,.T.);
#1227 = FACE_BOUND('',#1228,.T.);
#1228 = EDGE_LOOP('',(#1229,#1230,#1231,#1238));
#1229 = ORIENTED_EDGE('',*,*,#1215,.F.);
#1230 = ORIENTED_EDGE('',*,*,#862,.T.);
#1231 = ORIENTED_EDGE('',*,*,#1232,.T.);
#1232 = EDGE_CURVE('',#854,#1163,#1233,.T.);
#1233 = ELLIPSE('',#1234,3.400140320288,2.4);
#1234 = AXIS2_PLACEMENT_3D('',#1235,#1236,#1237);
#1235 = CARTESIAN_POINT('',(173.75630954065,-164.,36.797813089078));
#1236 = DIRECTION('',(-0.745644698564,-0.,-0.666343742751));
#1237 = DIRECTION('',(0.666343742751,0.,-0.745644698564));
#1238 = ORIENTED_EDGE('',*,*,#1162,.F.);
#1239 = CYLINDRICAL_SURFACE('',#1240,2.4);
#1240 = AXIS2_PLACEMENT_3D('',#1241,#1242,#1243);
#1241 = CARTESIAN_POINT('',(173.89214201621,-164.,39.295377962176));
#1242 = DIRECTION('',(-5.430571059687E-02,0.,-0.998524356136));
#1243 = DIRECTION('',(-0.998524356136,0.,5.430571059687E-02));
#1244 = ADVANCED_FACE('',(#1245),#1273,.T.);
#1245 = FACE_BOUND('',#1246,.T.);
#1246 = EDGE_LOOP('',(#1247,#1256,#1257,#1266));
#1247 = ORIENTED_EDGE('',*,*,#1248,.F.);
#1248 = EDGE_CURVE('',#854,#1249,#1251,.T.);
#1249 = VERTEX_POINT('',#1250);
#1250 = CARTESIAN_POINT('',(174.69047003704,-161.7701036426,
    37.632623559389));
#1251 = ELLIPSE('',#1252,3.388116723961,2.4);
#1252 = AXIS2_PLACEMENT_3D('',#1253,#1254,#1255);
#1253 = CARTESIAN_POINT('',(173.75630954065,-164.,36.797813089078));
#1254 = DIRECTION('',(0.666343742751,0.,-0.745644698564));
#1255 = DIRECTION('',(-0.745644698564,0.,-0.666343742751));
#1256 = ORIENTED_EDGE('',*,*,#853,.F.);
#1257 = ORIENTED_EDGE('',*,*,#1258,.T.);
#1258 = EDGE_CURVE('',#845,#1259,#1261,.T.);
#1259 = VERTEX_POINT('',#1260);
#1260 = CARTESIAN_POINT('',(173.85235558021,-161.6,38.563820913121));
#1261 = ELLIPSE('',#1262,3.400140320288,2.4);
#1262 = AXIS2_PLACEMENT_3D('',#1263,#1264,#1265);
#1263 = CARTESIAN_POINT('',(173.85235558021,-164.,38.563820913121));
#1264 = DIRECTION('',(0.668980976979,0.,-0.743279525105));
#1265 = DIRECTION('',(-0.743279525105,0.,-0.668980976979));
#1266 = ORIENTED_EDGE('',*,*,#1267,.T.);
#1267 = EDGE_CURVE('',#1259,#1249,#1268,.T.);
#1268 = ELLIPSE('',#1269,3.388116723961,2.4);
#1269 = AXIS2_PLACEMENT_3D('',#1270,#1271,#1272);
#1270 = CARTESIAN_POINT('',(173.85235558021,-164.,38.563820913121));
#1271 = DIRECTION('',(-0.743279525105,-0.,-0.668980976979));
#1272 = DIRECTION('',(0.668980976979,0.,-0.743279525105));
#1273 = CYLINDRICAL_SURFACE('',#1274,2.4);
#1274 = AXIS2_PLACEMENT_3D('',#1275,#1276,#1277);
#1275 = CARTESIAN_POINT('',(173.89214201621,-164.,39.295377962176));
#1276 = DIRECTION('',(-5.430571059687E-02,0.,-0.998524356136));
#1277 = DIRECTION('',(-0.998524356136,0.,5.430571059687E-02));
#1278 = ADVANCED_FACE('',(#1279),#1289,.T.);
#1279 = FACE_BOUND('',#1280,.T.);
#1280 = EDGE_LOOP('',(#1281,#1282,#1288));
#1281 = ORIENTED_EDGE('',*,*,#973,.T.);
#1282 = ORIENTED_EDGE('',*,*,#1283,.T.);
#1283 = EDGE_CURVE('',#974,#836,#1284,.T.);
#1284 = LINE('',#1285,#1286);
#1285 = CARTESIAN_POINT('',(85.286276512064,-164.,42.494956891449));
#1286 = VECTOR('',#1287,1.);
#1287 = DIRECTION('',(0.,-1.,0.));
#1288 = ORIENTED_EDGE('',*,*,#835,.F.);
#1289 = PLANE('',#1290);
#1290 = AXIS2_PLACEMENT_3D('',#1291,#1292,#1293);
#1291 = CARTESIAN_POINT('',(85.286276512064,-164.,42.494956891449));
#1292 = DIRECTION('',(6.451283484487E-02,0.,0.99791687737));
#1293 = DIRECTION('',(0.99791687737,0.,-6.451283484487E-02));
#1294 = ADVANCED_FACE('',(#1295),#1300,.F.);
#1295 = FACE_BOUND('',#1296,.F.);
#1296 = EDGE_LOOP('',(#1297,#1298,#1299));
#1297 = ORIENTED_EDGE('',*,*,#983,.T.);
#1298 = ORIENTED_EDGE('',*,*,#958,.T.);
#1299 = ORIENTED_EDGE('',*,*,#817,.F.);
#1300 = PLANE('',#1301);
#1301 = AXIS2_PLACEMENT_3D('',#1302,#1303,#1304);
#1302 = CARTESIAN_POINT('',(85.274007076491,-164.,42.305167109882));
#1303 = DIRECTION('',(6.451283484487E-02,0.,0.99791687737));
#1304 = DIRECTION('',(0.99791687737,0.,-6.451283484487E-02));
#1305 = ADVANCED_FACE('',(#1306),#1310,.F.);
#1306 = FACE_BOUND('',#1307,.F.);
#1307 = EDGE_LOOP('',(#1308,#1309));
#1308 = ORIENTED_EDGE('',*,*,#931,.F.);
#1309 = ORIENTED_EDGE('',*,*,#791,.T.);
#1310 = PLANE('',#1311);
#1311 = AXIS2_PLACEMENT_3D('',#1312,#1313,#1314);
#1312 = CARTESIAN_POINT('',(85.23783960193,-164.,41.926538547965));
#1313 = DIRECTION('',(0.998325715157,0.,-5.784260070392E-02));
#1314 = DIRECTION('',(5.784260070392E-02,0.,0.998325715157));
#1315 = ADVANCED_FACE('',(#1316),#1321,.F.);
#1316 = FACE_BOUND('',#1317,.F.);
#1317 = EDGE_LOOP('',(#1318,#1319,#1320));
#1318 = ORIENTED_EDGE('',*,*,#765,.F.);
#1319 = ORIENTED_EDGE('',*,*,#1024,.T.);
#1320 = ORIENTED_EDGE('',*,*,#991,.T.);
#1321 = PLANE('',#1322);
#1322 = AXIS2_PLACEMENT_3D('',#1323,#1324,#1325);
#1323 = CARTESIAN_POINT('',(85.274007076491,-164.,42.305167109882));
#1324 = DIRECTION('',(6.451283484487E-02,0.,0.99791687737));
#1325 = DIRECTION('',(0.99791687737,0.,-6.451283484487E-02));
#1326 = ADVANCED_FACE('',(#1327),#1337,.T.);
#1327 = FACE_BOUND('',#1328,.T.);
#1328 = EDGE_LOOP('',(#1329,#1330,#1336));
#1329 = ORIENTED_EDGE('',*,*,#747,.F.);
#1330 = ORIENTED_EDGE('',*,*,#1331,.T.);
#1331 = EDGE_CURVE('',#739,#1000,#1332,.T.);
#1332 = LINE('',#1333,#1334);
#1333 = CARTESIAN_POINT('',(85.286276512064,-164.,42.494956891449));
#1334 = VECTOR('',#1335,1.);
#1335 = DIRECTION('',(0.,-1.,0.));
#1336 = ORIENTED_EDGE('',*,*,#999,.T.);
#1337 = PLANE('',#1338);
#1338 = AXIS2_PLACEMENT_3D('',#1339,#1340,#1341);
#1339 = CARTESIAN_POINT('',(85.286276512064,-164.,42.494956891449));
#1340 = DIRECTION('',(6.451283484487E-02,0.,0.99791687737));
#1341 = DIRECTION('',(0.99791687737,0.,-6.451283484487E-02));
#1342 = ADVANCED_FACE('',(#1343),#1371,.T.);
#1343 = FACE_BOUND('',#1344,.T.);
#1344 = EDGE_LOOP('',(#1345,#1354,#1355,#1364));
#1345 = ORIENTED_EDGE('',*,*,#1346,.T.);
#1346 = EDGE_CURVE('',#1347,#730,#1349,.T.);
#1347 = VERTEX_POINT('',#1348);
#1348 = CARTESIAN_POINT('',(173.85235558021,-166.4,38.563820913121));
#1349 = ELLIPSE('',#1350,3.400140320288,2.4);
#1350 = AXIS2_PLACEMENT_3D('',#1351,#1352,#1353);
#1351 = CARTESIAN_POINT('',(173.85235558021,-164.,38.563820913121));
#1352 = DIRECTION('',(0.668980976979,0.,-0.743279525105));
#1353 = DIRECTION('',(-0.743279525105,0.,-0.668980976979));
#1354 = ORIENTED_EDGE('',*,*,#729,.F.);
#1355 = ORIENTED_EDGE('',*,*,#1356,.F.);
#1356 = EDGE_CURVE('',#1357,#719,#1359,.T.);
#1357 = VERTEX_POINT('',#1358);
#1358 = CARTESIAN_POINT('',(174.69047003704,-166.2298963573,
    37.632623559389));
#1359 = ELLIPSE('',#1360,3.388116723961,2.4);
#1360 = AXIS2_PLACEMENT_3D('',#1361,#1362,#1363);
#1361 = CARTESIAN_POINT('',(173.75630954065,-164.,36.797813089078));
#1362 = DIRECTION('',(0.666343742751,0.,-0.745644698564));
#1363 = DIRECTION('',(-0.745644698564,0.,-0.666343742751));
#1364 = ORIENTED_EDGE('',*,*,#1365,.T.);
#1365 = EDGE_CURVE('',#1357,#1347,#1366,.T.);
#1366 = ELLIPSE('',#1367,3.388116723961,2.4);
#1367 = AXIS2_PLACEMENT_3D('',#1368,#1369,#1370);
#1368 = CARTESIAN_POINT('',(173.85235558021,-164.,38.563820913121));
#1369 = DIRECTION('',(-0.743279525105,-0.,-0.668980976979));
#1370 = DIRECTION('',(0.668980976979,0.,-0.743279525105));
#1371 = CYLINDRICAL_SURFACE('',#1372,2.4);
#1372 = AXIS2_PLACEMENT_3D('',#1373,#1374,#1375);
#1373 = CARTESIAN_POINT('',(173.89214201621,-164.,39.295377962176));
#1374 = DIRECTION('',(-5.430571059687E-02,0.,-0.998524356136));
#1375 = DIRECTION('',(-0.998524356136,0.,5.430571059687E-02));
#1376 = ADVANCED_FACE('',(#1377),#1431,.T.);
#1377 = FACE_BOUND('',#1378,.T.);
#1378 = EDGE_LOOP('',(#1379,#1388,#1397,#1404,#1405,#1414,#1423,#1430));
#1379 = ORIENTED_EDGE('',*,*,#1380,.F.);
#1380 = EDGE_CURVE('',#1381,#487,#1383,.T.);
#1381 = VERTEX_POINT('',#1382);
#1382 = CARTESIAN_POINT('',(85.671858660708,-161.6298848546,
    42.668310012537));
#1383 = CIRCLE('',#1384,2.4);
#1384 = AXIS2_PLACEMENT_3D('',#1385,#1386,#1387);
#1385 = CARTESIAN_POINT('',(85.294662364285,-164.,42.684957885444));
#1386 = DIRECTION('',(4.409290844701E-02,-0.,0.999027434771));
#1387 = DIRECTION('',(0.999027434771,0.,-4.409290844701E-02));
#1388 = ORIENTED_EDGE('',*,*,#1389,.F.);
#1389 = EDGE_CURVE('',#1390,#1381,#1392,.T.);
#1390 = VERTEX_POINT('',#1391);
#1391 = CARTESIAN_POINT('',(85.852208294468,-161.6678127597,
    42.469979020572));
#1392 = ELLIPSE('',#1393,3.405510651905,2.4);
#1393 = AXIS2_PLACEMENT_3D('',#1394,#1395,#1396);
#1394 = CARTESIAN_POINT('',(85.311421864406,-164.,43.06468335614));
#1395 = DIRECTION('',(0.739849583647,0.,0.672772319271));
#1396 = DIRECTION('',(-0.672772319271,0.,0.739849583647));
#1397 = ORIENTED_EDGE('',*,*,#1398,.T.);
#1398 = EDGE_CURVE('',#1390,#974,#1399,.T.);
#1399 = CIRCLE('',#1400,2.4);
#1400 = AXIS2_PLACEMENT_3D('',#1401,#1402,#1403);
#1401 = CARTESIAN_POINT('',(85.286276512064,-164.,42.494956891449));
#1402 = DIRECTION('',(4.409290844701E-02,-0.,0.999027434771));
#1403 = DIRECTION('',(0.999027434771,0.,-4.409290844701E-02));
#1404 = ORIENTED_EDGE('',*,*,#1008,.T.);
#1405 = ORIENTED_EDGE('',*,*,#1406,.T.);
#1406 = EDGE_CURVE('',#1000,#1407,#1409,.T.);
#1407 = VERTEX_POINT('',#1408);
#1408 = CARTESIAN_POINT('',(85.852208294468,-166.3321872402,
    42.469979020572));
#1409 = CIRCLE('',#1410,2.4);
#1410 = AXIS2_PLACEMENT_3D('',#1411,#1412,#1413);
#1411 = CARTESIAN_POINT('',(85.286276512064,-164.,42.494956891449));
#1412 = DIRECTION('',(4.409290844701E-02,-0.,0.999027434771));
#1413 = DIRECTION('',(0.999027434771,0.,-4.409290844701E-02));
#1414 = ORIENTED_EDGE('',*,*,#1415,.F.);
#1415 = EDGE_CURVE('',#1416,#1407,#1418,.T.);
#1416 = VERTEX_POINT('',#1417);
#1417 = CARTESIAN_POINT('',(85.671858660708,-166.3701151453,
    42.668310012537));
#1418 = ELLIPSE('',#1419,3.405510651905,2.4);
#1419 = AXIS2_PLACEMENT_3D('',#1420,#1421,#1422);
#1420 = CARTESIAN_POINT('',(85.311421864406,-164.,43.06468335614));
#1421 = DIRECTION('',(0.739849583647,0.,0.672772319271));
#1422 = DIRECTION('',(-0.672772319271,0.,0.739849583647));
#1423 = ORIENTED_EDGE('',*,*,#1424,.F.);
#1424 = EDGE_CURVE('',#496,#1416,#1425,.T.);
#1425 = CIRCLE('',#1426,2.4);
#1426 = AXIS2_PLACEMENT_3D('',#1427,#1428,#1429);
#1427 = CARTESIAN_POINT('',(85.294662364285,-164.,42.684957885444));
#1428 = DIRECTION('',(4.409290844701E-02,-0.,0.999027434771));
#1429 = DIRECTION('',(0.999027434771,0.,-4.409290844701E-02));
#1430 = ORIENTED_EDGE('',*,*,#495,.F.);
#1431 = CYLINDRICAL_SURFACE('',#1432,2.4);
#1432 = AXIS2_PLACEMENT_3D('',#1433,#1434,#1435);
#1433 = CARTESIAN_POINT('',(85.286276512064,-164.,42.494956891449));
#1434 = DIRECTION('',(4.409290844701E-02,0.,0.999027434771));
#1435 = DIRECTION('',(0.999027434771,0.,-4.409290844701E-02));
#1436 = ADVANCED_FACE('',(#1437),#1484,.T.);
#1437 = FACE_BOUND('',#1438,.T.);
#1438 = EDGE_LOOP('',(#1439,#1450,#1457,#1464,#1465,#1466,#1467,#1468,
    #1469,#1470,#1477));
#1439 = ORIENTED_EDGE('',*,*,#1440,.T.);
#1440 = EDGE_CURVE('',#1441,#1443,#1445,.T.);
#1441 = VERTEX_POINT('',#1442);
#1442 = CARTESIAN_POINT('',(206.19105220553,-161.6,34.918556809875));
#1443 = VERTEX_POINT('',#1444);
#1444 = CARTESIAN_POINT('',(206.19105220553,-166.4,34.918556809875));
#1445 = ELLIPSE('',#1446,3.695644541571,2.4);
#1446 = AXIS2_PLACEMENT_3D('',#1447,#1448,#1449);
#1447 = CARTESIAN_POINT('',(206.19105220553,-164.,34.918556809874));
#1448 = DIRECTION('',(-0.604340218572,0.,0.796726364705));
#1449 = DIRECTION('',(0.796726364705,0.,0.604340218572));
#1450 = ORIENTED_EDGE('',*,*,#1451,.F.);
#1451 = EDGE_CURVE('',#32,#1443,#1452,.T.);
#1452 = CIRCLE('',#1453,2.4);
#1453 = AXIS2_PLACEMENT_3D('',#1454,#1455,#1456);
#1454 = CARTESIAN_POINT('',(206.19105220553,-164.,34.918556809874));
#1455 = DIRECTION('',(0.998325715157,0.,-5.784260070392E-02));
#1456 = DIRECTION('',(5.784260070392E-02,0.,0.998325715157));
#1457 = ORIENTED_EDGE('',*,*,#1458,.F.);
#1458 = EDGE_CURVE('',#1357,#32,#1459,.T.);
#1459 = ELLIPSE('',#1460,677.49563334301,2.4);
#1460 = AXIS2_PLACEMENT_3D('',#1461,#1462,#1463);
#1461 = CARTESIAN_POINT('',(-75.45714285714,-164.,51.237142857143));
#1462 = DIRECTION('',(5.430571059687E-02,-0.,0.998524356136));
#1463 = DIRECTION('',(0.998524356136,0.,-5.430571059687E-02));
#1464 = ORIENTED_EDGE('',*,*,#1356,.T.);
#1465 = ORIENTED_EDGE('',*,*,#1069,.F.);
#1466 = ORIENTED_EDGE('',*,*,#1180,.F.);
#1467 = ORIENTED_EDGE('',*,*,#1171,.F.);
#1468 = ORIENTED_EDGE('',*,*,#1232,.F.);
#1469 = ORIENTED_EDGE('',*,*,#1248,.T.);
#1470 = ORIENTED_EDGE('',*,*,#1471,.F.);
#1471 = EDGE_CURVE('',#116,#1249,#1472,.T.);
#1472 = ELLIPSE('',#1473,677.49563334301,2.4);
#1473 = AXIS2_PLACEMENT_3D('',#1474,#1475,#1476);
#1474 = CARTESIAN_POINT('',(-75.45714285714,-164.,51.237142857143));
#1475 = DIRECTION('',(5.430571059687E-02,-0.,0.998524356136));
#1476 = DIRECTION('',(0.998524356136,0.,-5.430571059687E-02));
#1477 = ORIENTED_EDGE('',*,*,#1478,.F.);
#1478 = EDGE_CURVE('',#1441,#116,#1479,.T.);
#1479 = CIRCLE('',#1480,2.4);
#1480 = AXIS2_PLACEMENT_3D('',#1481,#1482,#1483);
#1481 = CARTESIAN_POINT('',(206.19105220553,-164.,34.918556809874));
#1482 = DIRECTION('',(0.998325715157,0.,-5.784260070392E-02));
#1483 = DIRECTION('',(5.784260070392E-02,0.,0.998325715157));
#1484 = CYLINDRICAL_SURFACE('',#1485,2.4);
#1485 = AXIS2_PLACEMENT_3D('',#1486,#1487,#1488);
#1486 = CARTESIAN_POINT('',(85.23783960193,-164.,41.926538547965));
#1487 = DIRECTION('',(0.998325715157,0.,-5.784260070392E-02));
#1488 = DIRECTION('',(5.784260070392E-02,0.,0.998325715157));
#1489 = ADVANCED_FACE('',(#1490),#1500,.T.);
#1490 = FACE_BOUND('',#1491,.T.);
#1491 = EDGE_LOOP('',(#1492,#1493,#1494));
#1492 = ORIENTED_EDGE('',*,*,#1126,.T.);
#1493 = ORIENTED_EDGE('',*,*,#1144,.T.);
#1494 = ORIENTED_EDGE('',*,*,#1495,.T.);
#1495 = EDGE_CURVE('',#1136,#1127,#1496,.T.);
#1496 = LINE('',#1497,#1498);
#1497 = CARTESIAN_POINT('',(174.1818532223,-164.,32.866015694073));
#1498 = VECTOR('',#1499,1.);
#1499 = DIRECTION('',(0.,-1.,0.));
#1500 = PLANE('',#1501);
#1501 = AXIS2_PLACEMENT_3D('',#1502,#1503,#1504);
#1502 = CARTESIAN_POINT('',(174.1818532223,-164.,32.866015694073));
#1503 = DIRECTION('',(0.143891580224,0.,-0.989593458517));
#1504 = DIRECTION('',(-0.989593458517,0.,-0.143891580224));
#1505 = ADVANCED_FACE('',(#1506),#1559,.T.);
#1506 = FACE_BOUND('',#1507,.T.);
#1507 = EDGE_LOOP('',(#1508,#1519,#1527,#1534,#1535,#1542,#1543,#1552));
#1508 = ORIENTED_EDGE('',*,*,#1509,.F.);
#1509 = EDGE_CURVE('',#1510,#1512,#1514,.T.);
#1510 = VERTEX_POINT('',#1511);
#1511 = CARTESIAN_POINT('',(173.00971146605,-164.,29.013204500478));
#1512 = VERTEX_POINT('',#1513);
#1513 = CARTESIAN_POINT('',(175.26981607902,-161.6,29.820624551275));
#1514 = CIRCLE('',#1515,2.4);
#1515 = AXIS2_PLACEMENT_3D('',#1516,#1517,#1518);
#1516 = CARTESIAN_POINT('',(175.26981607902,-164.,29.820624551275));
#1517 = DIRECTION('',(0.336425021166,0.,-0.941710255404));
#1518 = DIRECTION('',(-0.941710255404,0.,-0.336425021166));
#1519 = ORIENTED_EDGE('',*,*,#1520,.F.);
#1520 = EDGE_CURVE('',#1521,#1510,#1523,.T.);
#1521 = VERTEX_POINT('',#1522);
#1522 = CARTESIAN_POINT('',(171.92174860933,-164.,32.058595643275));
#1523 = LINE('',#1524,#1525);
#1524 = CARTESIAN_POINT('',(171.92174860933,-164.,32.058595643275));
#1525 = VECTOR('',#1526,1.);
#1526 = DIRECTION('',(0.336425021166,0.,-0.941710255404));
#1527 = ORIENTED_EDGE('',*,*,#1528,.T.);
#1528 = EDGE_CURVE('',#1521,#1136,#1529,.T.);
#1529 = CIRCLE('',#1530,2.4);
#1530 = AXIS2_PLACEMENT_3D('',#1531,#1532,#1533);
#1531 = CARTESIAN_POINT('',(174.1818532223,-164.,32.866015694073));
#1532 = DIRECTION('',(0.336425021166,0.,-0.941710255404));
#1533 = DIRECTION('',(-0.941710255404,0.,-0.336425021166));
#1534 = ORIENTED_EDGE('',*,*,#1135,.T.);
#1535 = ORIENTED_EDGE('',*,*,#1536,.T.);
#1536 = EDGE_CURVE('',#1127,#1521,#1537,.T.);
#1537 = CIRCLE('',#1538,2.4);
#1538 = AXIS2_PLACEMENT_3D('',#1539,#1540,#1541);
#1539 = CARTESIAN_POINT('',(174.1818532223,-164.,32.866015694073));
#1540 = DIRECTION('',(0.336425021166,0.,-0.941710255404));
#1541 = DIRECTION('',(-0.941710255404,0.,-0.336425021166));
#1542 = ORIENTED_EDGE('',*,*,#1520,.T.);
#1543 = ORIENTED_EDGE('',*,*,#1544,.F.);
#1544 = EDGE_CURVE('',#1545,#1510,#1547,.T.);
#1545 = VERTEX_POINT('',#1546);
#1546 = CARTESIAN_POINT('',(175.26981607902,-166.4,29.820624551275));
#1547 = CIRCLE('',#1548,2.4);
#1548 = AXIS2_PLACEMENT_3D('',#1549,#1550,#1551);
#1549 = CARTESIAN_POINT('',(175.26981607902,-164.,29.820624551275));
#1550 = DIRECTION('',(0.336425021166,0.,-0.941710255404));
#1551 = DIRECTION('',(-0.941710255404,0.,-0.336425021166));
#1552 = ORIENTED_EDGE('',*,*,#1553,.F.);
#1553 = EDGE_CURVE('',#1512,#1545,#1554,.T.);
#1554 = ELLIPSE('',#1555,2.411896450566,2.4);
#1555 = AXIS2_PLACEMENT_3D('',#1556,#1557,#1558);
#1556 = CARTESIAN_POINT('',(175.26981607902,-164.,29.820624551275));
#1557 = DIRECTION('',(0.428182542867,0.,-0.90369226509));
#1558 = DIRECTION('',(-0.90369226509,0.,-0.428182542867));
#1559 = CYLINDRICAL_SURFACE('',#1560,2.4);
#1560 = AXIS2_PLACEMENT_3D('',#1561,#1562,#1563);
#1561 = CARTESIAN_POINT('',(174.1818532223,-164.,32.866015694073));
#1562 = DIRECTION('',(0.336425021166,0.,-0.941710255404));
#1563 = DIRECTION('',(-0.941710255404,0.,-0.336425021166));
#1564 = ADVANCED_FACE('',(#1565),#1583,.F.);
#1565 = FACE_BOUND('',#1566,.F.);
#1566 = EDGE_LOOP('',(#1567,#1575,#1582));
#1567 = ORIENTED_EDGE('',*,*,#1568,.T.);
#1568 = EDGE_CURVE('',#487,#1569,#1571,.T.);
#1569 = VERTEX_POINT('',#1570);
#1570 = CARTESIAN_POINT('',(85.294662364285,-161.630288174,
    42.684957885444));
#1571 = LINE('',#1572,#1573);
#1572 = CARTESIAN_POINT('',(85.294662364285,-164.,42.684957885444));
#1573 = VECTOR('',#1574,1.);
#1574 = DIRECTION('',(0.,-1.,0.));
#1575 = ORIENTED_EDGE('',*,*,#1576,.F.);
#1576 = EDGE_CURVE('',#478,#1569,#1577,.T.);
#1577 = ELLIPSE('',#1578,88.46329881714,2.4);
#1578 = AXIS2_PLACEMENT_3D('',#1579,#1580,#1581);
#1579 = CARTESIAN_POINT('',(99.300625186206,-164.,42.353560520674));
#1580 = DIRECTION('',(2.365454209798E-02,-0.,0.999720192173));
#1581 = DIRECTION('',(0.999720192173,0.,-2.365454209798E-02));
#1582 = ORIENTED_EDGE('',*,*,#486,.T.);
#1583 = PLANE('',#1584);
#1584 = AXIS2_PLACEMENT_3D('',#1585,#1586,#1587);
#1585 = CARTESIAN_POINT('',(85.294662364285,-164.,42.684957885444));
#1586 = DIRECTION('',(2.365454209798E-02,0.,0.999720192173));
#1587 = DIRECTION('',(0.999720192173,0.,-2.365454209798E-02));
#1588 = ADVANCED_FACE('',(#1589),#1600,.T.);
#1589 = FACE_BOUND('',#1590,.T.);
#1590 = EDGE_LOOP('',(#1591,#1592,#1599));
#1591 = ORIENTED_EDGE('',*,*,#1568,.T.);
#1592 = ORIENTED_EDGE('',*,*,#1593,.F.);
#1593 = EDGE_CURVE('',#1381,#1569,#1594,.T.);
#1594 = ELLIPSE('',#1595,359.13549747635,2.4);
#1595 = AXIS2_PLACEMENT_3D('',#1596,#1597,#1598);
#1596 = CARTESIAN_POINT('',(142.11543347789,-164.,40.177125796553));
#1597 = DIRECTION('',(4.409290844701E-02,-0.,0.999027434771));
#1598 = DIRECTION('',(0.999027434771,0.,-4.409290844701E-02));
#1599 = ORIENTED_EDGE('',*,*,#1380,.T.);
#1600 = PLANE('',#1601);
#1601 = AXIS2_PLACEMENT_3D('',#1602,#1603,#1604);
#1602 = CARTESIAN_POINT('',(85.294662364285,-164.,42.684957885444));
#1603 = DIRECTION('',(4.409290844701E-02,0.,0.999027434771));
#1604 = DIRECTION('',(0.999027434771,0.,-4.409290844701E-02));
#1605 = ADVANCED_FACE('',(#1606),#1617,.F.);
#1606 = FACE_BOUND('',#1607,.F.);
#1607 = EDGE_LOOP('',(#1608,#1609,#1616));
#1608 = ORIENTED_EDGE('',*,*,#1283,.T.);
#1609 = ORIENTED_EDGE('',*,*,#1610,.F.);
#1610 = EDGE_CURVE('',#1390,#836,#1611,.T.);
#1611 = ELLIPSE('',#1612,359.13549747635,2.4);
#1612 = AXIS2_PLACEMENT_3D('',#1613,#1614,#1615);
#1613 = CARTESIAN_POINT('',(170.53812171542,-164.,38.732295652469));
#1614 = DIRECTION('',(4.409290844701E-02,-0.,0.999027434771));
#1615 = DIRECTION('',(0.999027434771,0.,-4.409290844701E-02));
#1616 = ORIENTED_EDGE('',*,*,#1398,.T.);
#1617 = PLANE('',#1618);
#1618 = AXIS2_PLACEMENT_3D('',#1619,#1620,#1621);
#1619 = CARTESIAN_POINT('',(85.286276512064,-164.,42.494956891449));
#1620 = DIRECTION('',(4.409290844701E-02,0.,0.999027434771));
#1621 = DIRECTION('',(0.999027434771,0.,-4.409290844701E-02));
#1622 = ADVANCED_FACE('',(#1623),#1634,.F.);
#1623 = FACE_BOUND('',#1624,.F.);
#1624 = EDGE_LOOP('',(#1625,#1626,#1627));
#1625 = ORIENTED_EDGE('',*,*,#1331,.T.);
#1626 = ORIENTED_EDGE('',*,*,#1406,.T.);
#1627 = ORIENTED_EDGE('',*,*,#1628,.F.);
#1628 = EDGE_CURVE('',#739,#1407,#1629,.T.);
#1629 = ELLIPSE('',#1630,359.13549747635,2.4);
#1630 = AXIS2_PLACEMENT_3D('',#1631,#1632,#1633);
#1631 = CARTESIAN_POINT('',(170.53812171542,-164.,38.732295652469));
#1632 = DIRECTION('',(4.409290844701E-02,-0.,0.999027434771));
#1633 = DIRECTION('',(0.999027434771,0.,-4.409290844701E-02));
#1634 = PLANE('',#1635);
#1635 = AXIS2_PLACEMENT_3D('',#1636,#1637,#1638);
#1636 = CARTESIAN_POINT('',(85.286276512064,-164.,42.494956891449));
#1637 = DIRECTION('',(4.409290844701E-02,0.,0.999027434771));
#1638 = DIRECTION('',(0.999027434771,0.,-4.409290844701E-02));
#1639 = ADVANCED_FACE('',(#1640),#1658,.T.);
#1640 = FACE_BOUND('',#1641,.T.);
#1641 = EDGE_LOOP('',(#1642,#1650,#1651));
#1642 = ORIENTED_EDGE('',*,*,#1643,.T.);
#1643 = EDGE_CURVE('',#1644,#496,#1646,.T.);
#1644 = VERTEX_POINT('',#1645);
#1645 = CARTESIAN_POINT('',(85.294662364285,-166.3697118259,
    42.684957885444));
#1646 = LINE('',#1647,#1648);
#1647 = CARTESIAN_POINT('',(85.294662364285,-164.,42.684957885444));
#1648 = VECTOR('',#1649,1.);
#1649 = DIRECTION('',(0.,-1.,0.));
#1650 = ORIENTED_EDGE('',*,*,#1424,.T.);
#1651 = ORIENTED_EDGE('',*,*,#1652,.F.);
#1652 = EDGE_CURVE('',#1644,#1416,#1653,.T.);
#1653 = ELLIPSE('',#1654,359.13549747635,2.4);
#1654 = AXIS2_PLACEMENT_3D('',#1655,#1656,#1657);
#1655 = CARTESIAN_POINT('',(142.11543347789,-164.,40.177125796553));
#1656 = DIRECTION('',(4.409290844701E-02,-0.,0.999027434771));
#1657 = DIRECTION('',(0.999027434771,0.,-4.409290844701E-02));
#1658 = PLANE('',#1659);
#1659 = AXIS2_PLACEMENT_3D('',#1660,#1661,#1662);
#1660 = CARTESIAN_POINT('',(85.294662364285,-164.,42.684957885444));
#1661 = DIRECTION('',(4.409290844701E-02,0.,0.999027434771));
#1662 = DIRECTION('',(0.999027434771,0.,-4.409290844701E-02));
#1663 = ADVANCED_FACE('',(#1664),#1675,.F.);
#1664 = FACE_BOUND('',#1665,.F.);
#1665 = EDGE_LOOP('',(#1666,#1667,#1668));
#1666 = ORIENTED_EDGE('',*,*,#1643,.T.);
#1667 = ORIENTED_EDGE('',*,*,#504,.T.);
#1668 = ORIENTED_EDGE('',*,*,#1669,.F.);
#1669 = EDGE_CURVE('',#1644,#505,#1670,.T.);
#1670 = ELLIPSE('',#1671,88.46329881714,2.4);
#1671 = AXIS2_PLACEMENT_3D('',#1672,#1673,#1674);
#1672 = CARTESIAN_POINT('',(99.300625186206,-164.,42.353560520674));
#1673 = DIRECTION('',(2.365454209798E-02,-0.,0.999720192173));
#1674 = DIRECTION('',(0.999720192173,0.,-2.365454209798E-02));
#1675 = PLANE('',#1676);
#1676 = AXIS2_PLACEMENT_3D('',#1677,#1678,#1679);
#1677 = CARTESIAN_POINT('',(85.294662364285,-164.,42.684957885444));
#1678 = DIRECTION('',(2.365454209798E-02,0.,0.999720192173));
#1679 = DIRECTION('',(0.999720192173,0.,-2.365454209798E-02));
#1680 = ADVANCED_FACE('',(#1681),#1699,.T.);
#1681 = FACE_BOUND('',#1682,.T.);
#1682 = EDGE_LOOP('',(#1683,#1691,#1692));
#1683 = ORIENTED_EDGE('',*,*,#1684,.T.);
#1684 = EDGE_CURVE('',#1685,#395,#1687,.T.);
#1685 = VERTEX_POINT('',#1686);
#1686 = CARTESIAN_POINT('',(85.299161126135,-166.3924696729,
    42.875090632172));
#1687 = LINE('',#1688,#1689);
#1688 = CARTESIAN_POINT('',(85.299161126135,-164.,42.875090632172));
#1689 = VECTOR('',#1690,1.);
#1690 = DIRECTION('',(0.,-1.,0.));
#1691 = ORIENTED_EDGE('',*,*,#522,.T.);
#1692 = ORIENTED_EDGE('',*,*,#1693,.F.);
#1693 = EDGE_CURVE('',#1685,#514,#1694,.T.);
#1694 = ELLIPSE('',#1695,88.46329881714,2.4);
#1695 = AXIS2_PLACEMENT_3D('',#1696,#1697,#1698);
#1696 = CARTESIAN_POINT('',(92.299466068236,-164.,42.709455278152));
#1697 = DIRECTION('',(2.365454209798E-02,-0.,0.999720192173));
#1698 = DIRECTION('',(0.999720192173,0.,-2.365454209798E-02));
#1699 = PLANE('',#1700);
#1700 = AXIS2_PLACEMENT_3D('',#1701,#1702,#1703);
#1701 = CARTESIAN_POINT('',(85.299161126135,-164.,42.875090632172));
#1702 = DIRECTION('',(2.365454209798E-02,0.,0.999720192173));
#1703 = DIRECTION('',(0.999720192173,0.,-2.365454209798E-02));
#1704 = ADVANCED_FACE('',(#1705),#1716,.F.);
#1705 = FACE_BOUND('',#1706,.F.);
#1706 = EDGE_LOOP('',(#1707,#1708,#1709));
#1707 = ORIENTED_EDGE('',*,*,#1684,.T.);
#1708 = ORIENTED_EDGE('',*,*,#403,.T.);
#1709 = ORIENTED_EDGE('',*,*,#1710,.F.);
#1710 = EDGE_CURVE('',#1685,#404,#1711,.T.);
#1711 = ELLIPSE('',#1712,50.456495261198,2.4);
#1712 = AXIS2_PLACEMENT_3D('',#1713,#1714,#1715);
#1713 = CARTESIAN_POINT('',(89.292996995064,-164.,42.86228519726));
#1714 = DIRECTION('',(3.206283260152E-03,-0.,0.999994859861));
#1715 = DIRECTION('',(0.999994859861,0.,-3.206283260152E-03));
#1716 = PLANE('',#1717);
#1717 = AXIS2_PLACEMENT_3D('',#1718,#1719,#1720);
#1718 = CARTESIAN_POINT('',(85.299161126135,-164.,42.875090632172));
#1719 = DIRECTION('',(3.206283260152E-03,0.,0.999994859861));
#1720 = DIRECTION('',(0.999994859861,0.,-3.206283260152E-03));
#1721 = ADVANCED_FACE('',(#1722),#1775,.T.);
#1722 = FACE_BOUND('',#1723,.T.);
#1723 = EDGE_LOOP('',(#1724,#1734,#1741,#1742,#1749,#1750,#1759,#1768));
#1724 = ORIENTED_EDGE('',*,*,#1725,.T.);
#1725 = EDGE_CURVE('',#1726,#1728,#1730,.T.);
#1726 = VERTEX_POINT('',#1727);
#1727 = CARTESIAN_POINT('',(207.84568208036,-164.,31.247008040272));
#1728 = VERTEX_POINT('',#1729);
#1729 = CARTESIAN_POINT('',(208.53577177046,-164.,34.406414093606));
#1730 = LINE('',#1731,#1732);
#1731 = CARTESIAN_POINT('',(207.84568208036,-164.,31.247008040272));
#1732 = VECTOR('',#1733,1.);
#1733 = DIRECTION('',(0.213392798445,0.,0.976966485388));
#1734 = ORIENTED_EDGE('',*,*,#1735,.F.);
#1735 = EDGE_CURVE('',#1443,#1728,#1736,.T.);
#1736 = CIRCLE('',#1737,2.4);
#1737 = AXIS2_PLACEMENT_3D('',#1738,#1739,#1740);
#1738 = CARTESIAN_POINT('',(206.19105220553,-164.,34.918556809874));
#1739 = DIRECTION('',(0.213392798445,-0.,0.976966485388));
#1740 = DIRECTION('',(0.976966485388,0.,-0.213392798445));
#1741 = ORIENTED_EDGE('',*,*,#1440,.F.);
#1742 = ORIENTED_EDGE('',*,*,#1743,.F.);
#1743 = EDGE_CURVE('',#1728,#1441,#1744,.T.);
#1744 = CIRCLE('',#1745,2.4);
#1745 = AXIS2_PLACEMENT_3D('',#1746,#1747,#1748);
#1746 = CARTESIAN_POINT('',(206.19105220553,-164.,34.918556809874));
#1747 = DIRECTION('',(0.213392798445,-0.,0.976966485388));
#1748 = DIRECTION('',(0.976966485388,0.,-0.213392798445));
#1749 = ORIENTED_EDGE('',*,*,#1725,.F.);
#1750 = ORIENTED_EDGE('',*,*,#1751,.T.);
#1751 = EDGE_CURVE('',#1726,#1752,#1754,.T.);
#1752 = VERTEX_POINT('',#1753);
#1753 = CARTESIAN_POINT('',(205.50096251542,-161.6,31.75915075654));
#1754 = CIRCLE('',#1755,2.4);
#1755 = AXIS2_PLACEMENT_3D('',#1756,#1757,#1758);
#1756 = CARTESIAN_POINT('',(205.50096251542,-164.,31.75915075654));
#1757 = DIRECTION('',(0.213392798445,-0.,0.976966485388));
#1758 = DIRECTION('',(0.976966485388,0.,-0.213392798445));
#1759 = ORIENTED_EDGE('',*,*,#1760,.T.);
#1760 = EDGE_CURVE('',#1752,#1761,#1763,.T.);
#1761 = VERTEX_POINT('',#1762);
#1762 = CARTESIAN_POINT('',(205.50096251542,-166.4,31.75915075654));
#1763 = ELLIPSE('',#1764,2.411896450566,2.4);
#1764 = AXIS2_PLACEMENT_3D('',#1765,#1766,#1767);
#1765 = CARTESIAN_POINT('',(205.50096251542,-164.,31.75915075654));
#1766 = DIRECTION('',(0.309254554813,-0.,0.950979295425));
#1767 = DIRECTION('',(0.950979295425,0.,-0.309254554813));
#1768 = ORIENTED_EDGE('',*,*,#1769,.T.);
#1769 = EDGE_CURVE('',#1761,#1726,#1770,.T.);
#1770 = CIRCLE('',#1771,2.4);
#1771 = AXIS2_PLACEMENT_3D('',#1772,#1773,#1774);
#1772 = CARTESIAN_POINT('',(205.50096251542,-164.,31.75915075654));
#1773 = DIRECTION('',(0.213392798445,-0.,0.976966485388));
#1774 = DIRECTION('',(0.976966485388,0.,-0.213392798445));
#1775 = CYLINDRICAL_SURFACE('',#1776,2.4);
#1776 = AXIS2_PLACEMENT_3D('',#1777,#1778,#1779);
#1777 = CARTESIAN_POINT('',(205.50096251542,-164.,31.75915075654));
#1778 = DIRECTION('',(0.213392798445,0.,0.976966485388));
#1779 = DIRECTION('',(0.976966485388,0.,-0.213392798445));
#1780 = ADVANCED_FACE('',(#1781),#1799,.T.);
#1781 = FACE_BOUND('',#1782,.T.);
#1782 = EDGE_LOOP('',(#1783,#1791,#1792));
#1783 = ORIENTED_EDGE('',*,*,#1784,.T.);
#1784 = EDGE_CURVE('',#1785,#1441,#1787,.T.);
#1785 = VERTEX_POINT('',#1786);
#1786 = CARTESIAN_POINT('',(206.19105220553,-162.6715246861,
    34.918556809874));
#1787 = LINE('',#1788,#1789);
#1788 = CARTESIAN_POINT('',(206.19105220553,-164.,34.918556809874));
#1789 = VECTOR('',#1790,1.);
#1790 = DIRECTION('',(0.,1.,0.));
#1791 = ORIENTED_EDGE('',*,*,#1478,.T.);
#1792 = ORIENTED_EDGE('',*,*,#1793,.F.);
#1793 = EDGE_CURVE('',#1785,#116,#1794,.T.);
#1794 = ELLIPSE('',#1795,2.400060236762,2.4);
#1795 = AXIS2_PLACEMENT_3D('',#1796,#1797,#1798);
#1796 = CARTESIAN_POINT('',(206.30667020163,-164.,36.914048320228));
#1797 = DIRECTION('',(0.998325715157,0.,-5.784260070392E-02));
#1798 = DIRECTION('',(5.784260070392E-02,0.,0.998325715157));
#1799 = PLANE('',#1800);
#1800 = AXIS2_PLACEMENT_3D('',#1801,#1802,#1803);
#1801 = CARTESIAN_POINT('',(206.19105220553,-164.,34.918556809874));
#1802 = DIRECTION('',(0.998325715157,0.,-5.784260070392E-02));
#1803 = DIRECTION('',(5.784260070392E-02,0.,0.998325715157));
#1804 = ADVANCED_FACE('',(#1805),#1823,.T.);
#1805 = FACE_BOUND('',#1806,.T.);
#1806 = EDGE_LOOP('',(#1807,#1808,#1816));
#1807 = ORIENTED_EDGE('',*,*,#1451,.T.);
#1808 = ORIENTED_EDGE('',*,*,#1809,.T.);
#1809 = EDGE_CURVE('',#1443,#1810,#1812,.T.);
#1810 = VERTEX_POINT('',#1811);
#1811 = CARTESIAN_POINT('',(206.19105220553,-165.3284753138,
    34.918556809874));
#1812 = LINE('',#1813,#1814);
#1813 = CARTESIAN_POINT('',(206.19105220553,-164.,34.918556809874));
#1814 = VECTOR('',#1815,1.);
#1815 = DIRECTION('',(0.,1.,0.));
#1816 = ORIENTED_EDGE('',*,*,#1817,.F.);
#1817 = EDGE_CURVE('',#32,#1810,#1818,.T.);
#1818 = ELLIPSE('',#1819,2.400060236762,2.4);
#1819 = AXIS2_PLACEMENT_3D('',#1820,#1821,#1822);
#1820 = CARTESIAN_POINT('',(206.30667020163,-164.,36.914048320228));
#1821 = DIRECTION('',(0.998325715157,0.,-5.784260070392E-02));
#1822 = DIRECTION('',(5.784260070392E-02,0.,0.998325715157));
#1823 = PLANE('',#1824);
#1824 = AXIS2_PLACEMENT_3D('',#1825,#1826,#1827);
#1825 = CARTESIAN_POINT('',(206.19105220553,-164.,34.918556809874));
#1826 = DIRECTION('',(0.998325715157,0.,-5.784260070392E-02));
#1827 = DIRECTION('',(5.784260070392E-02,0.,0.998325715157));
#1828 = ADVANCED_FACE('',(#1829),#1834,.F.);
#1829 = FACE_BOUND('',#1830,.F.);
#1830 = EDGE_LOOP('',(#1831,#1832,#1833));
#1831 = ORIENTED_EDGE('',*,*,#1536,.T.);
#1832 = ORIENTED_EDGE('',*,*,#1528,.T.);
#1833 = ORIENTED_EDGE('',*,*,#1495,.T.);
#1834 = PLANE('',#1835);
#1835 = AXIS2_PLACEMENT_3D('',#1836,#1837,#1838);
#1836 = CARTESIAN_POINT('',(174.1818532223,-164.,32.866015694073));
#1837 = DIRECTION('',(0.336425021166,0.,-0.941710255404));
#1838 = DIRECTION('',(-0.941710255404,0.,-0.336425021166));
#1839 = ADVANCED_FACE('',(#1840),#1850,.T.);
#1840 = FACE_BOUND('',#1841,.T.);
#1841 = EDGE_LOOP('',(#1842,#1843,#1844));
#1842 = ORIENTED_EDGE('',*,*,#1544,.T.);
#1843 = ORIENTED_EDGE('',*,*,#1509,.T.);
#1844 = ORIENTED_EDGE('',*,*,#1845,.T.);
#1845 = EDGE_CURVE('',#1512,#1545,#1846,.T.);
#1846 = LINE('',#1847,#1848);
#1847 = CARTESIAN_POINT('',(175.26981607902,-164.,29.820624551275));
#1848 = VECTOR('',#1849,1.);
#1849 = DIRECTION('',(0.,-1.,0.));
#1850 = PLANE('',#1851);
#1851 = AXIS2_PLACEMENT_3D('',#1852,#1853,#1854);
#1852 = CARTESIAN_POINT('',(175.26981607902,-164.,29.820624551275));
#1853 = DIRECTION('',(0.336425021166,0.,-0.941710255404));
#1854 = DIRECTION('',(-0.941710255404,0.,-0.336425021166));
#1855 = ADVANCED_FACE('',(#1856),#1909,.T.);
#1856 = FACE_BOUND('',#1857,.T.);
#1857 = EDGE_LOOP('',(#1858,#1869,#1877,#1884,#1885,#1892,#1893,#1902));
#1858 = ORIENTED_EDGE('',*,*,#1859,.F.);
#1859 = EDGE_CURVE('',#1860,#1862,#1864,.T.);
#1860 = VERTEX_POINT('',#1861);
#1861 = CARTESIAN_POINT('',(174.88136450758,-164.,25.812236375601));
#1862 = VERTEX_POINT('',#1863);
#1863 = CARTESIAN_POINT('',(176.93758736025,-161.6,27.049955075543));
#1864 = CIRCLE('',#1865,2.4);
#1865 = AXIS2_PLACEMENT_3D('',#1866,#1867,#1868);
#1866 = CARTESIAN_POINT('',(176.93758736025,-164.,27.049955075543));
#1867 = DIRECTION('',(0.515716124976,0.,-0.856759521943));
#1868 = DIRECTION('',(-0.856759521943,0.,-0.515716124976));
#1869 = ORIENTED_EDGE('',*,*,#1870,.F.);
#1870 = EDGE_CURVE('',#1871,#1860,#1873,.T.);
#1871 = VERTEX_POINT('',#1872);
#1872 = CARTESIAN_POINT('',(173.21359322636,-164.,28.582905851333));
#1873 = LINE('',#1874,#1875);
#1874 = CARTESIAN_POINT('',(173.21359322636,-164.,28.582905851333));
#1875 = VECTOR('',#1876,1.);
#1876 = DIRECTION('',(0.515716124976,0.,-0.856759521943));
#1877 = ORIENTED_EDGE('',*,*,#1878,.T.);
#1878 = EDGE_CURVE('',#1871,#1512,#1879,.T.);
#1879 = CIRCLE('',#1880,2.4);
#1880 = AXIS2_PLACEMENT_3D('',#1881,#1882,#1883);
#1881 = CARTESIAN_POINT('',(175.26981607902,-164.,29.820624551275));
#1882 = DIRECTION('',(0.515716124976,0.,-0.856759521943));
#1883 = DIRECTION('',(-0.856759521943,0.,-0.515716124976));
#1884 = ORIENTED_EDGE('',*,*,#1553,.T.);
#1885 = ORIENTED_EDGE('',*,*,#1886,.T.);
#1886 = EDGE_CURVE('',#1545,#1871,#1887,.T.);
#1887 = CIRCLE('',#1888,2.4);
#1888 = AXIS2_PLACEMENT_3D('',#1889,#1890,#1891);
#1889 = CARTESIAN_POINT('',(175.26981607902,-164.,29.820624551275));
#1890 = DIRECTION('',(0.515716124976,0.,-0.856759521943));
#1891 = DIRECTION('',(-0.856759521943,0.,-0.515716124976));
#1892 = ORIENTED_EDGE('',*,*,#1870,.T.);
#1893 = ORIENTED_EDGE('',*,*,#1894,.F.);
#1894 = EDGE_CURVE('',#1895,#1860,#1897,.T.);
#1895 = VERTEX_POINT('',#1896);
#1896 = CARTESIAN_POINT('',(176.93758736025,-166.4,27.049955075543));
#1897 = CIRCLE('',#1898,2.4);
#1898 = AXIS2_PLACEMENT_3D('',#1899,#1900,#1901);
#1899 = CARTESIAN_POINT('',(176.93758736025,-164.,27.049955075543));
#1900 = DIRECTION('',(0.515716124976,0.,-0.856759521943));
#1901 = DIRECTION('',(-0.856759521943,0.,-0.515716124976));
#1902 = ORIENTED_EDGE('',*,*,#1903,.F.);
#1903 = EDGE_CURVE('',#1862,#1895,#1904,.T.);
#1904 = ELLIPSE('',#1905,2.411896450566,2.4);
#1905 = AXIS2_PLACEMENT_3D('',#1906,#1907,#1908);
#1906 = CARTESIAN_POINT('',(176.93758736025,-164.,27.049955075543));
#1907 = DIRECTION('',(0.598162265304,0.,-0.801375008574));
#1908 = DIRECTION('',(-0.801375008574,0.,-0.598162265304));
#1909 = CYLINDRICAL_SURFACE('',#1910,2.4);
#1910 = AXIS2_PLACEMENT_3D('',#1911,#1912,#1913);
#1911 = CARTESIAN_POINT('',(175.26981607902,-164.,29.820624551275));
#1912 = DIRECTION('',(0.515716124976,0.,-0.856759521943));
#1913 = DIRECTION('',(-0.856759521943,0.,-0.515716124976));
#1914 = ADVANCED_FACE('',(#1915),#1925,.F.);
#1915 = FACE_BOUND('',#1916,.F.);
#1916 = EDGE_LOOP('',(#1917,#1918,#1919));
#1917 = ORIENTED_EDGE('',*,*,#1769,.T.);
#1918 = ORIENTED_EDGE('',*,*,#1751,.T.);
#1919 = ORIENTED_EDGE('',*,*,#1920,.T.);
#1920 = EDGE_CURVE('',#1752,#1761,#1921,.T.);
#1921 = LINE('',#1922,#1923);
#1922 = CARTESIAN_POINT('',(205.50096251542,-164.,31.75915075654));
#1923 = VECTOR('',#1924,1.);
#1924 = DIRECTION('',(0.,-1.,0.));
#1925 = PLANE('',#1926);
#1926 = AXIS2_PLACEMENT_3D('',#1927,#1928,#1929);
#1927 = CARTESIAN_POINT('',(205.50096251542,-164.,31.75915075654));
#1928 = DIRECTION('',(0.213392798445,0.,0.976966485388));
#1929 = DIRECTION('',(0.976966485388,0.,-0.213392798445));
#1930 = ADVANCED_FACE('',(#1931),#1984,.T.);
#1931 = FACE_BOUND('',#1932,.T.);
#1932 = EDGE_LOOP('',(#1933,#1942,#1950,#1959,#1968,#1975,#1976,#1983));
#1933 = ORIENTED_EDGE('',*,*,#1934,.F.);
#1934 = EDGE_CURVE('',#1935,#1752,#1937,.T.);
#1935 = VERTEX_POINT('',#1936);
#1936 = CARTESIAN_POINT('',(207.69842861552,-164.,30.794193379803));
#1937 = CIRCLE('',#1938,2.4);
#1938 = AXIS2_PLACEMENT_3D('',#1939,#1940,#1941);
#1939 = CARTESIAN_POINT('',(205.50096251542,-164.,31.75915075654));
#1940 = DIRECTION('',(0.402065573641,-0.,0.915610875041));
#1941 = DIRECTION('',(0.915610875041,0.,-0.402065573641));
#1942 = ORIENTED_EDGE('',*,*,#1943,.F.);
#1943 = EDGE_CURVE('',#1944,#1935,#1946,.T.);
#1944 = VERTEX_POINT('',#1945);
#1945 = CARTESIAN_POINT('',(206.39819117013,-164.,27.833204866514));
#1946 = LINE('',#1947,#1948);
#1947 = CARTESIAN_POINT('',(206.39819117013,-164.,27.833204866514));
#1948 = VECTOR('',#1949,1.);
#1949 = DIRECTION('',(0.402065573641,0.,0.915610875041));
#1950 = ORIENTED_EDGE('',*,*,#1951,.T.);
#1951 = EDGE_CURVE('',#1944,#1952,#1954,.T.);
#1952 = VERTEX_POINT('',#1953);
#1953 = CARTESIAN_POINT('',(204.20072507003,-161.6,28.798162243252));
#1954 = CIRCLE('',#1955,2.4);
#1955 = AXIS2_PLACEMENT_3D('',#1956,#1957,#1958);
#1956 = CARTESIAN_POINT('',(204.20072507003,-164.,28.798162243252));
#1957 = DIRECTION('',(0.402065573641,-0.,0.915610875041));
#1958 = DIRECTION('',(0.915610875041,0.,-0.402065573641));
#1959 = ORIENTED_EDGE('',*,*,#1960,.T.);
#1960 = EDGE_CURVE('',#1952,#1961,#1963,.T.);
#1961 = VERTEX_POINT('',#1962);
#1962 = CARTESIAN_POINT('',(204.20072507003,-166.4,28.798162243252));
#1963 = ELLIPSE('',#1964,2.411896450566,2.4);
#1964 = AXIS2_PLACEMENT_3D('',#1965,#1966,#1967);
#1965 = CARTESIAN_POINT('',(204.20072507003,-164.,28.798162243252));
#1966 = DIRECTION('',(0.490910291825,-0.,0.871210126996));
#1967 = DIRECTION('',(0.871210126996,0.,-0.490910291825));
#1968 = ORIENTED_EDGE('',*,*,#1969,.T.);
#1969 = EDGE_CURVE('',#1961,#1944,#1970,.T.);
#1970 = CIRCLE('',#1971,2.4);
#1971 = AXIS2_PLACEMENT_3D('',#1972,#1973,#1974);
#1972 = CARTESIAN_POINT('',(204.20072507003,-164.,28.798162243252));
#1973 = DIRECTION('',(0.402065573641,-0.,0.915610875041));
#1974 = DIRECTION('',(0.915610875041,0.,-0.402065573641));
#1975 = ORIENTED_EDGE('',*,*,#1943,.T.);
#1976 = ORIENTED_EDGE('',*,*,#1977,.F.);
#1977 = EDGE_CURVE('',#1761,#1935,#1978,.T.);
#1978 = CIRCLE('',#1979,2.4);
#1979 = AXIS2_PLACEMENT_3D('',#1980,#1981,#1982);
#1980 = CARTESIAN_POINT('',(205.50096251542,-164.,31.75915075654));
#1981 = DIRECTION('',(0.402065573641,-0.,0.915610875041));
#1982 = DIRECTION('',(0.915610875041,0.,-0.402065573641));
#1983 = ORIENTED_EDGE('',*,*,#1760,.F.);
#1984 = CYLINDRICAL_SURFACE('',#1985,2.4);
#1985 = AXIS2_PLACEMENT_3D('',#1986,#1987,#1988);
#1986 = CARTESIAN_POINT('',(204.20072507003,-164.,28.798162243252));
#1987 = DIRECTION('',(0.402065573641,0.,0.915610875041));
#1988 = DIRECTION('',(0.915610875041,0.,-0.402065573641));
#1989 = ADVANCED_FACE('',(#1990),#2020,.T.);
#1990 = FACE_BOUND('',#1991,.T.);
#1991 = EDGE_LOOP('',(#1992,#1993,#1994,#1995,#1996,#2005,#2013));
#1992 = ORIENTED_EDGE('',*,*,#1809,.F.);
#1993 = ORIENTED_EDGE('',*,*,#1735,.T.);
#1994 = ORIENTED_EDGE('',*,*,#1743,.T.);
#1995 = ORIENTED_EDGE('',*,*,#1784,.F.);
#1996 = ORIENTED_EDGE('',*,*,#1997,.F.);
#1997 = EDGE_CURVE('',#1998,#1785,#2000,.T.);
#1998 = VERTEX_POINT('',#1999);
#1999 = CARTESIAN_POINT('',(206.19806415967,-162.673292176,
    34.917025231729));
#2000 = ELLIPSE('',#2001,14.677206852924,2.4);
#2001 = AXIS2_PLACEMENT_3D('',#2002,#2003,#2004);
#2002 = CARTESIAN_POINT('',(194.24901100081,-164.,37.526983639183));
#2003 = DIRECTION('',(0.213392798445,-0.,0.976966485388));
#2004 = DIRECTION('',(0.976966485388,0.,-0.213392798445));
#2005 = ORIENTED_EDGE('',*,*,#2006,.F.);
#2006 = EDGE_CURVE('',#2007,#1998,#2009,.T.);
#2007 = VERTEX_POINT('',#2008);
#2008 = CARTESIAN_POINT('',(206.19806415967,-165.3267078239,
    34.917025231729));
#2009 = LINE('',#2010,#2011);
#2010 = CARTESIAN_POINT('',(206.19806415967,-164.,34.917025231729));
#2011 = VECTOR('',#2012,1.);
#2012 = DIRECTION('',(0.,1.,0.));
#2013 = ORIENTED_EDGE('',*,*,#2014,.F.);
#2014 = EDGE_CURVE('',#1810,#2007,#2015,.T.);
#2015 = ELLIPSE('',#2016,14.677206852924,2.4);
#2016 = AXIS2_PLACEMENT_3D('',#2017,#2018,#2019);
#2017 = CARTESIAN_POINT('',(194.24901100081,-164.,37.526983639183));
#2018 = DIRECTION('',(0.213392798445,-0.,0.976966485388));
#2019 = DIRECTION('',(0.976966485388,0.,-0.213392798445));
#2020 = PLANE('',#2021);
#2021 = AXIS2_PLACEMENT_3D('',#2022,#2023,#2024);
#2022 = CARTESIAN_POINT('',(206.19105220553,-164.,34.918556809874));
#2023 = DIRECTION('',(0.213392798445,0.,0.976966485388));
#2024 = DIRECTION('',(0.976966485388,0.,-0.213392798445));
#2025 = ADVANCED_FACE('',(#2026),#2037,.T.);
#2026 = FACE_BOUND('',#2027,.T.);
#2027 = EDGE_LOOP('',(#2028,#2029,#2036));
#2028 = ORIENTED_EDGE('',*,*,#1793,.T.);
#2029 = ORIENTED_EDGE('',*,*,#2030,.F.);
#2030 = EDGE_CURVE('',#1998,#116,#2031,.T.);
#2031 = CIRCLE('',#2032,2.4);
#2032 = AXIS2_PLACEMENT_3D('',#2033,#2034,#2035);
#2033 = CARTESIAN_POINT('',(206.29959848753,-164.,36.914407801555));
#2034 = DIRECTION('',(0.998710466583,0.,-5.076813900473E-02));
#2035 = DIRECTION('',(5.076813900473E-02,0.,0.998710466583));
#2036 = ORIENTED_EDGE('',*,*,#1997,.T.);
#2037 = CYLINDRICAL_SURFACE('',#2038,2.4);
#2038 = AXIS2_PLACEMENT_3D('',#2039,#2040,#2041);
#2039 = CARTESIAN_POINT('',(85.299770916203,-164.,43.065275616838));
#2040 = DIRECTION('',(0.998710466583,0.,-5.076813900473E-02));
#2041 = DIRECTION('',(5.076813900473E-02,0.,0.998710466583));
#2042 = ADVANCED_FACE('',(#2043),#2054,.T.);
#2043 = FACE_BOUND('',#2044,.T.);
#2044 = EDGE_LOOP('',(#2045,#2052,#2053));
#2045 = ORIENTED_EDGE('',*,*,#2046,.F.);
#2046 = EDGE_CURVE('',#32,#2007,#2047,.T.);
#2047 = CIRCLE('',#2048,2.4);
#2048 = AXIS2_PLACEMENT_3D('',#2049,#2050,#2051);
#2049 = CARTESIAN_POINT('',(206.29959848753,-164.,36.914407801555));
#2050 = DIRECTION('',(0.998710466583,0.,-5.076813900473E-02));
#2051 = DIRECTION('',(5.076813900473E-02,0.,0.998710466583));
#2052 = ORIENTED_EDGE('',*,*,#1817,.T.);
#2053 = ORIENTED_EDGE('',*,*,#2014,.T.);
#2054 = CYLINDRICAL_SURFACE('',#2055,2.4);
#2055 = AXIS2_PLACEMENT_3D('',#2056,#2057,#2058);
#2056 = CARTESIAN_POINT('',(85.299770916203,-164.,43.065275616838));
#2057 = DIRECTION('',(0.998710466583,0.,-5.076813900473E-02));
#2058 = DIRECTION('',(5.076813900473E-02,0.,0.998710466583));
#2059 = ADVANCED_FACE('',(#2060),#2065,.F.);
#2060 = FACE_BOUND('',#2061,.F.);
#2061 = EDGE_LOOP('',(#2062,#2063,#2064));
#2062 = ORIENTED_EDGE('',*,*,#1886,.T.);
#2063 = ORIENTED_EDGE('',*,*,#1878,.T.);
#2064 = ORIENTED_EDGE('',*,*,#1845,.T.);
#2065 = PLANE('',#2066);
#2066 = AXIS2_PLACEMENT_3D('',#2067,#2068,#2069);
#2067 = CARTESIAN_POINT('',(175.26981607902,-164.,29.820624551275));
#2068 = DIRECTION('',(0.515716124976,0.,-0.856759521943));
#2069 = DIRECTION('',(-0.856759521943,0.,-0.515716124976));
#2070 = ADVANCED_FACE('',(#2071),#2081,.T.);
#2071 = FACE_BOUND('',#2072,.T.);
#2072 = EDGE_LOOP('',(#2073,#2074,#2075));
#2073 = ORIENTED_EDGE('',*,*,#1894,.T.);
#2074 = ORIENTED_EDGE('',*,*,#1859,.T.);
#2075 = ORIENTED_EDGE('',*,*,#2076,.T.);
#2076 = EDGE_CURVE('',#1862,#1895,#2077,.T.);
#2077 = LINE('',#2078,#2079);
#2078 = CARTESIAN_POINT('',(176.93758736025,-164.,27.049955075543));
#2079 = VECTOR('',#2080,1.);
#2080 = DIRECTION('',(0.,-1.,0.));
#2081 = PLANE('',#2082);
#2082 = AXIS2_PLACEMENT_3D('',#2083,#2084,#2085);
#2083 = CARTESIAN_POINT('',(176.93758736025,-164.,27.049955075543));
#2084 = DIRECTION('',(0.515716124976,0.,-0.856759521943));
#2085 = DIRECTION('',(-0.856759521943,0.,-0.515716124976));
#2086 = ADVANCED_FACE('',(#2087),#2149,.T.);
#2087 = FACE_BOUND('',#2088,.T.);
#2088 = EDGE_LOOP('',(#2089,#2100,#2108,#2115,#2116,#2123,#2124,#2133,
    #2142));
#2089 = ORIENTED_EDGE('',*,*,#2090,.F.);
#2090 = EDGE_CURVE('',#2091,#2093,#2095,.T.);
#2091 = VERTEX_POINT('',#2092);
#2092 = CARTESIAN_POINT('',(177.34811617603,-164.,23.043767800633));
#2093 = VERTEX_POINT('',#2094);
#2094 = CARTESIAN_POINT('',(179.11952037452,-161.6,24.66306615658));
#2095 = CIRCLE('',#2096,2.4);
#2096 = AXIS2_PLACEMENT_3D('',#2097,#2098,#2099);
#2097 = CARTESIAN_POINT('',(179.11952037452,-164.,24.66306615658));
#2098 = DIRECTION('',(0.674707648311,0.,-0.738085082704));
#2099 = DIRECTION('',(-0.738085082704,0.,-0.674707648311));
#2100 = ORIENTED_EDGE('',*,*,#2101,.F.);
#2101 = EDGE_CURVE('',#2102,#2091,#2104,.T.);
#2102 = VERTEX_POINT('',#2103);
#2103 = CARTESIAN_POINT('',(175.16618316176,-164.,25.430656719597));
#2104 = LINE('',#2105,#2106);
#2105 = CARTESIAN_POINT('',(175.16618316176,-164.,25.430656719597));
#2106 = VECTOR('',#2107,1.);
#2107 = DIRECTION('',(0.674707648311,0.,-0.738085082704));
#2108 = ORIENTED_EDGE('',*,*,#2109,.T.);
#2109 = EDGE_CURVE('',#2102,#1862,#2110,.T.);
#2110 = CIRCLE('',#2111,2.4);
#2111 = AXIS2_PLACEMENT_3D('',#2112,#2113,#2114);
#2112 = CARTESIAN_POINT('',(176.93758736025,-164.,27.049955075543));
#2113 = DIRECTION('',(0.674707648311,0.,-0.738085082704));
#2114 = DIRECTION('',(-0.738085082704,0.,-0.674707648311));
#2115 = ORIENTED_EDGE('',*,*,#1903,.T.);
#2116 = ORIENTED_EDGE('',*,*,#2117,.T.);
#2117 = EDGE_CURVE('',#1895,#2102,#2118,.T.);
#2118 = CIRCLE('',#2119,2.4);
#2119 = AXIS2_PLACEMENT_3D('',#2120,#2121,#2122);
#2120 = CARTESIAN_POINT('',(176.93758736025,-164.,27.049955075543));
#2121 = DIRECTION('',(0.674707648311,0.,-0.738085082704));
#2122 = DIRECTION('',(-0.738085082704,0.,-0.674707648311));
#2123 = ORIENTED_EDGE('',*,*,#2101,.T.);
#2124 = ORIENTED_EDGE('',*,*,#2125,.F.);
#2125 = EDGE_CURVE('',#2126,#2091,#2128,.T.);
#2126 = VERTEX_POINT('',#2127);
#2127 = CARTESIAN_POINT('',(179.11952037452,-166.4,24.66306615658));
#2128 = CIRCLE('',#2129,2.4);
#2129 = AXIS2_PLACEMENT_3D('',#2130,#2131,#2132);
#2130 = CARTESIAN_POINT('',(179.11952037452,-164.,24.66306615658));
#2131 = DIRECTION('',(0.674707648311,0.,-0.738085082704));
#2132 = DIRECTION('',(-0.738085082704,0.,-0.674707648311));
#2133 = ORIENTED_EDGE('',*,*,#2134,.F.);
#2134 = EDGE_CURVE('',#2135,#2126,#2137,.T.);
#2135 = VERTEX_POINT('',#2136);
#2136 = CARTESIAN_POINT('',(180.72949523275,-164.,26.458957423921));
#2137 = ELLIPSE('',#2138,2.411896450566,2.4);
#2138 = AXIS2_PLACEMENT_3D('',#2139,#2140,#2141);
#2139 = CARTESIAN_POINT('',(179.11952037452,-164.,24.66306615658));
#2140 = DIRECTION('',(0.744597168308,0.,-0.667514087453));
#2141 = DIRECTION('',(-0.667514087453,0.,-0.744597168308));
#2142 = ORIENTED_EDGE('',*,*,#2143,.F.);
#2143 = EDGE_CURVE('',#2093,#2135,#2144,.T.);
#2144 = ELLIPSE('',#2145,2.411896450566,2.4);
#2145 = AXIS2_PLACEMENT_3D('',#2146,#2147,#2148);
#2146 = CARTESIAN_POINT('',(179.11952037452,-164.,24.66306615658));
#2147 = DIRECTION('',(0.744597168308,0.,-0.667514087453));
#2148 = DIRECTION('',(-0.667514087453,0.,-0.744597168308));
#2149 = CYLINDRICAL_SURFACE('',#2150,2.4);
#2150 = AXIS2_PLACEMENT_3D('',#2151,#2152,#2153);
#2151 = CARTESIAN_POINT('',(176.93758736025,-164.,27.049955075543));
#2152 = DIRECTION('',(0.674707648311,0.,-0.738085082704));
#2153 = DIRECTION('',(-0.738085082704,0.,-0.674707648311));
#2154 = ADVANCED_FACE('',(#2155),#2160,.T.);
#2155 = FACE_BOUND('',#2156,.T.);
#2156 = EDGE_LOOP('',(#2157,#2158,#2159));
#2157 = ORIENTED_EDGE('',*,*,#1977,.T.);
#2158 = ORIENTED_EDGE('',*,*,#1934,.T.);
#2159 = ORIENTED_EDGE('',*,*,#1920,.T.);
#2160 = PLANE('',#2161);
#2161 = AXIS2_PLACEMENT_3D('',#2162,#2163,#2164);
#2162 = CARTESIAN_POINT('',(205.50096251542,-164.,31.75915075654));
#2163 = DIRECTION('',(0.402065573641,0.,0.915610875041));
#2164 = DIRECTION('',(0.915610875041,0.,-0.402065573641));
#2165 = ADVANCED_FACE('',(#2166),#2176,.F.);
#2166 = FACE_BOUND('',#2167,.F.);
#2167 = EDGE_LOOP('',(#2168,#2169,#2170));
#2168 = ORIENTED_EDGE('',*,*,#1969,.T.);
#2169 = ORIENTED_EDGE('',*,*,#1951,.T.);
#2170 = ORIENTED_EDGE('',*,*,#2171,.T.);
#2171 = EDGE_CURVE('',#1952,#1961,#2172,.T.);
#2172 = LINE('',#2173,#2174);
#2173 = CARTESIAN_POINT('',(204.20072507003,-164.,28.798162243252));
#2174 = VECTOR('',#2175,1.);
#2175 = DIRECTION('',(0.,-1.,0.));
#2176 = PLANE('',#2177);
#2177 = AXIS2_PLACEMENT_3D('',#2178,#2179,#2180);
#2178 = CARTESIAN_POINT('',(204.20072507003,-164.,28.798162243252));
#2179 = DIRECTION('',(0.402065573641,0.,0.915610875041));
#2180 = DIRECTION('',(0.915610875041,0.,-0.402065573641));
#2181 = ADVANCED_FACE('',(#2182),#2244,.T.);
#2182 = FACE_BOUND('',#2183,.T.);
#2183 = EDGE_LOOP('',(#2184,#2193,#2201,#2210,#2219,#2228,#2235,#2236,
    #2243));
#2184 = ORIENTED_EDGE('',*,*,#2185,.F.);
#2185 = EDGE_CURVE('',#2186,#1952,#2188,.T.);
#2186 = VERTEX_POINT('',#2187);
#2187 = CARTESIAN_POINT('',(206.16444120503,-164.,27.418372787887));
#2188 = CIRCLE('',#2189,2.4);
#2189 = AXIS2_PLACEMENT_3D('',#2190,#2191,#2192);
#2190 = CARTESIAN_POINT('',(204.20072507003,-164.,28.798162243252));
#2191 = DIRECTION('',(0.574912273069,-0.,0.81821505625));
#2192 = DIRECTION('',(0.81821505625,0.,-0.574912273069));
#2193 = ORIENTED_EDGE('',*,*,#2194,.F.);
#2194 = EDGE_CURVE('',#2195,#2186,#2197,.T.);
#2195 = VERTEX_POINT('',#2196);
#2196 = CARTESIAN_POINT('',(204.30523585578,-164.,24.772352028414));
#2197 = LINE('',#2198,#2199);
#2198 = CARTESIAN_POINT('',(204.30523585578,-164.,24.772352028414));
#2199 = VECTOR('',#2200,1.);
#2200 = DIRECTION('',(0.574912273069,0.,0.81821505625));
#2201 = ORIENTED_EDGE('',*,*,#2202,.T.);
#2202 = EDGE_CURVE('',#2195,#2203,#2205,.T.);
#2203 = VERTEX_POINT('',#2204);
#2204 = CARTESIAN_POINT('',(202.34151972078,-161.6,26.152141483779));
#2205 = CIRCLE('',#2206,2.4);
#2206 = AXIS2_PLACEMENT_3D('',#2207,#2208,#2209);
#2207 = CARTESIAN_POINT('',(202.34151972078,-164.,26.152141483779));
#2208 = DIRECTION('',(0.574912273069,-0.,0.81821505625));
#2209 = DIRECTION('',(0.81821505625,0.,-0.574912273069));
#2210 = ORIENTED_EDGE('',*,*,#2211,.T.);
#2211 = EDGE_CURVE('',#2203,#2212,#2214,.T.);
#2212 = VERTEX_POINT('',#2213);
#2213 = CARTESIAN_POINT('',(200.51535606378,-164.,27.727695604109));
#2214 = ELLIPSE('',#2215,2.411896450566,2.4);
#2215 = AXIS2_PLACEMENT_3D('',#2216,#2217,#2218);
#2216 = CARTESIAN_POINT('',(202.34151972078,-164.,26.152141483779));
#2217 = DIRECTION('',(0.653242853756,-0.,0.757148449128));
#2218 = DIRECTION('',(0.757148449128,0.,-0.653242853756));
#2219 = ORIENTED_EDGE('',*,*,#2220,.T.);
#2220 = EDGE_CURVE('',#2212,#2221,#2223,.T.);
#2221 = VERTEX_POINT('',#2222);
#2222 = CARTESIAN_POINT('',(202.34151972078,-166.4,26.152141483779));
#2223 = ELLIPSE('',#2224,2.411896450566,2.4);
#2224 = AXIS2_PLACEMENT_3D('',#2225,#2226,#2227);
#2225 = CARTESIAN_POINT('',(202.34151972078,-164.,26.152141483779));
#2226 = DIRECTION('',(0.653242853756,-0.,0.757148449128));
#2227 = DIRECTION('',(0.757148449128,0.,-0.653242853756));
#2228 = ORIENTED_EDGE('',*,*,#2229,.T.);
#2229 = EDGE_CURVE('',#2221,#2195,#2230,.T.);
#2230 = CIRCLE('',#2231,2.4);
#2231 = AXIS2_PLACEMENT_3D('',#2232,#2233,#2234);
#2232 = CARTESIAN_POINT('',(202.34151972078,-164.,26.152141483779));
#2233 = DIRECTION('',(0.574912273069,-0.,0.81821505625));
#2234 = DIRECTION('',(0.81821505625,0.,-0.574912273069));
#2235 = ORIENTED_EDGE('',*,*,#2194,.T.);
#2236 = ORIENTED_EDGE('',*,*,#2237,.F.);
#2237 = EDGE_CURVE('',#1961,#2186,#2238,.T.);
#2238 = CIRCLE('',#2239,2.4);
#2239 = AXIS2_PLACEMENT_3D('',#2240,#2241,#2242);
#2240 = CARTESIAN_POINT('',(204.20072507003,-164.,28.798162243252));
#2241 = DIRECTION('',(0.574912273069,-0.,0.81821505625));
#2242 = DIRECTION('',(0.81821505625,0.,-0.574912273069));
#2243 = ORIENTED_EDGE('',*,*,#1960,.F.);
#2244 = CYLINDRICAL_SURFACE('',#2245,2.4);
#2245 = AXIS2_PLACEMENT_3D('',#2246,#2247,#2248);
#2246 = CARTESIAN_POINT('',(202.34151972078,-164.,26.152141483779));
#2247 = DIRECTION('',(0.574912273069,0.,0.81821505625));
#2248 = DIRECTION('',(0.81821505625,0.,-0.574912273069));
#2249 = ADVANCED_FACE('',(#2250),#2256,.T.);
#2250 = FACE_BOUND('',#2251,.T.);
#2251 = EDGE_LOOP('',(#2252,#2253,#2254,#2255));
#2252 = ORIENTED_EDGE('',*,*,#309,.F.);
#2253 = ORIENTED_EDGE('',*,*,#2046,.T.);
#2254 = ORIENTED_EDGE('',*,*,#2006,.T.);
#2255 = ORIENTED_EDGE('',*,*,#2030,.T.);
#2256 = PLANE('',#2257);
#2257 = AXIS2_PLACEMENT_3D('',#2258,#2259,#2260);
#2258 = CARTESIAN_POINT('',(206.29959848753,-164.,36.914407801555));
#2259 = DIRECTION('',(0.998710466583,0.,-5.076813900473E-02));
#2260 = DIRECTION('',(5.076813900473E-02,0.,0.998710466583));
#2261 = ADVANCED_FACE('',(#2262),#2267,.F.);
#2262 = FACE_BOUND('',#2263,.F.);
#2263 = EDGE_LOOP('',(#2264,#2265,#2266));
#2264 = ORIENTED_EDGE('',*,*,#2117,.T.);
#2265 = ORIENTED_EDGE('',*,*,#2109,.T.);
#2266 = ORIENTED_EDGE('',*,*,#2076,.T.);
#2267 = PLANE('',#2268);
#2268 = AXIS2_PLACEMENT_3D('',#2269,#2270,#2271);
#2269 = CARTESIAN_POINT('',(176.93758736025,-164.,27.049955075543));
#2270 = DIRECTION('',(0.674707648311,0.,-0.738085082704));
#2271 = DIRECTION('',(-0.738085082704,0.,-0.674707648311));
#2272 = ADVANCED_FACE('',(#2273),#2283,.T.);
#2273 = FACE_BOUND('',#2274,.T.);
#2274 = EDGE_LOOP('',(#2275,#2276,#2277));
#2275 = ORIENTED_EDGE('',*,*,#2125,.T.);
#2276 = ORIENTED_EDGE('',*,*,#2090,.T.);
#2277 = ORIENTED_EDGE('',*,*,#2278,.T.);
#2278 = EDGE_CURVE('',#2093,#2126,#2279,.T.);
#2279 = LINE('',#2280,#2281);
#2280 = CARTESIAN_POINT('',(179.11952037452,-164.,24.66306615658));
#2281 = VECTOR('',#2282,1.);
#2282 = DIRECTION('',(0.,-1.,0.));
#2283 = PLANE('',#2284);
#2284 = AXIS2_PLACEMENT_3D('',#2285,#2286,#2287);
#2285 = CARTESIAN_POINT('',(179.11952037452,-164.,24.66306615658));
#2286 = DIRECTION('',(0.674707648311,0.,-0.738085082704));
#2287 = DIRECTION('',(-0.738085082704,0.,-0.674707648311));
#2288 = ADVANCED_FACE('',(#2289),#2334,.T.);
#2289 = FACE_BOUND('',#2290,.T.);
#2290 = EDGE_LOOP('',(#2291,#2292,#2300,#2309,#2318,#2325,#2326,#2327));
#2291 = ORIENTED_EDGE('',*,*,#2143,.T.);
#2292 = ORIENTED_EDGE('',*,*,#2293,.T.);
#2293 = EDGE_CURVE('',#2135,#2294,#2296,.T.);
#2294 = VERTEX_POINT('',#2295);
#2295 = CARTESIAN_POINT('',(182.95347449859,-164.,24.832297690956));
#2296 = LINE('',#2297,#2298);
#2297 = CARTESIAN_POINT('',(180.53638003605,-164.,26.600205464819));
#2298 = VECTOR('',#2299,1.);
#2299 = DIRECTION('',(0.807141378433,0.,-0.590358192305));
#2300 = ORIENTED_EDGE('',*,*,#2301,.F.);
#2301 = EDGE_CURVE('',#2302,#2294,#2304,.T.);
#2302 = VERTEX_POINT('',#2303);
#2303 = CARTESIAN_POINT('',(181.72973003376,-161.6,22.753910341821));
#2304 = ELLIPSE('',#2305,2.411896450566,2.4);
#2305 = AXIS2_PLACEMENT_3D('',#2306,#2307,#2308);
#2306 = CARTESIAN_POINT('',(181.72973003376,-164.,22.753910341821));
#2307 = DIRECTION('',(0.861723291913,0.,-0.507378525536));
#2308 = DIRECTION('',(-0.507378525536,0.,-0.861723291913));
#2309 = ORIENTED_EDGE('',*,*,#2310,.F.);
#2310 = EDGE_CURVE('',#2311,#2302,#2313,.T.);
#2311 = VERTEX_POINT('',#2312);
#2312 = CARTESIAN_POINT('',(181.72973003376,-166.4,22.753910341821));
#2313 = CIRCLE('',#2314,2.4);
#2314 = AXIS2_PLACEMENT_3D('',#2315,#2316,#2317);
#2315 = CARTESIAN_POINT('',(181.72973003376,-164.,22.753910341821));
#2316 = DIRECTION('',(0.807141378433,0.,-0.590358192305));
#2317 = DIRECTION('',(0.590358192305,0.,0.807141378433));
#2318 = ORIENTED_EDGE('',*,*,#2319,.F.);
#2319 = EDGE_CURVE('',#2294,#2311,#2320,.T.);
#2320 = ELLIPSE('',#2321,2.411896450566,2.4);
#2321 = AXIS2_PLACEMENT_3D('',#2322,#2323,#2324);
#2322 = CARTESIAN_POINT('',(181.72973003376,-164.,22.753910341821));
#2323 = DIRECTION('',(0.861723291913,0.,-0.507378525536));
#2324 = DIRECTION('',(-0.507378525536,0.,-0.861723291913));
#2325 = ORIENTED_EDGE('',*,*,#2293,.F.);
#2326 = ORIENTED_EDGE('',*,*,#2134,.T.);
#2327 = ORIENTED_EDGE('',*,*,#2328,.T.);
#2328 = EDGE_CURVE('',#2126,#2093,#2329,.T.);
#2329 = CIRCLE('',#2330,2.4);
#2330 = AXIS2_PLACEMENT_3D('',#2331,#2332,#2333);
#2331 = CARTESIAN_POINT('',(179.11952037452,-164.,24.66306615658));
#2332 = DIRECTION('',(0.807141378433,0.,-0.590358192305));
#2333 = DIRECTION('',(0.590358192305,0.,0.807141378433));
#2334 = CYLINDRICAL_SURFACE('',#2335,2.4);
#2335 = AXIS2_PLACEMENT_3D('',#2336,#2337,#2338);
#2336 = CARTESIAN_POINT('',(179.11952037452,-164.,24.66306615658));
#2337 = DIRECTION('',(0.807141378433,0.,-0.590358192305));
#2338 = DIRECTION('',(0.590358192305,0.,0.807141378433));
#2339 = ADVANCED_FACE('',(#2340),#2345,.F.);
#2340 = FACE_BOUND('',#2341,.F.);
#2341 = EDGE_LOOP('',(#2342,#2343,#2344));
#2342 = ORIENTED_EDGE('',*,*,#259,.T.);
#2343 = ORIENTED_EDGE('',*,*,#251,.T.);
#2344 = ORIENTED_EDGE('',*,*,#218,.T.);
#2345 = PLANE('',#2346);
#2346 = AXIS2_PLACEMENT_3D('',#2347,#2348,#2349);
#2347 = CARTESIAN_POINT('',(205.95622031648,-164.,40.130020001724));
#2348 = DIRECTION('',(-0.300395050453,0.,0.953814873895));
#2349 = DIRECTION('',(0.953814873895,0.,0.300395050453));
#2350 = ADVANCED_FACE('',(#2351),#2361,.T.);
#2351 = FACE_BOUND('',#2352,.T.);
#2352 = EDGE_LOOP('',(#2353,#2354,#2355));
#2353 = ORIENTED_EDGE('',*,*,#267,.T.);
#2354 = ORIENTED_EDGE('',*,*,#232,.T.);
#2355 = ORIENTED_EDGE('',*,*,#2356,.T.);
#2356 = EDGE_CURVE('',#235,#268,#2357,.T.);
#2357 = LINE('',#2358,#2359);
#2358 = CARTESIAN_POINT('',(204.98477456579,-164.,43.214556197606));
#2359 = VECTOR('',#2360,1.);
#2360 = DIRECTION('',(0.,-1.,0.));
#2361 = PLANE('',#2362);
#2362 = AXIS2_PLACEMENT_3D('',#2363,#2364,#2365);
#2363 = CARTESIAN_POINT('',(204.98477456579,-164.,43.214556197606));
#2364 = DIRECTION('',(-0.300395050453,0.,0.953814873895));
#2365 = DIRECTION('',(0.953814873895,0.,0.300395050453));
#2366 = ADVANCED_FACE('',(#2367),#2420,.T.);
#2367 = FACE_BOUND('',#2368,.T.);
#2368 = EDGE_LOOP('',(#2369,#2380,#2388,#2395,#2396,#2403,#2404,#2413));
#2369 = ORIENTED_EDGE('',*,*,#2370,.F.);
#2370 = EDGE_CURVE('',#2371,#2373,#2375,.T.);
#2371 = VERTEX_POINT('',#2372);
#2372 = CARTESIAN_POINT('',(205.52527266903,-164.,47.20528698164));
#2373 = VERTEX_POINT('',#2374);
#2374 = CARTESIAN_POINT('',(203.42349921222,-161.6,46.046603100566));
#2375 = CIRCLE('',#2376,2.4);
#2376 = AXIS2_PLACEMENT_3D('',#2377,#2378,#2379);
#2377 = CARTESIAN_POINT('',(203.42349921222,-164.,46.046603100566));
#2378 = DIRECTION('',(-0.482784950447,0.,0.875738940336));
#2379 = DIRECTION('',(0.875738940336,0.,0.482784950447));
#2380 = ORIENTED_EDGE('',*,*,#2381,.F.);
#2381 = EDGE_CURVE('',#2382,#2371,#2384,.T.);
#2382 = VERTEX_POINT('',#2383);
#2383 = CARTESIAN_POINT('',(207.0865480226,-164.,44.37324007868));
#2384 = LINE('',#2385,#2386);
#2385 = CARTESIAN_POINT('',(207.0865480226,-164.,44.37324007868));
#2386 = VECTOR('',#2387,1.);
#2387 = DIRECTION('',(-0.482784950447,0.,0.875738940336));
#2388 = ORIENTED_EDGE('',*,*,#2389,.T.);
#2389 = EDGE_CURVE('',#2382,#235,#2390,.T.);
#2390 = CIRCLE('',#2391,2.4);
#2391 = AXIS2_PLACEMENT_3D('',#2392,#2393,#2394);
#2392 = CARTESIAN_POINT('',(204.98477456579,-164.,43.214556197606));
#2393 = DIRECTION('',(-0.482784950447,0.,0.875738940336));
#2394 = DIRECTION('',(0.875738940336,0.,0.482784950447));
#2395 = ORIENTED_EDGE('',*,*,#276,.T.);
#2396 = ORIENTED_EDGE('',*,*,#2397,.T.);
#2397 = EDGE_CURVE('',#268,#2382,#2398,.T.);
#2398 = CIRCLE('',#2399,2.4);
#2399 = AXIS2_PLACEMENT_3D('',#2400,#2401,#2402);
#2400 = CARTESIAN_POINT('',(204.98477456579,-164.,43.214556197606));
#2401 = DIRECTION('',(-0.482784950447,0.,0.875738940336));
#2402 = DIRECTION('',(0.875738940336,0.,0.482784950447));
#2403 = ORIENTED_EDGE('',*,*,#2381,.T.);
#2404 = ORIENTED_EDGE('',*,*,#2405,.F.);
#2405 = EDGE_CURVE('',#2406,#2371,#2408,.T.);
#2406 = VERTEX_POINT('',#2407);
#2407 = CARTESIAN_POINT('',(203.42349921222,-166.4,46.046603100566));
#2408 = CIRCLE('',#2409,2.4);
#2409 = AXIS2_PLACEMENT_3D('',#2410,#2411,#2412);
#2410 = CARTESIAN_POINT('',(203.42349921222,-164.,46.046603100566));
#2411 = DIRECTION('',(-0.482784950447,0.,0.875738940336));
#2412 = DIRECTION('',(0.875738940336,0.,0.482784950447));
#2413 = ORIENTED_EDGE('',*,*,#2414,.F.);
#2414 = EDGE_CURVE('',#2373,#2406,#2415,.T.);
#2415 = ELLIPSE('',#2416,2.411896450566,2.4);
#2416 = AXIS2_PLACEMENT_3D('',#2417,#2418,#2419);
#2417 = CARTESIAN_POINT('',(203.42349921222,-164.,46.046603100566));
#2418 = DIRECTION('',(-0.567276263838,0.,0.823527559032));
#2419 = DIRECTION('',(0.823527559032,0.,0.567276263838));
#2420 = CYLINDRICAL_SURFACE('',#2421,2.4);
#2421 = AXIS2_PLACEMENT_3D('',#2422,#2423,#2424);
#2422 = CARTESIAN_POINT('',(204.98477456579,-164.,43.214556197606));
#2423 = DIRECTION('',(-0.482784950447,0.,0.875738940336));
#2424 = DIRECTION('',(0.875738940336,0.,0.482784950447));
#2425 = ADVANCED_FACE('',(#2426),#2431,.T.);
#2426 = FACE_BOUND('',#2427,.T.);
#2427 = EDGE_LOOP('',(#2428,#2429,#2430));
#2428 = ORIENTED_EDGE('',*,*,#2237,.T.);
#2429 = ORIENTED_EDGE('',*,*,#2185,.T.);
#2430 = ORIENTED_EDGE('',*,*,#2171,.T.);
#2431 = PLANE('',#2432);
#2432 = AXIS2_PLACEMENT_3D('',#2433,#2434,#2435);
#2433 = CARTESIAN_POINT('',(204.20072507003,-164.,28.798162243252));
#2434 = DIRECTION('',(0.574912273069,0.,0.81821505625));
#2435 = DIRECTION('',(0.81821505625,0.,-0.574912273069));
#2436 = ADVANCED_FACE('',(#2437),#2447,.F.);
#2437 = FACE_BOUND('',#2438,.F.);
#2438 = EDGE_LOOP('',(#2439,#2440,#2441));
#2439 = ORIENTED_EDGE('',*,*,#2229,.T.);
#2440 = ORIENTED_EDGE('',*,*,#2202,.T.);
#2441 = ORIENTED_EDGE('',*,*,#2442,.T.);
#2442 = EDGE_CURVE('',#2203,#2221,#2443,.T.);
#2443 = LINE('',#2444,#2445);
#2444 = CARTESIAN_POINT('',(202.34151972078,-164.,26.152141483779));
#2445 = VECTOR('',#2446,1.);
#2446 = DIRECTION('',(0.,-1.,0.));
#2447 = PLANE('',#2448);
#2448 = AXIS2_PLACEMENT_3D('',#2449,#2450,#2451);
#2449 = CARTESIAN_POINT('',(202.34151972078,-164.,26.152141483779));
#2450 = DIRECTION('',(0.574912273069,0.,0.81821505625));
#2451 = DIRECTION('',(0.81821505625,0.,-0.574912273069));
#2452 = ADVANCED_FACE('',(#2453),#2498,.T.);
#2453 = FACE_BOUND('',#2454,.T.);
#2454 = EDGE_LOOP('',(#2455,#2466,#2472,#2473,#2480,#2481,#2482,#2491));
#2455 = ORIENTED_EDGE('',*,*,#2456,.T.);
#2456 = EDGE_CURVE('',#2457,#2459,#2461,.T.);
#2457 = VERTEX_POINT('',#2458);
#2458 = CARTESIAN_POINT('',(199.99652837295,-161.6,23.925240954152));
#2459 = VERTEX_POINT('',#2460);
#2460 = CARTESIAN_POINT('',(198.51735099254,-164.,25.830307558114));
#2461 = ELLIPSE('',#2462,2.411896450566,2.4);
#2462 = AXIS2_PLACEMENT_3D('',#2463,#2464,#2465);
#2463 = CARTESIAN_POINT('',(199.99652837295,-164.,23.925240954153));
#2464 = DIRECTION('',(0.78986251815,-0.,0.613283949261));
#2465 = DIRECTION('',(0.613283949261,0.,-0.78986251815));
#2466 = ORIENTED_EDGE('',*,*,#2467,.T.);
#2467 = EDGE_CURVE('',#2459,#2212,#2468,.T.);
#2468 = LINE('',#2469,#2470);
#2469 = CARTESIAN_POINT('',(198.34385785425,-164.,25.665551316299));
#2470 = VECTOR('',#2471,1.);
#2471 = DIRECTION('',(0.725129317561,0.,0.688612716128));
#2472 = ORIENTED_EDGE('',*,*,#2211,.F.);
#2473 = ORIENTED_EDGE('',*,*,#2474,.F.);
#2474 = EDGE_CURVE('',#2221,#2203,#2475,.T.);
#2475 = CIRCLE('',#2476,2.4);
#2476 = AXIS2_PLACEMENT_3D('',#2477,#2478,#2479);
#2477 = CARTESIAN_POINT('',(202.34151972078,-164.,26.152141483779));
#2478 = DIRECTION('',(0.725129317561,0.,0.688612716128));
#2479 = DIRECTION('',(-0.688612716128,0.,0.725129317561));
#2480 = ORIENTED_EDGE('',*,*,#2220,.F.);
#2481 = ORIENTED_EDGE('',*,*,#2467,.F.);
#2482 = ORIENTED_EDGE('',*,*,#2483,.T.);
#2483 = EDGE_CURVE('',#2459,#2484,#2486,.T.);
#2484 = VERTEX_POINT('',#2485);
#2485 = CARTESIAN_POINT('',(199.99652837295,-166.4,23.925240954152));
#2486 = ELLIPSE('',#2487,2.411896450566,2.4);
#2487 = AXIS2_PLACEMENT_3D('',#2488,#2489,#2490);
#2488 = CARTESIAN_POINT('',(199.99652837295,-164.,23.925240954153));
#2489 = DIRECTION('',(0.78986251815,-0.,0.613283949261));
#2490 = DIRECTION('',(0.613283949261,0.,-0.78986251815));
#2491 = ORIENTED_EDGE('',*,*,#2492,.T.);
#2492 = EDGE_CURVE('',#2484,#2457,#2493,.T.);
#2493 = CIRCLE('',#2494,2.4);
#2494 = AXIS2_PLACEMENT_3D('',#2495,#2496,#2497);
#2495 = CARTESIAN_POINT('',(199.99652837295,-164.,23.925240954153));
#2496 = DIRECTION('',(0.725129317561,0.,0.688612716128));
#2497 = DIRECTION('',(-0.688612716128,0.,0.725129317561));
#2498 = CYLINDRICAL_SURFACE('',#2499,2.4);
#2499 = AXIS2_PLACEMENT_3D('',#2500,#2501,#2502);
#2500 = CARTESIAN_POINT('',(199.99652837295,-164.,23.925240954153));
#2501 = DIRECTION('',(0.725129317561,0.,0.688612716128));
#2502 = DIRECTION('',(-0.688612716128,0.,0.725129317561));
#2503 = ADVANCED_FACE('',(#2504),#2508,.F.);
#2504 = FACE_BOUND('',#2505,.F.);
#2505 = EDGE_LOOP('',(#2506,#2507));
#2506 = ORIENTED_EDGE('',*,*,#2278,.T.);
#2507 = ORIENTED_EDGE('',*,*,#2328,.T.);
#2508 = PLANE('',#2509);
#2509 = AXIS2_PLACEMENT_3D('',#2510,#2511,#2512);
#2510 = CARTESIAN_POINT('',(179.11952037452,-164.,24.66306615658));
#2511 = DIRECTION('',(0.807141378433,0.,-0.590358192305));
#2512 = DIRECTION('',(0.590358192305,0.,0.807141378433));
#2513 = ADVANCED_FACE('',(#2514),#2559,.T.);
#2514 = FACE_BOUND('',#2515,.T.);
#2515 = EDGE_LOOP('',(#2516,#2517,#2525,#2534,#2543,#2550,#2551,#2552));
#2516 = ORIENTED_EDGE('',*,*,#2301,.T.);
#2517 = ORIENTED_EDGE('',*,*,#2518,.T.);
#2518 = EDGE_CURVE('',#2294,#2519,#2521,.T.);
#2519 = VERTEX_POINT('',#2520);
#2520 = CARTESIAN_POINT('',(185.45481858698,-164.,23.676709782887));
#2521 = LINE('',#2522,#2523);
#2522 = CARTESIAN_POINT('',(182.73627483174,-164.,24.932641066272));
#2523 = VECTOR('',#2524,1.);
#2524 = DIRECTION('',(0.907804468521,0.,-0.419393665824));
#2525 = ORIENTED_EDGE('',*,*,#2526,.F.);
#2526 = EDGE_CURVE('',#2527,#2519,#2529,.T.);
#2527 = VERTEX_POINT('',#2528);
#2528 = CARTESIAN_POINT('',(184.66547345586,-161.6,21.39763568312));
#2529 = ELLIPSE('',#2530,2.411896450566,2.4);
#2530 = AXIS2_PLACEMENT_3D('',#2531,#2532,#2533);
#2531 = CARTESIAN_POINT('',(184.66547345586,-164.,21.39763568312));
#2532 = DIRECTION('',(0.944930326189,0.,-0.327271567125));
#2533 = DIRECTION('',(-0.327271567125,0.,-0.944930326189));
#2534 = ORIENTED_EDGE('',*,*,#2535,.F.);
#2535 = EDGE_CURVE('',#2536,#2527,#2538,.T.);
#2536 = VERTEX_POINT('',#2537);
#2537 = CARTESIAN_POINT('',(184.66547345586,-166.4,21.39763568312));
#2538 = CIRCLE('',#2539,2.4);
#2539 = AXIS2_PLACEMENT_3D('',#2540,#2541,#2542);
#2540 = CARTESIAN_POINT('',(184.66547345586,-164.,21.39763568312));
#2541 = DIRECTION('',(0.907804468521,0.,-0.419393665824));
#2542 = DIRECTION('',(0.419393665824,0.,0.907804468521));
#2543 = ORIENTED_EDGE('',*,*,#2544,.F.);
#2544 = EDGE_CURVE('',#2519,#2536,#2545,.T.);
#2545 = ELLIPSE('',#2546,2.411896450566,2.4);
#2546 = AXIS2_PLACEMENT_3D('',#2547,#2548,#2549);
#2547 = CARTESIAN_POINT('',(184.66547345586,-164.,21.39763568312));
#2548 = DIRECTION('',(0.944930326189,0.,-0.327271567125));
#2549 = DIRECTION('',(-0.327271567125,0.,-0.944930326189));
#2550 = ORIENTED_EDGE('',*,*,#2518,.F.);
#2551 = ORIENTED_EDGE('',*,*,#2319,.T.);
#2552 = ORIENTED_EDGE('',*,*,#2553,.T.);
#2553 = EDGE_CURVE('',#2311,#2302,#2554,.T.);
#2554 = CIRCLE('',#2555,2.4);
#2555 = AXIS2_PLACEMENT_3D('',#2556,#2557,#2558);
#2556 = CARTESIAN_POINT('',(181.72973003376,-164.,22.753910341821));
#2557 = DIRECTION('',(0.907804468521,0.,-0.419393665824));
#2558 = DIRECTION('',(0.419393665824,0.,0.907804468521));
#2559 = CYLINDRICAL_SURFACE('',#2560,2.4);
#2560 = AXIS2_PLACEMENT_3D('',#2561,#2562,#2563);
#2561 = CARTESIAN_POINT('',(181.72973003376,-164.,22.753910341821));
#2562 = DIRECTION('',(0.907804468521,0.,-0.419393665824));
#2563 = DIRECTION('',(0.419393665824,0.,0.907804468521));
#2564 = ADVANCED_FACE('',(#2565),#2574,.T.);
#2565 = FACE_BOUND('',#2566,.T.);
#2566 = EDGE_LOOP('',(#2567,#2573));
#2567 = ORIENTED_EDGE('',*,*,#2568,.T.);
#2568 = EDGE_CURVE('',#2302,#2311,#2569,.T.);
#2569 = LINE('',#2570,#2571);
#2570 = CARTESIAN_POINT('',(181.72973003376,-164.,22.753910341821));
#2571 = VECTOR('',#2572,1.);
#2572 = DIRECTION('',(0.,-1.,0.));
#2573 = ORIENTED_EDGE('',*,*,#2310,.T.);
#2574 = PLANE('',#2575);
#2575 = AXIS2_PLACEMENT_3D('',#2576,#2577,#2578);
#2576 = CARTESIAN_POINT('',(181.72973003376,-164.,22.753910341821));
#2577 = DIRECTION('',(0.807141378433,0.,-0.590358192305));
#2578 = DIRECTION('',(0.590358192305,0.,0.807141378433));
#2579 = ADVANCED_FACE('',(#2580),#2585,.F.);
#2580 = FACE_BOUND('',#2581,.F.);
#2581 = EDGE_LOOP('',(#2582,#2583,#2584));
#2582 = ORIENTED_EDGE('',*,*,#2397,.T.);
#2583 = ORIENTED_EDGE('',*,*,#2389,.T.);
#2584 = ORIENTED_EDGE('',*,*,#2356,.T.);
#2585 = PLANE('',#2586);
#2586 = AXIS2_PLACEMENT_3D('',#2587,#2588,#2589);
#2587 = CARTESIAN_POINT('',(204.98477456579,-164.,43.214556197606));
#2588 = DIRECTION('',(-0.482784950447,0.,0.875738940336));
#2589 = DIRECTION('',(0.875738940336,0.,0.482784950447));
#2590 = ADVANCED_FACE('',(#2591),#2601,.T.);
#2591 = FACE_BOUND('',#2592,.T.);
#2592 = EDGE_LOOP('',(#2593,#2594,#2595));
#2593 = ORIENTED_EDGE('',*,*,#2405,.T.);
#2594 = ORIENTED_EDGE('',*,*,#2370,.T.);
#2595 = ORIENTED_EDGE('',*,*,#2596,.T.);
#2596 = EDGE_CURVE('',#2373,#2406,#2597,.T.);
#2597 = LINE('',#2598,#2599);
#2598 = CARTESIAN_POINT('',(203.42349921222,-164.,46.046603100566));
#2599 = VECTOR('',#2600,1.);
#2600 = DIRECTION('',(0.,-1.,0.));
#2601 = PLANE('',#2602);
#2602 = AXIS2_PLACEMENT_3D('',#2603,#2604,#2605);
#2603 = CARTESIAN_POINT('',(203.42349921222,-164.,46.046603100566));
#2604 = DIRECTION('',(-0.482784950447,0.,0.875738940336));
#2605 = DIRECTION('',(0.875738940336,0.,0.482784950447));
#2606 = ADVANCED_FACE('',(#2607),#2669,.T.);
#2607 = FACE_BOUND('',#2608,.T.);
#2608 = EDGE_LOOP('',(#2609,#2620,#2628,#2635,#2636,#2643,#2644,#2653,
    #2662));
#2609 = ORIENTED_EDGE('',*,*,#2610,.F.);
#2610 = EDGE_CURVE('',#2611,#2613,#2615,.T.);
#2611 = VERTEX_POINT('',#2612);
#2612 = CARTESIAN_POINT('',(203.16551042513,-164.,50.065497497782));
#2613 = VERTEX_POINT('',#2614);
#2614 = CARTESIAN_POINT('',(201.33384906229,-161.6,48.514685887088));
#2615 = CIRCLE('',#2616,2.4);
#2616 = AXIS2_PLACEMENT_3D('',#2617,#2618,#2619);
#2617 = CARTESIAN_POINT('',(201.33384906229,-164.,48.514685887088));
#2618 = DIRECTION('',(-0.646171504456,0.,0.763192234519));
#2619 = DIRECTION('',(0.763192234519,0.,0.646171504456));
#2620 = ORIENTED_EDGE('',*,*,#2621,.F.);
#2621 = EDGE_CURVE('',#2622,#2611,#2624,.T.);
#2622 = VERTEX_POINT('',#2623);
#2623 = CARTESIAN_POINT('',(205.25516057507,-164.,47.59741471126));
#2624 = LINE('',#2625,#2626);
#2625 = CARTESIAN_POINT('',(205.25516057507,-164.,47.59741471126));
#2626 = VECTOR('',#2627,1.);
#2627 = DIRECTION('',(-0.646171504456,0.,0.763192234519));
#2628 = ORIENTED_EDGE('',*,*,#2629,.T.);
#2629 = EDGE_CURVE('',#2622,#2373,#2630,.T.);
#2630 = CIRCLE('',#2631,2.4);
#2631 = AXIS2_PLACEMENT_3D('',#2632,#2633,#2634);
#2632 = CARTESIAN_POINT('',(203.42349921222,-164.,46.046603100566));
#2633 = DIRECTION('',(-0.646171504456,0.,0.763192234519));
#2634 = DIRECTION('',(0.763192234519,0.,0.646171504456));
#2635 = ORIENTED_EDGE('',*,*,#2414,.T.);
#2636 = ORIENTED_EDGE('',*,*,#2637,.T.);
#2637 = EDGE_CURVE('',#2406,#2622,#2638,.T.);
#2638 = CIRCLE('',#2639,2.4);
#2639 = AXIS2_PLACEMENT_3D('',#2640,#2641,#2642);
#2640 = CARTESIAN_POINT('',(203.42349921222,-164.,46.046603100566));
#2641 = DIRECTION('',(-0.646171504456,0.,0.763192234519));
#2642 = DIRECTION('',(0.763192234519,0.,0.646171504456));
#2643 = ORIENTED_EDGE('',*,*,#2621,.T.);
#2644 = ORIENTED_EDGE('',*,*,#2645,.F.);
#2645 = EDGE_CURVE('',#2646,#2611,#2648,.T.);
#2646 = VERTEX_POINT('',#2647);
#2647 = CARTESIAN_POINT('',(201.33384906229,-166.4,48.514685887088));
#2648 = CIRCLE('',#2649,2.4);
#2649 = AXIS2_PLACEMENT_3D('',#2650,#2651,#2652);
#2650 = CARTESIAN_POINT('',(201.33384906229,-164.,48.514685887088));
#2651 = DIRECTION('',(-0.646171504456,0.,0.763192234519));
#2652 = DIRECTION('',(0.763192234519,0.,0.646171504456));
#2653 = ORIENTED_EDGE('',*,*,#2654,.F.);
#2654 = EDGE_CURVE('',#2655,#2646,#2657,.T.);
#2655 = VERTEX_POINT('',#2656);
#2656 = CARTESIAN_POINT('',(199.65678953316,-164.,46.781274272955));
#2657 = ELLIPSE('',#2658,2.411896450566,2.4);
#2658 = AXIS2_PLACEMENT_3D('',#2659,#2660,#2661);
#2659 = CARTESIAN_POINT('',(201.33384906229,-164.,48.514685887088));
#2660 = DIRECTION('',(-0.718692385711,0.,0.695328163331));
#2661 = DIRECTION('',(0.695328163331,0.,0.718692385711));
#2662 = ORIENTED_EDGE('',*,*,#2663,.F.);
#2663 = EDGE_CURVE('',#2613,#2655,#2664,.T.);
#2664 = ELLIPSE('',#2665,2.411896450566,2.4);
#2665 = AXIS2_PLACEMENT_3D('',#2666,#2667,#2668);
#2666 = CARTESIAN_POINT('',(201.33384906229,-164.,48.514685887088));
#2667 = DIRECTION('',(-0.718692385711,0.,0.695328163331));
#2668 = DIRECTION('',(0.695328163331,0.,0.718692385711));
#2669 = CYLINDRICAL_SURFACE('',#2670,2.4);
#2670 = AXIS2_PLACEMENT_3D('',#2671,#2672,#2673);
#2671 = CARTESIAN_POINT('',(203.42349921222,-164.,46.046603100566));
#2672 = DIRECTION('',(-0.646171504456,0.,0.763192234519));
#2673 = DIRECTION('',(0.763192234519,0.,0.646171504456));
#2674 = ADVANCED_FACE('',(#2675),#2679,.T.);
#2675 = FACE_BOUND('',#2676,.T.);
#2676 = EDGE_LOOP('',(#2677,#2678));
#2677 = ORIENTED_EDGE('',*,*,#2442,.T.);
#2678 = ORIENTED_EDGE('',*,*,#2474,.T.);
#2679 = PLANE('',#2680);
#2680 = AXIS2_PLACEMENT_3D('',#2681,#2682,#2683);
#2681 = CARTESIAN_POINT('',(202.34151972078,-164.,26.152141483779));
#2682 = DIRECTION('',(0.725129317561,0.,0.688612716128));
#2683 = DIRECTION('',(-0.688612716128,0.,0.725129317561));
#2684 = ADVANCED_FACE('',(#2685),#2730,.T.);
#2685 = FACE_BOUND('',#2686,.T.);
#2686 = EDGE_LOOP('',(#2687,#2698,#2704,#2705,#2712,#2713,#2714,#2723));
#2687 = ORIENTED_EDGE('',*,*,#2688,.T.);
#2688 = EDGE_CURVE('',#2689,#2691,#2693,.T.);
#2689 = VERTEX_POINT('',#2690);
#2690 = CARTESIAN_POINT('',(197.25805440485,-161.6,22.205115750503));
#2691 = VERTEX_POINT('',#2692);
#2692 = CARTESIAN_POINT('',(196.18408657312,-164.,24.364707745459));
#2693 = ELLIPSE('',#2694,2.411896450566,2.4);
#2694 = AXIS2_PLACEMENT_3D('',#2695,#2696,#2697);
#2695 = CARTESIAN_POINT('',(197.25805440485,-164.,22.205115750503));
#2696 = DIRECTION('',(0.895391671748,-0.,0.445279411341));
#2697 = DIRECTION('',(0.445279411341,0.,-0.895391671748));
#2698 = ORIENTED_EDGE('',*,*,#2699,.T.);
#2699 = EDGE_CURVE('',#2691,#2459,#2700,.T.);
#2700 = LINE('',#2701,#2702);
#2701 = CARTESIAN_POINT('',(195.98148179878,-164.,24.237445049962));
#2702 = VECTOR('',#2703,1.);
#2703 = DIRECTION('',(0.846803874774,0.,0.531905252528));
#2704 = ORIENTED_EDGE('',*,*,#2456,.F.);
#2705 = ORIENTED_EDGE('',*,*,#2706,.F.);
#2706 = EDGE_CURVE('',#2484,#2457,#2707,.T.);
#2707 = CIRCLE('',#2708,2.4);
#2708 = AXIS2_PLACEMENT_3D('',#2709,#2710,#2711);
#2709 = CARTESIAN_POINT('',(199.99652837295,-164.,23.925240954153));
#2710 = DIRECTION('',(0.846803874774,0.,0.531905252528));
#2711 = DIRECTION('',(-0.531905252528,0.,0.846803874774));
#2712 = ORIENTED_EDGE('',*,*,#2483,.F.);
#2713 = ORIENTED_EDGE('',*,*,#2699,.F.);
#2714 = ORIENTED_EDGE('',*,*,#2715,.T.);
#2715 = EDGE_CURVE('',#2691,#2716,#2718,.T.);
#2716 = VERTEX_POINT('',#2717);
#2717 = CARTESIAN_POINT('',(197.25805440485,-166.4,22.205115750503));
#2718 = ELLIPSE('',#2719,2.411896450566,2.4);
#2719 = AXIS2_PLACEMENT_3D('',#2720,#2721,#2722);
#2720 = CARTESIAN_POINT('',(197.25805440485,-164.,22.205115750503));
#2721 = DIRECTION('',(0.895391671748,-0.,0.445279411341));
#2722 = DIRECTION('',(0.445279411341,0.,-0.895391671748));
#2723 = ORIENTED_EDGE('',*,*,#2724,.T.);
#2724 = EDGE_CURVE('',#2716,#2689,#2725,.T.);
#2725 = CIRCLE('',#2726,2.4);
#2726 = AXIS2_PLACEMENT_3D('',#2727,#2728,#2729);
#2727 = CARTESIAN_POINT('',(197.25805440485,-164.,22.205115750503));
#2728 = DIRECTION('',(0.846803874774,0.,0.531905252528));
#2729 = DIRECTION('',(-0.531905252528,0.,0.846803874774));
#2730 = CYLINDRICAL_SURFACE('',#2731,2.4);
#2731 = AXIS2_PLACEMENT_3D('',#2732,#2733,#2734);
#2732 = CARTESIAN_POINT('',(197.25805440485,-164.,22.205115750503));
#2733 = DIRECTION('',(0.846803874774,0.,0.531905252528));
#2734 = DIRECTION('',(-0.531905252528,0.,0.846803874774));
#2735 = ADVANCED_FACE('',(#2736),#2745,.F.);
#2736 = FACE_BOUND('',#2737,.F.);
#2737 = EDGE_LOOP('',(#2738,#2744));
#2738 = ORIENTED_EDGE('',*,*,#2739,.T.);
#2739 = EDGE_CURVE('',#2457,#2484,#2740,.T.);
#2740 = LINE('',#2741,#2742);
#2741 = CARTESIAN_POINT('',(199.99652837295,-164.,23.925240954153));
#2742 = VECTOR('',#2743,1.);
#2743 = DIRECTION('',(0.,-1.,0.));
#2744 = ORIENTED_EDGE('',*,*,#2492,.T.);
#2745 = PLANE('',#2746);
#2746 = AXIS2_PLACEMENT_3D('',#2747,#2748,#2749);
#2747 = CARTESIAN_POINT('',(199.99652837295,-164.,23.925240954153));
#2748 = DIRECTION('',(0.725129317561,0.,0.688612716128));
#2749 = DIRECTION('',(-0.688612716128,0.,0.725129317561));
#2750 = ADVANCED_FACE('',(#2751),#2755,.F.);
#2751 = FACE_BOUND('',#2752,.F.);
#2752 = EDGE_LOOP('',(#2753,#2754));
#2753 = ORIENTED_EDGE('',*,*,#2568,.T.);
#2754 = ORIENTED_EDGE('',*,*,#2553,.T.);
#2755 = PLANE('',#2756);
#2756 = AXIS2_PLACEMENT_3D('',#2757,#2758,#2759);
#2757 = CARTESIAN_POINT('',(181.72973003376,-164.,22.753910341821));
#2758 = DIRECTION('',(0.907804468521,0.,-0.419393665824));
#2759 = DIRECTION('',(0.419393665824,0.,0.907804468521));
#2760 = ADVANCED_FACE('',(#2761),#2806,.T.);
#2761 = FACE_BOUND('',#2762,.T.);
#2762 = EDGE_LOOP('',(#2763,#2764,#2772,#2781,#2790,#2797,#2798,#2799));
#2763 = ORIENTED_EDGE('',*,*,#2526,.T.);
#2764 = ORIENTED_EDGE('',*,*,#2765,.T.);
#2765 = EDGE_CURVE('',#2519,#2766,#2768,.T.);
#2766 = VERTEX_POINT('',#2767);
#2767 = CARTESIAN_POINT('',(188.13506977444,-164.,23.037679866621));
#2768 = LINE('',#2769,#2770);
#2769 = CARTESIAN_POINT('',(185.2220838474,-164.,23.732198784008));
#2770 = VECTOR('',#2771,1.);
#2771 = DIRECTION('',(0.97273462537,0.,-0.231920996475));
#2772 = ORIENTED_EDGE('',*,*,#2773,.F.);
#2773 = EDGE_CURVE('',#2774,#2766,#2776,.T.);
#2774 = VERTEX_POINT('',#2775);
#2775 = CARTESIAN_POINT('',(187.81119412248,-161.6,20.647627764611));
#2776 = ELLIPSE('',#2777,2.411896450566,2.4);
#2777 = AXIS2_PLACEMENT_3D('',#2778,#2779,#2780);
#2778 = CARTESIAN_POINT('',(187.81119412248,-164.,20.647627764611));
#2779 = DIRECTION('',(0.990943081926,0.,-0.134282569173));
#2780 = DIRECTION('',(-0.134282569173,0.,-0.990943081926));
#2781 = ORIENTED_EDGE('',*,*,#2782,.F.);
#2782 = EDGE_CURVE('',#2783,#2774,#2785,.T.);
#2783 = VERTEX_POINT('',#2784);
#2784 = CARTESIAN_POINT('',(187.81119412248,-166.4,20.647627764611));
#2785 = CIRCLE('',#2786,2.4);
#2786 = AXIS2_PLACEMENT_3D('',#2787,#2788,#2789);
#2787 = CARTESIAN_POINT('',(187.81119412248,-164.,20.647627764611));
#2788 = DIRECTION('',(0.97273462537,0.,-0.231920996475));
#2789 = DIRECTION('',(0.231920996475,0.,0.97273462537));
#2790 = ORIENTED_EDGE('',*,*,#2791,.F.);
#2791 = EDGE_CURVE('',#2766,#2783,#2792,.T.);
#2792 = ELLIPSE('',#2793,2.411896450566,2.4);
#2793 = AXIS2_PLACEMENT_3D('',#2794,#2795,#2796);
#2794 = CARTESIAN_POINT('',(187.81119412248,-164.,20.647627764611));
#2795 = DIRECTION('',(0.990943081926,0.,-0.134282569173));
#2796 = DIRECTION('',(-0.134282569173,0.,-0.990943081926));
#2797 = ORIENTED_EDGE('',*,*,#2765,.F.);
#2798 = ORIENTED_EDGE('',*,*,#2544,.T.);
#2799 = ORIENTED_EDGE('',*,*,#2800,.T.);
#2800 = EDGE_CURVE('',#2536,#2527,#2801,.T.);
#2801 = CIRCLE('',#2802,2.4);
#2802 = AXIS2_PLACEMENT_3D('',#2803,#2804,#2805);
#2803 = CARTESIAN_POINT('',(184.66547345586,-164.,21.39763568312));
#2804 = DIRECTION('',(0.97273462537,0.,-0.231920996475));
#2805 = DIRECTION('',(0.231920996475,0.,0.97273462537));
#2806 = CYLINDRICAL_SURFACE('',#2807,2.4);
#2807 = AXIS2_PLACEMENT_3D('',#2808,#2809,#2810);
#2808 = CARTESIAN_POINT('',(184.66547345586,-164.,21.39763568312));
#2809 = DIRECTION('',(0.97273462537,0.,-0.231920996475));
#2810 = DIRECTION('',(0.231920996475,0.,0.97273462537));
#2811 = ADVANCED_FACE('',(#2812),#2821,.T.);
#2812 = FACE_BOUND('',#2813,.T.);
#2813 = EDGE_LOOP('',(#2814,#2820));
#2814 = ORIENTED_EDGE('',*,*,#2815,.T.);
#2815 = EDGE_CURVE('',#2527,#2536,#2816,.T.);
#2816 = LINE('',#2817,#2818);
#2817 = CARTESIAN_POINT('',(184.66547345586,-164.,21.39763568312));
#2818 = VECTOR('',#2819,1.);
#2819 = DIRECTION('',(0.,-1.,0.));
#2820 = ORIENTED_EDGE('',*,*,#2535,.T.);
#2821 = PLANE('',#2822);
#2822 = AXIS2_PLACEMENT_3D('',#2823,#2824,#2825);
#2823 = CARTESIAN_POINT('',(184.66547345586,-164.,21.39763568312));
#2824 = DIRECTION('',(0.907804468521,0.,-0.419393665824));
#2825 = DIRECTION('',(0.419393665824,0.,0.907804468521));
#2826 = ADVANCED_FACE('',(#2827),#2832,.F.);
#2827 = FACE_BOUND('',#2828,.F.);
#2828 = EDGE_LOOP('',(#2829,#2830,#2831));
#2829 = ORIENTED_EDGE('',*,*,#2637,.T.);
#2830 = ORIENTED_EDGE('',*,*,#2629,.T.);
#2831 = ORIENTED_EDGE('',*,*,#2596,.T.);
#2832 = PLANE('',#2833);
#2833 = AXIS2_PLACEMENT_3D('',#2834,#2835,#2836);
#2834 = CARTESIAN_POINT('',(203.42349921222,-164.,46.046603100566));
#2835 = DIRECTION('',(-0.646171504456,0.,0.763192234519));
#2836 = DIRECTION('',(0.763192234519,0.,0.646171504456));
#2837 = ADVANCED_FACE('',(#2838),#2848,.T.);
#2838 = FACE_BOUND('',#2839,.T.);
#2839 = EDGE_LOOP('',(#2840,#2841,#2842));
#2840 = ORIENTED_EDGE('',*,*,#2645,.T.);
#2841 = ORIENTED_EDGE('',*,*,#2610,.T.);
#2842 = ORIENTED_EDGE('',*,*,#2843,.T.);
#2843 = EDGE_CURVE('',#2613,#2646,#2844,.T.);
#2844 = LINE('',#2845,#2846);
#2845 = CARTESIAN_POINT('',(201.33384906229,-164.,48.514685887088));
#2846 = VECTOR('',#2847,1.);
#2847 = DIRECTION('',(0.,-1.,0.));
#2848 = PLANE('',#2849);
#2849 = AXIS2_PLACEMENT_3D('',#2850,#2851,#2852);
#2850 = CARTESIAN_POINT('',(201.33384906229,-164.,48.514685887088));
#2851 = DIRECTION('',(-0.646171504456,0.,0.763192234519));
#2852 = DIRECTION('',(0.763192234519,0.,0.646171504456));
#2853 = ADVANCED_FACE('',(#2854),#2899,.T.);
#2854 = FACE_BOUND('',#2855,.T.);
#2855 = EDGE_LOOP('',(#2856,#2857,#2865,#2874,#2883,#2890,#2891,#2892));
#2856 = ORIENTED_EDGE('',*,*,#2663,.T.);
#2857 = ORIENTED_EDGE('',*,*,#2858,.T.);
#2858 = EDGE_CURVE('',#2655,#2859,#2861,.T.);
#2859 = VERTEX_POINT('',#2860);
#2860 = CARTESIAN_POINT('',(197.49623320584,-164.,48.491274863053));
#2861 = LINE('',#2862,#2863);
#2862 = CARTESIAN_POINT('',(199.8443975143,-164.,46.632789480219));
#2863 = VECTOR('',#2864,1.);
#2864 = DIRECTION('',(-0.784123502862,0.,0.620604811663));
#2865 = ORIENTED_EDGE('',*,*,#2866,.F.);
#2866 = EDGE_CURVE('',#2867,#2859,#2869,.T.);
#2867 = VERTEX_POINT('',#2868);
#2868 = CARTESIAN_POINT('',(198.7980767727,-161.6,50.521656062648));
#2869 = ELLIPSE('',#2870,2.411896450566,2.4);
#2870 = AXIS2_PLACEMENT_3D('',#2871,#2872,#2873);
#2871 = CARTESIAN_POINT('',(198.7980767727,-164.,50.521656062648));
#2872 = DIRECTION('',(-0.841819390346,0.,0.539759311209));
#2873 = DIRECTION('',(0.539759311209,0.,0.841819390346));
#2874 = ORIENTED_EDGE('',*,*,#2875,.F.);
#2875 = EDGE_CURVE('',#2876,#2867,#2878,.T.);
#2876 = VERTEX_POINT('',#2877);
#2877 = CARTESIAN_POINT('',(198.7980767727,-166.4,50.521656062648));
#2878 = CIRCLE('',#2879,2.4);
#2879 = AXIS2_PLACEMENT_3D('',#2880,#2881,#2882);
#2880 = CARTESIAN_POINT('',(198.7980767727,-164.,50.521656062648));
#2881 = DIRECTION('',(-0.784123502862,0.,0.620604811663));
#2882 = DIRECTION('',(-0.620604811663,0.,-0.784123502862));
#2883 = ORIENTED_EDGE('',*,*,#2884,.F.);
#2884 = EDGE_CURVE('',#2859,#2876,#2885,.T.);
#2885 = ELLIPSE('',#2886,2.411896450566,2.4);
#2886 = AXIS2_PLACEMENT_3D('',#2887,#2888,#2889);
#2887 = CARTESIAN_POINT('',(198.7980767727,-164.,50.521656062648));
#2888 = DIRECTION('',(-0.841819390346,0.,0.539759311209));
#2889 = DIRECTION('',(0.539759311209,0.,0.841819390346));
#2890 = ORIENTED_EDGE('',*,*,#2858,.F.);
#2891 = ORIENTED_EDGE('',*,*,#2654,.T.);
#2892 = ORIENTED_EDGE('',*,*,#2893,.T.);
#2893 = EDGE_CURVE('',#2646,#2613,#2894,.T.);
#2894 = CIRCLE('',#2895,2.4);
#2895 = AXIS2_PLACEMENT_3D('',#2896,#2897,#2898);
#2896 = CARTESIAN_POINT('',(201.33384906229,-164.,48.514685887088));
#2897 = DIRECTION('',(-0.784123502862,0.,0.620604811663));
#2898 = DIRECTION('',(-0.620604811663,0.,-0.784123502862));
#2899 = CYLINDRICAL_SURFACE('',#2900,2.4);
#2900 = AXIS2_PLACEMENT_3D('',#2901,#2902,#2903);
#2901 = CARTESIAN_POINT('',(201.33384906229,-164.,48.514685887088));
#2902 = DIRECTION('',(-0.784123502862,0.,0.620604811663));
#2903 = DIRECTION('',(-0.620604811663,0.,-0.784123502862));
#2904 = ADVANCED_FACE('',(#2905),#2950,.T.);
#2905 = FACE_BOUND('',#2906,.T.);
#2906 = EDGE_LOOP('',(#2907,#2918,#2924,#2925,#2932,#2933,#2934,#2943));
#2907 = ORIENTED_EDGE('',*,*,#2908,.T.);
#2908 = EDGE_CURVE('',#2909,#2911,#2913,.T.);
#2909 = VERTEX_POINT('',#2910);
#2910 = CARTESIAN_POINT('',(194.23388942894,-161.6,21.059473315563));
#2911 = VERTEX_POINT('',#2912);
#2912 = CARTESIAN_POINT('',(193.60740458932,-164.,23.388584999013));
#2913 = ELLIPSE('',#2914,2.411896450566,2.4);
#2914 = AXIS2_PLACEMENT_3D('',#2915,#2916,#2917);
#2915 = CARTESIAN_POINT('',(194.23388942894,-164.,21.059473315563));
#2916 = DIRECTION('',(0.965676483708,-0.,0.259747817727));
#2917 = DIRECTION('',(0.259747817727,0.,-0.965676483708));
#2918 = ORIENTED_EDGE('',*,*,#2919,.T.);
#2919 = EDGE_CURVE('',#2911,#2691,#2920,.T.);
#2920 = LINE('',#2921,#2922);
#2921 = CARTESIAN_POINT('',(193.38366309327,-164.,23.303825154766));
#2922 = VECTOR('',#2923,1.);
#2923 = DIRECTION('',(0.935146599668,0.,0.354260973196));
#2924 = ORIENTED_EDGE('',*,*,#2688,.F.);
#2925 = ORIENTED_EDGE('',*,*,#2926,.F.);
#2926 = EDGE_CURVE('',#2716,#2689,#2927,.T.);
#2927 = CIRCLE('',#2928,2.4);
#2928 = AXIS2_PLACEMENT_3D('',#2929,#2930,#2931);
#2929 = CARTESIAN_POINT('',(197.25805440485,-164.,22.205115750503));
#2930 = DIRECTION('',(0.935146599668,0.,0.354260973196));
#2931 = DIRECTION('',(-0.354260973196,0.,0.935146599668));
#2932 = ORIENTED_EDGE('',*,*,#2715,.F.);
#2933 = ORIENTED_EDGE('',*,*,#2919,.F.);
#2934 = ORIENTED_EDGE('',*,*,#2935,.T.);
#2935 = EDGE_CURVE('',#2911,#2936,#2938,.T.);
#2936 = VERTEX_POINT('',#2937);
#2937 = CARTESIAN_POINT('',(194.23388942894,-166.4,21.059473315563));
#2938 = ELLIPSE('',#2939,2.411896450566,2.4);
#2939 = AXIS2_PLACEMENT_3D('',#2940,#2941,#2942);
#2940 = CARTESIAN_POINT('',(194.23388942894,-164.,21.059473315563));
#2941 = DIRECTION('',(0.965676483708,-0.,0.259747817727));
#2942 = DIRECTION('',(0.259747817727,0.,-0.965676483708));
#2943 = ORIENTED_EDGE('',*,*,#2944,.T.);
#2944 = EDGE_CURVE('',#2936,#2909,#2945,.T.);
#2945 = CIRCLE('',#2946,2.4);
#2946 = AXIS2_PLACEMENT_3D('',#2947,#2948,#2949);
#2947 = CARTESIAN_POINT('',(194.23388942894,-164.,21.059473315563));
#2948 = DIRECTION('',(0.935146599668,0.,0.354260973196));
#2949 = DIRECTION('',(-0.354260973196,0.,0.935146599668));
#2950 = CYLINDRICAL_SURFACE('',#2951,2.4);
#2951 = AXIS2_PLACEMENT_3D('',#2952,#2953,#2954);
#2952 = CARTESIAN_POINT('',(194.23388942894,-164.,21.059473315563));
#2953 = DIRECTION('',(0.935146599668,0.,0.354260973196));
#2954 = DIRECTION('',(-0.354260973196,0.,0.935146599668));
#2955 = ADVANCED_FACE('',(#2956),#2965,.F.);
#2956 = FACE_BOUND('',#2957,.F.);
#2957 = EDGE_LOOP('',(#2958,#2964));
#2958 = ORIENTED_EDGE('',*,*,#2959,.T.);
#2959 = EDGE_CURVE('',#2689,#2716,#2960,.T.);
#2960 = LINE('',#2961,#2962);
#2961 = CARTESIAN_POINT('',(197.25805440485,-164.,22.205115750503));
#2962 = VECTOR('',#2963,1.);
#2963 = DIRECTION('',(0.,-1.,0.));
#2964 = ORIENTED_EDGE('',*,*,#2724,.T.);
#2965 = PLANE('',#2966);
#2966 = AXIS2_PLACEMENT_3D('',#2967,#2968,#2969);
#2967 = CARTESIAN_POINT('',(197.25805440485,-164.,22.205115750503));
#2968 = DIRECTION('',(0.846803874774,0.,0.531905252528));
#2969 = DIRECTION('',(-0.531905252528,0.,0.846803874774));
#2970 = ADVANCED_FACE('',(#2971),#2975,.T.);
#2971 = FACE_BOUND('',#2972,.T.);
#2972 = EDGE_LOOP('',(#2973,#2974));
#2973 = ORIENTED_EDGE('',*,*,#2739,.T.);
#2974 = ORIENTED_EDGE('',*,*,#2706,.T.);
#2975 = PLANE('',#2976);
#2976 = AXIS2_PLACEMENT_3D('',#2977,#2978,#2979);
#2977 = CARTESIAN_POINT('',(199.99652837295,-164.,23.925240954153));
#2978 = DIRECTION('',(0.846803874774,0.,0.531905252528));
#2979 = DIRECTION('',(-0.531905252528,0.,0.846803874774));
#2980 = ADVANCED_FACE('',(#2981),#2985,.F.);
#2981 = FACE_BOUND('',#2982,.F.);
#2982 = EDGE_LOOP('',(#2983,#2984));
#2983 = ORIENTED_EDGE('',*,*,#2815,.T.);
#2984 = ORIENTED_EDGE('',*,*,#2800,.T.);
#2985 = PLANE('',#2986);
#2986 = AXIS2_PLACEMENT_3D('',#2987,#2988,#2989);
#2987 = CARTESIAN_POINT('',(184.66547345586,-164.,21.39763568312));
#2988 = DIRECTION('',(0.97273462537,0.,-0.231920996475));
#2989 = DIRECTION('',(0.231920996475,0.,0.97273462537));
#2990 = ADVANCED_FACE('',(#2991),#3036,.T.);
#2991 = FACE_BOUND('',#2992,.T.);
#2992 = EDGE_LOOP('',(#2993,#2994,#3002,#3011,#3020,#3027,#3028,#3029));
#2993 = ORIENTED_EDGE('',*,*,#2773,.T.);
#2994 = ORIENTED_EDGE('',*,*,#2995,.T.);
#2995 = EDGE_CURVE('',#2766,#2996,#2998,.T.);
#2996 = VERTEX_POINT('',#2997);
#2997 = CARTESIAN_POINT('',(190.88872820934,-164.,22.940361391085));
#2998 = LINE('',#2999,#3000);
#2999 = CARTESIAN_POINT('',(187.89596084997,-164.,23.046130339534));
#3000 = VECTOR('',#3001,1.);
#3001 = DIRECTION('',(0.999376072884,0.,-3.53194697886E-02));
#3002 = ORIENTED_EDGE('',*,*,#3003,.F.);
#3003 = EDGE_CURVE('',#3004,#2996,#3006,.T.);
#3004 = VERTEX_POINT('',#3005);
#3005 = CARTESIAN_POINT('',(191.04307040632,-161.6,20.53340834325));
#3006 = ELLIPSE('',#3007,2.411896450566,2.4);
#3007 = AXIS2_PLACEMENT_3D('',#3008,#3009,#3010);
#3008 = CARTESIAN_POINT('',(191.04307040632,-164.,20.53340834325));
#3009 = DIRECTION('',(0.99795040839,-0.,6.399204946753E-02));
#3010 = DIRECTION('',(6.399204946753E-02,0.,-0.99795040839));
#3011 = ORIENTED_EDGE('',*,*,#3012,.F.);
#3012 = EDGE_CURVE('',#3013,#3004,#3015,.T.);
#3013 = VERTEX_POINT('',#3014);
#3014 = CARTESIAN_POINT('',(191.04307040632,-166.4,20.53340834325));
#3015 = CIRCLE('',#3016,2.4);
#3016 = AXIS2_PLACEMENT_3D('',#3017,#3018,#3019);
#3017 = CARTESIAN_POINT('',(191.04307040632,-164.,20.53340834325));
#3018 = DIRECTION('',(0.999376072884,0.,-3.53194697886E-02));
#3019 = DIRECTION('',(3.53194697886E-02,0.,0.999376072884));
#3020 = ORIENTED_EDGE('',*,*,#3021,.F.);
#3021 = EDGE_CURVE('',#2996,#3013,#3022,.T.);
#3022 = ELLIPSE('',#3023,2.411896450566,2.4);
#3023 = AXIS2_PLACEMENT_3D('',#3024,#3025,#3026);
#3024 = CARTESIAN_POINT('',(191.04307040632,-164.,20.53340834325));
#3025 = DIRECTION('',(0.99795040839,-0.,6.399204946753E-02));
#3026 = DIRECTION('',(6.399204946753E-02,0.,-0.99795040839));
#3027 = ORIENTED_EDGE('',*,*,#2995,.F.);
#3028 = ORIENTED_EDGE('',*,*,#2791,.T.);
#3029 = ORIENTED_EDGE('',*,*,#3030,.T.);
#3030 = EDGE_CURVE('',#2783,#2774,#3031,.T.);
#3031 = CIRCLE('',#3032,2.4);
#3032 = AXIS2_PLACEMENT_3D('',#3033,#3034,#3035);
#3033 = CARTESIAN_POINT('',(187.81119412248,-164.,20.647627764611));
#3034 = DIRECTION('',(0.999376072884,0.,-3.53194697886E-02));
#3035 = DIRECTION('',(3.53194697886E-02,0.,0.999376072884));
#3036 = CYLINDRICAL_SURFACE('',#3037,2.4);
#3037 = AXIS2_PLACEMENT_3D('',#3038,#3039,#3040);
#3038 = CARTESIAN_POINT('',(187.81119412248,-164.,20.647627764611));
#3039 = DIRECTION('',(0.999376072884,0.,-3.53194697886E-02));
#3040 = DIRECTION('',(3.53194697886E-02,0.,0.999376072884));
#3041 = ADVANCED_FACE('',(#3042),#3051,.T.);
#3042 = FACE_BOUND('',#3043,.T.);
#3043 = EDGE_LOOP('',(#3044,#3050));
#3044 = ORIENTED_EDGE('',*,*,#3045,.T.);
#3045 = EDGE_CURVE('',#2774,#2783,#3046,.T.);
#3046 = LINE('',#3047,#3048);
#3047 = CARTESIAN_POINT('',(187.81119412248,-164.,20.647627764611));
#3048 = VECTOR('',#3049,1.);
#3049 = DIRECTION('',(0.,-1.,0.));
#3050 = ORIENTED_EDGE('',*,*,#2782,.T.);
#3051 = PLANE('',#3052);
#3052 = AXIS2_PLACEMENT_3D('',#3053,#3054,#3055);
#3053 = CARTESIAN_POINT('',(187.81119412248,-164.,20.647627764611));
#3054 = DIRECTION('',(0.97273462537,0.,-0.231920996475));
#3055 = DIRECTION('',(0.231920996475,0.,0.97273462537));
#3056 = ADVANCED_FACE('',(#3057),#3061,.F.);
#3057 = FACE_BOUND('',#3058,.F.);
#3058 = EDGE_LOOP('',(#3059,#3060));
#3059 = ORIENTED_EDGE('',*,*,#2843,.T.);
#3060 = ORIENTED_EDGE('',*,*,#2893,.T.);
#3061 = PLANE('',#3062);
#3062 = AXIS2_PLACEMENT_3D('',#3063,#3064,#3065);
#3063 = CARTESIAN_POINT('',(201.33384906229,-164.,48.514685887088));
#3064 = DIRECTION('',(-0.784123502862,0.,0.620604811663));
#3065 = DIRECTION('',(-0.620604811663,0.,-0.784123502862));
#3066 = ADVANCED_FACE('',(#3067),#3112,.T.);
#3067 = FACE_BOUND('',#3068,.T.);
#3068 = EDGE_LOOP('',(#3069,#3070,#3078,#3087,#3096,#3103,#3104,#3105));
#3069 = ORIENTED_EDGE('',*,*,#2866,.T.);
#3070 = ORIENTED_EDGE('',*,*,#3071,.T.);
#3071 = EDGE_CURVE('',#2859,#3072,#3074,.T.);
#3072 = VERTEX_POINT('',#3073);
#3073 = CARTESIAN_POINT('',(195.04061069412,-164.,49.741084345221));
#3074 = LINE('',#3075,#3076);
#3075 = CARTESIAN_POINT('',(197.7094627227,-164.,48.38274992863));
#3076 = VECTOR('',#3077,1.);
#3077 = DIRECTION('',(-0.891210889174,0.,0.453589187501));
#3078 = ORIENTED_EDGE('',*,*,#3079,.F.);
#3079 = EDGE_CURVE('',#3080,#3072,#3082,.T.);
#3080 = VERTEX_POINT('',#3081);
#3081 = CARTESIAN_POINT('',(195.91599522726,-161.6,51.988515413661));
#3082 = ELLIPSE('',#3083,2.411896450566,2.4);
#3083 = AXIS2_PLACEMENT_3D('',#3084,#3085,#3086);
#3084 = CARTESIAN_POINT('',(195.91599522726,-164.,51.988515413661));
#3085 = DIRECTION('',(-0.931810761574,0.,0.36294449247));
#3086 = DIRECTION('',(0.36294449247,0.,0.931810761574));
#3087 = ORIENTED_EDGE('',*,*,#3088,.F.);
#3088 = EDGE_CURVE('',#3089,#3080,#3091,.T.);
#3089 = VERTEX_POINT('',#3090);
#3090 = CARTESIAN_POINT('',(195.91599522726,-166.4,51.988515413661));
#3091 = CIRCLE('',#3092,2.4);
#3092 = AXIS2_PLACEMENT_3D('',#3093,#3094,#3095);
#3093 = CARTESIAN_POINT('',(195.91599522726,-164.,51.988515413661));
#3094 = DIRECTION('',(-0.891210889174,0.,0.453589187501));
#3095 = DIRECTION('',(-0.453589187501,0.,-0.891210889174));
#3096 = ORIENTED_EDGE('',*,*,#3097,.F.);
#3097 = EDGE_CURVE('',#3072,#3089,#3098,.T.);
#3098 = ELLIPSE('',#3099,2.411896450566,2.4);
#3099 = AXIS2_PLACEMENT_3D('',#3100,#3101,#3102);
#3100 = CARTESIAN_POINT('',(195.91599522726,-164.,51.988515413661));
#3101 = DIRECTION('',(-0.931810761574,0.,0.36294449247));
#3102 = DIRECTION('',(0.36294449247,0.,0.931810761574));
#3103 = ORIENTED_EDGE('',*,*,#3071,.F.);
#3104 = ORIENTED_EDGE('',*,*,#2884,.T.);
#3105 = ORIENTED_EDGE('',*,*,#3106,.T.);
#3106 = EDGE_CURVE('',#2876,#2867,#3107,.T.);
#3107 = CIRCLE('',#3108,2.4);
#3108 = AXIS2_PLACEMENT_3D('',#3109,#3110,#3111);
#3109 = CARTESIAN_POINT('',(198.7980767727,-164.,50.521656062648));
#3110 = DIRECTION('',(-0.891210889174,0.,0.453589187501));
#3111 = DIRECTION('',(-0.453589187501,0.,-0.891210889174));
#3112 = CYLINDRICAL_SURFACE('',#3113,2.4);
#3113 = AXIS2_PLACEMENT_3D('',#3114,#3115,#3116);
#3114 = CARTESIAN_POINT('',(198.7980767727,-164.,50.521656062648));
#3115 = DIRECTION('',(-0.891210889174,0.,0.453589187501));
#3116 = DIRECTION('',(-0.453589187501,0.,-0.891210889174));
#3117 = ADVANCED_FACE('',(#3118),#3127,.T.);
#3118 = FACE_BOUND('',#3119,.T.);
#3119 = EDGE_LOOP('',(#3120,#3126));
#3120 = ORIENTED_EDGE('',*,*,#3121,.T.);
#3121 = EDGE_CURVE('',#2867,#2876,#3122,.T.);
#3122 = LINE('',#3123,#3124);
#3123 = CARTESIAN_POINT('',(198.7980767727,-164.,50.521656062648));
#3124 = VECTOR('',#3125,1.);
#3125 = DIRECTION('',(0.,-1.,0.));
#3126 = ORIENTED_EDGE('',*,*,#2875,.T.);
#3127 = PLANE('',#3128);
#3128 = AXIS2_PLACEMENT_3D('',#3129,#3130,#3131);
#3129 = CARTESIAN_POINT('',(198.7980767727,-164.,50.521656062648));
#3130 = DIRECTION('',(-0.784123502862,0.,0.620604811663));
#3131 = DIRECTION('',(-0.620604811663,0.,-0.784123502862));
#3132 = ADVANCED_FACE('',(#3133),#3160,.T.);
#3133 = FACE_BOUND('',#3134,.T.);
#3134 = EDGE_LOOP('',(#3135,#3136,#3142,#3143,#3150,#3151,#3152,#3153));
#3135 = ORIENTED_EDGE('',*,*,#3003,.T.);
#3136 = ORIENTED_EDGE('',*,*,#3137,.T.);
#3137 = EDGE_CURVE('',#2996,#2911,#3138,.T.);
#3138 = LINE('',#3139,#3140);
#3139 = CARTESIAN_POINT('',(190.65265688802,-164.,22.901440708892));
#3140 = VECTOR('',#3141,1.);
#3141 = DIRECTION('',(0.986680152351,0.,0.16267229929));
#3142 = ORIENTED_EDGE('',*,*,#2908,.F.);
#3143 = ORIENTED_EDGE('',*,*,#3144,.F.);
#3144 = EDGE_CURVE('',#2936,#2909,#3145,.T.);
#3145 = CIRCLE('',#3146,2.4);
#3146 = AXIS2_PLACEMENT_3D('',#3147,#3148,#3149);
#3147 = CARTESIAN_POINT('',(194.23388942894,-164.,21.059473315563));
#3148 = DIRECTION('',(0.986680152351,0.,0.16267229929));
#3149 = DIRECTION('',(-0.16267229929,0.,0.986680152351));
#3150 = ORIENTED_EDGE('',*,*,#2935,.F.);
#3151 = ORIENTED_EDGE('',*,*,#3137,.F.);
#3152 = ORIENTED_EDGE('',*,*,#3021,.T.);
#3153 = ORIENTED_EDGE('',*,*,#3154,.T.);
#3154 = EDGE_CURVE('',#3013,#3004,#3155,.T.);
#3155 = CIRCLE('',#3156,2.4);
#3156 = AXIS2_PLACEMENT_3D('',#3157,#3158,#3159);
#3157 = CARTESIAN_POINT('',(191.04307040632,-164.,20.53340834325));
#3158 = DIRECTION('',(0.986680152351,0.,0.16267229929));
#3159 = DIRECTION('',(-0.16267229929,0.,0.986680152351));
#3160 = CYLINDRICAL_SURFACE('',#3161,2.4);
#3161 = AXIS2_PLACEMENT_3D('',#3162,#3163,#3164);
#3162 = CARTESIAN_POINT('',(191.04307040632,-164.,20.53340834325));
#3163 = DIRECTION('',(0.986680152351,0.,0.16267229929));
#3164 = DIRECTION('',(-0.16267229929,0.,0.986680152351));
#3165 = ADVANCED_FACE('',(#3166),#3175,.F.);
#3166 = FACE_BOUND('',#3167,.F.);
#3167 = EDGE_LOOP('',(#3168,#3174));
#3168 = ORIENTED_EDGE('',*,*,#3169,.T.);
#3169 = EDGE_CURVE('',#2909,#2936,#3170,.T.);
#3170 = LINE('',#3171,#3172);
#3171 = CARTESIAN_POINT('',(194.23388942894,-164.,21.059473315563));
#3172 = VECTOR('',#3173,1.);
#3173 = DIRECTION('',(0.,-1.,0.));
#3174 = ORIENTED_EDGE('',*,*,#2944,.T.);
#3175 = PLANE('',#3176);
#3176 = AXIS2_PLACEMENT_3D('',#3177,#3178,#3179);
#3177 = CARTESIAN_POINT('',(194.23388942894,-164.,21.059473315563));
#3178 = DIRECTION('',(0.935146599668,0.,0.354260973196));
#3179 = DIRECTION('',(-0.354260973196,0.,0.935146599668));
#3180 = ADVANCED_FACE('',(#3181),#3185,.T.);
#3181 = FACE_BOUND('',#3182,.T.);
#3182 = EDGE_LOOP('',(#3183,#3184));
#3183 = ORIENTED_EDGE('',*,*,#2959,.T.);
#3184 = ORIENTED_EDGE('',*,*,#2926,.T.);
#3185 = PLANE('',#3186);
#3186 = AXIS2_PLACEMENT_3D('',#3187,#3188,#3189);
#3187 = CARTESIAN_POINT('',(197.25805440485,-164.,22.205115750503));
#3188 = DIRECTION('',(0.935146599668,0.,0.354260973196));
#3189 = DIRECTION('',(-0.354260973196,0.,0.935146599668));
#3190 = ADVANCED_FACE('',(#3191),#3195,.F.);
#3191 = FACE_BOUND('',#3192,.F.);
#3192 = EDGE_LOOP('',(#3193,#3194));
#3193 = ORIENTED_EDGE('',*,*,#3045,.T.);
#3194 = ORIENTED_EDGE('',*,*,#3030,.T.);
#3195 = PLANE('',#3196);
#3196 = AXIS2_PLACEMENT_3D('',#3197,#3198,#3199);
#3197 = CARTESIAN_POINT('',(187.81119412248,-164.,20.647627764611));
#3198 = DIRECTION('',(0.999376072884,0.,-3.53194697886E-02));
#3199 = DIRECTION('',(3.53194697886E-02,0.,0.999376072884));
#3200 = ADVANCED_FACE('',(#3201),#3210,.T.);
#3201 = FACE_BOUND('',#3202,.T.);
#3202 = EDGE_LOOP('',(#3203,#3209));
#3203 = ORIENTED_EDGE('',*,*,#3204,.T.);
#3204 = EDGE_CURVE('',#3004,#3013,#3205,.T.);
#3205 = LINE('',#3206,#3207);
#3206 = CARTESIAN_POINT('',(191.04307040632,-164.,20.53340834325));
#3207 = VECTOR('',#3208,1.);
#3208 = DIRECTION('',(0.,-1.,0.));
#3209 = ORIENTED_EDGE('',*,*,#3012,.T.);
#3210 = PLANE('',#3211);
#3211 = AXIS2_PLACEMENT_3D('',#3212,#3213,#3214);
#3212 = CARTESIAN_POINT('',(191.04307040632,-164.,20.53340834325));
#3213 = DIRECTION('',(0.999376072884,0.,-3.53194697886E-02));
#3214 = DIRECTION('',(3.53194697886E-02,0.,0.999376072884));
#3215 = ADVANCED_FACE('',(#3216),#3220,.F.);
#3216 = FACE_BOUND('',#3217,.F.);
#3217 = EDGE_LOOP('',(#3218,#3219));
#3218 = ORIENTED_EDGE('',*,*,#3121,.T.);
#3219 = ORIENTED_EDGE('',*,*,#3106,.T.);
#3220 = PLANE('',#3221);
#3221 = AXIS2_PLACEMENT_3D('',#3222,#3223,#3224);
#3222 = CARTESIAN_POINT('',(198.7980767727,-164.,50.521656062648));
#3223 = DIRECTION('',(-0.891210889174,0.,0.453589187501));
#3224 = DIRECTION('',(-0.453589187501,0.,-0.891210889174));
#3225 = ADVANCED_FACE('',(#3226),#3271,.T.);
#3226 = FACE_BOUND('',#3227,.T.);
#3227 = EDGE_LOOP('',(#3228,#3229,#3237,#3246,#3255,#3262,#3263,#3264));
#3228 = ORIENTED_EDGE('',*,*,#3079,.T.);
#3229 = ORIENTED_EDGE('',*,*,#3230,.T.);
#3230 = EDGE_CURVE('',#3072,#3231,#3233,.T.);
#3231 = VERTEX_POINT('',#3232);
#3232 = CARTESIAN_POINT('',(192.38658003211,-164.,50.481507809817));
#3233 = LINE('',#3234,#3235);
#3234 = CARTESIAN_POINT('',(195.27106862203,-164.,49.676791019648));
#3235 = VECTOR('',#3236,1.);
#3236 = DIRECTION('',(-0.963218497505,0.,0.268719418844));
#3237 = ORIENTED_EDGE('',*,*,#3238,.F.);
#3238 = EDGE_CURVE('',#3239,#3231,#3241,.T.);
#3239 = VERTEX_POINT('',#3240);
#3240 = CARTESIAN_POINT('',(192.80104870942,-161.6,52.857525529403));
#3241 = ELLIPSE('',#3242,2.411896450566,2.4);
#3242 = AXIS2_PLACEMENT_3D('',#3243,#3244,#3245);
#3243 = CARTESIAN_POINT('',(192.80104870942,-164.,52.857525529403));
#3244 = DIRECTION('',(-0.985124265608,0.,0.171843479106));
#3245 = DIRECTION('',(0.171843479106,0.,0.985124265608));
#3246 = ORIENTED_EDGE('',*,*,#3247,.F.);
#3247 = EDGE_CURVE('',#3248,#3239,#3250,.T.);
#3248 = VERTEX_POINT('',#3249);
#3249 = CARTESIAN_POINT('',(192.80104870942,-166.4,52.857525529403));
#3250 = CIRCLE('',#3251,2.4);
#3251 = AXIS2_PLACEMENT_3D('',#3252,#3253,#3254);
#3252 = CARTESIAN_POINT('',(192.80104870942,-164.,52.857525529403));
#3253 = DIRECTION('',(-0.963218497505,0.,0.268719418844));
#3254 = DIRECTION('',(-0.268719418844,0.,-0.963218497505));
#3255 = ORIENTED_EDGE('',*,*,#3256,.F.);
#3256 = EDGE_CURVE('',#3231,#3248,#3257,.T.);
#3257 = ELLIPSE('',#3258,2.411896450566,2.4);
#3258 = AXIS2_PLACEMENT_3D('',#3259,#3260,#3261);
#3259 = CARTESIAN_POINT('',(192.80104870942,-164.,52.857525529403));
#3260 = DIRECTION('',(-0.985124265608,0.,0.171843479106));
#3261 = DIRECTION('',(0.171843479106,0.,0.985124265608));
#3262 = ORIENTED_EDGE('',*,*,#3230,.F.);
#3263 = ORIENTED_EDGE('',*,*,#3097,.T.);
#3264 = ORIENTED_EDGE('',*,*,#3265,.T.);
#3265 = EDGE_CURVE('',#3089,#3080,#3266,.T.);
#3266 = CIRCLE('',#3267,2.4);
#3267 = AXIS2_PLACEMENT_3D('',#3268,#3269,#3270);
#3268 = CARTESIAN_POINT('',(195.91599522726,-164.,51.988515413661));
#3269 = DIRECTION('',(-0.963218497505,0.,0.268719418844));
#3270 = DIRECTION('',(-0.268719418844,0.,-0.963218497505));
#3271 = CYLINDRICAL_SURFACE('',#3272,2.4);
#3272 = AXIS2_PLACEMENT_3D('',#3273,#3274,#3275);
#3273 = CARTESIAN_POINT('',(195.91599522726,-164.,51.988515413661));
#3274 = DIRECTION('',(-0.963218497505,0.,0.268719418844));
#3275 = DIRECTION('',(-0.268719418844,0.,-0.963218497505));
#3276 = ADVANCED_FACE('',(#3277),#3286,.T.);
#3277 = FACE_BOUND('',#3278,.T.);
#3278 = EDGE_LOOP('',(#3279,#3285));
#3279 = ORIENTED_EDGE('',*,*,#3280,.T.);
#3280 = EDGE_CURVE('',#3080,#3089,#3281,.T.);
#3281 = LINE('',#3282,#3283);
#3282 = CARTESIAN_POINT('',(195.91599522726,-164.,51.988515413661));
#3283 = VECTOR('',#3284,1.);
#3284 = DIRECTION('',(0.,-1.,0.));
#3285 = ORIENTED_EDGE('',*,*,#3088,.T.);
#3286 = PLANE('',#3287);
#3287 = AXIS2_PLACEMENT_3D('',#3288,#3289,#3290);
#3288 = CARTESIAN_POINT('',(195.91599522726,-164.,51.988515413661));
#3289 = DIRECTION('',(-0.891210889174,0.,0.453589187501));
#3290 = DIRECTION('',(-0.453589187501,0.,-0.891210889174));
#3291 = ADVANCED_FACE('',(#3292),#3337,.T.);
#3292 = FACE_BOUND('',#3293,.T.);
#3293 = EDGE_LOOP('',(#3294,#3295,#3303,#3312,#3321,#3328,#3329,#3330));
#3294 = ORIENTED_EDGE('',*,*,#3238,.T.);
#3295 = ORIENTED_EDGE('',*,*,#3296,.T.);
#3296 = EDGE_CURVE('',#3231,#3297,#3299,.T.);
#3297 = VERTEX_POINT('',#3298);
#3298 = CARTESIAN_POINT('',(189.63860898106,-164.,50.683400762466));
#3299 = LINE('',#3300,#3301);
#3300 = CARTESIAN_POINT('',(192.62519510294,-164.,50.463976802284));
#3301 = VECTOR('',#3302,1.);
#3302 = DIRECTION('',(-0.997311969633,0.,7.32723360325E-02));
#3303 = ORIENTED_EDGE('',*,*,#3304,.F.);
#3304 = EDGE_CURVE('',#3305,#3297,#3307,.T.);
#3305 = VERTEX_POINT('',#3306);
#3306 = CARTESIAN_POINT('',(189.5758475167,-161.6,53.094480497117));
#3307 = ELLIPSE('',#3308,2.411896450566,2.4);
#3308 = AXIS2_PLACEMENT_3D('',#3309,#3310,#3311);
#3309 = CARTESIAN_POINT('',(189.5758475167,-164.,53.094480497117));
#3310 = DIRECTION('',(-0.999661380191,0.,-2.602162474175E-02));
#3311 = DIRECTION('',(-2.602162474175E-02,0.,0.999661380191));
#3312 = ORIENTED_EDGE('',*,*,#3313,.F.);
#3313 = EDGE_CURVE('',#3314,#3305,#3316,.T.);
#3314 = VERTEX_POINT('',#3315);
#3315 = CARTESIAN_POINT('',(189.5758475167,-166.4,53.094480497117));
#3316 = CIRCLE('',#3317,2.4);
#3317 = AXIS2_PLACEMENT_3D('',#3318,#3319,#3320);
#3318 = CARTESIAN_POINT('',(189.5758475167,-164.,53.094480497117));
#3319 = DIRECTION('',(-0.997311969633,0.,7.32723360325E-02));
#3320 = DIRECTION('',(-7.32723360325E-02,0.,-0.997311969633));
#3321 = ORIENTED_EDGE('',*,*,#3322,.F.);
#3322 = EDGE_CURVE('',#3297,#3314,#3323,.T.);
#3323 = ELLIPSE('',#3324,2.411896450566,2.4);
#3324 = AXIS2_PLACEMENT_3D('',#3325,#3326,#3327);
#3325 = CARTESIAN_POINT('',(189.5758475167,-164.,53.094480497117));
#3326 = DIRECTION('',(-0.999661380191,0.,-2.602162474175E-02));
#3327 = DIRECTION('',(-2.602162474175E-02,0.,0.999661380191));
#3328 = ORIENTED_EDGE('',*,*,#3296,.F.);
#3329 = ORIENTED_EDGE('',*,*,#3256,.T.);
#3330 = ORIENTED_EDGE('',*,*,#3331,.T.);
#3331 = EDGE_CURVE('',#3248,#3239,#3332,.T.);
#3332 = CIRCLE('',#3333,2.4);
#3333 = AXIS2_PLACEMENT_3D('',#3334,#3335,#3336);
#3334 = CARTESIAN_POINT('',(192.80104870942,-164.,52.857525529403));
#3335 = DIRECTION('',(-0.997311969633,0.,7.32723360325E-02));
#3336 = DIRECTION('',(-7.32723360325E-02,0.,-0.997311969633));
#3337 = CYLINDRICAL_SURFACE('',#3338,2.4);
#3338 = AXIS2_PLACEMENT_3D('',#3339,#3340,#3341);
#3339 = CARTESIAN_POINT('',(192.80104870942,-164.,52.857525529403));
#3340 = DIRECTION('',(-0.997311969633,0.,7.32723360325E-02));
#3341 = DIRECTION('',(-7.32723360325E-02,0.,-0.997311969633));
#3342 = ADVANCED_FACE('',(#3343),#3379,.T.);
#3343 = FACE_BOUND('',#3344,.T.);
#3344 = EDGE_LOOP('',(#3345,#3354,#3363,#3372));
#3345 = ORIENTED_EDGE('',*,*,#3346,.F.);
#3346 = EDGE_CURVE('',#1259,#3347,#3349,.T.);
#3347 = VERTEX_POINT('',#3348);
#3348 = CARTESIAN_POINT('',(174.55164576705,-161.693704432,
    39.193209745429));
#3349 = ELLIPSE('',#3350,3.400140320288,2.4);
#3350 = AXIS2_PLACEMENT_3D('',#3351,#3352,#3353);
#3351 = CARTESIAN_POINT('',(173.85235558021,-164.,38.563820913121));
#3352 = DIRECTION('',(0.668980976979,0.,-0.743279525105));
#3353 = DIRECTION('',(-0.743279525105,0.,-0.668980976979));
#3354 = ORIENTED_EDGE('',*,*,#3355,.F.);
#3355 = EDGE_CURVE('',#3356,#1259,#3358,.T.);
#3356 = VERTEX_POINT('',#3357);
#3357 = CARTESIAN_POINT('',(173.15798885038,-161.7153939259,
    39.335305590493));
#3358 = ELLIPSE('',#3359,3.388116723961,2.4);
#3359 = AXIS2_PLACEMENT_3D('',#3360,#3361,#3362);
#3360 = CARTESIAN_POINT('',(173.85235558021,-164.,38.563820913121));
#3361 = DIRECTION('',(-0.743279525105,-0.,-0.668980976979));
#3362 = DIRECTION('',(0.668980976979,0.,-0.743279525105));
#3363 = ORIENTED_EDGE('',*,*,#3364,.T.);
#3364 = EDGE_CURVE('',#3356,#3365,#3367,.T.);
#3365 = VERTEX_POINT('',#3366);
#3366 = CARTESIAN_POINT('',(173.89214201621,-161.6,39.295377962176));
#3367 = CIRCLE('',#3368,2.4);
#3368 = AXIS2_PLACEMENT_3D('',#3369,#3370,#3371);
#3369 = CARTESIAN_POINT('',(173.89214201621,-164.,39.295377962176));
#3370 = DIRECTION('',(-5.430571059687E-02,0.,-0.998524356136));
#3371 = DIRECTION('',(-0.998524356136,0.,5.430571059687E-02));
#3372 = ORIENTED_EDGE('',*,*,#3373,.T.);
#3373 = EDGE_CURVE('',#3365,#3347,#3374,.T.);
#3374 = ELLIPSE('',#3375,2.411896450566,2.4);
#3375 = AXIS2_PLACEMENT_3D('',#3376,#3377,#3378);
#3376 = CARTESIAN_POINT('',(173.89214201621,-164.,39.295377962176));
#3377 = DIRECTION('',(-0.153090672526,0.,-0.988212146245));
#3378 = DIRECTION('',(-0.988212146245,0.,0.153090672526));
#3379 = CYLINDRICAL_SURFACE('',#3380,2.4);
#3380 = AXIS2_PLACEMENT_3D('',#3381,#3382,#3383);
#3381 = CARTESIAN_POINT('',(173.89214201621,-164.,39.295377962176));
#3382 = DIRECTION('',(-5.430571059687E-02,0.,-0.998524356136));
#3383 = DIRECTION('',(-0.998524356136,0.,5.430571059687E-02));
#3384 = ADVANCED_FACE('',(#3385),#3403,.F.);
#3385 = FACE_BOUND('',#3386,.F.);
#3386 = EDGE_LOOP('',(#3387,#3395,#3402));
#3387 = ORIENTED_EDGE('',*,*,#3388,.T.);
#3388 = EDGE_CURVE('',#3365,#3389,#3391,.T.);
#3389 = VERTEX_POINT('',#3390);
#3390 = CARTESIAN_POINT('',(173.89214201621,-161.7145573603,
    39.295377962176));
#3391 = LINE('',#3392,#3393);
#3392 = CARTESIAN_POINT('',(173.89214201621,-164.,39.295377962176));
#3393 = VECTOR('',#3394,1.);
#3394 = DIRECTION('',(0.,-1.,0.));
#3395 = ORIENTED_EDGE('',*,*,#3396,.F.);
#3396 = EDGE_CURVE('',#3356,#3389,#3397,.T.);
#3397 = ELLIPSE('',#3398,677.49563334236,2.4);
#3398 = AXIS2_PLACEMENT_3D('',#3399,#3400,#3401);
#3399 = CARTESIAN_POINT('',(380.40197387201,-164.,28.064141492825));
#3400 = DIRECTION('',(-5.430571059687E-02,-0.,-0.998524356136));
#3401 = DIRECTION('',(0.998524356136,0.,-5.430571059687E-02));
#3402 = ORIENTED_EDGE('',*,*,#3364,.T.);
#3403 = PLANE('',#3404);
#3404 = AXIS2_PLACEMENT_3D('',#3405,#3406,#3407);
#3405 = CARTESIAN_POINT('',(173.89214201621,-164.,39.295377962176));
#3406 = DIRECTION('',(-5.430571059687E-02,0.,-0.998524356136));
#3407 = DIRECTION('',(-0.998524356136,0.,5.430571059687E-02));
#3408 = ADVANCED_FACE('',(#3409),#3428,.T.);
#3409 = FACE_BOUND('',#3410,.T.);
#3410 = EDGE_LOOP('',(#3411,#3412,#3421));
#3411 = ORIENTED_EDGE('',*,*,#3388,.T.);
#3412 = ORIENTED_EDGE('',*,*,#3413,.F.);
#3413 = EDGE_CURVE('',#3414,#3389,#3416,.T.);
#3414 = VERTEX_POINT('',#3415);
#3415 = CARTESIAN_POINT('',(173.0045278017,-161.7820159745,
    39.524916344973));
#3416 = ELLIPSE('',#3417,11.946757839321,2.4);
#3417 = AXIS2_PLACEMENT_3D('',#3418,#3419,#3420);
#3418 = CARTESIAN_POINT('',(177.42290783316,-164.,38.382316564096));
#3419 = DIRECTION('',(-0.250365424001,-0.,-0.968151410919));
#3420 = DIRECTION('',(0.968151410919,0.,-0.250365424001));
#3421 = ORIENTED_EDGE('',*,*,#3422,.T.);
#3422 = EDGE_CURVE('',#3414,#3365,#3423,.T.);
#3423 = CIRCLE('',#3424,2.4);
#3424 = AXIS2_PLACEMENT_3D('',#3425,#3426,#3427);
#3425 = CARTESIAN_POINT('',(173.89214201621,-164.,39.295377962176));
#3426 = DIRECTION('',(-0.250365424001,0.,-0.968151410919));
#3427 = DIRECTION('',(-0.968151410919,0.,0.250365424001));
#3428 = PLANE('',#3429);
#3429 = AXIS2_PLACEMENT_3D('',#3430,#3431,#3432);
#3430 = CARTESIAN_POINT('',(173.89214201621,-164.,39.295377962176));
#3431 = DIRECTION('',(-0.250365424001,0.,-0.968151410919));
#3432 = DIRECTION('',(-0.968151410919,0.,0.250365424001));
#3433 = ADVANCED_FACE('',(#3434),#3524,.T.);
#3434 = FACE_BOUND('',#3435,.T.);
#3435 = EDGE_LOOP('',(#3436,#3437,#3446,#3454,#3463,#3472,#3479,#3480,
    #3489,#3498,#3507,#3516,#3523));
#3436 = ORIENTED_EDGE('',*,*,#3422,.F.);
#3437 = ORIENTED_EDGE('',*,*,#3438,.F.);
#3438 = EDGE_CURVE('',#3439,#3414,#3441,.T.);
#3439 = VERTEX_POINT('',#3440);
#3440 = CARTESIAN_POINT('',(171.87149392722,-164.,41.067614298108));
#3441 = ELLIPSE('',#3442,3.097236623243,2.4);
#3442 = AXIS2_PLACEMENT_3D('',#3443,#3444,#3445);
#3443 = CARTESIAN_POINT('',(173.70489867299,-164.,38.571316691941));
#3444 = DIRECTION('',(-0.805975748651,-0.,-0.591948555693));
#3445 = DIRECTION('',(0.591948555693,0.,-0.805975748651));
#3446 = ORIENTED_EDGE('',*,*,#3447,.F.);
#3447 = EDGE_CURVE('',#3448,#3439,#3450,.T.);
#3448 = VERTEX_POINT('',#3449);
#3449 = CARTESIAN_POINT('',(172.37823387198,-164.,43.027154016695));
#3450 = LINE('',#3451,#3452);
#3451 = CARTESIAN_POINT('',(172.37823387198,-164.,43.027154016695));
#3452 = VECTOR('',#3453,1.);
#3453 = DIRECTION('',(-0.250365424001,0.,-0.968151410919));
#3454 = ORIENTED_EDGE('',*,*,#3455,.T.);
#3455 = EDGE_CURVE('',#3448,#3456,#3458,.T.);
#3456 = VERTEX_POINT('',#3457);
#3457 = CARTESIAN_POINT('',(174.70179725819,-161.6,42.426276999093));
#3458 = CIRCLE('',#3459,2.4);
#3459 = AXIS2_PLACEMENT_3D('',#3460,#3461,#3462);
#3460 = CARTESIAN_POINT('',(174.70179725819,-164.,42.426276999093));
#3461 = DIRECTION('',(-0.250365424001,0.,-0.968151410919));
#3462 = DIRECTION('',(-0.968151410919,0.,0.250365424001));
#3463 = ORIENTED_EDGE('',*,*,#3464,.T.);
#3464 = EDGE_CURVE('',#3456,#3465,#3467,.T.);
#3465 = VERTEX_POINT('',#3466);
#3466 = CARTESIAN_POINT('',(174.70179725819,-166.4,42.426276999093));
#3467 = ELLIPSE('',#3468,2.411896450566,2.4);
#3468 = AXIS2_PLACEMENT_3D('',#3469,#3470,#3471);
#3469 = CARTESIAN_POINT('',(174.70179725819,-164.,42.426276999093));
#3470 = DIRECTION('',(-0.345170368043,0.,-0.93854004551));
#3471 = DIRECTION('',(-0.93854004551,0.,0.345170368043));
#3472 = ORIENTED_EDGE('',*,*,#3473,.T.);
#3473 = EDGE_CURVE('',#3465,#3448,#3474,.T.);
#3474 = CIRCLE('',#3475,2.4);
#3475 = AXIS2_PLACEMENT_3D('',#3476,#3477,#3478);
#3476 = CARTESIAN_POINT('',(174.70179725819,-164.,42.426276999093));
#3477 = DIRECTION('',(-0.250365424001,0.,-0.968151410919));
#3478 = DIRECTION('',(-0.968151410919,0.,0.250365424001));
#3479 = ORIENTED_EDGE('',*,*,#3447,.T.);
#3480 = ORIENTED_EDGE('',*,*,#3481,.F.);
#3481 = EDGE_CURVE('',#3482,#3439,#3484,.T.);
#3482 = VERTEX_POINT('',#3483);
#3483 = CARTESIAN_POINT('',(173.0045278017,-166.2179840254,
    39.524916344973));
#3484 = ELLIPSE('',#3485,3.097236623243,2.4);
#3485 = AXIS2_PLACEMENT_3D('',#3486,#3487,#3488);
#3486 = CARTESIAN_POINT('',(173.70489867299,-164.,38.571316691941));
#3487 = DIRECTION('',(-0.805975748651,-0.,-0.591948555693));
#3488 = DIRECTION('',(0.591948555693,0.,-0.805975748651));
#3489 = ORIENTED_EDGE('',*,*,#3490,.F.);
#3490 = EDGE_CURVE('',#3491,#3482,#3493,.T.);
#3491 = VERTEX_POINT('',#3492);
#3492 = CARTESIAN_POINT('',(173.89214201621,-166.4,39.295377962176));
#3493 = CIRCLE('',#3494,2.4);
#3494 = AXIS2_PLACEMENT_3D('',#3495,#3496,#3497);
#3495 = CARTESIAN_POINT('',(173.89214201621,-164.,39.295377962176));
#3496 = DIRECTION('',(-0.250365424001,0.,-0.968151410919));
#3497 = DIRECTION('',(-0.968151410919,0.,0.250365424001));
#3498 = ORIENTED_EDGE('',*,*,#3499,.F.);
#3499 = EDGE_CURVE('',#3500,#3491,#3502,.T.);
#3500 = VERTEX_POINT('',#3501);
#3501 = CARTESIAN_POINT('',(174.55164576705,-166.3062955679,
    39.193209745429));
#3502 = ELLIPSE('',#3503,2.411896450566,2.4);
#3503 = AXIS2_PLACEMENT_3D('',#3504,#3505,#3506);
#3504 = CARTESIAN_POINT('',(173.89214201621,-164.,39.295377962176));
#3505 = DIRECTION('',(-0.153090672526,0.,-0.988212146245));
#3506 = DIRECTION('',(-0.988212146245,0.,0.153090672526));
#3507 = ORIENTED_EDGE('',*,*,#3508,.F.);
#3508 = EDGE_CURVE('',#3509,#3500,#3511,.T.);
#3509 = VERTEX_POINT('',#3510);
#3510 = CARTESIAN_POINT('',(176.76506682446,-164.,40.818855926799));
#3511 = ELLIPSE('',#3512,3.796848920813,2.4);
#3512 = AXIS2_PLACEMENT_3D('',#3513,#3514,#3515);
#3513 = CARTESIAN_POINT('',(173.70489867299,-164.,38.571316691941));
#3514 = DIRECTION('',(0.591948555693,0.,-0.805975748651));
#3515 = DIRECTION('',(-0.805975748651,0.,-0.591948555693));
#3516 = ORIENTED_EDGE('',*,*,#3517,.F.);
#3517 = EDGE_CURVE('',#3347,#3509,#3518,.T.);
#3518 = ELLIPSE('',#3519,3.796848920813,2.4);
#3519 = AXIS2_PLACEMENT_3D('',#3520,#3521,#3522);
#3520 = CARTESIAN_POINT('',(173.70489867299,-164.,38.571316691941));
#3521 = DIRECTION('',(0.591948555693,0.,-0.805975748651));
#3522 = DIRECTION('',(-0.805975748651,0.,-0.591948555693));
#3523 = ORIENTED_EDGE('',*,*,#3373,.F.);
#3524 = CYLINDRICAL_SURFACE('',#3525,2.4);
#3525 = AXIS2_PLACEMENT_3D('',#3526,#3527,#3528);
#3526 = CARTESIAN_POINT('',(174.70179725819,-164.,42.426276999093));
#3527 = DIRECTION('',(-0.250365424001,0.,-0.968151410919));
#3528 = DIRECTION('',(-0.968151410919,0.,0.250365424001));
#3529 = ADVANCED_FACE('',(#3530),#3548,.T.);
#3530 = FACE_BOUND('',#3531,.T.);
#3531 = EDGE_LOOP('',(#3532,#3540,#3541));
#3532 = ORIENTED_EDGE('',*,*,#3533,.T.);
#3533 = EDGE_CURVE('',#3534,#3491,#3536,.T.);
#3534 = VERTEX_POINT('',#3535);
#3535 = CARTESIAN_POINT('',(173.89214201621,-166.2854426396,
    39.295377962176));
#3536 = LINE('',#3537,#3538);
#3537 = CARTESIAN_POINT('',(173.89214201621,-164.,39.295377962176));
#3538 = VECTOR('',#3539,1.);
#3539 = DIRECTION('',(0.,-1.,0.));
#3540 = ORIENTED_EDGE('',*,*,#3490,.T.);
#3541 = ORIENTED_EDGE('',*,*,#3542,.F.);
#3542 = EDGE_CURVE('',#3534,#3482,#3543,.T.);
#3543 = ELLIPSE('',#3544,11.946757839321,2.4);
#3544 = AXIS2_PLACEMENT_3D('',#3545,#3546,#3547);
#3545 = CARTESIAN_POINT('',(177.42290783316,-164.,38.382316564096));
#3546 = DIRECTION('',(-0.250365424001,-0.,-0.968151410919));
#3547 = DIRECTION('',(0.968151410919,0.,-0.250365424001));
#3548 = PLANE('',#3549);
#3549 = AXIS2_PLACEMENT_3D('',#3550,#3551,#3552);
#3550 = CARTESIAN_POINT('',(173.89214201621,-164.,39.295377962176));
#3551 = DIRECTION('',(-0.250365424001,0.,-0.968151410919));
#3552 = DIRECTION('',(-0.968151410919,0.,0.250365424001));
#3553 = ADVANCED_FACE('',(#3554),#3573,.F.);
#3554 = FACE_BOUND('',#3555,.F.);
#3555 = EDGE_LOOP('',(#3556,#3557,#3566));
#3556 = ORIENTED_EDGE('',*,*,#3533,.T.);
#3557 = ORIENTED_EDGE('',*,*,#3558,.T.);
#3558 = EDGE_CURVE('',#3491,#3559,#3561,.T.);
#3559 = VERTEX_POINT('',#3560);
#3560 = CARTESIAN_POINT('',(173.15798885038,-166.284606074,
    39.335305590493));
#3561 = CIRCLE('',#3562,2.4);
#3562 = AXIS2_PLACEMENT_3D('',#3563,#3564,#3565);
#3563 = CARTESIAN_POINT('',(173.89214201621,-164.,39.295377962176));
#3564 = DIRECTION('',(-5.430571059687E-02,0.,-0.998524356136));
#3565 = DIRECTION('',(-0.998524356136,0.,5.430571059687E-02));
#3566 = ORIENTED_EDGE('',*,*,#3567,.F.);
#3567 = EDGE_CURVE('',#3534,#3559,#3568,.T.);
#3568 = ELLIPSE('',#3569,677.49563334236,2.4);
#3569 = AXIS2_PLACEMENT_3D('',#3570,#3571,#3572);
#3570 = CARTESIAN_POINT('',(380.40197387201,-164.,28.064141492825));
#3571 = DIRECTION('',(-5.430571059687E-02,-0.,-0.998524356136));
#3572 = DIRECTION('',(0.998524356136,0.,-5.430571059687E-02));
#3573 = PLANE('',#3574);
#3574 = AXIS2_PLACEMENT_3D('',#3575,#3576,#3577);
#3575 = CARTESIAN_POINT('',(173.89214201621,-164.,39.295377962176));
#3576 = DIRECTION('',(-5.430571059687E-02,0.,-0.998524356136));
#3577 = DIRECTION('',(-0.998524356136,0.,5.430571059687E-02));
#3578 = ADVANCED_FACE('',(#3579),#3597,.T.);
#3579 = FACE_BOUND('',#3580,.T.);
#3580 = EDGE_LOOP('',(#3581,#3588,#3595,#3596));
#3581 = ORIENTED_EDGE('',*,*,#3582,.F.);
#3582 = EDGE_CURVE('',#1347,#3559,#3583,.T.);
#3583 = ELLIPSE('',#3584,3.388116723961,2.4);
#3584 = AXIS2_PLACEMENT_3D('',#3585,#3586,#3587);
#3585 = CARTESIAN_POINT('',(173.85235558021,-164.,38.563820913121));
#3586 = DIRECTION('',(-0.743279525105,-0.,-0.668980976979));
#3587 = DIRECTION('',(0.668980976979,0.,-0.743279525105));
#3588 = ORIENTED_EDGE('',*,*,#3589,.F.);
#3589 = EDGE_CURVE('',#3500,#1347,#3590,.T.);
#3590 = ELLIPSE('',#3591,3.400140320288,2.4);
#3591 = AXIS2_PLACEMENT_3D('',#3592,#3593,#3594);
#3592 = CARTESIAN_POINT('',(173.85235558021,-164.,38.563820913121));
#3593 = DIRECTION('',(0.668980976979,0.,-0.743279525105));
#3594 = DIRECTION('',(-0.743279525105,0.,-0.668980976979));
#3595 = ORIENTED_EDGE('',*,*,#3499,.T.);
#3596 = ORIENTED_EDGE('',*,*,#3558,.T.);
#3597 = CYLINDRICAL_SURFACE('',#3598,2.4);
#3598 = AXIS2_PLACEMENT_3D('',#3599,#3600,#3601);
#3599 = CARTESIAN_POINT('',(173.89214201621,-164.,39.295377962176));
#3600 = DIRECTION('',(-5.430571059687E-02,0.,-0.998524356136));
#3601 = DIRECTION('',(-0.998524356136,0.,5.430571059687E-02));
#3602 = ADVANCED_FACE('',(#3603),#3613,.F.);
#3603 = FACE_BOUND('',#3604,.F.);
#3604 = EDGE_LOOP('',(#3605,#3606,#3607));
#3605 = ORIENTED_EDGE('',*,*,#3473,.T.);
#3606 = ORIENTED_EDGE('',*,*,#3455,.T.);
#3607 = ORIENTED_EDGE('',*,*,#3608,.T.);
#3608 = EDGE_CURVE('',#3456,#3465,#3609,.T.);
#3609 = LINE('',#3610,#3611);
#3610 = CARTESIAN_POINT('',(174.70179725819,-164.,42.426276999093));
#3611 = VECTOR('',#3612,1.);
#3612 = DIRECTION('',(0.,-1.,0.));
#3613 = PLANE('',#3614);
#3614 = AXIS2_PLACEMENT_3D('',#3615,#3616,#3617);
#3615 = CARTESIAN_POINT('',(174.70179725819,-164.,42.426276999093));
#3616 = DIRECTION('',(-0.250365424001,0.,-0.968151410919));
#3617 = DIRECTION('',(-0.968151410919,0.,0.250365424001));
#3618 = ADVANCED_FACE('',(#3619),#3672,.T.);
#3619 = FACE_BOUND('',#3620,.T.);
#3620 = EDGE_LOOP('',(#3621,#3630,#3638,#3647,#3656,#3663,#3664,#3671));
#3621 = ORIENTED_EDGE('',*,*,#3622,.F.);
#3622 = EDGE_CURVE('',#3623,#3456,#3625,.T.);
#3623 = VERTEX_POINT('',#3624);
#3624 = CARTESIAN_POINT('',(172.54258887294,-164.,43.474045651548));
#3625 = CIRCLE('',#3626,2.4);
#3626 = AXIS2_PLACEMENT_3D('',#3627,#3628,#3629);
#3627 = CARTESIAN_POINT('',(174.70179725819,-164.,42.426276999093));
#3628 = DIRECTION('',(-0.436570271856,0.,-0.899670160521));
#3629 = DIRECTION('',(-0.899670160521,0.,0.436570271856));
#3630 = ORIENTED_EDGE('',*,*,#3631,.F.);
#3631 = EDGE_CURVE('',#3632,#3623,#3634,.T.);
#3632 = VERTEX_POINT('',#3633);
#3633 = CARTESIAN_POINT('',(173.95441085479,-164.,46.383483583827));
#3634 = LINE('',#3635,#3636);
#3635 = CARTESIAN_POINT('',(173.95441085479,-164.,46.383483583827));
#3636 = VECTOR('',#3637,1.);
#3637 = DIRECTION('',(-0.436570271856,0.,-0.899670160521));
#3638 = ORIENTED_EDGE('',*,*,#3639,.T.);
#3639 = EDGE_CURVE('',#3632,#3640,#3642,.T.);
#3640 = VERTEX_POINT('',#3641);
#3641 = CARTESIAN_POINT('',(176.11361924004,-161.6,45.335714931372));
#3642 = CIRCLE('',#3643,2.4);
#3643 = AXIS2_PLACEMENT_3D('',#3644,#3645,#3646);
#3644 = CARTESIAN_POINT('',(176.11361924004,-164.,45.335714931372));
#3645 = DIRECTION('',(-0.436570271856,0.,-0.899670160521));
#3646 = DIRECTION('',(-0.899670160521,0.,0.436570271856));
#3647 = ORIENTED_EDGE('',*,*,#3648,.T.);
#3648 = EDGE_CURVE('',#3640,#3649,#3651,.T.);
#3649 = VERTEX_POINT('',#3650);
#3650 = CARTESIAN_POINT('',(176.11361924004,-166.4,45.335714931372));
#3651 = ELLIPSE('',#3652,2.411896450566,2.4);
#3652 = AXIS2_PLACEMENT_3D('',#3653,#3654,#3655);
#3653 = CARTESIAN_POINT('',(176.11361924004,-164.,45.335714931372));
#3654 = DIRECTION('',(-0.523663492722,0.,-0.851925199997));
#3655 = DIRECTION('',(-0.851925199997,0.,0.523663492722));
#3656 = ORIENTED_EDGE('',*,*,#3657,.T.);
#3657 = EDGE_CURVE('',#3649,#3632,#3658,.T.);
#3658 = CIRCLE('',#3659,2.4);
#3659 = AXIS2_PLACEMENT_3D('',#3660,#3661,#3662);
#3660 = CARTESIAN_POINT('',(176.11361924004,-164.,45.335714931372));
#3661 = DIRECTION('',(-0.436570271856,0.,-0.899670160521));
#3662 = DIRECTION('',(-0.899670160521,0.,0.436570271856));
#3663 = ORIENTED_EDGE('',*,*,#3631,.T.);
#3664 = ORIENTED_EDGE('',*,*,#3665,.F.);
#3665 = EDGE_CURVE('',#3465,#3623,#3666,.T.);
#3666 = CIRCLE('',#3667,2.4);
#3667 = AXIS2_PLACEMENT_3D('',#3668,#3669,#3670);
#3668 = CARTESIAN_POINT('',(174.70179725819,-164.,42.426276999093));
#3669 = DIRECTION('',(-0.436570271856,0.,-0.899670160521));
#3670 = DIRECTION('',(-0.899670160521,0.,0.436570271856));
#3671 = ORIENTED_EDGE('',*,*,#3464,.F.);
#3672 = CYLINDRICAL_SURFACE('',#3673,2.4);
#3673 = AXIS2_PLACEMENT_3D('',#3674,#3675,#3676);
#3674 = CARTESIAN_POINT('',(176.11361924004,-164.,45.335714931372));
#3675 = DIRECTION('',(-0.436570271856,0.,-0.899670160521));
#3676 = DIRECTION('',(-0.899670160521,0.,0.436570271856));
#3677 = ADVANCED_FACE('',(#3678),#3683,.T.);
#3678 = FACE_BOUND('',#3679,.T.);
#3679 = EDGE_LOOP('',(#3680,#3681,#3682));
#3680 = ORIENTED_EDGE('',*,*,#3665,.T.);
#3681 = ORIENTED_EDGE('',*,*,#3622,.T.);
#3682 = ORIENTED_EDGE('',*,*,#3608,.T.);
#3683 = PLANE('',#3684);
#3684 = AXIS2_PLACEMENT_3D('',#3685,#3686,#3687);
#3685 = CARTESIAN_POINT('',(174.70179725819,-164.,42.426276999093));
#3686 = DIRECTION('',(-0.436570271856,0.,-0.899670160521));
#3687 = DIRECTION('',(-0.899670160521,0.,0.436570271856));
#3688 = ADVANCED_FACE('',(#3689),#3699,.F.);
#3689 = FACE_BOUND('',#3690,.F.);
#3690 = EDGE_LOOP('',(#3691,#3692,#3693));
#3691 = ORIENTED_EDGE('',*,*,#3657,.T.);
#3692 = ORIENTED_EDGE('',*,*,#3639,.T.);
#3693 = ORIENTED_EDGE('',*,*,#3694,.T.);
#3694 = EDGE_CURVE('',#3640,#3649,#3695,.T.);
#3695 = LINE('',#3696,#3697);
#3696 = CARTESIAN_POINT('',(176.11361924004,-164.,45.335714931372));
#3697 = VECTOR('',#3698,1.);
#3698 = DIRECTION('',(0.,-1.,0.));
#3699 = PLANE('',#3700);
#3700 = AXIS2_PLACEMENT_3D('',#3701,#3702,#3703);
#3701 = CARTESIAN_POINT('',(176.11361924004,-164.,45.335714931372));
#3702 = DIRECTION('',(-0.436570271856,0.,-0.899670160521));
#3703 = DIRECTION('',(-0.899670160521,0.,0.436570271856));
#3704 = ADVANCED_FACE('',(#3705),#3767,.T.);
#3705 = FACE_BOUND('',#3706,.T.);
#3706 = EDGE_LOOP('',(#3707,#3716,#3724,#3733,#3742,#3751,#3758,#3759,
    #3766));
#3707 = ORIENTED_EDGE('',*,*,#3708,.F.);
#3708 = EDGE_CURVE('',#3709,#3640,#3711,.T.);
#3709 = VERTEX_POINT('',#3710);
#3710 = CARTESIAN_POINT('',(174.20375645863,-164.,46.789133025447));
#3711 = CIRCLE('',#3712,2.4);
#3712 = AXIS2_PLACEMENT_3D('',#3713,#3714,#3715);
#3713 = CARTESIAN_POINT('',(176.11361924004,-164.,45.335714931372));
#3714 = DIRECTION('',(-0.605590872531,0.,-0.795776158921));
#3715 = DIRECTION('',(-0.795776158921,0.,0.605590872531));
#3716 = ORIENTED_EDGE('',*,*,#3717,.F.);
#3717 = EDGE_CURVE('',#3718,#3709,#3720,.T.);
#3718 = VERTEX_POINT('',#3719);
#3719 = CARTESIAN_POINT('',(176.16217314655,-164.,49.362588769524));
#3720 = LINE('',#3721,#3722);
#3721 = CARTESIAN_POINT('',(176.16217314655,-164.,49.362588769524));
#3722 = VECTOR('',#3723,1.);
#3723 = DIRECTION('',(-0.605590872531,0.,-0.795776158921));
#3724 = ORIENTED_EDGE('',*,*,#3725,.T.);
#3725 = EDGE_CURVE('',#3718,#3726,#3728,.T.);
#3726 = VERTEX_POINT('',#3727);
#3727 = CARTESIAN_POINT('',(178.07203592796,-161.6,47.909170675449));
#3728 = CIRCLE('',#3729,2.4);
#3729 = AXIS2_PLACEMENT_3D('',#3730,#3731,#3732);
#3730 = CARTESIAN_POINT('',(178.07203592796,-164.,47.909170675449));
#3731 = DIRECTION('',(-0.605590872531,0.,-0.795776158921));
#3732 = DIRECTION('',(-0.795776158921,0.,0.605590872531));
#3733 = ORIENTED_EDGE('',*,*,#3734,.T.);
#3734 = EDGE_CURVE('',#3726,#3735,#3737,.T.);
#3735 = VERTEX_POINT('',#3736);
#3736 = CARTESIAN_POINT('',(179.83700612476,-164.,46.265356606687));
#3737 = ELLIPSE('',#3738,2.411896450566,2.4);
#3738 = AXIS2_PLACEMENT_3D('',#3739,#3740,#3741);
#3739 = CARTESIAN_POINT('',(178.07203592796,-164.,47.909170675449));
#3740 = DIRECTION('',(-0.681544213218,0.,-0.731776936935));
#3741 = DIRECTION('',(-0.731776936935,0.,0.681544213218));
#3742 = ORIENTED_EDGE('',*,*,#3743,.T.);
#3743 = EDGE_CURVE('',#3735,#3744,#3746,.T.);
#3744 = VERTEX_POINT('',#3745);
#3745 = CARTESIAN_POINT('',(178.07203592796,-166.4,47.909170675449));
#3746 = ELLIPSE('',#3747,2.411896450566,2.4);
#3747 = AXIS2_PLACEMENT_3D('',#3748,#3749,#3750);
#3748 = CARTESIAN_POINT('',(178.07203592796,-164.,47.909170675449));
#3749 = DIRECTION('',(-0.681544213218,0.,-0.731776936935));
#3750 = DIRECTION('',(-0.731776936935,0.,0.681544213218));
#3751 = ORIENTED_EDGE('',*,*,#3752,.T.);
#3752 = EDGE_CURVE('',#3744,#3718,#3753,.T.);
#3753 = CIRCLE('',#3754,2.4);
#3754 = AXIS2_PLACEMENT_3D('',#3755,#3756,#3757);
#3755 = CARTESIAN_POINT('',(178.07203592796,-164.,47.909170675449));
#3756 = DIRECTION('',(-0.605590872531,0.,-0.795776158921));
#3757 = DIRECTION('',(-0.795776158921,0.,0.605590872531));
#3758 = ORIENTED_EDGE('',*,*,#3717,.T.);
#3759 = ORIENTED_EDGE('',*,*,#3760,.F.);
#3760 = EDGE_CURVE('',#3649,#3709,#3761,.T.);
#3761 = CIRCLE('',#3762,2.4);
#3762 = AXIS2_PLACEMENT_3D('',#3763,#3764,#3765);
#3763 = CARTESIAN_POINT('',(176.11361924004,-164.,45.335714931372));
#3764 = DIRECTION('',(-0.605590872531,0.,-0.795776158921));
#3765 = DIRECTION('',(-0.795776158921,0.,0.605590872531));
#3766 = ORIENTED_EDGE('',*,*,#3648,.F.);
#3767 = CYLINDRICAL_SURFACE('',#3768,2.4);
#3768 = AXIS2_PLACEMENT_3D('',#3769,#3770,#3771);
#3769 = CARTESIAN_POINT('',(178.07203592796,-164.,47.909170675449));
#3770 = DIRECTION('',(-0.605590872531,0.,-0.795776158921));
#3771 = DIRECTION('',(-0.795776158921,0.,0.605590872531));
#3772 = ADVANCED_FACE('',(#3773),#3778,.T.);
#3773 = FACE_BOUND('',#3774,.T.);
#3774 = EDGE_LOOP('',(#3775,#3776,#3777));
#3775 = ORIENTED_EDGE('',*,*,#3760,.T.);
#3776 = ORIENTED_EDGE('',*,*,#3708,.T.);
#3777 = ORIENTED_EDGE('',*,*,#3694,.T.);
#3778 = PLANE('',#3779);
#3779 = AXIS2_PLACEMENT_3D('',#3780,#3781,#3782);
#3780 = CARTESIAN_POINT('',(176.11361924004,-164.,45.335714931372));
#3781 = DIRECTION('',(-0.605590872531,0.,-0.795776158921));
#3782 = DIRECTION('',(-0.795776158921,0.,0.605590872531));
#3783 = ADVANCED_FACE('',(#3784),#3794,.F.);
#3784 = FACE_BOUND('',#3785,.F.);
#3785 = EDGE_LOOP('',(#3786,#3787,#3788));
#3786 = ORIENTED_EDGE('',*,*,#3752,.T.);
#3787 = ORIENTED_EDGE('',*,*,#3725,.T.);
#3788 = ORIENTED_EDGE('',*,*,#3789,.T.);
#3789 = EDGE_CURVE('',#3726,#3744,#3790,.T.);
#3790 = LINE('',#3791,#3792);
#3791 = CARTESIAN_POINT('',(178.07203592796,-164.,47.909170675449));
#3792 = VECTOR('',#3793,1.);
#3793 = DIRECTION('',(0.,-1.,0.));
#3794 = PLANE('',#3795);
#3795 = AXIS2_PLACEMENT_3D('',#3796,#3797,#3798);
#3796 = CARTESIAN_POINT('',(178.07203592796,-164.,47.909170675449));
#3797 = DIRECTION('',(-0.605590872531,0.,-0.795776158921));
#3798 = DIRECTION('',(-0.795776158921,0.,0.605590872531));
#3799 = ADVANCED_FACE('',(#3800),#3845,.T.);
#3800 = FACE_BOUND('',#3801,.T.);
#3801 = EDGE_LOOP('',(#3802,#3813,#3819,#3820,#3827,#3828,#3829,#3838));
#3802 = ORIENTED_EDGE('',*,*,#3803,.T.);
#3803 = EDGE_CURVE('',#3804,#3806,#3808,.T.);
#3804 = VERTEX_POINT('',#3805);
#3805 = CARTESIAN_POINT('',(180.49996026719,-161.6,50.045348054134));
#3806 = VERTEX_POINT('',#3807);
#3807 = CARTESIAN_POINT('',(181.90567266669,-164.,48.085445725405));
#3808 = ELLIPSE('',#3809,2.411896450566,2.4);
#3809 = AXIS2_PLACEMENT_3D('',#3810,#3811,#3812);
#3810 = CARTESIAN_POINT('',(180.49996026719,-164.,50.045348054134));
#3811 = DIRECTION('',(-0.812598040131,0.,-0.582824523485));
#3812 = DIRECTION('',(-0.582824523485,0.,0.812598040131));
#3813 = ORIENTED_EDGE('',*,*,#3814,.T.);
#3814 = EDGE_CURVE('',#3806,#3735,#3815,.T.);
#3815 = LINE('',#3816,#3817);
#3816 = CARTESIAN_POINT('',(182.08530156534,-164.,48.243489855388));
#3817 = VECTOR('',#3818,1.);
#3818 = DIRECTION('',(-0.750774249478,0.,-0.660558874228));
#3819 = ORIENTED_EDGE('',*,*,#3734,.F.);
#3820 = ORIENTED_EDGE('',*,*,#3821,.F.);
#3821 = EDGE_CURVE('',#3744,#3726,#3822,.T.);
#3822 = CIRCLE('',#3823,2.4);
#3823 = AXIS2_PLACEMENT_3D('',#3824,#3825,#3826);
#3824 = CARTESIAN_POINT('',(178.07203592796,-164.,47.909170675449));
#3825 = DIRECTION('',(-0.750774249478,-0.,-0.660558874228));
#3826 = DIRECTION('',(0.660558874228,0.,-0.750774249478));
#3827 = ORIENTED_EDGE('',*,*,#3743,.F.);
#3828 = ORIENTED_EDGE('',*,*,#3814,.F.);
#3829 = ORIENTED_EDGE('',*,*,#3830,.T.);
#3830 = EDGE_CURVE('',#3806,#3831,#3833,.T.);
#3831 = VERTEX_POINT('',#3832);
#3832 = CARTESIAN_POINT('',(180.49996026719,-166.4,50.045348054134));
#3833 = ELLIPSE('',#3834,2.411896450566,2.4);
#3834 = AXIS2_PLACEMENT_3D('',#3835,#3836,#3837);
#3835 = CARTESIAN_POINT('',(180.49996026719,-164.,50.045348054134));
#3836 = DIRECTION('',(-0.812598040131,0.,-0.582824523485));
#3837 = DIRECTION('',(-0.582824523485,0.,0.812598040131));
#3838 = ORIENTED_EDGE('',*,*,#3839,.T.);
#3839 = EDGE_CURVE('',#3831,#3804,#3840,.T.);
#3840 = CIRCLE('',#3841,2.4);
#3841 = AXIS2_PLACEMENT_3D('',#3842,#3843,#3844);
#3842 = CARTESIAN_POINT('',(180.49996026719,-164.,50.045348054134));
#3843 = DIRECTION('',(-0.750774249478,-0.,-0.660558874228));
#3844 = DIRECTION('',(0.660558874228,0.,-0.750774249478));
#3845 = CYLINDRICAL_SURFACE('',#3846,2.4);
#3846 = AXIS2_PLACEMENT_3D('',#3847,#3848,#3849);
#3847 = CARTESIAN_POINT('',(180.49996026719,-164.,50.045348054134));
#3848 = DIRECTION('',(-0.750774249478,0.,-0.660558874228));
#3849 = DIRECTION('',(0.660558874228,0.,-0.750774249478));
#3850 = ADVANCED_FACE('',(#3851),#3855,.T.);
#3851 = FACE_BOUND('',#3852,.T.);
#3852 = EDGE_LOOP('',(#3853,#3854));
#3853 = ORIENTED_EDGE('',*,*,#3789,.T.);
#3854 = ORIENTED_EDGE('',*,*,#3821,.T.);
#3855 = PLANE('',#3856);
#3856 = AXIS2_PLACEMENT_3D('',#3857,#3858,#3859);
#3857 = CARTESIAN_POINT('',(178.07203592796,-164.,47.909170675449));
#3858 = DIRECTION('',(-0.750774249478,0.,-0.660558874228));
#3859 = DIRECTION('',(0.660558874228,0.,-0.750774249478));
#3860 = ADVANCED_FACE('',(#3861),#3906,.T.);
#3861 = FACE_BOUND('',#3862,.T.);
#3862 = EDGE_LOOP('',(#3863,#3874,#3880,#3881,#3888,#3889,#3890,#3899));
#3863 = ORIENTED_EDGE('',*,*,#3864,.T.);
#3864 = EDGE_CURVE('',#3865,#3867,#3869,.T.);
#3865 = VERTEX_POINT('',#3866);
#3866 = CARTESIAN_POINT('',(183.30182447708,-161.6,51.660163009343));
#3867 = VERTEX_POINT('',#3868);
#3868 = CARTESIAN_POINT('',(184.29294753039,-164.,49.461317953081));
#3869 = ELLIPSE('',#3870,2.411896450566,2.4);
#3870 = AXIS2_PLACEMENT_3D('',#3871,#3872,#3873);
#3871 = CARTESIAN_POINT('',(183.30182447708,-164.,51.660163009343));
#3872 = DIRECTION('',(-0.911666442291,0.,-0.410931013676));
#3873 = DIRECTION('',(-0.410931013676,0.,0.911666442291));
#3874 = ORIENTED_EDGE('',*,*,#3875,.T.);
#3875 = EDGE_CURVE('',#3867,#3806,#3876,.T.);
#3876 = LINE('',#3877,#3878);
#3877 = CARTESIAN_POINT('',(184.50024220349,-164.,49.580789316848));
#3878 = VECTOR('',#3879,1.);
#3879 = DIRECTION('',(-0.866405705206,-0.,-0.499340719335));
#3880 = ORIENTED_EDGE('',*,*,#3803,.F.);
#3881 = ORIENTED_EDGE('',*,*,#3882,.F.);
#3882 = EDGE_CURVE('',#3831,#3804,#3883,.T.);
#3883 = CIRCLE('',#3884,2.4);
#3884 = AXIS2_PLACEMENT_3D('',#3885,#3886,#3887);
#3885 = CARTESIAN_POINT('',(180.49996026719,-164.,50.045348054134));
#3886 = DIRECTION('',(-0.866405705206,-0.,-0.499340719335));
#3887 = DIRECTION('',(0.499340719335,0.,-0.866405705206));
#3888 = ORIENTED_EDGE('',*,*,#3830,.F.);
#3889 = ORIENTED_EDGE('',*,*,#3875,.F.);
#3890 = ORIENTED_EDGE('',*,*,#3891,.T.);
#3891 = EDGE_CURVE('',#3867,#3892,#3894,.T.);
#3892 = VERTEX_POINT('',#3893);
#3893 = CARTESIAN_POINT('',(183.30182447708,-166.4,51.660163009343));
#3894 = ELLIPSE('',#3895,2.411896450566,2.4);
#3895 = AXIS2_PLACEMENT_3D('',#3896,#3897,#3898);
#3896 = CARTESIAN_POINT('',(183.30182447708,-164.,51.660163009343));
#3897 = DIRECTION('',(-0.911666442291,0.,-0.410931013676));
#3898 = DIRECTION('',(-0.410931013676,0.,0.911666442291));
#3899 = ORIENTED_EDGE('',*,*,#3900,.T.);
#3900 = EDGE_CURVE('',#3892,#3865,#3901,.T.);
#3901 = CIRCLE('',#3902,2.4);
#3902 = AXIS2_PLACEMENT_3D('',#3903,#3904,#3905);
#3903 = CARTESIAN_POINT('',(183.30182447708,-164.,51.660163009343));
#3904 = DIRECTION('',(-0.866405705206,-0.,-0.499340719335));
#3905 = DIRECTION('',(0.499340719335,0.,-0.866405705206));
#3906 = CYLINDRICAL_SURFACE('',#3907,2.4);
#3907 = AXIS2_PLACEMENT_3D('',#3908,#3909,#3910);
#3908 = CARTESIAN_POINT('',(183.30182447708,-164.,51.660163009343));
#3909 = DIRECTION('',(-0.866405705206,0.,-0.499340719335));
#3910 = DIRECTION('',(0.499340719335,0.,-0.866405705206));
#3911 = ADVANCED_FACE('',(#3912),#3921,.F.);
#3912 = FACE_BOUND('',#3913,.F.);
#3913 = EDGE_LOOP('',(#3914,#3920));
#3914 = ORIENTED_EDGE('',*,*,#3915,.T.);
#3915 = EDGE_CURVE('',#3804,#3831,#3916,.T.);
#3916 = LINE('',#3917,#3918);
#3917 = CARTESIAN_POINT('',(180.49996026719,-164.,50.045348054134));
#3918 = VECTOR('',#3919,1.);
#3919 = DIRECTION('',(0.,-1.,0.));
#3920 = ORIENTED_EDGE('',*,*,#3839,.T.);
#3921 = PLANE('',#3922);
#3922 = AXIS2_PLACEMENT_3D('',#3923,#3924,#3925);
#3923 = CARTESIAN_POINT('',(180.49996026719,-164.,50.045348054134));
#3924 = DIRECTION('',(-0.750774249478,0.,-0.660558874228));
#3925 = DIRECTION('',(0.660558874228,0.,-0.750774249478));
#3926 = ADVANCED_FACE('',(#3927),#3972,.T.);
#3927 = FACE_BOUND('',#3928,.T.);
#3928 = EDGE_LOOP('',(#3929,#3940,#3946,#3947,#3954,#3955,#3956,#3965));
#3929 = ORIENTED_EDGE('',*,*,#3930,.T.);
#3930 = EDGE_CURVE('',#3931,#3933,#3935,.T.);
#3931 = VERTEX_POINT('',#3932);
#3932 = CARTESIAN_POINT('',(186.36734178308,-161.6,52.690053312657));
#3933 = VERTEX_POINT('',#3934);
#3934 = CARTESIAN_POINT('',(186.90486297691,-164.,50.338816307497));
#3935 = ELLIPSE('',#3936,2.411896450566,2.4);
#3936 = AXIS2_PLACEMENT_3D('',#3937,#3938,#3939);
#3937 = CARTESIAN_POINT('',(186.36734178308,-164.,52.690053312657));
#3938 = DIRECTION('',(-0.974849896482,0.,-0.222862467295));
#3939 = DIRECTION('',(-0.222862467295,0.,0.974849896482));
#3940 = ORIENTED_EDGE('',*,*,#3941,.T.);
#3941 = EDGE_CURVE('',#3933,#3867,#3942,.T.);
#3942 = LINE('',#3943,#3944);
#3943 = CARTESIAN_POINT('',(187.13166390665,-164.,50.415012281946));
#3944 = VECTOR('',#3945,1.);
#3945 = DIRECTION('',(-0.947933762796,0.,-0.318467551489));
#3946 = ORIENTED_EDGE('',*,*,#3864,.F.);
#3947 = ORIENTED_EDGE('',*,*,#3948,.F.);
#3948 = EDGE_CURVE('',#3892,#3865,#3949,.T.);
#3949 = CIRCLE('',#3950,2.4);
#3950 = AXIS2_PLACEMENT_3D('',#3951,#3952,#3953);
#3951 = CARTESIAN_POINT('',(183.30182447708,-164.,51.660163009343));
#3952 = DIRECTION('',(-0.947933762796,-0.,-0.318467551489));
#3953 = DIRECTION('',(0.318467551489,0.,-0.947933762796));
#3954 = ORIENTED_EDGE('',*,*,#3891,.F.);
#3955 = ORIENTED_EDGE('',*,*,#3941,.F.);
#3956 = ORIENTED_EDGE('',*,*,#3957,.T.);
#3957 = EDGE_CURVE('',#3933,#3958,#3960,.T.);
#3958 = VERTEX_POINT('',#3959);
#3959 = CARTESIAN_POINT('',(186.36734178308,-166.4,52.690053312657));
#3960 = ELLIPSE('',#3961,2.411896450566,2.4);
#3961 = AXIS2_PLACEMENT_3D('',#3962,#3963,#3964);
#3962 = CARTESIAN_POINT('',(186.36734178308,-164.,52.690053312657));
#3963 = DIRECTION('',(-0.974849896482,0.,-0.222862467295));
#3964 = DIRECTION('',(-0.222862467295,0.,0.974849896482));
#3965 = ORIENTED_EDGE('',*,*,#3966,.T.);
#3966 = EDGE_CURVE('',#3958,#3931,#3967,.T.);
#3967 = CIRCLE('',#3968,2.4);
#3968 = AXIS2_PLACEMENT_3D('',#3969,#3970,#3971);
#3969 = CARTESIAN_POINT('',(186.36734178308,-164.,52.690053312657));
#3970 = DIRECTION('',(-0.947933762796,-0.,-0.318467551489));
#3971 = DIRECTION('',(0.318467551489,0.,-0.947933762796));
#3972 = CYLINDRICAL_SURFACE('',#3973,2.4);
#3973 = AXIS2_PLACEMENT_3D('',#3974,#3975,#3976);
#3974 = CARTESIAN_POINT('',(186.36734178308,-164.,52.690053312657));
#3975 = DIRECTION('',(-0.947933762796,0.,-0.318467551489));
#3976 = DIRECTION('',(0.318467551489,0.,-0.947933762796));
#3977 = ADVANCED_FACE('',(#3978),#3987,.F.);
#3978 = FACE_BOUND('',#3979,.F.);
#3979 = EDGE_LOOP('',(#3980,#3986));
#3980 = ORIENTED_EDGE('',*,*,#3981,.T.);
#3981 = EDGE_CURVE('',#3865,#3892,#3982,.T.);
#3982 = LINE('',#3983,#3984);
#3983 = CARTESIAN_POINT('',(183.30182447708,-164.,51.660163009343));
#3984 = VECTOR('',#3985,1.);
#3985 = DIRECTION('',(0.,-1.,0.));
#3986 = ORIENTED_EDGE('',*,*,#3900,.T.);
#3987 = PLANE('',#3988);
#3988 = AXIS2_PLACEMENT_3D('',#3989,#3990,#3991);
#3989 = CARTESIAN_POINT('',(183.30182447708,-164.,51.660163009343));
#3990 = DIRECTION('',(-0.866405705206,0.,-0.499340719335));
#3991 = DIRECTION('',(0.499340719335,0.,-0.866405705206));
#3992 = ADVANCED_FACE('',(#3993),#3997,.T.);
#3993 = FACE_BOUND('',#3994,.T.);
#3994 = EDGE_LOOP('',(#3995,#3996));
#3995 = ORIENTED_EDGE('',*,*,#3915,.T.);
#3996 = ORIENTED_EDGE('',*,*,#3882,.T.);
#3997 = PLANE('',#3998);
#3998 = AXIS2_PLACEMENT_3D('',#3999,#4000,#4001);
#3999 = CARTESIAN_POINT('',(180.49996026719,-164.,50.045348054134));
#4000 = DIRECTION('',(-0.866405705206,0.,-0.499340719335));
#4001 = DIRECTION('',(0.499340719335,0.,-0.866405705206));
#4002 = ADVANCED_FACE('',(#4003),#4030,.T.);
#4003 = FACE_BOUND('',#4004,.T.);
#4004 = EDGE_LOOP('',(#4005,#4006,#4012,#4013,#4020,#4021,#4022,#4023));
#4005 = ORIENTED_EDGE('',*,*,#3304,.T.);
#4006 = ORIENTED_EDGE('',*,*,#4007,.T.);
#4007 = EDGE_CURVE('',#3297,#3933,#4008,.T.);
#4008 = LINE('',#4009,#4010);
#4009 = CARTESIAN_POINT('',(189.8759888458,-164.,50.713322127211));
#4010 = VECTOR('',#4011,1.);
#4011 = DIRECTION('',(-0.992149320794,0.,-0.125058887122));
#4012 = ORIENTED_EDGE('',*,*,#3930,.F.);
#4013 = ORIENTED_EDGE('',*,*,#4014,.F.);
#4014 = EDGE_CURVE('',#3958,#3931,#4015,.T.);
#4015 = CIRCLE('',#4016,2.4);
#4016 = AXIS2_PLACEMENT_3D('',#4017,#4018,#4019);
#4017 = CARTESIAN_POINT('',(186.36734178308,-164.,52.690053312657));
#4018 = DIRECTION('',(-0.992149320794,-0.,-0.125058887122));
#4019 = DIRECTION('',(0.125058887122,0.,-0.992149320794));
#4020 = ORIENTED_EDGE('',*,*,#3957,.F.);
#4021 = ORIENTED_EDGE('',*,*,#4007,.F.);
#4022 = ORIENTED_EDGE('',*,*,#3322,.T.);
#4023 = ORIENTED_EDGE('',*,*,#4024,.T.);
#4024 = EDGE_CURVE('',#3314,#3305,#4025,.T.);
#4025 = CIRCLE('',#4026,2.4);
#4026 = AXIS2_PLACEMENT_3D('',#4027,#4028,#4029);
#4027 = CARTESIAN_POINT('',(189.5758475167,-164.,53.094480497117));
#4028 = DIRECTION('',(-0.992149320794,-0.,-0.125058887122));
#4029 = DIRECTION('',(0.125058887122,0.,-0.992149320794));
#4030 = CYLINDRICAL_SURFACE('',#4031,2.4);
#4031 = AXIS2_PLACEMENT_3D('',#4032,#4033,#4034);
#4032 = CARTESIAN_POINT('',(189.5758475167,-164.,53.094480497117));
#4033 = DIRECTION('',(-0.992149320794,0.,-0.125058887122));
#4034 = DIRECTION('',(0.125058887122,0.,-0.992149320794));
#4035 = ADVANCED_FACE('',(#4036),#4045,.F.);
#4036 = FACE_BOUND('',#4037,.F.);
#4037 = EDGE_LOOP('',(#4038,#4044));
#4038 = ORIENTED_EDGE('',*,*,#4039,.T.);
#4039 = EDGE_CURVE('',#3931,#3958,#4040,.T.);
#4040 = LINE('',#4041,#4042);
#4041 = CARTESIAN_POINT('',(186.36734178308,-164.,52.690053312657));
#4042 = VECTOR('',#4043,1.);
#4043 = DIRECTION('',(0.,-1.,0.));
#4044 = ORIENTED_EDGE('',*,*,#3966,.T.);
#4045 = PLANE('',#4046);
#4046 = AXIS2_PLACEMENT_3D('',#4047,#4048,#4049);
#4047 = CARTESIAN_POINT('',(186.36734178308,-164.,52.690053312657));
#4048 = DIRECTION('',(-0.947933762796,0.,-0.318467551489));
#4049 = DIRECTION('',(0.318467551489,0.,-0.947933762796));
#4050 = ADVANCED_FACE('',(#4051),#4055,.T.);
#4051 = FACE_BOUND('',#4052,.T.);
#4052 = EDGE_LOOP('',(#4053,#4054));
#4053 = ORIENTED_EDGE('',*,*,#3981,.T.);
#4054 = ORIENTED_EDGE('',*,*,#3948,.T.);
#4055 = PLANE('',#4056);
#4056 = AXIS2_PLACEMENT_3D('',#4057,#4058,#4059);
#4057 = CARTESIAN_POINT('',(183.30182447708,-164.,51.660163009343));
#4058 = DIRECTION('',(-0.947933762796,0.,-0.318467551489));
#4059 = DIRECTION('',(0.318467551489,0.,-0.947933762796));
#4060 = ADVANCED_FACE('',(#4061),#4070,.F.);
#4061 = FACE_BOUND('',#4062,.F.);
#4062 = EDGE_LOOP('',(#4063,#4069));
#4063 = ORIENTED_EDGE('',*,*,#4064,.T.);
#4064 = EDGE_CURVE('',#3305,#3314,#4065,.T.);
#4065 = LINE('',#4066,#4067);
#4066 = CARTESIAN_POINT('',(189.5758475167,-164.,53.094480497117));
#4067 = VECTOR('',#4068,1.);
#4068 = DIRECTION('',(0.,-1.,0.));
#4069 = ORIENTED_EDGE('',*,*,#4024,.T.);
#4070 = PLANE('',#4071);
#4071 = AXIS2_PLACEMENT_3D('',#4072,#4073,#4074);
#4072 = CARTESIAN_POINT('',(189.5758475167,-164.,53.094480497117));
#4073 = DIRECTION('',(-0.992149320794,0.,-0.125058887122));
#4074 = DIRECTION('',(0.125058887122,0.,-0.992149320794));
#4075 = ADVANCED_FACE('',(#4076),#4080,.T.);
#4076 = FACE_BOUND('',#4077,.T.);
#4077 = EDGE_LOOP('',(#4078,#4079));
#4078 = ORIENTED_EDGE('',*,*,#4039,.T.);
#4079 = ORIENTED_EDGE('',*,*,#4014,.T.);
#4080 = PLANE('',#4081);
#4081 = AXIS2_PLACEMENT_3D('',#4082,#4083,#4084);
#4082 = CARTESIAN_POINT('',(186.36734178308,-164.,52.690053312657));
#4083 = DIRECTION('',(-0.992149320794,0.,-0.125058887122));
#4084 = DIRECTION('',(0.125058887122,0.,-0.992149320794));
#4085 = ADVANCED_FACE('',(#4086),#4090,.F.);
#4086 = FACE_BOUND('',#4087,.F.);
#4087 = EDGE_LOOP('',(#4088,#4089));
#4088 = ORIENTED_EDGE('',*,*,#3204,.T.);
#4089 = ORIENTED_EDGE('',*,*,#3154,.T.);
#4090 = PLANE('',#4091);
#4091 = AXIS2_PLACEMENT_3D('',#4092,#4093,#4094);
#4092 = CARTESIAN_POINT('',(191.04307040632,-164.,20.53340834325));
#4093 = DIRECTION('',(0.986680152351,0.,0.16267229929));
#4094 = DIRECTION('',(-0.16267229929,0.,0.986680152351));
#4095 = ADVANCED_FACE('',(#4096),#4100,.T.);
#4096 = FACE_BOUND('',#4097,.T.);
#4097 = EDGE_LOOP('',(#4098,#4099));
#4098 = ORIENTED_EDGE('',*,*,#3169,.T.);
#4099 = ORIENTED_EDGE('',*,*,#3144,.T.);
#4100 = PLANE('',#4101);
#4101 = AXIS2_PLACEMENT_3D('',#4102,#4103,#4104);
#4102 = CARTESIAN_POINT('',(194.23388942894,-164.,21.059473315563));
#4103 = DIRECTION('',(0.986680152351,0.,0.16267229929));
#4104 = DIRECTION('',(-0.16267229929,0.,0.986680152351));
#4105 = ADVANCED_FACE('',(#4106),#4110,.F.);
#4106 = FACE_BOUND('',#4107,.F.);
#4107 = EDGE_LOOP('',(#4108,#4109));
#4108 = ORIENTED_EDGE('',*,*,#3280,.T.);
#4109 = ORIENTED_EDGE('',*,*,#3265,.T.);
#4110 = PLANE('',#4111);
#4111 = AXIS2_PLACEMENT_3D('',#4112,#4113,#4114);
#4112 = CARTESIAN_POINT('',(195.91599522726,-164.,51.988515413661));
#4113 = DIRECTION('',(-0.963218497505,0.,0.268719418844));
#4114 = DIRECTION('',(-0.268719418844,0.,-0.963218497505));
#4115 = ADVANCED_FACE('',(#4116),#4125,.T.);
#4116 = FACE_BOUND('',#4117,.T.);
#4117 = EDGE_LOOP('',(#4118,#4124));
#4118 = ORIENTED_EDGE('',*,*,#4119,.T.);
#4119 = EDGE_CURVE('',#3239,#3248,#4120,.T.);
#4120 = LINE('',#4121,#4122);
#4121 = CARTESIAN_POINT('',(192.80104870942,-164.,52.857525529403));
#4122 = VECTOR('',#4123,1.);
#4123 = DIRECTION('',(0.,-1.,0.));
#4124 = ORIENTED_EDGE('',*,*,#3247,.T.);
#4125 = PLANE('',#4126);
#4126 = AXIS2_PLACEMENT_3D('',#4127,#4128,#4129);
#4127 = CARTESIAN_POINT('',(192.80104870942,-164.,52.857525529403));
#4128 = DIRECTION('',(-0.963218497505,0.,0.268719418844));
#4129 = DIRECTION('',(-0.268719418844,0.,-0.963218497505));
#4130 = ADVANCED_FACE('',(#4131),#4135,.F.);
#4131 = FACE_BOUND('',#4132,.F.);
#4132 = EDGE_LOOP('',(#4133,#4134));
#4133 = ORIENTED_EDGE('',*,*,#4119,.T.);
#4134 = ORIENTED_EDGE('',*,*,#3331,.T.);
#4135 = PLANE('',#4136);
#4136 = AXIS2_PLACEMENT_3D('',#4137,#4138,#4139);
#4137 = CARTESIAN_POINT('',(192.80104870942,-164.,52.857525529403));
#4138 = DIRECTION('',(-0.997311969633,0.,7.32723360325E-02));
#4139 = DIRECTION('',(-7.32723360325E-02,0.,-0.997311969633));
#4140 = ADVANCED_FACE('',(#4141),#4145,.T.);
#4141 = FACE_BOUND('',#4142,.T.);
#4142 = EDGE_LOOP('',(#4143,#4144));
#4143 = ORIENTED_EDGE('',*,*,#4064,.T.);
#4144 = ORIENTED_EDGE('',*,*,#3313,.T.);
#4145 = PLANE('',#4146);
#4146 = AXIS2_PLACEMENT_3D('',#4147,#4148,#4149);
#4147 = CARTESIAN_POINT('',(189.5758475167,-164.,53.094480497117));
#4148 = DIRECTION('',(-0.997311969633,0.,7.32723360325E-02));
#4149 = DIRECTION('',(-7.32723360325E-02,0.,-0.997311969633));
#4150 = ADVANCED_FACE('',(#4151),#4183,.T.);
#4151 = FACE_BOUND('',#4152,.T.);
#4152 = EDGE_LOOP('',(#4153,#4154,#4155,#4156,#4157,#4158,#4159,#4160,
    #4161,#4162,#4163,#4164,#4165,#4166,#4167,#4168,#4169,#4170,#4171,
    #4172,#4173,#4174,#4175,#4176,#4177,#4178,#4179,#4180,#4181,#4182));
#4153 = ORIENTED_EDGE('',*,*,#3481,.T.);
#4154 = ORIENTED_EDGE('',*,*,#3438,.T.);
#4155 = ORIENTED_EDGE('',*,*,#3413,.T.);
#4156 = ORIENTED_EDGE('',*,*,#3396,.F.);
#4157 = ORIENTED_EDGE('',*,*,#3355,.T.);
#4158 = ORIENTED_EDGE('',*,*,#1258,.F.);
#4159 = ORIENTED_EDGE('',*,*,#844,.T.);
#4160 = ORIENTED_EDGE('',*,*,#1610,.F.);
#4161 = ORIENTED_EDGE('',*,*,#1389,.T.);
#4162 = ORIENTED_EDGE('',*,*,#1593,.T.);
#4163 = ORIENTED_EDGE('',*,*,#1576,.F.);
#4164 = ORIENTED_EDGE('',*,*,#477,.T.);
#4165 = ORIENTED_EDGE('',*,*,#452,.T.);
#4166 = ORIENTED_EDGE('',*,*,#435,.F.);
#4167 = ORIENTED_EDGE('',*,*,#376,.T.);
#4168 = ORIENTED_EDGE('',*,*,#325,.T.);
#4169 = ORIENTED_EDGE('',*,*,#336,.T.);
#4170 = ORIENTED_EDGE('',*,*,#412,.T.);
#4171 = ORIENTED_EDGE('',*,*,#1710,.F.);
#4172 = ORIENTED_EDGE('',*,*,#1693,.T.);
#4173 = ORIENTED_EDGE('',*,*,#513,.T.);
#4174 = ORIENTED_EDGE('',*,*,#1669,.F.);
#4175 = ORIENTED_EDGE('',*,*,#1652,.T.);
#4176 = ORIENTED_EDGE('',*,*,#1415,.T.);
#4177 = ORIENTED_EDGE('',*,*,#1628,.F.);
#4178 = ORIENTED_EDGE('',*,*,#738,.T.);
#4179 = ORIENTED_EDGE('',*,*,#1346,.F.);
#4180 = ORIENTED_EDGE('',*,*,#3582,.T.);
#4181 = ORIENTED_EDGE('',*,*,#3567,.F.);
#4182 = ORIENTED_EDGE('',*,*,#3542,.T.);
#4183 = CYLINDRICAL_SURFACE('',#4184,2.4);
#4184 = AXIS2_PLACEMENT_3D('',#4185,#4186,#4187);
#4185 = CARTESIAN_POINT('',(85.299770916203,-164.,43.065275616838));
#4186 = DIRECTION('',(0.998710466583,0.,-5.076813900473E-02));
#4187 = DIRECTION('',(5.076813900473E-02,0.,0.998710466583));
#4188 = ADVANCED_FACE('',(#4189),#4203,.T.);
#4189 = FACE_BOUND('',#4190,.T.);
#4190 = EDGE_LOOP('',(#4191,#4192,#4193,#4194,#4195,#4196,#4197,#4198,
    #4199,#4200,#4201,#4202));
#4191 = ORIENTED_EDGE('',*,*,#166,.F.);
#4192 = ORIENTED_EDGE('',*,*,#157,.F.);
#4193 = ORIENTED_EDGE('',*,*,#124,.F.);
#4194 = ORIENTED_EDGE('',*,*,#1471,.T.);
#4195 = ORIENTED_EDGE('',*,*,#1267,.F.);
#4196 = ORIENTED_EDGE('',*,*,#3346,.T.);
#4197 = ORIENTED_EDGE('',*,*,#3517,.T.);
#4198 = ORIENTED_EDGE('',*,*,#3508,.T.);
#4199 = ORIENTED_EDGE('',*,*,#3589,.T.);
#4200 = ORIENTED_EDGE('',*,*,#1365,.F.);
#4201 = ORIENTED_EDGE('',*,*,#1458,.T.);
#4202 = ORIENTED_EDGE('',*,*,#31,.F.);
#4203 = CYLINDRICAL_SURFACE('',#4204,2.4);
#4204 = AXIS2_PLACEMENT_3D('',#4205,#4206,#4207);
#4205 = CARTESIAN_POINT('',(85.299770916203,-164.,43.065275616838));
#4206 = DIRECTION('',(0.998710466583,0.,-5.076813900473E-02));
#4207 = DIRECTION('',(5.076813900473E-02,0.,0.998710466583));
#4208 = ( GEOMETRIC_REPRESENTATION_CONTEXT(3) 
GLOBAL_UNCERTAINTY_ASSIGNED_CONTEXT((#4212)) 
GLOBAL_UNIT_ASSIGNED_CONTEXT((#4209,#4210,#4211)) REPRESENTATION_CONTEXT
('Context #1','3D Context with UNIT and UNCERTAINTY') );
#4209 = ( LENGTH_UNIT() NAMED_UNIT(*) SI_UNIT(.MILLI.,.METRE.) );
#4210 = ( NAMED_UNIT(*) PLANE_ANGLE_UNIT() SI_UNIT($,.RADIAN.) );
#4211 = ( NAMED_UNIT(*) SI_UNIT($,.STERADIAN.) SOLID_ANGLE_UNIT() );
#4212 = UNCERTAINTY_MEASURE_WITH_UNIT(LENGTH_MEASURE(2.E-07),#4209,
  'distance_accuracy_value','confusion accuracy');
#4213 = PRODUCT_RELATED_PRODUCT_CATEGORY('part',$,(#7));
ENDSEC;
END-ISO-10303-21;
