ISO-10303-21;
HEADER;
FILE_DESCRIPTION(('FreeCAD Model'),'2;1');
FILE_NAME('Open CASCADE Shape Model','2026-09-28T13:05:42',('Author'),(
    ''),'Open CASCADE STEP processor 7.8','FreeCAD','Unknown');
FILE_SCHEMA(('AUTOMOTIVE_DESIGN { 1 0 10303 214 1 1 1 1 }'));
ENDSEC;
DATA;
#1 = APPLICATION_PROTOCOL_DEFINITION('international standard',
  'automotive_design',2000,#2);
#2 = APPLICATION_CONTEXT(
  'core data for automotive mechanical design processes');
#3 = SHAPE_DEFINITION_REPRESENTATION(#4,#10);
#4 = PRODUCT_DEFINITION_SHAPE('','',#5);
#5 = PRODUCT_DEFINITION('design','',#6,#9);
#6 = PRODUCT_DEFINITION_FORMATION('','',#7);
#7 = PRODUCT('FRAME_RAIL_R','FRAME_RAIL_R','',(#8));
#8 = PRODUCT_CONTEXT('',#2,'mechanical');
#9 = PRODUCT_DEFINITION_CONTEXT('part definition',#2,'design');
#10 = ADVANCED_BREP_SHAPE_REPRESENTATION('',(#11,#15),#7094);
#11 = AXIS2_PLACEMENT_3D('',#12,#13,#14);
#12 = CARTESIAN_POINT('',(0.,0.,0.));
#13 = DIRECTION('',(0.,0.,1.));
#14 = DIRECTION('',(1.,0.,-0.));
#15 = MANIFOLD_SOLID_BREP('',#16);
#16 = CLOSED_SHELL('',(#17,#89,#599,#1801,#1825,#3042,#3496,#3883,#3907,
    #4287,#4320,#4353,#4386,#4419,#4452,#4485,#4518,#4551,#4567,#4584,
    #4601,#4618,#4635,#4652,#4669,#4691,#4708,#4725,#4742,#4764,#4781,
    #4798,#4815,#4832,#4849,#4866,#4883,#4900,#4917,#4934,#4951,#4968,
    #4985,#5002,#5019,#5036,#5053,#5070,#5087,#5104,#5121,#5138,#5155,
    #5172,#5189,#5206,#5223,#5240,#5257,#5274,#5291,#5308,#5325,#5342,
    #5359,#5376,#5393,#5410,#5427,#5449,#5466,#5483,#5505,#5522,#5539,
    #5556,#5573,#5590,#5607,#5624,#5641,#5658,#5675,#5692,#5709,#5726,
    #5743,#5765,#5782,#5804,#5821,#5838,#5855,#5877,#5894,#5911,#5928,
    #5945,#5962,#5979,#6006,#6023,#6045,#6062,#6079,#6096,#6106,#6123,
    #6140,#6157,#6174,#6191,#6208,#6225,#6242,#6259,#6276,#6293,#6310,
    #6327,#6344,#6361,#6378,#6395,#6412,#6429,#6446,#6463,#6480,#6497,
    #6514,#6531,#6548,#6565,#6582,#6599,#6616,#6633,#6650,#6667,#6685,
    #6703,#6721,#6739,#6757,#6775,#6793,#6811,#6825,#6839,#6863,#6877,
    #6901,#6915,#6929,#6943,#6957,#6971,#6990,#7004,#7028,#7042,#7066,
    #7080));
#17 = ADVANCED_FACE('',(#18),#84,.F.);
#18 = FACE_BOUND('',#19,.F.);
#19 = EDGE_LOOP('',(#20,#30,#38,#46,#54,#62,#70,#78));
#20 = ORIENTED_EDGE('',*,*,#21,.F.);
#21 = EDGE_CURVE('',#22,#24,#26,.T.);
#22 = VERTEX_POINT('',#23);
#23 = CARTESIAN_POINT('',(-222.25,-184.02,63.75));
#24 = VERTEX_POINT('',#25);
#25 = CARTESIAN_POINT('',(-222.25,-136.02,63.75));
#26 = LINE('',#27,#28);
#27 = CARTESIAN_POINT('',(-222.25,-184.02,63.75));
#28 = VECTOR('',#29,1.);
#29 = DIRECTION('',(0.,1.,0.));
#30 = ORIENTED_EDGE('',*,*,#31,.F.);
#31 = EDGE_CURVE('',#32,#22,#34,.T.);
#32 = VERTEX_POINT('',#33);
#33 = CARTESIAN_POINT('',(-222.25,-184.02,15.75));
#34 = LINE('',#35,#36);
#35 = CARTESIAN_POINT('',(-222.25,-184.02,15.75));
#36 = VECTOR('',#37,1.);
#37 = DIRECTION('',(0.,0.,1.));
#38 = ORIENTED_EDGE('',*,*,#39,.T.);
#39 = EDGE_CURVE('',#32,#40,#42,.T.);
#40 = VERTEX_POINT('',#41);
#41 = CARTESIAN_POINT('',(-222.25,-181.52,15.75));
#42 = LINE('',#43,#44);
#43 = CARTESIAN_POINT('',(-222.25,-184.02,15.75));
#44 = VECTOR('',#45,1.);
#45 = DIRECTION('',(0.,1.,0.));
#46 = ORIENTED_EDGE('',*,*,#47,.T.);
#47 = EDGE_CURVE('',#40,#48,#50,.T.);
#48 = VERTEX_POINT('',#49);
#49 = CARTESIAN_POINT('',(-222.25,-181.52,61.25));
#50 = LINE('',#51,#52);
#51 = CARTESIAN_POINT('',(-222.25,-181.52,15.75));
#52 = VECTOR('',#53,1.);
#53 = DIRECTION('',(0.,0.,1.));
#54 = ORIENTED_EDGE('',*,*,#55,.F.);
#55 = EDGE_CURVE('',#56,#48,#58,.T.);
#56 = VERTEX_POINT('',#57);
#57 = CARTESIAN_POINT('',(-222.25,-138.52,61.25));
#58 = LINE('',#59,#60);
#59 = CARTESIAN_POINT('',(-222.25,-182.77,61.25));
#60 = VECTOR('',#61,1.);
#61 = DIRECTION('',(0.,-1.,0.));
#62 = ORIENTED_EDGE('',*,*,#63,.F.);
#63 = EDGE_CURVE('',#64,#56,#66,.T.);
#64 = VERTEX_POINT('',#65);
#65 = CARTESIAN_POINT('',(-222.25,-138.52,15.75));
#66 = LINE('',#67,#68);
#67 = CARTESIAN_POINT('',(-222.25,-138.52,15.75));
#68 = VECTOR('',#69,1.);
#69 = DIRECTION('',(0.,0.,1.));
#70 = ORIENTED_EDGE('',*,*,#71,.T.);
#71 = EDGE_CURVE('',#64,#72,#74,.T.);
#72 = VERTEX_POINT('',#73);
#73 = CARTESIAN_POINT('',(-222.25,-136.02,15.75));
#74 = LINE('',#75,#76);
#75 = CARTESIAN_POINT('',(-222.25,-184.02,15.75));
#76 = VECTOR('',#77,1.);
#77 = DIRECTION('',(0.,1.,0.));
#78 = ORIENTED_EDGE('',*,*,#79,.T.);
#79 = EDGE_CURVE('',#72,#24,#80,.T.);
#80 = LINE('',#81,#82);
#81 = CARTESIAN_POINT('',(-222.25,-136.02,15.75));
#82 = VECTOR('',#83,1.);
#83 = DIRECTION('',(0.,0.,1.));
#84 = PLANE('',#85);
#85 = AXIS2_PLACEMENT_3D('',#86,#87,#88);
#86 = CARTESIAN_POINT('',(-222.25,-184.02,15.75));
#87 = DIRECTION('',(1.,0.,0.));
#88 = DIRECTION('',(0.,0.,1.));
#89 = ADVANCED_FACE('',(#90,#371,#382,#393,#404,#415,#426,#437,#466,#477
    ,#488,#499,#528,#539,#550,#561,#572,#583),#594,.T.);
#90 = FACE_BOUND('',#91,.T.);
#91 = EDGE_LOOP('',(#92,#100,#101,#109,#117,#125,#133,#141,#149,#157,
    #165,#173,#181,#189,#197,#205,#213,#221,#229,#237,#245,#253,#261,
    #269,#277,#285,#293,#301,#309,#317,#325,#333,#341,#349,#357,#365));
#92 = ORIENTED_EDGE('',*,*,#93,.F.);
#93 = EDGE_CURVE('',#24,#94,#96,.T.);
#94 = VERTEX_POINT('',#95);
#95 = CARTESIAN_POINT('',(-155.5832291625,-136.02,63.75));
#96 = LINE('',#97,#98);
#97 = CARTESIAN_POINT('',(-222.25,-136.02,63.75));
#98 = VECTOR('',#99,1.);
#99 = DIRECTION('',(1.,0.,0.));
#100 = ORIENTED_EDGE('',*,*,#21,.F.);
#101 = ORIENTED_EDGE('',*,*,#102,.T.);
#102 = EDGE_CURVE('',#22,#103,#105,.T.);
#103 = VERTEX_POINT('',#104);
#104 = CARTESIAN_POINT('',(222.25,-184.02,63.75));
#105 = LINE('',#106,#107);
#106 = CARTESIAN_POINT('',(-222.25,-184.02,63.75));
#107 = VECTOR('',#108,1.);
#108 = DIRECTION('',(1.,0.,0.));
#109 = ORIENTED_EDGE('',*,*,#110,.T.);
#110 = EDGE_CURVE('',#103,#111,#113,.T.);
#111 = VERTEX_POINT('',#112);
#112 = CARTESIAN_POINT('',(222.25,-136.02,63.75));
#113 = LINE('',#114,#115);
#114 = CARTESIAN_POINT('',(222.25,-184.02,63.75));
#115 = VECTOR('',#116,1.);
#116 = DIRECTION('',(0.,1.,0.));
#117 = ORIENTED_EDGE('',*,*,#118,.F.);
#118 = EDGE_CURVE('',#119,#111,#121,.T.);
#119 = VERTEX_POINT('',#120);
#120 = CARTESIAN_POINT('',(155.58322916259,-136.02,63.75));
#121 = LINE('',#122,#123);
#122 = CARTESIAN_POINT('',(-222.25,-136.02,63.75));
#123 = VECTOR('',#124,1.);
#124 = DIRECTION('',(1.,0.,0.));
#125 = ORIENTED_EDGE('',*,*,#126,.T.);
#126 = EDGE_CURVE('',#119,#127,#129,.T.);
#127 = VERTEX_POINT('',#128);
#128 = CARTESIAN_POINT('',(155.58322916259,-139.52,63.75));
#129 = LINE('',#130,#131);
#130 = CARTESIAN_POINT('',(155.58322916259,-139.52,63.75));
#131 = VECTOR('',#132,1.);
#132 = DIRECTION('',(0.,-1.,2.2E-16));
#133 = ORIENTED_EDGE('',*,*,#134,.T.);
#134 = EDGE_CURVE('',#127,#135,#137,.T.);
#135 = VERTEX_POINT('',#136);
#136 = CARTESIAN_POINT('',(152.9167708374,-139.52,63.75));
#137 = LINE('',#138,#139);
#138 = CARTESIAN_POINT('',(-34.,-139.52,63.75));
#139 = VECTOR('',#140,1.);
#140 = DIRECTION('',(-1.,0.,0.));
#141 = ORIENTED_EDGE('',*,*,#142,.F.);
#142 = EDGE_CURVE('',#143,#135,#145,.T.);
#143 = VERTEX_POINT('',#144);
#144 = CARTESIAN_POINT('',(152.9167708374,-136.02,63.75));
#145 = LINE('',#146,#147);
#146 = CARTESIAN_POINT('',(152.9167708374,-139.52,63.75));
#147 = VECTOR('',#148,1.);
#148 = DIRECTION('',(0.,-1.,2.2E-16));
#149 = ORIENTED_EDGE('',*,*,#150,.F.);
#150 = EDGE_CURVE('',#151,#143,#153,.T.);
#151 = VERTEX_POINT('',#152);
#152 = CARTESIAN_POINT('',(101.08322916259,-136.02,63.75));
#153 = LINE('',#154,#155);
#154 = CARTESIAN_POINT('',(-222.25,-136.02,63.75));
#155 = VECTOR('',#156,1.);
#156 = DIRECTION('',(1.,0.,0.));
#157 = ORIENTED_EDGE('',*,*,#158,.T.);
#158 = EDGE_CURVE('',#151,#159,#161,.T.);
#159 = VERTEX_POINT('',#160);
#160 = CARTESIAN_POINT('',(101.08322916259,-139.52,63.75));
#161 = LINE('',#162,#163);
#162 = CARTESIAN_POINT('',(101.08322916259,-139.52,63.75));
#163 = VECTOR('',#164,1.);
#164 = DIRECTION('',(0.,-1.,2.2E-16));
#165 = ORIENTED_EDGE('',*,*,#166,.T.);
#166 = EDGE_CURVE('',#159,#167,#169,.T.);
#167 = VERTEX_POINT('',#168);
#168 = CARTESIAN_POINT('',(98.416770837403,-139.52,63.75));
#169 = LINE('',#170,#171);
#170 = CARTESIAN_POINT('',(-61.25,-139.52,63.75));
#171 = VECTOR('',#172,1.);
#172 = DIRECTION('',(-1.,0.,0.));
#173 = ORIENTED_EDGE('',*,*,#174,.F.);
#174 = EDGE_CURVE('',#175,#167,#177,.T.);
#175 = VERTEX_POINT('',#176);
#176 = CARTESIAN_POINT('',(98.416770837404,-136.02,63.75));
#177 = LINE('',#178,#179);
#178 = CARTESIAN_POINT('',(98.416770837403,-139.52,63.75));
#179 = VECTOR('',#180,1.);
#180 = DIRECTION('',(0.,-1.,2.2E-16));
#181 = ORIENTED_EDGE('',*,*,#182,.F.);
#182 = EDGE_CURVE('',#183,#175,#185,.T.);
#183 = VERTEX_POINT('',#184);
#184 = CARTESIAN_POINT('',(83.333229162596,-136.02,63.75));
#185 = LINE('',#186,#187);
#186 = CARTESIAN_POINT('',(-222.25,-136.02,63.75));
#187 = VECTOR('',#188,1.);
#188 = DIRECTION('',(1.,0.,0.));
#189 = ORIENTED_EDGE('',*,*,#190,.T.);
#190 = EDGE_CURVE('',#183,#191,#193,.T.);
#191 = VERTEX_POINT('',#192);
#192 = CARTESIAN_POINT('',(83.333229162597,-139.52,63.75));
#193 = LINE('',#194,#195);
#194 = CARTESIAN_POINT('',(83.333229162597,-139.52,63.75));
#195 = VECTOR('',#196,1.);
#196 = DIRECTION('',(0.,-1.,2.2E-16));
#197 = ORIENTED_EDGE('',*,*,#198,.T.);
#198 = EDGE_CURVE('',#191,#199,#201,.T.);
#199 = VERTEX_POINT('',#200);
#200 = CARTESIAN_POINT('',(80.666770837403,-139.52,63.75));
#201 = LINE('',#202,#203);
#202 = CARTESIAN_POINT('',(-70.125,-139.52,63.75));
#203 = VECTOR('',#204,1.);
#204 = DIRECTION('',(-1.,0.,0.));
#205 = ORIENTED_EDGE('',*,*,#206,.F.);
#206 = EDGE_CURVE('',#207,#199,#209,.T.);
#207 = VERTEX_POINT('',#208);
#208 = CARTESIAN_POINT('',(80.666770837404,-136.02,63.75));
#209 = LINE('',#210,#211);
#210 = CARTESIAN_POINT('',(80.666770837403,-139.52,63.75));
#211 = VECTOR('',#212,1.);
#212 = DIRECTION('',(0.,-1.,2.2E-16));
#213 = ORIENTED_EDGE('',*,*,#214,.F.);
#214 = EDGE_CURVE('',#215,#207,#217,.T.);
#215 = VERTEX_POINT('',#216);
#216 = CARTESIAN_POINT('',(21.333229162596,-136.02,63.75));
#217 = LINE('',#218,#219);
#218 = CARTESIAN_POINT('',(-222.25,-136.02,63.75));
#219 = VECTOR('',#220,1.);
#220 = DIRECTION('',(1.,0.,0.));
#221 = ORIENTED_EDGE('',*,*,#222,.T.);
#222 = EDGE_CURVE('',#215,#223,#225,.T.);
#223 = VERTEX_POINT('',#224);
#224 = CARTESIAN_POINT('',(21.333229162597,-139.52,63.75));
#225 = LINE('',#226,#227);
#226 = CARTESIAN_POINT('',(21.333229162597,-139.52,63.75));
#227 = VECTOR('',#228,1.);
#228 = DIRECTION('',(0.,-1.,2.2E-16));
#229 = ORIENTED_EDGE('',*,*,#230,.T.);
#230 = EDGE_CURVE('',#223,#231,#233,.T.);
#231 = VERTEX_POINT('',#232);
#232 = CARTESIAN_POINT('',(18.666770837403,-139.52,63.75));
#233 = LINE('',#234,#235);
#234 = CARTESIAN_POINT('',(-101.125,-139.52,63.75));
#235 = VECTOR('',#236,1.);
#236 = DIRECTION('',(-1.,0.,0.));
#237 = ORIENTED_EDGE('',*,*,#238,.F.);
#238 = EDGE_CURVE('',#239,#231,#241,.T.);
#239 = VERTEX_POINT('',#240);
#240 = CARTESIAN_POINT('',(18.666770837404,-136.02,63.75));
#241 = LINE('',#242,#243);
#242 = CARTESIAN_POINT('',(18.666770837403,-139.52,63.75));
#243 = VECTOR('',#244,1.);
#244 = DIRECTION('',(0.,-1.,2.2E-16));
#245 = ORIENTED_EDGE('',*,*,#246,.F.);
#246 = EDGE_CURVE('',#247,#239,#249,.T.);
#247 = VERTEX_POINT('',#248);
#248 = CARTESIAN_POINT('',(-18.6667708374,-136.02,63.75));
#249 = LINE('',#250,#251);
#250 = CARTESIAN_POINT('',(-222.25,-136.02,63.75));
#251 = VECTOR('',#252,1.);
#252 = DIRECTION('',(1.,0.,0.));
#253 = ORIENTED_EDGE('',*,*,#254,.T.);
#254 = EDGE_CURVE('',#247,#255,#257,.T.);
#255 = VERTEX_POINT('',#256);
#256 = CARTESIAN_POINT('',(-18.6667708374,-139.52,63.75));
#257 = LINE('',#258,#259);
#258 = CARTESIAN_POINT('',(-18.6667708374,-139.52,63.75));
#259 = VECTOR('',#260,1.);
#260 = DIRECTION('',(0.,-1.,2.2E-16));
#261 = ORIENTED_EDGE('',*,*,#262,.T.);
#262 = EDGE_CURVE('',#255,#263,#265,.T.);
#263 = VERTEX_POINT('',#264);
#264 = CARTESIAN_POINT('',(-21.33322916259,-139.52,63.75));
#265 = LINE('',#266,#267);
#266 = CARTESIAN_POINT('',(-121.125,-139.52,63.75));
#267 = VECTOR('',#268,1.);
#268 = DIRECTION('',(-1.,0.,0.));
#269 = ORIENTED_EDGE('',*,*,#270,.F.);
#270 = EDGE_CURVE('',#271,#263,#273,.T.);
#271 = VERTEX_POINT('',#272);
#272 = CARTESIAN_POINT('',(-21.33322916259,-136.02,63.75));
#273 = LINE('',#274,#275);
#274 = CARTESIAN_POINT('',(-21.33322916259,-139.52,63.75));
#275 = VECTOR('',#276,1.);
#276 = DIRECTION('',(0.,-1.,2.2E-16));
#277 = ORIENTED_EDGE('',*,*,#278,.F.);
#278 = EDGE_CURVE('',#279,#271,#281,.T.);
#279 = VERTEX_POINT('',#280);
#280 = CARTESIAN_POINT('',(-58.6667708374,-136.02,63.75));
#281 = LINE('',#282,#283);
#282 = CARTESIAN_POINT('',(-222.25,-136.02,63.75));
#283 = VECTOR('',#284,1.);
#284 = DIRECTION('',(1.,0.,0.));
#285 = ORIENTED_EDGE('',*,*,#286,.T.);
#286 = EDGE_CURVE('',#279,#287,#289,.T.);
#287 = VERTEX_POINT('',#288);
#288 = CARTESIAN_POINT('',(-58.6667708374,-139.52,63.75));
#289 = LINE('',#290,#291);
#290 = CARTESIAN_POINT('',(-58.6667708374,-139.52,63.75));
#291 = VECTOR('',#292,1.);
#292 = DIRECTION('',(0.,-1.,2.2E-16));
#293 = ORIENTED_EDGE('',*,*,#294,.T.);
#294 = EDGE_CURVE('',#287,#295,#297,.T.);
#295 = VERTEX_POINT('',#296);
#296 = CARTESIAN_POINT('',(-61.33322916259,-139.52,63.75));
#297 = LINE('',#298,#299);
#298 = CARTESIAN_POINT('',(-141.125,-139.52,63.75));
#299 = VECTOR('',#300,1.);
#300 = DIRECTION('',(-1.,0.,0.));
#301 = ORIENTED_EDGE('',*,*,#302,.F.);
#302 = EDGE_CURVE('',#303,#295,#305,.T.);
#303 = VERTEX_POINT('',#304);
#304 = CARTESIAN_POINT('',(-61.33322916259,-136.02,63.75));
#305 = LINE('',#306,#307);
#306 = CARTESIAN_POINT('',(-61.33322916259,-139.52,63.75));
#307 = VECTOR('',#308,1.);
#308 = DIRECTION('',(0.,-1.,2.2E-16));
#309 = ORIENTED_EDGE('',*,*,#310,.F.);
#310 = EDGE_CURVE('',#311,#303,#313,.T.);
#311 = VERTEX_POINT('',#312);
#312 = CARTESIAN_POINT('',(-98.4167708374,-136.02,63.75));
#313 = LINE('',#314,#315);
#314 = CARTESIAN_POINT('',(-222.25,-136.02,63.75));
#315 = VECTOR('',#316,1.);
#316 = DIRECTION('',(1.,0.,0.));
#317 = ORIENTED_EDGE('',*,*,#318,.T.);
#318 = EDGE_CURVE('',#311,#319,#321,.T.);
#319 = VERTEX_POINT('',#320);
#320 = CARTESIAN_POINT('',(-98.4167708374,-139.52,63.75));
#321 = LINE('',#322,#323);
#322 = CARTESIAN_POINT('',(-98.4167708374,-139.52,63.75));
#323 = VECTOR('',#324,1.);
#324 = DIRECTION('',(0.,-1.,2.2E-16));
#325 = ORIENTED_EDGE('',*,*,#326,.T.);
#326 = EDGE_CURVE('',#319,#327,#329,.T.);
#327 = VERTEX_POINT('',#328);
#328 = CARTESIAN_POINT('',(-101.0832291625,-139.52,63.75));
#329 = LINE('',#330,#331);
#330 = CARTESIAN_POINT('',(-161.,-139.52,63.75));
#331 = VECTOR('',#332,1.);
#332 = DIRECTION('',(-1.,0.,0.));
#333 = ORIENTED_EDGE('',*,*,#334,.F.);
#334 = EDGE_CURVE('',#335,#327,#337,.T.);
#335 = VERTEX_POINT('',#336);
#336 = CARTESIAN_POINT('',(-101.0832291625,-136.02,63.75));
#337 = LINE('',#338,#339);
#338 = CARTESIAN_POINT('',(-101.0832291625,-139.52,63.75));
#339 = VECTOR('',#340,1.);
#340 = DIRECTION('',(0.,-1.,2.2E-16));
#341 = ORIENTED_EDGE('',*,*,#342,.F.);
#342 = EDGE_CURVE('',#343,#335,#345,.T.);
#343 = VERTEX_POINT('',#344);
#344 = CARTESIAN_POINT('',(-152.9167708374,-136.02,63.75));
#345 = LINE('',#346,#347);
#346 = CARTESIAN_POINT('',(-222.25,-136.02,63.75));
#347 = VECTOR('',#348,1.);
#348 = DIRECTION('',(1.,0.,0.));
#349 = ORIENTED_EDGE('',*,*,#350,.T.);
#350 = EDGE_CURVE('',#343,#351,#353,.T.);
#351 = VERTEX_POINT('',#352);
#352 = CARTESIAN_POINT('',(-152.9167708374,-139.52,63.75));
#353 = LINE('',#354,#355);
#354 = CARTESIAN_POINT('',(-152.9167708374,-139.52,63.75));
#355 = VECTOR('',#356,1.);
#356 = DIRECTION('',(0.,-1.,2.2E-16));
#357 = ORIENTED_EDGE('',*,*,#358,.T.);
#358 = EDGE_CURVE('',#351,#359,#361,.T.);
#359 = VERTEX_POINT('',#360);
#360 = CARTESIAN_POINT('',(-155.5832291625,-139.52,63.75));
#361 = LINE('',#362,#363);
#362 = CARTESIAN_POINT('',(-188.25,-139.52,63.75));
#363 = VECTOR('',#364,1.);
#364 = DIRECTION('',(-1.,0.,0.));
#365 = ORIENTED_EDGE('',*,*,#366,.F.);
#366 = EDGE_CURVE('',#94,#359,#367,.T.);
#367 = LINE('',#368,#369);
#368 = CARTESIAN_POINT('',(-155.5832291625,-139.52,63.75));
#369 = VECTOR('',#370,1.);
#370 = DIRECTION('',(0.,-1.,2.2E-16));
#371 = FACE_BOUND('',#372,.T.);
#372 = EDGE_LOOP('',(#373));
#373 = ORIENTED_EDGE('',*,*,#374,.T.);
#374 = EDGE_CURVE('',#375,#375,#377,.T.);
#375 = VERTEX_POINT('',#376);
#376 = CARTESIAN_POINT('',(190.32,-176.02,63.75));
#377 = CIRCLE('',#378,2.2);
#378 = AXIS2_PLACEMENT_3D('',#379,#380,#381);
#379 = CARTESIAN_POINT('',(188.12,-176.02,63.75));
#380 = DIRECTION('',(0.,0.,-1.));
#381 = DIRECTION('',(1.,0.,0.));
#382 = FACE_BOUND('',#383,.T.);
#383 = EDGE_LOOP('',(#384));
#384 = ORIENTED_EDGE('',*,*,#385,.T.);
#385 = EDGE_CURVE('',#386,#386,#388,.T.);
#386 = VERTEX_POINT('',#387);
#387 = CARTESIAN_POINT('',(210.32,-176.02,63.75));
#388 = CIRCLE('',#389,2.2);
#389 = AXIS2_PLACEMENT_3D('',#390,#391,#392);
#390 = CARTESIAN_POINT('',(208.12,-176.02,63.75));
#391 = DIRECTION('',(0.,0.,-1.));
#392 = DIRECTION('',(1.,0.,0.));
#393 = FACE_BOUND('',#394,.T.);
#394 = EDGE_LOOP('',(#395));
#395 = ORIENTED_EDGE('',*,*,#396,.T.);
#396 = EDGE_CURVE('',#397,#397,#399,.T.);
#397 = VERTEX_POINT('',#398);
#398 = CARTESIAN_POINT('',(-204.05,-160.02,63.75));
#399 = CIRCLE('',#400,2.2);
#400 = AXIS2_PLACEMENT_3D('',#401,#402,#403);
#401 = CARTESIAN_POINT('',(-206.25,-160.02,63.75));
#402 = DIRECTION('',(0.,0.,-1.));
#403 = DIRECTION('',(1.,0.,0.));
#404 = FACE_BOUND('',#405,.T.);
#405 = EDGE_LOOP('',(#406));
#406 = ORIENTED_EDGE('',*,*,#407,.T.);
#407 = EDGE_CURVE('',#408,#408,#410,.T.);
#408 = VERTEX_POINT('',#409);
#409 = CARTESIAN_POINT('',(-156.05,-160.02,63.75));
#410 = CIRCLE('',#411,2.2);
#411 = AXIS2_PLACEMENT_3D('',#412,#413,#414);
#412 = CARTESIAN_POINT('',(-158.25,-160.02,63.75));
#413 = DIRECTION('',(0.,0.,-1.));
#414 = DIRECTION('',(1.,0.,0.));
#415 = FACE_BOUND('',#416,.T.);
#416 = EDGE_LOOP('',(#417));
#417 = ORIENTED_EDGE('',*,*,#418,.T.);
#418 = EDGE_CURVE('',#419,#419,#421,.T.);
#419 = VERTEX_POINT('',#420);
#420 = CARTESIAN_POINT('',(-147.8,-160.02,63.75));
#421 = CIRCLE('',#422,2.2);
#422 = AXIS2_PLACEMENT_3D('',#423,#424,#425);
#423 = CARTESIAN_POINT('',(-150.,-160.02,63.75));
#424 = DIRECTION('',(0.,0.,-1.));
#425 = DIRECTION('',(1.,0.,0.));
#426 = FACE_BOUND('',#427,.T.);
#427 = EDGE_LOOP('',(#428));
#428 = ORIENTED_EDGE('',*,*,#429,.T.);
#429 = EDGE_CURVE('',#430,#430,#432,.T.);
#430 = VERTEX_POINT('',#431);
#431 = CARTESIAN_POINT('',(-108.05,-160.02,63.75));
#432 = CIRCLE('',#433,2.2);
#433 = AXIS2_PLACEMENT_3D('',#434,#435,#436);
#434 = CARTESIAN_POINT('',(-110.25,-160.02,63.75));
#435 = DIRECTION('',(0.,0.,-1.));
#436 = DIRECTION('',(1.,0.,0.));
#437 = FACE_BOUND('',#438,.T.);
#438 = EDGE_LOOP('',(#439,#450,#459));
#439 = ORIENTED_EDGE('',*,*,#440,.T.);
#440 = EDGE_CURVE('',#441,#443,#445,.T.);
#441 = VERTEX_POINT('',#442);
#442 = CARTESIAN_POINT('',(-61.125,-158.1293982439,63.75));
#443 = VERTEX_POINT('',#444);
#444 = CARTESIAN_POINT('',(-57.8,-160.02,63.75));
#445 = CIRCLE('',#446,2.2);
#446 = AXIS2_PLACEMENT_3D('',#447,#448,#449);
#447 = CARTESIAN_POINT('',(-60.,-160.02,63.75));
#448 = DIRECTION('',(0.,0.,-1.));
#449 = DIRECTION('',(1.,0.,0.));
#450 = ORIENTED_EDGE('',*,*,#451,.T.);
#451 = EDGE_CURVE('',#443,#452,#454,.T.);
#452 = VERTEX_POINT('',#453);
#453 = CARTESIAN_POINT('',(-61.125,-161.910601756,63.75));
#454 = CIRCLE('',#455,2.2);
#455 = AXIS2_PLACEMENT_3D('',#456,#457,#458);
#456 = CARTESIAN_POINT('',(-60.,-160.02,63.75));
#457 = DIRECTION('',(0.,0.,-1.));
#458 = DIRECTION('',(1.,0.,0.));
#459 = ORIENTED_EDGE('',*,*,#460,.T.);
#460 = EDGE_CURVE('',#452,#441,#461,.T.);
#461 = CIRCLE('',#462,2.2);
#462 = AXIS2_PLACEMENT_3D('',#463,#464,#465);
#463 = CARTESIAN_POINT('',(-62.25,-160.02,63.75));
#464 = DIRECTION('',(0.,0.,-1.));
#465 = DIRECTION('',(1.,0.,0.));
#466 = FACE_BOUND('',#467,.T.);
#467 = EDGE_LOOP('',(#468));
#468 = ORIENTED_EDGE('',*,*,#469,.T.);
#469 = EDGE_CURVE('',#470,#470,#472,.T.);
#470 = VERTEX_POINT('',#471);
#471 = CARTESIAN_POINT('',(-12.05,-160.02,63.75));
#472 = CIRCLE('',#473,2.2);
#473 = AXIS2_PLACEMENT_3D('',#474,#475,#476);
#474 = CARTESIAN_POINT('',(-14.25,-160.02,63.75));
#475 = DIRECTION('',(0.,0.,-1.));
#476 = DIRECTION('',(1.,0.,0.));
#477 = FACE_BOUND('',#478,.T.);
#478 = EDGE_LOOP('',(#479));
#479 = ORIENTED_EDGE('',*,*,#480,.T.);
#480 = EDGE_CURVE('',#481,#481,#483,.T.);
#481 = VERTEX_POINT('',#482);
#482 = CARTESIAN_POINT('',(-200.92,-152.02,63.75));
#483 = CIRCLE('',#484,2.2);
#484 = AXIS2_PLACEMENT_3D('',#485,#486,#487);
#485 = CARTESIAN_POINT('',(-203.12,-152.02,63.75));
#486 = DIRECTION('',(0.,0.,-1.));
#487 = DIRECTION('',(1.,0.,0.));
#488 = FACE_BOUND('',#489,.T.);
#489 = EDGE_LOOP('',(#490));
#490 = ORIENTED_EDGE('',*,*,#491,.T.);
#491 = EDGE_CURVE('',#492,#492,#494,.T.);
#492 = VERTEX_POINT('',#493);
#493 = CARTESIAN_POINT('',(-181.92,-152.02,63.75));
#494 = CIRCLE('',#495,2.2);
#495 = AXIS2_PLACEMENT_3D('',#496,#497,#498);
#496 = CARTESIAN_POINT('',(-184.12,-152.02,63.75));
#497 = DIRECTION('',(0.,0.,-1.));
#498 = DIRECTION('',(1.,0.,0.));
#499 = FACE_BOUND('',#500,.T.);
#500 = EDGE_LOOP('',(#501,#512,#521));
#501 = ORIENTED_EDGE('',*,*,#502,.T.);
#502 = EDGE_CURVE('',#503,#505,#507,.T.);
#503 = VERTEX_POINT('',#504);
#504 = CARTESIAN_POINT('',(31.875,-161.1708149286,63.75));
#505 = VERTEX_POINT('',#506);
#506 = CARTESIAN_POINT('',(31.875,-158.8691850713,63.75));
#507 = CIRCLE('',#508,2.2);
#508 = AXIS2_PLACEMENT_3D('',#509,#510,#511);
#509 = CARTESIAN_POINT('',(30.,-160.02,63.75));
#510 = DIRECTION('',(0.,0.,-1.));
#511 = DIRECTION('',(1.,0.,0.));
#512 = ORIENTED_EDGE('',*,*,#513,.T.);
#513 = EDGE_CURVE('',#505,#514,#516,.T.);
#514 = VERTEX_POINT('',#515);
#515 = CARTESIAN_POINT('',(35.95,-160.02,63.75));
#516 = CIRCLE('',#517,2.2);
#517 = AXIS2_PLACEMENT_3D('',#518,#519,#520);
#518 = CARTESIAN_POINT('',(33.75,-160.02,63.75));
#519 = DIRECTION('',(0.,0.,-1.));
#520 = DIRECTION('',(1.,0.,0.));
#521 = ORIENTED_EDGE('',*,*,#522,.T.);
#522 = EDGE_CURVE('',#514,#503,#523,.T.);
#523 = CIRCLE('',#524,2.2);
#524 = AXIS2_PLACEMENT_3D('',#525,#526,#527);
#525 = CARTESIAN_POINT('',(33.75,-160.02,63.75));
#526 = DIRECTION('',(0.,0.,-1.));
#527 = DIRECTION('',(1.,0.,0.));
#528 = FACE_BOUND('',#529,.T.);
#529 = EDGE_LOOP('',(#530));
#530 = ORIENTED_EDGE('',*,*,#531,.T.);
#531 = EDGE_CURVE('',#532,#532,#534,.T.);
#532 = VERTEX_POINT('',#533);
#533 = CARTESIAN_POINT('',(83.95,-160.02,63.75));
#534 = CIRCLE('',#535,2.2);
#535 = AXIS2_PLACEMENT_3D('',#536,#537,#538);
#536 = CARTESIAN_POINT('',(81.75,-160.02,63.75));
#537 = DIRECTION('',(0.,0.,-1.));
#538 = DIRECTION('',(1.,0.,0.));
#539 = FACE_BOUND('',#540,.T.);
#540 = EDGE_LOOP('',(#541));
#541 = ORIENTED_EDGE('',*,*,#542,.T.);
#542 = EDGE_CURVE('',#543,#543,#545,.T.);
#543 = VERTEX_POINT('',#544);
#544 = CARTESIAN_POINT('',(112.2,-160.02,63.75));
#545 = CIRCLE('',#546,2.2);
#546 = AXIS2_PLACEMENT_3D('',#547,#548,#549);
#547 = CARTESIAN_POINT('',(110.,-160.02,63.75));
#548 = DIRECTION('',(0.,0.,-1.));
#549 = DIRECTION('',(1.,0.,0.));
#550 = FACE_BOUND('',#551,.T.);
#551 = EDGE_LOOP('',(#552));
#552 = ORIENTED_EDGE('',*,*,#553,.T.);
#553 = EDGE_CURVE('',#554,#554,#556,.T.);
#554 = VERTEX_POINT('',#555);
#555 = CARTESIAN_POINT('',(131.95,-160.02,63.75));
#556 = CIRCLE('',#557,2.2);
#557 = AXIS2_PLACEMENT_3D('',#558,#559,#560);
#558 = CARTESIAN_POINT('',(129.75,-160.02,63.75));
#559 = DIRECTION('',(0.,0.,-1.));
#560 = DIRECTION('',(1.,0.,0.));
#561 = FACE_BOUND('',#562,.T.);
#562 = EDGE_LOOP('',(#563));
#563 = ORIENTED_EDGE('',*,*,#564,.T.);
#564 = EDGE_CURVE('',#565,#565,#567,.T.);
#565 = VERTEX_POINT('',#566);
#566 = CARTESIAN_POINT('',(179.95,-160.02,63.75));
#567 = CIRCLE('',#568,2.2);
#568 = AXIS2_PLACEMENT_3D('',#569,#570,#571);
#569 = CARTESIAN_POINT('',(177.75,-160.02,63.75));
#570 = DIRECTION('',(0.,0.,-1.));
#571 = DIRECTION('',(1.,0.,0.));
#572 = FACE_BOUND('',#573,.T.);
#573 = EDGE_LOOP('',(#574));
#574 = ORIENTED_EDGE('',*,*,#575,.T.);
#575 = EDGE_CURVE('',#576,#576,#578,.T.);
#576 = VERTEX_POINT('',#577);
#577 = CARTESIAN_POINT('',(190.32,-152.02,63.75));
#578 = CIRCLE('',#579,2.2);
#579 = AXIS2_PLACEMENT_3D('',#580,#581,#582);
#580 = CARTESIAN_POINT('',(188.12,-152.02,63.75));
#581 = DIRECTION('',(0.,0.,-1.));
#582 = DIRECTION('',(1.,0.,0.));
#583 = FACE_BOUND('',#584,.T.);
#584 = EDGE_LOOP('',(#585));
#585 = ORIENTED_EDGE('',*,*,#586,.T.);
#586 = EDGE_CURVE('',#587,#587,#589,.T.);
#587 = VERTEX_POINT('',#588);
#588 = CARTESIAN_POINT('',(210.32,-152.02,63.75));
#589 = CIRCLE('',#590,2.2);
#590 = AXIS2_PLACEMENT_3D('',#591,#592,#593);
#591 = CARTESIAN_POINT('',(208.12,-152.02,63.75));
#592 = DIRECTION('',(0.,0.,-1.));
#593 = DIRECTION('',(1.,0.,0.));
#594 = PLANE('',#595);
#595 = AXIS2_PLACEMENT_3D('',#596,#597,#598);
#596 = CARTESIAN_POINT('',(-222.25,-184.02,63.75));
#597 = DIRECTION('',(0.,0.,1.));
#598 = DIRECTION('',(1.,0.,0.));
#599 = ADVANCED_FACE('',(#600,#754,#765,#776,#787,#798,#809,#820,#831,
    #842,#853,#864,#875,#886,#897,#908,#919,#930,#941,#952,#963,#974,
    #985,#996,#1007,#1018,#1029,#1067,#1078,#1116,#1127,#1138,#1149,
    #1160,#1171,#1182,#1193,#1222,#1233,#1244,#1273,#1284,#1295,#1306,
    #1317,#1328,#1339,#1350,#1361,#1372,#1383,#1394,#1405,#1416,#1427,
    #1456,#1467,#1496,#1507,#1518,#1529,#1603,#1614,#1625,#1636,#1647,
    #1685,#1696,#1734,#1763,#1774,#1785),#1796,.T.);
#600 = FACE_BOUND('',#601,.T.);
#601 = EDGE_LOOP('',(#602,#610,#616,#617,#618,#627,#634,#635,#644,#651,
    #652,#661,#668,#669,#678,#685,#686,#695,#702,#703,#712,#719,#720,
    #729,#736,#737,#746,#753));
#602 = ORIENTED_EDGE('',*,*,#603,.F.);
#603 = EDGE_CURVE('',#604,#111,#606,.T.);
#604 = VERTEX_POINT('',#605);
#605 = CARTESIAN_POINT('',(222.25,-136.02,15.75));
#606 = LINE('',#607,#608);
#607 = CARTESIAN_POINT('',(222.25,-136.02,15.75));
#608 = VECTOR('',#609,1.);
#609 = DIRECTION('',(0.,0.,1.));
#610 = ORIENTED_EDGE('',*,*,#611,.F.);
#611 = EDGE_CURVE('',#72,#604,#612,.T.);
#612 = LINE('',#613,#614);
#613 = CARTESIAN_POINT('',(-222.25,-136.02,15.75));
#614 = VECTOR('',#615,1.);
#615 = DIRECTION('',(1.,0.,0.));
#616 = ORIENTED_EDGE('',*,*,#79,.T.);
#617 = ORIENTED_EDGE('',*,*,#93,.T.);
#618 = ORIENTED_EDGE('',*,*,#619,.T.);
#619 = EDGE_CURVE('',#94,#620,#622,.T.);
#620 = VERTEX_POINT('',#621);
#621 = CARTESIAN_POINT('',(-152.05,-136.02,62.));
#622 = CIRCLE('',#623,2.2);
#623 = AXIS2_PLACEMENT_3D('',#624,#625,#626);
#624 = CARTESIAN_POINT('',(-154.25,-136.02,62.));
#625 = DIRECTION('',(0.,-1.,2.2E-16));
#626 = DIRECTION('',(1.,0.,0.));
#627 = ORIENTED_EDGE('',*,*,#628,.T.);
#628 = EDGE_CURVE('',#620,#343,#629,.T.);
#629 = CIRCLE('',#630,2.2);
#630 = AXIS2_PLACEMENT_3D('',#631,#632,#633);
#631 = CARTESIAN_POINT('',(-154.25,-136.02,62.));
#632 = DIRECTION('',(0.,-1.,2.2E-16));
#633 = DIRECTION('',(1.,0.,0.));
#634 = ORIENTED_EDGE('',*,*,#342,.T.);
#635 = ORIENTED_EDGE('',*,*,#636,.T.);
#636 = EDGE_CURVE('',#335,#637,#639,.T.);
#637 = VERTEX_POINT('',#638);
#638 = CARTESIAN_POINT('',(-97.55,-136.02,62.));
#639 = CIRCLE('',#640,2.2);
#640 = AXIS2_PLACEMENT_3D('',#641,#642,#643);
#641 = CARTESIAN_POINT('',(-99.75,-136.02,62.));
#642 = DIRECTION('',(0.,-1.,2.2E-16));
#643 = DIRECTION('',(1.,0.,0.));
#644 = ORIENTED_EDGE('',*,*,#645,.T.);
#645 = EDGE_CURVE('',#637,#311,#646,.T.);
#646 = CIRCLE('',#647,2.2);
#647 = AXIS2_PLACEMENT_3D('',#648,#649,#650);
#648 = CARTESIAN_POINT('',(-99.75,-136.02,62.));
#649 = DIRECTION('',(0.,-1.,2.2E-16));
#650 = DIRECTION('',(1.,0.,0.));
#651 = ORIENTED_EDGE('',*,*,#310,.T.);
#652 = ORIENTED_EDGE('',*,*,#653,.T.);
#653 = EDGE_CURVE('',#303,#654,#656,.T.);
#654 = VERTEX_POINT('',#655);
#655 = CARTESIAN_POINT('',(-57.8,-136.02,62.));
#656 = CIRCLE('',#657,2.2);
#657 = AXIS2_PLACEMENT_3D('',#658,#659,#660);
#658 = CARTESIAN_POINT('',(-60.,-136.02,62.));
#659 = DIRECTION('',(0.,-1.,2.2E-16));
#660 = DIRECTION('',(1.,0.,0.));
#661 = ORIENTED_EDGE('',*,*,#662,.T.);
#662 = EDGE_CURVE('',#654,#279,#663,.T.);
#663 = CIRCLE('',#664,2.2);
#664 = AXIS2_PLACEMENT_3D('',#665,#666,#667);
#665 = CARTESIAN_POINT('',(-60.,-136.02,62.));
#666 = DIRECTION('',(0.,-1.,2.2E-16));
#667 = DIRECTION('',(1.,0.,0.));
#668 = ORIENTED_EDGE('',*,*,#278,.T.);
#669 = ORIENTED_EDGE('',*,*,#670,.T.);
#670 = EDGE_CURVE('',#271,#671,#673,.T.);
#671 = VERTEX_POINT('',#672);
#672 = CARTESIAN_POINT('',(-17.8,-136.02,62.));
#673 = CIRCLE('',#674,2.2);
#674 = AXIS2_PLACEMENT_3D('',#675,#676,#677);
#675 = CARTESIAN_POINT('',(-20.,-136.02,62.));
#676 = DIRECTION('',(0.,-1.,2.2E-16));
#677 = DIRECTION('',(1.,0.,0.));
#678 = ORIENTED_EDGE('',*,*,#679,.T.);
#679 = EDGE_CURVE('',#671,#247,#680,.T.);
#680 = CIRCLE('',#681,2.2);
#681 = AXIS2_PLACEMENT_3D('',#682,#683,#684);
#682 = CARTESIAN_POINT('',(-20.,-136.02,62.));
#683 = DIRECTION('',(0.,-1.,2.2E-16));
#684 = DIRECTION('',(1.,0.,0.));
#685 = ORIENTED_EDGE('',*,*,#246,.T.);
#686 = ORIENTED_EDGE('',*,*,#687,.T.);
#687 = EDGE_CURVE('',#239,#688,#690,.T.);
#688 = VERTEX_POINT('',#689);
#689 = CARTESIAN_POINT('',(22.2,-136.02,62.));
#690 = CIRCLE('',#691,2.2);
#691 = AXIS2_PLACEMENT_3D('',#692,#693,#694);
#692 = CARTESIAN_POINT('',(20.,-136.02,62.));
#693 = DIRECTION('',(0.,-1.,2.2E-16));
#694 = DIRECTION('',(1.,0.,0.));
#695 = ORIENTED_EDGE('',*,*,#696,.T.);
#696 = EDGE_CURVE('',#688,#215,#697,.T.);
#697 = CIRCLE('',#698,2.2);
#698 = AXIS2_PLACEMENT_3D('',#699,#700,#701);
#699 = CARTESIAN_POINT('',(20.,-136.02,62.));
#700 = DIRECTION('',(0.,-1.,2.2E-16));
#701 = DIRECTION('',(1.,0.,0.));
#702 = ORIENTED_EDGE('',*,*,#214,.T.);
#703 = ORIENTED_EDGE('',*,*,#704,.T.);
#704 = EDGE_CURVE('',#207,#705,#707,.T.);
#705 = VERTEX_POINT('',#706);
#706 = CARTESIAN_POINT('',(84.2,-136.02,62.));
#707 = CIRCLE('',#708,2.2);
#708 = AXIS2_PLACEMENT_3D('',#709,#710,#711);
#709 = CARTESIAN_POINT('',(82.,-136.02,62.));
#710 = DIRECTION('',(0.,-1.,2.2E-16));
#711 = DIRECTION('',(1.,0.,0.));
#712 = ORIENTED_EDGE('',*,*,#713,.T.);
#713 = EDGE_CURVE('',#705,#183,#714,.T.);
#714 = CIRCLE('',#715,2.2);
#715 = AXIS2_PLACEMENT_3D('',#716,#717,#718);
#716 = CARTESIAN_POINT('',(82.,-136.02,62.));
#717 = DIRECTION('',(0.,-1.,2.2E-16));
#718 = DIRECTION('',(1.,0.,0.));
#719 = ORIENTED_EDGE('',*,*,#182,.T.);
#720 = ORIENTED_EDGE('',*,*,#721,.T.);
#721 = EDGE_CURVE('',#175,#722,#724,.T.);
#722 = VERTEX_POINT('',#723);
#723 = CARTESIAN_POINT('',(101.95,-136.02,62.));
#724 = CIRCLE('',#725,2.2);
#725 = AXIS2_PLACEMENT_3D('',#726,#727,#728);
#726 = CARTESIAN_POINT('',(99.75,-136.02,62.));
#727 = DIRECTION('',(0.,-1.,2.2E-16));
#728 = DIRECTION('',(1.,0.,0.));
#729 = ORIENTED_EDGE('',*,*,#730,.T.);
#730 = EDGE_CURVE('',#722,#151,#731,.T.);
#731 = CIRCLE('',#732,2.2);
#732 = AXIS2_PLACEMENT_3D('',#733,#734,#735);
#733 = CARTESIAN_POINT('',(99.75,-136.02,62.));
#734 = DIRECTION('',(0.,-1.,2.2E-16));
#735 = DIRECTION('',(1.,0.,0.));
#736 = ORIENTED_EDGE('',*,*,#150,.T.);
#737 = ORIENTED_EDGE('',*,*,#738,.T.);
#738 = EDGE_CURVE('',#143,#739,#741,.T.);
#739 = VERTEX_POINT('',#740);
#740 = CARTESIAN_POINT('',(156.45,-136.02,62.));
#741 = CIRCLE('',#742,2.2);
#742 = AXIS2_PLACEMENT_3D('',#743,#744,#745);
#743 = CARTESIAN_POINT('',(154.25,-136.02,62.));
#744 = DIRECTION('',(0.,-1.,2.2E-16));
#745 = DIRECTION('',(1.,0.,0.));
#746 = ORIENTED_EDGE('',*,*,#747,.T.);
#747 = EDGE_CURVE('',#739,#119,#748,.T.);
#748 = CIRCLE('',#749,2.2);
#749 = AXIS2_PLACEMENT_3D('',#750,#751,#752);
#750 = CARTESIAN_POINT('',(154.25,-136.02,62.));
#751 = DIRECTION('',(0.,-1.,2.2E-16));
#752 = DIRECTION('',(1.,0.,0.));
#753 = ORIENTED_EDGE('',*,*,#118,.T.);
#754 = FACE_BOUND('',#755,.T.);
#755 = EDGE_LOOP('',(#756));
#756 = ORIENTED_EDGE('',*,*,#757,.T.);
#757 = EDGE_CURVE('',#758,#758,#760,.T.);
#758 = VERTEX_POINT('',#759);
#759 = CARTESIAN_POINT('',(-181.92,-136.02,20.));
#760 = CIRCLE('',#761,2.2);
#761 = AXIS2_PLACEMENT_3D('',#762,#763,#764);
#762 = CARTESIAN_POINT('',(-184.12,-136.02,20.));
#763 = DIRECTION('',(0.,-1.,2.2E-16));
#764 = DIRECTION('',(1.,0.,0.));
#765 = FACE_BOUND('',#766,.T.);
#766 = EDGE_LOOP('',(#767));
#767 = ORIENTED_EDGE('',*,*,#768,.T.);
#768 = EDGE_CURVE('',#769,#769,#771,.T.);
#769 = VERTEX_POINT('',#770);
#770 = CARTESIAN_POINT('',(-167.92,-136.02,20.));
#771 = CIRCLE('',#772,2.2);
#772 = AXIS2_PLACEMENT_3D('',#773,#774,#775);
#773 = CARTESIAN_POINT('',(-170.12,-136.02,20.));
#774 = DIRECTION('',(0.,-1.,2.2E-16));
#775 = DIRECTION('',(1.,0.,0.));
#776 = FACE_BOUND('',#777,.T.);
#777 = EDGE_LOOP('',(#778));
#778 = ORIENTED_EDGE('',*,*,#779,.T.);
#779 = EDGE_CURVE('',#780,#780,#782,.T.);
#780 = VERTEX_POINT('',#781);
#781 = CARTESIAN_POINT('',(-204.05,-136.02,27.75));
#782 = CIRCLE('',#783,2.2);
#783 = AXIS2_PLACEMENT_3D('',#784,#785,#786);
#784 = CARTESIAN_POINT('',(-206.25,-136.02,27.75));
#785 = DIRECTION('',(0.,-1.,2.2E-16));
#786 = DIRECTION('',(1.,0.,0.));
#787 = FACE_BOUND('',#788,.T.);
#788 = EDGE_LOOP('',(#789));
#789 = ORIENTED_EDGE('',*,*,#790,.T.);
#790 = EDGE_CURVE('',#791,#791,#793,.T.);
#791 = VERTEX_POINT('',#792);
#792 = CARTESIAN_POINT('',(-156.05,-136.02,27.75));
#793 = CIRCLE('',#794,2.2);
#794 = AXIS2_PLACEMENT_3D('',#795,#796,#797);
#795 = CARTESIAN_POINT('',(-158.25,-136.02,27.75));
#796 = DIRECTION('',(0.,-1.,2.2E-16));
#797 = DIRECTION('',(1.,0.,0.));
#798 = FACE_BOUND('',#799,.T.);
#799 = EDGE_LOOP('',(#800));
#800 = ORIENTED_EDGE('',*,*,#801,.T.);
#801 = EDGE_CURVE('',#802,#802,#804,.T.);
#802 = VERTEX_POINT('',#803);
#803 = CARTESIAN_POINT('',(-181.92,-136.02,35.75));
#804 = CIRCLE('',#805,2.2);
#805 = AXIS2_PLACEMENT_3D('',#806,#807,#808);
#806 = CARTESIAN_POINT('',(-184.12,-136.02,35.75));
#807 = DIRECTION('',(0.,-1.,2.2E-16));
#808 = DIRECTION('',(1.,0.,0.));
#809 = FACE_BOUND('',#810,.T.);
#810 = EDGE_LOOP('',(#811));
#811 = ORIENTED_EDGE('',*,*,#812,.T.);
#812 = EDGE_CURVE('',#813,#813,#815,.T.);
#813 = VERTEX_POINT('',#814);
#814 = CARTESIAN_POINT('',(-167.92,-136.02,35.75));
#815 = CIRCLE('',#816,2.2);
#816 = AXIS2_PLACEMENT_3D('',#817,#818,#819);
#817 = CARTESIAN_POINT('',(-170.12,-136.02,35.75));
#818 = DIRECTION('',(0.,-1.,2.2E-16));
#819 = DIRECTION('',(1.,0.,0.));
#820 = FACE_BOUND('',#821,.T.);
#821 = EDGE_LOOP('',(#822));
#822 = ORIENTED_EDGE('',*,*,#823,.T.);
#823 = EDGE_CURVE('',#824,#824,#826,.T.);
#824 = VERTEX_POINT('',#825);
#825 = CARTESIAN_POINT('',(-108.05,-136.02,27.75));
#826 = CIRCLE('',#827,2.2);
#827 = AXIS2_PLACEMENT_3D('',#828,#829,#830);
#828 = CARTESIAN_POINT('',(-110.25,-136.02,27.75));
#829 = DIRECTION('',(0.,-1.,2.2E-16));
#830 = DIRECTION('',(1.,0.,0.));
#831 = FACE_BOUND('',#832,.T.);
#832 = EDGE_LOOP('',(#833));
#833 = ORIENTED_EDGE('',*,*,#834,.T.);
#834 = EDGE_CURVE('',#835,#835,#837,.T.);
#835 = VERTEX_POINT('',#836);
#836 = CARTESIAN_POINT('',(-152.05,-136.02,34.));
#837 = CIRCLE('',#838,2.2);
#838 = AXIS2_PLACEMENT_3D('',#839,#840,#841);
#839 = CARTESIAN_POINT('',(-154.25,-136.02,34.));
#840 = DIRECTION('',(0.,-1.,2.2E-16));
#841 = DIRECTION('',(1.,0.,0.));
#842 = FACE_BOUND('',#843,.T.);
#843 = EDGE_LOOP('',(#844));
#844 = ORIENTED_EDGE('',*,*,#845,.T.);
#845 = EDGE_CURVE('',#846,#846,#848,.T.);
#846 = VERTEX_POINT('',#847);
#847 = CARTESIAN_POINT('',(-132.75,-136.02,39.));
#848 = CIRCLE('',#849,3.25);
#849 = AXIS2_PLACEMENT_3D('',#850,#851,#852);
#850 = CARTESIAN_POINT('',(-136.,-136.02,39.));
#851 = DIRECTION('',(0.,-1.,2.2E-16));
#852 = DIRECTION('',(1.,0.,0.));
#853 = FACE_BOUND('',#854,.T.);
#854 = EDGE_LOOP('',(#855));
#855 = ORIENTED_EDGE('',*,*,#856,.T.);
#856 = EDGE_CURVE('',#857,#857,#859,.T.);
#857 = VERTEX_POINT('',#858);
#858 = CARTESIAN_POINT('',(-114.75,-136.02,39.));
#859 = CIRCLE('',#860,3.25);
#860 = AXIS2_PLACEMENT_3D('',#861,#862,#863);
#861 = CARTESIAN_POINT('',(-118.,-136.02,39.));
#862 = DIRECTION('',(0.,-1.,2.2E-16));
#863 = DIRECTION('',(1.,0.,0.));
#864 = FACE_BOUND('',#865,.T.);
#865 = EDGE_LOOP('',(#866));
#866 = ORIENTED_EDGE('',*,*,#867,.T.);
#867 = EDGE_CURVE('',#868,#868,#870,.T.);
#868 = VERTEX_POINT('',#869);
#869 = CARTESIAN_POINT('',(-71.8,-136.02,19.67));
#870 = CIRCLE('',#871,2.2);
#871 = AXIS2_PLACEMENT_3D('',#872,#873,#874);
#872 = CARTESIAN_POINT('',(-74.,-136.02,19.67));
#873 = DIRECTION('',(0.,-1.,2.2E-16));
#874 = DIRECTION('',(1.,0.,0.));
#875 = FACE_BOUND('',#876,.T.);
#876 = EDGE_LOOP('',(#877));
#877 = ORIENTED_EDGE('',*,*,#878,.T.);
#878 = EDGE_CURVE('',#879,#879,#881,.T.);
#879 = VERTEX_POINT('',#880);
#880 = CARTESIAN_POINT('',(-63.8,-136.02,19.67));
#881 = CIRCLE('',#882,2.2);
#882 = AXIS2_PLACEMENT_3D('',#883,#884,#885);
#883 = CARTESIAN_POINT('',(-66.,-136.02,19.67));
#884 = DIRECTION('',(0.,-1.,2.2E-16));
#885 = DIRECTION('',(1.,0.,0.));
#886 = FACE_BOUND('',#887,.T.);
#887 = EDGE_LOOP('',(#888));
#888 = ORIENTED_EDGE('',*,*,#889,.T.);
#889 = EDGE_CURVE('',#890,#890,#892,.T.);
#890 = VERTEX_POINT('',#891);
#891 = CARTESIAN_POINT('',(-41.8,-136.02,19.67));
#892 = CIRCLE('',#893,2.2);
#893 = AXIS2_PLACEMENT_3D('',#894,#895,#896);
#894 = CARTESIAN_POINT('',(-44.,-136.02,19.67));
#895 = DIRECTION('',(0.,-1.,2.2E-16));
#896 = DIRECTION('',(1.,0.,0.));
#897 = FACE_BOUND('',#898,.T.);
#898 = EDGE_LOOP('',(#899));
#899 = ORIENTED_EDGE('',*,*,#900,.T.);
#900 = EDGE_CURVE('',#901,#901,#903,.T.);
#901 = VERTEX_POINT('',#902);
#902 = CARTESIAN_POINT('',(-33.8,-136.02,19.67));
#903 = CIRCLE('',#904,2.2);
#904 = AXIS2_PLACEMENT_3D('',#905,#906,#907);
#905 = CARTESIAN_POINT('',(-36.,-136.02,19.67));
#906 = DIRECTION('',(0.,-1.,2.2E-16));
#907 = DIRECTION('',(1.,0.,0.));
#908 = FACE_BOUND('',#909,.T.);
#909 = EDGE_LOOP('',(#910));
#910 = ORIENTED_EDGE('',*,*,#911,.T.);
#911 = EDGE_CURVE('',#912,#912,#914,.T.);
#912 = VERTEX_POINT('',#913);
#913 = CARTESIAN_POINT('',(-12.8,-136.02,19.67));
#914 = CIRCLE('',#915,2.2);
#915 = AXIS2_PLACEMENT_3D('',#916,#917,#918);
#916 = CARTESIAN_POINT('',(-15.,-136.02,19.67));
#917 = DIRECTION('',(0.,-1.,2.2E-16));
#918 = DIRECTION('',(1.,0.,0.));
#919 = FACE_BOUND('',#920,.T.);
#920 = EDGE_LOOP('',(#921));
#921 = ORIENTED_EDGE('',*,*,#922,.T.);
#922 = EDGE_CURVE('',#923,#923,#925,.T.);
#923 = VERTEX_POINT('',#924);
#924 = CARTESIAN_POINT('',(-4.8,-136.02,19.67));
#925 = CIRCLE('',#926,2.2);
#926 = AXIS2_PLACEMENT_3D('',#927,#928,#929);
#927 = CARTESIAN_POINT('',(-7.,-136.02,19.67));
#928 = DIRECTION('',(0.,-1.,2.2E-16));
#929 = DIRECTION('',(1.,0.,0.));
#930 = FACE_BOUND('',#931,.T.);
#931 = EDGE_LOOP('',(#932));
#932 = ORIENTED_EDGE('',*,*,#933,.T.);
#933 = EDGE_CURVE('',#934,#934,#936,.T.);
#934 = VERTEX_POINT('',#935);
#935 = CARTESIAN_POINT('',(-87.8,-136.02,28.));
#936 = CIRCLE('',#937,2.2);
#937 = AXIS2_PLACEMENT_3D('',#938,#939,#940);
#938 = CARTESIAN_POINT('',(-90.,-136.02,28.));
#939 = DIRECTION('',(0.,-1.,2.2E-16));
#940 = DIRECTION('',(1.,0.,0.));
#941 = FACE_BOUND('',#942,.T.);
#942 = EDGE_LOOP('',(#943));
#943 = ORIENTED_EDGE('',*,*,#944,.T.);
#944 = EDGE_CURVE('',#945,#945,#947,.T.);
#945 = VERTEX_POINT('',#946);
#946 = CARTESIAN_POINT('',(-69.8,-136.02,28.));
#947 = CIRCLE('',#948,2.2);
#948 = AXIS2_PLACEMENT_3D('',#949,#950,#951);
#949 = CARTESIAN_POINT('',(-72.,-136.02,28.));
#950 = DIRECTION('',(0.,-1.,2.2E-16));
#951 = DIRECTION('',(1.,0.,0.));
#952 = FACE_BOUND('',#953,.T.);
#953 = EDGE_LOOP('',(#954));
#954 = ORIENTED_EDGE('',*,*,#955,.T.);
#955 = EDGE_CURVE('',#956,#956,#958,.T.);
#956 = VERTEX_POINT('',#957);
#957 = CARTESIAN_POINT('',(-60.05,-136.02,27.75));
#958 = CIRCLE('',#959,2.2);
#959 = AXIS2_PLACEMENT_3D('',#960,#961,#962);
#960 = CARTESIAN_POINT('',(-62.25,-136.02,27.75));
#961 = DIRECTION('',(0.,-1.,2.2E-16));
#962 = DIRECTION('',(1.,0.,0.));
#963 = FACE_BOUND('',#964,.T.);
#964 = EDGE_LOOP('',(#965));
#965 = ORIENTED_EDGE('',*,*,#966,.T.);
#966 = EDGE_CURVE('',#967,#967,#969,.T.);
#967 = VERTEX_POINT('',#968);
#968 = CARTESIAN_POINT('',(-97.55,-136.02,34.));
#969 = CIRCLE('',#970,2.2);
#970 = AXIS2_PLACEMENT_3D('',#971,#972,#973);
#971 = CARTESIAN_POINT('',(-99.75,-136.02,34.));
#972 = DIRECTION('',(0.,-1.,2.2E-16));
#973 = DIRECTION('',(1.,0.,0.));
#974 = FACE_BOUND('',#975,.T.);
#975 = EDGE_LOOP('',(#976));
#976 = ORIENTED_EDGE('',*,*,#977,.T.);
#977 = EDGE_CURVE('',#978,#978,#980,.T.);
#978 = VERTEX_POINT('',#979);
#979 = CARTESIAN_POINT('',(-37.8,-136.02,28.));
#980 = CIRCLE('',#981,2.2);
#981 = AXIS2_PLACEMENT_3D('',#982,#983,#984);
#982 = CARTESIAN_POINT('',(-40.,-136.02,28.));
#983 = DIRECTION('',(0.,-1.,2.2E-16));
#984 = DIRECTION('',(1.,0.,0.));
#985 = FACE_BOUND('',#986,.T.);
#986 = EDGE_LOOP('',(#987));
#987 = ORIENTED_EDGE('',*,*,#988,.T.);
#988 = EDGE_CURVE('',#989,#989,#991,.T.);
#989 = VERTEX_POINT('',#990);
#990 = CARTESIAN_POINT('',(-29.8,-136.02,28.));
#991 = CIRCLE('',#992,2.2);
#992 = AXIS2_PLACEMENT_3D('',#993,#994,#995);
#993 = CARTESIAN_POINT('',(-32.,-136.02,28.));
#994 = DIRECTION('',(0.,-1.,2.2E-16));
#995 = DIRECTION('',(1.,0.,0.));
#996 = FACE_BOUND('',#997,.T.);
#997 = EDGE_LOOP('',(#998));
#998 = ORIENTED_EDGE('',*,*,#999,.T.);
#999 = EDGE_CURVE('',#1000,#1000,#1002,.T.);
#1000 = VERTEX_POINT('',#1001);
#1001 = CARTESIAN_POINT('',(-12.05,-136.02,27.75));
#1002 = CIRCLE('',#1003,2.2);
#1003 = AXIS2_PLACEMENT_3D('',#1004,#1005,#1006);
#1004 = CARTESIAN_POINT('',(-14.25,-136.02,27.75));
#1005 = DIRECTION('',(0.,-1.,2.2E-16));
#1006 = DIRECTION('',(1.,0.,0.));
#1007 = FACE_BOUND('',#1008,.T.);
#1008 = EDGE_LOOP('',(#1009));
#1009 = ORIENTED_EDGE('',*,*,#1010,.T.);
#1010 = EDGE_CURVE('',#1011,#1011,#1013,.T.);
#1011 = VERTEX_POINT('',#1012);
#1012 = CARTESIAN_POINT('',(-204.05,-136.02,43.75));
#1013 = CIRCLE('',#1014,2.2);
#1014 = AXIS2_PLACEMENT_3D('',#1015,#1016,#1017);
#1015 = CARTESIAN_POINT('',(-206.25,-136.02,43.75));
#1016 = DIRECTION('',(0.,-1.,2.2E-16));
#1017 = DIRECTION('',(1.,0.,0.));
#1018 = FACE_BOUND('',#1019,.T.);
#1019 = EDGE_LOOP('',(#1020));
#1020 = ORIENTED_EDGE('',*,*,#1021,.T.);
#1021 = EDGE_CURVE('',#1022,#1022,#1024,.T.);
#1022 = VERTEX_POINT('',#1023);
#1023 = CARTESIAN_POINT('',(-156.05,-136.02,43.75));
#1024 = CIRCLE('',#1025,2.2);
#1025 = AXIS2_PLACEMENT_3D('',#1026,#1027,#1028);
#1026 = CARTESIAN_POINT('',(-158.25,-136.02,43.75));
#1027 = DIRECTION('',(0.,-1.,2.2E-16));
#1028 = DIRECTION('',(1.,0.,0.));
#1029 = FACE_BOUND('',#1030,.T.);
#1030 = EDGE_LOOP('',(#1031,#1042,#1051,#1060));
#1031 = ORIENTED_EDGE('',*,*,#1032,.T.);
#1032 = EDGE_CURVE('',#1033,#1035,#1037,.T.);
#1033 = VERTEX_POINT('',#1034);
#1034 = CARTESIAN_POINT('',(-138.8,-136.02,52.));
#1035 = VERTEX_POINT('',#1036);
#1036 = CARTESIAN_POINT('',(-144.2806248474,-136.02,48.));
#1037 = CIRCLE('',#1038,4.2);
#1038 = AXIS2_PLACEMENT_3D('',#1039,#1040,#1041);
#1039 = CARTESIAN_POINT('',(-143.,-136.02,52.));
#1040 = DIRECTION('',(0.,-1.,2.2E-16));
#1041 = DIRECTION('',(1.,0.,0.));
#1042 = ORIENTED_EDGE('',*,*,#1043,.T.);
#1043 = EDGE_CURVE('',#1035,#1044,#1046,.T.);
#1044 = VERTEX_POINT('',#1045);
#1045 = CARTESIAN_POINT('',(-138.8,-136.02,44.));
#1046 = CIRCLE('',#1047,4.2);
#1047 = AXIS2_PLACEMENT_3D('',#1048,#1049,#1050);
#1048 = CARTESIAN_POINT('',(-143.,-136.02,44.));
#1049 = DIRECTION('',(0.,-1.,2.2E-16));
#1050 = DIRECTION('',(1.,0.,0.));
#1051 = ORIENTED_EDGE('',*,*,#1052,.T.);
#1052 = EDGE_CURVE('',#1044,#1053,#1055,.T.);
#1053 = VERTEX_POINT('',#1054);
#1054 = CARTESIAN_POINT('',(-141.7193751525,-136.02,48.));
#1055 = CIRCLE('',#1056,4.2);
#1056 = AXIS2_PLACEMENT_3D('',#1057,#1058,#1059);
#1057 = CARTESIAN_POINT('',(-143.,-136.02,44.));
#1058 = DIRECTION('',(0.,-1.,2.2E-16));
#1059 = DIRECTION('',(1.,0.,0.));
#1060 = ORIENTED_EDGE('',*,*,#1061,.T.);
#1061 = EDGE_CURVE('',#1053,#1033,#1062,.T.);
#1062 = CIRCLE('',#1063,4.2);
#1063 = AXIS2_PLACEMENT_3D('',#1064,#1065,#1066);
#1064 = CARTESIAN_POINT('',(-143.,-136.02,52.));
#1065 = DIRECTION('',(0.,-1.,2.2E-16));
#1066 = DIRECTION('',(1.,0.,0.));
#1067 = FACE_BOUND('',#1068,.T.);
#1068 = EDGE_LOOP('',(#1069));
#1069 = ORIENTED_EDGE('',*,*,#1070,.T.);
#1070 = EDGE_CURVE('',#1071,#1071,#1073,.T.);
#1071 = VERTEX_POINT('',#1072);
#1072 = CARTESIAN_POINT('',(-119.,-136.02,48.));
#1073 = CIRCLE('',#1074,8.);
#1074 = AXIS2_PLACEMENT_3D('',#1075,#1076,#1077);
#1075 = CARTESIAN_POINT('',(-127.,-136.02,48.));
#1076 = DIRECTION('',(0.,-1.,2.2E-16));
#1077 = DIRECTION('',(1.,0.,0.));
#1078 = FACE_BOUND('',#1079,.T.);
#1079 = EDGE_LOOP('',(#1080,#1091,#1100,#1109));
#1080 = ORIENTED_EDGE('',*,*,#1081,.T.);
#1081 = EDGE_CURVE('',#1082,#1084,#1086,.T.);
#1082 = VERTEX_POINT('',#1083);
#1083 = CARTESIAN_POINT('',(-106.8,-136.02,52.));
#1084 = VERTEX_POINT('',#1085);
#1085 = CARTESIAN_POINT('',(-112.2806248474,-136.02,48.));
#1086 = CIRCLE('',#1087,4.2);
#1087 = AXIS2_PLACEMENT_3D('',#1088,#1089,#1090);
#1088 = CARTESIAN_POINT('',(-111.,-136.02,52.));
#1089 = DIRECTION('',(0.,-1.,2.2E-16));
#1090 = DIRECTION('',(1.,0.,0.));
#1091 = ORIENTED_EDGE('',*,*,#1092,.T.);
#1092 = EDGE_CURVE('',#1084,#1093,#1095,.T.);
#1093 = VERTEX_POINT('',#1094);
#1094 = CARTESIAN_POINT('',(-106.8,-136.02,44.));
#1095 = CIRCLE('',#1096,4.2);
#1096 = AXIS2_PLACEMENT_3D('',#1097,#1098,#1099);
#1097 = CARTESIAN_POINT('',(-111.,-136.02,44.));
#1098 = DIRECTION('',(0.,-1.,2.2E-16));
#1099 = DIRECTION('',(1.,0.,0.));
#1100 = ORIENTED_EDGE('',*,*,#1101,.T.);
#1101 = EDGE_CURVE('',#1093,#1102,#1104,.T.);
#1102 = VERTEX_POINT('',#1103);
#1103 = CARTESIAN_POINT('',(-109.7193751525,-136.02,48.));
#1104 = CIRCLE('',#1105,4.2);
#1105 = AXIS2_PLACEMENT_3D('',#1106,#1107,#1108);
#1106 = CARTESIAN_POINT('',(-111.,-136.02,44.));
#1107 = DIRECTION('',(0.,-1.,2.2E-16));
#1108 = DIRECTION('',(1.,0.,0.));
#1109 = ORIENTED_EDGE('',*,*,#1110,.T.);
#1110 = EDGE_CURVE('',#1102,#1082,#1111,.T.);
#1111 = CIRCLE('',#1112,4.2);
#1112 = AXIS2_PLACEMENT_3D('',#1113,#1114,#1115);
#1113 = CARTESIAN_POINT('',(-111.,-136.02,52.));
#1114 = DIRECTION('',(0.,-1.,2.2E-16));
#1115 = DIRECTION('',(1.,0.,0.));
#1116 = FACE_BOUND('',#1117,.T.);
#1117 = EDGE_LOOP('',(#1118));
#1118 = ORIENTED_EDGE('',*,*,#1119,.T.);
#1119 = EDGE_CURVE('',#1120,#1120,#1122,.T.);
#1120 = VERTEX_POINT('',#1121);
#1121 = CARTESIAN_POINT('',(-181.92,-136.02,57.75));
#1122 = CIRCLE('',#1123,2.2);
#1123 = AXIS2_PLACEMENT_3D('',#1124,#1125,#1126);
#1124 = CARTESIAN_POINT('',(-184.12,-136.02,57.75));
#1125 = DIRECTION('',(0.,-1.,2.2E-16));
#1126 = DIRECTION('',(1.,0.,0.));
#1127 = FACE_BOUND('',#1128,.T.);
#1128 = EDGE_LOOP('',(#1129));
#1129 = ORIENTED_EDGE('',*,*,#1130,.T.);
#1130 = EDGE_CURVE('',#1131,#1131,#1133,.T.);
#1131 = VERTEX_POINT('',#1132);
#1132 = CARTESIAN_POINT('',(-167.92,-136.02,57.75));
#1133 = CIRCLE('',#1134,2.2);
#1134 = AXIS2_PLACEMENT_3D('',#1135,#1136,#1137);
#1135 = CARTESIAN_POINT('',(-170.12,-136.02,57.75));
#1136 = DIRECTION('',(0.,-1.,2.2E-16));
#1137 = DIRECTION('',(1.,0.,0.));
#1138 = FACE_BOUND('',#1139,.T.);
#1139 = EDGE_LOOP('',(#1140));
#1140 = ORIENTED_EDGE('',*,*,#1141,.T.);
#1141 = EDGE_CURVE('',#1142,#1142,#1144,.T.);
#1142 = VERTEX_POINT('',#1143);
#1143 = CARTESIAN_POINT('',(-132.75,-136.02,57.));
#1144 = CIRCLE('',#1145,3.25);
#1145 = AXIS2_PLACEMENT_3D('',#1146,#1147,#1148);
#1146 = CARTESIAN_POINT('',(-136.,-136.02,57.));
#1147 = DIRECTION('',(0.,-1.,2.2E-16));
#1148 = DIRECTION('',(1.,0.,0.));
#1149 = FACE_BOUND('',#1150,.T.);
#1150 = EDGE_LOOP('',(#1151));
#1151 = ORIENTED_EDGE('',*,*,#1152,.T.);
#1152 = EDGE_CURVE('',#1153,#1153,#1155,.T.);
#1153 = VERTEX_POINT('',#1154);
#1154 = CARTESIAN_POINT('',(-114.75,-136.02,57.));
#1155 = CIRCLE('',#1156,3.25);
#1156 = AXIS2_PLACEMENT_3D('',#1157,#1158,#1159);
#1157 = CARTESIAN_POINT('',(-118.,-136.02,57.));
#1158 = DIRECTION('',(0.,-1.,2.2E-16));
#1159 = DIRECTION('',(1.,0.,0.));
#1160 = FACE_BOUND('',#1161,.T.);
#1161 = EDGE_LOOP('',(#1162));
#1162 = ORIENTED_EDGE('',*,*,#1163,.T.);
#1163 = EDGE_CURVE('',#1164,#1164,#1166,.T.);
#1164 = VERTEX_POINT('',#1165);
#1165 = CARTESIAN_POINT('',(-60.05,-136.02,43.75));
#1166 = CIRCLE('',#1167,2.2);
#1167 = AXIS2_PLACEMENT_3D('',#1168,#1169,#1170);
#1168 = CARTESIAN_POINT('',(-62.25,-136.02,43.75));
#1169 = DIRECTION('',(0.,-1.,2.2E-16));
#1170 = DIRECTION('',(1.,0.,0.));
#1171 = FACE_BOUND('',#1172,.T.);
#1172 = EDGE_LOOP('',(#1173));
#1173 = ORIENTED_EDGE('',*,*,#1174,.T.);
#1174 = EDGE_CURVE('',#1175,#1175,#1177,.T.);
#1175 = VERTEX_POINT('',#1176);
#1176 = CARTESIAN_POINT('',(-12.05,-136.02,43.75));
#1177 = CIRCLE('',#1178,2.2);
#1178 = AXIS2_PLACEMENT_3D('',#1179,#1180,#1181);
#1179 = CARTESIAN_POINT('',(-14.25,-136.02,43.75));
#1180 = DIRECTION('',(0.,-1.,2.2E-16));
#1181 = DIRECTION('',(1.,0.,0.));
#1182 = FACE_BOUND('',#1183,.T.);
#1183 = EDGE_LOOP('',(#1184));
#1184 = ORIENTED_EDGE('',*,*,#1185,.T.);
#1185 = EDGE_CURVE('',#1186,#1186,#1188,.T.);
#1186 = VERTEX_POINT('',#1187);
#1187 = CARTESIAN_POINT('',(87.2,-136.02,18.));
#1188 = CIRCLE('',#1189,2.2);
#1189 = AXIS2_PLACEMENT_3D('',#1190,#1191,#1192);
#1190 = CARTESIAN_POINT('',(85.,-136.02,18.));
#1191 = DIRECTION('',(0.,-1.,2.2E-16));
#1192 = DIRECTION('',(1.,0.,0.));
#1193 = FACE_BOUND('',#1194,.T.);
#1194 = EDGE_LOOP('',(#1195,#1206,#1215));
#1195 = ORIENTED_EDGE('',*,*,#1196,.T.);
#1196 = EDGE_CURVE('',#1197,#1199,#1201,.T.);
#1197 = VERTEX_POINT('',#1198);
#1198 = CARTESIAN_POINT('',(33.159912267198,-136.02,29.869385870387));
#1199 = VERTEX_POINT('',#1200);
#1200 = CARTESIAN_POINT('',(32.590087732802,-136.02,25.880614129613));
#1201 = CIRCLE('',#1202,2.2);
#1202 = AXIS2_PLACEMENT_3D('',#1203,#1204,#1205);
#1203 = CARTESIAN_POINT('',(32.,-136.02,28.));
#1204 = DIRECTION('',(0.,-1.,2.2E-16));
#1205 = DIRECTION('',(1.,0.,0.));
#1206 = ORIENTED_EDGE('',*,*,#1207,.T.);
#1207 = EDGE_CURVE('',#1199,#1208,#1210,.T.);
#1208 = VERTEX_POINT('',#1209);
#1209 = CARTESIAN_POINT('',(35.95,-136.02,27.75));
#1210 = CIRCLE('',#1211,2.2);
#1211 = AXIS2_PLACEMENT_3D('',#1212,#1213,#1214);
#1212 = CARTESIAN_POINT('',(33.75,-136.02,27.75));
#1213 = DIRECTION('',(0.,-1.,2.2E-16));
#1214 = DIRECTION('',(1.,0.,0.));
#1215 = ORIENTED_EDGE('',*,*,#1216,.T.);
#1216 = EDGE_CURVE('',#1208,#1197,#1217,.T.);
#1217 = CIRCLE('',#1218,2.2);
#1218 = AXIS2_PLACEMENT_3D('',#1219,#1220,#1221);
#1219 = CARTESIAN_POINT('',(33.75,-136.02,27.75));
#1220 = DIRECTION('',(0.,-1.,2.2E-16));
#1221 = DIRECTION('',(1.,0.,0.));
#1222 = FACE_BOUND('',#1223,.T.);
#1223 = EDGE_LOOP('',(#1224));
#1224 = ORIENTED_EDGE('',*,*,#1225,.T.);
#1225 = EDGE_CURVE('',#1226,#1226,#1228,.T.);
#1226 = VERTEX_POINT('',#1227);
#1227 = CARTESIAN_POINT('',(42.2,-136.02,28.));
#1228 = CIRCLE('',#1229,2.2);
#1229 = AXIS2_PLACEMENT_3D('',#1230,#1231,#1232);
#1230 = CARTESIAN_POINT('',(40.,-136.02,28.));
#1231 = DIRECTION('',(0.,-1.,2.2E-16));
#1232 = DIRECTION('',(1.,0.,0.));
#1233 = FACE_BOUND('',#1234,.T.);
#1234 = EDGE_LOOP('',(#1235));
#1235 = ORIENTED_EDGE('',*,*,#1236,.T.);
#1236 = EDGE_CURVE('',#1237,#1237,#1239,.T.);
#1237 = VERTEX_POINT('',#1238);
#1238 = CARTESIAN_POINT('',(42.2,-136.02,38.));
#1239 = CIRCLE('',#1240,2.2);
#1240 = AXIS2_PLACEMENT_3D('',#1241,#1242,#1243);
#1241 = CARTESIAN_POINT('',(40.,-136.02,38.));
#1242 = DIRECTION('',(0.,-1.,2.2E-16));
#1243 = DIRECTION('',(1.,0.,0.));
#1244 = FACE_BOUND('',#1245,.T.);
#1245 = EDGE_LOOP('',(#1246,#1257,#1266));
#1246 = ORIENTED_EDGE('',*,*,#1247,.T.);
#1247 = EDGE_CURVE('',#1248,#1250,#1252,.T.);
#1248 = VERTEX_POINT('',#1249);
#1249 = CARTESIAN_POINT('',(83.425604720746,-136.02,26.324395279254));
#1250 = VERTEX_POINT('',#1251);
#1251 = CARTESIAN_POINT('',(84.2,-136.02,28.));
#1252 = CIRCLE('',#1253,2.2);
#1253 = AXIS2_PLACEMENT_3D('',#1254,#1255,#1256);
#1254 = CARTESIAN_POINT('',(82.,-136.02,28.));
#1255 = DIRECTION('',(0.,-1.,2.2E-16));
#1256 = DIRECTION('',(1.,0.,0.));
#1257 = ORIENTED_EDGE('',*,*,#1258,.T.);
#1258 = EDGE_CURVE('',#1250,#1259,#1261,.T.);
#1259 = VERTEX_POINT('',#1260);
#1260 = CARTESIAN_POINT('',(80.324395279254,-136.02,29.425604720746));
#1261 = CIRCLE('',#1262,2.2);
#1262 = AXIS2_PLACEMENT_3D('',#1263,#1264,#1265);
#1263 = CARTESIAN_POINT('',(82.,-136.02,28.));
#1264 = DIRECTION('',(0.,-1.,2.2E-16));
#1265 = DIRECTION('',(1.,0.,0.));
#1266 = ORIENTED_EDGE('',*,*,#1267,.T.);
#1267 = EDGE_CURVE('',#1259,#1248,#1268,.T.);
#1268 = CIRCLE('',#1269,2.2);
#1269 = AXIS2_PLACEMENT_3D('',#1270,#1271,#1272);
#1270 = CARTESIAN_POINT('',(81.75,-136.02,27.75));
#1271 = DIRECTION('',(0.,-1.,2.2E-16));
#1272 = DIRECTION('',(1.,0.,0.));
#1273 = FACE_BOUND('',#1274,.T.);
#1274 = EDGE_LOOP('',(#1275));
#1275 = ORIENTED_EDGE('',*,*,#1276,.T.);
#1276 = EDGE_CURVE('',#1277,#1277,#1279,.T.);
#1277 = VERTEX_POINT('',#1278);
#1278 = CARTESIAN_POINT('',(52.2,-136.02,34.));
#1279 = CIRCLE('',#1280,2.2);
#1280 = AXIS2_PLACEMENT_3D('',#1281,#1282,#1283);
#1281 = CARTESIAN_POINT('',(50.,-136.02,34.));
#1282 = DIRECTION('',(0.,-1.,2.2E-16));
#1283 = DIRECTION('',(1.,0.,0.));
#1284 = FACE_BOUND('',#1285,.T.);
#1285 = EDGE_LOOP('',(#1286));
#1286 = ORIENTED_EDGE('',*,*,#1287,.T.);
#1287 = EDGE_CURVE('',#1288,#1288,#1290,.T.);
#1288 = VERTEX_POINT('',#1289);
#1289 = CARTESIAN_POINT('',(60.2,-136.02,34.));
#1290 = CIRCLE('',#1291,2.2);
#1291 = AXIS2_PLACEMENT_3D('',#1292,#1293,#1294);
#1292 = CARTESIAN_POINT('',(58.,-136.02,34.));
#1293 = DIRECTION('',(0.,-1.,2.2E-16));
#1294 = DIRECTION('',(1.,0.,0.));
#1295 = FACE_BOUND('',#1296,.T.);
#1296 = EDGE_LOOP('',(#1297));
#1297 = ORIENTED_EDGE('',*,*,#1298,.T.);
#1298 = EDGE_CURVE('',#1299,#1299,#1301,.T.);
#1299 = VERTEX_POINT('',#1300);
#1300 = CARTESIAN_POINT('',(120.2,-136.02,19.));
#1301 = CIRCLE('',#1302,2.2);
#1302 = AXIS2_PLACEMENT_3D('',#1303,#1304,#1305);
#1303 = CARTESIAN_POINT('',(118.,-136.02,19.));
#1304 = DIRECTION('',(0.,-1.,2.2E-16));
#1305 = DIRECTION('',(1.,0.,0.));
#1306 = FACE_BOUND('',#1307,.T.);
#1307 = EDGE_LOOP('',(#1308));
#1308 = ORIENTED_EDGE('',*,*,#1309,.T.);
#1309 = EDGE_CURVE('',#1310,#1310,#1312,.T.);
#1310 = VERTEX_POINT('',#1311);
#1311 = CARTESIAN_POINT('',(138.2,-136.02,19.));
#1312 = CIRCLE('',#1313,2.2);
#1313 = AXIS2_PLACEMENT_3D('',#1314,#1315,#1316);
#1314 = CARTESIAN_POINT('',(136.,-136.02,19.));
#1315 = DIRECTION('',(0.,-1.,2.2E-16));
#1316 = DIRECTION('',(1.,0.,0.));
#1317 = FACE_BOUND('',#1318,.T.);
#1318 = EDGE_LOOP('',(#1319));
#1319 = ORIENTED_EDGE('',*,*,#1320,.T.);
#1320 = EDGE_CURVE('',#1321,#1321,#1323,.T.);
#1321 = VERTEX_POINT('',#1322);
#1322 = CARTESIAN_POINT('',(151.2,-136.02,25.));
#1323 = CIRCLE('',#1324,2.2);
#1324 = AXIS2_PLACEMENT_3D('',#1325,#1326,#1327);
#1325 = CARTESIAN_POINT('',(149.,-136.02,25.));
#1326 = DIRECTION('',(0.,-1.,2.2E-16));
#1327 = DIRECTION('',(1.,0.,0.));
#1328 = FACE_BOUND('',#1329,.T.);
#1329 = EDGE_LOOP('',(#1330));
#1330 = ORIENTED_EDGE('',*,*,#1331,.T.);
#1331 = EDGE_CURVE('',#1332,#1332,#1334,.T.);
#1332 = VERTEX_POINT('',#1333);
#1333 = CARTESIAN_POINT('',(167.2,-136.02,18.));
#1334 = CIRCLE('',#1335,2.2);
#1335 = AXIS2_PLACEMENT_3D('',#1336,#1337,#1338);
#1336 = CARTESIAN_POINT('',(165.,-136.02,18.));
#1337 = DIRECTION('',(0.,-1.,2.2E-16));
#1338 = DIRECTION('',(1.,0.,0.));
#1339 = FACE_BOUND('',#1340,.T.);
#1340 = EDGE_LOOP('',(#1341));
#1341 = ORIENTED_EDGE('',*,*,#1342,.T.);
#1342 = EDGE_CURVE('',#1343,#1343,#1345,.T.);
#1343 = VERTEX_POINT('',#1344);
#1344 = CARTESIAN_POINT('',(156.2,-136.02,19.));
#1345 = CIRCLE('',#1346,2.2);
#1346 = AXIS2_PLACEMENT_3D('',#1347,#1348,#1349);
#1347 = CARTESIAN_POINT('',(154.,-136.02,19.));
#1348 = DIRECTION('',(0.,-1.,2.2E-16));
#1349 = DIRECTION('',(1.,0.,0.));
#1350 = FACE_BOUND('',#1351,.T.);
#1351 = EDGE_LOOP('',(#1352));
#1352 = ORIENTED_EDGE('',*,*,#1353,.T.);
#1353 = EDGE_CURVE('',#1354,#1354,#1356,.T.);
#1354 = VERTEX_POINT('',#1355);
#1355 = CARTESIAN_POINT('',(159.2,-136.02,25.));
#1356 = CIRCLE('',#1357,2.2);
#1357 = AXIS2_PLACEMENT_3D('',#1358,#1359,#1360);
#1358 = CARTESIAN_POINT('',(157.,-136.02,25.));
#1359 = DIRECTION('',(0.,-1.,2.2E-16));
#1360 = DIRECTION('',(1.,0.,0.));
#1361 = FACE_BOUND('',#1362,.T.);
#1362 = EDGE_LOOP('',(#1363));
#1363 = ORIENTED_EDGE('',*,*,#1364,.T.);
#1364 = EDGE_CURVE('',#1365,#1365,#1367,.T.);
#1365 = VERTEX_POINT('',#1366);
#1366 = CARTESIAN_POINT('',(113.2,-136.02,28.));
#1367 = CIRCLE('',#1368,2.2);
#1368 = AXIS2_PLACEMENT_3D('',#1369,#1370,#1371);
#1369 = CARTESIAN_POINT('',(111.,-136.02,28.));
#1370 = DIRECTION('',(0.,-1.,2.2E-16));
#1371 = DIRECTION('',(1.,0.,0.));
#1372 = FACE_BOUND('',#1373,.T.);
#1373 = EDGE_LOOP('',(#1374));
#1374 = ORIENTED_EDGE('',*,*,#1375,.T.);
#1375 = EDGE_CURVE('',#1376,#1376,#1378,.T.);
#1376 = VERTEX_POINT('',#1377);
#1377 = CARTESIAN_POINT('',(131.95,-136.02,27.75));
#1378 = CIRCLE('',#1379,2.2);
#1379 = AXIS2_PLACEMENT_3D('',#1380,#1381,#1382);
#1380 = CARTESIAN_POINT('',(129.75,-136.02,27.75));
#1381 = DIRECTION('',(0.,-1.,2.2E-16));
#1382 = DIRECTION('',(1.,0.,0.));
#1383 = FACE_BOUND('',#1384,.T.);
#1384 = EDGE_LOOP('',(#1385));
#1385 = ORIENTED_EDGE('',*,*,#1386,.T.);
#1386 = EDGE_CURVE('',#1387,#1387,#1389,.T.);
#1387 = VERTEX_POINT('',#1388);
#1388 = CARTESIAN_POINT('',(101.95,-136.02,34.));
#1389 = CIRCLE('',#1390,2.2);
#1390 = AXIS2_PLACEMENT_3D('',#1391,#1392,#1393);
#1391 = CARTESIAN_POINT('',(99.75,-136.02,34.));
#1392 = DIRECTION('',(0.,-1.,2.2E-16));
#1393 = DIRECTION('',(1.,0.,0.));
#1394 = FACE_BOUND('',#1395,.T.);
#1395 = EDGE_LOOP('',(#1396));
#1396 = ORIENTED_EDGE('',*,*,#1397,.T.);
#1397 = EDGE_CURVE('',#1398,#1398,#1400,.T.);
#1398 = VERTEX_POINT('',#1399);
#1399 = CARTESIAN_POINT('',(121.25,-136.02,39.));
#1400 = CIRCLE('',#1401,3.25);
#1401 = AXIS2_PLACEMENT_3D('',#1402,#1403,#1404);
#1402 = CARTESIAN_POINT('',(118.,-136.02,39.));
#1403 = DIRECTION('',(0.,-1.,2.2E-16));
#1404 = DIRECTION('',(1.,0.,0.));
#1405 = FACE_BOUND('',#1406,.T.);
#1406 = EDGE_LOOP('',(#1407));
#1407 = ORIENTED_EDGE('',*,*,#1408,.T.);
#1408 = EDGE_CURVE('',#1409,#1409,#1411,.T.);
#1409 = VERTEX_POINT('',#1410);
#1410 = CARTESIAN_POINT('',(139.25,-136.02,39.));
#1411 = CIRCLE('',#1412,3.25);
#1412 = AXIS2_PLACEMENT_3D('',#1413,#1414,#1415);
#1413 = CARTESIAN_POINT('',(136.,-136.02,39.));
#1414 = DIRECTION('',(0.,-1.,2.2E-16));
#1415 = DIRECTION('',(1.,0.,0.));
#1416 = FACE_BOUND('',#1417,.T.);
#1417 = EDGE_LOOP('',(#1418));
#1418 = ORIENTED_EDGE('',*,*,#1419,.T.);
#1419 = EDGE_CURVE('',#1420,#1420,#1422,.T.);
#1420 = VERTEX_POINT('',#1421);
#1421 = CARTESIAN_POINT('',(175.,-136.02,30.));
#1422 = CIRCLE('',#1423,5.);
#1423 = AXIS2_PLACEMENT_3D('',#1424,#1425,#1426);
#1424 = CARTESIAN_POINT('',(170.,-136.02,30.));
#1425 = DIRECTION('',(0.,-1.,2.2E-16));
#1426 = DIRECTION('',(1.,0.,0.));
#1427 = FACE_BOUND('',#1428,.T.);
#1428 = EDGE_LOOP('',(#1429,#1440,#1449));
#1429 = ORIENTED_EDGE('',*,*,#1430,.T.);
#1430 = EDGE_CURVE('',#1431,#1433,#1435,.T.);
#1431 = VERTEX_POINT('',#1432);
#1432 = CARTESIAN_POINT('',(178.52666686276,-136.02,25.691653920187));
#1433 = VERTEX_POINT('',#1434);
#1434 = CARTESIAN_POINT('',(184.25,-136.02,27.8));
#1435 = CIRCLE('',#1436,3.25);
#1436 = AXIS2_PLACEMENT_3D('',#1437,#1438,#1439);
#1437 = CARTESIAN_POINT('',(181.,-136.02,27.8));
#1438 = DIRECTION('',(0.,-1.,2.2E-16));
#1439 = DIRECTION('',(1.,0.,0.));
#1440 = ORIENTED_EDGE('',*,*,#1441,.T.);
#1441 = EDGE_CURVE('',#1433,#1442,#1444,.T.);
#1442 = VERTEX_POINT('',#1443);
#1443 = CARTESIAN_POINT('',(178.46298055796,-136.02,29.831263732439));
#1444 = CIRCLE('',#1445,3.25);
#1445 = AXIS2_PLACEMENT_3D('',#1446,#1447,#1448);
#1446 = CARTESIAN_POINT('',(181.,-136.02,27.8));
#1447 = DIRECTION('',(0.,-1.,2.2E-16));
#1448 = DIRECTION('',(1.,0.,0.));
#1449 = ORIENTED_EDGE('',*,*,#1450,.T.);
#1450 = EDGE_CURVE('',#1442,#1431,#1451,.T.);
#1451 = CIRCLE('',#1452,2.2);
#1452 = AXIS2_PLACEMENT_3D('',#1453,#1454,#1455);
#1453 = CARTESIAN_POINT('',(177.75,-136.02,27.75));
#1454 = DIRECTION('',(0.,-1.,2.2E-16));
#1455 = DIRECTION('',(1.,0.,0.));
#1456 = FACE_BOUND('',#1457,.T.);
#1457 = EDGE_LOOP('',(#1458));
#1458 = ORIENTED_EDGE('',*,*,#1459,.T.);
#1459 = EDGE_CURVE('',#1460,#1460,#1462,.T.);
#1460 = VERTEX_POINT('',#1461);
#1461 = CARTESIAN_POINT('',(202.25,-136.02,27.8));
#1462 = CIRCLE('',#1463,3.25);
#1463 = AXIS2_PLACEMENT_3D('',#1464,#1465,#1466);
#1464 = CARTESIAN_POINT('',(199.,-136.02,27.8));
#1465 = DIRECTION('',(0.,-1.,2.2E-16));
#1466 = DIRECTION('',(1.,0.,0.));
#1467 = FACE_BOUND('',#1468,.T.);
#1468 = EDGE_LOOP('',(#1469,#1480,#1489));
#1469 = ORIENTED_EDGE('',*,*,#1470,.T.);
#1470 = EDGE_CURVE('',#1471,#1473,#1475,.T.);
#1471 = VERTEX_POINT('',#1472);
#1472 = CARTESIAN_POINT('',(153.63088235294,-136.02,36.111088188376));
#1473 = VERTEX_POINT('',#1474);
#1474 = CARTESIAN_POINT('',(153.63088235294,-136.02,31.888911811624));
#1475 = CIRCLE('',#1476,4.2);
#1476 = AXIS2_PLACEMENT_3D('',#1477,#1478,#1479);
#1477 = CARTESIAN_POINT('',(150.,-136.02,34.));
#1478 = DIRECTION('',(0.,-1.,2.2E-16));
#1479 = DIRECTION('',(1.,0.,0.));
#1480 = ORIENTED_EDGE('',*,*,#1481,.T.);
#1481 = EDGE_CURVE('',#1473,#1482,#1484,.T.);
#1482 = VERTEX_POINT('',#1483);
#1483 = CARTESIAN_POINT('',(156.45,-136.02,34.));
#1484 = CIRCLE('',#1485,2.2);
#1485 = AXIS2_PLACEMENT_3D('',#1486,#1487,#1488);
#1486 = CARTESIAN_POINT('',(154.25,-136.02,34.));
#1487 = DIRECTION('',(0.,-1.,2.2E-16));
#1488 = DIRECTION('',(1.,0.,0.));
#1489 = ORIENTED_EDGE('',*,*,#1490,.T.);
#1490 = EDGE_CURVE('',#1482,#1471,#1491,.T.);
#1491 = CIRCLE('',#1492,2.2);
#1492 = AXIS2_PLACEMENT_3D('',#1493,#1494,#1495);
#1493 = CARTESIAN_POINT('',(154.25,-136.02,34.));
#1494 = DIRECTION('',(0.,-1.,2.2E-16));
#1495 = DIRECTION('',(1.,0.,0.));
#1496 = FACE_BOUND('',#1497,.T.);
#1497 = EDGE_LOOP('',(#1498));
#1498 = ORIENTED_EDGE('',*,*,#1499,.T.);
#1499 = EDGE_CURVE('',#1500,#1500,#1502,.T.);
#1500 = VERTEX_POINT('',#1501);
#1501 = CARTESIAN_POINT('',(198.,-136.02,36.8));
#1502 = CIRCLE('',#1503,8.);
#1503 = AXIS2_PLACEMENT_3D('',#1504,#1505,#1506);
#1504 = CARTESIAN_POINT('',(190.,-136.02,36.8));
#1505 = DIRECTION('',(0.,-1.,2.2E-16));
#1506 = DIRECTION('',(1.,0.,0.));
#1507 = FACE_BOUND('',#1508,.T.);
#1508 = EDGE_LOOP('',(#1509));
#1509 = ORIENTED_EDGE('',*,*,#1510,.T.);
#1510 = EDGE_CURVE('',#1511,#1511,#1513,.T.);
#1511 = VERTEX_POINT('',#1512);
#1512 = CARTESIAN_POINT('',(35.95,-136.02,43.75));
#1513 = CIRCLE('',#1514,2.2);
#1514 = AXIS2_PLACEMENT_3D('',#1515,#1516,#1517);
#1515 = CARTESIAN_POINT('',(33.75,-136.02,43.75));
#1516 = DIRECTION('',(0.,-1.,2.2E-16));
#1517 = DIRECTION('',(1.,0.,0.));
#1518 = FACE_BOUND('',#1519,.T.);
#1519 = EDGE_LOOP('',(#1520));
#1520 = ORIENTED_EDGE('',*,*,#1521,.T.);
#1521 = EDGE_CURVE('',#1522,#1522,#1524,.T.);
#1522 = VERTEX_POINT('',#1523);
#1523 = CARTESIAN_POINT('',(48.2,-136.02,46.));
#1524 = CIRCLE('',#1525,2.2);
#1525 = AXIS2_PLACEMENT_3D('',#1526,#1527,#1528);
#1526 = CARTESIAN_POINT('',(46.,-136.02,46.));
#1527 = DIRECTION('',(0.,-1.,2.2E-16));
#1528 = DIRECTION('',(1.,0.,0.));
#1529 = FACE_BOUND('',#1530,.T.);
#1530 = EDGE_LOOP('',(#1531,#1542,#1551,#1560,#1569,#1578,#1587,#1596));
#1531 = ORIENTED_EDGE('',*,*,#1532,.T.);
#1532 = EDGE_CURVE('',#1533,#1535,#1537,.T.);
#1533 = VERTEX_POINT('',#1534);
#1534 = CARTESIAN_POINT('',(85.280624847487,-136.02,43.));
#1535 = VERTEX_POINT('',#1536);
#1536 = CARTESIAN_POINT('',(88.2,-136.02,47.));
#1537 = CIRCLE('',#1538,4.2);
#1538 = AXIS2_PLACEMENT_3D('',#1539,#1540,#1541);
#1539 = CARTESIAN_POINT('',(84.,-136.02,47.));
#1540 = DIRECTION('',(0.,-1.,2.2E-16));
#1541 = DIRECTION('',(1.,0.,0.));
#1542 = ORIENTED_EDGE('',*,*,#1543,.T.);
#1543 = EDGE_CURVE('',#1535,#1544,#1546,.T.);
#1544 = VERTEX_POINT('',#1545);
#1545 = CARTESIAN_POINT('',(80.638500372135,-136.02,49.517999255731));
#1546 = CIRCLE('',#1547,4.2);
#1547 = AXIS2_PLACEMENT_3D('',#1548,#1549,#1550);
#1548 = CARTESIAN_POINT('',(84.,-136.02,47.));
#1549 = DIRECTION('',(0.,-1.,2.2E-16));
#1550 = DIRECTION('',(1.,0.,0.));
#1551 = ORIENTED_EDGE('',*,*,#1552,.T.);
#1552 = EDGE_CURVE('',#1544,#1553,#1555,.T.);
#1553 = VERTEX_POINT('',#1554);
#1554 = CARTESIAN_POINT('',(71.361499627865,-136.02,49.517999255731));
#1555 = CIRCLE('',#1556,8.);
#1556 = AXIS2_PLACEMENT_3D('',#1557,#1558,#1559);
#1557 = CARTESIAN_POINT('',(76.,-136.02,43.));
#1558 = DIRECTION('',(0.,-1.,2.2E-16));
#1559 = DIRECTION('',(1.,0.,0.));
#1560 = ORIENTED_EDGE('',*,*,#1561,.T.);
#1561 = EDGE_CURVE('',#1553,#1562,#1564,.T.);
#1562 = VERTEX_POINT('',#1563);
#1563 = CARTESIAN_POINT('',(66.719375152513,-136.02,43.));
#1564 = CIRCLE('',#1565,4.2);
#1565 = AXIS2_PLACEMENT_3D('',#1566,#1567,#1568);
#1566 = CARTESIAN_POINT('',(68.,-136.02,47.));
#1567 = DIRECTION('',(0.,-1.,2.2E-16));
#1568 = DIRECTION('',(1.,0.,0.));
#1569 = ORIENTED_EDGE('',*,*,#1570,.T.);
#1570 = EDGE_CURVE('',#1562,#1571,#1573,.T.);
#1571 = VERTEX_POINT('',#1572);
#1572 = CARTESIAN_POINT('',(71.361499627865,-136.02,36.482000744269));
#1573 = CIRCLE('',#1574,4.2);
#1574 = AXIS2_PLACEMENT_3D('',#1575,#1576,#1577);
#1575 = CARTESIAN_POINT('',(68.,-136.02,39.));
#1576 = DIRECTION('',(0.,-1.,2.2E-16));
#1577 = DIRECTION('',(1.,0.,0.));
#1578 = ORIENTED_EDGE('',*,*,#1579,.T.);
#1579 = EDGE_CURVE('',#1571,#1580,#1582,.T.);
#1580 = VERTEX_POINT('',#1581);
#1581 = CARTESIAN_POINT('',(80.638500372135,-136.02,36.482000744269));
#1582 = CIRCLE('',#1583,8.);
#1583 = AXIS2_PLACEMENT_3D('',#1584,#1585,#1586);
#1584 = CARTESIAN_POINT('',(76.,-136.02,43.));
#1585 = DIRECTION('',(0.,-1.,2.2E-16));
#1586 = DIRECTION('',(1.,0.,0.));
#1587 = ORIENTED_EDGE('',*,*,#1588,.T.);
#1588 = EDGE_CURVE('',#1580,#1589,#1591,.T.);
#1589 = VERTEX_POINT('',#1590);
#1590 = CARTESIAN_POINT('',(88.2,-136.02,39.));
#1591 = CIRCLE('',#1592,4.2);
#1592 = AXIS2_PLACEMENT_3D('',#1593,#1594,#1595);
#1593 = CARTESIAN_POINT('',(84.,-136.02,39.));
#1594 = DIRECTION('',(0.,-1.,2.2E-16));
#1595 = DIRECTION('',(1.,0.,0.));
#1596 = ORIENTED_EDGE('',*,*,#1597,.T.);
#1597 = EDGE_CURVE('',#1589,#1533,#1598,.T.);
#1598 = CIRCLE('',#1599,4.2);
#1599 = AXIS2_PLACEMENT_3D('',#1600,#1601,#1602);
#1600 = CARTESIAN_POINT('',(84.,-136.02,39.));
#1601 = DIRECTION('',(0.,-1.,2.2E-16));
#1602 = DIRECTION('',(1.,0.,0.));
#1603 = FACE_BOUND('',#1604,.T.);
#1604 = EDGE_LOOP('',(#1605));
#1605 = ORIENTED_EDGE('',*,*,#1606,.T.);
#1606 = EDGE_CURVE('',#1607,#1607,#1609,.T.);
#1607 = VERTEX_POINT('',#1608);
#1608 = CARTESIAN_POINT('',(42.2,-136.02,56.));
#1609 = CIRCLE('',#1610,2.2);
#1610 = AXIS2_PLACEMENT_3D('',#1611,#1612,#1613);
#1611 = CARTESIAN_POINT('',(40.,-136.02,56.));
#1612 = DIRECTION('',(0.,-1.,2.2E-16));
#1613 = DIRECTION('',(1.,0.,0.));
#1614 = FACE_BOUND('',#1615,.T.);
#1615 = EDGE_LOOP('',(#1616));
#1616 = ORIENTED_EDGE('',*,*,#1617,.T.);
#1617 = EDGE_CURVE('',#1618,#1618,#1620,.T.);
#1618 = VERTEX_POINT('',#1619);
#1619 = CARTESIAN_POINT('',(60.2,-136.02,52.));
#1620 = CIRCLE('',#1621,2.2);
#1621 = AXIS2_PLACEMENT_3D('',#1622,#1623,#1624);
#1622 = CARTESIAN_POINT('',(58.,-136.02,52.));
#1623 = DIRECTION('',(0.,-1.,2.2E-16));
#1624 = DIRECTION('',(1.,0.,0.));
#1625 = FACE_BOUND('',#1626,.T.);
#1626 = EDGE_LOOP('',(#1627));
#1627 = ORIENTED_EDGE('',*,*,#1628,.T.);
#1628 = EDGE_CURVE('',#1629,#1629,#1631,.T.);
#1629 = VERTEX_POINT('',#1630);
#1630 = CARTESIAN_POINT('',(52.2,-136.02,56.));
#1631 = CIRCLE('',#1632,2.2);
#1632 = AXIS2_PLACEMENT_3D('',#1633,#1634,#1635);
#1633 = CARTESIAN_POINT('',(50.,-136.02,56.));
#1634 = DIRECTION('',(0.,-1.,2.2E-16));
#1635 = DIRECTION('',(1.,0.,0.));
#1636 = FACE_BOUND('',#1637,.T.);
#1637 = EDGE_LOOP('',(#1638));
#1638 = ORIENTED_EDGE('',*,*,#1639,.T.);
#1639 = EDGE_CURVE('',#1640,#1640,#1642,.T.);
#1640 = VERTEX_POINT('',#1641);
#1641 = CARTESIAN_POINT('',(64.2,-136.02,60.));
#1642 = CIRCLE('',#1643,2.2);
#1643 = AXIS2_PLACEMENT_3D('',#1644,#1645,#1646);
#1644 = CARTESIAN_POINT('',(62.,-136.02,60.));
#1645 = DIRECTION('',(0.,-1.,2.2E-16));
#1646 = DIRECTION('',(1.,0.,0.));
#1647 = FACE_BOUND('',#1648,.T.);
#1648 = EDGE_LOOP('',(#1649,#1660,#1669,#1678));
#1649 = ORIENTED_EDGE('',*,*,#1650,.T.);
#1650 = EDGE_CURVE('',#1651,#1653,#1655,.T.);
#1651 = VERTEX_POINT('',#1652);
#1652 = CARTESIAN_POINT('',(115.2,-136.02,52.));
#1653 = VERTEX_POINT('',#1654);
#1654 = CARTESIAN_POINT('',(109.71937515251,-136.02,48.));
#1655 = CIRCLE('',#1656,4.2);
#1656 = AXIS2_PLACEMENT_3D('',#1657,#1658,#1659);
#1657 = CARTESIAN_POINT('',(111.,-136.02,52.));
#1658 = DIRECTION('',(0.,-1.,2.2E-16));
#1659 = DIRECTION('',(1.,0.,0.));
#1660 = ORIENTED_EDGE('',*,*,#1661,.T.);
#1661 = EDGE_CURVE('',#1653,#1662,#1664,.T.);
#1662 = VERTEX_POINT('',#1663);
#1663 = CARTESIAN_POINT('',(115.2,-136.02,44.));
#1664 = CIRCLE('',#1665,4.2);
#1665 = AXIS2_PLACEMENT_3D('',#1666,#1667,#1668);
#1666 = CARTESIAN_POINT('',(111.,-136.02,44.));
#1667 = DIRECTION('',(0.,-1.,2.2E-16));
#1668 = DIRECTION('',(1.,0.,0.));
#1669 = ORIENTED_EDGE('',*,*,#1670,.T.);
#1670 = EDGE_CURVE('',#1662,#1671,#1673,.T.);
#1671 = VERTEX_POINT('',#1672);
#1672 = CARTESIAN_POINT('',(112.28062484748,-136.02,48.));
#1673 = CIRCLE('',#1674,4.2);
#1674 = AXIS2_PLACEMENT_3D('',#1675,#1676,#1677);
#1675 = CARTESIAN_POINT('',(111.,-136.02,44.));
#1676 = DIRECTION('',(0.,-1.,2.2E-16));
#1677 = DIRECTION('',(1.,0.,0.));
#1678 = ORIENTED_EDGE('',*,*,#1679,.T.);
#1679 = EDGE_CURVE('',#1671,#1651,#1680,.T.);
#1680 = CIRCLE('',#1681,4.2);
#1681 = AXIS2_PLACEMENT_3D('',#1682,#1683,#1684);
#1682 = CARTESIAN_POINT('',(111.,-136.02,52.));
#1683 = DIRECTION('',(0.,-1.,2.2E-16));
#1684 = DIRECTION('',(1.,0.,0.));
#1685 = FACE_BOUND('',#1686,.T.);
#1686 = EDGE_LOOP('',(#1687));
#1687 = ORIENTED_EDGE('',*,*,#1688,.T.);
#1688 = EDGE_CURVE('',#1689,#1689,#1691,.T.);
#1689 = VERTEX_POINT('',#1690);
#1690 = CARTESIAN_POINT('',(135.,-136.02,48.));
#1691 = CIRCLE('',#1692,8.);
#1692 = AXIS2_PLACEMENT_3D('',#1693,#1694,#1695);
#1693 = CARTESIAN_POINT('',(127.,-136.02,48.));
#1694 = DIRECTION('',(0.,-1.,2.2E-16));
#1695 = DIRECTION('',(1.,0.,0.));
#1696 = FACE_BOUND('',#1697,.T.);
#1697 = EDGE_LOOP('',(#1698,#1709,#1718,#1727));
#1698 = ORIENTED_EDGE('',*,*,#1699,.T.);
#1699 = EDGE_CURVE('',#1700,#1702,#1704,.T.);
#1700 = VERTEX_POINT('',#1701);
#1701 = CARTESIAN_POINT('',(147.2,-136.02,52.));
#1702 = VERTEX_POINT('',#1703);
#1703 = CARTESIAN_POINT('',(141.71937515251,-136.02,48.));
#1704 = CIRCLE('',#1705,4.2);
#1705 = AXIS2_PLACEMENT_3D('',#1706,#1707,#1708);
#1706 = CARTESIAN_POINT('',(143.,-136.02,52.));
#1707 = DIRECTION('',(0.,-1.,2.2E-16));
#1708 = DIRECTION('',(1.,0.,0.));
#1709 = ORIENTED_EDGE('',*,*,#1710,.T.);
#1710 = EDGE_CURVE('',#1702,#1711,#1713,.T.);
#1711 = VERTEX_POINT('',#1712);
#1712 = CARTESIAN_POINT('',(147.2,-136.02,44.));
#1713 = CIRCLE('',#1714,4.2);
#1714 = AXIS2_PLACEMENT_3D('',#1715,#1716,#1717);
#1715 = CARTESIAN_POINT('',(143.,-136.02,44.));
#1716 = DIRECTION('',(0.,-1.,2.2E-16));
#1717 = DIRECTION('',(1.,0.,0.));
#1718 = ORIENTED_EDGE('',*,*,#1719,.T.);
#1719 = EDGE_CURVE('',#1711,#1720,#1722,.T.);
#1720 = VERTEX_POINT('',#1721);
#1721 = CARTESIAN_POINT('',(144.28062484748,-136.02,48.));
#1722 = CIRCLE('',#1723,4.2);
#1723 = AXIS2_PLACEMENT_3D('',#1724,#1725,#1726);
#1724 = CARTESIAN_POINT('',(143.,-136.02,44.));
#1725 = DIRECTION('',(0.,-1.,2.2E-16));
#1726 = DIRECTION('',(1.,0.,0.));
#1727 = ORIENTED_EDGE('',*,*,#1728,.T.);
#1728 = EDGE_CURVE('',#1720,#1700,#1729,.T.);
#1729 = CIRCLE('',#1730,4.2);
#1730 = AXIS2_PLACEMENT_3D('',#1731,#1732,#1733);
#1731 = CARTESIAN_POINT('',(143.,-136.02,52.));
#1732 = DIRECTION('',(0.,-1.,2.2E-16));
#1733 = DIRECTION('',(1.,0.,0.));
#1734 = FACE_BOUND('',#1735,.T.);
#1735 = EDGE_LOOP('',(#1736,#1747,#1756));
#1736 = ORIENTED_EDGE('',*,*,#1737,.T.);
#1737 = EDGE_CURVE('',#1738,#1740,#1742,.T.);
#1738 = VERTEX_POINT('',#1739);
#1739 = CARTESIAN_POINT('',(179.73692786976,-136.02,42.805480206474));
#1740 = VERTEX_POINT('',#1741);
#1741 = CARTESIAN_POINT('',(184.25,-136.02,45.8));
#1742 = CIRCLE('',#1743,3.25);
#1743 = AXIS2_PLACEMENT_3D('',#1744,#1745,#1746);
#1744 = CARTESIAN_POINT('',(181.,-136.02,45.8));
#1745 = DIRECTION('',(0.,-1.,2.2E-16));
#1746 = DIRECTION('',(1.,0.,0.));
#1747 = ORIENTED_EDGE('',*,*,#1748,.T.);
#1748 = EDGE_CURVE('',#1740,#1749,#1751,.T.);
#1749 = VERTEX_POINT('',#1750);
#1750 = CARTESIAN_POINT('',(177.7534632579,-136.02,45.949997274054));
#1751 = CIRCLE('',#1752,3.25);
#1752 = AXIS2_PLACEMENT_3D('',#1753,#1754,#1755);
#1753 = CARTESIAN_POINT('',(181.,-136.02,45.8));
#1754 = DIRECTION('',(0.,-1.,2.2E-16));
#1755 = DIRECTION('',(1.,0.,0.));
#1756 = ORIENTED_EDGE('',*,*,#1757,.T.);
#1757 = EDGE_CURVE('',#1749,#1738,#1758,.T.);
#1758 = CIRCLE('',#1759,2.2);
#1759 = AXIS2_PLACEMENT_3D('',#1760,#1761,#1762);
#1760 = CARTESIAN_POINT('',(177.75,-136.02,43.75));
#1761 = DIRECTION('',(0.,-1.,2.2E-16));
#1762 = DIRECTION('',(1.,0.,0.));
#1763 = FACE_BOUND('',#1764,.T.);
#1764 = EDGE_LOOP('',(#1765));
#1765 = ORIENTED_EDGE('',*,*,#1766,.T.);
#1766 = EDGE_CURVE('',#1767,#1767,#1769,.T.);
#1767 = VERTEX_POINT('',#1768);
#1768 = CARTESIAN_POINT('',(202.25,-136.02,45.8));
#1769 = CIRCLE('',#1770,3.25);
#1770 = AXIS2_PLACEMENT_3D('',#1771,#1772,#1773);
#1771 = CARTESIAN_POINT('',(199.,-136.02,45.8));
#1772 = DIRECTION('',(0.,-1.,2.2E-16));
#1773 = DIRECTION('',(1.,0.,0.));
#1774 = FACE_BOUND('',#1775,.T.);
#1775 = EDGE_LOOP('',(#1776));
#1776 = ORIENTED_EDGE('',*,*,#1777,.T.);
#1777 = EDGE_CURVE('',#1778,#1778,#1780,.T.);
#1778 = VERTEX_POINT('',#1779);
#1779 = CARTESIAN_POINT('',(121.25,-136.02,57.));
#1780 = CIRCLE('',#1781,3.25);
#1781 = AXIS2_PLACEMENT_3D('',#1782,#1783,#1784);
#1782 = CARTESIAN_POINT('',(118.,-136.02,57.));
#1783 = DIRECTION('',(0.,-1.,2.2E-16));
#1784 = DIRECTION('',(1.,0.,0.));
#1785 = FACE_BOUND('',#1786,.T.);
#1786 = EDGE_LOOP('',(#1787));
#1787 = ORIENTED_EDGE('',*,*,#1788,.T.);
#1788 = EDGE_CURVE('',#1789,#1789,#1791,.T.);
#1789 = VERTEX_POINT('',#1790);
#1790 = CARTESIAN_POINT('',(139.25,-136.02,57.));
#1791 = CIRCLE('',#1792,3.25);
#1792 = AXIS2_PLACEMENT_3D('',#1793,#1794,#1795);
#1793 = CARTESIAN_POINT('',(136.,-136.02,57.));
#1794 = DIRECTION('',(0.,-1.,2.2E-16));
#1795 = DIRECTION('',(1.,0.,0.));
#1796 = PLANE('',#1797);
#1797 = AXIS2_PLACEMENT_3D('',#1798,#1799,#1800);
#1798 = CARTESIAN_POINT('',(-222.25,-136.02,15.75));
#1799 = DIRECTION('',(0.,1.,0.));
#1800 = DIRECTION('',(0.,0.,1.));
#1801 = ADVANCED_FACE('',(#1802),#1820,.F.);
#1802 = FACE_BOUND('',#1803,.F.);
#1803 = EDGE_LOOP('',(#1804,#1805,#1813,#1819));
#1804 = ORIENTED_EDGE('',*,*,#71,.F.);
#1805 = ORIENTED_EDGE('',*,*,#1806,.T.);
#1806 = EDGE_CURVE('',#64,#1807,#1809,.T.);
#1807 = VERTEX_POINT('',#1808);
#1808 = CARTESIAN_POINT('',(222.25,-138.52,15.75));
#1809 = LINE('',#1810,#1811);
#1810 = CARTESIAN_POINT('',(-223.25,-138.52,15.75));
#1811 = VECTOR('',#1812,1.);
#1812 = DIRECTION('',(1.,0.,0.));
#1813 = ORIENTED_EDGE('',*,*,#1814,.T.);
#1814 = EDGE_CURVE('',#1807,#604,#1815,.T.);
#1815 = LINE('',#1816,#1817);
#1816 = CARTESIAN_POINT('',(222.25,-184.02,15.75));
#1817 = VECTOR('',#1818,1.);
#1818 = DIRECTION('',(0.,1.,0.));
#1819 = ORIENTED_EDGE('',*,*,#611,.F.);
#1820 = PLANE('',#1821);
#1821 = AXIS2_PLACEMENT_3D('',#1822,#1823,#1824);
#1822 = CARTESIAN_POINT('',(-222.25,-184.02,15.75));
#1823 = DIRECTION('',(0.,0.,1.));
#1824 = DIRECTION('',(1.,0.,0.));
#1825 = ADVANCED_FACE('',(#1826,#2006,#2017,#2028,#2039,#2050,#2061,
    #2072,#2083,#2094,#2105,#2116,#2127,#2138,#2149,#2160,#2171,#2182,
    #2193,#2204,#2215,#2226,#2237,#2248,#2259,#2270,#2281,#2319,#2330,
    #2368,#2379,#2390,#2401,#2412,#2423,#2434,#2445,#2474,#2485,#2496,
    #2525,#2536,#2547,#2558,#2569,#2580,#2591,#2602,#2613,#2624,#2635,
    #2646,#2657,#2686,#2697,#2726,#2737,#2748,#2759,#2833,#2844,#2855,
    #2866,#2877,#2888,#2926,#2937,#2975,#3004,#3015,#3026),#3037,.F.);
#1826 = FACE_BOUND('',#1827,.F.);
#1827 = EDGE_LOOP('',(#1828,#1838,#1844,#1845,#1846,#1854,#1863,#1871,
    #1880,#1888,#1897,#1905,#1914,#1922,#1931,#1939,#1948,#1957,#1965,
    #1974,#1982,#1991,#1999));
#1828 = ORIENTED_EDGE('',*,*,#1829,.T.);
#1829 = EDGE_CURVE('',#1830,#1832,#1834,.T.);
#1830 = VERTEX_POINT('',#1831);
#1831 = CARTESIAN_POINT('',(156.31821178799,-138.52,61.25));
#1832 = VERTEX_POINT('',#1833);
#1833 = CARTESIAN_POINT('',(222.25,-138.52,61.25));
#1834 = LINE('',#1835,#1836);
#1835 = CARTESIAN_POINT('',(-223.25,-138.52,61.25));
#1836 = VECTOR('',#1837,1.);
#1837 = DIRECTION('',(1.,0.,0.));
#1838 = ORIENTED_EDGE('',*,*,#1839,.F.);
#1839 = EDGE_CURVE('',#1807,#1832,#1840,.T.);
#1840 = LINE('',#1841,#1842);
#1841 = CARTESIAN_POINT('',(222.25,-138.52,15.75));
#1842 = VECTOR('',#1843,1.);
#1843 = DIRECTION('',(0.,0.,1.));
#1844 = ORIENTED_EDGE('',*,*,#1806,.F.);
#1845 = ORIENTED_EDGE('',*,*,#63,.T.);
#1846 = ORIENTED_EDGE('',*,*,#1847,.T.);
#1847 = EDGE_CURVE('',#56,#1848,#1850,.T.);
#1848 = VERTEX_POINT('',#1849);
#1849 = CARTESIAN_POINT('',(-156.3182117879,-138.52,61.25));
#1850 = LINE('',#1851,#1852);
#1851 = CARTESIAN_POINT('',(-223.25,-138.52,61.25));
#1852 = VECTOR('',#1853,1.);
#1853 = DIRECTION('',(1.,0.,0.));
#1854 = ORIENTED_EDGE('',*,*,#1855,.T.);
#1855 = EDGE_CURVE('',#1848,#1856,#1858,.T.);
#1856 = VERTEX_POINT('',#1857);
#1857 = CARTESIAN_POINT('',(-152.181788212,-138.52,61.25));
#1858 = CIRCLE('',#1859,2.2);
#1859 = AXIS2_PLACEMENT_3D('',#1860,#1861,#1862);
#1860 = CARTESIAN_POINT('',(-154.25,-138.52,62.));
#1861 = DIRECTION('',(0.,-1.,2.2E-16));
#1862 = DIRECTION('',(1.,0.,0.));
#1863 = ORIENTED_EDGE('',*,*,#1864,.T.);
#1864 = EDGE_CURVE('',#1856,#1865,#1867,.T.);
#1865 = VERTEX_POINT('',#1866);
#1866 = CARTESIAN_POINT('',(-101.8182117879,-138.52,61.25));
#1867 = LINE('',#1868,#1869);
#1868 = CARTESIAN_POINT('',(-223.25,-138.52,61.25));
#1869 = VECTOR('',#1870,1.);
#1870 = DIRECTION('',(1.,0.,0.));
#1871 = ORIENTED_EDGE('',*,*,#1872,.T.);
#1872 = EDGE_CURVE('',#1865,#1873,#1875,.T.);
#1873 = VERTEX_POINT('',#1874);
#1874 = CARTESIAN_POINT('',(-97.681788212,-138.52,61.25));
#1875 = CIRCLE('',#1876,2.2);
#1876 = AXIS2_PLACEMENT_3D('',#1877,#1878,#1879);
#1877 = CARTESIAN_POINT('',(-99.75,-138.52,62.));
#1878 = DIRECTION('',(0.,-1.,2.2E-16));
#1879 = DIRECTION('',(1.,0.,0.));
#1880 = ORIENTED_EDGE('',*,*,#1881,.T.);
#1881 = EDGE_CURVE('',#1873,#1882,#1884,.T.);
#1882 = VERTEX_POINT('',#1883);
#1883 = CARTESIAN_POINT('',(-62.06821178799,-138.52,61.25));
#1884 = LINE('',#1885,#1886);
#1885 = CARTESIAN_POINT('',(-223.25,-138.52,61.25));
#1886 = VECTOR('',#1887,1.);
#1887 = DIRECTION('',(1.,0.,0.));
#1888 = ORIENTED_EDGE('',*,*,#1889,.T.);
#1889 = EDGE_CURVE('',#1882,#1890,#1892,.T.);
#1890 = VERTEX_POINT('',#1891);
#1891 = CARTESIAN_POINT('',(-57.931788212,-138.52,61.25));
#1892 = CIRCLE('',#1893,2.2);
#1893 = AXIS2_PLACEMENT_3D('',#1894,#1895,#1896);
#1894 = CARTESIAN_POINT('',(-60.,-138.52,62.));
#1895 = DIRECTION('',(0.,-1.,2.2E-16));
#1896 = DIRECTION('',(1.,0.,0.));
#1897 = ORIENTED_EDGE('',*,*,#1898,.T.);
#1898 = EDGE_CURVE('',#1890,#1899,#1901,.T.);
#1899 = VERTEX_POINT('',#1900);
#1900 = CARTESIAN_POINT('',(-22.06821178799,-138.52,61.25));
#1901 = LINE('',#1902,#1903);
#1902 = CARTESIAN_POINT('',(-223.25,-138.52,61.25));
#1903 = VECTOR('',#1904,1.);
#1904 = DIRECTION('',(1.,0.,0.));
#1905 = ORIENTED_EDGE('',*,*,#1906,.T.);
#1906 = EDGE_CURVE('',#1899,#1907,#1909,.T.);
#1907 = VERTEX_POINT('',#1908);
#1908 = CARTESIAN_POINT('',(-17.931788212,-138.52,61.25));
#1909 = CIRCLE('',#1910,2.2);
#1910 = AXIS2_PLACEMENT_3D('',#1911,#1912,#1913);
#1911 = CARTESIAN_POINT('',(-20.,-138.52,62.));
#1912 = DIRECTION('',(0.,-1.,2.2E-16));
#1913 = DIRECTION('',(1.,0.,0.));
#1914 = ORIENTED_EDGE('',*,*,#1915,.T.);
#1915 = EDGE_CURVE('',#1907,#1916,#1918,.T.);
#1916 = VERTEX_POINT('',#1917);
#1917 = CARTESIAN_POINT('',(17.931788212006,-138.52,61.25));
#1918 = LINE('',#1919,#1920);
#1919 = CARTESIAN_POINT('',(-223.25,-138.52,61.25));
#1920 = VECTOR('',#1921,1.);
#1921 = DIRECTION('',(1.,0.,0.));
#1922 = ORIENTED_EDGE('',*,*,#1923,.T.);
#1923 = EDGE_CURVE('',#1916,#1924,#1926,.T.);
#1924 = VERTEX_POINT('',#1925);
#1925 = CARTESIAN_POINT('',(22.068211787994,-138.52,61.25));
#1926 = CIRCLE('',#1927,2.2);
#1927 = AXIS2_PLACEMENT_3D('',#1928,#1929,#1930);
#1928 = CARTESIAN_POINT('',(20.,-138.52,62.));
#1929 = DIRECTION('',(0.,-1.,2.2E-16));
#1930 = DIRECTION('',(1.,0.,0.));
#1931 = ORIENTED_EDGE('',*,*,#1932,.T.);
#1932 = EDGE_CURVE('',#1924,#1933,#1935,.T.);
#1933 = VERTEX_POINT('',#1934);
#1934 = CARTESIAN_POINT('',(60.189613300978,-138.52,61.25));
#1935 = LINE('',#1936,#1937);
#1936 = CARTESIAN_POINT('',(-223.25,-138.52,61.25));
#1937 = VECTOR('',#1938,1.);
#1938 = DIRECTION('',(1.,0.,0.));
#1939 = ORIENTED_EDGE('',*,*,#1940,.T.);
#1940 = EDGE_CURVE('',#1933,#1941,#1943,.T.);
#1941 = VERTEX_POINT('',#1942);
#1942 = CARTESIAN_POINT('',(64.2,-138.52,60.));
#1943 = CIRCLE('',#1944,2.2);
#1944 = AXIS2_PLACEMENT_3D('',#1945,#1946,#1947);
#1945 = CARTESIAN_POINT('',(62.,-138.52,60.));
#1946 = DIRECTION('',(0.,-1.,2.2E-16));
#1947 = DIRECTION('',(1.,0.,0.));
#1948 = ORIENTED_EDGE('',*,*,#1949,.T.);
#1949 = EDGE_CURVE('',#1941,#1950,#1952,.T.);
#1950 = VERTEX_POINT('',#1951);
#1951 = CARTESIAN_POINT('',(63.810386699022,-138.52,61.25));
#1952 = CIRCLE('',#1953,2.2);
#1953 = AXIS2_PLACEMENT_3D('',#1954,#1955,#1956);
#1954 = CARTESIAN_POINT('',(62.,-138.52,60.));
#1955 = DIRECTION('',(0.,-1.,2.2E-16));
#1956 = DIRECTION('',(1.,0.,0.));
#1957 = ORIENTED_EDGE('',*,*,#1958,.T.);
#1958 = EDGE_CURVE('',#1950,#1959,#1961,.T.);
#1959 = VERTEX_POINT('',#1960);
#1960 = CARTESIAN_POINT('',(79.931788212006,-138.52,61.25));
#1961 = LINE('',#1962,#1963);
#1962 = CARTESIAN_POINT('',(-223.25,-138.52,61.25));
#1963 = VECTOR('',#1964,1.);
#1964 = DIRECTION('',(1.,0.,0.));
#1965 = ORIENTED_EDGE('',*,*,#1966,.T.);
#1966 = EDGE_CURVE('',#1959,#1967,#1969,.T.);
#1967 = VERTEX_POINT('',#1968);
#1968 = CARTESIAN_POINT('',(84.068211787994,-138.52,61.25));
#1969 = CIRCLE('',#1970,2.2);
#1970 = AXIS2_PLACEMENT_3D('',#1971,#1972,#1973);
#1971 = CARTESIAN_POINT('',(82.,-138.52,62.));
#1972 = DIRECTION('',(0.,-1.,2.2E-16));
#1973 = DIRECTION('',(1.,0.,0.));
#1974 = ORIENTED_EDGE('',*,*,#1975,.T.);
#1975 = EDGE_CURVE('',#1967,#1976,#1978,.T.);
#1976 = VERTEX_POINT('',#1977);
#1977 = CARTESIAN_POINT('',(97.681788212006,-138.52,61.25));
#1978 = LINE('',#1979,#1980);
#1979 = CARTESIAN_POINT('',(-223.25,-138.52,61.25));
#1980 = VECTOR('',#1981,1.);
#1981 = DIRECTION('',(1.,0.,0.));
#1982 = ORIENTED_EDGE('',*,*,#1983,.T.);
#1983 = EDGE_CURVE('',#1976,#1984,#1986,.T.);
#1984 = VERTEX_POINT('',#1985);
#1985 = CARTESIAN_POINT('',(101.81821178799,-138.52,61.25));
#1986 = CIRCLE('',#1987,2.2);
#1987 = AXIS2_PLACEMENT_3D('',#1988,#1989,#1990);
#1988 = CARTESIAN_POINT('',(99.75,-138.52,62.));
#1989 = DIRECTION('',(0.,-1.,2.2E-16));
#1990 = DIRECTION('',(1.,0.,0.));
#1991 = ORIENTED_EDGE('',*,*,#1992,.T.);
#1992 = EDGE_CURVE('',#1984,#1993,#1995,.T.);
#1993 = VERTEX_POINT('',#1994);
#1994 = CARTESIAN_POINT('',(152.181788212,-138.52,61.25));
#1995 = LINE('',#1996,#1997);
#1996 = CARTESIAN_POINT('',(-223.25,-138.52,61.25));
#1997 = VECTOR('',#1998,1.);
#1998 = DIRECTION('',(1.,0.,0.));
#1999 = ORIENTED_EDGE('',*,*,#2000,.T.);
#2000 = EDGE_CURVE('',#1993,#1830,#2001,.T.);
#2001 = CIRCLE('',#2002,2.2);
#2002 = AXIS2_PLACEMENT_3D('',#2003,#2004,#2005);
#2003 = CARTESIAN_POINT('',(154.25,-138.52,62.));
#2004 = DIRECTION('',(0.,-1.,2.2E-16));
#2005 = DIRECTION('',(1.,0.,0.));
#2006 = FACE_BOUND('',#2007,.F.);
#2007 = EDGE_LOOP('',(#2008));
#2008 = ORIENTED_EDGE('',*,*,#2009,.T.);
#2009 = EDGE_CURVE('',#2010,#2010,#2012,.T.);
#2010 = VERTEX_POINT('',#2011);
#2011 = CARTESIAN_POINT('',(-181.92,-138.52,20.));
#2012 = CIRCLE('',#2013,2.2);
#2013 = AXIS2_PLACEMENT_3D('',#2014,#2015,#2016);
#2014 = CARTESIAN_POINT('',(-184.12,-138.52,20.));
#2015 = DIRECTION('',(0.,-1.,2.2E-16));
#2016 = DIRECTION('',(1.,0.,0.));
#2017 = FACE_BOUND('',#2018,.F.);
#2018 = EDGE_LOOP('',(#2019));
#2019 = ORIENTED_EDGE('',*,*,#2020,.T.);
#2020 = EDGE_CURVE('',#2021,#2021,#2023,.T.);
#2021 = VERTEX_POINT('',#2022);
#2022 = CARTESIAN_POINT('',(-167.92,-138.52,20.));
#2023 = CIRCLE('',#2024,2.2);
#2024 = AXIS2_PLACEMENT_3D('',#2025,#2026,#2027);
#2025 = CARTESIAN_POINT('',(-170.12,-138.52,20.));
#2026 = DIRECTION('',(0.,-1.,2.2E-16));
#2027 = DIRECTION('',(1.,0.,0.));
#2028 = FACE_BOUND('',#2029,.F.);
#2029 = EDGE_LOOP('',(#2030));
#2030 = ORIENTED_EDGE('',*,*,#2031,.T.);
#2031 = EDGE_CURVE('',#2032,#2032,#2034,.T.);
#2032 = VERTEX_POINT('',#2033);
#2033 = CARTESIAN_POINT('',(-204.05,-138.52,27.75));
#2034 = CIRCLE('',#2035,2.2);
#2035 = AXIS2_PLACEMENT_3D('',#2036,#2037,#2038);
#2036 = CARTESIAN_POINT('',(-206.25,-138.52,27.75));
#2037 = DIRECTION('',(0.,-1.,2.2E-16));
#2038 = DIRECTION('',(1.,0.,0.));
#2039 = FACE_BOUND('',#2040,.F.);
#2040 = EDGE_LOOP('',(#2041));
#2041 = ORIENTED_EDGE('',*,*,#2042,.T.);
#2042 = EDGE_CURVE('',#2043,#2043,#2045,.T.);
#2043 = VERTEX_POINT('',#2044);
#2044 = CARTESIAN_POINT('',(-156.05,-138.52,27.75));
#2045 = CIRCLE('',#2046,2.2);
#2046 = AXIS2_PLACEMENT_3D('',#2047,#2048,#2049);
#2047 = CARTESIAN_POINT('',(-158.25,-138.52,27.75));
#2048 = DIRECTION('',(0.,-1.,2.2E-16));
#2049 = DIRECTION('',(1.,0.,0.));
#2050 = FACE_BOUND('',#2051,.F.);
#2051 = EDGE_LOOP('',(#2052));
#2052 = ORIENTED_EDGE('',*,*,#2053,.T.);
#2053 = EDGE_CURVE('',#2054,#2054,#2056,.T.);
#2054 = VERTEX_POINT('',#2055);
#2055 = CARTESIAN_POINT('',(-181.92,-138.52,35.75));
#2056 = CIRCLE('',#2057,2.2);
#2057 = AXIS2_PLACEMENT_3D('',#2058,#2059,#2060);
#2058 = CARTESIAN_POINT('',(-184.12,-138.52,35.75));
#2059 = DIRECTION('',(0.,-1.,2.2E-16));
#2060 = DIRECTION('',(1.,0.,0.));
#2061 = FACE_BOUND('',#2062,.F.);
#2062 = EDGE_LOOP('',(#2063));
#2063 = ORIENTED_EDGE('',*,*,#2064,.T.);
#2064 = EDGE_CURVE('',#2065,#2065,#2067,.T.);
#2065 = VERTEX_POINT('',#2066);
#2066 = CARTESIAN_POINT('',(-167.92,-138.52,35.75));
#2067 = CIRCLE('',#2068,2.2);
#2068 = AXIS2_PLACEMENT_3D('',#2069,#2070,#2071);
#2069 = CARTESIAN_POINT('',(-170.12,-138.52,35.75));
#2070 = DIRECTION('',(0.,-1.,2.2E-16));
#2071 = DIRECTION('',(1.,0.,0.));
#2072 = FACE_BOUND('',#2073,.F.);
#2073 = EDGE_LOOP('',(#2074));
#2074 = ORIENTED_EDGE('',*,*,#2075,.T.);
#2075 = EDGE_CURVE('',#2076,#2076,#2078,.T.);
#2076 = VERTEX_POINT('',#2077);
#2077 = CARTESIAN_POINT('',(-108.05,-138.52,27.75));
#2078 = CIRCLE('',#2079,2.2);
#2079 = AXIS2_PLACEMENT_3D('',#2080,#2081,#2082);
#2080 = CARTESIAN_POINT('',(-110.25,-138.52,27.75));
#2081 = DIRECTION('',(0.,-1.,2.2E-16));
#2082 = DIRECTION('',(1.,0.,0.));
#2083 = FACE_BOUND('',#2084,.F.);
#2084 = EDGE_LOOP('',(#2085));
#2085 = ORIENTED_EDGE('',*,*,#2086,.T.);
#2086 = EDGE_CURVE('',#2087,#2087,#2089,.T.);
#2087 = VERTEX_POINT('',#2088);
#2088 = CARTESIAN_POINT('',(-152.05,-138.52,34.));
#2089 = CIRCLE('',#2090,2.2);
#2090 = AXIS2_PLACEMENT_3D('',#2091,#2092,#2093);
#2091 = CARTESIAN_POINT('',(-154.25,-138.52,34.));
#2092 = DIRECTION('',(0.,-1.,2.2E-16));
#2093 = DIRECTION('',(1.,0.,0.));
#2094 = FACE_BOUND('',#2095,.F.);
#2095 = EDGE_LOOP('',(#2096));
#2096 = ORIENTED_EDGE('',*,*,#2097,.T.);
#2097 = EDGE_CURVE('',#2098,#2098,#2100,.T.);
#2098 = VERTEX_POINT('',#2099);
#2099 = CARTESIAN_POINT('',(-71.8,-138.52,19.67));
#2100 = CIRCLE('',#2101,2.2);
#2101 = AXIS2_PLACEMENT_3D('',#2102,#2103,#2104);
#2102 = CARTESIAN_POINT('',(-74.,-138.52,19.67));
#2103 = DIRECTION('',(0.,-1.,2.2E-16));
#2104 = DIRECTION('',(1.,0.,0.));
#2105 = FACE_BOUND('',#2106,.F.);
#2106 = EDGE_LOOP('',(#2107));
#2107 = ORIENTED_EDGE('',*,*,#2108,.T.);
#2108 = EDGE_CURVE('',#2109,#2109,#2111,.T.);
#2109 = VERTEX_POINT('',#2110);
#2110 = CARTESIAN_POINT('',(-63.8,-138.52,19.67));
#2111 = CIRCLE('',#2112,2.2);
#2112 = AXIS2_PLACEMENT_3D('',#2113,#2114,#2115);
#2113 = CARTESIAN_POINT('',(-66.,-138.52,19.67));
#2114 = DIRECTION('',(0.,-1.,2.2E-16));
#2115 = DIRECTION('',(1.,0.,0.));
#2116 = FACE_BOUND('',#2117,.F.);
#2117 = EDGE_LOOP('',(#2118));
#2118 = ORIENTED_EDGE('',*,*,#2119,.T.);
#2119 = EDGE_CURVE('',#2120,#2120,#2122,.T.);
#2120 = VERTEX_POINT('',#2121);
#2121 = CARTESIAN_POINT('',(-41.8,-138.52,19.67));
#2122 = CIRCLE('',#2123,2.2);
#2123 = AXIS2_PLACEMENT_3D('',#2124,#2125,#2126);
#2124 = CARTESIAN_POINT('',(-44.,-138.52,19.67));
#2125 = DIRECTION('',(0.,-1.,2.2E-16));
#2126 = DIRECTION('',(1.,0.,0.));
#2127 = FACE_BOUND('',#2128,.F.);
#2128 = EDGE_LOOP('',(#2129));
#2129 = ORIENTED_EDGE('',*,*,#2130,.T.);
#2130 = EDGE_CURVE('',#2131,#2131,#2133,.T.);
#2131 = VERTEX_POINT('',#2132);
#2132 = CARTESIAN_POINT('',(-33.8,-138.52,19.67));
#2133 = CIRCLE('',#2134,2.2);
#2134 = AXIS2_PLACEMENT_3D('',#2135,#2136,#2137);
#2135 = CARTESIAN_POINT('',(-36.,-138.52,19.67));
#2136 = DIRECTION('',(0.,-1.,2.2E-16));
#2137 = DIRECTION('',(1.,0.,0.));
#2138 = FACE_BOUND('',#2139,.F.);
#2139 = EDGE_LOOP('',(#2140));
#2140 = ORIENTED_EDGE('',*,*,#2141,.T.);
#2141 = EDGE_CURVE('',#2142,#2142,#2144,.T.);
#2142 = VERTEX_POINT('',#2143);
#2143 = CARTESIAN_POINT('',(-12.8,-138.52,19.67));
#2144 = CIRCLE('',#2145,2.2);
#2145 = AXIS2_PLACEMENT_3D('',#2146,#2147,#2148);
#2146 = CARTESIAN_POINT('',(-15.,-138.52,19.67));
#2147 = DIRECTION('',(0.,-1.,2.2E-16));
#2148 = DIRECTION('',(1.,0.,0.));
#2149 = FACE_BOUND('',#2150,.F.);
#2150 = EDGE_LOOP('',(#2151));
#2151 = ORIENTED_EDGE('',*,*,#2152,.T.);
#2152 = EDGE_CURVE('',#2153,#2153,#2155,.T.);
#2153 = VERTEX_POINT('',#2154);
#2154 = CARTESIAN_POINT('',(-4.8,-138.52,19.67));
#2155 = CIRCLE('',#2156,2.2);
#2156 = AXIS2_PLACEMENT_3D('',#2157,#2158,#2159);
#2157 = CARTESIAN_POINT('',(-7.,-138.52,19.67));
#2158 = DIRECTION('',(0.,-1.,2.2E-16));
#2159 = DIRECTION('',(1.,0.,0.));
#2160 = FACE_BOUND('',#2161,.F.);
#2161 = EDGE_LOOP('',(#2162));
#2162 = ORIENTED_EDGE('',*,*,#2163,.T.);
#2163 = EDGE_CURVE('',#2164,#2164,#2166,.T.);
#2164 = VERTEX_POINT('',#2165);
#2165 = CARTESIAN_POINT('',(-87.8,-138.52,28.));
#2166 = CIRCLE('',#2167,2.2);
#2167 = AXIS2_PLACEMENT_3D('',#2168,#2169,#2170);
#2168 = CARTESIAN_POINT('',(-90.,-138.52,28.));
#2169 = DIRECTION('',(0.,-1.,2.2E-16));
#2170 = DIRECTION('',(1.,0.,0.));
#2171 = FACE_BOUND('',#2172,.F.);
#2172 = EDGE_LOOP('',(#2173));
#2173 = ORIENTED_EDGE('',*,*,#2174,.T.);
#2174 = EDGE_CURVE('',#2175,#2175,#2177,.T.);
#2175 = VERTEX_POINT('',#2176);
#2176 = CARTESIAN_POINT('',(-69.8,-138.52,28.));
#2177 = CIRCLE('',#2178,2.2);
#2178 = AXIS2_PLACEMENT_3D('',#2179,#2180,#2181);
#2179 = CARTESIAN_POINT('',(-72.,-138.52,28.));
#2180 = DIRECTION('',(0.,-1.,2.2E-16));
#2181 = DIRECTION('',(1.,0.,0.));
#2182 = FACE_BOUND('',#2183,.F.);
#2183 = EDGE_LOOP('',(#2184));
#2184 = ORIENTED_EDGE('',*,*,#2185,.T.);
#2185 = EDGE_CURVE('',#2186,#2186,#2188,.T.);
#2186 = VERTEX_POINT('',#2187);
#2187 = CARTESIAN_POINT('',(-60.05,-138.52,27.75));
#2188 = CIRCLE('',#2189,2.2);
#2189 = AXIS2_PLACEMENT_3D('',#2190,#2191,#2192);
#2190 = CARTESIAN_POINT('',(-62.25,-138.52,27.75));
#2191 = DIRECTION('',(0.,-1.,2.2E-16));
#2192 = DIRECTION('',(1.,0.,0.));
#2193 = FACE_BOUND('',#2194,.F.);
#2194 = EDGE_LOOP('',(#2195));
#2195 = ORIENTED_EDGE('',*,*,#2196,.T.);
#2196 = EDGE_CURVE('',#2197,#2197,#2199,.T.);
#2197 = VERTEX_POINT('',#2198);
#2198 = CARTESIAN_POINT('',(-97.55,-138.52,34.));
#2199 = CIRCLE('',#2200,2.2);
#2200 = AXIS2_PLACEMENT_3D('',#2201,#2202,#2203);
#2201 = CARTESIAN_POINT('',(-99.75,-138.52,34.));
#2202 = DIRECTION('',(0.,-1.,2.2E-16));
#2203 = DIRECTION('',(1.,0.,0.));
#2204 = FACE_BOUND('',#2205,.F.);
#2205 = EDGE_LOOP('',(#2206));
#2206 = ORIENTED_EDGE('',*,*,#2207,.T.);
#2207 = EDGE_CURVE('',#2208,#2208,#2210,.T.);
#2208 = VERTEX_POINT('',#2209);
#2209 = CARTESIAN_POINT('',(-37.8,-138.52,28.));
#2210 = CIRCLE('',#2211,2.2);
#2211 = AXIS2_PLACEMENT_3D('',#2212,#2213,#2214);
#2212 = CARTESIAN_POINT('',(-40.,-138.52,28.));
#2213 = DIRECTION('',(0.,-1.,2.2E-16));
#2214 = DIRECTION('',(1.,0.,0.));
#2215 = FACE_BOUND('',#2216,.F.);
#2216 = EDGE_LOOP('',(#2217));
#2217 = ORIENTED_EDGE('',*,*,#2218,.T.);
#2218 = EDGE_CURVE('',#2219,#2219,#2221,.T.);
#2219 = VERTEX_POINT('',#2220);
#2220 = CARTESIAN_POINT('',(-29.8,-138.52,28.));
#2221 = CIRCLE('',#2222,2.2);
#2222 = AXIS2_PLACEMENT_3D('',#2223,#2224,#2225);
#2223 = CARTESIAN_POINT('',(-32.,-138.52,28.));
#2224 = DIRECTION('',(0.,-1.,2.2E-16));
#2225 = DIRECTION('',(1.,0.,0.));
#2226 = FACE_BOUND('',#2227,.F.);
#2227 = EDGE_LOOP('',(#2228));
#2228 = ORIENTED_EDGE('',*,*,#2229,.T.);
#2229 = EDGE_CURVE('',#2230,#2230,#2232,.T.);
#2230 = VERTEX_POINT('',#2231);
#2231 = CARTESIAN_POINT('',(-12.05,-138.52,27.75));
#2232 = CIRCLE('',#2233,2.2);
#2233 = AXIS2_PLACEMENT_3D('',#2234,#2235,#2236);
#2234 = CARTESIAN_POINT('',(-14.25,-138.52,27.75));
#2235 = DIRECTION('',(0.,-1.,2.2E-16));
#2236 = DIRECTION('',(1.,0.,0.));
#2237 = FACE_BOUND('',#2238,.F.);
#2238 = EDGE_LOOP('',(#2239));
#2239 = ORIENTED_EDGE('',*,*,#2240,.T.);
#2240 = EDGE_CURVE('',#2241,#2241,#2243,.T.);
#2241 = VERTEX_POINT('',#2242);
#2242 = CARTESIAN_POINT('',(-204.05,-138.52,43.75));
#2243 = CIRCLE('',#2244,2.2);
#2244 = AXIS2_PLACEMENT_3D('',#2245,#2246,#2247);
#2245 = CARTESIAN_POINT('',(-206.25,-138.52,43.75));
#2246 = DIRECTION('',(0.,-1.,2.2E-16));
#2247 = DIRECTION('',(1.,0.,0.));
#2248 = FACE_BOUND('',#2249,.F.);
#2249 = EDGE_LOOP('',(#2250));
#2250 = ORIENTED_EDGE('',*,*,#2251,.T.);
#2251 = EDGE_CURVE('',#2252,#2252,#2254,.T.);
#2252 = VERTEX_POINT('',#2253);
#2253 = CARTESIAN_POINT('',(-156.05,-138.52,43.75));
#2254 = CIRCLE('',#2255,2.2);
#2255 = AXIS2_PLACEMENT_3D('',#2256,#2257,#2258);
#2256 = CARTESIAN_POINT('',(-158.25,-138.52,43.75));
#2257 = DIRECTION('',(0.,-1.,2.2E-16));
#2258 = DIRECTION('',(1.,0.,0.));
#2259 = FACE_BOUND('',#2260,.F.);
#2260 = EDGE_LOOP('',(#2261));
#2261 = ORIENTED_EDGE('',*,*,#2262,.T.);
#2262 = EDGE_CURVE('',#2263,#2263,#2265,.T.);
#2263 = VERTEX_POINT('',#2264);
#2264 = CARTESIAN_POINT('',(-132.75,-138.52,39.));
#2265 = CIRCLE('',#2266,3.25);
#2266 = AXIS2_PLACEMENT_3D('',#2267,#2268,#2269);
#2267 = CARTESIAN_POINT('',(-136.,-138.52,39.));
#2268 = DIRECTION('',(0.,-1.,2.2E-16));
#2269 = DIRECTION('',(1.,0.,0.));
#2270 = FACE_BOUND('',#2271,.F.);
#2271 = EDGE_LOOP('',(#2272));
#2272 = ORIENTED_EDGE('',*,*,#2273,.T.);
#2273 = EDGE_CURVE('',#2274,#2274,#2276,.T.);
#2274 = VERTEX_POINT('',#2275);
#2275 = CARTESIAN_POINT('',(-114.75,-138.52,39.));
#2276 = CIRCLE('',#2277,3.25);
#2277 = AXIS2_PLACEMENT_3D('',#2278,#2279,#2280);
#2278 = CARTESIAN_POINT('',(-118.,-138.52,39.));
#2279 = DIRECTION('',(0.,-1.,2.2E-16));
#2280 = DIRECTION('',(1.,0.,0.));
#2281 = FACE_BOUND('',#2282,.F.);
#2282 = EDGE_LOOP('',(#2283,#2294,#2303,#2312));
#2283 = ORIENTED_EDGE('',*,*,#2284,.T.);
#2284 = EDGE_CURVE('',#2285,#2287,#2289,.T.);
#2285 = VERTEX_POINT('',#2286);
#2286 = CARTESIAN_POINT('',(-144.2806248474,-138.52,48.));
#2287 = VERTEX_POINT('',#2288);
#2288 = CARTESIAN_POINT('',(-138.8,-138.52,44.));
#2289 = CIRCLE('',#2290,4.2);
#2290 = AXIS2_PLACEMENT_3D('',#2291,#2292,#2293);
#2291 = CARTESIAN_POINT('',(-143.,-138.52,44.));
#2292 = DIRECTION('',(0.,-1.,2.2E-16));
#2293 = DIRECTION('',(1.,0.,0.));
#2294 = ORIENTED_EDGE('',*,*,#2295,.T.);
#2295 = EDGE_CURVE('',#2287,#2296,#2298,.T.);
#2296 = VERTEX_POINT('',#2297);
#2297 = CARTESIAN_POINT('',(-141.7193751525,-138.52,48.));
#2298 = CIRCLE('',#2299,4.2);
#2299 = AXIS2_PLACEMENT_3D('',#2300,#2301,#2302);
#2300 = CARTESIAN_POINT('',(-143.,-138.52,44.));
#2301 = DIRECTION('',(0.,-1.,2.2E-16));
#2302 = DIRECTION('',(1.,0.,0.));
#2303 = ORIENTED_EDGE('',*,*,#2304,.T.);
#2304 = EDGE_CURVE('',#2296,#2305,#2307,.T.);
#2305 = VERTEX_POINT('',#2306);
#2306 = CARTESIAN_POINT('',(-138.8,-138.52,52.));
#2307 = CIRCLE('',#2308,4.2);
#2308 = AXIS2_PLACEMENT_3D('',#2309,#2310,#2311);
#2309 = CARTESIAN_POINT('',(-143.,-138.52,52.));
#2310 = DIRECTION('',(0.,-1.,2.2E-16));
#2311 = DIRECTION('',(1.,0.,0.));
#2312 = ORIENTED_EDGE('',*,*,#2313,.T.);
#2313 = EDGE_CURVE('',#2305,#2285,#2314,.T.);
#2314 = CIRCLE('',#2315,4.2);
#2315 = AXIS2_PLACEMENT_3D('',#2316,#2317,#2318);
#2316 = CARTESIAN_POINT('',(-143.,-138.52,52.));
#2317 = DIRECTION('',(0.,-1.,2.2E-16));
#2318 = DIRECTION('',(1.,0.,0.));
#2319 = FACE_BOUND('',#2320,.F.);
#2320 = EDGE_LOOP('',(#2321));
#2321 = ORIENTED_EDGE('',*,*,#2322,.T.);
#2322 = EDGE_CURVE('',#2323,#2323,#2325,.T.);
#2323 = VERTEX_POINT('',#2324);
#2324 = CARTESIAN_POINT('',(-119.,-138.52,48.));
#2325 = CIRCLE('',#2326,8.);
#2326 = AXIS2_PLACEMENT_3D('',#2327,#2328,#2329);
#2327 = CARTESIAN_POINT('',(-127.,-138.52,48.));
#2328 = DIRECTION('',(0.,-1.,2.2E-16));
#2329 = DIRECTION('',(1.,0.,0.));
#2330 = FACE_BOUND('',#2331,.F.);
#2331 = EDGE_LOOP('',(#2332,#2343,#2352,#2361));
#2332 = ORIENTED_EDGE('',*,*,#2333,.T.);
#2333 = EDGE_CURVE('',#2334,#2336,#2338,.T.);
#2334 = VERTEX_POINT('',#2335);
#2335 = CARTESIAN_POINT('',(-112.2806248474,-138.52,48.));
#2336 = VERTEX_POINT('',#2337);
#2337 = CARTESIAN_POINT('',(-106.8,-138.52,44.));
#2338 = CIRCLE('',#2339,4.2);
#2339 = AXIS2_PLACEMENT_3D('',#2340,#2341,#2342);
#2340 = CARTESIAN_POINT('',(-111.,-138.52,44.));
#2341 = DIRECTION('',(0.,-1.,2.2E-16));
#2342 = DIRECTION('',(1.,0.,0.));
#2343 = ORIENTED_EDGE('',*,*,#2344,.T.);
#2344 = EDGE_CURVE('',#2336,#2345,#2347,.T.);
#2345 = VERTEX_POINT('',#2346);
#2346 = CARTESIAN_POINT('',(-109.7193751525,-138.52,48.));
#2347 = CIRCLE('',#2348,4.2);
#2348 = AXIS2_PLACEMENT_3D('',#2349,#2350,#2351);
#2349 = CARTESIAN_POINT('',(-111.,-138.52,44.));
#2350 = DIRECTION('',(0.,-1.,2.2E-16));
#2351 = DIRECTION('',(1.,0.,0.));
#2352 = ORIENTED_EDGE('',*,*,#2353,.T.);
#2353 = EDGE_CURVE('',#2345,#2354,#2356,.T.);
#2354 = VERTEX_POINT('',#2355);
#2355 = CARTESIAN_POINT('',(-106.8,-138.52,52.));
#2356 = CIRCLE('',#2357,4.2);
#2357 = AXIS2_PLACEMENT_3D('',#2358,#2359,#2360);
#2358 = CARTESIAN_POINT('',(-111.,-138.52,52.));
#2359 = DIRECTION('',(0.,-1.,2.2E-16));
#2360 = DIRECTION('',(1.,0.,0.));
#2361 = ORIENTED_EDGE('',*,*,#2362,.T.);
#2362 = EDGE_CURVE('',#2354,#2334,#2363,.T.);
#2363 = CIRCLE('',#2364,4.2);
#2364 = AXIS2_PLACEMENT_3D('',#2365,#2366,#2367);
#2365 = CARTESIAN_POINT('',(-111.,-138.52,52.));
#2366 = DIRECTION('',(0.,-1.,2.2E-16));
#2367 = DIRECTION('',(1.,0.,0.));
#2368 = FACE_BOUND('',#2369,.F.);
#2369 = EDGE_LOOP('',(#2370));
#2370 = ORIENTED_EDGE('',*,*,#2371,.T.);
#2371 = EDGE_CURVE('',#2372,#2372,#2374,.T.);
#2372 = VERTEX_POINT('',#2373);
#2373 = CARTESIAN_POINT('',(-181.92,-138.52,57.75));
#2374 = CIRCLE('',#2375,2.2);
#2375 = AXIS2_PLACEMENT_3D('',#2376,#2377,#2378);
#2376 = CARTESIAN_POINT('',(-184.12,-138.52,57.75));
#2377 = DIRECTION('',(0.,-1.,2.2E-16));
#2378 = DIRECTION('',(1.,0.,0.));
#2379 = FACE_BOUND('',#2380,.F.);
#2380 = EDGE_LOOP('',(#2381));
#2381 = ORIENTED_EDGE('',*,*,#2382,.T.);
#2382 = EDGE_CURVE('',#2383,#2383,#2385,.T.);
#2383 = VERTEX_POINT('',#2384);
#2384 = CARTESIAN_POINT('',(-167.92,-138.52,57.75));
#2385 = CIRCLE('',#2386,2.2);
#2386 = AXIS2_PLACEMENT_3D('',#2387,#2388,#2389);
#2387 = CARTESIAN_POINT('',(-170.12,-138.52,57.75));
#2388 = DIRECTION('',(0.,-1.,2.2E-16));
#2389 = DIRECTION('',(1.,0.,0.));
#2390 = FACE_BOUND('',#2391,.F.);
#2391 = EDGE_LOOP('',(#2392));
#2392 = ORIENTED_EDGE('',*,*,#2393,.T.);
#2393 = EDGE_CURVE('',#2394,#2394,#2396,.T.);
#2394 = VERTEX_POINT('',#2395);
#2395 = CARTESIAN_POINT('',(-132.75,-138.52,57.));
#2396 = CIRCLE('',#2397,3.25);
#2397 = AXIS2_PLACEMENT_3D('',#2398,#2399,#2400);
#2398 = CARTESIAN_POINT('',(-136.,-138.52,57.));
#2399 = DIRECTION('',(0.,-1.,2.2E-16));
#2400 = DIRECTION('',(1.,0.,0.));
#2401 = FACE_BOUND('',#2402,.F.);
#2402 = EDGE_LOOP('',(#2403));
#2403 = ORIENTED_EDGE('',*,*,#2404,.T.);
#2404 = EDGE_CURVE('',#2405,#2405,#2407,.T.);
#2405 = VERTEX_POINT('',#2406);
#2406 = CARTESIAN_POINT('',(-114.75,-138.52,57.));
#2407 = CIRCLE('',#2408,3.25);
#2408 = AXIS2_PLACEMENT_3D('',#2409,#2410,#2411);
#2409 = CARTESIAN_POINT('',(-118.,-138.52,57.));
#2410 = DIRECTION('',(0.,-1.,2.2E-16));
#2411 = DIRECTION('',(1.,0.,0.));
#2412 = FACE_BOUND('',#2413,.F.);
#2413 = EDGE_LOOP('',(#2414));
#2414 = ORIENTED_EDGE('',*,*,#2415,.T.);
#2415 = EDGE_CURVE('',#2416,#2416,#2418,.T.);
#2416 = VERTEX_POINT('',#2417);
#2417 = CARTESIAN_POINT('',(-60.05,-138.52,43.75));
#2418 = CIRCLE('',#2419,2.2);
#2419 = AXIS2_PLACEMENT_3D('',#2420,#2421,#2422);
#2420 = CARTESIAN_POINT('',(-62.25,-138.52,43.75));
#2421 = DIRECTION('',(0.,-1.,2.2E-16));
#2422 = DIRECTION('',(1.,0.,0.));
#2423 = FACE_BOUND('',#2424,.F.);
#2424 = EDGE_LOOP('',(#2425));
#2425 = ORIENTED_EDGE('',*,*,#2426,.T.);
#2426 = EDGE_CURVE('',#2427,#2427,#2429,.T.);
#2427 = VERTEX_POINT('',#2428);
#2428 = CARTESIAN_POINT('',(-12.05,-138.52,43.75));
#2429 = CIRCLE('',#2430,2.2);
#2430 = AXIS2_PLACEMENT_3D('',#2431,#2432,#2433);
#2431 = CARTESIAN_POINT('',(-14.25,-138.52,43.75));
#2432 = DIRECTION('',(0.,-1.,2.2E-16));
#2433 = DIRECTION('',(1.,0.,0.));
#2434 = FACE_BOUND('',#2435,.F.);
#2435 = EDGE_LOOP('',(#2436));
#2436 = ORIENTED_EDGE('',*,*,#2437,.T.);
#2437 = EDGE_CURVE('',#2438,#2438,#2440,.T.);
#2438 = VERTEX_POINT('',#2439);
#2439 = CARTESIAN_POINT('',(87.2,-138.52,18.));
#2440 = CIRCLE('',#2441,2.2);
#2441 = AXIS2_PLACEMENT_3D('',#2442,#2443,#2444);
#2442 = CARTESIAN_POINT('',(85.,-138.52,18.));
#2443 = DIRECTION('',(0.,-1.,2.2E-16));
#2444 = DIRECTION('',(1.,0.,0.));
#2445 = FACE_BOUND('',#2446,.F.);
#2446 = EDGE_LOOP('',(#2447,#2458,#2467));
#2447 = ORIENTED_EDGE('',*,*,#2448,.T.);
#2448 = EDGE_CURVE('',#2449,#2451,#2453,.T.);
#2449 = VERTEX_POINT('',#2450);
#2450 = CARTESIAN_POINT('',(32.590087732802,-138.52,25.880614129613));
#2451 = VERTEX_POINT('',#2452);
#2452 = CARTESIAN_POINT('',(35.95,-138.52,27.75));
#2453 = CIRCLE('',#2454,2.2);
#2454 = AXIS2_PLACEMENT_3D('',#2455,#2456,#2457);
#2455 = CARTESIAN_POINT('',(33.75,-138.52,27.75));
#2456 = DIRECTION('',(0.,-1.,2.2E-16));
#2457 = DIRECTION('',(1.,0.,0.));
#2458 = ORIENTED_EDGE('',*,*,#2459,.T.);
#2459 = EDGE_CURVE('',#2451,#2460,#2462,.T.);
#2460 = VERTEX_POINT('',#2461);
#2461 = CARTESIAN_POINT('',(33.159912267198,-138.52,29.869385870387));
#2462 = CIRCLE('',#2463,2.2);
#2463 = AXIS2_PLACEMENT_3D('',#2464,#2465,#2466);
#2464 = CARTESIAN_POINT('',(33.75,-138.52,27.75));
#2465 = DIRECTION('',(0.,-1.,2.2E-16));
#2466 = DIRECTION('',(1.,0.,0.));
#2467 = ORIENTED_EDGE('',*,*,#2468,.T.);
#2468 = EDGE_CURVE('',#2460,#2449,#2469,.T.);
#2469 = CIRCLE('',#2470,2.2);
#2470 = AXIS2_PLACEMENT_3D('',#2471,#2472,#2473);
#2471 = CARTESIAN_POINT('',(32.,-138.52,28.));
#2472 = DIRECTION('',(0.,-1.,2.2E-16));
#2473 = DIRECTION('',(1.,0.,0.));
#2474 = FACE_BOUND('',#2475,.F.);
#2475 = EDGE_LOOP('',(#2476));
#2476 = ORIENTED_EDGE('',*,*,#2477,.T.);
#2477 = EDGE_CURVE('',#2478,#2478,#2480,.T.);
#2478 = VERTEX_POINT('',#2479);
#2479 = CARTESIAN_POINT('',(42.2,-138.52,28.));
#2480 = CIRCLE('',#2481,2.2);
#2481 = AXIS2_PLACEMENT_3D('',#2482,#2483,#2484);
#2482 = CARTESIAN_POINT('',(40.,-138.52,28.));
#2483 = DIRECTION('',(0.,-1.,2.2E-16));
#2484 = DIRECTION('',(1.,0.,0.));
#2485 = FACE_BOUND('',#2486,.F.);
#2486 = EDGE_LOOP('',(#2487));
#2487 = ORIENTED_EDGE('',*,*,#2488,.T.);
#2488 = EDGE_CURVE('',#2489,#2489,#2491,.T.);
#2489 = VERTEX_POINT('',#2490);
#2490 = CARTESIAN_POINT('',(42.2,-138.52,38.));
#2491 = CIRCLE('',#2492,2.2);
#2492 = AXIS2_PLACEMENT_3D('',#2493,#2494,#2495);
#2493 = CARTESIAN_POINT('',(40.,-138.52,38.));
#2494 = DIRECTION('',(0.,-1.,2.2E-16));
#2495 = DIRECTION('',(1.,0.,0.));
#2496 = FACE_BOUND('',#2497,.F.);
#2497 = EDGE_LOOP('',(#2498,#2509,#2518));
#2498 = ORIENTED_EDGE('',*,*,#2499,.T.);
#2499 = EDGE_CURVE('',#2500,#2502,#2504,.T.);
#2500 = VERTEX_POINT('',#2501);
#2501 = CARTESIAN_POINT('',(84.2,-138.52,28.));
#2502 = VERTEX_POINT('',#2503);
#2503 = CARTESIAN_POINT('',(80.324395279254,-138.52,29.425604720746));
#2504 = CIRCLE('',#2505,2.2);
#2505 = AXIS2_PLACEMENT_3D('',#2506,#2507,#2508);
#2506 = CARTESIAN_POINT('',(82.,-138.52,28.));
#2507 = DIRECTION('',(0.,-1.,2.2E-16));
#2508 = DIRECTION('',(1.,0.,0.));
#2509 = ORIENTED_EDGE('',*,*,#2510,.T.);
#2510 = EDGE_CURVE('',#2502,#2511,#2513,.T.);
#2511 = VERTEX_POINT('',#2512);
#2512 = CARTESIAN_POINT('',(83.425604720746,-138.52,26.324395279254));
#2513 = CIRCLE('',#2514,2.2);
#2514 = AXIS2_PLACEMENT_3D('',#2515,#2516,#2517);
#2515 = CARTESIAN_POINT('',(81.75,-138.52,27.75));
#2516 = DIRECTION('',(0.,-1.,2.2E-16));
#2517 = DIRECTION('',(1.,0.,0.));
#2518 = ORIENTED_EDGE('',*,*,#2519,.T.);
#2519 = EDGE_CURVE('',#2511,#2500,#2520,.T.);
#2520 = CIRCLE('',#2521,2.2);
#2521 = AXIS2_PLACEMENT_3D('',#2522,#2523,#2524);
#2522 = CARTESIAN_POINT('',(82.,-138.52,28.));
#2523 = DIRECTION('',(0.,-1.,2.2E-16));
#2524 = DIRECTION('',(1.,0.,0.));
#2525 = FACE_BOUND('',#2526,.F.);
#2526 = EDGE_LOOP('',(#2527));
#2527 = ORIENTED_EDGE('',*,*,#2528,.T.);
#2528 = EDGE_CURVE('',#2529,#2529,#2531,.T.);
#2529 = VERTEX_POINT('',#2530);
#2530 = CARTESIAN_POINT('',(52.2,-138.52,34.));
#2531 = CIRCLE('',#2532,2.2);
#2532 = AXIS2_PLACEMENT_3D('',#2533,#2534,#2535);
#2533 = CARTESIAN_POINT('',(50.,-138.52,34.));
#2534 = DIRECTION('',(0.,-1.,2.2E-16));
#2535 = DIRECTION('',(1.,0.,0.));
#2536 = FACE_BOUND('',#2537,.F.);
#2537 = EDGE_LOOP('',(#2538));
#2538 = ORIENTED_EDGE('',*,*,#2539,.T.);
#2539 = EDGE_CURVE('',#2540,#2540,#2542,.T.);
#2540 = VERTEX_POINT('',#2541);
#2541 = CARTESIAN_POINT('',(60.2,-138.52,34.));
#2542 = CIRCLE('',#2543,2.2);
#2543 = AXIS2_PLACEMENT_3D('',#2544,#2545,#2546);
#2544 = CARTESIAN_POINT('',(58.,-138.52,34.));
#2545 = DIRECTION('',(0.,-1.,2.2E-16));
#2546 = DIRECTION('',(1.,0.,0.));
#2547 = FACE_BOUND('',#2548,.F.);
#2548 = EDGE_LOOP('',(#2549));
#2549 = ORIENTED_EDGE('',*,*,#2550,.T.);
#2550 = EDGE_CURVE('',#2551,#2551,#2553,.T.);
#2551 = VERTEX_POINT('',#2552);
#2552 = CARTESIAN_POINT('',(120.2,-138.52,19.));
#2553 = CIRCLE('',#2554,2.2);
#2554 = AXIS2_PLACEMENT_3D('',#2555,#2556,#2557);
#2555 = CARTESIAN_POINT('',(118.,-138.52,19.));
#2556 = DIRECTION('',(0.,-1.,2.2E-16));
#2557 = DIRECTION('',(1.,0.,0.));
#2558 = FACE_BOUND('',#2559,.F.);
#2559 = EDGE_LOOP('',(#2560));
#2560 = ORIENTED_EDGE('',*,*,#2561,.T.);
#2561 = EDGE_CURVE('',#2562,#2562,#2564,.T.);
#2562 = VERTEX_POINT('',#2563);
#2563 = CARTESIAN_POINT('',(138.2,-138.52,19.));
#2564 = CIRCLE('',#2565,2.2);
#2565 = AXIS2_PLACEMENT_3D('',#2566,#2567,#2568);
#2566 = CARTESIAN_POINT('',(136.,-138.52,19.));
#2567 = DIRECTION('',(0.,-1.,2.2E-16));
#2568 = DIRECTION('',(1.,0.,0.));
#2569 = FACE_BOUND('',#2570,.F.);
#2570 = EDGE_LOOP('',(#2571));
#2571 = ORIENTED_EDGE('',*,*,#2572,.T.);
#2572 = EDGE_CURVE('',#2573,#2573,#2575,.T.);
#2573 = VERTEX_POINT('',#2574);
#2574 = CARTESIAN_POINT('',(151.2,-138.52,25.));
#2575 = CIRCLE('',#2576,2.2);
#2576 = AXIS2_PLACEMENT_3D('',#2577,#2578,#2579);
#2577 = CARTESIAN_POINT('',(149.,-138.52,25.));
#2578 = DIRECTION('',(0.,-1.,2.2E-16));
#2579 = DIRECTION('',(1.,0.,0.));
#2580 = FACE_BOUND('',#2581,.F.);
#2581 = EDGE_LOOP('',(#2582));
#2582 = ORIENTED_EDGE('',*,*,#2583,.T.);
#2583 = EDGE_CURVE('',#2584,#2584,#2586,.T.);
#2584 = VERTEX_POINT('',#2585);
#2585 = CARTESIAN_POINT('',(167.2,-138.52,18.));
#2586 = CIRCLE('',#2587,2.2);
#2587 = AXIS2_PLACEMENT_3D('',#2588,#2589,#2590);
#2588 = CARTESIAN_POINT('',(165.,-138.52,18.));
#2589 = DIRECTION('',(0.,-1.,2.2E-16));
#2590 = DIRECTION('',(1.,0.,0.));
#2591 = FACE_BOUND('',#2592,.F.);
#2592 = EDGE_LOOP('',(#2593));
#2593 = ORIENTED_EDGE('',*,*,#2594,.T.);
#2594 = EDGE_CURVE('',#2595,#2595,#2597,.T.);
#2595 = VERTEX_POINT('',#2596);
#2596 = CARTESIAN_POINT('',(156.2,-138.52,19.));
#2597 = CIRCLE('',#2598,2.2);
#2598 = AXIS2_PLACEMENT_3D('',#2599,#2600,#2601);
#2599 = CARTESIAN_POINT('',(154.,-138.52,19.));
#2600 = DIRECTION('',(0.,-1.,2.2E-16));
#2601 = DIRECTION('',(1.,0.,0.));
#2602 = FACE_BOUND('',#2603,.F.);
#2603 = EDGE_LOOP('',(#2604));
#2604 = ORIENTED_EDGE('',*,*,#2605,.T.);
#2605 = EDGE_CURVE('',#2606,#2606,#2608,.T.);
#2606 = VERTEX_POINT('',#2607);
#2607 = CARTESIAN_POINT('',(159.2,-138.52,25.));
#2608 = CIRCLE('',#2609,2.2);
#2609 = AXIS2_PLACEMENT_3D('',#2610,#2611,#2612);
#2610 = CARTESIAN_POINT('',(157.,-138.52,25.));
#2611 = DIRECTION('',(0.,-1.,2.2E-16));
#2612 = DIRECTION('',(1.,0.,0.));
#2613 = FACE_BOUND('',#2614,.F.);
#2614 = EDGE_LOOP('',(#2615));
#2615 = ORIENTED_EDGE('',*,*,#2616,.T.);
#2616 = EDGE_CURVE('',#2617,#2617,#2619,.T.);
#2617 = VERTEX_POINT('',#2618);
#2618 = CARTESIAN_POINT('',(113.2,-138.52,28.));
#2619 = CIRCLE('',#2620,2.2);
#2620 = AXIS2_PLACEMENT_3D('',#2621,#2622,#2623);
#2621 = CARTESIAN_POINT('',(111.,-138.52,28.));
#2622 = DIRECTION('',(0.,-1.,2.2E-16));
#2623 = DIRECTION('',(1.,0.,0.));
#2624 = FACE_BOUND('',#2625,.F.);
#2625 = EDGE_LOOP('',(#2626));
#2626 = ORIENTED_EDGE('',*,*,#2627,.T.);
#2627 = EDGE_CURVE('',#2628,#2628,#2630,.T.);
#2628 = VERTEX_POINT('',#2629);
#2629 = CARTESIAN_POINT('',(131.95,-138.52,27.75));
#2630 = CIRCLE('',#2631,2.2);
#2631 = AXIS2_PLACEMENT_3D('',#2632,#2633,#2634);
#2632 = CARTESIAN_POINT('',(129.75,-138.52,27.75));
#2633 = DIRECTION('',(0.,-1.,2.2E-16));
#2634 = DIRECTION('',(1.,0.,0.));
#2635 = FACE_BOUND('',#2636,.F.);
#2636 = EDGE_LOOP('',(#2637));
#2637 = ORIENTED_EDGE('',*,*,#2638,.T.);
#2638 = EDGE_CURVE('',#2639,#2639,#2641,.T.);
#2639 = VERTEX_POINT('',#2640);
#2640 = CARTESIAN_POINT('',(101.95,-138.52,34.));
#2641 = CIRCLE('',#2642,2.2);
#2642 = AXIS2_PLACEMENT_3D('',#2643,#2644,#2645);
#2643 = CARTESIAN_POINT('',(99.75,-138.52,34.));
#2644 = DIRECTION('',(0.,-1.,2.2E-16));
#2645 = DIRECTION('',(1.,0.,0.));
#2646 = FACE_BOUND('',#2647,.F.);
#2647 = EDGE_LOOP('',(#2648));
#2648 = ORIENTED_EDGE('',*,*,#2649,.T.);
#2649 = EDGE_CURVE('',#2650,#2650,#2652,.T.);
#2650 = VERTEX_POINT('',#2651);
#2651 = CARTESIAN_POINT('',(175.,-138.52,30.));
#2652 = CIRCLE('',#2653,5.);
#2653 = AXIS2_PLACEMENT_3D('',#2654,#2655,#2656);
#2654 = CARTESIAN_POINT('',(170.,-138.52,30.));
#2655 = DIRECTION('',(0.,-1.,2.2E-16));
#2656 = DIRECTION('',(1.,0.,0.));
#2657 = FACE_BOUND('',#2658,.F.);
#2658 = EDGE_LOOP('',(#2659,#2670,#2679));
#2659 = ORIENTED_EDGE('',*,*,#2660,.T.);
#2660 = EDGE_CURVE('',#2661,#2663,#2665,.T.);
#2661 = VERTEX_POINT('',#2662);
#2662 = CARTESIAN_POINT('',(184.25,-138.52,27.8));
#2663 = VERTEX_POINT('',#2664);
#2664 = CARTESIAN_POINT('',(178.46298055796,-138.52,29.831263732439));
#2665 = CIRCLE('',#2666,3.25);
#2666 = AXIS2_PLACEMENT_3D('',#2667,#2668,#2669);
#2667 = CARTESIAN_POINT('',(181.,-138.52,27.8));
#2668 = DIRECTION('',(0.,-1.,2.2E-16));
#2669 = DIRECTION('',(1.,0.,0.));
#2670 = ORIENTED_EDGE('',*,*,#2671,.T.);
#2671 = EDGE_CURVE('',#2663,#2672,#2674,.T.);
#2672 = VERTEX_POINT('',#2673);
#2673 = CARTESIAN_POINT('',(178.52666686276,-138.52,25.691653920187));
#2674 = CIRCLE('',#2675,2.2);
#2675 = AXIS2_PLACEMENT_3D('',#2676,#2677,#2678);
#2676 = CARTESIAN_POINT('',(177.75,-138.52,27.75));
#2677 = DIRECTION('',(0.,-1.,2.2E-16));
#2678 = DIRECTION('',(1.,0.,0.));
#2679 = ORIENTED_EDGE('',*,*,#2680,.T.);
#2680 = EDGE_CURVE('',#2672,#2661,#2681,.T.);
#2681 = CIRCLE('',#2682,3.25);
#2682 = AXIS2_PLACEMENT_3D('',#2683,#2684,#2685);
#2683 = CARTESIAN_POINT('',(181.,-138.52,27.8));
#2684 = DIRECTION('',(0.,-1.,2.2E-16));
#2685 = DIRECTION('',(1.,0.,0.));
#2686 = FACE_BOUND('',#2687,.F.);
#2687 = EDGE_LOOP('',(#2688));
#2688 = ORIENTED_EDGE('',*,*,#2689,.T.);
#2689 = EDGE_CURVE('',#2690,#2690,#2692,.T.);
#2690 = VERTEX_POINT('',#2691);
#2691 = CARTESIAN_POINT('',(202.25,-138.52,27.8));
#2692 = CIRCLE('',#2693,3.25);
#2693 = AXIS2_PLACEMENT_3D('',#2694,#2695,#2696);
#2694 = CARTESIAN_POINT('',(199.,-138.52,27.8));
#2695 = DIRECTION('',(0.,-1.,2.2E-16));
#2696 = DIRECTION('',(1.,0.,0.));
#2697 = FACE_BOUND('',#2698,.F.);
#2698 = EDGE_LOOP('',(#2699,#2710,#2719));
#2699 = ORIENTED_EDGE('',*,*,#2700,.T.);
#2700 = EDGE_CURVE('',#2701,#2703,#2705,.T.);
#2701 = VERTEX_POINT('',#2702);
#2702 = CARTESIAN_POINT('',(153.63088235294,-138.52,31.888911811624));
#2703 = VERTEX_POINT('',#2704);
#2704 = CARTESIAN_POINT('',(156.45,-138.52,34.));
#2705 = CIRCLE('',#2706,2.2);
#2706 = AXIS2_PLACEMENT_3D('',#2707,#2708,#2709);
#2707 = CARTESIAN_POINT('',(154.25,-138.52,34.));
#2708 = DIRECTION('',(0.,-1.,2.2E-16));
#2709 = DIRECTION('',(1.,0.,0.));
#2710 = ORIENTED_EDGE('',*,*,#2711,.T.);
#2711 = EDGE_CURVE('',#2703,#2712,#2714,.T.);
#2712 = VERTEX_POINT('',#2713);
#2713 = CARTESIAN_POINT('',(153.63088235294,-138.52,36.111088188376));
#2714 = CIRCLE('',#2715,2.2);
#2715 = AXIS2_PLACEMENT_3D('',#2716,#2717,#2718);
#2716 = CARTESIAN_POINT('',(154.25,-138.52,34.));
#2717 = DIRECTION('',(0.,-1.,2.2E-16));
#2718 = DIRECTION('',(1.,0.,0.));
#2719 = ORIENTED_EDGE('',*,*,#2720,.T.);
#2720 = EDGE_CURVE('',#2712,#2701,#2721,.T.);
#2721 = CIRCLE('',#2722,4.2);
#2722 = AXIS2_PLACEMENT_3D('',#2723,#2724,#2725);
#2723 = CARTESIAN_POINT('',(150.,-138.52,34.));
#2724 = DIRECTION('',(0.,-1.,2.2E-16));
#2725 = DIRECTION('',(1.,0.,0.));
#2726 = FACE_BOUND('',#2727,.F.);
#2727 = EDGE_LOOP('',(#2728));
#2728 = ORIENTED_EDGE('',*,*,#2729,.T.);
#2729 = EDGE_CURVE('',#2730,#2730,#2732,.T.);
#2730 = VERTEX_POINT('',#2731);
#2731 = CARTESIAN_POINT('',(198.,-138.52,36.8));
#2732 = CIRCLE('',#2733,8.);
#2733 = AXIS2_PLACEMENT_3D('',#2734,#2735,#2736);
#2734 = CARTESIAN_POINT('',(190.,-138.52,36.8));
#2735 = DIRECTION('',(0.,-1.,2.2E-16));
#2736 = DIRECTION('',(1.,0.,0.));
#2737 = FACE_BOUND('',#2738,.F.);
#2738 = EDGE_LOOP('',(#2739));
#2739 = ORIENTED_EDGE('',*,*,#2740,.T.);
#2740 = EDGE_CURVE('',#2741,#2741,#2743,.T.);
#2741 = VERTEX_POINT('',#2742);
#2742 = CARTESIAN_POINT('',(35.95,-138.52,43.75));
#2743 = CIRCLE('',#2744,2.2);
#2744 = AXIS2_PLACEMENT_3D('',#2745,#2746,#2747);
#2745 = CARTESIAN_POINT('',(33.75,-138.52,43.75));
#2746 = DIRECTION('',(0.,-1.,2.2E-16));
#2747 = DIRECTION('',(1.,0.,0.));
#2748 = FACE_BOUND('',#2749,.F.);
#2749 = EDGE_LOOP('',(#2750));
#2750 = ORIENTED_EDGE('',*,*,#2751,.T.);
#2751 = EDGE_CURVE('',#2752,#2752,#2754,.T.);
#2752 = VERTEX_POINT('',#2753);
#2753 = CARTESIAN_POINT('',(48.2,-138.52,46.));
#2754 = CIRCLE('',#2755,2.2);
#2755 = AXIS2_PLACEMENT_3D('',#2756,#2757,#2758);
#2756 = CARTESIAN_POINT('',(46.,-138.52,46.));
#2757 = DIRECTION('',(0.,-1.,2.2E-16));
#2758 = DIRECTION('',(1.,0.,0.));
#2759 = FACE_BOUND('',#2760,.F.);
#2760 = EDGE_LOOP('',(#2761,#2772,#2781,#2790,#2799,#2808,#2817,#2826));
#2761 = ORIENTED_EDGE('',*,*,#2762,.T.);
#2762 = EDGE_CURVE('',#2763,#2765,#2767,.T.);
#2763 = VERTEX_POINT('',#2764);
#2764 = CARTESIAN_POINT('',(88.2,-138.52,47.));
#2765 = VERTEX_POINT('',#2766);
#2766 = CARTESIAN_POINT('',(80.638500372135,-138.52,49.517999255731));
#2767 = CIRCLE('',#2768,4.2);
#2768 = AXIS2_PLACEMENT_3D('',#2769,#2770,#2771);
#2769 = CARTESIAN_POINT('',(84.,-138.52,47.));
#2770 = DIRECTION('',(0.,-1.,2.2E-16));
#2771 = DIRECTION('',(1.,0.,0.));
#2772 = ORIENTED_EDGE('',*,*,#2773,.T.);
#2773 = EDGE_CURVE('',#2765,#2774,#2776,.T.);
#2774 = VERTEX_POINT('',#2775);
#2775 = CARTESIAN_POINT('',(71.361499627865,-138.52,49.517999255731));
#2776 = CIRCLE('',#2777,8.);
#2777 = AXIS2_PLACEMENT_3D('',#2778,#2779,#2780);
#2778 = CARTESIAN_POINT('',(76.,-138.52,43.));
#2779 = DIRECTION('',(0.,-1.,2.2E-16));
#2780 = DIRECTION('',(1.,0.,0.));
#2781 = ORIENTED_EDGE('',*,*,#2782,.T.);
#2782 = EDGE_CURVE('',#2774,#2783,#2785,.T.);
#2783 = VERTEX_POINT('',#2784);
#2784 = CARTESIAN_POINT('',(66.719375152513,-138.52,43.));
#2785 = CIRCLE('',#2786,4.2);
#2786 = AXIS2_PLACEMENT_3D('',#2787,#2788,#2789);
#2787 = CARTESIAN_POINT('',(68.,-138.52,47.));
#2788 = DIRECTION('',(0.,-1.,2.2E-16));
#2789 = DIRECTION('',(1.,0.,0.));
#2790 = ORIENTED_EDGE('',*,*,#2791,.T.);
#2791 = EDGE_CURVE('',#2783,#2792,#2794,.T.);
#2792 = VERTEX_POINT('',#2793);
#2793 = CARTESIAN_POINT('',(71.361499627865,-138.52,36.482000744269));
#2794 = CIRCLE('',#2795,4.2);
#2795 = AXIS2_PLACEMENT_3D('',#2796,#2797,#2798);
#2796 = CARTESIAN_POINT('',(68.,-138.52,39.));
#2797 = DIRECTION('',(0.,-1.,2.2E-16));
#2798 = DIRECTION('',(1.,0.,0.));
#2799 = ORIENTED_EDGE('',*,*,#2800,.T.);
#2800 = EDGE_CURVE('',#2792,#2801,#2803,.T.);
#2801 = VERTEX_POINT('',#2802);
#2802 = CARTESIAN_POINT('',(80.638500372135,-138.52,36.482000744269));
#2803 = CIRCLE('',#2804,8.);
#2804 = AXIS2_PLACEMENT_3D('',#2805,#2806,#2807);
#2805 = CARTESIAN_POINT('',(76.,-138.52,43.));
#2806 = DIRECTION('',(0.,-1.,2.2E-16));
#2807 = DIRECTION('',(1.,0.,0.));
#2808 = ORIENTED_EDGE('',*,*,#2809,.T.);
#2809 = EDGE_CURVE('',#2801,#2810,#2812,.T.);
#2810 = VERTEX_POINT('',#2811);
#2811 = CARTESIAN_POINT('',(88.2,-138.52,39.));
#2812 = CIRCLE('',#2813,4.2);
#2813 = AXIS2_PLACEMENT_3D('',#2814,#2815,#2816);
#2814 = CARTESIAN_POINT('',(84.,-138.52,39.));
#2815 = DIRECTION('',(0.,-1.,2.2E-16));
#2816 = DIRECTION('',(1.,0.,0.));
#2817 = ORIENTED_EDGE('',*,*,#2818,.T.);
#2818 = EDGE_CURVE('',#2810,#2819,#2821,.T.);
#2819 = VERTEX_POINT('',#2820);
#2820 = CARTESIAN_POINT('',(85.280624847487,-138.52,43.));
#2821 = CIRCLE('',#2822,4.2);
#2822 = AXIS2_PLACEMENT_3D('',#2823,#2824,#2825);
#2823 = CARTESIAN_POINT('',(84.,-138.52,39.));
#2824 = DIRECTION('',(0.,-1.,2.2E-16));
#2825 = DIRECTION('',(1.,0.,0.));
#2826 = ORIENTED_EDGE('',*,*,#2827,.T.);
#2827 = EDGE_CURVE('',#2819,#2763,#2828,.T.);
#2828 = CIRCLE('',#2829,4.2);
#2829 = AXIS2_PLACEMENT_3D('',#2830,#2831,#2832);
#2830 = CARTESIAN_POINT('',(84.,-138.52,47.));
#2831 = DIRECTION('',(0.,-1.,2.2E-16));
#2832 = DIRECTION('',(1.,0.,0.));
#2833 = FACE_BOUND('',#2834,.F.);
#2834 = EDGE_LOOP('',(#2835));
#2835 = ORIENTED_EDGE('',*,*,#2836,.T.);
#2836 = EDGE_CURVE('',#2837,#2837,#2839,.T.);
#2837 = VERTEX_POINT('',#2838);
#2838 = CARTESIAN_POINT('',(42.2,-138.52,56.));
#2839 = CIRCLE('',#2840,2.2);
#2840 = AXIS2_PLACEMENT_3D('',#2841,#2842,#2843);
#2841 = CARTESIAN_POINT('',(40.,-138.52,56.));
#2842 = DIRECTION('',(0.,-1.,2.2E-16));
#2843 = DIRECTION('',(1.,0.,0.));
#2844 = FACE_BOUND('',#2845,.F.);
#2845 = EDGE_LOOP('',(#2846));
#2846 = ORIENTED_EDGE('',*,*,#2847,.T.);
#2847 = EDGE_CURVE('',#2848,#2848,#2850,.T.);
#2848 = VERTEX_POINT('',#2849);
#2849 = CARTESIAN_POINT('',(60.2,-138.52,52.));
#2850 = CIRCLE('',#2851,2.2);
#2851 = AXIS2_PLACEMENT_3D('',#2852,#2853,#2854);
#2852 = CARTESIAN_POINT('',(58.,-138.52,52.));
#2853 = DIRECTION('',(0.,-1.,2.2E-16));
#2854 = DIRECTION('',(1.,0.,0.));
#2855 = FACE_BOUND('',#2856,.F.);
#2856 = EDGE_LOOP('',(#2857));
#2857 = ORIENTED_EDGE('',*,*,#2858,.T.);
#2858 = EDGE_CURVE('',#2859,#2859,#2861,.T.);
#2859 = VERTEX_POINT('',#2860);
#2860 = CARTESIAN_POINT('',(52.2,-138.52,56.));
#2861 = CIRCLE('',#2862,2.2);
#2862 = AXIS2_PLACEMENT_3D('',#2863,#2864,#2865);
#2863 = CARTESIAN_POINT('',(50.,-138.52,56.));
#2864 = DIRECTION('',(0.,-1.,2.2E-16));
#2865 = DIRECTION('',(1.,0.,0.));
#2866 = FACE_BOUND('',#2867,.F.);
#2867 = EDGE_LOOP('',(#2868));
#2868 = ORIENTED_EDGE('',*,*,#2869,.T.);
#2869 = EDGE_CURVE('',#2870,#2870,#2872,.T.);
#2870 = VERTEX_POINT('',#2871);
#2871 = CARTESIAN_POINT('',(121.25,-138.52,39.));
#2872 = CIRCLE('',#2873,3.25);
#2873 = AXIS2_PLACEMENT_3D('',#2874,#2875,#2876);
#2874 = CARTESIAN_POINT('',(118.,-138.52,39.));
#2875 = DIRECTION('',(0.,-1.,2.2E-16));
#2876 = DIRECTION('',(1.,0.,0.));
#2877 = FACE_BOUND('',#2878,.F.);
#2878 = EDGE_LOOP('',(#2879));
#2879 = ORIENTED_EDGE('',*,*,#2880,.T.);
#2880 = EDGE_CURVE('',#2881,#2881,#2883,.T.);
#2881 = VERTEX_POINT('',#2882);
#2882 = CARTESIAN_POINT('',(139.25,-138.52,39.));
#2883 = CIRCLE('',#2884,3.25);
#2884 = AXIS2_PLACEMENT_3D('',#2885,#2886,#2887);
#2885 = CARTESIAN_POINT('',(136.,-138.52,39.));
#2886 = DIRECTION('',(0.,-1.,2.2E-16));
#2887 = DIRECTION('',(1.,0.,0.));
#2888 = FACE_BOUND('',#2889,.F.);
#2889 = EDGE_LOOP('',(#2890,#2901,#2910,#2919));
#2890 = ORIENTED_EDGE('',*,*,#2891,.T.);
#2891 = EDGE_CURVE('',#2892,#2894,#2896,.T.);
#2892 = VERTEX_POINT('',#2893);
#2893 = CARTESIAN_POINT('',(109.71937515251,-138.52,48.));
#2894 = VERTEX_POINT('',#2895);
#2895 = CARTESIAN_POINT('',(115.2,-138.52,44.));
#2896 = CIRCLE('',#2897,4.2);
#2897 = AXIS2_PLACEMENT_3D('',#2898,#2899,#2900);
#2898 = CARTESIAN_POINT('',(111.,-138.52,44.));
#2899 = DIRECTION('',(0.,-1.,2.2E-16));
#2900 = DIRECTION('',(1.,0.,0.));
#2901 = ORIENTED_EDGE('',*,*,#2902,.T.);
#2902 = EDGE_CURVE('',#2894,#2903,#2905,.T.);
#2903 = VERTEX_POINT('',#2904);
#2904 = CARTESIAN_POINT('',(112.28062484748,-138.52,48.));
#2905 = CIRCLE('',#2906,4.2);
#2906 = AXIS2_PLACEMENT_3D('',#2907,#2908,#2909);
#2907 = CARTESIAN_POINT('',(111.,-138.52,44.));
#2908 = DIRECTION('',(0.,-1.,2.2E-16));
#2909 = DIRECTION('',(1.,0.,0.));
#2910 = ORIENTED_EDGE('',*,*,#2911,.T.);
#2911 = EDGE_CURVE('',#2903,#2912,#2914,.T.);
#2912 = VERTEX_POINT('',#2913);
#2913 = CARTESIAN_POINT('',(115.2,-138.52,52.));
#2914 = CIRCLE('',#2915,4.2);
#2915 = AXIS2_PLACEMENT_3D('',#2916,#2917,#2918);
#2916 = CARTESIAN_POINT('',(111.,-138.52,52.));
#2917 = DIRECTION('',(0.,-1.,2.2E-16));
#2918 = DIRECTION('',(1.,0.,0.));
#2919 = ORIENTED_EDGE('',*,*,#2920,.T.);
#2920 = EDGE_CURVE('',#2912,#2892,#2921,.T.);
#2921 = CIRCLE('',#2922,4.2);
#2922 = AXIS2_PLACEMENT_3D('',#2923,#2924,#2925);
#2923 = CARTESIAN_POINT('',(111.,-138.52,52.));
#2924 = DIRECTION('',(0.,-1.,2.2E-16));
#2925 = DIRECTION('',(1.,0.,0.));
#2926 = FACE_BOUND('',#2927,.F.);
#2927 = EDGE_LOOP('',(#2928));
#2928 = ORIENTED_EDGE('',*,*,#2929,.T.);
#2929 = EDGE_CURVE('',#2930,#2930,#2932,.T.);
#2930 = VERTEX_POINT('',#2931);
#2931 = CARTESIAN_POINT('',(135.,-138.52,48.));
#2932 = CIRCLE('',#2933,8.);
#2933 = AXIS2_PLACEMENT_3D('',#2934,#2935,#2936);
#2934 = CARTESIAN_POINT('',(127.,-138.52,48.));
#2935 = DIRECTION('',(0.,-1.,2.2E-16));
#2936 = DIRECTION('',(1.,0.,0.));
#2937 = FACE_BOUND('',#2938,.F.);
#2938 = EDGE_LOOP('',(#2939,#2950,#2959,#2968));
#2939 = ORIENTED_EDGE('',*,*,#2940,.T.);
#2940 = EDGE_CURVE('',#2941,#2943,#2945,.T.);
#2941 = VERTEX_POINT('',#2942);
#2942 = CARTESIAN_POINT('',(141.71937515251,-138.52,48.));
#2943 = VERTEX_POINT('',#2944);
#2944 = CARTESIAN_POINT('',(147.2,-138.52,44.));
#2945 = CIRCLE('',#2946,4.2);
#2946 = AXIS2_PLACEMENT_3D('',#2947,#2948,#2949);
#2947 = CARTESIAN_POINT('',(143.,-138.52,44.));
#2948 = DIRECTION('',(0.,-1.,2.2E-16));
#2949 = DIRECTION('',(1.,0.,0.));
#2950 = ORIENTED_EDGE('',*,*,#2951,.T.);
#2951 = EDGE_CURVE('',#2943,#2952,#2954,.T.);
#2952 = VERTEX_POINT('',#2953);
#2953 = CARTESIAN_POINT('',(144.28062484748,-138.52,48.));
#2954 = CIRCLE('',#2955,4.2);
#2955 = AXIS2_PLACEMENT_3D('',#2956,#2957,#2958);
#2956 = CARTESIAN_POINT('',(143.,-138.52,44.));
#2957 = DIRECTION('',(0.,-1.,2.2E-16));
#2958 = DIRECTION('',(1.,0.,0.));
#2959 = ORIENTED_EDGE('',*,*,#2960,.T.);
#2960 = EDGE_CURVE('',#2952,#2961,#2963,.T.);
#2961 = VERTEX_POINT('',#2962);
#2962 = CARTESIAN_POINT('',(147.2,-138.52,52.));
#2963 = CIRCLE('',#2964,4.2);
#2964 = AXIS2_PLACEMENT_3D('',#2965,#2966,#2967);
#2965 = CARTESIAN_POINT('',(143.,-138.52,52.));
#2966 = DIRECTION('',(0.,-1.,2.2E-16));
#2967 = DIRECTION('',(1.,0.,0.));
#2968 = ORIENTED_EDGE('',*,*,#2969,.T.);
#2969 = EDGE_CURVE('',#2961,#2941,#2970,.T.);
#2970 = CIRCLE('',#2971,4.2);
#2971 = AXIS2_PLACEMENT_3D('',#2972,#2973,#2974);
#2972 = CARTESIAN_POINT('',(143.,-138.52,52.));
#2973 = DIRECTION('',(0.,-1.,2.2E-16));
#2974 = DIRECTION('',(1.,0.,0.));
#2975 = FACE_BOUND('',#2976,.F.);
#2976 = EDGE_LOOP('',(#2977,#2988,#2997));
#2977 = ORIENTED_EDGE('',*,*,#2978,.T.);
#2978 = EDGE_CURVE('',#2979,#2981,#2983,.T.);
#2979 = VERTEX_POINT('',#2980);
#2980 = CARTESIAN_POINT('',(184.25,-138.52,45.8));
#2981 = VERTEX_POINT('',#2982);
#2982 = CARTESIAN_POINT('',(177.7534632579,-138.52,45.949997274054));
#2983 = CIRCLE('',#2984,3.25);
#2984 = AXIS2_PLACEMENT_3D('',#2985,#2986,#2987);
#2985 = CARTESIAN_POINT('',(181.,-138.52,45.8));
#2986 = DIRECTION('',(0.,-1.,2.2E-16));
#2987 = DIRECTION('',(1.,0.,0.));
#2988 = ORIENTED_EDGE('',*,*,#2989,.T.);
#2989 = EDGE_CURVE('',#2981,#2990,#2992,.T.);
#2990 = VERTEX_POINT('',#2991);
#2991 = CARTESIAN_POINT('',(179.73692786976,-138.52,42.805480206474));
#2992 = CIRCLE('',#2993,2.2);
#2993 = AXIS2_PLACEMENT_3D('',#2994,#2995,#2996);
#2994 = CARTESIAN_POINT('',(177.75,-138.52,43.75));
#2995 = DIRECTION('',(0.,-1.,2.2E-16));
#2996 = DIRECTION('',(1.,0.,0.));
#2997 = ORIENTED_EDGE('',*,*,#2998,.T.);
#2998 = EDGE_CURVE('',#2990,#2979,#2999,.T.);
#2999 = CIRCLE('',#3000,3.25);
#3000 = AXIS2_PLACEMENT_3D('',#3001,#3002,#3003);
#3001 = CARTESIAN_POINT('',(181.,-138.52,45.8));
#3002 = DIRECTION('',(0.,-1.,2.2E-16));
#3003 = DIRECTION('',(1.,0.,0.));
#3004 = FACE_BOUND('',#3005,.F.);
#3005 = EDGE_LOOP('',(#3006));
#3006 = ORIENTED_EDGE('',*,*,#3007,.T.);
#3007 = EDGE_CURVE('',#3008,#3008,#3010,.T.);
#3008 = VERTEX_POINT('',#3009);
#3009 = CARTESIAN_POINT('',(202.25,-138.52,45.8));
#3010 = CIRCLE('',#3011,3.25);
#3011 = AXIS2_PLACEMENT_3D('',#3012,#3013,#3014);
#3012 = CARTESIAN_POINT('',(199.,-138.52,45.8));
#3013 = DIRECTION('',(0.,-1.,2.2E-16));
#3014 = DIRECTION('',(1.,0.,0.));
#3015 = FACE_BOUND('',#3016,.F.);
#3016 = EDGE_LOOP('',(#3017));
#3017 = ORIENTED_EDGE('',*,*,#3018,.T.);
#3018 = EDGE_CURVE('',#3019,#3019,#3021,.T.);
#3019 = VERTEX_POINT('',#3020);
#3020 = CARTESIAN_POINT('',(121.25,-138.52,57.));
#3021 = CIRCLE('',#3022,3.25);
#3022 = AXIS2_PLACEMENT_3D('',#3023,#3024,#3025);
#3023 = CARTESIAN_POINT('',(118.,-138.52,57.));
#3024 = DIRECTION('',(0.,-1.,2.2E-16));
#3025 = DIRECTION('',(1.,0.,0.));
#3026 = FACE_BOUND('',#3027,.F.);
#3027 = EDGE_LOOP('',(#3028));
#3028 = ORIENTED_EDGE('',*,*,#3029,.T.);
#3029 = EDGE_CURVE('',#3030,#3030,#3032,.T.);
#3030 = VERTEX_POINT('',#3031);
#3031 = CARTESIAN_POINT('',(139.25,-138.52,57.));
#3032 = CIRCLE('',#3033,3.25);
#3033 = AXIS2_PLACEMENT_3D('',#3034,#3035,#3036);
#3034 = CARTESIAN_POINT('',(136.,-138.52,57.));
#3035 = DIRECTION('',(0.,-1.,2.2E-16));
#3036 = DIRECTION('',(1.,0.,0.));
#3037 = PLANE('',#3038);
#3038 = AXIS2_PLACEMENT_3D('',#3039,#3040,#3041);
#3039 = CARTESIAN_POINT('',(-223.25,-138.52,15.75));
#3040 = DIRECTION('',(0.,1.,0.));
#3041 = DIRECTION('',(0.,0.,1.));
#3042 = ADVANCED_FACE('',(#3043,#3268,#3279,#3290,#3301,#3312,#3323,
    #3334,#3363,#3374,#3385,#3396,#3425,#3436,#3447,#3458,#3469,#3480),
  #3491,.F.);
#3043 = FACE_BOUND('',#3044,.F.);
#3044 = EDGE_LOOP('',(#3045,#3046,#3047,#3055,#3061,#3062,#3070,#3078,
    #3084,#3085,#3093,#3101,#3107,#3108,#3116,#3124,#3130,#3131,#3139,
    #3147,#3153,#3154,#3162,#3170,#3176,#3177,#3185,#3193,#3199,#3200,
    #3208,#3216,#3222,#3223,#3231,#3239,#3245,#3246,#3254,#3262));
#3045 = ORIENTED_EDGE('',*,*,#1847,.F.);
#3046 = ORIENTED_EDGE('',*,*,#55,.T.);
#3047 = ORIENTED_EDGE('',*,*,#3048,.T.);
#3048 = EDGE_CURVE('',#48,#3049,#3051,.T.);
#3049 = VERTEX_POINT('',#3050);
#3050 = CARTESIAN_POINT('',(222.25,-181.52,61.25));
#3051 = LINE('',#3052,#3053);
#3052 = CARTESIAN_POINT('',(-223.25,-181.52,61.25));
#3053 = VECTOR('',#3054,1.);
#3054 = DIRECTION('',(1.,0.,0.));
#3055 = ORIENTED_EDGE('',*,*,#3056,.F.);
#3056 = EDGE_CURVE('',#1832,#3049,#3057,.T.);
#3057 = LINE('',#3058,#3059);
#3058 = CARTESIAN_POINT('',(222.25,-182.77,61.25));
#3059 = VECTOR('',#3060,1.);
#3060 = DIRECTION('',(0.,-1.,0.));
#3061 = ORIENTED_EDGE('',*,*,#1829,.F.);
#3062 = ORIENTED_EDGE('',*,*,#3063,.T.);
#3063 = EDGE_CURVE('',#1830,#3064,#3066,.T.);
#3064 = VERTEX_POINT('',#3065);
#3065 = CARTESIAN_POINT('',(156.31821178799,-139.52,61.25));
#3066 = LINE('',#3067,#3068);
#3067 = CARTESIAN_POINT('',(156.31821178799,-139.52,61.25));
#3068 = VECTOR('',#3069,1.);
#3069 = DIRECTION('',(0.,-1.,2.2E-16));
#3070 = ORIENTED_EDGE('',*,*,#3071,.T.);
#3071 = EDGE_CURVE('',#3064,#3072,#3074,.T.);
#3072 = VERTEX_POINT('',#3073);
#3073 = CARTESIAN_POINT('',(152.181788212,-139.52,61.25));
#3074 = LINE('',#3075,#3076);
#3075 = CARTESIAN_POINT('',(-34.5,-139.52,61.25));
#3076 = VECTOR('',#3077,1.);
#3077 = DIRECTION('',(-1.,0.,0.));
#3078 = ORIENTED_EDGE('',*,*,#3079,.F.);
#3079 = EDGE_CURVE('',#1993,#3072,#3080,.T.);
#3080 = LINE('',#3081,#3082);
#3081 = CARTESIAN_POINT('',(152.181788212,-139.52,61.25));
#3082 = VECTOR('',#3083,1.);
#3083 = DIRECTION('',(0.,-1.,2.2E-16));
#3084 = ORIENTED_EDGE('',*,*,#1992,.F.);
#3085 = ORIENTED_EDGE('',*,*,#3086,.T.);
#3086 = EDGE_CURVE('',#1984,#3087,#3089,.T.);
#3087 = VERTEX_POINT('',#3088);
#3088 = CARTESIAN_POINT('',(101.81821178799,-139.52,61.25));
#3089 = LINE('',#3090,#3091);
#3090 = CARTESIAN_POINT('',(101.81821178799,-139.52,61.25));
#3091 = VECTOR('',#3092,1.);
#3092 = DIRECTION('',(0.,-1.,2.2E-16));
#3093 = ORIENTED_EDGE('',*,*,#3094,.T.);
#3094 = EDGE_CURVE('',#3087,#3095,#3097,.T.);
#3095 = VERTEX_POINT('',#3096);
#3096 = CARTESIAN_POINT('',(97.681788212005,-139.52,61.25));
#3097 = LINE('',#3098,#3099);
#3098 = CARTESIAN_POINT('',(-61.75,-139.52,61.25));
#3099 = VECTOR('',#3100,1.);
#3100 = DIRECTION('',(-1.,0.,0.));
#3101 = ORIENTED_EDGE('',*,*,#3102,.F.);
#3102 = EDGE_CURVE('',#1976,#3095,#3103,.T.);
#3103 = LINE('',#3104,#3105);
#3104 = CARTESIAN_POINT('',(97.681788212005,-139.52,61.25));
#3105 = VECTOR('',#3106,1.);
#3106 = DIRECTION('',(0.,-1.,2.2E-16));
#3107 = ORIENTED_EDGE('',*,*,#1975,.F.);
#3108 = ORIENTED_EDGE('',*,*,#3109,.T.);
#3109 = EDGE_CURVE('',#1967,#3110,#3112,.T.);
#3110 = VERTEX_POINT('',#3111);
#3111 = CARTESIAN_POINT('',(84.068211787995,-139.52,61.25));
#3112 = LINE('',#3113,#3114);
#3113 = CARTESIAN_POINT('',(84.068211787995,-139.52,61.25));
#3114 = VECTOR('',#3115,1.);
#3115 = DIRECTION('',(0.,-1.,2.2E-16));
#3116 = ORIENTED_EDGE('',*,*,#3117,.T.);
#3117 = EDGE_CURVE('',#3110,#3118,#3120,.T.);
#3118 = VERTEX_POINT('',#3119);
#3119 = CARTESIAN_POINT('',(79.931788212005,-139.52,61.25));
#3120 = LINE('',#3121,#3122);
#3121 = CARTESIAN_POINT('',(-70.625,-139.52,61.25));
#3122 = VECTOR('',#3123,1.);
#3123 = DIRECTION('',(-1.,0.,0.));
#3124 = ORIENTED_EDGE('',*,*,#3125,.F.);
#3125 = EDGE_CURVE('',#1959,#3118,#3126,.T.);
#3126 = LINE('',#3127,#3128);
#3127 = CARTESIAN_POINT('',(79.931788212005,-139.52,61.25));
#3128 = VECTOR('',#3129,1.);
#3129 = DIRECTION('',(0.,-1.,2.2E-16));
#3130 = ORIENTED_EDGE('',*,*,#1958,.F.);
#3131 = ORIENTED_EDGE('',*,*,#3132,.T.);
#3132 = EDGE_CURVE('',#1950,#3133,#3135,.T.);
#3133 = VERTEX_POINT('',#3134);
#3134 = CARTESIAN_POINT('',(63.810386699023,-139.52,61.25));
#3135 = LINE('',#3136,#3137);
#3136 = CARTESIAN_POINT('',(63.810386699023,-139.52,61.25));
#3137 = VECTOR('',#3138,1.);
#3138 = DIRECTION('',(0.,-1.,2.2E-16));
#3139 = ORIENTED_EDGE('',*,*,#3140,.T.);
#3140 = EDGE_CURVE('',#3133,#3141,#3143,.T.);
#3141 = VERTEX_POINT('',#3142);
#3142 = CARTESIAN_POINT('',(60.189613300977,-139.52,61.25));
#3143 = LINE('',#3144,#3145);
#3144 = CARTESIAN_POINT('',(-80.625,-139.52,61.25));
#3145 = VECTOR('',#3146,1.);
#3146 = DIRECTION('',(-1.,0.,0.));
#3147 = ORIENTED_EDGE('',*,*,#3148,.F.);
#3148 = EDGE_CURVE('',#1933,#3141,#3149,.T.);
#3149 = LINE('',#3150,#3151);
#3150 = CARTESIAN_POINT('',(60.189613300977,-139.52,61.25));
#3151 = VECTOR('',#3152,1.);
#3152 = DIRECTION('',(0.,-1.,2.2E-16));
#3153 = ORIENTED_EDGE('',*,*,#1932,.F.);
#3154 = ORIENTED_EDGE('',*,*,#3155,.T.);
#3155 = EDGE_CURVE('',#1924,#3156,#3158,.T.);
#3156 = VERTEX_POINT('',#3157);
#3157 = CARTESIAN_POINT('',(22.068211787995,-139.52,61.25));
#3158 = LINE('',#3159,#3160);
#3159 = CARTESIAN_POINT('',(22.068211787995,-139.52,61.25));
#3160 = VECTOR('',#3161,1.);
#3161 = DIRECTION('',(0.,-1.,2.2E-16));
#3162 = ORIENTED_EDGE('',*,*,#3163,.T.);
#3163 = EDGE_CURVE('',#3156,#3164,#3166,.T.);
#3164 = VERTEX_POINT('',#3165);
#3165 = CARTESIAN_POINT('',(17.931788212005,-139.52,61.25));
#3166 = LINE('',#3167,#3168);
#3167 = CARTESIAN_POINT('',(-101.625,-139.52,61.25));
#3168 = VECTOR('',#3169,1.);
#3169 = DIRECTION('',(-1.,0.,0.));
#3170 = ORIENTED_EDGE('',*,*,#3171,.F.);
#3171 = EDGE_CURVE('',#1916,#3164,#3172,.T.);
#3172 = LINE('',#3173,#3174);
#3173 = CARTESIAN_POINT('',(17.931788212005,-139.52,61.25));
#3174 = VECTOR('',#3175,1.);
#3175 = DIRECTION('',(0.,-1.,2.2E-16));
#3176 = ORIENTED_EDGE('',*,*,#1915,.F.);
#3177 = ORIENTED_EDGE('',*,*,#3178,.T.);
#3178 = EDGE_CURVE('',#1907,#3179,#3181,.T.);
#3179 = VERTEX_POINT('',#3180);
#3180 = CARTESIAN_POINT('',(-17.931788212,-139.52,61.25));
#3181 = LINE('',#3182,#3183);
#3182 = CARTESIAN_POINT('',(-17.931788212,-139.52,61.25));
#3183 = VECTOR('',#3184,1.);
#3184 = DIRECTION('',(0.,-1.,2.2E-16));
#3185 = ORIENTED_EDGE('',*,*,#3186,.T.);
#3186 = EDGE_CURVE('',#3179,#3187,#3189,.T.);
#3187 = VERTEX_POINT('',#3188);
#3188 = CARTESIAN_POINT('',(-22.06821178799,-139.52,61.25));
#3189 = LINE('',#3190,#3191);
#3190 = CARTESIAN_POINT('',(-121.625,-139.52,61.25));
#3191 = VECTOR('',#3192,1.);
#3192 = DIRECTION('',(-1.,0.,0.));
#3193 = ORIENTED_EDGE('',*,*,#3194,.F.);
#3194 = EDGE_CURVE('',#1899,#3187,#3195,.T.);
#3195 = LINE('',#3196,#3197);
#3196 = CARTESIAN_POINT('',(-22.06821178799,-139.52,61.25));
#3197 = VECTOR('',#3198,1.);
#3198 = DIRECTION('',(0.,-1.,2.2E-16));
#3199 = ORIENTED_EDGE('',*,*,#1898,.F.);
#3200 = ORIENTED_EDGE('',*,*,#3201,.T.);
#3201 = EDGE_CURVE('',#1890,#3202,#3204,.T.);
#3202 = VERTEX_POINT('',#3203);
#3203 = CARTESIAN_POINT('',(-57.931788212,-139.52,61.25));
#3204 = LINE('',#3205,#3206);
#3205 = CARTESIAN_POINT('',(-57.931788212,-139.52,61.25));
#3206 = VECTOR('',#3207,1.);
#3207 = DIRECTION('',(0.,-1.,2.2E-16));
#3208 = ORIENTED_EDGE('',*,*,#3209,.T.);
#3209 = EDGE_CURVE('',#3202,#3210,#3212,.T.);
#3210 = VERTEX_POINT('',#3211);
#3211 = CARTESIAN_POINT('',(-62.06821178799,-139.52,61.25));
#3212 = LINE('',#3213,#3214);
#3213 = CARTESIAN_POINT('',(-141.625,-139.52,61.25));
#3214 = VECTOR('',#3215,1.);
#3215 = DIRECTION('',(-1.,0.,0.));
#3216 = ORIENTED_EDGE('',*,*,#3217,.F.);
#3217 = EDGE_CURVE('',#1882,#3210,#3218,.T.);
#3218 = LINE('',#3219,#3220);
#3219 = CARTESIAN_POINT('',(-62.06821178799,-139.52,61.25));
#3220 = VECTOR('',#3221,1.);
#3221 = DIRECTION('',(0.,-1.,2.2E-16));
#3222 = ORIENTED_EDGE('',*,*,#1881,.F.);
#3223 = ORIENTED_EDGE('',*,*,#3224,.T.);
#3224 = EDGE_CURVE('',#1873,#3225,#3227,.T.);
#3225 = VERTEX_POINT('',#3226);
#3226 = CARTESIAN_POINT('',(-97.681788212,-139.52,61.25));
#3227 = LINE('',#3228,#3229);
#3228 = CARTESIAN_POINT('',(-97.681788212,-139.52,61.25));
#3229 = VECTOR('',#3230,1.);
#3230 = DIRECTION('',(0.,-1.,2.2E-16));
#3231 = ORIENTED_EDGE('',*,*,#3232,.T.);
#3232 = EDGE_CURVE('',#3225,#3233,#3235,.T.);
#3233 = VERTEX_POINT('',#3234);
#3234 = CARTESIAN_POINT('',(-101.8182117879,-139.52,61.25));
#3235 = LINE('',#3236,#3237);
#3236 = CARTESIAN_POINT('',(-161.5,-139.52,61.25));
#3237 = VECTOR('',#3238,1.);
#3238 = DIRECTION('',(-1.,0.,0.));
#3239 = ORIENTED_EDGE('',*,*,#3240,.F.);
#3240 = EDGE_CURVE('',#1865,#3233,#3241,.T.);
#3241 = LINE('',#3242,#3243);
#3242 = CARTESIAN_POINT('',(-101.8182117879,-139.52,61.25));
#3243 = VECTOR('',#3244,1.);
#3244 = DIRECTION('',(0.,-1.,2.2E-16));
#3245 = ORIENTED_EDGE('',*,*,#1864,.F.);
#3246 = ORIENTED_EDGE('',*,*,#3247,.T.);
#3247 = EDGE_CURVE('',#1856,#3248,#3250,.T.);
#3248 = VERTEX_POINT('',#3249);
#3249 = CARTESIAN_POINT('',(-152.181788212,-139.52,61.25));
#3250 = LINE('',#3251,#3252);
#3251 = CARTESIAN_POINT('',(-152.181788212,-139.52,61.25));
#3252 = VECTOR('',#3253,1.);
#3253 = DIRECTION('',(0.,-1.,2.2E-16));
#3254 = ORIENTED_EDGE('',*,*,#3255,.T.);
#3255 = EDGE_CURVE('',#3248,#3256,#3258,.T.);
#3256 = VERTEX_POINT('',#3257);
#3257 = CARTESIAN_POINT('',(-156.3182117879,-139.52,61.25));
#3258 = LINE('',#3259,#3260);
#3259 = CARTESIAN_POINT('',(-188.75,-139.52,61.25));
#3260 = VECTOR('',#3261,1.);
#3261 = DIRECTION('',(-1.,0.,0.));
#3262 = ORIENTED_EDGE('',*,*,#3263,.F.);
#3263 = EDGE_CURVE('',#1848,#3256,#3264,.T.);
#3264 = LINE('',#3265,#3266);
#3265 = CARTESIAN_POINT('',(-156.3182117879,-139.52,61.25));
#3266 = VECTOR('',#3267,1.);
#3267 = DIRECTION('',(0.,-1.,2.2E-16));
#3268 = FACE_BOUND('',#3269,.F.);
#3269 = EDGE_LOOP('',(#3270));
#3270 = ORIENTED_EDGE('',*,*,#3271,.T.);
#3271 = EDGE_CURVE('',#3272,#3272,#3274,.T.);
#3272 = VERTEX_POINT('',#3273);
#3273 = CARTESIAN_POINT('',(190.32,-176.02,61.25));
#3274 = CIRCLE('',#3275,2.2);
#3275 = AXIS2_PLACEMENT_3D('',#3276,#3277,#3278);
#3276 = CARTESIAN_POINT('',(188.12,-176.02,61.25));
#3277 = DIRECTION('',(0.,0.,-1.));
#3278 = DIRECTION('',(1.,0.,0.));
#3279 = FACE_BOUND('',#3280,.F.);
#3280 = EDGE_LOOP('',(#3281));
#3281 = ORIENTED_EDGE('',*,*,#3282,.T.);
#3282 = EDGE_CURVE('',#3283,#3283,#3285,.T.);
#3283 = VERTEX_POINT('',#3284);
#3284 = CARTESIAN_POINT('',(210.32,-176.02,61.25));
#3285 = CIRCLE('',#3286,2.2);
#3286 = AXIS2_PLACEMENT_3D('',#3287,#3288,#3289);
#3287 = CARTESIAN_POINT('',(208.12,-176.02,61.25));
#3288 = DIRECTION('',(0.,0.,-1.));
#3289 = DIRECTION('',(1.,0.,0.));
#3290 = FACE_BOUND('',#3291,.F.);
#3291 = EDGE_LOOP('',(#3292));
#3292 = ORIENTED_EDGE('',*,*,#3293,.T.);
#3293 = EDGE_CURVE('',#3294,#3294,#3296,.T.);
#3294 = VERTEX_POINT('',#3295);
#3295 = CARTESIAN_POINT('',(-204.05,-160.02,61.25));
#3296 = CIRCLE('',#3297,2.2);
#3297 = AXIS2_PLACEMENT_3D('',#3298,#3299,#3300);
#3298 = CARTESIAN_POINT('',(-206.25,-160.02,61.25));
#3299 = DIRECTION('',(0.,0.,-1.));
#3300 = DIRECTION('',(1.,0.,0.));
#3301 = FACE_BOUND('',#3302,.F.);
#3302 = EDGE_LOOP('',(#3303));
#3303 = ORIENTED_EDGE('',*,*,#3304,.T.);
#3304 = EDGE_CURVE('',#3305,#3305,#3307,.T.);
#3305 = VERTEX_POINT('',#3306);
#3306 = CARTESIAN_POINT('',(-156.05,-160.02,61.25));
#3307 = CIRCLE('',#3308,2.2);
#3308 = AXIS2_PLACEMENT_3D('',#3309,#3310,#3311);
#3309 = CARTESIAN_POINT('',(-158.25,-160.02,61.25));
#3310 = DIRECTION('',(0.,0.,-1.));
#3311 = DIRECTION('',(1.,0.,0.));
#3312 = FACE_BOUND('',#3313,.F.);
#3313 = EDGE_LOOP('',(#3314));
#3314 = ORIENTED_EDGE('',*,*,#3315,.T.);
#3315 = EDGE_CURVE('',#3316,#3316,#3318,.T.);
#3316 = VERTEX_POINT('',#3317);
#3317 = CARTESIAN_POINT('',(-147.8,-160.02,61.25));
#3318 = CIRCLE('',#3319,2.2);
#3319 = AXIS2_PLACEMENT_3D('',#3320,#3321,#3322);
#3320 = CARTESIAN_POINT('',(-150.,-160.02,61.25));
#3321 = DIRECTION('',(0.,0.,-1.));
#3322 = DIRECTION('',(1.,0.,0.));
#3323 = FACE_BOUND('',#3324,.F.);
#3324 = EDGE_LOOP('',(#3325));
#3325 = ORIENTED_EDGE('',*,*,#3326,.T.);
#3326 = EDGE_CURVE('',#3327,#3327,#3329,.T.);
#3327 = VERTEX_POINT('',#3328);
#3328 = CARTESIAN_POINT('',(-108.05,-160.02,61.25));
#3329 = CIRCLE('',#3330,2.2);
#3330 = AXIS2_PLACEMENT_3D('',#3331,#3332,#3333);
#3331 = CARTESIAN_POINT('',(-110.25,-160.02,61.25));
#3332 = DIRECTION('',(0.,0.,-1.));
#3333 = DIRECTION('',(1.,0.,0.));
#3334 = FACE_BOUND('',#3335,.F.);
#3335 = EDGE_LOOP('',(#3336,#3347,#3356));
#3336 = ORIENTED_EDGE('',*,*,#3337,.T.);
#3337 = EDGE_CURVE('',#3338,#3340,#3342,.T.);
#3338 = VERTEX_POINT('',#3339);
#3339 = CARTESIAN_POINT('',(-57.8,-160.02,61.25));
#3340 = VERTEX_POINT('',#3341);
#3341 = CARTESIAN_POINT('',(-61.125,-161.910601756,61.25));
#3342 = CIRCLE('',#3343,2.2);
#3343 = AXIS2_PLACEMENT_3D('',#3344,#3345,#3346);
#3344 = CARTESIAN_POINT('',(-60.,-160.02,61.25));
#3345 = DIRECTION('',(0.,0.,-1.));
#3346 = DIRECTION('',(1.,0.,0.));
#3347 = ORIENTED_EDGE('',*,*,#3348,.T.);
#3348 = EDGE_CURVE('',#3340,#3349,#3351,.T.);
#3349 = VERTEX_POINT('',#3350);
#3350 = CARTESIAN_POINT('',(-61.125,-158.1293982439,61.25));
#3351 = CIRCLE('',#3352,2.2);
#3352 = AXIS2_PLACEMENT_3D('',#3353,#3354,#3355);
#3353 = CARTESIAN_POINT('',(-62.25,-160.02,61.25));
#3354 = DIRECTION('',(0.,0.,-1.));
#3355 = DIRECTION('',(1.,0.,0.));
#3356 = ORIENTED_EDGE('',*,*,#3357,.T.);
#3357 = EDGE_CURVE('',#3349,#3338,#3358,.T.);
#3358 = CIRCLE('',#3359,2.2);
#3359 = AXIS2_PLACEMENT_3D('',#3360,#3361,#3362);
#3360 = CARTESIAN_POINT('',(-60.,-160.02,61.25));
#3361 = DIRECTION('',(0.,0.,-1.));
#3362 = DIRECTION('',(1.,0.,0.));
#3363 = FACE_BOUND('',#3364,.F.);
#3364 = EDGE_LOOP('',(#3365));
#3365 = ORIENTED_EDGE('',*,*,#3366,.T.);
#3366 = EDGE_CURVE('',#3367,#3367,#3369,.T.);
#3367 = VERTEX_POINT('',#3368);
#3368 = CARTESIAN_POINT('',(-12.05,-160.02,61.25));
#3369 = CIRCLE('',#3370,2.2);
#3370 = AXIS2_PLACEMENT_3D('',#3371,#3372,#3373);
#3371 = CARTESIAN_POINT('',(-14.25,-160.02,61.25));
#3372 = DIRECTION('',(0.,0.,-1.));
#3373 = DIRECTION('',(1.,0.,0.));
#3374 = FACE_BOUND('',#3375,.F.);
#3375 = EDGE_LOOP('',(#3376));
#3376 = ORIENTED_EDGE('',*,*,#3377,.T.);
#3377 = EDGE_CURVE('',#3378,#3378,#3380,.T.);
#3378 = VERTEX_POINT('',#3379);
#3379 = CARTESIAN_POINT('',(-200.92,-152.02,61.25));
#3380 = CIRCLE('',#3381,2.2);
#3381 = AXIS2_PLACEMENT_3D('',#3382,#3383,#3384);
#3382 = CARTESIAN_POINT('',(-203.12,-152.02,61.25));
#3383 = DIRECTION('',(0.,0.,-1.));
#3384 = DIRECTION('',(1.,0.,0.));
#3385 = FACE_BOUND('',#3386,.F.);
#3386 = EDGE_LOOP('',(#3387));
#3387 = ORIENTED_EDGE('',*,*,#3388,.T.);
#3388 = EDGE_CURVE('',#3389,#3389,#3391,.T.);
#3389 = VERTEX_POINT('',#3390);
#3390 = CARTESIAN_POINT('',(-181.92,-152.02,61.25));
#3391 = CIRCLE('',#3392,2.2);
#3392 = AXIS2_PLACEMENT_3D('',#3393,#3394,#3395);
#3393 = CARTESIAN_POINT('',(-184.12,-152.02,61.25));
#3394 = DIRECTION('',(0.,0.,-1.));
#3395 = DIRECTION('',(1.,0.,0.));
#3396 = FACE_BOUND('',#3397,.F.);
#3397 = EDGE_LOOP('',(#3398,#3409,#3418));
#3398 = ORIENTED_EDGE('',*,*,#3399,.T.);
#3399 = EDGE_CURVE('',#3400,#3402,#3404,.T.);
#3400 = VERTEX_POINT('',#3401);
#3401 = CARTESIAN_POINT('',(31.875,-158.8691850713,61.25));
#3402 = VERTEX_POINT('',#3403);
#3403 = CARTESIAN_POINT('',(35.95,-160.02,61.25));
#3404 = CIRCLE('',#3405,2.2);
#3405 = AXIS2_PLACEMENT_3D('',#3406,#3407,#3408);
#3406 = CARTESIAN_POINT('',(33.75,-160.02,61.25));
#3407 = DIRECTION('',(0.,0.,-1.));
#3408 = DIRECTION('',(1.,0.,0.));
#3409 = ORIENTED_EDGE('',*,*,#3410,.T.);
#3410 = EDGE_CURVE('',#3402,#3411,#3413,.T.);
#3411 = VERTEX_POINT('',#3412);
#3412 = CARTESIAN_POINT('',(31.875,-161.1708149286,61.25));
#3413 = CIRCLE('',#3414,2.2);
#3414 = AXIS2_PLACEMENT_3D('',#3415,#3416,#3417);
#3415 = CARTESIAN_POINT('',(33.75,-160.02,61.25));
#3416 = DIRECTION('',(0.,0.,-1.));
#3417 = DIRECTION('',(1.,0.,0.));
#3418 = ORIENTED_EDGE('',*,*,#3419,.T.);
#3419 = EDGE_CURVE('',#3411,#3400,#3420,.T.);
#3420 = CIRCLE('',#3421,2.2);
#3421 = AXIS2_PLACEMENT_3D('',#3422,#3423,#3424);
#3422 = CARTESIAN_POINT('',(30.,-160.02,61.25));
#3423 = DIRECTION('',(0.,0.,-1.));
#3424 = DIRECTION('',(1.,0.,0.));
#3425 = FACE_BOUND('',#3426,.F.);
#3426 = EDGE_LOOP('',(#3427));
#3427 = ORIENTED_EDGE('',*,*,#3428,.T.);
#3428 = EDGE_CURVE('',#3429,#3429,#3431,.T.);
#3429 = VERTEX_POINT('',#3430);
#3430 = CARTESIAN_POINT('',(83.95,-160.02,61.25));
#3431 = CIRCLE('',#3432,2.2);
#3432 = AXIS2_PLACEMENT_3D('',#3433,#3434,#3435);
#3433 = CARTESIAN_POINT('',(81.75,-160.02,61.25));
#3434 = DIRECTION('',(0.,0.,-1.));
#3435 = DIRECTION('',(1.,0.,0.));
#3436 = FACE_BOUND('',#3437,.F.);
#3437 = EDGE_LOOP('',(#3438));
#3438 = ORIENTED_EDGE('',*,*,#3439,.T.);
#3439 = EDGE_CURVE('',#3440,#3440,#3442,.T.);
#3440 = VERTEX_POINT('',#3441);
#3441 = CARTESIAN_POINT('',(112.2,-160.02,61.25));
#3442 = CIRCLE('',#3443,2.2);
#3443 = AXIS2_PLACEMENT_3D('',#3444,#3445,#3446);
#3444 = CARTESIAN_POINT('',(110.,-160.02,61.25));
#3445 = DIRECTION('',(0.,0.,-1.));
#3446 = DIRECTION('',(1.,0.,0.));
#3447 = FACE_BOUND('',#3448,.F.);
#3448 = EDGE_LOOP('',(#3449));
#3449 = ORIENTED_EDGE('',*,*,#3450,.T.);
#3450 = EDGE_CURVE('',#3451,#3451,#3453,.T.);
#3451 = VERTEX_POINT('',#3452);
#3452 = CARTESIAN_POINT('',(131.95,-160.02,61.25));
#3453 = CIRCLE('',#3454,2.2);
#3454 = AXIS2_PLACEMENT_3D('',#3455,#3456,#3457);
#3455 = CARTESIAN_POINT('',(129.75,-160.02,61.25));
#3456 = DIRECTION('',(0.,0.,-1.));
#3457 = DIRECTION('',(1.,0.,0.));
#3458 = FACE_BOUND('',#3459,.F.);
#3459 = EDGE_LOOP('',(#3460));
#3460 = ORIENTED_EDGE('',*,*,#3461,.T.);
#3461 = EDGE_CURVE('',#3462,#3462,#3464,.T.);
#3462 = VERTEX_POINT('',#3463);
#3463 = CARTESIAN_POINT('',(179.95,-160.02,61.25));
#3464 = CIRCLE('',#3465,2.2);
#3465 = AXIS2_PLACEMENT_3D('',#3466,#3467,#3468);
#3466 = CARTESIAN_POINT('',(177.75,-160.02,61.25));
#3467 = DIRECTION('',(0.,0.,-1.));
#3468 = DIRECTION('',(1.,0.,0.));
#3469 = FACE_BOUND('',#3470,.F.);
#3470 = EDGE_LOOP('',(#3471));
#3471 = ORIENTED_EDGE('',*,*,#3472,.T.);
#3472 = EDGE_CURVE('',#3473,#3473,#3475,.T.);
#3473 = VERTEX_POINT('',#3474);
#3474 = CARTESIAN_POINT('',(190.32,-152.02,61.25));
#3475 = CIRCLE('',#3476,2.2);
#3476 = AXIS2_PLACEMENT_3D('',#3477,#3478,#3479);
#3477 = CARTESIAN_POINT('',(188.12,-152.02,61.25));
#3478 = DIRECTION('',(0.,0.,-1.));
#3479 = DIRECTION('',(1.,0.,0.));
#3480 = FACE_BOUND('',#3481,.F.);
#3481 = EDGE_LOOP('',(#3482));
#3482 = ORIENTED_EDGE('',*,*,#3483,.T.);
#3483 = EDGE_CURVE('',#3484,#3484,#3486,.T.);
#3484 = VERTEX_POINT('',#3485);
#3485 = CARTESIAN_POINT('',(210.32,-152.02,61.25));
#3486 = CIRCLE('',#3487,2.2);
#3487 = AXIS2_PLACEMENT_3D('',#3488,#3489,#3490);
#3488 = CARTESIAN_POINT('',(208.12,-152.02,61.25));
#3489 = DIRECTION('',(0.,0.,-1.));
#3490 = DIRECTION('',(1.,0.,0.));
#3491 = PLANE('',#3492);
#3492 = AXIS2_PLACEMENT_3D('',#3493,#3494,#3495);
#3493 = CARTESIAN_POINT('',(-223.25,-181.52,61.25));
#3494 = DIRECTION('',(0.,0.,1.));
#3495 = DIRECTION('',(1.,0.,0.));
#3496 = ADVANCED_FACE('',(#3497,#3515,#3526,#3537,#3548,#3559,#3570,
    #3581,#3592,#3603,#3614,#3625,#3636,#3647,#3658,#3669,#3680,#3691,
    #3702,#3713,#3724,#3735,#3746,#3757,#3768,#3779,#3790,#3801,#3812,
    #3823,#3834,#3845,#3856,#3867),#3878,.T.);
#3497 = FACE_BOUND('',#3498,.T.);
#3498 = EDGE_LOOP('',(#3499,#3507,#3508,#3509));
#3499 = ORIENTED_EDGE('',*,*,#3500,.F.);
#3500 = EDGE_CURVE('',#40,#3501,#3503,.T.);
#3501 = VERTEX_POINT('',#3502);
#3502 = CARTESIAN_POINT('',(222.25,-181.52,15.75));
#3503 = LINE('',#3504,#3505);
#3504 = CARTESIAN_POINT('',(-223.25,-181.52,15.75));
#3505 = VECTOR('',#3506,1.);
#3506 = DIRECTION('',(1.,0.,0.));
#3507 = ORIENTED_EDGE('',*,*,#47,.T.);
#3508 = ORIENTED_EDGE('',*,*,#3048,.T.);
#3509 = ORIENTED_EDGE('',*,*,#3510,.F.);
#3510 = EDGE_CURVE('',#3501,#3049,#3511,.T.);
#3511 = LINE('',#3512,#3513);
#3512 = CARTESIAN_POINT('',(222.25,-181.52,15.75));
#3513 = VECTOR('',#3514,1.);
#3514 = DIRECTION('',(0.,0.,1.));
#3515 = FACE_BOUND('',#3516,.T.);
#3516 = EDGE_LOOP('',(#3517));
#3517 = ORIENTED_EDGE('',*,*,#3518,.T.);
#3518 = EDGE_CURVE('',#3519,#3519,#3521,.T.);
#3519 = VERTEX_POINT('',#3520);
#3520 = CARTESIAN_POINT('',(-204.05,-181.52,27.75));
#3521 = CIRCLE('',#3522,2.2);
#3522 = AXIS2_PLACEMENT_3D('',#3523,#3524,#3525);
#3523 = CARTESIAN_POINT('',(-206.25,-181.52,27.75));
#3524 = DIRECTION('',(0.,-1.,2.2E-16));
#3525 = DIRECTION('',(1.,0.,0.));
#3526 = FACE_BOUND('',#3527,.T.);
#3527 = EDGE_LOOP('',(#3528));
#3528 = ORIENTED_EDGE('',*,*,#3529,.T.);
#3529 = EDGE_CURVE('',#3530,#3530,#3532,.T.);
#3530 = VERTEX_POINT('',#3531);
#3531 = CARTESIAN_POINT('',(-156.05,-181.52,27.75));
#3532 = CIRCLE('',#3533,2.2);
#3533 = AXIS2_PLACEMENT_3D('',#3534,#3535,#3536);
#3534 = CARTESIAN_POINT('',(-158.25,-181.52,27.75));
#3535 = DIRECTION('',(0.,-1.,2.2E-16));
#3536 = DIRECTION('',(1.,0.,0.));
#3537 = FACE_BOUND('',#3538,.T.);
#3538 = EDGE_LOOP('',(#3539));
#3539 = ORIENTED_EDGE('',*,*,#3540,.T.);
#3540 = EDGE_CURVE('',#3541,#3541,#3543,.T.);
#3541 = VERTEX_POINT('',#3542);
#3542 = CARTESIAN_POINT('',(-108.05,-181.52,27.75));
#3543 = CIRCLE('',#3544,2.2);
#3544 = AXIS2_PLACEMENT_3D('',#3545,#3546,#3547);
#3545 = CARTESIAN_POINT('',(-110.25,-181.52,27.75));
#3546 = DIRECTION('',(0.,-1.,2.2E-16));
#3547 = DIRECTION('',(1.,0.,0.));
#3548 = FACE_BOUND('',#3549,.T.);
#3549 = EDGE_LOOP('',(#3550));
#3550 = ORIENTED_EDGE('',*,*,#3551,.T.);
#3551 = EDGE_CURVE('',#3552,#3552,#3554,.T.);
#3552 = VERTEX_POINT('',#3553);
#3553 = CARTESIAN_POINT('',(-132.75,-181.52,39.));
#3554 = CIRCLE('',#3555,3.25);
#3555 = AXIS2_PLACEMENT_3D('',#3556,#3557,#3558);
#3556 = CARTESIAN_POINT('',(-136.,-181.52,39.));
#3557 = DIRECTION('',(0.,-1.,2.2E-16));
#3558 = DIRECTION('',(1.,0.,0.));
#3559 = FACE_BOUND('',#3560,.T.);
#3560 = EDGE_LOOP('',(#3561));
#3561 = ORIENTED_EDGE('',*,*,#3562,.T.);
#3562 = EDGE_CURVE('',#3563,#3563,#3565,.T.);
#3563 = VERTEX_POINT('',#3564);
#3564 = CARTESIAN_POINT('',(-114.75,-181.52,39.));
#3565 = CIRCLE('',#3566,3.25);
#3566 = AXIS2_PLACEMENT_3D('',#3567,#3568,#3569);
#3567 = CARTESIAN_POINT('',(-118.,-181.52,39.));
#3568 = DIRECTION('',(0.,-1.,2.2E-16));
#3569 = DIRECTION('',(1.,0.,0.));
#3570 = FACE_BOUND('',#3571,.T.);
#3571 = EDGE_LOOP('',(#3572));
#3572 = ORIENTED_EDGE('',*,*,#3573,.T.);
#3573 = EDGE_CURVE('',#3574,#3574,#3576,.T.);
#3574 = VERTEX_POINT('',#3575);
#3575 = CARTESIAN_POINT('',(-60.05,-181.52,27.75));
#3576 = CIRCLE('',#3577,2.2);
#3577 = AXIS2_PLACEMENT_3D('',#3578,#3579,#3580);
#3578 = CARTESIAN_POINT('',(-62.25,-181.52,27.75));
#3579 = DIRECTION('',(0.,-1.,2.2E-16));
#3580 = DIRECTION('',(1.,0.,0.));
#3581 = FACE_BOUND('',#3582,.T.);
#3582 = EDGE_LOOP('',(#3583));
#3583 = ORIENTED_EDGE('',*,*,#3584,.T.);
#3584 = EDGE_CURVE('',#3585,#3585,#3587,.T.);
#3585 = VERTEX_POINT('',#3586);
#3586 = CARTESIAN_POINT('',(-22.8,-181.52,25.75));
#3587 = CIRCLE('',#3588,2.2);
#3588 = AXIS2_PLACEMENT_3D('',#3589,#3590,#3591);
#3589 = CARTESIAN_POINT('',(-25.,-181.52,25.75));
#3590 = DIRECTION('',(0.,-1.,2.2E-16));
#3591 = DIRECTION('',(1.,0.,0.));
#3592 = FACE_BOUND('',#3593,.T.);
#3593 = EDGE_LOOP('',(#3594));
#3594 = ORIENTED_EDGE('',*,*,#3595,.T.);
#3595 = EDGE_CURVE('',#3596,#3596,#3598,.T.);
#3596 = VERTEX_POINT('',#3597);
#3597 = CARTESIAN_POINT('',(-12.05,-181.52,27.75));
#3598 = CIRCLE('',#3599,2.2);
#3599 = AXIS2_PLACEMENT_3D('',#3600,#3601,#3602);
#3600 = CARTESIAN_POINT('',(-14.25,-181.52,27.75));
#3601 = DIRECTION('',(0.,-1.,2.2E-16));
#3602 = DIRECTION('',(1.,0.,0.));
#3603 = FACE_BOUND('',#3604,.T.);
#3604 = EDGE_LOOP('',(#3605));
#3605 = ORIENTED_EDGE('',*,*,#3606,.T.);
#3606 = EDGE_CURVE('',#3607,#3607,#3609,.T.);
#3607 = VERTEX_POINT('',#3608);
#3608 = CARTESIAN_POINT('',(-204.05,-181.52,43.75));
#3609 = CIRCLE('',#3610,2.2);
#3610 = AXIS2_PLACEMENT_3D('',#3611,#3612,#3613);
#3611 = CARTESIAN_POINT('',(-206.25,-181.52,43.75));
#3612 = DIRECTION('',(0.,-1.,2.2E-16));
#3613 = DIRECTION('',(1.,0.,0.));
#3614 = FACE_BOUND('',#3615,.T.);
#3615 = EDGE_LOOP('',(#3616));
#3616 = ORIENTED_EDGE('',*,*,#3617,.T.);
#3617 = EDGE_CURVE('',#3618,#3618,#3620,.T.);
#3618 = VERTEX_POINT('',#3619);
#3619 = CARTESIAN_POINT('',(-156.05,-181.52,43.75));
#3620 = CIRCLE('',#3621,2.2);
#3621 = AXIS2_PLACEMENT_3D('',#3622,#3623,#3624);
#3622 = CARTESIAN_POINT('',(-158.25,-181.52,43.75));
#3623 = DIRECTION('',(0.,-1.,2.2E-16));
#3624 = DIRECTION('',(1.,0.,0.));
#3625 = FACE_BOUND('',#3626,.T.);
#3626 = EDGE_LOOP('',(#3627));
#3627 = ORIENTED_EDGE('',*,*,#3628,.T.);
#3628 = EDGE_CURVE('',#3629,#3629,#3631,.T.);
#3629 = VERTEX_POINT('',#3630);
#3630 = CARTESIAN_POINT('',(-108.05,-181.52,43.75));
#3631 = CIRCLE('',#3632,2.2);
#3632 = AXIS2_PLACEMENT_3D('',#3633,#3634,#3635);
#3633 = CARTESIAN_POINT('',(-110.25,-181.52,43.75));
#3634 = DIRECTION('',(0.,-1.,2.2E-16));
#3635 = DIRECTION('',(1.,0.,0.));
#3636 = FACE_BOUND('',#3637,.T.);
#3637 = EDGE_LOOP('',(#3638));
#3638 = ORIENTED_EDGE('',*,*,#3639,.T.);
#3639 = EDGE_CURVE('',#3640,#3640,#3642,.T.);
#3640 = VERTEX_POINT('',#3641);
#3641 = CARTESIAN_POINT('',(-119.,-181.52,48.));
#3642 = CIRCLE('',#3643,8.);
#3643 = AXIS2_PLACEMENT_3D('',#3644,#3645,#3646);
#3644 = CARTESIAN_POINT('',(-127.,-181.52,48.));
#3645 = DIRECTION('',(0.,-1.,2.2E-16));
#3646 = DIRECTION('',(1.,0.,0.));
#3647 = FACE_BOUND('',#3648,.T.);
#3648 = EDGE_LOOP('',(#3649));
#3649 = ORIENTED_EDGE('',*,*,#3650,.T.);
#3650 = EDGE_CURVE('',#3651,#3651,#3653,.T.);
#3651 = VERTEX_POINT('',#3652);
#3652 = CARTESIAN_POINT('',(-132.75,-181.52,57.));
#3653 = CIRCLE('',#3654,3.25);
#3654 = AXIS2_PLACEMENT_3D('',#3655,#3656,#3657);
#3655 = CARTESIAN_POINT('',(-136.,-181.52,57.));
#3656 = DIRECTION('',(0.,-1.,2.2E-16));
#3657 = DIRECTION('',(1.,0.,0.));
#3658 = FACE_BOUND('',#3659,.T.);
#3659 = EDGE_LOOP('',(#3660));
#3660 = ORIENTED_EDGE('',*,*,#3661,.T.);
#3661 = EDGE_CURVE('',#3662,#3662,#3664,.T.);
#3662 = VERTEX_POINT('',#3663);
#3663 = CARTESIAN_POINT('',(-114.75,-181.52,57.));
#3664 = CIRCLE('',#3665,3.25);
#3665 = AXIS2_PLACEMENT_3D('',#3666,#3667,#3668);
#3666 = CARTESIAN_POINT('',(-118.,-181.52,57.));
#3667 = DIRECTION('',(0.,-1.,2.2E-16));
#3668 = DIRECTION('',(1.,0.,0.));
#3669 = FACE_BOUND('',#3670,.T.);
#3670 = EDGE_LOOP('',(#3671));
#3671 = ORIENTED_EDGE('',*,*,#3672,.T.);
#3672 = EDGE_CURVE('',#3673,#3673,#3675,.T.);
#3673 = VERTEX_POINT('',#3674);
#3674 = CARTESIAN_POINT('',(-60.05,-181.52,43.75));
#3675 = CIRCLE('',#3676,2.2);
#3676 = AXIS2_PLACEMENT_3D('',#3677,#3678,#3679);
#3677 = CARTESIAN_POINT('',(-62.25,-181.52,43.75));
#3678 = DIRECTION('',(0.,-1.,2.2E-16));
#3679 = DIRECTION('',(1.,0.,0.));
#3680 = FACE_BOUND('',#3681,.T.);
#3681 = EDGE_LOOP('',(#3682));
#3682 = ORIENTED_EDGE('',*,*,#3683,.T.);
#3683 = EDGE_CURVE('',#3684,#3684,#3686,.T.);
#3684 = VERTEX_POINT('',#3685);
#3685 = CARTESIAN_POINT('',(-12.05,-181.52,43.75));
#3686 = CIRCLE('',#3687,2.2);
#3687 = AXIS2_PLACEMENT_3D('',#3688,#3689,#3690);
#3688 = CARTESIAN_POINT('',(-14.25,-181.52,43.75));
#3689 = DIRECTION('',(0.,-1.,2.2E-16));
#3690 = DIRECTION('',(1.,0.,0.));
#3691 = FACE_BOUND('',#3692,.T.);
#3692 = EDGE_LOOP('',(#3693));
#3693 = ORIENTED_EDGE('',*,*,#3694,.T.);
#3694 = EDGE_CURVE('',#3695,#3695,#3697,.T.);
#3695 = VERTEX_POINT('',#3696);
#3696 = CARTESIAN_POINT('',(-22.8,-181.52,49.75));
#3697 = CIRCLE('',#3698,2.2);
#3698 = AXIS2_PLACEMENT_3D('',#3699,#3700,#3701);
#3699 = CARTESIAN_POINT('',(-25.,-181.52,49.75));
#3700 = DIRECTION('',(0.,-1.,2.2E-16));
#3701 = DIRECTION('',(1.,0.,0.));
#3702 = FACE_BOUND('',#3703,.T.);
#3703 = EDGE_LOOP('',(#3704));
#3704 = ORIENTED_EDGE('',*,*,#3705,.T.);
#3705 = EDGE_CURVE('',#3706,#3706,#3708,.T.);
#3706 = VERTEX_POINT('',#3707);
#3707 = CARTESIAN_POINT('',(27.2,-181.52,25.75));
#3708 = CIRCLE('',#3709,2.2);
#3709 = AXIS2_PLACEMENT_3D('',#3710,#3711,#3712);
#3710 = CARTESIAN_POINT('',(25.,-181.52,25.75));
#3711 = DIRECTION('',(0.,-1.,2.2E-16));
#3712 = DIRECTION('',(1.,0.,0.));
#3713 = FACE_BOUND('',#3714,.T.);
#3714 = EDGE_LOOP('',(#3715));
#3715 = ORIENTED_EDGE('',*,*,#3716,.T.);
#3716 = EDGE_CURVE('',#3717,#3717,#3719,.T.);
#3717 = VERTEX_POINT('',#3718);
#3718 = CARTESIAN_POINT('',(35.95,-181.52,27.75));
#3719 = CIRCLE('',#3720,2.2);
#3720 = AXIS2_PLACEMENT_3D('',#3721,#3722,#3723);
#3721 = CARTESIAN_POINT('',(33.75,-181.52,27.75));
#3722 = DIRECTION('',(0.,-1.,2.2E-16));
#3723 = DIRECTION('',(1.,0.,0.));
#3724 = FACE_BOUND('',#3725,.T.);
#3725 = EDGE_LOOP('',(#3726));
#3726 = ORIENTED_EDGE('',*,*,#3727,.T.);
#3727 = EDGE_CURVE('',#3728,#3728,#3730,.T.);
#3728 = VERTEX_POINT('',#3729);
#3729 = CARTESIAN_POINT('',(83.95,-181.52,27.75));
#3730 = CIRCLE('',#3731,2.2);
#3731 = AXIS2_PLACEMENT_3D('',#3732,#3733,#3734);
#3732 = CARTESIAN_POINT('',(81.75,-181.52,27.75));
#3733 = DIRECTION('',(0.,-1.,2.2E-16));
#3734 = DIRECTION('',(1.,0.,0.));
#3735 = FACE_BOUND('',#3736,.T.);
#3736 = EDGE_LOOP('',(#3737));
#3737 = ORIENTED_EDGE('',*,*,#3738,.T.);
#3738 = EDGE_CURVE('',#3739,#3739,#3741,.T.);
#3739 = VERTEX_POINT('',#3740);
#3740 = CARTESIAN_POINT('',(77.2,-181.52,38.));
#3741 = CIRCLE('',#3742,2.2);
#3742 = AXIS2_PLACEMENT_3D('',#3743,#3744,#3745);
#3743 = CARTESIAN_POINT('',(75.,-181.52,38.));
#3744 = DIRECTION('',(0.,-1.,2.2E-16));
#3745 = DIRECTION('',(1.,0.,0.));
#3746 = FACE_BOUND('',#3747,.T.);
#3747 = EDGE_LOOP('',(#3748));
#3748 = ORIENTED_EDGE('',*,*,#3749,.T.);
#3749 = EDGE_CURVE('',#3750,#3750,#3752,.T.);
#3750 = VERTEX_POINT('',#3751);
#3751 = CARTESIAN_POINT('',(131.95,-181.52,27.75));
#3752 = CIRCLE('',#3753,2.2);
#3753 = AXIS2_PLACEMENT_3D('',#3754,#3755,#3756);
#3754 = CARTESIAN_POINT('',(129.75,-181.52,27.75));
#3755 = DIRECTION('',(0.,-1.,2.2E-16));
#3756 = DIRECTION('',(1.,0.,0.));
#3757 = FACE_BOUND('',#3758,.T.);
#3758 = EDGE_LOOP('',(#3759));
#3759 = ORIENTED_EDGE('',*,*,#3760,.T.);
#3760 = EDGE_CURVE('',#3761,#3761,#3763,.T.);
#3761 = VERTEX_POINT('',#3762);
#3762 = CARTESIAN_POINT('',(179.95,-181.52,27.75));
#3763 = CIRCLE('',#3764,2.2);
#3764 = AXIS2_PLACEMENT_3D('',#3765,#3766,#3767);
#3765 = CARTESIAN_POINT('',(177.75,-181.52,27.75));
#3766 = DIRECTION('',(0.,-1.,2.2E-16));
#3767 = DIRECTION('',(1.,0.,0.));
#3768 = FACE_BOUND('',#3769,.T.);
#3769 = EDGE_LOOP('',(#3770));
#3770 = ORIENTED_EDGE('',*,*,#3771,.T.);
#3771 = EDGE_CURVE('',#3772,#3772,#3774,.T.);
#3772 = VERTEX_POINT('',#3773);
#3773 = CARTESIAN_POINT('',(121.25,-181.52,39.));
#3774 = CIRCLE('',#3775,3.25);
#3775 = AXIS2_PLACEMENT_3D('',#3776,#3777,#3778);
#3776 = CARTESIAN_POINT('',(118.,-181.52,39.));
#3777 = DIRECTION('',(0.,-1.,2.2E-16));
#3778 = DIRECTION('',(1.,0.,0.));
#3779 = FACE_BOUND('',#3780,.T.);
#3780 = EDGE_LOOP('',(#3781));
#3781 = ORIENTED_EDGE('',*,*,#3782,.T.);
#3782 = EDGE_CURVE('',#3783,#3783,#3785,.T.);
#3783 = VERTEX_POINT('',#3784);
#3784 = CARTESIAN_POINT('',(139.25,-181.52,39.));
#3785 = CIRCLE('',#3786,3.25);
#3786 = AXIS2_PLACEMENT_3D('',#3787,#3788,#3789);
#3787 = CARTESIAN_POINT('',(136.,-181.52,39.));
#3788 = DIRECTION('',(0.,-1.,2.2E-16));
#3789 = DIRECTION('',(1.,0.,0.));
#3790 = FACE_BOUND('',#3791,.T.);
#3791 = EDGE_LOOP('',(#3792));
#3792 = ORIENTED_EDGE('',*,*,#3793,.T.);
#3793 = EDGE_CURVE('',#3794,#3794,#3796,.T.);
#3794 = VERTEX_POINT('',#3795);
#3795 = CARTESIAN_POINT('',(207.2,-181.52,38.));
#3796 = CIRCLE('',#3797,2.2);
#3797 = AXIS2_PLACEMENT_3D('',#3798,#3799,#3800);
#3798 = CARTESIAN_POINT('',(205.,-181.52,38.));
#3799 = DIRECTION('',(0.,-1.,2.2E-16));
#3800 = DIRECTION('',(1.,0.,0.));
#3801 = FACE_BOUND('',#3802,.T.);
#3802 = EDGE_LOOP('',(#3803));
#3803 = ORIENTED_EDGE('',*,*,#3804,.T.);
#3804 = EDGE_CURVE('',#3805,#3805,#3807,.T.);
#3805 = VERTEX_POINT('',#3806);
#3806 = CARTESIAN_POINT('',(35.95,-181.52,43.75));
#3807 = CIRCLE('',#3808,2.2);
#3808 = AXIS2_PLACEMENT_3D('',#3809,#3810,#3811);
#3809 = CARTESIAN_POINT('',(33.75,-181.52,43.75));
#3810 = DIRECTION('',(0.,-1.,2.2E-16));
#3811 = DIRECTION('',(1.,0.,0.));
#3812 = FACE_BOUND('',#3813,.T.);
#3813 = EDGE_LOOP('',(#3814));
#3814 = ORIENTED_EDGE('',*,*,#3815,.T.);
#3815 = EDGE_CURVE('',#3816,#3816,#3818,.T.);
#3816 = VERTEX_POINT('',#3817);
#3817 = CARTESIAN_POINT('',(27.2,-181.52,49.75));
#3818 = CIRCLE('',#3819,2.2);
#3819 = AXIS2_PLACEMENT_3D('',#3820,#3821,#3822);
#3820 = CARTESIAN_POINT('',(25.,-181.52,49.75));
#3821 = DIRECTION('',(0.,-1.,2.2E-16));
#3822 = DIRECTION('',(1.,0.,0.));
#3823 = FACE_BOUND('',#3824,.T.);
#3824 = EDGE_LOOP('',(#3825));
#3825 = ORIENTED_EDGE('',*,*,#3826,.T.);
#3826 = EDGE_CURVE('',#3827,#3827,#3829,.T.);
#3827 = VERTEX_POINT('',#3828);
#3828 = CARTESIAN_POINT('',(83.95,-181.52,43.75));
#3829 = CIRCLE('',#3830,2.2);
#3830 = AXIS2_PLACEMENT_3D('',#3831,#3832,#3833);
#3831 = CARTESIAN_POINT('',(81.75,-181.52,43.75));
#3832 = DIRECTION('',(0.,-1.,2.2E-16));
#3833 = DIRECTION('',(1.,0.,0.));
#3834 = FACE_BOUND('',#3835,.T.);
#3835 = EDGE_LOOP('',(#3836));
#3836 = ORIENTED_EDGE('',*,*,#3837,.T.);
#3837 = EDGE_CURVE('',#3838,#3838,#3840,.T.);
#3838 = VERTEX_POINT('',#3839);
#3839 = CARTESIAN_POINT('',(135.,-181.52,48.));
#3840 = CIRCLE('',#3841,8.);
#3841 = AXIS2_PLACEMENT_3D('',#3842,#3843,#3844);
#3842 = CARTESIAN_POINT('',(127.,-181.52,48.));
#3843 = DIRECTION('',(0.,-1.,2.2E-16));
#3844 = DIRECTION('',(1.,0.,0.));
#3845 = FACE_BOUND('',#3846,.T.);
#3846 = EDGE_LOOP('',(#3847));
#3847 = ORIENTED_EDGE('',*,*,#3848,.T.);
#3848 = EDGE_CURVE('',#3849,#3849,#3851,.T.);
#3849 = VERTEX_POINT('',#3850);
#3850 = CARTESIAN_POINT('',(179.95,-181.52,43.75));
#3851 = CIRCLE('',#3852,2.2);
#3852 = AXIS2_PLACEMENT_3D('',#3853,#3854,#3855);
#3853 = CARTESIAN_POINT('',(177.75,-181.52,43.75));
#3854 = DIRECTION('',(0.,-1.,2.2E-16));
#3855 = DIRECTION('',(1.,0.,0.));
#3856 = FACE_BOUND('',#3857,.T.);
#3857 = EDGE_LOOP('',(#3858));
#3858 = ORIENTED_EDGE('',*,*,#3859,.T.);
#3859 = EDGE_CURVE('',#3860,#3860,#3862,.T.);
#3860 = VERTEX_POINT('',#3861);
#3861 = CARTESIAN_POINT('',(121.25,-181.52,57.));
#3862 = CIRCLE('',#3863,3.25);
#3863 = AXIS2_PLACEMENT_3D('',#3864,#3865,#3866);
#3864 = CARTESIAN_POINT('',(118.,-181.52,57.));
#3865 = DIRECTION('',(0.,-1.,2.2E-16));
#3866 = DIRECTION('',(1.,0.,0.));
#3867 = FACE_BOUND('',#3868,.T.);
#3868 = EDGE_LOOP('',(#3869));
#3869 = ORIENTED_EDGE('',*,*,#3870,.T.);
#3870 = EDGE_CURVE('',#3871,#3871,#3873,.T.);
#3871 = VERTEX_POINT('',#3872);
#3872 = CARTESIAN_POINT('',(139.25,-181.52,57.));
#3873 = CIRCLE('',#3874,3.25);
#3874 = AXIS2_PLACEMENT_3D('',#3875,#3876,#3877);
#3875 = CARTESIAN_POINT('',(136.,-181.52,57.));
#3876 = DIRECTION('',(0.,-1.,2.2E-16));
#3877 = DIRECTION('',(1.,0.,0.));
#3878 = PLANE('',#3879);
#3879 = AXIS2_PLACEMENT_3D('',#3880,#3881,#3882);
#3880 = CARTESIAN_POINT('',(-223.25,-181.52,15.75));
#3881 = DIRECTION('',(0.,1.,0.));
#3882 = DIRECTION('',(0.,0.,1.));
#3883 = ADVANCED_FACE('',(#3884),#3902,.F.);
#3884 = FACE_BOUND('',#3885,.F.);
#3885 = EDGE_LOOP('',(#3886,#3887,#3895,#3901));
#3886 = ORIENTED_EDGE('',*,*,#39,.F.);
#3887 = ORIENTED_EDGE('',*,*,#3888,.T.);
#3888 = EDGE_CURVE('',#32,#3889,#3891,.T.);
#3889 = VERTEX_POINT('',#3890);
#3890 = CARTESIAN_POINT('',(222.25,-184.02,15.75));
#3891 = LINE('',#3892,#3893);
#3892 = CARTESIAN_POINT('',(-222.25,-184.02,15.75));
#3893 = VECTOR('',#3894,1.);
#3894 = DIRECTION('',(1.,0.,0.));
#3895 = ORIENTED_EDGE('',*,*,#3896,.T.);
#3896 = EDGE_CURVE('',#3889,#3501,#3897,.T.);
#3897 = LINE('',#3898,#3899);
#3898 = CARTESIAN_POINT('',(222.25,-184.02,15.75));
#3899 = VECTOR('',#3900,1.);
#3900 = DIRECTION('',(0.,1.,0.));
#3901 = ORIENTED_EDGE('',*,*,#3500,.F.);
#3902 = PLANE('',#3903);
#3903 = AXIS2_PLACEMENT_3D('',#3904,#3905,#3906);
#3904 = CARTESIAN_POINT('',(-222.25,-184.02,15.75));
#3905 = DIRECTION('',(0.,0.,1.));
#3906 = DIRECTION('',(1.,0.,0.));
#3907 = ADVANCED_FACE('',(#3908,#3919,#3930,#3941,#3952,#3963,#3974,
    #3985,#3996,#4007,#4018,#4029,#4040,#4051,#4062,#4073,#4084,#4095,
    #4106,#4117,#4128,#4139,#4150,#4161,#4172,#4183,#4194,#4205,#4216,
    #4227,#4238,#4249,#4260,#4271),#4282,.F.);
#3908 = FACE_BOUND('',#3909,.F.);
#3909 = EDGE_LOOP('',(#3910,#3911,#3912,#3913));
#3910 = ORIENTED_EDGE('',*,*,#3888,.F.);
#3911 = ORIENTED_EDGE('',*,*,#31,.T.);
#3912 = ORIENTED_EDGE('',*,*,#102,.T.);
#3913 = ORIENTED_EDGE('',*,*,#3914,.F.);
#3914 = EDGE_CURVE('',#3889,#103,#3915,.T.);
#3915 = LINE('',#3916,#3917);
#3916 = CARTESIAN_POINT('',(222.25,-184.02,15.75));
#3917 = VECTOR('',#3918,1.);
#3918 = DIRECTION('',(0.,0.,1.));
#3919 = FACE_BOUND('',#3920,.F.);
#3920 = EDGE_LOOP('',(#3921));
#3921 = ORIENTED_EDGE('',*,*,#3922,.T.);
#3922 = EDGE_CURVE('',#3923,#3923,#3925,.T.);
#3923 = VERTEX_POINT('',#3924);
#3924 = CARTESIAN_POINT('',(-204.05,-184.02,27.75));
#3925 = CIRCLE('',#3926,2.2);
#3926 = AXIS2_PLACEMENT_3D('',#3927,#3928,#3929);
#3927 = CARTESIAN_POINT('',(-206.25,-184.02,27.75));
#3928 = DIRECTION('',(0.,-1.,2.2E-16));
#3929 = DIRECTION('',(1.,0.,0.));
#3930 = FACE_BOUND('',#3931,.F.);
#3931 = EDGE_LOOP('',(#3932));
#3932 = ORIENTED_EDGE('',*,*,#3933,.T.);
#3933 = EDGE_CURVE('',#3934,#3934,#3936,.T.);
#3934 = VERTEX_POINT('',#3935);
#3935 = CARTESIAN_POINT('',(-156.05,-184.02,27.75));
#3936 = CIRCLE('',#3937,2.2);
#3937 = AXIS2_PLACEMENT_3D('',#3938,#3939,#3940);
#3938 = CARTESIAN_POINT('',(-158.25,-184.02,27.75));
#3939 = DIRECTION('',(0.,-1.,2.2E-16));
#3940 = DIRECTION('',(1.,0.,0.));
#3941 = FACE_BOUND('',#3942,.F.);
#3942 = EDGE_LOOP('',(#3943));
#3943 = ORIENTED_EDGE('',*,*,#3944,.T.);
#3944 = EDGE_CURVE('',#3945,#3945,#3947,.T.);
#3945 = VERTEX_POINT('',#3946);
#3946 = CARTESIAN_POINT('',(-108.05,-184.02,27.75));
#3947 = CIRCLE('',#3948,2.2);
#3948 = AXIS2_PLACEMENT_3D('',#3949,#3950,#3951);
#3949 = CARTESIAN_POINT('',(-110.25,-184.02,27.75));
#3950 = DIRECTION('',(0.,-1.,2.2E-16));
#3951 = DIRECTION('',(1.,0.,0.));
#3952 = FACE_BOUND('',#3953,.F.);
#3953 = EDGE_LOOP('',(#3954));
#3954 = ORIENTED_EDGE('',*,*,#3955,.T.);
#3955 = EDGE_CURVE('',#3956,#3956,#3958,.T.);
#3956 = VERTEX_POINT('',#3957);
#3957 = CARTESIAN_POINT('',(-132.75,-184.02,39.));
#3958 = CIRCLE('',#3959,3.25);
#3959 = AXIS2_PLACEMENT_3D('',#3960,#3961,#3962);
#3960 = CARTESIAN_POINT('',(-136.,-184.02,39.));
#3961 = DIRECTION('',(0.,-1.,2.2E-16));
#3962 = DIRECTION('',(1.,0.,0.));
#3963 = FACE_BOUND('',#3964,.F.);
#3964 = EDGE_LOOP('',(#3965));
#3965 = ORIENTED_EDGE('',*,*,#3966,.T.);
#3966 = EDGE_CURVE('',#3967,#3967,#3969,.T.);
#3967 = VERTEX_POINT('',#3968);
#3968 = CARTESIAN_POINT('',(-114.75,-184.02,39.));
#3969 = CIRCLE('',#3970,3.25);
#3970 = AXIS2_PLACEMENT_3D('',#3971,#3972,#3973);
#3971 = CARTESIAN_POINT('',(-118.,-184.02,39.));
#3972 = DIRECTION('',(0.,-1.,2.2E-16));
#3973 = DIRECTION('',(1.,0.,0.));
#3974 = FACE_BOUND('',#3975,.F.);
#3975 = EDGE_LOOP('',(#3976));
#3976 = ORIENTED_EDGE('',*,*,#3977,.T.);
#3977 = EDGE_CURVE('',#3978,#3978,#3980,.T.);
#3978 = VERTEX_POINT('',#3979);
#3979 = CARTESIAN_POINT('',(-60.05,-184.02,27.75));
#3980 = CIRCLE('',#3981,2.2);
#3981 = AXIS2_PLACEMENT_3D('',#3982,#3983,#3984);
#3982 = CARTESIAN_POINT('',(-62.25,-184.02,27.75));
#3983 = DIRECTION('',(0.,-1.,2.2E-16));
#3984 = DIRECTION('',(1.,0.,0.));
#3985 = FACE_BOUND('',#3986,.F.);
#3986 = EDGE_LOOP('',(#3987));
#3987 = ORIENTED_EDGE('',*,*,#3988,.T.);
#3988 = EDGE_CURVE('',#3989,#3989,#3991,.T.);
#3989 = VERTEX_POINT('',#3990);
#3990 = CARTESIAN_POINT('',(-22.8,-184.02,25.75));
#3991 = CIRCLE('',#3992,2.2);
#3992 = AXIS2_PLACEMENT_3D('',#3993,#3994,#3995);
#3993 = CARTESIAN_POINT('',(-25.,-184.02,25.75));
#3994 = DIRECTION('',(0.,-1.,2.2E-16));
#3995 = DIRECTION('',(1.,0.,0.));
#3996 = FACE_BOUND('',#3997,.F.);
#3997 = EDGE_LOOP('',(#3998));
#3998 = ORIENTED_EDGE('',*,*,#3999,.T.);
#3999 = EDGE_CURVE('',#4000,#4000,#4002,.T.);
#4000 = VERTEX_POINT('',#4001);
#4001 = CARTESIAN_POINT('',(-12.05,-184.02,27.75));
#4002 = CIRCLE('',#4003,2.2);
#4003 = AXIS2_PLACEMENT_3D('',#4004,#4005,#4006);
#4004 = CARTESIAN_POINT('',(-14.25,-184.02,27.75));
#4005 = DIRECTION('',(0.,-1.,2.2E-16));
#4006 = DIRECTION('',(1.,0.,0.));
#4007 = FACE_BOUND('',#4008,.F.);
#4008 = EDGE_LOOP('',(#4009));
#4009 = ORIENTED_EDGE('',*,*,#4010,.T.);
#4010 = EDGE_CURVE('',#4011,#4011,#4013,.T.);
#4011 = VERTEX_POINT('',#4012);
#4012 = CARTESIAN_POINT('',(-204.05,-184.02,43.75));
#4013 = CIRCLE('',#4014,2.2);
#4014 = AXIS2_PLACEMENT_3D('',#4015,#4016,#4017);
#4015 = CARTESIAN_POINT('',(-206.25,-184.02,43.75));
#4016 = DIRECTION('',(0.,-1.,2.2E-16));
#4017 = DIRECTION('',(1.,0.,0.));
#4018 = FACE_BOUND('',#4019,.F.);
#4019 = EDGE_LOOP('',(#4020));
#4020 = ORIENTED_EDGE('',*,*,#4021,.T.);
#4021 = EDGE_CURVE('',#4022,#4022,#4024,.T.);
#4022 = VERTEX_POINT('',#4023);
#4023 = CARTESIAN_POINT('',(-156.05,-184.02,43.75));
#4024 = CIRCLE('',#4025,2.2);
#4025 = AXIS2_PLACEMENT_3D('',#4026,#4027,#4028);
#4026 = CARTESIAN_POINT('',(-158.25,-184.02,43.75));
#4027 = DIRECTION('',(0.,-1.,2.2E-16));
#4028 = DIRECTION('',(1.,0.,0.));
#4029 = FACE_BOUND('',#4030,.F.);
#4030 = EDGE_LOOP('',(#4031));
#4031 = ORIENTED_EDGE('',*,*,#4032,.T.);
#4032 = EDGE_CURVE('',#4033,#4033,#4035,.T.);
#4033 = VERTEX_POINT('',#4034);
#4034 = CARTESIAN_POINT('',(-108.05,-184.02,43.75));
#4035 = CIRCLE('',#4036,2.2);
#4036 = AXIS2_PLACEMENT_3D('',#4037,#4038,#4039);
#4037 = CARTESIAN_POINT('',(-110.25,-184.02,43.75));
#4038 = DIRECTION('',(0.,-1.,2.2E-16));
#4039 = DIRECTION('',(1.,0.,0.));
#4040 = FACE_BOUND('',#4041,.F.);
#4041 = EDGE_LOOP('',(#4042));
#4042 = ORIENTED_EDGE('',*,*,#4043,.T.);
#4043 = EDGE_CURVE('',#4044,#4044,#4046,.T.);
#4044 = VERTEX_POINT('',#4045);
#4045 = CARTESIAN_POINT('',(-119.,-184.02,48.));
#4046 = CIRCLE('',#4047,8.);
#4047 = AXIS2_PLACEMENT_3D('',#4048,#4049,#4050);
#4048 = CARTESIAN_POINT('',(-127.,-184.02,48.));
#4049 = DIRECTION('',(0.,-1.,2.2E-16));
#4050 = DIRECTION('',(1.,0.,0.));
#4051 = FACE_BOUND('',#4052,.F.);
#4052 = EDGE_LOOP('',(#4053));
#4053 = ORIENTED_EDGE('',*,*,#4054,.T.);
#4054 = EDGE_CURVE('',#4055,#4055,#4057,.T.);
#4055 = VERTEX_POINT('',#4056);
#4056 = CARTESIAN_POINT('',(-132.75,-184.02,57.));
#4057 = CIRCLE('',#4058,3.25);
#4058 = AXIS2_PLACEMENT_3D('',#4059,#4060,#4061);
#4059 = CARTESIAN_POINT('',(-136.,-184.02,57.));
#4060 = DIRECTION('',(0.,-1.,2.2E-16));
#4061 = DIRECTION('',(1.,0.,0.));
#4062 = FACE_BOUND('',#4063,.F.);
#4063 = EDGE_LOOP('',(#4064));
#4064 = ORIENTED_EDGE('',*,*,#4065,.T.);
#4065 = EDGE_CURVE('',#4066,#4066,#4068,.T.);
#4066 = VERTEX_POINT('',#4067);
#4067 = CARTESIAN_POINT('',(-114.75,-184.02,57.));
#4068 = CIRCLE('',#4069,3.25);
#4069 = AXIS2_PLACEMENT_3D('',#4070,#4071,#4072);
#4070 = CARTESIAN_POINT('',(-118.,-184.02,57.));
#4071 = DIRECTION('',(0.,-1.,2.2E-16));
#4072 = DIRECTION('',(1.,0.,0.));
#4073 = FACE_BOUND('',#4074,.F.);
#4074 = EDGE_LOOP('',(#4075));
#4075 = ORIENTED_EDGE('',*,*,#4076,.T.);
#4076 = EDGE_CURVE('',#4077,#4077,#4079,.T.);
#4077 = VERTEX_POINT('',#4078);
#4078 = CARTESIAN_POINT('',(-60.05,-184.02,43.75));
#4079 = CIRCLE('',#4080,2.2);
#4080 = AXIS2_PLACEMENT_3D('',#4081,#4082,#4083);
#4081 = CARTESIAN_POINT('',(-62.25,-184.02,43.75));
#4082 = DIRECTION('',(0.,-1.,2.2E-16));
#4083 = DIRECTION('',(1.,0.,0.));
#4084 = FACE_BOUND('',#4085,.F.);
#4085 = EDGE_LOOP('',(#4086));
#4086 = ORIENTED_EDGE('',*,*,#4087,.T.);
#4087 = EDGE_CURVE('',#4088,#4088,#4090,.T.);
#4088 = VERTEX_POINT('',#4089);
#4089 = CARTESIAN_POINT('',(-12.05,-184.02,43.75));
#4090 = CIRCLE('',#4091,2.2);
#4091 = AXIS2_PLACEMENT_3D('',#4092,#4093,#4094);
#4092 = CARTESIAN_POINT('',(-14.25,-184.02,43.75));
#4093 = DIRECTION('',(0.,-1.,2.2E-16));
#4094 = DIRECTION('',(1.,0.,0.));
#4095 = FACE_BOUND('',#4096,.F.);
#4096 = EDGE_LOOP('',(#4097));
#4097 = ORIENTED_EDGE('',*,*,#4098,.T.);
#4098 = EDGE_CURVE('',#4099,#4099,#4101,.T.);
#4099 = VERTEX_POINT('',#4100);
#4100 = CARTESIAN_POINT('',(-22.8,-184.02,49.75));
#4101 = CIRCLE('',#4102,2.2);
#4102 = AXIS2_PLACEMENT_3D('',#4103,#4104,#4105);
#4103 = CARTESIAN_POINT('',(-25.,-184.02,49.75));
#4104 = DIRECTION('',(0.,-1.,2.2E-16));
#4105 = DIRECTION('',(1.,0.,0.));
#4106 = FACE_BOUND('',#4107,.F.);
#4107 = EDGE_LOOP('',(#4108));
#4108 = ORIENTED_EDGE('',*,*,#4109,.T.);
#4109 = EDGE_CURVE('',#4110,#4110,#4112,.T.);
#4110 = VERTEX_POINT('',#4111);
#4111 = CARTESIAN_POINT('',(27.2,-184.02,25.75));
#4112 = CIRCLE('',#4113,2.2);
#4113 = AXIS2_PLACEMENT_3D('',#4114,#4115,#4116);
#4114 = CARTESIAN_POINT('',(25.,-184.02,25.75));
#4115 = DIRECTION('',(0.,-1.,2.2E-16));
#4116 = DIRECTION('',(1.,0.,0.));
#4117 = FACE_BOUND('',#4118,.F.);
#4118 = EDGE_LOOP('',(#4119));
#4119 = ORIENTED_EDGE('',*,*,#4120,.T.);
#4120 = EDGE_CURVE('',#4121,#4121,#4123,.T.);
#4121 = VERTEX_POINT('',#4122);
#4122 = CARTESIAN_POINT('',(35.95,-184.02,27.75));
#4123 = CIRCLE('',#4124,2.2);
#4124 = AXIS2_PLACEMENT_3D('',#4125,#4126,#4127);
#4125 = CARTESIAN_POINT('',(33.75,-184.02,27.75));
#4126 = DIRECTION('',(0.,-1.,2.2E-16));
#4127 = DIRECTION('',(1.,0.,0.));
#4128 = FACE_BOUND('',#4129,.F.);
#4129 = EDGE_LOOP('',(#4130));
#4130 = ORIENTED_EDGE('',*,*,#4131,.T.);
#4131 = EDGE_CURVE('',#4132,#4132,#4134,.T.);
#4132 = VERTEX_POINT('',#4133);
#4133 = CARTESIAN_POINT('',(83.95,-184.02,27.75));
#4134 = CIRCLE('',#4135,2.2);
#4135 = AXIS2_PLACEMENT_3D('',#4136,#4137,#4138);
#4136 = CARTESIAN_POINT('',(81.75,-184.02,27.75));
#4137 = DIRECTION('',(0.,-1.,2.2E-16));
#4138 = DIRECTION('',(1.,0.,0.));
#4139 = FACE_BOUND('',#4140,.F.);
#4140 = EDGE_LOOP('',(#4141));
#4141 = ORIENTED_EDGE('',*,*,#4142,.T.);
#4142 = EDGE_CURVE('',#4143,#4143,#4145,.T.);
#4143 = VERTEX_POINT('',#4144);
#4144 = CARTESIAN_POINT('',(77.2,-184.02,38.));
#4145 = CIRCLE('',#4146,2.2);
#4146 = AXIS2_PLACEMENT_3D('',#4147,#4148,#4149);
#4147 = CARTESIAN_POINT('',(75.,-184.02,38.));
#4148 = DIRECTION('',(0.,-1.,2.2E-16));
#4149 = DIRECTION('',(1.,0.,0.));
#4150 = FACE_BOUND('',#4151,.F.);
#4151 = EDGE_LOOP('',(#4152));
#4152 = ORIENTED_EDGE('',*,*,#4153,.T.);
#4153 = EDGE_CURVE('',#4154,#4154,#4156,.T.);
#4154 = VERTEX_POINT('',#4155);
#4155 = CARTESIAN_POINT('',(131.95,-184.02,27.75));
#4156 = CIRCLE('',#4157,2.2);
#4157 = AXIS2_PLACEMENT_3D('',#4158,#4159,#4160);
#4158 = CARTESIAN_POINT('',(129.75,-184.02,27.75));
#4159 = DIRECTION('',(0.,-1.,2.2E-16));
#4160 = DIRECTION('',(1.,0.,0.));
#4161 = FACE_BOUND('',#4162,.F.);
#4162 = EDGE_LOOP('',(#4163));
#4163 = ORIENTED_EDGE('',*,*,#4164,.T.);
#4164 = EDGE_CURVE('',#4165,#4165,#4167,.T.);
#4165 = VERTEX_POINT('',#4166);
#4166 = CARTESIAN_POINT('',(179.95,-184.02,27.75));
#4167 = CIRCLE('',#4168,2.2);
#4168 = AXIS2_PLACEMENT_3D('',#4169,#4170,#4171);
#4169 = CARTESIAN_POINT('',(177.75,-184.02,27.75));
#4170 = DIRECTION('',(0.,-1.,2.2E-16));
#4171 = DIRECTION('',(1.,0.,0.));
#4172 = FACE_BOUND('',#4173,.F.);
#4173 = EDGE_LOOP('',(#4174));
#4174 = ORIENTED_EDGE('',*,*,#4175,.T.);
#4175 = EDGE_CURVE('',#4176,#4176,#4178,.T.);
#4176 = VERTEX_POINT('',#4177);
#4177 = CARTESIAN_POINT('',(121.25,-184.02,39.));
#4178 = CIRCLE('',#4179,3.25);
#4179 = AXIS2_PLACEMENT_3D('',#4180,#4181,#4182);
#4180 = CARTESIAN_POINT('',(118.,-184.02,39.));
#4181 = DIRECTION('',(0.,-1.,2.2E-16));
#4182 = DIRECTION('',(1.,0.,0.));
#4183 = FACE_BOUND('',#4184,.F.);
#4184 = EDGE_LOOP('',(#4185));
#4185 = ORIENTED_EDGE('',*,*,#4186,.T.);
#4186 = EDGE_CURVE('',#4187,#4187,#4189,.T.);
#4187 = VERTEX_POINT('',#4188);
#4188 = CARTESIAN_POINT('',(139.25,-184.02,39.));
#4189 = CIRCLE('',#4190,3.25);
#4190 = AXIS2_PLACEMENT_3D('',#4191,#4192,#4193);
#4191 = CARTESIAN_POINT('',(136.,-184.02,39.));
#4192 = DIRECTION('',(0.,-1.,2.2E-16));
#4193 = DIRECTION('',(1.,0.,0.));
#4194 = FACE_BOUND('',#4195,.F.);
#4195 = EDGE_LOOP('',(#4196));
#4196 = ORIENTED_EDGE('',*,*,#4197,.T.);
#4197 = EDGE_CURVE('',#4198,#4198,#4200,.T.);
#4198 = VERTEX_POINT('',#4199);
#4199 = CARTESIAN_POINT('',(207.2,-184.02,38.));
#4200 = CIRCLE('',#4201,2.2);
#4201 = AXIS2_PLACEMENT_3D('',#4202,#4203,#4204);
#4202 = CARTESIAN_POINT('',(205.,-184.02,38.));
#4203 = DIRECTION('',(0.,-1.,2.2E-16));
#4204 = DIRECTION('',(1.,0.,0.));
#4205 = FACE_BOUND('',#4206,.F.);
#4206 = EDGE_LOOP('',(#4207));
#4207 = ORIENTED_EDGE('',*,*,#4208,.T.);
#4208 = EDGE_CURVE('',#4209,#4209,#4211,.T.);
#4209 = VERTEX_POINT('',#4210);
#4210 = CARTESIAN_POINT('',(35.95,-184.02,43.75));
#4211 = CIRCLE('',#4212,2.2);
#4212 = AXIS2_PLACEMENT_3D('',#4213,#4214,#4215);
#4213 = CARTESIAN_POINT('',(33.75,-184.02,43.75));
#4214 = DIRECTION('',(0.,-1.,2.2E-16));
#4215 = DIRECTION('',(1.,0.,0.));
#4216 = FACE_BOUND('',#4217,.F.);
#4217 = EDGE_LOOP('',(#4218));
#4218 = ORIENTED_EDGE('',*,*,#4219,.T.);
#4219 = EDGE_CURVE('',#4220,#4220,#4222,.T.);
#4220 = VERTEX_POINT('',#4221);
#4221 = CARTESIAN_POINT('',(27.2,-184.02,49.75));
#4222 = CIRCLE('',#4223,2.2);
#4223 = AXIS2_PLACEMENT_3D('',#4224,#4225,#4226);
#4224 = CARTESIAN_POINT('',(25.,-184.02,49.75));
#4225 = DIRECTION('',(0.,-1.,2.2E-16));
#4226 = DIRECTION('',(1.,0.,0.));
#4227 = FACE_BOUND('',#4228,.F.);
#4228 = EDGE_LOOP('',(#4229));
#4229 = ORIENTED_EDGE('',*,*,#4230,.T.);
#4230 = EDGE_CURVE('',#4231,#4231,#4233,.T.);
#4231 = VERTEX_POINT('',#4232);
#4232 = CARTESIAN_POINT('',(83.95,-184.02,43.75));
#4233 = CIRCLE('',#4234,2.2);
#4234 = AXIS2_PLACEMENT_3D('',#4235,#4236,#4237);
#4235 = CARTESIAN_POINT('',(81.75,-184.02,43.75));
#4236 = DIRECTION('',(0.,-1.,2.2E-16));
#4237 = DIRECTION('',(1.,0.,0.));
#4238 = FACE_BOUND('',#4239,.F.);
#4239 = EDGE_LOOP('',(#4240));
#4240 = ORIENTED_EDGE('',*,*,#4241,.T.);
#4241 = EDGE_CURVE('',#4242,#4242,#4244,.T.);
#4242 = VERTEX_POINT('',#4243);
#4243 = CARTESIAN_POINT('',(135.,-184.02,48.));
#4244 = CIRCLE('',#4245,8.);
#4245 = AXIS2_PLACEMENT_3D('',#4246,#4247,#4248);
#4246 = CARTESIAN_POINT('',(127.,-184.02,48.));
#4247 = DIRECTION('',(0.,-1.,2.2E-16));
#4248 = DIRECTION('',(1.,0.,0.));
#4249 = FACE_BOUND('',#4250,.F.);
#4250 = EDGE_LOOP('',(#4251));
#4251 = ORIENTED_EDGE('',*,*,#4252,.T.);
#4252 = EDGE_CURVE('',#4253,#4253,#4255,.T.);
#4253 = VERTEX_POINT('',#4254);
#4254 = CARTESIAN_POINT('',(179.95,-184.02,43.75));
#4255 = CIRCLE('',#4256,2.2);
#4256 = AXIS2_PLACEMENT_3D('',#4257,#4258,#4259);
#4257 = CARTESIAN_POINT('',(177.75,-184.02,43.75));
#4258 = DIRECTION('',(0.,-1.,2.2E-16));
#4259 = DIRECTION('',(1.,0.,0.));
#4260 = FACE_BOUND('',#4261,.F.);
#4261 = EDGE_LOOP('',(#4262));
#4262 = ORIENTED_EDGE('',*,*,#4263,.T.);
#4263 = EDGE_CURVE('',#4264,#4264,#4266,.T.);
#4264 = VERTEX_POINT('',#4265);
#4265 = CARTESIAN_POINT('',(121.25,-184.02,57.));
#4266 = CIRCLE('',#4267,3.25);
#4267 = AXIS2_PLACEMENT_3D('',#4268,#4269,#4270);
#4268 = CARTESIAN_POINT('',(118.,-184.02,57.));
#4269 = DIRECTION('',(0.,-1.,2.2E-16));
#4270 = DIRECTION('',(1.,0.,0.));
#4271 = FACE_BOUND('',#4272,.F.);
#4272 = EDGE_LOOP('',(#4273));
#4273 = ORIENTED_EDGE('',*,*,#4274,.T.);
#4274 = EDGE_CURVE('',#4275,#4275,#4277,.T.);
#4275 = VERTEX_POINT('',#4276);
#4276 = CARTESIAN_POINT('',(139.25,-184.02,57.));
#4277 = CIRCLE('',#4278,3.25);
#4278 = AXIS2_PLACEMENT_3D('',#4279,#4280,#4281);
#4279 = CARTESIAN_POINT('',(136.,-184.02,57.));
#4280 = DIRECTION('',(0.,-1.,2.2E-16));
#4281 = DIRECTION('',(1.,0.,0.));
#4282 = PLANE('',#4283);
#4283 = AXIS2_PLACEMENT_3D('',#4284,#4285,#4286);
#4284 = CARTESIAN_POINT('',(-222.25,-184.02,15.75));
#4285 = DIRECTION('',(0.,1.,0.));
#4286 = DIRECTION('',(0.,0.,1.));
#4287 = ADVANCED_FACE('',(#4288),#4315,.T.);
#4288 = FACE_BOUND('',#4289,.T.);
#4289 = EDGE_LOOP('',(#4290,#4291,#4298,#4299,#4308));
#4290 = ORIENTED_EDGE('',*,*,#3255,.T.);
#4291 = ORIENTED_EDGE('',*,*,#4292,.T.);
#4292 = EDGE_CURVE('',#3256,#359,#4293,.T.);
#4293 = CIRCLE('',#4294,2.2);
#4294 = AXIS2_PLACEMENT_3D('',#4295,#4296,#4297);
#4295 = CARTESIAN_POINT('',(-154.25,-139.52,62.));
#4296 = DIRECTION('',(-0.,1.,0.));
#4297 = DIRECTION('',(1.,0.,0.));
#4298 = ORIENTED_EDGE('',*,*,#358,.F.);
#4299 = ORIENTED_EDGE('',*,*,#4300,.T.);
#4300 = EDGE_CURVE('',#351,#4301,#4303,.T.);
#4301 = VERTEX_POINT('',#4302);
#4302 = CARTESIAN_POINT('',(-152.05,-139.52,62.));
#4303 = CIRCLE('',#4304,2.2);
#4304 = AXIS2_PLACEMENT_3D('',#4305,#4306,#4307);
#4305 = CARTESIAN_POINT('',(-154.25,-139.52,62.));
#4306 = DIRECTION('',(-0.,1.,0.));
#4307 = DIRECTION('',(1.,0.,0.));
#4308 = ORIENTED_EDGE('',*,*,#4309,.T.);
#4309 = EDGE_CURVE('',#4301,#3248,#4310,.T.);
#4310 = CIRCLE('',#4311,2.2);
#4311 = AXIS2_PLACEMENT_3D('',#4312,#4313,#4314);
#4312 = CARTESIAN_POINT('',(-154.25,-139.52,62.));
#4313 = DIRECTION('',(-0.,1.,0.));
#4314 = DIRECTION('',(1.,0.,0.));
#4315 = PLANE('',#4316);
#4316 = AXIS2_PLACEMENT_3D('',#4317,#4318,#4319);
#4317 = CARTESIAN_POINT('',(-154.25,-139.52,62.));
#4318 = DIRECTION('',(0.,1.,0.));
#4319 = DIRECTION('',(1.,0.,0.));
#4320 = ADVANCED_FACE('',(#4321),#4348,.T.);
#4321 = FACE_BOUND('',#4322,.T.);
#4322 = EDGE_LOOP('',(#4323,#4324,#4331,#4332,#4341));
#4323 = ORIENTED_EDGE('',*,*,#3232,.T.);
#4324 = ORIENTED_EDGE('',*,*,#4325,.T.);
#4325 = EDGE_CURVE('',#3233,#327,#4326,.T.);
#4326 = CIRCLE('',#4327,2.2);
#4327 = AXIS2_PLACEMENT_3D('',#4328,#4329,#4330);
#4328 = CARTESIAN_POINT('',(-99.75,-139.52,62.));
#4329 = DIRECTION('',(-0.,1.,0.));
#4330 = DIRECTION('',(1.,0.,0.));
#4331 = ORIENTED_EDGE('',*,*,#326,.F.);
#4332 = ORIENTED_EDGE('',*,*,#4333,.T.);
#4333 = EDGE_CURVE('',#319,#4334,#4336,.T.);
#4334 = VERTEX_POINT('',#4335);
#4335 = CARTESIAN_POINT('',(-97.55,-139.52,62.));
#4336 = CIRCLE('',#4337,2.2);
#4337 = AXIS2_PLACEMENT_3D('',#4338,#4339,#4340);
#4338 = CARTESIAN_POINT('',(-99.75,-139.52,62.));
#4339 = DIRECTION('',(-0.,1.,0.));
#4340 = DIRECTION('',(1.,0.,0.));
#4341 = ORIENTED_EDGE('',*,*,#4342,.T.);
#4342 = EDGE_CURVE('',#4334,#3225,#4343,.T.);
#4343 = CIRCLE('',#4344,2.2);
#4344 = AXIS2_PLACEMENT_3D('',#4345,#4346,#4347);
#4345 = CARTESIAN_POINT('',(-99.75,-139.52,62.));
#4346 = DIRECTION('',(-0.,1.,0.));
#4347 = DIRECTION('',(1.,0.,0.));
#4348 = PLANE('',#4349);
#4349 = AXIS2_PLACEMENT_3D('',#4350,#4351,#4352);
#4350 = CARTESIAN_POINT('',(-99.75,-139.52,62.));
#4351 = DIRECTION('',(0.,1.,0.));
#4352 = DIRECTION('',(1.,0.,0.));
#4353 = ADVANCED_FACE('',(#4354),#4381,.T.);
#4354 = FACE_BOUND('',#4355,.T.);
#4355 = EDGE_LOOP('',(#4356,#4357,#4364,#4365,#4374));
#4356 = ORIENTED_EDGE('',*,*,#3209,.T.);
#4357 = ORIENTED_EDGE('',*,*,#4358,.T.);
#4358 = EDGE_CURVE('',#3210,#295,#4359,.T.);
#4359 = CIRCLE('',#4360,2.2);
#4360 = AXIS2_PLACEMENT_3D('',#4361,#4362,#4363);
#4361 = CARTESIAN_POINT('',(-60.,-139.52,62.));
#4362 = DIRECTION('',(-0.,1.,0.));
#4363 = DIRECTION('',(1.,0.,0.));
#4364 = ORIENTED_EDGE('',*,*,#294,.F.);
#4365 = ORIENTED_EDGE('',*,*,#4366,.T.);
#4366 = EDGE_CURVE('',#287,#4367,#4369,.T.);
#4367 = VERTEX_POINT('',#4368);
#4368 = CARTESIAN_POINT('',(-57.8,-139.52,62.));
#4369 = CIRCLE('',#4370,2.2);
#4370 = AXIS2_PLACEMENT_3D('',#4371,#4372,#4373);
#4371 = CARTESIAN_POINT('',(-60.,-139.52,62.));
#4372 = DIRECTION('',(-0.,1.,0.));
#4373 = DIRECTION('',(1.,0.,0.));
#4374 = ORIENTED_EDGE('',*,*,#4375,.T.);
#4375 = EDGE_CURVE('',#4367,#3202,#4376,.T.);
#4376 = CIRCLE('',#4377,2.2);
#4377 = AXIS2_PLACEMENT_3D('',#4378,#4379,#4380);
#4378 = CARTESIAN_POINT('',(-60.,-139.52,62.));
#4379 = DIRECTION('',(-0.,1.,0.));
#4380 = DIRECTION('',(1.,0.,0.));
#4381 = PLANE('',#4382);
#4382 = AXIS2_PLACEMENT_3D('',#4383,#4384,#4385);
#4383 = CARTESIAN_POINT('',(-60.,-139.52,62.));
#4384 = DIRECTION('',(0.,1.,0.));
#4385 = DIRECTION('',(1.,0.,0.));
#4386 = ADVANCED_FACE('',(#4387),#4414,.T.);
#4387 = FACE_BOUND('',#4388,.T.);
#4388 = EDGE_LOOP('',(#4389,#4390,#4397,#4398,#4407));
#4389 = ORIENTED_EDGE('',*,*,#3186,.T.);
#4390 = ORIENTED_EDGE('',*,*,#4391,.T.);
#4391 = EDGE_CURVE('',#3187,#263,#4392,.T.);
#4392 = CIRCLE('',#4393,2.2);
#4393 = AXIS2_PLACEMENT_3D('',#4394,#4395,#4396);
#4394 = CARTESIAN_POINT('',(-20.,-139.52,62.));
#4395 = DIRECTION('',(-0.,1.,0.));
#4396 = DIRECTION('',(1.,0.,0.));
#4397 = ORIENTED_EDGE('',*,*,#262,.F.);
#4398 = ORIENTED_EDGE('',*,*,#4399,.T.);
#4399 = EDGE_CURVE('',#255,#4400,#4402,.T.);
#4400 = VERTEX_POINT('',#4401);
#4401 = CARTESIAN_POINT('',(-17.8,-139.52,62.));
#4402 = CIRCLE('',#4403,2.2);
#4403 = AXIS2_PLACEMENT_3D('',#4404,#4405,#4406);
#4404 = CARTESIAN_POINT('',(-20.,-139.52,62.));
#4405 = DIRECTION('',(-0.,1.,0.));
#4406 = DIRECTION('',(1.,0.,0.));
#4407 = ORIENTED_EDGE('',*,*,#4408,.T.);
#4408 = EDGE_CURVE('',#4400,#3179,#4409,.T.);
#4409 = CIRCLE('',#4410,2.2);
#4410 = AXIS2_PLACEMENT_3D('',#4411,#4412,#4413);
#4411 = CARTESIAN_POINT('',(-20.,-139.52,62.));
#4412 = DIRECTION('',(-0.,1.,0.));
#4413 = DIRECTION('',(1.,0.,0.));
#4414 = PLANE('',#4415);
#4415 = AXIS2_PLACEMENT_3D('',#4416,#4417,#4418);
#4416 = CARTESIAN_POINT('',(-20.,-139.52,62.));
#4417 = DIRECTION('',(0.,1.,0.));
#4418 = DIRECTION('',(1.,0.,0.));
#4419 = ADVANCED_FACE('',(#4420),#4447,.T.);
#4420 = FACE_BOUND('',#4421,.T.);
#4421 = EDGE_LOOP('',(#4422,#4423,#4430,#4431,#4440));
#4422 = ORIENTED_EDGE('',*,*,#3163,.T.);
#4423 = ORIENTED_EDGE('',*,*,#4424,.T.);
#4424 = EDGE_CURVE('',#3164,#231,#4425,.T.);
#4425 = CIRCLE('',#4426,2.2);
#4426 = AXIS2_PLACEMENT_3D('',#4427,#4428,#4429);
#4427 = CARTESIAN_POINT('',(20.,-139.52,62.));
#4428 = DIRECTION('',(-0.,1.,0.));
#4429 = DIRECTION('',(1.,0.,0.));
#4430 = ORIENTED_EDGE('',*,*,#230,.F.);
#4431 = ORIENTED_EDGE('',*,*,#4432,.T.);
#4432 = EDGE_CURVE('',#223,#4433,#4435,.T.);
#4433 = VERTEX_POINT('',#4434);
#4434 = CARTESIAN_POINT('',(22.2,-139.52,62.));
#4435 = CIRCLE('',#4436,2.2);
#4436 = AXIS2_PLACEMENT_3D('',#4437,#4438,#4439);
#4437 = CARTESIAN_POINT('',(20.,-139.52,62.));
#4438 = DIRECTION('',(-0.,1.,0.));
#4439 = DIRECTION('',(1.,0.,0.));
#4440 = ORIENTED_EDGE('',*,*,#4441,.T.);
#4441 = EDGE_CURVE('',#4433,#3156,#4442,.T.);
#4442 = CIRCLE('',#4443,2.2);
#4443 = AXIS2_PLACEMENT_3D('',#4444,#4445,#4446);
#4444 = CARTESIAN_POINT('',(20.,-139.52,62.));
#4445 = DIRECTION('',(-0.,1.,0.));
#4446 = DIRECTION('',(1.,0.,0.));
#4447 = PLANE('',#4448);
#4448 = AXIS2_PLACEMENT_3D('',#4449,#4450,#4451);
#4449 = CARTESIAN_POINT('',(20.,-139.52,62.));
#4450 = DIRECTION('',(0.,1.,0.));
#4451 = DIRECTION('',(1.,0.,0.));
#4452 = ADVANCED_FACE('',(#4453),#4480,.T.);
#4453 = FACE_BOUND('',#4454,.T.);
#4454 = EDGE_LOOP('',(#4455,#4456,#4463,#4464,#4473));
#4455 = ORIENTED_EDGE('',*,*,#3117,.T.);
#4456 = ORIENTED_EDGE('',*,*,#4457,.T.);
#4457 = EDGE_CURVE('',#3118,#199,#4458,.T.);
#4458 = CIRCLE('',#4459,2.2);
#4459 = AXIS2_PLACEMENT_3D('',#4460,#4461,#4462);
#4460 = CARTESIAN_POINT('',(82.,-139.52,62.));
#4461 = DIRECTION('',(-0.,1.,0.));
#4462 = DIRECTION('',(1.,0.,0.));
#4463 = ORIENTED_EDGE('',*,*,#198,.F.);
#4464 = ORIENTED_EDGE('',*,*,#4465,.T.);
#4465 = EDGE_CURVE('',#191,#4466,#4468,.T.);
#4466 = VERTEX_POINT('',#4467);
#4467 = CARTESIAN_POINT('',(84.2,-139.52,62.));
#4468 = CIRCLE('',#4469,2.2);
#4469 = AXIS2_PLACEMENT_3D('',#4470,#4471,#4472);
#4470 = CARTESIAN_POINT('',(82.,-139.52,62.));
#4471 = DIRECTION('',(-0.,1.,0.));
#4472 = DIRECTION('',(1.,0.,0.));
#4473 = ORIENTED_EDGE('',*,*,#4474,.T.);
#4474 = EDGE_CURVE('',#4466,#3110,#4475,.T.);
#4475 = CIRCLE('',#4476,2.2);
#4476 = AXIS2_PLACEMENT_3D('',#4477,#4478,#4479);
#4477 = CARTESIAN_POINT('',(82.,-139.52,62.));
#4478 = DIRECTION('',(-0.,1.,0.));
#4479 = DIRECTION('',(1.,0.,0.));
#4480 = PLANE('',#4481);
#4481 = AXIS2_PLACEMENT_3D('',#4482,#4483,#4484);
#4482 = CARTESIAN_POINT('',(82.,-139.52,62.));
#4483 = DIRECTION('',(0.,1.,0.));
#4484 = DIRECTION('',(1.,0.,0.));
#4485 = ADVANCED_FACE('',(#4486),#4513,.T.);
#4486 = FACE_BOUND('',#4487,.T.);
#4487 = EDGE_LOOP('',(#4488,#4489,#4496,#4497,#4506));
#4488 = ORIENTED_EDGE('',*,*,#3094,.T.);
#4489 = ORIENTED_EDGE('',*,*,#4490,.T.);
#4490 = EDGE_CURVE('',#3095,#167,#4491,.T.);
#4491 = CIRCLE('',#4492,2.2);
#4492 = AXIS2_PLACEMENT_3D('',#4493,#4494,#4495);
#4493 = CARTESIAN_POINT('',(99.75,-139.52,62.));
#4494 = DIRECTION('',(-0.,1.,0.));
#4495 = DIRECTION('',(1.,0.,0.));
#4496 = ORIENTED_EDGE('',*,*,#166,.F.);
#4497 = ORIENTED_EDGE('',*,*,#4498,.T.);
#4498 = EDGE_CURVE('',#159,#4499,#4501,.T.);
#4499 = VERTEX_POINT('',#4500);
#4500 = CARTESIAN_POINT('',(101.95,-139.52,62.));
#4501 = CIRCLE('',#4502,2.2);
#4502 = AXIS2_PLACEMENT_3D('',#4503,#4504,#4505);
#4503 = CARTESIAN_POINT('',(99.75,-139.52,62.));
#4504 = DIRECTION('',(-0.,1.,0.));
#4505 = DIRECTION('',(1.,0.,0.));
#4506 = ORIENTED_EDGE('',*,*,#4507,.T.);
#4507 = EDGE_CURVE('',#4499,#3087,#4508,.T.);
#4508 = CIRCLE('',#4509,2.2);
#4509 = AXIS2_PLACEMENT_3D('',#4510,#4511,#4512);
#4510 = CARTESIAN_POINT('',(99.75,-139.52,62.));
#4511 = DIRECTION('',(-0.,1.,0.));
#4512 = DIRECTION('',(1.,0.,0.));
#4513 = PLANE('',#4514);
#4514 = AXIS2_PLACEMENT_3D('',#4515,#4516,#4517);
#4515 = CARTESIAN_POINT('',(99.75,-139.52,62.));
#4516 = DIRECTION('',(0.,1.,0.));
#4517 = DIRECTION('',(1.,0.,0.));
#4518 = ADVANCED_FACE('',(#4519),#4546,.T.);
#4519 = FACE_BOUND('',#4520,.T.);
#4520 = EDGE_LOOP('',(#4521,#4522,#4529,#4530,#4539));
#4521 = ORIENTED_EDGE('',*,*,#3071,.T.);
#4522 = ORIENTED_EDGE('',*,*,#4523,.T.);
#4523 = EDGE_CURVE('',#3072,#135,#4524,.T.);
#4524 = CIRCLE('',#4525,2.2);
#4525 = AXIS2_PLACEMENT_3D('',#4526,#4527,#4528);
#4526 = CARTESIAN_POINT('',(154.25,-139.52,62.));
#4527 = DIRECTION('',(-0.,1.,0.));
#4528 = DIRECTION('',(1.,0.,0.));
#4529 = ORIENTED_EDGE('',*,*,#134,.F.);
#4530 = ORIENTED_EDGE('',*,*,#4531,.T.);
#4531 = EDGE_CURVE('',#127,#4532,#4534,.T.);
#4532 = VERTEX_POINT('',#4533);
#4533 = CARTESIAN_POINT('',(156.45,-139.52,62.));
#4534 = CIRCLE('',#4535,2.2);
#4535 = AXIS2_PLACEMENT_3D('',#4536,#4537,#4538);
#4536 = CARTESIAN_POINT('',(154.25,-139.52,62.));
#4537 = DIRECTION('',(-0.,1.,0.));
#4538 = DIRECTION('',(1.,0.,0.));
#4539 = ORIENTED_EDGE('',*,*,#4540,.T.);
#4540 = EDGE_CURVE('',#4532,#3064,#4541,.T.);
#4541 = CIRCLE('',#4542,2.2);
#4542 = AXIS2_PLACEMENT_3D('',#4543,#4544,#4545);
#4543 = CARTESIAN_POINT('',(154.25,-139.52,62.));
#4544 = DIRECTION('',(-0.,1.,0.));
#4545 = DIRECTION('',(1.,0.,0.));
#4546 = PLANE('',#4547);
#4547 = AXIS2_PLACEMENT_3D('',#4548,#4549,#4550);
#4548 = CARTESIAN_POINT('',(154.25,-139.52,62.));
#4549 = DIRECTION('',(0.,1.,0.));
#4550 = DIRECTION('',(1.,0.,0.));
#4551 = ADVANCED_FACE('',(#4552),#4562,.T.);
#4552 = FACE_BOUND('',#4553,.T.);
#4553 = EDGE_LOOP('',(#4554,#4555,#4556,#4557,#4558,#4559,#4560,#4561));
#4554 = ORIENTED_EDGE('',*,*,#110,.F.);
#4555 = ORIENTED_EDGE('',*,*,#3914,.F.);
#4556 = ORIENTED_EDGE('',*,*,#3896,.T.);
#4557 = ORIENTED_EDGE('',*,*,#3510,.T.);
#4558 = ORIENTED_EDGE('',*,*,#3056,.F.);
#4559 = ORIENTED_EDGE('',*,*,#1839,.F.);
#4560 = ORIENTED_EDGE('',*,*,#1814,.T.);
#4561 = ORIENTED_EDGE('',*,*,#603,.T.);
#4562 = PLANE('',#4563);
#4563 = AXIS2_PLACEMENT_3D('',#4564,#4565,#4566);
#4564 = CARTESIAN_POINT('',(222.25,-184.02,15.75));
#4565 = DIRECTION('',(1.,0.,0.));
#4566 = DIRECTION('',(0.,0.,1.));
#4567 = ADVANCED_FACE('',(#4568),#4579,.F.);
#4568 = FACE_BOUND('',#4569,.T.);
#4569 = EDGE_LOOP('',(#4570,#4576,#4577,#4578));
#4570 = ORIENTED_EDGE('',*,*,#4571,.F.);
#4571 = EDGE_CURVE('',#3272,#375,#4572,.T.);
#4572 = LINE('',#4573,#4574);
#4573 = CARTESIAN_POINT('',(190.32,-176.02,60.25));
#4574 = VECTOR('',#4575,1.);
#4575 = DIRECTION('',(0.,0.,1.));
#4576 = ORIENTED_EDGE('',*,*,#3271,.T.);
#4577 = ORIENTED_EDGE('',*,*,#4571,.T.);
#4578 = ORIENTED_EDGE('',*,*,#374,.F.);
#4579 = CYLINDRICAL_SURFACE('',#4580,2.2);
#4580 = AXIS2_PLACEMENT_3D('',#4581,#4582,#4583);
#4581 = CARTESIAN_POINT('',(188.12,-176.02,60.25));
#4582 = DIRECTION('',(-0.,-0.,-1.));
#4583 = DIRECTION('',(1.,0.,0.));
#4584 = ADVANCED_FACE('',(#4585),#4596,.F.);
#4585 = FACE_BOUND('',#4586,.T.);
#4586 = EDGE_LOOP('',(#4587,#4593,#4594,#4595));
#4587 = ORIENTED_EDGE('',*,*,#4588,.F.);
#4588 = EDGE_CURVE('',#3283,#386,#4589,.T.);
#4589 = LINE('',#4590,#4591);
#4590 = CARTESIAN_POINT('',(210.32,-176.02,60.25));
#4591 = VECTOR('',#4592,1.);
#4592 = DIRECTION('',(0.,0.,1.));
#4593 = ORIENTED_EDGE('',*,*,#3282,.T.);
#4594 = ORIENTED_EDGE('',*,*,#4588,.T.);
#4595 = ORIENTED_EDGE('',*,*,#385,.F.);
#4596 = CYLINDRICAL_SURFACE('',#4597,2.2);
#4597 = AXIS2_PLACEMENT_3D('',#4598,#4599,#4600);
#4598 = CARTESIAN_POINT('',(208.12,-176.02,60.25));
#4599 = DIRECTION('',(-0.,-0.,-1.));
#4600 = DIRECTION('',(1.,0.,0.));
#4601 = ADVANCED_FACE('',(#4602),#4613,.F.);
#4602 = FACE_BOUND('',#4603,.T.);
#4603 = EDGE_LOOP('',(#4604,#4610,#4611,#4612));
#4604 = ORIENTED_EDGE('',*,*,#4605,.F.);
#4605 = EDGE_CURVE('',#3294,#397,#4606,.T.);
#4606 = LINE('',#4607,#4608);
#4607 = CARTESIAN_POINT('',(-204.05,-160.02,60.25));
#4608 = VECTOR('',#4609,1.);
#4609 = DIRECTION('',(0.,0.,1.));
#4610 = ORIENTED_EDGE('',*,*,#3293,.T.);
#4611 = ORIENTED_EDGE('',*,*,#4605,.T.);
#4612 = ORIENTED_EDGE('',*,*,#396,.F.);
#4613 = CYLINDRICAL_SURFACE('',#4614,2.2);
#4614 = AXIS2_PLACEMENT_3D('',#4615,#4616,#4617);
#4615 = CARTESIAN_POINT('',(-206.25,-160.02,60.25));
#4616 = DIRECTION('',(-0.,-0.,-1.));
#4617 = DIRECTION('',(1.,0.,0.));
#4618 = ADVANCED_FACE('',(#4619),#4630,.F.);
#4619 = FACE_BOUND('',#4620,.T.);
#4620 = EDGE_LOOP('',(#4621,#4627,#4628,#4629));
#4621 = ORIENTED_EDGE('',*,*,#4622,.F.);
#4622 = EDGE_CURVE('',#3305,#408,#4623,.T.);
#4623 = LINE('',#4624,#4625);
#4624 = CARTESIAN_POINT('',(-156.05,-160.02,60.25));
#4625 = VECTOR('',#4626,1.);
#4626 = DIRECTION('',(0.,0.,1.));
#4627 = ORIENTED_EDGE('',*,*,#3304,.T.);
#4628 = ORIENTED_EDGE('',*,*,#4622,.T.);
#4629 = ORIENTED_EDGE('',*,*,#407,.F.);
#4630 = CYLINDRICAL_SURFACE('',#4631,2.2);
#4631 = AXIS2_PLACEMENT_3D('',#4632,#4633,#4634);
#4632 = CARTESIAN_POINT('',(-158.25,-160.02,60.25));
#4633 = DIRECTION('',(-0.,-0.,-1.));
#4634 = DIRECTION('',(1.,0.,0.));
#4635 = ADVANCED_FACE('',(#4636),#4647,.F.);
#4636 = FACE_BOUND('',#4637,.T.);
#4637 = EDGE_LOOP('',(#4638,#4644,#4645,#4646));
#4638 = ORIENTED_EDGE('',*,*,#4639,.F.);
#4639 = EDGE_CURVE('',#3316,#419,#4640,.T.);
#4640 = LINE('',#4641,#4642);
#4641 = CARTESIAN_POINT('',(-147.8,-160.02,60.25));
#4642 = VECTOR('',#4643,1.);
#4643 = DIRECTION('',(0.,0.,1.));
#4644 = ORIENTED_EDGE('',*,*,#3315,.T.);
#4645 = ORIENTED_EDGE('',*,*,#4639,.T.);
#4646 = ORIENTED_EDGE('',*,*,#418,.F.);
#4647 = CYLINDRICAL_SURFACE('',#4648,2.2);
#4648 = AXIS2_PLACEMENT_3D('',#4649,#4650,#4651);
#4649 = CARTESIAN_POINT('',(-150.,-160.02,60.25));
#4650 = DIRECTION('',(-0.,-0.,-1.));
#4651 = DIRECTION('',(1.,0.,0.));
#4652 = ADVANCED_FACE('',(#4653),#4664,.F.);
#4653 = FACE_BOUND('',#4654,.T.);
#4654 = EDGE_LOOP('',(#4655,#4661,#4662,#4663));
#4655 = ORIENTED_EDGE('',*,*,#4656,.F.);
#4656 = EDGE_CURVE('',#3327,#430,#4657,.T.);
#4657 = LINE('',#4658,#4659);
#4658 = CARTESIAN_POINT('',(-108.05,-160.02,60.25));
#4659 = VECTOR('',#4660,1.);
#4660 = DIRECTION('',(0.,0.,1.));
#4661 = ORIENTED_EDGE('',*,*,#3326,.T.);
#4662 = ORIENTED_EDGE('',*,*,#4656,.T.);
#4663 = ORIENTED_EDGE('',*,*,#429,.F.);
#4664 = CYLINDRICAL_SURFACE('',#4665,2.2);
#4665 = AXIS2_PLACEMENT_3D('',#4666,#4667,#4668);
#4666 = CARTESIAN_POINT('',(-110.25,-160.02,60.25));
#4667 = DIRECTION('',(-0.,-0.,-1.));
#4668 = DIRECTION('',(1.,0.,0.));
#4669 = ADVANCED_FACE('',(#4670),#4686,.F.);
#4670 = FACE_BOUND('',#4671,.T.);
#4671 = EDGE_LOOP('',(#4672,#4673,#4679,#4680));
#4672 = ORIENTED_EDGE('',*,*,#460,.F.);
#4673 = ORIENTED_EDGE('',*,*,#4674,.T.);
#4674 = EDGE_CURVE('',#452,#3340,#4675,.T.);
#4675 = LINE('',#4676,#4677);
#4676 = CARTESIAN_POINT('',(-61.125,-161.910601756,60.25));
#4677 = VECTOR('',#4678,1.);
#4678 = DIRECTION('',(-0.,-0.,-1.));
#4679 = ORIENTED_EDGE('',*,*,#3348,.T.);
#4680 = ORIENTED_EDGE('',*,*,#4681,.F.);
#4681 = EDGE_CURVE('',#441,#3349,#4682,.T.);
#4682 = LINE('',#4683,#4684);
#4683 = CARTESIAN_POINT('',(-61.125,-158.1293982439,60.25));
#4684 = VECTOR('',#4685,1.);
#4685 = DIRECTION('',(-0.,-0.,-1.));
#4686 = CYLINDRICAL_SURFACE('',#4687,2.2);
#4687 = AXIS2_PLACEMENT_3D('',#4688,#4689,#4690);
#4688 = CARTESIAN_POINT('',(-62.25,-160.02,60.25));
#4689 = DIRECTION('',(-0.,-0.,-1.));
#4690 = DIRECTION('',(1.,0.,0.));
#4691 = ADVANCED_FACE('',(#4692),#4703,.F.);
#4692 = FACE_BOUND('',#4693,.T.);
#4693 = EDGE_LOOP('',(#4694,#4700,#4701,#4702));
#4694 = ORIENTED_EDGE('',*,*,#4695,.F.);
#4695 = EDGE_CURVE('',#3367,#470,#4696,.T.);
#4696 = LINE('',#4697,#4698);
#4697 = CARTESIAN_POINT('',(-12.05,-160.02,60.25));
#4698 = VECTOR('',#4699,1.);
#4699 = DIRECTION('',(0.,0.,1.));
#4700 = ORIENTED_EDGE('',*,*,#3366,.T.);
#4701 = ORIENTED_EDGE('',*,*,#4695,.T.);
#4702 = ORIENTED_EDGE('',*,*,#469,.F.);
#4703 = CYLINDRICAL_SURFACE('',#4704,2.2);
#4704 = AXIS2_PLACEMENT_3D('',#4705,#4706,#4707);
#4705 = CARTESIAN_POINT('',(-14.25,-160.02,60.25));
#4706 = DIRECTION('',(-0.,-0.,-1.));
#4707 = DIRECTION('',(1.,0.,0.));
#4708 = ADVANCED_FACE('',(#4709),#4720,.F.);
#4709 = FACE_BOUND('',#4710,.T.);
#4710 = EDGE_LOOP('',(#4711,#4717,#4718,#4719));
#4711 = ORIENTED_EDGE('',*,*,#4712,.F.);
#4712 = EDGE_CURVE('',#3378,#481,#4713,.T.);
#4713 = LINE('',#4714,#4715);
#4714 = CARTESIAN_POINT('',(-200.92,-152.02,60.25));
#4715 = VECTOR('',#4716,1.);
#4716 = DIRECTION('',(0.,0.,1.));
#4717 = ORIENTED_EDGE('',*,*,#3377,.T.);
#4718 = ORIENTED_EDGE('',*,*,#4712,.T.);
#4719 = ORIENTED_EDGE('',*,*,#480,.F.);
#4720 = CYLINDRICAL_SURFACE('',#4721,2.2);
#4721 = AXIS2_PLACEMENT_3D('',#4722,#4723,#4724);
#4722 = CARTESIAN_POINT('',(-203.12,-152.02,60.25));
#4723 = DIRECTION('',(-0.,-0.,-1.));
#4724 = DIRECTION('',(1.,0.,0.));
#4725 = ADVANCED_FACE('',(#4726),#4737,.F.);
#4726 = FACE_BOUND('',#4727,.T.);
#4727 = EDGE_LOOP('',(#4728,#4734,#4735,#4736));
#4728 = ORIENTED_EDGE('',*,*,#4729,.F.);
#4729 = EDGE_CURVE('',#3389,#492,#4730,.T.);
#4730 = LINE('',#4731,#4732);
#4731 = CARTESIAN_POINT('',(-181.92,-152.02,60.25));
#4732 = VECTOR('',#4733,1.);
#4733 = DIRECTION('',(0.,0.,1.));
#4734 = ORIENTED_EDGE('',*,*,#3388,.T.);
#4735 = ORIENTED_EDGE('',*,*,#4729,.T.);
#4736 = ORIENTED_EDGE('',*,*,#491,.F.);
#4737 = CYLINDRICAL_SURFACE('',#4738,2.2);
#4738 = AXIS2_PLACEMENT_3D('',#4739,#4740,#4741);
#4739 = CARTESIAN_POINT('',(-184.12,-152.02,60.25));
#4740 = DIRECTION('',(-0.,-0.,-1.));
#4741 = DIRECTION('',(1.,0.,0.));
#4742 = ADVANCED_FACE('',(#4743),#4759,.F.);
#4743 = FACE_BOUND('',#4744,.T.);
#4744 = EDGE_LOOP('',(#4745,#4746,#4752,#4753));
#4745 = ORIENTED_EDGE('',*,*,#502,.F.);
#4746 = ORIENTED_EDGE('',*,*,#4747,.T.);
#4747 = EDGE_CURVE('',#503,#3411,#4748,.T.);
#4748 = LINE('',#4749,#4750);
#4749 = CARTESIAN_POINT('',(31.875,-161.1708149286,60.25));
#4750 = VECTOR('',#4751,1.);
#4751 = DIRECTION('',(-0.,-0.,-1.));
#4752 = ORIENTED_EDGE('',*,*,#3419,.T.);
#4753 = ORIENTED_EDGE('',*,*,#4754,.F.);
#4754 = EDGE_CURVE('',#505,#3400,#4755,.T.);
#4755 = LINE('',#4756,#4757);
#4756 = CARTESIAN_POINT('',(31.875,-158.8691850713,60.25));
#4757 = VECTOR('',#4758,1.);
#4758 = DIRECTION('',(-0.,-0.,-1.));
#4759 = CYLINDRICAL_SURFACE('',#4760,2.2);
#4760 = AXIS2_PLACEMENT_3D('',#4761,#4762,#4763);
#4761 = CARTESIAN_POINT('',(30.,-160.02,60.25));
#4762 = DIRECTION('',(-0.,-0.,-1.));
#4763 = DIRECTION('',(1.,0.,0.));
#4764 = ADVANCED_FACE('',(#4765),#4776,.F.);
#4765 = FACE_BOUND('',#4766,.T.);
#4766 = EDGE_LOOP('',(#4767,#4773,#4774,#4775));
#4767 = ORIENTED_EDGE('',*,*,#4768,.F.);
#4768 = EDGE_CURVE('',#3429,#532,#4769,.T.);
#4769 = LINE('',#4770,#4771);
#4770 = CARTESIAN_POINT('',(83.95,-160.02,60.25));
#4771 = VECTOR('',#4772,1.);
#4772 = DIRECTION('',(0.,0.,1.));
#4773 = ORIENTED_EDGE('',*,*,#3428,.T.);
#4774 = ORIENTED_EDGE('',*,*,#4768,.T.);
#4775 = ORIENTED_EDGE('',*,*,#531,.F.);
#4776 = CYLINDRICAL_SURFACE('',#4777,2.2);
#4777 = AXIS2_PLACEMENT_3D('',#4778,#4779,#4780);
#4778 = CARTESIAN_POINT('',(81.75,-160.02,60.25));
#4779 = DIRECTION('',(-0.,-0.,-1.));
#4780 = DIRECTION('',(1.,0.,0.));
#4781 = ADVANCED_FACE('',(#4782),#4793,.F.);
#4782 = FACE_BOUND('',#4783,.T.);
#4783 = EDGE_LOOP('',(#4784,#4790,#4791,#4792));
#4784 = ORIENTED_EDGE('',*,*,#4785,.F.);
#4785 = EDGE_CURVE('',#3440,#543,#4786,.T.);
#4786 = LINE('',#4787,#4788);
#4787 = CARTESIAN_POINT('',(112.2,-160.02,60.25));
#4788 = VECTOR('',#4789,1.);
#4789 = DIRECTION('',(0.,0.,1.));
#4790 = ORIENTED_EDGE('',*,*,#3439,.T.);
#4791 = ORIENTED_EDGE('',*,*,#4785,.T.);
#4792 = ORIENTED_EDGE('',*,*,#542,.F.);
#4793 = CYLINDRICAL_SURFACE('',#4794,2.2);
#4794 = AXIS2_PLACEMENT_3D('',#4795,#4796,#4797);
#4795 = CARTESIAN_POINT('',(110.,-160.02,60.25));
#4796 = DIRECTION('',(-0.,-0.,-1.));
#4797 = DIRECTION('',(1.,0.,0.));
#4798 = ADVANCED_FACE('',(#4799),#4810,.F.);
#4799 = FACE_BOUND('',#4800,.T.);
#4800 = EDGE_LOOP('',(#4801,#4807,#4808,#4809));
#4801 = ORIENTED_EDGE('',*,*,#4802,.F.);
#4802 = EDGE_CURVE('',#3451,#554,#4803,.T.);
#4803 = LINE('',#4804,#4805);
#4804 = CARTESIAN_POINT('',(131.95,-160.02,60.25));
#4805 = VECTOR('',#4806,1.);
#4806 = DIRECTION('',(0.,0.,1.));
#4807 = ORIENTED_EDGE('',*,*,#3450,.T.);
#4808 = ORIENTED_EDGE('',*,*,#4802,.T.);
#4809 = ORIENTED_EDGE('',*,*,#553,.F.);
#4810 = CYLINDRICAL_SURFACE('',#4811,2.2);
#4811 = AXIS2_PLACEMENT_3D('',#4812,#4813,#4814);
#4812 = CARTESIAN_POINT('',(129.75,-160.02,60.25));
#4813 = DIRECTION('',(-0.,-0.,-1.));
#4814 = DIRECTION('',(1.,0.,0.));
#4815 = ADVANCED_FACE('',(#4816),#4827,.F.);
#4816 = FACE_BOUND('',#4817,.T.);
#4817 = EDGE_LOOP('',(#4818,#4824,#4825,#4826));
#4818 = ORIENTED_EDGE('',*,*,#4819,.F.);
#4819 = EDGE_CURVE('',#3462,#565,#4820,.T.);
#4820 = LINE('',#4821,#4822);
#4821 = CARTESIAN_POINT('',(179.95,-160.02,60.25));
#4822 = VECTOR('',#4823,1.);
#4823 = DIRECTION('',(0.,0.,1.));
#4824 = ORIENTED_EDGE('',*,*,#3461,.T.);
#4825 = ORIENTED_EDGE('',*,*,#4819,.T.);
#4826 = ORIENTED_EDGE('',*,*,#564,.F.);
#4827 = CYLINDRICAL_SURFACE('',#4828,2.2);
#4828 = AXIS2_PLACEMENT_3D('',#4829,#4830,#4831);
#4829 = CARTESIAN_POINT('',(177.75,-160.02,60.25));
#4830 = DIRECTION('',(-0.,-0.,-1.));
#4831 = DIRECTION('',(1.,0.,0.));
#4832 = ADVANCED_FACE('',(#4833),#4844,.F.);
#4833 = FACE_BOUND('',#4834,.T.);
#4834 = EDGE_LOOP('',(#4835,#4841,#4842,#4843));
#4835 = ORIENTED_EDGE('',*,*,#4836,.F.);
#4836 = EDGE_CURVE('',#3473,#576,#4837,.T.);
#4837 = LINE('',#4838,#4839);
#4838 = CARTESIAN_POINT('',(190.32,-152.02,60.25));
#4839 = VECTOR('',#4840,1.);
#4840 = DIRECTION('',(0.,0.,1.));
#4841 = ORIENTED_EDGE('',*,*,#3472,.T.);
#4842 = ORIENTED_EDGE('',*,*,#4836,.T.);
#4843 = ORIENTED_EDGE('',*,*,#575,.F.);
#4844 = CYLINDRICAL_SURFACE('',#4845,2.2);
#4845 = AXIS2_PLACEMENT_3D('',#4846,#4847,#4848);
#4846 = CARTESIAN_POINT('',(188.12,-152.02,60.25));
#4847 = DIRECTION('',(-0.,-0.,-1.));
#4848 = DIRECTION('',(1.,0.,0.));
#4849 = ADVANCED_FACE('',(#4850),#4861,.F.);
#4850 = FACE_BOUND('',#4851,.T.);
#4851 = EDGE_LOOP('',(#4852,#4858,#4859,#4860));
#4852 = ORIENTED_EDGE('',*,*,#4853,.F.);
#4853 = EDGE_CURVE('',#3484,#587,#4854,.T.);
#4854 = LINE('',#4855,#4856);
#4855 = CARTESIAN_POINT('',(210.32,-152.02,60.25));
#4856 = VECTOR('',#4857,1.);
#4857 = DIRECTION('',(0.,0.,1.));
#4858 = ORIENTED_EDGE('',*,*,#3483,.T.);
#4859 = ORIENTED_EDGE('',*,*,#4853,.T.);
#4860 = ORIENTED_EDGE('',*,*,#586,.F.);
#4861 = CYLINDRICAL_SURFACE('',#4862,2.2);
#4862 = AXIS2_PLACEMENT_3D('',#4863,#4864,#4865);
#4863 = CARTESIAN_POINT('',(208.12,-152.02,60.25));
#4864 = DIRECTION('',(-0.,-0.,-1.));
#4865 = DIRECTION('',(1.,0.,0.));
#4866 = ADVANCED_FACE('',(#4867),#4878,.F.);
#4867 = FACE_BOUND('',#4868,.T.);
#4868 = EDGE_LOOP('',(#4869,#4875,#4876,#4877));
#4869 = ORIENTED_EDGE('',*,*,#4870,.F.);
#4870 = EDGE_CURVE('',#2010,#758,#4871,.T.);
#4871 = LINE('',#4872,#4873);
#4872 = CARTESIAN_POINT('',(-181.92,-139.52,20.));
#4873 = VECTOR('',#4874,1.);
#4874 = DIRECTION('',(0.,1.,0.));
#4875 = ORIENTED_EDGE('',*,*,#2009,.T.);
#4876 = ORIENTED_EDGE('',*,*,#4870,.T.);
#4877 = ORIENTED_EDGE('',*,*,#757,.F.);
#4878 = CYLINDRICAL_SURFACE('',#4879,2.2);
#4879 = AXIS2_PLACEMENT_3D('',#4880,#4881,#4882);
#4880 = CARTESIAN_POINT('',(-184.12,-139.52,20.));
#4881 = DIRECTION('',(-0.,-1.,0.));
#4882 = DIRECTION('',(1.,0.,0.));
#4883 = ADVANCED_FACE('',(#4884),#4895,.F.);
#4884 = FACE_BOUND('',#4885,.T.);
#4885 = EDGE_LOOP('',(#4886,#4892,#4893,#4894));
#4886 = ORIENTED_EDGE('',*,*,#4887,.F.);
#4887 = EDGE_CURVE('',#2021,#769,#4888,.T.);
#4888 = LINE('',#4889,#4890);
#4889 = CARTESIAN_POINT('',(-167.92,-139.52,20.));
#4890 = VECTOR('',#4891,1.);
#4891 = DIRECTION('',(0.,1.,0.));
#4892 = ORIENTED_EDGE('',*,*,#2020,.T.);
#4893 = ORIENTED_EDGE('',*,*,#4887,.T.);
#4894 = ORIENTED_EDGE('',*,*,#768,.F.);
#4895 = CYLINDRICAL_SURFACE('',#4896,2.2);
#4896 = AXIS2_PLACEMENT_3D('',#4897,#4898,#4899);
#4897 = CARTESIAN_POINT('',(-170.12,-139.52,20.));
#4898 = DIRECTION('',(-0.,-1.,0.));
#4899 = DIRECTION('',(1.,0.,0.));
#4900 = ADVANCED_FACE('',(#4901),#4912,.F.);
#4901 = FACE_BOUND('',#4902,.T.);
#4902 = EDGE_LOOP('',(#4903,#4909,#4910,#4911));
#4903 = ORIENTED_EDGE('',*,*,#4904,.F.);
#4904 = EDGE_CURVE('',#2032,#780,#4905,.T.);
#4905 = LINE('',#4906,#4907);
#4906 = CARTESIAN_POINT('',(-204.05,-139.52,27.75));
#4907 = VECTOR('',#4908,1.);
#4908 = DIRECTION('',(0.,1.,0.));
#4909 = ORIENTED_EDGE('',*,*,#2031,.T.);
#4910 = ORIENTED_EDGE('',*,*,#4904,.T.);
#4911 = ORIENTED_EDGE('',*,*,#779,.F.);
#4912 = CYLINDRICAL_SURFACE('',#4913,2.2);
#4913 = AXIS2_PLACEMENT_3D('',#4914,#4915,#4916);
#4914 = CARTESIAN_POINT('',(-206.25,-139.52,27.75));
#4915 = DIRECTION('',(-0.,-1.,0.));
#4916 = DIRECTION('',(1.,0.,0.));
#4917 = ADVANCED_FACE('',(#4918),#4929,.F.);
#4918 = FACE_BOUND('',#4919,.T.);
#4919 = EDGE_LOOP('',(#4920,#4926,#4927,#4928));
#4920 = ORIENTED_EDGE('',*,*,#4921,.F.);
#4921 = EDGE_CURVE('',#2043,#791,#4922,.T.);
#4922 = LINE('',#4923,#4924);
#4923 = CARTESIAN_POINT('',(-156.05,-139.52,27.75));
#4924 = VECTOR('',#4925,1.);
#4925 = DIRECTION('',(0.,1.,0.));
#4926 = ORIENTED_EDGE('',*,*,#2042,.T.);
#4927 = ORIENTED_EDGE('',*,*,#4921,.T.);
#4928 = ORIENTED_EDGE('',*,*,#790,.F.);
#4929 = CYLINDRICAL_SURFACE('',#4930,2.2);
#4930 = AXIS2_PLACEMENT_3D('',#4931,#4932,#4933);
#4931 = CARTESIAN_POINT('',(-158.25,-139.52,27.75));
#4932 = DIRECTION('',(-0.,-1.,0.));
#4933 = DIRECTION('',(1.,0.,0.));
#4934 = ADVANCED_FACE('',(#4935),#4946,.F.);
#4935 = FACE_BOUND('',#4936,.T.);
#4936 = EDGE_LOOP('',(#4937,#4943,#4944,#4945));
#4937 = ORIENTED_EDGE('',*,*,#4938,.F.);
#4938 = EDGE_CURVE('',#2054,#802,#4939,.T.);
#4939 = LINE('',#4940,#4941);
#4940 = CARTESIAN_POINT('',(-181.92,-139.52,35.75));
#4941 = VECTOR('',#4942,1.);
#4942 = DIRECTION('',(0.,1.,0.));
#4943 = ORIENTED_EDGE('',*,*,#2053,.T.);
#4944 = ORIENTED_EDGE('',*,*,#4938,.T.);
#4945 = ORIENTED_EDGE('',*,*,#801,.F.);
#4946 = CYLINDRICAL_SURFACE('',#4947,2.2);
#4947 = AXIS2_PLACEMENT_3D('',#4948,#4949,#4950);
#4948 = CARTESIAN_POINT('',(-184.12,-139.52,35.75));
#4949 = DIRECTION('',(-0.,-1.,0.));
#4950 = DIRECTION('',(1.,0.,0.));
#4951 = ADVANCED_FACE('',(#4952),#4963,.F.);
#4952 = FACE_BOUND('',#4953,.T.);
#4953 = EDGE_LOOP('',(#4954,#4960,#4961,#4962));
#4954 = ORIENTED_EDGE('',*,*,#4955,.F.);
#4955 = EDGE_CURVE('',#2065,#813,#4956,.T.);
#4956 = LINE('',#4957,#4958);
#4957 = CARTESIAN_POINT('',(-167.92,-139.52,35.75));
#4958 = VECTOR('',#4959,1.);
#4959 = DIRECTION('',(0.,1.,0.));
#4960 = ORIENTED_EDGE('',*,*,#2064,.T.);
#4961 = ORIENTED_EDGE('',*,*,#4955,.T.);
#4962 = ORIENTED_EDGE('',*,*,#812,.F.);
#4963 = CYLINDRICAL_SURFACE('',#4964,2.2);
#4964 = AXIS2_PLACEMENT_3D('',#4965,#4966,#4967);
#4965 = CARTESIAN_POINT('',(-170.12,-139.52,35.75));
#4966 = DIRECTION('',(-0.,-1.,0.));
#4967 = DIRECTION('',(1.,0.,0.));
#4968 = ADVANCED_FACE('',(#4969),#4980,.F.);
#4969 = FACE_BOUND('',#4970,.T.);
#4970 = EDGE_LOOP('',(#4971,#4977,#4978,#4979));
#4971 = ORIENTED_EDGE('',*,*,#4972,.F.);
#4972 = EDGE_CURVE('',#2076,#824,#4973,.T.);
#4973 = LINE('',#4974,#4975);
#4974 = CARTESIAN_POINT('',(-108.05,-139.52,27.75));
#4975 = VECTOR('',#4976,1.);
#4976 = DIRECTION('',(0.,1.,0.));
#4977 = ORIENTED_EDGE('',*,*,#2075,.T.);
#4978 = ORIENTED_EDGE('',*,*,#4972,.T.);
#4979 = ORIENTED_EDGE('',*,*,#823,.F.);
#4980 = CYLINDRICAL_SURFACE('',#4981,2.2);
#4981 = AXIS2_PLACEMENT_3D('',#4982,#4983,#4984);
#4982 = CARTESIAN_POINT('',(-110.25,-139.52,27.75));
#4983 = DIRECTION('',(-0.,-1.,0.));
#4984 = DIRECTION('',(1.,0.,0.));
#4985 = ADVANCED_FACE('',(#4986),#4997,.F.);
#4986 = FACE_BOUND('',#4987,.T.);
#4987 = EDGE_LOOP('',(#4988,#4994,#4995,#4996));
#4988 = ORIENTED_EDGE('',*,*,#4989,.F.);
#4989 = EDGE_CURVE('',#2087,#835,#4990,.T.);
#4990 = LINE('',#4991,#4992);
#4991 = CARTESIAN_POINT('',(-152.05,-139.52,34.));
#4992 = VECTOR('',#4993,1.);
#4993 = DIRECTION('',(0.,1.,0.));
#4994 = ORIENTED_EDGE('',*,*,#2086,.T.);
#4995 = ORIENTED_EDGE('',*,*,#4989,.T.);
#4996 = ORIENTED_EDGE('',*,*,#834,.F.);
#4997 = CYLINDRICAL_SURFACE('',#4998,2.2);
#4998 = AXIS2_PLACEMENT_3D('',#4999,#5000,#5001);
#4999 = CARTESIAN_POINT('',(-154.25,-139.52,34.));
#5000 = DIRECTION('',(-0.,-1.,0.));
#5001 = DIRECTION('',(1.,0.,0.));
#5002 = ADVANCED_FACE('',(#5003),#5014,.F.);
#5003 = FACE_BOUND('',#5004,.T.);
#5004 = EDGE_LOOP('',(#5005,#5011,#5012,#5013));
#5005 = ORIENTED_EDGE('',*,*,#5006,.F.);
#5006 = EDGE_CURVE('',#2263,#846,#5007,.T.);
#5007 = LINE('',#5008,#5009);
#5008 = CARTESIAN_POINT('',(-132.75,-139.52,39.));
#5009 = VECTOR('',#5010,1.);
#5010 = DIRECTION('',(0.,1.,0.));
#5011 = ORIENTED_EDGE('',*,*,#2262,.T.);
#5012 = ORIENTED_EDGE('',*,*,#5006,.T.);
#5013 = ORIENTED_EDGE('',*,*,#845,.F.);
#5014 = CYLINDRICAL_SURFACE('',#5015,3.25);
#5015 = AXIS2_PLACEMENT_3D('',#5016,#5017,#5018);
#5016 = CARTESIAN_POINT('',(-136.,-139.52,39.));
#5017 = DIRECTION('',(-0.,-1.,0.));
#5018 = DIRECTION('',(1.,0.,0.));
#5019 = ADVANCED_FACE('',(#5020),#5031,.F.);
#5020 = FACE_BOUND('',#5021,.T.);
#5021 = EDGE_LOOP('',(#5022,#5028,#5029,#5030));
#5022 = ORIENTED_EDGE('',*,*,#5023,.F.);
#5023 = EDGE_CURVE('',#2274,#857,#5024,.T.);
#5024 = LINE('',#5025,#5026);
#5025 = CARTESIAN_POINT('',(-114.75,-139.52,39.));
#5026 = VECTOR('',#5027,1.);
#5027 = DIRECTION('',(0.,1.,0.));
#5028 = ORIENTED_EDGE('',*,*,#2273,.T.);
#5029 = ORIENTED_EDGE('',*,*,#5023,.T.);
#5030 = ORIENTED_EDGE('',*,*,#856,.F.);
#5031 = CYLINDRICAL_SURFACE('',#5032,3.25);
#5032 = AXIS2_PLACEMENT_3D('',#5033,#5034,#5035);
#5033 = CARTESIAN_POINT('',(-118.,-139.52,39.));
#5034 = DIRECTION('',(-0.,-1.,0.));
#5035 = DIRECTION('',(1.,0.,0.));
#5036 = ADVANCED_FACE('',(#5037),#5048,.F.);
#5037 = FACE_BOUND('',#5038,.T.);
#5038 = EDGE_LOOP('',(#5039,#5045,#5046,#5047));
#5039 = ORIENTED_EDGE('',*,*,#5040,.F.);
#5040 = EDGE_CURVE('',#2098,#868,#5041,.T.);
#5041 = LINE('',#5042,#5043);
#5042 = CARTESIAN_POINT('',(-71.8,-139.52,19.67));
#5043 = VECTOR('',#5044,1.);
#5044 = DIRECTION('',(0.,1.,0.));
#5045 = ORIENTED_EDGE('',*,*,#2097,.T.);
#5046 = ORIENTED_EDGE('',*,*,#5040,.T.);
#5047 = ORIENTED_EDGE('',*,*,#867,.F.);
#5048 = CYLINDRICAL_SURFACE('',#5049,2.2);
#5049 = AXIS2_PLACEMENT_3D('',#5050,#5051,#5052);
#5050 = CARTESIAN_POINT('',(-74.,-139.52,19.67));
#5051 = DIRECTION('',(-0.,-1.,0.));
#5052 = DIRECTION('',(1.,0.,0.));
#5053 = ADVANCED_FACE('',(#5054),#5065,.F.);
#5054 = FACE_BOUND('',#5055,.T.);
#5055 = EDGE_LOOP('',(#5056,#5062,#5063,#5064));
#5056 = ORIENTED_EDGE('',*,*,#5057,.F.);
#5057 = EDGE_CURVE('',#2109,#879,#5058,.T.);
#5058 = LINE('',#5059,#5060);
#5059 = CARTESIAN_POINT('',(-63.8,-139.52,19.67));
#5060 = VECTOR('',#5061,1.);
#5061 = DIRECTION('',(0.,1.,0.));
#5062 = ORIENTED_EDGE('',*,*,#2108,.T.);
#5063 = ORIENTED_EDGE('',*,*,#5057,.T.);
#5064 = ORIENTED_EDGE('',*,*,#878,.F.);
#5065 = CYLINDRICAL_SURFACE('',#5066,2.2);
#5066 = AXIS2_PLACEMENT_3D('',#5067,#5068,#5069);
#5067 = CARTESIAN_POINT('',(-66.,-139.52,19.67));
#5068 = DIRECTION('',(-0.,-1.,0.));
#5069 = DIRECTION('',(1.,0.,0.));
#5070 = ADVANCED_FACE('',(#5071),#5082,.F.);
#5071 = FACE_BOUND('',#5072,.T.);
#5072 = EDGE_LOOP('',(#5073,#5079,#5080,#5081));
#5073 = ORIENTED_EDGE('',*,*,#5074,.F.);
#5074 = EDGE_CURVE('',#2120,#890,#5075,.T.);
#5075 = LINE('',#5076,#5077);
#5076 = CARTESIAN_POINT('',(-41.8,-139.52,19.67));
#5077 = VECTOR('',#5078,1.);
#5078 = DIRECTION('',(0.,1.,0.));
#5079 = ORIENTED_EDGE('',*,*,#2119,.T.);
#5080 = ORIENTED_EDGE('',*,*,#5074,.T.);
#5081 = ORIENTED_EDGE('',*,*,#889,.F.);
#5082 = CYLINDRICAL_SURFACE('',#5083,2.2);
#5083 = AXIS2_PLACEMENT_3D('',#5084,#5085,#5086);
#5084 = CARTESIAN_POINT('',(-44.,-139.52,19.67));
#5085 = DIRECTION('',(-0.,-1.,0.));
#5086 = DIRECTION('',(1.,0.,0.));
#5087 = ADVANCED_FACE('',(#5088),#5099,.F.);
#5088 = FACE_BOUND('',#5089,.T.);
#5089 = EDGE_LOOP('',(#5090,#5096,#5097,#5098));
#5090 = ORIENTED_EDGE('',*,*,#5091,.F.);
#5091 = EDGE_CURVE('',#2131,#901,#5092,.T.);
#5092 = LINE('',#5093,#5094);
#5093 = CARTESIAN_POINT('',(-33.8,-139.52,19.67));
#5094 = VECTOR('',#5095,1.);
#5095 = DIRECTION('',(0.,1.,0.));
#5096 = ORIENTED_EDGE('',*,*,#2130,.T.);
#5097 = ORIENTED_EDGE('',*,*,#5091,.T.);
#5098 = ORIENTED_EDGE('',*,*,#900,.F.);
#5099 = CYLINDRICAL_SURFACE('',#5100,2.2);
#5100 = AXIS2_PLACEMENT_3D('',#5101,#5102,#5103);
#5101 = CARTESIAN_POINT('',(-36.,-139.52,19.67));
#5102 = DIRECTION('',(-0.,-1.,0.));
#5103 = DIRECTION('',(1.,0.,0.));
#5104 = ADVANCED_FACE('',(#5105),#5116,.F.);
#5105 = FACE_BOUND('',#5106,.T.);
#5106 = EDGE_LOOP('',(#5107,#5113,#5114,#5115));
#5107 = ORIENTED_EDGE('',*,*,#5108,.F.);
#5108 = EDGE_CURVE('',#2142,#912,#5109,.T.);
#5109 = LINE('',#5110,#5111);
#5110 = CARTESIAN_POINT('',(-12.8,-139.52,19.67));
#5111 = VECTOR('',#5112,1.);
#5112 = DIRECTION('',(0.,1.,0.));
#5113 = ORIENTED_EDGE('',*,*,#2141,.T.);
#5114 = ORIENTED_EDGE('',*,*,#5108,.T.);
#5115 = ORIENTED_EDGE('',*,*,#911,.F.);
#5116 = CYLINDRICAL_SURFACE('',#5117,2.2);
#5117 = AXIS2_PLACEMENT_3D('',#5118,#5119,#5120);
#5118 = CARTESIAN_POINT('',(-15.,-139.52,19.67));
#5119 = DIRECTION('',(-0.,-1.,0.));
#5120 = DIRECTION('',(1.,0.,0.));
#5121 = ADVANCED_FACE('',(#5122),#5133,.F.);
#5122 = FACE_BOUND('',#5123,.T.);
#5123 = EDGE_LOOP('',(#5124,#5130,#5131,#5132));
#5124 = ORIENTED_EDGE('',*,*,#5125,.F.);
#5125 = EDGE_CURVE('',#2153,#923,#5126,.T.);
#5126 = LINE('',#5127,#5128);
#5127 = CARTESIAN_POINT('',(-4.8,-139.52,19.67));
#5128 = VECTOR('',#5129,1.);
#5129 = DIRECTION('',(0.,1.,0.));
#5130 = ORIENTED_EDGE('',*,*,#2152,.T.);
#5131 = ORIENTED_EDGE('',*,*,#5125,.T.);
#5132 = ORIENTED_EDGE('',*,*,#922,.F.);
#5133 = CYLINDRICAL_SURFACE('',#5134,2.2);
#5134 = AXIS2_PLACEMENT_3D('',#5135,#5136,#5137);
#5135 = CARTESIAN_POINT('',(-7.,-139.52,19.67));
#5136 = DIRECTION('',(-0.,-1.,0.));
#5137 = DIRECTION('',(1.,0.,0.));
#5138 = ADVANCED_FACE('',(#5139),#5150,.F.);
#5139 = FACE_BOUND('',#5140,.T.);
#5140 = EDGE_LOOP('',(#5141,#5147,#5148,#5149));
#5141 = ORIENTED_EDGE('',*,*,#5142,.F.);
#5142 = EDGE_CURVE('',#2164,#934,#5143,.T.);
#5143 = LINE('',#5144,#5145);
#5144 = CARTESIAN_POINT('',(-87.8,-139.52,28.));
#5145 = VECTOR('',#5146,1.);
#5146 = DIRECTION('',(0.,1.,0.));
#5147 = ORIENTED_EDGE('',*,*,#2163,.T.);
#5148 = ORIENTED_EDGE('',*,*,#5142,.T.);
#5149 = ORIENTED_EDGE('',*,*,#933,.F.);
#5150 = CYLINDRICAL_SURFACE('',#5151,2.2);
#5151 = AXIS2_PLACEMENT_3D('',#5152,#5153,#5154);
#5152 = CARTESIAN_POINT('',(-90.,-139.52,28.));
#5153 = DIRECTION('',(-0.,-1.,0.));
#5154 = DIRECTION('',(1.,0.,0.));
#5155 = ADVANCED_FACE('',(#5156),#5167,.F.);
#5156 = FACE_BOUND('',#5157,.T.);
#5157 = EDGE_LOOP('',(#5158,#5164,#5165,#5166));
#5158 = ORIENTED_EDGE('',*,*,#5159,.F.);
#5159 = EDGE_CURVE('',#2175,#945,#5160,.T.);
#5160 = LINE('',#5161,#5162);
#5161 = CARTESIAN_POINT('',(-69.8,-139.52,28.));
#5162 = VECTOR('',#5163,1.);
#5163 = DIRECTION('',(0.,1.,0.));
#5164 = ORIENTED_EDGE('',*,*,#2174,.T.);
#5165 = ORIENTED_EDGE('',*,*,#5159,.T.);
#5166 = ORIENTED_EDGE('',*,*,#944,.F.);
#5167 = CYLINDRICAL_SURFACE('',#5168,2.2);
#5168 = AXIS2_PLACEMENT_3D('',#5169,#5170,#5171);
#5169 = CARTESIAN_POINT('',(-72.,-139.52,28.));
#5170 = DIRECTION('',(-0.,-1.,0.));
#5171 = DIRECTION('',(1.,0.,0.));
#5172 = ADVANCED_FACE('',(#5173),#5184,.F.);
#5173 = FACE_BOUND('',#5174,.T.);
#5174 = EDGE_LOOP('',(#5175,#5181,#5182,#5183));
#5175 = ORIENTED_EDGE('',*,*,#5176,.F.);
#5176 = EDGE_CURVE('',#2186,#956,#5177,.T.);
#5177 = LINE('',#5178,#5179);
#5178 = CARTESIAN_POINT('',(-60.05,-139.52,27.75));
#5179 = VECTOR('',#5180,1.);
#5180 = DIRECTION('',(0.,1.,0.));
#5181 = ORIENTED_EDGE('',*,*,#2185,.T.);
#5182 = ORIENTED_EDGE('',*,*,#5176,.T.);
#5183 = ORIENTED_EDGE('',*,*,#955,.F.);
#5184 = CYLINDRICAL_SURFACE('',#5185,2.2);
#5185 = AXIS2_PLACEMENT_3D('',#5186,#5187,#5188);
#5186 = CARTESIAN_POINT('',(-62.25,-139.52,27.75));
#5187 = DIRECTION('',(-0.,-1.,0.));
#5188 = DIRECTION('',(1.,0.,0.));
#5189 = ADVANCED_FACE('',(#5190),#5201,.F.);
#5190 = FACE_BOUND('',#5191,.T.);
#5191 = EDGE_LOOP('',(#5192,#5198,#5199,#5200));
#5192 = ORIENTED_EDGE('',*,*,#5193,.F.);
#5193 = EDGE_CURVE('',#2197,#967,#5194,.T.);
#5194 = LINE('',#5195,#5196);
#5195 = CARTESIAN_POINT('',(-97.55,-139.52,34.));
#5196 = VECTOR('',#5197,1.);
#5197 = DIRECTION('',(0.,1.,0.));
#5198 = ORIENTED_EDGE('',*,*,#2196,.T.);
#5199 = ORIENTED_EDGE('',*,*,#5193,.T.);
#5200 = ORIENTED_EDGE('',*,*,#966,.F.);
#5201 = CYLINDRICAL_SURFACE('',#5202,2.2);
#5202 = AXIS2_PLACEMENT_3D('',#5203,#5204,#5205);
#5203 = CARTESIAN_POINT('',(-99.75,-139.52,34.));
#5204 = DIRECTION('',(-0.,-1.,0.));
#5205 = DIRECTION('',(1.,0.,0.));
#5206 = ADVANCED_FACE('',(#5207),#5218,.F.);
#5207 = FACE_BOUND('',#5208,.T.);
#5208 = EDGE_LOOP('',(#5209,#5215,#5216,#5217));
#5209 = ORIENTED_EDGE('',*,*,#5210,.F.);
#5210 = EDGE_CURVE('',#2208,#978,#5211,.T.);
#5211 = LINE('',#5212,#5213);
#5212 = CARTESIAN_POINT('',(-37.8,-139.52,28.));
#5213 = VECTOR('',#5214,1.);
#5214 = DIRECTION('',(0.,1.,0.));
#5215 = ORIENTED_EDGE('',*,*,#2207,.T.);
#5216 = ORIENTED_EDGE('',*,*,#5210,.T.);
#5217 = ORIENTED_EDGE('',*,*,#977,.F.);
#5218 = CYLINDRICAL_SURFACE('',#5219,2.2);
#5219 = AXIS2_PLACEMENT_3D('',#5220,#5221,#5222);
#5220 = CARTESIAN_POINT('',(-40.,-139.52,28.));
#5221 = DIRECTION('',(-0.,-1.,0.));
#5222 = DIRECTION('',(1.,0.,0.));
#5223 = ADVANCED_FACE('',(#5224),#5235,.F.);
#5224 = FACE_BOUND('',#5225,.T.);
#5225 = EDGE_LOOP('',(#5226,#5232,#5233,#5234));
#5226 = ORIENTED_EDGE('',*,*,#5227,.F.);
#5227 = EDGE_CURVE('',#2219,#989,#5228,.T.);
#5228 = LINE('',#5229,#5230);
#5229 = CARTESIAN_POINT('',(-29.8,-139.52,28.));
#5230 = VECTOR('',#5231,1.);
#5231 = DIRECTION('',(0.,1.,0.));
#5232 = ORIENTED_EDGE('',*,*,#2218,.T.);
#5233 = ORIENTED_EDGE('',*,*,#5227,.T.);
#5234 = ORIENTED_EDGE('',*,*,#988,.F.);
#5235 = CYLINDRICAL_SURFACE('',#5236,2.2);
#5236 = AXIS2_PLACEMENT_3D('',#5237,#5238,#5239);
#5237 = CARTESIAN_POINT('',(-32.,-139.52,28.));
#5238 = DIRECTION('',(-0.,-1.,0.));
#5239 = DIRECTION('',(1.,0.,0.));
#5240 = ADVANCED_FACE('',(#5241),#5252,.F.);
#5241 = FACE_BOUND('',#5242,.T.);
#5242 = EDGE_LOOP('',(#5243,#5249,#5250,#5251));
#5243 = ORIENTED_EDGE('',*,*,#5244,.F.);
#5244 = EDGE_CURVE('',#2230,#1000,#5245,.T.);
#5245 = LINE('',#5246,#5247);
#5246 = CARTESIAN_POINT('',(-12.05,-139.52,27.75));
#5247 = VECTOR('',#5248,1.);
#5248 = DIRECTION('',(0.,1.,0.));
#5249 = ORIENTED_EDGE('',*,*,#2229,.T.);
#5250 = ORIENTED_EDGE('',*,*,#5244,.T.);
#5251 = ORIENTED_EDGE('',*,*,#999,.F.);
#5252 = CYLINDRICAL_SURFACE('',#5253,2.2);
#5253 = AXIS2_PLACEMENT_3D('',#5254,#5255,#5256);
#5254 = CARTESIAN_POINT('',(-14.25,-139.52,27.75));
#5255 = DIRECTION('',(-0.,-1.,0.));
#5256 = DIRECTION('',(1.,0.,0.));
#5257 = ADVANCED_FACE('',(#5258),#5269,.F.);
#5258 = FACE_BOUND('',#5259,.T.);
#5259 = EDGE_LOOP('',(#5260,#5266,#5267,#5268));
#5260 = ORIENTED_EDGE('',*,*,#5261,.F.);
#5261 = EDGE_CURVE('',#2241,#1011,#5262,.T.);
#5262 = LINE('',#5263,#5264);
#5263 = CARTESIAN_POINT('',(-204.05,-139.52,43.75));
#5264 = VECTOR('',#5265,1.);
#5265 = DIRECTION('',(0.,1.,0.));
#5266 = ORIENTED_EDGE('',*,*,#2240,.T.);
#5267 = ORIENTED_EDGE('',*,*,#5261,.T.);
#5268 = ORIENTED_EDGE('',*,*,#1010,.F.);
#5269 = CYLINDRICAL_SURFACE('',#5270,2.2);
#5270 = AXIS2_PLACEMENT_3D('',#5271,#5272,#5273);
#5271 = CARTESIAN_POINT('',(-206.25,-139.52,43.75));
#5272 = DIRECTION('',(-0.,-1.,0.));
#5273 = DIRECTION('',(1.,0.,0.));
#5274 = ADVANCED_FACE('',(#5275),#5286,.F.);
#5275 = FACE_BOUND('',#5276,.T.);
#5276 = EDGE_LOOP('',(#5277,#5283,#5284,#5285));
#5277 = ORIENTED_EDGE('',*,*,#5278,.F.);
#5278 = EDGE_CURVE('',#2252,#1022,#5279,.T.);
#5279 = LINE('',#5280,#5281);
#5280 = CARTESIAN_POINT('',(-156.05,-139.52,43.75));
#5281 = VECTOR('',#5282,1.);
#5282 = DIRECTION('',(0.,1.,0.));
#5283 = ORIENTED_EDGE('',*,*,#2251,.T.);
#5284 = ORIENTED_EDGE('',*,*,#5278,.T.);
#5285 = ORIENTED_EDGE('',*,*,#1021,.F.);
#5286 = CYLINDRICAL_SURFACE('',#5287,2.2);
#5287 = AXIS2_PLACEMENT_3D('',#5288,#5289,#5290);
#5288 = CARTESIAN_POINT('',(-158.25,-139.52,43.75));
#5289 = DIRECTION('',(-0.,-1.,0.));
#5290 = DIRECTION('',(1.,0.,0.));
#5291 = ADVANCED_FACE('',(#5292),#5303,.F.);
#5292 = FACE_BOUND('',#5293,.T.);
#5293 = EDGE_LOOP('',(#5294,#5300,#5301,#5302));
#5294 = ORIENTED_EDGE('',*,*,#5295,.F.);
#5295 = EDGE_CURVE('',#2323,#1071,#5296,.T.);
#5296 = LINE('',#5297,#5298);
#5297 = CARTESIAN_POINT('',(-119.,-139.52,48.));
#5298 = VECTOR('',#5299,1.);
#5299 = DIRECTION('',(0.,1.,0.));
#5300 = ORIENTED_EDGE('',*,*,#2322,.T.);
#5301 = ORIENTED_EDGE('',*,*,#5295,.T.);
#5302 = ORIENTED_EDGE('',*,*,#1070,.F.);
#5303 = CYLINDRICAL_SURFACE('',#5304,8.);
#5304 = AXIS2_PLACEMENT_3D('',#5305,#5306,#5307);
#5305 = CARTESIAN_POINT('',(-127.,-139.52,48.));
#5306 = DIRECTION('',(-0.,-1.,0.));
#5307 = DIRECTION('',(1.,0.,0.));
#5308 = ADVANCED_FACE('',(#5309),#5320,.F.);
#5309 = FACE_BOUND('',#5310,.T.);
#5310 = EDGE_LOOP('',(#5311,#5317,#5318,#5319));
#5311 = ORIENTED_EDGE('',*,*,#5312,.F.);
#5312 = EDGE_CURVE('',#2372,#1120,#5313,.T.);
#5313 = LINE('',#5314,#5315);
#5314 = CARTESIAN_POINT('',(-181.92,-139.52,57.75));
#5315 = VECTOR('',#5316,1.);
#5316 = DIRECTION('',(0.,1.,0.));
#5317 = ORIENTED_EDGE('',*,*,#2371,.T.);
#5318 = ORIENTED_EDGE('',*,*,#5312,.T.);
#5319 = ORIENTED_EDGE('',*,*,#1119,.F.);
#5320 = CYLINDRICAL_SURFACE('',#5321,2.2);
#5321 = AXIS2_PLACEMENT_3D('',#5322,#5323,#5324);
#5322 = CARTESIAN_POINT('',(-184.12,-139.52,57.75));
#5323 = DIRECTION('',(-0.,-1.,0.));
#5324 = DIRECTION('',(1.,0.,0.));
#5325 = ADVANCED_FACE('',(#5326),#5337,.F.);
#5326 = FACE_BOUND('',#5327,.T.);
#5327 = EDGE_LOOP('',(#5328,#5334,#5335,#5336));
#5328 = ORIENTED_EDGE('',*,*,#5329,.F.);
#5329 = EDGE_CURVE('',#2383,#1131,#5330,.T.);
#5330 = LINE('',#5331,#5332);
#5331 = CARTESIAN_POINT('',(-167.92,-139.52,57.75));
#5332 = VECTOR('',#5333,1.);
#5333 = DIRECTION('',(0.,1.,0.));
#5334 = ORIENTED_EDGE('',*,*,#2382,.T.);
#5335 = ORIENTED_EDGE('',*,*,#5329,.T.);
#5336 = ORIENTED_EDGE('',*,*,#1130,.F.);
#5337 = CYLINDRICAL_SURFACE('',#5338,2.2);
#5338 = AXIS2_PLACEMENT_3D('',#5339,#5340,#5341);
#5339 = CARTESIAN_POINT('',(-170.12,-139.52,57.75));
#5340 = DIRECTION('',(-0.,-1.,0.));
#5341 = DIRECTION('',(1.,0.,0.));
#5342 = ADVANCED_FACE('',(#5343),#5354,.F.);
#5343 = FACE_BOUND('',#5344,.T.);
#5344 = EDGE_LOOP('',(#5345,#5351,#5352,#5353));
#5345 = ORIENTED_EDGE('',*,*,#5346,.F.);
#5346 = EDGE_CURVE('',#2394,#1142,#5347,.T.);
#5347 = LINE('',#5348,#5349);
#5348 = CARTESIAN_POINT('',(-132.75,-139.52,57.));
#5349 = VECTOR('',#5350,1.);
#5350 = DIRECTION('',(0.,1.,0.));
#5351 = ORIENTED_EDGE('',*,*,#2393,.T.);
#5352 = ORIENTED_EDGE('',*,*,#5346,.T.);
#5353 = ORIENTED_EDGE('',*,*,#1141,.F.);
#5354 = CYLINDRICAL_SURFACE('',#5355,3.25);
#5355 = AXIS2_PLACEMENT_3D('',#5356,#5357,#5358);
#5356 = CARTESIAN_POINT('',(-136.,-139.52,57.));
#5357 = DIRECTION('',(-0.,-1.,0.));
#5358 = DIRECTION('',(1.,0.,0.));
#5359 = ADVANCED_FACE('',(#5360),#5371,.F.);
#5360 = FACE_BOUND('',#5361,.T.);
#5361 = EDGE_LOOP('',(#5362,#5368,#5369,#5370));
#5362 = ORIENTED_EDGE('',*,*,#5363,.F.);
#5363 = EDGE_CURVE('',#2405,#1153,#5364,.T.);
#5364 = LINE('',#5365,#5366);
#5365 = CARTESIAN_POINT('',(-114.75,-139.52,57.));
#5366 = VECTOR('',#5367,1.);
#5367 = DIRECTION('',(0.,1.,0.));
#5368 = ORIENTED_EDGE('',*,*,#2404,.T.);
#5369 = ORIENTED_EDGE('',*,*,#5363,.T.);
#5370 = ORIENTED_EDGE('',*,*,#1152,.F.);
#5371 = CYLINDRICAL_SURFACE('',#5372,3.25);
#5372 = AXIS2_PLACEMENT_3D('',#5373,#5374,#5375);
#5373 = CARTESIAN_POINT('',(-118.,-139.52,57.));
#5374 = DIRECTION('',(-0.,-1.,0.));
#5375 = DIRECTION('',(1.,0.,0.));
#5376 = ADVANCED_FACE('',(#5377),#5388,.F.);
#5377 = FACE_BOUND('',#5378,.T.);
#5378 = EDGE_LOOP('',(#5379,#5385,#5386,#5387));
#5379 = ORIENTED_EDGE('',*,*,#5380,.F.);
#5380 = EDGE_CURVE('',#2416,#1164,#5381,.T.);
#5381 = LINE('',#5382,#5383);
#5382 = CARTESIAN_POINT('',(-60.05,-139.52,43.75));
#5383 = VECTOR('',#5384,1.);
#5384 = DIRECTION('',(0.,1.,0.));
#5385 = ORIENTED_EDGE('',*,*,#2415,.T.);
#5386 = ORIENTED_EDGE('',*,*,#5380,.T.);
#5387 = ORIENTED_EDGE('',*,*,#1163,.F.);
#5388 = CYLINDRICAL_SURFACE('',#5389,2.2);
#5389 = AXIS2_PLACEMENT_3D('',#5390,#5391,#5392);
#5390 = CARTESIAN_POINT('',(-62.25,-139.52,43.75));
#5391 = DIRECTION('',(-0.,-1.,0.));
#5392 = DIRECTION('',(1.,0.,0.));
#5393 = ADVANCED_FACE('',(#5394),#5405,.F.);
#5394 = FACE_BOUND('',#5395,.T.);
#5395 = EDGE_LOOP('',(#5396,#5402,#5403,#5404));
#5396 = ORIENTED_EDGE('',*,*,#5397,.F.);
#5397 = EDGE_CURVE('',#2427,#1175,#5398,.T.);
#5398 = LINE('',#5399,#5400);
#5399 = CARTESIAN_POINT('',(-12.05,-139.52,43.75));
#5400 = VECTOR('',#5401,1.);
#5401 = DIRECTION('',(0.,1.,0.));
#5402 = ORIENTED_EDGE('',*,*,#2426,.T.);
#5403 = ORIENTED_EDGE('',*,*,#5397,.T.);
#5404 = ORIENTED_EDGE('',*,*,#1174,.F.);
#5405 = CYLINDRICAL_SURFACE('',#5406,2.2);
#5406 = AXIS2_PLACEMENT_3D('',#5407,#5408,#5409);
#5407 = CARTESIAN_POINT('',(-14.25,-139.52,43.75));
#5408 = DIRECTION('',(-0.,-1.,0.));
#5409 = DIRECTION('',(1.,0.,0.));
#5410 = ADVANCED_FACE('',(#5411),#5422,.F.);
#5411 = FACE_BOUND('',#5412,.T.);
#5412 = EDGE_LOOP('',(#5413,#5419,#5420,#5421));
#5413 = ORIENTED_EDGE('',*,*,#5414,.F.);
#5414 = EDGE_CURVE('',#2438,#1186,#5415,.T.);
#5415 = LINE('',#5416,#5417);
#5416 = CARTESIAN_POINT('',(87.2,-139.52,18.));
#5417 = VECTOR('',#5418,1.);
#5418 = DIRECTION('',(0.,1.,0.));
#5419 = ORIENTED_EDGE('',*,*,#2437,.T.);
#5420 = ORIENTED_EDGE('',*,*,#5414,.T.);
#5421 = ORIENTED_EDGE('',*,*,#1185,.F.);
#5422 = CYLINDRICAL_SURFACE('',#5423,2.2);
#5423 = AXIS2_PLACEMENT_3D('',#5424,#5425,#5426);
#5424 = CARTESIAN_POINT('',(85.,-139.52,18.));
#5425 = DIRECTION('',(-0.,-1.,0.));
#5426 = DIRECTION('',(1.,0.,0.));
#5427 = ADVANCED_FACE('',(#5428),#5444,.F.);
#5428 = FACE_BOUND('',#5429,.T.);
#5429 = EDGE_LOOP('',(#5430,#5431,#5437,#5438));
#5430 = ORIENTED_EDGE('',*,*,#1196,.F.);
#5431 = ORIENTED_EDGE('',*,*,#5432,.T.);
#5432 = EDGE_CURVE('',#1197,#2460,#5433,.T.);
#5433 = LINE('',#5434,#5435);
#5434 = CARTESIAN_POINT('',(33.159912267198,-139.52,29.869385870387));
#5435 = VECTOR('',#5436,1.);
#5436 = DIRECTION('',(0.,-1.,2.2E-16));
#5437 = ORIENTED_EDGE('',*,*,#2468,.T.);
#5438 = ORIENTED_EDGE('',*,*,#5439,.F.);
#5439 = EDGE_CURVE('',#1199,#2449,#5440,.T.);
#5440 = LINE('',#5441,#5442);
#5441 = CARTESIAN_POINT('',(32.590087732802,-139.52,25.880614129613));
#5442 = VECTOR('',#5443,1.);
#5443 = DIRECTION('',(0.,-1.,2.2E-16));
#5444 = CYLINDRICAL_SURFACE('',#5445,2.2);
#5445 = AXIS2_PLACEMENT_3D('',#5446,#5447,#5448);
#5446 = CARTESIAN_POINT('',(32.,-139.52,28.));
#5447 = DIRECTION('',(-0.,-1.,0.));
#5448 = DIRECTION('',(1.,0.,0.));
#5449 = ADVANCED_FACE('',(#5450),#5461,.F.);
#5450 = FACE_BOUND('',#5451,.T.);
#5451 = EDGE_LOOP('',(#5452,#5458,#5459,#5460));
#5452 = ORIENTED_EDGE('',*,*,#5453,.F.);
#5453 = EDGE_CURVE('',#2478,#1226,#5454,.T.);
#5454 = LINE('',#5455,#5456);
#5455 = CARTESIAN_POINT('',(42.2,-139.52,28.));
#5456 = VECTOR('',#5457,1.);
#5457 = DIRECTION('',(0.,1.,0.));
#5458 = ORIENTED_EDGE('',*,*,#2477,.T.);
#5459 = ORIENTED_EDGE('',*,*,#5453,.T.);
#5460 = ORIENTED_EDGE('',*,*,#1225,.F.);
#5461 = CYLINDRICAL_SURFACE('',#5462,2.2);
#5462 = AXIS2_PLACEMENT_3D('',#5463,#5464,#5465);
#5463 = CARTESIAN_POINT('',(40.,-139.52,28.));
#5464 = DIRECTION('',(-0.,-1.,0.));
#5465 = DIRECTION('',(1.,0.,0.));
#5466 = ADVANCED_FACE('',(#5467),#5478,.F.);
#5467 = FACE_BOUND('',#5468,.T.);
#5468 = EDGE_LOOP('',(#5469,#5475,#5476,#5477));
#5469 = ORIENTED_EDGE('',*,*,#5470,.F.);
#5470 = EDGE_CURVE('',#2489,#1237,#5471,.T.);
#5471 = LINE('',#5472,#5473);
#5472 = CARTESIAN_POINT('',(42.2,-139.52,38.));
#5473 = VECTOR('',#5474,1.);
#5474 = DIRECTION('',(0.,1.,0.));
#5475 = ORIENTED_EDGE('',*,*,#2488,.T.);
#5476 = ORIENTED_EDGE('',*,*,#5470,.T.);
#5477 = ORIENTED_EDGE('',*,*,#1236,.F.);
#5478 = CYLINDRICAL_SURFACE('',#5479,2.2);
#5479 = AXIS2_PLACEMENT_3D('',#5480,#5481,#5482);
#5480 = CARTESIAN_POINT('',(40.,-139.52,38.));
#5481 = DIRECTION('',(-0.,-1.,0.));
#5482 = DIRECTION('',(1.,0.,0.));
#5483 = ADVANCED_FACE('',(#5484),#5500,.F.);
#5484 = FACE_BOUND('',#5485,.T.);
#5485 = EDGE_LOOP('',(#5486,#5487,#5493,#5494));
#5486 = ORIENTED_EDGE('',*,*,#1267,.F.);
#5487 = ORIENTED_EDGE('',*,*,#5488,.T.);
#5488 = EDGE_CURVE('',#1259,#2502,#5489,.T.);
#5489 = LINE('',#5490,#5491);
#5490 = CARTESIAN_POINT('',(80.324395279254,-139.52,29.425604720746));
#5491 = VECTOR('',#5492,1.);
#5492 = DIRECTION('',(0.,-1.,2.2E-16));
#5493 = ORIENTED_EDGE('',*,*,#2510,.T.);
#5494 = ORIENTED_EDGE('',*,*,#5495,.F.);
#5495 = EDGE_CURVE('',#1248,#2511,#5496,.T.);
#5496 = LINE('',#5497,#5498);
#5497 = CARTESIAN_POINT('',(83.425604720746,-139.52,26.324395279254));
#5498 = VECTOR('',#5499,1.);
#5499 = DIRECTION('',(0.,-1.,2.2E-16));
#5500 = CYLINDRICAL_SURFACE('',#5501,2.2);
#5501 = AXIS2_PLACEMENT_3D('',#5502,#5503,#5504);
#5502 = CARTESIAN_POINT('',(81.75,-139.52,27.75));
#5503 = DIRECTION('',(-0.,-1.,0.));
#5504 = DIRECTION('',(1.,0.,0.));
#5505 = ADVANCED_FACE('',(#5506),#5517,.F.);
#5506 = FACE_BOUND('',#5507,.T.);
#5507 = EDGE_LOOP('',(#5508,#5514,#5515,#5516));
#5508 = ORIENTED_EDGE('',*,*,#5509,.F.);
#5509 = EDGE_CURVE('',#2529,#1277,#5510,.T.);
#5510 = LINE('',#5511,#5512);
#5511 = CARTESIAN_POINT('',(52.2,-139.52,34.));
#5512 = VECTOR('',#5513,1.);
#5513 = DIRECTION('',(0.,1.,0.));
#5514 = ORIENTED_EDGE('',*,*,#2528,.T.);
#5515 = ORIENTED_EDGE('',*,*,#5509,.T.);
#5516 = ORIENTED_EDGE('',*,*,#1276,.F.);
#5517 = CYLINDRICAL_SURFACE('',#5518,2.2);
#5518 = AXIS2_PLACEMENT_3D('',#5519,#5520,#5521);
#5519 = CARTESIAN_POINT('',(50.,-139.52,34.));
#5520 = DIRECTION('',(-0.,-1.,0.));
#5521 = DIRECTION('',(1.,0.,0.));
#5522 = ADVANCED_FACE('',(#5523),#5534,.F.);
#5523 = FACE_BOUND('',#5524,.T.);
#5524 = EDGE_LOOP('',(#5525,#5531,#5532,#5533));
#5525 = ORIENTED_EDGE('',*,*,#5526,.F.);
#5526 = EDGE_CURVE('',#2540,#1288,#5527,.T.);
#5527 = LINE('',#5528,#5529);
#5528 = CARTESIAN_POINT('',(60.2,-139.52,34.));
#5529 = VECTOR('',#5530,1.);
#5530 = DIRECTION('',(0.,1.,0.));
#5531 = ORIENTED_EDGE('',*,*,#2539,.T.);
#5532 = ORIENTED_EDGE('',*,*,#5526,.T.);
#5533 = ORIENTED_EDGE('',*,*,#1287,.F.);
#5534 = CYLINDRICAL_SURFACE('',#5535,2.2);
#5535 = AXIS2_PLACEMENT_3D('',#5536,#5537,#5538);
#5536 = CARTESIAN_POINT('',(58.,-139.52,34.));
#5537 = DIRECTION('',(-0.,-1.,0.));
#5538 = DIRECTION('',(1.,0.,0.));
#5539 = ADVANCED_FACE('',(#5540),#5551,.F.);
#5540 = FACE_BOUND('',#5541,.T.);
#5541 = EDGE_LOOP('',(#5542,#5548,#5549,#5550));
#5542 = ORIENTED_EDGE('',*,*,#5543,.F.);
#5543 = EDGE_CURVE('',#2551,#1299,#5544,.T.);
#5544 = LINE('',#5545,#5546);
#5545 = CARTESIAN_POINT('',(120.2,-139.52,19.));
#5546 = VECTOR('',#5547,1.);
#5547 = DIRECTION('',(0.,1.,0.));
#5548 = ORIENTED_EDGE('',*,*,#2550,.T.);
#5549 = ORIENTED_EDGE('',*,*,#5543,.T.);
#5550 = ORIENTED_EDGE('',*,*,#1298,.F.);
#5551 = CYLINDRICAL_SURFACE('',#5552,2.2);
#5552 = AXIS2_PLACEMENT_3D('',#5553,#5554,#5555);
#5553 = CARTESIAN_POINT('',(118.,-139.52,19.));
#5554 = DIRECTION('',(-0.,-1.,0.));
#5555 = DIRECTION('',(1.,0.,0.));
#5556 = ADVANCED_FACE('',(#5557),#5568,.F.);
#5557 = FACE_BOUND('',#5558,.T.);
#5558 = EDGE_LOOP('',(#5559,#5565,#5566,#5567));
#5559 = ORIENTED_EDGE('',*,*,#5560,.F.);
#5560 = EDGE_CURVE('',#2562,#1310,#5561,.T.);
#5561 = LINE('',#5562,#5563);
#5562 = CARTESIAN_POINT('',(138.2,-139.52,19.));
#5563 = VECTOR('',#5564,1.);
#5564 = DIRECTION('',(0.,1.,0.));
#5565 = ORIENTED_EDGE('',*,*,#2561,.T.);
#5566 = ORIENTED_EDGE('',*,*,#5560,.T.);
#5567 = ORIENTED_EDGE('',*,*,#1309,.F.);
#5568 = CYLINDRICAL_SURFACE('',#5569,2.2);
#5569 = AXIS2_PLACEMENT_3D('',#5570,#5571,#5572);
#5570 = CARTESIAN_POINT('',(136.,-139.52,19.));
#5571 = DIRECTION('',(-0.,-1.,0.));
#5572 = DIRECTION('',(1.,0.,0.));
#5573 = ADVANCED_FACE('',(#5574),#5585,.F.);
#5574 = FACE_BOUND('',#5575,.T.);
#5575 = EDGE_LOOP('',(#5576,#5582,#5583,#5584));
#5576 = ORIENTED_EDGE('',*,*,#5577,.F.);
#5577 = EDGE_CURVE('',#2573,#1321,#5578,.T.);
#5578 = LINE('',#5579,#5580);
#5579 = CARTESIAN_POINT('',(151.2,-139.52,25.));
#5580 = VECTOR('',#5581,1.);
#5581 = DIRECTION('',(0.,1.,0.));
#5582 = ORIENTED_EDGE('',*,*,#2572,.T.);
#5583 = ORIENTED_EDGE('',*,*,#5577,.T.);
#5584 = ORIENTED_EDGE('',*,*,#1320,.F.);
#5585 = CYLINDRICAL_SURFACE('',#5586,2.2);
#5586 = AXIS2_PLACEMENT_3D('',#5587,#5588,#5589);
#5587 = CARTESIAN_POINT('',(149.,-139.52,25.));
#5588 = DIRECTION('',(-0.,-1.,0.));
#5589 = DIRECTION('',(1.,0.,0.));
#5590 = ADVANCED_FACE('',(#5591),#5602,.F.);
#5591 = FACE_BOUND('',#5592,.T.);
#5592 = EDGE_LOOP('',(#5593,#5599,#5600,#5601));
#5593 = ORIENTED_EDGE('',*,*,#5594,.F.);
#5594 = EDGE_CURVE('',#2584,#1332,#5595,.T.);
#5595 = LINE('',#5596,#5597);
#5596 = CARTESIAN_POINT('',(167.2,-139.52,18.));
#5597 = VECTOR('',#5598,1.);
#5598 = DIRECTION('',(0.,1.,0.));
#5599 = ORIENTED_EDGE('',*,*,#2583,.T.);
#5600 = ORIENTED_EDGE('',*,*,#5594,.T.);
#5601 = ORIENTED_EDGE('',*,*,#1331,.F.);
#5602 = CYLINDRICAL_SURFACE('',#5603,2.2);
#5603 = AXIS2_PLACEMENT_3D('',#5604,#5605,#5606);
#5604 = CARTESIAN_POINT('',(165.,-139.52,18.));
#5605 = DIRECTION('',(-0.,-1.,0.));
#5606 = DIRECTION('',(1.,0.,0.));
#5607 = ADVANCED_FACE('',(#5608),#5619,.F.);
#5608 = FACE_BOUND('',#5609,.T.);
#5609 = EDGE_LOOP('',(#5610,#5616,#5617,#5618));
#5610 = ORIENTED_EDGE('',*,*,#5611,.F.);
#5611 = EDGE_CURVE('',#2595,#1343,#5612,.T.);
#5612 = LINE('',#5613,#5614);
#5613 = CARTESIAN_POINT('',(156.2,-139.52,19.));
#5614 = VECTOR('',#5615,1.);
#5615 = DIRECTION('',(0.,1.,0.));
#5616 = ORIENTED_EDGE('',*,*,#2594,.T.);
#5617 = ORIENTED_EDGE('',*,*,#5611,.T.);
#5618 = ORIENTED_EDGE('',*,*,#1342,.F.);
#5619 = CYLINDRICAL_SURFACE('',#5620,2.2);
#5620 = AXIS2_PLACEMENT_3D('',#5621,#5622,#5623);
#5621 = CARTESIAN_POINT('',(154.,-139.52,19.));
#5622 = DIRECTION('',(-0.,-1.,0.));
#5623 = DIRECTION('',(1.,0.,0.));
#5624 = ADVANCED_FACE('',(#5625),#5636,.F.);
#5625 = FACE_BOUND('',#5626,.T.);
#5626 = EDGE_LOOP('',(#5627,#5633,#5634,#5635));
#5627 = ORIENTED_EDGE('',*,*,#5628,.F.);
#5628 = EDGE_CURVE('',#2606,#1354,#5629,.T.);
#5629 = LINE('',#5630,#5631);
#5630 = CARTESIAN_POINT('',(159.2,-139.52,25.));
#5631 = VECTOR('',#5632,1.);
#5632 = DIRECTION('',(0.,1.,0.));
#5633 = ORIENTED_EDGE('',*,*,#2605,.T.);
#5634 = ORIENTED_EDGE('',*,*,#5628,.T.);
#5635 = ORIENTED_EDGE('',*,*,#1353,.F.);
#5636 = CYLINDRICAL_SURFACE('',#5637,2.2);
#5637 = AXIS2_PLACEMENT_3D('',#5638,#5639,#5640);
#5638 = CARTESIAN_POINT('',(157.,-139.52,25.));
#5639 = DIRECTION('',(-0.,-1.,0.));
#5640 = DIRECTION('',(1.,0.,0.));
#5641 = ADVANCED_FACE('',(#5642),#5653,.F.);
#5642 = FACE_BOUND('',#5643,.T.);
#5643 = EDGE_LOOP('',(#5644,#5650,#5651,#5652));
#5644 = ORIENTED_EDGE('',*,*,#5645,.F.);
#5645 = EDGE_CURVE('',#2617,#1365,#5646,.T.);
#5646 = LINE('',#5647,#5648);
#5647 = CARTESIAN_POINT('',(113.2,-139.52,28.));
#5648 = VECTOR('',#5649,1.);
#5649 = DIRECTION('',(0.,1.,0.));
#5650 = ORIENTED_EDGE('',*,*,#2616,.T.);
#5651 = ORIENTED_EDGE('',*,*,#5645,.T.);
#5652 = ORIENTED_EDGE('',*,*,#1364,.F.);
#5653 = CYLINDRICAL_SURFACE('',#5654,2.2);
#5654 = AXIS2_PLACEMENT_3D('',#5655,#5656,#5657);
#5655 = CARTESIAN_POINT('',(111.,-139.52,28.));
#5656 = DIRECTION('',(-0.,-1.,0.));
#5657 = DIRECTION('',(1.,0.,0.));
#5658 = ADVANCED_FACE('',(#5659),#5670,.F.);
#5659 = FACE_BOUND('',#5660,.T.);
#5660 = EDGE_LOOP('',(#5661,#5667,#5668,#5669));
#5661 = ORIENTED_EDGE('',*,*,#5662,.F.);
#5662 = EDGE_CURVE('',#2628,#1376,#5663,.T.);
#5663 = LINE('',#5664,#5665);
#5664 = CARTESIAN_POINT('',(131.95,-139.52,27.75));
#5665 = VECTOR('',#5666,1.);
#5666 = DIRECTION('',(0.,1.,0.));
#5667 = ORIENTED_EDGE('',*,*,#2627,.T.);
#5668 = ORIENTED_EDGE('',*,*,#5662,.T.);
#5669 = ORIENTED_EDGE('',*,*,#1375,.F.);
#5670 = CYLINDRICAL_SURFACE('',#5671,2.2);
#5671 = AXIS2_PLACEMENT_3D('',#5672,#5673,#5674);
#5672 = CARTESIAN_POINT('',(129.75,-139.52,27.75));
#5673 = DIRECTION('',(-0.,-1.,0.));
#5674 = DIRECTION('',(1.,0.,0.));
#5675 = ADVANCED_FACE('',(#5676),#5687,.F.);
#5676 = FACE_BOUND('',#5677,.T.);
#5677 = EDGE_LOOP('',(#5678,#5684,#5685,#5686));
#5678 = ORIENTED_EDGE('',*,*,#5679,.F.);
#5679 = EDGE_CURVE('',#2639,#1387,#5680,.T.);
#5680 = LINE('',#5681,#5682);
#5681 = CARTESIAN_POINT('',(101.95,-139.52,34.));
#5682 = VECTOR('',#5683,1.);
#5683 = DIRECTION('',(0.,1.,0.));
#5684 = ORIENTED_EDGE('',*,*,#2638,.T.);
#5685 = ORIENTED_EDGE('',*,*,#5679,.T.);
#5686 = ORIENTED_EDGE('',*,*,#1386,.F.);
#5687 = CYLINDRICAL_SURFACE('',#5688,2.2);
#5688 = AXIS2_PLACEMENT_3D('',#5689,#5690,#5691);
#5689 = CARTESIAN_POINT('',(99.75,-139.52,34.));
#5690 = DIRECTION('',(-0.,-1.,0.));
#5691 = DIRECTION('',(1.,0.,0.));
#5692 = ADVANCED_FACE('',(#5693),#5704,.F.);
#5693 = FACE_BOUND('',#5694,.T.);
#5694 = EDGE_LOOP('',(#5695,#5701,#5702,#5703));
#5695 = ORIENTED_EDGE('',*,*,#5696,.F.);
#5696 = EDGE_CURVE('',#2870,#1398,#5697,.T.);
#5697 = LINE('',#5698,#5699);
#5698 = CARTESIAN_POINT('',(121.25,-139.52,39.));
#5699 = VECTOR('',#5700,1.);
#5700 = DIRECTION('',(0.,1.,0.));
#5701 = ORIENTED_EDGE('',*,*,#2869,.T.);
#5702 = ORIENTED_EDGE('',*,*,#5696,.T.);
#5703 = ORIENTED_EDGE('',*,*,#1397,.F.);
#5704 = CYLINDRICAL_SURFACE('',#5705,3.25);
#5705 = AXIS2_PLACEMENT_3D('',#5706,#5707,#5708);
#5706 = CARTESIAN_POINT('',(118.,-139.52,39.));
#5707 = DIRECTION('',(-0.,-1.,0.));
#5708 = DIRECTION('',(1.,0.,0.));
#5709 = ADVANCED_FACE('',(#5710),#5721,.F.);
#5710 = FACE_BOUND('',#5711,.T.);
#5711 = EDGE_LOOP('',(#5712,#5718,#5719,#5720));
#5712 = ORIENTED_EDGE('',*,*,#5713,.F.);
#5713 = EDGE_CURVE('',#2881,#1409,#5714,.T.);
#5714 = LINE('',#5715,#5716);
#5715 = CARTESIAN_POINT('',(139.25,-139.52,39.));
#5716 = VECTOR('',#5717,1.);
#5717 = DIRECTION('',(0.,1.,0.));
#5718 = ORIENTED_EDGE('',*,*,#2880,.T.);
#5719 = ORIENTED_EDGE('',*,*,#5713,.T.);
#5720 = ORIENTED_EDGE('',*,*,#1408,.F.);
#5721 = CYLINDRICAL_SURFACE('',#5722,3.25);
#5722 = AXIS2_PLACEMENT_3D('',#5723,#5724,#5725);
#5723 = CARTESIAN_POINT('',(136.,-139.52,39.));
#5724 = DIRECTION('',(-0.,-1.,0.));
#5725 = DIRECTION('',(1.,0.,0.));
#5726 = ADVANCED_FACE('',(#5727),#5738,.F.);
#5727 = FACE_BOUND('',#5728,.T.);
#5728 = EDGE_LOOP('',(#5729,#5735,#5736,#5737));
#5729 = ORIENTED_EDGE('',*,*,#5730,.F.);
#5730 = EDGE_CURVE('',#2650,#1420,#5731,.T.);
#5731 = LINE('',#5732,#5733);
#5732 = CARTESIAN_POINT('',(175.,-139.52,30.));
#5733 = VECTOR('',#5734,1.);
#5734 = DIRECTION('',(0.,1.,0.));
#5735 = ORIENTED_EDGE('',*,*,#2649,.T.);
#5736 = ORIENTED_EDGE('',*,*,#5730,.T.);
#5737 = ORIENTED_EDGE('',*,*,#1419,.F.);
#5738 = CYLINDRICAL_SURFACE('',#5739,5.);
#5739 = AXIS2_PLACEMENT_3D('',#5740,#5741,#5742);
#5740 = CARTESIAN_POINT('',(170.,-139.52,30.));
#5741 = DIRECTION('',(-0.,-1.,0.));
#5742 = DIRECTION('',(1.,0.,0.));
#5743 = ADVANCED_FACE('',(#5744),#5760,.F.);
#5744 = FACE_BOUND('',#5745,.T.);
#5745 = EDGE_LOOP('',(#5746,#5747,#5753,#5754));
#5746 = ORIENTED_EDGE('',*,*,#1450,.F.);
#5747 = ORIENTED_EDGE('',*,*,#5748,.T.);
#5748 = EDGE_CURVE('',#1442,#2663,#5749,.T.);
#5749 = LINE('',#5750,#5751);
#5750 = CARTESIAN_POINT('',(178.46298055796,-139.52,29.831263732439));
#5751 = VECTOR('',#5752,1.);
#5752 = DIRECTION('',(0.,-1.,2.2E-16));
#5753 = ORIENTED_EDGE('',*,*,#2671,.T.);
#5754 = ORIENTED_EDGE('',*,*,#5755,.F.);
#5755 = EDGE_CURVE('',#1431,#2672,#5756,.T.);
#5756 = LINE('',#5757,#5758);
#5757 = CARTESIAN_POINT('',(178.52666686276,-139.52,25.691653920187));
#5758 = VECTOR('',#5759,1.);
#5759 = DIRECTION('',(0.,-1.,2.2E-16));
#5760 = CYLINDRICAL_SURFACE('',#5761,2.2);
#5761 = AXIS2_PLACEMENT_3D('',#5762,#5763,#5764);
#5762 = CARTESIAN_POINT('',(177.75,-139.52,27.75));
#5763 = DIRECTION('',(-0.,-1.,0.));
#5764 = DIRECTION('',(1.,0.,0.));
#5765 = ADVANCED_FACE('',(#5766),#5777,.F.);
#5766 = FACE_BOUND('',#5767,.T.);
#5767 = EDGE_LOOP('',(#5768,#5774,#5775,#5776));
#5768 = ORIENTED_EDGE('',*,*,#5769,.F.);
#5769 = EDGE_CURVE('',#2690,#1460,#5770,.T.);
#5770 = LINE('',#5771,#5772);
#5771 = CARTESIAN_POINT('',(202.25,-139.52,27.8));
#5772 = VECTOR('',#5773,1.);
#5773 = DIRECTION('',(0.,1.,0.));
#5774 = ORIENTED_EDGE('',*,*,#2689,.T.);
#5775 = ORIENTED_EDGE('',*,*,#5769,.T.);
#5776 = ORIENTED_EDGE('',*,*,#1459,.F.);
#5777 = CYLINDRICAL_SURFACE('',#5778,3.25);
#5778 = AXIS2_PLACEMENT_3D('',#5779,#5780,#5781);
#5779 = CARTESIAN_POINT('',(199.,-139.52,27.8));
#5780 = DIRECTION('',(-0.,-1.,0.));
#5781 = DIRECTION('',(1.,0.,0.));
#5782 = ADVANCED_FACE('',(#5783),#5799,.F.);
#5783 = FACE_BOUND('',#5784,.T.);
#5784 = EDGE_LOOP('',(#5785,#5786,#5792,#5793));
#5785 = ORIENTED_EDGE('',*,*,#1470,.F.);
#5786 = ORIENTED_EDGE('',*,*,#5787,.T.);
#5787 = EDGE_CURVE('',#1471,#2712,#5788,.T.);
#5788 = LINE('',#5789,#5790);
#5789 = CARTESIAN_POINT('',(153.63088235294,-139.52,36.111088188376));
#5790 = VECTOR('',#5791,1.);
#5791 = DIRECTION('',(0.,-1.,2.2E-16));
#5792 = ORIENTED_EDGE('',*,*,#2720,.T.);
#5793 = ORIENTED_EDGE('',*,*,#5794,.F.);
#5794 = EDGE_CURVE('',#1473,#2701,#5795,.T.);
#5795 = LINE('',#5796,#5797);
#5796 = CARTESIAN_POINT('',(153.63088235294,-139.52,31.888911811624));
#5797 = VECTOR('',#5798,1.);
#5798 = DIRECTION('',(0.,-1.,2.2E-16));
#5799 = CYLINDRICAL_SURFACE('',#5800,4.2);
#5800 = AXIS2_PLACEMENT_3D('',#5801,#5802,#5803);
#5801 = CARTESIAN_POINT('',(150.,-139.52,34.));
#5802 = DIRECTION('',(-0.,-1.,0.));
#5803 = DIRECTION('',(1.,0.,0.));
#5804 = ADVANCED_FACE('',(#5805),#5816,.F.);
#5805 = FACE_BOUND('',#5806,.T.);
#5806 = EDGE_LOOP('',(#5807,#5813,#5814,#5815));
#5807 = ORIENTED_EDGE('',*,*,#5808,.F.);
#5808 = EDGE_CURVE('',#2730,#1500,#5809,.T.);
#5809 = LINE('',#5810,#5811);
#5810 = CARTESIAN_POINT('',(198.,-139.52,36.8));
#5811 = VECTOR('',#5812,1.);
#5812 = DIRECTION('',(0.,1.,0.));
#5813 = ORIENTED_EDGE('',*,*,#2729,.T.);
#5814 = ORIENTED_EDGE('',*,*,#5808,.T.);
#5815 = ORIENTED_EDGE('',*,*,#1499,.F.);
#5816 = CYLINDRICAL_SURFACE('',#5817,8.);
#5817 = AXIS2_PLACEMENT_3D('',#5818,#5819,#5820);
#5818 = CARTESIAN_POINT('',(190.,-139.52,36.8));
#5819 = DIRECTION('',(-0.,-1.,0.));
#5820 = DIRECTION('',(1.,0.,0.));
#5821 = ADVANCED_FACE('',(#5822),#5833,.F.);
#5822 = FACE_BOUND('',#5823,.T.);
#5823 = EDGE_LOOP('',(#5824,#5830,#5831,#5832));
#5824 = ORIENTED_EDGE('',*,*,#5825,.F.);
#5825 = EDGE_CURVE('',#2741,#1511,#5826,.T.);
#5826 = LINE('',#5827,#5828);
#5827 = CARTESIAN_POINT('',(35.95,-139.52,43.75));
#5828 = VECTOR('',#5829,1.);
#5829 = DIRECTION('',(0.,1.,0.));
#5830 = ORIENTED_EDGE('',*,*,#2740,.T.);
#5831 = ORIENTED_EDGE('',*,*,#5825,.T.);
#5832 = ORIENTED_EDGE('',*,*,#1510,.F.);
#5833 = CYLINDRICAL_SURFACE('',#5834,2.2);
#5834 = AXIS2_PLACEMENT_3D('',#5835,#5836,#5837);
#5835 = CARTESIAN_POINT('',(33.75,-139.52,43.75));
#5836 = DIRECTION('',(-0.,-1.,0.));
#5837 = DIRECTION('',(1.,0.,0.));
#5838 = ADVANCED_FACE('',(#5839),#5850,.F.);
#5839 = FACE_BOUND('',#5840,.T.);
#5840 = EDGE_LOOP('',(#5841,#5847,#5848,#5849));
#5841 = ORIENTED_EDGE('',*,*,#5842,.F.);
#5842 = EDGE_CURVE('',#2752,#1522,#5843,.T.);
#5843 = LINE('',#5844,#5845);
#5844 = CARTESIAN_POINT('',(48.2,-139.52,46.));
#5845 = VECTOR('',#5846,1.);
#5846 = DIRECTION('',(0.,1.,0.));
#5847 = ORIENTED_EDGE('',*,*,#2751,.T.);
#5848 = ORIENTED_EDGE('',*,*,#5842,.T.);
#5849 = ORIENTED_EDGE('',*,*,#1521,.F.);
#5850 = CYLINDRICAL_SURFACE('',#5851,2.2);
#5851 = AXIS2_PLACEMENT_3D('',#5852,#5853,#5854);
#5852 = CARTESIAN_POINT('',(46.,-139.52,46.));
#5853 = DIRECTION('',(-0.,-1.,0.));
#5854 = DIRECTION('',(1.,0.,0.));
#5855 = ADVANCED_FACE('',(#5856),#5872,.F.);
#5856 = FACE_BOUND('',#5857,.T.);
#5857 = EDGE_LOOP('',(#5858,#5864,#5865,#5871));
#5858 = ORIENTED_EDGE('',*,*,#5859,.T.);
#5859 = EDGE_CURVE('',#1571,#2792,#5860,.T.);
#5860 = LINE('',#5861,#5862);
#5861 = CARTESIAN_POINT('',(71.361499627865,-139.52,36.482000744269));
#5862 = VECTOR('',#5863,1.);
#5863 = DIRECTION('',(0.,-1.,2.2E-16));
#5864 = ORIENTED_EDGE('',*,*,#2800,.T.);
#5865 = ORIENTED_EDGE('',*,*,#5866,.F.);
#5866 = EDGE_CURVE('',#1580,#2801,#5867,.T.);
#5867 = LINE('',#5868,#5869);
#5868 = CARTESIAN_POINT('',(80.638500372135,-139.52,36.482000744269));
#5869 = VECTOR('',#5870,1.);
#5870 = DIRECTION('',(0.,-1.,2.2E-16));
#5871 = ORIENTED_EDGE('',*,*,#1579,.F.);
#5872 = CYLINDRICAL_SURFACE('',#5873,8.);
#5873 = AXIS2_PLACEMENT_3D('',#5874,#5875,#5876);
#5874 = CARTESIAN_POINT('',(76.,-139.52,43.));
#5875 = DIRECTION('',(-0.,-1.,0.));
#5876 = DIRECTION('',(1.,0.,0.));
#5877 = ADVANCED_FACE('',(#5878),#5889,.F.);
#5878 = FACE_BOUND('',#5879,.T.);
#5879 = EDGE_LOOP('',(#5880,#5886,#5887,#5888));
#5880 = ORIENTED_EDGE('',*,*,#5881,.T.);
#5881 = EDGE_CURVE('',#1562,#2783,#5882,.T.);
#5882 = LINE('',#5883,#5884);
#5883 = CARTESIAN_POINT('',(66.719375152513,-139.52,43.));
#5884 = VECTOR('',#5885,1.);
#5885 = DIRECTION('',(0.,-1.,2.2E-16));
#5886 = ORIENTED_EDGE('',*,*,#2791,.T.);
#5887 = ORIENTED_EDGE('',*,*,#5859,.F.);
#5888 = ORIENTED_EDGE('',*,*,#1570,.F.);
#5889 = CYLINDRICAL_SURFACE('',#5890,4.2);
#5890 = AXIS2_PLACEMENT_3D('',#5891,#5892,#5893);
#5891 = CARTESIAN_POINT('',(68.,-139.52,39.));
#5892 = DIRECTION('',(-0.,-1.,0.));
#5893 = DIRECTION('',(1.,0.,0.));
#5894 = ADVANCED_FACE('',(#5895),#5906,.F.);
#5895 = FACE_BOUND('',#5896,.T.);
#5896 = EDGE_LOOP('',(#5897,#5898,#5904,#5905));
#5897 = ORIENTED_EDGE('',*,*,#1561,.F.);
#5898 = ORIENTED_EDGE('',*,*,#5899,.T.);
#5899 = EDGE_CURVE('',#1553,#2774,#5900,.T.);
#5900 = LINE('',#5901,#5902);
#5901 = CARTESIAN_POINT('',(71.361499627865,-139.52,49.517999255731));
#5902 = VECTOR('',#5903,1.);
#5903 = DIRECTION('',(0.,-1.,2.2E-16));
#5904 = ORIENTED_EDGE('',*,*,#2782,.T.);
#5905 = ORIENTED_EDGE('',*,*,#5881,.F.);
#5906 = CYLINDRICAL_SURFACE('',#5907,4.2);
#5907 = AXIS2_PLACEMENT_3D('',#5908,#5909,#5910);
#5908 = CARTESIAN_POINT('',(68.,-139.52,47.));
#5909 = DIRECTION('',(-0.,-1.,0.));
#5910 = DIRECTION('',(1.,0.,0.));
#5911 = ADVANCED_FACE('',(#5912),#5923,.F.);
#5912 = FACE_BOUND('',#5913,.T.);
#5913 = EDGE_LOOP('',(#5914,#5915,#5921,#5922));
#5914 = ORIENTED_EDGE('',*,*,#1552,.F.);
#5915 = ORIENTED_EDGE('',*,*,#5916,.T.);
#5916 = EDGE_CURVE('',#1544,#2765,#5917,.T.);
#5917 = LINE('',#5918,#5919);
#5918 = CARTESIAN_POINT('',(80.638500372135,-139.52,49.517999255731));
#5919 = VECTOR('',#5920,1.);
#5920 = DIRECTION('',(0.,-1.,2.2E-16));
#5921 = ORIENTED_EDGE('',*,*,#2773,.T.);
#5922 = ORIENTED_EDGE('',*,*,#5899,.F.);
#5923 = CYLINDRICAL_SURFACE('',#5924,8.);
#5924 = AXIS2_PLACEMENT_3D('',#5925,#5926,#5927);
#5925 = CARTESIAN_POINT('',(76.,-139.52,43.));
#5926 = DIRECTION('',(-0.,-1.,0.));
#5927 = DIRECTION('',(1.,0.,0.));
#5928 = ADVANCED_FACE('',(#5929),#5940,.F.);
#5929 = FACE_BOUND('',#5930,.T.);
#5930 = EDGE_LOOP('',(#5931,#5937,#5938,#5939));
#5931 = ORIENTED_EDGE('',*,*,#5932,.F.);
#5932 = EDGE_CURVE('',#2837,#1607,#5933,.T.);
#5933 = LINE('',#5934,#5935);
#5934 = CARTESIAN_POINT('',(42.2,-139.52,56.));
#5935 = VECTOR('',#5936,1.);
#5936 = DIRECTION('',(0.,1.,0.));
#5937 = ORIENTED_EDGE('',*,*,#2836,.T.);
#5938 = ORIENTED_EDGE('',*,*,#5932,.T.);
#5939 = ORIENTED_EDGE('',*,*,#1606,.F.);
#5940 = CYLINDRICAL_SURFACE('',#5941,2.2);
#5941 = AXIS2_PLACEMENT_3D('',#5942,#5943,#5944);
#5942 = CARTESIAN_POINT('',(40.,-139.52,56.));
#5943 = DIRECTION('',(-0.,-1.,0.));
#5944 = DIRECTION('',(1.,0.,0.));
#5945 = ADVANCED_FACE('',(#5946),#5957,.F.);
#5946 = FACE_BOUND('',#5947,.T.);
#5947 = EDGE_LOOP('',(#5948,#5954,#5955,#5956));
#5948 = ORIENTED_EDGE('',*,*,#5949,.F.);
#5949 = EDGE_CURVE('',#2848,#1618,#5950,.T.);
#5950 = LINE('',#5951,#5952);
#5951 = CARTESIAN_POINT('',(60.2,-139.52,52.));
#5952 = VECTOR('',#5953,1.);
#5953 = DIRECTION('',(0.,1.,0.));
#5954 = ORIENTED_EDGE('',*,*,#2847,.T.);
#5955 = ORIENTED_EDGE('',*,*,#5949,.T.);
#5956 = ORIENTED_EDGE('',*,*,#1617,.F.);
#5957 = CYLINDRICAL_SURFACE('',#5958,2.2);
#5958 = AXIS2_PLACEMENT_3D('',#5959,#5960,#5961);
#5959 = CARTESIAN_POINT('',(58.,-139.52,52.));
#5960 = DIRECTION('',(-0.,-1.,0.));
#5961 = DIRECTION('',(1.,0.,0.));
#5962 = ADVANCED_FACE('',(#5963),#5974,.F.);
#5963 = FACE_BOUND('',#5964,.T.);
#5964 = EDGE_LOOP('',(#5965,#5971,#5972,#5973));
#5965 = ORIENTED_EDGE('',*,*,#5966,.F.);
#5966 = EDGE_CURVE('',#2859,#1629,#5967,.T.);
#5967 = LINE('',#5968,#5969);
#5968 = CARTESIAN_POINT('',(52.2,-139.52,56.));
#5969 = VECTOR('',#5970,1.);
#5970 = DIRECTION('',(0.,1.,0.));
#5971 = ORIENTED_EDGE('',*,*,#2858,.T.);
#5972 = ORIENTED_EDGE('',*,*,#5966,.T.);
#5973 = ORIENTED_EDGE('',*,*,#1628,.F.);
#5974 = CYLINDRICAL_SURFACE('',#5975,2.2);
#5975 = AXIS2_PLACEMENT_3D('',#5976,#5977,#5978);
#5976 = CARTESIAN_POINT('',(50.,-139.52,56.));
#5977 = DIRECTION('',(-0.,-1.,0.));
#5978 = DIRECTION('',(1.,0.,0.));
#5979 = ADVANCED_FACE('',(#5980),#6001,.F.);
#5980 = FACE_BOUND('',#5981,.T.);
#5981 = EDGE_LOOP('',(#5982,#5983,#5984,#5990,#5991,#5992,#5993,#5994));
#5982 = ORIENTED_EDGE('',*,*,#3148,.F.);
#5983 = ORIENTED_EDGE('',*,*,#1940,.T.);
#5984 = ORIENTED_EDGE('',*,*,#5985,.T.);
#5985 = EDGE_CURVE('',#1941,#1640,#5986,.T.);
#5986 = LINE('',#5987,#5988);
#5987 = CARTESIAN_POINT('',(64.2,-139.52,60.));
#5988 = VECTOR('',#5989,1.);
#5989 = DIRECTION('',(0.,1.,0.));
#5990 = ORIENTED_EDGE('',*,*,#1639,.F.);
#5991 = ORIENTED_EDGE('',*,*,#5985,.F.);
#5992 = ORIENTED_EDGE('',*,*,#1949,.T.);
#5993 = ORIENTED_EDGE('',*,*,#3132,.T.);
#5994 = ORIENTED_EDGE('',*,*,#5995,.F.);
#5995 = EDGE_CURVE('',#3141,#3133,#5996,.T.);
#5996 = CIRCLE('',#5997,2.2);
#5997 = AXIS2_PLACEMENT_3D('',#5998,#5999,#6000);
#5998 = CARTESIAN_POINT('',(62.,-139.52,60.));
#5999 = DIRECTION('',(-0.,1.,0.));
#6000 = DIRECTION('',(1.,0.,0.));
#6001 = CYLINDRICAL_SURFACE('',#6002,2.2);
#6002 = AXIS2_PLACEMENT_3D('',#6003,#6004,#6005);
#6003 = CARTESIAN_POINT('',(62.,-139.52,60.));
#6004 = DIRECTION('',(-0.,-1.,0.));
#6005 = DIRECTION('',(1.,0.,0.));
#6006 = ADVANCED_FACE('',(#6007),#6018,.F.);
#6007 = FACE_BOUND('',#6008,.T.);
#6008 = EDGE_LOOP('',(#6009,#6015,#6016,#6017));
#6009 = ORIENTED_EDGE('',*,*,#6010,.F.);
#6010 = EDGE_CURVE('',#2930,#1689,#6011,.T.);
#6011 = LINE('',#6012,#6013);
#6012 = CARTESIAN_POINT('',(135.,-139.52,48.));
#6013 = VECTOR('',#6014,1.);
#6014 = DIRECTION('',(0.,1.,0.));
#6015 = ORIENTED_EDGE('',*,*,#2929,.T.);
#6016 = ORIENTED_EDGE('',*,*,#6010,.T.);
#6017 = ORIENTED_EDGE('',*,*,#1688,.F.);
#6018 = CYLINDRICAL_SURFACE('',#6019,8.);
#6019 = AXIS2_PLACEMENT_3D('',#6020,#6021,#6022);
#6020 = CARTESIAN_POINT('',(127.,-139.52,48.));
#6021 = DIRECTION('',(-0.,-1.,0.));
#6022 = DIRECTION('',(1.,0.,0.));
#6023 = ADVANCED_FACE('',(#6024),#6040,.F.);
#6024 = FACE_BOUND('',#6025,.T.);
#6025 = EDGE_LOOP('',(#6026,#6027,#6033,#6034));
#6026 = ORIENTED_EDGE('',*,*,#1757,.F.);
#6027 = ORIENTED_EDGE('',*,*,#6028,.T.);
#6028 = EDGE_CURVE('',#1749,#2981,#6029,.T.);
#6029 = LINE('',#6030,#6031);
#6030 = CARTESIAN_POINT('',(177.7534632579,-139.52,45.949997274054));
#6031 = VECTOR('',#6032,1.);
#6032 = DIRECTION('',(0.,-1.,2.2E-16));
#6033 = ORIENTED_EDGE('',*,*,#2989,.T.);
#6034 = ORIENTED_EDGE('',*,*,#6035,.F.);
#6035 = EDGE_CURVE('',#1738,#2990,#6036,.T.);
#6036 = LINE('',#6037,#6038);
#6037 = CARTESIAN_POINT('',(179.73692786976,-139.52,42.805480206474));
#6038 = VECTOR('',#6039,1.);
#6039 = DIRECTION('',(0.,-1.,2.2E-16));
#6040 = CYLINDRICAL_SURFACE('',#6041,2.2);
#6041 = AXIS2_PLACEMENT_3D('',#6042,#6043,#6044);
#6042 = CARTESIAN_POINT('',(177.75,-139.52,43.75));
#6043 = DIRECTION('',(-0.,-1.,0.));
#6044 = DIRECTION('',(1.,0.,0.));
#6045 = ADVANCED_FACE('',(#6046),#6057,.F.);
#6046 = FACE_BOUND('',#6047,.T.);
#6047 = EDGE_LOOP('',(#6048,#6054,#6055,#6056));
#6048 = ORIENTED_EDGE('',*,*,#6049,.F.);
#6049 = EDGE_CURVE('',#3008,#1767,#6050,.T.);
#6050 = LINE('',#6051,#6052);
#6051 = CARTESIAN_POINT('',(202.25,-139.52,45.8));
#6052 = VECTOR('',#6053,1.);
#6053 = DIRECTION('',(0.,1.,0.));
#6054 = ORIENTED_EDGE('',*,*,#3007,.T.);
#6055 = ORIENTED_EDGE('',*,*,#6049,.T.);
#6056 = ORIENTED_EDGE('',*,*,#1766,.F.);
#6057 = CYLINDRICAL_SURFACE('',#6058,3.25);
#6058 = AXIS2_PLACEMENT_3D('',#6059,#6060,#6061);
#6059 = CARTESIAN_POINT('',(199.,-139.52,45.8));
#6060 = DIRECTION('',(-0.,-1.,0.));
#6061 = DIRECTION('',(1.,0.,0.));
#6062 = ADVANCED_FACE('',(#6063),#6074,.F.);
#6063 = FACE_BOUND('',#6064,.T.);
#6064 = EDGE_LOOP('',(#6065,#6071,#6072,#6073));
#6065 = ORIENTED_EDGE('',*,*,#6066,.F.);
#6066 = EDGE_CURVE('',#3019,#1778,#6067,.T.);
#6067 = LINE('',#6068,#6069);
#6068 = CARTESIAN_POINT('',(121.25,-139.52,57.));
#6069 = VECTOR('',#6070,1.);
#6070 = DIRECTION('',(0.,1.,0.));
#6071 = ORIENTED_EDGE('',*,*,#3018,.T.);
#6072 = ORIENTED_EDGE('',*,*,#6066,.T.);
#6073 = ORIENTED_EDGE('',*,*,#1777,.F.);
#6074 = CYLINDRICAL_SURFACE('',#6075,3.25);
#6075 = AXIS2_PLACEMENT_3D('',#6076,#6077,#6078);
#6076 = CARTESIAN_POINT('',(118.,-139.52,57.));
#6077 = DIRECTION('',(-0.,-1.,0.));
#6078 = DIRECTION('',(1.,0.,0.));
#6079 = ADVANCED_FACE('',(#6080),#6091,.F.);
#6080 = FACE_BOUND('',#6081,.T.);
#6081 = EDGE_LOOP('',(#6082,#6088,#6089,#6090));
#6082 = ORIENTED_EDGE('',*,*,#6083,.F.);
#6083 = EDGE_CURVE('',#3030,#1789,#6084,.T.);
#6084 = LINE('',#6085,#6086);
#6085 = CARTESIAN_POINT('',(139.25,-139.52,57.));
#6086 = VECTOR('',#6087,1.);
#6087 = DIRECTION('',(0.,1.,0.));
#6088 = ORIENTED_EDGE('',*,*,#3029,.T.);
#6089 = ORIENTED_EDGE('',*,*,#6083,.T.);
#6090 = ORIENTED_EDGE('',*,*,#1788,.F.);
#6091 = CYLINDRICAL_SURFACE('',#6092,3.25);
#6092 = AXIS2_PLACEMENT_3D('',#6093,#6094,#6095);
#6093 = CARTESIAN_POINT('',(136.,-139.52,57.));
#6094 = DIRECTION('',(-0.,-1.,0.));
#6095 = DIRECTION('',(1.,0.,0.));
#6096 = ADVANCED_FACE('',(#6097),#6101,.T.);
#6097 = FACE_BOUND('',#6098,.T.);
#6098 = EDGE_LOOP('',(#6099,#6100));
#6099 = ORIENTED_EDGE('',*,*,#3140,.T.);
#6100 = ORIENTED_EDGE('',*,*,#5995,.T.);
#6101 = PLANE('',#6102);
#6102 = AXIS2_PLACEMENT_3D('',#6103,#6104,#6105);
#6103 = CARTESIAN_POINT('',(62.,-139.52,60.));
#6104 = DIRECTION('',(0.,1.,0.));
#6105 = DIRECTION('',(1.,0.,0.));
#6106 = ADVANCED_FACE('',(#6107),#6118,.F.);
#6107 = FACE_BOUND('',#6108,.T.);
#6108 = EDGE_LOOP('',(#6109,#6110,#6116,#6117));
#6109 = ORIENTED_EDGE('',*,*,#3922,.T.);
#6110 = ORIENTED_EDGE('',*,*,#6111,.T.);
#6111 = EDGE_CURVE('',#3923,#3519,#6112,.T.);
#6112 = LINE('',#6113,#6114);
#6113 = CARTESIAN_POINT('',(-204.05,-185.02,27.75));
#6114 = VECTOR('',#6115,1.);
#6115 = DIRECTION('',(0.,1.,0.));
#6116 = ORIENTED_EDGE('',*,*,#3518,.F.);
#6117 = ORIENTED_EDGE('',*,*,#6111,.F.);
#6118 = CYLINDRICAL_SURFACE('',#6119,2.2);
#6119 = AXIS2_PLACEMENT_3D('',#6120,#6121,#6122);
#6120 = CARTESIAN_POINT('',(-206.25,-185.02,27.75));
#6121 = DIRECTION('',(-0.,-1.,0.));
#6122 = DIRECTION('',(1.,0.,0.));
#6123 = ADVANCED_FACE('',(#6124),#6135,.F.);
#6124 = FACE_BOUND('',#6125,.T.);
#6125 = EDGE_LOOP('',(#6126,#6127,#6133,#6134));
#6126 = ORIENTED_EDGE('',*,*,#3933,.T.);
#6127 = ORIENTED_EDGE('',*,*,#6128,.T.);
#6128 = EDGE_CURVE('',#3934,#3530,#6129,.T.);
#6129 = LINE('',#6130,#6131);
#6130 = CARTESIAN_POINT('',(-156.05,-185.02,27.75));
#6131 = VECTOR('',#6132,1.);
#6132 = DIRECTION('',(0.,1.,0.));
#6133 = ORIENTED_EDGE('',*,*,#3529,.F.);
#6134 = ORIENTED_EDGE('',*,*,#6128,.F.);
#6135 = CYLINDRICAL_SURFACE('',#6136,2.2);
#6136 = AXIS2_PLACEMENT_3D('',#6137,#6138,#6139);
#6137 = CARTESIAN_POINT('',(-158.25,-185.02,27.75));
#6138 = DIRECTION('',(-0.,-1.,0.));
#6139 = DIRECTION('',(1.,0.,0.));
#6140 = ADVANCED_FACE('',(#6141),#6152,.F.);
#6141 = FACE_BOUND('',#6142,.T.);
#6142 = EDGE_LOOP('',(#6143,#6144,#6150,#6151));
#6143 = ORIENTED_EDGE('',*,*,#3944,.T.);
#6144 = ORIENTED_EDGE('',*,*,#6145,.T.);
#6145 = EDGE_CURVE('',#3945,#3541,#6146,.T.);
#6146 = LINE('',#6147,#6148);
#6147 = CARTESIAN_POINT('',(-108.05,-185.02,27.75));
#6148 = VECTOR('',#6149,1.);
#6149 = DIRECTION('',(0.,1.,0.));
#6150 = ORIENTED_EDGE('',*,*,#3540,.F.);
#6151 = ORIENTED_EDGE('',*,*,#6145,.F.);
#6152 = CYLINDRICAL_SURFACE('',#6153,2.2);
#6153 = AXIS2_PLACEMENT_3D('',#6154,#6155,#6156);
#6154 = CARTESIAN_POINT('',(-110.25,-185.02,27.75));
#6155 = DIRECTION('',(-0.,-1.,0.));
#6156 = DIRECTION('',(1.,0.,0.));
#6157 = ADVANCED_FACE('',(#6158),#6169,.F.);
#6158 = FACE_BOUND('',#6159,.T.);
#6159 = EDGE_LOOP('',(#6160,#6161,#6167,#6168));
#6160 = ORIENTED_EDGE('',*,*,#3955,.T.);
#6161 = ORIENTED_EDGE('',*,*,#6162,.T.);
#6162 = EDGE_CURVE('',#3956,#3552,#6163,.T.);
#6163 = LINE('',#6164,#6165);
#6164 = CARTESIAN_POINT('',(-132.75,-185.02,39.));
#6165 = VECTOR('',#6166,1.);
#6166 = DIRECTION('',(0.,1.,0.));
#6167 = ORIENTED_EDGE('',*,*,#3551,.F.);
#6168 = ORIENTED_EDGE('',*,*,#6162,.F.);
#6169 = CYLINDRICAL_SURFACE('',#6170,3.25);
#6170 = AXIS2_PLACEMENT_3D('',#6171,#6172,#6173);
#6171 = CARTESIAN_POINT('',(-136.,-185.02,39.));
#6172 = DIRECTION('',(-0.,-1.,0.));
#6173 = DIRECTION('',(1.,0.,0.));
#6174 = ADVANCED_FACE('',(#6175),#6186,.F.);
#6175 = FACE_BOUND('',#6176,.T.);
#6176 = EDGE_LOOP('',(#6177,#6178,#6184,#6185));
#6177 = ORIENTED_EDGE('',*,*,#3966,.T.);
#6178 = ORIENTED_EDGE('',*,*,#6179,.T.);
#6179 = EDGE_CURVE('',#3967,#3563,#6180,.T.);
#6180 = LINE('',#6181,#6182);
#6181 = CARTESIAN_POINT('',(-114.75,-185.02,39.));
#6182 = VECTOR('',#6183,1.);
#6183 = DIRECTION('',(0.,1.,0.));
#6184 = ORIENTED_EDGE('',*,*,#3562,.F.);
#6185 = ORIENTED_EDGE('',*,*,#6179,.F.);
#6186 = CYLINDRICAL_SURFACE('',#6187,3.25);
#6187 = AXIS2_PLACEMENT_3D('',#6188,#6189,#6190);
#6188 = CARTESIAN_POINT('',(-118.,-185.02,39.));
#6189 = DIRECTION('',(-0.,-1.,0.));
#6190 = DIRECTION('',(1.,0.,0.));
#6191 = ADVANCED_FACE('',(#6192),#6203,.F.);
#6192 = FACE_BOUND('',#6193,.T.);
#6193 = EDGE_LOOP('',(#6194,#6195,#6201,#6202));
#6194 = ORIENTED_EDGE('',*,*,#3977,.T.);
#6195 = ORIENTED_EDGE('',*,*,#6196,.T.);
#6196 = EDGE_CURVE('',#3978,#3574,#6197,.T.);
#6197 = LINE('',#6198,#6199);
#6198 = CARTESIAN_POINT('',(-60.05,-185.02,27.75));
#6199 = VECTOR('',#6200,1.);
#6200 = DIRECTION('',(0.,1.,0.));
#6201 = ORIENTED_EDGE('',*,*,#3573,.F.);
#6202 = ORIENTED_EDGE('',*,*,#6196,.F.);
#6203 = CYLINDRICAL_SURFACE('',#6204,2.2);
#6204 = AXIS2_PLACEMENT_3D('',#6205,#6206,#6207);
#6205 = CARTESIAN_POINT('',(-62.25,-185.02,27.75));
#6206 = DIRECTION('',(-0.,-1.,0.));
#6207 = DIRECTION('',(1.,0.,0.));
#6208 = ADVANCED_FACE('',(#6209),#6220,.F.);
#6209 = FACE_BOUND('',#6210,.T.);
#6210 = EDGE_LOOP('',(#6211,#6212,#6218,#6219));
#6211 = ORIENTED_EDGE('',*,*,#3988,.T.);
#6212 = ORIENTED_EDGE('',*,*,#6213,.T.);
#6213 = EDGE_CURVE('',#3989,#3585,#6214,.T.);
#6214 = LINE('',#6215,#6216);
#6215 = CARTESIAN_POINT('',(-22.8,-185.02,25.75));
#6216 = VECTOR('',#6217,1.);
#6217 = DIRECTION('',(0.,1.,0.));
#6218 = ORIENTED_EDGE('',*,*,#3584,.F.);
#6219 = ORIENTED_EDGE('',*,*,#6213,.F.);
#6220 = CYLINDRICAL_SURFACE('',#6221,2.2);
#6221 = AXIS2_PLACEMENT_3D('',#6222,#6223,#6224);
#6222 = CARTESIAN_POINT('',(-25.,-185.02,25.75));
#6223 = DIRECTION('',(-0.,-1.,0.));
#6224 = DIRECTION('',(1.,0.,0.));
#6225 = ADVANCED_FACE('',(#6226),#6237,.F.);
#6226 = FACE_BOUND('',#6227,.T.);
#6227 = EDGE_LOOP('',(#6228,#6229,#6235,#6236));
#6228 = ORIENTED_EDGE('',*,*,#3999,.T.);
#6229 = ORIENTED_EDGE('',*,*,#6230,.T.);
#6230 = EDGE_CURVE('',#4000,#3596,#6231,.T.);
#6231 = LINE('',#6232,#6233);
#6232 = CARTESIAN_POINT('',(-12.05,-185.02,27.75));
#6233 = VECTOR('',#6234,1.);
#6234 = DIRECTION('',(0.,1.,0.));
#6235 = ORIENTED_EDGE('',*,*,#3595,.F.);
#6236 = ORIENTED_EDGE('',*,*,#6230,.F.);
#6237 = CYLINDRICAL_SURFACE('',#6238,2.2);
#6238 = AXIS2_PLACEMENT_3D('',#6239,#6240,#6241);
#6239 = CARTESIAN_POINT('',(-14.25,-185.02,27.75));
#6240 = DIRECTION('',(-0.,-1.,0.));
#6241 = DIRECTION('',(1.,0.,0.));
#6242 = ADVANCED_FACE('',(#6243),#6254,.F.);
#6243 = FACE_BOUND('',#6244,.T.);
#6244 = EDGE_LOOP('',(#6245,#6246,#6252,#6253));
#6245 = ORIENTED_EDGE('',*,*,#4010,.T.);
#6246 = ORIENTED_EDGE('',*,*,#6247,.T.);
#6247 = EDGE_CURVE('',#4011,#3607,#6248,.T.);
#6248 = LINE('',#6249,#6250);
#6249 = CARTESIAN_POINT('',(-204.05,-185.02,43.75));
#6250 = VECTOR('',#6251,1.);
#6251 = DIRECTION('',(0.,1.,0.));
#6252 = ORIENTED_EDGE('',*,*,#3606,.F.);
#6253 = ORIENTED_EDGE('',*,*,#6247,.F.);
#6254 = CYLINDRICAL_SURFACE('',#6255,2.2);
#6255 = AXIS2_PLACEMENT_3D('',#6256,#6257,#6258);
#6256 = CARTESIAN_POINT('',(-206.25,-185.02,43.75));
#6257 = DIRECTION('',(-0.,-1.,0.));
#6258 = DIRECTION('',(1.,0.,0.));
#6259 = ADVANCED_FACE('',(#6260),#6271,.F.);
#6260 = FACE_BOUND('',#6261,.T.);
#6261 = EDGE_LOOP('',(#6262,#6263,#6269,#6270));
#6262 = ORIENTED_EDGE('',*,*,#4021,.T.);
#6263 = ORIENTED_EDGE('',*,*,#6264,.T.);
#6264 = EDGE_CURVE('',#4022,#3618,#6265,.T.);
#6265 = LINE('',#6266,#6267);
#6266 = CARTESIAN_POINT('',(-156.05,-185.02,43.75));
#6267 = VECTOR('',#6268,1.);
#6268 = DIRECTION('',(0.,1.,0.));
#6269 = ORIENTED_EDGE('',*,*,#3617,.F.);
#6270 = ORIENTED_EDGE('',*,*,#6264,.F.);
#6271 = CYLINDRICAL_SURFACE('',#6272,2.2);
#6272 = AXIS2_PLACEMENT_3D('',#6273,#6274,#6275);
#6273 = CARTESIAN_POINT('',(-158.25,-185.02,43.75));
#6274 = DIRECTION('',(-0.,-1.,0.));
#6275 = DIRECTION('',(1.,0.,0.));
#6276 = ADVANCED_FACE('',(#6277),#6288,.F.);
#6277 = FACE_BOUND('',#6278,.T.);
#6278 = EDGE_LOOP('',(#6279,#6280,#6286,#6287));
#6279 = ORIENTED_EDGE('',*,*,#4032,.T.);
#6280 = ORIENTED_EDGE('',*,*,#6281,.T.);
#6281 = EDGE_CURVE('',#4033,#3629,#6282,.T.);
#6282 = LINE('',#6283,#6284);
#6283 = CARTESIAN_POINT('',(-108.05,-185.02,43.75));
#6284 = VECTOR('',#6285,1.);
#6285 = DIRECTION('',(0.,1.,0.));
#6286 = ORIENTED_EDGE('',*,*,#3628,.F.);
#6287 = ORIENTED_EDGE('',*,*,#6281,.F.);
#6288 = CYLINDRICAL_SURFACE('',#6289,2.2);
#6289 = AXIS2_PLACEMENT_3D('',#6290,#6291,#6292);
#6290 = CARTESIAN_POINT('',(-110.25,-185.02,43.75));
#6291 = DIRECTION('',(-0.,-1.,0.));
#6292 = DIRECTION('',(1.,0.,0.));
#6293 = ADVANCED_FACE('',(#6294),#6305,.F.);
#6294 = FACE_BOUND('',#6295,.T.);
#6295 = EDGE_LOOP('',(#6296,#6297,#6303,#6304));
#6296 = ORIENTED_EDGE('',*,*,#4043,.T.);
#6297 = ORIENTED_EDGE('',*,*,#6298,.T.);
#6298 = EDGE_CURVE('',#4044,#3640,#6299,.T.);
#6299 = LINE('',#6300,#6301);
#6300 = CARTESIAN_POINT('',(-119.,-185.02,48.));
#6301 = VECTOR('',#6302,1.);
#6302 = DIRECTION('',(0.,1.,0.));
#6303 = ORIENTED_EDGE('',*,*,#3639,.F.);
#6304 = ORIENTED_EDGE('',*,*,#6298,.F.);
#6305 = CYLINDRICAL_SURFACE('',#6306,8.);
#6306 = AXIS2_PLACEMENT_3D('',#6307,#6308,#6309);
#6307 = CARTESIAN_POINT('',(-127.,-185.02,48.));
#6308 = DIRECTION('',(-0.,-1.,0.));
#6309 = DIRECTION('',(1.,0.,0.));
#6310 = ADVANCED_FACE('',(#6311),#6322,.F.);
#6311 = FACE_BOUND('',#6312,.T.);
#6312 = EDGE_LOOP('',(#6313,#6314,#6320,#6321));
#6313 = ORIENTED_EDGE('',*,*,#4054,.T.);
#6314 = ORIENTED_EDGE('',*,*,#6315,.T.);
#6315 = EDGE_CURVE('',#4055,#3651,#6316,.T.);
#6316 = LINE('',#6317,#6318);
#6317 = CARTESIAN_POINT('',(-132.75,-185.02,57.));
#6318 = VECTOR('',#6319,1.);
#6319 = DIRECTION('',(0.,1.,0.));
#6320 = ORIENTED_EDGE('',*,*,#3650,.F.);
#6321 = ORIENTED_EDGE('',*,*,#6315,.F.);
#6322 = CYLINDRICAL_SURFACE('',#6323,3.25);
#6323 = AXIS2_PLACEMENT_3D('',#6324,#6325,#6326);
#6324 = CARTESIAN_POINT('',(-136.,-185.02,57.));
#6325 = DIRECTION('',(-0.,-1.,0.));
#6326 = DIRECTION('',(1.,0.,0.));
#6327 = ADVANCED_FACE('',(#6328),#6339,.F.);
#6328 = FACE_BOUND('',#6329,.T.);
#6329 = EDGE_LOOP('',(#6330,#6331,#6337,#6338));
#6330 = ORIENTED_EDGE('',*,*,#4065,.T.);
#6331 = ORIENTED_EDGE('',*,*,#6332,.T.);
#6332 = EDGE_CURVE('',#4066,#3662,#6333,.T.);
#6333 = LINE('',#6334,#6335);
#6334 = CARTESIAN_POINT('',(-114.75,-185.02,57.));
#6335 = VECTOR('',#6336,1.);
#6336 = DIRECTION('',(0.,1.,0.));
#6337 = ORIENTED_EDGE('',*,*,#3661,.F.);
#6338 = ORIENTED_EDGE('',*,*,#6332,.F.);
#6339 = CYLINDRICAL_SURFACE('',#6340,3.25);
#6340 = AXIS2_PLACEMENT_3D('',#6341,#6342,#6343);
#6341 = CARTESIAN_POINT('',(-118.,-185.02,57.));
#6342 = DIRECTION('',(-0.,-1.,0.));
#6343 = DIRECTION('',(1.,0.,0.));
#6344 = ADVANCED_FACE('',(#6345),#6356,.F.);
#6345 = FACE_BOUND('',#6346,.T.);
#6346 = EDGE_LOOP('',(#6347,#6348,#6354,#6355));
#6347 = ORIENTED_EDGE('',*,*,#4076,.T.);
#6348 = ORIENTED_EDGE('',*,*,#6349,.T.);
#6349 = EDGE_CURVE('',#4077,#3673,#6350,.T.);
#6350 = LINE('',#6351,#6352);
#6351 = CARTESIAN_POINT('',(-60.05,-185.02,43.75));
#6352 = VECTOR('',#6353,1.);
#6353 = DIRECTION('',(0.,1.,0.));
#6354 = ORIENTED_EDGE('',*,*,#3672,.F.);
#6355 = ORIENTED_EDGE('',*,*,#6349,.F.);
#6356 = CYLINDRICAL_SURFACE('',#6357,2.2);
#6357 = AXIS2_PLACEMENT_3D('',#6358,#6359,#6360);
#6358 = CARTESIAN_POINT('',(-62.25,-185.02,43.75));
#6359 = DIRECTION('',(-0.,-1.,0.));
#6360 = DIRECTION('',(1.,0.,0.));
#6361 = ADVANCED_FACE('',(#6362),#6373,.F.);
#6362 = FACE_BOUND('',#6363,.T.);
#6363 = EDGE_LOOP('',(#6364,#6365,#6371,#6372));
#6364 = ORIENTED_EDGE('',*,*,#4087,.T.);
#6365 = ORIENTED_EDGE('',*,*,#6366,.T.);
#6366 = EDGE_CURVE('',#4088,#3684,#6367,.T.);
#6367 = LINE('',#6368,#6369);
#6368 = CARTESIAN_POINT('',(-12.05,-185.02,43.75));
#6369 = VECTOR('',#6370,1.);
#6370 = DIRECTION('',(0.,1.,0.));
#6371 = ORIENTED_EDGE('',*,*,#3683,.F.);
#6372 = ORIENTED_EDGE('',*,*,#6366,.F.);
#6373 = CYLINDRICAL_SURFACE('',#6374,2.2);
#6374 = AXIS2_PLACEMENT_3D('',#6375,#6376,#6377);
#6375 = CARTESIAN_POINT('',(-14.25,-185.02,43.75));
#6376 = DIRECTION('',(-0.,-1.,0.));
#6377 = DIRECTION('',(1.,0.,0.));
#6378 = ADVANCED_FACE('',(#6379),#6390,.F.);
#6379 = FACE_BOUND('',#6380,.T.);
#6380 = EDGE_LOOP('',(#6381,#6382,#6388,#6389));
#6381 = ORIENTED_EDGE('',*,*,#4098,.T.);
#6382 = ORIENTED_EDGE('',*,*,#6383,.T.);
#6383 = EDGE_CURVE('',#4099,#3695,#6384,.T.);
#6384 = LINE('',#6385,#6386);
#6385 = CARTESIAN_POINT('',(-22.8,-185.02,49.75));
#6386 = VECTOR('',#6387,1.);
#6387 = DIRECTION('',(0.,1.,0.));
#6388 = ORIENTED_EDGE('',*,*,#3694,.F.);
#6389 = ORIENTED_EDGE('',*,*,#6383,.F.);
#6390 = CYLINDRICAL_SURFACE('',#6391,2.2);
#6391 = AXIS2_PLACEMENT_3D('',#6392,#6393,#6394);
#6392 = CARTESIAN_POINT('',(-25.,-185.02,49.75));
#6393 = DIRECTION('',(-0.,-1.,0.));
#6394 = DIRECTION('',(1.,0.,0.));
#6395 = ADVANCED_FACE('',(#6396),#6407,.F.);
#6396 = FACE_BOUND('',#6397,.T.);
#6397 = EDGE_LOOP('',(#6398,#6399,#6405,#6406));
#6398 = ORIENTED_EDGE('',*,*,#4109,.T.);
#6399 = ORIENTED_EDGE('',*,*,#6400,.T.);
#6400 = EDGE_CURVE('',#4110,#3706,#6401,.T.);
#6401 = LINE('',#6402,#6403);
#6402 = CARTESIAN_POINT('',(27.2,-185.02,25.75));
#6403 = VECTOR('',#6404,1.);
#6404 = DIRECTION('',(0.,1.,0.));
#6405 = ORIENTED_EDGE('',*,*,#3705,.F.);
#6406 = ORIENTED_EDGE('',*,*,#6400,.F.);
#6407 = CYLINDRICAL_SURFACE('',#6408,2.2);
#6408 = AXIS2_PLACEMENT_3D('',#6409,#6410,#6411);
#6409 = CARTESIAN_POINT('',(25.,-185.02,25.75));
#6410 = DIRECTION('',(-0.,-1.,0.));
#6411 = DIRECTION('',(1.,0.,0.));
#6412 = ADVANCED_FACE('',(#6413),#6424,.F.);
#6413 = FACE_BOUND('',#6414,.T.);
#6414 = EDGE_LOOP('',(#6415,#6416,#6422,#6423));
#6415 = ORIENTED_EDGE('',*,*,#4120,.T.);
#6416 = ORIENTED_EDGE('',*,*,#6417,.T.);
#6417 = EDGE_CURVE('',#4121,#3717,#6418,.T.);
#6418 = LINE('',#6419,#6420);
#6419 = CARTESIAN_POINT('',(35.95,-185.02,27.75));
#6420 = VECTOR('',#6421,1.);
#6421 = DIRECTION('',(0.,1.,0.));
#6422 = ORIENTED_EDGE('',*,*,#3716,.F.);
#6423 = ORIENTED_EDGE('',*,*,#6417,.F.);
#6424 = CYLINDRICAL_SURFACE('',#6425,2.2);
#6425 = AXIS2_PLACEMENT_3D('',#6426,#6427,#6428);
#6426 = CARTESIAN_POINT('',(33.75,-185.02,27.75));
#6427 = DIRECTION('',(-0.,-1.,0.));
#6428 = DIRECTION('',(1.,0.,0.));
#6429 = ADVANCED_FACE('',(#6430),#6441,.F.);
#6430 = FACE_BOUND('',#6431,.T.);
#6431 = EDGE_LOOP('',(#6432,#6433,#6439,#6440));
#6432 = ORIENTED_EDGE('',*,*,#4131,.T.);
#6433 = ORIENTED_EDGE('',*,*,#6434,.T.);
#6434 = EDGE_CURVE('',#4132,#3728,#6435,.T.);
#6435 = LINE('',#6436,#6437);
#6436 = CARTESIAN_POINT('',(83.95,-185.02,27.75));
#6437 = VECTOR('',#6438,1.);
#6438 = DIRECTION('',(0.,1.,0.));
#6439 = ORIENTED_EDGE('',*,*,#3727,.F.);
#6440 = ORIENTED_EDGE('',*,*,#6434,.F.);
#6441 = CYLINDRICAL_SURFACE('',#6442,2.2);
#6442 = AXIS2_PLACEMENT_3D('',#6443,#6444,#6445);
#6443 = CARTESIAN_POINT('',(81.75,-185.02,27.75));
#6444 = DIRECTION('',(-0.,-1.,0.));
#6445 = DIRECTION('',(1.,0.,0.));
#6446 = ADVANCED_FACE('',(#6447),#6458,.F.);
#6447 = FACE_BOUND('',#6448,.T.);
#6448 = EDGE_LOOP('',(#6449,#6450,#6456,#6457));
#6449 = ORIENTED_EDGE('',*,*,#4142,.T.);
#6450 = ORIENTED_EDGE('',*,*,#6451,.T.);
#6451 = EDGE_CURVE('',#4143,#3739,#6452,.T.);
#6452 = LINE('',#6453,#6454);
#6453 = CARTESIAN_POINT('',(77.2,-185.02,38.));
#6454 = VECTOR('',#6455,1.);
#6455 = DIRECTION('',(0.,1.,0.));
#6456 = ORIENTED_EDGE('',*,*,#3738,.F.);
#6457 = ORIENTED_EDGE('',*,*,#6451,.F.);
#6458 = CYLINDRICAL_SURFACE('',#6459,2.2);
#6459 = AXIS2_PLACEMENT_3D('',#6460,#6461,#6462);
#6460 = CARTESIAN_POINT('',(75.,-185.02,38.));
#6461 = DIRECTION('',(-0.,-1.,0.));
#6462 = DIRECTION('',(1.,0.,0.));
#6463 = ADVANCED_FACE('',(#6464),#6475,.F.);
#6464 = FACE_BOUND('',#6465,.T.);
#6465 = EDGE_LOOP('',(#6466,#6467,#6473,#6474));
#6466 = ORIENTED_EDGE('',*,*,#4153,.T.);
#6467 = ORIENTED_EDGE('',*,*,#6468,.T.);
#6468 = EDGE_CURVE('',#4154,#3750,#6469,.T.);
#6469 = LINE('',#6470,#6471);
#6470 = CARTESIAN_POINT('',(131.95,-185.02,27.75));
#6471 = VECTOR('',#6472,1.);
#6472 = DIRECTION('',(0.,1.,0.));
#6473 = ORIENTED_EDGE('',*,*,#3749,.F.);
#6474 = ORIENTED_EDGE('',*,*,#6468,.F.);
#6475 = CYLINDRICAL_SURFACE('',#6476,2.2);
#6476 = AXIS2_PLACEMENT_3D('',#6477,#6478,#6479);
#6477 = CARTESIAN_POINT('',(129.75,-185.02,27.75));
#6478 = DIRECTION('',(-0.,-1.,0.));
#6479 = DIRECTION('',(1.,0.,0.));
#6480 = ADVANCED_FACE('',(#6481),#6492,.F.);
#6481 = FACE_BOUND('',#6482,.T.);
#6482 = EDGE_LOOP('',(#6483,#6484,#6490,#6491));
#6483 = ORIENTED_EDGE('',*,*,#4164,.T.);
#6484 = ORIENTED_EDGE('',*,*,#6485,.T.);
#6485 = EDGE_CURVE('',#4165,#3761,#6486,.T.);
#6486 = LINE('',#6487,#6488);
#6487 = CARTESIAN_POINT('',(179.95,-185.02,27.75));
#6488 = VECTOR('',#6489,1.);
#6489 = DIRECTION('',(0.,1.,0.));
#6490 = ORIENTED_EDGE('',*,*,#3760,.F.);
#6491 = ORIENTED_EDGE('',*,*,#6485,.F.);
#6492 = CYLINDRICAL_SURFACE('',#6493,2.2);
#6493 = AXIS2_PLACEMENT_3D('',#6494,#6495,#6496);
#6494 = CARTESIAN_POINT('',(177.75,-185.02,27.75));
#6495 = DIRECTION('',(-0.,-1.,0.));
#6496 = DIRECTION('',(1.,0.,0.));
#6497 = ADVANCED_FACE('',(#6498),#6509,.F.);
#6498 = FACE_BOUND('',#6499,.T.);
#6499 = EDGE_LOOP('',(#6500,#6501,#6507,#6508));
#6500 = ORIENTED_EDGE('',*,*,#4175,.T.);
#6501 = ORIENTED_EDGE('',*,*,#6502,.T.);
#6502 = EDGE_CURVE('',#4176,#3772,#6503,.T.);
#6503 = LINE('',#6504,#6505);
#6504 = CARTESIAN_POINT('',(121.25,-185.02,39.));
#6505 = VECTOR('',#6506,1.);
#6506 = DIRECTION('',(0.,1.,0.));
#6507 = ORIENTED_EDGE('',*,*,#3771,.F.);
#6508 = ORIENTED_EDGE('',*,*,#6502,.F.);
#6509 = CYLINDRICAL_SURFACE('',#6510,3.25);
#6510 = AXIS2_PLACEMENT_3D('',#6511,#6512,#6513);
#6511 = CARTESIAN_POINT('',(118.,-185.02,39.));
#6512 = DIRECTION('',(-0.,-1.,0.));
#6513 = DIRECTION('',(1.,0.,0.));
#6514 = ADVANCED_FACE('',(#6515),#6526,.F.);
#6515 = FACE_BOUND('',#6516,.T.);
#6516 = EDGE_LOOP('',(#6517,#6518,#6524,#6525));
#6517 = ORIENTED_EDGE('',*,*,#4186,.T.);
#6518 = ORIENTED_EDGE('',*,*,#6519,.T.);
#6519 = EDGE_CURVE('',#4187,#3783,#6520,.T.);
#6520 = LINE('',#6521,#6522);
#6521 = CARTESIAN_POINT('',(139.25,-185.02,39.));
#6522 = VECTOR('',#6523,1.);
#6523 = DIRECTION('',(0.,1.,0.));
#6524 = ORIENTED_EDGE('',*,*,#3782,.F.);
#6525 = ORIENTED_EDGE('',*,*,#6519,.F.);
#6526 = CYLINDRICAL_SURFACE('',#6527,3.25);
#6527 = AXIS2_PLACEMENT_3D('',#6528,#6529,#6530);
#6528 = CARTESIAN_POINT('',(136.,-185.02,39.));
#6529 = DIRECTION('',(-0.,-1.,0.));
#6530 = DIRECTION('',(1.,0.,0.));
#6531 = ADVANCED_FACE('',(#6532),#6543,.F.);
#6532 = FACE_BOUND('',#6533,.T.);
#6533 = EDGE_LOOP('',(#6534,#6535,#6541,#6542));
#6534 = ORIENTED_EDGE('',*,*,#4197,.T.);
#6535 = ORIENTED_EDGE('',*,*,#6536,.T.);
#6536 = EDGE_CURVE('',#4198,#3794,#6537,.T.);
#6537 = LINE('',#6538,#6539);
#6538 = CARTESIAN_POINT('',(207.2,-185.02,38.));
#6539 = VECTOR('',#6540,1.);
#6540 = DIRECTION('',(0.,1.,0.));
#6541 = ORIENTED_EDGE('',*,*,#3793,.F.);
#6542 = ORIENTED_EDGE('',*,*,#6536,.F.);
#6543 = CYLINDRICAL_SURFACE('',#6544,2.2);
#6544 = AXIS2_PLACEMENT_3D('',#6545,#6546,#6547);
#6545 = CARTESIAN_POINT('',(205.,-185.02,38.));
#6546 = DIRECTION('',(-0.,-1.,0.));
#6547 = DIRECTION('',(1.,0.,0.));
#6548 = ADVANCED_FACE('',(#6549),#6560,.F.);
#6549 = FACE_BOUND('',#6550,.T.);
#6550 = EDGE_LOOP('',(#6551,#6552,#6558,#6559));
#6551 = ORIENTED_EDGE('',*,*,#4208,.T.);
#6552 = ORIENTED_EDGE('',*,*,#6553,.T.);
#6553 = EDGE_CURVE('',#4209,#3805,#6554,.T.);
#6554 = LINE('',#6555,#6556);
#6555 = CARTESIAN_POINT('',(35.95,-185.02,43.75));
#6556 = VECTOR('',#6557,1.);
#6557 = DIRECTION('',(0.,1.,0.));
#6558 = ORIENTED_EDGE('',*,*,#3804,.F.);
#6559 = ORIENTED_EDGE('',*,*,#6553,.F.);
#6560 = CYLINDRICAL_SURFACE('',#6561,2.2);
#6561 = AXIS2_PLACEMENT_3D('',#6562,#6563,#6564);
#6562 = CARTESIAN_POINT('',(33.75,-185.02,43.75));
#6563 = DIRECTION('',(-0.,-1.,0.));
#6564 = DIRECTION('',(1.,0.,0.));
#6565 = ADVANCED_FACE('',(#6566),#6577,.F.);
#6566 = FACE_BOUND('',#6567,.T.);
#6567 = EDGE_LOOP('',(#6568,#6569,#6575,#6576));
#6568 = ORIENTED_EDGE('',*,*,#4219,.T.);
#6569 = ORIENTED_EDGE('',*,*,#6570,.T.);
#6570 = EDGE_CURVE('',#4220,#3816,#6571,.T.);
#6571 = LINE('',#6572,#6573);
#6572 = CARTESIAN_POINT('',(27.2,-185.02,49.75));
#6573 = VECTOR('',#6574,1.);
#6574 = DIRECTION('',(0.,1.,0.));
#6575 = ORIENTED_EDGE('',*,*,#3815,.F.);
#6576 = ORIENTED_EDGE('',*,*,#6570,.F.);
#6577 = CYLINDRICAL_SURFACE('',#6578,2.2);
#6578 = AXIS2_PLACEMENT_3D('',#6579,#6580,#6581);
#6579 = CARTESIAN_POINT('',(25.,-185.02,49.75));
#6580 = DIRECTION('',(-0.,-1.,0.));
#6581 = DIRECTION('',(1.,0.,0.));
#6582 = ADVANCED_FACE('',(#6583),#6594,.F.);
#6583 = FACE_BOUND('',#6584,.T.);
#6584 = EDGE_LOOP('',(#6585,#6586,#6592,#6593));
#6585 = ORIENTED_EDGE('',*,*,#4230,.T.);
#6586 = ORIENTED_EDGE('',*,*,#6587,.T.);
#6587 = EDGE_CURVE('',#4231,#3827,#6588,.T.);
#6588 = LINE('',#6589,#6590);
#6589 = CARTESIAN_POINT('',(83.95,-185.02,43.75));
#6590 = VECTOR('',#6591,1.);
#6591 = DIRECTION('',(0.,1.,0.));
#6592 = ORIENTED_EDGE('',*,*,#3826,.F.);
#6593 = ORIENTED_EDGE('',*,*,#6587,.F.);
#6594 = CYLINDRICAL_SURFACE('',#6595,2.2);
#6595 = AXIS2_PLACEMENT_3D('',#6596,#6597,#6598);
#6596 = CARTESIAN_POINT('',(81.75,-185.02,43.75));
#6597 = DIRECTION('',(-0.,-1.,0.));
#6598 = DIRECTION('',(1.,0.,0.));
#6599 = ADVANCED_FACE('',(#6600),#6611,.F.);
#6600 = FACE_BOUND('',#6601,.T.);
#6601 = EDGE_LOOP('',(#6602,#6603,#6609,#6610));
#6602 = ORIENTED_EDGE('',*,*,#4241,.T.);
#6603 = ORIENTED_EDGE('',*,*,#6604,.T.);
#6604 = EDGE_CURVE('',#4242,#3838,#6605,.T.);
#6605 = LINE('',#6606,#6607);
#6606 = CARTESIAN_POINT('',(135.,-185.02,48.));
#6607 = VECTOR('',#6608,1.);
#6608 = DIRECTION('',(0.,1.,0.));
#6609 = ORIENTED_EDGE('',*,*,#3837,.F.);
#6610 = ORIENTED_EDGE('',*,*,#6604,.F.);
#6611 = CYLINDRICAL_SURFACE('',#6612,8.);
#6612 = AXIS2_PLACEMENT_3D('',#6613,#6614,#6615);
#6613 = CARTESIAN_POINT('',(127.,-185.02,48.));
#6614 = DIRECTION('',(-0.,-1.,0.));
#6615 = DIRECTION('',(1.,0.,0.));
#6616 = ADVANCED_FACE('',(#6617),#6628,.F.);
#6617 = FACE_BOUND('',#6618,.T.);
#6618 = EDGE_LOOP('',(#6619,#6620,#6626,#6627));
#6619 = ORIENTED_EDGE('',*,*,#4252,.T.);
#6620 = ORIENTED_EDGE('',*,*,#6621,.T.);
#6621 = EDGE_CURVE('',#4253,#3849,#6622,.T.);
#6622 = LINE('',#6623,#6624);
#6623 = CARTESIAN_POINT('',(179.95,-185.02,43.75));
#6624 = VECTOR('',#6625,1.);
#6625 = DIRECTION('',(0.,1.,0.));
#6626 = ORIENTED_EDGE('',*,*,#3848,.F.);
#6627 = ORIENTED_EDGE('',*,*,#6621,.F.);
#6628 = CYLINDRICAL_SURFACE('',#6629,2.2);
#6629 = AXIS2_PLACEMENT_3D('',#6630,#6631,#6632);
#6630 = CARTESIAN_POINT('',(177.75,-185.02,43.75));
#6631 = DIRECTION('',(-0.,-1.,0.));
#6632 = DIRECTION('',(1.,0.,0.));
#6633 = ADVANCED_FACE('',(#6634),#6645,.F.);
#6634 = FACE_BOUND('',#6635,.T.);
#6635 = EDGE_LOOP('',(#6636,#6637,#6643,#6644));
#6636 = ORIENTED_EDGE('',*,*,#4263,.T.);
#6637 = ORIENTED_EDGE('',*,*,#6638,.T.);
#6638 = EDGE_CURVE('',#4264,#3860,#6639,.T.);
#6639 = LINE('',#6640,#6641);
#6640 = CARTESIAN_POINT('',(121.25,-185.02,57.));
#6641 = VECTOR('',#6642,1.);
#6642 = DIRECTION('',(0.,1.,0.));
#6643 = ORIENTED_EDGE('',*,*,#3859,.F.);
#6644 = ORIENTED_EDGE('',*,*,#6638,.F.);
#6645 = CYLINDRICAL_SURFACE('',#6646,3.25);
#6646 = AXIS2_PLACEMENT_3D('',#6647,#6648,#6649);
#6647 = CARTESIAN_POINT('',(118.,-185.02,57.));
#6648 = DIRECTION('',(-0.,-1.,0.));
#6649 = DIRECTION('',(1.,0.,0.));
#6650 = ADVANCED_FACE('',(#6651),#6662,.F.);
#6651 = FACE_BOUND('',#6652,.T.);
#6652 = EDGE_LOOP('',(#6653,#6654,#6660,#6661));
#6653 = ORIENTED_EDGE('',*,*,#4274,.T.);
#6654 = ORIENTED_EDGE('',*,*,#6655,.T.);
#6655 = EDGE_CURVE('',#4275,#3871,#6656,.T.);
#6656 = LINE('',#6657,#6658);
#6657 = CARTESIAN_POINT('',(139.25,-185.02,57.));
#6658 = VECTOR('',#6659,1.);
#6659 = DIRECTION('',(0.,1.,0.));
#6660 = ORIENTED_EDGE('',*,*,#3870,.F.);
#6661 = ORIENTED_EDGE('',*,*,#6655,.F.);
#6662 = CYLINDRICAL_SURFACE('',#6663,3.25);
#6663 = AXIS2_PLACEMENT_3D('',#6664,#6665,#6666);
#6664 = CARTESIAN_POINT('',(136.,-185.02,57.));
#6665 = DIRECTION('',(-0.,-1.,0.));
#6666 = DIRECTION('',(1.,0.,0.));
#6667 = ADVANCED_FACE('',(#6668),#6680,.F.);
#6668 = FACE_BOUND('',#6669,.T.);
#6669 = EDGE_LOOP('',(#6670,#6671,#6672,#6673,#6674,#6675,#6676,#6677,
    #6678,#6679));
#6670 = ORIENTED_EDGE('',*,*,#4300,.F.);
#6671 = ORIENTED_EDGE('',*,*,#350,.F.);
#6672 = ORIENTED_EDGE('',*,*,#628,.F.);
#6673 = ORIENTED_EDGE('',*,*,#619,.F.);
#6674 = ORIENTED_EDGE('',*,*,#366,.T.);
#6675 = ORIENTED_EDGE('',*,*,#4292,.F.);
#6676 = ORIENTED_EDGE('',*,*,#3263,.F.);
#6677 = ORIENTED_EDGE('',*,*,#1855,.T.);
#6678 = ORIENTED_EDGE('',*,*,#3247,.T.);
#6679 = ORIENTED_EDGE('',*,*,#4309,.F.);
#6680 = CYLINDRICAL_SURFACE('',#6681,2.2);
#6681 = AXIS2_PLACEMENT_3D('',#6682,#6683,#6684);
#6682 = CARTESIAN_POINT('',(-154.25,-139.52,62.));
#6683 = DIRECTION('',(0.,-1.,2.2E-16));
#6684 = DIRECTION('',(1.,0.,0.));
#6685 = ADVANCED_FACE('',(#6686),#6698,.F.);
#6686 = FACE_BOUND('',#6687,.T.);
#6687 = EDGE_LOOP('',(#6688,#6689,#6690,#6691,#6692,#6693,#6694,#6695,
    #6696,#6697));
#6688 = ORIENTED_EDGE('',*,*,#4333,.F.);
#6689 = ORIENTED_EDGE('',*,*,#318,.F.);
#6690 = ORIENTED_EDGE('',*,*,#645,.F.);
#6691 = ORIENTED_EDGE('',*,*,#636,.F.);
#6692 = ORIENTED_EDGE('',*,*,#334,.T.);
#6693 = ORIENTED_EDGE('',*,*,#4325,.F.);
#6694 = ORIENTED_EDGE('',*,*,#3240,.F.);
#6695 = ORIENTED_EDGE('',*,*,#1872,.T.);
#6696 = ORIENTED_EDGE('',*,*,#3224,.T.);
#6697 = ORIENTED_EDGE('',*,*,#4342,.F.);
#6698 = CYLINDRICAL_SURFACE('',#6699,2.2);
#6699 = AXIS2_PLACEMENT_3D('',#6700,#6701,#6702);
#6700 = CARTESIAN_POINT('',(-99.75,-139.52,62.));
#6701 = DIRECTION('',(0.,-1.,2.2E-16));
#6702 = DIRECTION('',(1.,0.,0.));
#6703 = ADVANCED_FACE('',(#6704),#6716,.F.);
#6704 = FACE_BOUND('',#6705,.T.);
#6705 = EDGE_LOOP('',(#6706,#6707,#6708,#6709,#6710,#6711,#6712,#6713,
    #6714,#6715));
#6706 = ORIENTED_EDGE('',*,*,#4366,.F.);
#6707 = ORIENTED_EDGE('',*,*,#286,.F.);
#6708 = ORIENTED_EDGE('',*,*,#662,.F.);
#6709 = ORIENTED_EDGE('',*,*,#653,.F.);
#6710 = ORIENTED_EDGE('',*,*,#302,.T.);
#6711 = ORIENTED_EDGE('',*,*,#4358,.F.);
#6712 = ORIENTED_EDGE('',*,*,#3217,.F.);
#6713 = ORIENTED_EDGE('',*,*,#1889,.T.);
#6714 = ORIENTED_EDGE('',*,*,#3201,.T.);
#6715 = ORIENTED_EDGE('',*,*,#4375,.F.);
#6716 = CYLINDRICAL_SURFACE('',#6717,2.2);
#6717 = AXIS2_PLACEMENT_3D('',#6718,#6719,#6720);
#6718 = CARTESIAN_POINT('',(-60.,-139.52,62.));
#6719 = DIRECTION('',(0.,-1.,2.2E-16));
#6720 = DIRECTION('',(1.,0.,0.));
#6721 = ADVANCED_FACE('',(#6722),#6734,.F.);
#6722 = FACE_BOUND('',#6723,.T.);
#6723 = EDGE_LOOP('',(#6724,#6725,#6726,#6727,#6728,#6729,#6730,#6731,
    #6732,#6733));
#6724 = ORIENTED_EDGE('',*,*,#4399,.F.);
#6725 = ORIENTED_EDGE('',*,*,#254,.F.);
#6726 = ORIENTED_EDGE('',*,*,#679,.F.);
#6727 = ORIENTED_EDGE('',*,*,#670,.F.);
#6728 = ORIENTED_EDGE('',*,*,#270,.T.);
#6729 = ORIENTED_EDGE('',*,*,#4391,.F.);
#6730 = ORIENTED_EDGE('',*,*,#3194,.F.);
#6731 = ORIENTED_EDGE('',*,*,#1906,.T.);
#6732 = ORIENTED_EDGE('',*,*,#3178,.T.);
#6733 = ORIENTED_EDGE('',*,*,#4408,.F.);
#6734 = CYLINDRICAL_SURFACE('',#6735,2.2);
#6735 = AXIS2_PLACEMENT_3D('',#6736,#6737,#6738);
#6736 = CARTESIAN_POINT('',(-20.,-139.52,62.));
#6737 = DIRECTION('',(0.,-1.,2.2E-16));
#6738 = DIRECTION('',(1.,0.,0.));
#6739 = ADVANCED_FACE('',(#6740),#6752,.F.);
#6740 = FACE_BOUND('',#6741,.T.);
#6741 = EDGE_LOOP('',(#6742,#6743,#6744,#6745,#6746,#6747,#6748,#6749,
    #6750,#6751));
#6742 = ORIENTED_EDGE('',*,*,#4432,.F.);
#6743 = ORIENTED_EDGE('',*,*,#222,.F.);
#6744 = ORIENTED_EDGE('',*,*,#696,.F.);
#6745 = ORIENTED_EDGE('',*,*,#687,.F.);
#6746 = ORIENTED_EDGE('',*,*,#238,.T.);
#6747 = ORIENTED_EDGE('',*,*,#4424,.F.);
#6748 = ORIENTED_EDGE('',*,*,#3171,.F.);
#6749 = ORIENTED_EDGE('',*,*,#1923,.T.);
#6750 = ORIENTED_EDGE('',*,*,#3155,.T.);
#6751 = ORIENTED_EDGE('',*,*,#4441,.F.);
#6752 = CYLINDRICAL_SURFACE('',#6753,2.2);
#6753 = AXIS2_PLACEMENT_3D('',#6754,#6755,#6756);
#6754 = CARTESIAN_POINT('',(20.,-139.52,62.));
#6755 = DIRECTION('',(0.,-1.,2.2E-16));
#6756 = DIRECTION('',(1.,0.,0.));
#6757 = ADVANCED_FACE('',(#6758),#6770,.F.);
#6758 = FACE_BOUND('',#6759,.T.);
#6759 = EDGE_LOOP('',(#6760,#6761,#6762,#6763,#6764,#6765,#6766,#6767,
    #6768,#6769));
#6760 = ORIENTED_EDGE('',*,*,#4465,.F.);
#6761 = ORIENTED_EDGE('',*,*,#190,.F.);
#6762 = ORIENTED_EDGE('',*,*,#713,.F.);
#6763 = ORIENTED_EDGE('',*,*,#704,.F.);
#6764 = ORIENTED_EDGE('',*,*,#206,.T.);
#6765 = ORIENTED_EDGE('',*,*,#4457,.F.);
#6766 = ORIENTED_EDGE('',*,*,#3125,.F.);
#6767 = ORIENTED_EDGE('',*,*,#1966,.T.);
#6768 = ORIENTED_EDGE('',*,*,#3109,.T.);
#6769 = ORIENTED_EDGE('',*,*,#4474,.F.);
#6770 = CYLINDRICAL_SURFACE('',#6771,2.2);
#6771 = AXIS2_PLACEMENT_3D('',#6772,#6773,#6774);
#6772 = CARTESIAN_POINT('',(82.,-139.52,62.));
#6773 = DIRECTION('',(0.,-1.,2.2E-16));
#6774 = DIRECTION('',(1.,0.,0.));
#6775 = ADVANCED_FACE('',(#6776),#6788,.F.);
#6776 = FACE_BOUND('',#6777,.T.);
#6777 = EDGE_LOOP('',(#6778,#6779,#6780,#6781,#6782,#6783,#6784,#6785,
    #6786,#6787));
#6778 = ORIENTED_EDGE('',*,*,#4498,.F.);
#6779 = ORIENTED_EDGE('',*,*,#158,.F.);
#6780 = ORIENTED_EDGE('',*,*,#730,.F.);
#6781 = ORIENTED_EDGE('',*,*,#721,.F.);
#6782 = ORIENTED_EDGE('',*,*,#174,.T.);
#6783 = ORIENTED_EDGE('',*,*,#4490,.F.);
#6784 = ORIENTED_EDGE('',*,*,#3102,.F.);
#6785 = ORIENTED_EDGE('',*,*,#1983,.T.);
#6786 = ORIENTED_EDGE('',*,*,#3086,.T.);
#6787 = ORIENTED_EDGE('',*,*,#4507,.F.);
#6788 = CYLINDRICAL_SURFACE('',#6789,2.2);
#6789 = AXIS2_PLACEMENT_3D('',#6790,#6791,#6792);
#6790 = CARTESIAN_POINT('',(99.75,-139.52,62.));
#6791 = DIRECTION('',(0.,-1.,2.2E-16));
#6792 = DIRECTION('',(1.,0.,0.));
#6793 = ADVANCED_FACE('',(#6794),#6806,.F.);
#6794 = FACE_BOUND('',#6795,.T.);
#6795 = EDGE_LOOP('',(#6796,#6797,#6798,#6799,#6800,#6801,#6802,#6803,
    #6804,#6805));
#6796 = ORIENTED_EDGE('',*,*,#4531,.F.);
#6797 = ORIENTED_EDGE('',*,*,#126,.F.);
#6798 = ORIENTED_EDGE('',*,*,#747,.F.);
#6799 = ORIENTED_EDGE('',*,*,#738,.F.);
#6800 = ORIENTED_EDGE('',*,*,#142,.T.);
#6801 = ORIENTED_EDGE('',*,*,#4523,.F.);
#6802 = ORIENTED_EDGE('',*,*,#3079,.F.);
#6803 = ORIENTED_EDGE('',*,*,#2000,.T.);
#6804 = ORIENTED_EDGE('',*,*,#3063,.T.);
#6805 = ORIENTED_EDGE('',*,*,#4540,.F.);
#6806 = CYLINDRICAL_SURFACE('',#6807,2.2);
#6807 = AXIS2_PLACEMENT_3D('',#6808,#6809,#6810);
#6808 = CARTESIAN_POINT('',(154.25,-139.52,62.));
#6809 = DIRECTION('',(0.,-1.,2.2E-16));
#6810 = DIRECTION('',(1.,0.,0.));
#6811 = ADVANCED_FACE('',(#6812),#6820,.F.);
#6812 = FACE_BOUND('',#6813,.T.);
#6813 = EDGE_LOOP('',(#6814,#6815,#6816,#6817,#6818,#6819));
#6814 = ORIENTED_EDGE('',*,*,#3337,.T.);
#6815 = ORIENTED_EDGE('',*,*,#4674,.F.);
#6816 = ORIENTED_EDGE('',*,*,#451,.F.);
#6817 = ORIENTED_EDGE('',*,*,#440,.F.);
#6818 = ORIENTED_EDGE('',*,*,#4681,.T.);
#6819 = ORIENTED_EDGE('',*,*,#3357,.T.);
#6820 = CYLINDRICAL_SURFACE('',#6821,2.2);
#6821 = AXIS2_PLACEMENT_3D('',#6822,#6823,#6824);
#6822 = CARTESIAN_POINT('',(-60.,-160.02,60.25));
#6823 = DIRECTION('',(-0.,-0.,-1.));
#6824 = DIRECTION('',(1.,0.,0.));
#6825 = ADVANCED_FACE('',(#6826),#6834,.F.);
#6826 = FACE_BOUND('',#6827,.T.);
#6827 = EDGE_LOOP('',(#6828,#6829,#6830,#6831,#6832,#6833));
#6828 = ORIENTED_EDGE('',*,*,#3399,.T.);
#6829 = ORIENTED_EDGE('',*,*,#3410,.T.);
#6830 = ORIENTED_EDGE('',*,*,#4747,.F.);
#6831 = ORIENTED_EDGE('',*,*,#522,.F.);
#6832 = ORIENTED_EDGE('',*,*,#513,.F.);
#6833 = ORIENTED_EDGE('',*,*,#4754,.T.);
#6834 = CYLINDRICAL_SURFACE('',#6835,2.2);
#6835 = AXIS2_PLACEMENT_3D('',#6836,#6837,#6838);
#6836 = CARTESIAN_POINT('',(33.75,-160.02,60.25));
#6837 = DIRECTION('',(-0.,-0.,-1.));
#6838 = DIRECTION('',(1.,0.,0.));
#6839 = ADVANCED_FACE('',(#6840),#6858,.F.);
#6840 = FACE_BOUND('',#6841,.T.);
#6841 = EDGE_LOOP('',(#6842,#6843,#6844,#6850,#6851,#6852));
#6842 = ORIENTED_EDGE('',*,*,#2304,.T.);
#6843 = ORIENTED_EDGE('',*,*,#2313,.T.);
#6844 = ORIENTED_EDGE('',*,*,#6845,.F.);
#6845 = EDGE_CURVE('',#1035,#2285,#6846,.T.);
#6846 = LINE('',#6847,#6848);
#6847 = CARTESIAN_POINT('',(-144.2806248474,-139.52,48.));
#6848 = VECTOR('',#6849,1.);
#6849 = DIRECTION('',(0.,-1.,2.2E-16));
#6850 = ORIENTED_EDGE('',*,*,#1032,.F.);
#6851 = ORIENTED_EDGE('',*,*,#1061,.F.);
#6852 = ORIENTED_EDGE('',*,*,#6853,.T.);
#6853 = EDGE_CURVE('',#1053,#2296,#6854,.T.);
#6854 = LINE('',#6855,#6856);
#6855 = CARTESIAN_POINT('',(-141.7193751525,-139.52,48.));
#6856 = VECTOR('',#6857,1.);
#6857 = DIRECTION('',(0.,-1.,2.2E-16));
#6858 = CYLINDRICAL_SURFACE('',#6859,4.2);
#6859 = AXIS2_PLACEMENT_3D('',#6860,#6861,#6862);
#6860 = CARTESIAN_POINT('',(-143.,-139.52,52.));
#6861 = DIRECTION('',(0.,-1.,2.2E-16));
#6862 = DIRECTION('',(1.,0.,0.));
#6863 = ADVANCED_FACE('',(#6864),#6872,.F.);
#6864 = FACE_BOUND('',#6865,.T.);
#6865 = EDGE_LOOP('',(#6866,#6867,#6868,#6869,#6870,#6871));
#6866 = ORIENTED_EDGE('',*,*,#2284,.T.);
#6867 = ORIENTED_EDGE('',*,*,#2295,.T.);
#6868 = ORIENTED_EDGE('',*,*,#6853,.F.);
#6869 = ORIENTED_EDGE('',*,*,#1052,.F.);
#6870 = ORIENTED_EDGE('',*,*,#1043,.F.);
#6871 = ORIENTED_EDGE('',*,*,#6845,.T.);
#6872 = CYLINDRICAL_SURFACE('',#6873,4.2);
#6873 = AXIS2_PLACEMENT_3D('',#6874,#6875,#6876);
#6874 = CARTESIAN_POINT('',(-143.,-139.52,44.));
#6875 = DIRECTION('',(0.,-1.,2.2E-16));
#6876 = DIRECTION('',(1.,0.,0.));
#6877 = ADVANCED_FACE('',(#6878),#6896,.F.);
#6878 = FACE_BOUND('',#6879,.T.);
#6879 = EDGE_LOOP('',(#6880,#6881,#6882,#6888,#6889,#6890));
#6880 = ORIENTED_EDGE('',*,*,#2353,.T.);
#6881 = ORIENTED_EDGE('',*,*,#2362,.T.);
#6882 = ORIENTED_EDGE('',*,*,#6883,.F.);
#6883 = EDGE_CURVE('',#1084,#2334,#6884,.T.);
#6884 = LINE('',#6885,#6886);
#6885 = CARTESIAN_POINT('',(-112.2806248474,-139.52,48.));
#6886 = VECTOR('',#6887,1.);
#6887 = DIRECTION('',(0.,-1.,2.2E-16));
#6888 = ORIENTED_EDGE('',*,*,#1081,.F.);
#6889 = ORIENTED_EDGE('',*,*,#1110,.F.);
#6890 = ORIENTED_EDGE('',*,*,#6891,.T.);
#6891 = EDGE_CURVE('',#1102,#2345,#6892,.T.);
#6892 = LINE('',#6893,#6894);
#6893 = CARTESIAN_POINT('',(-109.7193751525,-139.52,48.));
#6894 = VECTOR('',#6895,1.);
#6895 = DIRECTION('',(0.,-1.,2.2E-16));
#6896 = CYLINDRICAL_SURFACE('',#6897,4.2);
#6897 = AXIS2_PLACEMENT_3D('',#6898,#6899,#6900);
#6898 = CARTESIAN_POINT('',(-111.,-139.52,52.));
#6899 = DIRECTION('',(0.,-1.,2.2E-16));
#6900 = DIRECTION('',(1.,0.,0.));
#6901 = ADVANCED_FACE('',(#6902),#6910,.F.);
#6902 = FACE_BOUND('',#6903,.T.);
#6903 = EDGE_LOOP('',(#6904,#6905,#6906,#6907,#6908,#6909));
#6904 = ORIENTED_EDGE('',*,*,#2333,.T.);
#6905 = ORIENTED_EDGE('',*,*,#2344,.T.);
#6906 = ORIENTED_EDGE('',*,*,#6891,.F.);
#6907 = ORIENTED_EDGE('',*,*,#1101,.F.);
#6908 = ORIENTED_EDGE('',*,*,#1092,.F.);
#6909 = ORIENTED_EDGE('',*,*,#6883,.T.);
#6910 = CYLINDRICAL_SURFACE('',#6911,4.2);
#6911 = AXIS2_PLACEMENT_3D('',#6912,#6913,#6914);
#6912 = CARTESIAN_POINT('',(-111.,-139.52,44.));
#6913 = DIRECTION('',(0.,-1.,2.2E-16));
#6914 = DIRECTION('',(1.,0.,0.));
#6915 = ADVANCED_FACE('',(#6916),#6924,.F.);
#6916 = FACE_BOUND('',#6917,.T.);
#6917 = EDGE_LOOP('',(#6918,#6919,#6920,#6921,#6922,#6923));
#6918 = ORIENTED_EDGE('',*,*,#2448,.T.);
#6919 = ORIENTED_EDGE('',*,*,#2459,.T.);
#6920 = ORIENTED_EDGE('',*,*,#5432,.F.);
#6921 = ORIENTED_EDGE('',*,*,#1216,.F.);
#6922 = ORIENTED_EDGE('',*,*,#1207,.F.);
#6923 = ORIENTED_EDGE('',*,*,#5439,.T.);
#6924 = CYLINDRICAL_SURFACE('',#6925,2.2);
#6925 = AXIS2_PLACEMENT_3D('',#6926,#6927,#6928);
#6926 = CARTESIAN_POINT('',(33.75,-139.52,27.75));
#6927 = DIRECTION('',(0.,-1.,2.2E-16));
#6928 = DIRECTION('',(1.,0.,0.));
#6929 = ADVANCED_FACE('',(#6930),#6938,.F.);
#6930 = FACE_BOUND('',#6931,.T.);
#6931 = EDGE_LOOP('',(#6932,#6933,#6934,#6935,#6936,#6937));
#6932 = ORIENTED_EDGE('',*,*,#2499,.T.);
#6933 = ORIENTED_EDGE('',*,*,#5488,.F.);
#6934 = ORIENTED_EDGE('',*,*,#1258,.F.);
#6935 = ORIENTED_EDGE('',*,*,#1247,.F.);
#6936 = ORIENTED_EDGE('',*,*,#5495,.T.);
#6937 = ORIENTED_EDGE('',*,*,#2519,.T.);
#6938 = CYLINDRICAL_SURFACE('',#6939,2.2);
#6939 = AXIS2_PLACEMENT_3D('',#6940,#6941,#6942);
#6940 = CARTESIAN_POINT('',(82.,-139.52,28.));
#6941 = DIRECTION('',(0.,-1.,2.2E-16));
#6942 = DIRECTION('',(1.,0.,0.));
#6943 = ADVANCED_FACE('',(#6944),#6952,.F.);
#6944 = FACE_BOUND('',#6945,.T.);
#6945 = EDGE_LOOP('',(#6946,#6947,#6948,#6949,#6950,#6951));
#6946 = ORIENTED_EDGE('',*,*,#2660,.T.);
#6947 = ORIENTED_EDGE('',*,*,#5748,.F.);
#6948 = ORIENTED_EDGE('',*,*,#1441,.F.);
#6949 = ORIENTED_EDGE('',*,*,#1430,.F.);
#6950 = ORIENTED_EDGE('',*,*,#5755,.T.);
#6951 = ORIENTED_EDGE('',*,*,#2680,.T.);
#6952 = CYLINDRICAL_SURFACE('',#6953,3.25);
#6953 = AXIS2_PLACEMENT_3D('',#6954,#6955,#6956);
#6954 = CARTESIAN_POINT('',(181.,-139.52,27.8));
#6955 = DIRECTION('',(0.,-1.,2.2E-16));
#6956 = DIRECTION('',(1.,0.,0.));
#6957 = ADVANCED_FACE('',(#6958),#6966,.F.);
#6958 = FACE_BOUND('',#6959,.T.);
#6959 = EDGE_LOOP('',(#6960,#6961,#6962,#6963,#6964,#6965));
#6960 = ORIENTED_EDGE('',*,*,#2700,.T.);
#6961 = ORIENTED_EDGE('',*,*,#2711,.T.);
#6962 = ORIENTED_EDGE('',*,*,#5787,.F.);
#6963 = ORIENTED_EDGE('',*,*,#1490,.F.);
#6964 = ORIENTED_EDGE('',*,*,#1481,.F.);
#6965 = ORIENTED_EDGE('',*,*,#5794,.T.);
#6966 = CYLINDRICAL_SURFACE('',#6967,2.2);
#6967 = AXIS2_PLACEMENT_3D('',#6968,#6969,#6970);
#6968 = CARTESIAN_POINT('',(154.25,-139.52,34.));
#6969 = DIRECTION('',(0.,-1.,2.2E-16));
#6970 = DIRECTION('',(1.,0.,0.));
#6971 = ADVANCED_FACE('',(#6972),#6985,.F.);
#6972 = FACE_BOUND('',#6973,.T.);
#6973 = EDGE_LOOP('',(#6974,#6975,#6976,#6977,#6978,#6984));
#6974 = ORIENTED_EDGE('',*,*,#2762,.T.);
#6975 = ORIENTED_EDGE('',*,*,#5916,.F.);
#6976 = ORIENTED_EDGE('',*,*,#1543,.F.);
#6977 = ORIENTED_EDGE('',*,*,#1532,.F.);
#6978 = ORIENTED_EDGE('',*,*,#6979,.T.);
#6979 = EDGE_CURVE('',#1533,#2819,#6980,.T.);
#6980 = LINE('',#6981,#6982);
#6981 = CARTESIAN_POINT('',(85.280624847487,-139.52,43.));
#6982 = VECTOR('',#6983,1.);
#6983 = DIRECTION('',(0.,-1.,2.2E-16));
#6984 = ORIENTED_EDGE('',*,*,#2827,.T.);
#6985 = CYLINDRICAL_SURFACE('',#6986,4.2);
#6986 = AXIS2_PLACEMENT_3D('',#6987,#6988,#6989);
#6987 = CARTESIAN_POINT('',(84.,-139.52,47.));
#6988 = DIRECTION('',(0.,-1.,2.2E-16));
#6989 = DIRECTION('',(1.,0.,0.));
#6990 = ADVANCED_FACE('',(#6991),#6999,.F.);
#6991 = FACE_BOUND('',#6992,.T.);
#6992 = EDGE_LOOP('',(#6993,#6994,#6995,#6996,#6997,#6998));
#6993 = ORIENTED_EDGE('',*,*,#2809,.T.);
#6994 = ORIENTED_EDGE('',*,*,#2818,.T.);
#6995 = ORIENTED_EDGE('',*,*,#6979,.F.);
#6996 = ORIENTED_EDGE('',*,*,#1597,.F.);
#6997 = ORIENTED_EDGE('',*,*,#1588,.F.);
#6998 = ORIENTED_EDGE('',*,*,#5866,.T.);
#6999 = CYLINDRICAL_SURFACE('',#7000,4.2);
#7000 = AXIS2_PLACEMENT_3D('',#7001,#7002,#7003);
#7001 = CARTESIAN_POINT('',(84.,-139.52,39.));
#7002 = DIRECTION('',(0.,-1.,2.2E-16));
#7003 = DIRECTION('',(1.,0.,0.));
#7004 = ADVANCED_FACE('',(#7005),#7023,.F.);
#7005 = FACE_BOUND('',#7006,.T.);
#7006 = EDGE_LOOP('',(#7007,#7008,#7009,#7015,#7016,#7017));
#7007 = ORIENTED_EDGE('',*,*,#2911,.T.);
#7008 = ORIENTED_EDGE('',*,*,#2920,.T.);
#7009 = ORIENTED_EDGE('',*,*,#7010,.F.);
#7010 = EDGE_CURVE('',#1653,#2892,#7011,.T.);
#7011 = LINE('',#7012,#7013);
#7012 = CARTESIAN_POINT('',(109.71937515251,-139.52,48.));
#7013 = VECTOR('',#7014,1.);
#7014 = DIRECTION('',(0.,-1.,2.2E-16));
#7015 = ORIENTED_EDGE('',*,*,#1650,.F.);
#7016 = ORIENTED_EDGE('',*,*,#1679,.F.);
#7017 = ORIENTED_EDGE('',*,*,#7018,.T.);
#7018 = EDGE_CURVE('',#1671,#2903,#7019,.T.);
#7019 = LINE('',#7020,#7021);
#7020 = CARTESIAN_POINT('',(112.28062484748,-139.52,48.));
#7021 = VECTOR('',#7022,1.);
#7022 = DIRECTION('',(0.,-1.,2.2E-16));
#7023 = CYLINDRICAL_SURFACE('',#7024,4.2);
#7024 = AXIS2_PLACEMENT_3D('',#7025,#7026,#7027);
#7025 = CARTESIAN_POINT('',(111.,-139.52,52.));
#7026 = DIRECTION('',(0.,-1.,2.2E-16));
#7027 = DIRECTION('',(1.,0.,0.));
#7028 = ADVANCED_FACE('',(#7029),#7037,.F.);
#7029 = FACE_BOUND('',#7030,.T.);
#7030 = EDGE_LOOP('',(#7031,#7032,#7033,#7034,#7035,#7036));
#7031 = ORIENTED_EDGE('',*,*,#2891,.T.);
#7032 = ORIENTED_EDGE('',*,*,#2902,.T.);
#7033 = ORIENTED_EDGE('',*,*,#7018,.F.);
#7034 = ORIENTED_EDGE('',*,*,#1670,.F.);
#7035 = ORIENTED_EDGE('',*,*,#1661,.F.);
#7036 = ORIENTED_EDGE('',*,*,#7010,.T.);
#7037 = CYLINDRICAL_SURFACE('',#7038,4.2);
#7038 = AXIS2_PLACEMENT_3D('',#7039,#7040,#7041);
#7039 = CARTESIAN_POINT('',(111.,-139.52,44.));
#7040 = DIRECTION('',(0.,-1.,2.2E-16));
#7041 = DIRECTION('',(1.,0.,0.));
#7042 = ADVANCED_FACE('',(#7043),#7061,.F.);
#7043 = FACE_BOUND('',#7044,.T.);
#7044 = EDGE_LOOP('',(#7045,#7046,#7047,#7053,#7054,#7055));
#7045 = ORIENTED_EDGE('',*,*,#2960,.T.);
#7046 = ORIENTED_EDGE('',*,*,#2969,.T.);
#7047 = ORIENTED_EDGE('',*,*,#7048,.F.);
#7048 = EDGE_CURVE('',#1702,#2941,#7049,.T.);
#7049 = LINE('',#7050,#7051);
#7050 = CARTESIAN_POINT('',(141.71937515251,-139.52,48.));
#7051 = VECTOR('',#7052,1.);
#7052 = DIRECTION('',(0.,-1.,2.2E-16));
#7053 = ORIENTED_EDGE('',*,*,#1699,.F.);
#7054 = ORIENTED_EDGE('',*,*,#1728,.F.);
#7055 = ORIENTED_EDGE('',*,*,#7056,.T.);
#7056 = EDGE_CURVE('',#1720,#2952,#7057,.T.);
#7057 = LINE('',#7058,#7059);
#7058 = CARTESIAN_POINT('',(144.28062484748,-139.52,48.));
#7059 = VECTOR('',#7060,1.);
#7060 = DIRECTION('',(0.,-1.,2.2E-16));
#7061 = CYLINDRICAL_SURFACE('',#7062,4.2);
#7062 = AXIS2_PLACEMENT_3D('',#7063,#7064,#7065);
#7063 = CARTESIAN_POINT('',(143.,-139.52,52.));
#7064 = DIRECTION('',(0.,-1.,2.2E-16));
#7065 = DIRECTION('',(1.,0.,0.));
#7066 = ADVANCED_FACE('',(#7067),#7075,.F.);
#7067 = FACE_BOUND('',#7068,.T.);
#7068 = EDGE_LOOP('',(#7069,#7070,#7071,#7072,#7073,#7074));
#7069 = ORIENTED_EDGE('',*,*,#2940,.T.);
#7070 = ORIENTED_EDGE('',*,*,#2951,.T.);
#7071 = ORIENTED_EDGE('',*,*,#7056,.F.);
#7072 = ORIENTED_EDGE('',*,*,#1719,.F.);
#7073 = ORIENTED_EDGE('',*,*,#1710,.F.);
#7074 = ORIENTED_EDGE('',*,*,#7048,.T.);
#7075 = CYLINDRICAL_SURFACE('',#7076,4.2);
#7076 = AXIS2_PLACEMENT_3D('',#7077,#7078,#7079);
#7077 = CARTESIAN_POINT('',(143.,-139.52,44.));
#7078 = DIRECTION('',(0.,-1.,2.2E-16));
#7079 = DIRECTION('',(1.,0.,0.));
#7080 = ADVANCED_FACE('',(#7081),#7089,.F.);
#7081 = FACE_BOUND('',#7082,.T.);
#7082 = EDGE_LOOP('',(#7083,#7084,#7085,#7086,#7087,#7088));
#7083 = ORIENTED_EDGE('',*,*,#2978,.T.);
#7084 = ORIENTED_EDGE('',*,*,#6028,.F.);
#7085 = ORIENTED_EDGE('',*,*,#1748,.F.);
#7086 = ORIENTED_EDGE('',*,*,#1737,.F.);
#7087 = ORIENTED_EDGE('',*,*,#6035,.T.);
#7088 = ORIENTED_EDGE('',*,*,#2998,.T.);
#7089 = CYLINDRICAL_SURFACE('',#7090,3.25);
#7090 = AXIS2_PLACEMENT_3D('',#7091,#7092,#7093);
#7091 = CARTESIAN_POINT('',(181.,-139.52,45.8));
#7092 = DIRECTION('',(0.,-1.,2.2E-16));
#7093 = DIRECTION('',(1.,0.,0.));
#7094 = ( GEOMETRIC_REPRESENTATION_CONTEXT(3) 
GLOBAL_UNCERTAINTY_ASSIGNED_CONTEXT((#7098)) 
GLOBAL_UNIT_ASSIGNED_CONTEXT((#7095,#7096,#7097)) REPRESENTATION_CONTEXT
('Context #1','3D Context with UNIT and UNCERTAINTY') );
#7095 = ( LENGTH_UNIT() NAMED_UNIT(*) SI_UNIT(.MILLI.,.METRE.) );
#7096 = ( NAMED_UNIT(*) PLANE_ANGLE_UNIT() SI_UNIT($,.RADIAN.) );
#7097 = ( NAMED_UNIT(*) SI_UNIT($,.STERADIAN.) SOLID_ANGLE_UNIT() );
#7098 = UNCERTAINTY_MEASURE_WITH_UNIT(LENGTH_MEASURE(2.E-05),#7095,
  'distance_accuracy_value','confusion accuracy');
#7099 = PRODUCT_RELATED_PRODUCT_CATEGORY('part',$,(#7));
ENDSEC;
END-ISO-10303-21;
