ISO-10303-21;
HEADER;
FILE_DESCRIPTION(('FreeCAD Model'),'2;1');
FILE_NAME('Open CASCADE Shape Model','2026-09-29T03:44:58',('Author'),(
    ''),'Open CASCADE STEP processor 7.8','FreeCAD','Unknown');
FILE_SCHEMA(('AUTOMOTIVE_DESIGN { 1 0 10303 214 1 1 1 1 }'));
ENDSEC;
DATA;
#1 = APPLICATION_PROTOCOL_DEFINITION('international standard',
  'automotive_design',2000,#2);
#2 = APPLICATION_CONTEXT(
  'core data for automotive mechanical design processes');
#3 = SHAPE_DEFINITION_REPRESENTATION(#4,#10);
#4 = PRODUCT_DEFINITION_SHAPE('','',#5);
#5 = PRODUCT_DEFINITION('design','',#6,#9);
#6 = PRODUCT_DEFINITION_FORMATION('','',#7);
#7 = PRODUCT('FRAME_RAIL_L','FRAME_RAIL_L','',(#8));
#8 = PRODUCT_CONTEXT('',#2,'mechanical');
#9 = PRODUCT_DEFINITION_CONTEXT('part definition',#2,'design');
#10 = ADVANCED_BREP_SHAPE_REPRESENTATION('',(#11,#15),#7775);
#11 = AXIS2_PLACEMENT_3D('',#12,#13,#14);
#12 = CARTESIAN_POINT('',(0.,0.,0.));
#13 = DIRECTION('',(0.,0.,1.));
#14 = DIRECTION('',(1.,0.,-0.));
#15 = MANIFOLD_SOLID_BREP('',#16);
#16 = CLOSED_SHELL('',(#17,#89,#929,#1363,#1387,#1846,#2634,#3591,#3615,
    #4637,#4670,#4693,#4733,#4756,#4796,#4812,#4845,#4878,#4911,#4944,
    #4977,#5010,#5043,#5076,#5093,#5110,#5127,#5144,#5161,#5178,#5200,
    #5217,#5234,#5251,#5268,#5285,#5302,#5319,#5336,#5353,#5370,#5392,
    #5409,#5426,#5443,#5455,#5472,#5489,#5506,#5523,#5545,#5562,#5579,
    #5596,#5613,#5635,#5652,#5669,#5686,#5703,#5720,#5753,#5770,#5787,
    #5804,#5821,#5838,#5855,#5872,#5889,#5906,#5923,#5940,#5957,#5974,
    #5991,#6008,#6025,#6042,#6059,#6076,#6093,#6110,#6127,#6144,#6161,
    #6178,#6195,#6212,#6229,#6246,#6263,#6280,#6297,#6314,#6331,#6348,
    #6365,#6382,#6399,#6416,#6433,#6450,#6467,#6484,#6501,#6518,#6535,
    #6552,#6569,#6586,#6603,#6620,#6637,#6654,#6671,#6688,#6705,#6722,
    #6739,#6756,#6773,#6790,#6807,#6824,#6841,#6863,#6880,#6902,#6919,
    #6936,#6953,#6970,#6987,#7004,#7021,#7038,#7055,#7077,#7094,#7116,
    #7133,#7150,#7167,#7184,#7201,#7218,#7240,#7257,#7274,#7291,#7309,
    #7327,#7347,#7367,#7385,#7403,#7421,#7439,#7457,#7475,#7493,#7511,
    #7525,#7539,#7553,#7567,#7591,#7605,#7629,#7643,#7657,#7671,#7685,
    #7709,#7723,#7747,#7761));
#17 = ADVANCED_FACE('',(#18),#84,.F.);
#18 = FACE_BOUND('',#19,.F.);
#19 = EDGE_LOOP('',(#20,#30,#38,#46,#54,#62,#70,#78));
#20 = ORIENTED_EDGE('',*,*,#21,.F.);
#21 = EDGE_CURVE('',#22,#24,#26,.T.);
#22 = VERTEX_POINT('',#23);
#23 = CARTESIAN_POINT('',(-222.25,136.02,63.75));
#24 = VERTEX_POINT('',#25);
#25 = CARTESIAN_POINT('',(-222.25,184.02,63.75));
#26 = LINE('',#27,#28);
#27 = CARTESIAN_POINT('',(-222.25,136.02,63.75));
#28 = VECTOR('',#29,1.);
#29 = DIRECTION('',(0.,1.,0.));
#30 = ORIENTED_EDGE('',*,*,#31,.F.);
#31 = EDGE_CURVE('',#32,#22,#34,.T.);
#32 = VERTEX_POINT('',#33);
#33 = CARTESIAN_POINT('',(-222.25,136.02,15.75));
#34 = LINE('',#35,#36);
#35 = CARTESIAN_POINT('',(-222.25,136.02,15.75));
#36 = VECTOR('',#37,1.);
#37 = DIRECTION('',(0.,0.,1.));
#38 = ORIENTED_EDGE('',*,*,#39,.T.);
#39 = EDGE_CURVE('',#32,#40,#42,.T.);
#40 = VERTEX_POINT('',#41);
#41 = CARTESIAN_POINT('',(-222.25,138.52,15.75));
#42 = LINE('',#43,#44);
#43 = CARTESIAN_POINT('',(-222.25,136.02,15.75));
#44 = VECTOR('',#45,1.);
#45 = DIRECTION('',(0.,1.,0.));
#46 = ORIENTED_EDGE('',*,*,#47,.T.);
#47 = EDGE_CURVE('',#40,#48,#50,.T.);
#48 = VERTEX_POINT('',#49);
#49 = CARTESIAN_POINT('',(-222.25,138.52,61.25));
#50 = LINE('',#51,#52);
#51 = CARTESIAN_POINT('',(-222.25,138.52,15.75));
#52 = VECTOR('',#53,1.);
#53 = DIRECTION('',(0.,0.,1.));
#54 = ORIENTED_EDGE('',*,*,#55,.F.);
#55 = EDGE_CURVE('',#56,#48,#58,.T.);
#56 = VERTEX_POINT('',#57);
#57 = CARTESIAN_POINT('',(-222.25,181.52,61.25));
#58 = LINE('',#59,#60);
#59 = CARTESIAN_POINT('',(-222.25,137.27,61.25));
#60 = VECTOR('',#61,1.);
#61 = DIRECTION('',(0.,-1.,0.));
#62 = ORIENTED_EDGE('',*,*,#63,.F.);
#63 = EDGE_CURVE('',#64,#56,#66,.T.);
#64 = VERTEX_POINT('',#65);
#65 = CARTESIAN_POINT('',(-222.25,181.52,15.75));
#66 = LINE('',#67,#68);
#67 = CARTESIAN_POINT('',(-222.25,181.52,15.75));
#68 = VECTOR('',#69,1.);
#69 = DIRECTION('',(0.,0.,1.));
#70 = ORIENTED_EDGE('',*,*,#71,.T.);
#71 = EDGE_CURVE('',#64,#72,#74,.T.);
#72 = VERTEX_POINT('',#73);
#73 = CARTESIAN_POINT('',(-222.25,184.02,15.75));
#74 = LINE('',#75,#76);
#75 = CARTESIAN_POINT('',(-222.25,136.02,15.75));
#76 = VECTOR('',#77,1.);
#77 = DIRECTION('',(0.,1.,0.));
#78 = ORIENTED_EDGE('',*,*,#79,.T.);
#79 = EDGE_CURVE('',#72,#24,#80,.T.);
#80 = LINE('',#81,#82);
#81 = CARTESIAN_POINT('',(-222.25,184.02,15.75));
#82 = VECTOR('',#83,1.);
#83 = DIRECTION('',(0.,0.,1.));
#84 = PLANE('',#85);
#85 = AXIS2_PLACEMENT_3D('',#86,#87,#88);
#86 = CARTESIAN_POINT('',(-222.25,136.02,15.75));
#87 = DIRECTION('',(1.,0.,0.));
#88 = DIRECTION('',(0.,0.,1.));
#89 = ADVANCED_FACE('',(#90,#493,#504,#515,#526,#537,#548,#559,#723,#734
    ,#745,#756,#767,#796,#807,#818,#829,#840,#869,#880,#891,#902,#913),
  #924,.T.);
#90 = FACE_BOUND('',#91,.T.);
#91 = EDGE_LOOP('',(#92,#100,#101,#109,#117,#125,#133,#141,#149,#157,
    #165,#173,#181,#189,#197,#205,#213,#221,#229,#237,#245,#253,#261,
    #269,#277,#285,#293,#301,#309,#317,#325,#333,#341,#349,#357,#365,
    #373,#381,#389,#397,#405,#413,#421,#429,#437,#445,#453,#461,#469,
    #477,#486));
#92 = ORIENTED_EDGE('',*,*,#93,.F.);
#93 = EDGE_CURVE('',#24,#94,#96,.T.);
#94 = VERTEX_POINT('',#95);
#95 = CARTESIAN_POINT('',(-172.8715503427,184.02,63.75));
#96 = LINE('',#97,#98);
#97 = CARTESIAN_POINT('',(-222.25,184.02,63.75));
#98 = VECTOR('',#99,1.);
#99 = DIRECTION('',(1.,0.,0.));
#100 = ORIENTED_EDGE('',*,*,#21,.F.);
#101 = ORIENTED_EDGE('',*,*,#102,.T.);
#102 = EDGE_CURVE('',#22,#103,#105,.T.);
#103 = VERTEX_POINT('',#104);
#104 = CARTESIAN_POINT('',(-155.5832291625,136.02,63.75));
#105 = LINE('',#106,#107);
#106 = CARTESIAN_POINT('',(-222.25,136.02,63.75));
#107 = VECTOR('',#108,1.);
#108 = DIRECTION('',(1.,0.,0.));
#109 = ORIENTED_EDGE('',*,*,#110,.F.);
#110 = EDGE_CURVE('',#111,#103,#113,.T.);
#111 = VERTEX_POINT('',#112);
#112 = CARTESIAN_POINT('',(-155.5832291625,139.52,63.75));
#113 = LINE('',#114,#115);
#114 = CARTESIAN_POINT('',(-155.5832291625,135.02,63.75));
#115 = VECTOR('',#116,1.);
#116 = DIRECTION('',(0.,-1.,2.2E-16));
#117 = ORIENTED_EDGE('',*,*,#118,.F.);
#118 = EDGE_CURVE('',#119,#111,#121,.T.);
#119 = VERTEX_POINT('',#120);
#120 = CARTESIAN_POINT('',(-152.9167708374,139.52,63.75));
#121 = LINE('',#122,#123);
#122 = CARTESIAN_POINT('',(-188.25,139.52,63.75));
#123 = VECTOR('',#124,1.);
#124 = DIRECTION('',(-1.,0.,0.));
#125 = ORIENTED_EDGE('',*,*,#126,.T.);
#126 = EDGE_CURVE('',#119,#127,#129,.T.);
#127 = VERTEX_POINT('',#128);
#128 = CARTESIAN_POINT('',(-152.9167708374,136.02,63.75));
#129 = LINE('',#130,#131);
#130 = CARTESIAN_POINT('',(-152.9167708374,135.02,63.75));
#131 = VECTOR('',#132,1.);
#132 = DIRECTION('',(0.,-1.,2.2E-16));
#133 = ORIENTED_EDGE('',*,*,#134,.T.);
#134 = EDGE_CURVE('',#127,#135,#137,.T.);
#135 = VERTEX_POINT('',#136);
#136 = CARTESIAN_POINT('',(-101.0832291625,136.02,63.75));
#137 = LINE('',#138,#139);
#138 = CARTESIAN_POINT('',(-222.25,136.02,63.75));
#139 = VECTOR('',#140,1.);
#140 = DIRECTION('',(1.,0.,0.));
#141 = ORIENTED_EDGE('',*,*,#142,.F.);
#142 = EDGE_CURVE('',#143,#135,#145,.T.);
#143 = VERTEX_POINT('',#144);
#144 = CARTESIAN_POINT('',(-101.0832291625,139.52,63.75));
#145 = LINE('',#146,#147);
#146 = CARTESIAN_POINT('',(-101.0832291625,135.02,63.75));
#147 = VECTOR('',#148,1.);
#148 = DIRECTION('',(0.,-1.,2.2E-16));
#149 = ORIENTED_EDGE('',*,*,#150,.F.);
#150 = EDGE_CURVE('',#151,#143,#153,.T.);
#151 = VERTEX_POINT('',#152);
#152 = CARTESIAN_POINT('',(-98.4167708374,139.52,63.75));
#153 = LINE('',#154,#155);
#154 = CARTESIAN_POINT('',(-161.,139.52,63.75));
#155 = VECTOR('',#156,1.);
#156 = DIRECTION('',(-1.,0.,0.));
#157 = ORIENTED_EDGE('',*,*,#158,.T.);
#158 = EDGE_CURVE('',#151,#159,#161,.T.);
#159 = VERTEX_POINT('',#160);
#160 = CARTESIAN_POINT('',(-98.4167708374,136.02,63.75));
#161 = LINE('',#162,#163);
#162 = CARTESIAN_POINT('',(-98.4167708374,135.02,63.75));
#163 = VECTOR('',#164,1.);
#164 = DIRECTION('',(0.,-1.,2.2E-16));
#165 = ORIENTED_EDGE('',*,*,#166,.T.);
#166 = EDGE_CURVE('',#159,#167,#169,.T.);
#167 = VERTEX_POINT('',#168);
#168 = CARTESIAN_POINT('',(-61.33322916259,136.02,63.75));
#169 = LINE('',#170,#171);
#170 = CARTESIAN_POINT('',(-222.25,136.02,63.75));
#171 = VECTOR('',#172,1.);
#172 = DIRECTION('',(1.,0.,0.));
#173 = ORIENTED_EDGE('',*,*,#174,.F.);
#174 = EDGE_CURVE('',#175,#167,#177,.T.);
#175 = VERTEX_POINT('',#176);
#176 = CARTESIAN_POINT('',(-61.33322916259,139.52,63.75));
#177 = LINE('',#178,#179);
#178 = CARTESIAN_POINT('',(-61.33322916259,135.02,63.75));
#179 = VECTOR('',#180,1.);
#180 = DIRECTION('',(0.,-1.,2.2E-16));
#181 = ORIENTED_EDGE('',*,*,#182,.F.);
#182 = EDGE_CURVE('',#183,#175,#185,.T.);
#183 = VERTEX_POINT('',#184);
#184 = CARTESIAN_POINT('',(-58.6667708374,139.52,63.75));
#185 = LINE('',#186,#187);
#186 = CARTESIAN_POINT('',(-141.125,139.52,63.75));
#187 = VECTOR('',#188,1.);
#188 = DIRECTION('',(-1.,0.,0.));
#189 = ORIENTED_EDGE('',*,*,#190,.T.);
#190 = EDGE_CURVE('',#183,#191,#193,.T.);
#191 = VERTEX_POINT('',#192);
#192 = CARTESIAN_POINT('',(-58.6667708374,136.02,63.75));
#193 = LINE('',#194,#195);
#194 = CARTESIAN_POINT('',(-58.6667708374,135.02,63.75));
#195 = VECTOR('',#196,1.);
#196 = DIRECTION('',(0.,-1.,2.2E-16));
#197 = ORIENTED_EDGE('',*,*,#198,.T.);
#198 = EDGE_CURVE('',#191,#199,#201,.T.);
#199 = VERTEX_POINT('',#200);
#200 = CARTESIAN_POINT('',(-21.33322916259,136.02,63.75));
#201 = LINE('',#202,#203);
#202 = CARTESIAN_POINT('',(-222.25,136.02,63.75));
#203 = VECTOR('',#204,1.);
#204 = DIRECTION('',(1.,0.,0.));
#205 = ORIENTED_EDGE('',*,*,#206,.F.);
#206 = EDGE_CURVE('',#207,#199,#209,.T.);
#207 = VERTEX_POINT('',#208);
#208 = CARTESIAN_POINT('',(-21.33322916259,139.52,63.75));
#209 = LINE('',#210,#211);
#210 = CARTESIAN_POINT('',(-21.33322916259,135.02,63.75));
#211 = VECTOR('',#212,1.);
#212 = DIRECTION('',(0.,-1.,2.2E-16));
#213 = ORIENTED_EDGE('',*,*,#214,.F.);
#214 = EDGE_CURVE('',#215,#207,#217,.T.);
#215 = VERTEX_POINT('',#216);
#216 = CARTESIAN_POINT('',(-18.6667708374,139.52,63.75));
#217 = LINE('',#218,#219);
#218 = CARTESIAN_POINT('',(-121.125,139.52,63.75));
#219 = VECTOR('',#220,1.);
#220 = DIRECTION('',(-1.,0.,0.));
#221 = ORIENTED_EDGE('',*,*,#222,.T.);
#222 = EDGE_CURVE('',#215,#223,#225,.T.);
#223 = VERTEX_POINT('',#224);
#224 = CARTESIAN_POINT('',(-18.6667708374,136.02,63.75));
#225 = LINE('',#226,#227);
#226 = CARTESIAN_POINT('',(-18.6667708374,135.02,63.75));
#227 = VECTOR('',#228,1.);
#228 = DIRECTION('',(0.,-1.,2.2E-16));
#229 = ORIENTED_EDGE('',*,*,#230,.T.);
#230 = EDGE_CURVE('',#223,#231,#233,.T.);
#231 = VERTEX_POINT('',#232);
#232 = CARTESIAN_POINT('',(18.666770837404,136.02,63.75));
#233 = LINE('',#234,#235);
#234 = CARTESIAN_POINT('',(-222.25,136.02,63.75));
#235 = VECTOR('',#236,1.);
#236 = DIRECTION('',(1.,0.,0.));
#237 = ORIENTED_EDGE('',*,*,#238,.F.);
#238 = EDGE_CURVE('',#239,#231,#241,.T.);
#239 = VERTEX_POINT('',#240);
#240 = CARTESIAN_POINT('',(18.666770837403,139.52,63.75));
#241 = LINE('',#242,#243);
#242 = CARTESIAN_POINT('',(18.666770837403,135.02,63.75));
#243 = VECTOR('',#244,1.);
#244 = DIRECTION('',(0.,-1.,2.2E-16));
#245 = ORIENTED_EDGE('',*,*,#246,.F.);
#246 = EDGE_CURVE('',#247,#239,#249,.T.);
#247 = VERTEX_POINT('',#248);
#248 = CARTESIAN_POINT('',(21.333229162597,139.52,63.75));
#249 = LINE('',#250,#251);
#250 = CARTESIAN_POINT('',(-101.125,139.52,63.75));
#251 = VECTOR('',#252,1.);
#252 = DIRECTION('',(-1.,0.,0.));
#253 = ORIENTED_EDGE('',*,*,#254,.T.);
#254 = EDGE_CURVE('',#247,#255,#257,.T.);
#255 = VERTEX_POINT('',#256);
#256 = CARTESIAN_POINT('',(21.333229162596,136.02,63.75));
#257 = LINE('',#258,#259);
#258 = CARTESIAN_POINT('',(21.333229162597,135.02,63.75));
#259 = VECTOR('',#260,1.);
#260 = DIRECTION('',(0.,-1.,2.2E-16));
#261 = ORIENTED_EDGE('',*,*,#262,.T.);
#262 = EDGE_CURVE('',#255,#263,#265,.T.);
#263 = VERTEX_POINT('',#264);
#264 = CARTESIAN_POINT('',(80.666770837404,136.02,63.75));
#265 = LINE('',#266,#267);
#266 = CARTESIAN_POINT('',(-222.25,136.02,63.75));
#267 = VECTOR('',#268,1.);
#268 = DIRECTION('',(1.,0.,0.));
#269 = ORIENTED_EDGE('',*,*,#270,.F.);
#270 = EDGE_CURVE('',#271,#263,#273,.T.);
#271 = VERTEX_POINT('',#272);
#272 = CARTESIAN_POINT('',(80.666770837403,139.52,63.75));
#273 = LINE('',#274,#275);
#274 = CARTESIAN_POINT('',(80.666770837403,135.02,63.75));
#275 = VECTOR('',#276,1.);
#276 = DIRECTION('',(0.,-1.,2.2E-16));
#277 = ORIENTED_EDGE('',*,*,#278,.F.);
#278 = EDGE_CURVE('',#279,#271,#281,.T.);
#279 = VERTEX_POINT('',#280);
#280 = CARTESIAN_POINT('',(83.333229162597,139.52,63.75));
#281 = LINE('',#282,#283);
#282 = CARTESIAN_POINT('',(-70.125,139.52,63.75));
#283 = VECTOR('',#284,1.);
#284 = DIRECTION('',(-1.,0.,0.));
#285 = ORIENTED_EDGE('',*,*,#286,.T.);
#286 = EDGE_CURVE('',#279,#287,#289,.T.);
#287 = VERTEX_POINT('',#288);
#288 = CARTESIAN_POINT('',(83.333229162596,136.02,63.75));
#289 = LINE('',#290,#291);
#290 = CARTESIAN_POINT('',(83.333229162597,135.02,63.75));
#291 = VECTOR('',#292,1.);
#292 = DIRECTION('',(0.,-1.,2.2E-16));
#293 = ORIENTED_EDGE('',*,*,#294,.T.);
#294 = EDGE_CURVE('',#287,#295,#297,.T.);
#295 = VERTEX_POINT('',#296);
#296 = CARTESIAN_POINT('',(98.416770837404,136.02,63.75));
#297 = LINE('',#298,#299);
#298 = CARTESIAN_POINT('',(-222.25,136.02,63.75));
#299 = VECTOR('',#300,1.);
#300 = DIRECTION('',(1.,0.,0.));
#301 = ORIENTED_EDGE('',*,*,#302,.F.);
#302 = EDGE_CURVE('',#303,#295,#305,.T.);
#303 = VERTEX_POINT('',#304);
#304 = CARTESIAN_POINT('',(98.416770837403,139.52,63.75));
#305 = LINE('',#306,#307);
#306 = CARTESIAN_POINT('',(98.416770837403,135.02,63.75));
#307 = VECTOR('',#308,1.);
#308 = DIRECTION('',(0.,-1.,2.2E-16));
#309 = ORIENTED_EDGE('',*,*,#310,.F.);
#310 = EDGE_CURVE('',#311,#303,#313,.T.);
#311 = VERTEX_POINT('',#312);
#312 = CARTESIAN_POINT('',(101.08322916259,139.52,63.75));
#313 = LINE('',#314,#315);
#314 = CARTESIAN_POINT('',(-61.25,139.52,63.75));
#315 = VECTOR('',#316,1.);
#316 = DIRECTION('',(-1.,0.,0.));
#317 = ORIENTED_EDGE('',*,*,#318,.T.);
#318 = EDGE_CURVE('',#311,#319,#321,.T.);
#319 = VERTEX_POINT('',#320);
#320 = CARTESIAN_POINT('',(101.08322916259,136.02,63.75));
#321 = LINE('',#322,#323);
#322 = CARTESIAN_POINT('',(101.08322916259,135.02,63.75));
#323 = VECTOR('',#324,1.);
#324 = DIRECTION('',(0.,-1.,2.2E-16));
#325 = ORIENTED_EDGE('',*,*,#326,.T.);
#326 = EDGE_CURVE('',#319,#327,#329,.T.);
#327 = VERTEX_POINT('',#328);
#328 = CARTESIAN_POINT('',(152.9167708374,136.02,63.75));
#329 = LINE('',#330,#331);
#330 = CARTESIAN_POINT('',(-222.25,136.02,63.75));
#331 = VECTOR('',#332,1.);
#332 = DIRECTION('',(1.,0.,0.));
#333 = ORIENTED_EDGE('',*,*,#334,.F.);
#334 = EDGE_CURVE('',#335,#327,#337,.T.);
#335 = VERTEX_POINT('',#336);
#336 = CARTESIAN_POINT('',(152.9167708374,139.52,63.75));
#337 = LINE('',#338,#339);
#338 = CARTESIAN_POINT('',(152.9167708374,135.02,63.75));
#339 = VECTOR('',#340,1.);
#340 = DIRECTION('',(0.,-1.,2.2E-16));
#341 = ORIENTED_EDGE('',*,*,#342,.F.);
#342 = EDGE_CURVE('',#343,#335,#345,.T.);
#343 = VERTEX_POINT('',#344);
#344 = CARTESIAN_POINT('',(155.58322916259,139.52,63.75));
#345 = LINE('',#346,#347);
#346 = CARTESIAN_POINT('',(-34.,139.52,63.75));
#347 = VECTOR('',#348,1.);
#348 = DIRECTION('',(-1.,0.,0.));
#349 = ORIENTED_EDGE('',*,*,#350,.T.);
#350 = EDGE_CURVE('',#343,#351,#353,.T.);
#351 = VERTEX_POINT('',#352);
#352 = CARTESIAN_POINT('',(155.58322916259,136.02,63.75));
#353 = LINE('',#354,#355);
#354 = CARTESIAN_POINT('',(155.58322916259,135.02,63.75));
#355 = VECTOR('',#356,1.);
#356 = DIRECTION('',(0.,-1.,2.2E-16));
#357 = ORIENTED_EDGE('',*,*,#358,.T.);
#358 = EDGE_CURVE('',#351,#359,#361,.T.);
#359 = VERTEX_POINT('',#360);
#360 = CARTESIAN_POINT('',(222.25,136.02,63.75));
#361 = LINE('',#362,#363);
#362 = CARTESIAN_POINT('',(-222.25,136.02,63.75));
#363 = VECTOR('',#364,1.);
#364 = DIRECTION('',(1.,0.,0.));
#365 = ORIENTED_EDGE('',*,*,#366,.T.);
#366 = EDGE_CURVE('',#359,#367,#369,.T.);
#367 = VERTEX_POINT('',#368);
#368 = CARTESIAN_POINT('',(222.25,184.02,63.75));
#369 = LINE('',#370,#371);
#370 = CARTESIAN_POINT('',(222.25,136.02,63.75));
#371 = VECTOR('',#372,1.);
#372 = DIRECTION('',(0.,1.,0.));
#373 = ORIENTED_EDGE('',*,*,#374,.F.);
#374 = EDGE_CURVE('',#375,#367,#377,.T.);
#375 = VERTEX_POINT('',#376);
#376 = CARTESIAN_POINT('',(206.77772085586,184.02,63.75));
#377 = LINE('',#378,#379);
#378 = CARTESIAN_POINT('',(-222.25,184.02,63.75));
#379 = VECTOR('',#380,1.);
#380 = DIRECTION('',(1.,0.,0.));
#381 = ORIENTED_EDGE('',*,*,#382,.T.);
#382 = EDGE_CURVE('',#375,#383,#385,.T.);
#383 = VERTEX_POINT('',#384);
#384 = CARTESIAN_POINT('',(206.77772085586,180.52,63.75));
#385 = LINE('',#386,#387);
#386 = CARTESIAN_POINT('',(206.77772085586,180.52,63.75));
#387 = VECTOR('',#388,1.);
#388 = DIRECTION('',(0.,-1.,2.2E-16));
#389 = ORIENTED_EDGE('',*,*,#390,.T.);
#390 = EDGE_CURVE('',#383,#391,#393,.T.);
#391 = VERTEX_POINT('',#392);
#392 = CARTESIAN_POINT('',(193.22227914413,180.52,63.75));
#393 = LINE('',#394,#395);
#394 = CARTESIAN_POINT('',(-11.125,180.52,63.75));
#395 = VECTOR('',#396,1.);
#396 = DIRECTION('',(-1.,0.,0.));
#397 = ORIENTED_EDGE('',*,*,#398,.F.);
#398 = EDGE_CURVE('',#399,#391,#401,.T.);
#399 = VERTEX_POINT('',#400);
#400 = CARTESIAN_POINT('',(193.22227914413,184.02,63.75));
#401 = LINE('',#402,#403);
#402 = CARTESIAN_POINT('',(193.22227914413,180.52,63.75));
#403 = VECTOR('',#404,1.);
#404 = DIRECTION('',(0.,-1.,2.2E-16));
#405 = ORIENTED_EDGE('',*,*,#406,.F.);
#406 = EDGE_CURVE('',#407,#399,#409,.T.);
#407 = VERTEX_POINT('',#408);
#408 = CARTESIAN_POINT('',(192.77772085586,184.02,63.75));
#409 = LINE('',#410,#411);
#410 = CARTESIAN_POINT('',(-222.25,184.02,63.75));
#411 = VECTOR('',#412,1.);
#412 = DIRECTION('',(1.,0.,0.));
#413 = ORIENTED_EDGE('',*,*,#414,.T.);
#414 = EDGE_CURVE('',#407,#415,#417,.T.);
#415 = VERTEX_POINT('',#416);
#416 = CARTESIAN_POINT('',(192.77772085586,180.52,63.75));
#417 = LINE('',#418,#419);
#418 = CARTESIAN_POINT('',(192.77772085586,180.52,63.75));
#419 = VECTOR('',#420,1.);
#420 = DIRECTION('',(0.,-1.,2.2E-16));
#421 = ORIENTED_EDGE('',*,*,#422,.T.);
#422 = EDGE_CURVE('',#415,#423,#425,.T.);
#423 = VERTEX_POINT('',#424);
#424 = CARTESIAN_POINT('',(179.22227914413,180.52,63.75));
#425 = LINE('',#426,#427);
#426 = CARTESIAN_POINT('',(-18.125,180.52,63.75));
#427 = VECTOR('',#428,1.);
#428 = DIRECTION('',(-1.,0.,0.));
#429 = ORIENTED_EDGE('',*,*,#430,.F.);
#430 = EDGE_CURVE('',#431,#423,#433,.T.);
#431 = VERTEX_POINT('',#432);
#432 = CARTESIAN_POINT('',(179.22227914413,184.02,63.75));
#433 = LINE('',#434,#435);
#434 = CARTESIAN_POINT('',(179.22227914413,180.52,63.75));
#435 = VECTOR('',#436,1.);
#436 = DIRECTION('',(0.,-1.,2.2E-16));
#437 = ORIENTED_EDGE('',*,*,#438,.F.);
#438 = EDGE_CURVE('',#439,#431,#441,.T.);
#439 = VERTEX_POINT('',#440);
#440 = CARTESIAN_POINT('',(178.77772085586,184.02,63.75));
#441 = LINE('',#442,#443);
#442 = CARTESIAN_POINT('',(-222.25,184.02,63.75));
#443 = VECTOR('',#444,1.);
#444 = DIRECTION('',(1.,0.,0.));
#445 = ORIENTED_EDGE('',*,*,#446,.T.);
#446 = EDGE_CURVE('',#439,#447,#449,.T.);
#447 = VERTEX_POINT('',#448);
#448 = CARTESIAN_POINT('',(178.77772085586,180.52,63.75));
#449 = LINE('',#450,#451);
#450 = CARTESIAN_POINT('',(178.77772085586,180.52,63.75));
#451 = VECTOR('',#452,1.);
#452 = DIRECTION('',(0.,-1.,2.2E-16));
#453 = ORIENTED_EDGE('',*,*,#454,.T.);
#454 = EDGE_CURVE('',#447,#455,#457,.T.);
#455 = VERTEX_POINT('',#456);
#456 = CARTESIAN_POINT('',(165.22227914413,180.52,63.75));
#457 = LINE('',#458,#459);
#458 = CARTESIAN_POINT('',(-25.125,180.52,63.75));
#459 = VECTOR('',#460,1.);
#460 = DIRECTION('',(-1.,0.,0.));
#461 = ORIENTED_EDGE('',*,*,#462,.F.);
#462 = EDGE_CURVE('',#463,#455,#465,.T.);
#463 = VERTEX_POINT('',#464);
#464 = CARTESIAN_POINT('',(165.22227914413,184.02,63.75));
#465 = LINE('',#466,#467);
#466 = CARTESIAN_POINT('',(165.22227914413,180.52,63.75));
#467 = VECTOR('',#468,1.);
#468 = DIRECTION('',(0.,-1.,2.2E-16));
#469 = ORIENTED_EDGE('',*,*,#470,.F.);
#470 = EDGE_CURVE('',#471,#463,#473,.T.);
#471 = VERTEX_POINT('',#472);
#472 = CARTESIAN_POINT('',(-171.1284496572,184.02,63.75));
#473 = LINE('',#474,#475);
#474 = CARTESIAN_POINT('',(-222.25,184.02,63.75));
#475 = VECTOR('',#476,1.);
#476 = DIRECTION('',(1.,0.,0.));
#477 = ORIENTED_EDGE('',*,*,#478,.T.);
#478 = EDGE_CURVE('',#471,#479,#481,.T.);
#479 = VERTEX_POINT('',#480);
#480 = CARTESIAN_POINT('',(-169.8,182.,63.75));
#481 = CIRCLE('',#482,2.2);
#482 = AXIS2_PLACEMENT_3D('',#483,#484,#485);
#483 = CARTESIAN_POINT('',(-172.,182.,63.75));
#484 = DIRECTION('',(0.,0.,-1.));
#485 = DIRECTION('',(1.,0.,0.));
#486 = ORIENTED_EDGE('',*,*,#487,.T.);
#487 = EDGE_CURVE('',#479,#94,#488,.T.);
#488 = CIRCLE('',#489,2.2);
#489 = AXIS2_PLACEMENT_3D('',#490,#491,#492);
#490 = CARTESIAN_POINT('',(-172.,182.,63.75));
#491 = DIRECTION('',(0.,0.,-1.));
#492 = DIRECTION('',(1.,0.,0.));
#493 = FACE_BOUND('',#494,.T.);
#494 = EDGE_LOOP('',(#495));
#495 = ORIENTED_EDGE('',*,*,#496,.T.);
#496 = EDGE_CURVE('',#497,#497,#499,.T.);
#497 = VERTEX_POINT('',#498);
#498 = CARTESIAN_POINT('',(-178.8,142.,63.75));
#499 = CIRCLE('',#500,2.2);
#500 = AXIS2_PLACEMENT_3D('',#501,#502,#503);
#501 = CARTESIAN_POINT('',(-181.,142.,63.75));
#502 = DIRECTION('',(0.,0.,-1.));
#503 = DIRECTION('',(1.,0.,0.));
#504 = FACE_BOUND('',#505,.T.);
#505 = EDGE_LOOP('',(#506));
#506 = ORIENTED_EDGE('',*,*,#507,.T.);
#507 = EDGE_CURVE('',#508,#508,#510,.T.);
#508 = VERTEX_POINT('',#509);
#509 = CARTESIAN_POINT('',(-169.8,143.,63.75));
#510 = CIRCLE('',#511,2.2);
#511 = AXIS2_PLACEMENT_3D('',#512,#513,#514);
#512 = CARTESIAN_POINT('',(-172.,143.,63.75));
#513 = DIRECTION('',(0.,0.,-1.));
#514 = DIRECTION('',(1.,0.,0.));
#515 = FACE_BOUND('',#516,.T.);
#516 = EDGE_LOOP('',(#517));
#517 = ORIENTED_EDGE('',*,*,#518,.T.);
#518 = EDGE_CURVE('',#519,#519,#521,.T.);
#519 = VERTEX_POINT('',#520);
#520 = CARTESIAN_POINT('',(-142.8,142.,63.75));
#521 = CIRCLE('',#522,2.2);
#522 = AXIS2_PLACEMENT_3D('',#523,#524,#525);
#523 = CARTESIAN_POINT('',(-145.,142.,63.75));
#524 = DIRECTION('',(0.,0.,-1.));
#525 = DIRECTION('',(1.,0.,0.));
#526 = FACE_BOUND('',#527,.T.);
#527 = EDGE_LOOP('',(#528));
#528 = ORIENTED_EDGE('',*,*,#529,.T.);
#529 = EDGE_CURVE('',#530,#530,#532,.T.);
#530 = VERTEX_POINT('',#531);
#531 = CARTESIAN_POINT('',(-169.8,149.,63.75));
#532 = CIRCLE('',#533,2.2);
#533 = AXIS2_PLACEMENT_3D('',#534,#535,#536);
#534 = CARTESIAN_POINT('',(-172.,149.,63.75));
#535 = DIRECTION('',(0.,0.,-1.));
#536 = DIRECTION('',(1.,0.,0.));
#537 = FACE_BOUND('',#538,.T.);
#538 = EDGE_LOOP('',(#539));
#539 = ORIENTED_EDGE('',*,*,#540,.T.);
#540 = EDGE_CURVE('',#541,#541,#543,.T.);
#541 = VERTEX_POINT('',#542);
#542 = CARTESIAN_POINT('',(-200.92,152.02,63.75));
#543 = CIRCLE('',#544,2.2);
#544 = AXIS2_PLACEMENT_3D('',#545,#546,#547);
#545 = CARTESIAN_POINT('',(-203.12,152.02,63.75));
#546 = DIRECTION('',(0.,0.,-1.));
#547 = DIRECTION('',(1.,0.,0.));
#548 = FACE_BOUND('',#549,.T.);
#549 = EDGE_LOOP('',(#550));
#550 = ORIENTED_EDGE('',*,*,#551,.T.);
#551 = EDGE_CURVE('',#552,#552,#554,.T.);
#552 = VERTEX_POINT('',#553);
#553 = CARTESIAN_POINT('',(-181.92,152.02,63.75));
#554 = CIRCLE('',#555,2.2);
#555 = AXIS2_PLACEMENT_3D('',#556,#557,#558);
#556 = CARTESIAN_POINT('',(-184.12,152.02,63.75));
#557 = DIRECTION('',(0.,0.,-1.));
#558 = DIRECTION('',(1.,0.,0.));
#559 = FACE_BOUND('',#560,.T.);
#560 = EDGE_LOOP('',(#561,#572,#581,#590,#599,#608,#617,#626,#635,#644,
    #653,#662,#671,#680,#689,#698,#707,#716));
#561 = ORIENTED_EDGE('',*,*,#562,.T.);
#562 = EDGE_CURVE('',#563,#565,#567,.T.);
#563 = VERTEX_POINT('',#564);
#564 = CARTESIAN_POINT('',(170.,160.74456264653,63.75));
#565 = VERTEX_POINT('',#566);
#566 = CARTESIAN_POINT('',(176.24936240444,161.62875318393,63.75));
#567 = CIRCLE('',#568,7.);
#568 = AXIS2_PLACEMENT_3D('',#569,#570,#571);
#569 = CARTESIAN_POINT('',(174.,155.,63.75));
#570 = DIRECTION('',(0.,0.,-1.));
#571 = DIRECTION('',(1.,0.,0.));
#572 = ORIENTED_EDGE('',*,*,#573,.T.);
#573 = EDGE_CURVE('',#565,#574,#576,.T.);
#574 = VERTEX_POINT('',#575);
#575 = CARTESIAN_POINT('',(179.38419826198,161.49288697479,63.75));
#576 = CIRCLE('',#577,2.2);
#577 = AXIS2_PLACEMENT_3D('',#578,#579,#580);
#578 = CARTESIAN_POINT('',(177.75,160.02,63.75));
#579 = DIRECTION('',(0.,0.,-1.));
#580 = DIRECTION('',(1.,0.,0.));
#581 = ORIENTED_EDGE('',*,*,#582,.T.);
#582 = EDGE_CURVE('',#574,#583,#585,.T.);
#583 = VERTEX_POINT('',#584);
#584 = CARTESIAN_POINT('',(186.,160.74456264653,63.75));
#585 = CIRCLE('',#586,7.);
#586 = AXIS2_PLACEMENT_3D('',#587,#588,#589);
#587 = CARTESIAN_POINT('',(182.,155.,63.75));
#588 = DIRECTION('',(0.,0.,-1.));
#589 = DIRECTION('',(1.,0.,0.));
#590 = ORIENTED_EDGE('',*,*,#591,.T.);
#591 = EDGE_CURVE('',#583,#592,#594,.T.);
#592 = VERTEX_POINT('',#593);
#593 = CARTESIAN_POINT('',(194.,160.74456264653,63.75));
#594 = CIRCLE('',#595,7.);
#595 = AXIS2_PLACEMENT_3D('',#596,#597,#598);
#596 = CARTESIAN_POINT('',(190.,155.,63.75));
#597 = DIRECTION('',(0.,0.,-1.));
#598 = DIRECTION('',(1.,0.,0.));
#599 = ORIENTED_EDGE('',*,*,#600,.T.);
#600 = EDGE_CURVE('',#592,#601,#603,.T.);
#601 = VERTEX_POINT('',#602);
#602 = CARTESIAN_POINT('',(202.,160.74456264653,63.75));
#603 = CIRCLE('',#604,7.);
#604 = AXIS2_PLACEMENT_3D('',#605,#606,#607);
#605 = CARTESIAN_POINT('',(198.,155.,63.75));
#606 = DIRECTION('',(0.,0.,-1.));
#607 = DIRECTION('',(1.,0.,0.));
#608 = ORIENTED_EDGE('',*,*,#609,.T.);
#609 = EDGE_CURVE('',#601,#610,#612,.T.);
#610 = VERTEX_POINT('',#611);
#611 = CARTESIAN_POINT('',(210.,160.74456264653,63.75));
#612 = CIRCLE('',#613,7.);
#613 = AXIS2_PLACEMENT_3D('',#614,#615,#616);
#614 = CARTESIAN_POINT('',(206.,155.,63.75));
#615 = DIRECTION('',(0.,0.,-1.));
#616 = DIRECTION('',(1.,0.,0.));
#617 = ORIENTED_EDGE('',*,*,#618,.T.);
#618 = EDGE_CURVE('',#610,#619,#621,.T.);
#619 = VERTEX_POINT('',#620);
#620 = CARTESIAN_POINT('',(221.,155.,63.75));
#621 = CIRCLE('',#622,7.);
#622 = AXIS2_PLACEMENT_3D('',#623,#624,#625);
#623 = CARTESIAN_POINT('',(214.,155.,63.75));
#624 = DIRECTION('',(0.,0.,-1.));
#625 = DIRECTION('',(1.,0.,0.));
#626 = ORIENTED_EDGE('',*,*,#627,.T.);
#627 = EDGE_CURVE('',#619,#628,#630,.T.);
#628 = VERTEX_POINT('',#629);
#629 = CARTESIAN_POINT('',(210.,149.25543735346,63.75));
#630 = CIRCLE('',#631,7.);
#631 = AXIS2_PLACEMENT_3D('',#632,#633,#634);
#632 = CARTESIAN_POINT('',(214.,155.,63.75));
#633 = DIRECTION('',(0.,0.,-1.));
#634 = DIRECTION('',(1.,0.,0.));
#635 = ORIENTED_EDGE('',*,*,#636,.T.);
#636 = EDGE_CURVE('',#628,#637,#639,.T.);
#637 = VERTEX_POINT('',#638);
#638 = CARTESIAN_POINT('',(202.,149.25543735346,63.75));
#639 = CIRCLE('',#640,7.);
#640 = AXIS2_PLACEMENT_3D('',#641,#642,#643);
#641 = CARTESIAN_POINT('',(206.,155.,63.75));
#642 = DIRECTION('',(0.,0.,-1.));
#643 = DIRECTION('',(1.,0.,0.));
#644 = ORIENTED_EDGE('',*,*,#645,.T.);
#645 = EDGE_CURVE('',#637,#646,#648,.T.);
#646 = VERTEX_POINT('',#647);
#647 = CARTESIAN_POINT('',(194.,149.25543735346,63.75));
#648 = CIRCLE('',#649,7.);
#649 = AXIS2_PLACEMENT_3D('',#650,#651,#652);
#650 = CARTESIAN_POINT('',(198.,155.,63.75));
#651 = DIRECTION('',(0.,0.,-1.));
#652 = DIRECTION('',(1.,0.,0.));
#653 = ORIENTED_EDGE('',*,*,#654,.T.);
#654 = EDGE_CURVE('',#646,#655,#657,.T.);
#655 = VERTEX_POINT('',#656);
#656 = CARTESIAN_POINT('',(186.,149.25543735346,63.75));
#657 = CIRCLE('',#658,7.);
#658 = AXIS2_PLACEMENT_3D('',#659,#660,#661);
#659 = CARTESIAN_POINT('',(190.,155.,63.75));
#660 = DIRECTION('',(0.,0.,-1.));
#661 = DIRECTION('',(1.,0.,0.));
#662 = ORIENTED_EDGE('',*,*,#663,.T.);
#663 = EDGE_CURVE('',#655,#664,#666,.T.);
#664 = VERTEX_POINT('',#665);
#665 = CARTESIAN_POINT('',(178.,149.25543735346,63.75));
#666 = CIRCLE('',#667,7.);
#667 = AXIS2_PLACEMENT_3D('',#668,#669,#670);
#668 = CARTESIAN_POINT('',(182.,155.,63.75));
#669 = DIRECTION('',(0.,0.,-1.));
#670 = DIRECTION('',(1.,0.,0.));
#671 = ORIENTED_EDGE('',*,*,#672,.T.);
#672 = EDGE_CURVE('',#664,#673,#675,.T.);
#673 = VERTEX_POINT('',#674);
#674 = CARTESIAN_POINT('',(170.,149.25543735346,63.75));
#675 = CIRCLE('',#676,7.);
#676 = AXIS2_PLACEMENT_3D('',#677,#678,#679);
#677 = CARTESIAN_POINT('',(174.,155.,63.75));
#678 = DIRECTION('',(0.,0.,-1.));
#679 = DIRECTION('',(1.,0.,0.));
#680 = ORIENTED_EDGE('',*,*,#681,.T.);
#681 = EDGE_CURVE('',#673,#682,#684,.T.);
#682 = VERTEX_POINT('',#683);
#683 = CARTESIAN_POINT('',(162.,149.25543735346,63.75));
#684 = CIRCLE('',#685,7.);
#685 = AXIS2_PLACEMENT_3D('',#686,#687,#688);
#686 = CARTESIAN_POINT('',(166.,155.,63.75));
#687 = DIRECTION('',(0.,0.,-1.));
#688 = DIRECTION('',(1.,0.,0.));
#689 = ORIENTED_EDGE('',*,*,#690,.T.);
#690 = EDGE_CURVE('',#682,#691,#693,.T.);
#691 = VERTEX_POINT('',#692);
#692 = CARTESIAN_POINT('',(154.,149.25543735346,63.75));
#693 = CIRCLE('',#694,7.);
#694 = AXIS2_PLACEMENT_3D('',#695,#696,#697);
#695 = CARTESIAN_POINT('',(158.,155.,63.75));
#696 = DIRECTION('',(0.,0.,-1.));
#697 = DIRECTION('',(1.,0.,0.));
#698 = ORIENTED_EDGE('',*,*,#699,.T.);
#699 = EDGE_CURVE('',#691,#700,#702,.T.);
#700 = VERTEX_POINT('',#701);
#701 = CARTESIAN_POINT('',(154.,160.74456264653,63.75));
#702 = CIRCLE('',#703,7.);
#703 = AXIS2_PLACEMENT_3D('',#704,#705,#706);
#704 = CARTESIAN_POINT('',(150.,155.,63.75));
#705 = DIRECTION('',(0.,0.,-1.));
#706 = DIRECTION('',(1.,0.,0.));
#707 = ORIENTED_EDGE('',*,*,#708,.T.);
#708 = EDGE_CURVE('',#700,#709,#711,.T.);
#709 = VERTEX_POINT('',#710);
#710 = CARTESIAN_POINT('',(162.,160.74456264653,63.75));
#711 = CIRCLE('',#712,7.);
#712 = AXIS2_PLACEMENT_3D('',#713,#714,#715);
#713 = CARTESIAN_POINT('',(158.,155.,63.75));
#714 = DIRECTION('',(0.,0.,-1.));
#715 = DIRECTION('',(1.,0.,0.));
#716 = ORIENTED_EDGE('',*,*,#717,.T.);
#717 = EDGE_CURVE('',#709,#563,#718,.T.);
#718 = CIRCLE('',#719,7.);
#719 = AXIS2_PLACEMENT_3D('',#720,#721,#722);
#720 = CARTESIAN_POINT('',(166.,155.,63.75));
#721 = DIRECTION('',(0.,0.,-1.));
#722 = DIRECTION('',(1.,0.,0.));
#723 = FACE_BOUND('',#724,.T.);
#724 = EDGE_LOOP('',(#725));
#725 = ORIENTED_EDGE('',*,*,#726,.T.);
#726 = EDGE_CURVE('',#727,#727,#729,.T.);
#727 = VERTEX_POINT('',#728);
#728 = CARTESIAN_POINT('',(-204.05,160.02,63.75));
#729 = CIRCLE('',#730,2.2);
#730 = AXIS2_PLACEMENT_3D('',#731,#732,#733);
#731 = CARTESIAN_POINT('',(-206.25,160.02,63.75));
#732 = DIRECTION('',(0.,0.,-1.));
#733 = DIRECTION('',(1.,0.,0.));
#734 = FACE_BOUND('',#735,.T.);
#735 = EDGE_LOOP('',(#736));
#736 = ORIENTED_EDGE('',*,*,#737,.T.);
#737 = EDGE_CURVE('',#738,#738,#740,.T.);
#738 = VERTEX_POINT('',#739);
#739 = CARTESIAN_POINT('',(-156.05,160.02,63.75));
#740 = CIRCLE('',#741,2.2);
#741 = AXIS2_PLACEMENT_3D('',#742,#743,#744);
#742 = CARTESIAN_POINT('',(-158.25,160.02,63.75));
#743 = DIRECTION('',(0.,0.,-1.));
#744 = DIRECTION('',(1.,0.,0.));
#745 = FACE_BOUND('',#746,.T.);
#746 = EDGE_LOOP('',(#747));
#747 = ORIENTED_EDGE('',*,*,#748,.T.);
#748 = EDGE_CURVE('',#749,#749,#751,.T.);
#749 = VERTEX_POINT('',#750);
#750 = CARTESIAN_POINT('',(-147.8,160.02,63.75));
#751 = CIRCLE('',#752,2.2);
#752 = AXIS2_PLACEMENT_3D('',#753,#754,#755);
#753 = CARTESIAN_POINT('',(-150.,160.02,63.75));
#754 = DIRECTION('',(0.,0.,-1.));
#755 = DIRECTION('',(1.,0.,0.));
#756 = FACE_BOUND('',#757,.T.);
#757 = EDGE_LOOP('',(#758));
#758 = ORIENTED_EDGE('',*,*,#759,.T.);
#759 = EDGE_CURVE('',#760,#760,#762,.T.);
#760 = VERTEX_POINT('',#761);
#761 = CARTESIAN_POINT('',(-108.05,160.02,63.75));
#762 = CIRCLE('',#763,2.2);
#763 = AXIS2_PLACEMENT_3D('',#764,#765,#766);
#764 = CARTESIAN_POINT('',(-110.25,160.02,63.75));
#765 = DIRECTION('',(0.,0.,-1.));
#766 = DIRECTION('',(1.,0.,0.));
#767 = FACE_BOUND('',#768,.T.);
#768 = EDGE_LOOP('',(#769,#780,#789));
#769 = ORIENTED_EDGE('',*,*,#770,.T.);
#770 = EDGE_CURVE('',#771,#773,#775,.T.);
#771 = VERTEX_POINT('',#772);
#772 = CARTESIAN_POINT('',(-61.125,161.91060175605,63.75));
#773 = VERTEX_POINT('',#774);
#774 = CARTESIAN_POINT('',(-57.8,160.02,63.75));
#775 = CIRCLE('',#776,2.2);
#776 = AXIS2_PLACEMENT_3D('',#777,#778,#779);
#777 = CARTESIAN_POINT('',(-60.,160.02,63.75));
#778 = DIRECTION('',(0.,0.,-1.));
#779 = DIRECTION('',(1.,0.,0.));
#780 = ORIENTED_EDGE('',*,*,#781,.T.);
#781 = EDGE_CURVE('',#773,#782,#784,.T.);
#782 = VERTEX_POINT('',#783);
#783 = CARTESIAN_POINT('',(-61.125,158.12939824394,63.75));
#784 = CIRCLE('',#785,2.2);
#785 = AXIS2_PLACEMENT_3D('',#786,#787,#788);
#786 = CARTESIAN_POINT('',(-60.,160.02,63.75));
#787 = DIRECTION('',(0.,0.,-1.));
#788 = DIRECTION('',(1.,0.,0.));
#789 = ORIENTED_EDGE('',*,*,#790,.T.);
#790 = EDGE_CURVE('',#782,#771,#791,.T.);
#791 = CIRCLE('',#792,2.2);
#792 = AXIS2_PLACEMENT_3D('',#793,#794,#795);
#793 = CARTESIAN_POINT('',(-62.25,160.02,63.75));
#794 = DIRECTION('',(0.,0.,-1.));
#795 = DIRECTION('',(1.,0.,0.));
#796 = FACE_BOUND('',#797,.T.);
#797 = EDGE_LOOP('',(#798));
#798 = ORIENTED_EDGE('',*,*,#799,.T.);
#799 = EDGE_CURVE('',#800,#800,#802,.T.);
#800 = VERTEX_POINT('',#801);
#801 = CARTESIAN_POINT('',(-12.05,160.02,63.75));
#802 = CIRCLE('',#803,2.2);
#803 = AXIS2_PLACEMENT_3D('',#804,#805,#806);
#804 = CARTESIAN_POINT('',(-14.25,160.02,63.75));
#805 = DIRECTION('',(0.,0.,-1.));
#806 = DIRECTION('',(1.,0.,0.));
#807 = FACE_BOUND('',#808,.T.);
#808 = EDGE_LOOP('',(#809));
#809 = ORIENTED_EDGE('',*,*,#810,.T.);
#810 = EDGE_CURVE('',#811,#811,#813,.T.);
#811 = VERTEX_POINT('',#812);
#812 = CARTESIAN_POINT('',(-169.8,176.,63.75));
#813 = CIRCLE('',#814,2.2);
#814 = AXIS2_PLACEMENT_3D('',#815,#816,#817);
#815 = CARTESIAN_POINT('',(-172.,176.,63.75));
#816 = DIRECTION('',(0.,0.,-1.));
#817 = DIRECTION('',(1.,0.,0.));
#818 = FACE_BOUND('',#819,.T.);
#819 = EDGE_LOOP('',(#820));
#820 = ORIENTED_EDGE('',*,*,#821,.T.);
#821 = EDGE_CURVE('',#822,#822,#824,.T.);
#822 = VERTEX_POINT('',#823);
#823 = CARTESIAN_POINT('',(-178.8,178.,63.75));
#824 = CIRCLE('',#825,2.2);
#825 = AXIS2_PLACEMENT_3D('',#826,#827,#828);
#826 = CARTESIAN_POINT('',(-181.,178.,63.75));
#827 = DIRECTION('',(0.,0.,-1.));
#828 = DIRECTION('',(1.,0.,0.));
#829 = FACE_BOUND('',#830,.T.);
#830 = EDGE_LOOP('',(#831));
#831 = ORIENTED_EDGE('',*,*,#832,.T.);
#832 = EDGE_CURVE('',#833,#833,#835,.T.);
#833 = VERTEX_POINT('',#834);
#834 = CARTESIAN_POINT('',(-142.8,178.,63.75));
#835 = CIRCLE('',#836,2.2);
#836 = AXIS2_PLACEMENT_3D('',#837,#838,#839);
#837 = CARTESIAN_POINT('',(-145.,178.,63.75));
#838 = DIRECTION('',(0.,0.,-1.));
#839 = DIRECTION('',(1.,0.,0.));
#840 = FACE_BOUND('',#841,.T.);
#841 = EDGE_LOOP('',(#842,#853,#862));
#842 = ORIENTED_EDGE('',*,*,#843,.T.);
#843 = EDGE_CURVE('',#844,#846,#848,.T.);
#844 = VERTEX_POINT('',#845);
#845 = CARTESIAN_POINT('',(31.875,158.86918507135,63.75));
#846 = VERTEX_POINT('',#847);
#847 = CARTESIAN_POINT('',(31.875,161.17081492864,63.75));
#848 = CIRCLE('',#849,2.2);
#849 = AXIS2_PLACEMENT_3D('',#850,#851,#852);
#850 = CARTESIAN_POINT('',(30.,160.02,63.75));
#851 = DIRECTION('',(0.,0.,-1.));
#852 = DIRECTION('',(1.,0.,0.));
#853 = ORIENTED_EDGE('',*,*,#854,.T.);
#854 = EDGE_CURVE('',#846,#855,#857,.T.);
#855 = VERTEX_POINT('',#856);
#856 = CARTESIAN_POINT('',(35.95,160.02,63.75));
#857 = CIRCLE('',#858,2.2);
#858 = AXIS2_PLACEMENT_3D('',#859,#860,#861);
#859 = CARTESIAN_POINT('',(33.75,160.02,63.75));
#860 = DIRECTION('',(0.,0.,-1.));
#861 = DIRECTION('',(1.,0.,0.));
#862 = ORIENTED_EDGE('',*,*,#863,.T.);
#863 = EDGE_CURVE('',#855,#844,#864,.T.);
#864 = CIRCLE('',#865,2.2);
#865 = AXIS2_PLACEMENT_3D('',#866,#867,#868);
#866 = CARTESIAN_POINT('',(33.75,160.02,63.75));
#867 = DIRECTION('',(0.,0.,-1.));
#868 = DIRECTION('',(1.,0.,0.));
#869 = FACE_BOUND('',#870,.T.);
#870 = EDGE_LOOP('',(#871));
#871 = ORIENTED_EDGE('',*,*,#872,.T.);
#872 = EDGE_CURVE('',#873,#873,#875,.T.);
#873 = VERTEX_POINT('',#874);
#874 = CARTESIAN_POINT('',(83.95,160.02,63.75));
#875 = CIRCLE('',#876,2.2);
#876 = AXIS2_PLACEMENT_3D('',#877,#878,#879);
#877 = CARTESIAN_POINT('',(81.75,160.02,63.75));
#878 = DIRECTION('',(0.,0.,-1.));
#879 = DIRECTION('',(1.,0.,0.));
#880 = FACE_BOUND('',#881,.T.);
#881 = EDGE_LOOP('',(#882));
#882 = ORIENTED_EDGE('',*,*,#883,.T.);
#883 = EDGE_CURVE('',#884,#884,#886,.T.);
#884 = VERTEX_POINT('',#885);
#885 = CARTESIAN_POINT('',(112.2,160.02,63.75));
#886 = CIRCLE('',#887,2.2);
#887 = AXIS2_PLACEMENT_3D('',#888,#889,#890);
#888 = CARTESIAN_POINT('',(110.,160.02,63.75));
#889 = DIRECTION('',(0.,0.,-1.));
#890 = DIRECTION('',(1.,0.,0.));
#891 = FACE_BOUND('',#892,.T.);
#892 = EDGE_LOOP('',(#893));
#893 = ORIENTED_EDGE('',*,*,#894,.T.);
#894 = EDGE_CURVE('',#895,#895,#897,.T.);
#895 = VERTEX_POINT('',#896);
#896 = CARTESIAN_POINT('',(131.95,160.02,63.75));
#897 = CIRCLE('',#898,2.2);
#898 = AXIS2_PLACEMENT_3D('',#899,#900,#901);
#899 = CARTESIAN_POINT('',(129.75,160.02,63.75));
#900 = DIRECTION('',(0.,0.,-1.));
#901 = DIRECTION('',(1.,0.,0.));
#902 = FACE_BOUND('',#903,.T.);
#903 = EDGE_LOOP('',(#904));
#904 = ORIENTED_EDGE('',*,*,#905,.T.);
#905 = EDGE_CURVE('',#906,#906,#908,.T.);
#906 = VERTEX_POINT('',#907);
#907 = CARTESIAN_POINT('',(190.32,176.02,63.75));
#908 = CIRCLE('',#909,2.2);
#909 = AXIS2_PLACEMENT_3D('',#910,#911,#912);
#910 = CARTESIAN_POINT('',(188.12,176.02,63.75));
#911 = DIRECTION('',(0.,0.,-1.));
#912 = DIRECTION('',(1.,0.,0.));
#913 = FACE_BOUND('',#914,.T.);
#914 = EDGE_LOOP('',(#915));
#915 = ORIENTED_EDGE('',*,*,#916,.T.);
#916 = EDGE_CURVE('',#917,#917,#919,.T.);
#917 = VERTEX_POINT('',#918);
#918 = CARTESIAN_POINT('',(210.32,176.02,63.75));
#919 = CIRCLE('',#920,2.2);
#920 = AXIS2_PLACEMENT_3D('',#921,#922,#923);
#921 = CARTESIAN_POINT('',(208.12,176.02,63.75));
#922 = DIRECTION('',(0.,0.,-1.));
#923 = DIRECTION('',(1.,0.,0.));
#924 = PLANE('',#925);
#925 = AXIS2_PLACEMENT_3D('',#926,#927,#928);
#926 = CARTESIAN_POINT('',(-222.25,136.02,63.75));
#927 = DIRECTION('',(0.,0.,1.));
#928 = DIRECTION('',(1.,0.,0.));
#929 = ADVANCED_FACE('',(#930,#1006,#1017,#1028,#1039,#1050,#1061,#1072,
    #1083,#1094,#1105,#1116,#1127,#1138,#1149,#1160,#1171,#1182,#1193,
    #1204,#1215,#1226,#1237,#1248,#1259,#1270,#1281,#1292,#1303,#1314,
    #1325,#1336,#1347),#1358,.T.);
#930 = FACE_BOUND('',#931,.T.);
#931 = EDGE_LOOP('',(#932,#940,#946,#947,#948,#956,#964,#970,#971,#980,
    #989,#998,#1005));
#932 = ORIENTED_EDGE('',*,*,#933,.F.);
#933 = EDGE_CURVE('',#934,#367,#936,.T.);
#934 = VERTEX_POINT('',#935);
#935 = CARTESIAN_POINT('',(222.25,184.02,15.75));
#936 = LINE('',#937,#938);
#937 = CARTESIAN_POINT('',(222.25,184.02,15.75));
#938 = VECTOR('',#939,1.);
#939 = DIRECTION('',(0.,0.,1.));
#940 = ORIENTED_EDGE('',*,*,#941,.F.);
#941 = EDGE_CURVE('',#72,#934,#942,.T.);
#942 = LINE('',#943,#944);
#943 = CARTESIAN_POINT('',(-222.25,184.02,15.75));
#944 = VECTOR('',#945,1.);
#945 = DIRECTION('',(1.,0.,0.));
#946 = ORIENTED_EDGE('',*,*,#79,.T.);
#947 = ORIENTED_EDGE('',*,*,#93,.T.);
#948 = ORIENTED_EDGE('',*,*,#949,.T.);
#949 = EDGE_CURVE('',#94,#950,#952,.T.);
#950 = VERTEX_POINT('',#951);
#951 = CARTESIAN_POINT('',(-172.8715503427,184.02,60.25));
#952 = LINE('',#953,#954);
#953 = CARTESIAN_POINT('',(-172.8715503427,184.02,60.25));
#954 = VECTOR('',#955,1.);
#955 = DIRECTION('',(-0.,-0.,-1.));
#956 = ORIENTED_EDGE('',*,*,#957,.T.);
#957 = EDGE_CURVE('',#950,#958,#960,.T.);
#958 = VERTEX_POINT('',#959);
#959 = CARTESIAN_POINT('',(-171.1284496572,184.02,60.25));
#960 = LINE('',#961,#962);
#961 = CARTESIAN_POINT('',(-197.125,184.02,60.25));
#962 = VECTOR('',#963,1.);
#963 = DIRECTION('',(1.,0.,0.));
#964 = ORIENTED_EDGE('',*,*,#965,.F.);
#965 = EDGE_CURVE('',#471,#958,#966,.T.);
#966 = LINE('',#967,#968);
#967 = CARTESIAN_POINT('',(-171.1284496572,184.02,60.25));
#968 = VECTOR('',#969,1.);
#969 = DIRECTION('',(-0.,-0.,-1.));
#970 = ORIENTED_EDGE('',*,*,#470,.T.);
#971 = ORIENTED_EDGE('',*,*,#972,.T.);
#972 = EDGE_CURVE('',#463,#973,#975,.T.);
#973 = VERTEX_POINT('',#974);
#974 = CARTESIAN_POINT('',(179.,184.02,62.));
#975 = CIRCLE('',#976,7.);
#976 = AXIS2_PLACEMENT_3D('',#977,#978,#979);
#977 = CARTESIAN_POINT('',(172.,184.02,62.));
#978 = DIRECTION('',(0.,-1.,2.2E-16));
#979 = DIRECTION('',(1.,0.,0.));
#980 = ORIENTED_EDGE('',*,*,#981,.T.);
#981 = EDGE_CURVE('',#973,#982,#984,.T.);
#982 = VERTEX_POINT('',#983);
#983 = CARTESIAN_POINT('',(193.,184.02,62.));
#984 = CIRCLE('',#985,7.);
#985 = AXIS2_PLACEMENT_3D('',#986,#987,#988);
#986 = CARTESIAN_POINT('',(186.,184.02,62.));
#987 = DIRECTION('',(0.,-1.,2.2E-16));
#988 = DIRECTION('',(1.,0.,0.));
#989 = ORIENTED_EDGE('',*,*,#990,.T.);
#990 = EDGE_CURVE('',#982,#991,#993,.T.);
#991 = VERTEX_POINT('',#992);
#992 = CARTESIAN_POINT('',(207.,184.02,62.));
#993 = CIRCLE('',#994,7.);
#994 = AXIS2_PLACEMENT_3D('',#995,#996,#997);
#995 = CARTESIAN_POINT('',(200.,184.02,62.));
#996 = DIRECTION('',(0.,-1.,2.2E-16));
#997 = DIRECTION('',(1.,0.,0.));
#998 = ORIENTED_EDGE('',*,*,#999,.T.);
#999 = EDGE_CURVE('',#991,#375,#1000,.T.);
#1000 = CIRCLE('',#1001,7.);
#1001 = AXIS2_PLACEMENT_3D('',#1002,#1003,#1004);
#1002 = CARTESIAN_POINT('',(200.,184.02,62.));
#1003 = DIRECTION('',(0.,-1.,2.2E-16));
#1004 = DIRECTION('',(1.,0.,0.));
#1005 = ORIENTED_EDGE('',*,*,#374,.T.);
#1006 = FACE_BOUND('',#1007,.T.);
#1007 = EDGE_LOOP('',(#1008));
#1008 = ORIENTED_EDGE('',*,*,#1009,.T.);
#1009 = EDGE_CURVE('',#1010,#1010,#1012,.T.);
#1010 = VERTEX_POINT('',#1011);
#1011 = CARTESIAN_POINT('',(-204.05,184.02,27.75));
#1012 = CIRCLE('',#1013,2.2);
#1013 = AXIS2_PLACEMENT_3D('',#1014,#1015,#1016);
#1014 = CARTESIAN_POINT('',(-206.25,184.02,27.75));
#1015 = DIRECTION('',(0.,-1.,2.2E-16));
#1016 = DIRECTION('',(1.,0.,0.));
#1017 = FACE_BOUND('',#1018,.T.);
#1018 = EDGE_LOOP('',(#1019));
#1019 = ORIENTED_EDGE('',*,*,#1020,.T.);
#1020 = EDGE_CURVE('',#1021,#1021,#1023,.T.);
#1021 = VERTEX_POINT('',#1022);
#1022 = CARTESIAN_POINT('',(-156.05,184.02,27.75));
#1023 = CIRCLE('',#1024,2.2);
#1024 = AXIS2_PLACEMENT_3D('',#1025,#1026,#1027);
#1025 = CARTESIAN_POINT('',(-158.25,184.02,27.75));
#1026 = DIRECTION('',(0.,-1.,2.2E-16));
#1027 = DIRECTION('',(1.,0.,0.));
#1028 = FACE_BOUND('',#1029,.T.);
#1029 = EDGE_LOOP('',(#1030));
#1030 = ORIENTED_EDGE('',*,*,#1031,.T.);
#1031 = EDGE_CURVE('',#1032,#1032,#1034,.T.);
#1032 = VERTEX_POINT('',#1033);
#1033 = CARTESIAN_POINT('',(-108.05,184.02,27.75));
#1034 = CIRCLE('',#1035,2.2);
#1035 = AXIS2_PLACEMENT_3D('',#1036,#1037,#1038);
#1036 = CARTESIAN_POINT('',(-110.25,184.02,27.75));
#1037 = DIRECTION('',(0.,-1.,2.2E-16));
#1038 = DIRECTION('',(1.,0.,0.));
#1039 = FACE_BOUND('',#1040,.T.);
#1040 = EDGE_LOOP('',(#1041));
#1041 = ORIENTED_EDGE('',*,*,#1042,.T.);
#1042 = EDGE_CURVE('',#1043,#1043,#1045,.T.);
#1043 = VERTEX_POINT('',#1044);
#1044 = CARTESIAN_POINT('',(-132.75,184.02,39.));
#1045 = CIRCLE('',#1046,3.25);
#1046 = AXIS2_PLACEMENT_3D('',#1047,#1048,#1049);
#1047 = CARTESIAN_POINT('',(-136.,184.02,39.));
#1048 = DIRECTION('',(0.,-1.,2.2E-16));
#1049 = DIRECTION('',(1.,0.,0.));
#1050 = FACE_BOUND('',#1051,.T.);
#1051 = EDGE_LOOP('',(#1052));
#1052 = ORIENTED_EDGE('',*,*,#1053,.T.);
#1053 = EDGE_CURVE('',#1054,#1054,#1056,.T.);
#1054 = VERTEX_POINT('',#1055);
#1055 = CARTESIAN_POINT('',(-114.75,184.02,39.));
#1056 = CIRCLE('',#1057,3.25);
#1057 = AXIS2_PLACEMENT_3D('',#1058,#1059,#1060);
#1058 = CARTESIAN_POINT('',(-118.,184.02,39.));
#1059 = DIRECTION('',(0.,-1.,2.2E-16));
#1060 = DIRECTION('',(1.,0.,0.));
#1061 = FACE_BOUND('',#1062,.T.);
#1062 = EDGE_LOOP('',(#1063));
#1063 = ORIENTED_EDGE('',*,*,#1064,.T.);
#1064 = EDGE_CURVE('',#1065,#1065,#1067,.T.);
#1065 = VERTEX_POINT('',#1066);
#1066 = CARTESIAN_POINT('',(-60.05,184.02,27.75));
#1067 = CIRCLE('',#1068,2.2);
#1068 = AXIS2_PLACEMENT_3D('',#1069,#1070,#1071);
#1069 = CARTESIAN_POINT('',(-62.25,184.02,27.75));
#1070 = DIRECTION('',(0.,-1.,2.2E-16));
#1071 = DIRECTION('',(1.,0.,0.));
#1072 = FACE_BOUND('',#1073,.T.);
#1073 = EDGE_LOOP('',(#1074));
#1074 = ORIENTED_EDGE('',*,*,#1075,.T.);
#1075 = EDGE_CURVE('',#1076,#1076,#1078,.T.);
#1076 = VERTEX_POINT('',#1077);
#1077 = CARTESIAN_POINT('',(-22.8,184.02,25.75));
#1078 = CIRCLE('',#1079,2.2);
#1079 = AXIS2_PLACEMENT_3D('',#1080,#1081,#1082);
#1080 = CARTESIAN_POINT('',(-25.,184.02,25.75));
#1081 = DIRECTION('',(0.,-1.,2.2E-16));
#1082 = DIRECTION('',(1.,0.,0.));
#1083 = FACE_BOUND('',#1084,.T.);
#1084 = EDGE_LOOP('',(#1085));
#1085 = ORIENTED_EDGE('',*,*,#1086,.T.);
#1086 = EDGE_CURVE('',#1087,#1087,#1089,.T.);
#1087 = VERTEX_POINT('',#1088);
#1088 = CARTESIAN_POINT('',(-12.05,184.02,27.75));
#1089 = CIRCLE('',#1090,2.2);
#1090 = AXIS2_PLACEMENT_3D('',#1091,#1092,#1093);
#1091 = CARTESIAN_POINT('',(-14.25,184.02,27.75));
#1092 = DIRECTION('',(0.,-1.,2.2E-16));
#1093 = DIRECTION('',(1.,0.,0.));
#1094 = FACE_BOUND('',#1095,.T.);
#1095 = EDGE_LOOP('',(#1096));
#1096 = ORIENTED_EDGE('',*,*,#1097,.T.);
#1097 = EDGE_CURVE('',#1098,#1098,#1100,.T.);
#1098 = VERTEX_POINT('',#1099);
#1099 = CARTESIAN_POINT('',(-204.05,184.02,43.75));
#1100 = CIRCLE('',#1101,2.2);
#1101 = AXIS2_PLACEMENT_3D('',#1102,#1103,#1104);
#1102 = CARTESIAN_POINT('',(-206.25,184.02,43.75));
#1103 = DIRECTION('',(0.,-1.,2.2E-16));
#1104 = DIRECTION('',(1.,0.,0.));
#1105 = FACE_BOUND('',#1106,.T.);
#1106 = EDGE_LOOP('',(#1107));
#1107 = ORIENTED_EDGE('',*,*,#1108,.T.);
#1108 = EDGE_CURVE('',#1109,#1109,#1111,.T.);
#1109 = VERTEX_POINT('',#1110);
#1110 = CARTESIAN_POINT('',(-156.05,184.02,43.75));
#1111 = CIRCLE('',#1112,2.2);
#1112 = AXIS2_PLACEMENT_3D('',#1113,#1114,#1115);
#1113 = CARTESIAN_POINT('',(-158.25,184.02,43.75));
#1114 = DIRECTION('',(0.,-1.,2.2E-16));
#1115 = DIRECTION('',(1.,0.,0.));
#1116 = FACE_BOUND('',#1117,.T.);
#1117 = EDGE_LOOP('',(#1118));
#1118 = ORIENTED_EDGE('',*,*,#1119,.T.);
#1119 = EDGE_CURVE('',#1120,#1120,#1122,.T.);
#1120 = VERTEX_POINT('',#1121);
#1121 = CARTESIAN_POINT('',(-108.05,184.02,43.75));
#1122 = CIRCLE('',#1123,2.2);
#1123 = AXIS2_PLACEMENT_3D('',#1124,#1125,#1126);
#1124 = CARTESIAN_POINT('',(-110.25,184.02,43.75));
#1125 = DIRECTION('',(0.,-1.,2.2E-16));
#1126 = DIRECTION('',(1.,0.,0.));
#1127 = FACE_BOUND('',#1128,.T.);
#1128 = EDGE_LOOP('',(#1129));
#1129 = ORIENTED_EDGE('',*,*,#1130,.T.);
#1130 = EDGE_CURVE('',#1131,#1131,#1133,.T.);
#1131 = VERTEX_POINT('',#1132);
#1132 = CARTESIAN_POINT('',(-119.,184.02,48.));
#1133 = CIRCLE('',#1134,8.);
#1134 = AXIS2_PLACEMENT_3D('',#1135,#1136,#1137);
#1135 = CARTESIAN_POINT('',(-127.,184.02,48.));
#1136 = DIRECTION('',(0.,-1.,2.2E-16));
#1137 = DIRECTION('',(1.,0.,0.));
#1138 = FACE_BOUND('',#1139,.T.);
#1139 = EDGE_LOOP('',(#1140));
#1140 = ORIENTED_EDGE('',*,*,#1141,.T.);
#1141 = EDGE_CURVE('',#1142,#1142,#1144,.T.);
#1142 = VERTEX_POINT('',#1143);
#1143 = CARTESIAN_POINT('',(-132.75,184.02,57.));
#1144 = CIRCLE('',#1145,3.25);
#1145 = AXIS2_PLACEMENT_3D('',#1146,#1147,#1148);
#1146 = CARTESIAN_POINT('',(-136.,184.02,57.));
#1147 = DIRECTION('',(0.,-1.,2.2E-16));
#1148 = DIRECTION('',(1.,0.,0.));
#1149 = FACE_BOUND('',#1150,.T.);
#1150 = EDGE_LOOP('',(#1151));
#1151 = ORIENTED_EDGE('',*,*,#1152,.T.);
#1152 = EDGE_CURVE('',#1153,#1153,#1155,.T.);
#1153 = VERTEX_POINT('',#1154);
#1154 = CARTESIAN_POINT('',(-114.75,184.02,57.));
#1155 = CIRCLE('',#1156,3.25);
#1156 = AXIS2_PLACEMENT_3D('',#1157,#1158,#1159);
#1157 = CARTESIAN_POINT('',(-118.,184.02,57.));
#1158 = DIRECTION('',(0.,-1.,2.2E-16));
#1159 = DIRECTION('',(1.,0.,0.));
#1160 = FACE_BOUND('',#1161,.T.);
#1161 = EDGE_LOOP('',(#1162));
#1162 = ORIENTED_EDGE('',*,*,#1163,.T.);
#1163 = EDGE_CURVE('',#1164,#1164,#1166,.T.);
#1164 = VERTEX_POINT('',#1165);
#1165 = CARTESIAN_POINT('',(-60.05,184.02,43.75));
#1166 = CIRCLE('',#1167,2.2);
#1167 = AXIS2_PLACEMENT_3D('',#1168,#1169,#1170);
#1168 = CARTESIAN_POINT('',(-62.25,184.02,43.75));
#1169 = DIRECTION('',(0.,-1.,2.2E-16));
#1170 = DIRECTION('',(1.,0.,0.));
#1171 = FACE_BOUND('',#1172,.T.);
#1172 = EDGE_LOOP('',(#1173));
#1173 = ORIENTED_EDGE('',*,*,#1174,.T.);
#1174 = EDGE_CURVE('',#1175,#1175,#1177,.T.);
#1175 = VERTEX_POINT('',#1176);
#1176 = CARTESIAN_POINT('',(-12.05,184.02,43.75));
#1177 = CIRCLE('',#1178,2.2);
#1178 = AXIS2_PLACEMENT_3D('',#1179,#1180,#1181);
#1179 = CARTESIAN_POINT('',(-14.25,184.02,43.75));
#1180 = DIRECTION('',(0.,-1.,2.2E-16));
#1181 = DIRECTION('',(1.,0.,0.));
#1182 = FACE_BOUND('',#1183,.T.);
#1183 = EDGE_LOOP('',(#1184));
#1184 = ORIENTED_EDGE('',*,*,#1185,.T.);
#1185 = EDGE_CURVE('',#1186,#1186,#1188,.T.);
#1186 = VERTEX_POINT('',#1187);
#1187 = CARTESIAN_POINT('',(-22.8,184.02,49.75));
#1188 = CIRCLE('',#1189,2.2);
#1189 = AXIS2_PLACEMENT_3D('',#1190,#1191,#1192);
#1190 = CARTESIAN_POINT('',(-25.,184.02,49.75));
#1191 = DIRECTION('',(0.,-1.,2.2E-16));
#1192 = DIRECTION('',(1.,0.,0.));
#1193 = FACE_BOUND('',#1194,.T.);
#1194 = EDGE_LOOP('',(#1195));
#1195 = ORIENTED_EDGE('',*,*,#1196,.T.);
#1196 = EDGE_CURVE('',#1197,#1197,#1199,.T.);
#1197 = VERTEX_POINT('',#1198);
#1198 = CARTESIAN_POINT('',(27.2,184.02,25.75));
#1199 = CIRCLE('',#1200,2.2);
#1200 = AXIS2_PLACEMENT_3D('',#1201,#1202,#1203);
#1201 = CARTESIAN_POINT('',(25.,184.02,25.75));
#1202 = DIRECTION('',(0.,-1.,2.2E-16));
#1203 = DIRECTION('',(1.,0.,0.));
#1204 = FACE_BOUND('',#1205,.T.);
#1205 = EDGE_LOOP('',(#1206));
#1206 = ORIENTED_EDGE('',*,*,#1207,.T.);
#1207 = EDGE_CURVE('',#1208,#1208,#1210,.T.);
#1208 = VERTEX_POINT('',#1209);
#1209 = CARTESIAN_POINT('',(35.95,184.02,27.75));
#1210 = CIRCLE('',#1211,2.2);
#1211 = AXIS2_PLACEMENT_3D('',#1212,#1213,#1214);
#1212 = CARTESIAN_POINT('',(33.75,184.02,27.75));
#1213 = DIRECTION('',(0.,-1.,2.2E-16));
#1214 = DIRECTION('',(1.,0.,0.));
#1215 = FACE_BOUND('',#1216,.T.);
#1216 = EDGE_LOOP('',(#1217));
#1217 = ORIENTED_EDGE('',*,*,#1218,.T.);
#1218 = EDGE_CURVE('',#1219,#1219,#1221,.T.);
#1219 = VERTEX_POINT('',#1220);
#1220 = CARTESIAN_POINT('',(83.95,184.02,27.75));
#1221 = CIRCLE('',#1222,2.2);
#1222 = AXIS2_PLACEMENT_3D('',#1223,#1224,#1225);
#1223 = CARTESIAN_POINT('',(81.75,184.02,27.75));
#1224 = DIRECTION('',(0.,-1.,2.2E-16));
#1225 = DIRECTION('',(1.,0.,0.));
#1226 = FACE_BOUND('',#1227,.T.);
#1227 = EDGE_LOOP('',(#1228));
#1228 = ORIENTED_EDGE('',*,*,#1229,.T.);
#1229 = EDGE_CURVE('',#1230,#1230,#1232,.T.);
#1230 = VERTEX_POINT('',#1231);
#1231 = CARTESIAN_POINT('',(131.95,184.02,27.75));
#1232 = CIRCLE('',#1233,2.2);
#1233 = AXIS2_PLACEMENT_3D('',#1234,#1235,#1236);
#1234 = CARTESIAN_POINT('',(129.75,184.02,27.75));
#1235 = DIRECTION('',(0.,-1.,2.2E-16));
#1236 = DIRECTION('',(1.,0.,0.));
#1237 = FACE_BOUND('',#1238,.T.);
#1238 = EDGE_LOOP('',(#1239));
#1239 = ORIENTED_EDGE('',*,*,#1240,.T.);
#1240 = EDGE_CURVE('',#1241,#1241,#1243,.T.);
#1241 = VERTEX_POINT('',#1242);
#1242 = CARTESIAN_POINT('',(179.95,184.02,27.75));
#1243 = CIRCLE('',#1244,2.2);
#1244 = AXIS2_PLACEMENT_3D('',#1245,#1246,#1247);
#1245 = CARTESIAN_POINT('',(177.75,184.02,27.75));
#1246 = DIRECTION('',(0.,-1.,2.2E-16));
#1247 = DIRECTION('',(1.,0.,0.));
#1248 = FACE_BOUND('',#1249,.T.);
#1249 = EDGE_LOOP('',(#1250));
#1250 = ORIENTED_EDGE('',*,*,#1251,.T.);
#1251 = EDGE_CURVE('',#1252,#1252,#1254,.T.);
#1252 = VERTEX_POINT('',#1253);
#1253 = CARTESIAN_POINT('',(121.25,184.02,39.));
#1254 = CIRCLE('',#1255,3.25);
#1255 = AXIS2_PLACEMENT_3D('',#1256,#1257,#1258);
#1256 = CARTESIAN_POINT('',(118.,184.02,39.));
#1257 = DIRECTION('',(0.,-1.,2.2E-16));
#1258 = DIRECTION('',(1.,0.,0.));
#1259 = FACE_BOUND('',#1260,.T.);
#1260 = EDGE_LOOP('',(#1261));
#1261 = ORIENTED_EDGE('',*,*,#1262,.T.);
#1262 = EDGE_CURVE('',#1263,#1263,#1265,.T.);
#1263 = VERTEX_POINT('',#1264);
#1264 = CARTESIAN_POINT('',(139.25,184.02,39.));
#1265 = CIRCLE('',#1266,3.25);
#1266 = AXIS2_PLACEMENT_3D('',#1267,#1268,#1269);
#1267 = CARTESIAN_POINT('',(136.,184.02,39.));
#1268 = DIRECTION('',(0.,-1.,2.2E-16));
#1269 = DIRECTION('',(1.,0.,0.));
#1270 = FACE_BOUND('',#1271,.T.);
#1271 = EDGE_LOOP('',(#1272));
#1272 = ORIENTED_EDGE('',*,*,#1273,.T.);
#1273 = EDGE_CURVE('',#1274,#1274,#1276,.T.);
#1274 = VERTEX_POINT('',#1275);
#1275 = CARTESIAN_POINT('',(194.5,184.02,36.8));
#1276 = CIRCLE('',#1277,4.5);
#1277 = AXIS2_PLACEMENT_3D('',#1278,#1279,#1280);
#1278 = CARTESIAN_POINT('',(190.,184.02,36.8));
#1279 = DIRECTION('',(0.,-1.,2.2E-16));
#1280 = DIRECTION('',(1.,0.,0.));
#1281 = FACE_BOUND('',#1282,.T.);
#1282 = EDGE_LOOP('',(#1283));
#1283 = ORIENTED_EDGE('',*,*,#1284,.T.);
#1284 = EDGE_CURVE('',#1285,#1285,#1287,.T.);
#1285 = VERTEX_POINT('',#1286);
#1286 = CARTESIAN_POINT('',(35.95,184.02,43.75));
#1287 = CIRCLE('',#1288,2.2);
#1288 = AXIS2_PLACEMENT_3D('',#1289,#1290,#1291);
#1289 = CARTESIAN_POINT('',(33.75,184.02,43.75));
#1290 = DIRECTION('',(0.,-1.,2.2E-16));
#1291 = DIRECTION('',(1.,0.,0.));
#1292 = FACE_BOUND('',#1293,.T.);
#1293 = EDGE_LOOP('',(#1294));
#1294 = ORIENTED_EDGE('',*,*,#1295,.T.);
#1295 = EDGE_CURVE('',#1296,#1296,#1298,.T.);
#1296 = VERTEX_POINT('',#1297);
#1297 = CARTESIAN_POINT('',(27.2,184.02,49.75));
#1298 = CIRCLE('',#1299,2.2);
#1299 = AXIS2_PLACEMENT_3D('',#1300,#1301,#1302);
#1300 = CARTESIAN_POINT('',(25.,184.02,49.75));
#1301 = DIRECTION('',(0.,-1.,2.2E-16));
#1302 = DIRECTION('',(1.,0.,0.));
#1303 = FACE_BOUND('',#1304,.T.);
#1304 = EDGE_LOOP('',(#1305));
#1305 = ORIENTED_EDGE('',*,*,#1306,.T.);
#1306 = EDGE_CURVE('',#1307,#1307,#1309,.T.);
#1307 = VERTEX_POINT('',#1308);
#1308 = CARTESIAN_POINT('',(83.95,184.02,43.75));
#1309 = CIRCLE('',#1310,2.2);
#1310 = AXIS2_PLACEMENT_3D('',#1311,#1312,#1313);
#1311 = CARTESIAN_POINT('',(81.75,184.02,43.75));
#1312 = DIRECTION('',(0.,-1.,2.2E-16));
#1313 = DIRECTION('',(1.,0.,0.));
#1314 = FACE_BOUND('',#1315,.T.);
#1315 = EDGE_LOOP('',(#1316));
#1316 = ORIENTED_EDGE('',*,*,#1317,.T.);
#1317 = EDGE_CURVE('',#1318,#1318,#1320,.T.);
#1318 = VERTEX_POINT('',#1319);
#1319 = CARTESIAN_POINT('',(135.,184.02,48.));
#1320 = CIRCLE('',#1321,8.);
#1321 = AXIS2_PLACEMENT_3D('',#1322,#1323,#1324);
#1322 = CARTESIAN_POINT('',(127.,184.02,48.));
#1323 = DIRECTION('',(0.,-1.,2.2E-16));
#1324 = DIRECTION('',(1.,0.,0.));
#1325 = FACE_BOUND('',#1326,.T.);
#1326 = EDGE_LOOP('',(#1327));
#1327 = ORIENTED_EDGE('',*,*,#1328,.T.);
#1328 = EDGE_CURVE('',#1329,#1329,#1331,.T.);
#1329 = VERTEX_POINT('',#1330);
#1330 = CARTESIAN_POINT('',(179.95,184.02,43.75));
#1331 = CIRCLE('',#1332,2.2);
#1332 = AXIS2_PLACEMENT_3D('',#1333,#1334,#1335);
#1333 = CARTESIAN_POINT('',(177.75,184.02,43.75));
#1334 = DIRECTION('',(0.,-1.,2.2E-16));
#1335 = DIRECTION('',(1.,0.,0.));
#1336 = FACE_BOUND('',#1337,.T.);
#1337 = EDGE_LOOP('',(#1338));
#1338 = ORIENTED_EDGE('',*,*,#1339,.T.);
#1339 = EDGE_CURVE('',#1340,#1340,#1342,.T.);
#1340 = VERTEX_POINT('',#1341);
#1341 = CARTESIAN_POINT('',(121.25,184.02,57.));
#1342 = CIRCLE('',#1343,3.25);
#1343 = AXIS2_PLACEMENT_3D('',#1344,#1345,#1346);
#1344 = CARTESIAN_POINT('',(118.,184.02,57.));
#1345 = DIRECTION('',(0.,-1.,2.2E-16));
#1346 = DIRECTION('',(1.,0.,0.));
#1347 = FACE_BOUND('',#1348,.T.);
#1348 = EDGE_LOOP('',(#1349));
#1349 = ORIENTED_EDGE('',*,*,#1350,.T.);
#1350 = EDGE_CURVE('',#1351,#1351,#1353,.T.);
#1351 = VERTEX_POINT('',#1352);
#1352 = CARTESIAN_POINT('',(139.25,184.02,57.));
#1353 = CIRCLE('',#1354,3.25);
#1354 = AXIS2_PLACEMENT_3D('',#1355,#1356,#1357);
#1355 = CARTESIAN_POINT('',(136.,184.02,57.));
#1356 = DIRECTION('',(0.,-1.,2.2E-16));
#1357 = DIRECTION('',(1.,0.,0.));
#1358 = PLANE('',#1359);
#1359 = AXIS2_PLACEMENT_3D('',#1360,#1361,#1362);
#1360 = CARTESIAN_POINT('',(-222.25,184.02,15.75));
#1361 = DIRECTION('',(0.,1.,0.));
#1362 = DIRECTION('',(0.,0.,1.));
#1363 = ADVANCED_FACE('',(#1364),#1382,.F.);
#1364 = FACE_BOUND('',#1365,.F.);
#1365 = EDGE_LOOP('',(#1366,#1367,#1375,#1381));
#1366 = ORIENTED_EDGE('',*,*,#71,.F.);
#1367 = ORIENTED_EDGE('',*,*,#1368,.T.);
#1368 = EDGE_CURVE('',#64,#1369,#1371,.T.);
#1369 = VERTEX_POINT('',#1370);
#1370 = CARTESIAN_POINT('',(222.25,181.52,15.75));
#1371 = LINE('',#1372,#1373);
#1372 = CARTESIAN_POINT('',(-223.25,181.52,15.75));
#1373 = VECTOR('',#1374,1.);
#1374 = DIRECTION('',(1.,0.,0.));
#1375 = ORIENTED_EDGE('',*,*,#1376,.T.);
#1376 = EDGE_CURVE('',#1369,#934,#1377,.T.);
#1377 = LINE('',#1378,#1379);
#1378 = CARTESIAN_POINT('',(222.25,136.02,15.75));
#1379 = VECTOR('',#1380,1.);
#1380 = DIRECTION('',(0.,1.,0.));
#1381 = ORIENTED_EDGE('',*,*,#941,.F.);
#1382 = PLANE('',#1383);
#1383 = AXIS2_PLACEMENT_3D('',#1384,#1385,#1386);
#1384 = CARTESIAN_POINT('',(-222.25,136.02,15.75));
#1385 = DIRECTION('',(0.,0.,1.));
#1386 = DIRECTION('',(1.,0.,0.));
#1387 = ADVANCED_FACE('',(#1388,#1489,#1500,#1511,#1522,#1533,#1544,
    #1555,#1566,#1577,#1588,#1599,#1610,#1621,#1632,#1643,#1654,#1665,
    #1676,#1687,#1698,#1709,#1720,#1731,#1742,#1753,#1764,#1775,#1786,
    #1797,#1808,#1819,#1830),#1841,.F.);
#1388 = FACE_BOUND('',#1389,.F.);
#1389 = EDGE_LOOP('',(#1390,#1400,#1406,#1407,#1408,#1416,#1424,#1432,
    #1440,#1448,#1457,#1465,#1474,#1482));
#1390 = ORIENTED_EDGE('',*,*,#1391,.T.);
#1391 = EDGE_CURVE('',#1392,#1394,#1396,.T.);
#1392 = VERTEX_POINT('',#1393);
#1393 = CARTESIAN_POINT('',(206.95970545353,181.52,61.25));
#1394 = VERTEX_POINT('',#1395);
#1395 = CARTESIAN_POINT('',(222.25,181.52,61.25));
#1396 = LINE('',#1397,#1398);
#1397 = CARTESIAN_POINT('',(-223.25,181.52,61.25));
#1398 = VECTOR('',#1399,1.);
#1399 = DIRECTION('',(1.,0.,0.));
#1400 = ORIENTED_EDGE('',*,*,#1401,.F.);
#1401 = EDGE_CURVE('',#1369,#1394,#1402,.T.);
#1402 = LINE('',#1403,#1404);
#1403 = CARTESIAN_POINT('',(222.25,181.52,15.75));
#1404 = VECTOR('',#1405,1.);
#1405 = DIRECTION('',(0.,0.,1.));
#1406 = ORIENTED_EDGE('',*,*,#1368,.F.);
#1407 = ORIENTED_EDGE('',*,*,#63,.T.);
#1408 = ORIENTED_EDGE('',*,*,#1409,.T.);
#1409 = EDGE_CURVE('',#56,#1410,#1412,.T.);
#1410 = VERTEX_POINT('',#1411);
#1411 = CARTESIAN_POINT('',(-174.146997904,181.52,61.25));
#1412 = LINE('',#1413,#1414);
#1413 = CARTESIAN_POINT('',(-223.25,181.52,61.25));
#1414 = VECTOR('',#1415,1.);
#1415 = DIRECTION('',(1.,0.,0.));
#1416 = ORIENTED_EDGE('',*,*,#1417,.T.);
#1417 = EDGE_CURVE('',#1410,#1418,#1420,.T.);
#1418 = VERTEX_POINT('',#1419);
#1419 = CARTESIAN_POINT('',(-174.146997904,181.52,60.25));
#1420 = LINE('',#1421,#1422);
#1421 = CARTESIAN_POINT('',(-174.146997904,181.52,60.25));
#1422 = VECTOR('',#1423,1.);
#1423 = DIRECTION('',(-0.,-0.,-1.));
#1424 = ORIENTED_EDGE('',*,*,#1425,.T.);
#1425 = EDGE_CURVE('',#1418,#1426,#1428,.T.);
#1426 = VERTEX_POINT('',#1427);
#1427 = CARTESIAN_POINT('',(-169.8530020959,181.52,60.25));
#1428 = LINE('',#1429,#1430);
#1429 = CARTESIAN_POINT('',(-197.625,181.52,60.25));
#1430 = VECTOR('',#1431,1.);
#1431 = DIRECTION('',(1.,0.,0.));
#1432 = ORIENTED_EDGE('',*,*,#1433,.F.);
#1433 = EDGE_CURVE('',#1434,#1426,#1436,.T.);
#1434 = VERTEX_POINT('',#1435);
#1435 = CARTESIAN_POINT('',(-169.8530020959,181.52,61.25));
#1436 = LINE('',#1437,#1438);
#1437 = CARTESIAN_POINT('',(-169.8530020959,181.52,60.25));
#1438 = VECTOR('',#1439,1.);
#1439 = DIRECTION('',(-0.,-0.,-1.));
#1440 = ORIENTED_EDGE('',*,*,#1441,.T.);
#1441 = EDGE_CURVE('',#1434,#1442,#1444,.T.);
#1442 = VERTEX_POINT('',#1443);
#1443 = CARTESIAN_POINT('',(165.04029454646,181.52,61.25));
#1444 = LINE('',#1445,#1446);
#1445 = CARTESIAN_POINT('',(-223.25,181.52,61.25));
#1446 = VECTOR('',#1447,1.);
#1447 = DIRECTION('',(1.,0.,0.));
#1448 = ORIENTED_EDGE('',*,*,#1449,.T.);
#1449 = EDGE_CURVE('',#1442,#1450,#1452,.T.);
#1450 = VERTEX_POINT('',#1451);
#1451 = CARTESIAN_POINT('',(178.95970545353,181.52,61.25));
#1452 = CIRCLE('',#1453,7.);
#1453 = AXIS2_PLACEMENT_3D('',#1454,#1455,#1456);
#1454 = CARTESIAN_POINT('',(172.,181.52,62.));
#1455 = DIRECTION('',(0.,-1.,2.2E-16));
#1456 = DIRECTION('',(1.,0.,0.));
#1457 = ORIENTED_EDGE('',*,*,#1458,.T.);
#1458 = EDGE_CURVE('',#1450,#1459,#1461,.T.);
#1459 = VERTEX_POINT('',#1460);
#1460 = CARTESIAN_POINT('',(179.04029454646,181.52,61.25));
#1461 = LINE('',#1462,#1463);
#1462 = CARTESIAN_POINT('',(-223.25,181.52,61.25));
#1463 = VECTOR('',#1464,1.);
#1464 = DIRECTION('',(1.,0.,0.));
#1465 = ORIENTED_EDGE('',*,*,#1466,.T.);
#1466 = EDGE_CURVE('',#1459,#1467,#1469,.T.);
#1467 = VERTEX_POINT('',#1468);
#1468 = CARTESIAN_POINT('',(192.95970545353,181.52,61.25));
#1469 = CIRCLE('',#1470,7.);
#1470 = AXIS2_PLACEMENT_3D('',#1471,#1472,#1473);
#1471 = CARTESIAN_POINT('',(186.,181.52,62.));
#1472 = DIRECTION('',(0.,-1.,2.2E-16));
#1473 = DIRECTION('',(1.,0.,0.));
#1474 = ORIENTED_EDGE('',*,*,#1475,.T.);
#1475 = EDGE_CURVE('',#1467,#1476,#1478,.T.);
#1476 = VERTEX_POINT('',#1477);
#1477 = CARTESIAN_POINT('',(193.04029454646,181.52,61.25));
#1478 = LINE('',#1479,#1480);
#1479 = CARTESIAN_POINT('',(-223.25,181.52,61.25));
#1480 = VECTOR('',#1481,1.);
#1481 = DIRECTION('',(1.,0.,0.));
#1482 = ORIENTED_EDGE('',*,*,#1483,.T.);
#1483 = EDGE_CURVE('',#1476,#1392,#1484,.T.);
#1484 = CIRCLE('',#1485,7.);
#1485 = AXIS2_PLACEMENT_3D('',#1486,#1487,#1488);
#1486 = CARTESIAN_POINT('',(200.,181.52,62.));
#1487 = DIRECTION('',(0.,-1.,2.2E-16));
#1488 = DIRECTION('',(1.,0.,0.));
#1489 = FACE_BOUND('',#1490,.F.);
#1490 = EDGE_LOOP('',(#1491));
#1491 = ORIENTED_EDGE('',*,*,#1492,.T.);
#1492 = EDGE_CURVE('',#1493,#1493,#1495,.T.);
#1493 = VERTEX_POINT('',#1494);
#1494 = CARTESIAN_POINT('',(-204.05,181.52,27.75));
#1495 = CIRCLE('',#1496,2.2);
#1496 = AXIS2_PLACEMENT_3D('',#1497,#1498,#1499);
#1497 = CARTESIAN_POINT('',(-206.25,181.52,27.75));
#1498 = DIRECTION('',(0.,-1.,2.2E-16));
#1499 = DIRECTION('',(1.,0.,0.));
#1500 = FACE_BOUND('',#1501,.F.);
#1501 = EDGE_LOOP('',(#1502));
#1502 = ORIENTED_EDGE('',*,*,#1503,.T.);
#1503 = EDGE_CURVE('',#1504,#1504,#1506,.T.);
#1504 = VERTEX_POINT('',#1505);
#1505 = CARTESIAN_POINT('',(-156.05,181.52,27.75));
#1506 = CIRCLE('',#1507,2.2);
#1507 = AXIS2_PLACEMENT_3D('',#1508,#1509,#1510);
#1508 = CARTESIAN_POINT('',(-158.25,181.52,27.75));
#1509 = DIRECTION('',(0.,-1.,2.2E-16));
#1510 = DIRECTION('',(1.,0.,0.));
#1511 = FACE_BOUND('',#1512,.F.);
#1512 = EDGE_LOOP('',(#1513));
#1513 = ORIENTED_EDGE('',*,*,#1514,.T.);
#1514 = EDGE_CURVE('',#1515,#1515,#1517,.T.);
#1515 = VERTEX_POINT('',#1516);
#1516 = CARTESIAN_POINT('',(-108.05,181.52,27.75));
#1517 = CIRCLE('',#1518,2.2);
#1518 = AXIS2_PLACEMENT_3D('',#1519,#1520,#1521);
#1519 = CARTESIAN_POINT('',(-110.25,181.52,27.75));
#1520 = DIRECTION('',(0.,-1.,2.2E-16));
#1521 = DIRECTION('',(1.,0.,0.));
#1522 = FACE_BOUND('',#1523,.F.);
#1523 = EDGE_LOOP('',(#1524));
#1524 = ORIENTED_EDGE('',*,*,#1525,.T.);
#1525 = EDGE_CURVE('',#1526,#1526,#1528,.T.);
#1526 = VERTEX_POINT('',#1527);
#1527 = CARTESIAN_POINT('',(-132.75,181.52,39.));
#1528 = CIRCLE('',#1529,3.25);
#1529 = AXIS2_PLACEMENT_3D('',#1530,#1531,#1532);
#1530 = CARTESIAN_POINT('',(-136.,181.52,39.));
#1531 = DIRECTION('',(0.,-1.,2.2E-16));
#1532 = DIRECTION('',(1.,0.,0.));
#1533 = FACE_BOUND('',#1534,.F.);
#1534 = EDGE_LOOP('',(#1535));
#1535 = ORIENTED_EDGE('',*,*,#1536,.T.);
#1536 = EDGE_CURVE('',#1537,#1537,#1539,.T.);
#1537 = VERTEX_POINT('',#1538);
#1538 = CARTESIAN_POINT('',(-114.75,181.52,39.));
#1539 = CIRCLE('',#1540,3.25);
#1540 = AXIS2_PLACEMENT_3D('',#1541,#1542,#1543);
#1541 = CARTESIAN_POINT('',(-118.,181.52,39.));
#1542 = DIRECTION('',(0.,-1.,2.2E-16));
#1543 = DIRECTION('',(1.,0.,0.));
#1544 = FACE_BOUND('',#1545,.F.);
#1545 = EDGE_LOOP('',(#1546));
#1546 = ORIENTED_EDGE('',*,*,#1547,.T.);
#1547 = EDGE_CURVE('',#1548,#1548,#1550,.T.);
#1548 = VERTEX_POINT('',#1549);
#1549 = CARTESIAN_POINT('',(-60.05,181.52,27.75));
#1550 = CIRCLE('',#1551,2.2);
#1551 = AXIS2_PLACEMENT_3D('',#1552,#1553,#1554);
#1552 = CARTESIAN_POINT('',(-62.25,181.52,27.75));
#1553 = DIRECTION('',(0.,-1.,2.2E-16));
#1554 = DIRECTION('',(1.,0.,0.));
#1555 = FACE_BOUND('',#1556,.F.);
#1556 = EDGE_LOOP('',(#1557));
#1557 = ORIENTED_EDGE('',*,*,#1558,.T.);
#1558 = EDGE_CURVE('',#1559,#1559,#1561,.T.);
#1559 = VERTEX_POINT('',#1560);
#1560 = CARTESIAN_POINT('',(-22.8,181.52,25.75));
#1561 = CIRCLE('',#1562,2.2);
#1562 = AXIS2_PLACEMENT_3D('',#1563,#1564,#1565);
#1563 = CARTESIAN_POINT('',(-25.,181.52,25.75));
#1564 = DIRECTION('',(0.,-1.,2.2E-16));
#1565 = DIRECTION('',(1.,0.,0.));
#1566 = FACE_BOUND('',#1567,.F.);
#1567 = EDGE_LOOP('',(#1568));
#1568 = ORIENTED_EDGE('',*,*,#1569,.T.);
#1569 = EDGE_CURVE('',#1570,#1570,#1572,.T.);
#1570 = VERTEX_POINT('',#1571);
#1571 = CARTESIAN_POINT('',(-12.05,181.52,27.75));
#1572 = CIRCLE('',#1573,2.2);
#1573 = AXIS2_PLACEMENT_3D('',#1574,#1575,#1576);
#1574 = CARTESIAN_POINT('',(-14.25,181.52,27.75));
#1575 = DIRECTION('',(0.,-1.,2.2E-16));
#1576 = DIRECTION('',(1.,0.,0.));
#1577 = FACE_BOUND('',#1578,.F.);
#1578 = EDGE_LOOP('',(#1579));
#1579 = ORIENTED_EDGE('',*,*,#1580,.T.);
#1580 = EDGE_CURVE('',#1581,#1581,#1583,.T.);
#1581 = VERTEX_POINT('',#1582);
#1582 = CARTESIAN_POINT('',(-204.05,181.52,43.75));
#1583 = CIRCLE('',#1584,2.2);
#1584 = AXIS2_PLACEMENT_3D('',#1585,#1586,#1587);
#1585 = CARTESIAN_POINT('',(-206.25,181.52,43.75));
#1586 = DIRECTION('',(0.,-1.,2.2E-16));
#1587 = DIRECTION('',(1.,0.,0.));
#1588 = FACE_BOUND('',#1589,.F.);
#1589 = EDGE_LOOP('',(#1590));
#1590 = ORIENTED_EDGE('',*,*,#1591,.T.);
#1591 = EDGE_CURVE('',#1592,#1592,#1594,.T.);
#1592 = VERTEX_POINT('',#1593);
#1593 = CARTESIAN_POINT('',(-156.05,181.52,43.75));
#1594 = CIRCLE('',#1595,2.2);
#1595 = AXIS2_PLACEMENT_3D('',#1596,#1597,#1598);
#1596 = CARTESIAN_POINT('',(-158.25,181.52,43.75));
#1597 = DIRECTION('',(0.,-1.,2.2E-16));
#1598 = DIRECTION('',(1.,0.,0.));
#1599 = FACE_BOUND('',#1600,.F.);
#1600 = EDGE_LOOP('',(#1601));
#1601 = ORIENTED_EDGE('',*,*,#1602,.T.);
#1602 = EDGE_CURVE('',#1603,#1603,#1605,.T.);
#1603 = VERTEX_POINT('',#1604);
#1604 = CARTESIAN_POINT('',(-108.05,181.52,43.75));
#1605 = CIRCLE('',#1606,2.2);
#1606 = AXIS2_PLACEMENT_3D('',#1607,#1608,#1609);
#1607 = CARTESIAN_POINT('',(-110.25,181.52,43.75));
#1608 = DIRECTION('',(0.,-1.,2.2E-16));
#1609 = DIRECTION('',(1.,0.,0.));
#1610 = FACE_BOUND('',#1611,.F.);
#1611 = EDGE_LOOP('',(#1612));
#1612 = ORIENTED_EDGE('',*,*,#1613,.T.);
#1613 = EDGE_CURVE('',#1614,#1614,#1616,.T.);
#1614 = VERTEX_POINT('',#1615);
#1615 = CARTESIAN_POINT('',(-119.,181.52,48.));
#1616 = CIRCLE('',#1617,8.);
#1617 = AXIS2_PLACEMENT_3D('',#1618,#1619,#1620);
#1618 = CARTESIAN_POINT('',(-127.,181.52,48.));
#1619 = DIRECTION('',(0.,-1.,2.2E-16));
#1620 = DIRECTION('',(1.,0.,0.));
#1621 = FACE_BOUND('',#1622,.F.);
#1622 = EDGE_LOOP('',(#1623));
#1623 = ORIENTED_EDGE('',*,*,#1624,.T.);
#1624 = EDGE_CURVE('',#1625,#1625,#1627,.T.);
#1625 = VERTEX_POINT('',#1626);
#1626 = CARTESIAN_POINT('',(-132.75,181.52,57.));
#1627 = CIRCLE('',#1628,3.25);
#1628 = AXIS2_PLACEMENT_3D('',#1629,#1630,#1631);
#1629 = CARTESIAN_POINT('',(-136.,181.52,57.));
#1630 = DIRECTION('',(0.,-1.,2.2E-16));
#1631 = DIRECTION('',(1.,0.,0.));
#1632 = FACE_BOUND('',#1633,.F.);
#1633 = EDGE_LOOP('',(#1634));
#1634 = ORIENTED_EDGE('',*,*,#1635,.T.);
#1635 = EDGE_CURVE('',#1636,#1636,#1638,.T.);
#1636 = VERTEX_POINT('',#1637);
#1637 = CARTESIAN_POINT('',(-114.75,181.52,57.));
#1638 = CIRCLE('',#1639,3.25);
#1639 = AXIS2_PLACEMENT_3D('',#1640,#1641,#1642);
#1640 = CARTESIAN_POINT('',(-118.,181.52,57.));
#1641 = DIRECTION('',(0.,-1.,2.2E-16));
#1642 = DIRECTION('',(1.,0.,0.));
#1643 = FACE_BOUND('',#1644,.F.);
#1644 = EDGE_LOOP('',(#1645));
#1645 = ORIENTED_EDGE('',*,*,#1646,.T.);
#1646 = EDGE_CURVE('',#1647,#1647,#1649,.T.);
#1647 = VERTEX_POINT('',#1648);
#1648 = CARTESIAN_POINT('',(-60.05,181.52,43.75));
#1649 = CIRCLE('',#1650,2.2);
#1650 = AXIS2_PLACEMENT_3D('',#1651,#1652,#1653);
#1651 = CARTESIAN_POINT('',(-62.25,181.52,43.75));
#1652 = DIRECTION('',(0.,-1.,2.2E-16));
#1653 = DIRECTION('',(1.,0.,0.));
#1654 = FACE_BOUND('',#1655,.F.);
#1655 = EDGE_LOOP('',(#1656));
#1656 = ORIENTED_EDGE('',*,*,#1657,.T.);
#1657 = EDGE_CURVE('',#1658,#1658,#1660,.T.);
#1658 = VERTEX_POINT('',#1659);
#1659 = CARTESIAN_POINT('',(-12.05,181.52,43.75));
#1660 = CIRCLE('',#1661,2.2);
#1661 = AXIS2_PLACEMENT_3D('',#1662,#1663,#1664);
#1662 = CARTESIAN_POINT('',(-14.25,181.52,43.75));
#1663 = DIRECTION('',(0.,-1.,2.2E-16));
#1664 = DIRECTION('',(1.,0.,0.));
#1665 = FACE_BOUND('',#1666,.F.);
#1666 = EDGE_LOOP('',(#1667));
#1667 = ORIENTED_EDGE('',*,*,#1668,.T.);
#1668 = EDGE_CURVE('',#1669,#1669,#1671,.T.);
#1669 = VERTEX_POINT('',#1670);
#1670 = CARTESIAN_POINT('',(-22.8,181.52,49.75));
#1671 = CIRCLE('',#1672,2.2);
#1672 = AXIS2_PLACEMENT_3D('',#1673,#1674,#1675);
#1673 = CARTESIAN_POINT('',(-25.,181.52,49.75));
#1674 = DIRECTION('',(0.,-1.,2.2E-16));
#1675 = DIRECTION('',(1.,0.,0.));
#1676 = FACE_BOUND('',#1677,.F.);
#1677 = EDGE_LOOP('',(#1678));
#1678 = ORIENTED_EDGE('',*,*,#1679,.T.);
#1679 = EDGE_CURVE('',#1680,#1680,#1682,.T.);
#1680 = VERTEX_POINT('',#1681);
#1681 = CARTESIAN_POINT('',(27.2,181.52,25.75));
#1682 = CIRCLE('',#1683,2.2);
#1683 = AXIS2_PLACEMENT_3D('',#1684,#1685,#1686);
#1684 = CARTESIAN_POINT('',(25.,181.52,25.75));
#1685 = DIRECTION('',(0.,-1.,2.2E-16));
#1686 = DIRECTION('',(1.,0.,0.));
#1687 = FACE_BOUND('',#1688,.F.);
#1688 = EDGE_LOOP('',(#1689));
#1689 = ORIENTED_EDGE('',*,*,#1690,.T.);
#1690 = EDGE_CURVE('',#1691,#1691,#1693,.T.);
#1691 = VERTEX_POINT('',#1692);
#1692 = CARTESIAN_POINT('',(35.95,181.52,27.75));
#1693 = CIRCLE('',#1694,2.2);
#1694 = AXIS2_PLACEMENT_3D('',#1695,#1696,#1697);
#1695 = CARTESIAN_POINT('',(33.75,181.52,27.75));
#1696 = DIRECTION('',(0.,-1.,2.2E-16));
#1697 = DIRECTION('',(1.,0.,0.));
#1698 = FACE_BOUND('',#1699,.F.);
#1699 = EDGE_LOOP('',(#1700));
#1700 = ORIENTED_EDGE('',*,*,#1701,.T.);
#1701 = EDGE_CURVE('',#1702,#1702,#1704,.T.);
#1702 = VERTEX_POINT('',#1703);
#1703 = CARTESIAN_POINT('',(83.95,181.52,27.75));
#1704 = CIRCLE('',#1705,2.2);
#1705 = AXIS2_PLACEMENT_3D('',#1706,#1707,#1708);
#1706 = CARTESIAN_POINT('',(81.75,181.52,27.75));
#1707 = DIRECTION('',(0.,-1.,2.2E-16));
#1708 = DIRECTION('',(1.,0.,0.));
#1709 = FACE_BOUND('',#1710,.F.);
#1710 = EDGE_LOOP('',(#1711));
#1711 = ORIENTED_EDGE('',*,*,#1712,.T.);
#1712 = EDGE_CURVE('',#1713,#1713,#1715,.T.);
#1713 = VERTEX_POINT('',#1714);
#1714 = CARTESIAN_POINT('',(131.95,181.52,27.75));
#1715 = CIRCLE('',#1716,2.2);
#1716 = AXIS2_PLACEMENT_3D('',#1717,#1718,#1719);
#1717 = CARTESIAN_POINT('',(129.75,181.52,27.75));
#1718 = DIRECTION('',(0.,-1.,2.2E-16));
#1719 = DIRECTION('',(1.,0.,0.));
#1720 = FACE_BOUND('',#1721,.F.);
#1721 = EDGE_LOOP('',(#1722));
#1722 = ORIENTED_EDGE('',*,*,#1723,.T.);
#1723 = EDGE_CURVE('',#1724,#1724,#1726,.T.);
#1724 = VERTEX_POINT('',#1725);
#1725 = CARTESIAN_POINT('',(179.95,181.52,27.75));
#1726 = CIRCLE('',#1727,2.2);
#1727 = AXIS2_PLACEMENT_3D('',#1728,#1729,#1730);
#1728 = CARTESIAN_POINT('',(177.75,181.52,27.75));
#1729 = DIRECTION('',(0.,-1.,2.2E-16));
#1730 = DIRECTION('',(1.,0.,0.));
#1731 = FACE_BOUND('',#1732,.F.);
#1732 = EDGE_LOOP('',(#1733));
#1733 = ORIENTED_EDGE('',*,*,#1734,.T.);
#1734 = EDGE_CURVE('',#1735,#1735,#1737,.T.);
#1735 = VERTEX_POINT('',#1736);
#1736 = CARTESIAN_POINT('',(121.25,181.52,39.));
#1737 = CIRCLE('',#1738,3.25);
#1738 = AXIS2_PLACEMENT_3D('',#1739,#1740,#1741);
#1739 = CARTESIAN_POINT('',(118.,181.52,39.));
#1740 = DIRECTION('',(0.,-1.,2.2E-16));
#1741 = DIRECTION('',(1.,0.,0.));
#1742 = FACE_BOUND('',#1743,.F.);
#1743 = EDGE_LOOP('',(#1744));
#1744 = ORIENTED_EDGE('',*,*,#1745,.T.);
#1745 = EDGE_CURVE('',#1746,#1746,#1748,.T.);
#1746 = VERTEX_POINT('',#1747);
#1747 = CARTESIAN_POINT('',(139.25,181.52,39.));
#1748 = CIRCLE('',#1749,3.25);
#1749 = AXIS2_PLACEMENT_3D('',#1750,#1751,#1752);
#1750 = CARTESIAN_POINT('',(136.,181.52,39.));
#1751 = DIRECTION('',(0.,-1.,2.2E-16));
#1752 = DIRECTION('',(1.,0.,0.));
#1753 = FACE_BOUND('',#1754,.F.);
#1754 = EDGE_LOOP('',(#1755));
#1755 = ORIENTED_EDGE('',*,*,#1756,.T.);
#1756 = EDGE_CURVE('',#1757,#1757,#1759,.T.);
#1757 = VERTEX_POINT('',#1758);
#1758 = CARTESIAN_POINT('',(194.5,181.52,36.8));
#1759 = CIRCLE('',#1760,4.5);
#1760 = AXIS2_PLACEMENT_3D('',#1761,#1762,#1763);
#1761 = CARTESIAN_POINT('',(190.,181.52,36.8));
#1762 = DIRECTION('',(0.,-1.,2.2E-16));
#1763 = DIRECTION('',(1.,0.,0.));
#1764 = FACE_BOUND('',#1765,.F.);
#1765 = EDGE_LOOP('',(#1766));
#1766 = ORIENTED_EDGE('',*,*,#1767,.T.);
#1767 = EDGE_CURVE('',#1768,#1768,#1770,.T.);
#1768 = VERTEX_POINT('',#1769);
#1769 = CARTESIAN_POINT('',(35.95,181.52,43.75));
#1770 = CIRCLE('',#1771,2.2);
#1771 = AXIS2_PLACEMENT_3D('',#1772,#1773,#1774);
#1772 = CARTESIAN_POINT('',(33.75,181.52,43.75));
#1773 = DIRECTION('',(0.,-1.,2.2E-16));
#1774 = DIRECTION('',(1.,0.,0.));
#1775 = FACE_BOUND('',#1776,.F.);
#1776 = EDGE_LOOP('',(#1777));
#1777 = ORIENTED_EDGE('',*,*,#1778,.T.);
#1778 = EDGE_CURVE('',#1779,#1779,#1781,.T.);
#1779 = VERTEX_POINT('',#1780);
#1780 = CARTESIAN_POINT('',(27.2,181.52,49.75));
#1781 = CIRCLE('',#1782,2.2);
#1782 = AXIS2_PLACEMENT_3D('',#1783,#1784,#1785);
#1783 = CARTESIAN_POINT('',(25.,181.52,49.75));
#1784 = DIRECTION('',(0.,-1.,2.2E-16));
#1785 = DIRECTION('',(1.,0.,0.));
#1786 = FACE_BOUND('',#1787,.F.);
#1787 = EDGE_LOOP('',(#1788));
#1788 = ORIENTED_EDGE('',*,*,#1789,.T.);
#1789 = EDGE_CURVE('',#1790,#1790,#1792,.T.);
#1790 = VERTEX_POINT('',#1791);
#1791 = CARTESIAN_POINT('',(83.95,181.52,43.75));
#1792 = CIRCLE('',#1793,2.2);
#1793 = AXIS2_PLACEMENT_3D('',#1794,#1795,#1796);
#1794 = CARTESIAN_POINT('',(81.75,181.52,43.75));
#1795 = DIRECTION('',(0.,-1.,2.2E-16));
#1796 = DIRECTION('',(1.,0.,0.));
#1797 = FACE_BOUND('',#1798,.F.);
#1798 = EDGE_LOOP('',(#1799));
#1799 = ORIENTED_EDGE('',*,*,#1800,.T.);
#1800 = EDGE_CURVE('',#1801,#1801,#1803,.T.);
#1801 = VERTEX_POINT('',#1802);
#1802 = CARTESIAN_POINT('',(135.,181.52,48.));
#1803 = CIRCLE('',#1804,8.);
#1804 = AXIS2_PLACEMENT_3D('',#1805,#1806,#1807);
#1805 = CARTESIAN_POINT('',(127.,181.52,48.));
#1806 = DIRECTION('',(0.,-1.,2.2E-16));
#1807 = DIRECTION('',(1.,0.,0.));
#1808 = FACE_BOUND('',#1809,.F.);
#1809 = EDGE_LOOP('',(#1810));
#1810 = ORIENTED_EDGE('',*,*,#1811,.T.);
#1811 = EDGE_CURVE('',#1812,#1812,#1814,.T.);
#1812 = VERTEX_POINT('',#1813);
#1813 = CARTESIAN_POINT('',(179.95,181.52,43.75));
#1814 = CIRCLE('',#1815,2.2);
#1815 = AXIS2_PLACEMENT_3D('',#1816,#1817,#1818);
#1816 = CARTESIAN_POINT('',(177.75,181.52,43.75));
#1817 = DIRECTION('',(0.,-1.,2.2E-16));
#1818 = DIRECTION('',(1.,0.,0.));
#1819 = FACE_BOUND('',#1820,.F.);
#1820 = EDGE_LOOP('',(#1821));
#1821 = ORIENTED_EDGE('',*,*,#1822,.T.);
#1822 = EDGE_CURVE('',#1823,#1823,#1825,.T.);
#1823 = VERTEX_POINT('',#1824);
#1824 = CARTESIAN_POINT('',(121.25,181.52,57.));
#1825 = CIRCLE('',#1826,3.25);
#1826 = AXIS2_PLACEMENT_3D('',#1827,#1828,#1829);
#1827 = CARTESIAN_POINT('',(118.,181.52,57.));
#1828 = DIRECTION('',(0.,-1.,2.2E-16));
#1829 = DIRECTION('',(1.,0.,0.));
#1830 = FACE_BOUND('',#1831,.F.);
#1831 = EDGE_LOOP('',(#1832));
#1832 = ORIENTED_EDGE('',*,*,#1833,.T.);
#1833 = EDGE_CURVE('',#1834,#1834,#1836,.T.);
#1834 = VERTEX_POINT('',#1835);
#1835 = CARTESIAN_POINT('',(139.25,181.52,57.));
#1836 = CIRCLE('',#1837,3.25);
#1837 = AXIS2_PLACEMENT_3D('',#1838,#1839,#1840);
#1838 = CARTESIAN_POINT('',(136.,181.52,57.));
#1839 = DIRECTION('',(0.,-1.,2.2E-16));
#1840 = DIRECTION('',(1.,0.,0.));
#1841 = PLANE('',#1842);
#1842 = AXIS2_PLACEMENT_3D('',#1843,#1844,#1845);
#1843 = CARTESIAN_POINT('',(-223.25,181.52,15.75));
#1844 = DIRECTION('',(0.,1.,0.));
#1845 = DIRECTION('',(0.,0.,1.));
#1846 = ADVANCED_FACE('',(#1847,#2198,#2209,#2220,#2231,#2242,#2253,
    #2264,#2428,#2439,#2450,#2461,#2472,#2501,#2512,#2523,#2534,#2545,
    #2574,#2585,#2596,#2607,#2618),#2629,.F.);
#1847 = FACE_BOUND('',#1848,.F.);
#1848 = EDGE_LOOP('',(#1849,#1850,#1851,#1859,#1867,#1875,#1883,#1891,
    #1899,#1907,#1915,#1923,#1931,#1939,#1947,#1955,#1963,#1971,#1979,
    #1987,#1995,#2003,#2011,#2019,#2027,#2035,#2043,#2051,#2059,#2067,
    #2075,#2083,#2091,#2099,#2107,#2115,#2121,#2122,#2130,#2138,#2144,
    #2145,#2153,#2161,#2167,#2168,#2176,#2184,#2190,#2191));
#1849 = ORIENTED_EDGE('',*,*,#1409,.F.);
#1850 = ORIENTED_EDGE('',*,*,#55,.T.);
#1851 = ORIENTED_EDGE('',*,*,#1852,.T.);
#1852 = EDGE_CURVE('',#48,#1853,#1855,.T.);
#1853 = VERTEX_POINT('',#1854);
#1854 = CARTESIAN_POINT('',(-156.3182117879,138.52,61.25));
#1855 = LINE('',#1856,#1857);
#1856 = CARTESIAN_POINT('',(-223.25,138.52,61.25));
#1857 = VECTOR('',#1858,1.);
#1858 = DIRECTION('',(1.,0.,0.));
#1859 = ORIENTED_EDGE('',*,*,#1860,.F.);
#1860 = EDGE_CURVE('',#1861,#1853,#1863,.T.);
#1861 = VERTEX_POINT('',#1862);
#1862 = CARTESIAN_POINT('',(-156.3182117879,139.52,61.25));
#1863 = LINE('',#1864,#1865);
#1864 = CARTESIAN_POINT('',(-156.3182117879,135.02,61.25));
#1865 = VECTOR('',#1866,1.);
#1866 = DIRECTION('',(0.,-1.,2.2E-16));
#1867 = ORIENTED_EDGE('',*,*,#1868,.F.);
#1868 = EDGE_CURVE('',#1869,#1861,#1871,.T.);
#1869 = VERTEX_POINT('',#1870);
#1870 = CARTESIAN_POINT('',(-152.181788212,139.52,61.25));
#1871 = LINE('',#1872,#1873);
#1872 = CARTESIAN_POINT('',(-188.75,139.52,61.25));
#1873 = VECTOR('',#1874,1.);
#1874 = DIRECTION('',(-1.,0.,0.));
#1875 = ORIENTED_EDGE('',*,*,#1876,.T.);
#1876 = EDGE_CURVE('',#1869,#1877,#1879,.T.);
#1877 = VERTEX_POINT('',#1878);
#1878 = CARTESIAN_POINT('',(-152.181788212,138.52,61.25));
#1879 = LINE('',#1880,#1881);
#1880 = CARTESIAN_POINT('',(-152.181788212,135.02,61.25));
#1881 = VECTOR('',#1882,1.);
#1882 = DIRECTION('',(0.,-1.,2.2E-16));
#1883 = ORIENTED_EDGE('',*,*,#1884,.T.);
#1884 = EDGE_CURVE('',#1877,#1885,#1887,.T.);
#1885 = VERTEX_POINT('',#1886);
#1886 = CARTESIAN_POINT('',(-101.8182117879,138.52,61.25));
#1887 = LINE('',#1888,#1889);
#1888 = CARTESIAN_POINT('',(-223.25,138.52,61.25));
#1889 = VECTOR('',#1890,1.);
#1890 = DIRECTION('',(1.,0.,0.));
#1891 = ORIENTED_EDGE('',*,*,#1892,.F.);
#1892 = EDGE_CURVE('',#1893,#1885,#1895,.T.);
#1893 = VERTEX_POINT('',#1894);
#1894 = CARTESIAN_POINT('',(-101.8182117879,139.52,61.25));
#1895 = LINE('',#1896,#1897);
#1896 = CARTESIAN_POINT('',(-101.8182117879,135.02,61.25));
#1897 = VECTOR('',#1898,1.);
#1898 = DIRECTION('',(0.,-1.,2.2E-16));
#1899 = ORIENTED_EDGE('',*,*,#1900,.F.);
#1900 = EDGE_CURVE('',#1901,#1893,#1903,.T.);
#1901 = VERTEX_POINT('',#1902);
#1902 = CARTESIAN_POINT('',(-97.681788212,139.52,61.25));
#1903 = LINE('',#1904,#1905);
#1904 = CARTESIAN_POINT('',(-161.5,139.52,61.25));
#1905 = VECTOR('',#1906,1.);
#1906 = DIRECTION('',(-1.,0.,0.));
#1907 = ORIENTED_EDGE('',*,*,#1908,.T.);
#1908 = EDGE_CURVE('',#1901,#1909,#1911,.T.);
#1909 = VERTEX_POINT('',#1910);
#1910 = CARTESIAN_POINT('',(-97.681788212,138.52,61.25));
#1911 = LINE('',#1912,#1913);
#1912 = CARTESIAN_POINT('',(-97.681788212,135.02,61.25));
#1913 = VECTOR('',#1914,1.);
#1914 = DIRECTION('',(0.,-1.,2.2E-16));
#1915 = ORIENTED_EDGE('',*,*,#1916,.T.);
#1916 = EDGE_CURVE('',#1909,#1917,#1919,.T.);
#1917 = VERTEX_POINT('',#1918);
#1918 = CARTESIAN_POINT('',(-62.06821178799,138.52,61.25));
#1919 = LINE('',#1920,#1921);
#1920 = CARTESIAN_POINT('',(-223.25,138.52,61.25));
#1921 = VECTOR('',#1922,1.);
#1922 = DIRECTION('',(1.,0.,0.));
#1923 = ORIENTED_EDGE('',*,*,#1924,.F.);
#1924 = EDGE_CURVE('',#1925,#1917,#1927,.T.);
#1925 = VERTEX_POINT('',#1926);
#1926 = CARTESIAN_POINT('',(-62.06821178799,139.52,61.25));
#1927 = LINE('',#1928,#1929);
#1928 = CARTESIAN_POINT('',(-62.06821178799,135.02,61.25));
#1929 = VECTOR('',#1930,1.);
#1930 = DIRECTION('',(0.,-1.,2.2E-16));
#1931 = ORIENTED_EDGE('',*,*,#1932,.F.);
#1932 = EDGE_CURVE('',#1933,#1925,#1935,.T.);
#1933 = VERTEX_POINT('',#1934);
#1934 = CARTESIAN_POINT('',(-57.931788212,139.52,61.25));
#1935 = LINE('',#1936,#1937);
#1936 = CARTESIAN_POINT('',(-141.625,139.52,61.25));
#1937 = VECTOR('',#1938,1.);
#1938 = DIRECTION('',(-1.,0.,0.));
#1939 = ORIENTED_EDGE('',*,*,#1940,.T.);
#1940 = EDGE_CURVE('',#1933,#1941,#1943,.T.);
#1941 = VERTEX_POINT('',#1942);
#1942 = CARTESIAN_POINT('',(-57.931788212,138.52,61.25));
#1943 = LINE('',#1944,#1945);
#1944 = CARTESIAN_POINT('',(-57.931788212,135.02,61.25));
#1945 = VECTOR('',#1946,1.);
#1946 = DIRECTION('',(0.,-1.,2.2E-16));
#1947 = ORIENTED_EDGE('',*,*,#1948,.T.);
#1948 = EDGE_CURVE('',#1941,#1949,#1951,.T.);
#1949 = VERTEX_POINT('',#1950);
#1950 = CARTESIAN_POINT('',(-22.06821178799,138.52,61.25));
#1951 = LINE('',#1952,#1953);
#1952 = CARTESIAN_POINT('',(-223.25,138.52,61.25));
#1953 = VECTOR('',#1954,1.);
#1954 = DIRECTION('',(1.,0.,0.));
#1955 = ORIENTED_EDGE('',*,*,#1956,.F.);
#1956 = EDGE_CURVE('',#1957,#1949,#1959,.T.);
#1957 = VERTEX_POINT('',#1958);
#1958 = CARTESIAN_POINT('',(-22.06821178799,139.52,61.25));
#1959 = LINE('',#1960,#1961);
#1960 = CARTESIAN_POINT('',(-22.06821178799,135.02,61.25));
#1961 = VECTOR('',#1962,1.);
#1962 = DIRECTION('',(0.,-1.,2.2E-16));
#1963 = ORIENTED_EDGE('',*,*,#1964,.F.);
#1964 = EDGE_CURVE('',#1965,#1957,#1967,.T.);
#1965 = VERTEX_POINT('',#1966);
#1966 = CARTESIAN_POINT('',(-17.931788212,139.52,61.25));
#1967 = LINE('',#1968,#1969);
#1968 = CARTESIAN_POINT('',(-121.625,139.52,61.25));
#1969 = VECTOR('',#1970,1.);
#1970 = DIRECTION('',(-1.,0.,0.));
#1971 = ORIENTED_EDGE('',*,*,#1972,.T.);
#1972 = EDGE_CURVE('',#1965,#1973,#1975,.T.);
#1973 = VERTEX_POINT('',#1974);
#1974 = CARTESIAN_POINT('',(-17.931788212,138.52,61.25));
#1975 = LINE('',#1976,#1977);
#1976 = CARTESIAN_POINT('',(-17.931788212,135.02,61.25));
#1977 = VECTOR('',#1978,1.);
#1978 = DIRECTION('',(0.,-1.,2.2E-16));
#1979 = ORIENTED_EDGE('',*,*,#1980,.T.);
#1980 = EDGE_CURVE('',#1973,#1981,#1983,.T.);
#1981 = VERTEX_POINT('',#1982);
#1982 = CARTESIAN_POINT('',(17.931788212006,138.52,61.25));
#1983 = LINE('',#1984,#1985);
#1984 = CARTESIAN_POINT('',(-223.25,138.52,61.25));
#1985 = VECTOR('',#1986,1.);
#1986 = DIRECTION('',(1.,0.,0.));
#1987 = ORIENTED_EDGE('',*,*,#1988,.F.);
#1988 = EDGE_CURVE('',#1989,#1981,#1991,.T.);
#1989 = VERTEX_POINT('',#1990);
#1990 = CARTESIAN_POINT('',(17.931788212005,139.52,61.25));
#1991 = LINE('',#1992,#1993);
#1992 = CARTESIAN_POINT('',(17.931788212005,135.02,61.25));
#1993 = VECTOR('',#1994,1.);
#1994 = DIRECTION('',(0.,-1.,2.2E-16));
#1995 = ORIENTED_EDGE('',*,*,#1996,.F.);
#1996 = EDGE_CURVE('',#1997,#1989,#1999,.T.);
#1997 = VERTEX_POINT('',#1998);
#1998 = CARTESIAN_POINT('',(22.068211787995,139.52,61.25));
#1999 = LINE('',#2000,#2001);
#2000 = CARTESIAN_POINT('',(-101.625,139.52,61.25));
#2001 = VECTOR('',#2002,1.);
#2002 = DIRECTION('',(-1.,0.,0.));
#2003 = ORIENTED_EDGE('',*,*,#2004,.T.);
#2004 = EDGE_CURVE('',#1997,#2005,#2007,.T.);
#2005 = VERTEX_POINT('',#2006);
#2006 = CARTESIAN_POINT('',(22.068211787994,138.52,61.25));
#2007 = LINE('',#2008,#2009);
#2008 = CARTESIAN_POINT('',(22.068211787995,135.02,61.25));
#2009 = VECTOR('',#2010,1.);
#2010 = DIRECTION('',(0.,-1.,2.2E-16));
#2011 = ORIENTED_EDGE('',*,*,#2012,.T.);
#2012 = EDGE_CURVE('',#2005,#2013,#2015,.T.);
#2013 = VERTEX_POINT('',#2014);
#2014 = CARTESIAN_POINT('',(79.931788212006,138.52,61.25));
#2015 = LINE('',#2016,#2017);
#2016 = CARTESIAN_POINT('',(-223.25,138.52,61.25));
#2017 = VECTOR('',#2018,1.);
#2018 = DIRECTION('',(1.,0.,0.));
#2019 = ORIENTED_EDGE('',*,*,#2020,.F.);
#2020 = EDGE_CURVE('',#2021,#2013,#2023,.T.);
#2021 = VERTEX_POINT('',#2022);
#2022 = CARTESIAN_POINT('',(79.931788212005,139.52,61.25));
#2023 = LINE('',#2024,#2025);
#2024 = CARTESIAN_POINT('',(79.931788212005,135.02,61.25));
#2025 = VECTOR('',#2026,1.);
#2026 = DIRECTION('',(0.,-1.,2.2E-16));
#2027 = ORIENTED_EDGE('',*,*,#2028,.F.);
#2028 = EDGE_CURVE('',#2029,#2021,#2031,.T.);
#2029 = VERTEX_POINT('',#2030);
#2030 = CARTESIAN_POINT('',(84.068211787995,139.52,61.25));
#2031 = LINE('',#2032,#2033);
#2032 = CARTESIAN_POINT('',(-70.625,139.52,61.25));
#2033 = VECTOR('',#2034,1.);
#2034 = DIRECTION('',(-1.,0.,0.));
#2035 = ORIENTED_EDGE('',*,*,#2036,.T.);
#2036 = EDGE_CURVE('',#2029,#2037,#2039,.T.);
#2037 = VERTEX_POINT('',#2038);
#2038 = CARTESIAN_POINT('',(84.068211787994,138.52,61.25));
#2039 = LINE('',#2040,#2041);
#2040 = CARTESIAN_POINT('',(84.068211787995,135.02,61.25));
#2041 = VECTOR('',#2042,1.);
#2042 = DIRECTION('',(0.,-1.,2.2E-16));
#2043 = ORIENTED_EDGE('',*,*,#2044,.T.);
#2044 = EDGE_CURVE('',#2037,#2045,#2047,.T.);
#2045 = VERTEX_POINT('',#2046);
#2046 = CARTESIAN_POINT('',(97.681788212006,138.52,61.25));
#2047 = LINE('',#2048,#2049);
#2048 = CARTESIAN_POINT('',(-223.25,138.52,61.25));
#2049 = VECTOR('',#2050,1.);
#2050 = DIRECTION('',(1.,0.,0.));
#2051 = ORIENTED_EDGE('',*,*,#2052,.F.);
#2052 = EDGE_CURVE('',#2053,#2045,#2055,.T.);
#2053 = VERTEX_POINT('',#2054);
#2054 = CARTESIAN_POINT('',(97.681788212005,139.52,61.25));
#2055 = LINE('',#2056,#2057);
#2056 = CARTESIAN_POINT('',(97.681788212005,135.02,61.25));
#2057 = VECTOR('',#2058,1.);
#2058 = DIRECTION('',(0.,-1.,2.2E-16));
#2059 = ORIENTED_EDGE('',*,*,#2060,.F.);
#2060 = EDGE_CURVE('',#2061,#2053,#2063,.T.);
#2061 = VERTEX_POINT('',#2062);
#2062 = CARTESIAN_POINT('',(101.81821178799,139.52,61.25));
#2063 = LINE('',#2064,#2065);
#2064 = CARTESIAN_POINT('',(-61.75,139.52,61.25));
#2065 = VECTOR('',#2066,1.);
#2066 = DIRECTION('',(-1.,0.,0.));
#2067 = ORIENTED_EDGE('',*,*,#2068,.T.);
#2068 = EDGE_CURVE('',#2061,#2069,#2071,.T.);
#2069 = VERTEX_POINT('',#2070);
#2070 = CARTESIAN_POINT('',(101.81821178799,138.52,61.25));
#2071 = LINE('',#2072,#2073);
#2072 = CARTESIAN_POINT('',(101.81821178799,135.02,61.25));
#2073 = VECTOR('',#2074,1.);
#2074 = DIRECTION('',(0.,-1.,2.2E-16));
#2075 = ORIENTED_EDGE('',*,*,#2076,.T.);
#2076 = EDGE_CURVE('',#2069,#2077,#2079,.T.);
#2077 = VERTEX_POINT('',#2078);
#2078 = CARTESIAN_POINT('',(152.181788212,138.52,61.25));
#2079 = LINE('',#2080,#2081);
#2080 = CARTESIAN_POINT('',(-223.25,138.52,61.25));
#2081 = VECTOR('',#2082,1.);
#2082 = DIRECTION('',(1.,0.,0.));
#2083 = ORIENTED_EDGE('',*,*,#2084,.F.);
#2084 = EDGE_CURVE('',#2085,#2077,#2087,.T.);
#2085 = VERTEX_POINT('',#2086);
#2086 = CARTESIAN_POINT('',(152.181788212,139.52,61.25));
#2087 = LINE('',#2088,#2089);
#2088 = CARTESIAN_POINT('',(152.181788212,135.02,61.25));
#2089 = VECTOR('',#2090,1.);
#2090 = DIRECTION('',(0.,-1.,2.2E-16));
#2091 = ORIENTED_EDGE('',*,*,#2092,.F.);
#2092 = EDGE_CURVE('',#2093,#2085,#2095,.T.);
#2093 = VERTEX_POINT('',#2094);
#2094 = CARTESIAN_POINT('',(156.31821178799,139.52,61.25));
#2095 = LINE('',#2096,#2097);
#2096 = CARTESIAN_POINT('',(-34.5,139.52,61.25));
#2097 = VECTOR('',#2098,1.);
#2098 = DIRECTION('',(-1.,0.,0.));
#2099 = ORIENTED_EDGE('',*,*,#2100,.T.);
#2100 = EDGE_CURVE('',#2093,#2101,#2103,.T.);
#2101 = VERTEX_POINT('',#2102);
#2102 = CARTESIAN_POINT('',(156.31821178799,138.52,61.25));
#2103 = LINE('',#2104,#2105);
#2104 = CARTESIAN_POINT('',(156.31821178799,135.02,61.25));
#2105 = VECTOR('',#2106,1.);
#2106 = DIRECTION('',(0.,-1.,2.2E-16));
#2107 = ORIENTED_EDGE('',*,*,#2108,.T.);
#2108 = EDGE_CURVE('',#2101,#2109,#2111,.T.);
#2109 = VERTEX_POINT('',#2110);
#2110 = CARTESIAN_POINT('',(222.25,138.52,61.25));
#2111 = LINE('',#2112,#2113);
#2112 = CARTESIAN_POINT('',(-223.25,138.52,61.25));
#2113 = VECTOR('',#2114,1.);
#2114 = DIRECTION('',(1.,0.,0.));
#2115 = ORIENTED_EDGE('',*,*,#2116,.F.);
#2116 = EDGE_CURVE('',#1394,#2109,#2117,.T.);
#2117 = LINE('',#2118,#2119);
#2118 = CARTESIAN_POINT('',(222.25,137.27,61.25));
#2119 = VECTOR('',#2120,1.);
#2120 = DIRECTION('',(0.,-1.,0.));
#2121 = ORIENTED_EDGE('',*,*,#1391,.F.);
#2122 = ORIENTED_EDGE('',*,*,#2123,.T.);
#2123 = EDGE_CURVE('',#1392,#2124,#2126,.T.);
#2124 = VERTEX_POINT('',#2125);
#2125 = CARTESIAN_POINT('',(206.95970545353,180.52,61.25));
#2126 = LINE('',#2127,#2128);
#2127 = CARTESIAN_POINT('',(206.95970545353,180.52,61.25));
#2128 = VECTOR('',#2129,1.);
#2129 = DIRECTION('',(0.,-1.,2.2E-16));
#2130 = ORIENTED_EDGE('',*,*,#2131,.T.);
#2131 = EDGE_CURVE('',#2124,#2132,#2134,.T.);
#2132 = VERTEX_POINT('',#2133);
#2133 = CARTESIAN_POINT('',(193.04029454646,180.52,61.25));
#2134 = LINE('',#2135,#2136);
#2135 = CARTESIAN_POINT('',(-11.625,180.52,61.25));
#2136 = VECTOR('',#2137,1.);
#2137 = DIRECTION('',(-1.,0.,0.));
#2138 = ORIENTED_EDGE('',*,*,#2139,.F.);
#2139 = EDGE_CURVE('',#1476,#2132,#2140,.T.);
#2140 = LINE('',#2141,#2142);
#2141 = CARTESIAN_POINT('',(193.04029454646,180.52,61.25));
#2142 = VECTOR('',#2143,1.);
#2143 = DIRECTION('',(0.,-1.,2.2E-16));
#2144 = ORIENTED_EDGE('',*,*,#1475,.F.);
#2145 = ORIENTED_EDGE('',*,*,#2146,.T.);
#2146 = EDGE_CURVE('',#1467,#2147,#2149,.T.);
#2147 = VERTEX_POINT('',#2148);
#2148 = CARTESIAN_POINT('',(192.95970545353,180.52,61.25));
#2149 = LINE('',#2150,#2151);
#2150 = CARTESIAN_POINT('',(192.95970545353,180.52,61.25));
#2151 = VECTOR('',#2152,1.);
#2152 = DIRECTION('',(0.,-1.,2.2E-16));
#2153 = ORIENTED_EDGE('',*,*,#2154,.T.);
#2154 = EDGE_CURVE('',#2147,#2155,#2157,.T.);
#2155 = VERTEX_POINT('',#2156);
#2156 = CARTESIAN_POINT('',(179.04029454646,180.52,61.25));
#2157 = LINE('',#2158,#2159);
#2158 = CARTESIAN_POINT('',(-18.625,180.52,61.25));
#2159 = VECTOR('',#2160,1.);
#2160 = DIRECTION('',(-1.,0.,0.));
#2161 = ORIENTED_EDGE('',*,*,#2162,.F.);
#2162 = EDGE_CURVE('',#1459,#2155,#2163,.T.);
#2163 = LINE('',#2164,#2165);
#2164 = CARTESIAN_POINT('',(179.04029454646,180.52,61.25));
#2165 = VECTOR('',#2166,1.);
#2166 = DIRECTION('',(0.,-1.,2.2E-16));
#2167 = ORIENTED_EDGE('',*,*,#1458,.F.);
#2168 = ORIENTED_EDGE('',*,*,#2169,.T.);
#2169 = EDGE_CURVE('',#1450,#2170,#2172,.T.);
#2170 = VERTEX_POINT('',#2171);
#2171 = CARTESIAN_POINT('',(178.95970545353,180.52,61.25));
#2172 = LINE('',#2173,#2174);
#2173 = CARTESIAN_POINT('',(178.95970545353,180.52,61.25));
#2174 = VECTOR('',#2175,1.);
#2175 = DIRECTION('',(0.,-1.,2.2E-16));
#2176 = ORIENTED_EDGE('',*,*,#2177,.T.);
#2177 = EDGE_CURVE('',#2170,#2178,#2180,.T.);
#2178 = VERTEX_POINT('',#2179);
#2179 = CARTESIAN_POINT('',(165.04029454646,180.52,61.25));
#2180 = LINE('',#2181,#2182);
#2181 = CARTESIAN_POINT('',(-25.625,180.52,61.25));
#2182 = VECTOR('',#2183,1.);
#2183 = DIRECTION('',(-1.,0.,0.));
#2184 = ORIENTED_EDGE('',*,*,#2185,.F.);
#2185 = EDGE_CURVE('',#1442,#2178,#2186,.T.);
#2186 = LINE('',#2187,#2188);
#2187 = CARTESIAN_POINT('',(165.04029454646,180.52,61.25));
#2188 = VECTOR('',#2189,1.);
#2189 = DIRECTION('',(0.,-1.,2.2E-16));
#2190 = ORIENTED_EDGE('',*,*,#1441,.F.);
#2191 = ORIENTED_EDGE('',*,*,#2192,.T.);
#2192 = EDGE_CURVE('',#1434,#1410,#2193,.T.);
#2193 = CIRCLE('',#2194,2.2);
#2194 = AXIS2_PLACEMENT_3D('',#2195,#2196,#2197);
#2195 = CARTESIAN_POINT('',(-172.,182.,61.25));
#2196 = DIRECTION('',(0.,0.,-1.));
#2197 = DIRECTION('',(1.,0.,0.));
#2198 = FACE_BOUND('',#2199,.F.);
#2199 = EDGE_LOOP('',(#2200));
#2200 = ORIENTED_EDGE('',*,*,#2201,.T.);
#2201 = EDGE_CURVE('',#2202,#2202,#2204,.T.);
#2202 = VERTEX_POINT('',#2203);
#2203 = CARTESIAN_POINT('',(-178.8,142.,61.25));
#2204 = CIRCLE('',#2205,2.2);
#2205 = AXIS2_PLACEMENT_3D('',#2206,#2207,#2208);
#2206 = CARTESIAN_POINT('',(-181.,142.,61.25));
#2207 = DIRECTION('',(0.,0.,-1.));
#2208 = DIRECTION('',(1.,0.,0.));
#2209 = FACE_BOUND('',#2210,.F.);
#2210 = EDGE_LOOP('',(#2211));
#2211 = ORIENTED_EDGE('',*,*,#2212,.T.);
#2212 = EDGE_CURVE('',#2213,#2213,#2215,.T.);
#2213 = VERTEX_POINT('',#2214);
#2214 = CARTESIAN_POINT('',(-169.8,143.,61.25));
#2215 = CIRCLE('',#2216,2.2);
#2216 = AXIS2_PLACEMENT_3D('',#2217,#2218,#2219);
#2217 = CARTESIAN_POINT('',(-172.,143.,61.25));
#2218 = DIRECTION('',(0.,0.,-1.));
#2219 = DIRECTION('',(1.,0.,0.));
#2220 = FACE_BOUND('',#2221,.F.);
#2221 = EDGE_LOOP('',(#2222));
#2222 = ORIENTED_EDGE('',*,*,#2223,.T.);
#2223 = EDGE_CURVE('',#2224,#2224,#2226,.T.);
#2224 = VERTEX_POINT('',#2225);
#2225 = CARTESIAN_POINT('',(-142.8,142.,61.25));
#2226 = CIRCLE('',#2227,2.2);
#2227 = AXIS2_PLACEMENT_3D('',#2228,#2229,#2230);
#2228 = CARTESIAN_POINT('',(-145.,142.,61.25));
#2229 = DIRECTION('',(0.,0.,-1.));
#2230 = DIRECTION('',(1.,0.,0.));
#2231 = FACE_BOUND('',#2232,.F.);
#2232 = EDGE_LOOP('',(#2233));
#2233 = ORIENTED_EDGE('',*,*,#2234,.T.);
#2234 = EDGE_CURVE('',#2235,#2235,#2237,.T.);
#2235 = VERTEX_POINT('',#2236);
#2236 = CARTESIAN_POINT('',(-169.8,149.,61.25));
#2237 = CIRCLE('',#2238,2.2);
#2238 = AXIS2_PLACEMENT_3D('',#2239,#2240,#2241);
#2239 = CARTESIAN_POINT('',(-172.,149.,61.25));
#2240 = DIRECTION('',(0.,0.,-1.));
#2241 = DIRECTION('',(1.,0.,0.));
#2242 = FACE_BOUND('',#2243,.F.);
#2243 = EDGE_LOOP('',(#2244));
#2244 = ORIENTED_EDGE('',*,*,#2245,.T.);
#2245 = EDGE_CURVE('',#2246,#2246,#2248,.T.);
#2246 = VERTEX_POINT('',#2247);
#2247 = CARTESIAN_POINT('',(-200.92,152.02,61.25));
#2248 = CIRCLE('',#2249,2.2);
#2249 = AXIS2_PLACEMENT_3D('',#2250,#2251,#2252);
#2250 = CARTESIAN_POINT('',(-203.12,152.02,61.25));
#2251 = DIRECTION('',(0.,0.,-1.));
#2252 = DIRECTION('',(1.,0.,0.));
#2253 = FACE_BOUND('',#2254,.F.);
#2254 = EDGE_LOOP('',(#2255));
#2255 = ORIENTED_EDGE('',*,*,#2256,.T.);
#2256 = EDGE_CURVE('',#2257,#2257,#2259,.T.);
#2257 = VERTEX_POINT('',#2258);
#2258 = CARTESIAN_POINT('',(-181.92,152.02,61.25));
#2259 = CIRCLE('',#2260,2.2);
#2260 = AXIS2_PLACEMENT_3D('',#2261,#2262,#2263);
#2261 = CARTESIAN_POINT('',(-184.12,152.02,61.25));
#2262 = DIRECTION('',(0.,0.,-1.));
#2263 = DIRECTION('',(1.,0.,0.));
#2264 = FACE_BOUND('',#2265,.F.);
#2265 = EDGE_LOOP('',(#2266,#2277,#2286,#2295,#2304,#2313,#2322,#2331,
    #2340,#2349,#2358,#2367,#2376,#2385,#2394,#2403,#2412,#2421));
#2266 = ORIENTED_EDGE('',*,*,#2267,.T.);
#2267 = EDGE_CURVE('',#2268,#2270,#2272,.T.);
#2268 = VERTEX_POINT('',#2269);
#2269 = CARTESIAN_POINT('',(176.24936240444,161.62875318393,61.25));
#2270 = VERTEX_POINT('',#2271);
#2271 = CARTESIAN_POINT('',(179.38419826198,161.49288697479,61.25));
#2272 = CIRCLE('',#2273,2.2);
#2273 = AXIS2_PLACEMENT_3D('',#2274,#2275,#2276);
#2274 = CARTESIAN_POINT('',(177.75,160.02,61.25));
#2275 = DIRECTION('',(0.,0.,-1.));
#2276 = DIRECTION('',(1.,0.,0.));
#2277 = ORIENTED_EDGE('',*,*,#2278,.T.);
#2278 = EDGE_CURVE('',#2270,#2279,#2281,.T.);
#2279 = VERTEX_POINT('',#2280);
#2280 = CARTESIAN_POINT('',(186.,160.74456264653,61.25));
#2281 = CIRCLE('',#2282,7.);
#2282 = AXIS2_PLACEMENT_3D('',#2283,#2284,#2285);
#2283 = CARTESIAN_POINT('',(182.,155.,61.25));
#2284 = DIRECTION('',(0.,0.,-1.));
#2285 = DIRECTION('',(1.,0.,0.));
#2286 = ORIENTED_EDGE('',*,*,#2287,.T.);
#2287 = EDGE_CURVE('',#2279,#2288,#2290,.T.);
#2288 = VERTEX_POINT('',#2289);
#2289 = CARTESIAN_POINT('',(194.,160.74456264653,61.25));
#2290 = CIRCLE('',#2291,7.);
#2291 = AXIS2_PLACEMENT_3D('',#2292,#2293,#2294);
#2292 = CARTESIAN_POINT('',(190.,155.,61.25));
#2293 = DIRECTION('',(0.,0.,-1.));
#2294 = DIRECTION('',(1.,0.,0.));
#2295 = ORIENTED_EDGE('',*,*,#2296,.T.);
#2296 = EDGE_CURVE('',#2288,#2297,#2299,.T.);
#2297 = VERTEX_POINT('',#2298);
#2298 = CARTESIAN_POINT('',(202.,160.74456264653,61.25));
#2299 = CIRCLE('',#2300,7.);
#2300 = AXIS2_PLACEMENT_3D('',#2301,#2302,#2303);
#2301 = CARTESIAN_POINT('',(198.,155.,61.25));
#2302 = DIRECTION('',(0.,0.,-1.));
#2303 = DIRECTION('',(1.,0.,0.));
#2304 = ORIENTED_EDGE('',*,*,#2305,.T.);
#2305 = EDGE_CURVE('',#2297,#2306,#2308,.T.);
#2306 = VERTEX_POINT('',#2307);
#2307 = CARTESIAN_POINT('',(210.,160.74456264653,61.25));
#2308 = CIRCLE('',#2309,7.);
#2309 = AXIS2_PLACEMENT_3D('',#2310,#2311,#2312);
#2310 = CARTESIAN_POINT('',(206.,155.,61.25));
#2311 = DIRECTION('',(0.,0.,-1.));
#2312 = DIRECTION('',(1.,0.,0.));
#2313 = ORIENTED_EDGE('',*,*,#2314,.T.);
#2314 = EDGE_CURVE('',#2306,#2315,#2317,.T.);
#2315 = VERTEX_POINT('',#2316);
#2316 = CARTESIAN_POINT('',(221.,155.,61.25));
#2317 = CIRCLE('',#2318,7.);
#2318 = AXIS2_PLACEMENT_3D('',#2319,#2320,#2321);
#2319 = CARTESIAN_POINT('',(214.,155.,61.25));
#2320 = DIRECTION('',(0.,0.,-1.));
#2321 = DIRECTION('',(1.,0.,0.));
#2322 = ORIENTED_EDGE('',*,*,#2323,.T.);
#2323 = EDGE_CURVE('',#2315,#2324,#2326,.T.);
#2324 = VERTEX_POINT('',#2325);
#2325 = CARTESIAN_POINT('',(210.,149.25543735346,61.25));
#2326 = CIRCLE('',#2327,7.);
#2327 = AXIS2_PLACEMENT_3D('',#2328,#2329,#2330);
#2328 = CARTESIAN_POINT('',(214.,155.,61.25));
#2329 = DIRECTION('',(0.,0.,-1.));
#2330 = DIRECTION('',(1.,0.,0.));
#2331 = ORIENTED_EDGE('',*,*,#2332,.T.);
#2332 = EDGE_CURVE('',#2324,#2333,#2335,.T.);
#2333 = VERTEX_POINT('',#2334);
#2334 = CARTESIAN_POINT('',(202.,149.25543735346,61.25));
#2335 = CIRCLE('',#2336,7.);
#2336 = AXIS2_PLACEMENT_3D('',#2337,#2338,#2339);
#2337 = CARTESIAN_POINT('',(206.,155.,61.25));
#2338 = DIRECTION('',(0.,0.,-1.));
#2339 = DIRECTION('',(1.,0.,0.));
#2340 = ORIENTED_EDGE('',*,*,#2341,.T.);
#2341 = EDGE_CURVE('',#2333,#2342,#2344,.T.);
#2342 = VERTEX_POINT('',#2343);
#2343 = CARTESIAN_POINT('',(194.,149.25543735346,61.25));
#2344 = CIRCLE('',#2345,7.);
#2345 = AXIS2_PLACEMENT_3D('',#2346,#2347,#2348);
#2346 = CARTESIAN_POINT('',(198.,155.,61.25));
#2347 = DIRECTION('',(0.,0.,-1.));
#2348 = DIRECTION('',(1.,0.,0.));
#2349 = ORIENTED_EDGE('',*,*,#2350,.T.);
#2350 = EDGE_CURVE('',#2342,#2351,#2353,.T.);
#2351 = VERTEX_POINT('',#2352);
#2352 = CARTESIAN_POINT('',(186.,149.25543735346,61.25));
#2353 = CIRCLE('',#2354,7.);
#2354 = AXIS2_PLACEMENT_3D('',#2355,#2356,#2357);
#2355 = CARTESIAN_POINT('',(190.,155.,61.25));
#2356 = DIRECTION('',(0.,0.,-1.));
#2357 = DIRECTION('',(1.,0.,0.));
#2358 = ORIENTED_EDGE('',*,*,#2359,.T.);
#2359 = EDGE_CURVE('',#2351,#2360,#2362,.T.);
#2360 = VERTEX_POINT('',#2361);
#2361 = CARTESIAN_POINT('',(178.,149.25543735346,61.25));
#2362 = CIRCLE('',#2363,7.);
#2363 = AXIS2_PLACEMENT_3D('',#2364,#2365,#2366);
#2364 = CARTESIAN_POINT('',(182.,155.,61.25));
#2365 = DIRECTION('',(0.,0.,-1.));
#2366 = DIRECTION('',(1.,0.,0.));
#2367 = ORIENTED_EDGE('',*,*,#2368,.T.);
#2368 = EDGE_CURVE('',#2360,#2369,#2371,.T.);
#2369 = VERTEX_POINT('',#2370);
#2370 = CARTESIAN_POINT('',(170.,149.25543735346,61.25));
#2371 = CIRCLE('',#2372,7.);
#2372 = AXIS2_PLACEMENT_3D('',#2373,#2374,#2375);
#2373 = CARTESIAN_POINT('',(174.,155.,61.25));
#2374 = DIRECTION('',(0.,0.,-1.));
#2375 = DIRECTION('',(1.,0.,0.));
#2376 = ORIENTED_EDGE('',*,*,#2377,.T.);
#2377 = EDGE_CURVE('',#2369,#2378,#2380,.T.);
#2378 = VERTEX_POINT('',#2379);
#2379 = CARTESIAN_POINT('',(162.,149.25543735346,61.25));
#2380 = CIRCLE('',#2381,7.);
#2381 = AXIS2_PLACEMENT_3D('',#2382,#2383,#2384);
#2382 = CARTESIAN_POINT('',(166.,155.,61.25));
#2383 = DIRECTION('',(0.,0.,-1.));
#2384 = DIRECTION('',(1.,0.,0.));
#2385 = ORIENTED_EDGE('',*,*,#2386,.T.);
#2386 = EDGE_CURVE('',#2378,#2387,#2389,.T.);
#2387 = VERTEX_POINT('',#2388);
#2388 = CARTESIAN_POINT('',(154.,149.25543735346,61.25));
#2389 = CIRCLE('',#2390,7.);
#2390 = AXIS2_PLACEMENT_3D('',#2391,#2392,#2393);
#2391 = CARTESIAN_POINT('',(158.,155.,61.25));
#2392 = DIRECTION('',(0.,0.,-1.));
#2393 = DIRECTION('',(1.,0.,0.));
#2394 = ORIENTED_EDGE('',*,*,#2395,.T.);
#2395 = EDGE_CURVE('',#2387,#2396,#2398,.T.);
#2396 = VERTEX_POINT('',#2397);
#2397 = CARTESIAN_POINT('',(154.,160.74456264653,61.25));
#2398 = CIRCLE('',#2399,7.);
#2399 = AXIS2_PLACEMENT_3D('',#2400,#2401,#2402);
#2400 = CARTESIAN_POINT('',(150.,155.,61.25));
#2401 = DIRECTION('',(0.,0.,-1.));
#2402 = DIRECTION('',(1.,0.,0.));
#2403 = ORIENTED_EDGE('',*,*,#2404,.T.);
#2404 = EDGE_CURVE('',#2396,#2405,#2407,.T.);
#2405 = VERTEX_POINT('',#2406);
#2406 = CARTESIAN_POINT('',(162.,160.74456264653,61.25));
#2407 = CIRCLE('',#2408,7.);
#2408 = AXIS2_PLACEMENT_3D('',#2409,#2410,#2411);
#2409 = CARTESIAN_POINT('',(158.,155.,61.25));
#2410 = DIRECTION('',(0.,0.,-1.));
#2411 = DIRECTION('',(1.,0.,0.));
#2412 = ORIENTED_EDGE('',*,*,#2413,.T.);
#2413 = EDGE_CURVE('',#2405,#2414,#2416,.T.);
#2414 = VERTEX_POINT('',#2415);
#2415 = CARTESIAN_POINT('',(170.,160.74456264653,61.25));
#2416 = CIRCLE('',#2417,7.);
#2417 = AXIS2_PLACEMENT_3D('',#2418,#2419,#2420);
#2418 = CARTESIAN_POINT('',(166.,155.,61.25));
#2419 = DIRECTION('',(0.,0.,-1.));
#2420 = DIRECTION('',(1.,0.,0.));
#2421 = ORIENTED_EDGE('',*,*,#2422,.T.);
#2422 = EDGE_CURVE('',#2414,#2268,#2423,.T.);
#2423 = CIRCLE('',#2424,7.);
#2424 = AXIS2_PLACEMENT_3D('',#2425,#2426,#2427);
#2425 = CARTESIAN_POINT('',(174.,155.,61.25));
#2426 = DIRECTION('',(0.,0.,-1.));
#2427 = DIRECTION('',(1.,0.,0.));
#2428 = FACE_BOUND('',#2429,.F.);
#2429 = EDGE_LOOP('',(#2430));
#2430 = ORIENTED_EDGE('',*,*,#2431,.T.);
#2431 = EDGE_CURVE('',#2432,#2432,#2434,.T.);
#2432 = VERTEX_POINT('',#2433);
#2433 = CARTESIAN_POINT('',(-204.05,160.02,61.25));
#2434 = CIRCLE('',#2435,2.2);
#2435 = AXIS2_PLACEMENT_3D('',#2436,#2437,#2438);
#2436 = CARTESIAN_POINT('',(-206.25,160.02,61.25));
#2437 = DIRECTION('',(0.,0.,-1.));
#2438 = DIRECTION('',(1.,0.,0.));
#2439 = FACE_BOUND('',#2440,.F.);
#2440 = EDGE_LOOP('',(#2441));
#2441 = ORIENTED_EDGE('',*,*,#2442,.T.);
#2442 = EDGE_CURVE('',#2443,#2443,#2445,.T.);
#2443 = VERTEX_POINT('',#2444);
#2444 = CARTESIAN_POINT('',(-156.05,160.02,61.25));
#2445 = CIRCLE('',#2446,2.2);
#2446 = AXIS2_PLACEMENT_3D('',#2447,#2448,#2449);
#2447 = CARTESIAN_POINT('',(-158.25,160.02,61.25));
#2448 = DIRECTION('',(0.,0.,-1.));
#2449 = DIRECTION('',(1.,0.,0.));
#2450 = FACE_BOUND('',#2451,.F.);
#2451 = EDGE_LOOP('',(#2452));
#2452 = ORIENTED_EDGE('',*,*,#2453,.T.);
#2453 = EDGE_CURVE('',#2454,#2454,#2456,.T.);
#2454 = VERTEX_POINT('',#2455);
#2455 = CARTESIAN_POINT('',(-147.8,160.02,61.25));
#2456 = CIRCLE('',#2457,2.2);
#2457 = AXIS2_PLACEMENT_3D('',#2458,#2459,#2460);
#2458 = CARTESIAN_POINT('',(-150.,160.02,61.25));
#2459 = DIRECTION('',(0.,0.,-1.));
#2460 = DIRECTION('',(1.,0.,0.));
#2461 = FACE_BOUND('',#2462,.F.);
#2462 = EDGE_LOOP('',(#2463));
#2463 = ORIENTED_EDGE('',*,*,#2464,.T.);
#2464 = EDGE_CURVE('',#2465,#2465,#2467,.T.);
#2465 = VERTEX_POINT('',#2466);
#2466 = CARTESIAN_POINT('',(-108.05,160.02,61.25));
#2467 = CIRCLE('',#2468,2.2);
#2468 = AXIS2_PLACEMENT_3D('',#2469,#2470,#2471);
#2469 = CARTESIAN_POINT('',(-110.25,160.02,61.25));
#2470 = DIRECTION('',(0.,0.,-1.));
#2471 = DIRECTION('',(1.,0.,0.));
#2472 = FACE_BOUND('',#2473,.F.);
#2473 = EDGE_LOOP('',(#2474,#2485,#2494));
#2474 = ORIENTED_EDGE('',*,*,#2475,.T.);
#2475 = EDGE_CURVE('',#2476,#2478,#2480,.T.);
#2476 = VERTEX_POINT('',#2477);
#2477 = CARTESIAN_POINT('',(-57.8,160.02,61.25));
#2478 = VERTEX_POINT('',#2479);
#2479 = CARTESIAN_POINT('',(-61.125,158.12939824394,61.25));
#2480 = CIRCLE('',#2481,2.2);
#2481 = AXIS2_PLACEMENT_3D('',#2482,#2483,#2484);
#2482 = CARTESIAN_POINT('',(-60.,160.02,61.25));
#2483 = DIRECTION('',(0.,0.,-1.));
#2484 = DIRECTION('',(1.,0.,0.));
#2485 = ORIENTED_EDGE('',*,*,#2486,.T.);
#2486 = EDGE_CURVE('',#2478,#2487,#2489,.T.);
#2487 = VERTEX_POINT('',#2488);
#2488 = CARTESIAN_POINT('',(-61.125,161.91060175605,61.25));
#2489 = CIRCLE('',#2490,2.2);
#2490 = AXIS2_PLACEMENT_3D('',#2491,#2492,#2493);
#2491 = CARTESIAN_POINT('',(-62.25,160.02,61.25));
#2492 = DIRECTION('',(0.,0.,-1.));
#2493 = DIRECTION('',(1.,0.,0.));
#2494 = ORIENTED_EDGE('',*,*,#2495,.T.);
#2495 = EDGE_CURVE('',#2487,#2476,#2496,.T.);
#2496 = CIRCLE('',#2497,2.2);
#2497 = AXIS2_PLACEMENT_3D('',#2498,#2499,#2500);
#2498 = CARTESIAN_POINT('',(-60.,160.02,61.25));
#2499 = DIRECTION('',(0.,0.,-1.));
#2500 = DIRECTION('',(1.,0.,0.));
#2501 = FACE_BOUND('',#2502,.F.);
#2502 = EDGE_LOOP('',(#2503));
#2503 = ORIENTED_EDGE('',*,*,#2504,.T.);
#2504 = EDGE_CURVE('',#2505,#2505,#2507,.T.);
#2505 = VERTEX_POINT('',#2506);
#2506 = CARTESIAN_POINT('',(-12.05,160.02,61.25));
#2507 = CIRCLE('',#2508,2.2);
#2508 = AXIS2_PLACEMENT_3D('',#2509,#2510,#2511);
#2509 = CARTESIAN_POINT('',(-14.25,160.02,61.25));
#2510 = DIRECTION('',(0.,0.,-1.));
#2511 = DIRECTION('',(1.,0.,0.));
#2512 = FACE_BOUND('',#2513,.F.);
#2513 = EDGE_LOOP('',(#2514));
#2514 = ORIENTED_EDGE('',*,*,#2515,.T.);
#2515 = EDGE_CURVE('',#2516,#2516,#2518,.T.);
#2516 = VERTEX_POINT('',#2517);
#2517 = CARTESIAN_POINT('',(-169.8,176.,61.25));
#2518 = CIRCLE('',#2519,2.2);
#2519 = AXIS2_PLACEMENT_3D('',#2520,#2521,#2522);
#2520 = CARTESIAN_POINT('',(-172.,176.,61.25));
#2521 = DIRECTION('',(0.,0.,-1.));
#2522 = DIRECTION('',(1.,0.,0.));
#2523 = FACE_BOUND('',#2524,.F.);
#2524 = EDGE_LOOP('',(#2525));
#2525 = ORIENTED_EDGE('',*,*,#2526,.T.);
#2526 = EDGE_CURVE('',#2527,#2527,#2529,.T.);
#2527 = VERTEX_POINT('',#2528);
#2528 = CARTESIAN_POINT('',(-178.8,178.,61.25));
#2529 = CIRCLE('',#2530,2.2);
#2530 = AXIS2_PLACEMENT_3D('',#2531,#2532,#2533);
#2531 = CARTESIAN_POINT('',(-181.,178.,61.25));
#2532 = DIRECTION('',(0.,0.,-1.));
#2533 = DIRECTION('',(1.,0.,0.));
#2534 = FACE_BOUND('',#2535,.F.);
#2535 = EDGE_LOOP('',(#2536));
#2536 = ORIENTED_EDGE('',*,*,#2537,.T.);
#2537 = EDGE_CURVE('',#2538,#2538,#2540,.T.);
#2538 = VERTEX_POINT('',#2539);
#2539 = CARTESIAN_POINT('',(-142.8,178.,61.25));
#2540 = CIRCLE('',#2541,2.2);
#2541 = AXIS2_PLACEMENT_3D('',#2542,#2543,#2544);
#2542 = CARTESIAN_POINT('',(-145.,178.,61.25));
#2543 = DIRECTION('',(0.,0.,-1.));
#2544 = DIRECTION('',(1.,0.,0.));
#2545 = FACE_BOUND('',#2546,.F.);
#2546 = EDGE_LOOP('',(#2547,#2558,#2567));
#2547 = ORIENTED_EDGE('',*,*,#2548,.T.);
#2548 = EDGE_CURVE('',#2549,#2551,#2553,.T.);
#2549 = VERTEX_POINT('',#2550);
#2550 = CARTESIAN_POINT('',(31.875,161.17081492864,61.25));
#2551 = VERTEX_POINT('',#2552);
#2552 = CARTESIAN_POINT('',(35.95,160.02,61.25));
#2553 = CIRCLE('',#2554,2.2);
#2554 = AXIS2_PLACEMENT_3D('',#2555,#2556,#2557);
#2555 = CARTESIAN_POINT('',(33.75,160.02,61.25));
#2556 = DIRECTION('',(0.,0.,-1.));
#2557 = DIRECTION('',(1.,0.,0.));
#2558 = ORIENTED_EDGE('',*,*,#2559,.T.);
#2559 = EDGE_CURVE('',#2551,#2560,#2562,.T.);
#2560 = VERTEX_POINT('',#2561);
#2561 = CARTESIAN_POINT('',(31.875,158.86918507135,61.25));
#2562 = CIRCLE('',#2563,2.2);
#2563 = AXIS2_PLACEMENT_3D('',#2564,#2565,#2566);
#2564 = CARTESIAN_POINT('',(33.75,160.02,61.25));
#2565 = DIRECTION('',(0.,0.,-1.));
#2566 = DIRECTION('',(1.,0.,0.));
#2567 = ORIENTED_EDGE('',*,*,#2568,.T.);
#2568 = EDGE_CURVE('',#2560,#2549,#2569,.T.);
#2569 = CIRCLE('',#2570,2.2);
#2570 = AXIS2_PLACEMENT_3D('',#2571,#2572,#2573);
#2571 = CARTESIAN_POINT('',(30.,160.02,61.25));
#2572 = DIRECTION('',(0.,0.,-1.));
#2573 = DIRECTION('',(1.,0.,0.));
#2574 = FACE_BOUND('',#2575,.F.);
#2575 = EDGE_LOOP('',(#2576));
#2576 = ORIENTED_EDGE('',*,*,#2577,.T.);
#2577 = EDGE_CURVE('',#2578,#2578,#2580,.T.);
#2578 = VERTEX_POINT('',#2579);
#2579 = CARTESIAN_POINT('',(83.95,160.02,61.25));
#2580 = CIRCLE('',#2581,2.2);
#2581 = AXIS2_PLACEMENT_3D('',#2582,#2583,#2584);
#2582 = CARTESIAN_POINT('',(81.75,160.02,61.25));
#2583 = DIRECTION('',(0.,0.,-1.));
#2584 = DIRECTION('',(1.,0.,0.));
#2585 = FACE_BOUND('',#2586,.F.);
#2586 = EDGE_LOOP('',(#2587));
#2587 = ORIENTED_EDGE('',*,*,#2588,.T.);
#2588 = EDGE_CURVE('',#2589,#2589,#2591,.T.);
#2589 = VERTEX_POINT('',#2590);
#2590 = CARTESIAN_POINT('',(112.2,160.02,61.25));
#2591 = CIRCLE('',#2592,2.2);
#2592 = AXIS2_PLACEMENT_3D('',#2593,#2594,#2595);
#2593 = CARTESIAN_POINT('',(110.,160.02,61.25));
#2594 = DIRECTION('',(0.,0.,-1.));
#2595 = DIRECTION('',(1.,0.,0.));
#2596 = FACE_BOUND('',#2597,.F.);
#2597 = EDGE_LOOP('',(#2598));
#2598 = ORIENTED_EDGE('',*,*,#2599,.T.);
#2599 = EDGE_CURVE('',#2600,#2600,#2602,.T.);
#2600 = VERTEX_POINT('',#2601);
#2601 = CARTESIAN_POINT('',(131.95,160.02,61.25));
#2602 = CIRCLE('',#2603,2.2);
#2603 = AXIS2_PLACEMENT_3D('',#2604,#2605,#2606);
#2604 = CARTESIAN_POINT('',(129.75,160.02,61.25));
#2605 = DIRECTION('',(0.,0.,-1.));
#2606 = DIRECTION('',(1.,0.,0.));
#2607 = FACE_BOUND('',#2608,.F.);
#2608 = EDGE_LOOP('',(#2609));
#2609 = ORIENTED_EDGE('',*,*,#2610,.T.);
#2610 = EDGE_CURVE('',#2611,#2611,#2613,.T.);
#2611 = VERTEX_POINT('',#2612);
#2612 = CARTESIAN_POINT('',(190.32,176.02,61.25));
#2613 = CIRCLE('',#2614,2.2);
#2614 = AXIS2_PLACEMENT_3D('',#2615,#2616,#2617);
#2615 = CARTESIAN_POINT('',(188.12,176.02,61.25));
#2616 = DIRECTION('',(0.,0.,-1.));
#2617 = DIRECTION('',(1.,0.,0.));
#2618 = FACE_BOUND('',#2619,.F.);
#2619 = EDGE_LOOP('',(#2620));
#2620 = ORIENTED_EDGE('',*,*,#2621,.T.);
#2621 = EDGE_CURVE('',#2622,#2622,#2624,.T.);
#2622 = VERTEX_POINT('',#2623);
#2623 = CARTESIAN_POINT('',(210.32,176.02,61.25));
#2624 = CIRCLE('',#2625,2.2);
#2625 = AXIS2_PLACEMENT_3D('',#2626,#2627,#2628);
#2626 = CARTESIAN_POINT('',(208.12,176.02,61.25));
#2627 = DIRECTION('',(0.,0.,-1.));
#2628 = DIRECTION('',(1.,0.,0.));
#2629 = PLANE('',#2630);
#2630 = AXIS2_PLACEMENT_3D('',#2631,#2632,#2633);
#2631 = CARTESIAN_POINT('',(-223.25,138.52,61.25));
#2632 = DIRECTION('',(0.,0.,1.));
#2633 = DIRECTION('',(1.,0.,0.));
#2634 = ADVANCED_FACE('',(#2635,#2717,#2728,#2739,#2750,#2761,#2772,
    #2783,#2794,#2805,#2816,#2827,#2838,#2849,#2860,#2871,#2882,#2893,
    #2904,#2915,#2926,#2937,#2948,#2959,#2970,#2981,#2992,#3030,#3041,
    #3079,#3090,#3101,#3112,#3123,#3134,#3145,#3174,#3185,#3214,#3225,
    #3236,#3247,#3258,#3269,#3280,#3291,#3302,#3313,#3342,#3353,#3382,
    #3393,#3404,#3415,#3426,#3437,#3475,#3486,#3524,#3553,#3564,#3575),
  #3586,.T.);
#2635 = FACE_BOUND('',#2636,.T.);
#2636 = EDGE_LOOP('',(#2637,#2638,#2646,#2652,#2653,#2654,#2661,#2662,
    #2669,#2670,#2677,#2678,#2685,#2686,#2693,#2694,#2701,#2702,#2709,
    #2710));
#2637 = ORIENTED_EDGE('',*,*,#2108,.T.);
#2638 = ORIENTED_EDGE('',*,*,#2639,.F.);
#2639 = EDGE_CURVE('',#2640,#2109,#2642,.T.);
#2640 = VERTEX_POINT('',#2641);
#2641 = CARTESIAN_POINT('',(222.25,138.52,15.75));
#2642 = LINE('',#2643,#2644);
#2643 = CARTESIAN_POINT('',(222.25,138.52,15.75));
#2644 = VECTOR('',#2645,1.);
#2645 = DIRECTION('',(0.,0.,1.));
#2646 = ORIENTED_EDGE('',*,*,#2647,.F.);
#2647 = EDGE_CURVE('',#40,#2640,#2648,.T.);
#2648 = LINE('',#2649,#2650);
#2649 = CARTESIAN_POINT('',(-223.25,138.52,15.75));
#2650 = VECTOR('',#2651,1.);
#2651 = DIRECTION('',(1.,0.,0.));
#2652 = ORIENTED_EDGE('',*,*,#47,.T.);
#2653 = ORIENTED_EDGE('',*,*,#1852,.T.);
#2654 = ORIENTED_EDGE('',*,*,#2655,.T.);
#2655 = EDGE_CURVE('',#1853,#1877,#2656,.T.);
#2656 = CIRCLE('',#2657,2.2);
#2657 = AXIS2_PLACEMENT_3D('',#2658,#2659,#2660);
#2658 = CARTESIAN_POINT('',(-154.25,138.52,62.));
#2659 = DIRECTION('',(0.,-1.,2.2E-16));
#2660 = DIRECTION('',(1.,0.,0.));
#2661 = ORIENTED_EDGE('',*,*,#1884,.T.);
#2662 = ORIENTED_EDGE('',*,*,#2663,.T.);
#2663 = EDGE_CURVE('',#1885,#1909,#2664,.T.);
#2664 = CIRCLE('',#2665,2.2);
#2665 = AXIS2_PLACEMENT_3D('',#2666,#2667,#2668);
#2666 = CARTESIAN_POINT('',(-99.75,138.52,62.));
#2667 = DIRECTION('',(0.,-1.,2.2E-16));
#2668 = DIRECTION('',(1.,0.,0.));
#2669 = ORIENTED_EDGE('',*,*,#1916,.T.);
#2670 = ORIENTED_EDGE('',*,*,#2671,.T.);
#2671 = EDGE_CURVE('',#1917,#1941,#2672,.T.);
#2672 = CIRCLE('',#2673,2.2);
#2673 = AXIS2_PLACEMENT_3D('',#2674,#2675,#2676);
#2674 = CARTESIAN_POINT('',(-60.,138.52,62.));
#2675 = DIRECTION('',(0.,-1.,2.2E-16));
#2676 = DIRECTION('',(1.,0.,0.));
#2677 = ORIENTED_EDGE('',*,*,#1948,.T.);
#2678 = ORIENTED_EDGE('',*,*,#2679,.T.);
#2679 = EDGE_CURVE('',#1949,#1973,#2680,.T.);
#2680 = CIRCLE('',#2681,2.2);
#2681 = AXIS2_PLACEMENT_3D('',#2682,#2683,#2684);
#2682 = CARTESIAN_POINT('',(-20.,138.52,62.));
#2683 = DIRECTION('',(0.,-1.,2.2E-16));
#2684 = DIRECTION('',(1.,0.,0.));
#2685 = ORIENTED_EDGE('',*,*,#1980,.T.);
#2686 = ORIENTED_EDGE('',*,*,#2687,.T.);
#2687 = EDGE_CURVE('',#1981,#2005,#2688,.T.);
#2688 = CIRCLE('',#2689,2.2);
#2689 = AXIS2_PLACEMENT_3D('',#2690,#2691,#2692);
#2690 = CARTESIAN_POINT('',(20.,138.52,62.));
#2691 = DIRECTION('',(0.,-1.,2.2E-16));
#2692 = DIRECTION('',(1.,0.,0.));
#2693 = ORIENTED_EDGE('',*,*,#2012,.T.);
#2694 = ORIENTED_EDGE('',*,*,#2695,.T.);
#2695 = EDGE_CURVE('',#2013,#2037,#2696,.T.);
#2696 = CIRCLE('',#2697,2.2);
#2697 = AXIS2_PLACEMENT_3D('',#2698,#2699,#2700);
#2698 = CARTESIAN_POINT('',(82.,138.52,62.));
#2699 = DIRECTION('',(0.,-1.,2.2E-16));
#2700 = DIRECTION('',(1.,0.,0.));
#2701 = ORIENTED_EDGE('',*,*,#2044,.T.);
#2702 = ORIENTED_EDGE('',*,*,#2703,.T.);
#2703 = EDGE_CURVE('',#2045,#2069,#2704,.T.);
#2704 = CIRCLE('',#2705,2.2);
#2705 = AXIS2_PLACEMENT_3D('',#2706,#2707,#2708);
#2706 = CARTESIAN_POINT('',(99.75,138.52,62.));
#2707 = DIRECTION('',(0.,-1.,2.2E-16));
#2708 = DIRECTION('',(1.,0.,0.));
#2709 = ORIENTED_EDGE('',*,*,#2076,.T.);
#2710 = ORIENTED_EDGE('',*,*,#2711,.T.);
#2711 = EDGE_CURVE('',#2077,#2101,#2712,.T.);
#2712 = CIRCLE('',#2713,2.2);
#2713 = AXIS2_PLACEMENT_3D('',#2714,#2715,#2716);
#2714 = CARTESIAN_POINT('',(154.25,138.52,62.));
#2715 = DIRECTION('',(0.,-1.,2.2E-16));
#2716 = DIRECTION('',(1.,0.,0.));
#2717 = FACE_BOUND('',#2718,.T.);
#2718 = EDGE_LOOP('',(#2719));
#2719 = ORIENTED_EDGE('',*,*,#2720,.T.);
#2720 = EDGE_CURVE('',#2721,#2721,#2723,.T.);
#2721 = VERTEX_POINT('',#2722);
#2722 = CARTESIAN_POINT('',(-181.92,138.52,20.));
#2723 = CIRCLE('',#2724,2.2);
#2724 = AXIS2_PLACEMENT_3D('',#2725,#2726,#2727);
#2725 = CARTESIAN_POINT('',(-184.12,138.52,20.));
#2726 = DIRECTION('',(0.,-1.,2.2E-16));
#2727 = DIRECTION('',(1.,0.,0.));
#2728 = FACE_BOUND('',#2729,.T.);
#2729 = EDGE_LOOP('',(#2730));
#2730 = ORIENTED_EDGE('',*,*,#2731,.T.);
#2731 = EDGE_CURVE('',#2732,#2732,#2734,.T.);
#2732 = VERTEX_POINT('',#2733);
#2733 = CARTESIAN_POINT('',(-167.92,138.52,20.));
#2734 = CIRCLE('',#2735,2.2);
#2735 = AXIS2_PLACEMENT_3D('',#2736,#2737,#2738);
#2736 = CARTESIAN_POINT('',(-170.12,138.52,20.));
#2737 = DIRECTION('',(0.,-1.,2.2E-16));
#2738 = DIRECTION('',(1.,0.,0.));
#2739 = FACE_BOUND('',#2740,.T.);
#2740 = EDGE_LOOP('',(#2741));
#2741 = ORIENTED_EDGE('',*,*,#2742,.T.);
#2742 = EDGE_CURVE('',#2743,#2743,#2745,.T.);
#2743 = VERTEX_POINT('',#2744);
#2744 = CARTESIAN_POINT('',(-204.05,138.52,27.75));
#2745 = CIRCLE('',#2746,2.2);
#2746 = AXIS2_PLACEMENT_3D('',#2747,#2748,#2749);
#2747 = CARTESIAN_POINT('',(-206.25,138.52,27.75));
#2748 = DIRECTION('',(0.,-1.,2.2E-16));
#2749 = DIRECTION('',(1.,0.,0.));
#2750 = FACE_BOUND('',#2751,.T.);
#2751 = EDGE_LOOP('',(#2752));
#2752 = ORIENTED_EDGE('',*,*,#2753,.T.);
#2753 = EDGE_CURVE('',#2754,#2754,#2756,.T.);
#2754 = VERTEX_POINT('',#2755);
#2755 = CARTESIAN_POINT('',(-156.05,138.52,27.75));
#2756 = CIRCLE('',#2757,2.2);
#2757 = AXIS2_PLACEMENT_3D('',#2758,#2759,#2760);
#2758 = CARTESIAN_POINT('',(-158.25,138.52,27.75));
#2759 = DIRECTION('',(0.,-1.,2.2E-16));
#2760 = DIRECTION('',(1.,0.,0.));
#2761 = FACE_BOUND('',#2762,.T.);
#2762 = EDGE_LOOP('',(#2763));
#2763 = ORIENTED_EDGE('',*,*,#2764,.T.);
#2764 = EDGE_CURVE('',#2765,#2765,#2767,.T.);
#2765 = VERTEX_POINT('',#2766);
#2766 = CARTESIAN_POINT('',(-181.92,138.52,35.75));
#2767 = CIRCLE('',#2768,2.2);
#2768 = AXIS2_PLACEMENT_3D('',#2769,#2770,#2771);
#2769 = CARTESIAN_POINT('',(-184.12,138.52,35.75));
#2770 = DIRECTION('',(0.,-1.,2.2E-16));
#2771 = DIRECTION('',(1.,0.,0.));
#2772 = FACE_BOUND('',#2773,.T.);
#2773 = EDGE_LOOP('',(#2774));
#2774 = ORIENTED_EDGE('',*,*,#2775,.T.);
#2775 = EDGE_CURVE('',#2776,#2776,#2778,.T.);
#2776 = VERTEX_POINT('',#2777);
#2777 = CARTESIAN_POINT('',(-167.92,138.52,35.75));
#2778 = CIRCLE('',#2779,2.2);
#2779 = AXIS2_PLACEMENT_3D('',#2780,#2781,#2782);
#2780 = CARTESIAN_POINT('',(-170.12,138.52,35.75));
#2781 = DIRECTION('',(0.,-1.,2.2E-16));
#2782 = DIRECTION('',(1.,0.,0.));
#2783 = FACE_BOUND('',#2784,.T.);
#2784 = EDGE_LOOP('',(#2785));
#2785 = ORIENTED_EDGE('',*,*,#2786,.T.);
#2786 = EDGE_CURVE('',#2787,#2787,#2789,.T.);
#2787 = VERTEX_POINT('',#2788);
#2788 = CARTESIAN_POINT('',(-108.05,138.52,27.75));
#2789 = CIRCLE('',#2790,2.2);
#2790 = AXIS2_PLACEMENT_3D('',#2791,#2792,#2793);
#2791 = CARTESIAN_POINT('',(-110.25,138.52,27.75));
#2792 = DIRECTION('',(0.,-1.,2.2E-16));
#2793 = DIRECTION('',(1.,0.,0.));
#2794 = FACE_BOUND('',#2795,.T.);
#2795 = EDGE_LOOP('',(#2796));
#2796 = ORIENTED_EDGE('',*,*,#2797,.T.);
#2797 = EDGE_CURVE('',#2798,#2798,#2800,.T.);
#2798 = VERTEX_POINT('',#2799);
#2799 = CARTESIAN_POINT('',(-152.05,138.52,34.));
#2800 = CIRCLE('',#2801,2.2);
#2801 = AXIS2_PLACEMENT_3D('',#2802,#2803,#2804);
#2802 = CARTESIAN_POINT('',(-154.25,138.52,34.));
#2803 = DIRECTION('',(0.,-1.,2.2E-16));
#2804 = DIRECTION('',(1.,0.,0.));
#2805 = FACE_BOUND('',#2806,.T.);
#2806 = EDGE_LOOP('',(#2807));
#2807 = ORIENTED_EDGE('',*,*,#2808,.T.);
#2808 = EDGE_CURVE('',#2809,#2809,#2811,.T.);
#2809 = VERTEX_POINT('',#2810);
#2810 = CARTESIAN_POINT('',(-71.8,138.52,19.67));
#2811 = CIRCLE('',#2812,2.2);
#2812 = AXIS2_PLACEMENT_3D('',#2813,#2814,#2815);
#2813 = CARTESIAN_POINT('',(-74.,138.52,19.67));
#2814 = DIRECTION('',(0.,-1.,2.2E-16));
#2815 = DIRECTION('',(1.,0.,0.));
#2816 = FACE_BOUND('',#2817,.T.);
#2817 = EDGE_LOOP('',(#2818));
#2818 = ORIENTED_EDGE('',*,*,#2819,.T.);
#2819 = EDGE_CURVE('',#2820,#2820,#2822,.T.);
#2820 = VERTEX_POINT('',#2821);
#2821 = CARTESIAN_POINT('',(-63.8,138.52,19.67));
#2822 = CIRCLE('',#2823,2.2);
#2823 = AXIS2_PLACEMENT_3D('',#2824,#2825,#2826);
#2824 = CARTESIAN_POINT('',(-66.,138.52,19.67));
#2825 = DIRECTION('',(0.,-1.,2.2E-16));
#2826 = DIRECTION('',(1.,0.,0.));
#2827 = FACE_BOUND('',#2828,.T.);
#2828 = EDGE_LOOP('',(#2829));
#2829 = ORIENTED_EDGE('',*,*,#2830,.T.);
#2830 = EDGE_CURVE('',#2831,#2831,#2833,.T.);
#2831 = VERTEX_POINT('',#2832);
#2832 = CARTESIAN_POINT('',(-41.8,138.52,19.67));
#2833 = CIRCLE('',#2834,2.2);
#2834 = AXIS2_PLACEMENT_3D('',#2835,#2836,#2837);
#2835 = CARTESIAN_POINT('',(-44.,138.52,19.67));
#2836 = DIRECTION('',(0.,-1.,2.2E-16));
#2837 = DIRECTION('',(1.,0.,0.));
#2838 = FACE_BOUND('',#2839,.T.);
#2839 = EDGE_LOOP('',(#2840));
#2840 = ORIENTED_EDGE('',*,*,#2841,.T.);
#2841 = EDGE_CURVE('',#2842,#2842,#2844,.T.);
#2842 = VERTEX_POINT('',#2843);
#2843 = CARTESIAN_POINT('',(-33.8,138.52,19.67));
#2844 = CIRCLE('',#2845,2.2);
#2845 = AXIS2_PLACEMENT_3D('',#2846,#2847,#2848);
#2846 = CARTESIAN_POINT('',(-36.,138.52,19.67));
#2847 = DIRECTION('',(0.,-1.,2.2E-16));
#2848 = DIRECTION('',(1.,0.,0.));
#2849 = FACE_BOUND('',#2850,.T.);
#2850 = EDGE_LOOP('',(#2851));
#2851 = ORIENTED_EDGE('',*,*,#2852,.T.);
#2852 = EDGE_CURVE('',#2853,#2853,#2855,.T.);
#2853 = VERTEX_POINT('',#2854);
#2854 = CARTESIAN_POINT('',(-12.8,138.52,19.67));
#2855 = CIRCLE('',#2856,2.2);
#2856 = AXIS2_PLACEMENT_3D('',#2857,#2858,#2859);
#2857 = CARTESIAN_POINT('',(-15.,138.52,19.67));
#2858 = DIRECTION('',(0.,-1.,2.2E-16));
#2859 = DIRECTION('',(1.,0.,0.));
#2860 = FACE_BOUND('',#2861,.T.);
#2861 = EDGE_LOOP('',(#2862));
#2862 = ORIENTED_EDGE('',*,*,#2863,.T.);
#2863 = EDGE_CURVE('',#2864,#2864,#2866,.T.);
#2864 = VERTEX_POINT('',#2865);
#2865 = CARTESIAN_POINT('',(-4.8,138.52,19.67));
#2866 = CIRCLE('',#2867,2.2);
#2867 = AXIS2_PLACEMENT_3D('',#2868,#2869,#2870);
#2868 = CARTESIAN_POINT('',(-7.,138.52,19.67));
#2869 = DIRECTION('',(0.,-1.,2.2E-16));
#2870 = DIRECTION('',(1.,0.,0.));
#2871 = FACE_BOUND('',#2872,.T.);
#2872 = EDGE_LOOP('',(#2873));
#2873 = ORIENTED_EDGE('',*,*,#2874,.T.);
#2874 = EDGE_CURVE('',#2875,#2875,#2877,.T.);
#2875 = VERTEX_POINT('',#2876);
#2876 = CARTESIAN_POINT('',(-87.8,138.52,28.));
#2877 = CIRCLE('',#2878,2.2);
#2878 = AXIS2_PLACEMENT_3D('',#2879,#2880,#2881);
#2879 = CARTESIAN_POINT('',(-90.,138.52,28.));
#2880 = DIRECTION('',(0.,-1.,2.2E-16));
#2881 = DIRECTION('',(1.,0.,0.));
#2882 = FACE_BOUND('',#2883,.T.);
#2883 = EDGE_LOOP('',(#2884));
#2884 = ORIENTED_EDGE('',*,*,#2885,.T.);
#2885 = EDGE_CURVE('',#2886,#2886,#2888,.T.);
#2886 = VERTEX_POINT('',#2887);
#2887 = CARTESIAN_POINT('',(-69.8,138.52,28.));
#2888 = CIRCLE('',#2889,2.2);
#2889 = AXIS2_PLACEMENT_3D('',#2890,#2891,#2892);
#2890 = CARTESIAN_POINT('',(-72.,138.52,28.));
#2891 = DIRECTION('',(0.,-1.,2.2E-16));
#2892 = DIRECTION('',(1.,0.,0.));
#2893 = FACE_BOUND('',#2894,.T.);
#2894 = EDGE_LOOP('',(#2895));
#2895 = ORIENTED_EDGE('',*,*,#2896,.T.);
#2896 = EDGE_CURVE('',#2897,#2897,#2899,.T.);
#2897 = VERTEX_POINT('',#2898);
#2898 = CARTESIAN_POINT('',(-60.05,138.52,27.75));
#2899 = CIRCLE('',#2900,2.2);
#2900 = AXIS2_PLACEMENT_3D('',#2901,#2902,#2903);
#2901 = CARTESIAN_POINT('',(-62.25,138.52,27.75));
#2902 = DIRECTION('',(0.,-1.,2.2E-16));
#2903 = DIRECTION('',(1.,0.,0.));
#2904 = FACE_BOUND('',#2905,.T.);
#2905 = EDGE_LOOP('',(#2906));
#2906 = ORIENTED_EDGE('',*,*,#2907,.T.);
#2907 = EDGE_CURVE('',#2908,#2908,#2910,.T.);
#2908 = VERTEX_POINT('',#2909);
#2909 = CARTESIAN_POINT('',(-97.55,138.52,34.));
#2910 = CIRCLE('',#2911,2.2);
#2911 = AXIS2_PLACEMENT_3D('',#2912,#2913,#2914);
#2912 = CARTESIAN_POINT('',(-99.75,138.52,34.));
#2913 = DIRECTION('',(0.,-1.,2.2E-16));
#2914 = DIRECTION('',(1.,0.,0.));
#2915 = FACE_BOUND('',#2916,.T.);
#2916 = EDGE_LOOP('',(#2917));
#2917 = ORIENTED_EDGE('',*,*,#2918,.T.);
#2918 = EDGE_CURVE('',#2919,#2919,#2921,.T.);
#2919 = VERTEX_POINT('',#2920);
#2920 = CARTESIAN_POINT('',(-37.8,138.52,28.));
#2921 = CIRCLE('',#2922,2.2);
#2922 = AXIS2_PLACEMENT_3D('',#2923,#2924,#2925);
#2923 = CARTESIAN_POINT('',(-40.,138.52,28.));
#2924 = DIRECTION('',(0.,-1.,2.2E-16));
#2925 = DIRECTION('',(1.,0.,0.));
#2926 = FACE_BOUND('',#2927,.T.);
#2927 = EDGE_LOOP('',(#2928));
#2928 = ORIENTED_EDGE('',*,*,#2929,.T.);
#2929 = EDGE_CURVE('',#2930,#2930,#2932,.T.);
#2930 = VERTEX_POINT('',#2931);
#2931 = CARTESIAN_POINT('',(-29.8,138.52,28.));
#2932 = CIRCLE('',#2933,2.2);
#2933 = AXIS2_PLACEMENT_3D('',#2934,#2935,#2936);
#2934 = CARTESIAN_POINT('',(-32.,138.52,28.));
#2935 = DIRECTION('',(0.,-1.,2.2E-16));
#2936 = DIRECTION('',(1.,0.,0.));
#2937 = FACE_BOUND('',#2938,.T.);
#2938 = EDGE_LOOP('',(#2939));
#2939 = ORIENTED_EDGE('',*,*,#2940,.T.);
#2940 = EDGE_CURVE('',#2941,#2941,#2943,.T.);
#2941 = VERTEX_POINT('',#2942);
#2942 = CARTESIAN_POINT('',(-12.05,138.52,27.75));
#2943 = CIRCLE('',#2944,2.2);
#2944 = AXIS2_PLACEMENT_3D('',#2945,#2946,#2947);
#2945 = CARTESIAN_POINT('',(-14.25,138.52,27.75));
#2946 = DIRECTION('',(0.,-1.,2.2E-16));
#2947 = DIRECTION('',(1.,0.,0.));
#2948 = FACE_BOUND('',#2949,.T.);
#2949 = EDGE_LOOP('',(#2950));
#2950 = ORIENTED_EDGE('',*,*,#2951,.T.);
#2951 = EDGE_CURVE('',#2952,#2952,#2954,.T.);
#2952 = VERTEX_POINT('',#2953);
#2953 = CARTESIAN_POINT('',(-204.05,138.52,43.75));
#2954 = CIRCLE('',#2955,2.2);
#2955 = AXIS2_PLACEMENT_3D('',#2956,#2957,#2958);
#2956 = CARTESIAN_POINT('',(-206.25,138.52,43.75));
#2957 = DIRECTION('',(0.,-1.,2.2E-16));
#2958 = DIRECTION('',(1.,0.,0.));
#2959 = FACE_BOUND('',#2960,.T.);
#2960 = EDGE_LOOP('',(#2961));
#2961 = ORIENTED_EDGE('',*,*,#2962,.T.);
#2962 = EDGE_CURVE('',#2963,#2963,#2965,.T.);
#2963 = VERTEX_POINT('',#2964);
#2964 = CARTESIAN_POINT('',(-156.05,138.52,43.75));
#2965 = CIRCLE('',#2966,2.2);
#2966 = AXIS2_PLACEMENT_3D('',#2967,#2968,#2969);
#2967 = CARTESIAN_POINT('',(-158.25,138.52,43.75));
#2968 = DIRECTION('',(0.,-1.,2.2E-16));
#2969 = DIRECTION('',(1.,0.,0.));
#2970 = FACE_BOUND('',#2971,.T.);
#2971 = EDGE_LOOP('',(#2972));
#2972 = ORIENTED_EDGE('',*,*,#2973,.T.);
#2973 = EDGE_CURVE('',#2974,#2974,#2976,.T.);
#2974 = VERTEX_POINT('',#2975);
#2975 = CARTESIAN_POINT('',(-132.75,138.52,39.));
#2976 = CIRCLE('',#2977,3.25);
#2977 = AXIS2_PLACEMENT_3D('',#2978,#2979,#2980);
#2978 = CARTESIAN_POINT('',(-136.,138.52,39.));
#2979 = DIRECTION('',(0.,-1.,2.2E-16));
#2980 = DIRECTION('',(1.,0.,0.));
#2981 = FACE_BOUND('',#2982,.T.);
#2982 = EDGE_LOOP('',(#2983));
#2983 = ORIENTED_EDGE('',*,*,#2984,.T.);
#2984 = EDGE_CURVE('',#2985,#2985,#2987,.T.);
#2985 = VERTEX_POINT('',#2986);
#2986 = CARTESIAN_POINT('',(-114.75,138.52,39.));
#2987 = CIRCLE('',#2988,3.25);
#2988 = AXIS2_PLACEMENT_3D('',#2989,#2990,#2991);
#2989 = CARTESIAN_POINT('',(-118.,138.52,39.));
#2990 = DIRECTION('',(0.,-1.,2.2E-16));
#2991 = DIRECTION('',(1.,0.,0.));
#2992 = FACE_BOUND('',#2993,.T.);
#2993 = EDGE_LOOP('',(#2994,#3005,#3014,#3023));
#2994 = ORIENTED_EDGE('',*,*,#2995,.T.);
#2995 = EDGE_CURVE('',#2996,#2998,#3000,.T.);
#2996 = VERTEX_POINT('',#2997);
#2997 = CARTESIAN_POINT('',(-144.2806248474,138.52,48.));
#2998 = VERTEX_POINT('',#2999);
#2999 = CARTESIAN_POINT('',(-138.8,138.52,44.));
#3000 = CIRCLE('',#3001,4.2);
#3001 = AXIS2_PLACEMENT_3D('',#3002,#3003,#3004);
#3002 = CARTESIAN_POINT('',(-143.,138.52,44.));
#3003 = DIRECTION('',(0.,-1.,2.2E-16));
#3004 = DIRECTION('',(1.,0.,0.));
#3005 = ORIENTED_EDGE('',*,*,#3006,.T.);
#3006 = EDGE_CURVE('',#2998,#3007,#3009,.T.);
#3007 = VERTEX_POINT('',#3008);
#3008 = CARTESIAN_POINT('',(-141.7193751525,138.52,48.));
#3009 = CIRCLE('',#3010,4.2);
#3010 = AXIS2_PLACEMENT_3D('',#3011,#3012,#3013);
#3011 = CARTESIAN_POINT('',(-143.,138.52,44.));
#3012 = DIRECTION('',(0.,-1.,2.2E-16));
#3013 = DIRECTION('',(1.,0.,0.));
#3014 = ORIENTED_EDGE('',*,*,#3015,.T.);
#3015 = EDGE_CURVE('',#3007,#3016,#3018,.T.);
#3016 = VERTEX_POINT('',#3017);
#3017 = CARTESIAN_POINT('',(-138.8,138.52,52.));
#3018 = CIRCLE('',#3019,4.2);
#3019 = AXIS2_PLACEMENT_3D('',#3020,#3021,#3022);
#3020 = CARTESIAN_POINT('',(-143.,138.52,52.));
#3021 = DIRECTION('',(0.,-1.,2.2E-16));
#3022 = DIRECTION('',(1.,0.,0.));
#3023 = ORIENTED_EDGE('',*,*,#3024,.T.);
#3024 = EDGE_CURVE('',#3016,#2996,#3025,.T.);
#3025 = CIRCLE('',#3026,4.2);
#3026 = AXIS2_PLACEMENT_3D('',#3027,#3028,#3029);
#3027 = CARTESIAN_POINT('',(-143.,138.52,52.));
#3028 = DIRECTION('',(0.,-1.,2.2E-16));
#3029 = DIRECTION('',(1.,0.,0.));
#3030 = FACE_BOUND('',#3031,.T.);
#3031 = EDGE_LOOP('',(#3032));
#3032 = ORIENTED_EDGE('',*,*,#3033,.T.);
#3033 = EDGE_CURVE('',#3034,#3034,#3036,.T.);
#3034 = VERTEX_POINT('',#3035);
#3035 = CARTESIAN_POINT('',(-119.,138.52,48.));
#3036 = CIRCLE('',#3037,8.);
#3037 = AXIS2_PLACEMENT_3D('',#3038,#3039,#3040);
#3038 = CARTESIAN_POINT('',(-127.,138.52,48.));
#3039 = DIRECTION('',(0.,-1.,2.2E-16));
#3040 = DIRECTION('',(1.,0.,0.));
#3041 = FACE_BOUND('',#3042,.T.);
#3042 = EDGE_LOOP('',(#3043,#3054,#3063,#3072));
#3043 = ORIENTED_EDGE('',*,*,#3044,.T.);
#3044 = EDGE_CURVE('',#3045,#3047,#3049,.T.);
#3045 = VERTEX_POINT('',#3046);
#3046 = CARTESIAN_POINT('',(-112.2806248474,138.52,48.));
#3047 = VERTEX_POINT('',#3048);
#3048 = CARTESIAN_POINT('',(-106.8,138.52,44.));
#3049 = CIRCLE('',#3050,4.2);
#3050 = AXIS2_PLACEMENT_3D('',#3051,#3052,#3053);
#3051 = CARTESIAN_POINT('',(-111.,138.52,44.));
#3052 = DIRECTION('',(0.,-1.,2.2E-16));
#3053 = DIRECTION('',(1.,0.,0.));
#3054 = ORIENTED_EDGE('',*,*,#3055,.T.);
#3055 = EDGE_CURVE('',#3047,#3056,#3058,.T.);
#3056 = VERTEX_POINT('',#3057);
#3057 = CARTESIAN_POINT('',(-109.7193751525,138.52,48.));
#3058 = CIRCLE('',#3059,4.2);
#3059 = AXIS2_PLACEMENT_3D('',#3060,#3061,#3062);
#3060 = CARTESIAN_POINT('',(-111.,138.52,44.));
#3061 = DIRECTION('',(0.,-1.,2.2E-16));
#3062 = DIRECTION('',(1.,0.,0.));
#3063 = ORIENTED_EDGE('',*,*,#3064,.T.);
#3064 = EDGE_CURVE('',#3056,#3065,#3067,.T.);
#3065 = VERTEX_POINT('',#3066);
#3066 = CARTESIAN_POINT('',(-106.8,138.52,52.));
#3067 = CIRCLE('',#3068,4.2);
#3068 = AXIS2_PLACEMENT_3D('',#3069,#3070,#3071);
#3069 = CARTESIAN_POINT('',(-111.,138.52,52.));
#3070 = DIRECTION('',(0.,-1.,2.2E-16));
#3071 = DIRECTION('',(1.,0.,0.));
#3072 = ORIENTED_EDGE('',*,*,#3073,.T.);
#3073 = EDGE_CURVE('',#3065,#3045,#3074,.T.);
#3074 = CIRCLE('',#3075,4.2);
#3075 = AXIS2_PLACEMENT_3D('',#3076,#3077,#3078);
#3076 = CARTESIAN_POINT('',(-111.,138.52,52.));
#3077 = DIRECTION('',(0.,-1.,2.2E-16));
#3078 = DIRECTION('',(1.,0.,0.));
#3079 = FACE_BOUND('',#3080,.T.);
#3080 = EDGE_LOOP('',(#3081));
#3081 = ORIENTED_EDGE('',*,*,#3082,.T.);
#3082 = EDGE_CURVE('',#3083,#3083,#3085,.T.);
#3083 = VERTEX_POINT('',#3084);
#3084 = CARTESIAN_POINT('',(-181.92,138.52,57.75));
#3085 = CIRCLE('',#3086,2.2);
#3086 = AXIS2_PLACEMENT_3D('',#3087,#3088,#3089);
#3087 = CARTESIAN_POINT('',(-184.12,138.52,57.75));
#3088 = DIRECTION('',(0.,-1.,2.2E-16));
#3089 = DIRECTION('',(1.,0.,0.));
#3090 = FACE_BOUND('',#3091,.T.);
#3091 = EDGE_LOOP('',(#3092));
#3092 = ORIENTED_EDGE('',*,*,#3093,.T.);
#3093 = EDGE_CURVE('',#3094,#3094,#3096,.T.);
#3094 = VERTEX_POINT('',#3095);
#3095 = CARTESIAN_POINT('',(-167.92,138.52,57.75));
#3096 = CIRCLE('',#3097,2.2);
#3097 = AXIS2_PLACEMENT_3D('',#3098,#3099,#3100);
#3098 = CARTESIAN_POINT('',(-170.12,138.52,57.75));
#3099 = DIRECTION('',(0.,-1.,2.2E-16));
#3100 = DIRECTION('',(1.,0.,0.));
#3101 = FACE_BOUND('',#3102,.T.);
#3102 = EDGE_LOOP('',(#3103));
#3103 = ORIENTED_EDGE('',*,*,#3104,.T.);
#3104 = EDGE_CURVE('',#3105,#3105,#3107,.T.);
#3105 = VERTEX_POINT('',#3106);
#3106 = CARTESIAN_POINT('',(-132.75,138.52,57.));
#3107 = CIRCLE('',#3108,3.25);
#3108 = AXIS2_PLACEMENT_3D('',#3109,#3110,#3111);
#3109 = CARTESIAN_POINT('',(-136.,138.52,57.));
#3110 = DIRECTION('',(0.,-1.,2.2E-16));
#3111 = DIRECTION('',(1.,0.,0.));
#3112 = FACE_BOUND('',#3113,.T.);
#3113 = EDGE_LOOP('',(#3114));
#3114 = ORIENTED_EDGE('',*,*,#3115,.T.);
#3115 = EDGE_CURVE('',#3116,#3116,#3118,.T.);
#3116 = VERTEX_POINT('',#3117);
#3117 = CARTESIAN_POINT('',(-114.75,138.52,57.));
#3118 = CIRCLE('',#3119,3.25);
#3119 = AXIS2_PLACEMENT_3D('',#3120,#3121,#3122);
#3120 = CARTESIAN_POINT('',(-118.,138.52,57.));
#3121 = DIRECTION('',(0.,-1.,2.2E-16));
#3122 = DIRECTION('',(1.,0.,0.));
#3123 = FACE_BOUND('',#3124,.T.);
#3124 = EDGE_LOOP('',(#3125));
#3125 = ORIENTED_EDGE('',*,*,#3126,.T.);
#3126 = EDGE_CURVE('',#3127,#3127,#3129,.T.);
#3127 = VERTEX_POINT('',#3128);
#3128 = CARTESIAN_POINT('',(-60.05,138.52,43.75));
#3129 = CIRCLE('',#3130,2.2);
#3130 = AXIS2_PLACEMENT_3D('',#3131,#3132,#3133);
#3131 = CARTESIAN_POINT('',(-62.25,138.52,43.75));
#3132 = DIRECTION('',(0.,-1.,2.2E-16));
#3133 = DIRECTION('',(1.,0.,0.));
#3134 = FACE_BOUND('',#3135,.T.);
#3135 = EDGE_LOOP('',(#3136));
#3136 = ORIENTED_EDGE('',*,*,#3137,.T.);
#3137 = EDGE_CURVE('',#3138,#3138,#3140,.T.);
#3138 = VERTEX_POINT('',#3139);
#3139 = CARTESIAN_POINT('',(-12.05,138.52,43.75));
#3140 = CIRCLE('',#3141,2.2);
#3141 = AXIS2_PLACEMENT_3D('',#3142,#3143,#3144);
#3142 = CARTESIAN_POINT('',(-14.25,138.52,43.75));
#3143 = DIRECTION('',(0.,-1.,2.2E-16));
#3144 = DIRECTION('',(1.,0.,0.));
#3145 = FACE_BOUND('',#3146,.T.);
#3146 = EDGE_LOOP('',(#3147,#3158,#3167));
#3147 = ORIENTED_EDGE('',*,*,#3148,.T.);
#3148 = EDGE_CURVE('',#3149,#3151,#3153,.T.);
#3149 = VERTEX_POINT('',#3150);
#3150 = CARTESIAN_POINT('',(32.590087732802,138.52,25.880614129613));
#3151 = VERTEX_POINT('',#3152);
#3152 = CARTESIAN_POINT('',(35.95,138.52,27.75));
#3153 = CIRCLE('',#3154,2.2);
#3154 = AXIS2_PLACEMENT_3D('',#3155,#3156,#3157);
#3155 = CARTESIAN_POINT('',(33.75,138.52,27.75));
#3156 = DIRECTION('',(0.,-1.,2.2E-16));
#3157 = DIRECTION('',(1.,0.,0.));
#3158 = ORIENTED_EDGE('',*,*,#3159,.T.);
#3159 = EDGE_CURVE('',#3151,#3160,#3162,.T.);
#3160 = VERTEX_POINT('',#3161);
#3161 = CARTESIAN_POINT('',(33.159912267198,138.52,29.869385870387));
#3162 = CIRCLE('',#3163,2.2);
#3163 = AXIS2_PLACEMENT_3D('',#3164,#3165,#3166);
#3164 = CARTESIAN_POINT('',(33.75,138.52,27.75));
#3165 = DIRECTION('',(0.,-1.,2.2E-16));
#3166 = DIRECTION('',(1.,0.,0.));
#3167 = ORIENTED_EDGE('',*,*,#3168,.T.);
#3168 = EDGE_CURVE('',#3160,#3149,#3169,.T.);
#3169 = CIRCLE('',#3170,2.2);
#3170 = AXIS2_PLACEMENT_3D('',#3171,#3172,#3173);
#3171 = CARTESIAN_POINT('',(32.,138.52,28.));
#3172 = DIRECTION('',(0.,-1.,2.2E-16));
#3173 = DIRECTION('',(1.,0.,0.));
#3174 = FACE_BOUND('',#3175,.T.);
#3175 = EDGE_LOOP('',(#3176));
#3176 = ORIENTED_EDGE('',*,*,#3177,.T.);
#3177 = EDGE_CURVE('',#3178,#3178,#3180,.T.);
#3178 = VERTEX_POINT('',#3179);
#3179 = CARTESIAN_POINT('',(42.2,138.52,28.));
#3180 = CIRCLE('',#3181,2.2);
#3181 = AXIS2_PLACEMENT_3D('',#3182,#3183,#3184);
#3182 = CARTESIAN_POINT('',(40.,138.52,28.));
#3183 = DIRECTION('',(0.,-1.,2.2E-16));
#3184 = DIRECTION('',(1.,0.,0.));
#3185 = FACE_BOUND('',#3186,.T.);
#3186 = EDGE_LOOP('',(#3187,#3198,#3207));
#3187 = ORIENTED_EDGE('',*,*,#3188,.T.);
#3188 = EDGE_CURVE('',#3189,#3191,#3193,.T.);
#3189 = VERTEX_POINT('',#3190);
#3190 = CARTESIAN_POINT('',(84.2,138.52,28.));
#3191 = VERTEX_POINT('',#3192);
#3192 = CARTESIAN_POINT('',(80.324395279254,138.52,29.425604720746));
#3193 = CIRCLE('',#3194,2.2);
#3194 = AXIS2_PLACEMENT_3D('',#3195,#3196,#3197);
#3195 = CARTESIAN_POINT('',(82.,138.52,28.));
#3196 = DIRECTION('',(0.,-1.,2.2E-16));
#3197 = DIRECTION('',(1.,0.,0.));
#3198 = ORIENTED_EDGE('',*,*,#3199,.T.);
#3199 = EDGE_CURVE('',#3191,#3200,#3202,.T.);
#3200 = VERTEX_POINT('',#3201);
#3201 = CARTESIAN_POINT('',(83.425604720746,138.52,26.324395279254));
#3202 = CIRCLE('',#3203,2.2);
#3203 = AXIS2_PLACEMENT_3D('',#3204,#3205,#3206);
#3204 = CARTESIAN_POINT('',(81.75,138.52,27.75));
#3205 = DIRECTION('',(0.,-1.,2.2E-16));
#3206 = DIRECTION('',(1.,0.,0.));
#3207 = ORIENTED_EDGE('',*,*,#3208,.T.);
#3208 = EDGE_CURVE('',#3200,#3189,#3209,.T.);
#3209 = CIRCLE('',#3210,2.2);
#3210 = AXIS2_PLACEMENT_3D('',#3211,#3212,#3213);
#3211 = CARTESIAN_POINT('',(82.,138.52,28.));
#3212 = DIRECTION('',(0.,-1.,2.2E-16));
#3213 = DIRECTION('',(1.,0.,0.));
#3214 = FACE_BOUND('',#3215,.T.);
#3215 = EDGE_LOOP('',(#3216));
#3216 = ORIENTED_EDGE('',*,*,#3217,.T.);
#3217 = EDGE_CURVE('',#3218,#3218,#3220,.T.);
#3218 = VERTEX_POINT('',#3219);
#3219 = CARTESIAN_POINT('',(120.2,138.52,19.));
#3220 = CIRCLE('',#3221,2.2);
#3221 = AXIS2_PLACEMENT_3D('',#3222,#3223,#3224);
#3222 = CARTESIAN_POINT('',(118.,138.52,19.));
#3223 = DIRECTION('',(0.,-1.,2.2E-16));
#3224 = DIRECTION('',(1.,0.,0.));
#3225 = FACE_BOUND('',#3226,.T.);
#3226 = EDGE_LOOP('',(#3227));
#3227 = ORIENTED_EDGE('',*,*,#3228,.T.);
#3228 = EDGE_CURVE('',#3229,#3229,#3231,.T.);
#3229 = VERTEX_POINT('',#3230);
#3230 = CARTESIAN_POINT('',(138.2,138.52,19.));
#3231 = CIRCLE('',#3232,2.2);
#3232 = AXIS2_PLACEMENT_3D('',#3233,#3234,#3235);
#3233 = CARTESIAN_POINT('',(136.,138.52,19.));
#3234 = DIRECTION('',(0.,-1.,2.2E-16));
#3235 = DIRECTION('',(1.,0.,0.));
#3236 = FACE_BOUND('',#3237,.T.);
#3237 = EDGE_LOOP('',(#3238));
#3238 = ORIENTED_EDGE('',*,*,#3239,.T.);
#3239 = EDGE_CURVE('',#3240,#3240,#3242,.T.);
#3240 = VERTEX_POINT('',#3241);
#3241 = CARTESIAN_POINT('',(151.2,138.52,25.));
#3242 = CIRCLE('',#3243,2.2);
#3243 = AXIS2_PLACEMENT_3D('',#3244,#3245,#3246);
#3244 = CARTESIAN_POINT('',(149.,138.52,25.));
#3245 = DIRECTION('',(0.,-1.,2.2E-16));
#3246 = DIRECTION('',(1.,0.,0.));
#3247 = FACE_BOUND('',#3248,.T.);
#3248 = EDGE_LOOP('',(#3249));
#3249 = ORIENTED_EDGE('',*,*,#3250,.T.);
#3250 = EDGE_CURVE('',#3251,#3251,#3253,.T.);
#3251 = VERTEX_POINT('',#3252);
#3252 = CARTESIAN_POINT('',(156.2,138.52,19.));
#3253 = CIRCLE('',#3254,2.2);
#3254 = AXIS2_PLACEMENT_3D('',#3255,#3256,#3257);
#3255 = CARTESIAN_POINT('',(154.,138.52,19.));
#3256 = DIRECTION('',(0.,-1.,2.2E-16));
#3257 = DIRECTION('',(1.,0.,0.));
#3258 = FACE_BOUND('',#3259,.T.);
#3259 = EDGE_LOOP('',(#3260));
#3260 = ORIENTED_EDGE('',*,*,#3261,.T.);
#3261 = EDGE_CURVE('',#3262,#3262,#3264,.T.);
#3262 = VERTEX_POINT('',#3263);
#3263 = CARTESIAN_POINT('',(159.2,138.52,25.));
#3264 = CIRCLE('',#3265,2.2);
#3265 = AXIS2_PLACEMENT_3D('',#3266,#3267,#3268);
#3266 = CARTESIAN_POINT('',(157.,138.52,25.));
#3267 = DIRECTION('',(0.,-1.,2.2E-16));
#3268 = DIRECTION('',(1.,0.,0.));
#3269 = FACE_BOUND('',#3270,.T.);
#3270 = EDGE_LOOP('',(#3271));
#3271 = ORIENTED_EDGE('',*,*,#3272,.T.);
#3272 = EDGE_CURVE('',#3273,#3273,#3275,.T.);
#3273 = VERTEX_POINT('',#3274);
#3274 = CARTESIAN_POINT('',(113.2,138.52,28.));
#3275 = CIRCLE('',#3276,2.2);
#3276 = AXIS2_PLACEMENT_3D('',#3277,#3278,#3279);
#3277 = CARTESIAN_POINT('',(111.,138.52,28.));
#3278 = DIRECTION('',(0.,-1.,2.2E-16));
#3279 = DIRECTION('',(1.,0.,0.));
#3280 = FACE_BOUND('',#3281,.T.);
#3281 = EDGE_LOOP('',(#3282));
#3282 = ORIENTED_EDGE('',*,*,#3283,.T.);
#3283 = EDGE_CURVE('',#3284,#3284,#3286,.T.);
#3284 = VERTEX_POINT('',#3285);
#3285 = CARTESIAN_POINT('',(131.95,138.52,27.75));
#3286 = CIRCLE('',#3287,2.2);
#3287 = AXIS2_PLACEMENT_3D('',#3288,#3289,#3290);
#3288 = CARTESIAN_POINT('',(129.75,138.52,27.75));
#3289 = DIRECTION('',(0.,-1.,2.2E-16));
#3290 = DIRECTION('',(1.,0.,0.));
#3291 = FACE_BOUND('',#3292,.T.);
#3292 = EDGE_LOOP('',(#3293));
#3293 = ORIENTED_EDGE('',*,*,#3294,.T.);
#3294 = EDGE_CURVE('',#3295,#3295,#3297,.T.);
#3295 = VERTEX_POINT('',#3296);
#3296 = CARTESIAN_POINT('',(101.95,138.52,34.));
#3297 = CIRCLE('',#3298,2.2);
#3298 = AXIS2_PLACEMENT_3D('',#3299,#3300,#3301);
#3299 = CARTESIAN_POINT('',(99.75,138.52,34.));
#3300 = DIRECTION('',(0.,-1.,2.2E-16));
#3301 = DIRECTION('',(1.,0.,0.));
#3302 = FACE_BOUND('',#3303,.T.);
#3303 = EDGE_LOOP('',(#3304));
#3304 = ORIENTED_EDGE('',*,*,#3305,.T.);
#3305 = EDGE_CURVE('',#3306,#3306,#3308,.T.);
#3306 = VERTEX_POINT('',#3307);
#3307 = CARTESIAN_POINT('',(175.,138.52,30.));
#3308 = CIRCLE('',#3309,5.);
#3309 = AXIS2_PLACEMENT_3D('',#3310,#3311,#3312);
#3310 = CARTESIAN_POINT('',(170.,138.52,30.));
#3311 = DIRECTION('',(0.,-1.,2.2E-16));
#3312 = DIRECTION('',(1.,0.,0.));
#3313 = FACE_BOUND('',#3314,.T.);
#3314 = EDGE_LOOP('',(#3315,#3326,#3335));
#3315 = ORIENTED_EDGE('',*,*,#3316,.T.);
#3316 = EDGE_CURVE('',#3317,#3319,#3321,.T.);
#3317 = VERTEX_POINT('',#3318);
#3318 = CARTESIAN_POINT('',(184.25,138.52,27.8));
#3319 = VERTEX_POINT('',#3320);
#3320 = CARTESIAN_POINT('',(178.46298055796,138.52,29.831263732439));
#3321 = CIRCLE('',#3322,3.25);
#3322 = AXIS2_PLACEMENT_3D('',#3323,#3324,#3325);
#3323 = CARTESIAN_POINT('',(181.,138.52,27.8));
#3324 = DIRECTION('',(0.,-1.,2.2E-16));
#3325 = DIRECTION('',(1.,0.,0.));
#3326 = ORIENTED_EDGE('',*,*,#3327,.T.);
#3327 = EDGE_CURVE('',#3319,#3328,#3330,.T.);
#3328 = VERTEX_POINT('',#3329);
#3329 = CARTESIAN_POINT('',(178.52666686276,138.52,25.691653920187));
#3330 = CIRCLE('',#3331,2.2);
#3331 = AXIS2_PLACEMENT_3D('',#3332,#3333,#3334);
#3332 = CARTESIAN_POINT('',(177.75,138.52,27.75));
#3333 = DIRECTION('',(0.,-1.,2.2E-16));
#3334 = DIRECTION('',(1.,0.,0.));
#3335 = ORIENTED_EDGE('',*,*,#3336,.T.);
#3336 = EDGE_CURVE('',#3328,#3317,#3337,.T.);
#3337 = CIRCLE('',#3338,3.25);
#3338 = AXIS2_PLACEMENT_3D('',#3339,#3340,#3341);
#3339 = CARTESIAN_POINT('',(181.,138.52,27.8));
#3340 = DIRECTION('',(0.,-1.,2.2E-16));
#3341 = DIRECTION('',(1.,0.,0.));
#3342 = FACE_BOUND('',#3343,.T.);
#3343 = EDGE_LOOP('',(#3344));
#3344 = ORIENTED_EDGE('',*,*,#3345,.T.);
#3345 = EDGE_CURVE('',#3346,#3346,#3348,.T.);
#3346 = VERTEX_POINT('',#3347);
#3347 = CARTESIAN_POINT('',(202.25,138.52,27.8));
#3348 = CIRCLE('',#3349,3.25);
#3349 = AXIS2_PLACEMENT_3D('',#3350,#3351,#3352);
#3350 = CARTESIAN_POINT('',(199.,138.52,27.8));
#3351 = DIRECTION('',(0.,-1.,2.2E-16));
#3352 = DIRECTION('',(1.,0.,0.));
#3353 = FACE_BOUND('',#3354,.T.);
#3354 = EDGE_LOOP('',(#3355,#3366,#3375));
#3355 = ORIENTED_EDGE('',*,*,#3356,.T.);
#3356 = EDGE_CURVE('',#3357,#3359,#3361,.T.);
#3357 = VERTEX_POINT('',#3358);
#3358 = CARTESIAN_POINT('',(153.63088235294,138.52,31.888911811624));
#3359 = VERTEX_POINT('',#3360);
#3360 = CARTESIAN_POINT('',(156.45,138.52,34.));
#3361 = CIRCLE('',#3362,2.2);
#3362 = AXIS2_PLACEMENT_3D('',#3363,#3364,#3365);
#3363 = CARTESIAN_POINT('',(154.25,138.52,34.));
#3364 = DIRECTION('',(0.,-1.,2.2E-16));
#3365 = DIRECTION('',(1.,0.,0.));
#3366 = ORIENTED_EDGE('',*,*,#3367,.T.);
#3367 = EDGE_CURVE('',#3359,#3368,#3370,.T.);
#3368 = VERTEX_POINT('',#3369);
#3369 = CARTESIAN_POINT('',(153.63088235294,138.52,36.111088188376));
#3370 = CIRCLE('',#3371,2.2);
#3371 = AXIS2_PLACEMENT_3D('',#3372,#3373,#3374);
#3372 = CARTESIAN_POINT('',(154.25,138.52,34.));
#3373 = DIRECTION('',(0.,-1.,2.2E-16));
#3374 = DIRECTION('',(1.,0.,0.));
#3375 = ORIENTED_EDGE('',*,*,#3376,.T.);
#3376 = EDGE_CURVE('',#3368,#3357,#3377,.T.);
#3377 = CIRCLE('',#3378,4.2);
#3378 = AXIS2_PLACEMENT_3D('',#3379,#3380,#3381);
#3379 = CARTESIAN_POINT('',(150.,138.52,34.));
#3380 = DIRECTION('',(0.,-1.,2.2E-16));
#3381 = DIRECTION('',(1.,0.,0.));
#3382 = FACE_BOUND('',#3383,.T.);
#3383 = EDGE_LOOP('',(#3384));
#3384 = ORIENTED_EDGE('',*,*,#3385,.T.);
#3385 = EDGE_CURVE('',#3386,#3386,#3388,.T.);
#3386 = VERTEX_POINT('',#3387);
#3387 = CARTESIAN_POINT('',(198.,138.52,36.8));
#3388 = CIRCLE('',#3389,8.);
#3389 = AXIS2_PLACEMENT_3D('',#3390,#3391,#3392);
#3390 = CARTESIAN_POINT('',(190.,138.52,36.8));
#3391 = DIRECTION('',(0.,-1.,2.2E-16));
#3392 = DIRECTION('',(1.,0.,0.));
#3393 = FACE_BOUND('',#3394,.T.);
#3394 = EDGE_LOOP('',(#3395));
#3395 = ORIENTED_EDGE('',*,*,#3396,.T.);
#3396 = EDGE_CURVE('',#3397,#3397,#3399,.T.);
#3397 = VERTEX_POINT('',#3398);
#3398 = CARTESIAN_POINT('',(35.95,138.52,43.75));
#3399 = CIRCLE('',#3400,2.2);
#3400 = AXIS2_PLACEMENT_3D('',#3401,#3402,#3403);
#3401 = CARTESIAN_POINT('',(33.75,138.52,43.75));
#3402 = DIRECTION('',(0.,-1.,2.2E-16));
#3403 = DIRECTION('',(1.,0.,0.));
#3404 = FACE_BOUND('',#3405,.T.);
#3405 = EDGE_LOOP('',(#3406));
#3406 = ORIENTED_EDGE('',*,*,#3407,.T.);
#3407 = EDGE_CURVE('',#3408,#3408,#3410,.T.);
#3408 = VERTEX_POINT('',#3409);
#3409 = CARTESIAN_POINT('',(83.95,138.52,43.75));
#3410 = CIRCLE('',#3411,2.2);
#3411 = AXIS2_PLACEMENT_3D('',#3412,#3413,#3414);
#3412 = CARTESIAN_POINT('',(81.75,138.52,43.75));
#3413 = DIRECTION('',(0.,-1.,2.2E-16));
#3414 = DIRECTION('',(1.,0.,0.));
#3415 = FACE_BOUND('',#3416,.T.);
#3416 = EDGE_LOOP('',(#3417));
#3417 = ORIENTED_EDGE('',*,*,#3418,.T.);
#3418 = EDGE_CURVE('',#3419,#3419,#3421,.T.);
#3419 = VERTEX_POINT('',#3420);
#3420 = CARTESIAN_POINT('',(121.25,138.52,39.));
#3421 = CIRCLE('',#3422,3.25);
#3422 = AXIS2_PLACEMENT_3D('',#3423,#3424,#3425);
#3423 = CARTESIAN_POINT('',(118.,138.52,39.));
#3424 = DIRECTION('',(0.,-1.,2.2E-16));
#3425 = DIRECTION('',(1.,0.,0.));
#3426 = FACE_BOUND('',#3427,.T.);
#3427 = EDGE_LOOP('',(#3428));
#3428 = ORIENTED_EDGE('',*,*,#3429,.T.);
#3429 = EDGE_CURVE('',#3430,#3430,#3432,.T.);
#3430 = VERTEX_POINT('',#3431);
#3431 = CARTESIAN_POINT('',(139.25,138.52,39.));
#3432 = CIRCLE('',#3433,3.25);
#3433 = AXIS2_PLACEMENT_3D('',#3434,#3435,#3436);
#3434 = CARTESIAN_POINT('',(136.,138.52,39.));
#3435 = DIRECTION('',(0.,-1.,2.2E-16));
#3436 = DIRECTION('',(1.,0.,0.));
#3437 = FACE_BOUND('',#3438,.T.);
#3438 = EDGE_LOOP('',(#3439,#3450,#3459,#3468));
#3439 = ORIENTED_EDGE('',*,*,#3440,.T.);
#3440 = EDGE_CURVE('',#3441,#3443,#3445,.T.);
#3441 = VERTEX_POINT('',#3442);
#3442 = CARTESIAN_POINT('',(109.71937515251,138.52,48.));
#3443 = VERTEX_POINT('',#3444);
#3444 = CARTESIAN_POINT('',(115.2,138.52,44.));
#3445 = CIRCLE('',#3446,4.2);
#3446 = AXIS2_PLACEMENT_3D('',#3447,#3448,#3449);
#3447 = CARTESIAN_POINT('',(111.,138.52,44.));
#3448 = DIRECTION('',(0.,-1.,2.2E-16));
#3449 = DIRECTION('',(1.,0.,0.));
#3450 = ORIENTED_EDGE('',*,*,#3451,.T.);
#3451 = EDGE_CURVE('',#3443,#3452,#3454,.T.);
#3452 = VERTEX_POINT('',#3453);
#3453 = CARTESIAN_POINT('',(112.28062484748,138.52,48.));
#3454 = CIRCLE('',#3455,4.2);
#3455 = AXIS2_PLACEMENT_3D('',#3456,#3457,#3458);
#3456 = CARTESIAN_POINT('',(111.,138.52,44.));
#3457 = DIRECTION('',(0.,-1.,2.2E-16));
#3458 = DIRECTION('',(1.,0.,0.));
#3459 = ORIENTED_EDGE('',*,*,#3460,.T.);
#3460 = EDGE_CURVE('',#3452,#3461,#3463,.T.);
#3461 = VERTEX_POINT('',#3462);
#3462 = CARTESIAN_POINT('',(115.2,138.52,52.));
#3463 = CIRCLE('',#3464,4.2);
#3464 = AXIS2_PLACEMENT_3D('',#3465,#3466,#3467);
#3465 = CARTESIAN_POINT('',(111.,138.52,52.));
#3466 = DIRECTION('',(0.,-1.,2.2E-16));
#3467 = DIRECTION('',(1.,0.,0.));
#3468 = ORIENTED_EDGE('',*,*,#3469,.T.);
#3469 = EDGE_CURVE('',#3461,#3441,#3470,.T.);
#3470 = CIRCLE('',#3471,4.2);
#3471 = AXIS2_PLACEMENT_3D('',#3472,#3473,#3474);
#3472 = CARTESIAN_POINT('',(111.,138.52,52.));
#3473 = DIRECTION('',(0.,-1.,2.2E-16));
#3474 = DIRECTION('',(1.,0.,0.));
#3475 = FACE_BOUND('',#3476,.T.);
#3476 = EDGE_LOOP('',(#3477));
#3477 = ORIENTED_EDGE('',*,*,#3478,.T.);
#3478 = EDGE_CURVE('',#3479,#3479,#3481,.T.);
#3479 = VERTEX_POINT('',#3480);
#3480 = CARTESIAN_POINT('',(135.,138.52,48.));
#3481 = CIRCLE('',#3482,8.);
#3482 = AXIS2_PLACEMENT_3D('',#3483,#3484,#3485);
#3483 = CARTESIAN_POINT('',(127.,138.52,48.));
#3484 = DIRECTION('',(0.,-1.,2.2E-16));
#3485 = DIRECTION('',(1.,0.,0.));
#3486 = FACE_BOUND('',#3487,.T.);
#3487 = EDGE_LOOP('',(#3488,#3499,#3508,#3517));
#3488 = ORIENTED_EDGE('',*,*,#3489,.T.);
#3489 = EDGE_CURVE('',#3490,#3492,#3494,.T.);
#3490 = VERTEX_POINT('',#3491);
#3491 = CARTESIAN_POINT('',(141.71937515251,138.52,48.));
#3492 = VERTEX_POINT('',#3493);
#3493 = CARTESIAN_POINT('',(147.2,138.52,44.));
#3494 = CIRCLE('',#3495,4.2);
#3495 = AXIS2_PLACEMENT_3D('',#3496,#3497,#3498);
#3496 = CARTESIAN_POINT('',(143.,138.52,44.));
#3497 = DIRECTION('',(0.,-1.,2.2E-16));
#3498 = DIRECTION('',(1.,0.,0.));
#3499 = ORIENTED_EDGE('',*,*,#3500,.T.);
#3500 = EDGE_CURVE('',#3492,#3501,#3503,.T.);
#3501 = VERTEX_POINT('',#3502);
#3502 = CARTESIAN_POINT('',(144.28062484748,138.52,48.));
#3503 = CIRCLE('',#3504,4.2);
#3504 = AXIS2_PLACEMENT_3D('',#3505,#3506,#3507);
#3505 = CARTESIAN_POINT('',(143.,138.52,44.));
#3506 = DIRECTION('',(0.,-1.,2.2E-16));
#3507 = DIRECTION('',(1.,0.,0.));
#3508 = ORIENTED_EDGE('',*,*,#3509,.T.);
#3509 = EDGE_CURVE('',#3501,#3510,#3512,.T.);
#3510 = VERTEX_POINT('',#3511);
#3511 = CARTESIAN_POINT('',(147.2,138.52,52.));
#3512 = CIRCLE('',#3513,4.2);
#3513 = AXIS2_PLACEMENT_3D('',#3514,#3515,#3516);
#3514 = CARTESIAN_POINT('',(143.,138.52,52.));
#3515 = DIRECTION('',(0.,-1.,2.2E-16));
#3516 = DIRECTION('',(1.,0.,0.));
#3517 = ORIENTED_EDGE('',*,*,#3518,.T.);
#3518 = EDGE_CURVE('',#3510,#3490,#3519,.T.);
#3519 = CIRCLE('',#3520,4.2);
#3520 = AXIS2_PLACEMENT_3D('',#3521,#3522,#3523);
#3521 = CARTESIAN_POINT('',(143.,138.52,52.));
#3522 = DIRECTION('',(0.,-1.,2.2E-16));
#3523 = DIRECTION('',(1.,0.,0.));
#3524 = FACE_BOUND('',#3525,.T.);
#3525 = EDGE_LOOP('',(#3526,#3537,#3546));
#3526 = ORIENTED_EDGE('',*,*,#3527,.T.);
#3527 = EDGE_CURVE('',#3528,#3530,#3532,.T.);
#3528 = VERTEX_POINT('',#3529);
#3529 = CARTESIAN_POINT('',(184.25,138.52,45.8));
#3530 = VERTEX_POINT('',#3531);
#3531 = CARTESIAN_POINT('',(177.7534632579,138.52,45.949997274054));
#3532 = CIRCLE('',#3533,3.25);
#3533 = AXIS2_PLACEMENT_3D('',#3534,#3535,#3536);
#3534 = CARTESIAN_POINT('',(181.,138.52,45.8));
#3535 = DIRECTION('',(0.,-1.,2.2E-16));
#3536 = DIRECTION('',(1.,0.,0.));
#3537 = ORIENTED_EDGE('',*,*,#3538,.T.);
#3538 = EDGE_CURVE('',#3530,#3539,#3541,.T.);
#3539 = VERTEX_POINT('',#3540);
#3540 = CARTESIAN_POINT('',(179.73692786976,138.52,42.805480206474));
#3541 = CIRCLE('',#3542,2.2);
#3542 = AXIS2_PLACEMENT_3D('',#3543,#3544,#3545);
#3543 = CARTESIAN_POINT('',(177.75,138.52,43.75));
#3544 = DIRECTION('',(0.,-1.,2.2E-16));
#3545 = DIRECTION('',(1.,0.,0.));
#3546 = ORIENTED_EDGE('',*,*,#3547,.T.);
#3547 = EDGE_CURVE('',#3539,#3528,#3548,.T.);
#3548 = CIRCLE('',#3549,3.25);
#3549 = AXIS2_PLACEMENT_3D('',#3550,#3551,#3552);
#3550 = CARTESIAN_POINT('',(181.,138.52,45.8));
#3551 = DIRECTION('',(0.,-1.,2.2E-16));
#3552 = DIRECTION('',(1.,0.,0.));
#3553 = FACE_BOUND('',#3554,.T.);
#3554 = EDGE_LOOP('',(#3555));
#3555 = ORIENTED_EDGE('',*,*,#3556,.T.);
#3556 = EDGE_CURVE('',#3557,#3557,#3559,.T.);
#3557 = VERTEX_POINT('',#3558);
#3558 = CARTESIAN_POINT('',(202.25,138.52,45.8));
#3559 = CIRCLE('',#3560,3.25);
#3560 = AXIS2_PLACEMENT_3D('',#3561,#3562,#3563);
#3561 = CARTESIAN_POINT('',(199.,138.52,45.8));
#3562 = DIRECTION('',(0.,-1.,2.2E-16));
#3563 = DIRECTION('',(1.,0.,0.));
#3564 = FACE_BOUND('',#3565,.T.);
#3565 = EDGE_LOOP('',(#3566));
#3566 = ORIENTED_EDGE('',*,*,#3567,.T.);
#3567 = EDGE_CURVE('',#3568,#3568,#3570,.T.);
#3568 = VERTEX_POINT('',#3569);
#3569 = CARTESIAN_POINT('',(121.25,138.52,57.));
#3570 = CIRCLE('',#3571,3.25);
#3571 = AXIS2_PLACEMENT_3D('',#3572,#3573,#3574);
#3572 = CARTESIAN_POINT('',(118.,138.52,57.));
#3573 = DIRECTION('',(0.,-1.,2.2E-16));
#3574 = DIRECTION('',(1.,0.,0.));
#3575 = FACE_BOUND('',#3576,.T.);
#3576 = EDGE_LOOP('',(#3577));
#3577 = ORIENTED_EDGE('',*,*,#3578,.T.);
#3578 = EDGE_CURVE('',#3579,#3579,#3581,.T.);
#3579 = VERTEX_POINT('',#3580);
#3580 = CARTESIAN_POINT('',(139.25,138.52,57.));
#3581 = CIRCLE('',#3582,3.25);
#3582 = AXIS2_PLACEMENT_3D('',#3583,#3584,#3585);
#3583 = CARTESIAN_POINT('',(136.,138.52,57.));
#3584 = DIRECTION('',(0.,-1.,2.2E-16));
#3585 = DIRECTION('',(1.,0.,0.));
#3586 = PLANE('',#3587);
#3587 = AXIS2_PLACEMENT_3D('',#3588,#3589,#3590);
#3588 = CARTESIAN_POINT('',(-223.25,138.52,15.75));
#3589 = DIRECTION('',(0.,1.,0.));
#3590 = DIRECTION('',(0.,0.,1.));
#3591 = ADVANCED_FACE('',(#3592),#3610,.F.);
#3592 = FACE_BOUND('',#3593,.F.);
#3593 = EDGE_LOOP('',(#3594,#3595,#3603,#3609));
#3594 = ORIENTED_EDGE('',*,*,#39,.F.);
#3595 = ORIENTED_EDGE('',*,*,#3596,.T.);
#3596 = EDGE_CURVE('',#32,#3597,#3599,.T.);
#3597 = VERTEX_POINT('',#3598);
#3598 = CARTESIAN_POINT('',(222.25,136.02,15.75));
#3599 = LINE('',#3600,#3601);
#3600 = CARTESIAN_POINT('',(-222.25,136.02,15.75));
#3601 = VECTOR('',#3602,1.);
#3602 = DIRECTION('',(1.,0.,0.));
#3603 = ORIENTED_EDGE('',*,*,#3604,.T.);
#3604 = EDGE_CURVE('',#3597,#2640,#3605,.T.);
#3605 = LINE('',#3606,#3607);
#3606 = CARTESIAN_POINT('',(222.25,136.02,15.75));
#3607 = VECTOR('',#3608,1.);
#3608 = DIRECTION('',(0.,1.,0.));
#3609 = ORIENTED_EDGE('',*,*,#2647,.F.);
#3610 = PLANE('',#3611);
#3611 = AXIS2_PLACEMENT_3D('',#3612,#3613,#3614);
#3612 = CARTESIAN_POINT('',(-222.25,136.02,15.75));
#3613 = DIRECTION('',(0.,0.,1.));
#3614 = DIRECTION('',(1.,0.,0.));
#3615 = ADVANCED_FACE('',(#3616,#3763,#3774,#3785,#3796,#3807,#3818,
    #3829,#3840,#3851,#3862,#3873,#3884,#3895,#3906,#3917,#3928,#3939,
    #3950,#3961,#3972,#3983,#3994,#4005,#4016,#4027,#4038,#4076,#4087,
    #4125,#4136,#4147,#4158,#4169,#4180,#4191,#4220,#4231,#4260,#4271,
    #4282,#4293,#4304,#4315,#4326,#4337,#4348,#4359,#4388,#4399,#4428,
    #4439,#4450,#4461,#4472,#4483,#4521,#4532,#4570,#4599,#4610,#4621),
  #4632,.F.);
#3616 = FACE_BOUND('',#3617,.F.);
#3617 = EDGE_LOOP('',(#3618,#3624,#3625,#3626,#3627,#3636,#3643,#3644,
    #3653,#3660,#3661,#3670,#3677,#3678,#3687,#3694,#3695,#3704,#3711,
    #3712,#3721,#3728,#3729,#3738,#3745,#3746,#3755,#3762));
#3618 = ORIENTED_EDGE('',*,*,#3619,.F.);
#3619 = EDGE_CURVE('',#3597,#359,#3620,.T.);
#3620 = LINE('',#3621,#3622);
#3621 = CARTESIAN_POINT('',(222.25,136.02,15.75));
#3622 = VECTOR('',#3623,1.);
#3623 = DIRECTION('',(0.,0.,1.));
#3624 = ORIENTED_EDGE('',*,*,#3596,.F.);
#3625 = ORIENTED_EDGE('',*,*,#31,.T.);
#3626 = ORIENTED_EDGE('',*,*,#102,.T.);
#3627 = ORIENTED_EDGE('',*,*,#3628,.T.);
#3628 = EDGE_CURVE('',#103,#3629,#3631,.T.);
#3629 = VERTEX_POINT('',#3630);
#3630 = CARTESIAN_POINT('',(-152.05,136.02,62.));
#3631 = CIRCLE('',#3632,2.2);
#3632 = AXIS2_PLACEMENT_3D('',#3633,#3634,#3635);
#3633 = CARTESIAN_POINT('',(-154.25,136.02,62.));
#3634 = DIRECTION('',(0.,-1.,2.2E-16));
#3635 = DIRECTION('',(1.,0.,0.));
#3636 = ORIENTED_EDGE('',*,*,#3637,.T.);
#3637 = EDGE_CURVE('',#3629,#127,#3638,.T.);
#3638 = CIRCLE('',#3639,2.2);
#3639 = AXIS2_PLACEMENT_3D('',#3640,#3641,#3642);
#3640 = CARTESIAN_POINT('',(-154.25,136.02,62.));
#3641 = DIRECTION('',(0.,-1.,2.2E-16));
#3642 = DIRECTION('',(1.,0.,0.));
#3643 = ORIENTED_EDGE('',*,*,#134,.T.);
#3644 = ORIENTED_EDGE('',*,*,#3645,.T.);
#3645 = EDGE_CURVE('',#135,#3646,#3648,.T.);
#3646 = VERTEX_POINT('',#3647);
#3647 = CARTESIAN_POINT('',(-97.55,136.02,62.));
#3648 = CIRCLE('',#3649,2.2);
#3649 = AXIS2_PLACEMENT_3D('',#3650,#3651,#3652);
#3650 = CARTESIAN_POINT('',(-99.75,136.02,62.));
#3651 = DIRECTION('',(0.,-1.,2.2E-16));
#3652 = DIRECTION('',(1.,0.,0.));
#3653 = ORIENTED_EDGE('',*,*,#3654,.T.);
#3654 = EDGE_CURVE('',#3646,#159,#3655,.T.);
#3655 = CIRCLE('',#3656,2.2);
#3656 = AXIS2_PLACEMENT_3D('',#3657,#3658,#3659);
#3657 = CARTESIAN_POINT('',(-99.75,136.02,62.));
#3658 = DIRECTION('',(0.,-1.,2.2E-16));
#3659 = DIRECTION('',(1.,0.,0.));
#3660 = ORIENTED_EDGE('',*,*,#166,.T.);
#3661 = ORIENTED_EDGE('',*,*,#3662,.T.);
#3662 = EDGE_CURVE('',#167,#3663,#3665,.T.);
#3663 = VERTEX_POINT('',#3664);
#3664 = CARTESIAN_POINT('',(-57.8,136.02,62.));
#3665 = CIRCLE('',#3666,2.2);
#3666 = AXIS2_PLACEMENT_3D('',#3667,#3668,#3669);
#3667 = CARTESIAN_POINT('',(-60.,136.02,62.));
#3668 = DIRECTION('',(0.,-1.,2.2E-16));
#3669 = DIRECTION('',(1.,0.,0.));
#3670 = ORIENTED_EDGE('',*,*,#3671,.T.);
#3671 = EDGE_CURVE('',#3663,#191,#3672,.T.);
#3672 = CIRCLE('',#3673,2.2);
#3673 = AXIS2_PLACEMENT_3D('',#3674,#3675,#3676);
#3674 = CARTESIAN_POINT('',(-60.,136.02,62.));
#3675 = DIRECTION('',(0.,-1.,2.2E-16));
#3676 = DIRECTION('',(1.,0.,0.));
#3677 = ORIENTED_EDGE('',*,*,#198,.T.);
#3678 = ORIENTED_EDGE('',*,*,#3679,.T.);
#3679 = EDGE_CURVE('',#199,#3680,#3682,.T.);
#3680 = VERTEX_POINT('',#3681);
#3681 = CARTESIAN_POINT('',(-17.8,136.02,62.));
#3682 = CIRCLE('',#3683,2.2);
#3683 = AXIS2_PLACEMENT_3D('',#3684,#3685,#3686);
#3684 = CARTESIAN_POINT('',(-20.,136.02,62.));
#3685 = DIRECTION('',(0.,-1.,2.2E-16));
#3686 = DIRECTION('',(1.,0.,0.));
#3687 = ORIENTED_EDGE('',*,*,#3688,.T.);
#3688 = EDGE_CURVE('',#3680,#223,#3689,.T.);
#3689 = CIRCLE('',#3690,2.2);
#3690 = AXIS2_PLACEMENT_3D('',#3691,#3692,#3693);
#3691 = CARTESIAN_POINT('',(-20.,136.02,62.));
#3692 = DIRECTION('',(0.,-1.,2.2E-16));
#3693 = DIRECTION('',(1.,0.,0.));
#3694 = ORIENTED_EDGE('',*,*,#230,.T.);
#3695 = ORIENTED_EDGE('',*,*,#3696,.T.);
#3696 = EDGE_CURVE('',#231,#3697,#3699,.T.);
#3697 = VERTEX_POINT('',#3698);
#3698 = CARTESIAN_POINT('',(22.2,136.02,62.));
#3699 = CIRCLE('',#3700,2.2);
#3700 = AXIS2_PLACEMENT_3D('',#3701,#3702,#3703);
#3701 = CARTESIAN_POINT('',(20.,136.02,62.));
#3702 = DIRECTION('',(0.,-1.,2.2E-16));
#3703 = DIRECTION('',(1.,0.,0.));
#3704 = ORIENTED_EDGE('',*,*,#3705,.T.);
#3705 = EDGE_CURVE('',#3697,#255,#3706,.T.);
#3706 = CIRCLE('',#3707,2.2);
#3707 = AXIS2_PLACEMENT_3D('',#3708,#3709,#3710);
#3708 = CARTESIAN_POINT('',(20.,136.02,62.));
#3709 = DIRECTION('',(0.,-1.,2.2E-16));
#3710 = DIRECTION('',(1.,0.,0.));
#3711 = ORIENTED_EDGE('',*,*,#262,.T.);
#3712 = ORIENTED_EDGE('',*,*,#3713,.T.);
#3713 = EDGE_CURVE('',#263,#3714,#3716,.T.);
#3714 = VERTEX_POINT('',#3715);
#3715 = CARTESIAN_POINT('',(84.2,136.02,62.));
#3716 = CIRCLE('',#3717,2.2);
#3717 = AXIS2_PLACEMENT_3D('',#3718,#3719,#3720);
#3718 = CARTESIAN_POINT('',(82.,136.02,62.));
#3719 = DIRECTION('',(0.,-1.,2.2E-16));
#3720 = DIRECTION('',(1.,0.,0.));
#3721 = ORIENTED_EDGE('',*,*,#3722,.T.);
#3722 = EDGE_CURVE('',#3714,#287,#3723,.T.);
#3723 = CIRCLE('',#3724,2.2);
#3724 = AXIS2_PLACEMENT_3D('',#3725,#3726,#3727);
#3725 = CARTESIAN_POINT('',(82.,136.02,62.));
#3726 = DIRECTION('',(0.,-1.,2.2E-16));
#3727 = DIRECTION('',(1.,0.,0.));
#3728 = ORIENTED_EDGE('',*,*,#294,.T.);
#3729 = ORIENTED_EDGE('',*,*,#3730,.T.);
#3730 = EDGE_CURVE('',#295,#3731,#3733,.T.);
#3731 = VERTEX_POINT('',#3732);
#3732 = CARTESIAN_POINT('',(101.95,136.02,62.));
#3733 = CIRCLE('',#3734,2.2);
#3734 = AXIS2_PLACEMENT_3D('',#3735,#3736,#3737);
#3735 = CARTESIAN_POINT('',(99.75,136.02,62.));
#3736 = DIRECTION('',(0.,-1.,2.2E-16));
#3737 = DIRECTION('',(1.,0.,0.));
#3738 = ORIENTED_EDGE('',*,*,#3739,.T.);
#3739 = EDGE_CURVE('',#3731,#319,#3740,.T.);
#3740 = CIRCLE('',#3741,2.2);
#3741 = AXIS2_PLACEMENT_3D('',#3742,#3743,#3744);
#3742 = CARTESIAN_POINT('',(99.75,136.02,62.));
#3743 = DIRECTION('',(0.,-1.,2.2E-16));
#3744 = DIRECTION('',(1.,0.,0.));
#3745 = ORIENTED_EDGE('',*,*,#326,.T.);
#3746 = ORIENTED_EDGE('',*,*,#3747,.T.);
#3747 = EDGE_CURVE('',#327,#3748,#3750,.T.);
#3748 = VERTEX_POINT('',#3749);
#3749 = CARTESIAN_POINT('',(156.45,136.02,62.));
#3750 = CIRCLE('',#3751,2.2);
#3751 = AXIS2_PLACEMENT_3D('',#3752,#3753,#3754);
#3752 = CARTESIAN_POINT('',(154.25,136.02,62.));
#3753 = DIRECTION('',(0.,-1.,2.2E-16));
#3754 = DIRECTION('',(1.,0.,0.));
#3755 = ORIENTED_EDGE('',*,*,#3756,.T.);
#3756 = EDGE_CURVE('',#3748,#351,#3757,.T.);
#3757 = CIRCLE('',#3758,2.2);
#3758 = AXIS2_PLACEMENT_3D('',#3759,#3760,#3761);
#3759 = CARTESIAN_POINT('',(154.25,136.02,62.));
#3760 = DIRECTION('',(0.,-1.,2.2E-16));
#3761 = DIRECTION('',(1.,0.,0.));
#3762 = ORIENTED_EDGE('',*,*,#358,.T.);
#3763 = FACE_BOUND('',#3764,.F.);
#3764 = EDGE_LOOP('',(#3765));
#3765 = ORIENTED_EDGE('',*,*,#3766,.T.);
#3766 = EDGE_CURVE('',#3767,#3767,#3769,.T.);
#3767 = VERTEX_POINT('',#3768);
#3768 = CARTESIAN_POINT('',(-181.92,136.02,20.));
#3769 = CIRCLE('',#3770,2.2);
#3770 = AXIS2_PLACEMENT_3D('',#3771,#3772,#3773);
#3771 = CARTESIAN_POINT('',(-184.12,136.02,20.));
#3772 = DIRECTION('',(0.,-1.,2.2E-16));
#3773 = DIRECTION('',(1.,0.,0.));
#3774 = FACE_BOUND('',#3775,.F.);
#3775 = EDGE_LOOP('',(#3776));
#3776 = ORIENTED_EDGE('',*,*,#3777,.T.);
#3777 = EDGE_CURVE('',#3778,#3778,#3780,.T.);
#3778 = VERTEX_POINT('',#3779);
#3779 = CARTESIAN_POINT('',(-167.92,136.02,20.));
#3780 = CIRCLE('',#3781,2.2);
#3781 = AXIS2_PLACEMENT_3D('',#3782,#3783,#3784);
#3782 = CARTESIAN_POINT('',(-170.12,136.02,20.));
#3783 = DIRECTION('',(0.,-1.,2.2E-16));
#3784 = DIRECTION('',(1.,0.,0.));
#3785 = FACE_BOUND('',#3786,.F.);
#3786 = EDGE_LOOP('',(#3787));
#3787 = ORIENTED_EDGE('',*,*,#3788,.T.);
#3788 = EDGE_CURVE('',#3789,#3789,#3791,.T.);
#3789 = VERTEX_POINT('',#3790);
#3790 = CARTESIAN_POINT('',(-204.05,136.02,27.75));
#3791 = CIRCLE('',#3792,2.2);
#3792 = AXIS2_PLACEMENT_3D('',#3793,#3794,#3795);
#3793 = CARTESIAN_POINT('',(-206.25,136.02,27.75));
#3794 = DIRECTION('',(0.,-1.,2.2E-16));
#3795 = DIRECTION('',(1.,0.,0.));
#3796 = FACE_BOUND('',#3797,.F.);
#3797 = EDGE_LOOP('',(#3798));
#3798 = ORIENTED_EDGE('',*,*,#3799,.T.);
#3799 = EDGE_CURVE('',#3800,#3800,#3802,.T.);
#3800 = VERTEX_POINT('',#3801);
#3801 = CARTESIAN_POINT('',(-156.05,136.02,27.75));
#3802 = CIRCLE('',#3803,2.2);
#3803 = AXIS2_PLACEMENT_3D('',#3804,#3805,#3806);
#3804 = CARTESIAN_POINT('',(-158.25,136.02,27.75));
#3805 = DIRECTION('',(0.,-1.,2.2E-16));
#3806 = DIRECTION('',(1.,0.,0.));
#3807 = FACE_BOUND('',#3808,.F.);
#3808 = EDGE_LOOP('',(#3809));
#3809 = ORIENTED_EDGE('',*,*,#3810,.T.);
#3810 = EDGE_CURVE('',#3811,#3811,#3813,.T.);
#3811 = VERTEX_POINT('',#3812);
#3812 = CARTESIAN_POINT('',(-181.92,136.02,35.75));
#3813 = CIRCLE('',#3814,2.2);
#3814 = AXIS2_PLACEMENT_3D('',#3815,#3816,#3817);
#3815 = CARTESIAN_POINT('',(-184.12,136.02,35.75));
#3816 = DIRECTION('',(0.,-1.,2.2E-16));
#3817 = DIRECTION('',(1.,0.,0.));
#3818 = FACE_BOUND('',#3819,.F.);
#3819 = EDGE_LOOP('',(#3820));
#3820 = ORIENTED_EDGE('',*,*,#3821,.T.);
#3821 = EDGE_CURVE('',#3822,#3822,#3824,.T.);
#3822 = VERTEX_POINT('',#3823);
#3823 = CARTESIAN_POINT('',(-167.92,136.02,35.75));
#3824 = CIRCLE('',#3825,2.2);
#3825 = AXIS2_PLACEMENT_3D('',#3826,#3827,#3828);
#3826 = CARTESIAN_POINT('',(-170.12,136.02,35.75));
#3827 = DIRECTION('',(0.,-1.,2.2E-16));
#3828 = DIRECTION('',(1.,0.,0.));
#3829 = FACE_BOUND('',#3830,.F.);
#3830 = EDGE_LOOP('',(#3831));
#3831 = ORIENTED_EDGE('',*,*,#3832,.T.);
#3832 = EDGE_CURVE('',#3833,#3833,#3835,.T.);
#3833 = VERTEX_POINT('',#3834);
#3834 = CARTESIAN_POINT('',(-108.05,136.02,27.75));
#3835 = CIRCLE('',#3836,2.2);
#3836 = AXIS2_PLACEMENT_3D('',#3837,#3838,#3839);
#3837 = CARTESIAN_POINT('',(-110.25,136.02,27.75));
#3838 = DIRECTION('',(0.,-1.,2.2E-16));
#3839 = DIRECTION('',(1.,0.,0.));
#3840 = FACE_BOUND('',#3841,.F.);
#3841 = EDGE_LOOP('',(#3842));
#3842 = ORIENTED_EDGE('',*,*,#3843,.T.);
#3843 = EDGE_CURVE('',#3844,#3844,#3846,.T.);
#3844 = VERTEX_POINT('',#3845);
#3845 = CARTESIAN_POINT('',(-152.05,136.02,34.));
#3846 = CIRCLE('',#3847,2.2);
#3847 = AXIS2_PLACEMENT_3D('',#3848,#3849,#3850);
#3848 = CARTESIAN_POINT('',(-154.25,136.02,34.));
#3849 = DIRECTION('',(0.,-1.,2.2E-16));
#3850 = DIRECTION('',(1.,0.,0.));
#3851 = FACE_BOUND('',#3852,.F.);
#3852 = EDGE_LOOP('',(#3853));
#3853 = ORIENTED_EDGE('',*,*,#3854,.T.);
#3854 = EDGE_CURVE('',#3855,#3855,#3857,.T.);
#3855 = VERTEX_POINT('',#3856);
#3856 = CARTESIAN_POINT('',(-71.8,136.02,19.67));
#3857 = CIRCLE('',#3858,2.2);
#3858 = AXIS2_PLACEMENT_3D('',#3859,#3860,#3861);
#3859 = CARTESIAN_POINT('',(-74.,136.02,19.67));
#3860 = DIRECTION('',(0.,-1.,2.2E-16));
#3861 = DIRECTION('',(1.,0.,0.));
#3862 = FACE_BOUND('',#3863,.F.);
#3863 = EDGE_LOOP('',(#3864));
#3864 = ORIENTED_EDGE('',*,*,#3865,.T.);
#3865 = EDGE_CURVE('',#3866,#3866,#3868,.T.);
#3866 = VERTEX_POINT('',#3867);
#3867 = CARTESIAN_POINT('',(-63.8,136.02,19.67));
#3868 = CIRCLE('',#3869,2.2);
#3869 = AXIS2_PLACEMENT_3D('',#3870,#3871,#3872);
#3870 = CARTESIAN_POINT('',(-66.,136.02,19.67));
#3871 = DIRECTION('',(0.,-1.,2.2E-16));
#3872 = DIRECTION('',(1.,0.,0.));
#3873 = FACE_BOUND('',#3874,.F.);
#3874 = EDGE_LOOP('',(#3875));
#3875 = ORIENTED_EDGE('',*,*,#3876,.T.);
#3876 = EDGE_CURVE('',#3877,#3877,#3879,.T.);
#3877 = VERTEX_POINT('',#3878);
#3878 = CARTESIAN_POINT('',(-41.8,136.02,19.67));
#3879 = CIRCLE('',#3880,2.2);
#3880 = AXIS2_PLACEMENT_3D('',#3881,#3882,#3883);
#3881 = CARTESIAN_POINT('',(-44.,136.02,19.67));
#3882 = DIRECTION('',(0.,-1.,2.2E-16));
#3883 = DIRECTION('',(1.,0.,0.));
#3884 = FACE_BOUND('',#3885,.F.);
#3885 = EDGE_LOOP('',(#3886));
#3886 = ORIENTED_EDGE('',*,*,#3887,.T.);
#3887 = EDGE_CURVE('',#3888,#3888,#3890,.T.);
#3888 = VERTEX_POINT('',#3889);
#3889 = CARTESIAN_POINT('',(-33.8,136.02,19.67));
#3890 = CIRCLE('',#3891,2.2);
#3891 = AXIS2_PLACEMENT_3D('',#3892,#3893,#3894);
#3892 = CARTESIAN_POINT('',(-36.,136.02,19.67));
#3893 = DIRECTION('',(0.,-1.,2.2E-16));
#3894 = DIRECTION('',(1.,0.,0.));
#3895 = FACE_BOUND('',#3896,.F.);
#3896 = EDGE_LOOP('',(#3897));
#3897 = ORIENTED_EDGE('',*,*,#3898,.T.);
#3898 = EDGE_CURVE('',#3899,#3899,#3901,.T.);
#3899 = VERTEX_POINT('',#3900);
#3900 = CARTESIAN_POINT('',(-12.8,136.02,19.67));
#3901 = CIRCLE('',#3902,2.2);
#3902 = AXIS2_PLACEMENT_3D('',#3903,#3904,#3905);
#3903 = CARTESIAN_POINT('',(-15.,136.02,19.67));
#3904 = DIRECTION('',(0.,-1.,2.2E-16));
#3905 = DIRECTION('',(1.,0.,0.));
#3906 = FACE_BOUND('',#3907,.F.);
#3907 = EDGE_LOOP('',(#3908));
#3908 = ORIENTED_EDGE('',*,*,#3909,.T.);
#3909 = EDGE_CURVE('',#3910,#3910,#3912,.T.);
#3910 = VERTEX_POINT('',#3911);
#3911 = CARTESIAN_POINT('',(-4.8,136.02,19.67));
#3912 = CIRCLE('',#3913,2.2);
#3913 = AXIS2_PLACEMENT_3D('',#3914,#3915,#3916);
#3914 = CARTESIAN_POINT('',(-7.,136.02,19.67));
#3915 = DIRECTION('',(0.,-1.,2.2E-16));
#3916 = DIRECTION('',(1.,0.,0.));
#3917 = FACE_BOUND('',#3918,.F.);
#3918 = EDGE_LOOP('',(#3919));
#3919 = ORIENTED_EDGE('',*,*,#3920,.T.);
#3920 = EDGE_CURVE('',#3921,#3921,#3923,.T.);
#3921 = VERTEX_POINT('',#3922);
#3922 = CARTESIAN_POINT('',(-87.8,136.02,28.));
#3923 = CIRCLE('',#3924,2.2);
#3924 = AXIS2_PLACEMENT_3D('',#3925,#3926,#3927);
#3925 = CARTESIAN_POINT('',(-90.,136.02,28.));
#3926 = DIRECTION('',(0.,-1.,2.2E-16));
#3927 = DIRECTION('',(1.,0.,0.));
#3928 = FACE_BOUND('',#3929,.F.);
#3929 = EDGE_LOOP('',(#3930));
#3930 = ORIENTED_EDGE('',*,*,#3931,.T.);
#3931 = EDGE_CURVE('',#3932,#3932,#3934,.T.);
#3932 = VERTEX_POINT('',#3933);
#3933 = CARTESIAN_POINT('',(-69.8,136.02,28.));
#3934 = CIRCLE('',#3935,2.2);
#3935 = AXIS2_PLACEMENT_3D('',#3936,#3937,#3938);
#3936 = CARTESIAN_POINT('',(-72.,136.02,28.));
#3937 = DIRECTION('',(0.,-1.,2.2E-16));
#3938 = DIRECTION('',(1.,0.,0.));
#3939 = FACE_BOUND('',#3940,.F.);
#3940 = EDGE_LOOP('',(#3941));
#3941 = ORIENTED_EDGE('',*,*,#3942,.T.);
#3942 = EDGE_CURVE('',#3943,#3943,#3945,.T.);
#3943 = VERTEX_POINT('',#3944);
#3944 = CARTESIAN_POINT('',(-60.05,136.02,27.75));
#3945 = CIRCLE('',#3946,2.2);
#3946 = AXIS2_PLACEMENT_3D('',#3947,#3948,#3949);
#3947 = CARTESIAN_POINT('',(-62.25,136.02,27.75));
#3948 = DIRECTION('',(0.,-1.,2.2E-16));
#3949 = DIRECTION('',(1.,0.,0.));
#3950 = FACE_BOUND('',#3951,.F.);
#3951 = EDGE_LOOP('',(#3952));
#3952 = ORIENTED_EDGE('',*,*,#3953,.T.);
#3953 = EDGE_CURVE('',#3954,#3954,#3956,.T.);
#3954 = VERTEX_POINT('',#3955);
#3955 = CARTESIAN_POINT('',(-97.55,136.02,34.));
#3956 = CIRCLE('',#3957,2.2);
#3957 = AXIS2_PLACEMENT_3D('',#3958,#3959,#3960);
#3958 = CARTESIAN_POINT('',(-99.75,136.02,34.));
#3959 = DIRECTION('',(0.,-1.,2.2E-16));
#3960 = DIRECTION('',(1.,0.,0.));
#3961 = FACE_BOUND('',#3962,.F.);
#3962 = EDGE_LOOP('',(#3963));
#3963 = ORIENTED_EDGE('',*,*,#3964,.T.);
#3964 = EDGE_CURVE('',#3965,#3965,#3967,.T.);
#3965 = VERTEX_POINT('',#3966);
#3966 = CARTESIAN_POINT('',(-37.8,136.02,28.));
#3967 = CIRCLE('',#3968,2.2);
#3968 = AXIS2_PLACEMENT_3D('',#3969,#3970,#3971);
#3969 = CARTESIAN_POINT('',(-40.,136.02,28.));
#3970 = DIRECTION('',(0.,-1.,2.2E-16));
#3971 = DIRECTION('',(1.,0.,0.));
#3972 = FACE_BOUND('',#3973,.F.);
#3973 = EDGE_LOOP('',(#3974));
#3974 = ORIENTED_EDGE('',*,*,#3975,.T.);
#3975 = EDGE_CURVE('',#3976,#3976,#3978,.T.);
#3976 = VERTEX_POINT('',#3977);
#3977 = CARTESIAN_POINT('',(-29.8,136.02,28.));
#3978 = CIRCLE('',#3979,2.2);
#3979 = AXIS2_PLACEMENT_3D('',#3980,#3981,#3982);
#3980 = CARTESIAN_POINT('',(-32.,136.02,28.));
#3981 = DIRECTION('',(0.,-1.,2.2E-16));
#3982 = DIRECTION('',(1.,0.,0.));
#3983 = FACE_BOUND('',#3984,.F.);
#3984 = EDGE_LOOP('',(#3985));
#3985 = ORIENTED_EDGE('',*,*,#3986,.T.);
#3986 = EDGE_CURVE('',#3987,#3987,#3989,.T.);
#3987 = VERTEX_POINT('',#3988);
#3988 = CARTESIAN_POINT('',(-12.05,136.02,27.75));
#3989 = CIRCLE('',#3990,2.2);
#3990 = AXIS2_PLACEMENT_3D('',#3991,#3992,#3993);
#3991 = CARTESIAN_POINT('',(-14.25,136.02,27.75));
#3992 = DIRECTION('',(0.,-1.,2.2E-16));
#3993 = DIRECTION('',(1.,0.,0.));
#3994 = FACE_BOUND('',#3995,.F.);
#3995 = EDGE_LOOP('',(#3996));
#3996 = ORIENTED_EDGE('',*,*,#3997,.T.);
#3997 = EDGE_CURVE('',#3998,#3998,#4000,.T.);
#3998 = VERTEX_POINT('',#3999);
#3999 = CARTESIAN_POINT('',(-204.05,136.02,43.75));
#4000 = CIRCLE('',#4001,2.2);
#4001 = AXIS2_PLACEMENT_3D('',#4002,#4003,#4004);
#4002 = CARTESIAN_POINT('',(-206.25,136.02,43.75));
#4003 = DIRECTION('',(0.,-1.,2.2E-16));
#4004 = DIRECTION('',(1.,0.,0.));
#4005 = FACE_BOUND('',#4006,.F.);
#4006 = EDGE_LOOP('',(#4007));
#4007 = ORIENTED_EDGE('',*,*,#4008,.T.);
#4008 = EDGE_CURVE('',#4009,#4009,#4011,.T.);
#4009 = VERTEX_POINT('',#4010);
#4010 = CARTESIAN_POINT('',(-156.05,136.02,43.75));
#4011 = CIRCLE('',#4012,2.2);
#4012 = AXIS2_PLACEMENT_3D('',#4013,#4014,#4015);
#4013 = CARTESIAN_POINT('',(-158.25,136.02,43.75));
#4014 = DIRECTION('',(0.,-1.,2.2E-16));
#4015 = DIRECTION('',(1.,0.,0.));
#4016 = FACE_BOUND('',#4017,.F.);
#4017 = EDGE_LOOP('',(#4018));
#4018 = ORIENTED_EDGE('',*,*,#4019,.T.);
#4019 = EDGE_CURVE('',#4020,#4020,#4022,.T.);
#4020 = VERTEX_POINT('',#4021);
#4021 = CARTESIAN_POINT('',(-132.75,136.02,39.));
#4022 = CIRCLE('',#4023,3.25);
#4023 = AXIS2_PLACEMENT_3D('',#4024,#4025,#4026);
#4024 = CARTESIAN_POINT('',(-136.,136.02,39.));
#4025 = DIRECTION('',(0.,-1.,2.2E-16));
#4026 = DIRECTION('',(1.,0.,0.));
#4027 = FACE_BOUND('',#4028,.F.);
#4028 = EDGE_LOOP('',(#4029));
#4029 = ORIENTED_EDGE('',*,*,#4030,.T.);
#4030 = EDGE_CURVE('',#4031,#4031,#4033,.T.);
#4031 = VERTEX_POINT('',#4032);
#4032 = CARTESIAN_POINT('',(-114.75,136.02,39.));
#4033 = CIRCLE('',#4034,3.25);
#4034 = AXIS2_PLACEMENT_3D('',#4035,#4036,#4037);
#4035 = CARTESIAN_POINT('',(-118.,136.02,39.));
#4036 = DIRECTION('',(0.,-1.,2.2E-16));
#4037 = DIRECTION('',(1.,0.,0.));
#4038 = FACE_BOUND('',#4039,.F.);
#4039 = EDGE_LOOP('',(#4040,#4051,#4060,#4069));
#4040 = ORIENTED_EDGE('',*,*,#4041,.T.);
#4041 = EDGE_CURVE('',#4042,#4044,#4046,.T.);
#4042 = VERTEX_POINT('',#4043);
#4043 = CARTESIAN_POINT('',(-138.8,136.02,52.));
#4044 = VERTEX_POINT('',#4045);
#4045 = CARTESIAN_POINT('',(-144.2806248474,136.02,48.));
#4046 = CIRCLE('',#4047,4.2);
#4047 = AXIS2_PLACEMENT_3D('',#4048,#4049,#4050);
#4048 = CARTESIAN_POINT('',(-143.,136.02,52.));
#4049 = DIRECTION('',(0.,-1.,2.2E-16));
#4050 = DIRECTION('',(1.,0.,0.));
#4051 = ORIENTED_EDGE('',*,*,#4052,.T.);
#4052 = EDGE_CURVE('',#4044,#4053,#4055,.T.);
#4053 = VERTEX_POINT('',#4054);
#4054 = CARTESIAN_POINT('',(-138.8,136.02,44.));
#4055 = CIRCLE('',#4056,4.2);
#4056 = AXIS2_PLACEMENT_3D('',#4057,#4058,#4059);
#4057 = CARTESIAN_POINT('',(-143.,136.02,44.));
#4058 = DIRECTION('',(0.,-1.,2.2E-16));
#4059 = DIRECTION('',(1.,0.,0.));
#4060 = ORIENTED_EDGE('',*,*,#4061,.T.);
#4061 = EDGE_CURVE('',#4053,#4062,#4064,.T.);
#4062 = VERTEX_POINT('',#4063);
#4063 = CARTESIAN_POINT('',(-141.7193751525,136.02,48.));
#4064 = CIRCLE('',#4065,4.2);
#4065 = AXIS2_PLACEMENT_3D('',#4066,#4067,#4068);
#4066 = CARTESIAN_POINT('',(-143.,136.02,44.));
#4067 = DIRECTION('',(0.,-1.,2.2E-16));
#4068 = DIRECTION('',(1.,0.,0.));
#4069 = ORIENTED_EDGE('',*,*,#4070,.T.);
#4070 = EDGE_CURVE('',#4062,#4042,#4071,.T.);
#4071 = CIRCLE('',#4072,4.2);
#4072 = AXIS2_PLACEMENT_3D('',#4073,#4074,#4075);
#4073 = CARTESIAN_POINT('',(-143.,136.02,52.));
#4074 = DIRECTION('',(0.,-1.,2.2E-16));
#4075 = DIRECTION('',(1.,0.,0.));
#4076 = FACE_BOUND('',#4077,.F.);
#4077 = EDGE_LOOP('',(#4078));
#4078 = ORIENTED_EDGE('',*,*,#4079,.T.);
#4079 = EDGE_CURVE('',#4080,#4080,#4082,.T.);
#4080 = VERTEX_POINT('',#4081);
#4081 = CARTESIAN_POINT('',(-119.,136.02,48.));
#4082 = CIRCLE('',#4083,8.);
#4083 = AXIS2_PLACEMENT_3D('',#4084,#4085,#4086);
#4084 = CARTESIAN_POINT('',(-127.,136.02,48.));
#4085 = DIRECTION('',(0.,-1.,2.2E-16));
#4086 = DIRECTION('',(1.,0.,0.));
#4087 = FACE_BOUND('',#4088,.F.);
#4088 = EDGE_LOOP('',(#4089,#4100,#4109,#4118));
#4089 = ORIENTED_EDGE('',*,*,#4090,.T.);
#4090 = EDGE_CURVE('',#4091,#4093,#4095,.T.);
#4091 = VERTEX_POINT('',#4092);
#4092 = CARTESIAN_POINT('',(-106.8,136.02,52.));
#4093 = VERTEX_POINT('',#4094);
#4094 = CARTESIAN_POINT('',(-112.2806248474,136.02,48.));
#4095 = CIRCLE('',#4096,4.2);
#4096 = AXIS2_PLACEMENT_3D('',#4097,#4098,#4099);
#4097 = CARTESIAN_POINT('',(-111.,136.02,52.));
#4098 = DIRECTION('',(0.,-1.,2.2E-16));
#4099 = DIRECTION('',(1.,0.,0.));
#4100 = ORIENTED_EDGE('',*,*,#4101,.T.);
#4101 = EDGE_CURVE('',#4093,#4102,#4104,.T.);
#4102 = VERTEX_POINT('',#4103);
#4103 = CARTESIAN_POINT('',(-106.8,136.02,44.));
#4104 = CIRCLE('',#4105,4.2);
#4105 = AXIS2_PLACEMENT_3D('',#4106,#4107,#4108);
#4106 = CARTESIAN_POINT('',(-111.,136.02,44.));
#4107 = DIRECTION('',(0.,-1.,2.2E-16));
#4108 = DIRECTION('',(1.,0.,0.));
#4109 = ORIENTED_EDGE('',*,*,#4110,.T.);
#4110 = EDGE_CURVE('',#4102,#4111,#4113,.T.);
#4111 = VERTEX_POINT('',#4112);
#4112 = CARTESIAN_POINT('',(-109.7193751525,136.02,48.));
#4113 = CIRCLE('',#4114,4.2);
#4114 = AXIS2_PLACEMENT_3D('',#4115,#4116,#4117);
#4115 = CARTESIAN_POINT('',(-111.,136.02,44.));
#4116 = DIRECTION('',(0.,-1.,2.2E-16));
#4117 = DIRECTION('',(1.,0.,0.));
#4118 = ORIENTED_EDGE('',*,*,#4119,.T.);
#4119 = EDGE_CURVE('',#4111,#4091,#4120,.T.);
#4120 = CIRCLE('',#4121,4.2);
#4121 = AXIS2_PLACEMENT_3D('',#4122,#4123,#4124);
#4122 = CARTESIAN_POINT('',(-111.,136.02,52.));
#4123 = DIRECTION('',(0.,-1.,2.2E-16));
#4124 = DIRECTION('',(1.,0.,0.));
#4125 = FACE_BOUND('',#4126,.F.);
#4126 = EDGE_LOOP('',(#4127));
#4127 = ORIENTED_EDGE('',*,*,#4128,.T.);
#4128 = EDGE_CURVE('',#4129,#4129,#4131,.T.);
#4129 = VERTEX_POINT('',#4130);
#4130 = CARTESIAN_POINT('',(-181.92,136.02,57.75));
#4131 = CIRCLE('',#4132,2.2);
#4132 = AXIS2_PLACEMENT_3D('',#4133,#4134,#4135);
#4133 = CARTESIAN_POINT('',(-184.12,136.02,57.75));
#4134 = DIRECTION('',(0.,-1.,2.2E-16));
#4135 = DIRECTION('',(1.,0.,0.));
#4136 = FACE_BOUND('',#4137,.F.);
#4137 = EDGE_LOOP('',(#4138));
#4138 = ORIENTED_EDGE('',*,*,#4139,.T.);
#4139 = EDGE_CURVE('',#4140,#4140,#4142,.T.);
#4140 = VERTEX_POINT('',#4141);
#4141 = CARTESIAN_POINT('',(-167.92,136.02,57.75));
#4142 = CIRCLE('',#4143,2.2);
#4143 = AXIS2_PLACEMENT_3D('',#4144,#4145,#4146);
#4144 = CARTESIAN_POINT('',(-170.12,136.02,57.75));
#4145 = DIRECTION('',(0.,-1.,2.2E-16));
#4146 = DIRECTION('',(1.,0.,0.));
#4147 = FACE_BOUND('',#4148,.F.);
#4148 = EDGE_LOOP('',(#4149));
#4149 = ORIENTED_EDGE('',*,*,#4150,.T.);
#4150 = EDGE_CURVE('',#4151,#4151,#4153,.T.);
#4151 = VERTEX_POINT('',#4152);
#4152 = CARTESIAN_POINT('',(-132.75,136.02,57.));
#4153 = CIRCLE('',#4154,3.25);
#4154 = AXIS2_PLACEMENT_3D('',#4155,#4156,#4157);
#4155 = CARTESIAN_POINT('',(-136.,136.02,57.));
#4156 = DIRECTION('',(0.,-1.,2.2E-16));
#4157 = DIRECTION('',(1.,0.,0.));
#4158 = FACE_BOUND('',#4159,.F.);
#4159 = EDGE_LOOP('',(#4160));
#4160 = ORIENTED_EDGE('',*,*,#4161,.T.);
#4161 = EDGE_CURVE('',#4162,#4162,#4164,.T.);
#4162 = VERTEX_POINT('',#4163);
#4163 = CARTESIAN_POINT('',(-114.75,136.02,57.));
#4164 = CIRCLE('',#4165,3.25);
#4165 = AXIS2_PLACEMENT_3D('',#4166,#4167,#4168);
#4166 = CARTESIAN_POINT('',(-118.,136.02,57.));
#4167 = DIRECTION('',(0.,-1.,2.2E-16));
#4168 = DIRECTION('',(1.,0.,0.));
#4169 = FACE_BOUND('',#4170,.F.);
#4170 = EDGE_LOOP('',(#4171));
#4171 = ORIENTED_EDGE('',*,*,#4172,.T.);
#4172 = EDGE_CURVE('',#4173,#4173,#4175,.T.);
#4173 = VERTEX_POINT('',#4174);
#4174 = CARTESIAN_POINT('',(-60.05,136.02,43.75));
#4175 = CIRCLE('',#4176,2.2);
#4176 = AXIS2_PLACEMENT_3D('',#4177,#4178,#4179);
#4177 = CARTESIAN_POINT('',(-62.25,136.02,43.75));
#4178 = DIRECTION('',(0.,-1.,2.2E-16));
#4179 = DIRECTION('',(1.,0.,0.));
#4180 = FACE_BOUND('',#4181,.F.);
#4181 = EDGE_LOOP('',(#4182));
#4182 = ORIENTED_EDGE('',*,*,#4183,.T.);
#4183 = EDGE_CURVE('',#4184,#4184,#4186,.T.);
#4184 = VERTEX_POINT('',#4185);
#4185 = CARTESIAN_POINT('',(-12.05,136.02,43.75));
#4186 = CIRCLE('',#4187,2.2);
#4187 = AXIS2_PLACEMENT_3D('',#4188,#4189,#4190);
#4188 = CARTESIAN_POINT('',(-14.25,136.02,43.75));
#4189 = DIRECTION('',(0.,-1.,2.2E-16));
#4190 = DIRECTION('',(1.,0.,0.));
#4191 = FACE_BOUND('',#4192,.F.);
#4192 = EDGE_LOOP('',(#4193,#4204,#4213));
#4193 = ORIENTED_EDGE('',*,*,#4194,.T.);
#4194 = EDGE_CURVE('',#4195,#4197,#4199,.T.);
#4195 = VERTEX_POINT('',#4196);
#4196 = CARTESIAN_POINT('',(33.159912267198,136.02,29.869385870387));
#4197 = VERTEX_POINT('',#4198);
#4198 = CARTESIAN_POINT('',(32.590087732802,136.02,25.880614129613));
#4199 = CIRCLE('',#4200,2.2);
#4200 = AXIS2_PLACEMENT_3D('',#4201,#4202,#4203);
#4201 = CARTESIAN_POINT('',(32.,136.02,28.));
#4202 = DIRECTION('',(0.,-1.,2.2E-16));
#4203 = DIRECTION('',(1.,0.,0.));
#4204 = ORIENTED_EDGE('',*,*,#4205,.T.);
#4205 = EDGE_CURVE('',#4197,#4206,#4208,.T.);
#4206 = VERTEX_POINT('',#4207);
#4207 = CARTESIAN_POINT('',(35.95,136.02,27.75));
#4208 = CIRCLE('',#4209,2.2);
#4209 = AXIS2_PLACEMENT_3D('',#4210,#4211,#4212);
#4210 = CARTESIAN_POINT('',(33.75,136.02,27.75));
#4211 = DIRECTION('',(0.,-1.,2.2E-16));
#4212 = DIRECTION('',(1.,0.,0.));
#4213 = ORIENTED_EDGE('',*,*,#4214,.T.);
#4214 = EDGE_CURVE('',#4206,#4195,#4215,.T.);
#4215 = CIRCLE('',#4216,2.2);
#4216 = AXIS2_PLACEMENT_3D('',#4217,#4218,#4219);
#4217 = CARTESIAN_POINT('',(33.75,136.02,27.75));
#4218 = DIRECTION('',(0.,-1.,2.2E-16));
#4219 = DIRECTION('',(1.,0.,0.));
#4220 = FACE_BOUND('',#4221,.F.);
#4221 = EDGE_LOOP('',(#4222));
#4222 = ORIENTED_EDGE('',*,*,#4223,.T.);
#4223 = EDGE_CURVE('',#4224,#4224,#4226,.T.);
#4224 = VERTEX_POINT('',#4225);
#4225 = CARTESIAN_POINT('',(42.2,136.02,28.));
#4226 = CIRCLE('',#4227,2.2);
#4227 = AXIS2_PLACEMENT_3D('',#4228,#4229,#4230);
#4228 = CARTESIAN_POINT('',(40.,136.02,28.));
#4229 = DIRECTION('',(0.,-1.,2.2E-16));
#4230 = DIRECTION('',(1.,0.,0.));
#4231 = FACE_BOUND('',#4232,.F.);
#4232 = EDGE_LOOP('',(#4233,#4244,#4253));
#4233 = ORIENTED_EDGE('',*,*,#4234,.T.);
#4234 = EDGE_CURVE('',#4235,#4237,#4239,.T.);
#4235 = VERTEX_POINT('',#4236);
#4236 = CARTESIAN_POINT('',(83.425604720746,136.02,26.324395279254));
#4237 = VERTEX_POINT('',#4238);
#4238 = CARTESIAN_POINT('',(84.2,136.02,28.));
#4239 = CIRCLE('',#4240,2.2);
#4240 = AXIS2_PLACEMENT_3D('',#4241,#4242,#4243);
#4241 = CARTESIAN_POINT('',(82.,136.02,28.));
#4242 = DIRECTION('',(0.,-1.,2.2E-16));
#4243 = DIRECTION('',(1.,0.,0.));
#4244 = ORIENTED_EDGE('',*,*,#4245,.T.);
#4245 = EDGE_CURVE('',#4237,#4246,#4248,.T.);
#4246 = VERTEX_POINT('',#4247);
#4247 = CARTESIAN_POINT('',(80.324395279254,136.02,29.425604720746));
#4248 = CIRCLE('',#4249,2.2);
#4249 = AXIS2_PLACEMENT_3D('',#4250,#4251,#4252);
#4250 = CARTESIAN_POINT('',(82.,136.02,28.));
#4251 = DIRECTION('',(0.,-1.,2.2E-16));
#4252 = DIRECTION('',(1.,0.,0.));
#4253 = ORIENTED_EDGE('',*,*,#4254,.T.);
#4254 = EDGE_CURVE('',#4246,#4235,#4255,.T.);
#4255 = CIRCLE('',#4256,2.2);
#4256 = AXIS2_PLACEMENT_3D('',#4257,#4258,#4259);
#4257 = CARTESIAN_POINT('',(81.75,136.02,27.75));
#4258 = DIRECTION('',(0.,-1.,2.2E-16));
#4259 = DIRECTION('',(1.,0.,0.));
#4260 = FACE_BOUND('',#4261,.F.);
#4261 = EDGE_LOOP('',(#4262));
#4262 = ORIENTED_EDGE('',*,*,#4263,.T.);
#4263 = EDGE_CURVE('',#4264,#4264,#4266,.T.);
#4264 = VERTEX_POINT('',#4265);
#4265 = CARTESIAN_POINT('',(120.2,136.02,19.));
#4266 = CIRCLE('',#4267,2.2);
#4267 = AXIS2_PLACEMENT_3D('',#4268,#4269,#4270);
#4268 = CARTESIAN_POINT('',(118.,136.02,19.));
#4269 = DIRECTION('',(0.,-1.,2.2E-16));
#4270 = DIRECTION('',(1.,0.,0.));
#4271 = FACE_BOUND('',#4272,.F.);
#4272 = EDGE_LOOP('',(#4273));
#4273 = ORIENTED_EDGE('',*,*,#4274,.T.);
#4274 = EDGE_CURVE('',#4275,#4275,#4277,.T.);
#4275 = VERTEX_POINT('',#4276);
#4276 = CARTESIAN_POINT('',(138.2,136.02,19.));
#4277 = CIRCLE('',#4278,2.2);
#4278 = AXIS2_PLACEMENT_3D('',#4279,#4280,#4281);
#4279 = CARTESIAN_POINT('',(136.,136.02,19.));
#4280 = DIRECTION('',(0.,-1.,2.2E-16));
#4281 = DIRECTION('',(1.,0.,0.));
#4282 = FACE_BOUND('',#4283,.F.);
#4283 = EDGE_LOOP('',(#4284));
#4284 = ORIENTED_EDGE('',*,*,#4285,.T.);
#4285 = EDGE_CURVE('',#4286,#4286,#4288,.T.);
#4286 = VERTEX_POINT('',#4287);
#4287 = CARTESIAN_POINT('',(151.2,136.02,25.));
#4288 = CIRCLE('',#4289,2.2);
#4289 = AXIS2_PLACEMENT_3D('',#4290,#4291,#4292);
#4290 = CARTESIAN_POINT('',(149.,136.02,25.));
#4291 = DIRECTION('',(0.,-1.,2.2E-16));
#4292 = DIRECTION('',(1.,0.,0.));
#4293 = FACE_BOUND('',#4294,.F.);
#4294 = EDGE_LOOP('',(#4295));
#4295 = ORIENTED_EDGE('',*,*,#4296,.T.);
#4296 = EDGE_CURVE('',#4297,#4297,#4299,.T.);
#4297 = VERTEX_POINT('',#4298);
#4298 = CARTESIAN_POINT('',(156.2,136.02,19.));
#4299 = CIRCLE('',#4300,2.2);
#4300 = AXIS2_PLACEMENT_3D('',#4301,#4302,#4303);
#4301 = CARTESIAN_POINT('',(154.,136.02,19.));
#4302 = DIRECTION('',(0.,-1.,2.2E-16));
#4303 = DIRECTION('',(1.,0.,0.));
#4304 = FACE_BOUND('',#4305,.F.);
#4305 = EDGE_LOOP('',(#4306));
#4306 = ORIENTED_EDGE('',*,*,#4307,.T.);
#4307 = EDGE_CURVE('',#4308,#4308,#4310,.T.);
#4308 = VERTEX_POINT('',#4309);
#4309 = CARTESIAN_POINT('',(159.2,136.02,25.));
#4310 = CIRCLE('',#4311,2.2);
#4311 = AXIS2_PLACEMENT_3D('',#4312,#4313,#4314);
#4312 = CARTESIAN_POINT('',(157.,136.02,25.));
#4313 = DIRECTION('',(0.,-1.,2.2E-16));
#4314 = DIRECTION('',(1.,0.,0.));
#4315 = FACE_BOUND('',#4316,.F.);
#4316 = EDGE_LOOP('',(#4317));
#4317 = ORIENTED_EDGE('',*,*,#4318,.T.);
#4318 = EDGE_CURVE('',#4319,#4319,#4321,.T.);
#4319 = VERTEX_POINT('',#4320);
#4320 = CARTESIAN_POINT('',(113.2,136.02,28.));
#4321 = CIRCLE('',#4322,2.2);
#4322 = AXIS2_PLACEMENT_3D('',#4323,#4324,#4325);
#4323 = CARTESIAN_POINT('',(111.,136.02,28.));
#4324 = DIRECTION('',(0.,-1.,2.2E-16));
#4325 = DIRECTION('',(1.,0.,0.));
#4326 = FACE_BOUND('',#4327,.F.);
#4327 = EDGE_LOOP('',(#4328));
#4328 = ORIENTED_EDGE('',*,*,#4329,.T.);
#4329 = EDGE_CURVE('',#4330,#4330,#4332,.T.);
#4330 = VERTEX_POINT('',#4331);
#4331 = CARTESIAN_POINT('',(131.95,136.02,27.75));
#4332 = CIRCLE('',#4333,2.2);
#4333 = AXIS2_PLACEMENT_3D('',#4334,#4335,#4336);
#4334 = CARTESIAN_POINT('',(129.75,136.02,27.75));
#4335 = DIRECTION('',(0.,-1.,2.2E-16));
#4336 = DIRECTION('',(1.,0.,0.));
#4337 = FACE_BOUND('',#4338,.F.);
#4338 = EDGE_LOOP('',(#4339));
#4339 = ORIENTED_EDGE('',*,*,#4340,.T.);
#4340 = EDGE_CURVE('',#4341,#4341,#4343,.T.);
#4341 = VERTEX_POINT('',#4342);
#4342 = CARTESIAN_POINT('',(101.95,136.02,34.));
#4343 = CIRCLE('',#4344,2.2);
#4344 = AXIS2_PLACEMENT_3D('',#4345,#4346,#4347);
#4345 = CARTESIAN_POINT('',(99.75,136.02,34.));
#4346 = DIRECTION('',(0.,-1.,2.2E-16));
#4347 = DIRECTION('',(1.,0.,0.));
#4348 = FACE_BOUND('',#4349,.F.);
#4349 = EDGE_LOOP('',(#4350));
#4350 = ORIENTED_EDGE('',*,*,#4351,.T.);
#4351 = EDGE_CURVE('',#4352,#4352,#4354,.T.);
#4352 = VERTEX_POINT('',#4353);
#4353 = CARTESIAN_POINT('',(175.,136.02,30.));
#4354 = CIRCLE('',#4355,5.);
#4355 = AXIS2_PLACEMENT_3D('',#4356,#4357,#4358);
#4356 = CARTESIAN_POINT('',(170.,136.02,30.));
#4357 = DIRECTION('',(0.,-1.,2.2E-16));
#4358 = DIRECTION('',(1.,0.,0.));
#4359 = FACE_BOUND('',#4360,.F.);
#4360 = EDGE_LOOP('',(#4361,#4372,#4381));
#4361 = ORIENTED_EDGE('',*,*,#4362,.T.);
#4362 = EDGE_CURVE('',#4363,#4365,#4367,.T.);
#4363 = VERTEX_POINT('',#4364);
#4364 = CARTESIAN_POINT('',(178.52666686276,136.02,25.691653920187));
#4365 = VERTEX_POINT('',#4366);
#4366 = CARTESIAN_POINT('',(184.25,136.02,27.8));
#4367 = CIRCLE('',#4368,3.25);
#4368 = AXIS2_PLACEMENT_3D('',#4369,#4370,#4371);
#4369 = CARTESIAN_POINT('',(181.,136.02,27.8));
#4370 = DIRECTION('',(0.,-1.,2.2E-16));
#4371 = DIRECTION('',(1.,0.,0.));
#4372 = ORIENTED_EDGE('',*,*,#4373,.T.);
#4373 = EDGE_CURVE('',#4365,#4374,#4376,.T.);
#4374 = VERTEX_POINT('',#4375);
#4375 = CARTESIAN_POINT('',(178.46298055796,136.02,29.831263732439));
#4376 = CIRCLE('',#4377,3.25);
#4377 = AXIS2_PLACEMENT_3D('',#4378,#4379,#4380);
#4378 = CARTESIAN_POINT('',(181.,136.02,27.8));
#4379 = DIRECTION('',(0.,-1.,2.2E-16));
#4380 = DIRECTION('',(1.,0.,0.));
#4381 = ORIENTED_EDGE('',*,*,#4382,.T.);
#4382 = EDGE_CURVE('',#4374,#4363,#4383,.T.);
#4383 = CIRCLE('',#4384,2.2);
#4384 = AXIS2_PLACEMENT_3D('',#4385,#4386,#4387);
#4385 = CARTESIAN_POINT('',(177.75,136.02,27.75));
#4386 = DIRECTION('',(0.,-1.,2.2E-16));
#4387 = DIRECTION('',(1.,0.,0.));
#4388 = FACE_BOUND('',#4389,.F.);
#4389 = EDGE_LOOP('',(#4390));
#4390 = ORIENTED_EDGE('',*,*,#4391,.T.);
#4391 = EDGE_CURVE('',#4392,#4392,#4394,.T.);
#4392 = VERTEX_POINT('',#4393);
#4393 = CARTESIAN_POINT('',(202.25,136.02,27.8));
#4394 = CIRCLE('',#4395,3.25);
#4395 = AXIS2_PLACEMENT_3D('',#4396,#4397,#4398);
#4396 = CARTESIAN_POINT('',(199.,136.02,27.8));
#4397 = DIRECTION('',(0.,-1.,2.2E-16));
#4398 = DIRECTION('',(1.,0.,0.));
#4399 = FACE_BOUND('',#4400,.F.);
#4400 = EDGE_LOOP('',(#4401,#4412,#4421));
#4401 = ORIENTED_EDGE('',*,*,#4402,.T.);
#4402 = EDGE_CURVE('',#4403,#4405,#4407,.T.);
#4403 = VERTEX_POINT('',#4404);
#4404 = CARTESIAN_POINT('',(153.63088235294,136.02,36.111088188376));
#4405 = VERTEX_POINT('',#4406);
#4406 = CARTESIAN_POINT('',(153.63088235294,136.02,31.888911811624));
#4407 = CIRCLE('',#4408,4.2);
#4408 = AXIS2_PLACEMENT_3D('',#4409,#4410,#4411);
#4409 = CARTESIAN_POINT('',(150.,136.02,34.));
#4410 = DIRECTION('',(0.,-1.,2.2E-16));
#4411 = DIRECTION('',(1.,0.,0.));
#4412 = ORIENTED_EDGE('',*,*,#4413,.T.);
#4413 = EDGE_CURVE('',#4405,#4414,#4416,.T.);
#4414 = VERTEX_POINT('',#4415);
#4415 = CARTESIAN_POINT('',(156.45,136.02,34.));
#4416 = CIRCLE('',#4417,2.2);
#4417 = AXIS2_PLACEMENT_3D('',#4418,#4419,#4420);
#4418 = CARTESIAN_POINT('',(154.25,136.02,34.));
#4419 = DIRECTION('',(0.,-1.,2.2E-16));
#4420 = DIRECTION('',(1.,0.,0.));
#4421 = ORIENTED_EDGE('',*,*,#4422,.T.);
#4422 = EDGE_CURVE('',#4414,#4403,#4423,.T.);
#4423 = CIRCLE('',#4424,2.2);
#4424 = AXIS2_PLACEMENT_3D('',#4425,#4426,#4427);
#4425 = CARTESIAN_POINT('',(154.25,136.02,34.));
#4426 = DIRECTION('',(0.,-1.,2.2E-16));
#4427 = DIRECTION('',(1.,0.,0.));
#4428 = FACE_BOUND('',#4429,.F.);
#4429 = EDGE_LOOP('',(#4430));
#4430 = ORIENTED_EDGE('',*,*,#4431,.T.);
#4431 = EDGE_CURVE('',#4432,#4432,#4434,.T.);
#4432 = VERTEX_POINT('',#4433);
#4433 = CARTESIAN_POINT('',(198.,136.02,36.8));
#4434 = CIRCLE('',#4435,8.);
#4435 = AXIS2_PLACEMENT_3D('',#4436,#4437,#4438);
#4436 = CARTESIAN_POINT('',(190.,136.02,36.8));
#4437 = DIRECTION('',(0.,-1.,2.2E-16));
#4438 = DIRECTION('',(1.,0.,0.));
#4439 = FACE_BOUND('',#4440,.F.);
#4440 = EDGE_LOOP('',(#4441));
#4441 = ORIENTED_EDGE('',*,*,#4442,.T.);
#4442 = EDGE_CURVE('',#4443,#4443,#4445,.T.);
#4443 = VERTEX_POINT('',#4444);
#4444 = CARTESIAN_POINT('',(35.95,136.02,43.75));
#4445 = CIRCLE('',#4446,2.2);
#4446 = AXIS2_PLACEMENT_3D('',#4447,#4448,#4449);
#4447 = CARTESIAN_POINT('',(33.75,136.02,43.75));
#4448 = DIRECTION('',(0.,-1.,2.2E-16));
#4449 = DIRECTION('',(1.,0.,0.));
#4450 = FACE_BOUND('',#4451,.F.);
#4451 = EDGE_LOOP('',(#4452));
#4452 = ORIENTED_EDGE('',*,*,#4453,.T.);
#4453 = EDGE_CURVE('',#4454,#4454,#4456,.T.);
#4454 = VERTEX_POINT('',#4455);
#4455 = CARTESIAN_POINT('',(83.95,136.02,43.75));
#4456 = CIRCLE('',#4457,2.2);
#4457 = AXIS2_PLACEMENT_3D('',#4458,#4459,#4460);
#4458 = CARTESIAN_POINT('',(81.75,136.02,43.75));
#4459 = DIRECTION('',(0.,-1.,2.2E-16));
#4460 = DIRECTION('',(1.,0.,0.));
#4461 = FACE_BOUND('',#4462,.F.);
#4462 = EDGE_LOOP('',(#4463));
#4463 = ORIENTED_EDGE('',*,*,#4464,.T.);
#4464 = EDGE_CURVE('',#4465,#4465,#4467,.T.);
#4465 = VERTEX_POINT('',#4466);
#4466 = CARTESIAN_POINT('',(121.25,136.02,39.));
#4467 = CIRCLE('',#4468,3.25);
#4468 = AXIS2_PLACEMENT_3D('',#4469,#4470,#4471);
#4469 = CARTESIAN_POINT('',(118.,136.02,39.));
#4470 = DIRECTION('',(0.,-1.,2.2E-16));
#4471 = DIRECTION('',(1.,0.,0.));
#4472 = FACE_BOUND('',#4473,.F.);
#4473 = EDGE_LOOP('',(#4474));
#4474 = ORIENTED_EDGE('',*,*,#4475,.T.);
#4475 = EDGE_CURVE('',#4476,#4476,#4478,.T.);
#4476 = VERTEX_POINT('',#4477);
#4477 = CARTESIAN_POINT('',(139.25,136.02,39.));
#4478 = CIRCLE('',#4479,3.25);
#4479 = AXIS2_PLACEMENT_3D('',#4480,#4481,#4482);
#4480 = CARTESIAN_POINT('',(136.,136.02,39.));
#4481 = DIRECTION('',(0.,-1.,2.2E-16));
#4482 = DIRECTION('',(1.,0.,0.));
#4483 = FACE_BOUND('',#4484,.F.);
#4484 = EDGE_LOOP('',(#4485,#4496,#4505,#4514));
#4485 = ORIENTED_EDGE('',*,*,#4486,.T.);
#4486 = EDGE_CURVE('',#4487,#4489,#4491,.T.);
#4487 = VERTEX_POINT('',#4488);
#4488 = CARTESIAN_POINT('',(115.2,136.02,52.));
#4489 = VERTEX_POINT('',#4490);
#4490 = CARTESIAN_POINT('',(109.71937515251,136.02,48.));
#4491 = CIRCLE('',#4492,4.2);
#4492 = AXIS2_PLACEMENT_3D('',#4493,#4494,#4495);
#4493 = CARTESIAN_POINT('',(111.,136.02,52.));
#4494 = DIRECTION('',(0.,-1.,2.2E-16));
#4495 = DIRECTION('',(1.,0.,0.));
#4496 = ORIENTED_EDGE('',*,*,#4497,.T.);
#4497 = EDGE_CURVE('',#4489,#4498,#4500,.T.);
#4498 = VERTEX_POINT('',#4499);
#4499 = CARTESIAN_POINT('',(115.2,136.02,44.));
#4500 = CIRCLE('',#4501,4.2);
#4501 = AXIS2_PLACEMENT_3D('',#4502,#4503,#4504);
#4502 = CARTESIAN_POINT('',(111.,136.02,44.));
#4503 = DIRECTION('',(0.,-1.,2.2E-16));
#4504 = DIRECTION('',(1.,0.,0.));
#4505 = ORIENTED_EDGE('',*,*,#4506,.T.);
#4506 = EDGE_CURVE('',#4498,#4507,#4509,.T.);
#4507 = VERTEX_POINT('',#4508);
#4508 = CARTESIAN_POINT('',(112.28062484748,136.02,48.));
#4509 = CIRCLE('',#4510,4.2);
#4510 = AXIS2_PLACEMENT_3D('',#4511,#4512,#4513);
#4511 = CARTESIAN_POINT('',(111.,136.02,44.));
#4512 = DIRECTION('',(0.,-1.,2.2E-16));
#4513 = DIRECTION('',(1.,0.,0.));
#4514 = ORIENTED_EDGE('',*,*,#4515,.T.);
#4515 = EDGE_CURVE('',#4507,#4487,#4516,.T.);
#4516 = CIRCLE('',#4517,4.2);
#4517 = AXIS2_PLACEMENT_3D('',#4518,#4519,#4520);
#4518 = CARTESIAN_POINT('',(111.,136.02,52.));
#4519 = DIRECTION('',(0.,-1.,2.2E-16));
#4520 = DIRECTION('',(1.,0.,0.));
#4521 = FACE_BOUND('',#4522,.F.);
#4522 = EDGE_LOOP('',(#4523));
#4523 = ORIENTED_EDGE('',*,*,#4524,.T.);
#4524 = EDGE_CURVE('',#4525,#4525,#4527,.T.);
#4525 = VERTEX_POINT('',#4526);
#4526 = CARTESIAN_POINT('',(135.,136.02,48.));
#4527 = CIRCLE('',#4528,8.);
#4528 = AXIS2_PLACEMENT_3D('',#4529,#4530,#4531);
#4529 = CARTESIAN_POINT('',(127.,136.02,48.));
#4530 = DIRECTION('',(0.,-1.,2.2E-16));
#4531 = DIRECTION('',(1.,0.,0.));
#4532 = FACE_BOUND('',#4533,.F.);
#4533 = EDGE_LOOP('',(#4534,#4545,#4554,#4563));
#4534 = ORIENTED_EDGE('',*,*,#4535,.T.);
#4535 = EDGE_CURVE('',#4536,#4538,#4540,.T.);
#4536 = VERTEX_POINT('',#4537);
#4537 = CARTESIAN_POINT('',(147.2,136.02,52.));
#4538 = VERTEX_POINT('',#4539);
#4539 = CARTESIAN_POINT('',(141.71937515251,136.02,48.));
#4540 = CIRCLE('',#4541,4.2);
#4541 = AXIS2_PLACEMENT_3D('',#4542,#4543,#4544);
#4542 = CARTESIAN_POINT('',(143.,136.02,52.));
#4543 = DIRECTION('',(0.,-1.,2.2E-16));
#4544 = DIRECTION('',(1.,0.,0.));
#4545 = ORIENTED_EDGE('',*,*,#4546,.T.);
#4546 = EDGE_CURVE('',#4538,#4547,#4549,.T.);
#4547 = VERTEX_POINT('',#4548);
#4548 = CARTESIAN_POINT('',(147.2,136.02,44.));
#4549 = CIRCLE('',#4550,4.2);
#4550 = AXIS2_PLACEMENT_3D('',#4551,#4552,#4553);
#4551 = CARTESIAN_POINT('',(143.,136.02,44.));
#4552 = DIRECTION('',(0.,-1.,2.2E-16));
#4553 = DIRECTION('',(1.,0.,0.));
#4554 = ORIENTED_EDGE('',*,*,#4555,.T.);
#4555 = EDGE_CURVE('',#4547,#4556,#4558,.T.);
#4556 = VERTEX_POINT('',#4557);
#4557 = CARTESIAN_POINT('',(144.28062484748,136.02,48.));
#4558 = CIRCLE('',#4559,4.2);
#4559 = AXIS2_PLACEMENT_3D('',#4560,#4561,#4562);
#4560 = CARTESIAN_POINT('',(143.,136.02,44.));
#4561 = DIRECTION('',(0.,-1.,2.2E-16));
#4562 = DIRECTION('',(1.,0.,0.));
#4563 = ORIENTED_EDGE('',*,*,#4564,.T.);
#4564 = EDGE_CURVE('',#4556,#4536,#4565,.T.);
#4565 = CIRCLE('',#4566,4.2);
#4566 = AXIS2_PLACEMENT_3D('',#4567,#4568,#4569);
#4567 = CARTESIAN_POINT('',(143.,136.02,52.));
#4568 = DIRECTION('',(0.,-1.,2.2E-16));
#4569 = DIRECTION('',(1.,0.,0.));
#4570 = FACE_BOUND('',#4571,.F.);
#4571 = EDGE_LOOP('',(#4572,#4583,#4592));
#4572 = ORIENTED_EDGE('',*,*,#4573,.T.);
#4573 = EDGE_CURVE('',#4574,#4576,#4578,.T.);
#4574 = VERTEX_POINT('',#4575);
#4575 = CARTESIAN_POINT('',(179.73692786976,136.02,42.805480206474));
#4576 = VERTEX_POINT('',#4577);
#4577 = CARTESIAN_POINT('',(184.25,136.02,45.8));
#4578 = CIRCLE('',#4579,3.25);
#4579 = AXIS2_PLACEMENT_3D('',#4580,#4581,#4582);
#4580 = CARTESIAN_POINT('',(181.,136.02,45.8));
#4581 = DIRECTION('',(0.,-1.,2.2E-16));
#4582 = DIRECTION('',(1.,0.,0.));
#4583 = ORIENTED_EDGE('',*,*,#4584,.T.);
#4584 = EDGE_CURVE('',#4576,#4585,#4587,.T.);
#4585 = VERTEX_POINT('',#4586);
#4586 = CARTESIAN_POINT('',(177.7534632579,136.02,45.949997274054));
#4587 = CIRCLE('',#4588,3.25);
#4588 = AXIS2_PLACEMENT_3D('',#4589,#4590,#4591);
#4589 = CARTESIAN_POINT('',(181.,136.02,45.8));
#4590 = DIRECTION('',(0.,-1.,2.2E-16));
#4591 = DIRECTION('',(1.,0.,0.));
#4592 = ORIENTED_EDGE('',*,*,#4593,.T.);
#4593 = EDGE_CURVE('',#4585,#4574,#4594,.T.);
#4594 = CIRCLE('',#4595,2.2);
#4595 = AXIS2_PLACEMENT_3D('',#4596,#4597,#4598);
#4596 = CARTESIAN_POINT('',(177.75,136.02,43.75));
#4597 = DIRECTION('',(0.,-1.,2.2E-16));
#4598 = DIRECTION('',(1.,0.,0.));
#4599 = FACE_BOUND('',#4600,.F.);
#4600 = EDGE_LOOP('',(#4601));
#4601 = ORIENTED_EDGE('',*,*,#4602,.T.);
#4602 = EDGE_CURVE('',#4603,#4603,#4605,.T.);
#4603 = VERTEX_POINT('',#4604);
#4604 = CARTESIAN_POINT('',(202.25,136.02,45.8));
#4605 = CIRCLE('',#4606,3.25);
#4606 = AXIS2_PLACEMENT_3D('',#4607,#4608,#4609);
#4607 = CARTESIAN_POINT('',(199.,136.02,45.8));
#4608 = DIRECTION('',(0.,-1.,2.2E-16));
#4609 = DIRECTION('',(1.,0.,0.));
#4610 = FACE_BOUND('',#4611,.F.);
#4611 = EDGE_LOOP('',(#4612));
#4612 = ORIENTED_EDGE('',*,*,#4613,.T.);
#4613 = EDGE_CURVE('',#4614,#4614,#4616,.T.);
#4614 = VERTEX_POINT('',#4615);
#4615 = CARTESIAN_POINT('',(121.25,136.02,57.));
#4616 = CIRCLE('',#4617,3.25);
#4617 = AXIS2_PLACEMENT_3D('',#4618,#4619,#4620);
#4618 = CARTESIAN_POINT('',(118.,136.02,57.));
#4619 = DIRECTION('',(0.,-1.,2.2E-16));
#4620 = DIRECTION('',(1.,0.,0.));
#4621 = FACE_BOUND('',#4622,.F.);
#4622 = EDGE_LOOP('',(#4623));
#4623 = ORIENTED_EDGE('',*,*,#4624,.T.);
#4624 = EDGE_CURVE('',#4625,#4625,#4627,.T.);
#4625 = VERTEX_POINT('',#4626);
#4626 = CARTESIAN_POINT('',(139.25,136.02,57.));
#4627 = CIRCLE('',#4628,3.25);
#4628 = AXIS2_PLACEMENT_3D('',#4629,#4630,#4631);
#4629 = CARTESIAN_POINT('',(136.,136.02,57.));
#4630 = DIRECTION('',(0.,-1.,2.2E-16));
#4631 = DIRECTION('',(1.,0.,0.));
#4632 = PLANE('',#4633);
#4633 = AXIS2_PLACEMENT_3D('',#4634,#4635,#4636);
#4634 = CARTESIAN_POINT('',(-222.25,136.02,15.75));
#4635 = DIRECTION('',(0.,1.,0.));
#4636 = DIRECTION('',(0.,0.,1.));
#4637 = ADVANCED_FACE('',(#4638),#4665,.T.);
#4638 = FACE_BOUND('',#4639,.T.);
#4639 = EDGE_LOOP('',(#4640,#4641,#4648,#4649,#4658));
#4640 = ORIENTED_EDGE('',*,*,#2177,.T.);
#4641 = ORIENTED_EDGE('',*,*,#4642,.T.);
#4642 = EDGE_CURVE('',#2178,#455,#4643,.T.);
#4643 = CIRCLE('',#4644,7.);
#4644 = AXIS2_PLACEMENT_3D('',#4645,#4646,#4647);
#4645 = CARTESIAN_POINT('',(172.,180.52,62.));
#4646 = DIRECTION('',(-0.,1.,0.));
#4647 = DIRECTION('',(1.,0.,0.));
#4648 = ORIENTED_EDGE('',*,*,#454,.F.);
#4649 = ORIENTED_EDGE('',*,*,#4650,.T.);
#4650 = EDGE_CURVE('',#447,#4651,#4653,.T.);
#4651 = VERTEX_POINT('',#4652);
#4652 = CARTESIAN_POINT('',(179.,180.52,62.));
#4653 = CIRCLE('',#4654,7.);
#4654 = AXIS2_PLACEMENT_3D('',#4655,#4656,#4657);
#4655 = CARTESIAN_POINT('',(172.,180.52,62.));
#4656 = DIRECTION('',(-0.,1.,0.));
#4657 = DIRECTION('',(1.,0.,0.));
#4658 = ORIENTED_EDGE('',*,*,#4659,.T.);
#4659 = EDGE_CURVE('',#4651,#2170,#4660,.T.);
#4660 = CIRCLE('',#4661,7.);
#4661 = AXIS2_PLACEMENT_3D('',#4662,#4663,#4664);
#4662 = CARTESIAN_POINT('',(172.,180.52,62.));
#4663 = DIRECTION('',(-0.,1.,0.));
#4664 = DIRECTION('',(1.,0.,0.));
#4665 = PLANE('',#4666);
#4666 = AXIS2_PLACEMENT_3D('',#4667,#4668,#4669);
#4667 = CARTESIAN_POINT('',(172.,180.52,62.));
#4668 = DIRECTION('',(0.,1.,0.));
#4669 = DIRECTION('',(1.,0.,0.));
#4670 = ADVANCED_FACE('',(#4671),#4688,.T.);
#4671 = FACE_BOUND('',#4672,.T.);
#4672 = EDGE_LOOP('',(#4673,#4674,#4681));
#4673 = ORIENTED_EDGE('',*,*,#438,.T.);
#4674 = ORIENTED_EDGE('',*,*,#4675,.T.);
#4675 = EDGE_CURVE('',#431,#973,#4676,.T.);
#4676 = CIRCLE('',#4677,7.);
#4677 = AXIS2_PLACEMENT_3D('',#4678,#4679,#4680);
#4678 = CARTESIAN_POINT('',(186.,184.02,62.));
#4679 = DIRECTION('',(0.,-1.,2.2E-16));
#4680 = DIRECTION('',(1.,0.,0.));
#4681 = ORIENTED_EDGE('',*,*,#4682,.T.);
#4682 = EDGE_CURVE('',#973,#439,#4683,.T.);
#4683 = CIRCLE('',#4684,7.);
#4684 = AXIS2_PLACEMENT_3D('',#4685,#4686,#4687);
#4685 = CARTESIAN_POINT('',(172.,184.02,62.));
#4686 = DIRECTION('',(0.,-1.,2.2E-16));
#4687 = DIRECTION('',(1.,0.,0.));
#4688 = PLANE('',#4689);
#4689 = AXIS2_PLACEMENT_3D('',#4690,#4691,#4692);
#4690 = CARTESIAN_POINT('',(-222.25,184.02,15.75));
#4691 = DIRECTION('',(0.,1.,0.));
#4692 = DIRECTION('',(0.,0.,1.));
#4693 = ADVANCED_FACE('',(#4694),#4728,.T.);
#4694 = FACE_BOUND('',#4695,.T.);
#4695 = EDGE_LOOP('',(#4696,#4697,#4704,#4711,#4712,#4721));
#4696 = ORIENTED_EDGE('',*,*,#2154,.T.);
#4697 = ORIENTED_EDGE('',*,*,#4698,.T.);
#4698 = EDGE_CURVE('',#2155,#4651,#4699,.T.);
#4699 = CIRCLE('',#4700,7.);
#4700 = AXIS2_PLACEMENT_3D('',#4701,#4702,#4703);
#4701 = CARTESIAN_POINT('',(186.,180.52,62.));
#4702 = DIRECTION('',(-0.,1.,0.));
#4703 = DIRECTION('',(1.,0.,0.));
#4704 = ORIENTED_EDGE('',*,*,#4705,.T.);
#4705 = EDGE_CURVE('',#4651,#423,#4706,.T.);
#4706 = CIRCLE('',#4707,7.);
#4707 = AXIS2_PLACEMENT_3D('',#4708,#4709,#4710);
#4708 = CARTESIAN_POINT('',(186.,180.52,62.));
#4709 = DIRECTION('',(-0.,1.,0.));
#4710 = DIRECTION('',(1.,0.,0.));
#4711 = ORIENTED_EDGE('',*,*,#422,.F.);
#4712 = ORIENTED_EDGE('',*,*,#4713,.T.);
#4713 = EDGE_CURVE('',#415,#4714,#4716,.T.);
#4714 = VERTEX_POINT('',#4715);
#4715 = CARTESIAN_POINT('',(193.,180.52,62.));
#4716 = CIRCLE('',#4717,7.);
#4717 = AXIS2_PLACEMENT_3D('',#4718,#4719,#4720);
#4718 = CARTESIAN_POINT('',(186.,180.52,62.));
#4719 = DIRECTION('',(-0.,1.,0.));
#4720 = DIRECTION('',(1.,0.,0.));
#4721 = ORIENTED_EDGE('',*,*,#4722,.T.);
#4722 = EDGE_CURVE('',#4714,#2147,#4723,.T.);
#4723 = CIRCLE('',#4724,7.);
#4724 = AXIS2_PLACEMENT_3D('',#4725,#4726,#4727);
#4725 = CARTESIAN_POINT('',(186.,180.52,62.));
#4726 = DIRECTION('',(-0.,1.,0.));
#4727 = DIRECTION('',(1.,0.,0.));
#4728 = PLANE('',#4729);
#4729 = AXIS2_PLACEMENT_3D('',#4730,#4731,#4732);
#4730 = CARTESIAN_POINT('',(186.,180.52,62.));
#4731 = DIRECTION('',(0.,1.,0.));
#4732 = DIRECTION('',(1.,0.,0.));
#4733 = ADVANCED_FACE('',(#4734),#4751,.T.);
#4734 = FACE_BOUND('',#4735,.T.);
#4735 = EDGE_LOOP('',(#4736,#4737,#4744));
#4736 = ORIENTED_EDGE('',*,*,#406,.T.);
#4737 = ORIENTED_EDGE('',*,*,#4738,.T.);
#4738 = EDGE_CURVE('',#399,#982,#4739,.T.);
#4739 = CIRCLE('',#4740,7.);
#4740 = AXIS2_PLACEMENT_3D('',#4741,#4742,#4743);
#4741 = CARTESIAN_POINT('',(200.,184.02,62.));
#4742 = DIRECTION('',(0.,-1.,2.2E-16));
#4743 = DIRECTION('',(1.,0.,0.));
#4744 = ORIENTED_EDGE('',*,*,#4745,.T.);
#4745 = EDGE_CURVE('',#982,#407,#4746,.T.);
#4746 = CIRCLE('',#4747,7.);
#4747 = AXIS2_PLACEMENT_3D('',#4748,#4749,#4750);
#4748 = CARTESIAN_POINT('',(186.,184.02,62.));
#4749 = DIRECTION('',(0.,-1.,2.2E-16));
#4750 = DIRECTION('',(1.,0.,0.));
#4751 = PLANE('',#4752);
#4752 = AXIS2_PLACEMENT_3D('',#4753,#4754,#4755);
#4753 = CARTESIAN_POINT('',(-222.25,184.02,15.75));
#4754 = DIRECTION('',(0.,1.,0.));
#4755 = DIRECTION('',(0.,0.,1.));
#4756 = ADVANCED_FACE('',(#4757),#4791,.T.);
#4757 = FACE_BOUND('',#4758,.T.);
#4758 = EDGE_LOOP('',(#4759,#4760,#4767,#4774,#4775,#4784));
#4759 = ORIENTED_EDGE('',*,*,#2131,.T.);
#4760 = ORIENTED_EDGE('',*,*,#4761,.T.);
#4761 = EDGE_CURVE('',#2132,#4714,#4762,.T.);
#4762 = CIRCLE('',#4763,7.);
#4763 = AXIS2_PLACEMENT_3D('',#4764,#4765,#4766);
#4764 = CARTESIAN_POINT('',(200.,180.52,62.));
#4765 = DIRECTION('',(-0.,1.,0.));
#4766 = DIRECTION('',(1.,0.,0.));
#4767 = ORIENTED_EDGE('',*,*,#4768,.T.);
#4768 = EDGE_CURVE('',#4714,#391,#4769,.T.);
#4769 = CIRCLE('',#4770,7.);
#4770 = AXIS2_PLACEMENT_3D('',#4771,#4772,#4773);
#4771 = CARTESIAN_POINT('',(200.,180.52,62.));
#4772 = DIRECTION('',(-0.,1.,0.));
#4773 = DIRECTION('',(1.,0.,0.));
#4774 = ORIENTED_EDGE('',*,*,#390,.F.);
#4775 = ORIENTED_EDGE('',*,*,#4776,.T.);
#4776 = EDGE_CURVE('',#383,#4777,#4779,.T.);
#4777 = VERTEX_POINT('',#4778);
#4778 = CARTESIAN_POINT('',(207.,180.52,62.));
#4779 = CIRCLE('',#4780,7.);
#4780 = AXIS2_PLACEMENT_3D('',#4781,#4782,#4783);
#4781 = CARTESIAN_POINT('',(200.,180.52,62.));
#4782 = DIRECTION('',(-0.,1.,0.));
#4783 = DIRECTION('',(1.,0.,0.));
#4784 = ORIENTED_EDGE('',*,*,#4785,.T.);
#4785 = EDGE_CURVE('',#4777,#2124,#4786,.T.);
#4786 = CIRCLE('',#4787,7.);
#4787 = AXIS2_PLACEMENT_3D('',#4788,#4789,#4790);
#4788 = CARTESIAN_POINT('',(200.,180.52,62.));
#4789 = DIRECTION('',(-0.,1.,0.));
#4790 = DIRECTION('',(1.,0.,0.));
#4791 = PLANE('',#4792);
#4792 = AXIS2_PLACEMENT_3D('',#4793,#4794,#4795);
#4793 = CARTESIAN_POINT('',(200.,180.52,62.));
#4794 = DIRECTION('',(0.,1.,0.));
#4795 = DIRECTION('',(1.,0.,0.));
#4796 = ADVANCED_FACE('',(#4797),#4807,.T.);
#4797 = FACE_BOUND('',#4798,.T.);
#4798 = EDGE_LOOP('',(#4799,#4800,#4801,#4802,#4803,#4804,#4805,#4806));
#4799 = ORIENTED_EDGE('',*,*,#366,.F.);
#4800 = ORIENTED_EDGE('',*,*,#3619,.F.);
#4801 = ORIENTED_EDGE('',*,*,#3604,.T.);
#4802 = ORIENTED_EDGE('',*,*,#2639,.T.);
#4803 = ORIENTED_EDGE('',*,*,#2116,.F.);
#4804 = ORIENTED_EDGE('',*,*,#1401,.F.);
#4805 = ORIENTED_EDGE('',*,*,#1376,.T.);
#4806 = ORIENTED_EDGE('',*,*,#933,.T.);
#4807 = PLANE('',#4808);
#4808 = AXIS2_PLACEMENT_3D('',#4809,#4810,#4811);
#4809 = CARTESIAN_POINT('',(222.25,136.02,15.75));
#4810 = DIRECTION('',(1.,0.,0.));
#4811 = DIRECTION('',(0.,0.,1.));
#4812 = ADVANCED_FACE('',(#4813),#4840,.F.);
#4813 = FACE_BOUND('',#4814,.F.);
#4814 = EDGE_LOOP('',(#4815,#4816,#4823,#4824,#4833));
#4815 = ORIENTED_EDGE('',*,*,#2092,.T.);
#4816 = ORIENTED_EDGE('',*,*,#4817,.T.);
#4817 = EDGE_CURVE('',#2085,#335,#4818,.T.);
#4818 = CIRCLE('',#4819,2.2);
#4819 = AXIS2_PLACEMENT_3D('',#4820,#4821,#4822);
#4820 = CARTESIAN_POINT('',(154.25,139.52,62.));
#4821 = DIRECTION('',(-0.,1.,0.));
#4822 = DIRECTION('',(1.,0.,0.));
#4823 = ORIENTED_EDGE('',*,*,#342,.F.);
#4824 = ORIENTED_EDGE('',*,*,#4825,.T.);
#4825 = EDGE_CURVE('',#343,#4826,#4828,.T.);
#4826 = VERTEX_POINT('',#4827);
#4827 = CARTESIAN_POINT('',(156.45,139.52,62.));
#4828 = CIRCLE('',#4829,2.2);
#4829 = AXIS2_PLACEMENT_3D('',#4830,#4831,#4832);
#4830 = CARTESIAN_POINT('',(154.25,139.52,62.));
#4831 = DIRECTION('',(-0.,1.,0.));
#4832 = DIRECTION('',(1.,0.,0.));
#4833 = ORIENTED_EDGE('',*,*,#4834,.T.);
#4834 = EDGE_CURVE('',#4826,#2093,#4835,.T.);
#4835 = CIRCLE('',#4836,2.2);
#4836 = AXIS2_PLACEMENT_3D('',#4837,#4838,#4839);
#4837 = CARTESIAN_POINT('',(154.25,139.52,62.));
#4838 = DIRECTION('',(-0.,1.,0.));
#4839 = DIRECTION('',(1.,0.,0.));
#4840 = PLANE('',#4841);
#4841 = AXIS2_PLACEMENT_3D('',#4842,#4843,#4844);
#4842 = CARTESIAN_POINT('',(154.25,139.52,62.));
#4843 = DIRECTION('',(0.,1.,0.));
#4844 = DIRECTION('',(1.,0.,0.));
#4845 = ADVANCED_FACE('',(#4846),#4873,.F.);
#4846 = FACE_BOUND('',#4847,.F.);
#4847 = EDGE_LOOP('',(#4848,#4849,#4856,#4857,#4866));
#4848 = ORIENTED_EDGE('',*,*,#2060,.T.);
#4849 = ORIENTED_EDGE('',*,*,#4850,.T.);
#4850 = EDGE_CURVE('',#2053,#303,#4851,.T.);
#4851 = CIRCLE('',#4852,2.2);
#4852 = AXIS2_PLACEMENT_3D('',#4853,#4854,#4855);
#4853 = CARTESIAN_POINT('',(99.75,139.52,62.));
#4854 = DIRECTION('',(-0.,1.,0.));
#4855 = DIRECTION('',(1.,0.,0.));
#4856 = ORIENTED_EDGE('',*,*,#310,.F.);
#4857 = ORIENTED_EDGE('',*,*,#4858,.T.);
#4858 = EDGE_CURVE('',#311,#4859,#4861,.T.);
#4859 = VERTEX_POINT('',#4860);
#4860 = CARTESIAN_POINT('',(101.95,139.52,62.));
#4861 = CIRCLE('',#4862,2.2);
#4862 = AXIS2_PLACEMENT_3D('',#4863,#4864,#4865);
#4863 = CARTESIAN_POINT('',(99.75,139.52,62.));
#4864 = DIRECTION('',(-0.,1.,0.));
#4865 = DIRECTION('',(1.,0.,0.));
#4866 = ORIENTED_EDGE('',*,*,#4867,.T.);
#4867 = EDGE_CURVE('',#4859,#2061,#4868,.T.);
#4868 = CIRCLE('',#4869,2.2);
#4869 = AXIS2_PLACEMENT_3D('',#4870,#4871,#4872);
#4870 = CARTESIAN_POINT('',(99.75,139.52,62.));
#4871 = DIRECTION('',(-0.,1.,0.));
#4872 = DIRECTION('',(1.,0.,0.));
#4873 = PLANE('',#4874);
#4874 = AXIS2_PLACEMENT_3D('',#4875,#4876,#4877);
#4875 = CARTESIAN_POINT('',(99.75,139.52,62.));
#4876 = DIRECTION('',(0.,1.,0.));
#4877 = DIRECTION('',(1.,0.,0.));
#4878 = ADVANCED_FACE('',(#4879),#4906,.F.);
#4879 = FACE_BOUND('',#4880,.F.);
#4880 = EDGE_LOOP('',(#4881,#4882,#4889,#4890,#4899));
#4881 = ORIENTED_EDGE('',*,*,#2028,.T.);
#4882 = ORIENTED_EDGE('',*,*,#4883,.T.);
#4883 = EDGE_CURVE('',#2021,#271,#4884,.T.);
#4884 = CIRCLE('',#4885,2.2);
#4885 = AXIS2_PLACEMENT_3D('',#4886,#4887,#4888);
#4886 = CARTESIAN_POINT('',(82.,139.52,62.));
#4887 = DIRECTION('',(-0.,1.,0.));
#4888 = DIRECTION('',(1.,0.,0.));
#4889 = ORIENTED_EDGE('',*,*,#278,.F.);
#4890 = ORIENTED_EDGE('',*,*,#4891,.T.);
#4891 = EDGE_CURVE('',#279,#4892,#4894,.T.);
#4892 = VERTEX_POINT('',#4893);
#4893 = CARTESIAN_POINT('',(84.2,139.52,62.));
#4894 = CIRCLE('',#4895,2.2);
#4895 = AXIS2_PLACEMENT_3D('',#4896,#4897,#4898);
#4896 = CARTESIAN_POINT('',(82.,139.52,62.));
#4897 = DIRECTION('',(-0.,1.,0.));
#4898 = DIRECTION('',(1.,0.,0.));
#4899 = ORIENTED_EDGE('',*,*,#4900,.T.);
#4900 = EDGE_CURVE('',#4892,#2029,#4901,.T.);
#4901 = CIRCLE('',#4902,2.2);
#4902 = AXIS2_PLACEMENT_3D('',#4903,#4904,#4905);
#4903 = CARTESIAN_POINT('',(82.,139.52,62.));
#4904 = DIRECTION('',(-0.,1.,0.));
#4905 = DIRECTION('',(1.,0.,0.));
#4906 = PLANE('',#4907);
#4907 = AXIS2_PLACEMENT_3D('',#4908,#4909,#4910);
#4908 = CARTESIAN_POINT('',(82.,139.52,62.));
#4909 = DIRECTION('',(0.,1.,0.));
#4910 = DIRECTION('',(1.,0.,0.));
#4911 = ADVANCED_FACE('',(#4912),#4939,.F.);
#4912 = FACE_BOUND('',#4913,.F.);
#4913 = EDGE_LOOP('',(#4914,#4915,#4922,#4923,#4932));
#4914 = ORIENTED_EDGE('',*,*,#1996,.T.);
#4915 = ORIENTED_EDGE('',*,*,#4916,.T.);
#4916 = EDGE_CURVE('',#1989,#239,#4917,.T.);
#4917 = CIRCLE('',#4918,2.2);
#4918 = AXIS2_PLACEMENT_3D('',#4919,#4920,#4921);
#4919 = CARTESIAN_POINT('',(20.,139.52,62.));
#4920 = DIRECTION('',(-0.,1.,0.));
#4921 = DIRECTION('',(1.,0.,0.));
#4922 = ORIENTED_EDGE('',*,*,#246,.F.);
#4923 = ORIENTED_EDGE('',*,*,#4924,.T.);
#4924 = EDGE_CURVE('',#247,#4925,#4927,.T.);
#4925 = VERTEX_POINT('',#4926);
#4926 = CARTESIAN_POINT('',(22.2,139.52,62.));
#4927 = CIRCLE('',#4928,2.2);
#4928 = AXIS2_PLACEMENT_3D('',#4929,#4930,#4931);
#4929 = CARTESIAN_POINT('',(20.,139.52,62.));
#4930 = DIRECTION('',(-0.,1.,0.));
#4931 = DIRECTION('',(1.,0.,0.));
#4932 = ORIENTED_EDGE('',*,*,#4933,.T.);
#4933 = EDGE_CURVE('',#4925,#1997,#4934,.T.);
#4934 = CIRCLE('',#4935,2.2);
#4935 = AXIS2_PLACEMENT_3D('',#4936,#4937,#4938);
#4936 = CARTESIAN_POINT('',(20.,139.52,62.));
#4937 = DIRECTION('',(-0.,1.,0.));
#4938 = DIRECTION('',(1.,0.,0.));
#4939 = PLANE('',#4940);
#4940 = AXIS2_PLACEMENT_3D('',#4941,#4942,#4943);
#4941 = CARTESIAN_POINT('',(20.,139.52,62.));
#4942 = DIRECTION('',(0.,1.,0.));
#4943 = DIRECTION('',(1.,0.,0.));
#4944 = ADVANCED_FACE('',(#4945),#4972,.F.);
#4945 = FACE_BOUND('',#4946,.F.);
#4946 = EDGE_LOOP('',(#4947,#4948,#4955,#4956,#4965));
#4947 = ORIENTED_EDGE('',*,*,#1964,.T.);
#4948 = ORIENTED_EDGE('',*,*,#4949,.T.);
#4949 = EDGE_CURVE('',#1957,#207,#4950,.T.);
#4950 = CIRCLE('',#4951,2.2);
#4951 = AXIS2_PLACEMENT_3D('',#4952,#4953,#4954);
#4952 = CARTESIAN_POINT('',(-20.,139.52,62.));
#4953 = DIRECTION('',(-0.,1.,0.));
#4954 = DIRECTION('',(1.,0.,0.));
#4955 = ORIENTED_EDGE('',*,*,#214,.F.);
#4956 = ORIENTED_EDGE('',*,*,#4957,.T.);
#4957 = EDGE_CURVE('',#215,#4958,#4960,.T.);
#4958 = VERTEX_POINT('',#4959);
#4959 = CARTESIAN_POINT('',(-17.8,139.52,62.));
#4960 = CIRCLE('',#4961,2.2);
#4961 = AXIS2_PLACEMENT_3D('',#4962,#4963,#4964);
#4962 = CARTESIAN_POINT('',(-20.,139.52,62.));
#4963 = DIRECTION('',(-0.,1.,0.));
#4964 = DIRECTION('',(1.,0.,0.));
#4965 = ORIENTED_EDGE('',*,*,#4966,.T.);
#4966 = EDGE_CURVE('',#4958,#1965,#4967,.T.);
#4967 = CIRCLE('',#4968,2.2);
#4968 = AXIS2_PLACEMENT_3D('',#4969,#4970,#4971);
#4969 = CARTESIAN_POINT('',(-20.,139.52,62.));
#4970 = DIRECTION('',(-0.,1.,0.));
#4971 = DIRECTION('',(1.,0.,0.));
#4972 = PLANE('',#4973);
#4973 = AXIS2_PLACEMENT_3D('',#4974,#4975,#4976);
#4974 = CARTESIAN_POINT('',(-20.,139.52,62.));
#4975 = DIRECTION('',(0.,1.,0.));
#4976 = DIRECTION('',(1.,0.,0.));
#4977 = ADVANCED_FACE('',(#4978),#5005,.F.);
#4978 = FACE_BOUND('',#4979,.F.);
#4979 = EDGE_LOOP('',(#4980,#4981,#4988,#4989,#4998));
#4980 = ORIENTED_EDGE('',*,*,#1932,.T.);
#4981 = ORIENTED_EDGE('',*,*,#4982,.T.);
#4982 = EDGE_CURVE('',#1925,#175,#4983,.T.);
#4983 = CIRCLE('',#4984,2.2);
#4984 = AXIS2_PLACEMENT_3D('',#4985,#4986,#4987);
#4985 = CARTESIAN_POINT('',(-60.,139.52,62.));
#4986 = DIRECTION('',(-0.,1.,0.));
#4987 = DIRECTION('',(1.,0.,0.));
#4988 = ORIENTED_EDGE('',*,*,#182,.F.);
#4989 = ORIENTED_EDGE('',*,*,#4990,.T.);
#4990 = EDGE_CURVE('',#183,#4991,#4993,.T.);
#4991 = VERTEX_POINT('',#4992);
#4992 = CARTESIAN_POINT('',(-57.8,139.52,62.));
#4993 = CIRCLE('',#4994,2.2);
#4994 = AXIS2_PLACEMENT_3D('',#4995,#4996,#4997);
#4995 = CARTESIAN_POINT('',(-60.,139.52,62.));
#4996 = DIRECTION('',(-0.,1.,0.));
#4997 = DIRECTION('',(1.,0.,0.));
#4998 = ORIENTED_EDGE('',*,*,#4999,.T.);
#4999 = EDGE_CURVE('',#4991,#1933,#5000,.T.);
#5000 = CIRCLE('',#5001,2.2);
#5001 = AXIS2_PLACEMENT_3D('',#5002,#5003,#5004);
#5002 = CARTESIAN_POINT('',(-60.,139.52,62.));
#5003 = DIRECTION('',(-0.,1.,0.));
#5004 = DIRECTION('',(1.,0.,0.));
#5005 = PLANE('',#5006);
#5006 = AXIS2_PLACEMENT_3D('',#5007,#5008,#5009);
#5007 = CARTESIAN_POINT('',(-60.,139.52,62.));
#5008 = DIRECTION('',(0.,1.,0.));
#5009 = DIRECTION('',(1.,0.,0.));
#5010 = ADVANCED_FACE('',(#5011),#5038,.F.);
#5011 = FACE_BOUND('',#5012,.F.);
#5012 = EDGE_LOOP('',(#5013,#5014,#5021,#5022,#5031));
#5013 = ORIENTED_EDGE('',*,*,#1900,.T.);
#5014 = ORIENTED_EDGE('',*,*,#5015,.T.);
#5015 = EDGE_CURVE('',#1893,#143,#5016,.T.);
#5016 = CIRCLE('',#5017,2.2);
#5017 = AXIS2_PLACEMENT_3D('',#5018,#5019,#5020);
#5018 = CARTESIAN_POINT('',(-99.75,139.52,62.));
#5019 = DIRECTION('',(-0.,1.,0.));
#5020 = DIRECTION('',(1.,0.,0.));
#5021 = ORIENTED_EDGE('',*,*,#150,.F.);
#5022 = ORIENTED_EDGE('',*,*,#5023,.T.);
#5023 = EDGE_CURVE('',#151,#5024,#5026,.T.);
#5024 = VERTEX_POINT('',#5025);
#5025 = CARTESIAN_POINT('',(-97.55,139.52,62.));
#5026 = CIRCLE('',#5027,2.2);
#5027 = AXIS2_PLACEMENT_3D('',#5028,#5029,#5030);
#5028 = CARTESIAN_POINT('',(-99.75,139.52,62.));
#5029 = DIRECTION('',(-0.,1.,0.));
#5030 = DIRECTION('',(1.,0.,0.));
#5031 = ORIENTED_EDGE('',*,*,#5032,.T.);
#5032 = EDGE_CURVE('',#5024,#1901,#5033,.T.);
#5033 = CIRCLE('',#5034,2.2);
#5034 = AXIS2_PLACEMENT_3D('',#5035,#5036,#5037);
#5035 = CARTESIAN_POINT('',(-99.75,139.52,62.));
#5036 = DIRECTION('',(-0.,1.,0.));
#5037 = DIRECTION('',(1.,0.,0.));
#5038 = PLANE('',#5039);
#5039 = AXIS2_PLACEMENT_3D('',#5040,#5041,#5042);
#5040 = CARTESIAN_POINT('',(-99.75,139.52,62.));
#5041 = DIRECTION('',(0.,1.,0.));
#5042 = DIRECTION('',(1.,0.,0.));
#5043 = ADVANCED_FACE('',(#5044),#5071,.F.);
#5044 = FACE_BOUND('',#5045,.F.);
#5045 = EDGE_LOOP('',(#5046,#5047,#5054,#5055,#5064));
#5046 = ORIENTED_EDGE('',*,*,#1868,.T.);
#5047 = ORIENTED_EDGE('',*,*,#5048,.T.);
#5048 = EDGE_CURVE('',#1861,#111,#5049,.T.);
#5049 = CIRCLE('',#5050,2.2);
#5050 = AXIS2_PLACEMENT_3D('',#5051,#5052,#5053);
#5051 = CARTESIAN_POINT('',(-154.25,139.52,62.));
#5052 = DIRECTION('',(-0.,1.,0.));
#5053 = DIRECTION('',(1.,0.,0.));
#5054 = ORIENTED_EDGE('',*,*,#118,.F.);
#5055 = ORIENTED_EDGE('',*,*,#5056,.T.);
#5056 = EDGE_CURVE('',#119,#5057,#5059,.T.);
#5057 = VERTEX_POINT('',#5058);
#5058 = CARTESIAN_POINT('',(-152.05,139.52,62.));
#5059 = CIRCLE('',#5060,2.2);
#5060 = AXIS2_PLACEMENT_3D('',#5061,#5062,#5063);
#5061 = CARTESIAN_POINT('',(-154.25,139.52,62.));
#5062 = DIRECTION('',(-0.,1.,0.));
#5063 = DIRECTION('',(1.,0.,0.));
#5064 = ORIENTED_EDGE('',*,*,#5065,.T.);
#5065 = EDGE_CURVE('',#5057,#1869,#5066,.T.);
#5066 = CIRCLE('',#5067,2.2);
#5067 = AXIS2_PLACEMENT_3D('',#5068,#5069,#5070);
#5068 = CARTESIAN_POINT('',(-154.25,139.52,62.));
#5069 = DIRECTION('',(-0.,1.,0.));
#5070 = DIRECTION('',(1.,0.,0.));
#5071 = PLANE('',#5072);
#5072 = AXIS2_PLACEMENT_3D('',#5073,#5074,#5075);
#5073 = CARTESIAN_POINT('',(-154.25,139.52,62.));
#5074 = DIRECTION('',(0.,1.,0.));
#5075 = DIRECTION('',(1.,0.,0.));
#5076 = ADVANCED_FACE('',(#5077),#5088,.F.);
#5077 = FACE_BOUND('',#5078,.T.);
#5078 = EDGE_LOOP('',(#5079,#5085,#5086,#5087));
#5079 = ORIENTED_EDGE('',*,*,#5080,.F.);
#5080 = EDGE_CURVE('',#2202,#497,#5081,.T.);
#5081 = LINE('',#5082,#5083);
#5082 = CARTESIAN_POINT('',(-178.8,142.,60.25));
#5083 = VECTOR('',#5084,1.);
#5084 = DIRECTION('',(0.,0.,1.));
#5085 = ORIENTED_EDGE('',*,*,#2201,.T.);
#5086 = ORIENTED_EDGE('',*,*,#5080,.T.);
#5087 = ORIENTED_EDGE('',*,*,#496,.F.);
#5088 = CYLINDRICAL_SURFACE('',#5089,2.2);
#5089 = AXIS2_PLACEMENT_3D('',#5090,#5091,#5092);
#5090 = CARTESIAN_POINT('',(-181.,142.,60.25));
#5091 = DIRECTION('',(-0.,-0.,-1.));
#5092 = DIRECTION('',(1.,0.,0.));
#5093 = ADVANCED_FACE('',(#5094),#5105,.F.);
#5094 = FACE_BOUND('',#5095,.T.);
#5095 = EDGE_LOOP('',(#5096,#5102,#5103,#5104));
#5096 = ORIENTED_EDGE('',*,*,#5097,.F.);
#5097 = EDGE_CURVE('',#2213,#508,#5098,.T.);
#5098 = LINE('',#5099,#5100);
#5099 = CARTESIAN_POINT('',(-169.8,143.,60.25));
#5100 = VECTOR('',#5101,1.);
#5101 = DIRECTION('',(0.,0.,1.));
#5102 = ORIENTED_EDGE('',*,*,#2212,.T.);
#5103 = ORIENTED_EDGE('',*,*,#5097,.T.);
#5104 = ORIENTED_EDGE('',*,*,#507,.F.);
#5105 = CYLINDRICAL_SURFACE('',#5106,2.2);
#5106 = AXIS2_PLACEMENT_3D('',#5107,#5108,#5109);
#5107 = CARTESIAN_POINT('',(-172.,143.,60.25));
#5108 = DIRECTION('',(-0.,-0.,-1.));
#5109 = DIRECTION('',(1.,0.,0.));
#5110 = ADVANCED_FACE('',(#5111),#5122,.F.);
#5111 = FACE_BOUND('',#5112,.T.);
#5112 = EDGE_LOOP('',(#5113,#5119,#5120,#5121));
#5113 = ORIENTED_EDGE('',*,*,#5114,.F.);
#5114 = EDGE_CURVE('',#2224,#519,#5115,.T.);
#5115 = LINE('',#5116,#5117);
#5116 = CARTESIAN_POINT('',(-142.8,142.,60.25));
#5117 = VECTOR('',#5118,1.);
#5118 = DIRECTION('',(0.,0.,1.));
#5119 = ORIENTED_EDGE('',*,*,#2223,.T.);
#5120 = ORIENTED_EDGE('',*,*,#5114,.T.);
#5121 = ORIENTED_EDGE('',*,*,#518,.F.);
#5122 = CYLINDRICAL_SURFACE('',#5123,2.2);
#5123 = AXIS2_PLACEMENT_3D('',#5124,#5125,#5126);
#5124 = CARTESIAN_POINT('',(-145.,142.,60.25));
#5125 = DIRECTION('',(-0.,-0.,-1.));
#5126 = DIRECTION('',(1.,0.,0.));
#5127 = ADVANCED_FACE('',(#5128),#5139,.F.);
#5128 = FACE_BOUND('',#5129,.T.);
#5129 = EDGE_LOOP('',(#5130,#5136,#5137,#5138));
#5130 = ORIENTED_EDGE('',*,*,#5131,.F.);
#5131 = EDGE_CURVE('',#2235,#530,#5132,.T.);
#5132 = LINE('',#5133,#5134);
#5133 = CARTESIAN_POINT('',(-169.8,149.,60.25));
#5134 = VECTOR('',#5135,1.);
#5135 = DIRECTION('',(0.,0.,1.));
#5136 = ORIENTED_EDGE('',*,*,#2234,.T.);
#5137 = ORIENTED_EDGE('',*,*,#5131,.T.);
#5138 = ORIENTED_EDGE('',*,*,#529,.F.);
#5139 = CYLINDRICAL_SURFACE('',#5140,2.2);
#5140 = AXIS2_PLACEMENT_3D('',#5141,#5142,#5143);
#5141 = CARTESIAN_POINT('',(-172.,149.,60.25));
#5142 = DIRECTION('',(-0.,-0.,-1.));
#5143 = DIRECTION('',(1.,0.,0.));
#5144 = ADVANCED_FACE('',(#5145),#5156,.F.);
#5145 = FACE_BOUND('',#5146,.T.);
#5146 = EDGE_LOOP('',(#5147,#5153,#5154,#5155));
#5147 = ORIENTED_EDGE('',*,*,#5148,.F.);
#5148 = EDGE_CURVE('',#2246,#541,#5149,.T.);
#5149 = LINE('',#5150,#5151);
#5150 = CARTESIAN_POINT('',(-200.92,152.02,60.25));
#5151 = VECTOR('',#5152,1.);
#5152 = DIRECTION('',(0.,0.,1.));
#5153 = ORIENTED_EDGE('',*,*,#2245,.T.);
#5154 = ORIENTED_EDGE('',*,*,#5148,.T.);
#5155 = ORIENTED_EDGE('',*,*,#540,.F.);
#5156 = CYLINDRICAL_SURFACE('',#5157,2.2);
#5157 = AXIS2_PLACEMENT_3D('',#5158,#5159,#5160);
#5158 = CARTESIAN_POINT('',(-203.12,152.02,60.25));
#5159 = DIRECTION('',(-0.,-0.,-1.));
#5160 = DIRECTION('',(1.,0.,0.));
#5161 = ADVANCED_FACE('',(#5162),#5173,.F.);
#5162 = FACE_BOUND('',#5163,.T.);
#5163 = EDGE_LOOP('',(#5164,#5170,#5171,#5172));
#5164 = ORIENTED_EDGE('',*,*,#5165,.F.);
#5165 = EDGE_CURVE('',#2257,#552,#5166,.T.);
#5166 = LINE('',#5167,#5168);
#5167 = CARTESIAN_POINT('',(-181.92,152.02,60.25));
#5168 = VECTOR('',#5169,1.);
#5169 = DIRECTION('',(0.,0.,1.));
#5170 = ORIENTED_EDGE('',*,*,#2256,.T.);
#5171 = ORIENTED_EDGE('',*,*,#5165,.T.);
#5172 = ORIENTED_EDGE('',*,*,#551,.F.);
#5173 = CYLINDRICAL_SURFACE('',#5174,2.2);
#5174 = AXIS2_PLACEMENT_3D('',#5175,#5176,#5177);
#5175 = CARTESIAN_POINT('',(-184.12,152.02,60.25));
#5176 = DIRECTION('',(-0.,-0.,-1.));
#5177 = DIRECTION('',(1.,0.,0.));
#5178 = ADVANCED_FACE('',(#5179),#5195,.F.);
#5179 = FACE_BOUND('',#5180,.T.);
#5180 = EDGE_LOOP('',(#5181,#5182,#5188,#5189));
#5181 = ORIENTED_EDGE('',*,*,#562,.F.);
#5182 = ORIENTED_EDGE('',*,*,#5183,.T.);
#5183 = EDGE_CURVE('',#563,#2414,#5184,.T.);
#5184 = LINE('',#5185,#5186);
#5185 = CARTESIAN_POINT('',(170.,160.74456264653,60.25));
#5186 = VECTOR('',#5187,1.);
#5187 = DIRECTION('',(-0.,-0.,-1.));
#5188 = ORIENTED_EDGE('',*,*,#2422,.T.);
#5189 = ORIENTED_EDGE('',*,*,#5190,.F.);
#5190 = EDGE_CURVE('',#565,#2268,#5191,.T.);
#5191 = LINE('',#5192,#5193);
#5192 = CARTESIAN_POINT('',(176.24936240444,161.62875318393,60.25));
#5193 = VECTOR('',#5194,1.);
#5194 = DIRECTION('',(-0.,-0.,-1.));
#5195 = CYLINDRICAL_SURFACE('',#5196,7.);
#5196 = AXIS2_PLACEMENT_3D('',#5197,#5198,#5199);
#5197 = CARTESIAN_POINT('',(174.,155.,60.25));
#5198 = DIRECTION('',(-0.,-0.,-1.));
#5199 = DIRECTION('',(1.,0.,0.));
#5200 = ADVANCED_FACE('',(#5201),#5212,.F.);
#5201 = FACE_BOUND('',#5202,.T.);
#5202 = EDGE_LOOP('',(#5203,#5209,#5210,#5211));
#5203 = ORIENTED_EDGE('',*,*,#5204,.T.);
#5204 = EDGE_CURVE('',#709,#2405,#5205,.T.);
#5205 = LINE('',#5206,#5207);
#5206 = CARTESIAN_POINT('',(162.,160.74456264653,60.25));
#5207 = VECTOR('',#5208,1.);
#5208 = DIRECTION('',(-0.,-0.,-1.));
#5209 = ORIENTED_EDGE('',*,*,#2413,.T.);
#5210 = ORIENTED_EDGE('',*,*,#5183,.F.);
#5211 = ORIENTED_EDGE('',*,*,#717,.F.);
#5212 = CYLINDRICAL_SURFACE('',#5213,7.);
#5213 = AXIS2_PLACEMENT_3D('',#5214,#5215,#5216);
#5214 = CARTESIAN_POINT('',(166.,155.,60.25));
#5215 = DIRECTION('',(-0.,-0.,-1.));
#5216 = DIRECTION('',(1.,0.,0.));
#5217 = ADVANCED_FACE('',(#5218),#5229,.F.);
#5218 = FACE_BOUND('',#5219,.T.);
#5219 = EDGE_LOOP('',(#5220,#5226,#5227,#5228));
#5220 = ORIENTED_EDGE('',*,*,#5221,.T.);
#5221 = EDGE_CURVE('',#700,#2396,#5222,.T.);
#5222 = LINE('',#5223,#5224);
#5223 = CARTESIAN_POINT('',(154.,160.74456264653,60.25));
#5224 = VECTOR('',#5225,1.);
#5225 = DIRECTION('',(-0.,-0.,-1.));
#5226 = ORIENTED_EDGE('',*,*,#2404,.T.);
#5227 = ORIENTED_EDGE('',*,*,#5204,.F.);
#5228 = ORIENTED_EDGE('',*,*,#708,.F.);
#5229 = CYLINDRICAL_SURFACE('',#5230,7.);
#5230 = AXIS2_PLACEMENT_3D('',#5231,#5232,#5233);
#5231 = CARTESIAN_POINT('',(158.,155.,60.25));
#5232 = DIRECTION('',(-0.,-0.,-1.));
#5233 = DIRECTION('',(1.,0.,0.));
#5234 = ADVANCED_FACE('',(#5235),#5246,.F.);
#5235 = FACE_BOUND('',#5236,.T.);
#5236 = EDGE_LOOP('',(#5237,#5238,#5244,#5245));
#5237 = ORIENTED_EDGE('',*,*,#699,.F.);
#5238 = ORIENTED_EDGE('',*,*,#5239,.T.);
#5239 = EDGE_CURVE('',#691,#2387,#5240,.T.);
#5240 = LINE('',#5241,#5242);
#5241 = CARTESIAN_POINT('',(154.,149.25543735346,60.25));
#5242 = VECTOR('',#5243,1.);
#5243 = DIRECTION('',(-0.,-0.,-1.));
#5244 = ORIENTED_EDGE('',*,*,#2395,.T.);
#5245 = ORIENTED_EDGE('',*,*,#5221,.F.);
#5246 = CYLINDRICAL_SURFACE('',#5247,7.);
#5247 = AXIS2_PLACEMENT_3D('',#5248,#5249,#5250);
#5248 = CARTESIAN_POINT('',(150.,155.,60.25));
#5249 = DIRECTION('',(-0.,-0.,-1.));
#5250 = DIRECTION('',(1.,0.,0.));
#5251 = ADVANCED_FACE('',(#5252),#5263,.F.);
#5252 = FACE_BOUND('',#5253,.T.);
#5253 = EDGE_LOOP('',(#5254,#5255,#5261,#5262));
#5254 = ORIENTED_EDGE('',*,*,#690,.F.);
#5255 = ORIENTED_EDGE('',*,*,#5256,.T.);
#5256 = EDGE_CURVE('',#682,#2378,#5257,.T.);
#5257 = LINE('',#5258,#5259);
#5258 = CARTESIAN_POINT('',(162.,149.25543735346,60.25));
#5259 = VECTOR('',#5260,1.);
#5260 = DIRECTION('',(-0.,-0.,-1.));
#5261 = ORIENTED_EDGE('',*,*,#2386,.T.);
#5262 = ORIENTED_EDGE('',*,*,#5239,.F.);
#5263 = CYLINDRICAL_SURFACE('',#5264,7.);
#5264 = AXIS2_PLACEMENT_3D('',#5265,#5266,#5267);
#5265 = CARTESIAN_POINT('',(158.,155.,60.25));
#5266 = DIRECTION('',(-0.,-0.,-1.));
#5267 = DIRECTION('',(1.,0.,0.));
#5268 = ADVANCED_FACE('',(#5269),#5280,.F.);
#5269 = FACE_BOUND('',#5270,.T.);
#5270 = EDGE_LOOP('',(#5271,#5272,#5278,#5279));
#5271 = ORIENTED_EDGE('',*,*,#681,.F.);
#5272 = ORIENTED_EDGE('',*,*,#5273,.T.);
#5273 = EDGE_CURVE('',#673,#2369,#5274,.T.);
#5274 = LINE('',#5275,#5276);
#5275 = CARTESIAN_POINT('',(170.,149.25543735346,60.25));
#5276 = VECTOR('',#5277,1.);
#5277 = DIRECTION('',(-0.,-0.,-1.));
#5278 = ORIENTED_EDGE('',*,*,#2377,.T.);
#5279 = ORIENTED_EDGE('',*,*,#5256,.F.);
#5280 = CYLINDRICAL_SURFACE('',#5281,7.);
#5281 = AXIS2_PLACEMENT_3D('',#5282,#5283,#5284);
#5282 = CARTESIAN_POINT('',(166.,155.,60.25));
#5283 = DIRECTION('',(-0.,-0.,-1.));
#5284 = DIRECTION('',(1.,0.,0.));
#5285 = ADVANCED_FACE('',(#5286),#5297,.F.);
#5286 = FACE_BOUND('',#5287,.T.);
#5287 = EDGE_LOOP('',(#5288,#5289,#5295,#5296));
#5288 = ORIENTED_EDGE('',*,*,#672,.F.);
#5289 = ORIENTED_EDGE('',*,*,#5290,.T.);
#5290 = EDGE_CURVE('',#664,#2360,#5291,.T.);
#5291 = LINE('',#5292,#5293);
#5292 = CARTESIAN_POINT('',(178.,149.25543735346,60.25));
#5293 = VECTOR('',#5294,1.);
#5294 = DIRECTION('',(-0.,-0.,-1.));
#5295 = ORIENTED_EDGE('',*,*,#2368,.T.);
#5296 = ORIENTED_EDGE('',*,*,#5273,.F.);
#5297 = CYLINDRICAL_SURFACE('',#5298,7.);
#5298 = AXIS2_PLACEMENT_3D('',#5299,#5300,#5301);
#5299 = CARTESIAN_POINT('',(174.,155.,60.25));
#5300 = DIRECTION('',(-0.,-0.,-1.));
#5301 = DIRECTION('',(1.,0.,0.));
#5302 = ADVANCED_FACE('',(#5303),#5314,.F.);
#5303 = FACE_BOUND('',#5304,.T.);
#5304 = EDGE_LOOP('',(#5305,#5306,#5312,#5313));
#5305 = ORIENTED_EDGE('',*,*,#663,.F.);
#5306 = ORIENTED_EDGE('',*,*,#5307,.T.);
#5307 = EDGE_CURVE('',#655,#2351,#5308,.T.);
#5308 = LINE('',#5309,#5310);
#5309 = CARTESIAN_POINT('',(186.,149.25543735346,60.25));
#5310 = VECTOR('',#5311,1.);
#5311 = DIRECTION('',(-0.,-0.,-1.));
#5312 = ORIENTED_EDGE('',*,*,#2359,.T.);
#5313 = ORIENTED_EDGE('',*,*,#5290,.F.);
#5314 = CYLINDRICAL_SURFACE('',#5315,7.);
#5315 = AXIS2_PLACEMENT_3D('',#5316,#5317,#5318);
#5316 = CARTESIAN_POINT('',(182.,155.,60.25));
#5317 = DIRECTION('',(-0.,-0.,-1.));
#5318 = DIRECTION('',(1.,0.,0.));
#5319 = ADVANCED_FACE('',(#5320),#5331,.F.);
#5320 = FACE_BOUND('',#5321,.T.);
#5321 = EDGE_LOOP('',(#5322,#5323,#5329,#5330));
#5322 = ORIENTED_EDGE('',*,*,#654,.F.);
#5323 = ORIENTED_EDGE('',*,*,#5324,.T.);
#5324 = EDGE_CURVE('',#646,#2342,#5325,.T.);
#5325 = LINE('',#5326,#5327);
#5326 = CARTESIAN_POINT('',(194.,149.25543735346,60.25));
#5327 = VECTOR('',#5328,1.);
#5328 = DIRECTION('',(-0.,-0.,-1.));
#5329 = ORIENTED_EDGE('',*,*,#2350,.T.);
#5330 = ORIENTED_EDGE('',*,*,#5307,.F.);
#5331 = CYLINDRICAL_SURFACE('',#5332,7.);
#5332 = AXIS2_PLACEMENT_3D('',#5333,#5334,#5335);
#5333 = CARTESIAN_POINT('',(190.,155.,60.25));
#5334 = DIRECTION('',(-0.,-0.,-1.));
#5335 = DIRECTION('',(1.,0.,0.));
#5336 = ADVANCED_FACE('',(#5337),#5348,.F.);
#5337 = FACE_BOUND('',#5338,.T.);
#5338 = EDGE_LOOP('',(#5339,#5340,#5346,#5347));
#5339 = ORIENTED_EDGE('',*,*,#645,.F.);
#5340 = ORIENTED_EDGE('',*,*,#5341,.T.);
#5341 = EDGE_CURVE('',#637,#2333,#5342,.T.);
#5342 = LINE('',#5343,#5344);
#5343 = CARTESIAN_POINT('',(202.,149.25543735346,60.25));
#5344 = VECTOR('',#5345,1.);
#5345 = DIRECTION('',(-0.,-0.,-1.));
#5346 = ORIENTED_EDGE('',*,*,#2341,.T.);
#5347 = ORIENTED_EDGE('',*,*,#5324,.F.);
#5348 = CYLINDRICAL_SURFACE('',#5349,7.);
#5349 = AXIS2_PLACEMENT_3D('',#5350,#5351,#5352);
#5350 = CARTESIAN_POINT('',(198.,155.,60.25));
#5351 = DIRECTION('',(-0.,-0.,-1.));
#5352 = DIRECTION('',(1.,0.,0.));
#5353 = ADVANCED_FACE('',(#5354),#5365,.F.);
#5354 = FACE_BOUND('',#5355,.T.);
#5355 = EDGE_LOOP('',(#5356,#5357,#5363,#5364));
#5356 = ORIENTED_EDGE('',*,*,#636,.F.);
#5357 = ORIENTED_EDGE('',*,*,#5358,.T.);
#5358 = EDGE_CURVE('',#628,#2324,#5359,.T.);
#5359 = LINE('',#5360,#5361);
#5360 = CARTESIAN_POINT('',(210.,149.25543735346,60.25));
#5361 = VECTOR('',#5362,1.);
#5362 = DIRECTION('',(-0.,-0.,-1.));
#5363 = ORIENTED_EDGE('',*,*,#2332,.T.);
#5364 = ORIENTED_EDGE('',*,*,#5341,.F.);
#5365 = CYLINDRICAL_SURFACE('',#5366,7.);
#5366 = AXIS2_PLACEMENT_3D('',#5367,#5368,#5369);
#5367 = CARTESIAN_POINT('',(206.,155.,60.25));
#5368 = DIRECTION('',(-0.,-0.,-1.));
#5369 = DIRECTION('',(1.,0.,0.));
#5370 = ADVANCED_FACE('',(#5371),#5387,.F.);
#5371 = FACE_BOUND('',#5372,.T.);
#5372 = EDGE_LOOP('',(#5373,#5379,#5380,#5386));
#5373 = ORIENTED_EDGE('',*,*,#5374,.T.);
#5374 = EDGE_CURVE('',#601,#2297,#5375,.T.);
#5375 = LINE('',#5376,#5377);
#5376 = CARTESIAN_POINT('',(202.,160.74456264653,60.25));
#5377 = VECTOR('',#5378,1.);
#5378 = DIRECTION('',(-0.,-0.,-1.));
#5379 = ORIENTED_EDGE('',*,*,#2305,.T.);
#5380 = ORIENTED_EDGE('',*,*,#5381,.F.);
#5381 = EDGE_CURVE('',#610,#2306,#5382,.T.);
#5382 = LINE('',#5383,#5384);
#5383 = CARTESIAN_POINT('',(210.,160.74456264653,60.25));
#5384 = VECTOR('',#5385,1.);
#5385 = DIRECTION('',(-0.,-0.,-1.));
#5386 = ORIENTED_EDGE('',*,*,#609,.F.);
#5387 = CYLINDRICAL_SURFACE('',#5388,7.);
#5388 = AXIS2_PLACEMENT_3D('',#5389,#5390,#5391);
#5389 = CARTESIAN_POINT('',(206.,155.,60.25));
#5390 = DIRECTION('',(-0.,-0.,-1.));
#5391 = DIRECTION('',(1.,0.,0.));
#5392 = ADVANCED_FACE('',(#5393),#5404,.F.);
#5393 = FACE_BOUND('',#5394,.T.);
#5394 = EDGE_LOOP('',(#5395,#5401,#5402,#5403));
#5395 = ORIENTED_EDGE('',*,*,#5396,.T.);
#5396 = EDGE_CURVE('',#592,#2288,#5397,.T.);
#5397 = LINE('',#5398,#5399);
#5398 = CARTESIAN_POINT('',(194.,160.74456264653,60.25));
#5399 = VECTOR('',#5400,1.);
#5400 = DIRECTION('',(-0.,-0.,-1.));
#5401 = ORIENTED_EDGE('',*,*,#2296,.T.);
#5402 = ORIENTED_EDGE('',*,*,#5374,.F.);
#5403 = ORIENTED_EDGE('',*,*,#600,.F.);
#5404 = CYLINDRICAL_SURFACE('',#5405,7.);
#5405 = AXIS2_PLACEMENT_3D('',#5406,#5407,#5408);
#5406 = CARTESIAN_POINT('',(198.,155.,60.25));
#5407 = DIRECTION('',(-0.,-0.,-1.));
#5408 = DIRECTION('',(1.,0.,0.));
#5409 = ADVANCED_FACE('',(#5410),#5421,.F.);
#5410 = FACE_BOUND('',#5411,.T.);
#5411 = EDGE_LOOP('',(#5412,#5418,#5419,#5420));
#5412 = ORIENTED_EDGE('',*,*,#5413,.T.);
#5413 = EDGE_CURVE('',#583,#2279,#5414,.T.);
#5414 = LINE('',#5415,#5416);
#5415 = CARTESIAN_POINT('',(186.,160.74456264653,60.25));
#5416 = VECTOR('',#5417,1.);
#5417 = DIRECTION('',(-0.,-0.,-1.));
#5418 = ORIENTED_EDGE('',*,*,#2287,.T.);
#5419 = ORIENTED_EDGE('',*,*,#5396,.F.);
#5420 = ORIENTED_EDGE('',*,*,#591,.F.);
#5421 = CYLINDRICAL_SURFACE('',#5422,7.);
#5422 = AXIS2_PLACEMENT_3D('',#5423,#5424,#5425);
#5423 = CARTESIAN_POINT('',(190.,155.,60.25));
#5424 = DIRECTION('',(-0.,-0.,-1.));
#5425 = DIRECTION('',(1.,0.,0.));
#5426 = ADVANCED_FACE('',(#5427),#5438,.F.);
#5427 = FACE_BOUND('',#5428,.T.);
#5428 = EDGE_LOOP('',(#5429,#5435,#5436,#5437));
#5429 = ORIENTED_EDGE('',*,*,#5430,.T.);
#5430 = EDGE_CURVE('',#574,#2270,#5431,.T.);
#5431 = LINE('',#5432,#5433);
#5432 = CARTESIAN_POINT('',(179.38419826198,161.49288697479,60.25));
#5433 = VECTOR('',#5434,1.);
#5434 = DIRECTION('',(-0.,-0.,-1.));
#5435 = ORIENTED_EDGE('',*,*,#2278,.T.);
#5436 = ORIENTED_EDGE('',*,*,#5413,.F.);
#5437 = ORIENTED_EDGE('',*,*,#582,.F.);
#5438 = CYLINDRICAL_SURFACE('',#5439,7.);
#5439 = AXIS2_PLACEMENT_3D('',#5440,#5441,#5442);
#5440 = CARTESIAN_POINT('',(182.,155.,60.25));
#5441 = DIRECTION('',(-0.,-0.,-1.));
#5442 = DIRECTION('',(1.,0.,0.));
#5443 = ADVANCED_FACE('',(#5444),#5450,.F.);
#5444 = FACE_BOUND('',#5445,.T.);
#5445 = EDGE_LOOP('',(#5446,#5447,#5448,#5449));
#5446 = ORIENTED_EDGE('',*,*,#5190,.T.);
#5447 = ORIENTED_EDGE('',*,*,#2267,.T.);
#5448 = ORIENTED_EDGE('',*,*,#5430,.F.);
#5449 = ORIENTED_EDGE('',*,*,#573,.F.);
#5450 = CYLINDRICAL_SURFACE('',#5451,2.2);
#5451 = AXIS2_PLACEMENT_3D('',#5452,#5453,#5454);
#5452 = CARTESIAN_POINT('',(177.75,160.02,60.25));
#5453 = DIRECTION('',(-0.,-0.,-1.));
#5454 = DIRECTION('',(1.,0.,0.));
#5455 = ADVANCED_FACE('',(#5456),#5467,.F.);
#5456 = FACE_BOUND('',#5457,.T.);
#5457 = EDGE_LOOP('',(#5458,#5464,#5465,#5466));
#5458 = ORIENTED_EDGE('',*,*,#5459,.F.);
#5459 = EDGE_CURVE('',#2432,#727,#5460,.T.);
#5460 = LINE('',#5461,#5462);
#5461 = CARTESIAN_POINT('',(-204.05,160.02,60.25));
#5462 = VECTOR('',#5463,1.);
#5463 = DIRECTION('',(0.,0.,1.));
#5464 = ORIENTED_EDGE('',*,*,#2431,.T.);
#5465 = ORIENTED_EDGE('',*,*,#5459,.T.);
#5466 = ORIENTED_EDGE('',*,*,#726,.F.);
#5467 = CYLINDRICAL_SURFACE('',#5468,2.2);
#5468 = AXIS2_PLACEMENT_3D('',#5469,#5470,#5471);
#5469 = CARTESIAN_POINT('',(-206.25,160.02,60.25));
#5470 = DIRECTION('',(-0.,-0.,-1.));
#5471 = DIRECTION('',(1.,0.,0.));
#5472 = ADVANCED_FACE('',(#5473),#5484,.F.);
#5473 = FACE_BOUND('',#5474,.T.);
#5474 = EDGE_LOOP('',(#5475,#5481,#5482,#5483));
#5475 = ORIENTED_EDGE('',*,*,#5476,.F.);
#5476 = EDGE_CURVE('',#2443,#738,#5477,.T.);
#5477 = LINE('',#5478,#5479);
#5478 = CARTESIAN_POINT('',(-156.05,160.02,60.25));
#5479 = VECTOR('',#5480,1.);
#5480 = DIRECTION('',(0.,0.,1.));
#5481 = ORIENTED_EDGE('',*,*,#2442,.T.);
#5482 = ORIENTED_EDGE('',*,*,#5476,.T.);
#5483 = ORIENTED_EDGE('',*,*,#737,.F.);
#5484 = CYLINDRICAL_SURFACE('',#5485,2.2);
#5485 = AXIS2_PLACEMENT_3D('',#5486,#5487,#5488);
#5486 = CARTESIAN_POINT('',(-158.25,160.02,60.25));
#5487 = DIRECTION('',(-0.,-0.,-1.));
#5488 = DIRECTION('',(1.,0.,0.));
#5489 = ADVANCED_FACE('',(#5490),#5501,.F.);
#5490 = FACE_BOUND('',#5491,.T.);
#5491 = EDGE_LOOP('',(#5492,#5498,#5499,#5500));
#5492 = ORIENTED_EDGE('',*,*,#5493,.F.);
#5493 = EDGE_CURVE('',#2454,#749,#5494,.T.);
#5494 = LINE('',#5495,#5496);
#5495 = CARTESIAN_POINT('',(-147.8,160.02,60.25));
#5496 = VECTOR('',#5497,1.);
#5497 = DIRECTION('',(0.,0.,1.));
#5498 = ORIENTED_EDGE('',*,*,#2453,.T.);
#5499 = ORIENTED_EDGE('',*,*,#5493,.T.);
#5500 = ORIENTED_EDGE('',*,*,#748,.F.);
#5501 = CYLINDRICAL_SURFACE('',#5502,2.2);
#5502 = AXIS2_PLACEMENT_3D('',#5503,#5504,#5505);
#5503 = CARTESIAN_POINT('',(-150.,160.02,60.25));
#5504 = DIRECTION('',(-0.,-0.,-1.));
#5505 = DIRECTION('',(1.,0.,0.));
#5506 = ADVANCED_FACE('',(#5507),#5518,.F.);
#5507 = FACE_BOUND('',#5508,.T.);
#5508 = EDGE_LOOP('',(#5509,#5515,#5516,#5517));
#5509 = ORIENTED_EDGE('',*,*,#5510,.F.);
#5510 = EDGE_CURVE('',#2465,#760,#5511,.T.);
#5511 = LINE('',#5512,#5513);
#5512 = CARTESIAN_POINT('',(-108.05,160.02,60.25));
#5513 = VECTOR('',#5514,1.);
#5514 = DIRECTION('',(0.,0.,1.));
#5515 = ORIENTED_EDGE('',*,*,#2464,.T.);
#5516 = ORIENTED_EDGE('',*,*,#5510,.T.);
#5517 = ORIENTED_EDGE('',*,*,#759,.F.);
#5518 = CYLINDRICAL_SURFACE('',#5519,2.2);
#5519 = AXIS2_PLACEMENT_3D('',#5520,#5521,#5522);
#5520 = CARTESIAN_POINT('',(-110.25,160.02,60.25));
#5521 = DIRECTION('',(-0.,-0.,-1.));
#5522 = DIRECTION('',(1.,0.,0.));
#5523 = ADVANCED_FACE('',(#5524),#5540,.F.);
#5524 = FACE_BOUND('',#5525,.T.);
#5525 = EDGE_LOOP('',(#5526,#5527,#5533,#5534));
#5526 = ORIENTED_EDGE('',*,*,#790,.F.);
#5527 = ORIENTED_EDGE('',*,*,#5528,.T.);
#5528 = EDGE_CURVE('',#782,#2478,#5529,.T.);
#5529 = LINE('',#5530,#5531);
#5530 = CARTESIAN_POINT('',(-61.125,158.12939824394,60.25));
#5531 = VECTOR('',#5532,1.);
#5532 = DIRECTION('',(-0.,-0.,-1.));
#5533 = ORIENTED_EDGE('',*,*,#2486,.T.);
#5534 = ORIENTED_EDGE('',*,*,#5535,.F.);
#5535 = EDGE_CURVE('',#771,#2487,#5536,.T.);
#5536 = LINE('',#5537,#5538);
#5537 = CARTESIAN_POINT('',(-61.125,161.91060175605,60.25));
#5538 = VECTOR('',#5539,1.);
#5539 = DIRECTION('',(-0.,-0.,-1.));
#5540 = CYLINDRICAL_SURFACE('',#5541,2.2);
#5541 = AXIS2_PLACEMENT_3D('',#5542,#5543,#5544);
#5542 = CARTESIAN_POINT('',(-62.25,160.02,60.25));
#5543 = DIRECTION('',(-0.,-0.,-1.));
#5544 = DIRECTION('',(1.,0.,0.));
#5545 = ADVANCED_FACE('',(#5546),#5557,.F.);
#5546 = FACE_BOUND('',#5547,.T.);
#5547 = EDGE_LOOP('',(#5548,#5554,#5555,#5556));
#5548 = ORIENTED_EDGE('',*,*,#5549,.F.);
#5549 = EDGE_CURVE('',#2505,#800,#5550,.T.);
#5550 = LINE('',#5551,#5552);
#5551 = CARTESIAN_POINT('',(-12.05,160.02,60.25));
#5552 = VECTOR('',#5553,1.);
#5553 = DIRECTION('',(0.,0.,1.));
#5554 = ORIENTED_EDGE('',*,*,#2504,.T.);
#5555 = ORIENTED_EDGE('',*,*,#5549,.T.);
#5556 = ORIENTED_EDGE('',*,*,#799,.F.);
#5557 = CYLINDRICAL_SURFACE('',#5558,2.2);
#5558 = AXIS2_PLACEMENT_3D('',#5559,#5560,#5561);
#5559 = CARTESIAN_POINT('',(-14.25,160.02,60.25));
#5560 = DIRECTION('',(-0.,-0.,-1.));
#5561 = DIRECTION('',(1.,0.,0.));
#5562 = ADVANCED_FACE('',(#5563),#5574,.F.);
#5563 = FACE_BOUND('',#5564,.T.);
#5564 = EDGE_LOOP('',(#5565,#5571,#5572,#5573));
#5565 = ORIENTED_EDGE('',*,*,#5566,.F.);
#5566 = EDGE_CURVE('',#2516,#811,#5567,.T.);
#5567 = LINE('',#5568,#5569);
#5568 = CARTESIAN_POINT('',(-169.8,176.,60.25));
#5569 = VECTOR('',#5570,1.);
#5570 = DIRECTION('',(0.,0.,1.));
#5571 = ORIENTED_EDGE('',*,*,#2515,.T.);
#5572 = ORIENTED_EDGE('',*,*,#5566,.T.);
#5573 = ORIENTED_EDGE('',*,*,#810,.F.);
#5574 = CYLINDRICAL_SURFACE('',#5575,2.2);
#5575 = AXIS2_PLACEMENT_3D('',#5576,#5577,#5578);
#5576 = CARTESIAN_POINT('',(-172.,176.,60.25));
#5577 = DIRECTION('',(-0.,-0.,-1.));
#5578 = DIRECTION('',(1.,0.,0.));
#5579 = ADVANCED_FACE('',(#5580),#5591,.F.);
#5580 = FACE_BOUND('',#5581,.T.);
#5581 = EDGE_LOOP('',(#5582,#5588,#5589,#5590));
#5582 = ORIENTED_EDGE('',*,*,#5583,.F.);
#5583 = EDGE_CURVE('',#2527,#822,#5584,.T.);
#5584 = LINE('',#5585,#5586);
#5585 = CARTESIAN_POINT('',(-178.8,178.,60.25));
#5586 = VECTOR('',#5587,1.);
#5587 = DIRECTION('',(0.,0.,1.));
#5588 = ORIENTED_EDGE('',*,*,#2526,.T.);
#5589 = ORIENTED_EDGE('',*,*,#5583,.T.);
#5590 = ORIENTED_EDGE('',*,*,#821,.F.);
#5591 = CYLINDRICAL_SURFACE('',#5592,2.2);
#5592 = AXIS2_PLACEMENT_3D('',#5593,#5594,#5595);
#5593 = CARTESIAN_POINT('',(-181.,178.,60.25));
#5594 = DIRECTION('',(-0.,-0.,-1.));
#5595 = DIRECTION('',(1.,0.,0.));
#5596 = ADVANCED_FACE('',(#5597),#5608,.F.);
#5597 = FACE_BOUND('',#5598,.T.);
#5598 = EDGE_LOOP('',(#5599,#5605,#5606,#5607));
#5599 = ORIENTED_EDGE('',*,*,#5600,.F.);
#5600 = EDGE_CURVE('',#2538,#833,#5601,.T.);
#5601 = LINE('',#5602,#5603);
#5602 = CARTESIAN_POINT('',(-142.8,178.,60.25));
#5603 = VECTOR('',#5604,1.);
#5604 = DIRECTION('',(0.,0.,1.));
#5605 = ORIENTED_EDGE('',*,*,#2537,.T.);
#5606 = ORIENTED_EDGE('',*,*,#5600,.T.);
#5607 = ORIENTED_EDGE('',*,*,#832,.F.);
#5608 = CYLINDRICAL_SURFACE('',#5609,2.2);
#5609 = AXIS2_PLACEMENT_3D('',#5610,#5611,#5612);
#5610 = CARTESIAN_POINT('',(-145.,178.,60.25));
#5611 = DIRECTION('',(-0.,-0.,-1.));
#5612 = DIRECTION('',(1.,0.,0.));
#5613 = ADVANCED_FACE('',(#5614),#5630,.F.);
#5614 = FACE_BOUND('',#5615,.T.);
#5615 = EDGE_LOOP('',(#5616,#5617,#5623,#5624));
#5616 = ORIENTED_EDGE('',*,*,#843,.F.);
#5617 = ORIENTED_EDGE('',*,*,#5618,.T.);
#5618 = EDGE_CURVE('',#844,#2560,#5619,.T.);
#5619 = LINE('',#5620,#5621);
#5620 = CARTESIAN_POINT('',(31.875,158.86918507135,60.25));
#5621 = VECTOR('',#5622,1.);
#5622 = DIRECTION('',(-0.,-0.,-1.));
#5623 = ORIENTED_EDGE('',*,*,#2568,.T.);
#5624 = ORIENTED_EDGE('',*,*,#5625,.F.);
#5625 = EDGE_CURVE('',#846,#2549,#5626,.T.);
#5626 = LINE('',#5627,#5628);
#5627 = CARTESIAN_POINT('',(31.875,161.17081492864,60.25));
#5628 = VECTOR('',#5629,1.);
#5629 = DIRECTION('',(-0.,-0.,-1.));
#5630 = CYLINDRICAL_SURFACE('',#5631,2.2);
#5631 = AXIS2_PLACEMENT_3D('',#5632,#5633,#5634);
#5632 = CARTESIAN_POINT('',(30.,160.02,60.25));
#5633 = DIRECTION('',(-0.,-0.,-1.));
#5634 = DIRECTION('',(1.,0.,0.));
#5635 = ADVANCED_FACE('',(#5636),#5647,.F.);
#5636 = FACE_BOUND('',#5637,.T.);
#5637 = EDGE_LOOP('',(#5638,#5644,#5645,#5646));
#5638 = ORIENTED_EDGE('',*,*,#5639,.F.);
#5639 = EDGE_CURVE('',#2578,#873,#5640,.T.);
#5640 = LINE('',#5641,#5642);
#5641 = CARTESIAN_POINT('',(83.95,160.02,60.25));
#5642 = VECTOR('',#5643,1.);
#5643 = DIRECTION('',(0.,0.,1.));
#5644 = ORIENTED_EDGE('',*,*,#2577,.T.);
#5645 = ORIENTED_EDGE('',*,*,#5639,.T.);
#5646 = ORIENTED_EDGE('',*,*,#872,.F.);
#5647 = CYLINDRICAL_SURFACE('',#5648,2.2);
#5648 = AXIS2_PLACEMENT_3D('',#5649,#5650,#5651);
#5649 = CARTESIAN_POINT('',(81.75,160.02,60.25));
#5650 = DIRECTION('',(-0.,-0.,-1.));
#5651 = DIRECTION('',(1.,0.,0.));
#5652 = ADVANCED_FACE('',(#5653),#5664,.F.);
#5653 = FACE_BOUND('',#5654,.T.);
#5654 = EDGE_LOOP('',(#5655,#5661,#5662,#5663));
#5655 = ORIENTED_EDGE('',*,*,#5656,.F.);
#5656 = EDGE_CURVE('',#2589,#884,#5657,.T.);
#5657 = LINE('',#5658,#5659);
#5658 = CARTESIAN_POINT('',(112.2,160.02,60.25));
#5659 = VECTOR('',#5660,1.);
#5660 = DIRECTION('',(0.,0.,1.));
#5661 = ORIENTED_EDGE('',*,*,#2588,.T.);
#5662 = ORIENTED_EDGE('',*,*,#5656,.T.);
#5663 = ORIENTED_EDGE('',*,*,#883,.F.);
#5664 = CYLINDRICAL_SURFACE('',#5665,2.2);
#5665 = AXIS2_PLACEMENT_3D('',#5666,#5667,#5668);
#5666 = CARTESIAN_POINT('',(110.,160.02,60.25));
#5667 = DIRECTION('',(-0.,-0.,-1.));
#5668 = DIRECTION('',(1.,0.,0.));
#5669 = ADVANCED_FACE('',(#5670),#5681,.F.);
#5670 = FACE_BOUND('',#5671,.T.);
#5671 = EDGE_LOOP('',(#5672,#5678,#5679,#5680));
#5672 = ORIENTED_EDGE('',*,*,#5673,.F.);
#5673 = EDGE_CURVE('',#2600,#895,#5674,.T.);
#5674 = LINE('',#5675,#5676);
#5675 = CARTESIAN_POINT('',(131.95,160.02,60.25));
#5676 = VECTOR('',#5677,1.);
#5677 = DIRECTION('',(0.,0.,1.));
#5678 = ORIENTED_EDGE('',*,*,#2599,.T.);
#5679 = ORIENTED_EDGE('',*,*,#5673,.T.);
#5680 = ORIENTED_EDGE('',*,*,#894,.F.);
#5681 = CYLINDRICAL_SURFACE('',#5682,2.2);
#5682 = AXIS2_PLACEMENT_3D('',#5683,#5684,#5685);
#5683 = CARTESIAN_POINT('',(129.75,160.02,60.25));
#5684 = DIRECTION('',(-0.,-0.,-1.));
#5685 = DIRECTION('',(1.,0.,0.));
#5686 = ADVANCED_FACE('',(#5687),#5698,.F.);
#5687 = FACE_BOUND('',#5688,.T.);
#5688 = EDGE_LOOP('',(#5689,#5695,#5696,#5697));
#5689 = ORIENTED_EDGE('',*,*,#5690,.F.);
#5690 = EDGE_CURVE('',#2611,#906,#5691,.T.);
#5691 = LINE('',#5692,#5693);
#5692 = CARTESIAN_POINT('',(190.32,176.02,60.25));
#5693 = VECTOR('',#5694,1.);
#5694 = DIRECTION('',(0.,0.,1.));
#5695 = ORIENTED_EDGE('',*,*,#2610,.T.);
#5696 = ORIENTED_EDGE('',*,*,#5690,.T.);
#5697 = ORIENTED_EDGE('',*,*,#905,.F.);
#5698 = CYLINDRICAL_SURFACE('',#5699,2.2);
#5699 = AXIS2_PLACEMENT_3D('',#5700,#5701,#5702);
#5700 = CARTESIAN_POINT('',(188.12,176.02,60.25));
#5701 = DIRECTION('',(-0.,-0.,-1.));
#5702 = DIRECTION('',(1.,0.,0.));
#5703 = ADVANCED_FACE('',(#5704),#5715,.F.);
#5704 = FACE_BOUND('',#5705,.T.);
#5705 = EDGE_LOOP('',(#5706,#5712,#5713,#5714));
#5706 = ORIENTED_EDGE('',*,*,#5707,.F.);
#5707 = EDGE_CURVE('',#2622,#917,#5708,.T.);
#5708 = LINE('',#5709,#5710);
#5709 = CARTESIAN_POINT('',(210.32,176.02,60.25));
#5710 = VECTOR('',#5711,1.);
#5711 = DIRECTION('',(0.,0.,1.));
#5712 = ORIENTED_EDGE('',*,*,#2621,.T.);
#5713 = ORIENTED_EDGE('',*,*,#5707,.T.);
#5714 = ORIENTED_EDGE('',*,*,#916,.F.);
#5715 = CYLINDRICAL_SURFACE('',#5716,2.2);
#5716 = AXIS2_PLACEMENT_3D('',#5717,#5718,#5719);
#5717 = CARTESIAN_POINT('',(208.12,176.02,60.25));
#5718 = DIRECTION('',(-0.,-0.,-1.));
#5719 = DIRECTION('',(1.,0.,0.));
#5720 = ADVANCED_FACE('',(#5721),#5748,.T.);
#5721 = FACE_BOUND('',#5722,.T.);
#5722 = EDGE_LOOP('',(#5723,#5724,#5733,#5740,#5741));
#5723 = ORIENTED_EDGE('',*,*,#1425,.T.);
#5724 = ORIENTED_EDGE('',*,*,#5725,.T.);
#5725 = EDGE_CURVE('',#1426,#5726,#5728,.T.);
#5726 = VERTEX_POINT('',#5727);
#5727 = CARTESIAN_POINT('',(-169.8,182.,60.25));
#5728 = CIRCLE('',#5729,2.2);
#5729 = AXIS2_PLACEMENT_3D('',#5730,#5731,#5732);
#5730 = CARTESIAN_POINT('',(-172.,182.,60.25));
#5731 = DIRECTION('',(0.,0.,1.));
#5732 = DIRECTION('',(1.,0.,0.));
#5733 = ORIENTED_EDGE('',*,*,#5734,.T.);
#5734 = EDGE_CURVE('',#5726,#958,#5735,.T.);
#5735 = CIRCLE('',#5736,2.2);
#5736 = AXIS2_PLACEMENT_3D('',#5737,#5738,#5739);
#5737 = CARTESIAN_POINT('',(-172.,182.,60.25));
#5738 = DIRECTION('',(0.,0.,1.));
#5739 = DIRECTION('',(1.,0.,0.));
#5740 = ORIENTED_EDGE('',*,*,#957,.F.);
#5741 = ORIENTED_EDGE('',*,*,#5742,.T.);
#5742 = EDGE_CURVE('',#950,#1418,#5743,.T.);
#5743 = CIRCLE('',#5744,2.2);
#5744 = AXIS2_PLACEMENT_3D('',#5745,#5746,#5747);
#5745 = CARTESIAN_POINT('',(-172.,182.,60.25));
#5746 = DIRECTION('',(0.,0.,1.));
#5747 = DIRECTION('',(1.,0.,0.));
#5748 = PLANE('',#5749);
#5749 = AXIS2_PLACEMENT_3D('',#5750,#5751,#5752);
#5750 = CARTESIAN_POINT('',(-172.,182.,60.25));
#5751 = DIRECTION('',(0.,0.,1.));
#5752 = DIRECTION('',(1.,0.,0.));
#5753 = ADVANCED_FACE('',(#5754),#5765,.F.);
#5754 = FACE_BOUND('',#5755,.T.);
#5755 = EDGE_LOOP('',(#5756,#5762,#5763,#5764));
#5756 = ORIENTED_EDGE('',*,*,#5757,.F.);
#5757 = EDGE_CURVE('',#1493,#1010,#5758,.T.);
#5758 = LINE('',#5759,#5760);
#5759 = CARTESIAN_POINT('',(-204.05,180.52,27.75));
#5760 = VECTOR('',#5761,1.);
#5761 = DIRECTION('',(0.,1.,0.));
#5762 = ORIENTED_EDGE('',*,*,#1492,.T.);
#5763 = ORIENTED_EDGE('',*,*,#5757,.T.);
#5764 = ORIENTED_EDGE('',*,*,#1009,.F.);
#5765 = CYLINDRICAL_SURFACE('',#5766,2.2);
#5766 = AXIS2_PLACEMENT_3D('',#5767,#5768,#5769);
#5767 = CARTESIAN_POINT('',(-206.25,180.52,27.75));
#5768 = DIRECTION('',(-0.,-1.,0.));
#5769 = DIRECTION('',(1.,0.,0.));
#5770 = ADVANCED_FACE('',(#5771),#5782,.F.);
#5771 = FACE_BOUND('',#5772,.T.);
#5772 = EDGE_LOOP('',(#5773,#5779,#5780,#5781));
#5773 = ORIENTED_EDGE('',*,*,#5774,.F.);
#5774 = EDGE_CURVE('',#1504,#1021,#5775,.T.);
#5775 = LINE('',#5776,#5777);
#5776 = CARTESIAN_POINT('',(-156.05,180.52,27.75));
#5777 = VECTOR('',#5778,1.);
#5778 = DIRECTION('',(0.,1.,0.));
#5779 = ORIENTED_EDGE('',*,*,#1503,.T.);
#5780 = ORIENTED_EDGE('',*,*,#5774,.T.);
#5781 = ORIENTED_EDGE('',*,*,#1020,.F.);
#5782 = CYLINDRICAL_SURFACE('',#5783,2.2);
#5783 = AXIS2_PLACEMENT_3D('',#5784,#5785,#5786);
#5784 = CARTESIAN_POINT('',(-158.25,180.52,27.75));
#5785 = DIRECTION('',(-0.,-1.,0.));
#5786 = DIRECTION('',(1.,0.,0.));
#5787 = ADVANCED_FACE('',(#5788),#5799,.F.);
#5788 = FACE_BOUND('',#5789,.T.);
#5789 = EDGE_LOOP('',(#5790,#5796,#5797,#5798));
#5790 = ORIENTED_EDGE('',*,*,#5791,.F.);
#5791 = EDGE_CURVE('',#1515,#1032,#5792,.T.);
#5792 = LINE('',#5793,#5794);
#5793 = CARTESIAN_POINT('',(-108.05,180.52,27.75));
#5794 = VECTOR('',#5795,1.);
#5795 = DIRECTION('',(0.,1.,0.));
#5796 = ORIENTED_EDGE('',*,*,#1514,.T.);
#5797 = ORIENTED_EDGE('',*,*,#5791,.T.);
#5798 = ORIENTED_EDGE('',*,*,#1031,.F.);
#5799 = CYLINDRICAL_SURFACE('',#5800,2.2);
#5800 = AXIS2_PLACEMENT_3D('',#5801,#5802,#5803);
#5801 = CARTESIAN_POINT('',(-110.25,180.52,27.75));
#5802 = DIRECTION('',(-0.,-1.,0.));
#5803 = DIRECTION('',(1.,0.,0.));
#5804 = ADVANCED_FACE('',(#5805),#5816,.F.);
#5805 = FACE_BOUND('',#5806,.T.);
#5806 = EDGE_LOOP('',(#5807,#5813,#5814,#5815));
#5807 = ORIENTED_EDGE('',*,*,#5808,.F.);
#5808 = EDGE_CURVE('',#1526,#1043,#5809,.T.);
#5809 = LINE('',#5810,#5811);
#5810 = CARTESIAN_POINT('',(-132.75,180.52,39.));
#5811 = VECTOR('',#5812,1.);
#5812 = DIRECTION('',(0.,1.,0.));
#5813 = ORIENTED_EDGE('',*,*,#1525,.T.);
#5814 = ORIENTED_EDGE('',*,*,#5808,.T.);
#5815 = ORIENTED_EDGE('',*,*,#1042,.F.);
#5816 = CYLINDRICAL_SURFACE('',#5817,3.25);
#5817 = AXIS2_PLACEMENT_3D('',#5818,#5819,#5820);
#5818 = CARTESIAN_POINT('',(-136.,180.52,39.));
#5819 = DIRECTION('',(-0.,-1.,0.));
#5820 = DIRECTION('',(1.,0.,0.));
#5821 = ADVANCED_FACE('',(#5822),#5833,.F.);
#5822 = FACE_BOUND('',#5823,.T.);
#5823 = EDGE_LOOP('',(#5824,#5830,#5831,#5832));
#5824 = ORIENTED_EDGE('',*,*,#5825,.F.);
#5825 = EDGE_CURVE('',#1537,#1054,#5826,.T.);
#5826 = LINE('',#5827,#5828);
#5827 = CARTESIAN_POINT('',(-114.75,180.52,39.));
#5828 = VECTOR('',#5829,1.);
#5829 = DIRECTION('',(0.,1.,0.));
#5830 = ORIENTED_EDGE('',*,*,#1536,.T.);
#5831 = ORIENTED_EDGE('',*,*,#5825,.T.);
#5832 = ORIENTED_EDGE('',*,*,#1053,.F.);
#5833 = CYLINDRICAL_SURFACE('',#5834,3.25);
#5834 = AXIS2_PLACEMENT_3D('',#5835,#5836,#5837);
#5835 = CARTESIAN_POINT('',(-118.,180.52,39.));
#5836 = DIRECTION('',(-0.,-1.,0.));
#5837 = DIRECTION('',(1.,0.,0.));
#5838 = ADVANCED_FACE('',(#5839),#5850,.F.);
#5839 = FACE_BOUND('',#5840,.T.);
#5840 = EDGE_LOOP('',(#5841,#5847,#5848,#5849));
#5841 = ORIENTED_EDGE('',*,*,#5842,.F.);
#5842 = EDGE_CURVE('',#1548,#1065,#5843,.T.);
#5843 = LINE('',#5844,#5845);
#5844 = CARTESIAN_POINT('',(-60.05,180.52,27.75));
#5845 = VECTOR('',#5846,1.);
#5846 = DIRECTION('',(0.,1.,0.));
#5847 = ORIENTED_EDGE('',*,*,#1547,.T.);
#5848 = ORIENTED_EDGE('',*,*,#5842,.T.);
#5849 = ORIENTED_EDGE('',*,*,#1064,.F.);
#5850 = CYLINDRICAL_SURFACE('',#5851,2.2);
#5851 = AXIS2_PLACEMENT_3D('',#5852,#5853,#5854);
#5852 = CARTESIAN_POINT('',(-62.25,180.52,27.75));
#5853 = DIRECTION('',(-0.,-1.,0.));
#5854 = DIRECTION('',(1.,0.,0.));
#5855 = ADVANCED_FACE('',(#5856),#5867,.F.);
#5856 = FACE_BOUND('',#5857,.T.);
#5857 = EDGE_LOOP('',(#5858,#5864,#5865,#5866));
#5858 = ORIENTED_EDGE('',*,*,#5859,.F.);
#5859 = EDGE_CURVE('',#1559,#1076,#5860,.T.);
#5860 = LINE('',#5861,#5862);
#5861 = CARTESIAN_POINT('',(-22.8,180.52,25.75));
#5862 = VECTOR('',#5863,1.);
#5863 = DIRECTION('',(0.,1.,0.));
#5864 = ORIENTED_EDGE('',*,*,#1558,.T.);
#5865 = ORIENTED_EDGE('',*,*,#5859,.T.);
#5866 = ORIENTED_EDGE('',*,*,#1075,.F.);
#5867 = CYLINDRICAL_SURFACE('',#5868,2.2);
#5868 = AXIS2_PLACEMENT_3D('',#5869,#5870,#5871);
#5869 = CARTESIAN_POINT('',(-25.,180.52,25.75));
#5870 = DIRECTION('',(-0.,-1.,0.));
#5871 = DIRECTION('',(1.,0.,0.));
#5872 = ADVANCED_FACE('',(#5873),#5884,.F.);
#5873 = FACE_BOUND('',#5874,.T.);
#5874 = EDGE_LOOP('',(#5875,#5881,#5882,#5883));
#5875 = ORIENTED_EDGE('',*,*,#5876,.F.);
#5876 = EDGE_CURVE('',#1570,#1087,#5877,.T.);
#5877 = LINE('',#5878,#5879);
#5878 = CARTESIAN_POINT('',(-12.05,180.52,27.75));
#5879 = VECTOR('',#5880,1.);
#5880 = DIRECTION('',(0.,1.,0.));
#5881 = ORIENTED_EDGE('',*,*,#1569,.T.);
#5882 = ORIENTED_EDGE('',*,*,#5876,.T.);
#5883 = ORIENTED_EDGE('',*,*,#1086,.F.);
#5884 = CYLINDRICAL_SURFACE('',#5885,2.2);
#5885 = AXIS2_PLACEMENT_3D('',#5886,#5887,#5888);
#5886 = CARTESIAN_POINT('',(-14.25,180.52,27.75));
#5887 = DIRECTION('',(-0.,-1.,0.));
#5888 = DIRECTION('',(1.,0.,0.));
#5889 = ADVANCED_FACE('',(#5890),#5901,.F.);
#5890 = FACE_BOUND('',#5891,.T.);
#5891 = EDGE_LOOP('',(#5892,#5898,#5899,#5900));
#5892 = ORIENTED_EDGE('',*,*,#5893,.F.);
#5893 = EDGE_CURVE('',#1581,#1098,#5894,.T.);
#5894 = LINE('',#5895,#5896);
#5895 = CARTESIAN_POINT('',(-204.05,180.52,43.75));
#5896 = VECTOR('',#5897,1.);
#5897 = DIRECTION('',(0.,1.,0.));
#5898 = ORIENTED_EDGE('',*,*,#1580,.T.);
#5899 = ORIENTED_EDGE('',*,*,#5893,.T.);
#5900 = ORIENTED_EDGE('',*,*,#1097,.F.);
#5901 = CYLINDRICAL_SURFACE('',#5902,2.2);
#5902 = AXIS2_PLACEMENT_3D('',#5903,#5904,#5905);
#5903 = CARTESIAN_POINT('',(-206.25,180.52,43.75));
#5904 = DIRECTION('',(-0.,-1.,0.));
#5905 = DIRECTION('',(1.,0.,0.));
#5906 = ADVANCED_FACE('',(#5907),#5918,.F.);
#5907 = FACE_BOUND('',#5908,.T.);
#5908 = EDGE_LOOP('',(#5909,#5915,#5916,#5917));
#5909 = ORIENTED_EDGE('',*,*,#5910,.F.);
#5910 = EDGE_CURVE('',#1592,#1109,#5911,.T.);
#5911 = LINE('',#5912,#5913);
#5912 = CARTESIAN_POINT('',(-156.05,180.52,43.75));
#5913 = VECTOR('',#5914,1.);
#5914 = DIRECTION('',(0.,1.,0.));
#5915 = ORIENTED_EDGE('',*,*,#1591,.T.);
#5916 = ORIENTED_EDGE('',*,*,#5910,.T.);
#5917 = ORIENTED_EDGE('',*,*,#1108,.F.);
#5918 = CYLINDRICAL_SURFACE('',#5919,2.2);
#5919 = AXIS2_PLACEMENT_3D('',#5920,#5921,#5922);
#5920 = CARTESIAN_POINT('',(-158.25,180.52,43.75));
#5921 = DIRECTION('',(-0.,-1.,0.));
#5922 = DIRECTION('',(1.,0.,0.));
#5923 = ADVANCED_FACE('',(#5924),#5935,.F.);
#5924 = FACE_BOUND('',#5925,.T.);
#5925 = EDGE_LOOP('',(#5926,#5932,#5933,#5934));
#5926 = ORIENTED_EDGE('',*,*,#5927,.F.);
#5927 = EDGE_CURVE('',#1603,#1120,#5928,.T.);
#5928 = LINE('',#5929,#5930);
#5929 = CARTESIAN_POINT('',(-108.05,180.52,43.75));
#5930 = VECTOR('',#5931,1.);
#5931 = DIRECTION('',(0.,1.,0.));
#5932 = ORIENTED_EDGE('',*,*,#1602,.T.);
#5933 = ORIENTED_EDGE('',*,*,#5927,.T.);
#5934 = ORIENTED_EDGE('',*,*,#1119,.F.);
#5935 = CYLINDRICAL_SURFACE('',#5936,2.2);
#5936 = AXIS2_PLACEMENT_3D('',#5937,#5938,#5939);
#5937 = CARTESIAN_POINT('',(-110.25,180.52,43.75));
#5938 = DIRECTION('',(-0.,-1.,0.));
#5939 = DIRECTION('',(1.,0.,0.));
#5940 = ADVANCED_FACE('',(#5941),#5952,.F.);
#5941 = FACE_BOUND('',#5942,.T.);
#5942 = EDGE_LOOP('',(#5943,#5949,#5950,#5951));
#5943 = ORIENTED_EDGE('',*,*,#5944,.F.);
#5944 = EDGE_CURVE('',#1614,#1131,#5945,.T.);
#5945 = LINE('',#5946,#5947);
#5946 = CARTESIAN_POINT('',(-119.,180.52,48.));
#5947 = VECTOR('',#5948,1.);
#5948 = DIRECTION('',(0.,1.,0.));
#5949 = ORIENTED_EDGE('',*,*,#1613,.T.);
#5950 = ORIENTED_EDGE('',*,*,#5944,.T.);
#5951 = ORIENTED_EDGE('',*,*,#1130,.F.);
#5952 = CYLINDRICAL_SURFACE('',#5953,8.);
#5953 = AXIS2_PLACEMENT_3D('',#5954,#5955,#5956);
#5954 = CARTESIAN_POINT('',(-127.,180.52,48.));
#5955 = DIRECTION('',(-0.,-1.,0.));
#5956 = DIRECTION('',(1.,0.,0.));
#5957 = ADVANCED_FACE('',(#5958),#5969,.F.);
#5958 = FACE_BOUND('',#5959,.T.);
#5959 = EDGE_LOOP('',(#5960,#5966,#5967,#5968));
#5960 = ORIENTED_EDGE('',*,*,#5961,.F.);
#5961 = EDGE_CURVE('',#1625,#1142,#5962,.T.);
#5962 = LINE('',#5963,#5964);
#5963 = CARTESIAN_POINT('',(-132.75,180.52,57.));
#5964 = VECTOR('',#5965,1.);
#5965 = DIRECTION('',(0.,1.,0.));
#5966 = ORIENTED_EDGE('',*,*,#1624,.T.);
#5967 = ORIENTED_EDGE('',*,*,#5961,.T.);
#5968 = ORIENTED_EDGE('',*,*,#1141,.F.);
#5969 = CYLINDRICAL_SURFACE('',#5970,3.25);
#5970 = AXIS2_PLACEMENT_3D('',#5971,#5972,#5973);
#5971 = CARTESIAN_POINT('',(-136.,180.52,57.));
#5972 = DIRECTION('',(-0.,-1.,0.));
#5973 = DIRECTION('',(1.,0.,0.));
#5974 = ADVANCED_FACE('',(#5975),#5986,.F.);
#5975 = FACE_BOUND('',#5976,.T.);
#5976 = EDGE_LOOP('',(#5977,#5983,#5984,#5985));
#5977 = ORIENTED_EDGE('',*,*,#5978,.F.);
#5978 = EDGE_CURVE('',#1636,#1153,#5979,.T.);
#5979 = LINE('',#5980,#5981);
#5980 = CARTESIAN_POINT('',(-114.75,180.52,57.));
#5981 = VECTOR('',#5982,1.);
#5982 = DIRECTION('',(0.,1.,0.));
#5983 = ORIENTED_EDGE('',*,*,#1635,.T.);
#5984 = ORIENTED_EDGE('',*,*,#5978,.T.);
#5985 = ORIENTED_EDGE('',*,*,#1152,.F.);
#5986 = CYLINDRICAL_SURFACE('',#5987,3.25);
#5987 = AXIS2_PLACEMENT_3D('',#5988,#5989,#5990);
#5988 = CARTESIAN_POINT('',(-118.,180.52,57.));
#5989 = DIRECTION('',(-0.,-1.,0.));
#5990 = DIRECTION('',(1.,0.,0.));
#5991 = ADVANCED_FACE('',(#5992),#6003,.F.);
#5992 = FACE_BOUND('',#5993,.T.);
#5993 = EDGE_LOOP('',(#5994,#6000,#6001,#6002));
#5994 = ORIENTED_EDGE('',*,*,#5995,.F.);
#5995 = EDGE_CURVE('',#1647,#1164,#5996,.T.);
#5996 = LINE('',#5997,#5998);
#5997 = CARTESIAN_POINT('',(-60.05,180.52,43.75));
#5998 = VECTOR('',#5999,1.);
#5999 = DIRECTION('',(0.,1.,0.));
#6000 = ORIENTED_EDGE('',*,*,#1646,.T.);
#6001 = ORIENTED_EDGE('',*,*,#5995,.T.);
#6002 = ORIENTED_EDGE('',*,*,#1163,.F.);
#6003 = CYLINDRICAL_SURFACE('',#6004,2.2);
#6004 = AXIS2_PLACEMENT_3D('',#6005,#6006,#6007);
#6005 = CARTESIAN_POINT('',(-62.25,180.52,43.75));
#6006 = DIRECTION('',(-0.,-1.,0.));
#6007 = DIRECTION('',(1.,0.,0.));
#6008 = ADVANCED_FACE('',(#6009),#6020,.F.);
#6009 = FACE_BOUND('',#6010,.T.);
#6010 = EDGE_LOOP('',(#6011,#6017,#6018,#6019));
#6011 = ORIENTED_EDGE('',*,*,#6012,.F.);
#6012 = EDGE_CURVE('',#1658,#1175,#6013,.T.);
#6013 = LINE('',#6014,#6015);
#6014 = CARTESIAN_POINT('',(-12.05,180.52,43.75));
#6015 = VECTOR('',#6016,1.);
#6016 = DIRECTION('',(0.,1.,0.));
#6017 = ORIENTED_EDGE('',*,*,#1657,.T.);
#6018 = ORIENTED_EDGE('',*,*,#6012,.T.);
#6019 = ORIENTED_EDGE('',*,*,#1174,.F.);
#6020 = CYLINDRICAL_SURFACE('',#6021,2.2);
#6021 = AXIS2_PLACEMENT_3D('',#6022,#6023,#6024);
#6022 = CARTESIAN_POINT('',(-14.25,180.52,43.75));
#6023 = DIRECTION('',(-0.,-1.,0.));
#6024 = DIRECTION('',(1.,0.,0.));
#6025 = ADVANCED_FACE('',(#6026),#6037,.F.);
#6026 = FACE_BOUND('',#6027,.T.);
#6027 = EDGE_LOOP('',(#6028,#6034,#6035,#6036));
#6028 = ORIENTED_EDGE('',*,*,#6029,.F.);
#6029 = EDGE_CURVE('',#1669,#1186,#6030,.T.);
#6030 = LINE('',#6031,#6032);
#6031 = CARTESIAN_POINT('',(-22.8,180.52,49.75));
#6032 = VECTOR('',#6033,1.);
#6033 = DIRECTION('',(0.,1.,0.));
#6034 = ORIENTED_EDGE('',*,*,#1668,.T.);
#6035 = ORIENTED_EDGE('',*,*,#6029,.T.);
#6036 = ORIENTED_EDGE('',*,*,#1185,.F.);
#6037 = CYLINDRICAL_SURFACE('',#6038,2.2);
#6038 = AXIS2_PLACEMENT_3D('',#6039,#6040,#6041);
#6039 = CARTESIAN_POINT('',(-25.,180.52,49.75));
#6040 = DIRECTION('',(-0.,-1.,0.));
#6041 = DIRECTION('',(1.,0.,0.));
#6042 = ADVANCED_FACE('',(#6043),#6054,.F.);
#6043 = FACE_BOUND('',#6044,.T.);
#6044 = EDGE_LOOP('',(#6045,#6051,#6052,#6053));
#6045 = ORIENTED_EDGE('',*,*,#6046,.F.);
#6046 = EDGE_CURVE('',#1680,#1197,#6047,.T.);
#6047 = LINE('',#6048,#6049);
#6048 = CARTESIAN_POINT('',(27.2,180.52,25.75));
#6049 = VECTOR('',#6050,1.);
#6050 = DIRECTION('',(0.,1.,0.));
#6051 = ORIENTED_EDGE('',*,*,#1679,.T.);
#6052 = ORIENTED_EDGE('',*,*,#6046,.T.);
#6053 = ORIENTED_EDGE('',*,*,#1196,.F.);
#6054 = CYLINDRICAL_SURFACE('',#6055,2.2);
#6055 = AXIS2_PLACEMENT_3D('',#6056,#6057,#6058);
#6056 = CARTESIAN_POINT('',(25.,180.52,25.75));
#6057 = DIRECTION('',(-0.,-1.,0.));
#6058 = DIRECTION('',(1.,0.,0.));
#6059 = ADVANCED_FACE('',(#6060),#6071,.F.);
#6060 = FACE_BOUND('',#6061,.T.);
#6061 = EDGE_LOOP('',(#6062,#6068,#6069,#6070));
#6062 = ORIENTED_EDGE('',*,*,#6063,.F.);
#6063 = EDGE_CURVE('',#1691,#1208,#6064,.T.);
#6064 = LINE('',#6065,#6066);
#6065 = CARTESIAN_POINT('',(35.95,180.52,27.75));
#6066 = VECTOR('',#6067,1.);
#6067 = DIRECTION('',(0.,1.,0.));
#6068 = ORIENTED_EDGE('',*,*,#1690,.T.);
#6069 = ORIENTED_EDGE('',*,*,#6063,.T.);
#6070 = ORIENTED_EDGE('',*,*,#1207,.F.);
#6071 = CYLINDRICAL_SURFACE('',#6072,2.2);
#6072 = AXIS2_PLACEMENT_3D('',#6073,#6074,#6075);
#6073 = CARTESIAN_POINT('',(33.75,180.52,27.75));
#6074 = DIRECTION('',(-0.,-1.,0.));
#6075 = DIRECTION('',(1.,0.,0.));
#6076 = ADVANCED_FACE('',(#6077),#6088,.F.);
#6077 = FACE_BOUND('',#6078,.T.);
#6078 = EDGE_LOOP('',(#6079,#6085,#6086,#6087));
#6079 = ORIENTED_EDGE('',*,*,#6080,.F.);
#6080 = EDGE_CURVE('',#1702,#1219,#6081,.T.);
#6081 = LINE('',#6082,#6083);
#6082 = CARTESIAN_POINT('',(83.95,180.52,27.75));
#6083 = VECTOR('',#6084,1.);
#6084 = DIRECTION('',(0.,1.,0.));
#6085 = ORIENTED_EDGE('',*,*,#1701,.T.);
#6086 = ORIENTED_EDGE('',*,*,#6080,.T.);
#6087 = ORIENTED_EDGE('',*,*,#1218,.F.);
#6088 = CYLINDRICAL_SURFACE('',#6089,2.2);
#6089 = AXIS2_PLACEMENT_3D('',#6090,#6091,#6092);
#6090 = CARTESIAN_POINT('',(81.75,180.52,27.75));
#6091 = DIRECTION('',(-0.,-1.,0.));
#6092 = DIRECTION('',(1.,0.,0.));
#6093 = ADVANCED_FACE('',(#6094),#6105,.F.);
#6094 = FACE_BOUND('',#6095,.T.);
#6095 = EDGE_LOOP('',(#6096,#6102,#6103,#6104));
#6096 = ORIENTED_EDGE('',*,*,#6097,.F.);
#6097 = EDGE_CURVE('',#1713,#1230,#6098,.T.);
#6098 = LINE('',#6099,#6100);
#6099 = CARTESIAN_POINT('',(131.95,180.52,27.75));
#6100 = VECTOR('',#6101,1.);
#6101 = DIRECTION('',(0.,1.,0.));
#6102 = ORIENTED_EDGE('',*,*,#1712,.T.);
#6103 = ORIENTED_EDGE('',*,*,#6097,.T.);
#6104 = ORIENTED_EDGE('',*,*,#1229,.F.);
#6105 = CYLINDRICAL_SURFACE('',#6106,2.2);
#6106 = AXIS2_PLACEMENT_3D('',#6107,#6108,#6109);
#6107 = CARTESIAN_POINT('',(129.75,180.52,27.75));
#6108 = DIRECTION('',(-0.,-1.,0.));
#6109 = DIRECTION('',(1.,0.,0.));
#6110 = ADVANCED_FACE('',(#6111),#6122,.F.);
#6111 = FACE_BOUND('',#6112,.T.);
#6112 = EDGE_LOOP('',(#6113,#6119,#6120,#6121));
#6113 = ORIENTED_EDGE('',*,*,#6114,.F.);
#6114 = EDGE_CURVE('',#1724,#1241,#6115,.T.);
#6115 = LINE('',#6116,#6117);
#6116 = CARTESIAN_POINT('',(179.95,180.52,27.75));
#6117 = VECTOR('',#6118,1.);
#6118 = DIRECTION('',(0.,1.,0.));
#6119 = ORIENTED_EDGE('',*,*,#1723,.T.);
#6120 = ORIENTED_EDGE('',*,*,#6114,.T.);
#6121 = ORIENTED_EDGE('',*,*,#1240,.F.);
#6122 = CYLINDRICAL_SURFACE('',#6123,2.2);
#6123 = AXIS2_PLACEMENT_3D('',#6124,#6125,#6126);
#6124 = CARTESIAN_POINT('',(177.75,180.52,27.75));
#6125 = DIRECTION('',(-0.,-1.,0.));
#6126 = DIRECTION('',(1.,0.,0.));
#6127 = ADVANCED_FACE('',(#6128),#6139,.F.);
#6128 = FACE_BOUND('',#6129,.T.);
#6129 = EDGE_LOOP('',(#6130,#6136,#6137,#6138));
#6130 = ORIENTED_EDGE('',*,*,#6131,.F.);
#6131 = EDGE_CURVE('',#1735,#1252,#6132,.T.);
#6132 = LINE('',#6133,#6134);
#6133 = CARTESIAN_POINT('',(121.25,180.52,39.));
#6134 = VECTOR('',#6135,1.);
#6135 = DIRECTION('',(0.,1.,0.));
#6136 = ORIENTED_EDGE('',*,*,#1734,.T.);
#6137 = ORIENTED_EDGE('',*,*,#6131,.T.);
#6138 = ORIENTED_EDGE('',*,*,#1251,.F.);
#6139 = CYLINDRICAL_SURFACE('',#6140,3.25);
#6140 = AXIS2_PLACEMENT_3D('',#6141,#6142,#6143);
#6141 = CARTESIAN_POINT('',(118.,180.52,39.));
#6142 = DIRECTION('',(-0.,-1.,0.));
#6143 = DIRECTION('',(1.,0.,0.));
#6144 = ADVANCED_FACE('',(#6145),#6156,.F.);
#6145 = FACE_BOUND('',#6146,.T.);
#6146 = EDGE_LOOP('',(#6147,#6153,#6154,#6155));
#6147 = ORIENTED_EDGE('',*,*,#6148,.F.);
#6148 = EDGE_CURVE('',#1746,#1263,#6149,.T.);
#6149 = LINE('',#6150,#6151);
#6150 = CARTESIAN_POINT('',(139.25,180.52,39.));
#6151 = VECTOR('',#6152,1.);
#6152 = DIRECTION('',(0.,1.,0.));
#6153 = ORIENTED_EDGE('',*,*,#1745,.T.);
#6154 = ORIENTED_EDGE('',*,*,#6148,.T.);
#6155 = ORIENTED_EDGE('',*,*,#1262,.F.);
#6156 = CYLINDRICAL_SURFACE('',#6157,3.25);
#6157 = AXIS2_PLACEMENT_3D('',#6158,#6159,#6160);
#6158 = CARTESIAN_POINT('',(136.,180.52,39.));
#6159 = DIRECTION('',(-0.,-1.,0.));
#6160 = DIRECTION('',(1.,0.,0.));
#6161 = ADVANCED_FACE('',(#6162),#6173,.F.);
#6162 = FACE_BOUND('',#6163,.T.);
#6163 = EDGE_LOOP('',(#6164,#6170,#6171,#6172));
#6164 = ORIENTED_EDGE('',*,*,#6165,.F.);
#6165 = EDGE_CURVE('',#1757,#1274,#6166,.T.);
#6166 = LINE('',#6167,#6168);
#6167 = CARTESIAN_POINT('',(194.5,180.52,36.8));
#6168 = VECTOR('',#6169,1.);
#6169 = DIRECTION('',(0.,1.,0.));
#6170 = ORIENTED_EDGE('',*,*,#1756,.T.);
#6171 = ORIENTED_EDGE('',*,*,#6165,.T.);
#6172 = ORIENTED_EDGE('',*,*,#1273,.F.);
#6173 = CYLINDRICAL_SURFACE('',#6174,4.5);
#6174 = AXIS2_PLACEMENT_3D('',#6175,#6176,#6177);
#6175 = CARTESIAN_POINT('',(190.,180.52,36.8));
#6176 = DIRECTION('',(-0.,-1.,0.));
#6177 = DIRECTION('',(1.,0.,0.));
#6178 = ADVANCED_FACE('',(#6179),#6190,.F.);
#6179 = FACE_BOUND('',#6180,.T.);
#6180 = EDGE_LOOP('',(#6181,#6187,#6188,#6189));
#6181 = ORIENTED_EDGE('',*,*,#6182,.F.);
#6182 = EDGE_CURVE('',#1768,#1285,#6183,.T.);
#6183 = LINE('',#6184,#6185);
#6184 = CARTESIAN_POINT('',(35.95,180.52,43.75));
#6185 = VECTOR('',#6186,1.);
#6186 = DIRECTION('',(0.,1.,0.));
#6187 = ORIENTED_EDGE('',*,*,#1767,.T.);
#6188 = ORIENTED_EDGE('',*,*,#6182,.T.);
#6189 = ORIENTED_EDGE('',*,*,#1284,.F.);
#6190 = CYLINDRICAL_SURFACE('',#6191,2.2);
#6191 = AXIS2_PLACEMENT_3D('',#6192,#6193,#6194);
#6192 = CARTESIAN_POINT('',(33.75,180.52,43.75));
#6193 = DIRECTION('',(-0.,-1.,0.));
#6194 = DIRECTION('',(1.,0.,0.));
#6195 = ADVANCED_FACE('',(#6196),#6207,.F.);
#6196 = FACE_BOUND('',#6197,.T.);
#6197 = EDGE_LOOP('',(#6198,#6204,#6205,#6206));
#6198 = ORIENTED_EDGE('',*,*,#6199,.F.);
#6199 = EDGE_CURVE('',#1779,#1296,#6200,.T.);
#6200 = LINE('',#6201,#6202);
#6201 = CARTESIAN_POINT('',(27.2,180.52,49.75));
#6202 = VECTOR('',#6203,1.);
#6203 = DIRECTION('',(0.,1.,0.));
#6204 = ORIENTED_EDGE('',*,*,#1778,.T.);
#6205 = ORIENTED_EDGE('',*,*,#6199,.T.);
#6206 = ORIENTED_EDGE('',*,*,#1295,.F.);
#6207 = CYLINDRICAL_SURFACE('',#6208,2.2);
#6208 = AXIS2_PLACEMENT_3D('',#6209,#6210,#6211);
#6209 = CARTESIAN_POINT('',(25.,180.52,49.75));
#6210 = DIRECTION('',(-0.,-1.,0.));
#6211 = DIRECTION('',(1.,0.,0.));
#6212 = ADVANCED_FACE('',(#6213),#6224,.F.);
#6213 = FACE_BOUND('',#6214,.T.);
#6214 = EDGE_LOOP('',(#6215,#6221,#6222,#6223));
#6215 = ORIENTED_EDGE('',*,*,#6216,.F.);
#6216 = EDGE_CURVE('',#1790,#1307,#6217,.T.);
#6217 = LINE('',#6218,#6219);
#6218 = CARTESIAN_POINT('',(83.95,180.52,43.75));
#6219 = VECTOR('',#6220,1.);
#6220 = DIRECTION('',(0.,1.,0.));
#6221 = ORIENTED_EDGE('',*,*,#1789,.T.);
#6222 = ORIENTED_EDGE('',*,*,#6216,.T.);
#6223 = ORIENTED_EDGE('',*,*,#1306,.F.);
#6224 = CYLINDRICAL_SURFACE('',#6225,2.2);
#6225 = AXIS2_PLACEMENT_3D('',#6226,#6227,#6228);
#6226 = CARTESIAN_POINT('',(81.75,180.52,43.75));
#6227 = DIRECTION('',(-0.,-1.,0.));
#6228 = DIRECTION('',(1.,0.,0.));
#6229 = ADVANCED_FACE('',(#6230),#6241,.F.);
#6230 = FACE_BOUND('',#6231,.T.);
#6231 = EDGE_LOOP('',(#6232,#6238,#6239,#6240));
#6232 = ORIENTED_EDGE('',*,*,#6233,.F.);
#6233 = EDGE_CURVE('',#1801,#1318,#6234,.T.);
#6234 = LINE('',#6235,#6236);
#6235 = CARTESIAN_POINT('',(135.,180.52,48.));
#6236 = VECTOR('',#6237,1.);
#6237 = DIRECTION('',(0.,1.,0.));
#6238 = ORIENTED_EDGE('',*,*,#1800,.T.);
#6239 = ORIENTED_EDGE('',*,*,#6233,.T.);
#6240 = ORIENTED_EDGE('',*,*,#1317,.F.);
#6241 = CYLINDRICAL_SURFACE('',#6242,8.);
#6242 = AXIS2_PLACEMENT_3D('',#6243,#6244,#6245);
#6243 = CARTESIAN_POINT('',(127.,180.52,48.));
#6244 = DIRECTION('',(-0.,-1.,0.));
#6245 = DIRECTION('',(1.,0.,0.));
#6246 = ADVANCED_FACE('',(#6247),#6258,.F.);
#6247 = FACE_BOUND('',#6248,.T.);
#6248 = EDGE_LOOP('',(#6249,#6255,#6256,#6257));
#6249 = ORIENTED_EDGE('',*,*,#6250,.F.);
#6250 = EDGE_CURVE('',#1812,#1329,#6251,.T.);
#6251 = LINE('',#6252,#6253);
#6252 = CARTESIAN_POINT('',(179.95,180.52,43.75));
#6253 = VECTOR('',#6254,1.);
#6254 = DIRECTION('',(0.,1.,0.));
#6255 = ORIENTED_EDGE('',*,*,#1811,.T.);
#6256 = ORIENTED_EDGE('',*,*,#6250,.T.);
#6257 = ORIENTED_EDGE('',*,*,#1328,.F.);
#6258 = CYLINDRICAL_SURFACE('',#6259,2.2);
#6259 = AXIS2_PLACEMENT_3D('',#6260,#6261,#6262);
#6260 = CARTESIAN_POINT('',(177.75,180.52,43.75));
#6261 = DIRECTION('',(-0.,-1.,0.));
#6262 = DIRECTION('',(1.,0.,0.));
#6263 = ADVANCED_FACE('',(#6264),#6275,.F.);
#6264 = FACE_BOUND('',#6265,.T.);
#6265 = EDGE_LOOP('',(#6266,#6272,#6273,#6274));
#6266 = ORIENTED_EDGE('',*,*,#6267,.F.);
#6267 = EDGE_CURVE('',#1823,#1340,#6268,.T.);
#6268 = LINE('',#6269,#6270);
#6269 = CARTESIAN_POINT('',(121.25,180.52,57.));
#6270 = VECTOR('',#6271,1.);
#6271 = DIRECTION('',(0.,1.,0.));
#6272 = ORIENTED_EDGE('',*,*,#1822,.T.);
#6273 = ORIENTED_EDGE('',*,*,#6267,.T.);
#6274 = ORIENTED_EDGE('',*,*,#1339,.F.);
#6275 = CYLINDRICAL_SURFACE('',#6276,3.25);
#6276 = AXIS2_PLACEMENT_3D('',#6277,#6278,#6279);
#6277 = CARTESIAN_POINT('',(118.,180.52,57.));
#6278 = DIRECTION('',(-0.,-1.,0.));
#6279 = DIRECTION('',(1.,0.,0.));
#6280 = ADVANCED_FACE('',(#6281),#6292,.F.);
#6281 = FACE_BOUND('',#6282,.T.);
#6282 = EDGE_LOOP('',(#6283,#6289,#6290,#6291));
#6283 = ORIENTED_EDGE('',*,*,#6284,.F.);
#6284 = EDGE_CURVE('',#1834,#1351,#6285,.T.);
#6285 = LINE('',#6286,#6287);
#6286 = CARTESIAN_POINT('',(139.25,180.52,57.));
#6287 = VECTOR('',#6288,1.);
#6288 = DIRECTION('',(0.,1.,0.));
#6289 = ORIENTED_EDGE('',*,*,#1833,.T.);
#6290 = ORIENTED_EDGE('',*,*,#6284,.T.);
#6291 = ORIENTED_EDGE('',*,*,#1350,.F.);
#6292 = CYLINDRICAL_SURFACE('',#6293,3.25);
#6293 = AXIS2_PLACEMENT_3D('',#6294,#6295,#6296);
#6294 = CARTESIAN_POINT('',(136.,180.52,57.));
#6295 = DIRECTION('',(-0.,-1.,0.));
#6296 = DIRECTION('',(1.,0.,0.));
#6297 = ADVANCED_FACE('',(#6298),#6309,.F.);
#6298 = FACE_BOUND('',#6299,.T.);
#6299 = EDGE_LOOP('',(#6300,#6301,#6307,#6308));
#6300 = ORIENTED_EDGE('',*,*,#3766,.T.);
#6301 = ORIENTED_EDGE('',*,*,#6302,.T.);
#6302 = EDGE_CURVE('',#3767,#2721,#6303,.T.);
#6303 = LINE('',#6304,#6305);
#6304 = CARTESIAN_POINT('',(-181.92,135.02,20.));
#6305 = VECTOR('',#6306,1.);
#6306 = DIRECTION('',(0.,1.,0.));
#6307 = ORIENTED_EDGE('',*,*,#2720,.F.);
#6308 = ORIENTED_EDGE('',*,*,#6302,.F.);
#6309 = CYLINDRICAL_SURFACE('',#6310,2.2);
#6310 = AXIS2_PLACEMENT_3D('',#6311,#6312,#6313);
#6311 = CARTESIAN_POINT('',(-184.12,135.02,20.));
#6312 = DIRECTION('',(-0.,-1.,0.));
#6313 = DIRECTION('',(1.,0.,0.));
#6314 = ADVANCED_FACE('',(#6315),#6326,.F.);
#6315 = FACE_BOUND('',#6316,.T.);
#6316 = EDGE_LOOP('',(#6317,#6318,#6324,#6325));
#6317 = ORIENTED_EDGE('',*,*,#3777,.T.);
#6318 = ORIENTED_EDGE('',*,*,#6319,.T.);
#6319 = EDGE_CURVE('',#3778,#2732,#6320,.T.);
#6320 = LINE('',#6321,#6322);
#6321 = CARTESIAN_POINT('',(-167.92,135.02,20.));
#6322 = VECTOR('',#6323,1.);
#6323 = DIRECTION('',(0.,1.,0.));
#6324 = ORIENTED_EDGE('',*,*,#2731,.F.);
#6325 = ORIENTED_EDGE('',*,*,#6319,.F.);
#6326 = CYLINDRICAL_SURFACE('',#6327,2.2);
#6327 = AXIS2_PLACEMENT_3D('',#6328,#6329,#6330);
#6328 = CARTESIAN_POINT('',(-170.12,135.02,20.));
#6329 = DIRECTION('',(-0.,-1.,0.));
#6330 = DIRECTION('',(1.,0.,0.));
#6331 = ADVANCED_FACE('',(#6332),#6343,.F.);
#6332 = FACE_BOUND('',#6333,.T.);
#6333 = EDGE_LOOP('',(#6334,#6335,#6341,#6342));
#6334 = ORIENTED_EDGE('',*,*,#3788,.T.);
#6335 = ORIENTED_EDGE('',*,*,#6336,.T.);
#6336 = EDGE_CURVE('',#3789,#2743,#6337,.T.);
#6337 = LINE('',#6338,#6339);
#6338 = CARTESIAN_POINT('',(-204.05,135.02,27.75));
#6339 = VECTOR('',#6340,1.);
#6340 = DIRECTION('',(0.,1.,0.));
#6341 = ORIENTED_EDGE('',*,*,#2742,.F.);
#6342 = ORIENTED_EDGE('',*,*,#6336,.F.);
#6343 = CYLINDRICAL_SURFACE('',#6344,2.2);
#6344 = AXIS2_PLACEMENT_3D('',#6345,#6346,#6347);
#6345 = CARTESIAN_POINT('',(-206.25,135.02,27.75));
#6346 = DIRECTION('',(-0.,-1.,0.));
#6347 = DIRECTION('',(1.,0.,0.));
#6348 = ADVANCED_FACE('',(#6349),#6360,.F.);
#6349 = FACE_BOUND('',#6350,.T.);
#6350 = EDGE_LOOP('',(#6351,#6352,#6358,#6359));
#6351 = ORIENTED_EDGE('',*,*,#3799,.T.);
#6352 = ORIENTED_EDGE('',*,*,#6353,.T.);
#6353 = EDGE_CURVE('',#3800,#2754,#6354,.T.);
#6354 = LINE('',#6355,#6356);
#6355 = CARTESIAN_POINT('',(-156.05,135.02,27.75));
#6356 = VECTOR('',#6357,1.);
#6357 = DIRECTION('',(0.,1.,0.));
#6358 = ORIENTED_EDGE('',*,*,#2753,.F.);
#6359 = ORIENTED_EDGE('',*,*,#6353,.F.);
#6360 = CYLINDRICAL_SURFACE('',#6361,2.2);
#6361 = AXIS2_PLACEMENT_3D('',#6362,#6363,#6364);
#6362 = CARTESIAN_POINT('',(-158.25,135.02,27.75));
#6363 = DIRECTION('',(-0.,-1.,0.));
#6364 = DIRECTION('',(1.,0.,0.));
#6365 = ADVANCED_FACE('',(#6366),#6377,.F.);
#6366 = FACE_BOUND('',#6367,.T.);
#6367 = EDGE_LOOP('',(#6368,#6369,#6375,#6376));
#6368 = ORIENTED_EDGE('',*,*,#3810,.T.);
#6369 = ORIENTED_EDGE('',*,*,#6370,.T.);
#6370 = EDGE_CURVE('',#3811,#2765,#6371,.T.);
#6371 = LINE('',#6372,#6373);
#6372 = CARTESIAN_POINT('',(-181.92,135.02,35.75));
#6373 = VECTOR('',#6374,1.);
#6374 = DIRECTION('',(0.,1.,0.));
#6375 = ORIENTED_EDGE('',*,*,#2764,.F.);
#6376 = ORIENTED_EDGE('',*,*,#6370,.F.);
#6377 = CYLINDRICAL_SURFACE('',#6378,2.2);
#6378 = AXIS2_PLACEMENT_3D('',#6379,#6380,#6381);
#6379 = CARTESIAN_POINT('',(-184.12,135.02,35.75));
#6380 = DIRECTION('',(-0.,-1.,0.));
#6381 = DIRECTION('',(1.,0.,0.));
#6382 = ADVANCED_FACE('',(#6383),#6394,.F.);
#6383 = FACE_BOUND('',#6384,.T.);
#6384 = EDGE_LOOP('',(#6385,#6386,#6392,#6393));
#6385 = ORIENTED_EDGE('',*,*,#3821,.T.);
#6386 = ORIENTED_EDGE('',*,*,#6387,.T.);
#6387 = EDGE_CURVE('',#3822,#2776,#6388,.T.);
#6388 = LINE('',#6389,#6390);
#6389 = CARTESIAN_POINT('',(-167.92,135.02,35.75));
#6390 = VECTOR('',#6391,1.);
#6391 = DIRECTION('',(0.,1.,0.));
#6392 = ORIENTED_EDGE('',*,*,#2775,.F.);
#6393 = ORIENTED_EDGE('',*,*,#6387,.F.);
#6394 = CYLINDRICAL_SURFACE('',#6395,2.2);
#6395 = AXIS2_PLACEMENT_3D('',#6396,#6397,#6398);
#6396 = CARTESIAN_POINT('',(-170.12,135.02,35.75));
#6397 = DIRECTION('',(-0.,-1.,0.));
#6398 = DIRECTION('',(1.,0.,0.));
#6399 = ADVANCED_FACE('',(#6400),#6411,.F.);
#6400 = FACE_BOUND('',#6401,.T.);
#6401 = EDGE_LOOP('',(#6402,#6403,#6409,#6410));
#6402 = ORIENTED_EDGE('',*,*,#3832,.T.);
#6403 = ORIENTED_EDGE('',*,*,#6404,.T.);
#6404 = EDGE_CURVE('',#3833,#2787,#6405,.T.);
#6405 = LINE('',#6406,#6407);
#6406 = CARTESIAN_POINT('',(-108.05,135.02,27.75));
#6407 = VECTOR('',#6408,1.);
#6408 = DIRECTION('',(0.,1.,0.));
#6409 = ORIENTED_EDGE('',*,*,#2786,.F.);
#6410 = ORIENTED_EDGE('',*,*,#6404,.F.);
#6411 = CYLINDRICAL_SURFACE('',#6412,2.2);
#6412 = AXIS2_PLACEMENT_3D('',#6413,#6414,#6415);
#6413 = CARTESIAN_POINT('',(-110.25,135.02,27.75));
#6414 = DIRECTION('',(-0.,-1.,0.));
#6415 = DIRECTION('',(1.,0.,0.));
#6416 = ADVANCED_FACE('',(#6417),#6428,.F.);
#6417 = FACE_BOUND('',#6418,.T.);
#6418 = EDGE_LOOP('',(#6419,#6420,#6426,#6427));
#6419 = ORIENTED_EDGE('',*,*,#3843,.T.);
#6420 = ORIENTED_EDGE('',*,*,#6421,.T.);
#6421 = EDGE_CURVE('',#3844,#2798,#6422,.T.);
#6422 = LINE('',#6423,#6424);
#6423 = CARTESIAN_POINT('',(-152.05,135.02,34.));
#6424 = VECTOR('',#6425,1.);
#6425 = DIRECTION('',(0.,1.,0.));
#6426 = ORIENTED_EDGE('',*,*,#2797,.F.);
#6427 = ORIENTED_EDGE('',*,*,#6421,.F.);
#6428 = CYLINDRICAL_SURFACE('',#6429,2.2);
#6429 = AXIS2_PLACEMENT_3D('',#6430,#6431,#6432);
#6430 = CARTESIAN_POINT('',(-154.25,135.02,34.));
#6431 = DIRECTION('',(-0.,-1.,0.));
#6432 = DIRECTION('',(1.,0.,0.));
#6433 = ADVANCED_FACE('',(#6434),#6445,.F.);
#6434 = FACE_BOUND('',#6435,.T.);
#6435 = EDGE_LOOP('',(#6436,#6437,#6443,#6444));
#6436 = ORIENTED_EDGE('',*,*,#3854,.T.);
#6437 = ORIENTED_EDGE('',*,*,#6438,.T.);
#6438 = EDGE_CURVE('',#3855,#2809,#6439,.T.);
#6439 = LINE('',#6440,#6441);
#6440 = CARTESIAN_POINT('',(-71.8,135.02,19.67));
#6441 = VECTOR('',#6442,1.);
#6442 = DIRECTION('',(0.,1.,0.));
#6443 = ORIENTED_EDGE('',*,*,#2808,.F.);
#6444 = ORIENTED_EDGE('',*,*,#6438,.F.);
#6445 = CYLINDRICAL_SURFACE('',#6446,2.2);
#6446 = AXIS2_PLACEMENT_3D('',#6447,#6448,#6449);
#6447 = CARTESIAN_POINT('',(-74.,135.02,19.67));
#6448 = DIRECTION('',(-0.,-1.,0.));
#6449 = DIRECTION('',(1.,0.,0.));
#6450 = ADVANCED_FACE('',(#6451),#6462,.F.);
#6451 = FACE_BOUND('',#6452,.T.);
#6452 = EDGE_LOOP('',(#6453,#6454,#6460,#6461));
#6453 = ORIENTED_EDGE('',*,*,#3865,.T.);
#6454 = ORIENTED_EDGE('',*,*,#6455,.T.);
#6455 = EDGE_CURVE('',#3866,#2820,#6456,.T.);
#6456 = LINE('',#6457,#6458);
#6457 = CARTESIAN_POINT('',(-63.8,135.02,19.67));
#6458 = VECTOR('',#6459,1.);
#6459 = DIRECTION('',(0.,1.,0.));
#6460 = ORIENTED_EDGE('',*,*,#2819,.F.);
#6461 = ORIENTED_EDGE('',*,*,#6455,.F.);
#6462 = CYLINDRICAL_SURFACE('',#6463,2.2);
#6463 = AXIS2_PLACEMENT_3D('',#6464,#6465,#6466);
#6464 = CARTESIAN_POINT('',(-66.,135.02,19.67));
#6465 = DIRECTION('',(-0.,-1.,0.));
#6466 = DIRECTION('',(1.,0.,0.));
#6467 = ADVANCED_FACE('',(#6468),#6479,.F.);
#6468 = FACE_BOUND('',#6469,.T.);
#6469 = EDGE_LOOP('',(#6470,#6471,#6477,#6478));
#6470 = ORIENTED_EDGE('',*,*,#3876,.T.);
#6471 = ORIENTED_EDGE('',*,*,#6472,.T.);
#6472 = EDGE_CURVE('',#3877,#2831,#6473,.T.);
#6473 = LINE('',#6474,#6475);
#6474 = CARTESIAN_POINT('',(-41.8,135.02,19.67));
#6475 = VECTOR('',#6476,1.);
#6476 = DIRECTION('',(0.,1.,0.));
#6477 = ORIENTED_EDGE('',*,*,#2830,.F.);
#6478 = ORIENTED_EDGE('',*,*,#6472,.F.);
#6479 = CYLINDRICAL_SURFACE('',#6480,2.2);
#6480 = AXIS2_PLACEMENT_3D('',#6481,#6482,#6483);
#6481 = CARTESIAN_POINT('',(-44.,135.02,19.67));
#6482 = DIRECTION('',(-0.,-1.,0.));
#6483 = DIRECTION('',(1.,0.,0.));
#6484 = ADVANCED_FACE('',(#6485),#6496,.F.);
#6485 = FACE_BOUND('',#6486,.T.);
#6486 = EDGE_LOOP('',(#6487,#6488,#6494,#6495));
#6487 = ORIENTED_EDGE('',*,*,#3887,.T.);
#6488 = ORIENTED_EDGE('',*,*,#6489,.T.);
#6489 = EDGE_CURVE('',#3888,#2842,#6490,.T.);
#6490 = LINE('',#6491,#6492);
#6491 = CARTESIAN_POINT('',(-33.8,135.02,19.67));
#6492 = VECTOR('',#6493,1.);
#6493 = DIRECTION('',(0.,1.,0.));
#6494 = ORIENTED_EDGE('',*,*,#2841,.F.);
#6495 = ORIENTED_EDGE('',*,*,#6489,.F.);
#6496 = CYLINDRICAL_SURFACE('',#6497,2.2);
#6497 = AXIS2_PLACEMENT_3D('',#6498,#6499,#6500);
#6498 = CARTESIAN_POINT('',(-36.,135.02,19.67));
#6499 = DIRECTION('',(-0.,-1.,0.));
#6500 = DIRECTION('',(1.,0.,0.));
#6501 = ADVANCED_FACE('',(#6502),#6513,.F.);
#6502 = FACE_BOUND('',#6503,.T.);
#6503 = EDGE_LOOP('',(#6504,#6505,#6511,#6512));
#6504 = ORIENTED_EDGE('',*,*,#3898,.T.);
#6505 = ORIENTED_EDGE('',*,*,#6506,.T.);
#6506 = EDGE_CURVE('',#3899,#2853,#6507,.T.);
#6507 = LINE('',#6508,#6509);
#6508 = CARTESIAN_POINT('',(-12.8,135.02,19.67));
#6509 = VECTOR('',#6510,1.);
#6510 = DIRECTION('',(0.,1.,0.));
#6511 = ORIENTED_EDGE('',*,*,#2852,.F.);
#6512 = ORIENTED_EDGE('',*,*,#6506,.F.);
#6513 = CYLINDRICAL_SURFACE('',#6514,2.2);
#6514 = AXIS2_PLACEMENT_3D('',#6515,#6516,#6517);
#6515 = CARTESIAN_POINT('',(-15.,135.02,19.67));
#6516 = DIRECTION('',(-0.,-1.,0.));
#6517 = DIRECTION('',(1.,0.,0.));
#6518 = ADVANCED_FACE('',(#6519),#6530,.F.);
#6519 = FACE_BOUND('',#6520,.T.);
#6520 = EDGE_LOOP('',(#6521,#6522,#6528,#6529));
#6521 = ORIENTED_EDGE('',*,*,#3909,.T.);
#6522 = ORIENTED_EDGE('',*,*,#6523,.T.);
#6523 = EDGE_CURVE('',#3910,#2864,#6524,.T.);
#6524 = LINE('',#6525,#6526);
#6525 = CARTESIAN_POINT('',(-4.8,135.02,19.67));
#6526 = VECTOR('',#6527,1.);
#6527 = DIRECTION('',(0.,1.,0.));
#6528 = ORIENTED_EDGE('',*,*,#2863,.F.);
#6529 = ORIENTED_EDGE('',*,*,#6523,.F.);
#6530 = CYLINDRICAL_SURFACE('',#6531,2.2);
#6531 = AXIS2_PLACEMENT_3D('',#6532,#6533,#6534);
#6532 = CARTESIAN_POINT('',(-7.,135.02,19.67));
#6533 = DIRECTION('',(-0.,-1.,0.));
#6534 = DIRECTION('',(1.,0.,0.));
#6535 = ADVANCED_FACE('',(#6536),#6547,.F.);
#6536 = FACE_BOUND('',#6537,.T.);
#6537 = EDGE_LOOP('',(#6538,#6539,#6545,#6546));
#6538 = ORIENTED_EDGE('',*,*,#3920,.T.);
#6539 = ORIENTED_EDGE('',*,*,#6540,.T.);
#6540 = EDGE_CURVE('',#3921,#2875,#6541,.T.);
#6541 = LINE('',#6542,#6543);
#6542 = CARTESIAN_POINT('',(-87.8,135.02,28.));
#6543 = VECTOR('',#6544,1.);
#6544 = DIRECTION('',(0.,1.,0.));
#6545 = ORIENTED_EDGE('',*,*,#2874,.F.);
#6546 = ORIENTED_EDGE('',*,*,#6540,.F.);
#6547 = CYLINDRICAL_SURFACE('',#6548,2.2);
#6548 = AXIS2_PLACEMENT_3D('',#6549,#6550,#6551);
#6549 = CARTESIAN_POINT('',(-90.,135.02,28.));
#6550 = DIRECTION('',(-0.,-1.,0.));
#6551 = DIRECTION('',(1.,0.,0.));
#6552 = ADVANCED_FACE('',(#6553),#6564,.F.);
#6553 = FACE_BOUND('',#6554,.T.);
#6554 = EDGE_LOOP('',(#6555,#6556,#6562,#6563));
#6555 = ORIENTED_EDGE('',*,*,#3931,.T.);
#6556 = ORIENTED_EDGE('',*,*,#6557,.T.);
#6557 = EDGE_CURVE('',#3932,#2886,#6558,.T.);
#6558 = LINE('',#6559,#6560);
#6559 = CARTESIAN_POINT('',(-69.8,135.02,28.));
#6560 = VECTOR('',#6561,1.);
#6561 = DIRECTION('',(0.,1.,0.));
#6562 = ORIENTED_EDGE('',*,*,#2885,.F.);
#6563 = ORIENTED_EDGE('',*,*,#6557,.F.);
#6564 = CYLINDRICAL_SURFACE('',#6565,2.2);
#6565 = AXIS2_PLACEMENT_3D('',#6566,#6567,#6568);
#6566 = CARTESIAN_POINT('',(-72.,135.02,28.));
#6567 = DIRECTION('',(-0.,-1.,0.));
#6568 = DIRECTION('',(1.,0.,0.));
#6569 = ADVANCED_FACE('',(#6570),#6581,.F.);
#6570 = FACE_BOUND('',#6571,.T.);
#6571 = EDGE_LOOP('',(#6572,#6573,#6579,#6580));
#6572 = ORIENTED_EDGE('',*,*,#3942,.T.);
#6573 = ORIENTED_EDGE('',*,*,#6574,.T.);
#6574 = EDGE_CURVE('',#3943,#2897,#6575,.T.);
#6575 = LINE('',#6576,#6577);
#6576 = CARTESIAN_POINT('',(-60.05,135.02,27.75));
#6577 = VECTOR('',#6578,1.);
#6578 = DIRECTION('',(0.,1.,0.));
#6579 = ORIENTED_EDGE('',*,*,#2896,.F.);
#6580 = ORIENTED_EDGE('',*,*,#6574,.F.);
#6581 = CYLINDRICAL_SURFACE('',#6582,2.2);
#6582 = AXIS2_PLACEMENT_3D('',#6583,#6584,#6585);
#6583 = CARTESIAN_POINT('',(-62.25,135.02,27.75));
#6584 = DIRECTION('',(-0.,-1.,0.));
#6585 = DIRECTION('',(1.,0.,0.));
#6586 = ADVANCED_FACE('',(#6587),#6598,.F.);
#6587 = FACE_BOUND('',#6588,.T.);
#6588 = EDGE_LOOP('',(#6589,#6590,#6596,#6597));
#6589 = ORIENTED_EDGE('',*,*,#3953,.T.);
#6590 = ORIENTED_EDGE('',*,*,#6591,.T.);
#6591 = EDGE_CURVE('',#3954,#2908,#6592,.T.);
#6592 = LINE('',#6593,#6594);
#6593 = CARTESIAN_POINT('',(-97.55,135.02,34.));
#6594 = VECTOR('',#6595,1.);
#6595 = DIRECTION('',(0.,1.,0.));
#6596 = ORIENTED_EDGE('',*,*,#2907,.F.);
#6597 = ORIENTED_EDGE('',*,*,#6591,.F.);
#6598 = CYLINDRICAL_SURFACE('',#6599,2.2);
#6599 = AXIS2_PLACEMENT_3D('',#6600,#6601,#6602);
#6600 = CARTESIAN_POINT('',(-99.75,135.02,34.));
#6601 = DIRECTION('',(-0.,-1.,0.));
#6602 = DIRECTION('',(1.,0.,0.));
#6603 = ADVANCED_FACE('',(#6604),#6615,.F.);
#6604 = FACE_BOUND('',#6605,.T.);
#6605 = EDGE_LOOP('',(#6606,#6607,#6613,#6614));
#6606 = ORIENTED_EDGE('',*,*,#3964,.T.);
#6607 = ORIENTED_EDGE('',*,*,#6608,.T.);
#6608 = EDGE_CURVE('',#3965,#2919,#6609,.T.);
#6609 = LINE('',#6610,#6611);
#6610 = CARTESIAN_POINT('',(-37.8,135.02,28.));
#6611 = VECTOR('',#6612,1.);
#6612 = DIRECTION('',(0.,1.,0.));
#6613 = ORIENTED_EDGE('',*,*,#2918,.F.);
#6614 = ORIENTED_EDGE('',*,*,#6608,.F.);
#6615 = CYLINDRICAL_SURFACE('',#6616,2.2);
#6616 = AXIS2_PLACEMENT_3D('',#6617,#6618,#6619);
#6617 = CARTESIAN_POINT('',(-40.,135.02,28.));
#6618 = DIRECTION('',(-0.,-1.,0.));
#6619 = DIRECTION('',(1.,0.,0.));
#6620 = ADVANCED_FACE('',(#6621),#6632,.F.);
#6621 = FACE_BOUND('',#6622,.T.);
#6622 = EDGE_LOOP('',(#6623,#6624,#6630,#6631));
#6623 = ORIENTED_EDGE('',*,*,#3975,.T.);
#6624 = ORIENTED_EDGE('',*,*,#6625,.T.);
#6625 = EDGE_CURVE('',#3976,#2930,#6626,.T.);
#6626 = LINE('',#6627,#6628);
#6627 = CARTESIAN_POINT('',(-29.8,135.02,28.));
#6628 = VECTOR('',#6629,1.);
#6629 = DIRECTION('',(0.,1.,0.));
#6630 = ORIENTED_EDGE('',*,*,#2929,.F.);
#6631 = ORIENTED_EDGE('',*,*,#6625,.F.);
#6632 = CYLINDRICAL_SURFACE('',#6633,2.2);
#6633 = AXIS2_PLACEMENT_3D('',#6634,#6635,#6636);
#6634 = CARTESIAN_POINT('',(-32.,135.02,28.));
#6635 = DIRECTION('',(-0.,-1.,0.));
#6636 = DIRECTION('',(1.,0.,0.));
#6637 = ADVANCED_FACE('',(#6638),#6649,.F.);
#6638 = FACE_BOUND('',#6639,.T.);
#6639 = EDGE_LOOP('',(#6640,#6641,#6647,#6648));
#6640 = ORIENTED_EDGE('',*,*,#3986,.T.);
#6641 = ORIENTED_EDGE('',*,*,#6642,.T.);
#6642 = EDGE_CURVE('',#3987,#2941,#6643,.T.);
#6643 = LINE('',#6644,#6645);
#6644 = CARTESIAN_POINT('',(-12.05,135.02,27.75));
#6645 = VECTOR('',#6646,1.);
#6646 = DIRECTION('',(0.,1.,0.));
#6647 = ORIENTED_EDGE('',*,*,#2940,.F.);
#6648 = ORIENTED_EDGE('',*,*,#6642,.F.);
#6649 = CYLINDRICAL_SURFACE('',#6650,2.2);
#6650 = AXIS2_PLACEMENT_3D('',#6651,#6652,#6653);
#6651 = CARTESIAN_POINT('',(-14.25,135.02,27.75));
#6652 = DIRECTION('',(-0.,-1.,0.));
#6653 = DIRECTION('',(1.,0.,0.));
#6654 = ADVANCED_FACE('',(#6655),#6666,.F.);
#6655 = FACE_BOUND('',#6656,.T.);
#6656 = EDGE_LOOP('',(#6657,#6658,#6664,#6665));
#6657 = ORIENTED_EDGE('',*,*,#3997,.T.);
#6658 = ORIENTED_EDGE('',*,*,#6659,.T.);
#6659 = EDGE_CURVE('',#3998,#2952,#6660,.T.);
#6660 = LINE('',#6661,#6662);
#6661 = CARTESIAN_POINT('',(-204.05,135.02,43.75));
#6662 = VECTOR('',#6663,1.);
#6663 = DIRECTION('',(0.,1.,0.));
#6664 = ORIENTED_EDGE('',*,*,#2951,.F.);
#6665 = ORIENTED_EDGE('',*,*,#6659,.F.);
#6666 = CYLINDRICAL_SURFACE('',#6667,2.2);
#6667 = AXIS2_PLACEMENT_3D('',#6668,#6669,#6670);
#6668 = CARTESIAN_POINT('',(-206.25,135.02,43.75));
#6669 = DIRECTION('',(-0.,-1.,0.));
#6670 = DIRECTION('',(1.,0.,0.));
#6671 = ADVANCED_FACE('',(#6672),#6683,.F.);
#6672 = FACE_BOUND('',#6673,.T.);
#6673 = EDGE_LOOP('',(#6674,#6675,#6681,#6682));
#6674 = ORIENTED_EDGE('',*,*,#4008,.T.);
#6675 = ORIENTED_EDGE('',*,*,#6676,.T.);
#6676 = EDGE_CURVE('',#4009,#2963,#6677,.T.);
#6677 = LINE('',#6678,#6679);
#6678 = CARTESIAN_POINT('',(-156.05,135.02,43.75));
#6679 = VECTOR('',#6680,1.);
#6680 = DIRECTION('',(0.,1.,0.));
#6681 = ORIENTED_EDGE('',*,*,#2962,.F.);
#6682 = ORIENTED_EDGE('',*,*,#6676,.F.);
#6683 = CYLINDRICAL_SURFACE('',#6684,2.2);
#6684 = AXIS2_PLACEMENT_3D('',#6685,#6686,#6687);
#6685 = CARTESIAN_POINT('',(-158.25,135.02,43.75));
#6686 = DIRECTION('',(-0.,-1.,0.));
#6687 = DIRECTION('',(1.,0.,0.));
#6688 = ADVANCED_FACE('',(#6689),#6700,.F.);
#6689 = FACE_BOUND('',#6690,.T.);
#6690 = EDGE_LOOP('',(#6691,#6692,#6698,#6699));
#6691 = ORIENTED_EDGE('',*,*,#4019,.T.);
#6692 = ORIENTED_EDGE('',*,*,#6693,.T.);
#6693 = EDGE_CURVE('',#4020,#2974,#6694,.T.);
#6694 = LINE('',#6695,#6696);
#6695 = CARTESIAN_POINT('',(-132.75,135.02,39.));
#6696 = VECTOR('',#6697,1.);
#6697 = DIRECTION('',(0.,1.,0.));
#6698 = ORIENTED_EDGE('',*,*,#2973,.F.);
#6699 = ORIENTED_EDGE('',*,*,#6693,.F.);
#6700 = CYLINDRICAL_SURFACE('',#6701,3.25);
#6701 = AXIS2_PLACEMENT_3D('',#6702,#6703,#6704);
#6702 = CARTESIAN_POINT('',(-136.,135.02,39.));
#6703 = DIRECTION('',(-0.,-1.,0.));
#6704 = DIRECTION('',(1.,0.,0.));
#6705 = ADVANCED_FACE('',(#6706),#6717,.F.);
#6706 = FACE_BOUND('',#6707,.T.);
#6707 = EDGE_LOOP('',(#6708,#6709,#6715,#6716));
#6708 = ORIENTED_EDGE('',*,*,#4030,.T.);
#6709 = ORIENTED_EDGE('',*,*,#6710,.T.);
#6710 = EDGE_CURVE('',#4031,#2985,#6711,.T.);
#6711 = LINE('',#6712,#6713);
#6712 = CARTESIAN_POINT('',(-114.75,135.02,39.));
#6713 = VECTOR('',#6714,1.);
#6714 = DIRECTION('',(0.,1.,0.));
#6715 = ORIENTED_EDGE('',*,*,#2984,.F.);
#6716 = ORIENTED_EDGE('',*,*,#6710,.F.);
#6717 = CYLINDRICAL_SURFACE('',#6718,3.25);
#6718 = AXIS2_PLACEMENT_3D('',#6719,#6720,#6721);
#6719 = CARTESIAN_POINT('',(-118.,135.02,39.));
#6720 = DIRECTION('',(-0.,-1.,0.));
#6721 = DIRECTION('',(1.,0.,0.));
#6722 = ADVANCED_FACE('',(#6723),#6734,.F.);
#6723 = FACE_BOUND('',#6724,.T.);
#6724 = EDGE_LOOP('',(#6725,#6726,#6732,#6733));
#6725 = ORIENTED_EDGE('',*,*,#4079,.T.);
#6726 = ORIENTED_EDGE('',*,*,#6727,.T.);
#6727 = EDGE_CURVE('',#4080,#3034,#6728,.T.);
#6728 = LINE('',#6729,#6730);
#6729 = CARTESIAN_POINT('',(-119.,135.02,48.));
#6730 = VECTOR('',#6731,1.);
#6731 = DIRECTION('',(0.,1.,0.));
#6732 = ORIENTED_EDGE('',*,*,#3033,.F.);
#6733 = ORIENTED_EDGE('',*,*,#6727,.F.);
#6734 = CYLINDRICAL_SURFACE('',#6735,8.);
#6735 = AXIS2_PLACEMENT_3D('',#6736,#6737,#6738);
#6736 = CARTESIAN_POINT('',(-127.,135.02,48.));
#6737 = DIRECTION('',(-0.,-1.,0.));
#6738 = DIRECTION('',(1.,0.,0.));
#6739 = ADVANCED_FACE('',(#6740),#6751,.F.);
#6740 = FACE_BOUND('',#6741,.T.);
#6741 = EDGE_LOOP('',(#6742,#6743,#6749,#6750));
#6742 = ORIENTED_EDGE('',*,*,#4128,.T.);
#6743 = ORIENTED_EDGE('',*,*,#6744,.T.);
#6744 = EDGE_CURVE('',#4129,#3083,#6745,.T.);
#6745 = LINE('',#6746,#6747);
#6746 = CARTESIAN_POINT('',(-181.92,135.02,57.75));
#6747 = VECTOR('',#6748,1.);
#6748 = DIRECTION('',(0.,1.,0.));
#6749 = ORIENTED_EDGE('',*,*,#3082,.F.);
#6750 = ORIENTED_EDGE('',*,*,#6744,.F.);
#6751 = CYLINDRICAL_SURFACE('',#6752,2.2);
#6752 = AXIS2_PLACEMENT_3D('',#6753,#6754,#6755);
#6753 = CARTESIAN_POINT('',(-184.12,135.02,57.75));
#6754 = DIRECTION('',(-0.,-1.,0.));
#6755 = DIRECTION('',(1.,0.,0.));
#6756 = ADVANCED_FACE('',(#6757),#6768,.F.);
#6757 = FACE_BOUND('',#6758,.T.);
#6758 = EDGE_LOOP('',(#6759,#6760,#6766,#6767));
#6759 = ORIENTED_EDGE('',*,*,#4139,.T.);
#6760 = ORIENTED_EDGE('',*,*,#6761,.T.);
#6761 = EDGE_CURVE('',#4140,#3094,#6762,.T.);
#6762 = LINE('',#6763,#6764);
#6763 = CARTESIAN_POINT('',(-167.92,135.02,57.75));
#6764 = VECTOR('',#6765,1.);
#6765 = DIRECTION('',(0.,1.,0.));
#6766 = ORIENTED_EDGE('',*,*,#3093,.F.);
#6767 = ORIENTED_EDGE('',*,*,#6761,.F.);
#6768 = CYLINDRICAL_SURFACE('',#6769,2.2);
#6769 = AXIS2_PLACEMENT_3D('',#6770,#6771,#6772);
#6770 = CARTESIAN_POINT('',(-170.12,135.02,57.75));
#6771 = DIRECTION('',(-0.,-1.,0.));
#6772 = DIRECTION('',(1.,0.,0.));
#6773 = ADVANCED_FACE('',(#6774),#6785,.F.);
#6774 = FACE_BOUND('',#6775,.T.);
#6775 = EDGE_LOOP('',(#6776,#6777,#6783,#6784));
#6776 = ORIENTED_EDGE('',*,*,#4150,.T.);
#6777 = ORIENTED_EDGE('',*,*,#6778,.T.);
#6778 = EDGE_CURVE('',#4151,#3105,#6779,.T.);
#6779 = LINE('',#6780,#6781);
#6780 = CARTESIAN_POINT('',(-132.75,135.02,57.));
#6781 = VECTOR('',#6782,1.);
#6782 = DIRECTION('',(0.,1.,0.));
#6783 = ORIENTED_EDGE('',*,*,#3104,.F.);
#6784 = ORIENTED_EDGE('',*,*,#6778,.F.);
#6785 = CYLINDRICAL_SURFACE('',#6786,3.25);
#6786 = AXIS2_PLACEMENT_3D('',#6787,#6788,#6789);
#6787 = CARTESIAN_POINT('',(-136.,135.02,57.));
#6788 = DIRECTION('',(-0.,-1.,0.));
#6789 = DIRECTION('',(1.,0.,0.));
#6790 = ADVANCED_FACE('',(#6791),#6802,.F.);
#6791 = FACE_BOUND('',#6792,.T.);
#6792 = EDGE_LOOP('',(#6793,#6794,#6800,#6801));
#6793 = ORIENTED_EDGE('',*,*,#4161,.T.);
#6794 = ORIENTED_EDGE('',*,*,#6795,.T.);
#6795 = EDGE_CURVE('',#4162,#3116,#6796,.T.);
#6796 = LINE('',#6797,#6798);
#6797 = CARTESIAN_POINT('',(-114.75,135.02,57.));
#6798 = VECTOR('',#6799,1.);
#6799 = DIRECTION('',(0.,1.,0.));
#6800 = ORIENTED_EDGE('',*,*,#3115,.F.);
#6801 = ORIENTED_EDGE('',*,*,#6795,.F.);
#6802 = CYLINDRICAL_SURFACE('',#6803,3.25);
#6803 = AXIS2_PLACEMENT_3D('',#6804,#6805,#6806);
#6804 = CARTESIAN_POINT('',(-118.,135.02,57.));
#6805 = DIRECTION('',(-0.,-1.,0.));
#6806 = DIRECTION('',(1.,0.,0.));
#6807 = ADVANCED_FACE('',(#6808),#6819,.F.);
#6808 = FACE_BOUND('',#6809,.T.);
#6809 = EDGE_LOOP('',(#6810,#6811,#6817,#6818));
#6810 = ORIENTED_EDGE('',*,*,#4172,.T.);
#6811 = ORIENTED_EDGE('',*,*,#6812,.T.);
#6812 = EDGE_CURVE('',#4173,#3127,#6813,.T.);
#6813 = LINE('',#6814,#6815);
#6814 = CARTESIAN_POINT('',(-60.05,135.02,43.75));
#6815 = VECTOR('',#6816,1.);
#6816 = DIRECTION('',(0.,1.,0.));
#6817 = ORIENTED_EDGE('',*,*,#3126,.F.);
#6818 = ORIENTED_EDGE('',*,*,#6812,.F.);
#6819 = CYLINDRICAL_SURFACE('',#6820,2.2);
#6820 = AXIS2_PLACEMENT_3D('',#6821,#6822,#6823);
#6821 = CARTESIAN_POINT('',(-62.25,135.02,43.75));
#6822 = DIRECTION('',(-0.,-1.,0.));
#6823 = DIRECTION('',(1.,0.,0.));
#6824 = ADVANCED_FACE('',(#6825),#6836,.F.);
#6825 = FACE_BOUND('',#6826,.T.);
#6826 = EDGE_LOOP('',(#6827,#6828,#6834,#6835));
#6827 = ORIENTED_EDGE('',*,*,#4183,.T.);
#6828 = ORIENTED_EDGE('',*,*,#6829,.T.);
#6829 = EDGE_CURVE('',#4184,#3138,#6830,.T.);
#6830 = LINE('',#6831,#6832);
#6831 = CARTESIAN_POINT('',(-12.05,135.02,43.75));
#6832 = VECTOR('',#6833,1.);
#6833 = DIRECTION('',(0.,1.,0.));
#6834 = ORIENTED_EDGE('',*,*,#3137,.F.);
#6835 = ORIENTED_EDGE('',*,*,#6829,.F.);
#6836 = CYLINDRICAL_SURFACE('',#6837,2.2);
#6837 = AXIS2_PLACEMENT_3D('',#6838,#6839,#6840);
#6838 = CARTESIAN_POINT('',(-14.25,135.02,43.75));
#6839 = DIRECTION('',(-0.,-1.,0.));
#6840 = DIRECTION('',(1.,0.,0.));
#6841 = ADVANCED_FACE('',(#6842),#6858,.F.);
#6842 = FACE_BOUND('',#6843,.T.);
#6843 = EDGE_LOOP('',(#6844,#6845,#6851,#6852));
#6844 = ORIENTED_EDGE('',*,*,#4194,.T.);
#6845 = ORIENTED_EDGE('',*,*,#6846,.F.);
#6846 = EDGE_CURVE('',#3149,#4197,#6847,.T.);
#6847 = LINE('',#6848,#6849);
#6848 = CARTESIAN_POINT('',(32.590087732802,135.02,25.880614129613));
#6849 = VECTOR('',#6850,1.);
#6850 = DIRECTION('',(0.,-1.,2.2E-16));
#6851 = ORIENTED_EDGE('',*,*,#3168,.F.);
#6852 = ORIENTED_EDGE('',*,*,#6853,.T.);
#6853 = EDGE_CURVE('',#3160,#4195,#6854,.T.);
#6854 = LINE('',#6855,#6856);
#6855 = CARTESIAN_POINT('',(33.159912267198,135.02,29.869385870387));
#6856 = VECTOR('',#6857,1.);
#6857 = DIRECTION('',(0.,-1.,2.2E-16));
#6858 = CYLINDRICAL_SURFACE('',#6859,2.2);
#6859 = AXIS2_PLACEMENT_3D('',#6860,#6861,#6862);
#6860 = CARTESIAN_POINT('',(32.,135.02,28.));
#6861 = DIRECTION('',(-0.,-1.,0.));
#6862 = DIRECTION('',(1.,0.,0.));
#6863 = ADVANCED_FACE('',(#6864),#6875,.F.);
#6864 = FACE_BOUND('',#6865,.T.);
#6865 = EDGE_LOOP('',(#6866,#6867,#6873,#6874));
#6866 = ORIENTED_EDGE('',*,*,#4223,.T.);
#6867 = ORIENTED_EDGE('',*,*,#6868,.T.);
#6868 = EDGE_CURVE('',#4224,#3178,#6869,.T.);
#6869 = LINE('',#6870,#6871);
#6870 = CARTESIAN_POINT('',(42.2,135.02,28.));
#6871 = VECTOR('',#6872,1.);
#6872 = DIRECTION('',(0.,1.,0.));
#6873 = ORIENTED_EDGE('',*,*,#3177,.F.);
#6874 = ORIENTED_EDGE('',*,*,#6868,.F.);
#6875 = CYLINDRICAL_SURFACE('',#6876,2.2);
#6876 = AXIS2_PLACEMENT_3D('',#6877,#6878,#6879);
#6877 = CARTESIAN_POINT('',(40.,135.02,28.));
#6878 = DIRECTION('',(-0.,-1.,0.));
#6879 = DIRECTION('',(1.,0.,0.));
#6880 = ADVANCED_FACE('',(#6881),#6897,.F.);
#6881 = FACE_BOUND('',#6882,.T.);
#6882 = EDGE_LOOP('',(#6883,#6884,#6890,#6891));
#6883 = ORIENTED_EDGE('',*,*,#4254,.T.);
#6884 = ORIENTED_EDGE('',*,*,#6885,.F.);
#6885 = EDGE_CURVE('',#3200,#4235,#6886,.T.);
#6886 = LINE('',#6887,#6888);
#6887 = CARTESIAN_POINT('',(83.425604720746,135.02,26.324395279254));
#6888 = VECTOR('',#6889,1.);
#6889 = DIRECTION('',(0.,-1.,2.2E-16));
#6890 = ORIENTED_EDGE('',*,*,#3199,.F.);
#6891 = ORIENTED_EDGE('',*,*,#6892,.T.);
#6892 = EDGE_CURVE('',#3191,#4246,#6893,.T.);
#6893 = LINE('',#6894,#6895);
#6894 = CARTESIAN_POINT('',(80.324395279254,135.02,29.425604720746));
#6895 = VECTOR('',#6896,1.);
#6896 = DIRECTION('',(0.,-1.,2.2E-16));
#6897 = CYLINDRICAL_SURFACE('',#6898,2.2);
#6898 = AXIS2_PLACEMENT_3D('',#6899,#6900,#6901);
#6899 = CARTESIAN_POINT('',(81.75,135.02,27.75));
#6900 = DIRECTION('',(-0.,-1.,0.));
#6901 = DIRECTION('',(1.,0.,0.));
#6902 = ADVANCED_FACE('',(#6903),#6914,.F.);
#6903 = FACE_BOUND('',#6904,.T.);
#6904 = EDGE_LOOP('',(#6905,#6906,#6912,#6913));
#6905 = ORIENTED_EDGE('',*,*,#4263,.T.);
#6906 = ORIENTED_EDGE('',*,*,#6907,.T.);
#6907 = EDGE_CURVE('',#4264,#3218,#6908,.T.);
#6908 = LINE('',#6909,#6910);
#6909 = CARTESIAN_POINT('',(120.2,135.02,19.));
#6910 = VECTOR('',#6911,1.);
#6911 = DIRECTION('',(0.,1.,0.));
#6912 = ORIENTED_EDGE('',*,*,#3217,.F.);
#6913 = ORIENTED_EDGE('',*,*,#6907,.F.);
#6914 = CYLINDRICAL_SURFACE('',#6915,2.2);
#6915 = AXIS2_PLACEMENT_3D('',#6916,#6917,#6918);
#6916 = CARTESIAN_POINT('',(118.,135.02,19.));
#6917 = DIRECTION('',(-0.,-1.,0.));
#6918 = DIRECTION('',(1.,0.,0.));
#6919 = ADVANCED_FACE('',(#6920),#6931,.F.);
#6920 = FACE_BOUND('',#6921,.T.);
#6921 = EDGE_LOOP('',(#6922,#6923,#6929,#6930));
#6922 = ORIENTED_EDGE('',*,*,#4274,.T.);
#6923 = ORIENTED_EDGE('',*,*,#6924,.T.);
#6924 = EDGE_CURVE('',#4275,#3229,#6925,.T.);
#6925 = LINE('',#6926,#6927);
#6926 = CARTESIAN_POINT('',(138.2,135.02,19.));
#6927 = VECTOR('',#6928,1.);
#6928 = DIRECTION('',(0.,1.,0.));
#6929 = ORIENTED_EDGE('',*,*,#3228,.F.);
#6930 = ORIENTED_EDGE('',*,*,#6924,.F.);
#6931 = CYLINDRICAL_SURFACE('',#6932,2.2);
#6932 = AXIS2_PLACEMENT_3D('',#6933,#6934,#6935);
#6933 = CARTESIAN_POINT('',(136.,135.02,19.));
#6934 = DIRECTION('',(-0.,-1.,0.));
#6935 = DIRECTION('',(1.,0.,0.));
#6936 = ADVANCED_FACE('',(#6937),#6948,.F.);
#6937 = FACE_BOUND('',#6938,.T.);
#6938 = EDGE_LOOP('',(#6939,#6940,#6946,#6947));
#6939 = ORIENTED_EDGE('',*,*,#4285,.T.);
#6940 = ORIENTED_EDGE('',*,*,#6941,.T.);
#6941 = EDGE_CURVE('',#4286,#3240,#6942,.T.);
#6942 = LINE('',#6943,#6944);
#6943 = CARTESIAN_POINT('',(151.2,135.02,25.));
#6944 = VECTOR('',#6945,1.);
#6945 = DIRECTION('',(0.,1.,0.));
#6946 = ORIENTED_EDGE('',*,*,#3239,.F.);
#6947 = ORIENTED_EDGE('',*,*,#6941,.F.);
#6948 = CYLINDRICAL_SURFACE('',#6949,2.2);
#6949 = AXIS2_PLACEMENT_3D('',#6950,#6951,#6952);
#6950 = CARTESIAN_POINT('',(149.,135.02,25.));
#6951 = DIRECTION('',(-0.,-1.,0.));
#6952 = DIRECTION('',(1.,0.,0.));
#6953 = ADVANCED_FACE('',(#6954),#6965,.F.);
#6954 = FACE_BOUND('',#6955,.T.);
#6955 = EDGE_LOOP('',(#6956,#6957,#6963,#6964));
#6956 = ORIENTED_EDGE('',*,*,#4296,.T.);
#6957 = ORIENTED_EDGE('',*,*,#6958,.T.);
#6958 = EDGE_CURVE('',#4297,#3251,#6959,.T.);
#6959 = LINE('',#6960,#6961);
#6960 = CARTESIAN_POINT('',(156.2,135.02,19.));
#6961 = VECTOR('',#6962,1.);
#6962 = DIRECTION('',(0.,1.,0.));
#6963 = ORIENTED_EDGE('',*,*,#3250,.F.);
#6964 = ORIENTED_EDGE('',*,*,#6958,.F.);
#6965 = CYLINDRICAL_SURFACE('',#6966,2.2);
#6966 = AXIS2_PLACEMENT_3D('',#6967,#6968,#6969);
#6967 = CARTESIAN_POINT('',(154.,135.02,19.));
#6968 = DIRECTION('',(-0.,-1.,0.));
#6969 = DIRECTION('',(1.,0.,0.));
#6970 = ADVANCED_FACE('',(#6971),#6982,.F.);
#6971 = FACE_BOUND('',#6972,.T.);
#6972 = EDGE_LOOP('',(#6973,#6974,#6980,#6981));
#6973 = ORIENTED_EDGE('',*,*,#4307,.T.);
#6974 = ORIENTED_EDGE('',*,*,#6975,.T.);
#6975 = EDGE_CURVE('',#4308,#3262,#6976,.T.);
#6976 = LINE('',#6977,#6978);
#6977 = CARTESIAN_POINT('',(159.2,135.02,25.));
#6978 = VECTOR('',#6979,1.);
#6979 = DIRECTION('',(0.,1.,0.));
#6980 = ORIENTED_EDGE('',*,*,#3261,.F.);
#6981 = ORIENTED_EDGE('',*,*,#6975,.F.);
#6982 = CYLINDRICAL_SURFACE('',#6983,2.2);
#6983 = AXIS2_PLACEMENT_3D('',#6984,#6985,#6986);
#6984 = CARTESIAN_POINT('',(157.,135.02,25.));
#6985 = DIRECTION('',(-0.,-1.,0.));
#6986 = DIRECTION('',(1.,0.,0.));
#6987 = ADVANCED_FACE('',(#6988),#6999,.F.);
#6988 = FACE_BOUND('',#6989,.T.);
#6989 = EDGE_LOOP('',(#6990,#6991,#6997,#6998));
#6990 = ORIENTED_EDGE('',*,*,#4318,.T.);
#6991 = ORIENTED_EDGE('',*,*,#6992,.T.);
#6992 = EDGE_CURVE('',#4319,#3273,#6993,.T.);
#6993 = LINE('',#6994,#6995);
#6994 = CARTESIAN_POINT('',(113.2,135.02,28.));
#6995 = VECTOR('',#6996,1.);
#6996 = DIRECTION('',(0.,1.,0.));
#6997 = ORIENTED_EDGE('',*,*,#3272,.F.);
#6998 = ORIENTED_EDGE('',*,*,#6992,.F.);
#6999 = CYLINDRICAL_SURFACE('',#7000,2.2);
#7000 = AXIS2_PLACEMENT_3D('',#7001,#7002,#7003);
#7001 = CARTESIAN_POINT('',(111.,135.02,28.));
#7002 = DIRECTION('',(-0.,-1.,0.));
#7003 = DIRECTION('',(1.,0.,0.));
#7004 = ADVANCED_FACE('',(#7005),#7016,.F.);
#7005 = FACE_BOUND('',#7006,.T.);
#7006 = EDGE_LOOP('',(#7007,#7008,#7014,#7015));
#7007 = ORIENTED_EDGE('',*,*,#4329,.T.);
#7008 = ORIENTED_EDGE('',*,*,#7009,.T.);
#7009 = EDGE_CURVE('',#4330,#3284,#7010,.T.);
#7010 = LINE('',#7011,#7012);
#7011 = CARTESIAN_POINT('',(131.95,135.02,27.75));
#7012 = VECTOR('',#7013,1.);
#7013 = DIRECTION('',(0.,1.,0.));
#7014 = ORIENTED_EDGE('',*,*,#3283,.F.);
#7015 = ORIENTED_EDGE('',*,*,#7009,.F.);
#7016 = CYLINDRICAL_SURFACE('',#7017,2.2);
#7017 = AXIS2_PLACEMENT_3D('',#7018,#7019,#7020);
#7018 = CARTESIAN_POINT('',(129.75,135.02,27.75));
#7019 = DIRECTION('',(-0.,-1.,0.));
#7020 = DIRECTION('',(1.,0.,0.));
#7021 = ADVANCED_FACE('',(#7022),#7033,.F.);
#7022 = FACE_BOUND('',#7023,.T.);
#7023 = EDGE_LOOP('',(#7024,#7025,#7031,#7032));
#7024 = ORIENTED_EDGE('',*,*,#4340,.T.);
#7025 = ORIENTED_EDGE('',*,*,#7026,.T.);
#7026 = EDGE_CURVE('',#4341,#3295,#7027,.T.);
#7027 = LINE('',#7028,#7029);
#7028 = CARTESIAN_POINT('',(101.95,135.02,34.));
#7029 = VECTOR('',#7030,1.);
#7030 = DIRECTION('',(0.,1.,0.));
#7031 = ORIENTED_EDGE('',*,*,#3294,.F.);
#7032 = ORIENTED_EDGE('',*,*,#7026,.F.);
#7033 = CYLINDRICAL_SURFACE('',#7034,2.2);
#7034 = AXIS2_PLACEMENT_3D('',#7035,#7036,#7037);
#7035 = CARTESIAN_POINT('',(99.75,135.02,34.));
#7036 = DIRECTION('',(-0.,-1.,0.));
#7037 = DIRECTION('',(1.,0.,0.));
#7038 = ADVANCED_FACE('',(#7039),#7050,.F.);
#7039 = FACE_BOUND('',#7040,.T.);
#7040 = EDGE_LOOP('',(#7041,#7042,#7048,#7049));
#7041 = ORIENTED_EDGE('',*,*,#4351,.T.);
#7042 = ORIENTED_EDGE('',*,*,#7043,.T.);
#7043 = EDGE_CURVE('',#4352,#3306,#7044,.T.);
#7044 = LINE('',#7045,#7046);
#7045 = CARTESIAN_POINT('',(175.,135.02,30.));
#7046 = VECTOR('',#7047,1.);
#7047 = DIRECTION('',(0.,1.,0.));
#7048 = ORIENTED_EDGE('',*,*,#3305,.F.);
#7049 = ORIENTED_EDGE('',*,*,#7043,.F.);
#7050 = CYLINDRICAL_SURFACE('',#7051,5.);
#7051 = AXIS2_PLACEMENT_3D('',#7052,#7053,#7054);
#7052 = CARTESIAN_POINT('',(170.,135.02,30.));
#7053 = DIRECTION('',(-0.,-1.,0.));
#7054 = DIRECTION('',(1.,0.,0.));
#7055 = ADVANCED_FACE('',(#7056),#7072,.F.);
#7056 = FACE_BOUND('',#7057,.T.);
#7057 = EDGE_LOOP('',(#7058,#7059,#7065,#7066));
#7058 = ORIENTED_EDGE('',*,*,#4382,.T.);
#7059 = ORIENTED_EDGE('',*,*,#7060,.F.);
#7060 = EDGE_CURVE('',#3328,#4363,#7061,.T.);
#7061 = LINE('',#7062,#7063);
#7062 = CARTESIAN_POINT('',(178.52666686276,135.02,25.691653920187));
#7063 = VECTOR('',#7064,1.);
#7064 = DIRECTION('',(0.,-1.,2.2E-16));
#7065 = ORIENTED_EDGE('',*,*,#3327,.F.);
#7066 = ORIENTED_EDGE('',*,*,#7067,.T.);
#7067 = EDGE_CURVE('',#3319,#4374,#7068,.T.);
#7068 = LINE('',#7069,#7070);
#7069 = CARTESIAN_POINT('',(178.46298055796,135.02,29.831263732439));
#7070 = VECTOR('',#7071,1.);
#7071 = DIRECTION('',(0.,-1.,2.2E-16));
#7072 = CYLINDRICAL_SURFACE('',#7073,2.2);
#7073 = AXIS2_PLACEMENT_3D('',#7074,#7075,#7076);
#7074 = CARTESIAN_POINT('',(177.75,135.02,27.75));
#7075 = DIRECTION('',(-0.,-1.,0.));
#7076 = DIRECTION('',(1.,0.,0.));
#7077 = ADVANCED_FACE('',(#7078),#7089,.F.);
#7078 = FACE_BOUND('',#7079,.T.);
#7079 = EDGE_LOOP('',(#7080,#7081,#7087,#7088));
#7080 = ORIENTED_EDGE('',*,*,#4391,.T.);
#7081 = ORIENTED_EDGE('',*,*,#7082,.T.);
#7082 = EDGE_CURVE('',#4392,#3346,#7083,.T.);
#7083 = LINE('',#7084,#7085);
#7084 = CARTESIAN_POINT('',(202.25,135.02,27.8));
#7085 = VECTOR('',#7086,1.);
#7086 = DIRECTION('',(0.,1.,0.));
#7087 = ORIENTED_EDGE('',*,*,#3345,.F.);
#7088 = ORIENTED_EDGE('',*,*,#7082,.F.);
#7089 = CYLINDRICAL_SURFACE('',#7090,3.25);
#7090 = AXIS2_PLACEMENT_3D('',#7091,#7092,#7093);
#7091 = CARTESIAN_POINT('',(199.,135.02,27.8));
#7092 = DIRECTION('',(-0.,-1.,0.));
#7093 = DIRECTION('',(1.,0.,0.));
#7094 = ADVANCED_FACE('',(#7095),#7111,.F.);
#7095 = FACE_BOUND('',#7096,.T.);
#7096 = EDGE_LOOP('',(#7097,#7098,#7104,#7105));
#7097 = ORIENTED_EDGE('',*,*,#4402,.T.);
#7098 = ORIENTED_EDGE('',*,*,#7099,.F.);
#7099 = EDGE_CURVE('',#3357,#4405,#7100,.T.);
#7100 = LINE('',#7101,#7102);
#7101 = CARTESIAN_POINT('',(153.63088235294,135.02,31.888911811624));
#7102 = VECTOR('',#7103,1.);
#7103 = DIRECTION('',(0.,-1.,2.2E-16));
#7104 = ORIENTED_EDGE('',*,*,#3376,.F.);
#7105 = ORIENTED_EDGE('',*,*,#7106,.T.);
#7106 = EDGE_CURVE('',#3368,#4403,#7107,.T.);
#7107 = LINE('',#7108,#7109);
#7108 = CARTESIAN_POINT('',(153.63088235294,135.02,36.111088188376));
#7109 = VECTOR('',#7110,1.);
#7110 = DIRECTION('',(0.,-1.,2.2E-16));
#7111 = CYLINDRICAL_SURFACE('',#7112,4.2);
#7112 = AXIS2_PLACEMENT_3D('',#7113,#7114,#7115);
#7113 = CARTESIAN_POINT('',(150.,135.02,34.));
#7114 = DIRECTION('',(-0.,-1.,0.));
#7115 = DIRECTION('',(1.,0.,0.));
#7116 = ADVANCED_FACE('',(#7117),#7128,.F.);
#7117 = FACE_BOUND('',#7118,.T.);
#7118 = EDGE_LOOP('',(#7119,#7120,#7126,#7127));
#7119 = ORIENTED_EDGE('',*,*,#4431,.T.);
#7120 = ORIENTED_EDGE('',*,*,#7121,.T.);
#7121 = EDGE_CURVE('',#4432,#3386,#7122,.T.);
#7122 = LINE('',#7123,#7124);
#7123 = CARTESIAN_POINT('',(198.,135.02,36.8));
#7124 = VECTOR('',#7125,1.);
#7125 = DIRECTION('',(0.,1.,0.));
#7126 = ORIENTED_EDGE('',*,*,#3385,.F.);
#7127 = ORIENTED_EDGE('',*,*,#7121,.F.);
#7128 = CYLINDRICAL_SURFACE('',#7129,8.);
#7129 = AXIS2_PLACEMENT_3D('',#7130,#7131,#7132);
#7130 = CARTESIAN_POINT('',(190.,135.02,36.8));
#7131 = DIRECTION('',(-0.,-1.,0.));
#7132 = DIRECTION('',(1.,0.,0.));
#7133 = ADVANCED_FACE('',(#7134),#7145,.F.);
#7134 = FACE_BOUND('',#7135,.T.);
#7135 = EDGE_LOOP('',(#7136,#7137,#7143,#7144));
#7136 = ORIENTED_EDGE('',*,*,#4442,.T.);
#7137 = ORIENTED_EDGE('',*,*,#7138,.T.);
#7138 = EDGE_CURVE('',#4443,#3397,#7139,.T.);
#7139 = LINE('',#7140,#7141);
#7140 = CARTESIAN_POINT('',(35.95,135.02,43.75));
#7141 = VECTOR('',#7142,1.);
#7142 = DIRECTION('',(0.,1.,0.));
#7143 = ORIENTED_EDGE('',*,*,#3396,.F.);
#7144 = ORIENTED_EDGE('',*,*,#7138,.F.);
#7145 = CYLINDRICAL_SURFACE('',#7146,2.2);
#7146 = AXIS2_PLACEMENT_3D('',#7147,#7148,#7149);
#7147 = CARTESIAN_POINT('',(33.75,135.02,43.75));
#7148 = DIRECTION('',(-0.,-1.,0.));
#7149 = DIRECTION('',(1.,0.,0.));
#7150 = ADVANCED_FACE('',(#7151),#7162,.F.);
#7151 = FACE_BOUND('',#7152,.T.);
#7152 = EDGE_LOOP('',(#7153,#7154,#7160,#7161));
#7153 = ORIENTED_EDGE('',*,*,#4453,.T.);
#7154 = ORIENTED_EDGE('',*,*,#7155,.T.);
#7155 = EDGE_CURVE('',#4454,#3408,#7156,.T.);
#7156 = LINE('',#7157,#7158);
#7157 = CARTESIAN_POINT('',(83.95,135.02,43.75));
#7158 = VECTOR('',#7159,1.);
#7159 = DIRECTION('',(0.,1.,0.));
#7160 = ORIENTED_EDGE('',*,*,#3407,.F.);
#7161 = ORIENTED_EDGE('',*,*,#7155,.F.);
#7162 = CYLINDRICAL_SURFACE('',#7163,2.2);
#7163 = AXIS2_PLACEMENT_3D('',#7164,#7165,#7166);
#7164 = CARTESIAN_POINT('',(81.75,135.02,43.75));
#7165 = DIRECTION('',(-0.,-1.,0.));
#7166 = DIRECTION('',(1.,0.,0.));
#7167 = ADVANCED_FACE('',(#7168),#7179,.F.);
#7168 = FACE_BOUND('',#7169,.T.);
#7169 = EDGE_LOOP('',(#7170,#7171,#7177,#7178));
#7170 = ORIENTED_EDGE('',*,*,#4464,.T.);
#7171 = ORIENTED_EDGE('',*,*,#7172,.T.);
#7172 = EDGE_CURVE('',#4465,#3419,#7173,.T.);
#7173 = LINE('',#7174,#7175);
#7174 = CARTESIAN_POINT('',(121.25,135.02,39.));
#7175 = VECTOR('',#7176,1.);
#7176 = DIRECTION('',(0.,1.,0.));
#7177 = ORIENTED_EDGE('',*,*,#3418,.F.);
#7178 = ORIENTED_EDGE('',*,*,#7172,.F.);
#7179 = CYLINDRICAL_SURFACE('',#7180,3.25);
#7180 = AXIS2_PLACEMENT_3D('',#7181,#7182,#7183);
#7181 = CARTESIAN_POINT('',(118.,135.02,39.));
#7182 = DIRECTION('',(-0.,-1.,0.));
#7183 = DIRECTION('',(1.,0.,0.));
#7184 = ADVANCED_FACE('',(#7185),#7196,.F.);
#7185 = FACE_BOUND('',#7186,.T.);
#7186 = EDGE_LOOP('',(#7187,#7188,#7194,#7195));
#7187 = ORIENTED_EDGE('',*,*,#4475,.T.);
#7188 = ORIENTED_EDGE('',*,*,#7189,.T.);
#7189 = EDGE_CURVE('',#4476,#3430,#7190,.T.);
#7190 = LINE('',#7191,#7192);
#7191 = CARTESIAN_POINT('',(139.25,135.02,39.));
#7192 = VECTOR('',#7193,1.);
#7193 = DIRECTION('',(0.,1.,0.));
#7194 = ORIENTED_EDGE('',*,*,#3429,.F.);
#7195 = ORIENTED_EDGE('',*,*,#7189,.F.);
#7196 = CYLINDRICAL_SURFACE('',#7197,3.25);
#7197 = AXIS2_PLACEMENT_3D('',#7198,#7199,#7200);
#7198 = CARTESIAN_POINT('',(136.,135.02,39.));
#7199 = DIRECTION('',(-0.,-1.,0.));
#7200 = DIRECTION('',(1.,0.,0.));
#7201 = ADVANCED_FACE('',(#7202),#7213,.F.);
#7202 = FACE_BOUND('',#7203,.T.);
#7203 = EDGE_LOOP('',(#7204,#7205,#7211,#7212));
#7204 = ORIENTED_EDGE('',*,*,#4524,.T.);
#7205 = ORIENTED_EDGE('',*,*,#7206,.T.);
#7206 = EDGE_CURVE('',#4525,#3479,#7207,.T.);
#7207 = LINE('',#7208,#7209);
#7208 = CARTESIAN_POINT('',(135.,135.02,48.));
#7209 = VECTOR('',#7210,1.);
#7210 = DIRECTION('',(0.,1.,0.));
#7211 = ORIENTED_EDGE('',*,*,#3478,.F.);
#7212 = ORIENTED_EDGE('',*,*,#7206,.F.);
#7213 = CYLINDRICAL_SURFACE('',#7214,8.);
#7214 = AXIS2_PLACEMENT_3D('',#7215,#7216,#7217);
#7215 = CARTESIAN_POINT('',(127.,135.02,48.));
#7216 = DIRECTION('',(-0.,-1.,0.));
#7217 = DIRECTION('',(1.,0.,0.));
#7218 = ADVANCED_FACE('',(#7219),#7235,.F.);
#7219 = FACE_BOUND('',#7220,.T.);
#7220 = EDGE_LOOP('',(#7221,#7222,#7228,#7229));
#7221 = ORIENTED_EDGE('',*,*,#4593,.T.);
#7222 = ORIENTED_EDGE('',*,*,#7223,.F.);
#7223 = EDGE_CURVE('',#3539,#4574,#7224,.T.);
#7224 = LINE('',#7225,#7226);
#7225 = CARTESIAN_POINT('',(179.73692786976,135.02,42.805480206474));
#7226 = VECTOR('',#7227,1.);
#7227 = DIRECTION('',(0.,-1.,2.2E-16));
#7228 = ORIENTED_EDGE('',*,*,#3538,.F.);
#7229 = ORIENTED_EDGE('',*,*,#7230,.T.);
#7230 = EDGE_CURVE('',#3530,#4585,#7231,.T.);
#7231 = LINE('',#7232,#7233);
#7232 = CARTESIAN_POINT('',(177.7534632579,135.02,45.949997274054));
#7233 = VECTOR('',#7234,1.);
#7234 = DIRECTION('',(0.,-1.,2.2E-16));
#7235 = CYLINDRICAL_SURFACE('',#7236,2.2);
#7236 = AXIS2_PLACEMENT_3D('',#7237,#7238,#7239);
#7237 = CARTESIAN_POINT('',(177.75,135.02,43.75));
#7238 = DIRECTION('',(-0.,-1.,0.));
#7239 = DIRECTION('',(1.,0.,0.));
#7240 = ADVANCED_FACE('',(#7241),#7252,.F.);
#7241 = FACE_BOUND('',#7242,.T.);
#7242 = EDGE_LOOP('',(#7243,#7244,#7250,#7251));
#7243 = ORIENTED_EDGE('',*,*,#4602,.T.);
#7244 = ORIENTED_EDGE('',*,*,#7245,.T.);
#7245 = EDGE_CURVE('',#4603,#3557,#7246,.T.);
#7246 = LINE('',#7247,#7248);
#7247 = CARTESIAN_POINT('',(202.25,135.02,45.8));
#7248 = VECTOR('',#7249,1.);
#7249 = DIRECTION('',(0.,1.,0.));
#7250 = ORIENTED_EDGE('',*,*,#3556,.F.);
#7251 = ORIENTED_EDGE('',*,*,#7245,.F.);
#7252 = CYLINDRICAL_SURFACE('',#7253,3.25);
#7253 = AXIS2_PLACEMENT_3D('',#7254,#7255,#7256);
#7254 = CARTESIAN_POINT('',(199.,135.02,45.8));
#7255 = DIRECTION('',(-0.,-1.,0.));
#7256 = DIRECTION('',(1.,0.,0.));
#7257 = ADVANCED_FACE('',(#7258),#7269,.F.);
#7258 = FACE_BOUND('',#7259,.T.);
#7259 = EDGE_LOOP('',(#7260,#7261,#7267,#7268));
#7260 = ORIENTED_EDGE('',*,*,#4613,.T.);
#7261 = ORIENTED_EDGE('',*,*,#7262,.T.);
#7262 = EDGE_CURVE('',#4614,#3568,#7263,.T.);
#7263 = LINE('',#7264,#7265);
#7264 = CARTESIAN_POINT('',(121.25,135.02,57.));
#7265 = VECTOR('',#7266,1.);
#7266 = DIRECTION('',(0.,1.,0.));
#7267 = ORIENTED_EDGE('',*,*,#3567,.F.);
#7268 = ORIENTED_EDGE('',*,*,#7262,.F.);
#7269 = CYLINDRICAL_SURFACE('',#7270,3.25);
#7270 = AXIS2_PLACEMENT_3D('',#7271,#7272,#7273);
#7271 = CARTESIAN_POINT('',(118.,135.02,57.));
#7272 = DIRECTION('',(-0.,-1.,0.));
#7273 = DIRECTION('',(1.,0.,0.));
#7274 = ADVANCED_FACE('',(#7275),#7286,.F.);
#7275 = FACE_BOUND('',#7276,.T.);
#7276 = EDGE_LOOP('',(#7277,#7278,#7284,#7285));
#7277 = ORIENTED_EDGE('',*,*,#4624,.T.);
#7278 = ORIENTED_EDGE('',*,*,#7279,.T.);
#7279 = EDGE_CURVE('',#4625,#3579,#7280,.T.);
#7280 = LINE('',#7281,#7282);
#7281 = CARTESIAN_POINT('',(139.25,135.02,57.));
#7282 = VECTOR('',#7283,1.);
#7283 = DIRECTION('',(0.,1.,0.));
#7284 = ORIENTED_EDGE('',*,*,#3578,.F.);
#7285 = ORIENTED_EDGE('',*,*,#7279,.F.);
#7286 = CYLINDRICAL_SURFACE('',#7287,3.25);
#7287 = AXIS2_PLACEMENT_3D('',#7288,#7289,#7290);
#7288 = CARTESIAN_POINT('',(136.,135.02,57.));
#7289 = DIRECTION('',(-0.,-1.,0.));
#7290 = DIRECTION('',(1.,0.,0.));
#7291 = ADVANCED_FACE('',(#7292),#7304,.F.);
#7292 = FACE_BOUND('',#7293,.T.);
#7293 = EDGE_LOOP('',(#7294,#7295,#7296,#7297,#7298,#7299,#7300,#7301,
    #7302,#7303));
#7294 = ORIENTED_EDGE('',*,*,#478,.F.);
#7295 = ORIENTED_EDGE('',*,*,#965,.T.);
#7296 = ORIENTED_EDGE('',*,*,#5734,.F.);
#7297 = ORIENTED_EDGE('',*,*,#5725,.F.);
#7298 = ORIENTED_EDGE('',*,*,#1433,.F.);
#7299 = ORIENTED_EDGE('',*,*,#2192,.T.);
#7300 = ORIENTED_EDGE('',*,*,#1417,.T.);
#7301 = ORIENTED_EDGE('',*,*,#5742,.F.);
#7302 = ORIENTED_EDGE('',*,*,#949,.F.);
#7303 = ORIENTED_EDGE('',*,*,#487,.F.);
#7304 = CYLINDRICAL_SURFACE('',#7305,2.2);
#7305 = AXIS2_PLACEMENT_3D('',#7306,#7307,#7308);
#7306 = CARTESIAN_POINT('',(-172.,182.,60.25));
#7307 = DIRECTION('',(-0.,-0.,-1.));
#7308 = DIRECTION('',(1.,0.,0.));
#7309 = ADVANCED_FACE('',(#7310),#7322,.F.);
#7310 = FACE_BOUND('',#7311,.T.);
#7311 = EDGE_LOOP('',(#7312,#7313,#7314,#7315,#7316,#7317,#7318,#7319,
    #7320,#7321));
#7312 = ORIENTED_EDGE('',*,*,#4650,.F.);
#7313 = ORIENTED_EDGE('',*,*,#446,.F.);
#7314 = ORIENTED_EDGE('',*,*,#4682,.F.);
#7315 = ORIENTED_EDGE('',*,*,#972,.F.);
#7316 = ORIENTED_EDGE('',*,*,#462,.T.);
#7317 = ORIENTED_EDGE('',*,*,#4642,.F.);
#7318 = ORIENTED_EDGE('',*,*,#2185,.F.);
#7319 = ORIENTED_EDGE('',*,*,#1449,.T.);
#7320 = ORIENTED_EDGE('',*,*,#2169,.T.);
#7321 = ORIENTED_EDGE('',*,*,#4659,.F.);
#7322 = CYLINDRICAL_SURFACE('',#7323,7.);
#7323 = AXIS2_PLACEMENT_3D('',#7324,#7325,#7326);
#7324 = CARTESIAN_POINT('',(172.,180.52,62.));
#7325 = DIRECTION('',(0.,-1.,2.2E-16));
#7326 = DIRECTION('',(1.,0.,0.));
#7327 = ADVANCED_FACE('',(#7328),#7342,.F.);
#7328 = FACE_BOUND('',#7329,.T.);
#7329 = EDGE_LOOP('',(#7330,#7331,#7332,#7333,#7334,#7335,#7336,#7337,
    #7338,#7339,#7340,#7341));
#7330 = ORIENTED_EDGE('',*,*,#4713,.F.);
#7331 = ORIENTED_EDGE('',*,*,#414,.F.);
#7332 = ORIENTED_EDGE('',*,*,#4745,.F.);
#7333 = ORIENTED_EDGE('',*,*,#981,.F.);
#7334 = ORIENTED_EDGE('',*,*,#4675,.F.);
#7335 = ORIENTED_EDGE('',*,*,#430,.T.);
#7336 = ORIENTED_EDGE('',*,*,#4705,.F.);
#7337 = ORIENTED_EDGE('',*,*,#4698,.F.);
#7338 = ORIENTED_EDGE('',*,*,#2162,.F.);
#7339 = ORIENTED_EDGE('',*,*,#1466,.T.);
#7340 = ORIENTED_EDGE('',*,*,#2146,.T.);
#7341 = ORIENTED_EDGE('',*,*,#4722,.F.);
#7342 = CYLINDRICAL_SURFACE('',#7343,7.);
#7343 = AXIS2_PLACEMENT_3D('',#7344,#7345,#7346);
#7344 = CARTESIAN_POINT('',(186.,180.52,62.));
#7345 = DIRECTION('',(0.,-1.,2.2E-16));
#7346 = DIRECTION('',(1.,0.,0.));
#7347 = ADVANCED_FACE('',(#7348),#7362,.F.);
#7348 = FACE_BOUND('',#7349,.T.);
#7349 = EDGE_LOOP('',(#7350,#7351,#7352,#7353,#7354,#7355,#7356,#7357,
    #7358,#7359,#7360,#7361));
#7350 = ORIENTED_EDGE('',*,*,#4776,.F.);
#7351 = ORIENTED_EDGE('',*,*,#382,.F.);
#7352 = ORIENTED_EDGE('',*,*,#999,.F.);
#7353 = ORIENTED_EDGE('',*,*,#990,.F.);
#7354 = ORIENTED_EDGE('',*,*,#4738,.F.);
#7355 = ORIENTED_EDGE('',*,*,#398,.T.);
#7356 = ORIENTED_EDGE('',*,*,#4768,.F.);
#7357 = ORIENTED_EDGE('',*,*,#4761,.F.);
#7358 = ORIENTED_EDGE('',*,*,#2139,.F.);
#7359 = ORIENTED_EDGE('',*,*,#1483,.T.);
#7360 = ORIENTED_EDGE('',*,*,#2123,.T.);
#7361 = ORIENTED_EDGE('',*,*,#4785,.F.);
#7362 = CYLINDRICAL_SURFACE('',#7363,7.);
#7363 = AXIS2_PLACEMENT_3D('',#7364,#7365,#7366);
#7364 = CARTESIAN_POINT('',(200.,180.52,62.));
#7365 = DIRECTION('',(0.,-1.,2.2E-16));
#7366 = DIRECTION('',(1.,0.,0.));
#7367 = ADVANCED_FACE('',(#7368),#7380,.F.);
#7368 = FACE_BOUND('',#7369,.T.);
#7369 = EDGE_LOOP('',(#7370,#7371,#7372,#7373,#7374,#7375,#7376,#7377,
    #7378,#7379));
#7370 = ORIENTED_EDGE('',*,*,#4834,.T.);
#7371 = ORIENTED_EDGE('',*,*,#2100,.T.);
#7372 = ORIENTED_EDGE('',*,*,#2711,.F.);
#7373 = ORIENTED_EDGE('',*,*,#2084,.F.);
#7374 = ORIENTED_EDGE('',*,*,#4817,.T.);
#7375 = ORIENTED_EDGE('',*,*,#334,.T.);
#7376 = ORIENTED_EDGE('',*,*,#3747,.T.);
#7377 = ORIENTED_EDGE('',*,*,#3756,.T.);
#7378 = ORIENTED_EDGE('',*,*,#350,.F.);
#7379 = ORIENTED_EDGE('',*,*,#4825,.T.);
#7380 = CYLINDRICAL_SURFACE('',#7381,2.2);
#7381 = AXIS2_PLACEMENT_3D('',#7382,#7383,#7384);
#7382 = CARTESIAN_POINT('',(154.25,135.02,62.));
#7383 = DIRECTION('',(0.,-1.,2.2E-16));
#7384 = DIRECTION('',(1.,0.,0.));
#7385 = ADVANCED_FACE('',(#7386),#7398,.F.);
#7386 = FACE_BOUND('',#7387,.T.);
#7387 = EDGE_LOOP('',(#7388,#7389,#7390,#7391,#7392,#7393,#7394,#7395,
    #7396,#7397));
#7388 = ORIENTED_EDGE('',*,*,#4867,.T.);
#7389 = ORIENTED_EDGE('',*,*,#2068,.T.);
#7390 = ORIENTED_EDGE('',*,*,#2703,.F.);
#7391 = ORIENTED_EDGE('',*,*,#2052,.F.);
#7392 = ORIENTED_EDGE('',*,*,#4850,.T.);
#7393 = ORIENTED_EDGE('',*,*,#302,.T.);
#7394 = ORIENTED_EDGE('',*,*,#3730,.T.);
#7395 = ORIENTED_EDGE('',*,*,#3739,.T.);
#7396 = ORIENTED_EDGE('',*,*,#318,.F.);
#7397 = ORIENTED_EDGE('',*,*,#4858,.T.);
#7398 = CYLINDRICAL_SURFACE('',#7399,2.2);
#7399 = AXIS2_PLACEMENT_3D('',#7400,#7401,#7402);
#7400 = CARTESIAN_POINT('',(99.75,135.02,62.));
#7401 = DIRECTION('',(0.,-1.,2.2E-16));
#7402 = DIRECTION('',(1.,0.,0.));
#7403 = ADVANCED_FACE('',(#7404),#7416,.F.);
#7404 = FACE_BOUND('',#7405,.T.);
#7405 = EDGE_LOOP('',(#7406,#7407,#7408,#7409,#7410,#7411,#7412,#7413,
    #7414,#7415));
#7406 = ORIENTED_EDGE('',*,*,#4900,.T.);
#7407 = ORIENTED_EDGE('',*,*,#2036,.T.);
#7408 = ORIENTED_EDGE('',*,*,#2695,.F.);
#7409 = ORIENTED_EDGE('',*,*,#2020,.F.);
#7410 = ORIENTED_EDGE('',*,*,#4883,.T.);
#7411 = ORIENTED_EDGE('',*,*,#270,.T.);
#7412 = ORIENTED_EDGE('',*,*,#3713,.T.);
#7413 = ORIENTED_EDGE('',*,*,#3722,.T.);
#7414 = ORIENTED_EDGE('',*,*,#286,.F.);
#7415 = ORIENTED_EDGE('',*,*,#4891,.T.);
#7416 = CYLINDRICAL_SURFACE('',#7417,2.2);
#7417 = AXIS2_PLACEMENT_3D('',#7418,#7419,#7420);
#7418 = CARTESIAN_POINT('',(82.,135.02,62.));
#7419 = DIRECTION('',(0.,-1.,2.2E-16));
#7420 = DIRECTION('',(1.,0.,0.));
#7421 = ADVANCED_FACE('',(#7422),#7434,.F.);
#7422 = FACE_BOUND('',#7423,.T.);
#7423 = EDGE_LOOP('',(#7424,#7425,#7426,#7427,#7428,#7429,#7430,#7431,
    #7432,#7433));
#7424 = ORIENTED_EDGE('',*,*,#4933,.T.);
#7425 = ORIENTED_EDGE('',*,*,#2004,.T.);
#7426 = ORIENTED_EDGE('',*,*,#2687,.F.);
#7427 = ORIENTED_EDGE('',*,*,#1988,.F.);
#7428 = ORIENTED_EDGE('',*,*,#4916,.T.);
#7429 = ORIENTED_EDGE('',*,*,#238,.T.);
#7430 = ORIENTED_EDGE('',*,*,#3696,.T.);
#7431 = ORIENTED_EDGE('',*,*,#3705,.T.);
#7432 = ORIENTED_EDGE('',*,*,#254,.F.);
#7433 = ORIENTED_EDGE('',*,*,#4924,.T.);
#7434 = CYLINDRICAL_SURFACE('',#7435,2.2);
#7435 = AXIS2_PLACEMENT_3D('',#7436,#7437,#7438);
#7436 = CARTESIAN_POINT('',(20.,135.02,62.));
#7437 = DIRECTION('',(0.,-1.,2.2E-16));
#7438 = DIRECTION('',(1.,0.,0.));
#7439 = ADVANCED_FACE('',(#7440),#7452,.F.);
#7440 = FACE_BOUND('',#7441,.T.);
#7441 = EDGE_LOOP('',(#7442,#7443,#7444,#7445,#7446,#7447,#7448,#7449,
    #7450,#7451));
#7442 = ORIENTED_EDGE('',*,*,#4966,.T.);
#7443 = ORIENTED_EDGE('',*,*,#1972,.T.);
#7444 = ORIENTED_EDGE('',*,*,#2679,.F.);
#7445 = ORIENTED_EDGE('',*,*,#1956,.F.);
#7446 = ORIENTED_EDGE('',*,*,#4949,.T.);
#7447 = ORIENTED_EDGE('',*,*,#206,.T.);
#7448 = ORIENTED_EDGE('',*,*,#3679,.T.);
#7449 = ORIENTED_EDGE('',*,*,#3688,.T.);
#7450 = ORIENTED_EDGE('',*,*,#222,.F.);
#7451 = ORIENTED_EDGE('',*,*,#4957,.T.);
#7452 = CYLINDRICAL_SURFACE('',#7453,2.2);
#7453 = AXIS2_PLACEMENT_3D('',#7454,#7455,#7456);
#7454 = CARTESIAN_POINT('',(-20.,135.02,62.));
#7455 = DIRECTION('',(0.,-1.,2.2E-16));
#7456 = DIRECTION('',(1.,0.,0.));
#7457 = ADVANCED_FACE('',(#7458),#7470,.F.);
#7458 = FACE_BOUND('',#7459,.T.);
#7459 = EDGE_LOOP('',(#7460,#7461,#7462,#7463,#7464,#7465,#7466,#7467,
    #7468,#7469));
#7460 = ORIENTED_EDGE('',*,*,#4999,.T.);
#7461 = ORIENTED_EDGE('',*,*,#1940,.T.);
#7462 = ORIENTED_EDGE('',*,*,#2671,.F.);
#7463 = ORIENTED_EDGE('',*,*,#1924,.F.);
#7464 = ORIENTED_EDGE('',*,*,#4982,.T.);
#7465 = ORIENTED_EDGE('',*,*,#174,.T.);
#7466 = ORIENTED_EDGE('',*,*,#3662,.T.);
#7467 = ORIENTED_EDGE('',*,*,#3671,.T.);
#7468 = ORIENTED_EDGE('',*,*,#190,.F.);
#7469 = ORIENTED_EDGE('',*,*,#4990,.T.);
#7470 = CYLINDRICAL_SURFACE('',#7471,2.2);
#7471 = AXIS2_PLACEMENT_3D('',#7472,#7473,#7474);
#7472 = CARTESIAN_POINT('',(-60.,135.02,62.));
#7473 = DIRECTION('',(0.,-1.,2.2E-16));
#7474 = DIRECTION('',(1.,0.,0.));
#7475 = ADVANCED_FACE('',(#7476),#7488,.F.);
#7476 = FACE_BOUND('',#7477,.T.);
#7477 = EDGE_LOOP('',(#7478,#7479,#7480,#7481,#7482,#7483,#7484,#7485,
    #7486,#7487));
#7478 = ORIENTED_EDGE('',*,*,#5032,.T.);
#7479 = ORIENTED_EDGE('',*,*,#1908,.T.);
#7480 = ORIENTED_EDGE('',*,*,#2663,.F.);
#7481 = ORIENTED_EDGE('',*,*,#1892,.F.);
#7482 = ORIENTED_EDGE('',*,*,#5015,.T.);
#7483 = ORIENTED_EDGE('',*,*,#142,.T.);
#7484 = ORIENTED_EDGE('',*,*,#3645,.T.);
#7485 = ORIENTED_EDGE('',*,*,#3654,.T.);
#7486 = ORIENTED_EDGE('',*,*,#158,.F.);
#7487 = ORIENTED_EDGE('',*,*,#5023,.T.);
#7488 = CYLINDRICAL_SURFACE('',#7489,2.2);
#7489 = AXIS2_PLACEMENT_3D('',#7490,#7491,#7492);
#7490 = CARTESIAN_POINT('',(-99.75,135.02,62.));
#7491 = DIRECTION('',(0.,-1.,2.2E-16));
#7492 = DIRECTION('',(1.,0.,0.));
#7493 = ADVANCED_FACE('',(#7494),#7506,.F.);
#7494 = FACE_BOUND('',#7495,.T.);
#7495 = EDGE_LOOP('',(#7496,#7497,#7498,#7499,#7500,#7501,#7502,#7503,
    #7504,#7505));
#7496 = ORIENTED_EDGE('',*,*,#5065,.T.);
#7497 = ORIENTED_EDGE('',*,*,#1876,.T.);
#7498 = ORIENTED_EDGE('',*,*,#2655,.F.);
#7499 = ORIENTED_EDGE('',*,*,#1860,.F.);
#7500 = ORIENTED_EDGE('',*,*,#5048,.T.);
#7501 = ORIENTED_EDGE('',*,*,#110,.T.);
#7502 = ORIENTED_EDGE('',*,*,#3628,.T.);
#7503 = ORIENTED_EDGE('',*,*,#3637,.T.);
#7504 = ORIENTED_EDGE('',*,*,#126,.F.);
#7505 = ORIENTED_EDGE('',*,*,#5056,.T.);
#7506 = CYLINDRICAL_SURFACE('',#7507,2.2);
#7507 = AXIS2_PLACEMENT_3D('',#7508,#7509,#7510);
#7508 = CARTESIAN_POINT('',(-154.25,135.02,62.));
#7509 = DIRECTION('',(0.,-1.,2.2E-16));
#7510 = DIRECTION('',(1.,0.,0.));
#7511 = ADVANCED_FACE('',(#7512),#7520,.F.);
#7512 = FACE_BOUND('',#7513,.T.);
#7513 = EDGE_LOOP('',(#7514,#7515,#7516,#7517,#7518,#7519));
#7514 = ORIENTED_EDGE('',*,*,#2314,.T.);
#7515 = ORIENTED_EDGE('',*,*,#2323,.T.);
#7516 = ORIENTED_EDGE('',*,*,#5358,.F.);
#7517 = ORIENTED_EDGE('',*,*,#627,.F.);
#7518 = ORIENTED_EDGE('',*,*,#618,.F.);
#7519 = ORIENTED_EDGE('',*,*,#5381,.T.);
#7520 = CYLINDRICAL_SURFACE('',#7521,7.);
#7521 = AXIS2_PLACEMENT_3D('',#7522,#7523,#7524);
#7522 = CARTESIAN_POINT('',(214.,155.,60.25));
#7523 = DIRECTION('',(-0.,-0.,-1.));
#7524 = DIRECTION('',(1.,0.,0.));
#7525 = ADVANCED_FACE('',(#7526),#7534,.F.);
#7526 = FACE_BOUND('',#7527,.T.);
#7527 = EDGE_LOOP('',(#7528,#7529,#7530,#7531,#7532,#7533));
#7528 = ORIENTED_EDGE('',*,*,#2475,.T.);
#7529 = ORIENTED_EDGE('',*,*,#5528,.F.);
#7530 = ORIENTED_EDGE('',*,*,#781,.F.);
#7531 = ORIENTED_EDGE('',*,*,#770,.F.);
#7532 = ORIENTED_EDGE('',*,*,#5535,.T.);
#7533 = ORIENTED_EDGE('',*,*,#2495,.T.);
#7534 = CYLINDRICAL_SURFACE('',#7535,2.2);
#7535 = AXIS2_PLACEMENT_3D('',#7536,#7537,#7538);
#7536 = CARTESIAN_POINT('',(-60.,160.02,60.25));
#7537 = DIRECTION('',(-0.,-0.,-1.));
#7538 = DIRECTION('',(1.,0.,0.));
#7539 = ADVANCED_FACE('',(#7540),#7548,.F.);
#7540 = FACE_BOUND('',#7541,.T.);
#7541 = EDGE_LOOP('',(#7542,#7543,#7544,#7545,#7546,#7547));
#7542 = ORIENTED_EDGE('',*,*,#2548,.T.);
#7543 = ORIENTED_EDGE('',*,*,#2559,.T.);
#7544 = ORIENTED_EDGE('',*,*,#5618,.F.);
#7545 = ORIENTED_EDGE('',*,*,#863,.F.);
#7546 = ORIENTED_EDGE('',*,*,#854,.F.);
#7547 = ORIENTED_EDGE('',*,*,#5625,.T.);
#7548 = CYLINDRICAL_SURFACE('',#7549,2.2);
#7549 = AXIS2_PLACEMENT_3D('',#7550,#7551,#7552);
#7550 = CARTESIAN_POINT('',(33.75,160.02,60.25));
#7551 = DIRECTION('',(-0.,-0.,-1.));
#7552 = DIRECTION('',(1.,0.,0.));
#7553 = ADVANCED_FACE('',(#7554),#7562,.F.);
#7554 = FACE_BOUND('',#7555,.T.);
#7555 = EDGE_LOOP('',(#7556,#7557,#7558,#7559,#7560,#7561));
#7556 = ORIENTED_EDGE('',*,*,#4214,.T.);
#7557 = ORIENTED_EDGE('',*,*,#6853,.F.);
#7558 = ORIENTED_EDGE('',*,*,#3159,.F.);
#7559 = ORIENTED_EDGE('',*,*,#3148,.F.);
#7560 = ORIENTED_EDGE('',*,*,#6846,.T.);
#7561 = ORIENTED_EDGE('',*,*,#4205,.T.);
#7562 = CYLINDRICAL_SURFACE('',#7563,2.2);
#7563 = AXIS2_PLACEMENT_3D('',#7564,#7565,#7566);
#7564 = CARTESIAN_POINT('',(33.75,135.02,27.75));
#7565 = DIRECTION('',(0.,-1.,2.2E-16));
#7566 = DIRECTION('',(1.,0.,0.));
#7567 = ADVANCED_FACE('',(#7568),#7586,.F.);
#7568 = FACE_BOUND('',#7569,.T.);
#7569 = EDGE_LOOP('',(#7570,#7571,#7577,#7578,#7579,#7585));
#7570 = ORIENTED_EDGE('',*,*,#4061,.T.);
#7571 = ORIENTED_EDGE('',*,*,#7572,.F.);
#7572 = EDGE_CURVE('',#3007,#4062,#7573,.T.);
#7573 = LINE('',#7574,#7575);
#7574 = CARTESIAN_POINT('',(-141.7193751525,135.02,48.));
#7575 = VECTOR('',#7576,1.);
#7576 = DIRECTION('',(0.,-1.,2.2E-16));
#7577 = ORIENTED_EDGE('',*,*,#3006,.F.);
#7578 = ORIENTED_EDGE('',*,*,#2995,.F.);
#7579 = ORIENTED_EDGE('',*,*,#7580,.T.);
#7580 = EDGE_CURVE('',#2996,#4044,#7581,.T.);
#7581 = LINE('',#7582,#7583);
#7582 = CARTESIAN_POINT('',(-144.2806248474,135.02,48.));
#7583 = VECTOR('',#7584,1.);
#7584 = DIRECTION('',(0.,-1.,2.2E-16));
#7585 = ORIENTED_EDGE('',*,*,#4052,.T.);
#7586 = CYLINDRICAL_SURFACE('',#7587,4.2);
#7587 = AXIS2_PLACEMENT_3D('',#7588,#7589,#7590);
#7588 = CARTESIAN_POINT('',(-143.,135.02,44.));
#7589 = DIRECTION('',(0.,-1.,2.2E-16));
#7590 = DIRECTION('',(1.,0.,0.));
#7591 = ADVANCED_FACE('',(#7592),#7600,.F.);
#7592 = FACE_BOUND('',#7593,.T.);
#7593 = EDGE_LOOP('',(#7594,#7595,#7596,#7597,#7598,#7599));
#7594 = ORIENTED_EDGE('',*,*,#3015,.F.);
#7595 = ORIENTED_EDGE('',*,*,#7572,.T.);
#7596 = ORIENTED_EDGE('',*,*,#4070,.T.);
#7597 = ORIENTED_EDGE('',*,*,#4041,.T.);
#7598 = ORIENTED_EDGE('',*,*,#7580,.F.);
#7599 = ORIENTED_EDGE('',*,*,#3024,.F.);
#7600 = CYLINDRICAL_SURFACE('',#7601,4.2);
#7601 = AXIS2_PLACEMENT_3D('',#7602,#7603,#7604);
#7602 = CARTESIAN_POINT('',(-143.,135.02,52.));
#7603 = DIRECTION('',(0.,-1.,2.2E-16));
#7604 = DIRECTION('',(1.,0.,0.));
#7605 = ADVANCED_FACE('',(#7606),#7624,.F.);
#7606 = FACE_BOUND('',#7607,.T.);
#7607 = EDGE_LOOP('',(#7608,#7609,#7615,#7616,#7617,#7623));
#7608 = ORIENTED_EDGE('',*,*,#4110,.T.);
#7609 = ORIENTED_EDGE('',*,*,#7610,.F.);
#7610 = EDGE_CURVE('',#3056,#4111,#7611,.T.);
#7611 = LINE('',#7612,#7613);
#7612 = CARTESIAN_POINT('',(-109.7193751525,135.02,48.));
#7613 = VECTOR('',#7614,1.);
#7614 = DIRECTION('',(0.,-1.,2.2E-16));
#7615 = ORIENTED_EDGE('',*,*,#3055,.F.);
#7616 = ORIENTED_EDGE('',*,*,#3044,.F.);
#7617 = ORIENTED_EDGE('',*,*,#7618,.T.);
#7618 = EDGE_CURVE('',#3045,#4093,#7619,.T.);
#7619 = LINE('',#7620,#7621);
#7620 = CARTESIAN_POINT('',(-112.2806248474,135.02,48.));
#7621 = VECTOR('',#7622,1.);
#7622 = DIRECTION('',(0.,-1.,2.2E-16));
#7623 = ORIENTED_EDGE('',*,*,#4101,.T.);
#7624 = CYLINDRICAL_SURFACE('',#7625,4.2);
#7625 = AXIS2_PLACEMENT_3D('',#7626,#7627,#7628);
#7626 = CARTESIAN_POINT('',(-111.,135.02,44.));
#7627 = DIRECTION('',(0.,-1.,2.2E-16));
#7628 = DIRECTION('',(1.,0.,0.));
#7629 = ADVANCED_FACE('',(#7630),#7638,.F.);
#7630 = FACE_BOUND('',#7631,.T.);
#7631 = EDGE_LOOP('',(#7632,#7633,#7634,#7635,#7636,#7637));
#7632 = ORIENTED_EDGE('',*,*,#3064,.F.);
#7633 = ORIENTED_EDGE('',*,*,#7610,.T.);
#7634 = ORIENTED_EDGE('',*,*,#4119,.T.);
#7635 = ORIENTED_EDGE('',*,*,#4090,.T.);
#7636 = ORIENTED_EDGE('',*,*,#7618,.F.);
#7637 = ORIENTED_EDGE('',*,*,#3073,.F.);
#7638 = CYLINDRICAL_SURFACE('',#7639,4.2);
#7639 = AXIS2_PLACEMENT_3D('',#7640,#7641,#7642);
#7640 = CARTESIAN_POINT('',(-111.,135.02,52.));
#7641 = DIRECTION('',(0.,-1.,2.2E-16));
#7642 = DIRECTION('',(1.,0.,0.));
#7643 = ADVANCED_FACE('',(#7644),#7652,.F.);
#7644 = FACE_BOUND('',#7645,.T.);
#7645 = EDGE_LOOP('',(#7646,#7647,#7648,#7649,#7650,#7651));
#7646 = ORIENTED_EDGE('',*,*,#3208,.F.);
#7647 = ORIENTED_EDGE('',*,*,#6885,.T.);
#7648 = ORIENTED_EDGE('',*,*,#4234,.T.);
#7649 = ORIENTED_EDGE('',*,*,#4245,.T.);
#7650 = ORIENTED_EDGE('',*,*,#6892,.F.);
#7651 = ORIENTED_EDGE('',*,*,#3188,.F.);
#7652 = CYLINDRICAL_SURFACE('',#7653,2.2);
#7653 = AXIS2_PLACEMENT_3D('',#7654,#7655,#7656);
#7654 = CARTESIAN_POINT('',(82.,135.02,28.));
#7655 = DIRECTION('',(0.,-1.,2.2E-16));
#7656 = DIRECTION('',(1.,0.,0.));
#7657 = ADVANCED_FACE('',(#7658),#7666,.F.);
#7658 = FACE_BOUND('',#7659,.T.);
#7659 = EDGE_LOOP('',(#7660,#7661,#7662,#7663,#7664,#7665));
#7660 = ORIENTED_EDGE('',*,*,#3336,.F.);
#7661 = ORIENTED_EDGE('',*,*,#7060,.T.);
#7662 = ORIENTED_EDGE('',*,*,#4362,.T.);
#7663 = ORIENTED_EDGE('',*,*,#4373,.T.);
#7664 = ORIENTED_EDGE('',*,*,#7067,.F.);
#7665 = ORIENTED_EDGE('',*,*,#3316,.F.);
#7666 = CYLINDRICAL_SURFACE('',#7667,3.25);
#7667 = AXIS2_PLACEMENT_3D('',#7668,#7669,#7670);
#7668 = CARTESIAN_POINT('',(181.,135.02,27.8));
#7669 = DIRECTION('',(0.,-1.,2.2E-16));
#7670 = DIRECTION('',(1.,0.,0.));
#7671 = ADVANCED_FACE('',(#7672),#7680,.F.);
#7672 = FACE_BOUND('',#7673,.T.);
#7673 = EDGE_LOOP('',(#7674,#7675,#7676,#7677,#7678,#7679));
#7674 = ORIENTED_EDGE('',*,*,#4422,.T.);
#7675 = ORIENTED_EDGE('',*,*,#7106,.F.);
#7676 = ORIENTED_EDGE('',*,*,#3367,.F.);
#7677 = ORIENTED_EDGE('',*,*,#3356,.F.);
#7678 = ORIENTED_EDGE('',*,*,#7099,.T.);
#7679 = ORIENTED_EDGE('',*,*,#4413,.T.);
#7680 = CYLINDRICAL_SURFACE('',#7681,2.2);
#7681 = AXIS2_PLACEMENT_3D('',#7682,#7683,#7684);
#7682 = CARTESIAN_POINT('',(154.25,135.02,34.));
#7683 = DIRECTION('',(0.,-1.,2.2E-16));
#7684 = DIRECTION('',(1.,0.,0.));
#7685 = ADVANCED_FACE('',(#7686),#7704,.F.);
#7686 = FACE_BOUND('',#7687,.T.);
#7687 = EDGE_LOOP('',(#7688,#7689,#7695,#7696,#7697,#7703));
#7688 = ORIENTED_EDGE('',*,*,#4506,.T.);
#7689 = ORIENTED_EDGE('',*,*,#7690,.F.);
#7690 = EDGE_CURVE('',#3452,#4507,#7691,.T.);
#7691 = LINE('',#7692,#7693);
#7692 = CARTESIAN_POINT('',(112.28062484748,135.02,48.));
#7693 = VECTOR('',#7694,1.);
#7694 = DIRECTION('',(0.,-1.,2.2E-16));
#7695 = ORIENTED_EDGE('',*,*,#3451,.F.);
#7696 = ORIENTED_EDGE('',*,*,#3440,.F.);
#7697 = ORIENTED_EDGE('',*,*,#7698,.T.);
#7698 = EDGE_CURVE('',#3441,#4489,#7699,.T.);
#7699 = LINE('',#7700,#7701);
#7700 = CARTESIAN_POINT('',(109.71937515251,135.02,48.));
#7701 = VECTOR('',#7702,1.);
#7702 = DIRECTION('',(0.,-1.,2.2E-16));
#7703 = ORIENTED_EDGE('',*,*,#4497,.T.);
#7704 = CYLINDRICAL_SURFACE('',#7705,4.2);
#7705 = AXIS2_PLACEMENT_3D('',#7706,#7707,#7708);
#7706 = CARTESIAN_POINT('',(111.,135.02,44.));
#7707 = DIRECTION('',(0.,-1.,2.2E-16));
#7708 = DIRECTION('',(1.,0.,0.));
#7709 = ADVANCED_FACE('',(#7710),#7718,.F.);
#7710 = FACE_BOUND('',#7711,.T.);
#7711 = EDGE_LOOP('',(#7712,#7713,#7714,#7715,#7716,#7717));
#7712 = ORIENTED_EDGE('',*,*,#3460,.F.);
#7713 = ORIENTED_EDGE('',*,*,#7690,.T.);
#7714 = ORIENTED_EDGE('',*,*,#4515,.T.);
#7715 = ORIENTED_EDGE('',*,*,#4486,.T.);
#7716 = ORIENTED_EDGE('',*,*,#7698,.F.);
#7717 = ORIENTED_EDGE('',*,*,#3469,.F.);
#7718 = CYLINDRICAL_SURFACE('',#7719,4.2);
#7719 = AXIS2_PLACEMENT_3D('',#7720,#7721,#7722);
#7720 = CARTESIAN_POINT('',(111.,135.02,52.));
#7721 = DIRECTION('',(0.,-1.,2.2E-16));
#7722 = DIRECTION('',(1.,0.,0.));
#7723 = ADVANCED_FACE('',(#7724),#7742,.F.);
#7724 = FACE_BOUND('',#7725,.T.);
#7725 = EDGE_LOOP('',(#7726,#7727,#7733,#7734,#7735,#7741));
#7726 = ORIENTED_EDGE('',*,*,#4555,.T.);
#7727 = ORIENTED_EDGE('',*,*,#7728,.F.);
#7728 = EDGE_CURVE('',#3501,#4556,#7729,.T.);
#7729 = LINE('',#7730,#7731);
#7730 = CARTESIAN_POINT('',(144.28062484748,135.02,48.));
#7731 = VECTOR('',#7732,1.);
#7732 = DIRECTION('',(0.,-1.,2.2E-16));
#7733 = ORIENTED_EDGE('',*,*,#3500,.F.);
#7734 = ORIENTED_EDGE('',*,*,#3489,.F.);
#7735 = ORIENTED_EDGE('',*,*,#7736,.T.);
#7736 = EDGE_CURVE('',#3490,#4538,#7737,.T.);
#7737 = LINE('',#7738,#7739);
#7738 = CARTESIAN_POINT('',(141.71937515251,135.02,48.));
#7739 = VECTOR('',#7740,1.);
#7740 = DIRECTION('',(0.,-1.,2.2E-16));
#7741 = ORIENTED_EDGE('',*,*,#4546,.T.);
#7742 = CYLINDRICAL_SURFACE('',#7743,4.2);
#7743 = AXIS2_PLACEMENT_3D('',#7744,#7745,#7746);
#7744 = CARTESIAN_POINT('',(143.,135.02,44.));
#7745 = DIRECTION('',(0.,-1.,2.2E-16));
#7746 = DIRECTION('',(1.,0.,0.));
#7747 = ADVANCED_FACE('',(#7748),#7756,.F.);
#7748 = FACE_BOUND('',#7749,.T.);
#7749 = EDGE_LOOP('',(#7750,#7751,#7752,#7753,#7754,#7755));
#7750 = ORIENTED_EDGE('',*,*,#3509,.F.);
#7751 = ORIENTED_EDGE('',*,*,#7728,.T.);
#7752 = ORIENTED_EDGE('',*,*,#4564,.T.);
#7753 = ORIENTED_EDGE('',*,*,#4535,.T.);
#7754 = ORIENTED_EDGE('',*,*,#7736,.F.);
#7755 = ORIENTED_EDGE('',*,*,#3518,.F.);
#7756 = CYLINDRICAL_SURFACE('',#7757,4.2);
#7757 = AXIS2_PLACEMENT_3D('',#7758,#7759,#7760);
#7758 = CARTESIAN_POINT('',(143.,135.02,52.));
#7759 = DIRECTION('',(0.,-1.,2.2E-16));
#7760 = DIRECTION('',(1.,0.,0.));
#7761 = ADVANCED_FACE('',(#7762),#7770,.F.);
#7762 = FACE_BOUND('',#7763,.T.);
#7763 = EDGE_LOOP('',(#7764,#7765,#7766,#7767,#7768,#7769));
#7764 = ORIENTED_EDGE('',*,*,#3547,.F.);
#7765 = ORIENTED_EDGE('',*,*,#7223,.T.);
#7766 = ORIENTED_EDGE('',*,*,#4573,.T.);
#7767 = ORIENTED_EDGE('',*,*,#4584,.T.);
#7768 = ORIENTED_EDGE('',*,*,#7230,.F.);
#7769 = ORIENTED_EDGE('',*,*,#3527,.F.);
#7770 = CYLINDRICAL_SURFACE('',#7771,3.25);
#7771 = AXIS2_PLACEMENT_3D('',#7772,#7773,#7774);
#7772 = CARTESIAN_POINT('',(181.,135.02,45.8));
#7773 = DIRECTION('',(0.,-1.,2.2E-16));
#7774 = DIRECTION('',(1.,0.,0.));
#7775 = ( GEOMETRIC_REPRESENTATION_CONTEXT(3) 
GLOBAL_UNCERTAINTY_ASSIGNED_CONTEXT((#7779)) 
GLOBAL_UNIT_ASSIGNED_CONTEXT((#7776,#7777,#7778)) REPRESENTATION_CONTEXT
('Context #1','3D Context with UNIT and UNCERTAINTY') );
#7776 = ( LENGTH_UNIT() NAMED_UNIT(*) SI_UNIT(.MILLI.,.METRE.) );
#7777 = ( NAMED_UNIT(*) PLANE_ANGLE_UNIT() SI_UNIT($,.RADIAN.) );
#7778 = ( NAMED_UNIT(*) SI_UNIT($,.STERADIAN.) SOLID_ANGLE_UNIT() );
#7779 = UNCERTAINTY_MEASURE_WITH_UNIT(LENGTH_MEASURE(2.E-05),#7776,
  'distance_accuracy_value','confusion accuracy');
#7780 = PRODUCT_RELATED_PRODUCT_CATEGORY('part',$,(#7));
ENDSEC;
END-ISO-10303-21;
