ISO-10303-21;
HEADER;
FILE_DESCRIPTION(('FreeCAD Model'),'2;1');
FILE_NAME('Open CASCADE Shape Model','2026-09-26T19:04:30',('Author'),(
    ''),'Open CASCADE STEP processor 7.8','FreeCAD','Unknown');
FILE_SCHEMA(('AUTOMOTIVE_DESIGN { 1 0 10303 214 1 1 1 1 }'));
ENDSEC;
DATA;
#1 = APPLICATION_PROTOCOL_DEFINITION('international standard',
  'automotive_design',2000,#2);
#2 = APPLICATION_CONTEXT(
  'core data for automotive mechanical design processes');
#3 = SHAPE_DEFINITION_REPRESENTATION(#4,#10);
#4 = PRODUCT_DEFINITION_SHAPE('','',#5);
#5 = PRODUCT_DEFINITION('design','',#6,#9);
#6 = PRODUCT_DEFINITION_FORMATION('','',#7);
#7 = PRODUCT('MOUNT_PLATE_L','MOUNT_PLATE_L','',(#8));
#8 = PRODUCT_CONTEXT('',#2,'mechanical');
#9 = PRODUCT_DEFINITION_CONTEXT('part definition',#2,'design');
#10 = ADVANCED_BREP_SHAPE_REPRESENTATION('',(#11,#15),#3133);
#11 = AXIS2_PLACEMENT_3D('',#12,#13,#14);
#12 = CARTESIAN_POINT('',(0.,0.,0.));
#13 = DIRECTION('',(0.,0.,1.));
#14 = DIRECTION('',(1.,0.,-0.));
#15 = MANIFOLD_SOLID_BREP('',#16);
#16 = CLOSED_SHELL('',(#17,#57,#676,#1423,#1440,#1457,#1474,#1491,#1508,
    #1525,#1542,#1559,#1581,#1606,#1623,#1648,#1673,#1698,#1723,#1748,
    #1770,#1792,#1814,#1839,#1864,#1881,#1906,#1931,#1956,#1981,#2006,
    #2023,#2048,#2073,#2098,#2123,#2148,#2170,#2192,#2214,#2239,#2264,
    #2281,#2298,#2315,#2332,#2349,#2407,#2460,#2513,#2571,#2588,#2605,
    #2622,#2639,#2656,#2673,#2690,#2707,#2765,#2818,#2871,#2929,#2943,
    #2957,#2978,#2997,#3013,#3029,#3045,#3066,#3085,#3101,#3117));
#17 = ADVANCED_FACE('',(#18),#52,.F.);
#18 = FACE_BOUND('',#19,.F.);
#19 = EDGE_LOOP('',(#20,#30,#38,#46));
#20 = ORIENTED_EDGE('',*,*,#21,.F.);
#21 = EDGE_CURVE('',#22,#24,#26,.T.);
#22 = VERTEX_POINT('',#23);
#23 = CARTESIAN_POINT('',(-152.4,132.97,23.85));
#24 = VERTEX_POINT('',#25);
#25 = CARTESIAN_POINT('',(-152.4,132.97,32.809411910022));
#26 = LINE('',#27,#28);
#27 = CARTESIAN_POINT('',(-152.4,132.97,23.85));
#28 = VECTOR('',#29,1.);
#29 = DIRECTION('',(0.,0.,1.));
#30 = ORIENTED_EDGE('',*,*,#31,.T.);
#31 = EDGE_CURVE('',#22,#32,#34,.T.);
#32 = VERTEX_POINT('',#33);
#33 = CARTESIAN_POINT('',(-152.4,136.02,23.85));
#34 = LINE('',#35,#36);
#35 = CARTESIAN_POINT('',(-152.4,132.97,23.85));
#36 = VECTOR('',#37,1.);
#37 = DIRECTION('',(0.,1.,0.));
#38 = ORIENTED_EDGE('',*,*,#39,.T.);
#39 = EDGE_CURVE('',#32,#40,#42,.T.);
#40 = VERTEX_POINT('',#41);
#41 = CARTESIAN_POINT('',(-152.4,136.02,32.809411910022));
#42 = LINE('',#43,#44);
#43 = CARTESIAN_POINT('',(-152.4,136.02,23.85));
#44 = VECTOR('',#45,1.);
#45 = DIRECTION('',(0.,0.,1.));
#46 = ORIENTED_EDGE('',*,*,#47,.T.);
#47 = EDGE_CURVE('',#40,#24,#48,.T.);
#48 = LINE('',#49,#50);
#49 = CARTESIAN_POINT('',(-152.4,131.97,32.809411910021));
#50 = VECTOR('',#51,1.);
#51 = DIRECTION('',(0.,-1.,2.2E-16));
#52 = PLANE('',#53);
#53 = AXIS2_PLACEMENT_3D('',#54,#55,#56);
#54 = CARTESIAN_POINT('',(-152.4,132.97,23.85));
#55 = DIRECTION('',(1.,0.,0.));
#56 = DIRECTION('',(0.,0.,1.));
#57 = ADVANCED_FACE('',(#58,#169,#180,#191,#202,#213,#224,#235,#246,#365
    ,#376,#387,#398,#409,#420,#431,#442,#453,#464,#475,#486,#497,#508,
    #519,#638,#649,#660),#671,.F.);
#58 = FACE_BOUND('',#59,.F.);
#59 = EDGE_LOOP('',(#60,#70,#76,#77,#86,#95,#103,#112,#121,#129,#137,
    #145,#154,#162));
#60 = ORIENTED_EDGE('',*,*,#61,.F.);
#61 = EDGE_CURVE('',#62,#64,#66,.T.);
#62 = VERTEX_POINT('',#63);
#63 = CARTESIAN_POINT('',(152.4,132.97,23.85));
#64 = VERTEX_POINT('',#65);
#65 = CARTESIAN_POINT('',(152.4,132.97,32.809411910022));
#66 = LINE('',#67,#68);
#67 = CARTESIAN_POINT('',(152.4,132.97,23.85));
#68 = VECTOR('',#69,1.);
#69 = DIRECTION('',(0.,0.,1.));
#70 = ORIENTED_EDGE('',*,*,#71,.F.);
#71 = EDGE_CURVE('',#22,#62,#72,.T.);
#72 = LINE('',#73,#74);
#73 = CARTESIAN_POINT('',(-152.4,132.97,23.85));
#74 = VECTOR('',#75,1.);
#75 = DIRECTION('',(1.,0.,0.));
#76 = ORIENTED_EDGE('',*,*,#21,.T.);
#77 = ORIENTED_EDGE('',*,*,#78,.T.);
#78 = EDGE_CURVE('',#24,#79,#81,.T.);
#79 = VERTEX_POINT('',#80);
#80 = CARTESIAN_POINT('',(-152.05,132.97,34.));
#81 = CIRCLE('',#82,2.2);
#82 = AXIS2_PLACEMENT_3D('',#83,#84,#85);
#83 = CARTESIAN_POINT('',(-154.25,132.97,34.));
#84 = DIRECTION('',(0.,-1.,2.2E-16));
#85 = DIRECTION('',(1.,0.,0.));
#86 = ORIENTED_EDGE('',*,*,#87,.T.);
#87 = EDGE_CURVE('',#79,#88,#90,.T.);
#88 = VERTEX_POINT('',#89);
#89 = CARTESIAN_POINT('',(-152.4,132.97,35.190588089978));
#90 = CIRCLE('',#91,2.2);
#91 = AXIS2_PLACEMENT_3D('',#92,#93,#94);
#92 = CARTESIAN_POINT('',(-154.25,132.97,34.));
#93 = DIRECTION('',(0.,-1.,2.2E-16));
#94 = DIRECTION('',(1.,0.,0.));
#95 = ORIENTED_EDGE('',*,*,#96,.T.);
#96 = EDGE_CURVE('',#88,#97,#99,.T.);
#97 = VERTEX_POINT('',#98);
#98 = CARTESIAN_POINT('',(-152.4,132.97,60.809411910023));
#99 = LINE('',#100,#101);
#100 = CARTESIAN_POINT('',(-152.4,132.97,23.85));
#101 = VECTOR('',#102,1.);
#102 = DIRECTION('',(0.,0.,1.));
#103 = ORIENTED_EDGE('',*,*,#104,.T.);
#104 = EDGE_CURVE('',#97,#105,#107,.T.);
#105 = VERTEX_POINT('',#106);
#106 = CARTESIAN_POINT('',(-152.05,132.97,62.));
#107 = CIRCLE('',#108,2.2);
#108 = AXIS2_PLACEMENT_3D('',#109,#110,#111);
#109 = CARTESIAN_POINT('',(-154.25,132.97,62.));
#110 = DIRECTION('',(0.,-1.,2.2E-16));
#111 = DIRECTION('',(1.,0.,0.));
#112 = ORIENTED_EDGE('',*,*,#113,.T.);
#113 = EDGE_CURVE('',#105,#114,#116,.T.);
#114 = VERTEX_POINT('',#115);
#115 = CARTESIAN_POINT('',(-152.4,132.97,63.190588089977));
#116 = CIRCLE('',#117,2.2);
#117 = AXIS2_PLACEMENT_3D('',#118,#119,#120);
#118 = CARTESIAN_POINT('',(-154.25,132.97,62.));
#119 = DIRECTION('',(0.,-1.,2.2E-16));
#120 = DIRECTION('',(1.,0.,0.));
#121 = ORIENTED_EDGE('',*,*,#122,.T.);
#122 = EDGE_CURVE('',#114,#123,#125,.T.);
#123 = VERTEX_POINT('',#124);
#124 = CARTESIAN_POINT('',(-152.4,132.97,72.15));
#125 = LINE('',#126,#127);
#126 = CARTESIAN_POINT('',(-152.4,132.97,23.85));
#127 = VECTOR('',#128,1.);
#128 = DIRECTION('',(0.,0.,1.));
#129 = ORIENTED_EDGE('',*,*,#130,.T.);
#130 = EDGE_CURVE('',#123,#131,#133,.T.);
#131 = VERTEX_POINT('',#132);
#132 = CARTESIAN_POINT('',(152.4,132.97,72.15));
#133 = LINE('',#134,#135);
#134 = CARTESIAN_POINT('',(-152.4,132.97,72.15));
#135 = VECTOR('',#136,1.);
#136 = DIRECTION('',(1.,0.,0.));
#137 = ORIENTED_EDGE('',*,*,#138,.F.);
#138 = EDGE_CURVE('',#139,#131,#141,.T.);
#139 = VERTEX_POINT('',#140);
#140 = CARTESIAN_POINT('',(152.4,132.97,63.190588089977));
#141 = LINE('',#142,#143);
#142 = CARTESIAN_POINT('',(152.4,132.97,23.85));
#143 = VECTOR('',#144,1.);
#144 = DIRECTION('',(0.,0.,1.));
#145 = ORIENTED_EDGE('',*,*,#146,.T.);
#146 = EDGE_CURVE('',#139,#147,#149,.T.);
#147 = VERTEX_POINT('',#148);
#148 = CARTESIAN_POINT('',(152.4,132.97,60.809411910023));
#149 = CIRCLE('',#150,2.2);
#150 = AXIS2_PLACEMENT_3D('',#151,#152,#153);
#151 = CARTESIAN_POINT('',(154.25,132.97,62.));
#152 = DIRECTION('',(0.,-1.,2.2E-16));
#153 = DIRECTION('',(1.,0.,0.));
#154 = ORIENTED_EDGE('',*,*,#155,.F.);
#155 = EDGE_CURVE('',#156,#147,#158,.T.);
#156 = VERTEX_POINT('',#157);
#157 = CARTESIAN_POINT('',(152.4,132.97,35.190588089978));
#158 = LINE('',#159,#160);
#159 = CARTESIAN_POINT('',(152.4,132.97,23.85));
#160 = VECTOR('',#161,1.);
#161 = DIRECTION('',(0.,0.,1.));
#162 = ORIENTED_EDGE('',*,*,#163,.T.);
#163 = EDGE_CURVE('',#156,#64,#164,.T.);
#164 = CIRCLE('',#165,2.2);
#165 = AXIS2_PLACEMENT_3D('',#166,#167,#168);
#166 = CARTESIAN_POINT('',(154.25,132.97,34.));
#167 = DIRECTION('',(0.,-1.,2.2E-16));
#168 = DIRECTION('',(1.,0.,0.));
#169 = FACE_BOUND('',#170,.F.);
#170 = EDGE_LOOP('',(#171));
#171 = ORIENTED_EDGE('',*,*,#172,.F.);
#172 = EDGE_CURVE('',#173,#173,#175,.T.);
#173 = VERTEX_POINT('',#174);
#174 = CARTESIAN_POINT('',(-86.1,132.97,28.));
#175 = CIRCLE('',#176,3.9);
#176 = AXIS2_PLACEMENT_3D('',#177,#178,#179);
#177 = CARTESIAN_POINT('',(-90.,132.97,28.));
#178 = DIRECTION('',(-0.,1.,0.));
#179 = DIRECTION('',(1.,0.,0.));
#180 = FACE_BOUND('',#181,.F.);
#181 = EDGE_LOOP('',(#182));
#182 = ORIENTED_EDGE('',*,*,#183,.T.);
#183 = EDGE_CURVE('',#184,#184,#186,.T.);
#184 = VERTEX_POINT('',#185);
#185 = CARTESIAN_POINT('',(-97.55,132.97,34.));
#186 = CIRCLE('',#187,2.2);
#187 = AXIS2_PLACEMENT_3D('',#188,#189,#190);
#188 = CARTESIAN_POINT('',(-99.75,132.97,34.));
#189 = DIRECTION('',(0.,-1.,2.2E-16));
#190 = DIRECTION('',(1.,0.,0.));
#191 = FACE_BOUND('',#192,.F.);
#192 = EDGE_LOOP('',(#193));
#193 = ORIENTED_EDGE('',*,*,#194,.T.);
#194 = EDGE_CURVE('',#195,#195,#197,.T.);
#195 = VERTEX_POINT('',#196);
#196 = CARTESIAN_POINT('',(-140.8,132.97,44.));
#197 = CIRCLE('',#198,2.2);
#198 = AXIS2_PLACEMENT_3D('',#199,#200,#201);
#199 = CARTESIAN_POINT('',(-143.,132.97,44.));
#200 = DIRECTION('',(0.,-1.,2.2E-16));
#201 = DIRECTION('',(1.,0.,0.));
#202 = FACE_BOUND('',#203,.F.);
#203 = EDGE_LOOP('',(#204));
#204 = ORIENTED_EDGE('',*,*,#205,.T.);
#205 = EDGE_CURVE('',#206,#206,#208,.T.);
#206 = VERTEX_POINT('',#207);
#207 = CARTESIAN_POINT('',(-108.8,132.97,44.));
#208 = CIRCLE('',#209,2.2);
#209 = AXIS2_PLACEMENT_3D('',#210,#211,#212);
#210 = CARTESIAN_POINT('',(-111.,132.97,44.));
#211 = DIRECTION('',(0.,-1.,2.2E-16));
#212 = DIRECTION('',(1.,0.,0.));
#213 = FACE_BOUND('',#214,.F.);
#214 = EDGE_LOOP('',(#215));
#215 = ORIENTED_EDGE('',*,*,#216,.F.);
#216 = EDGE_CURVE('',#217,#217,#219,.T.);
#217 = VERTEX_POINT('',#218);
#218 = CARTESIAN_POINT('',(-84.1,132.97,40.));
#219 = CIRCLE('',#220,3.9);
#220 = AXIS2_PLACEMENT_3D('',#221,#222,#223);
#221 = CARTESIAN_POINT('',(-88.,132.97,40.));
#222 = DIRECTION('',(-0.,1.,0.));
#223 = DIRECTION('',(1.,0.,0.));
#224 = FACE_BOUND('',#225,.F.);
#225 = EDGE_LOOP('',(#226));
#226 = ORIENTED_EDGE('',*,*,#227,.F.);
#227 = EDGE_CURVE('',#228,#228,#230,.T.);
#228 = VERTEX_POINT('',#229);
#229 = CARTESIAN_POINT('',(-36.1,132.97,28.));
#230 = CIRCLE('',#231,3.9);
#231 = AXIS2_PLACEMENT_3D('',#232,#233,#234);
#232 = CARTESIAN_POINT('',(-40.,132.97,28.));
#233 = DIRECTION('',(-0.,1.,0.));
#234 = DIRECTION('',(1.,0.,0.));
#235 = FACE_BOUND('',#236,.F.);
#236 = EDGE_LOOP('',(#237));
#237 = ORIENTED_EDGE('',*,*,#238,.F.);
#238 = EDGE_CURVE('',#239,#239,#241,.T.);
#239 = VERTEX_POINT('',#240);
#240 = CARTESIAN_POINT('',(-28.1,132.97,40.));
#241 = CIRCLE('',#242,3.9);
#242 = AXIS2_PLACEMENT_3D('',#243,#244,#245);
#243 = CARTESIAN_POINT('',(-32.,132.97,40.));
#244 = DIRECTION('',(-0.,1.,0.));
#245 = DIRECTION('',(1.,0.,0.));
#246 = FACE_BOUND('',#247,.F.);
#247 = EDGE_LOOP('',(#248,#259,#268,#277,#286,#295,#304,#313,#322,#331,
    #340,#349,#358));
#248 = ORIENTED_EDGE('',*,*,#249,.T.);
#249 = EDGE_CURVE('',#250,#252,#254,.T.);
#250 = VERTEX_POINT('',#251);
#251 = CARTESIAN_POINT('',(-113.,132.97,39.));
#252 = VERTEX_POINT('',#253);
#253 = CARTESIAN_POINT('',(-119.6578452186,132.97,43.717154781315));
#254 = CIRCLE('',#255,5.);
#255 = AXIS2_PLACEMENT_3D('',#256,#257,#258);
#256 = CARTESIAN_POINT('',(-118.,132.97,39.));
#257 = DIRECTION('',(0.,-1.,2.2E-16));
#258 = DIRECTION('',(1.,0.,0.));
#259 = ORIENTED_EDGE('',*,*,#260,.T.);
#260 = EDGE_CURVE('',#252,#261,#263,.T.);
#261 = VERTEX_POINT('',#262);
#262 = CARTESIAN_POINT('',(-118.5,132.97,48.));
#263 = CIRCLE('',#264,8.5);
#264 = AXIS2_PLACEMENT_3D('',#265,#266,#267);
#265 = CARTESIAN_POINT('',(-127.,132.97,48.));
#266 = DIRECTION('',(0.,-1.,2.2E-16));
#267 = DIRECTION('',(1.,0.,0.));
#268 = ORIENTED_EDGE('',*,*,#269,.T.);
#269 = EDGE_CURVE('',#261,#270,#272,.T.);
#270 = VERTEX_POINT('',#271);
#271 = CARTESIAN_POINT('',(-119.6578452186,132.97,52.282845218685));
#272 = CIRCLE('',#273,8.5);
#273 = AXIS2_PLACEMENT_3D('',#274,#275,#276);
#274 = CARTESIAN_POINT('',(-127.,132.97,48.));
#275 = DIRECTION('',(0.,-1.,2.2E-16));
#276 = DIRECTION('',(1.,0.,0.));
#277 = ORIENTED_EDGE('',*,*,#278,.T.);
#278 = EDGE_CURVE('',#270,#279,#281,.T.);
#279 = VERTEX_POINT('',#280);
#280 = CARTESIAN_POINT('',(-113.,132.97,57.));
#281 = CIRCLE('',#282,5.);
#282 = AXIS2_PLACEMENT_3D('',#283,#284,#285);
#283 = CARTESIAN_POINT('',(-118.,132.97,57.));
#284 = DIRECTION('',(0.,-1.,2.2E-16));
#285 = DIRECTION('',(1.,0.,0.));
#286 = ORIENTED_EDGE('',*,*,#287,.T.);
#287 = EDGE_CURVE('',#279,#288,#290,.T.);
#288 = VERTEX_POINT('',#289);
#289 = CARTESIAN_POINT('',(-122.7171547813,132.97,55.342154781315));
#290 = CIRCLE('',#291,5.);
#291 = AXIS2_PLACEMENT_3D('',#292,#293,#294);
#292 = CARTESIAN_POINT('',(-118.,132.97,57.));
#293 = DIRECTION('',(0.,-1.,2.2E-16));
#294 = DIRECTION('',(1.,0.,0.));
#295 = ORIENTED_EDGE('',*,*,#296,.T.);
#296 = EDGE_CURVE('',#288,#297,#299,.T.);
#297 = VERTEX_POINT('',#298);
#298 = CARTESIAN_POINT('',(-131.2828452186,132.97,55.342154781315));
#299 = CIRCLE('',#300,8.5);
#300 = AXIS2_PLACEMENT_3D('',#301,#302,#303);
#301 = CARTESIAN_POINT('',(-127.,132.97,48.));
#302 = DIRECTION('',(0.,-1.,2.2E-16));
#303 = DIRECTION('',(1.,0.,0.));
#304 = ORIENTED_EDGE('',*,*,#305,.T.);
#305 = EDGE_CURVE('',#297,#306,#308,.T.);
#306 = VERTEX_POINT('',#307);
#307 = CARTESIAN_POINT('',(-131.,132.97,57.));
#308 = CIRCLE('',#309,5.);
#309 = AXIS2_PLACEMENT_3D('',#310,#311,#312);
#310 = CARTESIAN_POINT('',(-136.,132.97,57.));
#311 = DIRECTION('',(0.,-1.,2.2E-16));
#312 = DIRECTION('',(1.,0.,0.));
#313 = ORIENTED_EDGE('',*,*,#314,.T.);
#314 = EDGE_CURVE('',#306,#315,#317,.T.);
#315 = VERTEX_POINT('',#316);
#316 = CARTESIAN_POINT('',(-134.3421547813,132.97,52.282845218685));
#317 = CIRCLE('',#318,5.);
#318 = AXIS2_PLACEMENT_3D('',#319,#320,#321);
#319 = CARTESIAN_POINT('',(-136.,132.97,57.));
#320 = DIRECTION('',(0.,-1.,2.2E-16));
#321 = DIRECTION('',(1.,0.,0.));
#322 = ORIENTED_EDGE('',*,*,#323,.T.);
#323 = EDGE_CURVE('',#315,#324,#326,.T.);
#324 = VERTEX_POINT('',#325);
#325 = CARTESIAN_POINT('',(-134.3421547813,132.97,43.717154781315));
#326 = CIRCLE('',#327,8.5);
#327 = AXIS2_PLACEMENT_3D('',#328,#329,#330);
#328 = CARTESIAN_POINT('',(-127.,132.97,48.));
#329 = DIRECTION('',(0.,-1.,2.2E-16));
#330 = DIRECTION('',(1.,0.,0.));
#331 = ORIENTED_EDGE('',*,*,#332,.T.);
#332 = EDGE_CURVE('',#324,#333,#335,.T.);
#333 = VERTEX_POINT('',#334);
#334 = CARTESIAN_POINT('',(-131.,132.97,39.));
#335 = CIRCLE('',#336,5.);
#336 = AXIS2_PLACEMENT_3D('',#337,#338,#339);
#337 = CARTESIAN_POINT('',(-136.,132.97,39.));
#338 = DIRECTION('',(0.,-1.,2.2E-16));
#339 = DIRECTION('',(1.,0.,0.));
#340 = ORIENTED_EDGE('',*,*,#341,.T.);
#341 = EDGE_CURVE('',#333,#342,#344,.T.);
#342 = VERTEX_POINT('',#343);
#343 = CARTESIAN_POINT('',(-131.2828452186,132.97,40.657845218685));
#344 = CIRCLE('',#345,5.);
#345 = AXIS2_PLACEMENT_3D('',#346,#347,#348);
#346 = CARTESIAN_POINT('',(-136.,132.97,39.));
#347 = DIRECTION('',(0.,-1.,2.2E-16));
#348 = DIRECTION('',(1.,0.,0.));
#349 = ORIENTED_EDGE('',*,*,#350,.T.);
#350 = EDGE_CURVE('',#342,#351,#353,.T.);
#351 = VERTEX_POINT('',#352);
#352 = CARTESIAN_POINT('',(-122.7171547813,132.97,40.657845218685));
#353 = CIRCLE('',#354,8.5);
#354 = AXIS2_PLACEMENT_3D('',#355,#356,#357);
#355 = CARTESIAN_POINT('',(-127.,132.97,48.));
#356 = DIRECTION('',(0.,-1.,2.2E-16));
#357 = DIRECTION('',(1.,0.,0.));
#358 = ORIENTED_EDGE('',*,*,#359,.T.);
#359 = EDGE_CURVE('',#351,#250,#360,.T.);
#360 = CIRCLE('',#361,5.);
#361 = AXIS2_PLACEMENT_3D('',#362,#363,#364);
#362 = CARTESIAN_POINT('',(-118.,132.97,39.));
#363 = DIRECTION('',(0.,-1.,2.2E-16));
#364 = DIRECTION('',(1.,0.,0.));
#365 = FACE_BOUND('',#366,.F.);
#366 = EDGE_LOOP('',(#367));
#367 = ORIENTED_EDGE('',*,*,#368,.T.);
#368 = EDGE_CURVE('',#369,#369,#371,.T.);
#369 = VERTEX_POINT('',#370);
#370 = CARTESIAN_POINT('',(-140.8,132.97,52.));
#371 = CIRCLE('',#372,2.2);
#372 = AXIS2_PLACEMENT_3D('',#373,#374,#375);
#373 = CARTESIAN_POINT('',(-143.,132.97,52.));
#374 = DIRECTION('',(0.,-1.,2.2E-16));
#375 = DIRECTION('',(1.,0.,0.));
#376 = FACE_BOUND('',#377,.F.);
#377 = EDGE_LOOP('',(#378));
#378 = ORIENTED_EDGE('',*,*,#379,.T.);
#379 = EDGE_CURVE('',#380,#380,#382,.T.);
#380 = VERTEX_POINT('',#381);
#381 = CARTESIAN_POINT('',(-108.8,132.97,52.));
#382 = CIRCLE('',#383,2.2);
#383 = AXIS2_PLACEMENT_3D('',#384,#385,#386);
#384 = CARTESIAN_POINT('',(-111.,132.97,52.));
#385 = DIRECTION('',(0.,-1.,2.2E-16));
#386 = DIRECTION('',(1.,0.,0.));
#387 = FACE_BOUND('',#388,.F.);
#388 = EDGE_LOOP('',(#389));
#389 = ORIENTED_EDGE('',*,*,#390,.T.);
#390 = EDGE_CURVE('',#391,#391,#393,.T.);
#391 = VERTEX_POINT('',#392);
#392 = CARTESIAN_POINT('',(-97.55,132.97,62.));
#393 = CIRCLE('',#394,2.2);
#394 = AXIS2_PLACEMENT_3D('',#395,#396,#397);
#395 = CARTESIAN_POINT('',(-99.75,132.97,62.));
#396 = DIRECTION('',(0.,-1.,2.2E-16));
#397 = DIRECTION('',(1.,0.,0.));
#398 = FACE_BOUND('',#399,.F.);
#399 = EDGE_LOOP('',(#400));
#400 = ORIENTED_EDGE('',*,*,#401,.F.);
#401 = EDGE_CURVE('',#402,#402,#404,.T.);
#402 = VERTEX_POINT('',#403);
#403 = CARTESIAN_POINT('',(-56.1,132.97,52.));
#404 = CIRCLE('',#405,3.9);
#405 = AXIS2_PLACEMENT_3D('',#406,#407,#408);
#406 = CARTESIAN_POINT('',(-60.,132.97,52.));
#407 = DIRECTION('',(-0.,1.,0.));
#408 = DIRECTION('',(1.,0.,0.));
#409 = FACE_BOUND('',#410,.F.);
#410 = EDGE_LOOP('',(#411));
#411 = ORIENTED_EDGE('',*,*,#412,.F.);
#412 = EDGE_CURVE('',#413,#413,#415,.T.);
#413 = VERTEX_POINT('',#414);
#414 = CARTESIAN_POINT('',(-16.1,132.97,52.));
#415 = CIRCLE('',#416,3.9);
#416 = AXIS2_PLACEMENT_3D('',#417,#418,#419);
#417 = CARTESIAN_POINT('',(-20.,132.97,52.));
#418 = DIRECTION('',(-0.,1.,0.));
#419 = DIRECTION('',(1.,0.,0.));
#420 = FACE_BOUND('',#421,.F.);
#421 = EDGE_LOOP('',(#422));
#422 = ORIENTED_EDGE('',*,*,#423,.F.);
#423 = EDGE_CURVE('',#424,#424,#426,.T.);
#424 = VERTEX_POINT('',#425);
#425 = CARTESIAN_POINT('',(43.9,132.97,28.));
#426 = CIRCLE('',#427,3.9);
#427 = AXIS2_PLACEMENT_3D('',#428,#429,#430);
#428 = CARTESIAN_POINT('',(40.,132.97,28.));
#429 = DIRECTION('',(-0.,1.,0.));
#430 = DIRECTION('',(1.,0.,0.));
#431 = FACE_BOUND('',#432,.F.);
#432 = EDGE_LOOP('',(#433));
#433 = ORIENTED_EDGE('',*,*,#434,.F.);
#434 = EDGE_CURVE('',#435,#435,#437,.T.);
#435 = VERTEX_POINT('',#436);
#436 = CARTESIAN_POINT('',(35.9,132.97,40.));
#437 = CIRCLE('',#438,3.9);
#438 = AXIS2_PLACEMENT_3D('',#439,#440,#441);
#439 = CARTESIAN_POINT('',(32.,132.97,40.));
#440 = DIRECTION('',(-0.,1.,0.));
#441 = DIRECTION('',(1.,0.,0.));
#442 = FACE_BOUND('',#443,.F.);
#443 = EDGE_LOOP('',(#444));
#444 = ORIENTED_EDGE('',*,*,#445,.F.);
#445 = EDGE_CURVE('',#446,#446,#448,.T.);
#446 = VERTEX_POINT('',#447);
#447 = CARTESIAN_POINT('',(93.9,132.97,28.));
#448 = CIRCLE('',#449,3.9);
#449 = AXIS2_PLACEMENT_3D('',#450,#451,#452);
#450 = CARTESIAN_POINT('',(90.,132.97,28.));
#451 = DIRECTION('',(-0.,1.,0.));
#452 = DIRECTION('',(1.,0.,0.));
#453 = FACE_BOUND('',#454,.F.);
#454 = EDGE_LOOP('',(#455));
#455 = ORIENTED_EDGE('',*,*,#456,.T.);
#456 = EDGE_CURVE('',#457,#457,#459,.T.);
#457 = VERTEX_POINT('',#458);
#458 = CARTESIAN_POINT('',(101.95,132.97,34.));
#459 = CIRCLE('',#460,2.2);
#460 = AXIS2_PLACEMENT_3D('',#461,#462,#463);
#461 = CARTESIAN_POINT('',(99.75,132.97,34.));
#462 = DIRECTION('',(0.,-1.,2.2E-16));
#463 = DIRECTION('',(1.,0.,0.));
#464 = FACE_BOUND('',#465,.F.);
#465 = EDGE_LOOP('',(#466));
#466 = ORIENTED_EDGE('',*,*,#467,.F.);
#467 = EDGE_CURVE('',#468,#468,#470,.T.);
#468 = VERTEX_POINT('',#469);
#469 = CARTESIAN_POINT('',(91.9,132.97,40.));
#470 = CIRCLE('',#471,3.9);
#471 = AXIS2_PLACEMENT_3D('',#472,#473,#474);
#472 = CARTESIAN_POINT('',(88.,132.97,40.));
#473 = DIRECTION('',(-0.,1.,0.));
#474 = DIRECTION('',(1.,0.,0.));
#475 = FACE_BOUND('',#476,.F.);
#476 = EDGE_LOOP('',(#477));
#477 = ORIENTED_EDGE('',*,*,#478,.T.);
#478 = EDGE_CURVE('',#479,#479,#481,.T.);
#479 = VERTEX_POINT('',#480);
#480 = CARTESIAN_POINT('',(113.2,132.97,44.));
#481 = CIRCLE('',#482,2.2);
#482 = AXIS2_PLACEMENT_3D('',#483,#484,#485);
#483 = CARTESIAN_POINT('',(111.,132.97,44.));
#484 = DIRECTION('',(0.,-1.,2.2E-16));
#485 = DIRECTION('',(1.,0.,0.));
#486 = FACE_BOUND('',#487,.F.);
#487 = EDGE_LOOP('',(#488));
#488 = ORIENTED_EDGE('',*,*,#489,.T.);
#489 = EDGE_CURVE('',#490,#490,#492,.T.);
#490 = VERTEX_POINT('',#491);
#491 = CARTESIAN_POINT('',(145.2,132.97,44.));
#492 = CIRCLE('',#493,2.2);
#493 = AXIS2_PLACEMENT_3D('',#494,#495,#496);
#494 = CARTESIAN_POINT('',(143.,132.97,44.));
#495 = DIRECTION('',(0.,-1.,2.2E-16));
#496 = DIRECTION('',(1.,0.,0.));
#497 = FACE_BOUND('',#498,.F.);
#498 = EDGE_LOOP('',(#499));
#499 = ORIENTED_EDGE('',*,*,#500,.F.);
#500 = EDGE_CURVE('',#501,#501,#503,.T.);
#501 = VERTEX_POINT('',#502);
#502 = CARTESIAN_POINT('',(23.9,132.97,52.));
#503 = CIRCLE('',#504,3.9);
#504 = AXIS2_PLACEMENT_3D('',#505,#506,#507);
#505 = CARTESIAN_POINT('',(20.,132.97,52.));
#506 = DIRECTION('',(-0.,1.,0.));
#507 = DIRECTION('',(1.,0.,0.));
#508 = FACE_BOUND('',#509,.F.);
#509 = EDGE_LOOP('',(#510));
#510 = ORIENTED_EDGE('',*,*,#511,.F.);
#511 = EDGE_CURVE('',#512,#512,#514,.T.);
#512 = VERTEX_POINT('',#513);
#513 = CARTESIAN_POINT('',(63.9,132.97,52.));
#514 = CIRCLE('',#515,3.9);
#515 = AXIS2_PLACEMENT_3D('',#516,#517,#518);
#516 = CARTESIAN_POINT('',(60.,132.97,52.));
#517 = DIRECTION('',(-0.,1.,0.));
#518 = DIRECTION('',(1.,0.,0.));
#519 = FACE_BOUND('',#520,.F.);
#520 = EDGE_LOOP('',(#521,#532,#541,#550,#559,#568,#577,#586,#595,#604,
    #613,#622,#631));
#521 = ORIENTED_EDGE('',*,*,#522,.T.);
#522 = EDGE_CURVE('',#523,#525,#527,.T.);
#523 = VERTEX_POINT('',#524);
#524 = CARTESIAN_POINT('',(141.,132.97,39.));
#525 = VERTEX_POINT('',#526);
#526 = CARTESIAN_POINT('',(134.34215478131,132.97,43.717154781315));
#527 = CIRCLE('',#528,5.);
#528 = AXIS2_PLACEMENT_3D('',#529,#530,#531);
#529 = CARTESIAN_POINT('',(136.,132.97,39.));
#530 = DIRECTION('',(0.,-1.,2.2E-16));
#531 = DIRECTION('',(1.,0.,0.));
#532 = ORIENTED_EDGE('',*,*,#533,.T.);
#533 = EDGE_CURVE('',#525,#534,#536,.T.);
#534 = VERTEX_POINT('',#535);
#535 = CARTESIAN_POINT('',(135.5,132.97,48.));
#536 = CIRCLE('',#537,8.5);
#537 = AXIS2_PLACEMENT_3D('',#538,#539,#540);
#538 = CARTESIAN_POINT('',(127.,132.97,48.));
#539 = DIRECTION('',(0.,-1.,2.2E-16));
#540 = DIRECTION('',(1.,0.,0.));
#541 = ORIENTED_EDGE('',*,*,#542,.T.);
#542 = EDGE_CURVE('',#534,#543,#545,.T.);
#543 = VERTEX_POINT('',#544);
#544 = CARTESIAN_POINT('',(134.34215478131,132.97,52.282845218685));
#545 = CIRCLE('',#546,8.5);
#546 = AXIS2_PLACEMENT_3D('',#547,#548,#549);
#547 = CARTESIAN_POINT('',(127.,132.97,48.));
#548 = DIRECTION('',(0.,-1.,2.2E-16));
#549 = DIRECTION('',(1.,0.,0.));
#550 = ORIENTED_EDGE('',*,*,#551,.T.);
#551 = EDGE_CURVE('',#543,#552,#554,.T.);
#552 = VERTEX_POINT('',#553);
#553 = CARTESIAN_POINT('',(141.,132.97,57.));
#554 = CIRCLE('',#555,5.);
#555 = AXIS2_PLACEMENT_3D('',#556,#557,#558);
#556 = CARTESIAN_POINT('',(136.,132.97,57.));
#557 = DIRECTION('',(0.,-1.,2.2E-16));
#558 = DIRECTION('',(1.,0.,0.));
#559 = ORIENTED_EDGE('',*,*,#560,.T.);
#560 = EDGE_CURVE('',#552,#561,#563,.T.);
#561 = VERTEX_POINT('',#562);
#562 = CARTESIAN_POINT('',(131.28284521868,132.97,55.342154781315));
#563 = CIRCLE('',#564,5.);
#564 = AXIS2_PLACEMENT_3D('',#565,#566,#567);
#565 = CARTESIAN_POINT('',(136.,132.97,57.));
#566 = DIRECTION('',(0.,-1.,2.2E-16));
#567 = DIRECTION('',(1.,0.,0.));
#568 = ORIENTED_EDGE('',*,*,#569,.T.);
#569 = EDGE_CURVE('',#561,#570,#572,.T.);
#570 = VERTEX_POINT('',#571);
#571 = CARTESIAN_POINT('',(122.71715478131,132.97,55.342154781315));
#572 = CIRCLE('',#573,8.5);
#573 = AXIS2_PLACEMENT_3D('',#574,#575,#576);
#574 = CARTESIAN_POINT('',(127.,132.97,48.));
#575 = DIRECTION('',(0.,-1.,2.2E-16));
#576 = DIRECTION('',(1.,0.,0.));
#577 = ORIENTED_EDGE('',*,*,#578,.T.);
#578 = EDGE_CURVE('',#570,#579,#581,.T.);
#579 = VERTEX_POINT('',#580);
#580 = CARTESIAN_POINT('',(123.,132.97,57.));
#581 = CIRCLE('',#582,5.);
#582 = AXIS2_PLACEMENT_3D('',#583,#584,#585);
#583 = CARTESIAN_POINT('',(118.,132.97,57.));
#584 = DIRECTION('',(0.,-1.,2.2E-16));
#585 = DIRECTION('',(1.,0.,0.));
#586 = ORIENTED_EDGE('',*,*,#587,.T.);
#587 = EDGE_CURVE('',#579,#588,#590,.T.);
#588 = VERTEX_POINT('',#589);
#589 = CARTESIAN_POINT('',(119.65784521868,132.97,52.282845218685));
#590 = CIRCLE('',#591,5.);
#591 = AXIS2_PLACEMENT_3D('',#592,#593,#594);
#592 = CARTESIAN_POINT('',(118.,132.97,57.));
#593 = DIRECTION('',(0.,-1.,2.2E-16));
#594 = DIRECTION('',(1.,0.,0.));
#595 = ORIENTED_EDGE('',*,*,#596,.T.);
#596 = EDGE_CURVE('',#588,#597,#599,.T.);
#597 = VERTEX_POINT('',#598);
#598 = CARTESIAN_POINT('',(119.65784521868,132.97,43.717154781315));
#599 = CIRCLE('',#600,8.5);
#600 = AXIS2_PLACEMENT_3D('',#601,#602,#603);
#601 = CARTESIAN_POINT('',(127.,132.97,48.));
#602 = DIRECTION('',(0.,-1.,2.2E-16));
#603 = DIRECTION('',(1.,0.,0.));
#604 = ORIENTED_EDGE('',*,*,#605,.T.);
#605 = EDGE_CURVE('',#597,#606,#608,.T.);
#606 = VERTEX_POINT('',#607);
#607 = CARTESIAN_POINT('',(123.,132.97,39.));
#608 = CIRCLE('',#609,5.);
#609 = AXIS2_PLACEMENT_3D('',#610,#611,#612);
#610 = CARTESIAN_POINT('',(118.,132.97,39.));
#611 = DIRECTION('',(0.,-1.,2.2E-16));
#612 = DIRECTION('',(1.,0.,0.));
#613 = ORIENTED_EDGE('',*,*,#614,.T.);
#614 = EDGE_CURVE('',#606,#615,#617,.T.);
#615 = VERTEX_POINT('',#616);
#616 = CARTESIAN_POINT('',(122.71715478131,132.97,40.657845218685));
#617 = CIRCLE('',#618,5.);
#618 = AXIS2_PLACEMENT_3D('',#619,#620,#621);
#619 = CARTESIAN_POINT('',(118.,132.97,39.));
#620 = DIRECTION('',(0.,-1.,2.2E-16));
#621 = DIRECTION('',(1.,0.,0.));
#622 = ORIENTED_EDGE('',*,*,#623,.T.);
#623 = EDGE_CURVE('',#615,#624,#626,.T.);
#624 = VERTEX_POINT('',#625);
#625 = CARTESIAN_POINT('',(131.28284521868,132.97,40.657845218685));
#626 = CIRCLE('',#627,8.5);
#627 = AXIS2_PLACEMENT_3D('',#628,#629,#630);
#628 = CARTESIAN_POINT('',(127.,132.97,48.));
#629 = DIRECTION('',(0.,-1.,2.2E-16));
#630 = DIRECTION('',(1.,0.,0.));
#631 = ORIENTED_EDGE('',*,*,#632,.T.);
#632 = EDGE_CURVE('',#624,#523,#633,.T.);
#633 = CIRCLE('',#634,5.);
#634 = AXIS2_PLACEMENT_3D('',#635,#636,#637);
#635 = CARTESIAN_POINT('',(136.,132.97,39.));
#636 = DIRECTION('',(0.,-1.,2.2E-16));
#637 = DIRECTION('',(1.,0.,0.));
#638 = FACE_BOUND('',#639,.F.);
#639 = EDGE_LOOP('',(#640));
#640 = ORIENTED_EDGE('',*,*,#641,.T.);
#641 = EDGE_CURVE('',#642,#642,#644,.T.);
#642 = VERTEX_POINT('',#643);
#643 = CARTESIAN_POINT('',(113.2,132.97,52.));
#644 = CIRCLE('',#645,2.2);
#645 = AXIS2_PLACEMENT_3D('',#646,#647,#648);
#646 = CARTESIAN_POINT('',(111.,132.97,52.));
#647 = DIRECTION('',(0.,-1.,2.2E-16));
#648 = DIRECTION('',(1.,0.,0.));
#649 = FACE_BOUND('',#650,.F.);
#650 = EDGE_LOOP('',(#651));
#651 = ORIENTED_EDGE('',*,*,#652,.T.);
#652 = EDGE_CURVE('',#653,#653,#655,.T.);
#653 = VERTEX_POINT('',#654);
#654 = CARTESIAN_POINT('',(145.2,132.97,52.));
#655 = CIRCLE('',#656,2.2);
#656 = AXIS2_PLACEMENT_3D('',#657,#658,#659);
#657 = CARTESIAN_POINT('',(143.,132.97,52.));
#658 = DIRECTION('',(0.,-1.,2.2E-16));
#659 = DIRECTION('',(1.,0.,0.));
#660 = FACE_BOUND('',#661,.F.);
#661 = EDGE_LOOP('',(#662));
#662 = ORIENTED_EDGE('',*,*,#663,.T.);
#663 = EDGE_CURVE('',#664,#664,#666,.T.);
#664 = VERTEX_POINT('',#665);
#665 = CARTESIAN_POINT('',(101.95,132.97,62.));
#666 = CIRCLE('',#667,2.2);
#667 = AXIS2_PLACEMENT_3D('',#668,#669,#670);
#668 = CARTESIAN_POINT('',(99.75,132.97,62.));
#669 = DIRECTION('',(0.,-1.,2.2E-16));
#670 = DIRECTION('',(1.,0.,0.));
#671 = PLANE('',#672);
#672 = AXIS2_PLACEMENT_3D('',#673,#674,#675);
#673 = CARTESIAN_POINT('',(-152.4,132.97,23.85));
#674 = DIRECTION('',(0.,1.,0.));
#675 = DIRECTION('',(0.,0.,1.));
#676 = ADVANCED_FACE('',(#677,#788,#799,#810,#821,#832,#843,#1070,#1081,
    #1092,#1103,#1114,#1125,#1136,#1147,#1158,#1169,#1180,#1407),#1418,
  .T.);
#677 = FACE_BOUND('',#678,.T.);
#678 = EDGE_LOOP('',(#679,#689,#695,#696,#705,#714,#722,#731,#740,#748,
    #756,#764,#773,#781));
#679 = ORIENTED_EDGE('',*,*,#680,.F.);
#680 = EDGE_CURVE('',#681,#683,#685,.T.);
#681 = VERTEX_POINT('',#682);
#682 = CARTESIAN_POINT('',(152.4,136.02,23.85));
#683 = VERTEX_POINT('',#684);
#684 = CARTESIAN_POINT('',(152.4,136.02,32.809411910022));
#685 = LINE('',#686,#687);
#686 = CARTESIAN_POINT('',(152.4,136.02,23.85));
#687 = VECTOR('',#688,1.);
#688 = DIRECTION('',(0.,0.,1.));
#689 = ORIENTED_EDGE('',*,*,#690,.F.);
#690 = EDGE_CURVE('',#32,#681,#691,.T.);
#691 = LINE('',#692,#693);
#692 = CARTESIAN_POINT('',(-152.4,136.02,23.85));
#693 = VECTOR('',#694,1.);
#694 = DIRECTION('',(1.,0.,0.));
#695 = ORIENTED_EDGE('',*,*,#39,.T.);
#696 = ORIENTED_EDGE('',*,*,#697,.T.);
#697 = EDGE_CURVE('',#40,#698,#700,.T.);
#698 = VERTEX_POINT('',#699);
#699 = CARTESIAN_POINT('',(-152.05,136.02,34.));
#700 = CIRCLE('',#701,2.2);
#701 = AXIS2_PLACEMENT_3D('',#702,#703,#704);
#702 = CARTESIAN_POINT('',(-154.25,136.02,34.));
#703 = DIRECTION('',(0.,-1.,2.2E-16));
#704 = DIRECTION('',(1.,0.,0.));
#705 = ORIENTED_EDGE('',*,*,#706,.T.);
#706 = EDGE_CURVE('',#698,#707,#709,.T.);
#707 = VERTEX_POINT('',#708);
#708 = CARTESIAN_POINT('',(-152.4,136.02,35.190588089978));
#709 = CIRCLE('',#710,2.2);
#710 = AXIS2_PLACEMENT_3D('',#711,#712,#713);
#711 = CARTESIAN_POINT('',(-154.25,136.02,34.));
#712 = DIRECTION('',(0.,-1.,2.2E-16));
#713 = DIRECTION('',(1.,0.,0.));
#714 = ORIENTED_EDGE('',*,*,#715,.T.);
#715 = EDGE_CURVE('',#707,#716,#718,.T.);
#716 = VERTEX_POINT('',#717);
#717 = CARTESIAN_POINT('',(-152.4,136.02,60.809411910023));
#718 = LINE('',#719,#720);
#719 = CARTESIAN_POINT('',(-152.4,136.02,23.85));
#720 = VECTOR('',#721,1.);
#721 = DIRECTION('',(0.,0.,1.));
#722 = ORIENTED_EDGE('',*,*,#723,.T.);
#723 = EDGE_CURVE('',#716,#724,#726,.T.);
#724 = VERTEX_POINT('',#725);
#725 = CARTESIAN_POINT('',(-152.05,136.02,62.));
#726 = CIRCLE('',#727,2.2);
#727 = AXIS2_PLACEMENT_3D('',#728,#729,#730);
#728 = CARTESIAN_POINT('',(-154.25,136.02,62.));
#729 = DIRECTION('',(0.,-1.,2.2E-16));
#730 = DIRECTION('',(1.,0.,0.));
#731 = ORIENTED_EDGE('',*,*,#732,.T.);
#732 = EDGE_CURVE('',#724,#733,#735,.T.);
#733 = VERTEX_POINT('',#734);
#734 = CARTESIAN_POINT('',(-152.4,136.02,63.190588089977));
#735 = CIRCLE('',#736,2.2);
#736 = AXIS2_PLACEMENT_3D('',#737,#738,#739);
#737 = CARTESIAN_POINT('',(-154.25,136.02,62.));
#738 = DIRECTION('',(0.,-1.,2.2E-16));
#739 = DIRECTION('',(1.,0.,0.));
#740 = ORIENTED_EDGE('',*,*,#741,.T.);
#741 = EDGE_CURVE('',#733,#742,#744,.T.);
#742 = VERTEX_POINT('',#743);
#743 = CARTESIAN_POINT('',(-152.4,136.02,72.15));
#744 = LINE('',#745,#746);
#745 = CARTESIAN_POINT('',(-152.4,136.02,23.85));
#746 = VECTOR('',#747,1.);
#747 = DIRECTION('',(0.,0.,1.));
#748 = ORIENTED_EDGE('',*,*,#749,.T.);
#749 = EDGE_CURVE('',#742,#750,#752,.T.);
#750 = VERTEX_POINT('',#751);
#751 = CARTESIAN_POINT('',(152.4,136.02,72.15));
#752 = LINE('',#753,#754);
#753 = CARTESIAN_POINT('',(-152.4,136.02,72.15));
#754 = VECTOR('',#755,1.);
#755 = DIRECTION('',(1.,0.,0.));
#756 = ORIENTED_EDGE('',*,*,#757,.F.);
#757 = EDGE_CURVE('',#758,#750,#760,.T.);
#758 = VERTEX_POINT('',#759);
#759 = CARTESIAN_POINT('',(152.4,136.02,63.190588089977));
#760 = LINE('',#761,#762);
#761 = CARTESIAN_POINT('',(152.4,136.02,23.85));
#762 = VECTOR('',#763,1.);
#763 = DIRECTION('',(0.,0.,1.));
#764 = ORIENTED_EDGE('',*,*,#765,.T.);
#765 = EDGE_CURVE('',#758,#766,#768,.T.);
#766 = VERTEX_POINT('',#767);
#767 = CARTESIAN_POINT('',(152.4,136.02,60.809411910023));
#768 = CIRCLE('',#769,2.2);
#769 = AXIS2_PLACEMENT_3D('',#770,#771,#772);
#770 = CARTESIAN_POINT('',(154.25,136.02,62.));
#771 = DIRECTION('',(0.,-1.,2.2E-16));
#772 = DIRECTION('',(1.,0.,0.));
#773 = ORIENTED_EDGE('',*,*,#774,.F.);
#774 = EDGE_CURVE('',#775,#766,#777,.T.);
#775 = VERTEX_POINT('',#776);
#776 = CARTESIAN_POINT('',(152.4,136.02,35.190588089978));
#777 = LINE('',#778,#779);
#778 = CARTESIAN_POINT('',(152.4,136.02,23.85));
#779 = VECTOR('',#780,1.);
#780 = DIRECTION('',(0.,0.,1.));
#781 = ORIENTED_EDGE('',*,*,#782,.T.);
#782 = EDGE_CURVE('',#775,#683,#783,.T.);
#783 = CIRCLE('',#784,2.2);
#784 = AXIS2_PLACEMENT_3D('',#785,#786,#787);
#785 = CARTESIAN_POINT('',(154.25,136.02,34.));
#786 = DIRECTION('',(0.,-1.,2.2E-16));
#787 = DIRECTION('',(1.,0.,0.));
#788 = FACE_BOUND('',#789,.T.);
#789 = EDGE_LOOP('',(#790));
#790 = ORIENTED_EDGE('',*,*,#791,.T.);
#791 = EDGE_CURVE('',#792,#792,#794,.T.);
#792 = VERTEX_POINT('',#793);
#793 = CARTESIAN_POINT('',(-87.8,136.02,28.));
#794 = CIRCLE('',#795,2.2);
#795 = AXIS2_PLACEMENT_3D('',#796,#797,#798);
#796 = CARTESIAN_POINT('',(-90.,136.02,28.));
#797 = DIRECTION('',(0.,-1.,2.2E-16));
#798 = DIRECTION('',(1.,0.,0.));
#799 = FACE_BOUND('',#800,.T.);
#800 = EDGE_LOOP('',(#801));
#801 = ORIENTED_EDGE('',*,*,#802,.T.);
#802 = EDGE_CURVE('',#803,#803,#805,.T.);
#803 = VERTEX_POINT('',#804);
#804 = CARTESIAN_POINT('',(-97.55,136.02,34.));
#805 = CIRCLE('',#806,2.2);
#806 = AXIS2_PLACEMENT_3D('',#807,#808,#809);
#807 = CARTESIAN_POINT('',(-99.75,136.02,34.));
#808 = DIRECTION('',(0.,-1.,2.2E-16));
#809 = DIRECTION('',(1.,0.,0.));
#810 = FACE_BOUND('',#811,.T.);
#811 = EDGE_LOOP('',(#812));
#812 = ORIENTED_EDGE('',*,*,#813,.T.);
#813 = EDGE_CURVE('',#814,#814,#816,.T.);
#814 = VERTEX_POINT('',#815);
#815 = CARTESIAN_POINT('',(-85.8,136.02,40.));
#816 = CIRCLE('',#817,2.2);
#817 = AXIS2_PLACEMENT_3D('',#818,#819,#820);
#818 = CARTESIAN_POINT('',(-88.,136.02,40.));
#819 = DIRECTION('',(0.,-1.,2.2E-16));
#820 = DIRECTION('',(1.,0.,0.));
#821 = FACE_BOUND('',#822,.T.);
#822 = EDGE_LOOP('',(#823));
#823 = ORIENTED_EDGE('',*,*,#824,.T.);
#824 = EDGE_CURVE('',#825,#825,#827,.T.);
#825 = VERTEX_POINT('',#826);
#826 = CARTESIAN_POINT('',(-37.8,136.02,28.));
#827 = CIRCLE('',#828,2.2);
#828 = AXIS2_PLACEMENT_3D('',#829,#830,#831);
#829 = CARTESIAN_POINT('',(-40.,136.02,28.));
#830 = DIRECTION('',(0.,-1.,2.2E-16));
#831 = DIRECTION('',(1.,0.,0.));
#832 = FACE_BOUND('',#833,.T.);
#833 = EDGE_LOOP('',(#834));
#834 = ORIENTED_EDGE('',*,*,#835,.T.);
#835 = EDGE_CURVE('',#836,#836,#838,.T.);
#836 = VERTEX_POINT('',#837);
#837 = CARTESIAN_POINT('',(-29.8,136.02,40.));
#838 = CIRCLE('',#839,2.2);
#839 = AXIS2_PLACEMENT_3D('',#840,#841,#842);
#840 = CARTESIAN_POINT('',(-32.,136.02,40.));
#841 = DIRECTION('',(0.,-1.,2.2E-16));
#842 = DIRECTION('',(1.,0.,0.));
#843 = FACE_BOUND('',#844,.T.);
#844 = EDGE_LOOP('',(#845,#856,#865,#874,#883,#892,#901,#910,#919,#928,
    #937,#946,#955,#964,#973,#982,#991,#1000,#1009,#1018,#1027,#1036,
    #1045,#1054,#1063));
#845 = ORIENTED_EDGE('',*,*,#846,.T.);
#846 = EDGE_CURVE('',#847,#849,#851,.T.);
#847 = VERTEX_POINT('',#848);
#848 = CARTESIAN_POINT('',(-113.,136.02,39.));
#849 = VERTEX_POINT('',#850);
#850 = CARTESIAN_POINT('',(-113.3790547271,136.02,40.909676618027));
#851 = CIRCLE('',#852,5.);
#852 = AXIS2_PLACEMENT_3D('',#853,#854,#855);
#853 = CARTESIAN_POINT('',(-118.,136.02,39.));
#854 = DIRECTION('',(0.,-1.,2.2E-16));
#855 = DIRECTION('',(1.,0.,0.));
#856 = ORIENTED_EDGE('',*,*,#857,.T.);
#857 = EDGE_CURVE('',#849,#858,#860,.T.);
#858 = VERTEX_POINT('',#859);
#859 = CARTESIAN_POINT('',(-107.1,136.02,44.));
#860 = CIRCLE('',#861,3.9);
#861 = AXIS2_PLACEMENT_3D('',#862,#863,#864);
#862 = CARTESIAN_POINT('',(-111.,136.02,44.));
#863 = DIRECTION('',(0.,-1.,0.));
#864 = DIRECTION('',(1.,0.,0.));
#865 = ORIENTED_EDGE('',*,*,#866,.T.);
#866 = EDGE_CURVE('',#858,#867,#869,.T.);
#867 = VERTEX_POINT('',#868);
#868 = CARTESIAN_POINT('',(-114.6948641917,136.02,42.75180986846));
#869 = CIRCLE('',#870,3.9);
#870 = AXIS2_PLACEMENT_3D('',#871,#872,#873);
#871 = CARTESIAN_POINT('',(-111.,136.02,44.));
#872 = DIRECTION('',(0.,-1.,0.));
#873 = DIRECTION('',(1.,0.,0.));
#874 = ORIENTED_EDGE('',*,*,#875,.T.);
#875 = EDGE_CURVE('',#867,#876,#878,.T.);
#876 = VERTEX_POINT('',#877);
#877 = CARTESIAN_POINT('',(-119.6578452186,136.02,43.717154781315));
#878 = CIRCLE('',#879,5.);
#879 = AXIS2_PLACEMENT_3D('',#880,#881,#882);
#880 = CARTESIAN_POINT('',(-118.,136.02,39.));
#881 = DIRECTION('',(0.,-1.,2.2E-16));
#882 = DIRECTION('',(1.,0.,0.));
#883 = ORIENTED_EDGE('',*,*,#884,.T.);
#884 = EDGE_CURVE('',#876,#885,#887,.T.);
#885 = VERTEX_POINT('',#886);
#886 = CARTESIAN_POINT('',(-118.5,136.02,48.));
#887 = CIRCLE('',#888,8.5);
#888 = AXIS2_PLACEMENT_3D('',#889,#890,#891);
#889 = CARTESIAN_POINT('',(-127.,136.02,48.));
#890 = DIRECTION('',(0.,-1.,2.2E-16));
#891 = DIRECTION('',(1.,0.,0.));
#892 = ORIENTED_EDGE('',*,*,#893,.T.);
#893 = EDGE_CURVE('',#885,#894,#896,.T.);
#894 = VERTEX_POINT('',#895);
#895 = CARTESIAN_POINT('',(-119.6578452186,136.02,52.282845218685));
#896 = CIRCLE('',#897,8.5);
#897 = AXIS2_PLACEMENT_3D('',#898,#899,#900);
#898 = CARTESIAN_POINT('',(-127.,136.02,48.));
#899 = DIRECTION('',(0.,-1.,2.2E-16));
#900 = DIRECTION('',(1.,0.,0.));
#901 = ORIENTED_EDGE('',*,*,#902,.T.);
#902 = EDGE_CURVE('',#894,#903,#905,.T.);
#903 = VERTEX_POINT('',#904);
#904 = CARTESIAN_POINT('',(-114.6948641917,136.02,53.248190131541));
#905 = CIRCLE('',#906,5.);
#906 = AXIS2_PLACEMENT_3D('',#907,#908,#909);
#907 = CARTESIAN_POINT('',(-118.,136.02,57.));
#908 = DIRECTION('',(0.,-1.,2.2E-16));
#909 = DIRECTION('',(1.,0.,0.));
#910 = ORIENTED_EDGE('',*,*,#911,.T.);
#911 = EDGE_CURVE('',#903,#912,#914,.T.);
#912 = VERTEX_POINT('',#913);
#913 = CARTESIAN_POINT('',(-107.1,136.02,52.));
#914 = CIRCLE('',#915,3.9);
#915 = AXIS2_PLACEMENT_3D('',#916,#917,#918);
#916 = CARTESIAN_POINT('',(-111.,136.02,52.));
#917 = DIRECTION('',(0.,-1.,0.));
#918 = DIRECTION('',(1.,0.,0.));
#919 = ORIENTED_EDGE('',*,*,#920,.T.);
#920 = EDGE_CURVE('',#912,#921,#923,.T.);
#921 = VERTEX_POINT('',#922);
#922 = CARTESIAN_POINT('',(-113.3790547271,136.02,55.090323381972));
#923 = CIRCLE('',#924,3.9);
#924 = AXIS2_PLACEMENT_3D('',#925,#926,#927);
#925 = CARTESIAN_POINT('',(-111.,136.02,52.));
#926 = DIRECTION('',(0.,-1.,0.));
#927 = DIRECTION('',(1.,0.,0.));
#928 = ORIENTED_EDGE('',*,*,#929,.T.);
#929 = EDGE_CURVE('',#921,#930,#932,.T.);
#930 = VERTEX_POINT('',#931);
#931 = CARTESIAN_POINT('',(-113.,136.02,57.));
#932 = CIRCLE('',#933,5.);
#933 = AXIS2_PLACEMENT_3D('',#934,#935,#936);
#934 = CARTESIAN_POINT('',(-118.,136.02,57.));
#935 = DIRECTION('',(0.,-1.,2.2E-16));
#936 = DIRECTION('',(1.,0.,0.));
#937 = ORIENTED_EDGE('',*,*,#938,.T.);
#938 = EDGE_CURVE('',#930,#939,#941,.T.);
#939 = VERTEX_POINT('',#940);
#940 = CARTESIAN_POINT('',(-122.7171547813,136.02,55.342154781315));
#941 = CIRCLE('',#942,5.);
#942 = AXIS2_PLACEMENT_3D('',#943,#944,#945);
#943 = CARTESIAN_POINT('',(-118.,136.02,57.));
#944 = DIRECTION('',(0.,-1.,2.2E-16));
#945 = DIRECTION('',(1.,0.,0.));
#946 = ORIENTED_EDGE('',*,*,#947,.T.);
#947 = EDGE_CURVE('',#939,#948,#950,.T.);
#948 = VERTEX_POINT('',#949);
#949 = CARTESIAN_POINT('',(-131.2828452186,136.02,55.342154781315));
#950 = CIRCLE('',#951,8.5);
#951 = AXIS2_PLACEMENT_3D('',#952,#953,#954);
#952 = CARTESIAN_POINT('',(-127.,136.02,48.));
#953 = DIRECTION('',(0.,-1.,2.2E-16));
#954 = DIRECTION('',(1.,0.,0.));
#955 = ORIENTED_EDGE('',*,*,#956,.T.);
#956 = EDGE_CURVE('',#948,#957,#959,.T.);
#957 = VERTEX_POINT('',#958);
#958 = CARTESIAN_POINT('',(-131.,136.02,57.));
#959 = CIRCLE('',#960,5.);
#960 = AXIS2_PLACEMENT_3D('',#961,#962,#963);
#961 = CARTESIAN_POINT('',(-136.,136.02,57.));
#962 = DIRECTION('',(0.,-1.,2.2E-16));
#963 = DIRECTION('',(1.,0.,0.));
#964 = ORIENTED_EDGE('',*,*,#965,.T.);
#965 = EDGE_CURVE('',#957,#966,#968,.T.);
#966 = VERTEX_POINT('',#967);
#967 = CARTESIAN_POINT('',(-140.6209452728,136.02,55.090323381972));
#968 = CIRCLE('',#969,5.);
#969 = AXIS2_PLACEMENT_3D('',#970,#971,#972);
#970 = CARTESIAN_POINT('',(-136.,136.02,57.));
#971 = DIRECTION('',(0.,-1.,2.2E-16));
#972 = DIRECTION('',(1.,0.,0.));
#973 = ORIENTED_EDGE('',*,*,#974,.T.);
#974 = EDGE_CURVE('',#966,#975,#977,.T.);
#975 = VERTEX_POINT('',#976);
#976 = CARTESIAN_POINT('',(-139.1,136.02,52.));
#977 = CIRCLE('',#978,3.9);
#978 = AXIS2_PLACEMENT_3D('',#979,#980,#981);
#979 = CARTESIAN_POINT('',(-143.,136.02,52.));
#980 = DIRECTION('',(0.,-1.,0.));
#981 = DIRECTION('',(1.,0.,0.));
#982 = ORIENTED_EDGE('',*,*,#983,.T.);
#983 = EDGE_CURVE('',#975,#984,#986,.T.);
#984 = VERTEX_POINT('',#985);
#985 = CARTESIAN_POINT('',(-139.3051358082,136.02,53.248190131541));
#986 = CIRCLE('',#987,3.9);
#987 = AXIS2_PLACEMENT_3D('',#988,#989,#990);
#988 = CARTESIAN_POINT('',(-143.,136.02,52.));
#989 = DIRECTION('',(0.,-1.,0.));
#990 = DIRECTION('',(1.,0.,0.));
#991 = ORIENTED_EDGE('',*,*,#992,.T.);
#992 = EDGE_CURVE('',#984,#993,#995,.T.);
#993 = VERTEX_POINT('',#994);
#994 = CARTESIAN_POINT('',(-134.3421547813,136.02,52.282845218685));
#995 = CIRCLE('',#996,5.);
#996 = AXIS2_PLACEMENT_3D('',#997,#998,#999);
#997 = CARTESIAN_POINT('',(-136.,136.02,57.));
#998 = DIRECTION('',(0.,-1.,2.2E-16));
#999 = DIRECTION('',(1.,0.,0.));
#1000 = ORIENTED_EDGE('',*,*,#1001,.T.);
#1001 = EDGE_CURVE('',#993,#1002,#1004,.T.);
#1002 = VERTEX_POINT('',#1003);
#1003 = CARTESIAN_POINT('',(-134.3421547813,136.02,43.717154781315));
#1004 = CIRCLE('',#1005,8.5);
#1005 = AXIS2_PLACEMENT_3D('',#1006,#1007,#1008);
#1006 = CARTESIAN_POINT('',(-127.,136.02,48.));
#1007 = DIRECTION('',(0.,-1.,2.2E-16));
#1008 = DIRECTION('',(1.,0.,0.));
#1009 = ORIENTED_EDGE('',*,*,#1010,.T.);
#1010 = EDGE_CURVE('',#1002,#1011,#1013,.T.);
#1011 = VERTEX_POINT('',#1012);
#1012 = CARTESIAN_POINT('',(-139.3051358082,136.02,42.751809868459));
#1013 = CIRCLE('',#1014,5.);
#1014 = AXIS2_PLACEMENT_3D('',#1015,#1016,#1017);
#1015 = CARTESIAN_POINT('',(-136.,136.02,39.));
#1016 = DIRECTION('',(0.,-1.,2.2E-16));
#1017 = DIRECTION('',(1.,0.,0.));
#1018 = ORIENTED_EDGE('',*,*,#1019,.T.);
#1019 = EDGE_CURVE('',#1011,#1020,#1022,.T.);
#1020 = VERTEX_POINT('',#1021);
#1021 = CARTESIAN_POINT('',(-139.1,136.02,44.));
#1022 = CIRCLE('',#1023,3.9);
#1023 = AXIS2_PLACEMENT_3D('',#1024,#1025,#1026);
#1024 = CARTESIAN_POINT('',(-143.,136.02,44.));
#1025 = DIRECTION('',(0.,-1.,0.));
#1026 = DIRECTION('',(1.,0.,0.));
#1027 = ORIENTED_EDGE('',*,*,#1028,.T.);
#1028 = EDGE_CURVE('',#1020,#1029,#1031,.T.);
#1029 = VERTEX_POINT('',#1030);
#1030 = CARTESIAN_POINT('',(-140.6209452728,136.02,40.909676618028));
#1031 = CIRCLE('',#1032,3.9);
#1032 = AXIS2_PLACEMENT_3D('',#1033,#1034,#1035);
#1033 = CARTESIAN_POINT('',(-143.,136.02,44.));
#1034 = DIRECTION('',(0.,-1.,0.));
#1035 = DIRECTION('',(1.,0.,0.));
#1036 = ORIENTED_EDGE('',*,*,#1037,.T.);
#1037 = EDGE_CURVE('',#1029,#1038,#1040,.T.);
#1038 = VERTEX_POINT('',#1039);
#1039 = CARTESIAN_POINT('',(-131.,136.02,39.));
#1040 = CIRCLE('',#1041,5.);
#1041 = AXIS2_PLACEMENT_3D('',#1042,#1043,#1044);
#1042 = CARTESIAN_POINT('',(-136.,136.02,39.));
#1043 = DIRECTION('',(0.,-1.,2.2E-16));
#1044 = DIRECTION('',(1.,0.,0.));
#1045 = ORIENTED_EDGE('',*,*,#1046,.T.);
#1046 = EDGE_CURVE('',#1038,#1047,#1049,.T.);
#1047 = VERTEX_POINT('',#1048);
#1048 = CARTESIAN_POINT('',(-131.2828452186,136.02,40.657845218685));
#1049 = CIRCLE('',#1050,5.);
#1050 = AXIS2_PLACEMENT_3D('',#1051,#1052,#1053);
#1051 = CARTESIAN_POINT('',(-136.,136.02,39.));
#1052 = DIRECTION('',(0.,-1.,2.2E-16));
#1053 = DIRECTION('',(1.,0.,0.));
#1054 = ORIENTED_EDGE('',*,*,#1055,.T.);
#1055 = EDGE_CURVE('',#1047,#1056,#1058,.T.);
#1056 = VERTEX_POINT('',#1057);
#1057 = CARTESIAN_POINT('',(-122.7171547813,136.02,40.657845218685));
#1058 = CIRCLE('',#1059,8.5);
#1059 = AXIS2_PLACEMENT_3D('',#1060,#1061,#1062);
#1060 = CARTESIAN_POINT('',(-127.,136.02,48.));
#1061 = DIRECTION('',(0.,-1.,2.2E-16));
#1062 = DIRECTION('',(1.,0.,0.));
#1063 = ORIENTED_EDGE('',*,*,#1064,.T.);
#1064 = EDGE_CURVE('',#1056,#847,#1065,.T.);
#1065 = CIRCLE('',#1066,5.);
#1066 = AXIS2_PLACEMENT_3D('',#1067,#1068,#1069);
#1067 = CARTESIAN_POINT('',(-118.,136.02,39.));
#1068 = DIRECTION('',(0.,-1.,2.2E-16));
#1069 = DIRECTION('',(1.,0.,0.));
#1070 = FACE_BOUND('',#1071,.T.);
#1071 = EDGE_LOOP('',(#1072));
#1072 = ORIENTED_EDGE('',*,*,#1073,.T.);
#1073 = EDGE_CURVE('',#1074,#1074,#1076,.T.);
#1074 = VERTEX_POINT('',#1075);
#1075 = CARTESIAN_POINT('',(-97.55,136.02,62.));
#1076 = CIRCLE('',#1077,2.2);
#1077 = AXIS2_PLACEMENT_3D('',#1078,#1079,#1080);
#1078 = CARTESIAN_POINT('',(-99.75,136.02,62.));
#1079 = DIRECTION('',(0.,-1.,2.2E-16));
#1080 = DIRECTION('',(1.,0.,0.));
#1081 = FACE_BOUND('',#1082,.T.);
#1082 = EDGE_LOOP('',(#1083));
#1083 = ORIENTED_EDGE('',*,*,#1084,.T.);
#1084 = EDGE_CURVE('',#1085,#1085,#1087,.T.);
#1085 = VERTEX_POINT('',#1086);
#1086 = CARTESIAN_POINT('',(-57.8,136.02,52.));
#1087 = CIRCLE('',#1088,2.2);
#1088 = AXIS2_PLACEMENT_3D('',#1089,#1090,#1091);
#1089 = CARTESIAN_POINT('',(-60.,136.02,52.));
#1090 = DIRECTION('',(0.,-1.,2.2E-16));
#1091 = DIRECTION('',(1.,0.,0.));
#1092 = FACE_BOUND('',#1093,.T.);
#1093 = EDGE_LOOP('',(#1094));
#1094 = ORIENTED_EDGE('',*,*,#1095,.T.);
#1095 = EDGE_CURVE('',#1096,#1096,#1098,.T.);
#1096 = VERTEX_POINT('',#1097);
#1097 = CARTESIAN_POINT('',(-17.8,136.02,52.));
#1098 = CIRCLE('',#1099,2.2);
#1099 = AXIS2_PLACEMENT_3D('',#1100,#1101,#1102);
#1100 = CARTESIAN_POINT('',(-20.,136.02,52.));
#1101 = DIRECTION('',(0.,-1.,2.2E-16));
#1102 = DIRECTION('',(1.,0.,0.));
#1103 = FACE_BOUND('',#1104,.T.);
#1104 = EDGE_LOOP('',(#1105));
#1105 = ORIENTED_EDGE('',*,*,#1106,.T.);
#1106 = EDGE_CURVE('',#1107,#1107,#1109,.T.);
#1107 = VERTEX_POINT('',#1108);
#1108 = CARTESIAN_POINT('',(42.2,136.02,28.));
#1109 = CIRCLE('',#1110,2.2);
#1110 = AXIS2_PLACEMENT_3D('',#1111,#1112,#1113);
#1111 = CARTESIAN_POINT('',(40.,136.02,28.));
#1112 = DIRECTION('',(0.,-1.,2.2E-16));
#1113 = DIRECTION('',(1.,0.,0.));
#1114 = FACE_BOUND('',#1115,.T.);
#1115 = EDGE_LOOP('',(#1116));
#1116 = ORIENTED_EDGE('',*,*,#1117,.T.);
#1117 = EDGE_CURVE('',#1118,#1118,#1120,.T.);
#1118 = VERTEX_POINT('',#1119);
#1119 = CARTESIAN_POINT('',(34.2,136.02,40.));
#1120 = CIRCLE('',#1121,2.2);
#1121 = AXIS2_PLACEMENT_3D('',#1122,#1123,#1124);
#1122 = CARTESIAN_POINT('',(32.,136.02,40.));
#1123 = DIRECTION('',(0.,-1.,2.2E-16));
#1124 = DIRECTION('',(1.,0.,0.));
#1125 = FACE_BOUND('',#1126,.T.);
#1126 = EDGE_LOOP('',(#1127));
#1127 = ORIENTED_EDGE('',*,*,#1128,.T.);
#1128 = EDGE_CURVE('',#1129,#1129,#1131,.T.);
#1129 = VERTEX_POINT('',#1130);
#1130 = CARTESIAN_POINT('',(92.2,136.02,28.));
#1131 = CIRCLE('',#1132,2.2);
#1132 = AXIS2_PLACEMENT_3D('',#1133,#1134,#1135);
#1133 = CARTESIAN_POINT('',(90.,136.02,28.));
#1134 = DIRECTION('',(0.,-1.,2.2E-16));
#1135 = DIRECTION('',(1.,0.,0.));
#1136 = FACE_BOUND('',#1137,.T.);
#1137 = EDGE_LOOP('',(#1138));
#1138 = ORIENTED_EDGE('',*,*,#1139,.T.);
#1139 = EDGE_CURVE('',#1140,#1140,#1142,.T.);
#1140 = VERTEX_POINT('',#1141);
#1141 = CARTESIAN_POINT('',(101.95,136.02,34.));
#1142 = CIRCLE('',#1143,2.2);
#1143 = AXIS2_PLACEMENT_3D('',#1144,#1145,#1146);
#1144 = CARTESIAN_POINT('',(99.75,136.02,34.));
#1145 = DIRECTION('',(0.,-1.,2.2E-16));
#1146 = DIRECTION('',(1.,0.,0.));
#1147 = FACE_BOUND('',#1148,.T.);
#1148 = EDGE_LOOP('',(#1149));
#1149 = ORIENTED_EDGE('',*,*,#1150,.T.);
#1150 = EDGE_CURVE('',#1151,#1151,#1153,.T.);
#1151 = VERTEX_POINT('',#1152);
#1152 = CARTESIAN_POINT('',(90.2,136.02,40.));
#1153 = CIRCLE('',#1154,2.2);
#1154 = AXIS2_PLACEMENT_3D('',#1155,#1156,#1157);
#1155 = CARTESIAN_POINT('',(88.,136.02,40.));
#1156 = DIRECTION('',(0.,-1.,2.2E-16));
#1157 = DIRECTION('',(1.,0.,0.));
#1158 = FACE_BOUND('',#1159,.T.);
#1159 = EDGE_LOOP('',(#1160));
#1160 = ORIENTED_EDGE('',*,*,#1161,.T.);
#1161 = EDGE_CURVE('',#1162,#1162,#1164,.T.);
#1162 = VERTEX_POINT('',#1163);
#1163 = CARTESIAN_POINT('',(22.2,136.02,52.));
#1164 = CIRCLE('',#1165,2.2);
#1165 = AXIS2_PLACEMENT_3D('',#1166,#1167,#1168);
#1166 = CARTESIAN_POINT('',(20.,136.02,52.));
#1167 = DIRECTION('',(0.,-1.,2.2E-16));
#1168 = DIRECTION('',(1.,0.,0.));
#1169 = FACE_BOUND('',#1170,.T.);
#1170 = EDGE_LOOP('',(#1171));
#1171 = ORIENTED_EDGE('',*,*,#1172,.T.);
#1172 = EDGE_CURVE('',#1173,#1173,#1175,.T.);
#1173 = VERTEX_POINT('',#1174);
#1174 = CARTESIAN_POINT('',(62.2,136.02,52.));
#1175 = CIRCLE('',#1176,2.2);
#1176 = AXIS2_PLACEMENT_3D('',#1177,#1178,#1179);
#1177 = CARTESIAN_POINT('',(60.,136.02,52.));
#1178 = DIRECTION('',(0.,-1.,2.2E-16));
#1179 = DIRECTION('',(1.,0.,0.));
#1180 = FACE_BOUND('',#1181,.T.);
#1181 = EDGE_LOOP('',(#1182,#1193,#1202,#1211,#1220,#1229,#1238,#1247,
    #1256,#1265,#1274,#1283,#1292,#1301,#1310,#1319,#1328,#1337,#1346,
    #1355,#1364,#1373,#1382,#1391,#1400));
#1182 = ORIENTED_EDGE('',*,*,#1183,.T.);
#1183 = EDGE_CURVE('',#1184,#1186,#1188,.T.);
#1184 = VERTEX_POINT('',#1185);
#1185 = CARTESIAN_POINT('',(141.,136.02,39.));
#1186 = VERTEX_POINT('',#1187);
#1187 = CARTESIAN_POINT('',(140.62094527283,136.02,40.909676618028));
#1188 = CIRCLE('',#1189,5.);
#1189 = AXIS2_PLACEMENT_3D('',#1190,#1191,#1192);
#1190 = CARTESIAN_POINT('',(136.,136.02,39.));
#1191 = DIRECTION('',(0.,-1.,2.2E-16));
#1192 = DIRECTION('',(1.,0.,0.));
#1193 = ORIENTED_EDGE('',*,*,#1194,.T.);
#1194 = EDGE_CURVE('',#1186,#1195,#1197,.T.);
#1195 = VERTEX_POINT('',#1196);
#1196 = CARTESIAN_POINT('',(146.9,136.02,44.));
#1197 = CIRCLE('',#1198,3.9);
#1198 = AXIS2_PLACEMENT_3D('',#1199,#1200,#1201);
#1199 = CARTESIAN_POINT('',(143.,136.02,44.));
#1200 = DIRECTION('',(0.,-1.,0.));
#1201 = DIRECTION('',(1.,0.,0.));
#1202 = ORIENTED_EDGE('',*,*,#1203,.T.);
#1203 = EDGE_CURVE('',#1195,#1204,#1206,.T.);
#1204 = VERTEX_POINT('',#1205);
#1205 = CARTESIAN_POINT('',(139.30513580824,136.02,42.751809868459));
#1206 = CIRCLE('',#1207,3.9);
#1207 = AXIS2_PLACEMENT_3D('',#1208,#1209,#1210);
#1208 = CARTESIAN_POINT('',(143.,136.02,44.));
#1209 = DIRECTION('',(0.,-1.,0.));
#1210 = DIRECTION('',(1.,0.,0.));
#1211 = ORIENTED_EDGE('',*,*,#1212,.T.);
#1212 = EDGE_CURVE('',#1204,#1213,#1215,.T.);
#1213 = VERTEX_POINT('',#1214);
#1214 = CARTESIAN_POINT('',(134.34215478131,136.02,43.717154781315));
#1215 = CIRCLE('',#1216,5.);
#1216 = AXIS2_PLACEMENT_3D('',#1217,#1218,#1219);
#1217 = CARTESIAN_POINT('',(136.,136.02,39.));
#1218 = DIRECTION('',(0.,-1.,2.2E-16));
#1219 = DIRECTION('',(1.,0.,0.));
#1220 = ORIENTED_EDGE('',*,*,#1221,.T.);
#1221 = EDGE_CURVE('',#1213,#1222,#1224,.T.);
#1222 = VERTEX_POINT('',#1223);
#1223 = CARTESIAN_POINT('',(135.5,136.02,48.));
#1224 = CIRCLE('',#1225,8.5);
#1225 = AXIS2_PLACEMENT_3D('',#1226,#1227,#1228);
#1226 = CARTESIAN_POINT('',(127.,136.02,48.));
#1227 = DIRECTION('',(0.,-1.,2.2E-16));
#1228 = DIRECTION('',(1.,0.,0.));
#1229 = ORIENTED_EDGE('',*,*,#1230,.T.);
#1230 = EDGE_CURVE('',#1222,#1231,#1233,.T.);
#1231 = VERTEX_POINT('',#1232);
#1232 = CARTESIAN_POINT('',(134.34215478131,136.02,52.282845218685));
#1233 = CIRCLE('',#1234,8.5);
#1234 = AXIS2_PLACEMENT_3D('',#1235,#1236,#1237);
#1235 = CARTESIAN_POINT('',(127.,136.02,48.));
#1236 = DIRECTION('',(0.,-1.,2.2E-16));
#1237 = DIRECTION('',(1.,0.,0.));
#1238 = ORIENTED_EDGE('',*,*,#1239,.T.);
#1239 = EDGE_CURVE('',#1231,#1240,#1242,.T.);
#1240 = VERTEX_POINT('',#1241);
#1241 = CARTESIAN_POINT('',(139.30513580824,136.02,53.248190131541));
#1242 = CIRCLE('',#1243,5.);
#1243 = AXIS2_PLACEMENT_3D('',#1244,#1245,#1246);
#1244 = CARTESIAN_POINT('',(136.,136.02,57.));
#1245 = DIRECTION('',(0.,-1.,2.2E-16));
#1246 = DIRECTION('',(1.,0.,0.));
#1247 = ORIENTED_EDGE('',*,*,#1248,.T.);
#1248 = EDGE_CURVE('',#1240,#1249,#1251,.T.);
#1249 = VERTEX_POINT('',#1250);
#1250 = CARTESIAN_POINT('',(146.9,136.02,52.));
#1251 = CIRCLE('',#1252,3.9);
#1252 = AXIS2_PLACEMENT_3D('',#1253,#1254,#1255);
#1253 = CARTESIAN_POINT('',(143.,136.02,52.));
#1254 = DIRECTION('',(0.,-1.,0.));
#1255 = DIRECTION('',(1.,0.,0.));
#1256 = ORIENTED_EDGE('',*,*,#1257,.T.);
#1257 = EDGE_CURVE('',#1249,#1258,#1260,.T.);
#1258 = VERTEX_POINT('',#1259);
#1259 = CARTESIAN_POINT('',(140.62094527283,136.02,55.090323381972));
#1260 = CIRCLE('',#1261,3.9);
#1261 = AXIS2_PLACEMENT_3D('',#1262,#1263,#1264);
#1262 = CARTESIAN_POINT('',(143.,136.02,52.));
#1263 = DIRECTION('',(0.,-1.,0.));
#1264 = DIRECTION('',(1.,0.,0.));
#1265 = ORIENTED_EDGE('',*,*,#1266,.T.);
#1266 = EDGE_CURVE('',#1258,#1267,#1269,.T.);
#1267 = VERTEX_POINT('',#1268);
#1268 = CARTESIAN_POINT('',(141.,136.02,57.));
#1269 = CIRCLE('',#1270,5.);
#1270 = AXIS2_PLACEMENT_3D('',#1271,#1272,#1273);
#1271 = CARTESIAN_POINT('',(136.,136.02,57.));
#1272 = DIRECTION('',(0.,-1.,2.2E-16));
#1273 = DIRECTION('',(1.,0.,0.));
#1274 = ORIENTED_EDGE('',*,*,#1275,.T.);
#1275 = EDGE_CURVE('',#1267,#1276,#1278,.T.);
#1276 = VERTEX_POINT('',#1277);
#1277 = CARTESIAN_POINT('',(131.28284521868,136.02,55.342154781315));
#1278 = CIRCLE('',#1279,5.);
#1279 = AXIS2_PLACEMENT_3D('',#1280,#1281,#1282);
#1280 = CARTESIAN_POINT('',(136.,136.02,57.));
#1281 = DIRECTION('',(0.,-1.,2.2E-16));
#1282 = DIRECTION('',(1.,0.,0.));
#1283 = ORIENTED_EDGE('',*,*,#1284,.T.);
#1284 = EDGE_CURVE('',#1276,#1285,#1287,.T.);
#1285 = VERTEX_POINT('',#1286);
#1286 = CARTESIAN_POINT('',(122.71715478131,136.02,55.342154781315));
#1287 = CIRCLE('',#1288,8.5);
#1288 = AXIS2_PLACEMENT_3D('',#1289,#1290,#1291);
#1289 = CARTESIAN_POINT('',(127.,136.02,48.));
#1290 = DIRECTION('',(0.,-1.,2.2E-16));
#1291 = DIRECTION('',(1.,0.,0.));
#1292 = ORIENTED_EDGE('',*,*,#1293,.T.);
#1293 = EDGE_CURVE('',#1285,#1294,#1296,.T.);
#1294 = VERTEX_POINT('',#1295);
#1295 = CARTESIAN_POINT('',(123.,136.02,57.));
#1296 = CIRCLE('',#1297,5.);
#1297 = AXIS2_PLACEMENT_3D('',#1298,#1299,#1300);
#1298 = CARTESIAN_POINT('',(118.,136.02,57.));
#1299 = DIRECTION('',(0.,-1.,2.2E-16));
#1300 = DIRECTION('',(1.,0.,0.));
#1301 = ORIENTED_EDGE('',*,*,#1302,.T.);
#1302 = EDGE_CURVE('',#1294,#1303,#1305,.T.);
#1303 = VERTEX_POINT('',#1304);
#1304 = CARTESIAN_POINT('',(113.37905472716,136.02,55.090323381972));
#1305 = CIRCLE('',#1306,5.);
#1306 = AXIS2_PLACEMENT_3D('',#1307,#1308,#1309);
#1307 = CARTESIAN_POINT('',(118.,136.02,57.));
#1308 = DIRECTION('',(0.,-1.,2.2E-16));
#1309 = DIRECTION('',(1.,0.,0.));
#1310 = ORIENTED_EDGE('',*,*,#1311,.T.);
#1311 = EDGE_CURVE('',#1303,#1312,#1314,.T.);
#1312 = VERTEX_POINT('',#1313);
#1313 = CARTESIAN_POINT('',(114.9,136.02,52.));
#1314 = CIRCLE('',#1315,3.9);
#1315 = AXIS2_PLACEMENT_3D('',#1316,#1317,#1318);
#1316 = CARTESIAN_POINT('',(111.,136.02,52.));
#1317 = DIRECTION('',(0.,-1.,0.));
#1318 = DIRECTION('',(1.,0.,0.));
#1319 = ORIENTED_EDGE('',*,*,#1320,.T.);
#1320 = EDGE_CURVE('',#1312,#1321,#1323,.T.);
#1321 = VERTEX_POINT('',#1322);
#1322 = CARTESIAN_POINT('',(114.69486419175,136.02,53.248190131541));
#1323 = CIRCLE('',#1324,3.9);
#1324 = AXIS2_PLACEMENT_3D('',#1325,#1326,#1327);
#1325 = CARTESIAN_POINT('',(111.,136.02,52.));
#1326 = DIRECTION('',(0.,-1.,0.));
#1327 = DIRECTION('',(1.,0.,0.));
#1328 = ORIENTED_EDGE('',*,*,#1329,.T.);
#1329 = EDGE_CURVE('',#1321,#1330,#1332,.T.);
#1330 = VERTEX_POINT('',#1331);
#1331 = CARTESIAN_POINT('',(119.65784521868,136.02,52.282845218685));
#1332 = CIRCLE('',#1333,5.);
#1333 = AXIS2_PLACEMENT_3D('',#1334,#1335,#1336);
#1334 = CARTESIAN_POINT('',(118.,136.02,57.));
#1335 = DIRECTION('',(0.,-1.,2.2E-16));
#1336 = DIRECTION('',(1.,0.,0.));
#1337 = ORIENTED_EDGE('',*,*,#1338,.T.);
#1338 = EDGE_CURVE('',#1330,#1339,#1341,.T.);
#1339 = VERTEX_POINT('',#1340);
#1340 = CARTESIAN_POINT('',(119.65784521868,136.02,43.717154781315));
#1341 = CIRCLE('',#1342,8.5);
#1342 = AXIS2_PLACEMENT_3D('',#1343,#1344,#1345);
#1343 = CARTESIAN_POINT('',(127.,136.02,48.));
#1344 = DIRECTION('',(0.,-1.,2.2E-16));
#1345 = DIRECTION('',(1.,0.,0.));
#1346 = ORIENTED_EDGE('',*,*,#1347,.T.);
#1347 = EDGE_CURVE('',#1339,#1348,#1350,.T.);
#1348 = VERTEX_POINT('',#1349);
#1349 = CARTESIAN_POINT('',(114.69486419175,136.02,42.75180986846));
#1350 = CIRCLE('',#1351,5.);
#1351 = AXIS2_PLACEMENT_3D('',#1352,#1353,#1354);
#1352 = CARTESIAN_POINT('',(118.,136.02,39.));
#1353 = DIRECTION('',(0.,-1.,2.2E-16));
#1354 = DIRECTION('',(1.,0.,0.));
#1355 = ORIENTED_EDGE('',*,*,#1356,.T.);
#1356 = EDGE_CURVE('',#1348,#1357,#1359,.T.);
#1357 = VERTEX_POINT('',#1358);
#1358 = CARTESIAN_POINT('',(114.9,136.02,44.));
#1359 = CIRCLE('',#1360,3.9);
#1360 = AXIS2_PLACEMENT_3D('',#1361,#1362,#1363);
#1361 = CARTESIAN_POINT('',(111.,136.02,44.));
#1362 = DIRECTION('',(0.,-1.,0.));
#1363 = DIRECTION('',(1.,0.,0.));
#1364 = ORIENTED_EDGE('',*,*,#1365,.T.);
#1365 = EDGE_CURVE('',#1357,#1366,#1368,.T.);
#1366 = VERTEX_POINT('',#1367);
#1367 = CARTESIAN_POINT('',(113.37905472716,136.02,40.909676618027));
#1368 = CIRCLE('',#1369,3.9);
#1369 = AXIS2_PLACEMENT_3D('',#1370,#1371,#1372);
#1370 = CARTESIAN_POINT('',(111.,136.02,44.));
#1371 = DIRECTION('',(0.,-1.,0.));
#1372 = DIRECTION('',(1.,0.,0.));
#1373 = ORIENTED_EDGE('',*,*,#1374,.T.);
#1374 = EDGE_CURVE('',#1366,#1375,#1377,.T.);
#1375 = VERTEX_POINT('',#1376);
#1376 = CARTESIAN_POINT('',(123.,136.02,39.));
#1377 = CIRCLE('',#1378,5.);
#1378 = AXIS2_PLACEMENT_3D('',#1379,#1380,#1381);
#1379 = CARTESIAN_POINT('',(118.,136.02,39.));
#1380 = DIRECTION('',(0.,-1.,2.2E-16));
#1381 = DIRECTION('',(1.,0.,0.));
#1382 = ORIENTED_EDGE('',*,*,#1383,.T.);
#1383 = EDGE_CURVE('',#1375,#1384,#1386,.T.);
#1384 = VERTEX_POINT('',#1385);
#1385 = CARTESIAN_POINT('',(122.71715478131,136.02,40.657845218685));
#1386 = CIRCLE('',#1387,5.);
#1387 = AXIS2_PLACEMENT_3D('',#1388,#1389,#1390);
#1388 = CARTESIAN_POINT('',(118.,136.02,39.));
#1389 = DIRECTION('',(0.,-1.,2.2E-16));
#1390 = DIRECTION('',(1.,0.,0.));
#1391 = ORIENTED_EDGE('',*,*,#1392,.T.);
#1392 = EDGE_CURVE('',#1384,#1393,#1395,.T.);
#1393 = VERTEX_POINT('',#1394);
#1394 = CARTESIAN_POINT('',(131.28284521868,136.02,40.657845218685));
#1395 = CIRCLE('',#1396,8.5);
#1396 = AXIS2_PLACEMENT_3D('',#1397,#1398,#1399);
#1397 = CARTESIAN_POINT('',(127.,136.02,48.));
#1398 = DIRECTION('',(0.,-1.,2.2E-16));
#1399 = DIRECTION('',(1.,0.,0.));
#1400 = ORIENTED_EDGE('',*,*,#1401,.T.);
#1401 = EDGE_CURVE('',#1393,#1184,#1402,.T.);
#1402 = CIRCLE('',#1403,5.);
#1403 = AXIS2_PLACEMENT_3D('',#1404,#1405,#1406);
#1404 = CARTESIAN_POINT('',(136.,136.02,39.));
#1405 = DIRECTION('',(0.,-1.,2.2E-16));
#1406 = DIRECTION('',(1.,0.,0.));
#1407 = FACE_BOUND('',#1408,.T.);
#1408 = EDGE_LOOP('',(#1409));
#1409 = ORIENTED_EDGE('',*,*,#1410,.T.);
#1410 = EDGE_CURVE('',#1411,#1411,#1413,.T.);
#1411 = VERTEX_POINT('',#1412);
#1412 = CARTESIAN_POINT('',(101.95,136.02,62.));
#1413 = CIRCLE('',#1414,2.2);
#1414 = AXIS2_PLACEMENT_3D('',#1415,#1416,#1417);
#1415 = CARTESIAN_POINT('',(99.75,136.02,62.));
#1416 = DIRECTION('',(0.,-1.,2.2E-16));
#1417 = DIRECTION('',(1.,0.,0.));
#1418 = PLANE('',#1419);
#1419 = AXIS2_PLACEMENT_3D('',#1420,#1421,#1422);
#1420 = CARTESIAN_POINT('',(-152.4,136.02,23.85));
#1421 = DIRECTION('',(0.,1.,0.));
#1422 = DIRECTION('',(0.,0.,1.));
#1423 = ADVANCED_FACE('',(#1424),#1435,.F.);
#1424 = FACE_BOUND('',#1425,.F.);
#1425 = EDGE_LOOP('',(#1426,#1427,#1428,#1434));
#1426 = ORIENTED_EDGE('',*,*,#31,.F.);
#1427 = ORIENTED_EDGE('',*,*,#71,.T.);
#1428 = ORIENTED_EDGE('',*,*,#1429,.T.);
#1429 = EDGE_CURVE('',#62,#681,#1430,.T.);
#1430 = LINE('',#1431,#1432);
#1431 = CARTESIAN_POINT('',(152.4,132.97,23.85));
#1432 = VECTOR('',#1433,1.);
#1433 = DIRECTION('',(0.,1.,0.));
#1434 = ORIENTED_EDGE('',*,*,#690,.F.);
#1435 = PLANE('',#1436);
#1436 = AXIS2_PLACEMENT_3D('',#1437,#1438,#1439);
#1437 = CARTESIAN_POINT('',(-152.4,132.97,23.85));
#1438 = DIRECTION('',(0.,0.,1.));
#1439 = DIRECTION('',(1.,0.,0.));
#1440 = ADVANCED_FACE('',(#1441),#1452,.T.);
#1441 = FACE_BOUND('',#1442,.T.);
#1442 = EDGE_LOOP('',(#1443,#1444,#1445,#1446));
#1443 = ORIENTED_EDGE('',*,*,#61,.F.);
#1444 = ORIENTED_EDGE('',*,*,#1429,.T.);
#1445 = ORIENTED_EDGE('',*,*,#680,.T.);
#1446 = ORIENTED_EDGE('',*,*,#1447,.T.);
#1447 = EDGE_CURVE('',#683,#64,#1448,.T.);
#1448 = LINE('',#1449,#1450);
#1449 = CARTESIAN_POINT('',(152.4,131.97,32.809411910021));
#1450 = VECTOR('',#1451,1.);
#1451 = DIRECTION('',(0.,-1.,2.2E-16));
#1452 = PLANE('',#1453);
#1453 = AXIS2_PLACEMENT_3D('',#1454,#1455,#1456);
#1454 = CARTESIAN_POINT('',(152.4,132.97,23.85));
#1455 = DIRECTION('',(1.,0.,0.));
#1456 = DIRECTION('',(0.,0.,1.));
#1457 = ADVANCED_FACE('',(#1458),#1469,.F.);
#1458 = FACE_BOUND('',#1459,.T.);
#1459 = EDGE_LOOP('',(#1460,#1461,#1462,#1468));
#1460 = ORIENTED_EDGE('',*,*,#1447,.F.);
#1461 = ORIENTED_EDGE('',*,*,#782,.F.);
#1462 = ORIENTED_EDGE('',*,*,#1463,.T.);
#1463 = EDGE_CURVE('',#775,#156,#1464,.T.);
#1464 = LINE('',#1465,#1466);
#1465 = CARTESIAN_POINT('',(152.4,131.97,35.190588089979));
#1466 = VECTOR('',#1467,1.);
#1467 = DIRECTION('',(0.,-1.,2.2E-16));
#1468 = ORIENTED_EDGE('',*,*,#163,.T.);
#1469 = CYLINDRICAL_SURFACE('',#1470,2.2);
#1470 = AXIS2_PLACEMENT_3D('',#1471,#1472,#1473);
#1471 = CARTESIAN_POINT('',(154.25,131.97,34.));
#1472 = DIRECTION('',(-0.,-1.,0.));
#1473 = DIRECTION('',(1.,0.,0.));
#1474 = ADVANCED_FACE('',(#1475),#1486,.T.);
#1475 = FACE_BOUND('',#1476,.T.);
#1476 = EDGE_LOOP('',(#1477,#1478,#1479,#1480));
#1477 = ORIENTED_EDGE('',*,*,#155,.F.);
#1478 = ORIENTED_EDGE('',*,*,#1463,.F.);
#1479 = ORIENTED_EDGE('',*,*,#774,.T.);
#1480 = ORIENTED_EDGE('',*,*,#1481,.T.);
#1481 = EDGE_CURVE('',#766,#147,#1482,.T.);
#1482 = LINE('',#1483,#1484);
#1483 = CARTESIAN_POINT('',(152.4,131.97,60.809411910021));
#1484 = VECTOR('',#1485,1.);
#1485 = DIRECTION('',(0.,-1.,2.2E-16));
#1486 = PLANE('',#1487);
#1487 = AXIS2_PLACEMENT_3D('',#1488,#1489,#1490);
#1488 = CARTESIAN_POINT('',(152.4,132.97,23.85));
#1489 = DIRECTION('',(1.,0.,0.));
#1490 = DIRECTION('',(0.,0.,1.));
#1491 = ADVANCED_FACE('',(#1492),#1503,.F.);
#1492 = FACE_BOUND('',#1493,.T.);
#1493 = EDGE_LOOP('',(#1494,#1495,#1496,#1502));
#1494 = ORIENTED_EDGE('',*,*,#1481,.F.);
#1495 = ORIENTED_EDGE('',*,*,#765,.F.);
#1496 = ORIENTED_EDGE('',*,*,#1497,.T.);
#1497 = EDGE_CURVE('',#758,#139,#1498,.T.);
#1498 = LINE('',#1499,#1500);
#1499 = CARTESIAN_POINT('',(152.4,131.97,63.190588089979));
#1500 = VECTOR('',#1501,1.);
#1501 = DIRECTION('',(0.,-1.,2.2E-16));
#1502 = ORIENTED_EDGE('',*,*,#146,.T.);
#1503 = CYLINDRICAL_SURFACE('',#1504,2.2);
#1504 = AXIS2_PLACEMENT_3D('',#1505,#1506,#1507);
#1505 = CARTESIAN_POINT('',(154.25,131.97,62.));
#1506 = DIRECTION('',(-0.,-1.,0.));
#1507 = DIRECTION('',(1.,0.,0.));
#1508 = ADVANCED_FACE('',(#1509),#1520,.T.);
#1509 = FACE_BOUND('',#1510,.T.);
#1510 = EDGE_LOOP('',(#1511,#1512,#1513,#1514));
#1511 = ORIENTED_EDGE('',*,*,#138,.F.);
#1512 = ORIENTED_EDGE('',*,*,#1497,.F.);
#1513 = ORIENTED_EDGE('',*,*,#757,.T.);
#1514 = ORIENTED_EDGE('',*,*,#1515,.F.);
#1515 = EDGE_CURVE('',#131,#750,#1516,.T.);
#1516 = LINE('',#1517,#1518);
#1517 = CARTESIAN_POINT('',(152.4,132.97,72.15));
#1518 = VECTOR('',#1519,1.);
#1519 = DIRECTION('',(0.,1.,0.));
#1520 = PLANE('',#1521);
#1521 = AXIS2_PLACEMENT_3D('',#1522,#1523,#1524);
#1522 = CARTESIAN_POINT('',(152.4,132.97,23.85));
#1523 = DIRECTION('',(1.,0.,0.));
#1524 = DIRECTION('',(0.,0.,1.));
#1525 = ADVANCED_FACE('',(#1526),#1537,.T.);
#1526 = FACE_BOUND('',#1527,.T.);
#1527 = EDGE_LOOP('',(#1528,#1534,#1535,#1536));
#1528 = ORIENTED_EDGE('',*,*,#1529,.F.);
#1529 = EDGE_CURVE('',#123,#742,#1530,.T.);
#1530 = LINE('',#1531,#1532);
#1531 = CARTESIAN_POINT('',(-152.4,132.97,72.15));
#1532 = VECTOR('',#1533,1.);
#1533 = DIRECTION('',(0.,1.,0.));
#1534 = ORIENTED_EDGE('',*,*,#130,.T.);
#1535 = ORIENTED_EDGE('',*,*,#1515,.T.);
#1536 = ORIENTED_EDGE('',*,*,#749,.F.);
#1537 = PLANE('',#1538);
#1538 = AXIS2_PLACEMENT_3D('',#1539,#1540,#1541);
#1539 = CARTESIAN_POINT('',(-152.4,132.97,72.15));
#1540 = DIRECTION('',(0.,0.,1.));
#1541 = DIRECTION('',(1.,0.,0.));
#1542 = ADVANCED_FACE('',(#1543),#1554,.F.);
#1543 = FACE_BOUND('',#1544,.F.);
#1544 = EDGE_LOOP('',(#1545,#1546,#1552,#1553));
#1545 = ORIENTED_EDGE('',*,*,#122,.F.);
#1546 = ORIENTED_EDGE('',*,*,#1547,.F.);
#1547 = EDGE_CURVE('',#733,#114,#1548,.T.);
#1548 = LINE('',#1549,#1550);
#1549 = CARTESIAN_POINT('',(-152.4,131.97,63.190588089979));
#1550 = VECTOR('',#1551,1.);
#1551 = DIRECTION('',(0.,-1.,2.2E-16));
#1552 = ORIENTED_EDGE('',*,*,#741,.T.);
#1553 = ORIENTED_EDGE('',*,*,#1529,.F.);
#1554 = PLANE('',#1555);
#1555 = AXIS2_PLACEMENT_3D('',#1556,#1557,#1558);
#1556 = CARTESIAN_POINT('',(-152.4,132.97,23.85));
#1557 = DIRECTION('',(1.,0.,0.));
#1558 = DIRECTION('',(0.,0.,1.));
#1559 = ADVANCED_FACE('',(#1560),#1576,.F.);
#1560 = FACE_BOUND('',#1561,.F.);
#1561 = EDGE_LOOP('',(#1562,#1563,#1569,#1570));
#1562 = ORIENTED_EDGE('',*,*,#96,.F.);
#1563 = ORIENTED_EDGE('',*,*,#1564,.F.);
#1564 = EDGE_CURVE('',#707,#88,#1565,.T.);
#1565 = LINE('',#1566,#1567);
#1566 = CARTESIAN_POINT('',(-152.4,131.97,35.190588089979));
#1567 = VECTOR('',#1568,1.);
#1568 = DIRECTION('',(0.,-1.,2.2E-16));
#1569 = ORIENTED_EDGE('',*,*,#715,.T.);
#1570 = ORIENTED_EDGE('',*,*,#1571,.T.);
#1571 = EDGE_CURVE('',#716,#97,#1572,.T.);
#1572 = LINE('',#1573,#1574);
#1573 = CARTESIAN_POINT('',(-152.4,131.97,60.809411910021));
#1574 = VECTOR('',#1575,1.);
#1575 = DIRECTION('',(0.,-1.,2.2E-16));
#1576 = PLANE('',#1577);
#1577 = AXIS2_PLACEMENT_3D('',#1578,#1579,#1580);
#1578 = CARTESIAN_POINT('',(-152.4,132.97,23.85));
#1579 = DIRECTION('',(1.,0.,0.));
#1580 = DIRECTION('',(0.,0.,1.));
#1581 = ADVANCED_FACE('',(#1582),#1601,.F.);
#1582 = FACE_BOUND('',#1583,.F.);
#1583 = EDGE_LOOP('',(#1584,#1593,#1599,#1600));
#1584 = ORIENTED_EDGE('',*,*,#1585,.F.);
#1585 = EDGE_CURVE('',#1586,#1586,#1588,.T.);
#1586 = VERTEX_POINT('',#1587);
#1587 = CARTESIAN_POINT('',(-87.8,134.97,28.));
#1588 = CIRCLE('',#1589,2.2);
#1589 = AXIS2_PLACEMENT_3D('',#1590,#1591,#1592);
#1590 = CARTESIAN_POINT('',(-90.,134.97,28.));
#1591 = DIRECTION('',(-0.,1.,0.));
#1592 = DIRECTION('',(1.,0.,0.));
#1593 = ORIENTED_EDGE('',*,*,#1594,.F.);
#1594 = EDGE_CURVE('',#173,#1586,#1595,.T.);
#1595 = LINE('',#1596,#1597);
#1596 = CARTESIAN_POINT('',(-86.1,132.97,28.));
#1597 = VECTOR('',#1598,1.);
#1598 = DIRECTION('',(-0.647648420096,0.761939317759,-1.6E-16));
#1599 = ORIENTED_EDGE('',*,*,#172,.T.);
#1600 = ORIENTED_EDGE('',*,*,#1594,.T.);
#1601 = CONICAL_SURFACE('',#1602,3.9,0.704494064242);
#1602 = AXIS2_PLACEMENT_3D('',#1603,#1604,#1605);
#1603 = CARTESIAN_POINT('',(-90.,132.97,28.));
#1604 = DIRECTION('',(-0.,-1.,0.));
#1605 = DIRECTION('',(1.,0.,0.));
#1606 = ADVANCED_FACE('',(#1607),#1618,.F.);
#1607 = FACE_BOUND('',#1608,.T.);
#1608 = EDGE_LOOP('',(#1609,#1610,#1616,#1617));
#1609 = ORIENTED_EDGE('',*,*,#183,.T.);
#1610 = ORIENTED_EDGE('',*,*,#1611,.T.);
#1611 = EDGE_CURVE('',#184,#803,#1612,.T.);
#1612 = LINE('',#1613,#1614);
#1613 = CARTESIAN_POINT('',(-97.55,131.97,34.));
#1614 = VECTOR('',#1615,1.);
#1615 = DIRECTION('',(0.,1.,0.));
#1616 = ORIENTED_EDGE('',*,*,#802,.F.);
#1617 = ORIENTED_EDGE('',*,*,#1611,.F.);
#1618 = CYLINDRICAL_SURFACE('',#1619,2.2);
#1619 = AXIS2_PLACEMENT_3D('',#1620,#1621,#1622);
#1620 = CARTESIAN_POINT('',(-99.75,131.97,34.));
#1621 = DIRECTION('',(-0.,-1.,0.));
#1622 = DIRECTION('',(1.,0.,0.));
#1623 = ADVANCED_FACE('',(#1624),#1643,.F.);
#1624 = FACE_BOUND('',#1625,.T.);
#1625 = EDGE_LOOP('',(#1626,#1627,#1635,#1642));
#1626 = ORIENTED_EDGE('',*,*,#194,.T.);
#1627 = ORIENTED_EDGE('',*,*,#1628,.T.);
#1628 = EDGE_CURVE('',#195,#1629,#1631,.T.);
#1629 = VERTEX_POINT('',#1630);
#1630 = CARTESIAN_POINT('',(-140.8,134.02,44.));
#1631 = LINE('',#1632,#1633);
#1632 = CARTESIAN_POINT('',(-140.8,131.97,44.));
#1633 = VECTOR('',#1634,1.);
#1634 = DIRECTION('',(0.,1.,0.));
#1635 = ORIENTED_EDGE('',*,*,#1636,.F.);
#1636 = EDGE_CURVE('',#1629,#1629,#1637,.T.);
#1637 = CIRCLE('',#1638,2.2);
#1638 = AXIS2_PLACEMENT_3D('',#1639,#1640,#1641);
#1639 = CARTESIAN_POINT('',(-143.,134.02,44.));
#1640 = DIRECTION('',(0.,-1.,0.));
#1641 = DIRECTION('',(1.,0.,0.));
#1642 = ORIENTED_EDGE('',*,*,#1628,.F.);
#1643 = CYLINDRICAL_SURFACE('',#1644,2.2);
#1644 = AXIS2_PLACEMENT_3D('',#1645,#1646,#1647);
#1645 = CARTESIAN_POINT('',(-143.,131.97,44.));
#1646 = DIRECTION('',(-0.,-1.,0.));
#1647 = DIRECTION('',(1.,0.,0.));
#1648 = ADVANCED_FACE('',(#1649),#1668,.F.);
#1649 = FACE_BOUND('',#1650,.T.);
#1650 = EDGE_LOOP('',(#1651,#1652,#1660,#1667));
#1651 = ORIENTED_EDGE('',*,*,#205,.T.);
#1652 = ORIENTED_EDGE('',*,*,#1653,.T.);
#1653 = EDGE_CURVE('',#206,#1654,#1656,.T.);
#1654 = VERTEX_POINT('',#1655);
#1655 = CARTESIAN_POINT('',(-108.8,134.02,44.));
#1656 = LINE('',#1657,#1658);
#1657 = CARTESIAN_POINT('',(-108.8,131.97,44.));
#1658 = VECTOR('',#1659,1.);
#1659 = DIRECTION('',(0.,1.,0.));
#1660 = ORIENTED_EDGE('',*,*,#1661,.F.);
#1661 = EDGE_CURVE('',#1654,#1654,#1662,.T.);
#1662 = CIRCLE('',#1663,2.2);
#1663 = AXIS2_PLACEMENT_3D('',#1664,#1665,#1666);
#1664 = CARTESIAN_POINT('',(-111.,134.02,44.));
#1665 = DIRECTION('',(0.,-1.,0.));
#1666 = DIRECTION('',(1.,0.,0.));
#1667 = ORIENTED_EDGE('',*,*,#1653,.F.);
#1668 = CYLINDRICAL_SURFACE('',#1669,2.2);
#1669 = AXIS2_PLACEMENT_3D('',#1670,#1671,#1672);
#1670 = CARTESIAN_POINT('',(-111.,131.97,44.));
#1671 = DIRECTION('',(-0.,-1.,0.));
#1672 = DIRECTION('',(1.,0.,0.));
#1673 = ADVANCED_FACE('',(#1674),#1693,.F.);
#1674 = FACE_BOUND('',#1675,.F.);
#1675 = EDGE_LOOP('',(#1676,#1685,#1691,#1692));
#1676 = ORIENTED_EDGE('',*,*,#1677,.F.);
#1677 = EDGE_CURVE('',#1678,#1678,#1680,.T.);
#1678 = VERTEX_POINT('',#1679);
#1679 = CARTESIAN_POINT('',(-85.8,134.97,40.));
#1680 = CIRCLE('',#1681,2.2);
#1681 = AXIS2_PLACEMENT_3D('',#1682,#1683,#1684);
#1682 = CARTESIAN_POINT('',(-88.,134.97,40.));
#1683 = DIRECTION('',(-0.,1.,0.));
#1684 = DIRECTION('',(1.,0.,0.));
#1685 = ORIENTED_EDGE('',*,*,#1686,.F.);
#1686 = EDGE_CURVE('',#217,#1678,#1687,.T.);
#1687 = LINE('',#1688,#1689);
#1688 = CARTESIAN_POINT('',(-84.1,132.97,40.));
#1689 = VECTOR('',#1690,1.);
#1690 = DIRECTION('',(-0.647648420096,0.761939317759,-1.6E-16));
#1691 = ORIENTED_EDGE('',*,*,#216,.T.);
#1692 = ORIENTED_EDGE('',*,*,#1686,.T.);
#1693 = CONICAL_SURFACE('',#1694,3.9,0.704494064242);
#1694 = AXIS2_PLACEMENT_3D('',#1695,#1696,#1697);
#1695 = CARTESIAN_POINT('',(-88.,132.97,40.));
#1696 = DIRECTION('',(-0.,-1.,0.));
#1697 = DIRECTION('',(1.,0.,0.));
#1698 = ADVANCED_FACE('',(#1699),#1718,.F.);
#1699 = FACE_BOUND('',#1700,.F.);
#1700 = EDGE_LOOP('',(#1701,#1710,#1716,#1717));
#1701 = ORIENTED_EDGE('',*,*,#1702,.F.);
#1702 = EDGE_CURVE('',#1703,#1703,#1705,.T.);
#1703 = VERTEX_POINT('',#1704);
#1704 = CARTESIAN_POINT('',(-37.8,134.97,28.));
#1705 = CIRCLE('',#1706,2.2);
#1706 = AXIS2_PLACEMENT_3D('',#1707,#1708,#1709);
#1707 = CARTESIAN_POINT('',(-40.,134.97,28.));
#1708 = DIRECTION('',(-0.,1.,0.));
#1709 = DIRECTION('',(1.,0.,0.));
#1710 = ORIENTED_EDGE('',*,*,#1711,.F.);
#1711 = EDGE_CURVE('',#228,#1703,#1712,.T.);
#1712 = LINE('',#1713,#1714);
#1713 = CARTESIAN_POINT('',(-36.1,132.97,28.));
#1714 = VECTOR('',#1715,1.);
#1715 = DIRECTION('',(-0.647648420096,0.761939317759,-1.6E-16));
#1716 = ORIENTED_EDGE('',*,*,#227,.T.);
#1717 = ORIENTED_EDGE('',*,*,#1711,.T.);
#1718 = CONICAL_SURFACE('',#1719,3.9,0.704494064242);
#1719 = AXIS2_PLACEMENT_3D('',#1720,#1721,#1722);
#1720 = CARTESIAN_POINT('',(-40.,132.97,28.));
#1721 = DIRECTION('',(-0.,-1.,0.));
#1722 = DIRECTION('',(1.,0.,0.));
#1723 = ADVANCED_FACE('',(#1724),#1743,.F.);
#1724 = FACE_BOUND('',#1725,.F.);
#1725 = EDGE_LOOP('',(#1726,#1735,#1741,#1742));
#1726 = ORIENTED_EDGE('',*,*,#1727,.F.);
#1727 = EDGE_CURVE('',#1728,#1728,#1730,.T.);
#1728 = VERTEX_POINT('',#1729);
#1729 = CARTESIAN_POINT('',(-29.8,134.97,40.));
#1730 = CIRCLE('',#1731,2.2);
#1731 = AXIS2_PLACEMENT_3D('',#1732,#1733,#1734);
#1732 = CARTESIAN_POINT('',(-32.,134.97,40.));
#1733 = DIRECTION('',(-0.,1.,0.));
#1734 = DIRECTION('',(1.,0.,0.));
#1735 = ORIENTED_EDGE('',*,*,#1736,.F.);
#1736 = EDGE_CURVE('',#239,#1728,#1737,.T.);
#1737 = LINE('',#1738,#1739);
#1738 = CARTESIAN_POINT('',(-28.1,132.97,40.));
#1739 = VECTOR('',#1740,1.);
#1740 = DIRECTION('',(-0.647648420096,0.761939317759,-1.6E-16));
#1741 = ORIENTED_EDGE('',*,*,#238,.T.);
#1742 = ORIENTED_EDGE('',*,*,#1736,.T.);
#1743 = CONICAL_SURFACE('',#1744,3.9,0.704494064242);
#1744 = AXIS2_PLACEMENT_3D('',#1745,#1746,#1747);
#1745 = CARTESIAN_POINT('',(-32.,132.97,40.));
#1746 = DIRECTION('',(-0.,-1.,0.));
#1747 = DIRECTION('',(1.,0.,0.));
#1748 = ADVANCED_FACE('',(#1749),#1765,.F.);
#1749 = FACE_BOUND('',#1750,.T.);
#1750 = EDGE_LOOP('',(#1751,#1752,#1758,#1759));
#1751 = ORIENTED_EDGE('',*,*,#350,.T.);
#1752 = ORIENTED_EDGE('',*,*,#1753,.F.);
#1753 = EDGE_CURVE('',#1056,#351,#1754,.T.);
#1754 = LINE('',#1755,#1756);
#1755 = CARTESIAN_POINT('',(-122.7171547813,131.97,40.657845218685));
#1756 = VECTOR('',#1757,1.);
#1757 = DIRECTION('',(0.,-1.,2.2E-16));
#1758 = ORIENTED_EDGE('',*,*,#1055,.F.);
#1759 = ORIENTED_EDGE('',*,*,#1760,.T.);
#1760 = EDGE_CURVE('',#1047,#342,#1761,.T.);
#1761 = LINE('',#1762,#1763);
#1762 = CARTESIAN_POINT('',(-131.2828452186,131.97,40.657845218685));
#1763 = VECTOR('',#1764,1.);
#1764 = DIRECTION('',(0.,-1.,2.2E-16));
#1765 = CYLINDRICAL_SURFACE('',#1766,8.5);
#1766 = AXIS2_PLACEMENT_3D('',#1767,#1768,#1769);
#1767 = CARTESIAN_POINT('',(-127.,131.97,48.));
#1768 = DIRECTION('',(-0.,-1.,0.));
#1769 = DIRECTION('',(1.,0.,0.));
#1770 = ADVANCED_FACE('',(#1771),#1787,.F.);
#1771 = FACE_BOUND('',#1772,.T.);
#1772 = EDGE_LOOP('',(#1773,#1774,#1780,#1781));
#1773 = ORIENTED_EDGE('',*,*,#323,.T.);
#1774 = ORIENTED_EDGE('',*,*,#1775,.F.);
#1775 = EDGE_CURVE('',#1002,#324,#1776,.T.);
#1776 = LINE('',#1777,#1778);
#1777 = CARTESIAN_POINT('',(-134.3421547813,131.97,43.717154781315));
#1778 = VECTOR('',#1779,1.);
#1779 = DIRECTION('',(0.,-1.,2.2E-16));
#1780 = ORIENTED_EDGE('',*,*,#1001,.F.);
#1781 = ORIENTED_EDGE('',*,*,#1782,.T.);
#1782 = EDGE_CURVE('',#993,#315,#1783,.T.);
#1783 = LINE('',#1784,#1785);
#1784 = CARTESIAN_POINT('',(-134.3421547813,131.97,52.282845218685));
#1785 = VECTOR('',#1786,1.);
#1786 = DIRECTION('',(0.,-1.,2.2E-16));
#1787 = CYLINDRICAL_SURFACE('',#1788,8.5);
#1788 = AXIS2_PLACEMENT_3D('',#1789,#1790,#1791);
#1789 = CARTESIAN_POINT('',(-127.,131.97,48.));
#1790 = DIRECTION('',(-0.,-1.,0.));
#1791 = DIRECTION('',(1.,0.,0.));
#1792 = ADVANCED_FACE('',(#1793),#1809,.F.);
#1793 = FACE_BOUND('',#1794,.T.);
#1794 = EDGE_LOOP('',(#1795,#1796,#1802,#1803));
#1795 = ORIENTED_EDGE('',*,*,#947,.F.);
#1796 = ORIENTED_EDGE('',*,*,#1797,.T.);
#1797 = EDGE_CURVE('',#939,#288,#1798,.T.);
#1798 = LINE('',#1799,#1800);
#1799 = CARTESIAN_POINT('',(-122.7171547813,131.97,55.342154781315));
#1800 = VECTOR('',#1801,1.);
#1801 = DIRECTION('',(0.,-1.,2.2E-16));
#1802 = ORIENTED_EDGE('',*,*,#296,.T.);
#1803 = ORIENTED_EDGE('',*,*,#1804,.F.);
#1804 = EDGE_CURVE('',#948,#297,#1805,.T.);
#1805 = LINE('',#1806,#1807);
#1806 = CARTESIAN_POINT('',(-131.2828452186,131.97,55.342154781315));
#1807 = VECTOR('',#1808,1.);
#1808 = DIRECTION('',(0.,-1.,2.2E-16));
#1809 = CYLINDRICAL_SURFACE('',#1810,8.5);
#1810 = AXIS2_PLACEMENT_3D('',#1811,#1812,#1813);
#1811 = CARTESIAN_POINT('',(-127.,131.97,48.));
#1812 = DIRECTION('',(-0.,-1.,0.));
#1813 = DIRECTION('',(1.,0.,0.));
#1814 = ADVANCED_FACE('',(#1815),#1834,.F.);
#1815 = FACE_BOUND('',#1816,.T.);
#1816 = EDGE_LOOP('',(#1817,#1818,#1826,#1833));
#1817 = ORIENTED_EDGE('',*,*,#368,.T.);
#1818 = ORIENTED_EDGE('',*,*,#1819,.T.);
#1819 = EDGE_CURVE('',#369,#1820,#1822,.T.);
#1820 = VERTEX_POINT('',#1821);
#1821 = CARTESIAN_POINT('',(-140.8,134.02,52.));
#1822 = LINE('',#1823,#1824);
#1823 = CARTESIAN_POINT('',(-140.8,131.97,52.));
#1824 = VECTOR('',#1825,1.);
#1825 = DIRECTION('',(0.,1.,0.));
#1826 = ORIENTED_EDGE('',*,*,#1827,.F.);
#1827 = EDGE_CURVE('',#1820,#1820,#1828,.T.);
#1828 = CIRCLE('',#1829,2.2);
#1829 = AXIS2_PLACEMENT_3D('',#1830,#1831,#1832);
#1830 = CARTESIAN_POINT('',(-143.,134.02,52.));
#1831 = DIRECTION('',(0.,-1.,0.));
#1832 = DIRECTION('',(1.,0.,0.));
#1833 = ORIENTED_EDGE('',*,*,#1819,.F.);
#1834 = CYLINDRICAL_SURFACE('',#1835,2.2);
#1835 = AXIS2_PLACEMENT_3D('',#1836,#1837,#1838);
#1836 = CARTESIAN_POINT('',(-143.,131.97,52.));
#1837 = DIRECTION('',(-0.,-1.,0.));
#1838 = DIRECTION('',(1.,0.,0.));
#1839 = ADVANCED_FACE('',(#1840),#1859,.F.);
#1840 = FACE_BOUND('',#1841,.T.);
#1841 = EDGE_LOOP('',(#1842,#1843,#1851,#1858));
#1842 = ORIENTED_EDGE('',*,*,#379,.T.);
#1843 = ORIENTED_EDGE('',*,*,#1844,.T.);
#1844 = EDGE_CURVE('',#380,#1845,#1847,.T.);
#1845 = VERTEX_POINT('',#1846);
#1846 = CARTESIAN_POINT('',(-108.8,134.02,52.));
#1847 = LINE('',#1848,#1849);
#1848 = CARTESIAN_POINT('',(-108.8,131.97,52.));
#1849 = VECTOR('',#1850,1.);
#1850 = DIRECTION('',(0.,1.,0.));
#1851 = ORIENTED_EDGE('',*,*,#1852,.F.);
#1852 = EDGE_CURVE('',#1845,#1845,#1853,.T.);
#1853 = CIRCLE('',#1854,2.2);
#1854 = AXIS2_PLACEMENT_3D('',#1855,#1856,#1857);
#1855 = CARTESIAN_POINT('',(-111.,134.02,52.));
#1856 = DIRECTION('',(0.,-1.,0.));
#1857 = DIRECTION('',(1.,0.,0.));
#1858 = ORIENTED_EDGE('',*,*,#1844,.F.);
#1859 = CYLINDRICAL_SURFACE('',#1860,2.2);
#1860 = AXIS2_PLACEMENT_3D('',#1861,#1862,#1863);
#1861 = CARTESIAN_POINT('',(-111.,131.97,52.));
#1862 = DIRECTION('',(-0.,-1.,0.));
#1863 = DIRECTION('',(1.,0.,0.));
#1864 = ADVANCED_FACE('',(#1865),#1876,.F.);
#1865 = FACE_BOUND('',#1866,.T.);
#1866 = EDGE_LOOP('',(#1867,#1868,#1874,#1875));
#1867 = ORIENTED_EDGE('',*,*,#390,.T.);
#1868 = ORIENTED_EDGE('',*,*,#1869,.T.);
#1869 = EDGE_CURVE('',#391,#1074,#1870,.T.);
#1870 = LINE('',#1871,#1872);
#1871 = CARTESIAN_POINT('',(-97.55,131.97,62.));
#1872 = VECTOR('',#1873,1.);
#1873 = DIRECTION('',(0.,1.,0.));
#1874 = ORIENTED_EDGE('',*,*,#1073,.F.);
#1875 = ORIENTED_EDGE('',*,*,#1869,.F.);
#1876 = CYLINDRICAL_SURFACE('',#1877,2.2);
#1877 = AXIS2_PLACEMENT_3D('',#1878,#1879,#1880);
#1878 = CARTESIAN_POINT('',(-99.75,131.97,62.));
#1879 = DIRECTION('',(-0.,-1.,0.));
#1880 = DIRECTION('',(1.,0.,0.));
#1881 = ADVANCED_FACE('',(#1882),#1901,.F.);
#1882 = FACE_BOUND('',#1883,.F.);
#1883 = EDGE_LOOP('',(#1884,#1893,#1899,#1900));
#1884 = ORIENTED_EDGE('',*,*,#1885,.F.);
#1885 = EDGE_CURVE('',#1886,#1886,#1888,.T.);
#1886 = VERTEX_POINT('',#1887);
#1887 = CARTESIAN_POINT('',(-57.8,134.97,52.));
#1888 = CIRCLE('',#1889,2.2);
#1889 = AXIS2_PLACEMENT_3D('',#1890,#1891,#1892);
#1890 = CARTESIAN_POINT('',(-60.,134.97,52.));
#1891 = DIRECTION('',(-0.,1.,0.));
#1892 = DIRECTION('',(1.,0.,0.));
#1893 = ORIENTED_EDGE('',*,*,#1894,.F.);
#1894 = EDGE_CURVE('',#402,#1886,#1895,.T.);
#1895 = LINE('',#1896,#1897);
#1896 = CARTESIAN_POINT('',(-56.1,132.97,52.));
#1897 = VECTOR('',#1898,1.);
#1898 = DIRECTION('',(-0.647648420096,0.761939317759,-1.6E-16));
#1899 = ORIENTED_EDGE('',*,*,#401,.T.);
#1900 = ORIENTED_EDGE('',*,*,#1894,.T.);
#1901 = CONICAL_SURFACE('',#1902,3.9,0.704494064242);
#1902 = AXIS2_PLACEMENT_3D('',#1903,#1904,#1905);
#1903 = CARTESIAN_POINT('',(-60.,132.97,52.));
#1904 = DIRECTION('',(-0.,-1.,0.));
#1905 = DIRECTION('',(1.,0.,0.));
#1906 = ADVANCED_FACE('',(#1907),#1926,.F.);
#1907 = FACE_BOUND('',#1908,.F.);
#1908 = EDGE_LOOP('',(#1909,#1918,#1924,#1925));
#1909 = ORIENTED_EDGE('',*,*,#1910,.F.);
#1910 = EDGE_CURVE('',#1911,#1911,#1913,.T.);
#1911 = VERTEX_POINT('',#1912);
#1912 = CARTESIAN_POINT('',(-17.8,134.97,52.));
#1913 = CIRCLE('',#1914,2.2);
#1914 = AXIS2_PLACEMENT_3D('',#1915,#1916,#1917);
#1915 = CARTESIAN_POINT('',(-20.,134.97,52.));
#1916 = DIRECTION('',(-0.,1.,0.));
#1917 = DIRECTION('',(1.,0.,0.));
#1918 = ORIENTED_EDGE('',*,*,#1919,.F.);
#1919 = EDGE_CURVE('',#413,#1911,#1920,.T.);
#1920 = LINE('',#1921,#1922);
#1921 = CARTESIAN_POINT('',(-16.1,132.97,52.));
#1922 = VECTOR('',#1923,1.);
#1923 = DIRECTION('',(-0.647648420096,0.761939317759,-1.6E-16));
#1924 = ORIENTED_EDGE('',*,*,#412,.T.);
#1925 = ORIENTED_EDGE('',*,*,#1919,.T.);
#1926 = CONICAL_SURFACE('',#1927,3.9,0.704494064242);
#1927 = AXIS2_PLACEMENT_3D('',#1928,#1929,#1930);
#1928 = CARTESIAN_POINT('',(-20.,132.97,52.));
#1929 = DIRECTION('',(-0.,-1.,0.));
#1930 = DIRECTION('',(1.,0.,0.));
#1931 = ADVANCED_FACE('',(#1932),#1951,.F.);
#1932 = FACE_BOUND('',#1933,.F.);
#1933 = EDGE_LOOP('',(#1934,#1943,#1949,#1950));
#1934 = ORIENTED_EDGE('',*,*,#1935,.F.);
#1935 = EDGE_CURVE('',#1936,#1936,#1938,.T.);
#1936 = VERTEX_POINT('',#1937);
#1937 = CARTESIAN_POINT('',(42.2,134.97,28.));
#1938 = CIRCLE('',#1939,2.2);
#1939 = AXIS2_PLACEMENT_3D('',#1940,#1941,#1942);
#1940 = CARTESIAN_POINT('',(40.,134.97,28.));
#1941 = DIRECTION('',(-0.,1.,0.));
#1942 = DIRECTION('',(1.,0.,0.));
#1943 = ORIENTED_EDGE('',*,*,#1944,.F.);
#1944 = EDGE_CURVE('',#424,#1936,#1945,.T.);
#1945 = LINE('',#1946,#1947);
#1946 = CARTESIAN_POINT('',(43.9,132.97,28.));
#1947 = VECTOR('',#1948,1.);
#1948 = DIRECTION('',(-0.647648420096,0.761939317759,-1.6E-16));
#1949 = ORIENTED_EDGE('',*,*,#423,.T.);
#1950 = ORIENTED_EDGE('',*,*,#1944,.T.);
#1951 = CONICAL_SURFACE('',#1952,3.9,0.704494064242);
#1952 = AXIS2_PLACEMENT_3D('',#1953,#1954,#1955);
#1953 = CARTESIAN_POINT('',(40.,132.97,28.));
#1954 = DIRECTION('',(-0.,-1.,0.));
#1955 = DIRECTION('',(1.,0.,0.));
#1956 = ADVANCED_FACE('',(#1957),#1976,.F.);
#1957 = FACE_BOUND('',#1958,.F.);
#1958 = EDGE_LOOP('',(#1959,#1968,#1974,#1975));
#1959 = ORIENTED_EDGE('',*,*,#1960,.F.);
#1960 = EDGE_CURVE('',#1961,#1961,#1963,.T.);
#1961 = VERTEX_POINT('',#1962);
#1962 = CARTESIAN_POINT('',(34.2,134.97,40.));
#1963 = CIRCLE('',#1964,2.2);
#1964 = AXIS2_PLACEMENT_3D('',#1965,#1966,#1967);
#1965 = CARTESIAN_POINT('',(32.,134.97,40.));
#1966 = DIRECTION('',(-0.,1.,0.));
#1967 = DIRECTION('',(1.,0.,0.));
#1968 = ORIENTED_EDGE('',*,*,#1969,.F.);
#1969 = EDGE_CURVE('',#435,#1961,#1970,.T.);
#1970 = LINE('',#1971,#1972);
#1971 = CARTESIAN_POINT('',(35.9,132.97,40.));
#1972 = VECTOR('',#1973,1.);
#1973 = DIRECTION('',(-0.647648420096,0.761939317759,-1.6E-16));
#1974 = ORIENTED_EDGE('',*,*,#434,.T.);
#1975 = ORIENTED_EDGE('',*,*,#1969,.T.);
#1976 = CONICAL_SURFACE('',#1977,3.9,0.704494064242);
#1977 = AXIS2_PLACEMENT_3D('',#1978,#1979,#1980);
#1978 = CARTESIAN_POINT('',(32.,132.97,40.));
#1979 = DIRECTION('',(-0.,-1.,0.));
#1980 = DIRECTION('',(1.,0.,0.));
#1981 = ADVANCED_FACE('',(#1982),#2001,.F.);
#1982 = FACE_BOUND('',#1983,.F.);
#1983 = EDGE_LOOP('',(#1984,#1993,#1999,#2000));
#1984 = ORIENTED_EDGE('',*,*,#1985,.F.);
#1985 = EDGE_CURVE('',#1986,#1986,#1988,.T.);
#1986 = VERTEX_POINT('',#1987);
#1987 = CARTESIAN_POINT('',(92.2,134.97,28.));
#1988 = CIRCLE('',#1989,2.2);
#1989 = AXIS2_PLACEMENT_3D('',#1990,#1991,#1992);
#1990 = CARTESIAN_POINT('',(90.,134.97,28.));
#1991 = DIRECTION('',(-0.,1.,0.));
#1992 = DIRECTION('',(1.,0.,0.));
#1993 = ORIENTED_EDGE('',*,*,#1994,.F.);
#1994 = EDGE_CURVE('',#446,#1986,#1995,.T.);
#1995 = LINE('',#1996,#1997);
#1996 = CARTESIAN_POINT('',(93.9,132.97,28.));
#1997 = VECTOR('',#1998,1.);
#1998 = DIRECTION('',(-0.647648420096,0.761939317759,-1.6E-16));
#1999 = ORIENTED_EDGE('',*,*,#445,.T.);
#2000 = ORIENTED_EDGE('',*,*,#1994,.T.);
#2001 = CONICAL_SURFACE('',#2002,3.9,0.704494064242);
#2002 = AXIS2_PLACEMENT_3D('',#2003,#2004,#2005);
#2003 = CARTESIAN_POINT('',(90.,132.97,28.));
#2004 = DIRECTION('',(-0.,-1.,0.));
#2005 = DIRECTION('',(1.,0.,0.));
#2006 = ADVANCED_FACE('',(#2007),#2018,.F.);
#2007 = FACE_BOUND('',#2008,.T.);
#2008 = EDGE_LOOP('',(#2009,#2010,#2016,#2017));
#2009 = ORIENTED_EDGE('',*,*,#456,.T.);
#2010 = ORIENTED_EDGE('',*,*,#2011,.T.);
#2011 = EDGE_CURVE('',#457,#1140,#2012,.T.);
#2012 = LINE('',#2013,#2014);
#2013 = CARTESIAN_POINT('',(101.95,131.97,34.));
#2014 = VECTOR('',#2015,1.);
#2015 = DIRECTION('',(0.,1.,0.));
#2016 = ORIENTED_EDGE('',*,*,#1139,.F.);
#2017 = ORIENTED_EDGE('',*,*,#2011,.F.);
#2018 = CYLINDRICAL_SURFACE('',#2019,2.2);
#2019 = AXIS2_PLACEMENT_3D('',#2020,#2021,#2022);
#2020 = CARTESIAN_POINT('',(99.75,131.97,34.));
#2021 = DIRECTION('',(-0.,-1.,0.));
#2022 = DIRECTION('',(1.,0.,0.));
#2023 = ADVANCED_FACE('',(#2024),#2043,.F.);
#2024 = FACE_BOUND('',#2025,.F.);
#2025 = EDGE_LOOP('',(#2026,#2035,#2041,#2042));
#2026 = ORIENTED_EDGE('',*,*,#2027,.F.);
#2027 = EDGE_CURVE('',#2028,#2028,#2030,.T.);
#2028 = VERTEX_POINT('',#2029);
#2029 = CARTESIAN_POINT('',(90.2,134.97,40.));
#2030 = CIRCLE('',#2031,2.2);
#2031 = AXIS2_PLACEMENT_3D('',#2032,#2033,#2034);
#2032 = CARTESIAN_POINT('',(88.,134.97,40.));
#2033 = DIRECTION('',(-0.,1.,0.));
#2034 = DIRECTION('',(1.,0.,0.));
#2035 = ORIENTED_EDGE('',*,*,#2036,.F.);
#2036 = EDGE_CURVE('',#468,#2028,#2037,.T.);
#2037 = LINE('',#2038,#2039);
#2038 = CARTESIAN_POINT('',(91.9,132.97,40.));
#2039 = VECTOR('',#2040,1.);
#2040 = DIRECTION('',(-0.647648420096,0.761939317759,-1.6E-16));
#2041 = ORIENTED_EDGE('',*,*,#467,.T.);
#2042 = ORIENTED_EDGE('',*,*,#2036,.T.);
#2043 = CONICAL_SURFACE('',#2044,3.9,0.704494064242);
#2044 = AXIS2_PLACEMENT_3D('',#2045,#2046,#2047);
#2045 = CARTESIAN_POINT('',(88.,132.97,40.));
#2046 = DIRECTION('',(-0.,-1.,0.));
#2047 = DIRECTION('',(1.,0.,0.));
#2048 = ADVANCED_FACE('',(#2049),#2068,.F.);
#2049 = FACE_BOUND('',#2050,.T.);
#2050 = EDGE_LOOP('',(#2051,#2052,#2060,#2067));
#2051 = ORIENTED_EDGE('',*,*,#478,.T.);
#2052 = ORIENTED_EDGE('',*,*,#2053,.T.);
#2053 = EDGE_CURVE('',#479,#2054,#2056,.T.);
#2054 = VERTEX_POINT('',#2055);
#2055 = CARTESIAN_POINT('',(113.2,134.02,44.));
#2056 = LINE('',#2057,#2058);
#2057 = CARTESIAN_POINT('',(113.2,131.97,44.));
#2058 = VECTOR('',#2059,1.);
#2059 = DIRECTION('',(0.,1.,0.));
#2060 = ORIENTED_EDGE('',*,*,#2061,.F.);
#2061 = EDGE_CURVE('',#2054,#2054,#2062,.T.);
#2062 = CIRCLE('',#2063,2.2);
#2063 = AXIS2_PLACEMENT_3D('',#2064,#2065,#2066);
#2064 = CARTESIAN_POINT('',(111.,134.02,44.));
#2065 = DIRECTION('',(0.,-1.,0.));
#2066 = DIRECTION('',(1.,0.,0.));
#2067 = ORIENTED_EDGE('',*,*,#2053,.F.);
#2068 = CYLINDRICAL_SURFACE('',#2069,2.2);
#2069 = AXIS2_PLACEMENT_3D('',#2070,#2071,#2072);
#2070 = CARTESIAN_POINT('',(111.,131.97,44.));
#2071 = DIRECTION('',(-0.,-1.,0.));
#2072 = DIRECTION('',(1.,0.,0.));
#2073 = ADVANCED_FACE('',(#2074),#2093,.F.);
#2074 = FACE_BOUND('',#2075,.T.);
#2075 = EDGE_LOOP('',(#2076,#2077,#2085,#2092));
#2076 = ORIENTED_EDGE('',*,*,#489,.T.);
#2077 = ORIENTED_EDGE('',*,*,#2078,.T.);
#2078 = EDGE_CURVE('',#490,#2079,#2081,.T.);
#2079 = VERTEX_POINT('',#2080);
#2080 = CARTESIAN_POINT('',(145.2,134.02,44.));
#2081 = LINE('',#2082,#2083);
#2082 = CARTESIAN_POINT('',(145.2,131.97,44.));
#2083 = VECTOR('',#2084,1.);
#2084 = DIRECTION('',(0.,1.,0.));
#2085 = ORIENTED_EDGE('',*,*,#2086,.F.);
#2086 = EDGE_CURVE('',#2079,#2079,#2087,.T.);
#2087 = CIRCLE('',#2088,2.2);
#2088 = AXIS2_PLACEMENT_3D('',#2089,#2090,#2091);
#2089 = CARTESIAN_POINT('',(143.,134.02,44.));
#2090 = DIRECTION('',(0.,-1.,0.));
#2091 = DIRECTION('',(1.,0.,0.));
#2092 = ORIENTED_EDGE('',*,*,#2078,.F.);
#2093 = CYLINDRICAL_SURFACE('',#2094,2.2);
#2094 = AXIS2_PLACEMENT_3D('',#2095,#2096,#2097);
#2095 = CARTESIAN_POINT('',(143.,131.97,44.));
#2096 = DIRECTION('',(-0.,-1.,0.));
#2097 = DIRECTION('',(1.,0.,0.));
#2098 = ADVANCED_FACE('',(#2099),#2118,.F.);
#2099 = FACE_BOUND('',#2100,.F.);
#2100 = EDGE_LOOP('',(#2101,#2110,#2116,#2117));
#2101 = ORIENTED_EDGE('',*,*,#2102,.F.);
#2102 = EDGE_CURVE('',#2103,#2103,#2105,.T.);
#2103 = VERTEX_POINT('',#2104);
#2104 = CARTESIAN_POINT('',(22.2,134.97,52.));
#2105 = CIRCLE('',#2106,2.2);
#2106 = AXIS2_PLACEMENT_3D('',#2107,#2108,#2109);
#2107 = CARTESIAN_POINT('',(20.,134.97,52.));
#2108 = DIRECTION('',(-0.,1.,0.));
#2109 = DIRECTION('',(1.,0.,0.));
#2110 = ORIENTED_EDGE('',*,*,#2111,.F.);
#2111 = EDGE_CURVE('',#501,#2103,#2112,.T.);
#2112 = LINE('',#2113,#2114);
#2113 = CARTESIAN_POINT('',(23.9,132.97,52.));
#2114 = VECTOR('',#2115,1.);
#2115 = DIRECTION('',(-0.647648420096,0.761939317759,-1.6E-16));
#2116 = ORIENTED_EDGE('',*,*,#500,.T.);
#2117 = ORIENTED_EDGE('',*,*,#2111,.T.);
#2118 = CONICAL_SURFACE('',#2119,3.9,0.704494064242);
#2119 = AXIS2_PLACEMENT_3D('',#2120,#2121,#2122);
#2120 = CARTESIAN_POINT('',(20.,132.97,52.));
#2121 = DIRECTION('',(-0.,-1.,0.));
#2122 = DIRECTION('',(1.,0.,0.));
#2123 = ADVANCED_FACE('',(#2124),#2143,.F.);
#2124 = FACE_BOUND('',#2125,.F.);
#2125 = EDGE_LOOP('',(#2126,#2135,#2141,#2142));
#2126 = ORIENTED_EDGE('',*,*,#2127,.F.);
#2127 = EDGE_CURVE('',#2128,#2128,#2130,.T.);
#2128 = VERTEX_POINT('',#2129);
#2129 = CARTESIAN_POINT('',(62.2,134.97,52.));
#2130 = CIRCLE('',#2131,2.2);
#2131 = AXIS2_PLACEMENT_3D('',#2132,#2133,#2134);
#2132 = CARTESIAN_POINT('',(60.,134.97,52.));
#2133 = DIRECTION('',(-0.,1.,0.));
#2134 = DIRECTION('',(1.,0.,0.));
#2135 = ORIENTED_EDGE('',*,*,#2136,.F.);
#2136 = EDGE_CURVE('',#512,#2128,#2137,.T.);
#2137 = LINE('',#2138,#2139);
#2138 = CARTESIAN_POINT('',(63.9,132.97,52.));
#2139 = VECTOR('',#2140,1.);
#2140 = DIRECTION('',(-0.647648420096,0.761939317759,-1.6E-16));
#2141 = ORIENTED_EDGE('',*,*,#511,.T.);
#2142 = ORIENTED_EDGE('',*,*,#2136,.T.);
#2143 = CONICAL_SURFACE('',#2144,3.9,0.704494064242);
#2144 = AXIS2_PLACEMENT_3D('',#2145,#2146,#2147);
#2145 = CARTESIAN_POINT('',(60.,132.97,52.));
#2146 = DIRECTION('',(-0.,-1.,0.));
#2147 = DIRECTION('',(1.,0.,0.));
#2148 = ADVANCED_FACE('',(#2149),#2165,.F.);
#2149 = FACE_BOUND('',#2150,.T.);
#2150 = EDGE_LOOP('',(#2151,#2152,#2158,#2159));
#2151 = ORIENTED_EDGE('',*,*,#623,.T.);
#2152 = ORIENTED_EDGE('',*,*,#2153,.F.);
#2153 = EDGE_CURVE('',#1393,#624,#2154,.T.);
#2154 = LINE('',#2155,#2156);
#2155 = CARTESIAN_POINT('',(131.28284521868,131.97,40.657845218685));
#2156 = VECTOR('',#2157,1.);
#2157 = DIRECTION('',(0.,-1.,2.2E-16));
#2158 = ORIENTED_EDGE('',*,*,#1392,.F.);
#2159 = ORIENTED_EDGE('',*,*,#2160,.T.);
#2160 = EDGE_CURVE('',#1384,#615,#2161,.T.);
#2161 = LINE('',#2162,#2163);
#2162 = CARTESIAN_POINT('',(122.71715478131,131.97,40.657845218685));
#2163 = VECTOR('',#2164,1.);
#2164 = DIRECTION('',(0.,-1.,2.2E-16));
#2165 = CYLINDRICAL_SURFACE('',#2166,8.5);
#2166 = AXIS2_PLACEMENT_3D('',#2167,#2168,#2169);
#2167 = CARTESIAN_POINT('',(127.,131.97,48.));
#2168 = DIRECTION('',(-0.,-1.,0.));
#2169 = DIRECTION('',(1.,0.,0.));
#2170 = ADVANCED_FACE('',(#2171),#2187,.F.);
#2171 = FACE_BOUND('',#2172,.T.);
#2172 = EDGE_LOOP('',(#2173,#2174,#2180,#2181));
#2173 = ORIENTED_EDGE('',*,*,#596,.T.);
#2174 = ORIENTED_EDGE('',*,*,#2175,.F.);
#2175 = EDGE_CURVE('',#1339,#597,#2176,.T.);
#2176 = LINE('',#2177,#2178);
#2177 = CARTESIAN_POINT('',(119.65784521868,131.97,43.717154781315));
#2178 = VECTOR('',#2179,1.);
#2179 = DIRECTION('',(0.,-1.,2.2E-16));
#2180 = ORIENTED_EDGE('',*,*,#1338,.F.);
#2181 = ORIENTED_EDGE('',*,*,#2182,.T.);
#2182 = EDGE_CURVE('',#1330,#588,#2183,.T.);
#2183 = LINE('',#2184,#2185);
#2184 = CARTESIAN_POINT('',(119.65784521868,131.97,52.282845218685));
#2185 = VECTOR('',#2186,1.);
#2186 = DIRECTION('',(0.,-1.,2.2E-16));
#2187 = CYLINDRICAL_SURFACE('',#2188,8.5);
#2188 = AXIS2_PLACEMENT_3D('',#2189,#2190,#2191);
#2189 = CARTESIAN_POINT('',(127.,131.97,48.));
#2190 = DIRECTION('',(-0.,-1.,0.));
#2191 = DIRECTION('',(1.,0.,0.));
#2192 = ADVANCED_FACE('',(#2193),#2209,.F.);
#2193 = FACE_BOUND('',#2194,.T.);
#2194 = EDGE_LOOP('',(#2195,#2196,#2202,#2203));
#2195 = ORIENTED_EDGE('',*,*,#1284,.F.);
#2196 = ORIENTED_EDGE('',*,*,#2197,.T.);
#2197 = EDGE_CURVE('',#1276,#561,#2198,.T.);
#2198 = LINE('',#2199,#2200);
#2199 = CARTESIAN_POINT('',(131.28284521868,131.97,55.342154781315));
#2200 = VECTOR('',#2201,1.);
#2201 = DIRECTION('',(0.,-1.,2.2E-16));
#2202 = ORIENTED_EDGE('',*,*,#569,.T.);
#2203 = ORIENTED_EDGE('',*,*,#2204,.F.);
#2204 = EDGE_CURVE('',#1285,#570,#2205,.T.);
#2205 = LINE('',#2206,#2207);
#2206 = CARTESIAN_POINT('',(122.71715478131,131.97,55.342154781315));
#2207 = VECTOR('',#2208,1.);
#2208 = DIRECTION('',(0.,-1.,2.2E-16));
#2209 = CYLINDRICAL_SURFACE('',#2210,8.5);
#2210 = AXIS2_PLACEMENT_3D('',#2211,#2212,#2213);
#2211 = CARTESIAN_POINT('',(127.,131.97,48.));
#2212 = DIRECTION('',(-0.,-1.,0.));
#2213 = DIRECTION('',(1.,0.,0.));
#2214 = ADVANCED_FACE('',(#2215),#2234,.F.);
#2215 = FACE_BOUND('',#2216,.T.);
#2216 = EDGE_LOOP('',(#2217,#2218,#2226,#2233));
#2217 = ORIENTED_EDGE('',*,*,#641,.T.);
#2218 = ORIENTED_EDGE('',*,*,#2219,.T.);
#2219 = EDGE_CURVE('',#642,#2220,#2222,.T.);
#2220 = VERTEX_POINT('',#2221);
#2221 = CARTESIAN_POINT('',(113.2,134.02,52.));
#2222 = LINE('',#2223,#2224);
#2223 = CARTESIAN_POINT('',(113.2,131.97,52.));
#2224 = VECTOR('',#2225,1.);
#2225 = DIRECTION('',(0.,1.,0.));
#2226 = ORIENTED_EDGE('',*,*,#2227,.F.);
#2227 = EDGE_CURVE('',#2220,#2220,#2228,.T.);
#2228 = CIRCLE('',#2229,2.2);
#2229 = AXIS2_PLACEMENT_3D('',#2230,#2231,#2232);
#2230 = CARTESIAN_POINT('',(111.,134.02,52.));
#2231 = DIRECTION('',(0.,-1.,0.));
#2232 = DIRECTION('',(1.,0.,0.));
#2233 = ORIENTED_EDGE('',*,*,#2219,.F.);
#2234 = CYLINDRICAL_SURFACE('',#2235,2.2);
#2235 = AXIS2_PLACEMENT_3D('',#2236,#2237,#2238);
#2236 = CARTESIAN_POINT('',(111.,131.97,52.));
#2237 = DIRECTION('',(-0.,-1.,0.));
#2238 = DIRECTION('',(1.,0.,0.));
#2239 = ADVANCED_FACE('',(#2240),#2259,.F.);
#2240 = FACE_BOUND('',#2241,.T.);
#2241 = EDGE_LOOP('',(#2242,#2243,#2251,#2258));
#2242 = ORIENTED_EDGE('',*,*,#652,.T.);
#2243 = ORIENTED_EDGE('',*,*,#2244,.T.);
#2244 = EDGE_CURVE('',#653,#2245,#2247,.T.);
#2245 = VERTEX_POINT('',#2246);
#2246 = CARTESIAN_POINT('',(145.2,134.02,52.));
#2247 = LINE('',#2248,#2249);
#2248 = CARTESIAN_POINT('',(145.2,131.97,52.));
#2249 = VECTOR('',#2250,1.);
#2250 = DIRECTION('',(0.,1.,0.));
#2251 = ORIENTED_EDGE('',*,*,#2252,.F.);
#2252 = EDGE_CURVE('',#2245,#2245,#2253,.T.);
#2253 = CIRCLE('',#2254,2.2);
#2254 = AXIS2_PLACEMENT_3D('',#2255,#2256,#2257);
#2255 = CARTESIAN_POINT('',(143.,134.02,52.));
#2256 = DIRECTION('',(0.,-1.,0.));
#2257 = DIRECTION('',(1.,0.,0.));
#2258 = ORIENTED_EDGE('',*,*,#2244,.F.);
#2259 = CYLINDRICAL_SURFACE('',#2260,2.2);
#2260 = AXIS2_PLACEMENT_3D('',#2261,#2262,#2263);
#2261 = CARTESIAN_POINT('',(143.,131.97,52.));
#2262 = DIRECTION('',(-0.,-1.,0.));
#2263 = DIRECTION('',(1.,0.,0.));
#2264 = ADVANCED_FACE('',(#2265),#2276,.F.);
#2265 = FACE_BOUND('',#2266,.T.);
#2266 = EDGE_LOOP('',(#2267,#2268,#2274,#2275));
#2267 = ORIENTED_EDGE('',*,*,#663,.T.);
#2268 = ORIENTED_EDGE('',*,*,#2269,.T.);
#2269 = EDGE_CURVE('',#664,#1411,#2270,.T.);
#2270 = LINE('',#2271,#2272);
#2271 = CARTESIAN_POINT('',(101.95,131.97,62.));
#2272 = VECTOR('',#2273,1.);
#2273 = DIRECTION('',(0.,1.,0.));
#2274 = ORIENTED_EDGE('',*,*,#1410,.F.);
#2275 = ORIENTED_EDGE('',*,*,#2269,.F.);
#2276 = CYLINDRICAL_SURFACE('',#2277,2.2);
#2277 = AXIS2_PLACEMENT_3D('',#2278,#2279,#2280);
#2278 = CARTESIAN_POINT('',(99.75,131.97,62.));
#2279 = DIRECTION('',(-0.,-1.,0.));
#2280 = DIRECTION('',(1.,0.,0.));
#2281 = ADVANCED_FACE('',(#2282),#2293,.F.);
#2282 = FACE_BOUND('',#2283,.T.);
#2283 = EDGE_LOOP('',(#2284,#2290,#2291,#2292));
#2284 = ORIENTED_EDGE('',*,*,#2285,.F.);
#2285 = EDGE_CURVE('',#1586,#792,#2286,.T.);
#2286 = LINE('',#2287,#2288);
#2287 = CARTESIAN_POINT('',(-87.8,131.97,28.));
#2288 = VECTOR('',#2289,1.);
#2289 = DIRECTION('',(0.,1.,0.));
#2290 = ORIENTED_EDGE('',*,*,#1585,.F.);
#2291 = ORIENTED_EDGE('',*,*,#2285,.T.);
#2292 = ORIENTED_EDGE('',*,*,#791,.F.);
#2293 = CYLINDRICAL_SURFACE('',#2294,2.2);
#2294 = AXIS2_PLACEMENT_3D('',#2295,#2296,#2297);
#2295 = CARTESIAN_POINT('',(-90.,131.97,28.));
#2296 = DIRECTION('',(-0.,-1.,0.));
#2297 = DIRECTION('',(1.,0.,0.));
#2298 = ADVANCED_FACE('',(#2299),#2310,.F.);
#2299 = FACE_BOUND('',#2300,.T.);
#2300 = EDGE_LOOP('',(#2301,#2307,#2308,#2309));
#2301 = ORIENTED_EDGE('',*,*,#2302,.F.);
#2302 = EDGE_CURVE('',#1678,#814,#2303,.T.);
#2303 = LINE('',#2304,#2305);
#2304 = CARTESIAN_POINT('',(-85.8,131.97,40.));
#2305 = VECTOR('',#2306,1.);
#2306 = DIRECTION('',(0.,1.,0.));
#2307 = ORIENTED_EDGE('',*,*,#1677,.F.);
#2308 = ORIENTED_EDGE('',*,*,#2302,.T.);
#2309 = ORIENTED_EDGE('',*,*,#813,.F.);
#2310 = CYLINDRICAL_SURFACE('',#2311,2.2);
#2311 = AXIS2_PLACEMENT_3D('',#2312,#2313,#2314);
#2312 = CARTESIAN_POINT('',(-88.,131.97,40.));
#2313 = DIRECTION('',(-0.,-1.,0.));
#2314 = DIRECTION('',(1.,0.,0.));
#2315 = ADVANCED_FACE('',(#2316),#2327,.F.);
#2316 = FACE_BOUND('',#2317,.T.);
#2317 = EDGE_LOOP('',(#2318,#2324,#2325,#2326));
#2318 = ORIENTED_EDGE('',*,*,#2319,.F.);
#2319 = EDGE_CURVE('',#1703,#825,#2320,.T.);
#2320 = LINE('',#2321,#2322);
#2321 = CARTESIAN_POINT('',(-37.8,131.97,28.));
#2322 = VECTOR('',#2323,1.);
#2323 = DIRECTION('',(0.,1.,0.));
#2324 = ORIENTED_EDGE('',*,*,#1702,.F.);
#2325 = ORIENTED_EDGE('',*,*,#2319,.T.);
#2326 = ORIENTED_EDGE('',*,*,#824,.F.);
#2327 = CYLINDRICAL_SURFACE('',#2328,2.2);
#2328 = AXIS2_PLACEMENT_3D('',#2329,#2330,#2331);
#2329 = CARTESIAN_POINT('',(-40.,131.97,28.));
#2330 = DIRECTION('',(-0.,-1.,0.));
#2331 = DIRECTION('',(1.,0.,0.));
#2332 = ADVANCED_FACE('',(#2333),#2344,.F.);
#2333 = FACE_BOUND('',#2334,.T.);
#2334 = EDGE_LOOP('',(#2335,#2341,#2342,#2343));
#2335 = ORIENTED_EDGE('',*,*,#2336,.F.);
#2336 = EDGE_CURVE('',#1728,#836,#2337,.T.);
#2337 = LINE('',#2338,#2339);
#2338 = CARTESIAN_POINT('',(-29.8,131.97,40.));
#2339 = VECTOR('',#2340,1.);
#2340 = DIRECTION('',(0.,1.,0.));
#2341 = ORIENTED_EDGE('',*,*,#1727,.F.);
#2342 = ORIENTED_EDGE('',*,*,#2336,.T.);
#2343 = ORIENTED_EDGE('',*,*,#835,.F.);
#2344 = CYLINDRICAL_SURFACE('',#2345,2.2);
#2345 = AXIS2_PLACEMENT_3D('',#2346,#2347,#2348);
#2346 = CARTESIAN_POINT('',(-32.,131.97,40.));
#2347 = DIRECTION('',(-0.,-1.,0.));
#2348 = DIRECTION('',(1.,0.,0.));
#2349 = ADVANCED_FACE('',(#2350),#2402,.F.);
#2350 = FACE_BOUND('',#2351,.F.);
#2351 = EDGE_LOOP('',(#2352,#2353,#2359,#2360,#2361,#2362));
#2352 = ORIENTED_EDGE('',*,*,#1019,.T.);
#2353 = ORIENTED_EDGE('',*,*,#2354,.T.);
#2354 = EDGE_CURVE('',#1020,#1629,#2355,.T.);
#2355 = LINE('',#2356,#2357);
#2356 = CARTESIAN_POINT('',(-139.1,136.02,44.));
#2357 = VECTOR('',#2358,1.);
#2358 = DIRECTION('',(-0.647648420096,-0.761939317759,1.6E-16));
#2359 = ORIENTED_EDGE('',*,*,#1636,.F.);
#2360 = ORIENTED_EDGE('',*,*,#2354,.F.);
#2361 = ORIENTED_EDGE('',*,*,#1028,.T.);
#2362 = ORIENTED_EDGE('',*,*,#2363,.T.);
#2363 = EDGE_CURVE('',#1029,#1011,#2364,.T.);
#2364 = B_SPLINE_CURVE_WITH_KNOTS('',6,(#2365,#2366,#2367,#2368,#2369,
    #2370,#2371,#2372,#2373,#2374,#2375,#2376,#2377,#2378,#2379,#2380,
    #2381,#2382,#2383,#2384,#2385,#2386,#2387,#2388,#2389,#2390,#2391,
    #2392,#2393,#2394,#2395,#2396,#2397,#2398,#2399,#2400,#2401),
  .UNSPECIFIED.,.F.,.F.,(7,5,5,5,5,5,5,7),(0.,0.280357637111,
    0.365340883295,0.499327355968,0.590261365074,0.635966018667,
    0.718094670467,1.),.UNSPECIFIED.);
#2365 = CARTESIAN_POINT('',(-140.6209452728,136.02,40.909676618028));
#2366 = CARTESIAN_POINT('',(-140.588083538,135.96945573925,
    40.989193891637));
#2367 = CARTESIAN_POINT('',(-140.5523083467,135.92077864611,
    41.071108971151));
#2368 = CARTESIAN_POINT('',(-140.5131011487,135.87428057133,
    41.156003181475));
#2369 = CARTESIAN_POINT('',(-140.4698817027,135.83068893019,
    41.244279972934));
#2370 = CARTESIAN_POINT('',(-140.4220091848,135.79116543202,
    41.336203638225));
#2371 = CARTESIAN_POINT('',(-140.3525398027,135.74711257527,
    41.460995945188));
#2372 = CARTESIAN_POINT('',(-140.3358894905,135.73739632895,
    41.490361304025));
#2373 = CARTESIAN_POINT('',(-140.3187334654,135.72825949198,
    41.520057814074));
#2374 = CARTESIAN_POINT('',(-140.30106119,135.71975655973,
    41.550070017289));
#2375 = CARTESIAN_POINT('',(-140.2828691329,135.71194463478,
    41.580371138793));
#2376 = CARTESIAN_POINT('',(-140.2346715018,135.69374148823,
    41.659087630828));
#2377 = CARTESIAN_POINT('',(-140.2038892945,135.68445550917,
    41.707894939891));
#2378 = CARTESIAN_POINT('',(-140.1718667365,135.67725338452,
    41.757144049011));
#2379 = CARTESIAN_POINT('',(-140.1387027595,135.67234363352,
    41.806580220424));
#2380 = CARTESIAN_POINT('',(-140.1045702539,135.66985763564,
    41.855888205795));
#2381 = CARTESIAN_POINT('',(-140.0461031699,135.66975314676,
    41.937806111841));
#2382 = CARTESIAN_POINT('',(-140.0221372646,135.67082719435,
    41.970700627328));
#2383 = CARTESIAN_POINT('',(-139.9979242393,135.67301858216,
    42.00325692613));
#2384 = CARTESIAN_POINT('',(-139.9735419764,135.67630111149,
    42.035380593291));
#2385 = CARTESIAN_POINT('',(-139.949064668,135.68062780767,
    42.06699398084));
#2386 = CARTESIAN_POINT('',(-139.9122468322,135.68860605923,
    42.113634496669));
#2387 = CARTESIAN_POINT('',(-139.899924383,135.6915232515,
    42.129091414316));
#2388 = CARTESIAN_POINT('',(-139.8876029235,135.6946812266,
    42.144397257646));
#2389 = CARTESIAN_POINT('',(-139.8752897706,135.69807184353,
    42.159546319708));
#2390 = CARTESIAN_POINT('',(-139.8629914215,135.70168656175,
    42.174534260217));
#2391 = CARTESIAN_POINT('',(-139.8286509271,135.71239851578,
    42.215995708876));
#2392 = CARTESIAN_POINT('',(-139.8066548049,135.71997545099,
    42.24210288044));
#2393 = CARTESIAN_POINT('',(-139.7847570214,135.72819647047,
    42.267663283432));
#2394 = CARTESIAN_POINT('',(-139.762981403,135.73701009559,
    42.292672154655));
#2395 = CARTESIAN_POINT('',(-139.7413443986,135.74636712552,
    42.317133741657));
#2396 = CARTESIAN_POINT('',(-139.646096114,135.7900558733,
    42.423180926892));
#2397 = CARTESIAN_POINT('',(-139.5742209089,135.82970952302,
    42.498828926997));
#2398 = CARTESIAN_POINT('',(-139.5043093788,135.87349773409,
    42.568816790866));
#2399 = CARTESIAN_POINT('',(-139.4363213159,135.92023218485,
    42.633848110703));
#2400 = CARTESIAN_POINT('',(-139.37006041,135.96917122226,
    42.694614905518));
#2401 = CARTESIAN_POINT('',(-139.3051358082,136.02,42.751809868459));
#2402 = CONICAL_SURFACE('',#2403,3.9,0.704494064242);
#2403 = AXIS2_PLACEMENT_3D('',#2404,#2405,#2406);
#2404 = CARTESIAN_POINT('',(-143.,136.02,44.));
#2405 = DIRECTION('',(-0.,1.,-0.));
#2406 = DIRECTION('',(1.,0.,0.));
#2407 = ADVANCED_FACE('',(#2408),#2455,.F.);
#2408 = FACE_BOUND('',#2409,.F.);
#2409 = EDGE_LOOP('',(#2410,#2411,#2417,#2418,#2419,#2420));
#2410 = ORIENTED_EDGE('',*,*,#974,.T.);
#2411 = ORIENTED_EDGE('',*,*,#2412,.T.);
#2412 = EDGE_CURVE('',#975,#1820,#2413,.T.);
#2413 = LINE('',#2414,#2415);
#2414 = CARTESIAN_POINT('',(-139.1,136.02,52.));
#2415 = VECTOR('',#2416,1.);
#2416 = DIRECTION('',(-0.647648420096,-0.761939317759,1.6E-16));
#2417 = ORIENTED_EDGE('',*,*,#1827,.F.);
#2418 = ORIENTED_EDGE('',*,*,#2412,.F.);
#2419 = ORIENTED_EDGE('',*,*,#983,.T.);
#2420 = ORIENTED_EDGE('',*,*,#2421,.T.);
#2421 = EDGE_CURVE('',#984,#966,#2422,.T.);
#2422 = B_SPLINE_CURVE_WITH_KNOTS('',6,(#2423,#2424,#2425,#2426,#2427,
    #2428,#2429,#2430,#2431,#2432,#2433,#2434,#2435,#2436,#2437,#2438,
    #2439,#2440,#2441,#2442,#2443,#2444,#2445,#2446,#2447,#2448,#2449,
    #2450,#2451,#2452,#2453,#2454),.UNSPECIFIED.,.F.,.F.,(7,5,5,5,5,5,7)
  ,(0.,0.280845216935,0.3631207523,0.500426833831,0.590933497165,
    0.720129968476,1.),.UNSPECIFIED.);
#2423 = CARTESIAN_POINT('',(-139.3051358082,136.01999999999,
    53.248190131541));
#2424 = CARTESIAN_POINT('',(-139.3698098594,135.96936737567,
    53.305164373317));
#2425 = CARTESIAN_POINT('',(-139.4358112439,135.92060890879,
    53.365684101143));
#2426 = CARTESIAN_POINT('',(-139.5035245052,135.87403738097,
    53.430432588841));
#2427 = CARTESIAN_POINT('',(-139.5731439893,135.83038460671,
    53.50009337081));
#2428 = CARTESIAN_POINT('',(-139.6447112742,135.79082050499,
    53.575361972315));
#2429 = CARTESIAN_POINT('',(-139.7396676606,135.74710021805,
    53.680975847052));
#2430 = CARTESIAN_POINT('',(-139.761332136,135.73769292067,
    53.705443588008));
#2431 = CARTESIAN_POINT('',(-139.7831364463,135.72882841942,
    53.730460161994));
#2432 = CARTESIAN_POINT('',(-139.8050643231,135.72055603227,
    53.756030131582));
#2433 = CARTESIAN_POINT('',(-139.8270921132,135.71292743425,
    53.782149083708));
#2434 = CARTESIAN_POINT('',(-139.8860632593,135.69442226801,
    53.853279414744));
#2435 = CARTESIAN_POINT('',(-139.9231469543,135.68478045076,
    53.899264809003));
#2436 = CARTESIAN_POINT('',(-139.9602560315,135.67731835828,
    53.946640567727));
#2437 = CARTESIAN_POINT('',(-139.9971668702,135.67226278764,
    53.99522003346));
#2438 = CARTESIAN_POINT('',(-140.0336191357,135.66975604656,
    54.044718016029));
#2439 = CARTESIAN_POINT('',(-140.092851729,135.66982032077,
    54.127683007853));
#2440 = CARTESIAN_POINT('',(-140.1160645952,135.67095175255,
    54.160873913622));
#2441 = CARTESIAN_POINT('',(-140.1388781459,135.67318917448,
    54.194183061983));
#2442 = CARTESIAN_POINT('',(-140.1612296409,135.67650601529,
    54.227507787943));
#2443 = CARTESIAN_POINT('',(-140.1830708433,135.68085545862,
    54.260754427954));
#2444 = CARTESIAN_POINT('',(-140.2347627688,135.69377306174,
    54.341064382375));
#2445 = CARTESIAN_POINT('',(-140.2640481577,135.70335035626,
    54.38796169742));
#2446 = CARTESIAN_POINT('',(-140.2921323528,135.71473687529,
    54.434309357117));
#2447 = CARTESIAN_POINT('',(-140.319002589,135.7277192449,54.47997093136
    ));
#2448 = CARTESIAN_POINT('',(-140.3446850008,135.74209675376,
    54.524871445209));
#2449 = CARTESIAN_POINT('',(-140.4224089639,135.79149560451,
    54.664564088506));
#2450 = CARTESIAN_POINT('',(-140.4701701979,135.83098015881,
    54.756309449204));
#2451 = CARTESIAN_POINT('',(-140.5132973283,135.87451327669,
    54.844421639662));
#2452 = CARTESIAN_POINT('',(-140.5524277363,135.92094106268,
    54.929164373851));
#2453 = CARTESIAN_POINT('',(-140.5881385099,135.96954029095,
    55.010939126834));
#2454 = CARTESIAN_POINT('',(-140.6209452728,136.02,55.090323381972));
#2455 = CONICAL_SURFACE('',#2456,3.9,0.704494064242);
#2456 = AXIS2_PLACEMENT_3D('',#2457,#2458,#2459);
#2457 = CARTESIAN_POINT('',(-143.,136.02,52.));
#2458 = DIRECTION('',(-0.,1.,-0.));
#2459 = DIRECTION('',(1.,0.,0.));
#2460 = ADVANCED_FACE('',(#2461),#2508,.F.);
#2461 = FACE_BOUND('',#2462,.F.);
#2462 = EDGE_LOOP('',(#2463,#2464,#2470,#2471,#2472,#2473));
#2463 = ORIENTED_EDGE('',*,*,#911,.T.);
#2464 = ORIENTED_EDGE('',*,*,#2465,.T.);
#2465 = EDGE_CURVE('',#912,#1845,#2466,.T.);
#2466 = LINE('',#2467,#2468);
#2467 = CARTESIAN_POINT('',(-107.1,136.02,52.));
#2468 = VECTOR('',#2469,1.);
#2469 = DIRECTION('',(-0.647648420096,-0.761939317759,1.6E-16));
#2470 = ORIENTED_EDGE('',*,*,#1852,.F.);
#2471 = ORIENTED_EDGE('',*,*,#2465,.F.);
#2472 = ORIENTED_EDGE('',*,*,#920,.T.);
#2473 = ORIENTED_EDGE('',*,*,#2474,.T.);
#2474 = EDGE_CURVE('',#921,#903,#2475,.T.);
#2475 = B_SPLINE_CURVE_WITH_KNOTS('',7,(#2476,#2477,#2478,#2479,#2480,
    #2481,#2482,#2483,#2484,#2485,#2486,#2487,#2488,#2489,#2490,#2491,
    #2492,#2493,#2494,#2495,#2496,#2497,#2498,#2499,#2500,#2501,#2502,
    #2503,#2504,#2505,#2506,#2507),.UNSPECIFIED.,.F.,.F.,(8,6,6,6,6,8),(
    0.,0.278864685276,0.409916869241,0.498930327008,0.633889860561,1.),
  .UNSPECIFIED.);
#2476 = CARTESIAN_POINT('',(-113.3790547271,136.01999999999,
    55.090323381972));
#2477 = CARTESIAN_POINT('',(-113.4070907987,135.97687803699,
    55.022483020266));
#2478 = CARTESIAN_POINT('',(-113.4371891475,135.93507651474,
    54.952944480673));
#2479 = CARTESIAN_POINT('',(-113.4696414593,135.89477219978,
    54.881381635651));
#2480 = CARTESIAN_POINT('',(-113.504765585,135.85631605031,
    54.807542389143));
#2481 = CARTESIAN_POINT('',(-113.5429051789,135.82023831607,
    54.731237980825));
#2482 = CARTESIAN_POINT('',(-113.5844414776,135.78725897927,
    54.652327724467));
#2483 = CARTESIAN_POINT('',(-113.6511415058,135.74469595486,
    54.532337926586));
#2484 = CARTESIAN_POINT('',(-113.6732998071,135.73198593625,
    54.493401408194));
#2485 = CARTESIAN_POINT('',(-113.6963241303,135.72027530044,
    54.453901066385));
#2486 = CARTESIAN_POINT('',(-113.7202342777,135.70967949819,
    54.413873265849));
#2487 = CARTESIAN_POINT('',(-113.7450342499,135.70032240568,
    54.373381248512));
#2488 = CARTESIAN_POINT('',(-113.7707046638,135.69232534967,
    54.332519623364));
#2489 = CARTESIAN_POINT('',(-113.8151814008,135.68135166063,
    54.263506591307));
#2490 = CARTESIAN_POINT('',(-113.8335486651,135.67758732558,
    54.2354817859));
#2491 = CARTESIAN_POINT('',(-113.8522728554,135.6745301332,
    54.20739346028));
#2492 = CARTESIAN_POINT('',(-113.8713290878,135.67220722129,
    54.179291604148));
#2493 = CARTESIAN_POINT('',(-113.890687011,135.67063840467,
    54.15122976907));
#2494 = CARTESIAN_POINT('',(-113.9103100994,135.6698344892,
    54.123265124747));
#2495 = CARTESIAN_POINT('',(-113.9602431068,135.66973660174,
    54.053298968468));
#2496 = CARTESIAN_POINT('',(-113.9908524425,135.67143632344,
    54.011486849598));
#2497 = CARTESIAN_POINT('',(-114.0218238705,135.67489716271,
    53.970246084388));
#2498 = CARTESIAN_POINT('',(-114.0530111571,135.68006305701,
    53.929750132213));
#2499 = CARTESIAN_POINT('',(-114.0842819271,135.68683545267,
    53.890129392154));
#2500 = CARTESIAN_POINT('',(-114.1155186746,135.69508928821,
    53.851478609033));
#2501 = CARTESIAN_POINT('',(-114.2309889714,135.73073043972,
    53.711826379026));
#2502 = CARTESIAN_POINT('',(-114.3139478307,135.76654843836,
    53.617913640895));
#2503 = CARTESIAN_POINT('',(-114.3947278047,135.80962411592,
    53.531801547445));
#2504 = CARTESIAN_POINT('',(-114.4730524464,135.85769698771,
    53.452656083112));
#2505 = CARTESIAN_POINT('',(-114.548902681,135.90926444215,
    53.379657921935));
#2506 = CARTESIAN_POINT('',(-114.622609587,135.96343264129,
    53.311842419258));
#2507 = CARTESIAN_POINT('',(-114.6948641917,136.02,53.248190131541));
#2508 = CONICAL_SURFACE('',#2509,3.9,0.704494064242);
#2509 = AXIS2_PLACEMENT_3D('',#2510,#2511,#2512);
#2510 = CARTESIAN_POINT('',(-111.,136.02,52.));
#2511 = DIRECTION('',(-0.,1.,-0.));
#2512 = DIRECTION('',(1.,0.,0.));
#2513 = ADVANCED_FACE('',(#2514),#2566,.F.);
#2514 = FACE_BOUND('',#2515,.F.);
#2515 = EDGE_LOOP('',(#2516,#2517,#2523,#2524,#2525,#2526));
#2516 = ORIENTED_EDGE('',*,*,#857,.T.);
#2517 = ORIENTED_EDGE('',*,*,#2518,.T.);
#2518 = EDGE_CURVE('',#858,#1654,#2519,.T.);
#2519 = LINE('',#2520,#2521);
#2520 = CARTESIAN_POINT('',(-107.1,136.02,44.));
#2521 = VECTOR('',#2522,1.);
#2522 = DIRECTION('',(-0.647648420096,-0.761939317759,1.6E-16));
#2523 = ORIENTED_EDGE('',*,*,#1661,.F.);
#2524 = ORIENTED_EDGE('',*,*,#2518,.F.);
#2525 = ORIENTED_EDGE('',*,*,#866,.T.);
#2526 = ORIENTED_EDGE('',*,*,#2527,.T.);
#2527 = EDGE_CURVE('',#867,#849,#2528,.T.);
#2528 = B_SPLINE_CURVE_WITH_KNOTS('',6,(#2529,#2530,#2531,#2532,#2533,
    #2534,#2535,#2536,#2537,#2538,#2539,#2540,#2541,#2542,#2543,#2544,
    #2545,#2546,#2547,#2548,#2549,#2550,#2551,#2552,#2553,#2554,#2555,
    #2556,#2557,#2558,#2559,#2560,#2561,#2562,#2563,#2564,#2565),
  .UNSPECIFIED.,.F.,.F.,(7,5,5,5,5,5,5,7),(0.,0.280162964031,
    0.364130778818,0.408946324777,0.500372692173,0.635814885992,
    0.719791520223,1.),.UNSPECIFIED.);
#2529 = CARTESIAN_POINT('',(-114.6948641917,136.02,42.751809868459));
#2530 = CARTESIAN_POINT('',(-114.6303408955,135.96948540015,
    42.69496843345));
#2531 = CARTESIAN_POINT('',(-114.5644956682,135.92083562688,
    42.634597334281));
#2532 = CARTESIAN_POINT('',(-114.4969477306,135.87436221881,
    42.570018924472));
#2533 = CARTESIAN_POINT('',(-114.4275039276,135.83079111921,
    42.500554756618));
#2534 = CARTESIAN_POINT('',(-114.3561218925,135.79128129305,
    42.425514146398));
#2535 = CARTESIAN_POINT('',(-114.2609185692,135.74734769902,
    42.319690875232));
#2536 = CARTESIAN_POINT('',(-114.2388089667,135.7377348724,
    42.294728286865));
#2537 = CARTESIAN_POINT('',(-114.2165534118,135.72868686624,
    42.269193914463));
#2538 = CARTESIAN_POINT('',(-114.1941691776,135.7202561598,
    42.243082849344));
#2539 = CARTESIAN_POINT('',(-114.1716815526,135.71249776889,
    42.216399937206));
#2540 = CARTESIAN_POINT('',(-114.1370853444,135.7017129119,
    42.174625432386));
#2541 = CARTESIAN_POINT('',(-114.1250265085,135.69816681872,
    42.15993050589));
#2542 = CARTESIAN_POINT('',(-114.1129533864,135.69483609393,
    42.14508064683));
#2543 = CARTESIAN_POINT('',(-114.1008720925,135.69172879317,
    42.130079929463));
#2544 = CARTESIAN_POINT('',(-114.0887895003,135.68885260726,
    42.114933691045));
#2545 = CARTESIAN_POINT('',(-114.0520769623,135.68083370622,
    42.068465901974));
#2546 = CARTESIAN_POINT('',(-114.0274639058,135.67644399505,
    42.036701247328));
#2547 = CARTESIAN_POINT('',(-114.0029447482,135.67310831986,
    42.004418542317));
#2548 = CARTESIAN_POINT('',(-113.9785947431,135.67087484124,
    41.971696259555));
#2549 = CARTESIAN_POINT('',(-113.9544930238,135.66977058568,
    41.938630103624));
#2550 = CARTESIAN_POINT('',(-113.895506546,135.66983052821,
    41.85601232621));
#2551 = CARTESIAN_POINT('',(-113.8610007077,135.67234301747,
    41.806165449118));
#2552 = CARTESIAN_POINT('',(-113.8274859076,135.67733306033,
    41.756189008947));
#2553 = CARTESIAN_POINT('',(-113.7951400869,135.6846641272,
    41.706408189599));
#2554 = CARTESIAN_POINT('',(-113.7640640349,135.69411957526,
    41.657084852869));
#2555 = CARTESIAN_POINT('',(-113.7158584127,135.71249113316,
    41.578251645379));
#2556 = CARTESIAN_POINT('',(-113.6979109346,135.72024894119,
    41.548325781322));
#2557 = CARTESIAN_POINT('',(-113.6804708503,135.72867908203,
    41.518683160388));
#2558 = CARTESIAN_POINT('',(-113.6635345454,135.73772654081,
    41.489349279892));
#2559 = CARTESIAN_POINT('',(-113.6470917773,135.74733883826,
    41.460338891405));
#2560 = CARTESIAN_POINT('',(-113.5778615424,135.79127215465,
    41.335955414179));
#2561 = CARTESIAN_POINT('',(-113.5300250305,135.83078305862,
    41.244089435634));
#2562 = CARTESIAN_POINT('',(-113.4868354412,135.87435577807,
    41.155865875605));
#2563 = CARTESIAN_POINT('',(-113.4476530697,135.92083113171,
    41.071020635737));
#2564 = CARTESIAN_POINT('',(-113.411898699,135.96948306014,
    40.989150909854));
#2565 = CARTESIAN_POINT('',(-113.3790547271,136.02,40.909676618027));
#2566 = CONICAL_SURFACE('',#2567,3.9,0.704494064242);
#2567 = AXIS2_PLACEMENT_3D('',#2568,#2569,#2570);
#2568 = CARTESIAN_POINT('',(-111.,136.02,44.));
#2569 = DIRECTION('',(-0.,1.,-0.));
#2570 = DIRECTION('',(1.,0.,0.));
#2571 = ADVANCED_FACE('',(#2572),#2583,.F.);
#2572 = FACE_BOUND('',#2573,.T.);
#2573 = EDGE_LOOP('',(#2574,#2580,#2581,#2582));
#2574 = ORIENTED_EDGE('',*,*,#2575,.F.);
#2575 = EDGE_CURVE('',#1886,#1085,#2576,.T.);
#2576 = LINE('',#2577,#2578);
#2577 = CARTESIAN_POINT('',(-57.8,131.97,52.));
#2578 = VECTOR('',#2579,1.);
#2579 = DIRECTION('',(0.,1.,0.));
#2580 = ORIENTED_EDGE('',*,*,#1885,.F.);
#2581 = ORIENTED_EDGE('',*,*,#2575,.T.);
#2582 = ORIENTED_EDGE('',*,*,#1084,.F.);
#2583 = CYLINDRICAL_SURFACE('',#2584,2.2);
#2584 = AXIS2_PLACEMENT_3D('',#2585,#2586,#2587);
#2585 = CARTESIAN_POINT('',(-60.,131.97,52.));
#2586 = DIRECTION('',(-0.,-1.,0.));
#2587 = DIRECTION('',(1.,0.,0.));
#2588 = ADVANCED_FACE('',(#2589),#2600,.F.);
#2589 = FACE_BOUND('',#2590,.T.);
#2590 = EDGE_LOOP('',(#2591,#2597,#2598,#2599));
#2591 = ORIENTED_EDGE('',*,*,#2592,.F.);
#2592 = EDGE_CURVE('',#1911,#1096,#2593,.T.);
#2593 = LINE('',#2594,#2595);
#2594 = CARTESIAN_POINT('',(-17.8,131.97,52.));
#2595 = VECTOR('',#2596,1.);
#2596 = DIRECTION('',(0.,1.,0.));
#2597 = ORIENTED_EDGE('',*,*,#1910,.F.);
#2598 = ORIENTED_EDGE('',*,*,#2592,.T.);
#2599 = ORIENTED_EDGE('',*,*,#1095,.F.);
#2600 = CYLINDRICAL_SURFACE('',#2601,2.2);
#2601 = AXIS2_PLACEMENT_3D('',#2602,#2603,#2604);
#2602 = CARTESIAN_POINT('',(-20.,131.97,52.));
#2603 = DIRECTION('',(-0.,-1.,0.));
#2604 = DIRECTION('',(1.,0.,0.));
#2605 = ADVANCED_FACE('',(#2606),#2617,.F.);
#2606 = FACE_BOUND('',#2607,.T.);
#2607 = EDGE_LOOP('',(#2608,#2614,#2615,#2616));
#2608 = ORIENTED_EDGE('',*,*,#2609,.F.);
#2609 = EDGE_CURVE('',#1936,#1107,#2610,.T.);
#2610 = LINE('',#2611,#2612);
#2611 = CARTESIAN_POINT('',(42.2,131.97,28.));
#2612 = VECTOR('',#2613,1.);
#2613 = DIRECTION('',(0.,1.,0.));
#2614 = ORIENTED_EDGE('',*,*,#1935,.F.);
#2615 = ORIENTED_EDGE('',*,*,#2609,.T.);
#2616 = ORIENTED_EDGE('',*,*,#1106,.F.);
#2617 = CYLINDRICAL_SURFACE('',#2618,2.2);
#2618 = AXIS2_PLACEMENT_3D('',#2619,#2620,#2621);
#2619 = CARTESIAN_POINT('',(40.,131.97,28.));
#2620 = DIRECTION('',(-0.,-1.,0.));
#2621 = DIRECTION('',(1.,0.,0.));
#2622 = ADVANCED_FACE('',(#2623),#2634,.F.);
#2623 = FACE_BOUND('',#2624,.T.);
#2624 = EDGE_LOOP('',(#2625,#2631,#2632,#2633));
#2625 = ORIENTED_EDGE('',*,*,#2626,.F.);
#2626 = EDGE_CURVE('',#1961,#1118,#2627,.T.);
#2627 = LINE('',#2628,#2629);
#2628 = CARTESIAN_POINT('',(34.2,131.97,40.));
#2629 = VECTOR('',#2630,1.);
#2630 = DIRECTION('',(0.,1.,0.));
#2631 = ORIENTED_EDGE('',*,*,#1960,.F.);
#2632 = ORIENTED_EDGE('',*,*,#2626,.T.);
#2633 = ORIENTED_EDGE('',*,*,#1117,.F.);
#2634 = CYLINDRICAL_SURFACE('',#2635,2.2);
#2635 = AXIS2_PLACEMENT_3D('',#2636,#2637,#2638);
#2636 = CARTESIAN_POINT('',(32.,131.97,40.));
#2637 = DIRECTION('',(-0.,-1.,0.));
#2638 = DIRECTION('',(1.,0.,0.));
#2639 = ADVANCED_FACE('',(#2640),#2651,.F.);
#2640 = FACE_BOUND('',#2641,.T.);
#2641 = EDGE_LOOP('',(#2642,#2648,#2649,#2650));
#2642 = ORIENTED_EDGE('',*,*,#2643,.F.);
#2643 = EDGE_CURVE('',#1986,#1129,#2644,.T.);
#2644 = LINE('',#2645,#2646);
#2645 = CARTESIAN_POINT('',(92.2,131.97,28.));
#2646 = VECTOR('',#2647,1.);
#2647 = DIRECTION('',(0.,1.,0.));
#2648 = ORIENTED_EDGE('',*,*,#1985,.F.);
#2649 = ORIENTED_EDGE('',*,*,#2643,.T.);
#2650 = ORIENTED_EDGE('',*,*,#1128,.F.);
#2651 = CYLINDRICAL_SURFACE('',#2652,2.2);
#2652 = AXIS2_PLACEMENT_3D('',#2653,#2654,#2655);
#2653 = CARTESIAN_POINT('',(90.,131.97,28.));
#2654 = DIRECTION('',(-0.,-1.,0.));
#2655 = DIRECTION('',(1.,0.,0.));
#2656 = ADVANCED_FACE('',(#2657),#2668,.F.);
#2657 = FACE_BOUND('',#2658,.T.);
#2658 = EDGE_LOOP('',(#2659,#2665,#2666,#2667));
#2659 = ORIENTED_EDGE('',*,*,#2660,.F.);
#2660 = EDGE_CURVE('',#2028,#1151,#2661,.T.);
#2661 = LINE('',#2662,#2663);
#2662 = CARTESIAN_POINT('',(90.2,131.97,40.));
#2663 = VECTOR('',#2664,1.);
#2664 = DIRECTION('',(0.,1.,0.));
#2665 = ORIENTED_EDGE('',*,*,#2027,.F.);
#2666 = ORIENTED_EDGE('',*,*,#2660,.T.);
#2667 = ORIENTED_EDGE('',*,*,#1150,.F.);
#2668 = CYLINDRICAL_SURFACE('',#2669,2.2);
#2669 = AXIS2_PLACEMENT_3D('',#2670,#2671,#2672);
#2670 = CARTESIAN_POINT('',(88.,131.97,40.));
#2671 = DIRECTION('',(-0.,-1.,0.));
#2672 = DIRECTION('',(1.,0.,0.));
#2673 = ADVANCED_FACE('',(#2674),#2685,.F.);
#2674 = FACE_BOUND('',#2675,.T.);
#2675 = EDGE_LOOP('',(#2676,#2682,#2683,#2684));
#2676 = ORIENTED_EDGE('',*,*,#2677,.F.);
#2677 = EDGE_CURVE('',#2103,#1162,#2678,.T.);
#2678 = LINE('',#2679,#2680);
#2679 = CARTESIAN_POINT('',(22.2,131.97,52.));
#2680 = VECTOR('',#2681,1.);
#2681 = DIRECTION('',(0.,1.,0.));
#2682 = ORIENTED_EDGE('',*,*,#2102,.F.);
#2683 = ORIENTED_EDGE('',*,*,#2677,.T.);
#2684 = ORIENTED_EDGE('',*,*,#1161,.F.);
#2685 = CYLINDRICAL_SURFACE('',#2686,2.2);
#2686 = AXIS2_PLACEMENT_3D('',#2687,#2688,#2689);
#2687 = CARTESIAN_POINT('',(20.,131.97,52.));
#2688 = DIRECTION('',(-0.,-1.,0.));
#2689 = DIRECTION('',(1.,0.,0.));
#2690 = ADVANCED_FACE('',(#2691),#2702,.F.);
#2691 = FACE_BOUND('',#2692,.T.);
#2692 = EDGE_LOOP('',(#2693,#2699,#2700,#2701));
#2693 = ORIENTED_EDGE('',*,*,#2694,.F.);
#2694 = EDGE_CURVE('',#2128,#1173,#2695,.T.);
#2695 = LINE('',#2696,#2697);
#2696 = CARTESIAN_POINT('',(62.2,131.97,52.));
#2697 = VECTOR('',#2698,1.);
#2698 = DIRECTION('',(0.,1.,0.));
#2699 = ORIENTED_EDGE('',*,*,#2127,.F.);
#2700 = ORIENTED_EDGE('',*,*,#2694,.T.);
#2701 = ORIENTED_EDGE('',*,*,#1172,.F.);
#2702 = CYLINDRICAL_SURFACE('',#2703,2.2);
#2703 = AXIS2_PLACEMENT_3D('',#2704,#2705,#2706);
#2704 = CARTESIAN_POINT('',(60.,131.97,52.));
#2705 = DIRECTION('',(-0.,-1.,0.));
#2706 = DIRECTION('',(1.,0.,0.));
#2707 = ADVANCED_FACE('',(#2708),#2760,.F.);
#2708 = FACE_BOUND('',#2709,.F.);
#2709 = EDGE_LOOP('',(#2710,#2711,#2717,#2718,#2719,#2720));
#2710 = ORIENTED_EDGE('',*,*,#1356,.T.);
#2711 = ORIENTED_EDGE('',*,*,#2712,.T.);
#2712 = EDGE_CURVE('',#1357,#2054,#2713,.T.);
#2713 = LINE('',#2714,#2715);
#2714 = CARTESIAN_POINT('',(114.9,136.02,44.));
#2715 = VECTOR('',#2716,1.);
#2716 = DIRECTION('',(-0.647648420096,-0.761939317759,1.6E-16));
#2717 = ORIENTED_EDGE('',*,*,#2061,.F.);
#2718 = ORIENTED_EDGE('',*,*,#2712,.F.);
#2719 = ORIENTED_EDGE('',*,*,#1365,.T.);
#2720 = ORIENTED_EDGE('',*,*,#2721,.T.);
#2721 = EDGE_CURVE('',#1366,#1348,#2722,.T.);
#2722 = B_SPLINE_CURVE_WITH_KNOTS('',6,(#2723,#2724,#2725,#2726,#2727,
    #2728,#2729,#2730,#2731,#2732,#2733,#2734,#2735,#2736,#2737,#2738,
    #2739,#2740,#2741,#2742,#2743,#2744,#2745,#2746,#2747,#2748,#2749,
    #2750,#2751,#2752,#2753,#2754,#2755,#2756,#2757,#2758,#2759),
  .UNSPECIFIED.,.F.,.F.,(7,5,5,5,5,5,5,7),(0.,0.280357637111,
    0.365340883295,0.499327355967,0.590261365073,0.635966018666,
    0.718094670466,1.),.UNSPECIFIED.);
#2723 = CARTESIAN_POINT('',(113.37905472716,136.02,40.909676618027));
#2724 = CARTESIAN_POINT('',(113.41191646197,135.96945573926,
    40.989193891636));
#2725 = CARTESIAN_POINT('',(113.44769165322,135.92077864611,
    41.07110897115));
#2726 = CARTESIAN_POINT('',(113.48689885125,135.87428057133,
    41.156003181475));
#2727 = CARTESIAN_POINT('',(113.53011829727,135.83068893019,
    41.244279972933));
#2728 = CARTESIAN_POINT('',(113.57799081513,135.79116543202,
    41.336203638225));
#2729 = CARTESIAN_POINT('',(113.6474601972,135.74711257528,
    41.460995945188));
#2730 = CARTESIAN_POINT('',(113.66411050942,135.73739632895,
    41.490361304024));
#2731 = CARTESIAN_POINT('',(113.68126653453,135.72825949198,
    41.520057814073));
#2732 = CARTESIAN_POINT('',(113.69893880995,135.71975655973,
    41.550070017289));
#2733 = CARTESIAN_POINT('',(113.71713086709,135.71194463478,
    41.580371138793));
#2734 = CARTESIAN_POINT('',(113.76532849816,135.69374148823,
    41.659087630828));
#2735 = CARTESIAN_POINT('',(113.79611070545,135.68445550917,
    41.70789493989));
#2736 = CARTESIAN_POINT('',(113.82813326345,135.67725338452,
    41.757144049011));
#2737 = CARTESIAN_POINT('',(113.86129724043,135.67234363352,
    41.806580220423));
#2738 = CARTESIAN_POINT('',(113.89542974606,135.66985763564,
    41.855888205795));
#2739 = CARTESIAN_POINT('',(113.95389683001,135.66975314676,
    41.937806111841));
#2740 = CARTESIAN_POINT('',(113.97786273536,135.67082719435,
    41.970700627327));
#2741 = CARTESIAN_POINT('',(114.00207576067,135.67301858216,
    42.003256926129));
#2742 = CARTESIAN_POINT('',(114.02645802351,135.67630111149,
    42.035380593291));
#2743 = CARTESIAN_POINT('',(114.05093533197,135.68062780767,
    42.06699398084));
#2744 = CARTESIAN_POINT('',(114.08775316774,135.68860605923,
    42.113634496669));
#2745 = CARTESIAN_POINT('',(114.10007561693,135.6915232515,
    42.129091414316));
#2746 = CARTESIAN_POINT('',(114.11239707645,135.6946812266,
    42.144397257646));
#2747 = CARTESIAN_POINT('',(114.12471022936,135.69807184353,
    42.159546319707));
#2748 = CARTESIAN_POINT('',(114.13700857842,135.70168656175,
    42.174534260216));
#2749 = CARTESIAN_POINT('',(114.17134907285,135.71239851578,
    42.215995708876));
#2750 = CARTESIAN_POINT('',(114.19334519505,135.71997545099,
    42.242102880439));
#2751 = CARTESIAN_POINT('',(114.21524297856,135.72819647047,
    42.267663283432));
#2752 = CARTESIAN_POINT('',(114.23701859692,135.73701009559,
    42.292672154654));
#2753 = CARTESIAN_POINT('',(114.25865560135,135.74636712552,
    42.317133741656));
#2754 = CARTESIAN_POINT('',(114.3539038859,135.79005587331,
    42.423180926892));
#2755 = CARTESIAN_POINT('',(114.42577909107,135.82970952302,
    42.498828926994));
#2756 = CARTESIAN_POINT('',(114.49569062114,135.87349773409,
    42.56881679087));
#2757 = CARTESIAN_POINT('',(114.56367868408,135.92023218485,
    42.633848110699));
#2758 = CARTESIAN_POINT('',(114.62993958991,135.96917122226,
    42.694614905519));
#2759 = CARTESIAN_POINT('',(114.69486419175,136.02,42.75180986846));
#2760 = CONICAL_SURFACE('',#2761,3.9,0.704494064242);
#2761 = AXIS2_PLACEMENT_3D('',#2762,#2763,#2764);
#2762 = CARTESIAN_POINT('',(111.,136.02,44.));
#2763 = DIRECTION('',(-0.,1.,-0.));
#2764 = DIRECTION('',(1.,0.,0.));
#2765 = ADVANCED_FACE('',(#2766),#2813,.F.);
#2766 = FACE_BOUND('',#2767,.F.);
#2767 = EDGE_LOOP('',(#2768,#2769,#2775,#2776,#2777,#2778));
#2768 = ORIENTED_EDGE('',*,*,#1311,.T.);
#2769 = ORIENTED_EDGE('',*,*,#2770,.T.);
#2770 = EDGE_CURVE('',#1312,#2220,#2771,.T.);
#2771 = LINE('',#2772,#2773);
#2772 = CARTESIAN_POINT('',(114.9,136.02,52.));
#2773 = VECTOR('',#2774,1.);
#2774 = DIRECTION('',(-0.647648420096,-0.761939317759,1.6E-16));
#2775 = ORIENTED_EDGE('',*,*,#2227,.F.);
#2776 = ORIENTED_EDGE('',*,*,#2770,.F.);
#2777 = ORIENTED_EDGE('',*,*,#1320,.T.);
#2778 = ORIENTED_EDGE('',*,*,#2779,.T.);
#2779 = EDGE_CURVE('',#1321,#1303,#2780,.T.);
#2780 = B_SPLINE_CURVE_WITH_KNOTS('',6,(#2781,#2782,#2783,#2784,#2785,
    #2786,#2787,#2788,#2789,#2790,#2791,#2792,#2793,#2794,#2795,#2796,
    #2797,#2798,#2799,#2800,#2801,#2802,#2803,#2804,#2805,#2806,#2807,
    #2808,#2809,#2810,#2811,#2812),.UNSPECIFIED.,.F.,.F.,(7,5,5,5,5,5,7)
  ,(0.,0.280845216935,0.3631207523,0.500426833831,0.590933497165,
    0.720129968475,1.),.UNSPECIFIED.);
#2781 = CARTESIAN_POINT('',(114.69486419175,136.01999999999,
    53.248190131541));
#2782 = CARTESIAN_POINT('',(114.63019014053,135.96936737567,
    53.305164373317));
#2783 = CARTESIAN_POINT('',(114.56418875609,135.92060890879,
    53.365684101143));
#2784 = CARTESIAN_POINT('',(114.49647549474,135.87403738098,
    53.430432588841));
#2785 = CARTESIAN_POINT('',(114.42685601063,135.83038460671,
    53.50009337081));
#2786 = CARTESIAN_POINT('',(114.35528872575,135.79082050499,
    53.575361972315));
#2787 = CARTESIAN_POINT('',(114.26033233935,135.74710021806,
    53.680975847052));
#2788 = CARTESIAN_POINT('',(114.23866786399,135.73769292067,
    53.705443588008));
#2789 = CARTESIAN_POINT('',(114.21686355362,135.72882841943,
    53.730460161994));
#2790 = CARTESIAN_POINT('',(114.19493567687,135.72055603227,
    53.756030131582));
#2791 = CARTESIAN_POINT('',(114.17290788672,135.71292743425,
    53.782149083708));
#2792 = CARTESIAN_POINT('',(114.11393674066,135.69442226801,
    53.853279414744));
#2793 = CARTESIAN_POINT('',(114.07685304569,135.68478045076,
    53.899264809003));
#2794 = CARTESIAN_POINT('',(114.03974396841,135.67731835828,
    53.946640567727));
#2795 = CARTESIAN_POINT('',(114.00283312978,135.67226278764,
    53.99522003346));
#2796 = CARTESIAN_POINT('',(113.96638086427,135.66975604656,
    54.044718016029));
#2797 = CARTESIAN_POINT('',(113.90714827099,135.66982032077,
    54.127683007853));
#2798 = CARTESIAN_POINT('',(113.8839354048,135.67095175255,
    54.160873913622));
#2799 = CARTESIAN_POINT('',(113.86112185407,135.67318917448,
    54.194183061983));
#2800 = CARTESIAN_POINT('',(113.83877035905,135.67650601529,
    54.227507787943));
#2801 = CARTESIAN_POINT('',(113.8169291567,135.68085545862,
    54.260754427954));
#2802 = CARTESIAN_POINT('',(113.76523723119,135.69377306174,
    54.341064382375));
#2803 = CARTESIAN_POINT('',(113.73595184221,135.70335035626,
    54.38796169742));
#2804 = CARTESIAN_POINT('',(113.70786764717,135.71473687529,
    54.434309357117));
#2805 = CARTESIAN_POINT('',(113.68099741094,135.7277192449,
    54.47997093136));
#2806 = CARTESIAN_POINT('',(113.65531499913,135.74209675376,
    54.524871445209));
#2807 = CARTESIAN_POINT('',(113.577591036,135.79149560451,
    54.664564088507));
#2808 = CARTESIAN_POINT('',(113.52982980207,135.83098015881,
    54.756309449202));
#2809 = CARTESIAN_POINT('',(113.48670267168,135.87451327669,
    54.844421639665));
#2810 = CARTESIAN_POINT('',(113.44757226362,135.92094106268,
    54.929164373847));
#2811 = CARTESIAN_POINT('',(113.41186149004,135.96954029095,
    55.010939126834));
#2812 = CARTESIAN_POINT('',(113.37905472716,136.02,55.090323381972));
#2813 = CONICAL_SURFACE('',#2814,3.9,0.704494064242);
#2814 = AXIS2_PLACEMENT_3D('',#2815,#2816,#2817);
#2815 = CARTESIAN_POINT('',(111.,136.02,52.));
#2816 = DIRECTION('',(-0.,1.,-0.));
#2817 = DIRECTION('',(1.,0.,0.));
#2818 = ADVANCED_FACE('',(#2819),#2866,.F.);
#2819 = FACE_BOUND('',#2820,.F.);
#2820 = EDGE_LOOP('',(#2821,#2822,#2828,#2829,#2830,#2831));
#2821 = ORIENTED_EDGE('',*,*,#1248,.T.);
#2822 = ORIENTED_EDGE('',*,*,#2823,.T.);
#2823 = EDGE_CURVE('',#1249,#2245,#2824,.T.);
#2824 = LINE('',#2825,#2826);
#2825 = CARTESIAN_POINT('',(146.9,136.02,52.));
#2826 = VECTOR('',#2827,1.);
#2827 = DIRECTION('',(-0.647648420096,-0.761939317759,1.6E-16));
#2828 = ORIENTED_EDGE('',*,*,#2252,.F.);
#2829 = ORIENTED_EDGE('',*,*,#2823,.F.);
#2830 = ORIENTED_EDGE('',*,*,#1257,.T.);
#2831 = ORIENTED_EDGE('',*,*,#2832,.T.);
#2832 = EDGE_CURVE('',#1258,#1240,#2833,.T.);
#2833 = B_SPLINE_CURVE_WITH_KNOTS('',7,(#2834,#2835,#2836,#2837,#2838,
    #2839,#2840,#2841,#2842,#2843,#2844,#2845,#2846,#2847,#2848,#2849,
    #2850,#2851,#2852,#2853,#2854,#2855,#2856,#2857,#2858,#2859,#2860,
    #2861,#2862,#2863,#2864,#2865),.UNSPECIFIED.,.F.,.F.,(8,6,6,6,6,8),(
    0.,0.278864685275,0.40991686924,0.498930327007,0.63388986056,1.),
  .UNSPECIFIED.);
#2834 = CARTESIAN_POINT('',(140.62094527283,136.01999999999,
    55.090323381972));
#2835 = CARTESIAN_POINT('',(140.59290920124,135.97687803699,
    55.022483020266));
#2836 = CARTESIAN_POINT('',(140.56281085247,135.93507651474,
    54.952944480673));
#2837 = CARTESIAN_POINT('',(140.53035854068,135.89477219978,
    54.881381635651));
#2838 = CARTESIAN_POINT('',(140.49523441495,135.85631605031,
    54.807542389143));
#2839 = CARTESIAN_POINT('',(140.45709482104,135.82023831607,
    54.731237980825));
#2840 = CARTESIAN_POINT('',(140.4155585223,135.78725897927,
    54.652327724467));
#2841 = CARTESIAN_POINT('',(140.34885849417,135.74469595486,
    54.532337926586));
#2842 = CARTESIAN_POINT('',(140.32670019283,135.73198593625,
    54.493401408194));
#2843 = CARTESIAN_POINT('',(140.30367586963,135.72027530044,
    54.453901066385));
#2844 = CARTESIAN_POINT('',(140.27976572224,135.70967949818,
    54.413873265848));
#2845 = CARTESIAN_POINT('',(140.25496575003,135.70032240568,
    54.373381248512));
#2846 = CARTESIAN_POINT('',(140.22929533618,135.69232534967,
    54.332519623364));
#2847 = CARTESIAN_POINT('',(140.18481859919,135.68135166063,
    54.263506591307));
#2848 = CARTESIAN_POINT('',(140.16645133486,135.67758732558,
    54.2354817859));
#2849 = CARTESIAN_POINT('',(140.14772714454,135.6745301332,
    54.20739346028));
#2850 = CARTESIAN_POINT('',(140.12867091215,135.67220722129,
    54.179291604148));
#2851 = CARTESIAN_POINT('',(140.10931298896,135.67063840467,
    54.15122976907));
#2852 = CARTESIAN_POINT('',(140.08968990058,135.6698344892,
    54.123265124747));
#2853 = CARTESIAN_POINT('',(140.03975689312,135.66973660174,
    54.053298968468));
#2854 = CARTESIAN_POINT('',(140.00914755747,135.67143632344,
    54.011486849598));
#2855 = CARTESIAN_POINT('',(139.97817612942,135.67489716271,
    53.970246084388));
#2856 = CARTESIAN_POINT('',(139.94698884289,135.68006305701,
    53.929750132213));
#2857 = CARTESIAN_POINT('',(139.91571807289,135.68683545267,
    53.890129392154));
#2858 = CARTESIAN_POINT('',(139.88448132532,135.69508928821,
    53.851478609033));
#2859 = CARTESIAN_POINT('',(139.76901102851,135.73073043972,
    53.711826379025));
#2860 = CARTESIAN_POINT('',(139.68605216928,135.76654843836,
    53.617913640897));
#2861 = CARTESIAN_POINT('',(139.60527219528,135.80962411592,
    53.531801547441));
#2862 = CARTESIAN_POINT('',(139.5269475535,135.85769698771,
    53.452656083117));
#2863 = CARTESIAN_POINT('',(139.45109731895,135.90926444215,
    53.379657921932));
#2864 = CARTESIAN_POINT('',(139.37739041291,135.96343264129,
    53.311842419259));
#2865 = CARTESIAN_POINT('',(139.30513580824,136.02,53.248190131541));
#2866 = CONICAL_SURFACE('',#2867,3.9,0.704494064242);
#2867 = AXIS2_PLACEMENT_3D('',#2868,#2869,#2870);
#2868 = CARTESIAN_POINT('',(143.,136.02,52.));
#2869 = DIRECTION('',(-0.,1.,-0.));
#2870 = DIRECTION('',(1.,0.,0.));
#2871 = ADVANCED_FACE('',(#2872),#2924,.F.);
#2872 = FACE_BOUND('',#2873,.F.);
#2873 = EDGE_LOOP('',(#2874,#2875,#2881,#2882,#2883,#2884));
#2874 = ORIENTED_EDGE('',*,*,#1194,.T.);
#2875 = ORIENTED_EDGE('',*,*,#2876,.T.);
#2876 = EDGE_CURVE('',#1195,#2079,#2877,.T.);
#2877 = LINE('',#2878,#2879);
#2878 = CARTESIAN_POINT('',(146.9,136.02,44.));
#2879 = VECTOR('',#2880,1.);
#2880 = DIRECTION('',(-0.647648420096,-0.761939317759,1.6E-16));
#2881 = ORIENTED_EDGE('',*,*,#2086,.F.);
#2882 = ORIENTED_EDGE('',*,*,#2876,.F.);
#2883 = ORIENTED_EDGE('',*,*,#1203,.T.);
#2884 = ORIENTED_EDGE('',*,*,#2885,.T.);
#2885 = EDGE_CURVE('',#1204,#1186,#2886,.T.);
#2886 = B_SPLINE_CURVE_WITH_KNOTS('',6,(#2887,#2888,#2889,#2890,#2891,
    #2892,#2893,#2894,#2895,#2896,#2897,#2898,#2899,#2900,#2901,#2902,
    #2903,#2904,#2905,#2906,#2907,#2908,#2909,#2910,#2911,#2912,#2913,
    #2914,#2915,#2916,#2917,#2918,#2919,#2920,#2921,#2922,#2923),
  .UNSPECIFIED.,.F.,.F.,(7,5,5,5,5,5,5,7),(0.,0.280162964031,
    0.364130778819,0.408946324778,0.500372692174,0.635814885993,
    0.719791520225,1.),.UNSPECIFIED.);
#2887 = CARTESIAN_POINT('',(139.30513580824,136.02,42.751809868459));
#2888 = CARTESIAN_POINT('',(139.36965910446,135.96948540015,
    42.69496843345));
#2889 = CARTESIAN_POINT('',(139.43550433178,135.92083562688,
    42.634597334281));
#2890 = CARTESIAN_POINT('',(139.50305226932,135.87436221881,
    42.570018924471));
#2891 = CARTESIAN_POINT('',(139.57249607236,135.83079111921,
    42.500554756617));
#2892 = CARTESIAN_POINT('',(139.64387810746,135.79128129305,
    42.425514146397));
#2893 = CARTESIAN_POINT('',(139.73908143076,135.74734769902,
    42.319690875232));
#2894 = CARTESIAN_POINT('',(139.76119103321,135.7377348724,
    42.294728286864));
#2895 = CARTESIAN_POINT('',(139.78344658817,135.72868686624,
    42.269193914462));
#2896 = CARTESIAN_POINT('',(139.80583082231,135.72025615979,
    42.243082849344));
#2897 = CARTESIAN_POINT('',(139.82831844737,135.71249776888,
    42.216399937205));
#2898 = CARTESIAN_POINT('',(139.86291465553,135.7017129119,
    42.174625432385));
#2899 = CARTESIAN_POINT('',(139.87497349144,135.69816681872,
    42.15993050589));
#2900 = CARTESIAN_POINT('',(139.88704661352,135.69483609393,
    42.14508064683));
#2901 = CARTESIAN_POINT('',(139.89912790745,135.69172879317,
    42.130079929462));
#2902 = CARTESIAN_POINT('',(139.91121049963,135.68885260726,
    42.114933691045));
#2903 = CARTESIAN_POINT('',(139.94792303764,135.68083370622,
    42.068465901974));
#2904 = CARTESIAN_POINT('',(139.9725360942,135.67644399505,
    42.036701247327));
#2905 = CARTESIAN_POINT('',(139.99705525171,135.67310831986,
    42.004418542316));
#2906 = CARTESIAN_POINT('',(140.02140525685,135.67087484123,
    41.971696259555));
#2907 = CARTESIAN_POINT('',(140.04550697619,135.66977058568,
    41.938630103624));
#2908 = CARTESIAN_POINT('',(140.10449345397,135.66983052821,
    41.856012326209));
#2909 = CARTESIAN_POINT('',(140.13899929221,135.67234301747,
    41.806165449118));
#2910 = CARTESIAN_POINT('',(140.17251409231,135.67733306033,
    41.756189008947));
#2911 = CARTESIAN_POINT('',(140.20485991309,135.6846641272,
    41.706408189598));
#2912 = CARTESIAN_POINT('',(140.23593596508,135.69411957526,
    41.657084852869));
#2913 = CARTESIAN_POINT('',(140.28414158727,135.71249113316,
    41.578251645379));
#2914 = CARTESIAN_POINT('',(140.30208906533,135.72024894119,
    41.548325781321));
#2915 = CARTESIAN_POINT('',(140.31952914963,135.72867908203,
    41.518683160387));
#2916 = CARTESIAN_POINT('',(140.3364654545,135.73772654081,
    41.489349279891));
#2917 = CARTESIAN_POINT('',(140.35290822266,135.74733883826,
    41.460338891405));
#2918 = CARTESIAN_POINT('',(140.42213845752,135.79127215465,
    41.335955414179));
#2919 = CARTESIAN_POINT('',(140.46997496949,135.83078305862,
    41.244089435632));
#2920 = CARTESIAN_POINT('',(140.51316455874,135.87435577807,
    41.155865875608));
#2921 = CARTESIAN_POINT('',(140.55234693021,135.9208311317,
    41.071020635733));
#2922 = CARTESIAN_POINT('',(140.5881013009,135.96948306014,
    40.989150909855));
#2923 = CARTESIAN_POINT('',(140.62094527283,136.02,40.909676618028));
#2924 = CONICAL_SURFACE('',#2925,3.9,0.704494064242);
#2925 = AXIS2_PLACEMENT_3D('',#2926,#2927,#2928);
#2926 = CARTESIAN_POINT('',(143.,136.02,44.));
#2927 = DIRECTION('',(-0.,1.,-0.));
#2928 = DIRECTION('',(1.,0.,0.));
#2929 = ADVANCED_FACE('',(#2930),#2938,.F.);
#2930 = FACE_BOUND('',#2931,.T.);
#2931 = EDGE_LOOP('',(#2932,#2933,#2934,#2935,#2936,#2937));
#2932 = ORIENTED_EDGE('',*,*,#87,.T.);
#2933 = ORIENTED_EDGE('',*,*,#1564,.F.);
#2934 = ORIENTED_EDGE('',*,*,#706,.F.);
#2935 = ORIENTED_EDGE('',*,*,#697,.F.);
#2936 = ORIENTED_EDGE('',*,*,#47,.T.);
#2937 = ORIENTED_EDGE('',*,*,#78,.T.);
#2938 = CYLINDRICAL_SURFACE('',#2939,2.2);
#2939 = AXIS2_PLACEMENT_3D('',#2940,#2941,#2942);
#2940 = CARTESIAN_POINT('',(-154.25,131.97,34.));
#2941 = DIRECTION('',(0.,-1.,2.2E-16));
#2942 = DIRECTION('',(1.,0.,0.));
#2943 = ADVANCED_FACE('',(#2944),#2952,.F.);
#2944 = FACE_BOUND('',#2945,.T.);
#2945 = EDGE_LOOP('',(#2946,#2947,#2948,#2949,#2950,#2951));
#2946 = ORIENTED_EDGE('',*,*,#723,.F.);
#2947 = ORIENTED_EDGE('',*,*,#1571,.T.);
#2948 = ORIENTED_EDGE('',*,*,#104,.T.);
#2949 = ORIENTED_EDGE('',*,*,#113,.T.);
#2950 = ORIENTED_EDGE('',*,*,#1547,.F.);
#2951 = ORIENTED_EDGE('',*,*,#732,.F.);
#2952 = CYLINDRICAL_SURFACE('',#2953,2.2);
#2953 = AXIS2_PLACEMENT_3D('',#2954,#2955,#2956);
#2954 = CARTESIAN_POINT('',(-154.25,131.97,62.));
#2955 = DIRECTION('',(0.,-1.,2.2E-16));
#2956 = DIRECTION('',(1.,0.,0.));
#2957 = ADVANCED_FACE('',(#2958),#2973,.F.);
#2958 = FACE_BOUND('',#2959,.T.);
#2959 = EDGE_LOOP('',(#2960,#2961,#2962,#2963,#2964,#2970,#2971,#2972));
#2960 = ORIENTED_EDGE('',*,*,#1064,.F.);
#2961 = ORIENTED_EDGE('',*,*,#1753,.T.);
#2962 = ORIENTED_EDGE('',*,*,#359,.T.);
#2963 = ORIENTED_EDGE('',*,*,#249,.T.);
#2964 = ORIENTED_EDGE('',*,*,#2965,.F.);
#2965 = EDGE_CURVE('',#876,#252,#2966,.T.);
#2966 = LINE('',#2967,#2968);
#2967 = CARTESIAN_POINT('',(-119.6578452186,131.97,43.717154781315));
#2968 = VECTOR('',#2969,1.);
#2969 = DIRECTION('',(0.,-1.,2.2E-16));
#2970 = ORIENTED_EDGE('',*,*,#875,.F.);
#2971 = ORIENTED_EDGE('',*,*,#2527,.T.);
#2972 = ORIENTED_EDGE('',*,*,#846,.F.);
#2973 = CYLINDRICAL_SURFACE('',#2974,5.);
#2974 = AXIS2_PLACEMENT_3D('',#2975,#2976,#2977);
#2975 = CARTESIAN_POINT('',(-118.,131.97,39.));
#2976 = DIRECTION('',(0.,-1.,2.2E-16));
#2977 = DIRECTION('',(1.,0.,0.));
#2978 = ADVANCED_FACE('',(#2979),#2992,.F.);
#2979 = FACE_BOUND('',#2980,.T.);
#2980 = EDGE_LOOP('',(#2981,#2982,#2983,#2984,#2985,#2991));
#2981 = ORIENTED_EDGE('',*,*,#884,.F.);
#2982 = ORIENTED_EDGE('',*,*,#2965,.T.);
#2983 = ORIENTED_EDGE('',*,*,#260,.T.);
#2984 = ORIENTED_EDGE('',*,*,#269,.T.);
#2985 = ORIENTED_EDGE('',*,*,#2986,.F.);
#2986 = EDGE_CURVE('',#894,#270,#2987,.T.);
#2987 = LINE('',#2988,#2989);
#2988 = CARTESIAN_POINT('',(-119.6578452186,131.97,52.282845218685));
#2989 = VECTOR('',#2990,1.);
#2990 = DIRECTION('',(0.,-1.,2.2E-16));
#2991 = ORIENTED_EDGE('',*,*,#893,.F.);
#2992 = CYLINDRICAL_SURFACE('',#2993,8.5);
#2993 = AXIS2_PLACEMENT_3D('',#2994,#2995,#2996);
#2994 = CARTESIAN_POINT('',(-127.,131.97,48.));
#2995 = DIRECTION('',(0.,-1.,2.2E-16));
#2996 = DIRECTION('',(1.,0.,0.));
#2997 = ADVANCED_FACE('',(#2998),#3008,.F.);
#2998 = FACE_BOUND('',#2999,.T.);
#2999 = EDGE_LOOP('',(#3000,#3001,#3002,#3003,#3004,#3005,#3006,#3007));
#3000 = ORIENTED_EDGE('',*,*,#1037,.F.);
#3001 = ORIENTED_EDGE('',*,*,#2363,.T.);
#3002 = ORIENTED_EDGE('',*,*,#1010,.F.);
#3003 = ORIENTED_EDGE('',*,*,#1775,.T.);
#3004 = ORIENTED_EDGE('',*,*,#332,.T.);
#3005 = ORIENTED_EDGE('',*,*,#341,.T.);
#3006 = ORIENTED_EDGE('',*,*,#1760,.F.);
#3007 = ORIENTED_EDGE('',*,*,#1046,.F.);
#3008 = CYLINDRICAL_SURFACE('',#3009,5.);
#3009 = AXIS2_PLACEMENT_3D('',#3010,#3011,#3012);
#3010 = CARTESIAN_POINT('',(-136.,131.97,39.));
#3011 = DIRECTION('',(0.,-1.,2.2E-16));
#3012 = DIRECTION('',(1.,0.,0.));
#3013 = ADVANCED_FACE('',(#3014),#3024,.F.);
#3014 = FACE_BOUND('',#3015,.T.);
#3015 = EDGE_LOOP('',(#3016,#3017,#3018,#3019,#3020,#3021,#3022,#3023));
#3016 = ORIENTED_EDGE('',*,*,#956,.F.);
#3017 = ORIENTED_EDGE('',*,*,#1804,.T.);
#3018 = ORIENTED_EDGE('',*,*,#305,.T.);
#3019 = ORIENTED_EDGE('',*,*,#314,.T.);
#3020 = ORIENTED_EDGE('',*,*,#1782,.F.);
#3021 = ORIENTED_EDGE('',*,*,#992,.F.);
#3022 = ORIENTED_EDGE('',*,*,#2421,.T.);
#3023 = ORIENTED_EDGE('',*,*,#965,.F.);
#3024 = CYLINDRICAL_SURFACE('',#3025,5.);
#3025 = AXIS2_PLACEMENT_3D('',#3026,#3027,#3028);
#3026 = CARTESIAN_POINT('',(-136.,131.97,57.));
#3027 = DIRECTION('',(0.,-1.,2.2E-16));
#3028 = DIRECTION('',(1.,0.,0.));
#3029 = ADVANCED_FACE('',(#3030),#3040,.F.);
#3030 = FACE_BOUND('',#3031,.T.);
#3031 = EDGE_LOOP('',(#3032,#3033,#3034,#3035,#3036,#3037,#3038,#3039));
#3032 = ORIENTED_EDGE('',*,*,#929,.F.);
#3033 = ORIENTED_EDGE('',*,*,#2474,.T.);
#3034 = ORIENTED_EDGE('',*,*,#902,.F.);
#3035 = ORIENTED_EDGE('',*,*,#2986,.T.);
#3036 = ORIENTED_EDGE('',*,*,#278,.T.);
#3037 = ORIENTED_EDGE('',*,*,#287,.T.);
#3038 = ORIENTED_EDGE('',*,*,#1797,.F.);
#3039 = ORIENTED_EDGE('',*,*,#938,.F.);
#3040 = CYLINDRICAL_SURFACE('',#3041,5.);
#3041 = AXIS2_PLACEMENT_3D('',#3042,#3043,#3044);
#3042 = CARTESIAN_POINT('',(-118.,131.97,57.));
#3043 = DIRECTION('',(0.,-1.,2.2E-16));
#3044 = DIRECTION('',(1.,0.,0.));
#3045 = ADVANCED_FACE('',(#3046),#3061,.F.);
#3046 = FACE_BOUND('',#3047,.T.);
#3047 = EDGE_LOOP('',(#3048,#3049,#3050,#3051,#3052,#3058,#3059,#3060));
#3048 = ORIENTED_EDGE('',*,*,#1401,.F.);
#3049 = ORIENTED_EDGE('',*,*,#2153,.T.);
#3050 = ORIENTED_EDGE('',*,*,#632,.T.);
#3051 = ORIENTED_EDGE('',*,*,#522,.T.);
#3052 = ORIENTED_EDGE('',*,*,#3053,.F.);
#3053 = EDGE_CURVE('',#1213,#525,#3054,.T.);
#3054 = LINE('',#3055,#3056);
#3055 = CARTESIAN_POINT('',(134.34215478131,131.97,43.717154781315));
#3056 = VECTOR('',#3057,1.);
#3057 = DIRECTION('',(0.,-1.,2.2E-16));
#3058 = ORIENTED_EDGE('',*,*,#1212,.F.);
#3059 = ORIENTED_EDGE('',*,*,#2885,.T.);
#3060 = ORIENTED_EDGE('',*,*,#1183,.F.);
#3061 = CYLINDRICAL_SURFACE('',#3062,5.);
#3062 = AXIS2_PLACEMENT_3D('',#3063,#3064,#3065);
#3063 = CARTESIAN_POINT('',(136.,131.97,39.));
#3064 = DIRECTION('',(0.,-1.,2.2E-16));
#3065 = DIRECTION('',(1.,0.,0.));
#3066 = ADVANCED_FACE('',(#3067),#3080,.F.);
#3067 = FACE_BOUND('',#3068,.T.);
#3068 = EDGE_LOOP('',(#3069,#3070,#3071,#3072,#3073,#3079));
#3069 = ORIENTED_EDGE('',*,*,#1221,.F.);
#3070 = ORIENTED_EDGE('',*,*,#3053,.T.);
#3071 = ORIENTED_EDGE('',*,*,#533,.T.);
#3072 = ORIENTED_EDGE('',*,*,#542,.T.);
#3073 = ORIENTED_EDGE('',*,*,#3074,.F.);
#3074 = EDGE_CURVE('',#1231,#543,#3075,.T.);
#3075 = LINE('',#3076,#3077);
#3076 = CARTESIAN_POINT('',(134.34215478131,131.97,52.282845218685));
#3077 = VECTOR('',#3078,1.);
#3078 = DIRECTION('',(0.,-1.,2.2E-16));
#3079 = ORIENTED_EDGE('',*,*,#1230,.F.);
#3080 = CYLINDRICAL_SURFACE('',#3081,8.5);
#3081 = AXIS2_PLACEMENT_3D('',#3082,#3083,#3084);
#3082 = CARTESIAN_POINT('',(127.,131.97,48.));
#3083 = DIRECTION('',(0.,-1.,2.2E-16));
#3084 = DIRECTION('',(1.,0.,0.));
#3085 = ADVANCED_FACE('',(#3086),#3096,.F.);
#3086 = FACE_BOUND('',#3087,.T.);
#3087 = EDGE_LOOP('',(#3088,#3089,#3090,#3091,#3092,#3093,#3094,#3095));
#3088 = ORIENTED_EDGE('',*,*,#1374,.F.);
#3089 = ORIENTED_EDGE('',*,*,#2721,.T.);
#3090 = ORIENTED_EDGE('',*,*,#1347,.F.);
#3091 = ORIENTED_EDGE('',*,*,#2175,.T.);
#3092 = ORIENTED_EDGE('',*,*,#605,.T.);
#3093 = ORIENTED_EDGE('',*,*,#614,.T.);
#3094 = ORIENTED_EDGE('',*,*,#2160,.F.);
#3095 = ORIENTED_EDGE('',*,*,#1383,.F.);
#3096 = CYLINDRICAL_SURFACE('',#3097,5.);
#3097 = AXIS2_PLACEMENT_3D('',#3098,#3099,#3100);
#3098 = CARTESIAN_POINT('',(118.,131.97,39.));
#3099 = DIRECTION('',(0.,-1.,2.2E-16));
#3100 = DIRECTION('',(1.,0.,0.));
#3101 = ADVANCED_FACE('',(#3102),#3112,.F.);
#3102 = FACE_BOUND('',#3103,.T.);
#3103 = EDGE_LOOP('',(#3104,#3105,#3106,#3107,#3108,#3109,#3110,#3111));
#3104 = ORIENTED_EDGE('',*,*,#1293,.F.);
#3105 = ORIENTED_EDGE('',*,*,#2204,.T.);
#3106 = ORIENTED_EDGE('',*,*,#578,.T.);
#3107 = ORIENTED_EDGE('',*,*,#587,.T.);
#3108 = ORIENTED_EDGE('',*,*,#2182,.F.);
#3109 = ORIENTED_EDGE('',*,*,#1329,.F.);
#3110 = ORIENTED_EDGE('',*,*,#2779,.T.);
#3111 = ORIENTED_EDGE('',*,*,#1302,.F.);
#3112 = CYLINDRICAL_SURFACE('',#3113,5.);
#3113 = AXIS2_PLACEMENT_3D('',#3114,#3115,#3116);
#3114 = CARTESIAN_POINT('',(118.,131.97,57.));
#3115 = DIRECTION('',(0.,-1.,2.2E-16));
#3116 = DIRECTION('',(1.,0.,0.));
#3117 = ADVANCED_FACE('',(#3118),#3128,.F.);
#3118 = FACE_BOUND('',#3119,.T.);
#3119 = EDGE_LOOP('',(#3120,#3121,#3122,#3123,#3124,#3125,#3126,#3127));
#3120 = ORIENTED_EDGE('',*,*,#1266,.F.);
#3121 = ORIENTED_EDGE('',*,*,#2832,.T.);
#3122 = ORIENTED_EDGE('',*,*,#1239,.F.);
#3123 = ORIENTED_EDGE('',*,*,#3074,.T.);
#3124 = ORIENTED_EDGE('',*,*,#551,.T.);
#3125 = ORIENTED_EDGE('',*,*,#560,.T.);
#3126 = ORIENTED_EDGE('',*,*,#2197,.F.);
#3127 = ORIENTED_EDGE('',*,*,#1275,.F.);
#3128 = CYLINDRICAL_SURFACE('',#3129,5.);
#3129 = AXIS2_PLACEMENT_3D('',#3130,#3131,#3132);
#3130 = CARTESIAN_POINT('',(136.,131.97,57.));
#3131 = DIRECTION('',(0.,-1.,2.2E-16));
#3132 = DIRECTION('',(1.,0.,0.));
#3133 = ( GEOMETRIC_REPRESENTATION_CONTEXT(3) 
GLOBAL_UNCERTAINTY_ASSIGNED_CONTEXT((#3137)) 
GLOBAL_UNIT_ASSIGNED_CONTEXT((#3134,#3135,#3136)) REPRESENTATION_CONTEXT
('Context #1','3D Context with UNIT and UNCERTAINTY') );
#3134 = ( LENGTH_UNIT() NAMED_UNIT(*) SI_UNIT(.MILLI.,.METRE.) );
#3135 = ( NAMED_UNIT(*) PLANE_ANGLE_UNIT() SI_UNIT($,.RADIAN.) );
#3136 = ( NAMED_UNIT(*) SI_UNIT($,.STERADIAN.) SOLID_ANGLE_UNIT() );
#3137 = UNCERTAINTY_MEASURE_WITH_UNIT(LENGTH_MEASURE(1.E-07),#3134,
  'distance_accuracy_value','confusion accuracy');
#3138 = PRODUCT_RELATED_PRODUCT_CATEGORY('part',$,(#7));
ENDSEC;
END-ISO-10303-21;
