ISO-10303-21;
HEADER;
FILE_DESCRIPTION(('FreeCAD Model'),'2;1');
FILE_NAME('Open CASCADE Shape Model','2026-09-26T13:53:23',('FreeCAD'),(
    'FreeCAD'),'Open CASCADE STEP processor 7.8','FreeCAD','Unknown');
FILE_SCHEMA(('AUTOMOTIVE_DESIGN { 1 0 10303 214 1 1 1 1 }'));
ENDSEC;
DATA;
#1 = APPLICATION_PROTOCOL_DEFINITION('international standard',
  'automotive_design',2000,#2);
#2 = APPLICATION_CONTEXT(
  'core data for automotive mechanical design processes');
#3 = SHAPE_DEFINITION_REPRESENTATION(#4,#10);
#4 = PRODUCT_DEFINITION_SHAPE('','',#5);
#5 = PRODUCT_DEFINITION('design','',#6,#9);
#6 = PRODUCT_DEFINITION_FORMATION('','',#7);
#7 = PRODUCT('Open CASCADE STEP translator 7.8 423',
  'Open CASCADE STEP translator 7.8 423','',(#8));
#8 = PRODUCT_CONTEXT('',#2,'mechanical');
#9 = PRODUCT_DEFINITION_CONTEXT('part definition',#2,'design');
#10 = ADVANCED_BREP_SHAPE_REPRESENTATION('',(#11,#15),#3133);
#11 = AXIS2_PLACEMENT_3D('',#12,#13,#14);
#12 = CARTESIAN_POINT('',(0.,0.,0.));
#13 = DIRECTION('',(0.,0.,1.));
#14 = DIRECTION('',(1.,0.,-0.));
#15 = MANIFOLD_SOLID_BREP('',#16);
#16 = CLOSED_SHELL('',(#17,#57,#804,#1423,#1440,#1457,#1474,#1491,#1508,
    #1525,#1542,#1559,#1581,#1606,#1623,#1648,#1673,#1698,#1720,#1786,
    #1808,#1869,#1891,#1952,#2018,#2035,#2060,#2085,#2110,#2135,#2160,
    #2177,#2202,#2227,#2252,#2274,#2340,#2362,#2423,#2445,#2506,#2572,
    #2589,#2606,#2623,#2640,#2657,#2674,#2691,#2708,#2725,#2742,#2759,
    #2776,#2793,#2810,#2827,#2844,#2861,#2878,#2895,#2912,#2929,#2943,
    #2957,#2978,#2997,#3013,#3029,#3045,#3066,#3085,#3101,#3117));
#17 = ADVANCED_FACE('',(#18),#52,.F.);
#18 = FACE_BOUND('',#19,.F.);
#19 = EDGE_LOOP('',(#20,#30,#38,#46));
#20 = ORIENTED_EDGE('',*,*,#21,.F.);
#21 = EDGE_CURVE('',#22,#24,#26,.T.);
#22 = VERTEX_POINT('',#23);
#23 = CARTESIAN_POINT('',(-152.4,-136.02,23.85));
#24 = VERTEX_POINT('',#25);
#25 = CARTESIAN_POINT('',(-152.4,-136.02,32.809411910022));
#26 = LINE('',#27,#28);
#27 = CARTESIAN_POINT('',(-152.4,-136.02,23.85));
#28 = VECTOR('',#29,1.);
#29 = DIRECTION('',(0.,0.,1.));
#30 = ORIENTED_EDGE('',*,*,#31,.T.);
#31 = EDGE_CURVE('',#22,#32,#34,.T.);
#32 = VERTEX_POINT('',#33);
#33 = CARTESIAN_POINT('',(-152.4,-132.97,23.85));
#34 = LINE('',#35,#36);
#35 = CARTESIAN_POINT('',(-152.4,-136.02,23.85));
#36 = VECTOR('',#37,1.);
#37 = DIRECTION('',(0.,1.,0.));
#38 = ORIENTED_EDGE('',*,*,#39,.T.);
#39 = EDGE_CURVE('',#32,#40,#42,.T.);
#40 = VERTEX_POINT('',#41);
#41 = CARTESIAN_POINT('',(-152.4,-132.97,32.809411910022));
#42 = LINE('',#43,#44);
#43 = CARTESIAN_POINT('',(-152.4,-132.97,23.85));
#44 = VECTOR('',#45,1.);
#45 = DIRECTION('',(0.,0.,1.));
#46 = ORIENTED_EDGE('',*,*,#47,.T.);
#47 = EDGE_CURVE('',#40,#24,#48,.T.);
#48 = LINE('',#49,#50);
#49 = CARTESIAN_POINT('',(-152.4,-137.02,32.809411910021));
#50 = VECTOR('',#51,1.);
#51 = DIRECTION('',(0.,-1.,2.2E-16));
#52 = PLANE('',#53);
#53 = AXIS2_PLACEMENT_3D('',#54,#55,#56);
#54 = CARTESIAN_POINT('',(-152.4,-136.02,23.85));
#55 = DIRECTION('',(1.,0.,0.));
#56 = DIRECTION('',(0.,0.,1.));
#57 = ADVANCED_FACE('',(#58,#169,#180,#191,#202,#213,#224,#451,#462,#473
    ,#484,#495,#506,#517,#528,#539,#550,#561,#788),#799,.F.);
#58 = FACE_BOUND('',#59,.F.);
#59 = EDGE_LOOP('',(#60,#70,#76,#77,#86,#95,#103,#112,#121,#129,#137,
    #145,#154,#162));
#60 = ORIENTED_EDGE('',*,*,#61,.F.);
#61 = EDGE_CURVE('',#62,#64,#66,.T.);
#62 = VERTEX_POINT('',#63);
#63 = CARTESIAN_POINT('',(152.4,-136.02,23.85));
#64 = VERTEX_POINT('',#65);
#65 = CARTESIAN_POINT('',(152.4,-136.02,32.809411910022));
#66 = LINE('',#67,#68);
#67 = CARTESIAN_POINT('',(152.4,-136.02,23.85));
#68 = VECTOR('',#69,1.);
#69 = DIRECTION('',(0.,0.,1.));
#70 = ORIENTED_EDGE('',*,*,#71,.F.);
#71 = EDGE_CURVE('',#22,#62,#72,.T.);
#72 = LINE('',#73,#74);
#73 = CARTESIAN_POINT('',(-152.4,-136.02,23.85));
#74 = VECTOR('',#75,1.);
#75 = DIRECTION('',(1.,0.,0.));
#76 = ORIENTED_EDGE('',*,*,#21,.T.);
#77 = ORIENTED_EDGE('',*,*,#78,.T.);
#78 = EDGE_CURVE('',#24,#79,#81,.T.);
#79 = VERTEX_POINT('',#80);
#80 = CARTESIAN_POINT('',(-152.05,-136.02,34.));
#81 = CIRCLE('',#82,2.2);
#82 = AXIS2_PLACEMENT_3D('',#83,#84,#85);
#83 = CARTESIAN_POINT('',(-154.25,-136.02,34.));
#84 = DIRECTION('',(0.,-1.,2.2E-16));
#85 = DIRECTION('',(1.,0.,0.));
#86 = ORIENTED_EDGE('',*,*,#87,.T.);
#87 = EDGE_CURVE('',#79,#88,#90,.T.);
#88 = VERTEX_POINT('',#89);
#89 = CARTESIAN_POINT('',(-152.4,-136.02,35.190588089978));
#90 = CIRCLE('',#91,2.2);
#91 = AXIS2_PLACEMENT_3D('',#92,#93,#94);
#92 = CARTESIAN_POINT('',(-154.25,-136.02,34.));
#93 = DIRECTION('',(0.,-1.,2.2E-16));
#94 = DIRECTION('',(1.,0.,0.));
#95 = ORIENTED_EDGE('',*,*,#96,.T.);
#96 = EDGE_CURVE('',#88,#97,#99,.T.);
#97 = VERTEX_POINT('',#98);
#98 = CARTESIAN_POINT('',(-152.4,-136.02,60.80941191002));
#99 = LINE('',#100,#101);
#100 = CARTESIAN_POINT('',(-152.4,-136.02,23.85));
#101 = VECTOR('',#102,1.);
#102 = DIRECTION('',(0.,0.,1.));
#103 = ORIENTED_EDGE('',*,*,#104,.T.);
#104 = EDGE_CURVE('',#97,#105,#107,.T.);
#105 = VERTEX_POINT('',#106);
#106 = CARTESIAN_POINT('',(-152.05,-136.02,62.));
#107 = CIRCLE('',#108,2.2);
#108 = AXIS2_PLACEMENT_3D('',#109,#110,#111);
#109 = CARTESIAN_POINT('',(-154.25,-136.02,62.));
#110 = DIRECTION('',(0.,-1.,2.2E-16));
#111 = DIRECTION('',(1.,0.,0.));
#112 = ORIENTED_EDGE('',*,*,#113,.T.);
#113 = EDGE_CURVE('',#105,#114,#116,.T.);
#114 = VERTEX_POINT('',#115);
#115 = CARTESIAN_POINT('',(-152.4,-136.02,63.19058808998));
#116 = CIRCLE('',#117,2.2);
#117 = AXIS2_PLACEMENT_3D('',#118,#119,#120);
#118 = CARTESIAN_POINT('',(-154.25,-136.02,62.));
#119 = DIRECTION('',(0.,-1.,2.2E-16));
#120 = DIRECTION('',(1.,0.,0.));
#121 = ORIENTED_EDGE('',*,*,#122,.T.);
#122 = EDGE_CURVE('',#114,#123,#125,.T.);
#123 = VERTEX_POINT('',#124);
#124 = CARTESIAN_POINT('',(-152.4,-136.02,72.15));
#125 = LINE('',#126,#127);
#126 = CARTESIAN_POINT('',(-152.4,-136.02,23.85));
#127 = VECTOR('',#128,1.);
#128 = DIRECTION('',(0.,0.,1.));
#129 = ORIENTED_EDGE('',*,*,#130,.T.);
#130 = EDGE_CURVE('',#123,#131,#133,.T.);
#131 = VERTEX_POINT('',#132);
#132 = CARTESIAN_POINT('',(152.4,-136.02,72.15));
#133 = LINE('',#134,#135);
#134 = CARTESIAN_POINT('',(-152.4,-136.02,72.15));
#135 = VECTOR('',#136,1.);
#136 = DIRECTION('',(1.,0.,0.));
#137 = ORIENTED_EDGE('',*,*,#138,.F.);
#138 = EDGE_CURVE('',#139,#131,#141,.T.);
#139 = VERTEX_POINT('',#140);
#140 = CARTESIAN_POINT('',(152.4,-136.02,63.19058808998));
#141 = LINE('',#142,#143);
#142 = CARTESIAN_POINT('',(152.4,-136.02,23.85));
#143 = VECTOR('',#144,1.);
#144 = DIRECTION('',(0.,0.,1.));
#145 = ORIENTED_EDGE('',*,*,#146,.T.);
#146 = EDGE_CURVE('',#139,#147,#149,.T.);
#147 = VERTEX_POINT('',#148);
#148 = CARTESIAN_POINT('',(152.4,-136.02,60.80941191002));
#149 = CIRCLE('',#150,2.2);
#150 = AXIS2_PLACEMENT_3D('',#151,#152,#153);
#151 = CARTESIAN_POINT('',(154.25,-136.02,62.));
#152 = DIRECTION('',(0.,-1.,2.2E-16));
#153 = DIRECTION('',(1.,0.,0.));
#154 = ORIENTED_EDGE('',*,*,#155,.F.);
#155 = EDGE_CURVE('',#156,#147,#158,.T.);
#156 = VERTEX_POINT('',#157);
#157 = CARTESIAN_POINT('',(152.4,-136.02,35.190588089978));
#158 = LINE('',#159,#160);
#159 = CARTESIAN_POINT('',(152.4,-136.02,23.85));
#160 = VECTOR('',#161,1.);
#161 = DIRECTION('',(0.,0.,1.));
#162 = ORIENTED_EDGE('',*,*,#163,.T.);
#163 = EDGE_CURVE('',#156,#64,#164,.T.);
#164 = CIRCLE('',#165,2.2);
#165 = AXIS2_PLACEMENT_3D('',#166,#167,#168);
#166 = CARTESIAN_POINT('',(154.25,-136.02,34.));
#167 = DIRECTION('',(0.,-1.,2.2E-16));
#168 = DIRECTION('',(1.,0.,0.));
#169 = FACE_BOUND('',#170,.F.);
#170 = EDGE_LOOP('',(#171));
#171 = ORIENTED_EDGE('',*,*,#172,.T.);
#172 = EDGE_CURVE('',#173,#173,#175,.T.);
#173 = VERTEX_POINT('',#174);
#174 = CARTESIAN_POINT('',(-87.8,-136.02,28.));
#175 = CIRCLE('',#176,2.2);
#176 = AXIS2_PLACEMENT_3D('',#177,#178,#179);
#177 = CARTESIAN_POINT('',(-90.,-136.02,28.));
#178 = DIRECTION('',(0.,-1.,2.2E-16));
#179 = DIRECTION('',(1.,0.,0.));
#180 = FACE_BOUND('',#181,.F.);
#181 = EDGE_LOOP('',(#182));
#182 = ORIENTED_EDGE('',*,*,#183,.T.);
#183 = EDGE_CURVE('',#184,#184,#186,.T.);
#184 = VERTEX_POINT('',#185);
#185 = CARTESIAN_POINT('',(-97.55,-136.02,34.));
#186 = CIRCLE('',#187,2.2);
#187 = AXIS2_PLACEMENT_3D('',#188,#189,#190);
#188 = CARTESIAN_POINT('',(-99.75,-136.02,34.));
#189 = DIRECTION('',(0.,-1.,2.2E-16));
#190 = DIRECTION('',(1.,0.,0.));
#191 = FACE_BOUND('',#192,.F.);
#192 = EDGE_LOOP('',(#193));
#193 = ORIENTED_EDGE('',*,*,#194,.T.);
#194 = EDGE_CURVE('',#195,#195,#197,.T.);
#195 = VERTEX_POINT('',#196);
#196 = CARTESIAN_POINT('',(-85.8,-136.02,40.));
#197 = CIRCLE('',#198,2.2);
#198 = AXIS2_PLACEMENT_3D('',#199,#200,#201);
#199 = CARTESIAN_POINT('',(-88.,-136.02,40.));
#200 = DIRECTION('',(0.,-1.,2.2E-16));
#201 = DIRECTION('',(1.,0.,0.));
#202 = FACE_BOUND('',#203,.F.);
#203 = EDGE_LOOP('',(#204));
#204 = ORIENTED_EDGE('',*,*,#205,.T.);
#205 = EDGE_CURVE('',#206,#206,#208,.T.);
#206 = VERTEX_POINT('',#207);
#207 = CARTESIAN_POINT('',(-37.8,-136.02,28.));
#208 = CIRCLE('',#209,2.2);
#209 = AXIS2_PLACEMENT_3D('',#210,#211,#212);
#210 = CARTESIAN_POINT('',(-40.,-136.02,28.));
#211 = DIRECTION('',(0.,-1.,2.2E-16));
#212 = DIRECTION('',(1.,0.,0.));
#213 = FACE_BOUND('',#214,.F.);
#214 = EDGE_LOOP('',(#215));
#215 = ORIENTED_EDGE('',*,*,#216,.T.);
#216 = EDGE_CURVE('',#217,#217,#219,.T.);
#217 = VERTEX_POINT('',#218);
#218 = CARTESIAN_POINT('',(-29.8,-136.02,40.));
#219 = CIRCLE('',#220,2.2);
#220 = AXIS2_PLACEMENT_3D('',#221,#222,#223);
#221 = CARTESIAN_POINT('',(-32.,-136.02,40.));
#222 = DIRECTION('',(0.,-1.,2.2E-16));
#223 = DIRECTION('',(1.,0.,0.));
#224 = FACE_BOUND('',#225,.F.);
#225 = EDGE_LOOP('',(#226,#237,#246,#255,#264,#273,#282,#291,#300,#309,
    #318,#327,#336,#345,#354,#363,#372,#381,#390,#399,#408,#417,#426,
    #435,#444));
#226 = ORIENTED_EDGE('',*,*,#227,.T.);
#227 = EDGE_CURVE('',#228,#230,#232,.T.);
#228 = VERTEX_POINT('',#229);
#229 = CARTESIAN_POINT('',(-113.,-136.02,39.));
#230 = VERTEX_POINT('',#231);
#231 = CARTESIAN_POINT('',(-113.3790547271,-136.02,40.909676618028));
#232 = CIRCLE('',#233,5.);
#233 = AXIS2_PLACEMENT_3D('',#234,#235,#236);
#234 = CARTESIAN_POINT('',(-118.,-136.02,39.));
#235 = DIRECTION('',(0.,-1.,2.2E-16));
#236 = DIRECTION('',(1.,0.,0.));
#237 = ORIENTED_EDGE('',*,*,#238,.F.);
#238 = EDGE_CURVE('',#239,#230,#241,.T.);
#239 = VERTEX_POINT('',#240);
#240 = CARTESIAN_POINT('',(-107.1,-136.02,44.));
#241 = CIRCLE('',#242,3.9);
#242 = AXIS2_PLACEMENT_3D('',#243,#244,#245);
#243 = CARTESIAN_POINT('',(-111.,-136.02,44.));
#244 = DIRECTION('',(-0.,1.,0.));
#245 = DIRECTION('',(1.,0.,0.));
#246 = ORIENTED_EDGE('',*,*,#247,.F.);
#247 = EDGE_CURVE('',#248,#239,#250,.T.);
#248 = VERTEX_POINT('',#249);
#249 = CARTESIAN_POINT('',(-114.6948641917,-136.02,42.751809868458));
#250 = CIRCLE('',#251,3.9);
#251 = AXIS2_PLACEMENT_3D('',#252,#253,#254);
#252 = CARTESIAN_POINT('',(-111.,-136.02,44.));
#253 = DIRECTION('',(-0.,1.,0.));
#254 = DIRECTION('',(1.,0.,0.));
#255 = ORIENTED_EDGE('',*,*,#256,.T.);
#256 = EDGE_CURVE('',#248,#257,#259,.T.);
#257 = VERTEX_POINT('',#258);
#258 = CARTESIAN_POINT('',(-119.6578452186,-136.02,43.717154781315));
#259 = CIRCLE('',#260,5.);
#260 = AXIS2_PLACEMENT_3D('',#261,#262,#263);
#261 = CARTESIAN_POINT('',(-118.,-136.02,39.));
#262 = DIRECTION('',(0.,-1.,2.2E-16));
#263 = DIRECTION('',(1.,0.,0.));
#264 = ORIENTED_EDGE('',*,*,#265,.T.);
#265 = EDGE_CURVE('',#257,#266,#268,.T.);
#266 = VERTEX_POINT('',#267);
#267 = CARTESIAN_POINT('',(-118.5,-136.02,48.));
#268 = CIRCLE('',#269,8.5);
#269 = AXIS2_PLACEMENT_3D('',#270,#271,#272);
#270 = CARTESIAN_POINT('',(-127.,-136.02,48.));
#271 = DIRECTION('',(0.,-1.,2.2E-16));
#272 = DIRECTION('',(1.,0.,0.));
#273 = ORIENTED_EDGE('',*,*,#274,.T.);
#274 = EDGE_CURVE('',#266,#275,#277,.T.);
#275 = VERTEX_POINT('',#276);
#276 = CARTESIAN_POINT('',(-119.6578452186,-136.02,52.282845218685));
#277 = CIRCLE('',#278,8.5);
#278 = AXIS2_PLACEMENT_3D('',#279,#280,#281);
#279 = CARTESIAN_POINT('',(-127.,-136.02,48.));
#280 = DIRECTION('',(0.,-1.,2.2E-16));
#281 = DIRECTION('',(1.,0.,0.));
#282 = ORIENTED_EDGE('',*,*,#283,.T.);
#283 = EDGE_CURVE('',#275,#284,#286,.T.);
#284 = VERTEX_POINT('',#285);
#285 = CARTESIAN_POINT('',(-114.6948641917,-136.02,53.248190131541));
#286 = CIRCLE('',#287,5.);
#287 = AXIS2_PLACEMENT_3D('',#288,#289,#290);
#288 = CARTESIAN_POINT('',(-118.,-136.02,57.));
#289 = DIRECTION('',(0.,-1.,2.2E-16));
#290 = DIRECTION('',(1.,0.,0.));
#291 = ORIENTED_EDGE('',*,*,#292,.F.);
#292 = EDGE_CURVE('',#293,#284,#295,.T.);
#293 = VERTEX_POINT('',#294);
#294 = CARTESIAN_POINT('',(-107.1,-136.02,52.));
#295 = CIRCLE('',#296,3.9);
#296 = AXIS2_PLACEMENT_3D('',#297,#298,#299);
#297 = CARTESIAN_POINT('',(-111.,-136.02,52.));
#298 = DIRECTION('',(-0.,1.,0.));
#299 = DIRECTION('',(1.,0.,0.));
#300 = ORIENTED_EDGE('',*,*,#301,.F.);
#301 = EDGE_CURVE('',#302,#293,#304,.T.);
#302 = VERTEX_POINT('',#303);
#303 = CARTESIAN_POINT('',(-113.3790547271,-136.02,55.090323381972));
#304 = CIRCLE('',#305,3.9);
#305 = AXIS2_PLACEMENT_3D('',#306,#307,#308);
#306 = CARTESIAN_POINT('',(-111.,-136.02,52.));
#307 = DIRECTION('',(-0.,1.,0.));
#308 = DIRECTION('',(1.,0.,0.));
#309 = ORIENTED_EDGE('',*,*,#310,.T.);
#310 = EDGE_CURVE('',#302,#311,#313,.T.);
#311 = VERTEX_POINT('',#312);
#312 = CARTESIAN_POINT('',(-113.,-136.02,57.));
#313 = CIRCLE('',#314,5.);
#314 = AXIS2_PLACEMENT_3D('',#315,#316,#317);
#315 = CARTESIAN_POINT('',(-118.,-136.02,57.));
#316 = DIRECTION('',(0.,-1.,2.2E-16));
#317 = DIRECTION('',(1.,0.,0.));
#318 = ORIENTED_EDGE('',*,*,#319,.T.);
#319 = EDGE_CURVE('',#311,#320,#322,.T.);
#320 = VERTEX_POINT('',#321);
#321 = CARTESIAN_POINT('',(-122.7171547813,-136.02,55.342154781315));
#322 = CIRCLE('',#323,5.);
#323 = AXIS2_PLACEMENT_3D('',#324,#325,#326);
#324 = CARTESIAN_POINT('',(-118.,-136.02,57.));
#325 = DIRECTION('',(0.,-1.,2.2E-16));
#326 = DIRECTION('',(1.,0.,0.));
#327 = ORIENTED_EDGE('',*,*,#328,.T.);
#328 = EDGE_CURVE('',#320,#329,#331,.T.);
#329 = VERTEX_POINT('',#330);
#330 = CARTESIAN_POINT('',(-131.2828452186,-136.02,55.342154781315));
#331 = CIRCLE('',#332,8.5);
#332 = AXIS2_PLACEMENT_3D('',#333,#334,#335);
#333 = CARTESIAN_POINT('',(-127.,-136.02,48.));
#334 = DIRECTION('',(0.,-1.,2.2E-16));
#335 = DIRECTION('',(1.,0.,0.));
#336 = ORIENTED_EDGE('',*,*,#337,.T.);
#337 = EDGE_CURVE('',#329,#338,#340,.T.);
#338 = VERTEX_POINT('',#339);
#339 = CARTESIAN_POINT('',(-131.,-136.02,57.));
#340 = CIRCLE('',#341,5.);
#341 = AXIS2_PLACEMENT_3D('',#342,#343,#344);
#342 = CARTESIAN_POINT('',(-136.,-136.02,57.));
#343 = DIRECTION('',(0.,-1.,2.2E-16));
#344 = DIRECTION('',(1.,0.,0.));
#345 = ORIENTED_EDGE('',*,*,#346,.T.);
#346 = EDGE_CURVE('',#338,#347,#349,.T.);
#347 = VERTEX_POINT('',#348);
#348 = CARTESIAN_POINT('',(-140.6209452728,-136.02,55.090323381972));
#349 = CIRCLE('',#350,5.);
#350 = AXIS2_PLACEMENT_3D('',#351,#352,#353);
#351 = CARTESIAN_POINT('',(-136.,-136.02,57.));
#352 = DIRECTION('',(0.,-1.,2.2E-16));
#353 = DIRECTION('',(1.,0.,0.));
#354 = ORIENTED_EDGE('',*,*,#355,.F.);
#355 = EDGE_CURVE('',#356,#347,#358,.T.);
#356 = VERTEX_POINT('',#357);
#357 = CARTESIAN_POINT('',(-139.1,-136.02,52.));
#358 = CIRCLE('',#359,3.9);
#359 = AXIS2_PLACEMENT_3D('',#360,#361,#362);
#360 = CARTESIAN_POINT('',(-143.,-136.02,52.));
#361 = DIRECTION('',(-0.,1.,0.));
#362 = DIRECTION('',(1.,0.,0.));
#363 = ORIENTED_EDGE('',*,*,#364,.F.);
#364 = EDGE_CURVE('',#365,#356,#367,.T.);
#365 = VERTEX_POINT('',#366);
#366 = CARTESIAN_POINT('',(-139.3051358082,-136.02,53.248190131541));
#367 = CIRCLE('',#368,3.9);
#368 = AXIS2_PLACEMENT_3D('',#369,#370,#371);
#369 = CARTESIAN_POINT('',(-143.,-136.02,52.));
#370 = DIRECTION('',(-0.,1.,0.));
#371 = DIRECTION('',(1.,0.,0.));
#372 = ORIENTED_EDGE('',*,*,#373,.T.);
#373 = EDGE_CURVE('',#365,#374,#376,.T.);
#374 = VERTEX_POINT('',#375);
#375 = CARTESIAN_POINT('',(-134.3421547813,-136.02,52.282845218685));
#376 = CIRCLE('',#377,5.);
#377 = AXIS2_PLACEMENT_3D('',#378,#379,#380);
#378 = CARTESIAN_POINT('',(-136.,-136.02,57.));
#379 = DIRECTION('',(0.,-1.,2.2E-16));
#380 = DIRECTION('',(1.,0.,0.));
#381 = ORIENTED_EDGE('',*,*,#382,.T.);
#382 = EDGE_CURVE('',#374,#383,#385,.T.);
#383 = VERTEX_POINT('',#384);
#384 = CARTESIAN_POINT('',(-134.3421547813,-136.02,43.717154781315));
#385 = CIRCLE('',#386,8.5);
#386 = AXIS2_PLACEMENT_3D('',#387,#388,#389);
#387 = CARTESIAN_POINT('',(-127.,-136.02,48.));
#388 = DIRECTION('',(0.,-1.,2.2E-16));
#389 = DIRECTION('',(1.,0.,0.));
#390 = ORIENTED_EDGE('',*,*,#391,.T.);
#391 = EDGE_CURVE('',#383,#392,#394,.T.);
#392 = VERTEX_POINT('',#393);
#393 = CARTESIAN_POINT('',(-139.3051358082,-136.02,42.751809868459));
#394 = CIRCLE('',#395,5.);
#395 = AXIS2_PLACEMENT_3D('',#396,#397,#398);
#396 = CARTESIAN_POINT('',(-136.,-136.02,39.));
#397 = DIRECTION('',(0.,-1.,2.2E-16));
#398 = DIRECTION('',(1.,0.,0.));
#399 = ORIENTED_EDGE('',*,*,#400,.F.);
#400 = EDGE_CURVE('',#401,#392,#403,.T.);
#401 = VERTEX_POINT('',#402);
#402 = CARTESIAN_POINT('',(-139.1,-136.02,44.));
#403 = CIRCLE('',#404,3.9);
#404 = AXIS2_PLACEMENT_3D('',#405,#406,#407);
#405 = CARTESIAN_POINT('',(-143.,-136.02,44.));
#406 = DIRECTION('',(-0.,1.,0.));
#407 = DIRECTION('',(1.,0.,0.));
#408 = ORIENTED_EDGE('',*,*,#409,.F.);
#409 = EDGE_CURVE('',#410,#401,#412,.T.);
#410 = VERTEX_POINT('',#411);
#411 = CARTESIAN_POINT('',(-140.6209452728,-136.02,40.909676618028));
#412 = CIRCLE('',#413,3.9);
#413 = AXIS2_PLACEMENT_3D('',#414,#415,#416);
#414 = CARTESIAN_POINT('',(-143.,-136.02,44.));
#415 = DIRECTION('',(-0.,1.,0.));
#416 = DIRECTION('',(1.,0.,0.));
#417 = ORIENTED_EDGE('',*,*,#418,.T.);
#418 = EDGE_CURVE('',#410,#419,#421,.T.);
#419 = VERTEX_POINT('',#420);
#420 = CARTESIAN_POINT('',(-131.,-136.02,39.));
#421 = CIRCLE('',#422,5.);
#422 = AXIS2_PLACEMENT_3D('',#423,#424,#425);
#423 = CARTESIAN_POINT('',(-136.,-136.02,39.));
#424 = DIRECTION('',(0.,-1.,2.2E-16));
#425 = DIRECTION('',(1.,0.,0.));
#426 = ORIENTED_EDGE('',*,*,#427,.T.);
#427 = EDGE_CURVE('',#419,#428,#430,.T.);
#428 = VERTEX_POINT('',#429);
#429 = CARTESIAN_POINT('',(-131.2828452186,-136.02,40.657845218685));
#430 = CIRCLE('',#431,5.);
#431 = AXIS2_PLACEMENT_3D('',#432,#433,#434);
#432 = CARTESIAN_POINT('',(-136.,-136.02,39.));
#433 = DIRECTION('',(0.,-1.,2.2E-16));
#434 = DIRECTION('',(1.,0.,0.));
#435 = ORIENTED_EDGE('',*,*,#436,.T.);
#436 = EDGE_CURVE('',#428,#437,#439,.T.);
#437 = VERTEX_POINT('',#438);
#438 = CARTESIAN_POINT('',(-122.7171547813,-136.02,40.657845218685));
#439 = CIRCLE('',#440,8.5);
#440 = AXIS2_PLACEMENT_3D('',#441,#442,#443);
#441 = CARTESIAN_POINT('',(-127.,-136.02,48.));
#442 = DIRECTION('',(0.,-1.,2.2E-16));
#443 = DIRECTION('',(1.,0.,0.));
#444 = ORIENTED_EDGE('',*,*,#445,.T.);
#445 = EDGE_CURVE('',#437,#228,#446,.T.);
#446 = CIRCLE('',#447,5.);
#447 = AXIS2_PLACEMENT_3D('',#448,#449,#450);
#448 = CARTESIAN_POINT('',(-118.,-136.02,39.));
#449 = DIRECTION('',(0.,-1.,2.2E-16));
#450 = DIRECTION('',(1.,0.,0.));
#451 = FACE_BOUND('',#452,.F.);
#452 = EDGE_LOOP('',(#453));
#453 = ORIENTED_EDGE('',*,*,#454,.T.);
#454 = EDGE_CURVE('',#455,#455,#457,.T.);
#455 = VERTEX_POINT('',#456);
#456 = CARTESIAN_POINT('',(-97.55,-136.02,62.));
#457 = CIRCLE('',#458,2.2);
#458 = AXIS2_PLACEMENT_3D('',#459,#460,#461);
#459 = CARTESIAN_POINT('',(-99.75,-136.02,62.));
#460 = DIRECTION('',(0.,-1.,2.2E-16));
#461 = DIRECTION('',(1.,0.,0.));
#462 = FACE_BOUND('',#463,.F.);
#463 = EDGE_LOOP('',(#464));
#464 = ORIENTED_EDGE('',*,*,#465,.T.);
#465 = EDGE_CURVE('',#466,#466,#468,.T.);
#466 = VERTEX_POINT('',#467);
#467 = CARTESIAN_POINT('',(-57.8,-136.02,52.));
#468 = CIRCLE('',#469,2.2);
#469 = AXIS2_PLACEMENT_3D('',#470,#471,#472);
#470 = CARTESIAN_POINT('',(-60.,-136.02,52.));
#471 = DIRECTION('',(0.,-1.,2.2E-16));
#472 = DIRECTION('',(1.,0.,0.));
#473 = FACE_BOUND('',#474,.F.);
#474 = EDGE_LOOP('',(#475));
#475 = ORIENTED_EDGE('',*,*,#476,.T.);
#476 = EDGE_CURVE('',#477,#477,#479,.T.);
#477 = VERTEX_POINT('',#478);
#478 = CARTESIAN_POINT('',(-17.8,-136.02,52.));
#479 = CIRCLE('',#480,2.2);
#480 = AXIS2_PLACEMENT_3D('',#481,#482,#483);
#481 = CARTESIAN_POINT('',(-20.,-136.02,52.));
#482 = DIRECTION('',(0.,-1.,2.2E-16));
#483 = DIRECTION('',(1.,0.,0.));
#484 = FACE_BOUND('',#485,.F.);
#485 = EDGE_LOOP('',(#486));
#486 = ORIENTED_EDGE('',*,*,#487,.T.);
#487 = EDGE_CURVE('',#488,#488,#490,.T.);
#488 = VERTEX_POINT('',#489);
#489 = CARTESIAN_POINT('',(42.2,-136.02,28.));
#490 = CIRCLE('',#491,2.2);
#491 = AXIS2_PLACEMENT_3D('',#492,#493,#494);
#492 = CARTESIAN_POINT('',(40.,-136.02,28.));
#493 = DIRECTION('',(0.,-1.,2.2E-16));
#494 = DIRECTION('',(1.,0.,0.));
#495 = FACE_BOUND('',#496,.F.);
#496 = EDGE_LOOP('',(#497));
#497 = ORIENTED_EDGE('',*,*,#498,.T.);
#498 = EDGE_CURVE('',#499,#499,#501,.T.);
#499 = VERTEX_POINT('',#500);
#500 = CARTESIAN_POINT('',(34.2,-136.02,40.));
#501 = CIRCLE('',#502,2.2);
#502 = AXIS2_PLACEMENT_3D('',#503,#504,#505);
#503 = CARTESIAN_POINT('',(32.,-136.02,40.));
#504 = DIRECTION('',(0.,-1.,2.2E-16));
#505 = DIRECTION('',(1.,0.,0.));
#506 = FACE_BOUND('',#507,.F.);
#507 = EDGE_LOOP('',(#508));
#508 = ORIENTED_EDGE('',*,*,#509,.T.);
#509 = EDGE_CURVE('',#510,#510,#512,.T.);
#510 = VERTEX_POINT('',#511);
#511 = CARTESIAN_POINT('',(92.2,-136.02,28.));
#512 = CIRCLE('',#513,2.2);
#513 = AXIS2_PLACEMENT_3D('',#514,#515,#516);
#514 = CARTESIAN_POINT('',(90.,-136.02,28.));
#515 = DIRECTION('',(0.,-1.,2.2E-16));
#516 = DIRECTION('',(1.,0.,0.));
#517 = FACE_BOUND('',#518,.F.);
#518 = EDGE_LOOP('',(#519));
#519 = ORIENTED_EDGE('',*,*,#520,.T.);
#520 = EDGE_CURVE('',#521,#521,#523,.T.);
#521 = VERTEX_POINT('',#522);
#522 = CARTESIAN_POINT('',(101.95,-136.02,34.));
#523 = CIRCLE('',#524,2.2);
#524 = AXIS2_PLACEMENT_3D('',#525,#526,#527);
#525 = CARTESIAN_POINT('',(99.75,-136.02,34.));
#526 = DIRECTION('',(0.,-1.,2.2E-16));
#527 = DIRECTION('',(1.,0.,0.));
#528 = FACE_BOUND('',#529,.F.);
#529 = EDGE_LOOP('',(#530));
#530 = ORIENTED_EDGE('',*,*,#531,.T.);
#531 = EDGE_CURVE('',#532,#532,#534,.T.);
#532 = VERTEX_POINT('',#533);
#533 = CARTESIAN_POINT('',(90.2,-136.02,40.));
#534 = CIRCLE('',#535,2.2);
#535 = AXIS2_PLACEMENT_3D('',#536,#537,#538);
#536 = CARTESIAN_POINT('',(88.,-136.02,40.));
#537 = DIRECTION('',(0.,-1.,2.2E-16));
#538 = DIRECTION('',(1.,0.,0.));
#539 = FACE_BOUND('',#540,.F.);
#540 = EDGE_LOOP('',(#541));
#541 = ORIENTED_EDGE('',*,*,#542,.T.);
#542 = EDGE_CURVE('',#543,#543,#545,.T.);
#543 = VERTEX_POINT('',#544);
#544 = CARTESIAN_POINT('',(22.2,-136.02,52.));
#545 = CIRCLE('',#546,2.2);
#546 = AXIS2_PLACEMENT_3D('',#547,#548,#549);
#547 = CARTESIAN_POINT('',(20.,-136.02,52.));
#548 = DIRECTION('',(0.,-1.,2.2E-16));
#549 = DIRECTION('',(1.,0.,0.));
#550 = FACE_BOUND('',#551,.F.);
#551 = EDGE_LOOP('',(#552));
#552 = ORIENTED_EDGE('',*,*,#553,.T.);
#553 = EDGE_CURVE('',#554,#554,#556,.T.);
#554 = VERTEX_POINT('',#555);
#555 = CARTESIAN_POINT('',(62.2,-136.02,52.));
#556 = CIRCLE('',#557,2.2);
#557 = AXIS2_PLACEMENT_3D('',#558,#559,#560);
#558 = CARTESIAN_POINT('',(60.,-136.02,52.));
#559 = DIRECTION('',(0.,-1.,2.2E-16));
#560 = DIRECTION('',(1.,0.,0.));
#561 = FACE_BOUND('',#562,.F.);
#562 = EDGE_LOOP('',(#563,#574,#583,#592,#601,#610,#619,#628,#637,#646,
    #655,#664,#673,#682,#691,#700,#709,#718,#727,#736,#745,#754,#763,
    #772,#781));
#563 = ORIENTED_EDGE('',*,*,#564,.T.);
#564 = EDGE_CURVE('',#565,#567,#569,.T.);
#565 = VERTEX_POINT('',#566);
#566 = CARTESIAN_POINT('',(141.,-136.02,39.));
#567 = VERTEX_POINT('',#568);
#568 = CARTESIAN_POINT('',(140.62094527283,-136.02,40.909676618028));
#569 = CIRCLE('',#570,5.);
#570 = AXIS2_PLACEMENT_3D('',#571,#572,#573);
#571 = CARTESIAN_POINT('',(136.,-136.02,39.));
#572 = DIRECTION('',(0.,-1.,2.2E-16));
#573 = DIRECTION('',(1.,0.,0.));
#574 = ORIENTED_EDGE('',*,*,#575,.F.);
#575 = EDGE_CURVE('',#576,#567,#578,.T.);
#576 = VERTEX_POINT('',#577);
#577 = CARTESIAN_POINT('',(146.9,-136.02,44.));
#578 = CIRCLE('',#579,3.9);
#579 = AXIS2_PLACEMENT_3D('',#580,#581,#582);
#580 = CARTESIAN_POINT('',(143.,-136.02,44.));
#581 = DIRECTION('',(-0.,1.,0.));
#582 = DIRECTION('',(1.,0.,0.));
#583 = ORIENTED_EDGE('',*,*,#584,.F.);
#584 = EDGE_CURVE('',#585,#576,#587,.T.);
#585 = VERTEX_POINT('',#586);
#586 = CARTESIAN_POINT('',(139.30513580824,-136.02,42.751809868459));
#587 = CIRCLE('',#588,3.9);
#588 = AXIS2_PLACEMENT_3D('',#589,#590,#591);
#589 = CARTESIAN_POINT('',(143.,-136.02,44.));
#590 = DIRECTION('',(-0.,1.,0.));
#591 = DIRECTION('',(1.,0.,0.));
#592 = ORIENTED_EDGE('',*,*,#593,.T.);
#593 = EDGE_CURVE('',#585,#594,#596,.T.);
#594 = VERTEX_POINT('',#595);
#595 = CARTESIAN_POINT('',(134.34215478131,-136.02,43.717154781315));
#596 = CIRCLE('',#597,5.);
#597 = AXIS2_PLACEMENT_3D('',#598,#599,#600);
#598 = CARTESIAN_POINT('',(136.,-136.02,39.));
#599 = DIRECTION('',(0.,-1.,2.2E-16));
#600 = DIRECTION('',(1.,0.,0.));
#601 = ORIENTED_EDGE('',*,*,#602,.T.);
#602 = EDGE_CURVE('',#594,#603,#605,.T.);
#603 = VERTEX_POINT('',#604);
#604 = CARTESIAN_POINT('',(135.5,-136.02,48.));
#605 = CIRCLE('',#606,8.5);
#606 = AXIS2_PLACEMENT_3D('',#607,#608,#609);
#607 = CARTESIAN_POINT('',(127.,-136.02,48.));
#608 = DIRECTION('',(0.,-1.,2.2E-16));
#609 = DIRECTION('',(1.,0.,0.));
#610 = ORIENTED_EDGE('',*,*,#611,.T.);
#611 = EDGE_CURVE('',#603,#612,#614,.T.);
#612 = VERTEX_POINT('',#613);
#613 = CARTESIAN_POINT('',(134.34215478131,-136.02,52.282845218685));
#614 = CIRCLE('',#615,8.5);
#615 = AXIS2_PLACEMENT_3D('',#616,#617,#618);
#616 = CARTESIAN_POINT('',(127.,-136.02,48.));
#617 = DIRECTION('',(0.,-1.,2.2E-16));
#618 = DIRECTION('',(1.,0.,0.));
#619 = ORIENTED_EDGE('',*,*,#620,.T.);
#620 = EDGE_CURVE('',#612,#621,#623,.T.);
#621 = VERTEX_POINT('',#622);
#622 = CARTESIAN_POINT('',(139.30513580824,-136.02,53.248190131541));
#623 = CIRCLE('',#624,5.);
#624 = AXIS2_PLACEMENT_3D('',#625,#626,#627);
#625 = CARTESIAN_POINT('',(136.,-136.02,57.));
#626 = DIRECTION('',(0.,-1.,2.2E-16));
#627 = DIRECTION('',(1.,0.,0.));
#628 = ORIENTED_EDGE('',*,*,#629,.F.);
#629 = EDGE_CURVE('',#630,#621,#632,.T.);
#630 = VERTEX_POINT('',#631);
#631 = CARTESIAN_POINT('',(146.9,-136.02,52.));
#632 = CIRCLE('',#633,3.9);
#633 = AXIS2_PLACEMENT_3D('',#634,#635,#636);
#634 = CARTESIAN_POINT('',(143.,-136.02,52.));
#635 = DIRECTION('',(-0.,1.,0.));
#636 = DIRECTION('',(1.,0.,0.));
#637 = ORIENTED_EDGE('',*,*,#638,.F.);
#638 = EDGE_CURVE('',#639,#630,#641,.T.);
#639 = VERTEX_POINT('',#640);
#640 = CARTESIAN_POINT('',(140.62094527283,-136.02,55.090323381972));
#641 = CIRCLE('',#642,3.9);
#642 = AXIS2_PLACEMENT_3D('',#643,#644,#645);
#643 = CARTESIAN_POINT('',(143.,-136.02,52.));
#644 = DIRECTION('',(-0.,1.,0.));
#645 = DIRECTION('',(1.,0.,0.));
#646 = ORIENTED_EDGE('',*,*,#647,.T.);
#647 = EDGE_CURVE('',#639,#648,#650,.T.);
#648 = VERTEX_POINT('',#649);
#649 = CARTESIAN_POINT('',(141.,-136.02,57.));
#650 = CIRCLE('',#651,5.);
#651 = AXIS2_PLACEMENT_3D('',#652,#653,#654);
#652 = CARTESIAN_POINT('',(136.,-136.02,57.));
#653 = DIRECTION('',(0.,-1.,2.2E-16));
#654 = DIRECTION('',(1.,0.,0.));
#655 = ORIENTED_EDGE('',*,*,#656,.T.);
#656 = EDGE_CURVE('',#648,#657,#659,.T.);
#657 = VERTEX_POINT('',#658);
#658 = CARTESIAN_POINT('',(131.28284521868,-136.02,55.342154781315));
#659 = CIRCLE('',#660,5.);
#660 = AXIS2_PLACEMENT_3D('',#661,#662,#663);
#661 = CARTESIAN_POINT('',(136.,-136.02,57.));
#662 = DIRECTION('',(0.,-1.,2.2E-16));
#663 = DIRECTION('',(1.,0.,0.));
#664 = ORIENTED_EDGE('',*,*,#665,.T.);
#665 = EDGE_CURVE('',#657,#666,#668,.T.);
#666 = VERTEX_POINT('',#667);
#667 = CARTESIAN_POINT('',(122.71715478131,-136.02,55.342154781315));
#668 = CIRCLE('',#669,8.5);
#669 = AXIS2_PLACEMENT_3D('',#670,#671,#672);
#670 = CARTESIAN_POINT('',(127.,-136.02,48.));
#671 = DIRECTION('',(0.,-1.,2.2E-16));
#672 = DIRECTION('',(1.,0.,0.));
#673 = ORIENTED_EDGE('',*,*,#674,.T.);
#674 = EDGE_CURVE('',#666,#675,#677,.T.);
#675 = VERTEX_POINT('',#676);
#676 = CARTESIAN_POINT('',(123.,-136.02,57.));
#677 = CIRCLE('',#678,5.);
#678 = AXIS2_PLACEMENT_3D('',#679,#680,#681);
#679 = CARTESIAN_POINT('',(118.,-136.02,57.));
#680 = DIRECTION('',(0.,-1.,2.2E-16));
#681 = DIRECTION('',(1.,0.,0.));
#682 = ORIENTED_EDGE('',*,*,#683,.T.);
#683 = EDGE_CURVE('',#675,#684,#686,.T.);
#684 = VERTEX_POINT('',#685);
#685 = CARTESIAN_POINT('',(113.37905472716,-136.02,55.090323381972));
#686 = CIRCLE('',#687,5.);
#687 = AXIS2_PLACEMENT_3D('',#688,#689,#690);
#688 = CARTESIAN_POINT('',(118.,-136.02,57.));
#689 = DIRECTION('',(0.,-1.,2.2E-16));
#690 = DIRECTION('',(1.,0.,0.));
#691 = ORIENTED_EDGE('',*,*,#692,.F.);
#692 = EDGE_CURVE('',#693,#684,#695,.T.);
#693 = VERTEX_POINT('',#694);
#694 = CARTESIAN_POINT('',(114.9,-136.02,52.));
#695 = CIRCLE('',#696,3.9);
#696 = AXIS2_PLACEMENT_3D('',#697,#698,#699);
#697 = CARTESIAN_POINT('',(111.,-136.02,52.));
#698 = DIRECTION('',(-0.,1.,0.));
#699 = DIRECTION('',(1.,0.,0.));
#700 = ORIENTED_EDGE('',*,*,#701,.F.);
#701 = EDGE_CURVE('',#702,#693,#704,.T.);
#702 = VERTEX_POINT('',#703);
#703 = CARTESIAN_POINT('',(114.69486419175,-136.02,53.248190131541));
#704 = CIRCLE('',#705,3.9);
#705 = AXIS2_PLACEMENT_3D('',#706,#707,#708);
#706 = CARTESIAN_POINT('',(111.,-136.02,52.));
#707 = DIRECTION('',(-0.,1.,0.));
#708 = DIRECTION('',(1.,0.,0.));
#709 = ORIENTED_EDGE('',*,*,#710,.T.);
#710 = EDGE_CURVE('',#702,#711,#713,.T.);
#711 = VERTEX_POINT('',#712);
#712 = CARTESIAN_POINT('',(119.65784521868,-136.02,52.282845218685));
#713 = CIRCLE('',#714,5.);
#714 = AXIS2_PLACEMENT_3D('',#715,#716,#717);
#715 = CARTESIAN_POINT('',(118.,-136.02,57.));
#716 = DIRECTION('',(0.,-1.,2.2E-16));
#717 = DIRECTION('',(1.,0.,0.));
#718 = ORIENTED_EDGE('',*,*,#719,.T.);
#719 = EDGE_CURVE('',#711,#720,#722,.T.);
#720 = VERTEX_POINT('',#721);
#721 = CARTESIAN_POINT('',(119.65784521868,-136.02,43.717154781315));
#722 = CIRCLE('',#723,8.5);
#723 = AXIS2_PLACEMENT_3D('',#724,#725,#726);
#724 = CARTESIAN_POINT('',(127.,-136.02,48.));
#725 = DIRECTION('',(0.,-1.,2.2E-16));
#726 = DIRECTION('',(1.,0.,0.));
#727 = ORIENTED_EDGE('',*,*,#728,.T.);
#728 = EDGE_CURVE('',#720,#729,#731,.T.);
#729 = VERTEX_POINT('',#730);
#730 = CARTESIAN_POINT('',(114.69486419175,-136.02,42.751809868458));
#731 = CIRCLE('',#732,5.);
#732 = AXIS2_PLACEMENT_3D('',#733,#734,#735);
#733 = CARTESIAN_POINT('',(118.,-136.02,39.));
#734 = DIRECTION('',(0.,-1.,2.2E-16));
#735 = DIRECTION('',(1.,0.,0.));
#736 = ORIENTED_EDGE('',*,*,#737,.F.);
#737 = EDGE_CURVE('',#738,#729,#740,.T.);
#738 = VERTEX_POINT('',#739);
#739 = CARTESIAN_POINT('',(114.9,-136.02,44.));
#740 = CIRCLE('',#741,3.9);
#741 = AXIS2_PLACEMENT_3D('',#742,#743,#744);
#742 = CARTESIAN_POINT('',(111.,-136.02,44.));
#743 = DIRECTION('',(-0.,1.,0.));
#744 = DIRECTION('',(1.,0.,0.));
#745 = ORIENTED_EDGE('',*,*,#746,.F.);
#746 = EDGE_CURVE('',#747,#738,#749,.T.);
#747 = VERTEX_POINT('',#748);
#748 = CARTESIAN_POINT('',(113.37905472716,-136.02,40.909676618028));
#749 = CIRCLE('',#750,3.9);
#750 = AXIS2_PLACEMENT_3D('',#751,#752,#753);
#751 = CARTESIAN_POINT('',(111.,-136.02,44.));
#752 = DIRECTION('',(-0.,1.,0.));
#753 = DIRECTION('',(1.,0.,0.));
#754 = ORIENTED_EDGE('',*,*,#755,.T.);
#755 = EDGE_CURVE('',#747,#756,#758,.T.);
#756 = VERTEX_POINT('',#757);
#757 = CARTESIAN_POINT('',(123.,-136.02,39.));
#758 = CIRCLE('',#759,5.);
#759 = AXIS2_PLACEMENT_3D('',#760,#761,#762);
#760 = CARTESIAN_POINT('',(118.,-136.02,39.));
#761 = DIRECTION('',(0.,-1.,2.2E-16));
#762 = DIRECTION('',(1.,0.,0.));
#763 = ORIENTED_EDGE('',*,*,#764,.T.);
#764 = EDGE_CURVE('',#756,#765,#767,.T.);
#765 = VERTEX_POINT('',#766);
#766 = CARTESIAN_POINT('',(122.71715478131,-136.02,40.657845218685));
#767 = CIRCLE('',#768,5.);
#768 = AXIS2_PLACEMENT_3D('',#769,#770,#771);
#769 = CARTESIAN_POINT('',(118.,-136.02,39.));
#770 = DIRECTION('',(0.,-1.,2.2E-16));
#771 = DIRECTION('',(1.,0.,0.));
#772 = ORIENTED_EDGE('',*,*,#773,.T.);
#773 = EDGE_CURVE('',#765,#774,#776,.T.);
#774 = VERTEX_POINT('',#775);
#775 = CARTESIAN_POINT('',(131.28284521868,-136.02,40.657845218685));
#776 = CIRCLE('',#777,8.5);
#777 = AXIS2_PLACEMENT_3D('',#778,#779,#780);
#778 = CARTESIAN_POINT('',(127.,-136.02,48.));
#779 = DIRECTION('',(0.,-1.,2.2E-16));
#780 = DIRECTION('',(1.,0.,0.));
#781 = ORIENTED_EDGE('',*,*,#782,.T.);
#782 = EDGE_CURVE('',#774,#565,#783,.T.);
#783 = CIRCLE('',#784,5.);
#784 = AXIS2_PLACEMENT_3D('',#785,#786,#787);
#785 = CARTESIAN_POINT('',(136.,-136.02,39.));
#786 = DIRECTION('',(0.,-1.,2.2E-16));
#787 = DIRECTION('',(1.,0.,0.));
#788 = FACE_BOUND('',#789,.F.);
#789 = EDGE_LOOP('',(#790));
#790 = ORIENTED_EDGE('',*,*,#791,.T.);
#791 = EDGE_CURVE('',#792,#792,#794,.T.);
#792 = VERTEX_POINT('',#793);
#793 = CARTESIAN_POINT('',(101.95,-136.02,62.));
#794 = CIRCLE('',#795,2.2);
#795 = AXIS2_PLACEMENT_3D('',#796,#797,#798);
#796 = CARTESIAN_POINT('',(99.75,-136.02,62.));
#797 = DIRECTION('',(0.,-1.,2.2E-16));
#798 = DIRECTION('',(1.,0.,0.));
#799 = PLANE('',#800);
#800 = AXIS2_PLACEMENT_3D('',#801,#802,#803);
#801 = CARTESIAN_POINT('',(-152.4,-136.02,23.85));
#802 = DIRECTION('',(0.,1.,0.));
#803 = DIRECTION('',(0.,0.,1.));
#804 = ADVANCED_FACE('',(#805,#916,#927,#938,#949,#960,#971,#982,#993,
    #1112,#1123,#1134,#1145,#1156,#1167,#1178,#1189,#1200,#1211,#1222,
    #1233,#1244,#1255,#1266,#1385,#1396,#1407),#1418,.T.);
#805 = FACE_BOUND('',#806,.T.);
#806 = EDGE_LOOP('',(#807,#817,#823,#824,#833,#842,#850,#859,#868,#876,
    #884,#892,#901,#909));
#807 = ORIENTED_EDGE('',*,*,#808,.F.);
#808 = EDGE_CURVE('',#809,#811,#813,.T.);
#809 = VERTEX_POINT('',#810);
#810 = CARTESIAN_POINT('',(152.4,-132.97,23.85));
#811 = VERTEX_POINT('',#812);
#812 = CARTESIAN_POINT('',(152.4,-132.97,32.809411910022));
#813 = LINE('',#814,#815);
#814 = CARTESIAN_POINT('',(152.4,-132.97,23.85));
#815 = VECTOR('',#816,1.);
#816 = DIRECTION('',(0.,0.,1.));
#817 = ORIENTED_EDGE('',*,*,#818,.F.);
#818 = EDGE_CURVE('',#32,#809,#819,.T.);
#819 = LINE('',#820,#821);
#820 = CARTESIAN_POINT('',(-152.4,-132.97,23.85));
#821 = VECTOR('',#822,1.);
#822 = DIRECTION('',(1.,0.,0.));
#823 = ORIENTED_EDGE('',*,*,#39,.T.);
#824 = ORIENTED_EDGE('',*,*,#825,.T.);
#825 = EDGE_CURVE('',#40,#826,#828,.T.);
#826 = VERTEX_POINT('',#827);
#827 = CARTESIAN_POINT('',(-152.05,-132.97,34.));
#828 = CIRCLE('',#829,2.2);
#829 = AXIS2_PLACEMENT_3D('',#830,#831,#832);
#830 = CARTESIAN_POINT('',(-154.25,-132.97,34.));
#831 = DIRECTION('',(0.,-1.,2.2E-16));
#832 = DIRECTION('',(1.,0.,0.));
#833 = ORIENTED_EDGE('',*,*,#834,.T.);
#834 = EDGE_CURVE('',#826,#835,#837,.T.);
#835 = VERTEX_POINT('',#836);
#836 = CARTESIAN_POINT('',(-152.4,-132.97,35.190588089978));
#837 = CIRCLE('',#838,2.2);
#838 = AXIS2_PLACEMENT_3D('',#839,#840,#841);
#839 = CARTESIAN_POINT('',(-154.25,-132.97,34.));
#840 = DIRECTION('',(0.,-1.,2.2E-16));
#841 = DIRECTION('',(1.,0.,0.));
#842 = ORIENTED_EDGE('',*,*,#843,.T.);
#843 = EDGE_CURVE('',#835,#844,#846,.T.);
#844 = VERTEX_POINT('',#845);
#845 = CARTESIAN_POINT('',(-152.4,-132.97,60.80941191002));
#846 = LINE('',#847,#848);
#847 = CARTESIAN_POINT('',(-152.4,-132.97,23.85));
#848 = VECTOR('',#849,1.);
#849 = DIRECTION('',(0.,0.,1.));
#850 = ORIENTED_EDGE('',*,*,#851,.T.);
#851 = EDGE_CURVE('',#844,#852,#854,.T.);
#852 = VERTEX_POINT('',#853);
#853 = CARTESIAN_POINT('',(-152.05,-132.97,62.));
#854 = CIRCLE('',#855,2.2);
#855 = AXIS2_PLACEMENT_3D('',#856,#857,#858);
#856 = CARTESIAN_POINT('',(-154.25,-132.97,62.));
#857 = DIRECTION('',(0.,-1.,2.2E-16));
#858 = DIRECTION('',(1.,0.,0.));
#859 = ORIENTED_EDGE('',*,*,#860,.T.);
#860 = EDGE_CURVE('',#852,#861,#863,.T.);
#861 = VERTEX_POINT('',#862);
#862 = CARTESIAN_POINT('',(-152.4,-132.97,63.19058808998));
#863 = CIRCLE('',#864,2.2);
#864 = AXIS2_PLACEMENT_3D('',#865,#866,#867);
#865 = CARTESIAN_POINT('',(-154.25,-132.97,62.));
#866 = DIRECTION('',(0.,-1.,2.2E-16));
#867 = DIRECTION('',(1.,0.,0.));
#868 = ORIENTED_EDGE('',*,*,#869,.T.);
#869 = EDGE_CURVE('',#861,#870,#872,.T.);
#870 = VERTEX_POINT('',#871);
#871 = CARTESIAN_POINT('',(-152.4,-132.97,72.15));
#872 = LINE('',#873,#874);
#873 = CARTESIAN_POINT('',(-152.4,-132.97,23.85));
#874 = VECTOR('',#875,1.);
#875 = DIRECTION('',(0.,0.,1.));
#876 = ORIENTED_EDGE('',*,*,#877,.T.);
#877 = EDGE_CURVE('',#870,#878,#880,.T.);
#878 = VERTEX_POINT('',#879);
#879 = CARTESIAN_POINT('',(152.4,-132.97,72.15));
#880 = LINE('',#881,#882);
#881 = CARTESIAN_POINT('',(-152.4,-132.97,72.15));
#882 = VECTOR('',#883,1.);
#883 = DIRECTION('',(1.,0.,0.));
#884 = ORIENTED_EDGE('',*,*,#885,.F.);
#885 = EDGE_CURVE('',#886,#878,#888,.T.);
#886 = VERTEX_POINT('',#887);
#887 = CARTESIAN_POINT('',(152.4,-132.97,63.19058808998));
#888 = LINE('',#889,#890);
#889 = CARTESIAN_POINT('',(152.4,-132.97,23.85));
#890 = VECTOR('',#891,1.);
#891 = DIRECTION('',(0.,0.,1.));
#892 = ORIENTED_EDGE('',*,*,#893,.T.);
#893 = EDGE_CURVE('',#886,#894,#896,.T.);
#894 = VERTEX_POINT('',#895);
#895 = CARTESIAN_POINT('',(152.4,-132.97,60.80941191002));
#896 = CIRCLE('',#897,2.2);
#897 = AXIS2_PLACEMENT_3D('',#898,#899,#900);
#898 = CARTESIAN_POINT('',(154.25,-132.97,62.));
#899 = DIRECTION('',(0.,-1.,2.2E-16));
#900 = DIRECTION('',(1.,0.,0.));
#901 = ORIENTED_EDGE('',*,*,#902,.F.);
#902 = EDGE_CURVE('',#903,#894,#905,.T.);
#903 = VERTEX_POINT('',#904);
#904 = CARTESIAN_POINT('',(152.4,-132.97,35.190588089978));
#905 = LINE('',#906,#907);
#906 = CARTESIAN_POINT('',(152.4,-132.97,23.85));
#907 = VECTOR('',#908,1.);
#908 = DIRECTION('',(0.,0.,1.));
#909 = ORIENTED_EDGE('',*,*,#910,.T.);
#910 = EDGE_CURVE('',#903,#811,#911,.T.);
#911 = CIRCLE('',#912,2.2);
#912 = AXIS2_PLACEMENT_3D('',#913,#914,#915);
#913 = CARTESIAN_POINT('',(154.25,-132.97,34.));
#914 = DIRECTION('',(0.,-1.,2.2E-16));
#915 = DIRECTION('',(1.,0.,0.));
#916 = FACE_BOUND('',#917,.T.);
#917 = EDGE_LOOP('',(#918));
#918 = ORIENTED_EDGE('',*,*,#919,.T.);
#919 = EDGE_CURVE('',#920,#920,#922,.T.);
#920 = VERTEX_POINT('',#921);
#921 = CARTESIAN_POINT('',(-86.1,-132.97,28.));
#922 = CIRCLE('',#923,3.9);
#923 = AXIS2_PLACEMENT_3D('',#924,#925,#926);
#924 = CARTESIAN_POINT('',(-90.,-132.97,28.));
#925 = DIRECTION('',(0.,-1.,0.));
#926 = DIRECTION('',(1.,0.,0.));
#927 = FACE_BOUND('',#928,.T.);
#928 = EDGE_LOOP('',(#929));
#929 = ORIENTED_EDGE('',*,*,#930,.T.);
#930 = EDGE_CURVE('',#931,#931,#933,.T.);
#931 = VERTEX_POINT('',#932);
#932 = CARTESIAN_POINT('',(-97.55,-132.97,34.));
#933 = CIRCLE('',#934,2.2);
#934 = AXIS2_PLACEMENT_3D('',#935,#936,#937);
#935 = CARTESIAN_POINT('',(-99.75,-132.97,34.));
#936 = DIRECTION('',(0.,-1.,2.2E-16));
#937 = DIRECTION('',(1.,0.,0.));
#938 = FACE_BOUND('',#939,.T.);
#939 = EDGE_LOOP('',(#940));
#940 = ORIENTED_EDGE('',*,*,#941,.T.);
#941 = EDGE_CURVE('',#942,#942,#944,.T.);
#942 = VERTEX_POINT('',#943);
#943 = CARTESIAN_POINT('',(-140.8,-132.97,44.));
#944 = CIRCLE('',#945,2.2);
#945 = AXIS2_PLACEMENT_3D('',#946,#947,#948);
#946 = CARTESIAN_POINT('',(-143.,-132.97,44.));
#947 = DIRECTION('',(0.,-1.,2.2E-16));
#948 = DIRECTION('',(1.,0.,0.));
#949 = FACE_BOUND('',#950,.T.);
#950 = EDGE_LOOP('',(#951));
#951 = ORIENTED_EDGE('',*,*,#952,.T.);
#952 = EDGE_CURVE('',#953,#953,#955,.T.);
#953 = VERTEX_POINT('',#954);
#954 = CARTESIAN_POINT('',(-108.8,-132.97,44.));
#955 = CIRCLE('',#956,2.2);
#956 = AXIS2_PLACEMENT_3D('',#957,#958,#959);
#957 = CARTESIAN_POINT('',(-111.,-132.97,44.));
#958 = DIRECTION('',(0.,-1.,2.2E-16));
#959 = DIRECTION('',(1.,0.,0.));
#960 = FACE_BOUND('',#961,.T.);
#961 = EDGE_LOOP('',(#962));
#962 = ORIENTED_EDGE('',*,*,#963,.T.);
#963 = EDGE_CURVE('',#964,#964,#966,.T.);
#964 = VERTEX_POINT('',#965);
#965 = CARTESIAN_POINT('',(-84.1,-132.97,40.));
#966 = CIRCLE('',#967,3.9);
#967 = AXIS2_PLACEMENT_3D('',#968,#969,#970);
#968 = CARTESIAN_POINT('',(-88.,-132.97,40.));
#969 = DIRECTION('',(0.,-1.,0.));
#970 = DIRECTION('',(1.,0.,0.));
#971 = FACE_BOUND('',#972,.T.);
#972 = EDGE_LOOP('',(#973));
#973 = ORIENTED_EDGE('',*,*,#974,.T.);
#974 = EDGE_CURVE('',#975,#975,#977,.T.);
#975 = VERTEX_POINT('',#976);
#976 = CARTESIAN_POINT('',(-36.1,-132.97,28.));
#977 = CIRCLE('',#978,3.9);
#978 = AXIS2_PLACEMENT_3D('',#979,#980,#981);
#979 = CARTESIAN_POINT('',(-40.,-132.97,28.));
#980 = DIRECTION('',(0.,-1.,0.));
#981 = DIRECTION('',(1.,0.,0.));
#982 = FACE_BOUND('',#983,.T.);
#983 = EDGE_LOOP('',(#984));
#984 = ORIENTED_EDGE('',*,*,#985,.T.);
#985 = EDGE_CURVE('',#986,#986,#988,.T.);
#986 = VERTEX_POINT('',#987);
#987 = CARTESIAN_POINT('',(-28.1,-132.97,40.));
#988 = CIRCLE('',#989,3.9);
#989 = AXIS2_PLACEMENT_3D('',#990,#991,#992);
#990 = CARTESIAN_POINT('',(-32.,-132.97,40.));
#991 = DIRECTION('',(0.,-1.,0.));
#992 = DIRECTION('',(1.,0.,0.));
#993 = FACE_BOUND('',#994,.T.);
#994 = EDGE_LOOP('',(#995,#1006,#1015,#1024,#1033,#1042,#1051,#1060,
    #1069,#1078,#1087,#1096,#1105));
#995 = ORIENTED_EDGE('',*,*,#996,.T.);
#996 = EDGE_CURVE('',#997,#999,#1001,.T.);
#997 = VERTEX_POINT('',#998);
#998 = CARTESIAN_POINT('',(-113.,-132.97,39.));
#999 = VERTEX_POINT('',#1000);
#1000 = CARTESIAN_POINT('',(-119.6578452186,-132.97,43.717154781315));
#1001 = CIRCLE('',#1002,5.);
#1002 = AXIS2_PLACEMENT_3D('',#1003,#1004,#1005);
#1003 = CARTESIAN_POINT('',(-118.,-132.97,39.));
#1004 = DIRECTION('',(0.,-1.,2.2E-16));
#1005 = DIRECTION('',(1.,0.,0.));
#1006 = ORIENTED_EDGE('',*,*,#1007,.T.);
#1007 = EDGE_CURVE('',#999,#1008,#1010,.T.);
#1008 = VERTEX_POINT('',#1009);
#1009 = CARTESIAN_POINT('',(-118.5,-132.97,48.));
#1010 = CIRCLE('',#1011,8.5);
#1011 = AXIS2_PLACEMENT_3D('',#1012,#1013,#1014);
#1012 = CARTESIAN_POINT('',(-127.,-132.97,48.));
#1013 = DIRECTION('',(0.,-1.,2.2E-16));
#1014 = DIRECTION('',(1.,0.,0.));
#1015 = ORIENTED_EDGE('',*,*,#1016,.T.);
#1016 = EDGE_CURVE('',#1008,#1017,#1019,.T.);
#1017 = VERTEX_POINT('',#1018);
#1018 = CARTESIAN_POINT('',(-119.6578452186,-132.97,52.282845218685));
#1019 = CIRCLE('',#1020,8.5);
#1020 = AXIS2_PLACEMENT_3D('',#1021,#1022,#1023);
#1021 = CARTESIAN_POINT('',(-127.,-132.97,48.));
#1022 = DIRECTION('',(0.,-1.,2.2E-16));
#1023 = DIRECTION('',(1.,0.,0.));
#1024 = ORIENTED_EDGE('',*,*,#1025,.T.);
#1025 = EDGE_CURVE('',#1017,#1026,#1028,.T.);
#1026 = VERTEX_POINT('',#1027);
#1027 = CARTESIAN_POINT('',(-113.,-132.97,57.));
#1028 = CIRCLE('',#1029,5.);
#1029 = AXIS2_PLACEMENT_3D('',#1030,#1031,#1032);
#1030 = CARTESIAN_POINT('',(-118.,-132.97,57.));
#1031 = DIRECTION('',(0.,-1.,2.2E-16));
#1032 = DIRECTION('',(1.,0.,0.));
#1033 = ORIENTED_EDGE('',*,*,#1034,.T.);
#1034 = EDGE_CURVE('',#1026,#1035,#1037,.T.);
#1035 = VERTEX_POINT('',#1036);
#1036 = CARTESIAN_POINT('',(-122.7171547813,-132.97,55.342154781315));
#1037 = CIRCLE('',#1038,5.);
#1038 = AXIS2_PLACEMENT_3D('',#1039,#1040,#1041);
#1039 = CARTESIAN_POINT('',(-118.,-132.97,57.));
#1040 = DIRECTION('',(0.,-1.,2.2E-16));
#1041 = DIRECTION('',(1.,0.,0.));
#1042 = ORIENTED_EDGE('',*,*,#1043,.T.);
#1043 = EDGE_CURVE('',#1035,#1044,#1046,.T.);
#1044 = VERTEX_POINT('',#1045);
#1045 = CARTESIAN_POINT('',(-131.2828452186,-132.97,55.342154781315));
#1046 = CIRCLE('',#1047,8.5);
#1047 = AXIS2_PLACEMENT_3D('',#1048,#1049,#1050);
#1048 = CARTESIAN_POINT('',(-127.,-132.97,48.));
#1049 = DIRECTION('',(0.,-1.,2.2E-16));
#1050 = DIRECTION('',(1.,0.,0.));
#1051 = ORIENTED_EDGE('',*,*,#1052,.T.);
#1052 = EDGE_CURVE('',#1044,#1053,#1055,.T.);
#1053 = VERTEX_POINT('',#1054);
#1054 = CARTESIAN_POINT('',(-131.,-132.97,57.));
#1055 = CIRCLE('',#1056,5.);
#1056 = AXIS2_PLACEMENT_3D('',#1057,#1058,#1059);
#1057 = CARTESIAN_POINT('',(-136.,-132.97,57.));
#1058 = DIRECTION('',(0.,-1.,2.2E-16));
#1059 = DIRECTION('',(1.,0.,0.));
#1060 = ORIENTED_EDGE('',*,*,#1061,.T.);
#1061 = EDGE_CURVE('',#1053,#1062,#1064,.T.);
#1062 = VERTEX_POINT('',#1063);
#1063 = CARTESIAN_POINT('',(-134.3421547813,-132.97,52.282845218685));
#1064 = CIRCLE('',#1065,5.);
#1065 = AXIS2_PLACEMENT_3D('',#1066,#1067,#1068);
#1066 = CARTESIAN_POINT('',(-136.,-132.97,57.));
#1067 = DIRECTION('',(0.,-1.,2.2E-16));
#1068 = DIRECTION('',(1.,0.,0.));
#1069 = ORIENTED_EDGE('',*,*,#1070,.T.);
#1070 = EDGE_CURVE('',#1062,#1071,#1073,.T.);
#1071 = VERTEX_POINT('',#1072);
#1072 = CARTESIAN_POINT('',(-134.3421547813,-132.97,43.717154781315));
#1073 = CIRCLE('',#1074,8.5);
#1074 = AXIS2_PLACEMENT_3D('',#1075,#1076,#1077);
#1075 = CARTESIAN_POINT('',(-127.,-132.97,48.));
#1076 = DIRECTION('',(0.,-1.,2.2E-16));
#1077 = DIRECTION('',(1.,0.,0.));
#1078 = ORIENTED_EDGE('',*,*,#1079,.T.);
#1079 = EDGE_CURVE('',#1071,#1080,#1082,.T.);
#1080 = VERTEX_POINT('',#1081);
#1081 = CARTESIAN_POINT('',(-131.,-132.97,39.));
#1082 = CIRCLE('',#1083,5.);
#1083 = AXIS2_PLACEMENT_3D('',#1084,#1085,#1086);
#1084 = CARTESIAN_POINT('',(-136.,-132.97,39.));
#1085 = DIRECTION('',(0.,-1.,2.2E-16));
#1086 = DIRECTION('',(1.,0.,0.));
#1087 = ORIENTED_EDGE('',*,*,#1088,.T.);
#1088 = EDGE_CURVE('',#1080,#1089,#1091,.T.);
#1089 = VERTEX_POINT('',#1090);
#1090 = CARTESIAN_POINT('',(-131.2828452186,-132.97,40.657845218685));
#1091 = CIRCLE('',#1092,5.);
#1092 = AXIS2_PLACEMENT_3D('',#1093,#1094,#1095);
#1093 = CARTESIAN_POINT('',(-136.,-132.97,39.));
#1094 = DIRECTION('',(0.,-1.,2.2E-16));
#1095 = DIRECTION('',(1.,0.,0.));
#1096 = ORIENTED_EDGE('',*,*,#1097,.T.);
#1097 = EDGE_CURVE('',#1089,#1098,#1100,.T.);
#1098 = VERTEX_POINT('',#1099);
#1099 = CARTESIAN_POINT('',(-122.7171547813,-132.97,40.657845218685));
#1100 = CIRCLE('',#1101,8.5);
#1101 = AXIS2_PLACEMENT_3D('',#1102,#1103,#1104);
#1102 = CARTESIAN_POINT('',(-127.,-132.97,48.));
#1103 = DIRECTION('',(0.,-1.,2.2E-16));
#1104 = DIRECTION('',(1.,0.,0.));
#1105 = ORIENTED_EDGE('',*,*,#1106,.T.);
#1106 = EDGE_CURVE('',#1098,#997,#1107,.T.);
#1107 = CIRCLE('',#1108,5.);
#1108 = AXIS2_PLACEMENT_3D('',#1109,#1110,#1111);
#1109 = CARTESIAN_POINT('',(-118.,-132.97,39.));
#1110 = DIRECTION('',(0.,-1.,2.2E-16));
#1111 = DIRECTION('',(1.,0.,0.));
#1112 = FACE_BOUND('',#1113,.T.);
#1113 = EDGE_LOOP('',(#1114));
#1114 = ORIENTED_EDGE('',*,*,#1115,.T.);
#1115 = EDGE_CURVE('',#1116,#1116,#1118,.T.);
#1116 = VERTEX_POINT('',#1117);
#1117 = CARTESIAN_POINT('',(-140.8,-132.97,52.));
#1118 = CIRCLE('',#1119,2.2);
#1119 = AXIS2_PLACEMENT_3D('',#1120,#1121,#1122);
#1120 = CARTESIAN_POINT('',(-143.,-132.97,52.));
#1121 = DIRECTION('',(0.,-1.,2.2E-16));
#1122 = DIRECTION('',(1.,0.,0.));
#1123 = FACE_BOUND('',#1124,.T.);
#1124 = EDGE_LOOP('',(#1125));
#1125 = ORIENTED_EDGE('',*,*,#1126,.T.);
#1126 = EDGE_CURVE('',#1127,#1127,#1129,.T.);
#1127 = VERTEX_POINT('',#1128);
#1128 = CARTESIAN_POINT('',(-108.8,-132.97,52.));
#1129 = CIRCLE('',#1130,2.2);
#1130 = AXIS2_PLACEMENT_3D('',#1131,#1132,#1133);
#1131 = CARTESIAN_POINT('',(-111.,-132.97,52.));
#1132 = DIRECTION('',(0.,-1.,2.2E-16));
#1133 = DIRECTION('',(1.,0.,0.));
#1134 = FACE_BOUND('',#1135,.T.);
#1135 = EDGE_LOOP('',(#1136));
#1136 = ORIENTED_EDGE('',*,*,#1137,.T.);
#1137 = EDGE_CURVE('',#1138,#1138,#1140,.T.);
#1138 = VERTEX_POINT('',#1139);
#1139 = CARTESIAN_POINT('',(-97.55,-132.97,62.));
#1140 = CIRCLE('',#1141,2.2);
#1141 = AXIS2_PLACEMENT_3D('',#1142,#1143,#1144);
#1142 = CARTESIAN_POINT('',(-99.75,-132.97,62.));
#1143 = DIRECTION('',(0.,-1.,2.2E-16));
#1144 = DIRECTION('',(1.,0.,0.));
#1145 = FACE_BOUND('',#1146,.T.);
#1146 = EDGE_LOOP('',(#1147));
#1147 = ORIENTED_EDGE('',*,*,#1148,.T.);
#1148 = EDGE_CURVE('',#1149,#1149,#1151,.T.);
#1149 = VERTEX_POINT('',#1150);
#1150 = CARTESIAN_POINT('',(-56.1,-132.97,52.));
#1151 = CIRCLE('',#1152,3.9);
#1152 = AXIS2_PLACEMENT_3D('',#1153,#1154,#1155);
#1153 = CARTESIAN_POINT('',(-60.,-132.97,52.));
#1154 = DIRECTION('',(0.,-1.,0.));
#1155 = DIRECTION('',(1.,0.,0.));
#1156 = FACE_BOUND('',#1157,.T.);
#1157 = EDGE_LOOP('',(#1158));
#1158 = ORIENTED_EDGE('',*,*,#1159,.T.);
#1159 = EDGE_CURVE('',#1160,#1160,#1162,.T.);
#1160 = VERTEX_POINT('',#1161);
#1161 = CARTESIAN_POINT('',(-16.1,-132.97,52.));
#1162 = CIRCLE('',#1163,3.9);
#1163 = AXIS2_PLACEMENT_3D('',#1164,#1165,#1166);
#1164 = CARTESIAN_POINT('',(-20.,-132.97,52.));
#1165 = DIRECTION('',(0.,-1.,0.));
#1166 = DIRECTION('',(1.,0.,0.));
#1167 = FACE_BOUND('',#1168,.T.);
#1168 = EDGE_LOOP('',(#1169));
#1169 = ORIENTED_EDGE('',*,*,#1170,.T.);
#1170 = EDGE_CURVE('',#1171,#1171,#1173,.T.);
#1171 = VERTEX_POINT('',#1172);
#1172 = CARTESIAN_POINT('',(43.9,-132.97,28.));
#1173 = CIRCLE('',#1174,3.9);
#1174 = AXIS2_PLACEMENT_3D('',#1175,#1176,#1177);
#1175 = CARTESIAN_POINT('',(40.,-132.97,28.));
#1176 = DIRECTION('',(0.,-1.,0.));
#1177 = DIRECTION('',(1.,0.,0.));
#1178 = FACE_BOUND('',#1179,.T.);
#1179 = EDGE_LOOP('',(#1180));
#1180 = ORIENTED_EDGE('',*,*,#1181,.T.);
#1181 = EDGE_CURVE('',#1182,#1182,#1184,.T.);
#1182 = VERTEX_POINT('',#1183);
#1183 = CARTESIAN_POINT('',(35.9,-132.97,40.));
#1184 = CIRCLE('',#1185,3.9);
#1185 = AXIS2_PLACEMENT_3D('',#1186,#1187,#1188);
#1186 = CARTESIAN_POINT('',(32.,-132.97,40.));
#1187 = DIRECTION('',(0.,-1.,0.));
#1188 = DIRECTION('',(1.,0.,0.));
#1189 = FACE_BOUND('',#1190,.T.);
#1190 = EDGE_LOOP('',(#1191));
#1191 = ORIENTED_EDGE('',*,*,#1192,.T.);
#1192 = EDGE_CURVE('',#1193,#1193,#1195,.T.);
#1193 = VERTEX_POINT('',#1194);
#1194 = CARTESIAN_POINT('',(93.9,-132.97,28.));
#1195 = CIRCLE('',#1196,3.9);
#1196 = AXIS2_PLACEMENT_3D('',#1197,#1198,#1199);
#1197 = CARTESIAN_POINT('',(90.,-132.97,28.));
#1198 = DIRECTION('',(0.,-1.,0.));
#1199 = DIRECTION('',(1.,0.,0.));
#1200 = FACE_BOUND('',#1201,.T.);
#1201 = EDGE_LOOP('',(#1202));
#1202 = ORIENTED_EDGE('',*,*,#1203,.T.);
#1203 = EDGE_CURVE('',#1204,#1204,#1206,.T.);
#1204 = VERTEX_POINT('',#1205);
#1205 = CARTESIAN_POINT('',(101.95,-132.97,34.));
#1206 = CIRCLE('',#1207,2.2);
#1207 = AXIS2_PLACEMENT_3D('',#1208,#1209,#1210);
#1208 = CARTESIAN_POINT('',(99.75,-132.97,34.));
#1209 = DIRECTION('',(0.,-1.,2.2E-16));
#1210 = DIRECTION('',(1.,0.,0.));
#1211 = FACE_BOUND('',#1212,.T.);
#1212 = EDGE_LOOP('',(#1213));
#1213 = ORIENTED_EDGE('',*,*,#1214,.T.);
#1214 = EDGE_CURVE('',#1215,#1215,#1217,.T.);
#1215 = VERTEX_POINT('',#1216);
#1216 = CARTESIAN_POINT('',(91.9,-132.97,40.));
#1217 = CIRCLE('',#1218,3.9);
#1218 = AXIS2_PLACEMENT_3D('',#1219,#1220,#1221);
#1219 = CARTESIAN_POINT('',(88.,-132.97,40.));
#1220 = DIRECTION('',(0.,-1.,0.));
#1221 = DIRECTION('',(1.,0.,0.));
#1222 = FACE_BOUND('',#1223,.T.);
#1223 = EDGE_LOOP('',(#1224));
#1224 = ORIENTED_EDGE('',*,*,#1225,.T.);
#1225 = EDGE_CURVE('',#1226,#1226,#1228,.T.);
#1226 = VERTEX_POINT('',#1227);
#1227 = CARTESIAN_POINT('',(113.2,-132.97,44.));
#1228 = CIRCLE('',#1229,2.2);
#1229 = AXIS2_PLACEMENT_3D('',#1230,#1231,#1232);
#1230 = CARTESIAN_POINT('',(111.,-132.97,44.));
#1231 = DIRECTION('',(0.,-1.,2.2E-16));
#1232 = DIRECTION('',(1.,0.,0.));
#1233 = FACE_BOUND('',#1234,.T.);
#1234 = EDGE_LOOP('',(#1235));
#1235 = ORIENTED_EDGE('',*,*,#1236,.T.);
#1236 = EDGE_CURVE('',#1237,#1237,#1239,.T.);
#1237 = VERTEX_POINT('',#1238);
#1238 = CARTESIAN_POINT('',(145.2,-132.97,44.));
#1239 = CIRCLE('',#1240,2.2);
#1240 = AXIS2_PLACEMENT_3D('',#1241,#1242,#1243);
#1241 = CARTESIAN_POINT('',(143.,-132.97,44.));
#1242 = DIRECTION('',(0.,-1.,2.2E-16));
#1243 = DIRECTION('',(1.,0.,0.));
#1244 = FACE_BOUND('',#1245,.T.);
#1245 = EDGE_LOOP('',(#1246));
#1246 = ORIENTED_EDGE('',*,*,#1247,.T.);
#1247 = EDGE_CURVE('',#1248,#1248,#1250,.T.);
#1248 = VERTEX_POINT('',#1249);
#1249 = CARTESIAN_POINT('',(23.9,-132.97,52.));
#1250 = CIRCLE('',#1251,3.9);
#1251 = AXIS2_PLACEMENT_3D('',#1252,#1253,#1254);
#1252 = CARTESIAN_POINT('',(20.,-132.97,52.));
#1253 = DIRECTION('',(0.,-1.,0.));
#1254 = DIRECTION('',(1.,0.,0.));
#1255 = FACE_BOUND('',#1256,.T.);
#1256 = EDGE_LOOP('',(#1257));
#1257 = ORIENTED_EDGE('',*,*,#1258,.T.);
#1258 = EDGE_CURVE('',#1259,#1259,#1261,.T.);
#1259 = VERTEX_POINT('',#1260);
#1260 = CARTESIAN_POINT('',(63.9,-132.97,52.));
#1261 = CIRCLE('',#1262,3.9);
#1262 = AXIS2_PLACEMENT_3D('',#1263,#1264,#1265);
#1263 = CARTESIAN_POINT('',(60.,-132.97,52.));
#1264 = DIRECTION('',(0.,-1.,0.));
#1265 = DIRECTION('',(1.,0.,0.));
#1266 = FACE_BOUND('',#1267,.T.);
#1267 = EDGE_LOOP('',(#1268,#1279,#1288,#1297,#1306,#1315,#1324,#1333,
    #1342,#1351,#1360,#1369,#1378));
#1268 = ORIENTED_EDGE('',*,*,#1269,.T.);
#1269 = EDGE_CURVE('',#1270,#1272,#1274,.T.);
#1270 = VERTEX_POINT('',#1271);
#1271 = CARTESIAN_POINT('',(141.,-132.97,39.));
#1272 = VERTEX_POINT('',#1273);
#1273 = CARTESIAN_POINT('',(134.34215478131,-132.97,43.717154781315));
#1274 = CIRCLE('',#1275,5.);
#1275 = AXIS2_PLACEMENT_3D('',#1276,#1277,#1278);
#1276 = CARTESIAN_POINT('',(136.,-132.97,39.));
#1277 = DIRECTION('',(0.,-1.,2.2E-16));
#1278 = DIRECTION('',(1.,0.,0.));
#1279 = ORIENTED_EDGE('',*,*,#1280,.T.);
#1280 = EDGE_CURVE('',#1272,#1281,#1283,.T.);
#1281 = VERTEX_POINT('',#1282);
#1282 = CARTESIAN_POINT('',(135.5,-132.97,48.));
#1283 = CIRCLE('',#1284,8.5);
#1284 = AXIS2_PLACEMENT_3D('',#1285,#1286,#1287);
#1285 = CARTESIAN_POINT('',(127.,-132.97,48.));
#1286 = DIRECTION('',(0.,-1.,2.2E-16));
#1287 = DIRECTION('',(1.,0.,0.));
#1288 = ORIENTED_EDGE('',*,*,#1289,.T.);
#1289 = EDGE_CURVE('',#1281,#1290,#1292,.T.);
#1290 = VERTEX_POINT('',#1291);
#1291 = CARTESIAN_POINT('',(134.34215478131,-132.97,52.282845218685));
#1292 = CIRCLE('',#1293,8.5);
#1293 = AXIS2_PLACEMENT_3D('',#1294,#1295,#1296);
#1294 = CARTESIAN_POINT('',(127.,-132.97,48.));
#1295 = DIRECTION('',(0.,-1.,2.2E-16));
#1296 = DIRECTION('',(1.,0.,0.));
#1297 = ORIENTED_EDGE('',*,*,#1298,.T.);
#1298 = EDGE_CURVE('',#1290,#1299,#1301,.T.);
#1299 = VERTEX_POINT('',#1300);
#1300 = CARTESIAN_POINT('',(141.,-132.97,57.));
#1301 = CIRCLE('',#1302,5.);
#1302 = AXIS2_PLACEMENT_3D('',#1303,#1304,#1305);
#1303 = CARTESIAN_POINT('',(136.,-132.97,57.));
#1304 = DIRECTION('',(0.,-1.,2.2E-16));
#1305 = DIRECTION('',(1.,0.,0.));
#1306 = ORIENTED_EDGE('',*,*,#1307,.T.);
#1307 = EDGE_CURVE('',#1299,#1308,#1310,.T.);
#1308 = VERTEX_POINT('',#1309);
#1309 = CARTESIAN_POINT('',(131.28284521868,-132.97,55.342154781315));
#1310 = CIRCLE('',#1311,5.);
#1311 = AXIS2_PLACEMENT_3D('',#1312,#1313,#1314);
#1312 = CARTESIAN_POINT('',(136.,-132.97,57.));
#1313 = DIRECTION('',(0.,-1.,2.2E-16));
#1314 = DIRECTION('',(1.,0.,0.));
#1315 = ORIENTED_EDGE('',*,*,#1316,.T.);
#1316 = EDGE_CURVE('',#1308,#1317,#1319,.T.);
#1317 = VERTEX_POINT('',#1318);
#1318 = CARTESIAN_POINT('',(122.71715478131,-132.97,55.342154781315));
#1319 = CIRCLE('',#1320,8.5);
#1320 = AXIS2_PLACEMENT_3D('',#1321,#1322,#1323);
#1321 = CARTESIAN_POINT('',(127.,-132.97,48.));
#1322 = DIRECTION('',(0.,-1.,2.2E-16));
#1323 = DIRECTION('',(1.,0.,0.));
#1324 = ORIENTED_EDGE('',*,*,#1325,.T.);
#1325 = EDGE_CURVE('',#1317,#1326,#1328,.T.);
#1326 = VERTEX_POINT('',#1327);
#1327 = CARTESIAN_POINT('',(123.,-132.97,57.));
#1328 = CIRCLE('',#1329,5.);
#1329 = AXIS2_PLACEMENT_3D('',#1330,#1331,#1332);
#1330 = CARTESIAN_POINT('',(118.,-132.97,57.));
#1331 = DIRECTION('',(0.,-1.,2.2E-16));
#1332 = DIRECTION('',(1.,0.,0.));
#1333 = ORIENTED_EDGE('',*,*,#1334,.T.);
#1334 = EDGE_CURVE('',#1326,#1335,#1337,.T.);
#1335 = VERTEX_POINT('',#1336);
#1336 = CARTESIAN_POINT('',(119.65784521868,-132.97,52.282845218685));
#1337 = CIRCLE('',#1338,5.);
#1338 = AXIS2_PLACEMENT_3D('',#1339,#1340,#1341);
#1339 = CARTESIAN_POINT('',(118.,-132.97,57.));
#1340 = DIRECTION('',(0.,-1.,2.2E-16));
#1341 = DIRECTION('',(1.,0.,0.));
#1342 = ORIENTED_EDGE('',*,*,#1343,.T.);
#1343 = EDGE_CURVE('',#1335,#1344,#1346,.T.);
#1344 = VERTEX_POINT('',#1345);
#1345 = CARTESIAN_POINT('',(119.65784521868,-132.97,43.717154781315));
#1346 = CIRCLE('',#1347,8.5);
#1347 = AXIS2_PLACEMENT_3D('',#1348,#1349,#1350);
#1348 = CARTESIAN_POINT('',(127.,-132.97,48.));
#1349 = DIRECTION('',(0.,-1.,2.2E-16));
#1350 = DIRECTION('',(1.,0.,0.));
#1351 = ORIENTED_EDGE('',*,*,#1352,.T.);
#1352 = EDGE_CURVE('',#1344,#1353,#1355,.T.);
#1353 = VERTEX_POINT('',#1354);
#1354 = CARTESIAN_POINT('',(123.,-132.97,39.));
#1355 = CIRCLE('',#1356,5.);
#1356 = AXIS2_PLACEMENT_3D('',#1357,#1358,#1359);
#1357 = CARTESIAN_POINT('',(118.,-132.97,39.));
#1358 = DIRECTION('',(0.,-1.,2.2E-16));
#1359 = DIRECTION('',(1.,0.,0.));
#1360 = ORIENTED_EDGE('',*,*,#1361,.T.);
#1361 = EDGE_CURVE('',#1353,#1362,#1364,.T.);
#1362 = VERTEX_POINT('',#1363);
#1363 = CARTESIAN_POINT('',(122.71715478131,-132.97,40.657845218685));
#1364 = CIRCLE('',#1365,5.);
#1365 = AXIS2_PLACEMENT_3D('',#1366,#1367,#1368);
#1366 = CARTESIAN_POINT('',(118.,-132.97,39.));
#1367 = DIRECTION('',(0.,-1.,2.2E-16));
#1368 = DIRECTION('',(1.,0.,0.));
#1369 = ORIENTED_EDGE('',*,*,#1370,.T.);
#1370 = EDGE_CURVE('',#1362,#1371,#1373,.T.);
#1371 = VERTEX_POINT('',#1372);
#1372 = CARTESIAN_POINT('',(131.28284521868,-132.97,40.657845218685));
#1373 = CIRCLE('',#1374,8.5);
#1374 = AXIS2_PLACEMENT_3D('',#1375,#1376,#1377);
#1375 = CARTESIAN_POINT('',(127.,-132.97,48.));
#1376 = DIRECTION('',(0.,-1.,2.2E-16));
#1377 = DIRECTION('',(1.,0.,0.));
#1378 = ORIENTED_EDGE('',*,*,#1379,.T.);
#1379 = EDGE_CURVE('',#1371,#1270,#1380,.T.);
#1380 = CIRCLE('',#1381,5.);
#1381 = AXIS2_PLACEMENT_3D('',#1382,#1383,#1384);
#1382 = CARTESIAN_POINT('',(136.,-132.97,39.));
#1383 = DIRECTION('',(0.,-1.,2.2E-16));
#1384 = DIRECTION('',(1.,0.,0.));
#1385 = FACE_BOUND('',#1386,.T.);
#1386 = EDGE_LOOP('',(#1387));
#1387 = ORIENTED_EDGE('',*,*,#1388,.T.);
#1388 = EDGE_CURVE('',#1389,#1389,#1391,.T.);
#1389 = VERTEX_POINT('',#1390);
#1390 = CARTESIAN_POINT('',(113.2,-132.97,52.));
#1391 = CIRCLE('',#1392,2.2);
#1392 = AXIS2_PLACEMENT_3D('',#1393,#1394,#1395);
#1393 = CARTESIAN_POINT('',(111.,-132.97,52.));
#1394 = DIRECTION('',(0.,-1.,2.2E-16));
#1395 = DIRECTION('',(1.,0.,0.));
#1396 = FACE_BOUND('',#1397,.T.);
#1397 = EDGE_LOOP('',(#1398));
#1398 = ORIENTED_EDGE('',*,*,#1399,.T.);
#1399 = EDGE_CURVE('',#1400,#1400,#1402,.T.);
#1400 = VERTEX_POINT('',#1401);
#1401 = CARTESIAN_POINT('',(145.2,-132.97,52.));
#1402 = CIRCLE('',#1403,2.2);
#1403 = AXIS2_PLACEMENT_3D('',#1404,#1405,#1406);
#1404 = CARTESIAN_POINT('',(143.,-132.97,52.));
#1405 = DIRECTION('',(0.,-1.,2.2E-16));
#1406 = DIRECTION('',(1.,0.,0.));
#1407 = FACE_BOUND('',#1408,.T.);
#1408 = EDGE_LOOP('',(#1409));
#1409 = ORIENTED_EDGE('',*,*,#1410,.T.);
#1410 = EDGE_CURVE('',#1411,#1411,#1413,.T.);
#1411 = VERTEX_POINT('',#1412);
#1412 = CARTESIAN_POINT('',(101.95,-132.97,62.));
#1413 = CIRCLE('',#1414,2.2);
#1414 = AXIS2_PLACEMENT_3D('',#1415,#1416,#1417);
#1415 = CARTESIAN_POINT('',(99.75,-132.97,62.));
#1416 = DIRECTION('',(0.,-1.,2.2E-16));
#1417 = DIRECTION('',(1.,0.,0.));
#1418 = PLANE('',#1419);
#1419 = AXIS2_PLACEMENT_3D('',#1420,#1421,#1422);
#1420 = CARTESIAN_POINT('',(-152.4,-132.97,23.85));
#1421 = DIRECTION('',(0.,1.,0.));
#1422 = DIRECTION('',(0.,0.,1.));
#1423 = ADVANCED_FACE('',(#1424),#1435,.F.);
#1424 = FACE_BOUND('',#1425,.F.);
#1425 = EDGE_LOOP('',(#1426,#1427,#1428,#1434));
#1426 = ORIENTED_EDGE('',*,*,#31,.F.);
#1427 = ORIENTED_EDGE('',*,*,#71,.T.);
#1428 = ORIENTED_EDGE('',*,*,#1429,.T.);
#1429 = EDGE_CURVE('',#62,#809,#1430,.T.);
#1430 = LINE('',#1431,#1432);
#1431 = CARTESIAN_POINT('',(152.4,-136.02,23.85));
#1432 = VECTOR('',#1433,1.);
#1433 = DIRECTION('',(0.,1.,0.));
#1434 = ORIENTED_EDGE('',*,*,#818,.F.);
#1435 = PLANE('',#1436);
#1436 = AXIS2_PLACEMENT_3D('',#1437,#1438,#1439);
#1437 = CARTESIAN_POINT('',(-152.4,-136.02,23.85));
#1438 = DIRECTION('',(0.,0.,1.));
#1439 = DIRECTION('',(1.,0.,0.));
#1440 = ADVANCED_FACE('',(#1441),#1452,.T.);
#1441 = FACE_BOUND('',#1442,.T.);
#1442 = EDGE_LOOP('',(#1443,#1444,#1445,#1446));
#1443 = ORIENTED_EDGE('',*,*,#61,.F.);
#1444 = ORIENTED_EDGE('',*,*,#1429,.T.);
#1445 = ORIENTED_EDGE('',*,*,#808,.T.);
#1446 = ORIENTED_EDGE('',*,*,#1447,.T.);
#1447 = EDGE_CURVE('',#811,#64,#1448,.T.);
#1448 = LINE('',#1449,#1450);
#1449 = CARTESIAN_POINT('',(152.4,-137.02,32.809411910021));
#1450 = VECTOR('',#1451,1.);
#1451 = DIRECTION('',(0.,-1.,2.2E-16));
#1452 = PLANE('',#1453);
#1453 = AXIS2_PLACEMENT_3D('',#1454,#1455,#1456);
#1454 = CARTESIAN_POINT('',(152.4,-136.02,23.85));
#1455 = DIRECTION('',(1.,0.,0.));
#1456 = DIRECTION('',(0.,0.,1.));
#1457 = ADVANCED_FACE('',(#1458),#1469,.F.);
#1458 = FACE_BOUND('',#1459,.T.);
#1459 = EDGE_LOOP('',(#1460,#1461,#1462,#1468));
#1460 = ORIENTED_EDGE('',*,*,#1447,.F.);
#1461 = ORIENTED_EDGE('',*,*,#910,.F.);
#1462 = ORIENTED_EDGE('',*,*,#1463,.T.);
#1463 = EDGE_CURVE('',#903,#156,#1464,.T.);
#1464 = LINE('',#1465,#1466);
#1465 = CARTESIAN_POINT('',(152.4,-137.02,35.190588089979));
#1466 = VECTOR('',#1467,1.);
#1467 = DIRECTION('',(0.,-1.,2.2E-16));
#1468 = ORIENTED_EDGE('',*,*,#163,.T.);
#1469 = CYLINDRICAL_SURFACE('',#1470,2.2);
#1470 = AXIS2_PLACEMENT_3D('',#1471,#1472,#1473);
#1471 = CARTESIAN_POINT('',(154.25,-137.02,34.));
#1472 = DIRECTION('',(-0.,-1.,0.));
#1473 = DIRECTION('',(1.,0.,0.));
#1474 = ADVANCED_FACE('',(#1475),#1486,.T.);
#1475 = FACE_BOUND('',#1476,.T.);
#1476 = EDGE_LOOP('',(#1477,#1478,#1479,#1480));
#1477 = ORIENTED_EDGE('',*,*,#155,.F.);
#1478 = ORIENTED_EDGE('',*,*,#1463,.F.);
#1479 = ORIENTED_EDGE('',*,*,#902,.T.);
#1480 = ORIENTED_EDGE('',*,*,#1481,.T.);
#1481 = EDGE_CURVE('',#894,#147,#1482,.T.);
#1482 = LINE('',#1483,#1484);
#1483 = CARTESIAN_POINT('',(152.4,-137.02,60.809411910021));
#1484 = VECTOR('',#1485,1.);
#1485 = DIRECTION('',(0.,-1.,2.2E-16));
#1486 = PLANE('',#1487);
#1487 = AXIS2_PLACEMENT_3D('',#1488,#1489,#1490);
#1488 = CARTESIAN_POINT('',(152.4,-136.02,23.85));
#1489 = DIRECTION('',(1.,0.,0.));
#1490 = DIRECTION('',(0.,0.,1.));
#1491 = ADVANCED_FACE('',(#1492),#1503,.F.);
#1492 = FACE_BOUND('',#1493,.T.);
#1493 = EDGE_LOOP('',(#1494,#1495,#1496,#1502));
#1494 = ORIENTED_EDGE('',*,*,#1481,.F.);
#1495 = ORIENTED_EDGE('',*,*,#893,.F.);
#1496 = ORIENTED_EDGE('',*,*,#1497,.T.);
#1497 = EDGE_CURVE('',#886,#139,#1498,.T.);
#1498 = LINE('',#1499,#1500);
#1499 = CARTESIAN_POINT('',(152.4,-137.02,63.190588089979));
#1500 = VECTOR('',#1501,1.);
#1501 = DIRECTION('',(0.,-1.,2.2E-16));
#1502 = ORIENTED_EDGE('',*,*,#146,.T.);
#1503 = CYLINDRICAL_SURFACE('',#1504,2.2);
#1504 = AXIS2_PLACEMENT_3D('',#1505,#1506,#1507);
#1505 = CARTESIAN_POINT('',(154.25,-137.02,62.));
#1506 = DIRECTION('',(-0.,-1.,0.));
#1507 = DIRECTION('',(1.,0.,0.));
#1508 = ADVANCED_FACE('',(#1509),#1520,.T.);
#1509 = FACE_BOUND('',#1510,.T.);
#1510 = EDGE_LOOP('',(#1511,#1512,#1513,#1514));
#1511 = ORIENTED_EDGE('',*,*,#138,.F.);
#1512 = ORIENTED_EDGE('',*,*,#1497,.F.);
#1513 = ORIENTED_EDGE('',*,*,#885,.T.);
#1514 = ORIENTED_EDGE('',*,*,#1515,.F.);
#1515 = EDGE_CURVE('',#131,#878,#1516,.T.);
#1516 = LINE('',#1517,#1518);
#1517 = CARTESIAN_POINT('',(152.4,-136.02,72.15));
#1518 = VECTOR('',#1519,1.);
#1519 = DIRECTION('',(0.,1.,0.));
#1520 = PLANE('',#1521);
#1521 = AXIS2_PLACEMENT_3D('',#1522,#1523,#1524);
#1522 = CARTESIAN_POINT('',(152.4,-136.02,23.85));
#1523 = DIRECTION('',(1.,0.,0.));
#1524 = DIRECTION('',(0.,0.,1.));
#1525 = ADVANCED_FACE('',(#1526),#1537,.T.);
#1526 = FACE_BOUND('',#1527,.T.);
#1527 = EDGE_LOOP('',(#1528,#1534,#1535,#1536));
#1528 = ORIENTED_EDGE('',*,*,#1529,.F.);
#1529 = EDGE_CURVE('',#123,#870,#1530,.T.);
#1530 = LINE('',#1531,#1532);
#1531 = CARTESIAN_POINT('',(-152.4,-136.02,72.15));
#1532 = VECTOR('',#1533,1.);
#1533 = DIRECTION('',(0.,1.,0.));
#1534 = ORIENTED_EDGE('',*,*,#130,.T.);
#1535 = ORIENTED_EDGE('',*,*,#1515,.T.);
#1536 = ORIENTED_EDGE('',*,*,#877,.F.);
#1537 = PLANE('',#1538);
#1538 = AXIS2_PLACEMENT_3D('',#1539,#1540,#1541);
#1539 = CARTESIAN_POINT('',(-152.4,-136.02,72.15));
#1540 = DIRECTION('',(0.,0.,1.));
#1541 = DIRECTION('',(1.,0.,0.));
#1542 = ADVANCED_FACE('',(#1543),#1554,.F.);
#1543 = FACE_BOUND('',#1544,.F.);
#1544 = EDGE_LOOP('',(#1545,#1546,#1552,#1553));
#1545 = ORIENTED_EDGE('',*,*,#122,.F.);
#1546 = ORIENTED_EDGE('',*,*,#1547,.F.);
#1547 = EDGE_CURVE('',#861,#114,#1548,.T.);
#1548 = LINE('',#1549,#1550);
#1549 = CARTESIAN_POINT('',(-152.4,-137.02,63.190588089979));
#1550 = VECTOR('',#1551,1.);
#1551 = DIRECTION('',(0.,-1.,2.2E-16));
#1552 = ORIENTED_EDGE('',*,*,#869,.T.);
#1553 = ORIENTED_EDGE('',*,*,#1529,.F.);
#1554 = PLANE('',#1555);
#1555 = AXIS2_PLACEMENT_3D('',#1556,#1557,#1558);
#1556 = CARTESIAN_POINT('',(-152.4,-136.02,23.85));
#1557 = DIRECTION('',(1.,0.,0.));
#1558 = DIRECTION('',(0.,0.,1.));
#1559 = ADVANCED_FACE('',(#1560),#1576,.F.);
#1560 = FACE_BOUND('',#1561,.F.);
#1561 = EDGE_LOOP('',(#1562,#1563,#1569,#1570));
#1562 = ORIENTED_EDGE('',*,*,#96,.F.);
#1563 = ORIENTED_EDGE('',*,*,#1564,.F.);
#1564 = EDGE_CURVE('',#835,#88,#1565,.T.);
#1565 = LINE('',#1566,#1567);
#1566 = CARTESIAN_POINT('',(-152.4,-137.02,35.190588089979));
#1567 = VECTOR('',#1568,1.);
#1568 = DIRECTION('',(0.,-1.,2.2E-16));
#1569 = ORIENTED_EDGE('',*,*,#843,.T.);
#1570 = ORIENTED_EDGE('',*,*,#1571,.T.);
#1571 = EDGE_CURVE('',#844,#97,#1572,.T.);
#1572 = LINE('',#1573,#1574);
#1573 = CARTESIAN_POINT('',(-152.4,-137.02,60.809411910021));
#1574 = VECTOR('',#1575,1.);
#1575 = DIRECTION('',(0.,-1.,2.2E-16));
#1576 = PLANE('',#1577);
#1577 = AXIS2_PLACEMENT_3D('',#1578,#1579,#1580);
#1578 = CARTESIAN_POINT('',(-152.4,-136.02,23.85));
#1579 = DIRECTION('',(1.,0.,0.));
#1580 = DIRECTION('',(0.,0.,1.));
#1581 = ADVANCED_FACE('',(#1582),#1601,.F.);
#1582 = FACE_BOUND('',#1583,.T.);
#1583 = EDGE_LOOP('',(#1584,#1585,#1593,#1600));
#1584 = ORIENTED_EDGE('',*,*,#172,.T.);
#1585 = ORIENTED_EDGE('',*,*,#1586,.T.);
#1586 = EDGE_CURVE('',#173,#1587,#1589,.T.);
#1587 = VERTEX_POINT('',#1588);
#1588 = CARTESIAN_POINT('',(-87.8,-134.97,28.));
#1589 = LINE('',#1590,#1591);
#1590 = CARTESIAN_POINT('',(-87.8,-137.02,28.));
#1591 = VECTOR('',#1592,1.);
#1592 = DIRECTION('',(0.,1.,0.));
#1593 = ORIENTED_EDGE('',*,*,#1594,.F.);
#1594 = EDGE_CURVE('',#1587,#1587,#1595,.T.);
#1595 = CIRCLE('',#1596,2.2);
#1596 = AXIS2_PLACEMENT_3D('',#1597,#1598,#1599);
#1597 = CARTESIAN_POINT('',(-90.,-134.97,28.));
#1598 = DIRECTION('',(0.,-1.,0.));
#1599 = DIRECTION('',(1.,0.,0.));
#1600 = ORIENTED_EDGE('',*,*,#1586,.F.);
#1601 = CYLINDRICAL_SURFACE('',#1602,2.2);
#1602 = AXIS2_PLACEMENT_3D('',#1603,#1604,#1605);
#1603 = CARTESIAN_POINT('',(-90.,-137.02,28.));
#1604 = DIRECTION('',(-0.,-1.,0.));
#1605 = DIRECTION('',(1.,0.,0.));
#1606 = ADVANCED_FACE('',(#1607),#1618,.F.);
#1607 = FACE_BOUND('',#1608,.T.);
#1608 = EDGE_LOOP('',(#1609,#1610,#1616,#1617));
#1609 = ORIENTED_EDGE('',*,*,#183,.T.);
#1610 = ORIENTED_EDGE('',*,*,#1611,.T.);
#1611 = EDGE_CURVE('',#184,#931,#1612,.T.);
#1612 = LINE('',#1613,#1614);
#1613 = CARTESIAN_POINT('',(-97.55,-137.02,34.));
#1614 = VECTOR('',#1615,1.);
#1615 = DIRECTION('',(0.,1.,0.));
#1616 = ORIENTED_EDGE('',*,*,#930,.F.);
#1617 = ORIENTED_EDGE('',*,*,#1611,.F.);
#1618 = CYLINDRICAL_SURFACE('',#1619,2.2);
#1619 = AXIS2_PLACEMENT_3D('',#1620,#1621,#1622);
#1620 = CARTESIAN_POINT('',(-99.75,-137.02,34.));
#1621 = DIRECTION('',(-0.,-1.,0.));
#1622 = DIRECTION('',(1.,0.,0.));
#1623 = ADVANCED_FACE('',(#1624),#1643,.F.);
#1624 = FACE_BOUND('',#1625,.T.);
#1625 = EDGE_LOOP('',(#1626,#1627,#1635,#1642));
#1626 = ORIENTED_EDGE('',*,*,#194,.T.);
#1627 = ORIENTED_EDGE('',*,*,#1628,.T.);
#1628 = EDGE_CURVE('',#195,#1629,#1631,.T.);
#1629 = VERTEX_POINT('',#1630);
#1630 = CARTESIAN_POINT('',(-85.8,-134.97,40.));
#1631 = LINE('',#1632,#1633);
#1632 = CARTESIAN_POINT('',(-85.8,-137.02,40.));
#1633 = VECTOR('',#1634,1.);
#1634 = DIRECTION('',(0.,1.,0.));
#1635 = ORIENTED_EDGE('',*,*,#1636,.F.);
#1636 = EDGE_CURVE('',#1629,#1629,#1637,.T.);
#1637 = CIRCLE('',#1638,2.2);
#1638 = AXIS2_PLACEMENT_3D('',#1639,#1640,#1641);
#1639 = CARTESIAN_POINT('',(-88.,-134.97,40.));
#1640 = DIRECTION('',(0.,-1.,0.));
#1641 = DIRECTION('',(1.,0.,0.));
#1642 = ORIENTED_EDGE('',*,*,#1628,.F.);
#1643 = CYLINDRICAL_SURFACE('',#1644,2.2);
#1644 = AXIS2_PLACEMENT_3D('',#1645,#1646,#1647);
#1645 = CARTESIAN_POINT('',(-88.,-137.02,40.));
#1646 = DIRECTION('',(-0.,-1.,0.));
#1647 = DIRECTION('',(1.,0.,0.));
#1648 = ADVANCED_FACE('',(#1649),#1668,.F.);
#1649 = FACE_BOUND('',#1650,.T.);
#1650 = EDGE_LOOP('',(#1651,#1652,#1660,#1667));
#1651 = ORIENTED_EDGE('',*,*,#205,.T.);
#1652 = ORIENTED_EDGE('',*,*,#1653,.T.);
#1653 = EDGE_CURVE('',#206,#1654,#1656,.T.);
#1654 = VERTEX_POINT('',#1655);
#1655 = CARTESIAN_POINT('',(-37.8,-134.97,28.));
#1656 = LINE('',#1657,#1658);
#1657 = CARTESIAN_POINT('',(-37.8,-137.02,28.));
#1658 = VECTOR('',#1659,1.);
#1659 = DIRECTION('',(0.,1.,0.));
#1660 = ORIENTED_EDGE('',*,*,#1661,.F.);
#1661 = EDGE_CURVE('',#1654,#1654,#1662,.T.);
#1662 = CIRCLE('',#1663,2.2);
#1663 = AXIS2_PLACEMENT_3D('',#1664,#1665,#1666);
#1664 = CARTESIAN_POINT('',(-40.,-134.97,28.));
#1665 = DIRECTION('',(0.,-1.,0.));
#1666 = DIRECTION('',(1.,0.,0.));
#1667 = ORIENTED_EDGE('',*,*,#1653,.F.);
#1668 = CYLINDRICAL_SURFACE('',#1669,2.2);
#1669 = AXIS2_PLACEMENT_3D('',#1670,#1671,#1672);
#1670 = CARTESIAN_POINT('',(-40.,-137.02,28.));
#1671 = DIRECTION('',(-0.,-1.,0.));
#1672 = DIRECTION('',(1.,0.,0.));
#1673 = ADVANCED_FACE('',(#1674),#1693,.F.);
#1674 = FACE_BOUND('',#1675,.T.);
#1675 = EDGE_LOOP('',(#1676,#1677,#1685,#1692));
#1676 = ORIENTED_EDGE('',*,*,#216,.T.);
#1677 = ORIENTED_EDGE('',*,*,#1678,.T.);
#1678 = EDGE_CURVE('',#217,#1679,#1681,.T.);
#1679 = VERTEX_POINT('',#1680);
#1680 = CARTESIAN_POINT('',(-29.8,-134.97,40.));
#1681 = LINE('',#1682,#1683);
#1682 = CARTESIAN_POINT('',(-29.8,-137.02,40.));
#1683 = VECTOR('',#1684,1.);
#1684 = DIRECTION('',(0.,1.,0.));
#1685 = ORIENTED_EDGE('',*,*,#1686,.F.);
#1686 = EDGE_CURVE('',#1679,#1679,#1687,.T.);
#1687 = CIRCLE('',#1688,2.2);
#1688 = AXIS2_PLACEMENT_3D('',#1689,#1690,#1691);
#1689 = CARTESIAN_POINT('',(-32.,-134.97,40.));
#1690 = DIRECTION('',(0.,-1.,0.));
#1691 = DIRECTION('',(1.,0.,0.));
#1692 = ORIENTED_EDGE('',*,*,#1678,.F.);
#1693 = CYLINDRICAL_SURFACE('',#1694,2.2);
#1694 = AXIS2_PLACEMENT_3D('',#1695,#1696,#1697);
#1695 = CARTESIAN_POINT('',(-32.,-137.02,40.));
#1696 = DIRECTION('',(-0.,-1.,0.));
#1697 = DIRECTION('',(1.,0.,0.));
#1698 = ADVANCED_FACE('',(#1699),#1715,.F.);
#1699 = FACE_BOUND('',#1700,.T.);
#1700 = EDGE_LOOP('',(#1701,#1702,#1708,#1709));
#1701 = ORIENTED_EDGE('',*,*,#436,.T.);
#1702 = ORIENTED_EDGE('',*,*,#1703,.F.);
#1703 = EDGE_CURVE('',#1098,#437,#1704,.T.);
#1704 = LINE('',#1705,#1706);
#1705 = CARTESIAN_POINT('',(-122.7171547813,-137.02,40.657845218685));
#1706 = VECTOR('',#1707,1.);
#1707 = DIRECTION('',(0.,-1.,2.2E-16));
#1708 = ORIENTED_EDGE('',*,*,#1097,.F.);
#1709 = ORIENTED_EDGE('',*,*,#1710,.T.);
#1710 = EDGE_CURVE('',#1089,#428,#1711,.T.);
#1711 = LINE('',#1712,#1713);
#1712 = CARTESIAN_POINT('',(-131.2828452186,-137.02,40.657845218685));
#1713 = VECTOR('',#1714,1.);
#1714 = DIRECTION('',(0.,-1.,2.2E-16));
#1715 = CYLINDRICAL_SURFACE('',#1716,8.5);
#1716 = AXIS2_PLACEMENT_3D('',#1717,#1718,#1719);
#1717 = CARTESIAN_POINT('',(-127.,-137.02,48.));
#1718 = DIRECTION('',(-0.,-1.,0.));
#1719 = DIRECTION('',(1.,0.,0.));
#1720 = ADVANCED_FACE('',(#1721),#1781,.F.);
#1721 = FACE_BOUND('',#1722,.F.);
#1722 = EDGE_LOOP('',(#1723,#1724,#1732,#1739,#1740,#1741));
#1723 = ORIENTED_EDGE('',*,*,#409,.T.);
#1724 = ORIENTED_EDGE('',*,*,#1725,.T.);
#1725 = EDGE_CURVE('',#401,#1726,#1728,.T.);
#1726 = VERTEX_POINT('',#1727);
#1727 = CARTESIAN_POINT('',(-140.8,-134.02,44.));
#1728 = LINE('',#1729,#1730);
#1729 = CARTESIAN_POINT('',(-139.1,-136.02,44.));
#1730 = VECTOR('',#1731,1.);
#1731 = DIRECTION('',(-0.647648420096,0.761939317759,-1.6E-16));
#1732 = ORIENTED_EDGE('',*,*,#1733,.F.);
#1733 = EDGE_CURVE('',#1726,#1726,#1734,.T.);
#1734 = CIRCLE('',#1735,2.2);
#1735 = AXIS2_PLACEMENT_3D('',#1736,#1737,#1738);
#1736 = CARTESIAN_POINT('',(-143.,-134.02,44.));
#1737 = DIRECTION('',(-0.,1.,0.));
#1738 = DIRECTION('',(1.,0.,0.));
#1739 = ORIENTED_EDGE('',*,*,#1725,.F.);
#1740 = ORIENTED_EDGE('',*,*,#400,.T.);
#1741 = ORIENTED_EDGE('',*,*,#1742,.F.);
#1742 = EDGE_CURVE('',#410,#392,#1743,.T.);
#1743 = B_SPLINE_CURVE_WITH_KNOTS('',6,(#1744,#1745,#1746,#1747,#1748,
    #1749,#1750,#1751,#1752,#1753,#1754,#1755,#1756,#1757,#1758,#1759,
    #1760,#1761,#1762,#1763,#1764,#1765,#1766,#1767,#1768,#1769,#1770,
    #1771,#1772,#1773,#1774,#1775,#1776,#1777,#1778,#1779,#1780),
  .UNSPECIFIED.,.F.,.F.,(7,5,5,5,5,5,5,7),(0.,0.280357637111,
    0.365340883296,0.499327355968,0.590261365074,0.635966018667,
    0.718094670467,1.),.UNSPECIFIED.);
#1744 = CARTESIAN_POINT('',(-140.6209452728,-136.0199999999,
    40.909676618028));
#1745 = CARTESIAN_POINT('',(-140.588083538,-135.9694557392,
    40.989193891637));
#1746 = CARTESIAN_POINT('',(-140.5523083467,-135.9207786461,
    41.071108971151));
#1747 = CARTESIAN_POINT('',(-140.5131011487,-135.8742805713,
    41.156003181475));
#1748 = CARTESIAN_POINT('',(-140.4698817027,-135.8306889301,
    41.244279972934));
#1749 = CARTESIAN_POINT('',(-140.4220091848,-135.791165432,
    41.336203638225));
#1750 = CARTESIAN_POINT('',(-140.3525398027,-135.7471125752,
    41.460995945188));
#1751 = CARTESIAN_POINT('',(-140.3358894905,-135.7373963289,
    41.490361304025));
#1752 = CARTESIAN_POINT('',(-140.3187334654,-135.7282594919,
    41.520057814074));
#1753 = CARTESIAN_POINT('',(-140.30106119,-135.7197565597,
    41.550070017289));
#1754 = CARTESIAN_POINT('',(-140.2828691329,-135.7119446347,
    41.580371138793));
#1755 = CARTESIAN_POINT('',(-140.2346715018,-135.6937414882,
    41.659087630828));
#1756 = CARTESIAN_POINT('',(-140.2038892945,-135.6844555091,
    41.707894939891));
#1757 = CARTESIAN_POINT('',(-140.1718667365,-135.6772533845,
    41.757144049011));
#1758 = CARTESIAN_POINT('',(-140.1387027595,-135.6723436335,
    41.806580220424));
#1759 = CARTESIAN_POINT('',(-140.1045702539,-135.6698576356,
    41.855888205795));
#1760 = CARTESIAN_POINT('',(-140.0461031699,-135.6697531467,
    41.937806111841));
#1761 = CARTESIAN_POINT('',(-140.0221372646,-135.6708271943,
    41.970700627328));
#1762 = CARTESIAN_POINT('',(-139.9979242393,-135.6730185821,
    42.00325692613));
#1763 = CARTESIAN_POINT('',(-139.9735419764,-135.6763011114,
    42.035380593291));
#1764 = CARTESIAN_POINT('',(-139.949064668,-135.6806278076,
    42.06699398084));
#1765 = CARTESIAN_POINT('',(-139.9122468322,-135.6886060592,
    42.113634496669));
#1766 = CARTESIAN_POINT('',(-139.899924383,-135.6915232515,
    42.129091414316));
#1767 = CARTESIAN_POINT('',(-139.8876029235,-135.6946812266,
    42.144397257646));
#1768 = CARTESIAN_POINT('',(-139.8752897706,-135.6980718435,
    42.159546319708));
#1769 = CARTESIAN_POINT('',(-139.8629914215,-135.7016865617,
    42.174534260217));
#1770 = CARTESIAN_POINT('',(-139.8286509271,-135.7123985157,
    42.215995708876));
#1771 = CARTESIAN_POINT('',(-139.8066548049,-135.7199754509,
    42.24210288044));
#1772 = CARTESIAN_POINT('',(-139.7847570214,-135.7281964704,
    42.267663283432));
#1773 = CARTESIAN_POINT('',(-139.762981403,-135.7370100955,
    42.292672154655));
#1774 = CARTESIAN_POINT('',(-139.7413443986,-135.7463671255,
    42.317133741657));
#1775 = CARTESIAN_POINT('',(-139.646096114,-135.7900558733,
    42.423180926892));
#1776 = CARTESIAN_POINT('',(-139.5742209089,-135.829709523,
    42.498828926997));
#1777 = CARTESIAN_POINT('',(-139.5043093788,-135.873497734,
    42.568816790865));
#1778 = CARTESIAN_POINT('',(-139.4363213159,-135.9202321848,
    42.633848110705));
#1779 = CARTESIAN_POINT('',(-139.37006041,-135.9691712222,
    42.694614905518));
#1780 = CARTESIAN_POINT('',(-139.3051358082,-136.02,42.751809868459));
#1781 = CONICAL_SURFACE('',#1782,3.9,0.704494064242);
#1782 = AXIS2_PLACEMENT_3D('',#1783,#1784,#1785);
#1783 = CARTESIAN_POINT('',(-143.,-136.02,44.));
#1784 = DIRECTION('',(-0.,-1.,0.));
#1785 = DIRECTION('',(1.,0.,0.));
#1786 = ADVANCED_FACE('',(#1787),#1803,.F.);
#1787 = FACE_BOUND('',#1788,.T.);
#1788 = EDGE_LOOP('',(#1789,#1790,#1796,#1797));
#1789 = ORIENTED_EDGE('',*,*,#382,.T.);
#1790 = ORIENTED_EDGE('',*,*,#1791,.F.);
#1791 = EDGE_CURVE('',#1071,#383,#1792,.T.);
#1792 = LINE('',#1793,#1794);
#1793 = CARTESIAN_POINT('',(-134.3421547813,-137.02,43.717154781315));
#1794 = VECTOR('',#1795,1.);
#1795 = DIRECTION('',(0.,-1.,2.2E-16));
#1796 = ORIENTED_EDGE('',*,*,#1070,.F.);
#1797 = ORIENTED_EDGE('',*,*,#1798,.T.);
#1798 = EDGE_CURVE('',#1062,#374,#1799,.T.);
#1799 = LINE('',#1800,#1801);
#1800 = CARTESIAN_POINT('',(-134.3421547813,-137.02,52.282845218685));
#1801 = VECTOR('',#1802,1.);
#1802 = DIRECTION('',(0.,-1.,2.2E-16));
#1803 = CYLINDRICAL_SURFACE('',#1804,8.5);
#1804 = AXIS2_PLACEMENT_3D('',#1805,#1806,#1807);
#1805 = CARTESIAN_POINT('',(-127.,-137.02,48.));
#1806 = DIRECTION('',(-0.,-1.,0.));
#1807 = DIRECTION('',(1.,0.,0.));
#1808 = ADVANCED_FACE('',(#1809),#1864,.F.);
#1809 = FACE_BOUND('',#1810,.F.);
#1810 = EDGE_LOOP('',(#1811,#1812,#1820,#1827,#1828,#1829));
#1811 = ORIENTED_EDGE('',*,*,#364,.T.);
#1812 = ORIENTED_EDGE('',*,*,#1813,.T.);
#1813 = EDGE_CURVE('',#356,#1814,#1816,.T.);
#1814 = VERTEX_POINT('',#1815);
#1815 = CARTESIAN_POINT('',(-140.8,-134.02,52.));
#1816 = LINE('',#1817,#1818);
#1817 = CARTESIAN_POINT('',(-139.1,-136.02,52.));
#1818 = VECTOR('',#1819,1.);
#1819 = DIRECTION('',(-0.647648420096,0.761939317759,-1.6E-16));
#1820 = ORIENTED_EDGE('',*,*,#1821,.F.);
#1821 = EDGE_CURVE('',#1814,#1814,#1822,.T.);
#1822 = CIRCLE('',#1823,2.2);
#1823 = AXIS2_PLACEMENT_3D('',#1824,#1825,#1826);
#1824 = CARTESIAN_POINT('',(-143.,-134.02,52.));
#1825 = DIRECTION('',(-0.,1.,0.));
#1826 = DIRECTION('',(1.,0.,0.));
#1827 = ORIENTED_EDGE('',*,*,#1813,.F.);
#1828 = ORIENTED_EDGE('',*,*,#355,.T.);
#1829 = ORIENTED_EDGE('',*,*,#1830,.F.);
#1830 = EDGE_CURVE('',#365,#347,#1831,.T.);
#1831 = B_SPLINE_CURVE_WITH_KNOTS('',6,(#1832,#1833,#1834,#1835,#1836,
    #1837,#1838,#1839,#1840,#1841,#1842,#1843,#1844,#1845,#1846,#1847,
    #1848,#1849,#1850,#1851,#1852,#1853,#1854,#1855,#1856,#1857,#1858,
    #1859,#1860,#1861,#1862,#1863),.UNSPECIFIED.,.F.,.F.,(7,5,5,5,5,5,7)
  ,(0.,0.280845216935,0.3631207523,0.500426833831,0.590933497165,
    0.720129968475,1.),.UNSPECIFIED.);
#1832 = CARTESIAN_POINT('',(-139.3051358082,-136.0199999999,
    53.248190131541));
#1833 = CARTESIAN_POINT('',(-139.3698098594,-135.9693673756,
    53.305164373317));
#1834 = CARTESIAN_POINT('',(-139.4358112439,-135.9206089087,
    53.365684101143));
#1835 = CARTESIAN_POINT('',(-139.5035245052,-135.8740373809,
    53.430432588841));
#1836 = CARTESIAN_POINT('',(-139.5731439893,-135.8303846067,
    53.50009337081));
#1837 = CARTESIAN_POINT('',(-139.6447112742,-135.7908205049,
    53.575361972315));
#1838 = CARTESIAN_POINT('',(-139.7396676606,-135.747100218,
    53.680975847052));
#1839 = CARTESIAN_POINT('',(-139.761332136,-135.7376929206,
    53.705443588008));
#1840 = CARTESIAN_POINT('',(-139.7831364463,-135.7288284194,
    53.730460161994));
#1841 = CARTESIAN_POINT('',(-139.8050643231,-135.7205560322,
    53.756030131582));
#1842 = CARTESIAN_POINT('',(-139.8270921132,-135.7129274342,
    53.782149083708));
#1843 = CARTESIAN_POINT('',(-139.8860632593,-135.694422268,
    53.853279414744));
#1844 = CARTESIAN_POINT('',(-139.9231469543,-135.6847804507,
    53.899264809003));
#1845 = CARTESIAN_POINT('',(-139.9602560315,-135.6773183582,
    53.946640567727));
#1846 = CARTESIAN_POINT('',(-139.9971668702,-135.6722627876,
    53.99522003346));
#1847 = CARTESIAN_POINT('',(-140.0336191357,-135.6697560465,
    54.044718016029));
#1848 = CARTESIAN_POINT('',(-140.092851729,-135.6698203207,
    54.127683007853));
#1849 = CARTESIAN_POINT('',(-140.1160645952,-135.6709517525,
    54.160873913622));
#1850 = CARTESIAN_POINT('',(-140.1388781459,-135.6731891744,
    54.194183061983));
#1851 = CARTESIAN_POINT('',(-140.1612296409,-135.6765060152,
    54.227507787943));
#1852 = CARTESIAN_POINT('',(-140.1830708433,-135.6808554586,
    54.260754427954));
#1853 = CARTESIAN_POINT('',(-140.2347627688,-135.6937730617,
    54.341064382375));
#1854 = CARTESIAN_POINT('',(-140.2640481577,-135.7033503562,
    54.38796169742));
#1855 = CARTESIAN_POINT('',(-140.2921323528,-135.7147368752,
    54.434309357117));
#1856 = CARTESIAN_POINT('',(-140.319002589,-135.7277192449,
    54.47997093136));
#1857 = CARTESIAN_POINT('',(-140.3446850008,-135.7420967537,
    54.524871445209));
#1858 = CARTESIAN_POINT('',(-140.4224089639,-135.7914956045,
    54.664564088507));
#1859 = CARTESIAN_POINT('',(-140.4701701979,-135.8309801588,
    54.756309449203));
#1860 = CARTESIAN_POINT('',(-140.5132973283,-135.8745132766,
    54.844421639664));
#1861 = CARTESIAN_POINT('',(-140.5524277363,-135.9209410626,
    54.929164373849));
#1862 = CARTESIAN_POINT('',(-140.5881385099,-135.9695402909,
    55.010939126834));
#1863 = CARTESIAN_POINT('',(-140.6209452728,-136.02,55.090323381972));
#1864 = CONICAL_SURFACE('',#1865,3.9,0.704494064242);
#1865 = AXIS2_PLACEMENT_3D('',#1866,#1867,#1868);
#1866 = CARTESIAN_POINT('',(-143.,-136.02,52.));
#1867 = DIRECTION('',(-0.,-1.,0.));
#1868 = DIRECTION('',(1.,0.,0.));
#1869 = ADVANCED_FACE('',(#1870),#1886,.F.);
#1870 = FACE_BOUND('',#1871,.T.);
#1871 = EDGE_LOOP('',(#1872,#1873,#1879,#1880));
#1872 = ORIENTED_EDGE('',*,*,#1043,.F.);
#1873 = ORIENTED_EDGE('',*,*,#1874,.T.);
#1874 = EDGE_CURVE('',#1035,#320,#1875,.T.);
#1875 = LINE('',#1876,#1877);
#1876 = CARTESIAN_POINT('',(-122.7171547813,-137.02,55.342154781315));
#1877 = VECTOR('',#1878,1.);
#1878 = DIRECTION('',(0.,-1.,2.2E-16));
#1879 = ORIENTED_EDGE('',*,*,#328,.T.);
#1880 = ORIENTED_EDGE('',*,*,#1881,.F.);
#1881 = EDGE_CURVE('',#1044,#329,#1882,.T.);
#1882 = LINE('',#1883,#1884);
#1883 = CARTESIAN_POINT('',(-131.2828452186,-137.02,55.342154781315));
#1884 = VECTOR('',#1885,1.);
#1885 = DIRECTION('',(0.,-1.,2.2E-16));
#1886 = CYLINDRICAL_SURFACE('',#1887,8.5);
#1887 = AXIS2_PLACEMENT_3D('',#1888,#1889,#1890);
#1888 = CARTESIAN_POINT('',(-127.,-137.02,48.));
#1889 = DIRECTION('',(-0.,-1.,0.));
#1890 = DIRECTION('',(1.,0.,0.));
#1891 = ADVANCED_FACE('',(#1892),#1947,.F.);
#1892 = FACE_BOUND('',#1893,.F.);
#1893 = EDGE_LOOP('',(#1894,#1895,#1903,#1910,#1911,#1912));
#1894 = ORIENTED_EDGE('',*,*,#301,.T.);
#1895 = ORIENTED_EDGE('',*,*,#1896,.T.);
#1896 = EDGE_CURVE('',#293,#1897,#1899,.T.);
#1897 = VERTEX_POINT('',#1898);
#1898 = CARTESIAN_POINT('',(-108.8,-134.02,52.));
#1899 = LINE('',#1900,#1901);
#1900 = CARTESIAN_POINT('',(-107.1,-136.02,52.));
#1901 = VECTOR('',#1902,1.);
#1902 = DIRECTION('',(-0.647648420096,0.761939317759,-1.6E-16));
#1903 = ORIENTED_EDGE('',*,*,#1904,.F.);
#1904 = EDGE_CURVE('',#1897,#1897,#1905,.T.);
#1905 = CIRCLE('',#1906,2.2);
#1906 = AXIS2_PLACEMENT_3D('',#1907,#1908,#1909);
#1907 = CARTESIAN_POINT('',(-111.,-134.02,52.));
#1908 = DIRECTION('',(-0.,1.,0.));
#1909 = DIRECTION('',(1.,0.,0.));
#1910 = ORIENTED_EDGE('',*,*,#1896,.F.);
#1911 = ORIENTED_EDGE('',*,*,#292,.T.);
#1912 = ORIENTED_EDGE('',*,*,#1913,.F.);
#1913 = EDGE_CURVE('',#302,#284,#1914,.T.);
#1914 = B_SPLINE_CURVE_WITH_KNOTS('',7,(#1915,#1916,#1917,#1918,#1919,
    #1920,#1921,#1922,#1923,#1924,#1925,#1926,#1927,#1928,#1929,#1930,
    #1931,#1932,#1933,#1934,#1935,#1936,#1937,#1938,#1939,#1940,#1941,
    #1942,#1943,#1944,#1945,#1946),.UNSPECIFIED.,.F.,.F.,(8,6,6,6,6,8),(
    0.,0.278864685276,0.409916869241,0.498930327008,0.633889860561,1.),
  .UNSPECIFIED.);
#1915 = CARTESIAN_POINT('',(-113.3790547271,-136.0199999999,
    55.090323381972));
#1916 = CARTESIAN_POINT('',(-113.4070907987,-135.9768780369,
    55.022483020266));
#1917 = CARTESIAN_POINT('',(-113.4371891475,-135.9350765147,
    54.952944480673));
#1918 = CARTESIAN_POINT('',(-113.4696414593,-135.8947721997,
    54.881381635651));
#1919 = CARTESIAN_POINT('',(-113.504765585,-135.8563160503,
    54.807542389143));
#1920 = CARTESIAN_POINT('',(-113.5429051789,-135.820238316,
    54.731237980825));
#1921 = CARTESIAN_POINT('',(-113.5844414776,-135.7872589792,
    54.652327724467));
#1922 = CARTESIAN_POINT('',(-113.6511415058,-135.7446959548,
    54.532337926586));
#1923 = CARTESIAN_POINT('',(-113.6732998071,-135.7319859362,
    54.493401408194));
#1924 = CARTESIAN_POINT('',(-113.6963241303,-135.7202753004,
    54.453901066385));
#1925 = CARTESIAN_POINT('',(-113.7202342777,-135.7096794981,
    54.413873265849));
#1926 = CARTESIAN_POINT('',(-113.7450342499,-135.7003224056,
    54.373381248512));
#1927 = CARTESIAN_POINT('',(-113.7707046638,-135.6923253496,
    54.332519623364));
#1928 = CARTESIAN_POINT('',(-113.8151814008,-135.6813516606,
    54.263506591308));
#1929 = CARTESIAN_POINT('',(-113.8335486651,-135.6775873255,
    54.2354817859));
#1930 = CARTESIAN_POINT('',(-113.8522728554,-135.6745301332,
    54.20739346028));
#1931 = CARTESIAN_POINT('',(-113.8713290878,-135.6722072212,
    54.179291604148));
#1932 = CARTESIAN_POINT('',(-113.890687011,-135.6706384046,
    54.15122976907));
#1933 = CARTESIAN_POINT('',(-113.9103100994,-135.6698344892,
    54.123265124747));
#1934 = CARTESIAN_POINT('',(-113.9602431068,-135.6697366017,
    54.053298968468));
#1935 = CARTESIAN_POINT('',(-113.9908524425,-135.6714363234,
    54.011486849598));
#1936 = CARTESIAN_POINT('',(-114.0218238705,-135.6748971627,
    53.970246084388));
#1937 = CARTESIAN_POINT('',(-114.0530111571,-135.680063057,
    53.929750132213));
#1938 = CARTESIAN_POINT('',(-114.0842819271,-135.6868354526,
    53.890129392154));
#1939 = CARTESIAN_POINT('',(-114.1155186746,-135.6950892882,
    53.851478609033));
#1940 = CARTESIAN_POINT('',(-114.2309889714,-135.7307304397,
    53.711826379026));
#1941 = CARTESIAN_POINT('',(-114.3139478307,-135.7665484383,
    53.617913640895));
#1942 = CARTESIAN_POINT('',(-114.3947278047,-135.8096241159,
    53.531801547446));
#1943 = CARTESIAN_POINT('',(-114.4730524464,-135.8576969877,
    53.452656083112));
#1944 = CARTESIAN_POINT('',(-114.548902681,-135.9092644421,
    53.379657921936));
#1945 = CARTESIAN_POINT('',(-114.622609587,-135.9634326412,
    53.311842419258));
#1946 = CARTESIAN_POINT('',(-114.6948641917,-136.02,53.248190131541));
#1947 = CONICAL_SURFACE('',#1948,3.9,0.704494064242);
#1948 = AXIS2_PLACEMENT_3D('',#1949,#1950,#1951);
#1949 = CARTESIAN_POINT('',(-111.,-136.02,52.));
#1950 = DIRECTION('',(-0.,-1.,0.));
#1951 = DIRECTION('',(1.,0.,0.));
#1952 = ADVANCED_FACE('',(#1953),#2013,.F.);
#1953 = FACE_BOUND('',#1954,.F.);
#1954 = EDGE_LOOP('',(#1955,#1956,#1964,#1971,#1972,#1973));
#1955 = ORIENTED_EDGE('',*,*,#247,.T.);
#1956 = ORIENTED_EDGE('',*,*,#1957,.T.);
#1957 = EDGE_CURVE('',#239,#1958,#1960,.T.);
#1958 = VERTEX_POINT('',#1959);
#1959 = CARTESIAN_POINT('',(-108.8,-134.02,44.));
#1960 = LINE('',#1961,#1962);
#1961 = CARTESIAN_POINT('',(-107.1,-136.02,44.));
#1962 = VECTOR('',#1963,1.);
#1963 = DIRECTION('',(-0.647648420096,0.761939317759,-1.6E-16));
#1964 = ORIENTED_EDGE('',*,*,#1965,.F.);
#1965 = EDGE_CURVE('',#1958,#1958,#1966,.T.);
#1966 = CIRCLE('',#1967,2.2);
#1967 = AXIS2_PLACEMENT_3D('',#1968,#1969,#1970);
#1968 = CARTESIAN_POINT('',(-111.,-134.02,44.));
#1969 = DIRECTION('',(-0.,1.,0.));
#1970 = DIRECTION('',(1.,0.,0.));
#1971 = ORIENTED_EDGE('',*,*,#1957,.F.);
#1972 = ORIENTED_EDGE('',*,*,#238,.T.);
#1973 = ORIENTED_EDGE('',*,*,#1974,.F.);
#1974 = EDGE_CURVE('',#248,#230,#1975,.T.);
#1975 = B_SPLINE_CURVE_WITH_KNOTS('',6,(#1976,#1977,#1978,#1979,#1980,
    #1981,#1982,#1983,#1984,#1985,#1986,#1987,#1988,#1989,#1990,#1991,
    #1992,#1993,#1994,#1995,#1996,#1997,#1998,#1999,#2000,#2001,#2002,
    #2003,#2004,#2005,#2006,#2007,#2008,#2009,#2010,#2011,#2012),
  .UNSPECIFIED.,.F.,.F.,(7,5,5,5,5,5,5,7),(0.,0.280162964031,
    0.364130778819,0.408946324778,0.500372692174,0.635814885993,
    0.719791520225,1.),.UNSPECIFIED.);
#1976 = CARTESIAN_POINT('',(-114.6948641917,-136.0199999999,
    42.751809868459));
#1977 = CARTESIAN_POINT('',(-114.6303408955,-135.9694854001,
    42.69496843345));
#1978 = CARTESIAN_POINT('',(-114.5644956682,-135.9208356268,
    42.63459733428));
#1979 = CARTESIAN_POINT('',(-114.4969477306,-135.8743622188,
    42.570018924471));
#1980 = CARTESIAN_POINT('',(-114.4275039276,-135.8307911192,
    42.500554756617));
#1981 = CARTESIAN_POINT('',(-114.3561218925,-135.791281293,
    42.425514146397));
#1982 = CARTESIAN_POINT('',(-114.2609185692,-135.747347699,
    42.319690875231));
#1983 = CARTESIAN_POINT('',(-114.2388089667,-135.7377348724,
    42.294728286864));
#1984 = CARTESIAN_POINT('',(-114.2165534118,-135.7286868662,
    42.269193914462));
#1985 = CARTESIAN_POINT('',(-114.1941691776,-135.7202561597,
    42.243082849344));
#1986 = CARTESIAN_POINT('',(-114.1716815526,-135.7124977688,
    42.216399937205));
#1987 = CARTESIAN_POINT('',(-114.1370853444,-135.7017129119,
    42.174625432385));
#1988 = CARTESIAN_POINT('',(-114.1250265085,-135.6981668187,
    42.159930505889));
#1989 = CARTESIAN_POINT('',(-114.1129533864,-135.6948360939,
    42.145080646829));
#1990 = CARTESIAN_POINT('',(-114.1008720925,-135.6917287931,
    42.130079929462));
#1991 = CARTESIAN_POINT('',(-114.0887895003,-135.6888526072,
    42.114933691044));
#1992 = CARTESIAN_POINT('',(-114.0520769623,-135.6808337062,
    42.068465901973));
#1993 = CARTESIAN_POINT('',(-114.0274639057,-135.676443995,
    42.036701247327));
#1994 = CARTESIAN_POINT('',(-114.0029447482,-135.6731083198,
    42.004418542316));
#1995 = CARTESIAN_POINT('',(-113.9785947431,-135.6708748412,
    41.971696259554));
#1996 = CARTESIAN_POINT('',(-113.9544930238,-135.6697705856,
    41.938630103623));
#1997 = CARTESIAN_POINT('',(-113.895506546,-135.6698305282,
    41.856012326209));
#1998 = CARTESIAN_POINT('',(-113.8610007077,-135.6723430174,
    41.806165449117));
#1999 = CARTESIAN_POINT('',(-113.8274859076,-135.6773330603,
    41.756189008946));
#2000 = CARTESIAN_POINT('',(-113.7951400869,-135.6846641272,
    41.706408189598));
#2001 = CARTESIAN_POINT('',(-113.7640640349,-135.6941195752,
    41.657084852868));
#2002 = CARTESIAN_POINT('',(-113.7158584127,-135.7124911331,
    41.578251645378));
#2003 = CARTESIAN_POINT('',(-113.6979109346,-135.7202489411,
    41.54832578132));
#2004 = CARTESIAN_POINT('',(-113.6804708503,-135.728679082,
    41.518683160386));
#2005 = CARTESIAN_POINT('',(-113.6635345454,-135.7377265408,
    41.489349279891));
#2006 = CARTESIAN_POINT('',(-113.6470917773,-135.7473388382,
    41.460338891404));
#2007 = CARTESIAN_POINT('',(-113.5778615424,-135.7912721546,
    41.335955414179));
#2008 = CARTESIAN_POINT('',(-113.5300250305,-135.8307830586,
    41.244089435631));
#2009 = CARTESIAN_POINT('',(-113.4868354412,-135.874355778,
    41.155865875609));
#2010 = CARTESIAN_POINT('',(-113.4476530697,-135.9208311317,
    41.071020635733));
#2011 = CARTESIAN_POINT('',(-113.411898699,-135.9694830601,
    40.989150909855));
#2012 = CARTESIAN_POINT('',(-113.3790547271,-136.02,40.909676618028));
#2013 = CONICAL_SURFACE('',#2014,3.9,0.704494064242);
#2014 = AXIS2_PLACEMENT_3D('',#2015,#2016,#2017);
#2015 = CARTESIAN_POINT('',(-111.,-136.02,44.));
#2016 = DIRECTION('',(-0.,-1.,0.));
#2017 = DIRECTION('',(1.,0.,0.));
#2018 = ADVANCED_FACE('',(#2019),#2030,.F.);
#2019 = FACE_BOUND('',#2020,.T.);
#2020 = EDGE_LOOP('',(#2021,#2022,#2028,#2029));
#2021 = ORIENTED_EDGE('',*,*,#454,.T.);
#2022 = ORIENTED_EDGE('',*,*,#2023,.T.);
#2023 = EDGE_CURVE('',#455,#1138,#2024,.T.);
#2024 = LINE('',#2025,#2026);
#2025 = CARTESIAN_POINT('',(-97.55,-137.02,62.));
#2026 = VECTOR('',#2027,1.);
#2027 = DIRECTION('',(0.,1.,0.));
#2028 = ORIENTED_EDGE('',*,*,#1137,.F.);
#2029 = ORIENTED_EDGE('',*,*,#2023,.F.);
#2030 = CYLINDRICAL_SURFACE('',#2031,2.2);
#2031 = AXIS2_PLACEMENT_3D('',#2032,#2033,#2034);
#2032 = CARTESIAN_POINT('',(-99.75,-137.02,62.));
#2033 = DIRECTION('',(-0.,-1.,0.));
#2034 = DIRECTION('',(1.,0.,0.));
#2035 = ADVANCED_FACE('',(#2036),#2055,.F.);
#2036 = FACE_BOUND('',#2037,.T.);
#2037 = EDGE_LOOP('',(#2038,#2039,#2047,#2054));
#2038 = ORIENTED_EDGE('',*,*,#465,.T.);
#2039 = ORIENTED_EDGE('',*,*,#2040,.T.);
#2040 = EDGE_CURVE('',#466,#2041,#2043,.T.);
#2041 = VERTEX_POINT('',#2042);
#2042 = CARTESIAN_POINT('',(-57.8,-134.97,52.));
#2043 = LINE('',#2044,#2045);
#2044 = CARTESIAN_POINT('',(-57.8,-137.02,52.));
#2045 = VECTOR('',#2046,1.);
#2046 = DIRECTION('',(0.,1.,0.));
#2047 = ORIENTED_EDGE('',*,*,#2048,.F.);
#2048 = EDGE_CURVE('',#2041,#2041,#2049,.T.);
#2049 = CIRCLE('',#2050,2.2);
#2050 = AXIS2_PLACEMENT_3D('',#2051,#2052,#2053);
#2051 = CARTESIAN_POINT('',(-60.,-134.97,52.));
#2052 = DIRECTION('',(0.,-1.,0.));
#2053 = DIRECTION('',(1.,0.,0.));
#2054 = ORIENTED_EDGE('',*,*,#2040,.F.);
#2055 = CYLINDRICAL_SURFACE('',#2056,2.2);
#2056 = AXIS2_PLACEMENT_3D('',#2057,#2058,#2059);
#2057 = CARTESIAN_POINT('',(-60.,-137.02,52.));
#2058 = DIRECTION('',(-0.,-1.,0.));
#2059 = DIRECTION('',(1.,0.,0.));
#2060 = ADVANCED_FACE('',(#2061),#2080,.F.);
#2061 = FACE_BOUND('',#2062,.T.);
#2062 = EDGE_LOOP('',(#2063,#2064,#2072,#2079));
#2063 = ORIENTED_EDGE('',*,*,#476,.T.);
#2064 = ORIENTED_EDGE('',*,*,#2065,.T.);
#2065 = EDGE_CURVE('',#477,#2066,#2068,.T.);
#2066 = VERTEX_POINT('',#2067);
#2067 = CARTESIAN_POINT('',(-17.8,-134.97,52.));
#2068 = LINE('',#2069,#2070);
#2069 = CARTESIAN_POINT('',(-17.8,-137.02,52.));
#2070 = VECTOR('',#2071,1.);
#2071 = DIRECTION('',(0.,1.,0.));
#2072 = ORIENTED_EDGE('',*,*,#2073,.F.);
#2073 = EDGE_CURVE('',#2066,#2066,#2074,.T.);
#2074 = CIRCLE('',#2075,2.2);
#2075 = AXIS2_PLACEMENT_3D('',#2076,#2077,#2078);
#2076 = CARTESIAN_POINT('',(-20.,-134.97,52.));
#2077 = DIRECTION('',(0.,-1.,0.));
#2078 = DIRECTION('',(1.,0.,0.));
#2079 = ORIENTED_EDGE('',*,*,#2065,.F.);
#2080 = CYLINDRICAL_SURFACE('',#2081,2.2);
#2081 = AXIS2_PLACEMENT_3D('',#2082,#2083,#2084);
#2082 = CARTESIAN_POINT('',(-20.,-137.02,52.));
#2083 = DIRECTION('',(-0.,-1.,0.));
#2084 = DIRECTION('',(1.,0.,0.));
#2085 = ADVANCED_FACE('',(#2086),#2105,.F.);
#2086 = FACE_BOUND('',#2087,.T.);
#2087 = EDGE_LOOP('',(#2088,#2089,#2097,#2104));
#2088 = ORIENTED_EDGE('',*,*,#487,.T.);
#2089 = ORIENTED_EDGE('',*,*,#2090,.T.);
#2090 = EDGE_CURVE('',#488,#2091,#2093,.T.);
#2091 = VERTEX_POINT('',#2092);
#2092 = CARTESIAN_POINT('',(42.2,-134.97,28.));
#2093 = LINE('',#2094,#2095);
#2094 = CARTESIAN_POINT('',(42.2,-137.02,28.));
#2095 = VECTOR('',#2096,1.);
#2096 = DIRECTION('',(0.,1.,0.));
#2097 = ORIENTED_EDGE('',*,*,#2098,.F.);
#2098 = EDGE_CURVE('',#2091,#2091,#2099,.T.);
#2099 = CIRCLE('',#2100,2.2);
#2100 = AXIS2_PLACEMENT_3D('',#2101,#2102,#2103);
#2101 = CARTESIAN_POINT('',(40.,-134.97,28.));
#2102 = DIRECTION('',(0.,-1.,0.));
#2103 = DIRECTION('',(1.,0.,0.));
#2104 = ORIENTED_EDGE('',*,*,#2090,.F.);
#2105 = CYLINDRICAL_SURFACE('',#2106,2.2);
#2106 = AXIS2_PLACEMENT_3D('',#2107,#2108,#2109);
#2107 = CARTESIAN_POINT('',(40.,-137.02,28.));
#2108 = DIRECTION('',(-0.,-1.,0.));
#2109 = DIRECTION('',(1.,0.,0.));
#2110 = ADVANCED_FACE('',(#2111),#2130,.F.);
#2111 = FACE_BOUND('',#2112,.T.);
#2112 = EDGE_LOOP('',(#2113,#2114,#2122,#2129));
#2113 = ORIENTED_EDGE('',*,*,#498,.T.);
#2114 = ORIENTED_EDGE('',*,*,#2115,.T.);
#2115 = EDGE_CURVE('',#499,#2116,#2118,.T.);
#2116 = VERTEX_POINT('',#2117);
#2117 = CARTESIAN_POINT('',(34.2,-134.97,40.));
#2118 = LINE('',#2119,#2120);
#2119 = CARTESIAN_POINT('',(34.2,-137.02,40.));
#2120 = VECTOR('',#2121,1.);
#2121 = DIRECTION('',(0.,1.,0.));
#2122 = ORIENTED_EDGE('',*,*,#2123,.F.);
#2123 = EDGE_CURVE('',#2116,#2116,#2124,.T.);
#2124 = CIRCLE('',#2125,2.2);
#2125 = AXIS2_PLACEMENT_3D('',#2126,#2127,#2128);
#2126 = CARTESIAN_POINT('',(32.,-134.97,40.));
#2127 = DIRECTION('',(0.,-1.,0.));
#2128 = DIRECTION('',(1.,0.,0.));
#2129 = ORIENTED_EDGE('',*,*,#2115,.F.);
#2130 = CYLINDRICAL_SURFACE('',#2131,2.2);
#2131 = AXIS2_PLACEMENT_3D('',#2132,#2133,#2134);
#2132 = CARTESIAN_POINT('',(32.,-137.02,40.));
#2133 = DIRECTION('',(-0.,-1.,0.));
#2134 = DIRECTION('',(1.,0.,0.));
#2135 = ADVANCED_FACE('',(#2136),#2155,.F.);
#2136 = FACE_BOUND('',#2137,.T.);
#2137 = EDGE_LOOP('',(#2138,#2139,#2147,#2154));
#2138 = ORIENTED_EDGE('',*,*,#509,.T.);
#2139 = ORIENTED_EDGE('',*,*,#2140,.T.);
#2140 = EDGE_CURVE('',#510,#2141,#2143,.T.);
#2141 = VERTEX_POINT('',#2142);
#2142 = CARTESIAN_POINT('',(92.2,-134.97,28.));
#2143 = LINE('',#2144,#2145);
#2144 = CARTESIAN_POINT('',(92.2,-137.02,28.));
#2145 = VECTOR('',#2146,1.);
#2146 = DIRECTION('',(0.,1.,0.));
#2147 = ORIENTED_EDGE('',*,*,#2148,.F.);
#2148 = EDGE_CURVE('',#2141,#2141,#2149,.T.);
#2149 = CIRCLE('',#2150,2.2);
#2150 = AXIS2_PLACEMENT_3D('',#2151,#2152,#2153);
#2151 = CARTESIAN_POINT('',(90.,-134.97,28.));
#2152 = DIRECTION('',(0.,-1.,0.));
#2153 = DIRECTION('',(1.,0.,0.));
#2154 = ORIENTED_EDGE('',*,*,#2140,.F.);
#2155 = CYLINDRICAL_SURFACE('',#2156,2.2);
#2156 = AXIS2_PLACEMENT_3D('',#2157,#2158,#2159);
#2157 = CARTESIAN_POINT('',(90.,-137.02,28.));
#2158 = DIRECTION('',(-0.,-1.,0.));
#2159 = DIRECTION('',(1.,0.,0.));
#2160 = ADVANCED_FACE('',(#2161),#2172,.F.);
#2161 = FACE_BOUND('',#2162,.T.);
#2162 = EDGE_LOOP('',(#2163,#2164,#2170,#2171));
#2163 = ORIENTED_EDGE('',*,*,#520,.T.);
#2164 = ORIENTED_EDGE('',*,*,#2165,.T.);
#2165 = EDGE_CURVE('',#521,#1204,#2166,.T.);
#2166 = LINE('',#2167,#2168);
#2167 = CARTESIAN_POINT('',(101.95,-137.02,34.));
#2168 = VECTOR('',#2169,1.);
#2169 = DIRECTION('',(0.,1.,0.));
#2170 = ORIENTED_EDGE('',*,*,#1203,.F.);
#2171 = ORIENTED_EDGE('',*,*,#2165,.F.);
#2172 = CYLINDRICAL_SURFACE('',#2173,2.2);
#2173 = AXIS2_PLACEMENT_3D('',#2174,#2175,#2176);
#2174 = CARTESIAN_POINT('',(99.75,-137.02,34.));
#2175 = DIRECTION('',(-0.,-1.,0.));
#2176 = DIRECTION('',(1.,0.,0.));
#2177 = ADVANCED_FACE('',(#2178),#2197,.F.);
#2178 = FACE_BOUND('',#2179,.T.);
#2179 = EDGE_LOOP('',(#2180,#2181,#2189,#2196));
#2180 = ORIENTED_EDGE('',*,*,#531,.T.);
#2181 = ORIENTED_EDGE('',*,*,#2182,.T.);
#2182 = EDGE_CURVE('',#532,#2183,#2185,.T.);
#2183 = VERTEX_POINT('',#2184);
#2184 = CARTESIAN_POINT('',(90.2,-134.97,40.));
#2185 = LINE('',#2186,#2187);
#2186 = CARTESIAN_POINT('',(90.2,-137.02,40.));
#2187 = VECTOR('',#2188,1.);
#2188 = DIRECTION('',(0.,1.,0.));
#2189 = ORIENTED_EDGE('',*,*,#2190,.F.);
#2190 = EDGE_CURVE('',#2183,#2183,#2191,.T.);
#2191 = CIRCLE('',#2192,2.2);
#2192 = AXIS2_PLACEMENT_3D('',#2193,#2194,#2195);
#2193 = CARTESIAN_POINT('',(88.,-134.97,40.));
#2194 = DIRECTION('',(0.,-1.,0.));
#2195 = DIRECTION('',(1.,0.,0.));
#2196 = ORIENTED_EDGE('',*,*,#2182,.F.);
#2197 = CYLINDRICAL_SURFACE('',#2198,2.2);
#2198 = AXIS2_PLACEMENT_3D('',#2199,#2200,#2201);
#2199 = CARTESIAN_POINT('',(88.,-137.02,40.));
#2200 = DIRECTION('',(-0.,-1.,0.));
#2201 = DIRECTION('',(1.,0.,0.));
#2202 = ADVANCED_FACE('',(#2203),#2222,.F.);
#2203 = FACE_BOUND('',#2204,.T.);
#2204 = EDGE_LOOP('',(#2205,#2206,#2214,#2221));
#2205 = ORIENTED_EDGE('',*,*,#542,.T.);
#2206 = ORIENTED_EDGE('',*,*,#2207,.T.);
#2207 = EDGE_CURVE('',#543,#2208,#2210,.T.);
#2208 = VERTEX_POINT('',#2209);
#2209 = CARTESIAN_POINT('',(22.2,-134.97,52.));
#2210 = LINE('',#2211,#2212);
#2211 = CARTESIAN_POINT('',(22.2,-137.02,52.));
#2212 = VECTOR('',#2213,1.);
#2213 = DIRECTION('',(0.,1.,0.));
#2214 = ORIENTED_EDGE('',*,*,#2215,.F.);
#2215 = EDGE_CURVE('',#2208,#2208,#2216,.T.);
#2216 = CIRCLE('',#2217,2.2);
#2217 = AXIS2_PLACEMENT_3D('',#2218,#2219,#2220);
#2218 = CARTESIAN_POINT('',(20.,-134.97,52.));
#2219 = DIRECTION('',(0.,-1.,0.));
#2220 = DIRECTION('',(1.,0.,0.));
#2221 = ORIENTED_EDGE('',*,*,#2207,.F.);
#2222 = CYLINDRICAL_SURFACE('',#2223,2.2);
#2223 = AXIS2_PLACEMENT_3D('',#2224,#2225,#2226);
#2224 = CARTESIAN_POINT('',(20.,-137.02,52.));
#2225 = DIRECTION('',(-0.,-1.,0.));
#2226 = DIRECTION('',(1.,0.,0.));
#2227 = ADVANCED_FACE('',(#2228),#2247,.F.);
#2228 = FACE_BOUND('',#2229,.T.);
#2229 = EDGE_LOOP('',(#2230,#2231,#2239,#2246));
#2230 = ORIENTED_EDGE('',*,*,#553,.T.);
#2231 = ORIENTED_EDGE('',*,*,#2232,.T.);
#2232 = EDGE_CURVE('',#554,#2233,#2235,.T.);
#2233 = VERTEX_POINT('',#2234);
#2234 = CARTESIAN_POINT('',(62.2,-134.97,52.));
#2235 = LINE('',#2236,#2237);
#2236 = CARTESIAN_POINT('',(62.2,-137.02,52.));
#2237 = VECTOR('',#2238,1.);
#2238 = DIRECTION('',(0.,1.,0.));
#2239 = ORIENTED_EDGE('',*,*,#2240,.F.);
#2240 = EDGE_CURVE('',#2233,#2233,#2241,.T.);
#2241 = CIRCLE('',#2242,2.2);
#2242 = AXIS2_PLACEMENT_3D('',#2243,#2244,#2245);
#2243 = CARTESIAN_POINT('',(60.,-134.97,52.));
#2244 = DIRECTION('',(0.,-1.,0.));
#2245 = DIRECTION('',(1.,0.,0.));
#2246 = ORIENTED_EDGE('',*,*,#2232,.F.);
#2247 = CYLINDRICAL_SURFACE('',#2248,2.2);
#2248 = AXIS2_PLACEMENT_3D('',#2249,#2250,#2251);
#2249 = CARTESIAN_POINT('',(60.,-137.02,52.));
#2250 = DIRECTION('',(-0.,-1.,0.));
#2251 = DIRECTION('',(1.,0.,0.));
#2252 = ADVANCED_FACE('',(#2253),#2269,.F.);
#2253 = FACE_BOUND('',#2254,.T.);
#2254 = EDGE_LOOP('',(#2255,#2256,#2262,#2263));
#2255 = ORIENTED_EDGE('',*,*,#773,.T.);
#2256 = ORIENTED_EDGE('',*,*,#2257,.F.);
#2257 = EDGE_CURVE('',#1371,#774,#2258,.T.);
#2258 = LINE('',#2259,#2260);
#2259 = CARTESIAN_POINT('',(131.28284521868,-137.02,40.657845218685));
#2260 = VECTOR('',#2261,1.);
#2261 = DIRECTION('',(0.,-1.,2.2E-16));
#2262 = ORIENTED_EDGE('',*,*,#1370,.F.);
#2263 = ORIENTED_EDGE('',*,*,#2264,.T.);
#2264 = EDGE_CURVE('',#1362,#765,#2265,.T.);
#2265 = LINE('',#2266,#2267);
#2266 = CARTESIAN_POINT('',(122.71715478131,-137.02,40.657845218685));
#2267 = VECTOR('',#2268,1.);
#2268 = DIRECTION('',(0.,-1.,2.2E-16));
#2269 = CYLINDRICAL_SURFACE('',#2270,8.5);
#2270 = AXIS2_PLACEMENT_3D('',#2271,#2272,#2273);
#2271 = CARTESIAN_POINT('',(127.,-137.02,48.));
#2272 = DIRECTION('',(-0.,-1.,0.));
#2273 = DIRECTION('',(1.,0.,0.));
#2274 = ADVANCED_FACE('',(#2275),#2335,.F.);
#2275 = FACE_BOUND('',#2276,.F.);
#2276 = EDGE_LOOP('',(#2277,#2278,#2286,#2293,#2294,#2295));
#2277 = ORIENTED_EDGE('',*,*,#746,.T.);
#2278 = ORIENTED_EDGE('',*,*,#2279,.T.);
#2279 = EDGE_CURVE('',#738,#2280,#2282,.T.);
#2280 = VERTEX_POINT('',#2281);
#2281 = CARTESIAN_POINT('',(113.2,-134.02,44.));
#2282 = LINE('',#2283,#2284);
#2283 = CARTESIAN_POINT('',(114.9,-136.02,44.));
#2284 = VECTOR('',#2285,1.);
#2285 = DIRECTION('',(-0.647648420096,0.761939317759,-1.6E-16));
#2286 = ORIENTED_EDGE('',*,*,#2287,.F.);
#2287 = EDGE_CURVE('',#2280,#2280,#2288,.T.);
#2288 = CIRCLE('',#2289,2.2);
#2289 = AXIS2_PLACEMENT_3D('',#2290,#2291,#2292);
#2290 = CARTESIAN_POINT('',(111.,-134.02,44.));
#2291 = DIRECTION('',(-0.,1.,0.));
#2292 = DIRECTION('',(1.,0.,0.));
#2293 = ORIENTED_EDGE('',*,*,#2279,.F.);
#2294 = ORIENTED_EDGE('',*,*,#737,.T.);
#2295 = ORIENTED_EDGE('',*,*,#2296,.F.);
#2296 = EDGE_CURVE('',#747,#729,#2297,.T.);
#2297 = B_SPLINE_CURVE_WITH_KNOTS('',6,(#2298,#2299,#2300,#2301,#2302,
    #2303,#2304,#2305,#2306,#2307,#2308,#2309,#2310,#2311,#2312,#2313,
    #2314,#2315,#2316,#2317,#2318,#2319,#2320,#2321,#2322,#2323,#2324,
    #2325,#2326,#2327,#2328,#2329,#2330,#2331,#2332,#2333,#2334),
  .UNSPECIFIED.,.F.,.F.,(7,5,5,5,5,5,5,7),(0.,0.280357637111,
    0.365340883296,0.499327355968,0.590261365075,0.635966018668,
    0.718094670468,1.),.UNSPECIFIED.);
#2298 = CARTESIAN_POINT('',(113.37905472716,-136.0199999999,
    40.909676618028));
#2299 = CARTESIAN_POINT('',(113.41191646197,-135.9694557392,
    40.989193891638));
#2300 = CARTESIAN_POINT('',(113.44769165322,-135.9207786461,
    41.071108971152));
#2301 = CARTESIAN_POINT('',(113.48689885125,-135.8742805713,
    41.156003181476));
#2302 = CARTESIAN_POINT('',(113.53011829727,-135.8306889301,
    41.244279972934));
#2303 = CARTESIAN_POINT('',(113.57799081513,-135.791165432,
    41.336203638226));
#2304 = CARTESIAN_POINT('',(113.6474601972,-135.7471125752,
    41.460995945189));
#2305 = CARTESIAN_POINT('',(113.66411050942,-135.7373963289,
    41.490361304025));
#2306 = CARTESIAN_POINT('',(113.68126653453,-135.7282594919,
    41.520057814074));
#2307 = CARTESIAN_POINT('',(113.69893880995,-135.7197565597,
    41.55007001729));
#2308 = CARTESIAN_POINT('',(113.71713086709,-135.7119446347,
    41.580371138794));
#2309 = CARTESIAN_POINT('',(113.76532849816,-135.6937414882,
    41.659087630829));
#2310 = CARTESIAN_POINT('',(113.79611070545,-135.6844555091,
    41.707894939891));
#2311 = CARTESIAN_POINT('',(113.82813326345,-135.6772533845,
    41.757144049012));
#2312 = CARTESIAN_POINT('',(113.86129724043,-135.6723436335,
    41.806580220424));
#2313 = CARTESIAN_POINT('',(113.89542974606,-135.6698576356,
    41.855888205796));
#2314 = CARTESIAN_POINT('',(113.95389683001,-135.6697531467,
    41.937806111842));
#2315 = CARTESIAN_POINT('',(113.97786273536,-135.6708271943,
    41.970700627328));
#2316 = CARTESIAN_POINT('',(114.00207576067,-135.6730185821,
    42.00325692613));
#2317 = CARTESIAN_POINT('',(114.02645802351,-135.6763011114,
    42.035380593292));
#2318 = CARTESIAN_POINT('',(114.05093533197,-135.6806278076,
    42.066993980841));
#2319 = CARTESIAN_POINT('',(114.08775316774,-135.6886060592,
    42.11363449667));
#2320 = CARTESIAN_POINT('',(114.10007561693,-135.6915232515,
    42.129091414317));
#2321 = CARTESIAN_POINT('',(114.11239707645,-135.6946812266,
    42.144397257647));
#2322 = CARTESIAN_POINT('',(114.12471022936,-135.6980718435,
    42.159546319708));
#2323 = CARTESIAN_POINT('',(114.13700857842,-135.7016865617,
    42.174534260217));
#2324 = CARTESIAN_POINT('',(114.17134907285,-135.7123985157,
    42.215995708877));
#2325 = CARTESIAN_POINT('',(114.19334519505,-135.7199754509,
    42.24210288044));
#2326 = CARTESIAN_POINT('',(114.21524297857,-135.7281964704,
    42.267663283433));
#2327 = CARTESIAN_POINT('',(114.23701859692,-135.7370100955,
    42.292672154655));
#2328 = CARTESIAN_POINT('',(114.25865560135,-135.7463671255,
    42.317133741657));
#2329 = CARTESIAN_POINT('',(114.3539038859,-135.7900558733,
    42.423180926892));
#2330 = CARTESIAN_POINT('',(114.42577909107,-135.829709523,
    42.498828926998));
#2331 = CARTESIAN_POINT('',(114.49569062114,-135.873497734,
    42.568816790864));
#2332 = CARTESIAN_POINT('',(114.56367868408,-135.9202321848,
    42.633848110705));
#2333 = CARTESIAN_POINT('',(114.62993958991,-135.9691712222,
    42.694614905517));
#2334 = CARTESIAN_POINT('',(114.69486419175,-136.02,42.751809868458));
#2335 = CONICAL_SURFACE('',#2336,3.9,0.704494064242);
#2336 = AXIS2_PLACEMENT_3D('',#2337,#2338,#2339);
#2337 = CARTESIAN_POINT('',(111.,-136.02,44.));
#2338 = DIRECTION('',(-0.,-1.,0.));
#2339 = DIRECTION('',(1.,0.,0.));
#2340 = ADVANCED_FACE('',(#2341),#2357,.F.);
#2341 = FACE_BOUND('',#2342,.T.);
#2342 = EDGE_LOOP('',(#2343,#2344,#2350,#2351));
#2343 = ORIENTED_EDGE('',*,*,#719,.T.);
#2344 = ORIENTED_EDGE('',*,*,#2345,.F.);
#2345 = EDGE_CURVE('',#1344,#720,#2346,.T.);
#2346 = LINE('',#2347,#2348);
#2347 = CARTESIAN_POINT('',(119.65784521868,-137.02,43.717154781315));
#2348 = VECTOR('',#2349,1.);
#2349 = DIRECTION('',(0.,-1.,2.2E-16));
#2350 = ORIENTED_EDGE('',*,*,#1343,.F.);
#2351 = ORIENTED_EDGE('',*,*,#2352,.T.);
#2352 = EDGE_CURVE('',#1335,#711,#2353,.T.);
#2353 = LINE('',#2354,#2355);
#2354 = CARTESIAN_POINT('',(119.65784521868,-137.02,52.282845218685));
#2355 = VECTOR('',#2356,1.);
#2356 = DIRECTION('',(0.,-1.,2.2E-16));
#2357 = CYLINDRICAL_SURFACE('',#2358,8.5);
#2358 = AXIS2_PLACEMENT_3D('',#2359,#2360,#2361);
#2359 = CARTESIAN_POINT('',(127.,-137.02,48.));
#2360 = DIRECTION('',(-0.,-1.,0.));
#2361 = DIRECTION('',(1.,0.,0.));
#2362 = ADVANCED_FACE('',(#2363),#2418,.F.);
#2363 = FACE_BOUND('',#2364,.F.);
#2364 = EDGE_LOOP('',(#2365,#2366,#2374,#2381,#2382,#2383));
#2365 = ORIENTED_EDGE('',*,*,#701,.T.);
#2366 = ORIENTED_EDGE('',*,*,#2367,.T.);
#2367 = EDGE_CURVE('',#693,#2368,#2370,.T.);
#2368 = VERTEX_POINT('',#2369);
#2369 = CARTESIAN_POINT('',(113.2,-134.02,52.));
#2370 = LINE('',#2371,#2372);
#2371 = CARTESIAN_POINT('',(114.9,-136.02,52.));
#2372 = VECTOR('',#2373,1.);
#2373 = DIRECTION('',(-0.647648420096,0.761939317759,-1.6E-16));
#2374 = ORIENTED_EDGE('',*,*,#2375,.F.);
#2375 = EDGE_CURVE('',#2368,#2368,#2376,.T.);
#2376 = CIRCLE('',#2377,2.2);
#2377 = AXIS2_PLACEMENT_3D('',#2378,#2379,#2380);
#2378 = CARTESIAN_POINT('',(111.,-134.02,52.));
#2379 = DIRECTION('',(-0.,1.,0.));
#2380 = DIRECTION('',(1.,0.,0.));
#2381 = ORIENTED_EDGE('',*,*,#2367,.F.);
#2382 = ORIENTED_EDGE('',*,*,#692,.T.);
#2383 = ORIENTED_EDGE('',*,*,#2384,.F.);
#2384 = EDGE_CURVE('',#702,#684,#2385,.T.);
#2385 = B_SPLINE_CURVE_WITH_KNOTS('',6,(#2386,#2387,#2388,#2389,#2390,
    #2391,#2392,#2393,#2394,#2395,#2396,#2397,#2398,#2399,#2400,#2401,
    #2402,#2403,#2404,#2405,#2406,#2407,#2408,#2409,#2410,#2411,#2412,
    #2413,#2414,#2415,#2416,#2417),.UNSPECIFIED.,.F.,.F.,(7,5,5,5,5,5,7)
  ,(0.,0.280845216935,0.3631207523,0.500426833831,0.590933497165,
    0.720129968475,1.),.UNSPECIFIED.);
#2386 = CARTESIAN_POINT('',(114.69486419175,-136.0199999999,
    53.248190131541));
#2387 = CARTESIAN_POINT('',(114.63019014053,-135.9693673756,
    53.305164373317));
#2388 = CARTESIAN_POINT('',(114.56418875609,-135.9206089087,
    53.365684101143));
#2389 = CARTESIAN_POINT('',(114.49647549474,-135.8740373809,
    53.430432588841));
#2390 = CARTESIAN_POINT('',(114.42685601063,-135.8303846067,
    53.50009337081));
#2391 = CARTESIAN_POINT('',(114.35528872575,-135.7908205049,
    53.575361972315));
#2392 = CARTESIAN_POINT('',(114.26033233935,-135.747100218,
    53.680975847052));
#2393 = CARTESIAN_POINT('',(114.23866786399,-135.7376929206,
    53.705443588008));
#2394 = CARTESIAN_POINT('',(114.21686355362,-135.7288284194,
    53.730460161994));
#2395 = CARTESIAN_POINT('',(114.19493567687,-135.7205560322,
    53.756030131582));
#2396 = CARTESIAN_POINT('',(114.17290788672,-135.7129274342,
    53.782149083708));
#2397 = CARTESIAN_POINT('',(114.11393674066,-135.694422268,
    53.853279414744));
#2398 = CARTESIAN_POINT('',(114.07685304569,-135.6847804507,
    53.899264809003));
#2399 = CARTESIAN_POINT('',(114.03974396841,-135.6773183582,
    53.946640567727));
#2400 = CARTESIAN_POINT('',(114.00283312978,-135.6722627876,
    53.99522003346));
#2401 = CARTESIAN_POINT('',(113.96638086427,-135.6697560465,
    54.044718016029));
#2402 = CARTESIAN_POINT('',(113.90714827099,-135.6698203207,
    54.127683007853));
#2403 = CARTESIAN_POINT('',(113.8839354048,-135.6709517525,
    54.160873913622));
#2404 = CARTESIAN_POINT('',(113.86112185407,-135.6731891744,
    54.194183061983));
#2405 = CARTESIAN_POINT('',(113.83877035905,-135.6765060153,
    54.227507787943));
#2406 = CARTESIAN_POINT('',(113.8169291567,-135.6808554586,
    54.260754427954));
#2407 = CARTESIAN_POINT('',(113.76523723119,-135.6937730617,
    54.341064382375));
#2408 = CARTESIAN_POINT('',(113.73595184221,-135.7033503562,
    54.38796169742));
#2409 = CARTESIAN_POINT('',(113.70786764717,-135.7147368752,
    54.434309357117));
#2410 = CARTESIAN_POINT('',(113.68099741094,-135.7277192449,
    54.47997093136));
#2411 = CARTESIAN_POINT('',(113.65531499913,-135.7420967537,
    54.524871445209));
#2412 = CARTESIAN_POINT('',(113.577591036,-135.7914956045,
    54.664564088507));
#2413 = CARTESIAN_POINT('',(113.52982980207,-135.8309801588,
    54.756309449202));
#2414 = CARTESIAN_POINT('',(113.48670267168,-135.8745132766,
    54.844421639666));
#2415 = CARTESIAN_POINT('',(113.44757226362,-135.9209410626,
    54.929164373847));
#2416 = CARTESIAN_POINT('',(113.41186149004,-135.9695402909,
    55.010939126835));
#2417 = CARTESIAN_POINT('',(113.37905472716,-136.02,55.090323381972));
#2418 = CONICAL_SURFACE('',#2419,3.9,0.704494064242);
#2419 = AXIS2_PLACEMENT_3D('',#2420,#2421,#2422);
#2420 = CARTESIAN_POINT('',(111.,-136.02,52.));
#2421 = DIRECTION('',(-0.,-1.,0.));
#2422 = DIRECTION('',(1.,0.,0.));
#2423 = ADVANCED_FACE('',(#2424),#2440,.F.);
#2424 = FACE_BOUND('',#2425,.T.);
#2425 = EDGE_LOOP('',(#2426,#2427,#2433,#2434));
#2426 = ORIENTED_EDGE('',*,*,#1316,.F.);
#2427 = ORIENTED_EDGE('',*,*,#2428,.T.);
#2428 = EDGE_CURVE('',#1308,#657,#2429,.T.);
#2429 = LINE('',#2430,#2431);
#2430 = CARTESIAN_POINT('',(131.28284521868,-137.02,55.342154781315));
#2431 = VECTOR('',#2432,1.);
#2432 = DIRECTION('',(0.,-1.,2.2E-16));
#2433 = ORIENTED_EDGE('',*,*,#665,.T.);
#2434 = ORIENTED_EDGE('',*,*,#2435,.F.);
#2435 = EDGE_CURVE('',#1317,#666,#2436,.T.);
#2436 = LINE('',#2437,#2438);
#2437 = CARTESIAN_POINT('',(122.71715478131,-137.02,55.342154781315));
#2438 = VECTOR('',#2439,1.);
#2439 = DIRECTION('',(0.,-1.,2.2E-16));
#2440 = CYLINDRICAL_SURFACE('',#2441,8.5);
#2441 = AXIS2_PLACEMENT_3D('',#2442,#2443,#2444);
#2442 = CARTESIAN_POINT('',(127.,-137.02,48.));
#2443 = DIRECTION('',(-0.,-1.,0.));
#2444 = DIRECTION('',(1.,0.,0.));
#2445 = ADVANCED_FACE('',(#2446),#2501,.F.);
#2446 = FACE_BOUND('',#2447,.F.);
#2447 = EDGE_LOOP('',(#2448,#2449,#2457,#2464,#2465,#2466));
#2448 = ORIENTED_EDGE('',*,*,#638,.T.);
#2449 = ORIENTED_EDGE('',*,*,#2450,.T.);
#2450 = EDGE_CURVE('',#630,#2451,#2453,.T.);
#2451 = VERTEX_POINT('',#2452);
#2452 = CARTESIAN_POINT('',(145.2,-134.02,52.));
#2453 = LINE('',#2454,#2455);
#2454 = CARTESIAN_POINT('',(146.9,-136.02,52.));
#2455 = VECTOR('',#2456,1.);
#2456 = DIRECTION('',(-0.647648420096,0.761939317759,-1.6E-16));
#2457 = ORIENTED_EDGE('',*,*,#2458,.F.);
#2458 = EDGE_CURVE('',#2451,#2451,#2459,.T.);
#2459 = CIRCLE('',#2460,2.2);
#2460 = AXIS2_PLACEMENT_3D('',#2461,#2462,#2463);
#2461 = CARTESIAN_POINT('',(143.,-134.02,52.));
#2462 = DIRECTION('',(-0.,1.,0.));
#2463 = DIRECTION('',(1.,0.,0.));
#2464 = ORIENTED_EDGE('',*,*,#2450,.F.);
#2465 = ORIENTED_EDGE('',*,*,#629,.T.);
#2466 = ORIENTED_EDGE('',*,*,#2467,.F.);
#2467 = EDGE_CURVE('',#639,#621,#2468,.T.);
#2468 = B_SPLINE_CURVE_WITH_KNOTS('',7,(#2469,#2470,#2471,#2472,#2473,
    #2474,#2475,#2476,#2477,#2478,#2479,#2480,#2481,#2482,#2483,#2484,
    #2485,#2486,#2487,#2488,#2489,#2490,#2491,#2492,#2493,#2494,#2495,
    #2496,#2497,#2498,#2499,#2500),.UNSPECIFIED.,.F.,.F.,(8,6,6,6,6,8),(
    0.,0.278864685276,0.409916869241,0.498930327007,0.63388986056,1.),
  .UNSPECIFIED.);
#2469 = CARTESIAN_POINT('',(140.62094527283,-136.0199999999,
    55.090323381972));
#2470 = CARTESIAN_POINT('',(140.59290920124,-135.9768780369,
    55.022483020266));
#2471 = CARTESIAN_POINT('',(140.56281085247,-135.9350765147,
    54.952944480673));
#2472 = CARTESIAN_POINT('',(140.53035854068,-135.8947721997,
    54.881381635651));
#2473 = CARTESIAN_POINT('',(140.49523441495,-135.8563160503,
    54.807542389143));
#2474 = CARTESIAN_POINT('',(140.45709482104,-135.820238316,
    54.731237980825));
#2475 = CARTESIAN_POINT('',(140.4155585223,-135.7872589792,
    54.652327724467));
#2476 = CARTESIAN_POINT('',(140.34885849417,-135.7446959548,
    54.532337926586));
#2477 = CARTESIAN_POINT('',(140.32670019283,-135.7319859362,
    54.493401408194));
#2478 = CARTESIAN_POINT('',(140.30367586963,-135.7202753004,
    54.453901066385));
#2479 = CARTESIAN_POINT('',(140.27976572224,-135.7096794981,
    54.413873265849));
#2480 = CARTESIAN_POINT('',(140.25496575003,-135.7003224056,
    54.373381248512));
#2481 = CARTESIAN_POINT('',(140.22929533618,-135.6923253496,
    54.332519623364));
#2482 = CARTESIAN_POINT('',(140.18481859919,-135.6813516606,
    54.263506591307));
#2483 = CARTESIAN_POINT('',(140.16645133486,-135.6775873255,
    54.2354817859));
#2484 = CARTESIAN_POINT('',(140.14772714454,-135.6745301332,
    54.20739346028));
#2485 = CARTESIAN_POINT('',(140.12867091215,-135.6722072212,
    54.179291604148));
#2486 = CARTESIAN_POINT('',(140.10931298896,-135.6706384046,
    54.15122976907));
#2487 = CARTESIAN_POINT('',(140.08968990058,-135.6698344892,
    54.123265124747));
#2488 = CARTESIAN_POINT('',(140.03975689312,-135.6697366017,
    54.053298968468));
#2489 = CARTESIAN_POINT('',(140.00914755747,-135.6714363234,
    54.011486849598));
#2490 = CARTESIAN_POINT('',(139.97817612942,-135.6748971627,
    53.970246084388));
#2491 = CARTESIAN_POINT('',(139.94698884289,-135.680063057,
    53.929750132213));
#2492 = CARTESIAN_POINT('',(139.91571807289,-135.6868354526,
    53.890129392154));
#2493 = CARTESIAN_POINT('',(139.88448132532,-135.6950892882,
    53.851478609033));
#2494 = CARTESIAN_POINT('',(139.76901102851,-135.7307304397,
    53.711826379025));
#2495 = CARTESIAN_POINT('',(139.68605216928,-135.7665484383,
    53.617913640896));
#2496 = CARTESIAN_POINT('',(139.60527219528,-135.8096241159,
    53.531801547443));
#2497 = CARTESIAN_POINT('',(139.5269475535,-135.8576969877,
    53.452656083115));
#2498 = CARTESIAN_POINT('',(139.45109731895,-135.9092644421,
    53.379657921934));
#2499 = CARTESIAN_POINT('',(139.37739041291,-135.9634326412,
    53.311842419258));
#2500 = CARTESIAN_POINT('',(139.30513580824,-136.02,53.248190131541));
#2501 = CONICAL_SURFACE('',#2502,3.9,0.704494064242);
#2502 = AXIS2_PLACEMENT_3D('',#2503,#2504,#2505);
#2503 = CARTESIAN_POINT('',(143.,-136.02,52.));
#2504 = DIRECTION('',(-0.,-1.,0.));
#2505 = DIRECTION('',(1.,0.,0.));
#2506 = ADVANCED_FACE('',(#2507),#2567,.F.);
#2507 = FACE_BOUND('',#2508,.F.);
#2508 = EDGE_LOOP('',(#2509,#2510,#2518,#2525,#2526,#2527));
#2509 = ORIENTED_EDGE('',*,*,#584,.T.);
#2510 = ORIENTED_EDGE('',*,*,#2511,.T.);
#2511 = EDGE_CURVE('',#576,#2512,#2514,.T.);
#2512 = VERTEX_POINT('',#2513);
#2513 = CARTESIAN_POINT('',(145.2,-134.02,44.));
#2514 = LINE('',#2515,#2516);
#2515 = CARTESIAN_POINT('',(146.9,-136.02,44.));
#2516 = VECTOR('',#2517,1.);
#2517 = DIRECTION('',(-0.647648420096,0.761939317759,-1.6E-16));
#2518 = ORIENTED_EDGE('',*,*,#2519,.F.);
#2519 = EDGE_CURVE('',#2512,#2512,#2520,.T.);
#2520 = CIRCLE('',#2521,2.2);
#2521 = AXIS2_PLACEMENT_3D('',#2522,#2523,#2524);
#2522 = CARTESIAN_POINT('',(143.,-134.02,44.));
#2523 = DIRECTION('',(-0.,1.,0.));
#2524 = DIRECTION('',(1.,0.,0.));
#2525 = ORIENTED_EDGE('',*,*,#2511,.F.);
#2526 = ORIENTED_EDGE('',*,*,#575,.T.);
#2527 = ORIENTED_EDGE('',*,*,#2528,.F.);
#2528 = EDGE_CURVE('',#585,#567,#2529,.T.);
#2529 = B_SPLINE_CURVE_WITH_KNOTS('',6,(#2530,#2531,#2532,#2533,#2534,
    #2535,#2536,#2537,#2538,#2539,#2540,#2541,#2542,#2543,#2544,#2545,
    #2546,#2547,#2548,#2549,#2550,#2551,#2552,#2553,#2554,#2555,#2556,
    #2557,#2558,#2559,#2560,#2561,#2562,#2563,#2564,#2565,#2566),
  .UNSPECIFIED.,.F.,.F.,(7,5,5,5,5,5,5,7),(0.,0.280162964031,
    0.364130778819,0.408946324778,0.500372692174,0.635814885993,
    0.719791520225,1.),.UNSPECIFIED.);
#2530 = CARTESIAN_POINT('',(139.30513580824,-136.0199999999,
    42.751809868459));
#2531 = CARTESIAN_POINT('',(139.36965910446,-135.9694854001,
    42.69496843345));
#2532 = CARTESIAN_POINT('',(139.43550433178,-135.9208356268,
    42.63459733428));
#2533 = CARTESIAN_POINT('',(139.50305226932,-135.8743622188,
    42.570018924472));
#2534 = CARTESIAN_POINT('',(139.57249607236,-135.8307911192,
    42.500554756617));
#2535 = CARTESIAN_POINT('',(139.64387810746,-135.791281293,
    42.425514146397));
#2536 = CARTESIAN_POINT('',(139.73908143076,-135.747347699,
    42.319690875232));
#2537 = CARTESIAN_POINT('',(139.76119103321,-135.7377348724,
    42.294728286864));
#2538 = CARTESIAN_POINT('',(139.78344658817,-135.7286868662,
    42.269193914462));
#2539 = CARTESIAN_POINT('',(139.80583082231,-135.7202561597,
    42.243082849344));
#2540 = CARTESIAN_POINT('',(139.82831844737,-135.7124977688,
    42.216399937205));
#2541 = CARTESIAN_POINT('',(139.86291465553,-135.7017129119,
    42.174625432385));
#2542 = CARTESIAN_POINT('',(139.87497349144,-135.6981668187,
    42.15993050589));
#2543 = CARTESIAN_POINT('',(139.88704661352,-135.6948360939,
    42.14508064683));
#2544 = CARTESIAN_POINT('',(139.89912790745,-135.6917287931,
    42.130079929462));
#2545 = CARTESIAN_POINT('',(139.91121049963,-135.6888526072,
    42.114933691045));
#2546 = CARTESIAN_POINT('',(139.94792303764,-135.6808337062,
    42.068465901974));
#2547 = CARTESIAN_POINT('',(139.9725360942,-135.676443995,
    42.036701247327));
#2548 = CARTESIAN_POINT('',(139.99705525171,-135.6731083198,
    42.004418542316));
#2549 = CARTESIAN_POINT('',(140.02140525685,-135.6708748412,
    41.971696259555));
#2550 = CARTESIAN_POINT('',(140.04550697619,-135.6697705856,
    41.938630103624));
#2551 = CARTESIAN_POINT('',(140.10449345397,-135.6698305282,
    41.856012326209));
#2552 = CARTESIAN_POINT('',(140.13899929221,-135.6723430174,
    41.806165449118));
#2553 = CARTESIAN_POINT('',(140.17251409231,-135.6773330603,
    41.756189008947));
#2554 = CARTESIAN_POINT('',(140.20485991309,-135.6846641272,
    41.706408189599));
#2555 = CARTESIAN_POINT('',(140.23593596508,-135.6941195752,
    41.657084852869));
#2556 = CARTESIAN_POINT('',(140.28414158727,-135.7124911331,
    41.578251645379));
#2557 = CARTESIAN_POINT('',(140.30208906533,-135.7202489411,
    41.548325781321));
#2558 = CARTESIAN_POINT('',(140.31952914963,-135.728679082,
    41.518683160387));
#2559 = CARTESIAN_POINT('',(140.3364654545,-135.7377265408,
    41.489349279891));
#2560 = CARTESIAN_POINT('',(140.35290822266,-135.7473388382,
    41.460338891405));
#2561 = CARTESIAN_POINT('',(140.42213845752,-135.7912721546,
    41.335955414179));
#2562 = CARTESIAN_POINT('',(140.46997496949,-135.8307830586,
    41.244089435631));
#2563 = CARTESIAN_POINT('',(140.51316455874,-135.874355778,
    41.15586587561));
#2564 = CARTESIAN_POINT('',(140.55234693021,-135.9208311317,
    41.071020635732));
#2565 = CARTESIAN_POINT('',(140.5881013009,-135.9694830601,
    40.989150909855));
#2566 = CARTESIAN_POINT('',(140.62094527283,-136.02,40.909676618028));
#2567 = CONICAL_SURFACE('',#2568,3.9,0.704494064242);
#2568 = AXIS2_PLACEMENT_3D('',#2569,#2570,#2571);
#2569 = CARTESIAN_POINT('',(143.,-136.02,44.));
#2570 = DIRECTION('',(-0.,-1.,0.));
#2571 = DIRECTION('',(1.,0.,0.));
#2572 = ADVANCED_FACE('',(#2573),#2584,.F.);
#2573 = FACE_BOUND('',#2574,.T.);
#2574 = EDGE_LOOP('',(#2575,#2576,#2582,#2583));
#2575 = ORIENTED_EDGE('',*,*,#791,.T.);
#2576 = ORIENTED_EDGE('',*,*,#2577,.T.);
#2577 = EDGE_CURVE('',#792,#1411,#2578,.T.);
#2578 = LINE('',#2579,#2580);
#2579 = CARTESIAN_POINT('',(101.95,-137.02,62.));
#2580 = VECTOR('',#2581,1.);
#2581 = DIRECTION('',(0.,1.,0.));
#2582 = ORIENTED_EDGE('',*,*,#1410,.F.);
#2583 = ORIENTED_EDGE('',*,*,#2577,.F.);
#2584 = CYLINDRICAL_SURFACE('',#2585,2.2);
#2585 = AXIS2_PLACEMENT_3D('',#2586,#2587,#2588);
#2586 = CARTESIAN_POINT('',(99.75,-137.02,62.));
#2587 = DIRECTION('',(-0.,-1.,0.));
#2588 = DIRECTION('',(1.,0.,0.));
#2589 = ADVANCED_FACE('',(#2590),#2601,.F.);
#2590 = FACE_BOUND('',#2591,.F.);
#2591 = EDGE_LOOP('',(#2592,#2593,#2599,#2600));
#2592 = ORIENTED_EDGE('',*,*,#1594,.F.);
#2593 = ORIENTED_EDGE('',*,*,#2594,.F.);
#2594 = EDGE_CURVE('',#920,#1587,#2595,.T.);
#2595 = LINE('',#2596,#2597);
#2596 = CARTESIAN_POINT('',(-86.1,-132.97,28.));
#2597 = VECTOR('',#2598,1.);
#2598 = DIRECTION('',(-0.647648420096,-0.761939317759,1.6E-16));
#2599 = ORIENTED_EDGE('',*,*,#919,.T.);
#2600 = ORIENTED_EDGE('',*,*,#2594,.T.);
#2601 = CONICAL_SURFACE('',#2602,3.9,0.704494064242);
#2602 = AXIS2_PLACEMENT_3D('',#2603,#2604,#2605);
#2603 = CARTESIAN_POINT('',(-90.,-132.97,28.));
#2604 = DIRECTION('',(-0.,1.,-0.));
#2605 = DIRECTION('',(1.,0.,0.));
#2606 = ADVANCED_FACE('',(#2607),#2618,.F.);
#2607 = FACE_BOUND('',#2608,.T.);
#2608 = EDGE_LOOP('',(#2609,#2615,#2616,#2617));
#2609 = ORIENTED_EDGE('',*,*,#2610,.F.);
#2610 = EDGE_CURVE('',#1726,#942,#2611,.T.);
#2611 = LINE('',#2612,#2613);
#2612 = CARTESIAN_POINT('',(-140.8,-137.02,44.));
#2613 = VECTOR('',#2614,1.);
#2614 = DIRECTION('',(0.,1.,0.));
#2615 = ORIENTED_EDGE('',*,*,#1733,.F.);
#2616 = ORIENTED_EDGE('',*,*,#2610,.T.);
#2617 = ORIENTED_EDGE('',*,*,#941,.F.);
#2618 = CYLINDRICAL_SURFACE('',#2619,2.2);
#2619 = AXIS2_PLACEMENT_3D('',#2620,#2621,#2622);
#2620 = CARTESIAN_POINT('',(-143.,-137.02,44.));
#2621 = DIRECTION('',(-0.,-1.,0.));
#2622 = DIRECTION('',(1.,0.,0.));
#2623 = ADVANCED_FACE('',(#2624),#2635,.F.);
#2624 = FACE_BOUND('',#2625,.T.);
#2625 = EDGE_LOOP('',(#2626,#2632,#2633,#2634));
#2626 = ORIENTED_EDGE('',*,*,#2627,.F.);
#2627 = EDGE_CURVE('',#1958,#953,#2628,.T.);
#2628 = LINE('',#2629,#2630);
#2629 = CARTESIAN_POINT('',(-108.8,-137.02,44.));
#2630 = VECTOR('',#2631,1.);
#2631 = DIRECTION('',(0.,1.,0.));
#2632 = ORIENTED_EDGE('',*,*,#1965,.F.);
#2633 = ORIENTED_EDGE('',*,*,#2627,.T.);
#2634 = ORIENTED_EDGE('',*,*,#952,.F.);
#2635 = CYLINDRICAL_SURFACE('',#2636,2.2);
#2636 = AXIS2_PLACEMENT_3D('',#2637,#2638,#2639);
#2637 = CARTESIAN_POINT('',(-111.,-137.02,44.));
#2638 = DIRECTION('',(-0.,-1.,0.));
#2639 = DIRECTION('',(1.,0.,0.));
#2640 = ADVANCED_FACE('',(#2641),#2652,.F.);
#2641 = FACE_BOUND('',#2642,.F.);
#2642 = EDGE_LOOP('',(#2643,#2644,#2650,#2651));
#2643 = ORIENTED_EDGE('',*,*,#1636,.F.);
#2644 = ORIENTED_EDGE('',*,*,#2645,.F.);
#2645 = EDGE_CURVE('',#964,#1629,#2646,.T.);
#2646 = LINE('',#2647,#2648);
#2647 = CARTESIAN_POINT('',(-84.1,-132.97,40.));
#2648 = VECTOR('',#2649,1.);
#2649 = DIRECTION('',(-0.647648420096,-0.761939317759,1.6E-16));
#2650 = ORIENTED_EDGE('',*,*,#963,.T.);
#2651 = ORIENTED_EDGE('',*,*,#2645,.T.);
#2652 = CONICAL_SURFACE('',#2653,3.9,0.704494064242);
#2653 = AXIS2_PLACEMENT_3D('',#2654,#2655,#2656);
#2654 = CARTESIAN_POINT('',(-88.,-132.97,40.));
#2655 = DIRECTION('',(-0.,1.,-0.));
#2656 = DIRECTION('',(1.,0.,0.));
#2657 = ADVANCED_FACE('',(#2658),#2669,.F.);
#2658 = FACE_BOUND('',#2659,.F.);
#2659 = EDGE_LOOP('',(#2660,#2661,#2667,#2668));
#2660 = ORIENTED_EDGE('',*,*,#1661,.F.);
#2661 = ORIENTED_EDGE('',*,*,#2662,.F.);
#2662 = EDGE_CURVE('',#975,#1654,#2663,.T.);
#2663 = LINE('',#2664,#2665);
#2664 = CARTESIAN_POINT('',(-36.1,-132.97,28.));
#2665 = VECTOR('',#2666,1.);
#2666 = DIRECTION('',(-0.647648420096,-0.761939317759,1.6E-16));
#2667 = ORIENTED_EDGE('',*,*,#974,.T.);
#2668 = ORIENTED_EDGE('',*,*,#2662,.T.);
#2669 = CONICAL_SURFACE('',#2670,3.9,0.704494064242);
#2670 = AXIS2_PLACEMENT_3D('',#2671,#2672,#2673);
#2671 = CARTESIAN_POINT('',(-40.,-132.97,28.));
#2672 = DIRECTION('',(-0.,1.,-0.));
#2673 = DIRECTION('',(1.,0.,0.));
#2674 = ADVANCED_FACE('',(#2675),#2686,.F.);
#2675 = FACE_BOUND('',#2676,.F.);
#2676 = EDGE_LOOP('',(#2677,#2678,#2684,#2685));
#2677 = ORIENTED_EDGE('',*,*,#1686,.F.);
#2678 = ORIENTED_EDGE('',*,*,#2679,.F.);
#2679 = EDGE_CURVE('',#986,#1679,#2680,.T.);
#2680 = LINE('',#2681,#2682);
#2681 = CARTESIAN_POINT('',(-28.1,-132.97,40.));
#2682 = VECTOR('',#2683,1.);
#2683 = DIRECTION('',(-0.647648420096,-0.761939317759,1.6E-16));
#2684 = ORIENTED_EDGE('',*,*,#985,.T.);
#2685 = ORIENTED_EDGE('',*,*,#2679,.T.);
#2686 = CONICAL_SURFACE('',#2687,3.9,0.704494064242);
#2687 = AXIS2_PLACEMENT_3D('',#2688,#2689,#2690);
#2688 = CARTESIAN_POINT('',(-32.,-132.97,40.));
#2689 = DIRECTION('',(-0.,1.,-0.));
#2690 = DIRECTION('',(1.,0.,0.));
#2691 = ADVANCED_FACE('',(#2692),#2703,.F.);
#2692 = FACE_BOUND('',#2693,.T.);
#2693 = EDGE_LOOP('',(#2694,#2700,#2701,#2702));
#2694 = ORIENTED_EDGE('',*,*,#2695,.F.);
#2695 = EDGE_CURVE('',#1814,#1116,#2696,.T.);
#2696 = LINE('',#2697,#2698);
#2697 = CARTESIAN_POINT('',(-140.8,-137.02,52.));
#2698 = VECTOR('',#2699,1.);
#2699 = DIRECTION('',(0.,1.,0.));
#2700 = ORIENTED_EDGE('',*,*,#1821,.F.);
#2701 = ORIENTED_EDGE('',*,*,#2695,.T.);
#2702 = ORIENTED_EDGE('',*,*,#1115,.F.);
#2703 = CYLINDRICAL_SURFACE('',#2704,2.2);
#2704 = AXIS2_PLACEMENT_3D('',#2705,#2706,#2707);
#2705 = CARTESIAN_POINT('',(-143.,-137.02,52.));
#2706 = DIRECTION('',(-0.,-1.,0.));
#2707 = DIRECTION('',(1.,0.,0.));
#2708 = ADVANCED_FACE('',(#2709),#2720,.F.);
#2709 = FACE_BOUND('',#2710,.T.);
#2710 = EDGE_LOOP('',(#2711,#2717,#2718,#2719));
#2711 = ORIENTED_EDGE('',*,*,#2712,.F.);
#2712 = EDGE_CURVE('',#1897,#1127,#2713,.T.);
#2713 = LINE('',#2714,#2715);
#2714 = CARTESIAN_POINT('',(-108.8,-137.02,52.));
#2715 = VECTOR('',#2716,1.);
#2716 = DIRECTION('',(0.,1.,0.));
#2717 = ORIENTED_EDGE('',*,*,#1904,.F.);
#2718 = ORIENTED_EDGE('',*,*,#2712,.T.);
#2719 = ORIENTED_EDGE('',*,*,#1126,.F.);
#2720 = CYLINDRICAL_SURFACE('',#2721,2.2);
#2721 = AXIS2_PLACEMENT_3D('',#2722,#2723,#2724);
#2722 = CARTESIAN_POINT('',(-111.,-137.02,52.));
#2723 = DIRECTION('',(-0.,-1.,0.));
#2724 = DIRECTION('',(1.,0.,0.));
#2725 = ADVANCED_FACE('',(#2726),#2737,.F.);
#2726 = FACE_BOUND('',#2727,.F.);
#2727 = EDGE_LOOP('',(#2728,#2729,#2735,#2736));
#2728 = ORIENTED_EDGE('',*,*,#2048,.F.);
#2729 = ORIENTED_EDGE('',*,*,#2730,.F.);
#2730 = EDGE_CURVE('',#1149,#2041,#2731,.T.);
#2731 = LINE('',#2732,#2733);
#2732 = CARTESIAN_POINT('',(-56.1,-132.97,52.));
#2733 = VECTOR('',#2734,1.);
#2734 = DIRECTION('',(-0.647648420096,-0.761939317759,1.6E-16));
#2735 = ORIENTED_EDGE('',*,*,#1148,.T.);
#2736 = ORIENTED_EDGE('',*,*,#2730,.T.);
#2737 = CONICAL_SURFACE('',#2738,3.9,0.704494064242);
#2738 = AXIS2_PLACEMENT_3D('',#2739,#2740,#2741);
#2739 = CARTESIAN_POINT('',(-60.,-132.97,52.));
#2740 = DIRECTION('',(-0.,1.,-0.));
#2741 = DIRECTION('',(1.,0.,0.));
#2742 = ADVANCED_FACE('',(#2743),#2754,.F.);
#2743 = FACE_BOUND('',#2744,.F.);
#2744 = EDGE_LOOP('',(#2745,#2746,#2752,#2753));
#2745 = ORIENTED_EDGE('',*,*,#2073,.F.);
#2746 = ORIENTED_EDGE('',*,*,#2747,.F.);
#2747 = EDGE_CURVE('',#1160,#2066,#2748,.T.);
#2748 = LINE('',#2749,#2750);
#2749 = CARTESIAN_POINT('',(-16.1,-132.97,52.));
#2750 = VECTOR('',#2751,1.);
#2751 = DIRECTION('',(-0.647648420096,-0.761939317759,1.6E-16));
#2752 = ORIENTED_EDGE('',*,*,#1159,.T.);
#2753 = ORIENTED_EDGE('',*,*,#2747,.T.);
#2754 = CONICAL_SURFACE('',#2755,3.9,0.704494064242);
#2755 = AXIS2_PLACEMENT_3D('',#2756,#2757,#2758);
#2756 = CARTESIAN_POINT('',(-20.,-132.97,52.));
#2757 = DIRECTION('',(-0.,1.,-0.));
#2758 = DIRECTION('',(1.,0.,0.));
#2759 = ADVANCED_FACE('',(#2760),#2771,.F.);
#2760 = FACE_BOUND('',#2761,.F.);
#2761 = EDGE_LOOP('',(#2762,#2763,#2769,#2770));
#2762 = ORIENTED_EDGE('',*,*,#2098,.F.);
#2763 = ORIENTED_EDGE('',*,*,#2764,.F.);
#2764 = EDGE_CURVE('',#1171,#2091,#2765,.T.);
#2765 = LINE('',#2766,#2767);
#2766 = CARTESIAN_POINT('',(43.9,-132.97,28.));
#2767 = VECTOR('',#2768,1.);
#2768 = DIRECTION('',(-0.647648420096,-0.761939317759,1.6E-16));
#2769 = ORIENTED_EDGE('',*,*,#1170,.T.);
#2770 = ORIENTED_EDGE('',*,*,#2764,.T.);
#2771 = CONICAL_SURFACE('',#2772,3.9,0.704494064242);
#2772 = AXIS2_PLACEMENT_3D('',#2773,#2774,#2775);
#2773 = CARTESIAN_POINT('',(40.,-132.97,28.));
#2774 = DIRECTION('',(-0.,1.,-0.));
#2775 = DIRECTION('',(1.,0.,0.));
#2776 = ADVANCED_FACE('',(#2777),#2788,.F.);
#2777 = FACE_BOUND('',#2778,.F.);
#2778 = EDGE_LOOP('',(#2779,#2780,#2786,#2787));
#2779 = ORIENTED_EDGE('',*,*,#2123,.F.);
#2780 = ORIENTED_EDGE('',*,*,#2781,.F.);
#2781 = EDGE_CURVE('',#1182,#2116,#2782,.T.);
#2782 = LINE('',#2783,#2784);
#2783 = CARTESIAN_POINT('',(35.9,-132.97,40.));
#2784 = VECTOR('',#2785,1.);
#2785 = DIRECTION('',(-0.647648420096,-0.761939317759,1.6E-16));
#2786 = ORIENTED_EDGE('',*,*,#1181,.T.);
#2787 = ORIENTED_EDGE('',*,*,#2781,.T.);
#2788 = CONICAL_SURFACE('',#2789,3.9,0.704494064242);
#2789 = AXIS2_PLACEMENT_3D('',#2790,#2791,#2792);
#2790 = CARTESIAN_POINT('',(32.,-132.97,40.));
#2791 = DIRECTION('',(-0.,1.,-0.));
#2792 = DIRECTION('',(1.,0.,0.));
#2793 = ADVANCED_FACE('',(#2794),#2805,.F.);
#2794 = FACE_BOUND('',#2795,.F.);
#2795 = EDGE_LOOP('',(#2796,#2797,#2803,#2804));
#2796 = ORIENTED_EDGE('',*,*,#2148,.F.);
#2797 = ORIENTED_EDGE('',*,*,#2798,.F.);
#2798 = EDGE_CURVE('',#1193,#2141,#2799,.T.);
#2799 = LINE('',#2800,#2801);
#2800 = CARTESIAN_POINT('',(93.9,-132.97,28.));
#2801 = VECTOR('',#2802,1.);
#2802 = DIRECTION('',(-0.647648420096,-0.761939317759,1.6E-16));
#2803 = ORIENTED_EDGE('',*,*,#1192,.T.);
#2804 = ORIENTED_EDGE('',*,*,#2798,.T.);
#2805 = CONICAL_SURFACE('',#2806,3.9,0.704494064242);
#2806 = AXIS2_PLACEMENT_3D('',#2807,#2808,#2809);
#2807 = CARTESIAN_POINT('',(90.,-132.97,28.));
#2808 = DIRECTION('',(-0.,1.,-0.));
#2809 = DIRECTION('',(1.,0.,0.));
#2810 = ADVANCED_FACE('',(#2811),#2822,.F.);
#2811 = FACE_BOUND('',#2812,.F.);
#2812 = EDGE_LOOP('',(#2813,#2814,#2820,#2821));
#2813 = ORIENTED_EDGE('',*,*,#2190,.F.);
#2814 = ORIENTED_EDGE('',*,*,#2815,.F.);
#2815 = EDGE_CURVE('',#1215,#2183,#2816,.T.);
#2816 = LINE('',#2817,#2818);
#2817 = CARTESIAN_POINT('',(91.9,-132.97,40.));
#2818 = VECTOR('',#2819,1.);
#2819 = DIRECTION('',(-0.647648420096,-0.761939317759,1.6E-16));
#2820 = ORIENTED_EDGE('',*,*,#1214,.T.);
#2821 = ORIENTED_EDGE('',*,*,#2815,.T.);
#2822 = CONICAL_SURFACE('',#2823,3.9,0.704494064242);
#2823 = AXIS2_PLACEMENT_3D('',#2824,#2825,#2826);
#2824 = CARTESIAN_POINT('',(88.,-132.97,40.));
#2825 = DIRECTION('',(-0.,1.,-0.));
#2826 = DIRECTION('',(1.,0.,0.));
#2827 = ADVANCED_FACE('',(#2828),#2839,.F.);
#2828 = FACE_BOUND('',#2829,.T.);
#2829 = EDGE_LOOP('',(#2830,#2836,#2837,#2838));
#2830 = ORIENTED_EDGE('',*,*,#2831,.F.);
#2831 = EDGE_CURVE('',#2280,#1226,#2832,.T.);
#2832 = LINE('',#2833,#2834);
#2833 = CARTESIAN_POINT('',(113.2,-137.02,44.));
#2834 = VECTOR('',#2835,1.);
#2835 = DIRECTION('',(0.,1.,0.));
#2836 = ORIENTED_EDGE('',*,*,#2287,.F.);
#2837 = ORIENTED_EDGE('',*,*,#2831,.T.);
#2838 = ORIENTED_EDGE('',*,*,#1225,.F.);
#2839 = CYLINDRICAL_SURFACE('',#2840,2.2);
#2840 = AXIS2_PLACEMENT_3D('',#2841,#2842,#2843);
#2841 = CARTESIAN_POINT('',(111.,-137.02,44.));
#2842 = DIRECTION('',(-0.,-1.,0.));
#2843 = DIRECTION('',(1.,0.,0.));
#2844 = ADVANCED_FACE('',(#2845),#2856,.F.);
#2845 = FACE_BOUND('',#2846,.T.);
#2846 = EDGE_LOOP('',(#2847,#2853,#2854,#2855));
#2847 = ORIENTED_EDGE('',*,*,#2848,.F.);
#2848 = EDGE_CURVE('',#2512,#1237,#2849,.T.);
#2849 = LINE('',#2850,#2851);
#2850 = CARTESIAN_POINT('',(145.2,-137.02,44.));
#2851 = VECTOR('',#2852,1.);
#2852 = DIRECTION('',(0.,1.,0.));
#2853 = ORIENTED_EDGE('',*,*,#2519,.F.);
#2854 = ORIENTED_EDGE('',*,*,#2848,.T.);
#2855 = ORIENTED_EDGE('',*,*,#1236,.F.);
#2856 = CYLINDRICAL_SURFACE('',#2857,2.2);
#2857 = AXIS2_PLACEMENT_3D('',#2858,#2859,#2860);
#2858 = CARTESIAN_POINT('',(143.,-137.02,44.));
#2859 = DIRECTION('',(-0.,-1.,0.));
#2860 = DIRECTION('',(1.,0.,0.));
#2861 = ADVANCED_FACE('',(#2862),#2873,.F.);
#2862 = FACE_BOUND('',#2863,.F.);
#2863 = EDGE_LOOP('',(#2864,#2865,#2871,#2872));
#2864 = ORIENTED_EDGE('',*,*,#2215,.F.);
#2865 = ORIENTED_EDGE('',*,*,#2866,.F.);
#2866 = EDGE_CURVE('',#1248,#2208,#2867,.T.);
#2867 = LINE('',#2868,#2869);
#2868 = CARTESIAN_POINT('',(23.9,-132.97,52.));
#2869 = VECTOR('',#2870,1.);
#2870 = DIRECTION('',(-0.647648420096,-0.761939317759,1.6E-16));
#2871 = ORIENTED_EDGE('',*,*,#1247,.T.);
#2872 = ORIENTED_EDGE('',*,*,#2866,.T.);
#2873 = CONICAL_SURFACE('',#2874,3.9,0.704494064242);
#2874 = AXIS2_PLACEMENT_3D('',#2875,#2876,#2877);
#2875 = CARTESIAN_POINT('',(20.,-132.97,52.));
#2876 = DIRECTION('',(-0.,1.,-0.));
#2877 = DIRECTION('',(1.,0.,0.));
#2878 = ADVANCED_FACE('',(#2879),#2890,.F.);
#2879 = FACE_BOUND('',#2880,.F.);
#2880 = EDGE_LOOP('',(#2881,#2882,#2888,#2889));
#2881 = ORIENTED_EDGE('',*,*,#2240,.F.);
#2882 = ORIENTED_EDGE('',*,*,#2883,.F.);
#2883 = EDGE_CURVE('',#1259,#2233,#2884,.T.);
#2884 = LINE('',#2885,#2886);
#2885 = CARTESIAN_POINT('',(63.9,-132.97,52.));
#2886 = VECTOR('',#2887,1.);
#2887 = DIRECTION('',(-0.647648420096,-0.761939317759,1.6E-16));
#2888 = ORIENTED_EDGE('',*,*,#1258,.T.);
#2889 = ORIENTED_EDGE('',*,*,#2883,.T.);
#2890 = CONICAL_SURFACE('',#2891,3.9,0.704494064242);
#2891 = AXIS2_PLACEMENT_3D('',#2892,#2893,#2894);
#2892 = CARTESIAN_POINT('',(60.,-132.97,52.));
#2893 = DIRECTION('',(-0.,1.,-0.));
#2894 = DIRECTION('',(1.,0.,0.));
#2895 = ADVANCED_FACE('',(#2896),#2907,.F.);
#2896 = FACE_BOUND('',#2897,.T.);
#2897 = EDGE_LOOP('',(#2898,#2904,#2905,#2906));
#2898 = ORIENTED_EDGE('',*,*,#2899,.F.);
#2899 = EDGE_CURVE('',#2368,#1389,#2900,.T.);
#2900 = LINE('',#2901,#2902);
#2901 = CARTESIAN_POINT('',(113.2,-137.02,52.));
#2902 = VECTOR('',#2903,1.);
#2903 = DIRECTION('',(0.,1.,0.));
#2904 = ORIENTED_EDGE('',*,*,#2375,.F.);
#2905 = ORIENTED_EDGE('',*,*,#2899,.T.);
#2906 = ORIENTED_EDGE('',*,*,#1388,.F.);
#2907 = CYLINDRICAL_SURFACE('',#2908,2.2);
#2908 = AXIS2_PLACEMENT_3D('',#2909,#2910,#2911);
#2909 = CARTESIAN_POINT('',(111.,-137.02,52.));
#2910 = DIRECTION('',(-0.,-1.,0.));
#2911 = DIRECTION('',(1.,0.,0.));
#2912 = ADVANCED_FACE('',(#2913),#2924,.F.);
#2913 = FACE_BOUND('',#2914,.T.);
#2914 = EDGE_LOOP('',(#2915,#2921,#2922,#2923));
#2915 = ORIENTED_EDGE('',*,*,#2916,.F.);
#2916 = EDGE_CURVE('',#2451,#1400,#2917,.T.);
#2917 = LINE('',#2918,#2919);
#2918 = CARTESIAN_POINT('',(145.2,-137.02,52.));
#2919 = VECTOR('',#2920,1.);
#2920 = DIRECTION('',(0.,1.,0.));
#2921 = ORIENTED_EDGE('',*,*,#2458,.F.);
#2922 = ORIENTED_EDGE('',*,*,#2916,.T.);
#2923 = ORIENTED_EDGE('',*,*,#1399,.F.);
#2924 = CYLINDRICAL_SURFACE('',#2925,2.2);
#2925 = AXIS2_PLACEMENT_3D('',#2926,#2927,#2928);
#2926 = CARTESIAN_POINT('',(143.,-137.02,52.));
#2927 = DIRECTION('',(-0.,-1.,0.));
#2928 = DIRECTION('',(1.,0.,0.));
#2929 = ADVANCED_FACE('',(#2930),#2938,.F.);
#2930 = FACE_BOUND('',#2931,.T.);
#2931 = EDGE_LOOP('',(#2932,#2933,#2934,#2935,#2936,#2937));
#2932 = ORIENTED_EDGE('',*,*,#87,.T.);
#2933 = ORIENTED_EDGE('',*,*,#1564,.F.);
#2934 = ORIENTED_EDGE('',*,*,#834,.F.);
#2935 = ORIENTED_EDGE('',*,*,#825,.F.);
#2936 = ORIENTED_EDGE('',*,*,#47,.T.);
#2937 = ORIENTED_EDGE('',*,*,#78,.T.);
#2938 = CYLINDRICAL_SURFACE('',#2939,2.2);
#2939 = AXIS2_PLACEMENT_3D('',#2940,#2941,#2942);
#2940 = CARTESIAN_POINT('',(-154.25,-137.02,34.));
#2941 = DIRECTION('',(0.,-1.,2.2E-16));
#2942 = DIRECTION('',(1.,0.,0.));
#2943 = ADVANCED_FACE('',(#2944),#2952,.F.);
#2944 = FACE_BOUND('',#2945,.T.);
#2945 = EDGE_LOOP('',(#2946,#2947,#2948,#2949,#2950,#2951));
#2946 = ORIENTED_EDGE('',*,*,#851,.F.);
#2947 = ORIENTED_EDGE('',*,*,#1571,.T.);
#2948 = ORIENTED_EDGE('',*,*,#104,.T.);
#2949 = ORIENTED_EDGE('',*,*,#113,.T.);
#2950 = ORIENTED_EDGE('',*,*,#1547,.F.);
#2951 = ORIENTED_EDGE('',*,*,#860,.F.);
#2952 = CYLINDRICAL_SURFACE('',#2953,2.2);
#2953 = AXIS2_PLACEMENT_3D('',#2954,#2955,#2956);
#2954 = CARTESIAN_POINT('',(-154.25,-137.02,62.));
#2955 = DIRECTION('',(0.,-1.,2.2E-16));
#2956 = DIRECTION('',(1.,0.,0.));
#2957 = ADVANCED_FACE('',(#2958),#2973,.F.);
#2958 = FACE_BOUND('',#2959,.T.);
#2959 = EDGE_LOOP('',(#2960,#2961,#2962,#2963,#2964,#2965,#2966,#2972));
#2960 = ORIENTED_EDGE('',*,*,#1106,.F.);
#2961 = ORIENTED_EDGE('',*,*,#1703,.T.);
#2962 = ORIENTED_EDGE('',*,*,#445,.T.);
#2963 = ORIENTED_EDGE('',*,*,#227,.T.);
#2964 = ORIENTED_EDGE('',*,*,#1974,.F.);
#2965 = ORIENTED_EDGE('',*,*,#256,.T.);
#2966 = ORIENTED_EDGE('',*,*,#2967,.F.);
#2967 = EDGE_CURVE('',#999,#257,#2968,.T.);
#2968 = LINE('',#2969,#2970);
#2969 = CARTESIAN_POINT('',(-119.6578452186,-137.02,43.717154781315));
#2970 = VECTOR('',#2971,1.);
#2971 = DIRECTION('',(0.,-1.,2.2E-16));
#2972 = ORIENTED_EDGE('',*,*,#996,.F.);
#2973 = CYLINDRICAL_SURFACE('',#2974,5.);
#2974 = AXIS2_PLACEMENT_3D('',#2975,#2976,#2977);
#2975 = CARTESIAN_POINT('',(-118.,-137.02,39.));
#2976 = DIRECTION('',(0.,-1.,2.2E-16));
#2977 = DIRECTION('',(1.,0.,0.));
#2978 = ADVANCED_FACE('',(#2979),#2992,.F.);
#2979 = FACE_BOUND('',#2980,.T.);
#2980 = EDGE_LOOP('',(#2981,#2982,#2983,#2984,#2985,#2991));
#2981 = ORIENTED_EDGE('',*,*,#1007,.F.);
#2982 = ORIENTED_EDGE('',*,*,#2967,.T.);
#2983 = ORIENTED_EDGE('',*,*,#265,.T.);
#2984 = ORIENTED_EDGE('',*,*,#274,.T.);
#2985 = ORIENTED_EDGE('',*,*,#2986,.F.);
#2986 = EDGE_CURVE('',#1017,#275,#2987,.T.);
#2987 = LINE('',#2988,#2989);
#2988 = CARTESIAN_POINT('',(-119.6578452186,-137.02,52.282845218685));
#2989 = VECTOR('',#2990,1.);
#2990 = DIRECTION('',(0.,-1.,2.2E-16));
#2991 = ORIENTED_EDGE('',*,*,#1016,.F.);
#2992 = CYLINDRICAL_SURFACE('',#2993,8.5);
#2993 = AXIS2_PLACEMENT_3D('',#2994,#2995,#2996);
#2994 = CARTESIAN_POINT('',(-127.,-137.02,48.));
#2995 = DIRECTION('',(0.,-1.,2.2E-16));
#2996 = DIRECTION('',(1.,0.,0.));
#2997 = ADVANCED_FACE('',(#2998),#3008,.F.);
#2998 = FACE_BOUND('',#2999,.T.);
#2999 = EDGE_LOOP('',(#3000,#3001,#3002,#3003,#3004,#3005,#3006,#3007));
#3000 = ORIENTED_EDGE('',*,*,#1079,.F.);
#3001 = ORIENTED_EDGE('',*,*,#1791,.T.);
#3002 = ORIENTED_EDGE('',*,*,#391,.T.);
#3003 = ORIENTED_EDGE('',*,*,#1742,.F.);
#3004 = ORIENTED_EDGE('',*,*,#418,.T.);
#3005 = ORIENTED_EDGE('',*,*,#427,.T.);
#3006 = ORIENTED_EDGE('',*,*,#1710,.F.);
#3007 = ORIENTED_EDGE('',*,*,#1088,.F.);
#3008 = CYLINDRICAL_SURFACE('',#3009,5.);
#3009 = AXIS2_PLACEMENT_3D('',#3010,#3011,#3012);
#3010 = CARTESIAN_POINT('',(-136.,-137.02,39.));
#3011 = DIRECTION('',(0.,-1.,2.2E-16));
#3012 = DIRECTION('',(1.,0.,0.));
#3013 = ADVANCED_FACE('',(#3014),#3024,.F.);
#3014 = FACE_BOUND('',#3015,.T.);
#3015 = EDGE_LOOP('',(#3016,#3017,#3018,#3019,#3020,#3021,#3022,#3023));
#3016 = ORIENTED_EDGE('',*,*,#1052,.F.);
#3017 = ORIENTED_EDGE('',*,*,#1881,.T.);
#3018 = ORIENTED_EDGE('',*,*,#337,.T.);
#3019 = ORIENTED_EDGE('',*,*,#346,.T.);
#3020 = ORIENTED_EDGE('',*,*,#1830,.F.);
#3021 = ORIENTED_EDGE('',*,*,#373,.T.);
#3022 = ORIENTED_EDGE('',*,*,#1798,.F.);
#3023 = ORIENTED_EDGE('',*,*,#1061,.F.);
#3024 = CYLINDRICAL_SURFACE('',#3025,5.);
#3025 = AXIS2_PLACEMENT_3D('',#3026,#3027,#3028);
#3026 = CARTESIAN_POINT('',(-136.,-137.02,57.));
#3027 = DIRECTION('',(0.,-1.,2.2E-16));
#3028 = DIRECTION('',(1.,0.,0.));
#3029 = ADVANCED_FACE('',(#3030),#3040,.F.);
#3030 = FACE_BOUND('',#3031,.T.);
#3031 = EDGE_LOOP('',(#3032,#3033,#3034,#3035,#3036,#3037,#3038,#3039));
#3032 = ORIENTED_EDGE('',*,*,#1025,.F.);
#3033 = ORIENTED_EDGE('',*,*,#2986,.T.);
#3034 = ORIENTED_EDGE('',*,*,#283,.T.);
#3035 = ORIENTED_EDGE('',*,*,#1913,.F.);
#3036 = ORIENTED_EDGE('',*,*,#310,.T.);
#3037 = ORIENTED_EDGE('',*,*,#319,.T.);
#3038 = ORIENTED_EDGE('',*,*,#1874,.F.);
#3039 = ORIENTED_EDGE('',*,*,#1034,.F.);
#3040 = CYLINDRICAL_SURFACE('',#3041,5.);
#3041 = AXIS2_PLACEMENT_3D('',#3042,#3043,#3044);
#3042 = CARTESIAN_POINT('',(-118.,-137.02,57.));
#3043 = DIRECTION('',(0.,-1.,2.2E-16));
#3044 = DIRECTION('',(1.,0.,0.));
#3045 = ADVANCED_FACE('',(#3046),#3061,.F.);
#3046 = FACE_BOUND('',#3047,.T.);
#3047 = EDGE_LOOP('',(#3048,#3049,#3050,#3051,#3052,#3053,#3054,#3060));
#3048 = ORIENTED_EDGE('',*,*,#1379,.F.);
#3049 = ORIENTED_EDGE('',*,*,#2257,.T.);
#3050 = ORIENTED_EDGE('',*,*,#782,.T.);
#3051 = ORIENTED_EDGE('',*,*,#564,.T.);
#3052 = ORIENTED_EDGE('',*,*,#2528,.F.);
#3053 = ORIENTED_EDGE('',*,*,#593,.T.);
#3054 = ORIENTED_EDGE('',*,*,#3055,.F.);
#3055 = EDGE_CURVE('',#1272,#594,#3056,.T.);
#3056 = LINE('',#3057,#3058);
#3057 = CARTESIAN_POINT('',(134.34215478131,-137.02,43.717154781315));
#3058 = VECTOR('',#3059,1.);
#3059 = DIRECTION('',(0.,-1.,2.2E-16));
#3060 = ORIENTED_EDGE('',*,*,#1269,.F.);
#3061 = CYLINDRICAL_SURFACE('',#3062,5.);
#3062 = AXIS2_PLACEMENT_3D('',#3063,#3064,#3065);
#3063 = CARTESIAN_POINT('',(136.,-137.02,39.));
#3064 = DIRECTION('',(0.,-1.,2.2E-16));
#3065 = DIRECTION('',(1.,0.,0.));
#3066 = ADVANCED_FACE('',(#3067),#3080,.F.);
#3067 = FACE_BOUND('',#3068,.T.);
#3068 = EDGE_LOOP('',(#3069,#3070,#3071,#3072,#3073,#3079));
#3069 = ORIENTED_EDGE('',*,*,#1280,.F.);
#3070 = ORIENTED_EDGE('',*,*,#3055,.T.);
#3071 = ORIENTED_EDGE('',*,*,#602,.T.);
#3072 = ORIENTED_EDGE('',*,*,#611,.T.);
#3073 = ORIENTED_EDGE('',*,*,#3074,.F.);
#3074 = EDGE_CURVE('',#1290,#612,#3075,.T.);
#3075 = LINE('',#3076,#3077);
#3076 = CARTESIAN_POINT('',(134.34215478131,-137.02,52.282845218685));
#3077 = VECTOR('',#3078,1.);
#3078 = DIRECTION('',(0.,-1.,2.2E-16));
#3079 = ORIENTED_EDGE('',*,*,#1289,.F.);
#3080 = CYLINDRICAL_SURFACE('',#3081,8.5);
#3081 = AXIS2_PLACEMENT_3D('',#3082,#3083,#3084);
#3082 = CARTESIAN_POINT('',(127.,-137.02,48.));
#3083 = DIRECTION('',(0.,-1.,2.2E-16));
#3084 = DIRECTION('',(1.,0.,0.));
#3085 = ADVANCED_FACE('',(#3086),#3096,.F.);
#3086 = FACE_BOUND('',#3087,.T.);
#3087 = EDGE_LOOP('',(#3088,#3089,#3090,#3091,#3092,#3093,#3094,#3095));
#3088 = ORIENTED_EDGE('',*,*,#1352,.F.);
#3089 = ORIENTED_EDGE('',*,*,#2345,.T.);
#3090 = ORIENTED_EDGE('',*,*,#728,.T.);
#3091 = ORIENTED_EDGE('',*,*,#2296,.F.);
#3092 = ORIENTED_EDGE('',*,*,#755,.T.);
#3093 = ORIENTED_EDGE('',*,*,#764,.T.);
#3094 = ORIENTED_EDGE('',*,*,#2264,.F.);
#3095 = ORIENTED_EDGE('',*,*,#1361,.F.);
#3096 = CYLINDRICAL_SURFACE('',#3097,5.);
#3097 = AXIS2_PLACEMENT_3D('',#3098,#3099,#3100);
#3098 = CARTESIAN_POINT('',(118.,-137.02,39.));
#3099 = DIRECTION('',(0.,-1.,2.2E-16));
#3100 = DIRECTION('',(1.,0.,0.));
#3101 = ADVANCED_FACE('',(#3102),#3112,.F.);
#3102 = FACE_BOUND('',#3103,.T.);
#3103 = EDGE_LOOP('',(#3104,#3105,#3106,#3107,#3108,#3109,#3110,#3111));
#3104 = ORIENTED_EDGE('',*,*,#1325,.F.);
#3105 = ORIENTED_EDGE('',*,*,#2435,.T.);
#3106 = ORIENTED_EDGE('',*,*,#674,.T.);
#3107 = ORIENTED_EDGE('',*,*,#683,.T.);
#3108 = ORIENTED_EDGE('',*,*,#2384,.F.);
#3109 = ORIENTED_EDGE('',*,*,#710,.T.);
#3110 = ORIENTED_EDGE('',*,*,#2352,.F.);
#3111 = ORIENTED_EDGE('',*,*,#1334,.F.);
#3112 = CYLINDRICAL_SURFACE('',#3113,5.);
#3113 = AXIS2_PLACEMENT_3D('',#3114,#3115,#3116);
#3114 = CARTESIAN_POINT('',(118.,-137.02,57.));
#3115 = DIRECTION('',(0.,-1.,2.2E-16));
#3116 = DIRECTION('',(1.,0.,0.));
#3117 = ADVANCED_FACE('',(#3118),#3128,.F.);
#3118 = FACE_BOUND('',#3119,.T.);
#3119 = EDGE_LOOP('',(#3120,#3121,#3122,#3123,#3124,#3125,#3126,#3127));
#3120 = ORIENTED_EDGE('',*,*,#1298,.F.);
#3121 = ORIENTED_EDGE('',*,*,#3074,.T.);
#3122 = ORIENTED_EDGE('',*,*,#620,.T.);
#3123 = ORIENTED_EDGE('',*,*,#2467,.F.);
#3124 = ORIENTED_EDGE('',*,*,#647,.T.);
#3125 = ORIENTED_EDGE('',*,*,#656,.T.);
#3126 = ORIENTED_EDGE('',*,*,#2428,.F.);
#3127 = ORIENTED_EDGE('',*,*,#1307,.F.);
#3128 = CYLINDRICAL_SURFACE('',#3129,5.);
#3129 = AXIS2_PLACEMENT_3D('',#3130,#3131,#3132);
#3130 = CARTESIAN_POINT('',(136.,-137.02,57.));
#3131 = DIRECTION('',(0.,-1.,2.2E-16));
#3132 = DIRECTION('',(1.,0.,0.));
#3133 = ( GEOMETRIC_REPRESENTATION_CONTEXT(3) 
GLOBAL_UNCERTAINTY_ASSIGNED_CONTEXT((#3137)) 
GLOBAL_UNIT_ASSIGNED_CONTEXT((#3134,#3135,#3136)) REPRESENTATION_CONTEXT
('Context #1','3D Context with UNIT and UNCERTAINTY') );
#3134 = ( LENGTH_UNIT() NAMED_UNIT(*) SI_UNIT(.MILLI.,.METRE.) );
#3135 = ( NAMED_UNIT(*) PLANE_ANGLE_UNIT() SI_UNIT($,.RADIAN.) );
#3136 = ( NAMED_UNIT(*) SI_UNIT($,.STERADIAN.) SOLID_ANGLE_UNIT() );
#3137 = UNCERTAINTY_MEASURE_WITH_UNIT(LENGTH_MEASURE(1.E-07),#3134,
  'distance_accuracy_value','confusion accuracy');
#3138 = PRODUCT_RELATED_PRODUCT_CATEGORY('part',$,(#7));
ENDSEC;
END-ISO-10303-21;
