ISO-10303-21;
HEADER;
FILE_DESCRIPTION(('FreeCAD Model'),'2;1');
FILE_NAME('Open CASCADE Shape Model','2026-09-28T03:26:27',('Author'),(
    ''),'Open CASCADE STEP processor 7.8','FreeCAD','Unknown');
FILE_SCHEMA(('AUTOMOTIVE_DESIGN { 1 0 10303 214 1 1 1 1 }'));
ENDSEC;
DATA;
#1 = APPLICATION_PROTOCOL_DEFINITION('international standard',
  'automotive_design',2000,#2);
#2 = APPLICATION_CONTEXT(
  'core data for automotive mechanical design processes');
#3 = SHAPE_DEFINITION_REPRESENTATION(#4,#10);
#4 = PRODUCT_DEFINITION_SHAPE('','',#5);
#5 = PRODUCT_DEFINITION('design','',#6,#9);
#6 = PRODUCT_DEFINITION_FORMATION('','',#7);
#7 = PRODUCT('ROLLER_TOP','ROLLER_TOP','',(#8));
#8 = PRODUCT_CONTEXT('',#2,'mechanical');
#9 = PRODUCT_DEFINITION_CONTEXT('part definition',#2,'design');
#10 = ADVANCED_BREP_SHAPE_REPRESENTATION('',(#11,#15),#6489);
#11 = AXIS2_PLACEMENT_3D('',#12,#13,#14);
#12 = CARTESIAN_POINT('',(0.,0.,0.));
#13 = DIRECTION('',(0.,0.,1.));
#14 = DIRECTION('',(1.,0.,-0.));
#15 = MANIFOLD_SOLID_BREP('',#16);
#16 = CLOSED_SHELL('',(#17,#57,#271,#295,#502,#519,#536,#553,#570,#587,
    #604,#621,#638,#655,#667,#812,#849,#968,#1027,#1058,#1082,#1106,
    #1130,#1154,#1178,#1202,#1226,#1250,#1274,#1298,#1315,#1346,#1370,
    #1394,#1418,#1442,#1459,#1598,#1623,#1768,#1901,#2020,#2139,#2170,
    #2194,#2218,#2242,#2266,#2290,#2314,#2338,#2362,#2386,#2410,#2427,
    #2458,#2482,#2506,#2530,#2554,#2578,#2602,#2626,#2650,#2674,#2698,
    #2715,#2854,#2993,#3138,#3283,#3402,#3521,#3552,#3576,#3600,#3624,
    #3648,#3672,#3696,#3720,#3744,#3768,#3792,#3809,#3840,#3864,#3888,
    #3912,#3936,#3960,#3984,#4008,#4032,#4056,#4080,#4097,#4236,#4375,
    #4520,#4665,#4784,#4903,#4934,#4958,#4982,#5006,#5030,#5054,#5078,
    #5102,#5126,#5150,#5174,#5191,#5222,#5246,#5270,#5294,#5318,#5342,
    #5366,#5390,#5414,#5438,#5462,#5479,#5618,#5757,#5902,#6047,#6166,
    #6285,#6307,#6324,#6341,#6358,#6375,#6392,#6409,#6426,#6443,#6460,
    #6477));
#17 = ADVANCED_FACE('',(#18),#52,.F.);
#18 = FACE_BOUND('',#19,.F.);
#19 = EDGE_LOOP('',(#20,#30,#38,#46));
#20 = ORIENTED_EDGE('',*,*,#21,.F.);
#21 = EDGE_CURVE('',#22,#24,#26,.T.);
#22 = VERTEX_POINT('',#23);
#23 = CARTESIAN_POINT('',(152.675,107.5,140.92190036108));
#24 = VERTEX_POINT('',#25);
#25 = CARTESIAN_POINT('',(133.,107.5,152.28126690738));
#26 = LINE('',#27,#28);
#27 = CARTESIAN_POINT('',(152.675,107.5,140.92190036108));
#28 = VECTOR('',#29,1.);
#29 = DIRECTION('',(-0.866025403784,0.,0.5));
#30 = ORIENTED_EDGE('',*,*,#31,.T.);
#31 = EDGE_CURVE('',#22,#32,#34,.T.);
#32 = VERTEX_POINT('',#33);
#33 = CARTESIAN_POINT('',(152.675,110.7,140.92190036108));
#34 = LINE('',#35,#36);
#35 = CARTESIAN_POINT('',(152.675,107.5,140.92190036108));
#36 = VECTOR('',#37,1.);
#37 = DIRECTION('',(0.,1.,0.));
#38 = ORIENTED_EDGE('',*,*,#39,.T.);
#39 = EDGE_CURVE('',#32,#40,#42,.T.);
#40 = VERTEX_POINT('',#41);
#41 = CARTESIAN_POINT('',(133.,110.7,152.28126690738));
#42 = LINE('',#43,#44);
#43 = CARTESIAN_POINT('',(152.675,110.7,140.92190036108));
#44 = VECTOR('',#45,1.);
#45 = DIRECTION('',(-0.866025403784,0.,0.5));
#46 = ORIENTED_EDGE('',*,*,#47,.F.);
#47 = EDGE_CURVE('',#24,#40,#48,.T.);
#48 = LINE('',#49,#50);
#49 = CARTESIAN_POINT('',(133.,107.5,152.28126690738));
#50 = VECTOR('',#51,1.);
#51 = DIRECTION('',(1.9E-16,1.,-1.1E-16));
#52 = PLANE('',#53);
#53 = AXIS2_PLACEMENT_3D('',#54,#55,#56);
#54 = CARTESIAN_POINT('',(152.675,107.5,140.92190036108));
#55 = DIRECTION('',(0.5,0.,0.866025403784));
#56 = DIRECTION('',(-0.866025403784,0.,0.5));
#57 = ADVANCED_FACE('',(#58,#147),#266,.T.);
#58 = FACE_BOUND('',#59,.T.);
#59 = EDGE_LOOP('',(#60,#68,#76,#84,#92,#100,#108,#116,#124,#132,#140,
    #146));
#60 = ORIENTED_EDGE('',*,*,#61,.F.);
#61 = EDGE_CURVE('',#62,#22,#64,.T.);
#62 = VERTEX_POINT('',#63);
#63 = CARTESIAN_POINT('',(152.675,107.5,163.64063345369));
#64 = LINE('',#65,#66);
#65 = CARTESIAN_POINT('',(152.675,107.5,209.07809963891));
#66 = VECTOR('',#67,1.);
#67 = DIRECTION('',(6.106226635438E-16,0.,-1.));
#68 = ORIENTED_EDGE('',*,*,#69,.F.);
#69 = EDGE_CURVE('',#70,#62,#72,.T.);
#70 = VERTEX_POINT('',#71);
#71 = CARTESIAN_POINT('',(172.35,107.5,175.));
#72 = LINE('',#73,#74);
#73 = CARTESIAN_POINT('',(172.35,107.5,175.));
#74 = VECTOR('',#75,1.);
#75 = DIRECTION('',(-0.866025403784,0.,-0.5));
#76 = ORIENTED_EDGE('',*,*,#77,.F.);
#77 = EDGE_CURVE('',#78,#70,#80,.T.);
#78 = VERTEX_POINT('',#79);
#79 = CARTESIAN_POINT('',(152.675,107.5,186.3593665463));
#80 = LINE('',#81,#82);
#81 = CARTESIAN_POINT('',(113.325,107.5,209.07809963891));
#82 = VECTOR('',#83,1.);
#83 = DIRECTION('',(0.866025403784,0.,-0.5));
#84 = ORIENTED_EDGE('',*,*,#85,.F.);
#85 = EDGE_CURVE('',#86,#78,#88,.T.);
#86 = VERTEX_POINT('',#87);
#87 = CARTESIAN_POINT('',(152.675,107.5,209.07809963891));
#88 = LINE('',#89,#90);
#89 = CARTESIAN_POINT('',(152.675,107.5,209.07809963891));
#90 = VECTOR('',#91,1.);
#91 = DIRECTION('',(6.106226635438E-16,0.,-1.));
#92 = ORIENTED_EDGE('',*,*,#93,.F.);
#93 = EDGE_CURVE('',#94,#86,#96,.T.);
#94 = VERTEX_POINT('',#95);
#95 = CARTESIAN_POINT('',(133.,107.5,197.71873309261));
#96 = LINE('',#97,#98);
#97 = CARTESIAN_POINT('',(93.65,107.5,175.));
#98 = VECTOR('',#99,1.);
#99 = DIRECTION('',(0.866025403784,0.,0.5));
#100 = ORIENTED_EDGE('',*,*,#101,.F.);
#101 = EDGE_CURVE('',#102,#94,#104,.T.);
#102 = VERTEX_POINT('',#103);
#103 = CARTESIAN_POINT('',(113.325,107.5,209.07809963891));
#104 = LINE('',#105,#106);
#105 = CARTESIAN_POINT('',(113.325,107.5,209.07809963891));
#106 = VECTOR('',#107,1.);
#107 = DIRECTION('',(0.866025403784,0.,-0.5));
#108 = ORIENTED_EDGE('',*,*,#109,.F.);
#109 = EDGE_CURVE('',#110,#102,#112,.T.);
#110 = VERTEX_POINT('',#111);
#111 = CARTESIAN_POINT('',(113.325,107.5,186.3593665463));
#112 = LINE('',#113,#114);
#113 = CARTESIAN_POINT('',(113.325,107.5,140.92190036108));
#114 = VECTOR('',#115,1.);
#115 = DIRECTION('',(-2.6E-16,0.,1.));
#116 = ORIENTED_EDGE('',*,*,#117,.F.);
#117 = EDGE_CURVE('',#118,#110,#120,.T.);
#118 = VERTEX_POINT('',#119);
#119 = CARTESIAN_POINT('',(93.65,107.5,175.));
#120 = LINE('',#121,#122);
#121 = CARTESIAN_POINT('',(93.65,107.5,175.));
#122 = VECTOR('',#123,1.);
#123 = DIRECTION('',(0.866025403784,0.,0.5));
#124 = ORIENTED_EDGE('',*,*,#125,.F.);
#125 = EDGE_CURVE('',#126,#118,#128,.T.);
#126 = VERTEX_POINT('',#127);
#127 = CARTESIAN_POINT('',(113.325,107.5,163.64063345369));
#128 = LINE('',#129,#130);
#129 = CARTESIAN_POINT('',(152.675,107.5,140.92190036108));
#130 = VECTOR('',#131,1.);
#131 = DIRECTION('',(-0.866025403784,0.,0.5));
#132 = ORIENTED_EDGE('',*,*,#133,.F.);
#133 = EDGE_CURVE('',#134,#126,#136,.T.);
#134 = VERTEX_POINT('',#135);
#135 = CARTESIAN_POINT('',(113.325,107.5,140.92190036108));
#136 = LINE('',#137,#138);
#137 = CARTESIAN_POINT('',(113.325,107.5,140.92190036108));
#138 = VECTOR('',#139,1.);
#139 = DIRECTION('',(-2.6E-16,0.,1.));
#140 = ORIENTED_EDGE('',*,*,#141,.F.);
#141 = EDGE_CURVE('',#24,#134,#142,.T.);
#142 = LINE('',#143,#144);
#143 = CARTESIAN_POINT('',(172.35,107.5,175.));
#144 = VECTOR('',#145,1.);
#145 = DIRECTION('',(-0.866025403784,0.,-0.5));
#146 = ORIENTED_EDGE('',*,*,#21,.F.);
#147 = FACE_BOUND('',#148,.T.);
#148 = EDGE_LOOP('',(#149,#160,#169,#178,#187,#196,#205,#214,#223,#232,
    #241,#250,#259));
#149 = ORIENTED_EDGE('',*,*,#150,.F.);
#150 = EDGE_CURVE('',#151,#153,#155,.T.);
#151 = VERTEX_POINT('',#152);
#152 = CARTESIAN_POINT('',(134.31278409564,107.5,153.03920315839));
#153 = VERTEX_POINT('',#154);
#154 = CARTESIAN_POINT('',(151.36221590435,107.5,162.88269720268));
#155 = CIRCLE('',#156,22.);
#156 = AXIS2_PLACEMENT_3D('',#157,#158,#159);
#157 = CARTESIAN_POINT('',(133.,107.5,175.));
#158 = DIRECTION('',(0.,-1.,2.2E-16));
#159 = DIRECTION('',(1.,0.,0.));
#160 = ORIENTED_EDGE('',*,*,#161,.F.);
#161 = EDGE_CURVE('',#162,#151,#164,.T.);
#162 = VERTEX_POINT('',#163);
#163 = CARTESIAN_POINT('',(131.68721590435,107.5,153.03920315839));
#164 = CIRCLE('',#165,22.);
#165 = AXIS2_PLACEMENT_3D('',#166,#167,#168);
#166 = CARTESIAN_POINT('',(133.,107.5,175.));
#167 = DIRECTION('',(0.,-1.,2.2E-16));
#168 = DIRECTION('',(1.,0.,0.));
#169 = ORIENTED_EDGE('',*,*,#170,.F.);
#170 = EDGE_CURVE('',#171,#162,#173,.T.);
#171 = VERTEX_POINT('',#172);
#172 = CARTESIAN_POINT('',(114.63778409564,107.5,162.88269720268));
#173 = CIRCLE('',#174,22.);
#174 = AXIS2_PLACEMENT_3D('',#175,#176,#177);
#175 = CARTESIAN_POINT('',(133.,107.5,175.));
#176 = DIRECTION('',(0.,-1.,2.2E-16));
#177 = DIRECTION('',(1.,0.,0.));
#178 = ORIENTED_EDGE('',*,*,#179,.F.);
#179 = EDGE_CURVE('',#180,#171,#182,.T.);
#180 = VERTEX_POINT('',#181);
#181 = CARTESIAN_POINT('',(113.325,107.5,165.1565059557));
#182 = CIRCLE('',#183,22.);
#183 = AXIS2_PLACEMENT_3D('',#184,#185,#186);
#184 = CARTESIAN_POINT('',(133.,107.5,175.));
#185 = DIRECTION('',(0.,-1.,2.2E-16));
#186 = DIRECTION('',(1.,0.,0.));
#187 = ORIENTED_EDGE('',*,*,#188,.F.);
#188 = EDGE_CURVE('',#189,#180,#191,.T.);
#189 = VERTEX_POINT('',#190);
#190 = CARTESIAN_POINT('',(113.325,107.5,184.84349404429));
#191 = CIRCLE('',#192,22.);
#192 = AXIS2_PLACEMENT_3D('',#193,#194,#195);
#193 = CARTESIAN_POINT('',(133.,107.5,175.));
#194 = DIRECTION('',(0.,-1.,2.2E-16));
#195 = DIRECTION('',(1.,0.,0.));
#196 = ORIENTED_EDGE('',*,*,#197,.F.);
#197 = EDGE_CURVE('',#198,#189,#200,.T.);
#198 = VERTEX_POINT('',#199);
#199 = CARTESIAN_POINT('',(114.63778409564,107.5,187.11730279731));
#200 = CIRCLE('',#201,22.);
#201 = AXIS2_PLACEMENT_3D('',#202,#203,#204);
#202 = CARTESIAN_POINT('',(133.,107.5,175.));
#203 = DIRECTION('',(0.,-1.,2.2E-16));
#204 = DIRECTION('',(1.,0.,0.));
#205 = ORIENTED_EDGE('',*,*,#206,.F.);
#206 = EDGE_CURVE('',#207,#198,#209,.T.);
#207 = VERTEX_POINT('',#208);
#208 = CARTESIAN_POINT('',(131.68721590435,107.5,196.9607968416));
#209 = CIRCLE('',#210,22.);
#210 = AXIS2_PLACEMENT_3D('',#211,#212,#213);
#211 = CARTESIAN_POINT('',(133.,107.5,175.));
#212 = DIRECTION('',(0.,-1.,2.2E-16));
#213 = DIRECTION('',(1.,0.,0.));
#214 = ORIENTED_EDGE('',*,*,#215,.F.);
#215 = EDGE_CURVE('',#216,#207,#218,.T.);
#216 = VERTEX_POINT('',#217);
#217 = CARTESIAN_POINT('',(134.31278409564,107.5,196.9607968416));
#218 = CIRCLE('',#219,22.);
#219 = AXIS2_PLACEMENT_3D('',#220,#221,#222);
#220 = CARTESIAN_POINT('',(133.,107.5,175.));
#221 = DIRECTION('',(0.,-1.,2.2E-16));
#222 = DIRECTION('',(1.,0.,0.));
#223 = ORIENTED_EDGE('',*,*,#224,.F.);
#224 = EDGE_CURVE('',#225,#216,#227,.T.);
#225 = VERTEX_POINT('',#226);
#226 = CARTESIAN_POINT('',(151.36221590435,107.5,187.11730279731));
#227 = CIRCLE('',#228,22.);
#228 = AXIS2_PLACEMENT_3D('',#229,#230,#231);
#229 = CARTESIAN_POINT('',(133.,107.5,175.));
#230 = DIRECTION('',(0.,-1.,2.2E-16));
#231 = DIRECTION('',(1.,0.,0.));
#232 = ORIENTED_EDGE('',*,*,#233,.F.);
#233 = EDGE_CURVE('',#234,#225,#236,.T.);
#234 = VERTEX_POINT('',#235);
#235 = CARTESIAN_POINT('',(152.675,107.5,184.84349404429));
#236 = CIRCLE('',#237,22.);
#237 = AXIS2_PLACEMENT_3D('',#238,#239,#240);
#238 = CARTESIAN_POINT('',(133.,107.5,175.));
#239 = DIRECTION('',(0.,-1.,2.2E-16));
#240 = DIRECTION('',(1.,0.,0.));
#241 = ORIENTED_EDGE('',*,*,#242,.F.);
#242 = EDGE_CURVE('',#243,#234,#245,.T.);
#243 = VERTEX_POINT('',#244);
#244 = CARTESIAN_POINT('',(155.,107.5,175.));
#245 = CIRCLE('',#246,22.);
#246 = AXIS2_PLACEMENT_3D('',#247,#248,#249);
#247 = CARTESIAN_POINT('',(133.,107.5,175.));
#248 = DIRECTION('',(0.,-1.,2.2E-16));
#249 = DIRECTION('',(1.,0.,0.));
#250 = ORIENTED_EDGE('',*,*,#251,.F.);
#251 = EDGE_CURVE('',#252,#243,#254,.T.);
#252 = VERTEX_POINT('',#253);
#253 = CARTESIAN_POINT('',(152.675,107.5,165.1565059557));
#254 = CIRCLE('',#255,22.);
#255 = AXIS2_PLACEMENT_3D('',#256,#257,#258);
#256 = CARTESIAN_POINT('',(133.,107.5,175.));
#257 = DIRECTION('',(0.,-1.,2.2E-16));
#258 = DIRECTION('',(1.,0.,0.));
#259 = ORIENTED_EDGE('',*,*,#260,.F.);
#260 = EDGE_CURVE('',#153,#252,#261,.T.);
#261 = CIRCLE('',#262,22.);
#262 = AXIS2_PLACEMENT_3D('',#263,#264,#265);
#263 = CARTESIAN_POINT('',(133.,107.5,175.));
#264 = DIRECTION('',(0.,-1.,2.2E-16));
#265 = DIRECTION('',(1.,0.,0.));
#266 = PLANE('',#267);
#267 = AXIS2_PLACEMENT_3D('',#268,#269,#270);
#268 = CARTESIAN_POINT('',(133.,107.5,175.));
#269 = DIRECTION('',(-0.,-1.,-0.));
#270 = DIRECTION('',(0.,0.,-1.));
#271 = ADVANCED_FACE('',(#272),#290,.F.);
#272 = FACE_BOUND('',#273,.F.);
#273 = EDGE_LOOP('',(#274,#275,#276,#284));
#274 = ORIENTED_EDGE('',*,*,#141,.F.);
#275 = ORIENTED_EDGE('',*,*,#47,.T.);
#276 = ORIENTED_EDGE('',*,*,#277,.T.);
#277 = EDGE_CURVE('',#40,#278,#280,.T.);
#278 = VERTEX_POINT('',#279);
#279 = CARTESIAN_POINT('',(113.325,110.7,140.92190036108));
#280 = LINE('',#281,#282);
#281 = CARTESIAN_POINT('',(172.35,110.7,175.));
#282 = VECTOR('',#283,1.);
#283 = DIRECTION('',(-0.866025403784,0.,-0.5));
#284 = ORIENTED_EDGE('',*,*,#285,.F.);
#285 = EDGE_CURVE('',#134,#278,#286,.T.);
#286 = LINE('',#287,#288);
#287 = CARTESIAN_POINT('',(113.325,107.5,140.92190036108));
#288 = VECTOR('',#289,1.);
#289 = DIRECTION('',(0.,1.,0.));
#290 = PLANE('',#291);
#291 = AXIS2_PLACEMENT_3D('',#292,#293,#294);
#292 = CARTESIAN_POINT('',(172.35,107.5,175.));
#293 = DIRECTION('',(-0.5,0.,0.866025403784));
#294 = DIRECTION('',(-0.866025403784,0.,-0.5));
#295 = ADVANCED_FACE('',(#296,#378),#497,.T.);
#296 = FACE_BOUND('',#297,.T.);
#297 = EDGE_LOOP('',(#298,#306,#307,#308,#316,#324,#332,#340,#348,#356,
    #364,#372));
#298 = ORIENTED_EDGE('',*,*,#299,.T.);
#299 = EDGE_CURVE('',#300,#32,#302,.T.);
#300 = VERTEX_POINT('',#301);
#301 = CARTESIAN_POINT('',(152.675,110.7,163.64063345369));
#302 = LINE('',#303,#304);
#303 = CARTESIAN_POINT('',(152.675,110.7,209.07809963891));
#304 = VECTOR('',#305,1.);
#305 = DIRECTION('',(6.106226635438E-16,0.,-1.));
#306 = ORIENTED_EDGE('',*,*,#39,.T.);
#307 = ORIENTED_EDGE('',*,*,#277,.T.);
#308 = ORIENTED_EDGE('',*,*,#309,.T.);
#309 = EDGE_CURVE('',#278,#310,#312,.T.);
#310 = VERTEX_POINT('',#311);
#311 = CARTESIAN_POINT('',(113.325,110.7,163.64063345369));
#312 = LINE('',#313,#314);
#313 = CARTESIAN_POINT('',(113.325,110.7,140.92190036108));
#314 = VECTOR('',#315,1.);
#315 = DIRECTION('',(-2.6E-16,0.,1.));
#316 = ORIENTED_EDGE('',*,*,#317,.T.);
#317 = EDGE_CURVE('',#310,#318,#320,.T.);
#318 = VERTEX_POINT('',#319);
#319 = CARTESIAN_POINT('',(93.65,110.7,175.));
#320 = LINE('',#321,#322);
#321 = CARTESIAN_POINT('',(152.675,110.7,140.92190036108));
#322 = VECTOR('',#323,1.);
#323 = DIRECTION('',(-0.866025403784,0.,0.5));
#324 = ORIENTED_EDGE('',*,*,#325,.T.);
#325 = EDGE_CURVE('',#318,#326,#328,.T.);
#326 = VERTEX_POINT('',#327);
#327 = CARTESIAN_POINT('',(113.325,110.7,186.3593665463));
#328 = LINE('',#329,#330);
#329 = CARTESIAN_POINT('',(93.65,110.7,175.));
#330 = VECTOR('',#331,1.);
#331 = DIRECTION('',(0.866025403784,0.,0.5));
#332 = ORIENTED_EDGE('',*,*,#333,.T.);
#333 = EDGE_CURVE('',#326,#334,#336,.T.);
#334 = VERTEX_POINT('',#335);
#335 = CARTESIAN_POINT('',(113.325,110.7,209.07809963891));
#336 = LINE('',#337,#338);
#337 = CARTESIAN_POINT('',(113.325,110.7,140.92190036108));
#338 = VECTOR('',#339,1.);
#339 = DIRECTION('',(-2.6E-16,0.,1.));
#340 = ORIENTED_EDGE('',*,*,#341,.T.);
#341 = EDGE_CURVE('',#334,#342,#344,.T.);
#342 = VERTEX_POINT('',#343);
#343 = CARTESIAN_POINT('',(133.,110.7,197.71873309261));
#344 = LINE('',#345,#346);
#345 = CARTESIAN_POINT('',(113.325,110.7,209.07809963891));
#346 = VECTOR('',#347,1.);
#347 = DIRECTION('',(0.866025403784,0.,-0.5));
#348 = ORIENTED_EDGE('',*,*,#349,.T.);
#349 = EDGE_CURVE('',#342,#350,#352,.T.);
#350 = VERTEX_POINT('',#351);
#351 = CARTESIAN_POINT('',(152.675,110.7,209.07809963891));
#352 = LINE('',#353,#354);
#353 = CARTESIAN_POINT('',(93.65,110.7,175.));
#354 = VECTOR('',#355,1.);
#355 = DIRECTION('',(0.866025403784,0.,0.5));
#356 = ORIENTED_EDGE('',*,*,#357,.T.);
#357 = EDGE_CURVE('',#350,#358,#360,.T.);
#358 = VERTEX_POINT('',#359);
#359 = CARTESIAN_POINT('',(152.675,110.7,186.3593665463));
#360 = LINE('',#361,#362);
#361 = CARTESIAN_POINT('',(152.675,110.7,209.07809963891));
#362 = VECTOR('',#363,1.);
#363 = DIRECTION('',(6.106226635438E-16,0.,-1.));
#364 = ORIENTED_EDGE('',*,*,#365,.T.);
#365 = EDGE_CURVE('',#358,#366,#368,.T.);
#366 = VERTEX_POINT('',#367);
#367 = CARTESIAN_POINT('',(172.35,110.7,175.));
#368 = LINE('',#369,#370);
#369 = CARTESIAN_POINT('',(113.325,110.7,209.07809963891));
#370 = VECTOR('',#371,1.);
#371 = DIRECTION('',(0.866025403784,0.,-0.5));
#372 = ORIENTED_EDGE('',*,*,#373,.T.);
#373 = EDGE_CURVE('',#366,#300,#374,.T.);
#374 = LINE('',#375,#376);
#375 = CARTESIAN_POINT('',(172.35,110.7,175.));
#376 = VECTOR('',#377,1.);
#377 = DIRECTION('',(-0.866025403784,0.,-0.5));
#378 = FACE_BOUND('',#379,.T.);
#379 = EDGE_LOOP('',(#380,#391,#400,#409,#418,#427,#436,#445,#454,#463,
    #472,#481,#490));
#380 = ORIENTED_EDGE('',*,*,#381,.T.);
#381 = EDGE_CURVE('',#382,#384,#386,.T.);
#382 = VERTEX_POINT('',#383);
#383 = CARTESIAN_POINT('',(134.31278409564,110.7,153.03920315839));
#384 = VERTEX_POINT('',#385);
#385 = CARTESIAN_POINT('',(151.36221590435,110.7,162.88269720268));
#386 = CIRCLE('',#387,22.);
#387 = AXIS2_PLACEMENT_3D('',#388,#389,#390);
#388 = CARTESIAN_POINT('',(133.,110.7,175.));
#389 = DIRECTION('',(0.,-1.,2.2E-16));
#390 = DIRECTION('',(1.,0.,0.));
#391 = ORIENTED_EDGE('',*,*,#392,.T.);
#392 = EDGE_CURVE('',#384,#393,#395,.T.);
#393 = VERTEX_POINT('',#394);
#394 = CARTESIAN_POINT('',(152.675,110.7,165.1565059557));
#395 = CIRCLE('',#396,22.);
#396 = AXIS2_PLACEMENT_3D('',#397,#398,#399);
#397 = CARTESIAN_POINT('',(133.,110.7,175.));
#398 = DIRECTION('',(0.,-1.,2.2E-16));
#399 = DIRECTION('',(1.,0.,0.));
#400 = ORIENTED_EDGE('',*,*,#401,.T.);
#401 = EDGE_CURVE('',#393,#402,#404,.T.);
#402 = VERTEX_POINT('',#403);
#403 = CARTESIAN_POINT('',(155.,110.7,175.));
#404 = CIRCLE('',#405,22.);
#405 = AXIS2_PLACEMENT_3D('',#406,#407,#408);
#406 = CARTESIAN_POINT('',(133.,110.7,175.));
#407 = DIRECTION('',(0.,-1.,2.2E-16));
#408 = DIRECTION('',(1.,0.,0.));
#409 = ORIENTED_EDGE('',*,*,#410,.T.);
#410 = EDGE_CURVE('',#402,#411,#413,.T.);
#411 = VERTEX_POINT('',#412);
#412 = CARTESIAN_POINT('',(152.675,110.7,184.84349404429));
#413 = CIRCLE('',#414,22.);
#414 = AXIS2_PLACEMENT_3D('',#415,#416,#417);
#415 = CARTESIAN_POINT('',(133.,110.7,175.));
#416 = DIRECTION('',(0.,-1.,2.2E-16));
#417 = DIRECTION('',(1.,0.,0.));
#418 = ORIENTED_EDGE('',*,*,#419,.T.);
#419 = EDGE_CURVE('',#411,#420,#422,.T.);
#420 = VERTEX_POINT('',#421);
#421 = CARTESIAN_POINT('',(151.36221590435,110.7,187.11730279731));
#422 = CIRCLE('',#423,22.);
#423 = AXIS2_PLACEMENT_3D('',#424,#425,#426);
#424 = CARTESIAN_POINT('',(133.,110.7,175.));
#425 = DIRECTION('',(0.,-1.,2.2E-16));
#426 = DIRECTION('',(1.,0.,0.));
#427 = ORIENTED_EDGE('',*,*,#428,.T.);
#428 = EDGE_CURVE('',#420,#429,#431,.T.);
#429 = VERTEX_POINT('',#430);
#430 = CARTESIAN_POINT('',(134.31278409564,110.7,196.9607968416));
#431 = CIRCLE('',#432,22.);
#432 = AXIS2_PLACEMENT_3D('',#433,#434,#435);
#433 = CARTESIAN_POINT('',(133.,110.7,175.));
#434 = DIRECTION('',(0.,-1.,2.2E-16));
#435 = DIRECTION('',(1.,0.,0.));
#436 = ORIENTED_EDGE('',*,*,#437,.T.);
#437 = EDGE_CURVE('',#429,#438,#440,.T.);
#438 = VERTEX_POINT('',#439);
#439 = CARTESIAN_POINT('',(131.68721590435,110.7,196.9607968416));
#440 = CIRCLE('',#441,22.);
#441 = AXIS2_PLACEMENT_3D('',#442,#443,#444);
#442 = CARTESIAN_POINT('',(133.,110.7,175.));
#443 = DIRECTION('',(0.,-1.,2.2E-16));
#444 = DIRECTION('',(1.,0.,0.));
#445 = ORIENTED_EDGE('',*,*,#446,.T.);
#446 = EDGE_CURVE('',#438,#447,#449,.T.);
#447 = VERTEX_POINT('',#448);
#448 = CARTESIAN_POINT('',(114.63778409564,110.7,187.11730279731));
#449 = CIRCLE('',#450,22.);
#450 = AXIS2_PLACEMENT_3D('',#451,#452,#453);
#451 = CARTESIAN_POINT('',(133.,110.7,175.));
#452 = DIRECTION('',(0.,-1.,2.2E-16));
#453 = DIRECTION('',(1.,0.,0.));
#454 = ORIENTED_EDGE('',*,*,#455,.T.);
#455 = EDGE_CURVE('',#447,#456,#458,.T.);
#456 = VERTEX_POINT('',#457);
#457 = CARTESIAN_POINT('',(113.325,110.7,184.84349404429));
#458 = CIRCLE('',#459,22.);
#459 = AXIS2_PLACEMENT_3D('',#460,#461,#462);
#460 = CARTESIAN_POINT('',(133.,110.7,175.));
#461 = DIRECTION('',(0.,-1.,2.2E-16));
#462 = DIRECTION('',(1.,0.,0.));
#463 = ORIENTED_EDGE('',*,*,#464,.T.);
#464 = EDGE_CURVE('',#456,#465,#467,.T.);
#465 = VERTEX_POINT('',#466);
#466 = CARTESIAN_POINT('',(113.325,110.7,165.1565059557));
#467 = CIRCLE('',#468,22.);
#468 = AXIS2_PLACEMENT_3D('',#469,#470,#471);
#469 = CARTESIAN_POINT('',(133.,110.7,175.));
#470 = DIRECTION('',(0.,-1.,2.2E-16));
#471 = DIRECTION('',(1.,0.,0.));
#472 = ORIENTED_EDGE('',*,*,#473,.T.);
#473 = EDGE_CURVE('',#465,#474,#476,.T.);
#474 = VERTEX_POINT('',#475);
#475 = CARTESIAN_POINT('',(114.63778409564,110.7,162.88269720268));
#476 = CIRCLE('',#477,22.);
#477 = AXIS2_PLACEMENT_3D('',#478,#479,#480);
#478 = CARTESIAN_POINT('',(133.,110.7,175.));
#479 = DIRECTION('',(0.,-1.,2.2E-16));
#480 = DIRECTION('',(1.,0.,0.));
#481 = ORIENTED_EDGE('',*,*,#482,.T.);
#482 = EDGE_CURVE('',#474,#483,#485,.T.);
#483 = VERTEX_POINT('',#484);
#484 = CARTESIAN_POINT('',(131.68721590435,110.7,153.03920315839));
#485 = CIRCLE('',#486,22.);
#486 = AXIS2_PLACEMENT_3D('',#487,#488,#489);
#487 = CARTESIAN_POINT('',(133.,110.7,175.));
#488 = DIRECTION('',(0.,-1.,2.2E-16));
#489 = DIRECTION('',(1.,0.,0.));
#490 = ORIENTED_EDGE('',*,*,#491,.T.);
#491 = EDGE_CURVE('',#483,#382,#492,.T.);
#492 = CIRCLE('',#493,22.);
#493 = AXIS2_PLACEMENT_3D('',#494,#495,#496);
#494 = CARTESIAN_POINT('',(133.,110.7,175.));
#495 = DIRECTION('',(0.,-1.,2.2E-16));
#496 = DIRECTION('',(1.,0.,0.));
#497 = PLANE('',#498);
#498 = AXIS2_PLACEMENT_3D('',#499,#500,#501);
#499 = CARTESIAN_POINT('',(133.,110.7,175.));
#500 = DIRECTION('',(0.,1.,0.));
#501 = DIRECTION('',(0.,0.,1.));
#502 = ADVANCED_FACE('',(#503),#514,.F.);
#503 = FACE_BOUND('',#504,.F.);
#504 = EDGE_LOOP('',(#505,#506,#512,#513));
#505 = ORIENTED_EDGE('',*,*,#61,.F.);
#506 = ORIENTED_EDGE('',*,*,#507,.F.);
#507 = EDGE_CURVE('',#300,#62,#508,.T.);
#508 = LINE('',#509,#510);
#509 = CARTESIAN_POINT('',(152.675,107.5,163.64063345369));
#510 = VECTOR('',#511,1.);
#511 = DIRECTION('',(0.,-1.,2.2E-16));
#512 = ORIENTED_EDGE('',*,*,#299,.T.);
#513 = ORIENTED_EDGE('',*,*,#31,.F.);
#514 = PLANE('',#515);
#515 = AXIS2_PLACEMENT_3D('',#516,#517,#518);
#516 = CARTESIAN_POINT('',(152.675,107.5,209.07809963891));
#517 = DIRECTION('',(-1.,0.,-6.106226635438E-16));
#518 = DIRECTION('',(6.106226635438E-16,0.,-1.));
#519 = ADVANCED_FACE('',(#520),#531,.F.);
#520 = FACE_BOUND('',#521,.F.);
#521 = EDGE_LOOP('',(#522,#523,#529,#530));
#522 = ORIENTED_EDGE('',*,*,#69,.F.);
#523 = ORIENTED_EDGE('',*,*,#524,.T.);
#524 = EDGE_CURVE('',#70,#366,#525,.T.);
#525 = LINE('',#526,#527);
#526 = CARTESIAN_POINT('',(172.35,107.5,175.));
#527 = VECTOR('',#528,1.);
#528 = DIRECTION('',(0.,1.,0.));
#529 = ORIENTED_EDGE('',*,*,#373,.T.);
#530 = ORIENTED_EDGE('',*,*,#507,.T.);
#531 = PLANE('',#532);
#532 = AXIS2_PLACEMENT_3D('',#533,#534,#535);
#533 = CARTESIAN_POINT('',(172.35,107.5,175.));
#534 = DIRECTION('',(-0.5,0.,0.866025403784));
#535 = DIRECTION('',(-0.866025403784,0.,-0.5));
#536 = ADVANCED_FACE('',(#537),#548,.F.);
#537 = FACE_BOUND('',#538,.F.);
#538 = EDGE_LOOP('',(#539,#540,#546,#547));
#539 = ORIENTED_EDGE('',*,*,#77,.F.);
#540 = ORIENTED_EDGE('',*,*,#541,.T.);
#541 = EDGE_CURVE('',#78,#358,#542,.T.);
#542 = LINE('',#543,#544);
#543 = CARTESIAN_POINT('',(152.675,107.5,186.3593665463));
#544 = VECTOR('',#545,1.);
#545 = DIRECTION('',(0.,1.,-2.2E-16));
#546 = ORIENTED_EDGE('',*,*,#365,.T.);
#547 = ORIENTED_EDGE('',*,*,#524,.F.);
#548 = PLANE('',#549);
#549 = AXIS2_PLACEMENT_3D('',#550,#551,#552);
#550 = CARTESIAN_POINT('',(113.325,107.5,209.07809963891));
#551 = DIRECTION('',(-0.5,0.,-0.866025403784));
#552 = DIRECTION('',(0.866025403784,0.,-0.5));
#553 = ADVANCED_FACE('',(#554),#565,.F.);
#554 = FACE_BOUND('',#555,.F.);
#555 = EDGE_LOOP('',(#556,#557,#563,#564));
#556 = ORIENTED_EDGE('',*,*,#85,.F.);
#557 = ORIENTED_EDGE('',*,*,#558,.T.);
#558 = EDGE_CURVE('',#86,#350,#559,.T.);
#559 = LINE('',#560,#561);
#560 = CARTESIAN_POINT('',(152.675,107.5,209.07809963891));
#561 = VECTOR('',#562,1.);
#562 = DIRECTION('',(0.,1.,0.));
#563 = ORIENTED_EDGE('',*,*,#357,.T.);
#564 = ORIENTED_EDGE('',*,*,#541,.F.);
#565 = PLANE('',#566);
#566 = AXIS2_PLACEMENT_3D('',#567,#568,#569);
#567 = CARTESIAN_POINT('',(152.675,107.5,209.07809963891));
#568 = DIRECTION('',(-1.,0.,-6.106226635438E-16));
#569 = DIRECTION('',(6.106226635438E-16,0.,-1.));
#570 = ADVANCED_FACE('',(#571),#582,.F.);
#571 = FACE_BOUND('',#572,.F.);
#572 = EDGE_LOOP('',(#573,#574,#580,#581));
#573 = ORIENTED_EDGE('',*,*,#93,.F.);
#574 = ORIENTED_EDGE('',*,*,#575,.F.);
#575 = EDGE_CURVE('',#342,#94,#576,.T.);
#576 = LINE('',#577,#578);
#577 = CARTESIAN_POINT('',(133.,107.5,197.71873309261));
#578 = VECTOR('',#579,1.);
#579 = DIRECTION('',(1.9E-16,-1.,1.1E-16));
#580 = ORIENTED_EDGE('',*,*,#349,.T.);
#581 = ORIENTED_EDGE('',*,*,#558,.F.);
#582 = PLANE('',#583);
#583 = AXIS2_PLACEMENT_3D('',#584,#585,#586);
#584 = CARTESIAN_POINT('',(93.65,107.5,175.));
#585 = DIRECTION('',(0.5,0.,-0.866025403784));
#586 = DIRECTION('',(0.866025403784,0.,0.5));
#587 = ADVANCED_FACE('',(#588),#599,.F.);
#588 = FACE_BOUND('',#589,.F.);
#589 = EDGE_LOOP('',(#590,#591,#597,#598));
#590 = ORIENTED_EDGE('',*,*,#101,.F.);
#591 = ORIENTED_EDGE('',*,*,#592,.T.);
#592 = EDGE_CURVE('',#102,#334,#593,.T.);
#593 = LINE('',#594,#595);
#594 = CARTESIAN_POINT('',(113.325,107.5,209.07809963891));
#595 = VECTOR('',#596,1.);
#596 = DIRECTION('',(0.,1.,0.));
#597 = ORIENTED_EDGE('',*,*,#341,.T.);
#598 = ORIENTED_EDGE('',*,*,#575,.T.);
#599 = PLANE('',#600);
#600 = AXIS2_PLACEMENT_3D('',#601,#602,#603);
#601 = CARTESIAN_POINT('',(113.325,107.5,209.07809963891));
#602 = DIRECTION('',(-0.5,0.,-0.866025403784));
#603 = DIRECTION('',(0.866025403784,0.,-0.5));
#604 = ADVANCED_FACE('',(#605),#616,.F.);
#605 = FACE_BOUND('',#606,.F.);
#606 = EDGE_LOOP('',(#607,#608,#614,#615));
#607 = ORIENTED_EDGE('',*,*,#109,.F.);
#608 = ORIENTED_EDGE('',*,*,#609,.T.);
#609 = EDGE_CURVE('',#110,#326,#610,.T.);
#610 = LINE('',#611,#612);
#611 = CARTESIAN_POINT('',(113.325,107.5,186.3593665463));
#612 = VECTOR('',#613,1.);
#613 = DIRECTION('',(0.,1.,0.));
#614 = ORIENTED_EDGE('',*,*,#333,.T.);
#615 = ORIENTED_EDGE('',*,*,#592,.F.);
#616 = PLANE('',#617);
#617 = AXIS2_PLACEMENT_3D('',#618,#619,#620);
#618 = CARTESIAN_POINT('',(113.325,107.5,140.92190036108));
#619 = DIRECTION('',(1.,0.,2.6E-16));
#620 = DIRECTION('',(-2.6E-16,0.,1.));
#621 = ADVANCED_FACE('',(#622),#633,.F.);
#622 = FACE_BOUND('',#623,.F.);
#623 = EDGE_LOOP('',(#624,#625,#631,#632));
#624 = ORIENTED_EDGE('',*,*,#117,.F.);
#625 = ORIENTED_EDGE('',*,*,#626,.T.);
#626 = EDGE_CURVE('',#118,#318,#627,.T.);
#627 = LINE('',#628,#629);
#628 = CARTESIAN_POINT('',(93.65,107.5,175.));
#629 = VECTOR('',#630,1.);
#630 = DIRECTION('',(0.,1.,0.));
#631 = ORIENTED_EDGE('',*,*,#325,.T.);
#632 = ORIENTED_EDGE('',*,*,#609,.F.);
#633 = PLANE('',#634);
#634 = AXIS2_PLACEMENT_3D('',#635,#636,#637);
#635 = CARTESIAN_POINT('',(93.65,107.5,175.));
#636 = DIRECTION('',(0.5,0.,-0.866025403784));
#637 = DIRECTION('',(0.866025403784,0.,0.5));
#638 = ADVANCED_FACE('',(#639),#650,.F.);
#639 = FACE_BOUND('',#640,.F.);
#640 = EDGE_LOOP('',(#641,#642,#648,#649));
#641 = ORIENTED_EDGE('',*,*,#125,.F.);
#642 = ORIENTED_EDGE('',*,*,#643,.F.);
#643 = EDGE_CURVE('',#310,#126,#644,.T.);
#644 = LINE('',#645,#646);
#645 = CARTESIAN_POINT('',(113.325,107.5,163.64063345369));
#646 = VECTOR('',#647,1.);
#647 = DIRECTION('',(0.,-1.,0.));
#648 = ORIENTED_EDGE('',*,*,#317,.T.);
#649 = ORIENTED_EDGE('',*,*,#626,.F.);
#650 = PLANE('',#651);
#651 = AXIS2_PLACEMENT_3D('',#652,#653,#654);
#652 = CARTESIAN_POINT('',(152.675,107.5,140.92190036108));
#653 = DIRECTION('',(0.5,0.,0.866025403784));
#654 = DIRECTION('',(-0.866025403784,0.,0.5));
#655 = ADVANCED_FACE('',(#656),#662,.F.);
#656 = FACE_BOUND('',#657,.F.);
#657 = EDGE_LOOP('',(#658,#659,#660,#661));
#658 = ORIENTED_EDGE('',*,*,#133,.F.);
#659 = ORIENTED_EDGE('',*,*,#285,.T.);
#660 = ORIENTED_EDGE('',*,*,#309,.T.);
#661 = ORIENTED_EDGE('',*,*,#643,.T.);
#662 = PLANE('',#663);
#663 = AXIS2_PLACEMENT_3D('',#664,#665,#666);
#664 = CARTESIAN_POINT('',(113.325,107.5,140.92190036108));
#665 = DIRECTION('',(1.,0.,2.6E-16));
#666 = DIRECTION('',(-2.6E-16,0.,1.));
#667 = ADVANCED_FACE('',(#668),#807,.T.);
#668 = FACE_BOUND('',#669,.F.);
#669 = EDGE_LOOP('',(#670,#678,#687,#696,#705,#714,#723,#732,#741,#750,
    #759,#768,#777,#786,#793,#794,#795,#796,#797,#798,#799,#800,#801,
    #802,#803,#804,#805,#806));
#670 = ORIENTED_EDGE('',*,*,#671,.F.);
#671 = EDGE_CURVE('',#672,#243,#674,.T.);
#672 = VERTEX_POINT('',#673);
#673 = CARTESIAN_POINT('',(155.,83.825,175.));
#674 = LINE('',#675,#676);
#675 = CARTESIAN_POINT('',(155.,-127.5,175.));
#676 = VECTOR('',#677,1.);
#677 = DIRECTION('',(0.,1.,0.));
#678 = ORIENTED_EDGE('',*,*,#679,.T.);
#679 = EDGE_CURVE('',#672,#680,#682,.T.);
#680 = VERTEX_POINT('',#681);
#681 = CARTESIAN_POINT('',(152.675,83.825,184.84349404429));
#682 = CIRCLE('',#683,22.);
#683 = AXIS2_PLACEMENT_3D('',#684,#685,#686);
#684 = CARTESIAN_POINT('',(133.,83.825,175.));
#685 = DIRECTION('',(0.,-1.,2.2E-16));
#686 = DIRECTION('',(1.,0.,0.));
#687 = ORIENTED_EDGE('',*,*,#688,.T.);
#688 = EDGE_CURVE('',#680,#689,#691,.T.);
#689 = VERTEX_POINT('',#690);
#690 = CARTESIAN_POINT('',(151.36221590435,83.825,187.11730279731));
#691 = CIRCLE('',#692,22.);
#692 = AXIS2_PLACEMENT_3D('',#693,#694,#695);
#693 = CARTESIAN_POINT('',(133.,83.825,175.));
#694 = DIRECTION('',(0.,-1.,2.2E-16));
#695 = DIRECTION('',(1.,0.,0.));
#696 = ORIENTED_EDGE('',*,*,#697,.T.);
#697 = EDGE_CURVE('',#689,#698,#700,.T.);
#698 = VERTEX_POINT('',#699);
#699 = CARTESIAN_POINT('',(134.31278409564,83.825,196.9607968416));
#700 = CIRCLE('',#701,22.);
#701 = AXIS2_PLACEMENT_3D('',#702,#703,#704);
#702 = CARTESIAN_POINT('',(133.,83.825,175.));
#703 = DIRECTION('',(0.,-1.,2.2E-16));
#704 = DIRECTION('',(1.,0.,0.));
#705 = ORIENTED_EDGE('',*,*,#706,.T.);
#706 = EDGE_CURVE('',#698,#707,#709,.T.);
#707 = VERTEX_POINT('',#708);
#708 = CARTESIAN_POINT('',(131.68721590435,83.825,196.9607968416));
#709 = CIRCLE('',#710,22.);
#710 = AXIS2_PLACEMENT_3D('',#711,#712,#713);
#711 = CARTESIAN_POINT('',(133.,83.825,175.));
#712 = DIRECTION('',(0.,-1.,2.2E-16));
#713 = DIRECTION('',(1.,0.,0.));
#714 = ORIENTED_EDGE('',*,*,#715,.T.);
#715 = EDGE_CURVE('',#707,#716,#718,.T.);
#716 = VERTEX_POINT('',#717);
#717 = CARTESIAN_POINT('',(114.63778409564,83.825,187.11730279731));
#718 = CIRCLE('',#719,22.);
#719 = AXIS2_PLACEMENT_3D('',#720,#721,#722);
#720 = CARTESIAN_POINT('',(133.,83.825,175.));
#721 = DIRECTION('',(0.,-1.,2.2E-16));
#722 = DIRECTION('',(1.,0.,0.));
#723 = ORIENTED_EDGE('',*,*,#724,.T.);
#724 = EDGE_CURVE('',#716,#725,#727,.T.);
#725 = VERTEX_POINT('',#726);
#726 = CARTESIAN_POINT('',(113.325,83.825,184.84349404429));
#727 = CIRCLE('',#728,22.);
#728 = AXIS2_PLACEMENT_3D('',#729,#730,#731);
#729 = CARTESIAN_POINT('',(133.,83.825,175.));
#730 = DIRECTION('',(0.,-1.,2.2E-16));
#731 = DIRECTION('',(1.,0.,0.));
#732 = ORIENTED_EDGE('',*,*,#733,.T.);
#733 = EDGE_CURVE('',#725,#734,#736,.T.);
#734 = VERTEX_POINT('',#735);
#735 = CARTESIAN_POINT('',(113.325,83.825,165.1565059557));
#736 = CIRCLE('',#737,22.);
#737 = AXIS2_PLACEMENT_3D('',#738,#739,#740);
#738 = CARTESIAN_POINT('',(133.,83.825,175.));
#739 = DIRECTION('',(0.,-1.,2.2E-16));
#740 = DIRECTION('',(1.,0.,0.));
#741 = ORIENTED_EDGE('',*,*,#742,.T.);
#742 = EDGE_CURVE('',#734,#743,#745,.T.);
#743 = VERTEX_POINT('',#744);
#744 = CARTESIAN_POINT('',(114.63778409564,83.825,162.88269720268));
#745 = CIRCLE('',#746,22.);
#746 = AXIS2_PLACEMENT_3D('',#747,#748,#749);
#747 = CARTESIAN_POINT('',(133.,83.825,175.));
#748 = DIRECTION('',(0.,-1.,2.2E-16));
#749 = DIRECTION('',(1.,0.,0.));
#750 = ORIENTED_EDGE('',*,*,#751,.T.);
#751 = EDGE_CURVE('',#743,#752,#754,.T.);
#752 = VERTEX_POINT('',#753);
#753 = CARTESIAN_POINT('',(131.68721590435,83.825,153.03920315839));
#754 = CIRCLE('',#755,22.);
#755 = AXIS2_PLACEMENT_3D('',#756,#757,#758);
#756 = CARTESIAN_POINT('',(133.,83.825,175.));
#757 = DIRECTION('',(0.,-1.,2.2E-16));
#758 = DIRECTION('',(1.,0.,0.));
#759 = ORIENTED_EDGE('',*,*,#760,.T.);
#760 = EDGE_CURVE('',#752,#761,#763,.T.);
#761 = VERTEX_POINT('',#762);
#762 = CARTESIAN_POINT('',(134.31278409564,83.825,153.03920315839));
#763 = CIRCLE('',#764,22.);
#764 = AXIS2_PLACEMENT_3D('',#765,#766,#767);
#765 = CARTESIAN_POINT('',(133.,83.825,175.));
#766 = DIRECTION('',(0.,-1.,2.2E-16));
#767 = DIRECTION('',(1.,0.,0.));
#768 = ORIENTED_EDGE('',*,*,#769,.T.);
#769 = EDGE_CURVE('',#761,#770,#772,.T.);
#770 = VERTEX_POINT('',#771);
#771 = CARTESIAN_POINT('',(151.36221590435,83.825,162.88269720268));
#772 = CIRCLE('',#773,22.);
#773 = AXIS2_PLACEMENT_3D('',#774,#775,#776);
#774 = CARTESIAN_POINT('',(133.,83.825,175.));
#775 = DIRECTION('',(0.,-1.,2.2E-16));
#776 = DIRECTION('',(1.,0.,0.));
#777 = ORIENTED_EDGE('',*,*,#778,.T.);
#778 = EDGE_CURVE('',#770,#779,#781,.T.);
#779 = VERTEX_POINT('',#780);
#780 = CARTESIAN_POINT('',(152.675,83.825,165.1565059557));
#781 = CIRCLE('',#782,22.);
#782 = AXIS2_PLACEMENT_3D('',#783,#784,#785);
#783 = CARTESIAN_POINT('',(133.,83.825,175.));
#784 = DIRECTION('',(0.,-1.,2.2E-16));
#785 = DIRECTION('',(1.,0.,0.));
#786 = ORIENTED_EDGE('',*,*,#787,.T.);
#787 = EDGE_CURVE('',#779,#672,#788,.T.);
#788 = CIRCLE('',#789,22.);
#789 = AXIS2_PLACEMENT_3D('',#790,#791,#792);
#790 = CARTESIAN_POINT('',(133.,83.825,175.));
#791 = DIRECTION('',(0.,-1.,2.2E-16));
#792 = DIRECTION('',(1.,0.,0.));
#793 = ORIENTED_EDGE('',*,*,#671,.T.);
#794 = ORIENTED_EDGE('',*,*,#251,.F.);
#795 = ORIENTED_EDGE('',*,*,#260,.F.);
#796 = ORIENTED_EDGE('',*,*,#150,.F.);
#797 = ORIENTED_EDGE('',*,*,#161,.F.);
#798 = ORIENTED_EDGE('',*,*,#170,.F.);
#799 = ORIENTED_EDGE('',*,*,#179,.F.);
#800 = ORIENTED_EDGE('',*,*,#188,.F.);
#801 = ORIENTED_EDGE('',*,*,#197,.F.);
#802 = ORIENTED_EDGE('',*,*,#206,.F.);
#803 = ORIENTED_EDGE('',*,*,#215,.F.);
#804 = ORIENTED_EDGE('',*,*,#224,.F.);
#805 = ORIENTED_EDGE('',*,*,#233,.F.);
#806 = ORIENTED_EDGE('',*,*,#242,.F.);
#807 = CYLINDRICAL_SURFACE('',#808,22.);
#808 = AXIS2_PLACEMENT_3D('',#809,#810,#811);
#809 = CARTESIAN_POINT('',(133.,-127.5,175.));
#810 = DIRECTION('',(-0.,-1.,0.));
#811 = DIRECTION('',(1.,0.,0.));
#812 = ADVANCED_FACE('',(#813),#844,.T.);
#813 = FACE_BOUND('',#814,.F.);
#814 = EDGE_LOOP('',(#815,#816,#817,#818,#819,#820,#821,#822,#823,#824,
    #825,#826,#827,#835,#842,#843));
#815 = ORIENTED_EDGE('',*,*,#419,.T.);
#816 = ORIENTED_EDGE('',*,*,#428,.T.);
#817 = ORIENTED_EDGE('',*,*,#437,.T.);
#818 = ORIENTED_EDGE('',*,*,#446,.T.);
#819 = ORIENTED_EDGE('',*,*,#455,.T.);
#820 = ORIENTED_EDGE('',*,*,#464,.T.);
#821 = ORIENTED_EDGE('',*,*,#473,.T.);
#822 = ORIENTED_EDGE('',*,*,#482,.T.);
#823 = ORIENTED_EDGE('',*,*,#491,.T.);
#824 = ORIENTED_EDGE('',*,*,#381,.T.);
#825 = ORIENTED_EDGE('',*,*,#392,.T.);
#826 = ORIENTED_EDGE('',*,*,#401,.T.);
#827 = ORIENTED_EDGE('',*,*,#828,.T.);
#828 = EDGE_CURVE('',#402,#829,#831,.T.);
#829 = VERTEX_POINT('',#830);
#830 = CARTESIAN_POINT('',(155.,127.5,175.));
#831 = LINE('',#832,#833);
#832 = CARTESIAN_POINT('',(155.,-127.5,175.));
#833 = VECTOR('',#834,1.);
#834 = DIRECTION('',(0.,1.,0.));
#835 = ORIENTED_EDGE('',*,*,#836,.T.);
#836 = EDGE_CURVE('',#829,#829,#837,.T.);
#837 = CIRCLE('',#838,22.);
#838 = AXIS2_PLACEMENT_3D('',#839,#840,#841);
#839 = CARTESIAN_POINT('',(133.,127.5,175.));
#840 = DIRECTION('',(-0.,1.,0.));
#841 = DIRECTION('',(1.,0.,0.));
#842 = ORIENTED_EDGE('',*,*,#828,.F.);
#843 = ORIENTED_EDGE('',*,*,#410,.T.);
#844 = CYLINDRICAL_SURFACE('',#845,22.);
#845 = AXIS2_PLACEMENT_3D('',#846,#847,#848);
#846 = CARTESIAN_POINT('',(133.,-127.5,175.));
#847 = DIRECTION('',(-0.,-1.,0.));
#848 = DIRECTION('',(1.,0.,0.));
#849 = ADVANCED_FACE('',(#850,#948),#963,.T.);
#850 = FACE_BOUND('',#851,.T.);
#851 = EDGE_LOOP('',(#852,#862,#870,#878,#886,#894,#902,#910,#918,#926,
    #934,#942));
#852 = ORIENTED_EDGE('',*,*,#853,.T.);
#853 = EDGE_CURVE('',#854,#856,#858,.T.);
#854 = VERTEX_POINT('',#855);
#855 = CARTESIAN_POINT('',(152.675,83.825,163.64063345369));
#856 = VERTEX_POINT('',#857);
#857 = CARTESIAN_POINT('',(152.675,83.825,140.92190036108));
#858 = LINE('',#859,#860);
#859 = CARTESIAN_POINT('',(152.675,83.825,209.07809963891));
#860 = VECTOR('',#861,1.);
#861 = DIRECTION('',(6.106226635438E-16,0.,-1.));
#862 = ORIENTED_EDGE('',*,*,#863,.T.);
#863 = EDGE_CURVE('',#856,#864,#866,.T.);
#864 = VERTEX_POINT('',#865);
#865 = CARTESIAN_POINT('',(133.,83.825,152.28126690738));
#866 = LINE('',#867,#868);
#867 = CARTESIAN_POINT('',(152.675,83.825,140.92190036108));
#868 = VECTOR('',#869,1.);
#869 = DIRECTION('',(-0.866025403784,0.,0.5));
#870 = ORIENTED_EDGE('',*,*,#871,.T.);
#871 = EDGE_CURVE('',#864,#872,#874,.T.);
#872 = VERTEX_POINT('',#873);
#873 = CARTESIAN_POINT('',(113.325,83.825,140.92190036108));
#874 = LINE('',#875,#876);
#875 = CARTESIAN_POINT('',(172.35,83.825,175.));
#876 = VECTOR('',#877,1.);
#877 = DIRECTION('',(-0.866025403784,0.,-0.5));
#878 = ORIENTED_EDGE('',*,*,#879,.T.);
#879 = EDGE_CURVE('',#872,#880,#882,.T.);
#880 = VERTEX_POINT('',#881);
#881 = CARTESIAN_POINT('',(113.325,83.825,163.64063345369));
#882 = LINE('',#883,#884);
#883 = CARTESIAN_POINT('',(113.325,83.825,140.92190036108));
#884 = VECTOR('',#885,1.);
#885 = DIRECTION('',(-2.6E-16,0.,1.));
#886 = ORIENTED_EDGE('',*,*,#887,.T.);
#887 = EDGE_CURVE('',#880,#888,#890,.T.);
#888 = VERTEX_POINT('',#889);
#889 = CARTESIAN_POINT('',(93.65,83.825,175.));
#890 = LINE('',#891,#892);
#891 = CARTESIAN_POINT('',(152.675,83.825,140.92190036108));
#892 = VECTOR('',#893,1.);
#893 = DIRECTION('',(-0.866025403784,0.,0.5));
#894 = ORIENTED_EDGE('',*,*,#895,.T.);
#895 = EDGE_CURVE('',#888,#896,#898,.T.);
#896 = VERTEX_POINT('',#897);
#897 = CARTESIAN_POINT('',(113.325,83.825,186.3593665463));
#898 = LINE('',#899,#900);
#899 = CARTESIAN_POINT('',(93.65,83.825,175.));
#900 = VECTOR('',#901,1.);
#901 = DIRECTION('',(0.866025403784,0.,0.5));
#902 = ORIENTED_EDGE('',*,*,#903,.T.);
#903 = EDGE_CURVE('',#896,#904,#906,.T.);
#904 = VERTEX_POINT('',#905);
#905 = CARTESIAN_POINT('',(113.325,83.825,209.07809963891));
#906 = LINE('',#907,#908);
#907 = CARTESIAN_POINT('',(113.325,83.825,140.92190036108));
#908 = VECTOR('',#909,1.);
#909 = DIRECTION('',(-2.6E-16,0.,1.));
#910 = ORIENTED_EDGE('',*,*,#911,.T.);
#911 = EDGE_CURVE('',#904,#912,#914,.T.);
#912 = VERTEX_POINT('',#913);
#913 = CARTESIAN_POINT('',(133.,83.825,197.71873309261));
#914 = LINE('',#915,#916);
#915 = CARTESIAN_POINT('',(113.325,83.825,209.07809963891));
#916 = VECTOR('',#917,1.);
#917 = DIRECTION('',(0.866025403784,0.,-0.5));
#918 = ORIENTED_EDGE('',*,*,#919,.T.);
#919 = EDGE_CURVE('',#912,#920,#922,.T.);
#920 = VERTEX_POINT('',#921);
#921 = CARTESIAN_POINT('',(152.675,83.825,209.07809963891));
#922 = LINE('',#923,#924);
#923 = CARTESIAN_POINT('',(93.65,83.825,175.));
#924 = VECTOR('',#925,1.);
#925 = DIRECTION('',(0.866025403784,0.,0.5));
#926 = ORIENTED_EDGE('',*,*,#927,.T.);
#927 = EDGE_CURVE('',#920,#928,#930,.T.);
#928 = VERTEX_POINT('',#929);
#929 = CARTESIAN_POINT('',(152.675,83.825,186.3593665463));
#930 = LINE('',#931,#932);
#931 = CARTESIAN_POINT('',(152.675,83.825,209.07809963891));
#932 = VECTOR('',#933,1.);
#933 = DIRECTION('',(6.106226635438E-16,0.,-1.));
#934 = ORIENTED_EDGE('',*,*,#935,.T.);
#935 = EDGE_CURVE('',#928,#936,#938,.T.);
#936 = VERTEX_POINT('',#937);
#937 = CARTESIAN_POINT('',(172.35,83.825,175.));
#938 = LINE('',#939,#940);
#939 = CARTESIAN_POINT('',(113.325,83.825,209.07809963891));
#940 = VECTOR('',#941,1.);
#941 = DIRECTION('',(0.866025403784,0.,-0.5));
#942 = ORIENTED_EDGE('',*,*,#943,.T.);
#943 = EDGE_CURVE('',#936,#854,#944,.T.);
#944 = LINE('',#945,#946);
#945 = CARTESIAN_POINT('',(172.35,83.825,175.));
#946 = VECTOR('',#947,1.);
#947 = DIRECTION('',(-0.866025403784,0.,-0.5));
#948 = FACE_BOUND('',#949,.T.);
#949 = EDGE_LOOP('',(#950,#951,#952,#953,#954,#955,#956,#957,#958,#959,
    #960,#961,#962));
#950 = ORIENTED_EDGE('',*,*,#769,.T.);
#951 = ORIENTED_EDGE('',*,*,#778,.T.);
#952 = ORIENTED_EDGE('',*,*,#787,.T.);
#953 = ORIENTED_EDGE('',*,*,#679,.T.);
#954 = ORIENTED_EDGE('',*,*,#688,.T.);
#955 = ORIENTED_EDGE('',*,*,#697,.T.);
#956 = ORIENTED_EDGE('',*,*,#706,.T.);
#957 = ORIENTED_EDGE('',*,*,#715,.T.);
#958 = ORIENTED_EDGE('',*,*,#724,.T.);
#959 = ORIENTED_EDGE('',*,*,#733,.T.);
#960 = ORIENTED_EDGE('',*,*,#742,.T.);
#961 = ORIENTED_EDGE('',*,*,#751,.T.);
#962 = ORIENTED_EDGE('',*,*,#760,.T.);
#963 = PLANE('',#964);
#964 = AXIS2_PLACEMENT_3D('',#965,#966,#967);
#965 = CARTESIAN_POINT('',(133.,83.825,175.));
#966 = DIRECTION('',(0.,1.,0.));
#967 = DIRECTION('',(0.,0.,1.));
#968 = ADVANCED_FACE('',(#969,#972),#1022,.T.);
#969 = FACE_BOUND('',#970,.T.);
#970 = EDGE_LOOP('',(#971));
#971 = ORIENTED_EDGE('',*,*,#836,.T.);
#972 = FACE_BOUND('',#973,.T.);
#973 = EDGE_LOOP('',(#974,#984,#992,#1000,#1008,#1016));
#974 = ORIENTED_EDGE('',*,*,#975,.T.);
#975 = EDGE_CURVE('',#976,#978,#980,.T.);
#976 = VERTEX_POINT('',#977);
#977 = CARTESIAN_POINT('',(130.575,127.5,170.79977679164));
#978 = VERTEX_POINT('',#979);
#979 = CARTESIAN_POINT('',(135.425,127.5,170.79977679164));
#980 = LINE('',#981,#982);
#981 = CARTESIAN_POINT('',(134.2125,127.5,170.79977679164));
#982 = VECTOR('',#983,1.);
#983 = DIRECTION('',(1.,0.,1.8E-16));
#984 = ORIENTED_EDGE('',*,*,#985,.T.);
#985 = EDGE_CURVE('',#978,#986,#988,.T.);
#986 = VERTEX_POINT('',#987);
#987 = CARTESIAN_POINT('',(137.85,127.5,175.));
#988 = LINE('',#989,#990);
#989 = CARTESIAN_POINT('',(137.24375,127.5,173.94994419791));
#990 = VECTOR('',#991,1.);
#991 = DIRECTION('',(0.5,1.9E-16,0.866025403784));
#992 = ORIENTED_EDGE('',*,*,#993,.T.);
#993 = EDGE_CURVE('',#986,#994,#996,.T.);
#994 = VERTEX_POINT('',#995);
#995 = CARTESIAN_POINT('',(135.425,127.5,179.20022320835));
#996 = LINE('',#997,#998);
#997 = CARTESIAN_POINT('',(136.03125,127.5,178.15016740626));
#998 = VECTOR('',#999,1.);
#999 = DIRECTION('',(-0.5,1.9E-16,0.866025403784));
#1000 = ORIENTED_EDGE('',*,*,#1001,.T.);
#1001 = EDGE_CURVE('',#994,#1002,#1004,.T.);
#1002 = VERTEX_POINT('',#1003);
#1003 = CARTESIAN_POINT('',(130.575,127.5,179.20022320835));
#1004 = LINE('',#1005,#1006);
#1005 = CARTESIAN_POINT('',(131.7875,127.5,179.20022320835));
#1006 = VECTOR('',#1007,1.);
#1007 = DIRECTION('',(-1.,-0.,-5.5E-16));
#1008 = ORIENTED_EDGE('',*,*,#1009,.T.);
#1009 = EDGE_CURVE('',#1002,#1010,#1012,.T.);
#1010 = VERTEX_POINT('',#1011);
#1011 = CARTESIAN_POINT('',(128.15,127.5,175.));
#1012 = LINE('',#1013,#1014);
#1013 = CARTESIAN_POINT('',(128.75625,127.5,176.05005580208));
#1014 = VECTOR('',#1015,1.);
#1015 = DIRECTION('',(-0.5,-1.9E-16,-0.866025403784));
#1016 = ORIENTED_EDGE('',*,*,#1017,.T.);
#1017 = EDGE_CURVE('',#1010,#976,#1018,.T.);
#1018 = LINE('',#1019,#1020);
#1019 = CARTESIAN_POINT('',(129.96875,127.5,171.84983259373));
#1020 = VECTOR('',#1021,1.);
#1021 = DIRECTION('',(0.5,-1.9E-16,-0.866025403784));
#1022 = PLANE('',#1023);
#1023 = AXIS2_PLACEMENT_3D('',#1024,#1025,#1026);
#1024 = CARTESIAN_POINT('',(133.,127.5,175.));
#1025 = DIRECTION('',(0.,1.,0.));
#1026 = DIRECTION('',(1.,0.,0.));
#1027 = ADVANCED_FACE('',(#1028),#1053,.F.);
#1028 = FACE_BOUND('',#1029,.F.);
#1029 = EDGE_LOOP('',(#1030,#1040,#1046,#1047));
#1030 = ORIENTED_EDGE('',*,*,#1031,.F.);
#1031 = EDGE_CURVE('',#1032,#1034,#1036,.T.);
#1032 = VERTEX_POINT('',#1033);
#1033 = CARTESIAN_POINT('',(152.675,80.625,163.64063345369));
#1034 = VERTEX_POINT('',#1035);
#1035 = CARTESIAN_POINT('',(152.675,80.625,140.92190036108));
#1036 = LINE('',#1037,#1038);
#1037 = CARTESIAN_POINT('',(152.675,80.625,209.07809963891));
#1038 = VECTOR('',#1039,1.);
#1039 = DIRECTION('',(6.106226635438E-16,0.,-1.));
#1040 = ORIENTED_EDGE('',*,*,#1041,.F.);
#1041 = EDGE_CURVE('',#854,#1032,#1042,.T.);
#1042 = LINE('',#1043,#1044);
#1043 = CARTESIAN_POINT('',(152.675,80.625,163.64063345369));
#1044 = VECTOR('',#1045,1.);
#1045 = DIRECTION('',(0.,-1.,2.2E-16));
#1046 = ORIENTED_EDGE('',*,*,#853,.T.);
#1047 = ORIENTED_EDGE('',*,*,#1048,.F.);
#1048 = EDGE_CURVE('',#1034,#856,#1049,.T.);
#1049 = LINE('',#1050,#1051);
#1050 = CARTESIAN_POINT('',(152.675,80.625,140.92190036108));
#1051 = VECTOR('',#1052,1.);
#1052 = DIRECTION('',(0.,1.,0.));
#1053 = PLANE('',#1054);
#1054 = AXIS2_PLACEMENT_3D('',#1055,#1056,#1057);
#1055 = CARTESIAN_POINT('',(152.675,80.625,209.07809963891));
#1056 = DIRECTION('',(-1.,0.,-6.106226635438E-16));
#1057 = DIRECTION('',(6.106226635438E-16,0.,-1.));
#1058 = ADVANCED_FACE('',(#1059),#1077,.F.);
#1059 = FACE_BOUND('',#1060,.F.);
#1060 = EDGE_LOOP('',(#1061,#1069,#1070,#1071));
#1061 = ORIENTED_EDGE('',*,*,#1062,.F.);
#1062 = EDGE_CURVE('',#1034,#1063,#1065,.T.);
#1063 = VERTEX_POINT('',#1064);
#1064 = CARTESIAN_POINT('',(133.,80.625,152.28126690738));
#1065 = LINE('',#1066,#1067);
#1066 = CARTESIAN_POINT('',(152.675,80.625,140.92190036108));
#1067 = VECTOR('',#1068,1.);
#1068 = DIRECTION('',(-0.866025403784,0.,0.5));
#1069 = ORIENTED_EDGE('',*,*,#1048,.T.);
#1070 = ORIENTED_EDGE('',*,*,#863,.T.);
#1071 = ORIENTED_EDGE('',*,*,#1072,.F.);
#1072 = EDGE_CURVE('',#1063,#864,#1073,.T.);
#1073 = LINE('',#1074,#1075);
#1074 = CARTESIAN_POINT('',(133.,80.625,152.28126690738));
#1075 = VECTOR('',#1076,1.);
#1076 = DIRECTION('',(1.9E-16,1.,-1.1E-16));
#1077 = PLANE('',#1078);
#1078 = AXIS2_PLACEMENT_3D('',#1079,#1080,#1081);
#1079 = CARTESIAN_POINT('',(152.675,80.625,140.92190036108));
#1080 = DIRECTION('',(0.5,0.,0.866025403784));
#1081 = DIRECTION('',(-0.866025403784,0.,0.5));
#1082 = ADVANCED_FACE('',(#1083),#1101,.F.);
#1083 = FACE_BOUND('',#1084,.F.);
#1084 = EDGE_LOOP('',(#1085,#1093,#1094,#1095));
#1085 = ORIENTED_EDGE('',*,*,#1086,.F.);
#1086 = EDGE_CURVE('',#1063,#1087,#1089,.T.);
#1087 = VERTEX_POINT('',#1088);
#1088 = CARTESIAN_POINT('',(113.325,80.625,140.92190036108));
#1089 = LINE('',#1090,#1091);
#1090 = CARTESIAN_POINT('',(172.35,80.625,175.));
#1091 = VECTOR('',#1092,1.);
#1092 = DIRECTION('',(-0.866025403784,0.,-0.5));
#1093 = ORIENTED_EDGE('',*,*,#1072,.T.);
#1094 = ORIENTED_EDGE('',*,*,#871,.T.);
#1095 = ORIENTED_EDGE('',*,*,#1096,.F.);
#1096 = EDGE_CURVE('',#1087,#872,#1097,.T.);
#1097 = LINE('',#1098,#1099);
#1098 = CARTESIAN_POINT('',(113.325,80.625,140.92190036108));
#1099 = VECTOR('',#1100,1.);
#1100 = DIRECTION('',(0.,1.,0.));
#1101 = PLANE('',#1102);
#1102 = AXIS2_PLACEMENT_3D('',#1103,#1104,#1105);
#1103 = CARTESIAN_POINT('',(172.35,80.625,175.));
#1104 = DIRECTION('',(-0.5,0.,0.866025403784));
#1105 = DIRECTION('',(-0.866025403784,0.,-0.5));
#1106 = ADVANCED_FACE('',(#1107),#1125,.F.);
#1107 = FACE_BOUND('',#1108,.F.);
#1108 = EDGE_LOOP('',(#1109,#1117,#1118,#1119));
#1109 = ORIENTED_EDGE('',*,*,#1110,.F.);
#1110 = EDGE_CURVE('',#1087,#1111,#1113,.T.);
#1111 = VERTEX_POINT('',#1112);
#1112 = CARTESIAN_POINT('',(113.325,80.625,163.64063345369));
#1113 = LINE('',#1114,#1115);
#1114 = CARTESIAN_POINT('',(113.325,80.625,140.92190036108));
#1115 = VECTOR('',#1116,1.);
#1116 = DIRECTION('',(-2.6E-16,0.,1.));
#1117 = ORIENTED_EDGE('',*,*,#1096,.T.);
#1118 = ORIENTED_EDGE('',*,*,#879,.T.);
#1119 = ORIENTED_EDGE('',*,*,#1120,.T.);
#1120 = EDGE_CURVE('',#880,#1111,#1121,.T.);
#1121 = LINE('',#1122,#1123);
#1122 = CARTESIAN_POINT('',(113.325,80.625,163.64063345369));
#1123 = VECTOR('',#1124,1.);
#1124 = DIRECTION('',(0.,-1.,0.));
#1125 = PLANE('',#1126);
#1126 = AXIS2_PLACEMENT_3D('',#1127,#1128,#1129);
#1127 = CARTESIAN_POINT('',(113.325,80.625,140.92190036108));
#1128 = DIRECTION('',(1.,0.,2.6E-16));
#1129 = DIRECTION('',(-2.6E-16,0.,1.));
#1130 = ADVANCED_FACE('',(#1131),#1149,.F.);
#1131 = FACE_BOUND('',#1132,.F.);
#1132 = EDGE_LOOP('',(#1133,#1141,#1142,#1143));
#1133 = ORIENTED_EDGE('',*,*,#1134,.F.);
#1134 = EDGE_CURVE('',#1111,#1135,#1137,.T.);
#1135 = VERTEX_POINT('',#1136);
#1136 = CARTESIAN_POINT('',(93.65,80.625,175.));
#1137 = LINE('',#1138,#1139);
#1138 = CARTESIAN_POINT('',(152.675,80.625,140.92190036108));
#1139 = VECTOR('',#1140,1.);
#1140 = DIRECTION('',(-0.866025403784,0.,0.5));
#1141 = ORIENTED_EDGE('',*,*,#1120,.F.);
#1142 = ORIENTED_EDGE('',*,*,#887,.T.);
#1143 = ORIENTED_EDGE('',*,*,#1144,.F.);
#1144 = EDGE_CURVE('',#1135,#888,#1145,.T.);
#1145 = LINE('',#1146,#1147);
#1146 = CARTESIAN_POINT('',(93.65,80.625,175.));
#1147 = VECTOR('',#1148,1.);
#1148 = DIRECTION('',(0.,1.,0.));
#1149 = PLANE('',#1150);
#1150 = AXIS2_PLACEMENT_3D('',#1151,#1152,#1153);
#1151 = CARTESIAN_POINT('',(152.675,80.625,140.92190036108));
#1152 = DIRECTION('',(0.5,0.,0.866025403784));
#1153 = DIRECTION('',(-0.866025403784,0.,0.5));
#1154 = ADVANCED_FACE('',(#1155),#1173,.F.);
#1155 = FACE_BOUND('',#1156,.F.);
#1156 = EDGE_LOOP('',(#1157,#1165,#1166,#1167));
#1157 = ORIENTED_EDGE('',*,*,#1158,.F.);
#1158 = EDGE_CURVE('',#1135,#1159,#1161,.T.);
#1159 = VERTEX_POINT('',#1160);
#1160 = CARTESIAN_POINT('',(113.325,80.625,186.3593665463));
#1161 = LINE('',#1162,#1163);
#1162 = CARTESIAN_POINT('',(93.65,80.625,175.));
#1163 = VECTOR('',#1164,1.);
#1164 = DIRECTION('',(0.866025403784,0.,0.5));
#1165 = ORIENTED_EDGE('',*,*,#1144,.T.);
#1166 = ORIENTED_EDGE('',*,*,#895,.T.);
#1167 = ORIENTED_EDGE('',*,*,#1168,.F.);
#1168 = EDGE_CURVE('',#1159,#896,#1169,.T.);
#1169 = LINE('',#1170,#1171);
#1170 = CARTESIAN_POINT('',(113.325,80.625,186.3593665463));
#1171 = VECTOR('',#1172,1.);
#1172 = DIRECTION('',(0.,1.,0.));
#1173 = PLANE('',#1174);
#1174 = AXIS2_PLACEMENT_3D('',#1175,#1176,#1177);
#1175 = CARTESIAN_POINT('',(93.65,80.625,175.));
#1176 = DIRECTION('',(0.5,0.,-0.866025403784));
#1177 = DIRECTION('',(0.866025403784,0.,0.5));
#1178 = ADVANCED_FACE('',(#1179),#1197,.F.);
#1179 = FACE_BOUND('',#1180,.F.);
#1180 = EDGE_LOOP('',(#1181,#1189,#1190,#1191));
#1181 = ORIENTED_EDGE('',*,*,#1182,.F.);
#1182 = EDGE_CURVE('',#1159,#1183,#1185,.T.);
#1183 = VERTEX_POINT('',#1184);
#1184 = CARTESIAN_POINT('',(113.325,80.625,209.07809963891));
#1185 = LINE('',#1186,#1187);
#1186 = CARTESIAN_POINT('',(113.325,80.625,140.92190036108));
#1187 = VECTOR('',#1188,1.);
#1188 = DIRECTION('',(-2.6E-16,0.,1.));
#1189 = ORIENTED_EDGE('',*,*,#1168,.T.);
#1190 = ORIENTED_EDGE('',*,*,#903,.T.);
#1191 = ORIENTED_EDGE('',*,*,#1192,.F.);
#1192 = EDGE_CURVE('',#1183,#904,#1193,.T.);
#1193 = LINE('',#1194,#1195);
#1194 = CARTESIAN_POINT('',(113.325,80.625,209.07809963891));
#1195 = VECTOR('',#1196,1.);
#1196 = DIRECTION('',(0.,1.,0.));
#1197 = PLANE('',#1198);
#1198 = AXIS2_PLACEMENT_3D('',#1199,#1200,#1201);
#1199 = CARTESIAN_POINT('',(113.325,80.625,140.92190036108));
#1200 = DIRECTION('',(1.,0.,2.6E-16));
#1201 = DIRECTION('',(-2.6E-16,0.,1.));
#1202 = ADVANCED_FACE('',(#1203),#1221,.F.);
#1203 = FACE_BOUND('',#1204,.F.);
#1204 = EDGE_LOOP('',(#1205,#1213,#1214,#1215));
#1205 = ORIENTED_EDGE('',*,*,#1206,.F.);
#1206 = EDGE_CURVE('',#1183,#1207,#1209,.T.);
#1207 = VERTEX_POINT('',#1208);
#1208 = CARTESIAN_POINT('',(133.,80.625,197.71873309261));
#1209 = LINE('',#1210,#1211);
#1210 = CARTESIAN_POINT('',(113.325,80.625,209.07809963891));
#1211 = VECTOR('',#1212,1.);
#1212 = DIRECTION('',(0.866025403784,0.,-0.5));
#1213 = ORIENTED_EDGE('',*,*,#1192,.T.);
#1214 = ORIENTED_EDGE('',*,*,#911,.T.);
#1215 = ORIENTED_EDGE('',*,*,#1216,.T.);
#1216 = EDGE_CURVE('',#912,#1207,#1217,.T.);
#1217 = LINE('',#1218,#1219);
#1218 = CARTESIAN_POINT('',(133.,80.625,197.71873309261));
#1219 = VECTOR('',#1220,1.);
#1220 = DIRECTION('',(1.9E-16,-1.,1.1E-16));
#1221 = PLANE('',#1222);
#1222 = AXIS2_PLACEMENT_3D('',#1223,#1224,#1225);
#1223 = CARTESIAN_POINT('',(113.325,80.625,209.07809963891));
#1224 = DIRECTION('',(-0.5,0.,-0.866025403784));
#1225 = DIRECTION('',(0.866025403784,0.,-0.5));
#1226 = ADVANCED_FACE('',(#1227),#1245,.F.);
#1227 = FACE_BOUND('',#1228,.F.);
#1228 = EDGE_LOOP('',(#1229,#1237,#1238,#1239));
#1229 = ORIENTED_EDGE('',*,*,#1230,.F.);
#1230 = EDGE_CURVE('',#1207,#1231,#1233,.T.);
#1231 = VERTEX_POINT('',#1232);
#1232 = CARTESIAN_POINT('',(152.675,80.625,209.07809963891));
#1233 = LINE('',#1234,#1235);
#1234 = CARTESIAN_POINT('',(93.65,80.625,175.));
#1235 = VECTOR('',#1236,1.);
#1236 = DIRECTION('',(0.866025403784,0.,0.5));
#1237 = ORIENTED_EDGE('',*,*,#1216,.F.);
#1238 = ORIENTED_EDGE('',*,*,#919,.T.);
#1239 = ORIENTED_EDGE('',*,*,#1240,.F.);
#1240 = EDGE_CURVE('',#1231,#920,#1241,.T.);
#1241 = LINE('',#1242,#1243);
#1242 = CARTESIAN_POINT('',(152.675,80.625,209.07809963891));
#1243 = VECTOR('',#1244,1.);
#1244 = DIRECTION('',(0.,1.,0.));
#1245 = PLANE('',#1246);
#1246 = AXIS2_PLACEMENT_3D('',#1247,#1248,#1249);
#1247 = CARTESIAN_POINT('',(93.65,80.625,175.));
#1248 = DIRECTION('',(0.5,0.,-0.866025403784));
#1249 = DIRECTION('',(0.866025403784,0.,0.5));
#1250 = ADVANCED_FACE('',(#1251),#1269,.F.);
#1251 = FACE_BOUND('',#1252,.F.);
#1252 = EDGE_LOOP('',(#1253,#1261,#1262,#1263));
#1253 = ORIENTED_EDGE('',*,*,#1254,.F.);
#1254 = EDGE_CURVE('',#1231,#1255,#1257,.T.);
#1255 = VERTEX_POINT('',#1256);
#1256 = CARTESIAN_POINT('',(152.675,80.625,186.3593665463));
#1257 = LINE('',#1258,#1259);
#1258 = CARTESIAN_POINT('',(152.675,80.625,209.07809963891));
#1259 = VECTOR('',#1260,1.);
#1260 = DIRECTION('',(6.106226635438E-16,0.,-1.));
#1261 = ORIENTED_EDGE('',*,*,#1240,.T.);
#1262 = ORIENTED_EDGE('',*,*,#927,.T.);
#1263 = ORIENTED_EDGE('',*,*,#1264,.F.);
#1264 = EDGE_CURVE('',#1255,#928,#1265,.T.);
#1265 = LINE('',#1266,#1267);
#1266 = CARTESIAN_POINT('',(152.675,80.625,186.3593665463));
#1267 = VECTOR('',#1268,1.);
#1268 = DIRECTION('',(0.,1.,-2.2E-16));
#1269 = PLANE('',#1270);
#1270 = AXIS2_PLACEMENT_3D('',#1271,#1272,#1273);
#1271 = CARTESIAN_POINT('',(152.675,80.625,209.07809963891));
#1272 = DIRECTION('',(-1.,0.,-6.106226635438E-16));
#1273 = DIRECTION('',(6.106226635438E-16,0.,-1.));
#1274 = ADVANCED_FACE('',(#1275),#1293,.F.);
#1275 = FACE_BOUND('',#1276,.F.);
#1276 = EDGE_LOOP('',(#1277,#1285,#1286,#1287));
#1277 = ORIENTED_EDGE('',*,*,#1278,.F.);
#1278 = EDGE_CURVE('',#1255,#1279,#1281,.T.);
#1279 = VERTEX_POINT('',#1280);
#1280 = CARTESIAN_POINT('',(172.35,80.625,175.));
#1281 = LINE('',#1282,#1283);
#1282 = CARTESIAN_POINT('',(113.325,80.625,209.07809963891));
#1283 = VECTOR('',#1284,1.);
#1284 = DIRECTION('',(0.866025403784,0.,-0.5));
#1285 = ORIENTED_EDGE('',*,*,#1264,.T.);
#1286 = ORIENTED_EDGE('',*,*,#935,.T.);
#1287 = ORIENTED_EDGE('',*,*,#1288,.F.);
#1288 = EDGE_CURVE('',#1279,#936,#1289,.T.);
#1289 = LINE('',#1290,#1291);
#1290 = CARTESIAN_POINT('',(172.35,80.625,175.));
#1291 = VECTOR('',#1292,1.);
#1292 = DIRECTION('',(0.,1.,0.));
#1293 = PLANE('',#1294);
#1294 = AXIS2_PLACEMENT_3D('',#1295,#1296,#1297);
#1295 = CARTESIAN_POINT('',(113.325,80.625,209.07809963891));
#1296 = DIRECTION('',(-0.5,0.,-0.866025403784));
#1297 = DIRECTION('',(0.866025403784,0.,-0.5));
#1298 = ADVANCED_FACE('',(#1299),#1310,.F.);
#1299 = FACE_BOUND('',#1300,.F.);
#1300 = EDGE_LOOP('',(#1301,#1307,#1308,#1309));
#1301 = ORIENTED_EDGE('',*,*,#1302,.F.);
#1302 = EDGE_CURVE('',#1279,#1032,#1303,.T.);
#1303 = LINE('',#1304,#1305);
#1304 = CARTESIAN_POINT('',(172.35,80.625,175.));
#1305 = VECTOR('',#1306,1.);
#1306 = DIRECTION('',(-0.866025403784,0.,-0.5));
#1307 = ORIENTED_EDGE('',*,*,#1288,.T.);
#1308 = ORIENTED_EDGE('',*,*,#943,.T.);
#1309 = ORIENTED_EDGE('',*,*,#1041,.T.);
#1310 = PLANE('',#1311);
#1311 = AXIS2_PLACEMENT_3D('',#1312,#1313,#1314);
#1312 = CARTESIAN_POINT('',(172.35,80.625,175.));
#1313 = DIRECTION('',(-0.5,0.,0.866025403784));
#1314 = DIRECTION('',(-0.866025403784,0.,-0.5));
#1315 = ADVANCED_FACE('',(#1316),#1341,.T.);
#1316 = FACE_BOUND('',#1317,.T.);
#1317 = EDGE_LOOP('',(#1318,#1328,#1334,#1335));
#1318 = ORIENTED_EDGE('',*,*,#1319,.T.);
#1319 = EDGE_CURVE('',#1320,#1322,#1324,.T.);
#1320 = VERTEX_POINT('',#1321);
#1321 = CARTESIAN_POINT('',(130.575,-127.5,170.79977679164));
#1322 = VERTEX_POINT('',#1323);
#1323 = CARTESIAN_POINT('',(135.425,-127.5,170.79977679164));
#1324 = LINE('',#1325,#1326);
#1325 = CARTESIAN_POINT('',(134.2125,-127.5,170.79977679164));
#1326 = VECTOR('',#1327,1.);
#1327 = DIRECTION('',(1.,0.,1.8E-16));
#1328 = ORIENTED_EDGE('',*,*,#1329,.T.);
#1329 = EDGE_CURVE('',#1322,#978,#1330,.T.);
#1330 = LINE('',#1331,#1332);
#1331 = CARTESIAN_POINT('',(135.425,-129.5,170.79977679164));
#1332 = VECTOR('',#1333,1.);
#1333 = DIRECTION('',(0.,1.,0.));
#1334 = ORIENTED_EDGE('',*,*,#975,.F.);
#1335 = ORIENTED_EDGE('',*,*,#1336,.F.);
#1336 = EDGE_CURVE('',#1320,#976,#1337,.T.);
#1337 = LINE('',#1338,#1339);
#1338 = CARTESIAN_POINT('',(130.575,-129.5,170.79977679164));
#1339 = VECTOR('',#1340,1.);
#1340 = DIRECTION('',(0.,1.,0.));
#1341 = PLANE('',#1342);
#1342 = AXIS2_PLACEMENT_3D('',#1343,#1344,#1345);
#1343 = CARTESIAN_POINT('',(135.425,-129.5,170.79977679164));
#1344 = DIRECTION('',(-1.8E-16,0.,1.));
#1345 = DIRECTION('',(-1.,0.,-1.8E-16));
#1346 = ADVANCED_FACE('',(#1347),#1365,.T.);
#1347 = FACE_BOUND('',#1348,.T.);
#1348 = EDGE_LOOP('',(#1349,#1357,#1358,#1359));
#1349 = ORIENTED_EDGE('',*,*,#1350,.T.);
#1350 = EDGE_CURVE('',#1351,#1320,#1353,.T.);
#1351 = VERTEX_POINT('',#1352);
#1352 = CARTESIAN_POINT('',(128.15,-127.5,175.));
#1353 = LINE('',#1354,#1355);
#1354 = CARTESIAN_POINT('',(129.96875,-127.5,171.84983259373));
#1355 = VECTOR('',#1356,1.);
#1356 = DIRECTION('',(0.5,-1.9E-16,-0.866025403784));
#1357 = ORIENTED_EDGE('',*,*,#1336,.T.);
#1358 = ORIENTED_EDGE('',*,*,#1017,.F.);
#1359 = ORIENTED_EDGE('',*,*,#1360,.F.);
#1360 = EDGE_CURVE('',#1351,#1010,#1361,.T.);
#1361 = LINE('',#1362,#1363);
#1362 = CARTESIAN_POINT('',(128.15,-129.5,175.));
#1363 = VECTOR('',#1364,1.);
#1364 = DIRECTION('',(0.,1.,0.));
#1365 = PLANE('',#1366);
#1366 = AXIS2_PLACEMENT_3D('',#1367,#1368,#1369);
#1367 = CARTESIAN_POINT('',(130.575,-129.5,170.79977679164));
#1368 = DIRECTION('',(0.866025403784,0.,0.5));
#1369 = DIRECTION('',(-0.5,0.,0.866025403784));
#1370 = ADVANCED_FACE('',(#1371),#1389,.T.);
#1371 = FACE_BOUND('',#1372,.T.);
#1372 = EDGE_LOOP('',(#1373,#1381,#1382,#1383));
#1373 = ORIENTED_EDGE('',*,*,#1374,.T.);
#1374 = EDGE_CURVE('',#1375,#1351,#1377,.T.);
#1375 = VERTEX_POINT('',#1376);
#1376 = CARTESIAN_POINT('',(130.575,-127.5,179.20022320835));
#1377 = LINE('',#1378,#1379);
#1378 = CARTESIAN_POINT('',(128.75625,-127.5,176.05005580208));
#1379 = VECTOR('',#1380,1.);
#1380 = DIRECTION('',(-0.5,-1.9E-16,-0.866025403784));
#1381 = ORIENTED_EDGE('',*,*,#1360,.T.);
#1382 = ORIENTED_EDGE('',*,*,#1009,.F.);
#1383 = ORIENTED_EDGE('',*,*,#1384,.F.);
#1384 = EDGE_CURVE('',#1375,#1002,#1385,.T.);
#1385 = LINE('',#1386,#1387);
#1386 = CARTESIAN_POINT('',(130.575,-129.5,179.20022320835));
#1387 = VECTOR('',#1388,1.);
#1388 = DIRECTION('',(0.,1.,0.));
#1389 = PLANE('',#1390);
#1390 = AXIS2_PLACEMENT_3D('',#1391,#1392,#1393);
#1391 = CARTESIAN_POINT('',(128.15,-129.5,175.));
#1392 = DIRECTION('',(0.866025403784,0.,-0.5));
#1393 = DIRECTION('',(0.5,0.,0.866025403784));
#1394 = ADVANCED_FACE('',(#1395),#1413,.T.);
#1395 = FACE_BOUND('',#1396,.T.);
#1396 = EDGE_LOOP('',(#1397,#1405,#1406,#1407));
#1397 = ORIENTED_EDGE('',*,*,#1398,.T.);
#1398 = EDGE_CURVE('',#1399,#1375,#1401,.T.);
#1399 = VERTEX_POINT('',#1400);
#1400 = CARTESIAN_POINT('',(135.425,-127.5,179.20022320835));
#1401 = LINE('',#1402,#1403);
#1402 = CARTESIAN_POINT('',(131.7875,-127.5,179.20022320835));
#1403 = VECTOR('',#1404,1.);
#1404 = DIRECTION('',(-1.,-0.,-5.5E-16));
#1405 = ORIENTED_EDGE('',*,*,#1384,.T.);
#1406 = ORIENTED_EDGE('',*,*,#1001,.F.);
#1407 = ORIENTED_EDGE('',*,*,#1408,.F.);
#1408 = EDGE_CURVE('',#1399,#994,#1409,.T.);
#1409 = LINE('',#1410,#1411);
#1410 = CARTESIAN_POINT('',(135.425,-129.5,179.20022320835));
#1411 = VECTOR('',#1412,1.);
#1412 = DIRECTION('',(0.,1.,0.));
#1413 = PLANE('',#1414);
#1414 = AXIS2_PLACEMENT_3D('',#1415,#1416,#1417);
#1415 = CARTESIAN_POINT('',(130.575,-129.5,179.20022320835));
#1416 = DIRECTION('',(5.5E-16,0.,-1.));
#1417 = DIRECTION('',(1.,0.,5.5E-16));
#1418 = ADVANCED_FACE('',(#1419),#1437,.T.);
#1419 = FACE_BOUND('',#1420,.T.);
#1420 = EDGE_LOOP('',(#1421,#1429,#1430,#1431));
#1421 = ORIENTED_EDGE('',*,*,#1422,.T.);
#1422 = EDGE_CURVE('',#1423,#1399,#1425,.T.);
#1423 = VERTEX_POINT('',#1424);
#1424 = CARTESIAN_POINT('',(137.85,-127.5,175.));
#1425 = LINE('',#1426,#1427);
#1426 = CARTESIAN_POINT('',(136.03125,-127.5,178.15016740626));
#1427 = VECTOR('',#1428,1.);
#1428 = DIRECTION('',(-0.5,1.9E-16,0.866025403784));
#1429 = ORIENTED_EDGE('',*,*,#1408,.T.);
#1430 = ORIENTED_EDGE('',*,*,#993,.F.);
#1431 = ORIENTED_EDGE('',*,*,#1432,.F.);
#1432 = EDGE_CURVE('',#1423,#986,#1433,.T.);
#1433 = LINE('',#1434,#1435);
#1434 = CARTESIAN_POINT('',(137.85,-129.5,175.));
#1435 = VECTOR('',#1436,1.);
#1436 = DIRECTION('',(0.,1.,0.));
#1437 = PLANE('',#1438);
#1438 = AXIS2_PLACEMENT_3D('',#1439,#1440,#1441);
#1439 = CARTESIAN_POINT('',(135.425,-129.5,179.20022320835));
#1440 = DIRECTION('',(-0.866025403784,0.,-0.5));
#1441 = DIRECTION('',(0.5,0.,-0.866025403784));
#1442 = ADVANCED_FACE('',(#1443),#1454,.T.);
#1443 = FACE_BOUND('',#1444,.T.);
#1444 = EDGE_LOOP('',(#1445,#1451,#1452,#1453));
#1445 = ORIENTED_EDGE('',*,*,#1446,.T.);
#1446 = EDGE_CURVE('',#1322,#1423,#1447,.T.);
#1447 = LINE('',#1448,#1449);
#1448 = CARTESIAN_POINT('',(137.24375,-127.5,173.94994419791));
#1449 = VECTOR('',#1450,1.);
#1450 = DIRECTION('',(0.5,1.9E-16,0.866025403784));
#1451 = ORIENTED_EDGE('',*,*,#1432,.T.);
#1452 = ORIENTED_EDGE('',*,*,#985,.F.);
#1453 = ORIENTED_EDGE('',*,*,#1329,.F.);
#1454 = PLANE('',#1455);
#1455 = AXIS2_PLACEMENT_3D('',#1456,#1457,#1458);
#1456 = CARTESIAN_POINT('',(137.85,-129.5,175.));
#1457 = DIRECTION('',(-0.866025403784,0.,0.5));
#1458 = DIRECTION('',(-0.5,0.,-0.866025403784));
#1459 = ADVANCED_FACE('',(#1460,#1474),#1593,.T.);
#1460 = FACE_BOUND('',#1461,.T.);
#1461 = EDGE_LOOP('',(#1462,#1463,#1464,#1465,#1466,#1467,#1468,#1469,
    #1470,#1471,#1472,#1473));
#1462 = ORIENTED_EDGE('',*,*,#1031,.F.);
#1463 = ORIENTED_EDGE('',*,*,#1302,.F.);
#1464 = ORIENTED_EDGE('',*,*,#1278,.F.);
#1465 = ORIENTED_EDGE('',*,*,#1254,.F.);
#1466 = ORIENTED_EDGE('',*,*,#1230,.F.);
#1467 = ORIENTED_EDGE('',*,*,#1206,.F.);
#1468 = ORIENTED_EDGE('',*,*,#1182,.F.);
#1469 = ORIENTED_EDGE('',*,*,#1158,.F.);
#1470 = ORIENTED_EDGE('',*,*,#1134,.F.);
#1471 = ORIENTED_EDGE('',*,*,#1110,.F.);
#1472 = ORIENTED_EDGE('',*,*,#1086,.F.);
#1473 = ORIENTED_EDGE('',*,*,#1062,.F.);
#1474 = FACE_BOUND('',#1475,.T.);
#1475 = EDGE_LOOP('',(#1476,#1487,#1496,#1505,#1514,#1523,#1532,#1541,
    #1550,#1559,#1568,#1577,#1586));
#1476 = ORIENTED_EDGE('',*,*,#1477,.F.);
#1477 = EDGE_CURVE('',#1478,#1480,#1482,.T.);
#1478 = VERTEX_POINT('',#1479);
#1479 = CARTESIAN_POINT('',(134.31278409564,80.625,153.03920315839));
#1480 = VERTEX_POINT('',#1481);
#1481 = CARTESIAN_POINT('',(151.36221590435,80.625,162.88269720268));
#1482 = CIRCLE('',#1483,22.);
#1483 = AXIS2_PLACEMENT_3D('',#1484,#1485,#1486);
#1484 = CARTESIAN_POINT('',(133.,80.625,175.));
#1485 = DIRECTION('',(0.,-1.,2.2E-16));
#1486 = DIRECTION('',(1.,0.,0.));
#1487 = ORIENTED_EDGE('',*,*,#1488,.F.);
#1488 = EDGE_CURVE('',#1489,#1478,#1491,.T.);
#1489 = VERTEX_POINT('',#1490);
#1490 = CARTESIAN_POINT('',(131.68721590435,80.625,153.03920315839));
#1491 = CIRCLE('',#1492,22.);
#1492 = AXIS2_PLACEMENT_3D('',#1493,#1494,#1495);
#1493 = CARTESIAN_POINT('',(133.,80.625,175.));
#1494 = DIRECTION('',(0.,-1.,2.2E-16));
#1495 = DIRECTION('',(1.,0.,0.));
#1496 = ORIENTED_EDGE('',*,*,#1497,.F.);
#1497 = EDGE_CURVE('',#1498,#1489,#1500,.T.);
#1498 = VERTEX_POINT('',#1499);
#1499 = CARTESIAN_POINT('',(114.63778409564,80.625,162.88269720268));
#1500 = CIRCLE('',#1501,22.);
#1501 = AXIS2_PLACEMENT_3D('',#1502,#1503,#1504);
#1502 = CARTESIAN_POINT('',(133.,80.625,175.));
#1503 = DIRECTION('',(0.,-1.,2.2E-16));
#1504 = DIRECTION('',(1.,0.,0.));
#1505 = ORIENTED_EDGE('',*,*,#1506,.F.);
#1506 = EDGE_CURVE('',#1507,#1498,#1509,.T.);
#1507 = VERTEX_POINT('',#1508);
#1508 = CARTESIAN_POINT('',(113.325,80.625,165.1565059557));
#1509 = CIRCLE('',#1510,22.);
#1510 = AXIS2_PLACEMENT_3D('',#1511,#1512,#1513);
#1511 = CARTESIAN_POINT('',(133.,80.625,175.));
#1512 = DIRECTION('',(0.,-1.,2.2E-16));
#1513 = DIRECTION('',(1.,0.,0.));
#1514 = ORIENTED_EDGE('',*,*,#1515,.F.);
#1515 = EDGE_CURVE('',#1516,#1507,#1518,.T.);
#1516 = VERTEX_POINT('',#1517);
#1517 = CARTESIAN_POINT('',(113.325,80.625,184.84349404429));
#1518 = CIRCLE('',#1519,22.);
#1519 = AXIS2_PLACEMENT_3D('',#1520,#1521,#1522);
#1520 = CARTESIAN_POINT('',(133.,80.625,175.));
#1521 = DIRECTION('',(0.,-1.,2.2E-16));
#1522 = DIRECTION('',(1.,0.,0.));
#1523 = ORIENTED_EDGE('',*,*,#1524,.F.);
#1524 = EDGE_CURVE('',#1525,#1516,#1527,.T.);
#1525 = VERTEX_POINT('',#1526);
#1526 = CARTESIAN_POINT('',(114.63778409564,80.625,187.11730279731));
#1527 = CIRCLE('',#1528,22.);
#1528 = AXIS2_PLACEMENT_3D('',#1529,#1530,#1531);
#1529 = CARTESIAN_POINT('',(133.,80.625,175.));
#1530 = DIRECTION('',(0.,-1.,2.2E-16));
#1531 = DIRECTION('',(1.,0.,0.));
#1532 = ORIENTED_EDGE('',*,*,#1533,.F.);
#1533 = EDGE_CURVE('',#1534,#1525,#1536,.T.);
#1534 = VERTEX_POINT('',#1535);
#1535 = CARTESIAN_POINT('',(131.68721590435,80.625,196.9607968416));
#1536 = CIRCLE('',#1537,22.);
#1537 = AXIS2_PLACEMENT_3D('',#1538,#1539,#1540);
#1538 = CARTESIAN_POINT('',(133.,80.625,175.));
#1539 = DIRECTION('',(0.,-1.,2.2E-16));
#1540 = DIRECTION('',(1.,0.,0.));
#1541 = ORIENTED_EDGE('',*,*,#1542,.F.);
#1542 = EDGE_CURVE('',#1543,#1534,#1545,.T.);
#1543 = VERTEX_POINT('',#1544);
#1544 = CARTESIAN_POINT('',(134.31278409564,80.625,196.9607968416));
#1545 = CIRCLE('',#1546,22.);
#1546 = AXIS2_PLACEMENT_3D('',#1547,#1548,#1549);
#1547 = CARTESIAN_POINT('',(133.,80.625,175.));
#1548 = DIRECTION('',(0.,-1.,2.2E-16));
#1549 = DIRECTION('',(1.,0.,0.));
#1550 = ORIENTED_EDGE('',*,*,#1551,.F.);
#1551 = EDGE_CURVE('',#1552,#1543,#1554,.T.);
#1552 = VERTEX_POINT('',#1553);
#1553 = CARTESIAN_POINT('',(151.36221590435,80.625,187.11730279731));
#1554 = CIRCLE('',#1555,22.);
#1555 = AXIS2_PLACEMENT_3D('',#1556,#1557,#1558);
#1556 = CARTESIAN_POINT('',(133.,80.625,175.));
#1557 = DIRECTION('',(0.,-1.,2.2E-16));
#1558 = DIRECTION('',(1.,0.,0.));
#1559 = ORIENTED_EDGE('',*,*,#1560,.F.);
#1560 = EDGE_CURVE('',#1561,#1552,#1563,.T.);
#1561 = VERTEX_POINT('',#1562);
#1562 = CARTESIAN_POINT('',(152.675,80.625,184.84349404429));
#1563 = CIRCLE('',#1564,22.);
#1564 = AXIS2_PLACEMENT_3D('',#1565,#1566,#1567);
#1565 = CARTESIAN_POINT('',(133.,80.625,175.));
#1566 = DIRECTION('',(0.,-1.,2.2E-16));
#1567 = DIRECTION('',(1.,0.,0.));
#1568 = ORIENTED_EDGE('',*,*,#1569,.F.);
#1569 = EDGE_CURVE('',#1570,#1561,#1572,.T.);
#1570 = VERTEX_POINT('',#1571);
#1571 = CARTESIAN_POINT('',(155.,80.625,175.));
#1572 = CIRCLE('',#1573,22.);
#1573 = AXIS2_PLACEMENT_3D('',#1574,#1575,#1576);
#1574 = CARTESIAN_POINT('',(133.,80.625,175.));
#1575 = DIRECTION('',(0.,-1.,2.2E-16));
#1576 = DIRECTION('',(1.,0.,0.));
#1577 = ORIENTED_EDGE('',*,*,#1578,.F.);
#1578 = EDGE_CURVE('',#1579,#1570,#1581,.T.);
#1579 = VERTEX_POINT('',#1580);
#1580 = CARTESIAN_POINT('',(152.675,80.625,165.1565059557));
#1581 = CIRCLE('',#1582,22.);
#1582 = AXIS2_PLACEMENT_3D('',#1583,#1584,#1585);
#1583 = CARTESIAN_POINT('',(133.,80.625,175.));
#1584 = DIRECTION('',(0.,-1.,2.2E-16));
#1585 = DIRECTION('',(1.,0.,0.));
#1586 = ORIENTED_EDGE('',*,*,#1587,.F.);
#1587 = EDGE_CURVE('',#1480,#1579,#1588,.T.);
#1588 = CIRCLE('',#1589,22.);
#1589 = AXIS2_PLACEMENT_3D('',#1590,#1591,#1592);
#1590 = CARTESIAN_POINT('',(133.,80.625,175.));
#1591 = DIRECTION('',(0.,-1.,2.2E-16));
#1592 = DIRECTION('',(1.,0.,0.));
#1593 = PLANE('',#1594);
#1594 = AXIS2_PLACEMENT_3D('',#1595,#1596,#1597);
#1595 = CARTESIAN_POINT('',(133.,80.625,175.));
#1596 = DIRECTION('',(-0.,-1.,-0.));
#1597 = DIRECTION('',(0.,0.,-1.));
#1598 = ADVANCED_FACE('',(#1599,#1610),#1618,.F.);
#1599 = FACE_BOUND('',#1600,.F.);
#1600 = EDGE_LOOP('',(#1601));
#1601 = ORIENTED_EDGE('',*,*,#1602,.T.);
#1602 = EDGE_CURVE('',#1603,#1603,#1605,.T.);
#1603 = VERTEX_POINT('',#1604);
#1604 = CARTESIAN_POINT('',(155.,-127.5,175.));
#1605 = CIRCLE('',#1606,22.);
#1606 = AXIS2_PLACEMENT_3D('',#1607,#1608,#1609);
#1607 = CARTESIAN_POINT('',(133.,-127.5,175.));
#1608 = DIRECTION('',(-0.,1.,0.));
#1609 = DIRECTION('',(1.,0.,0.));
#1610 = FACE_BOUND('',#1611,.F.);
#1611 = EDGE_LOOP('',(#1612,#1613,#1614,#1615,#1616,#1617));
#1612 = ORIENTED_EDGE('',*,*,#1319,.T.);
#1613 = ORIENTED_EDGE('',*,*,#1446,.T.);
#1614 = ORIENTED_EDGE('',*,*,#1422,.T.);
#1615 = ORIENTED_EDGE('',*,*,#1398,.T.);
#1616 = ORIENTED_EDGE('',*,*,#1374,.T.);
#1617 = ORIENTED_EDGE('',*,*,#1350,.T.);
#1618 = PLANE('',#1619);
#1619 = AXIS2_PLACEMENT_3D('',#1620,#1621,#1622);
#1620 = CARTESIAN_POINT('',(133.,-127.5,175.));
#1621 = DIRECTION('',(0.,1.,0.));
#1622 = DIRECTION('',(1.,0.,0.));
#1623 = ADVANCED_FACE('',(#1624),#1763,.T.);
#1624 = FACE_BOUND('',#1625,.F.);
#1625 = EDGE_LOOP('',(#1626,#1634,#1643,#1652,#1661,#1670,#1679,#1688,
    #1697,#1706,#1715,#1724,#1733,#1742,#1749,#1750,#1751,#1752,#1753,
    #1754,#1755,#1756,#1757,#1758,#1759,#1760,#1761,#1762));
#1626 = ORIENTED_EDGE('',*,*,#1627,.F.);
#1627 = EDGE_CURVE('',#1628,#1570,#1630,.T.);
#1628 = VERTEX_POINT('',#1629);
#1629 = CARTESIAN_POINT('',(155.,56.95,175.));
#1630 = LINE('',#1631,#1632);
#1631 = CARTESIAN_POINT('',(155.,-127.5,175.));
#1632 = VECTOR('',#1633,1.);
#1633 = DIRECTION('',(0.,1.,0.));
#1634 = ORIENTED_EDGE('',*,*,#1635,.T.);
#1635 = EDGE_CURVE('',#1628,#1636,#1638,.T.);
#1636 = VERTEX_POINT('',#1637);
#1637 = CARTESIAN_POINT('',(152.675,56.95,184.84349404429));
#1638 = CIRCLE('',#1639,22.);
#1639 = AXIS2_PLACEMENT_3D('',#1640,#1641,#1642);
#1640 = CARTESIAN_POINT('',(133.,56.95,175.));
#1641 = DIRECTION('',(0.,-1.,2.2E-16));
#1642 = DIRECTION('',(1.,0.,0.));
#1643 = ORIENTED_EDGE('',*,*,#1644,.T.);
#1644 = EDGE_CURVE('',#1636,#1645,#1647,.T.);
#1645 = VERTEX_POINT('',#1646);
#1646 = CARTESIAN_POINT('',(151.36221590435,56.95,187.11730279731));
#1647 = CIRCLE('',#1648,22.);
#1648 = AXIS2_PLACEMENT_3D('',#1649,#1650,#1651);
#1649 = CARTESIAN_POINT('',(133.,56.95,175.));
#1650 = DIRECTION('',(0.,-1.,2.2E-16));
#1651 = DIRECTION('',(1.,0.,0.));
#1652 = ORIENTED_EDGE('',*,*,#1653,.T.);
#1653 = EDGE_CURVE('',#1645,#1654,#1656,.T.);
#1654 = VERTEX_POINT('',#1655);
#1655 = CARTESIAN_POINT('',(134.31278409564,56.95,196.9607968416));
#1656 = CIRCLE('',#1657,22.);
#1657 = AXIS2_PLACEMENT_3D('',#1658,#1659,#1660);
#1658 = CARTESIAN_POINT('',(133.,56.95,175.));
#1659 = DIRECTION('',(0.,-1.,2.2E-16));
#1660 = DIRECTION('',(1.,0.,0.));
#1661 = ORIENTED_EDGE('',*,*,#1662,.T.);
#1662 = EDGE_CURVE('',#1654,#1663,#1665,.T.);
#1663 = VERTEX_POINT('',#1664);
#1664 = CARTESIAN_POINT('',(131.68721590435,56.95,196.9607968416));
#1665 = CIRCLE('',#1666,22.);
#1666 = AXIS2_PLACEMENT_3D('',#1667,#1668,#1669);
#1667 = CARTESIAN_POINT('',(133.,56.95,175.));
#1668 = DIRECTION('',(0.,-1.,2.2E-16));
#1669 = DIRECTION('',(1.,0.,0.));
#1670 = ORIENTED_EDGE('',*,*,#1671,.T.);
#1671 = EDGE_CURVE('',#1663,#1672,#1674,.T.);
#1672 = VERTEX_POINT('',#1673);
#1673 = CARTESIAN_POINT('',(114.63778409564,56.95,187.11730279731));
#1674 = CIRCLE('',#1675,22.);
#1675 = AXIS2_PLACEMENT_3D('',#1676,#1677,#1678);
#1676 = CARTESIAN_POINT('',(133.,56.95,175.));
#1677 = DIRECTION('',(0.,-1.,2.2E-16));
#1678 = DIRECTION('',(1.,0.,0.));
#1679 = ORIENTED_EDGE('',*,*,#1680,.T.);
#1680 = EDGE_CURVE('',#1672,#1681,#1683,.T.);
#1681 = VERTEX_POINT('',#1682);
#1682 = CARTESIAN_POINT('',(113.325,56.95,184.84349404429));
#1683 = CIRCLE('',#1684,22.);
#1684 = AXIS2_PLACEMENT_3D('',#1685,#1686,#1687);
#1685 = CARTESIAN_POINT('',(133.,56.95,175.));
#1686 = DIRECTION('',(0.,-1.,2.2E-16));
#1687 = DIRECTION('',(1.,0.,0.));
#1688 = ORIENTED_EDGE('',*,*,#1689,.T.);
#1689 = EDGE_CURVE('',#1681,#1690,#1692,.T.);
#1690 = VERTEX_POINT('',#1691);
#1691 = CARTESIAN_POINT('',(113.325,56.95,165.1565059557));
#1692 = CIRCLE('',#1693,22.);
#1693 = AXIS2_PLACEMENT_3D('',#1694,#1695,#1696);
#1694 = CARTESIAN_POINT('',(133.,56.95,175.));
#1695 = DIRECTION('',(0.,-1.,2.2E-16));
#1696 = DIRECTION('',(1.,0.,0.));
#1697 = ORIENTED_EDGE('',*,*,#1698,.T.);
#1698 = EDGE_CURVE('',#1690,#1699,#1701,.T.);
#1699 = VERTEX_POINT('',#1700);
#1700 = CARTESIAN_POINT('',(114.63778409564,56.95,162.88269720268));
#1701 = CIRCLE('',#1702,22.);
#1702 = AXIS2_PLACEMENT_3D('',#1703,#1704,#1705);
#1703 = CARTESIAN_POINT('',(133.,56.95,175.));
#1704 = DIRECTION('',(0.,-1.,2.2E-16));
#1705 = DIRECTION('',(1.,0.,0.));
#1706 = ORIENTED_EDGE('',*,*,#1707,.T.);
#1707 = EDGE_CURVE('',#1699,#1708,#1710,.T.);
#1708 = VERTEX_POINT('',#1709);
#1709 = CARTESIAN_POINT('',(131.68721590435,56.95,153.03920315839));
#1710 = CIRCLE('',#1711,22.);
#1711 = AXIS2_PLACEMENT_3D('',#1712,#1713,#1714);
#1712 = CARTESIAN_POINT('',(133.,56.95,175.));
#1713 = DIRECTION('',(0.,-1.,2.2E-16));
#1714 = DIRECTION('',(1.,0.,0.));
#1715 = ORIENTED_EDGE('',*,*,#1716,.T.);
#1716 = EDGE_CURVE('',#1708,#1717,#1719,.T.);
#1717 = VERTEX_POINT('',#1718);
#1718 = CARTESIAN_POINT('',(134.31278409564,56.95,153.03920315839));
#1719 = CIRCLE('',#1720,22.);
#1720 = AXIS2_PLACEMENT_3D('',#1721,#1722,#1723);
#1721 = CARTESIAN_POINT('',(133.,56.95,175.));
#1722 = DIRECTION('',(0.,-1.,2.2E-16));
#1723 = DIRECTION('',(1.,0.,0.));
#1724 = ORIENTED_EDGE('',*,*,#1725,.T.);
#1725 = EDGE_CURVE('',#1717,#1726,#1728,.T.);
#1726 = VERTEX_POINT('',#1727);
#1727 = CARTESIAN_POINT('',(151.36221590435,56.95,162.88269720268));
#1728 = CIRCLE('',#1729,22.);
#1729 = AXIS2_PLACEMENT_3D('',#1730,#1731,#1732);
#1730 = CARTESIAN_POINT('',(133.,56.95,175.));
#1731 = DIRECTION('',(0.,-1.,2.2E-16));
#1732 = DIRECTION('',(1.,0.,0.));
#1733 = ORIENTED_EDGE('',*,*,#1734,.T.);
#1734 = EDGE_CURVE('',#1726,#1735,#1737,.T.);
#1735 = VERTEX_POINT('',#1736);
#1736 = CARTESIAN_POINT('',(152.675,56.95,165.1565059557));
#1737 = CIRCLE('',#1738,22.);
#1738 = AXIS2_PLACEMENT_3D('',#1739,#1740,#1741);
#1739 = CARTESIAN_POINT('',(133.,56.95,175.));
#1740 = DIRECTION('',(0.,-1.,2.2E-16));
#1741 = DIRECTION('',(1.,0.,0.));
#1742 = ORIENTED_EDGE('',*,*,#1743,.T.);
#1743 = EDGE_CURVE('',#1735,#1628,#1744,.T.);
#1744 = CIRCLE('',#1745,22.);
#1745 = AXIS2_PLACEMENT_3D('',#1746,#1747,#1748);
#1746 = CARTESIAN_POINT('',(133.,56.95,175.));
#1747 = DIRECTION('',(0.,-1.,2.2E-16));
#1748 = DIRECTION('',(1.,0.,0.));
#1749 = ORIENTED_EDGE('',*,*,#1627,.T.);
#1750 = ORIENTED_EDGE('',*,*,#1578,.F.);
#1751 = ORIENTED_EDGE('',*,*,#1587,.F.);
#1752 = ORIENTED_EDGE('',*,*,#1477,.F.);
#1753 = ORIENTED_EDGE('',*,*,#1488,.F.);
#1754 = ORIENTED_EDGE('',*,*,#1497,.F.);
#1755 = ORIENTED_EDGE('',*,*,#1506,.F.);
#1756 = ORIENTED_EDGE('',*,*,#1515,.F.);
#1757 = ORIENTED_EDGE('',*,*,#1524,.F.);
#1758 = ORIENTED_EDGE('',*,*,#1533,.F.);
#1759 = ORIENTED_EDGE('',*,*,#1542,.F.);
#1760 = ORIENTED_EDGE('',*,*,#1551,.F.);
#1761 = ORIENTED_EDGE('',*,*,#1560,.F.);
#1762 = ORIENTED_EDGE('',*,*,#1569,.F.);
#1763 = CYLINDRICAL_SURFACE('',#1764,22.);
#1764 = AXIS2_PLACEMENT_3D('',#1765,#1766,#1767);
#1765 = CARTESIAN_POINT('',(133.,-127.5,175.));
#1766 = DIRECTION('',(-0.,-1.,0.));
#1767 = DIRECTION('',(1.,0.,0.));
#1768 = ADVANCED_FACE('',(#1769),#1896,.T.);
#1769 = FACE_BOUND('',#1770,.F.);
#1770 = EDGE_LOOP('',(#1771,#1779,#1780,#1781,#1790,#1799,#1808,#1817,
    #1826,#1835,#1844,#1853,#1862,#1871,#1880,#1889));
#1771 = ORIENTED_EDGE('',*,*,#1772,.F.);
#1772 = EDGE_CURVE('',#1603,#1773,#1775,.T.);
#1773 = VERTEX_POINT('',#1774);
#1774 = CARTESIAN_POINT('',(155.,-107.5,175.));
#1775 = LINE('',#1776,#1777);
#1776 = CARTESIAN_POINT('',(155.,-127.5,175.));
#1777 = VECTOR('',#1778,1.);
#1778 = DIRECTION('',(0.,1.,0.));
#1779 = ORIENTED_EDGE('',*,*,#1602,.F.);
#1780 = ORIENTED_EDGE('',*,*,#1772,.T.);
#1781 = ORIENTED_EDGE('',*,*,#1782,.F.);
#1782 = EDGE_CURVE('',#1783,#1773,#1785,.T.);
#1783 = VERTEX_POINT('',#1784);
#1784 = CARTESIAN_POINT('',(152.675,-107.5,165.15650595571));
#1785 = CIRCLE('',#1786,22.);
#1786 = AXIS2_PLACEMENT_3D('',#1787,#1788,#1789);
#1787 = CARTESIAN_POINT('',(133.,-107.5,175.));
#1788 = DIRECTION('',(0.,-1.,2.2E-16));
#1789 = DIRECTION('',(1.,0.,0.));
#1790 = ORIENTED_EDGE('',*,*,#1791,.F.);
#1791 = EDGE_CURVE('',#1792,#1783,#1794,.T.);
#1792 = VERTEX_POINT('',#1793);
#1793 = CARTESIAN_POINT('',(151.36221590435,-107.5,162.88269720268));
#1794 = CIRCLE('',#1795,22.);
#1795 = AXIS2_PLACEMENT_3D('',#1796,#1797,#1798);
#1796 = CARTESIAN_POINT('',(133.,-107.5,175.));
#1797 = DIRECTION('',(0.,-1.,2.2E-16));
#1798 = DIRECTION('',(1.,0.,0.));
#1799 = ORIENTED_EDGE('',*,*,#1800,.F.);
#1800 = EDGE_CURVE('',#1801,#1792,#1803,.T.);
#1801 = VERTEX_POINT('',#1802);
#1802 = CARTESIAN_POINT('',(134.31278409564,-107.5,153.03920315839));
#1803 = CIRCLE('',#1804,22.);
#1804 = AXIS2_PLACEMENT_3D('',#1805,#1806,#1807);
#1805 = CARTESIAN_POINT('',(133.,-107.5,175.));
#1806 = DIRECTION('',(0.,-1.,2.2E-16));
#1807 = DIRECTION('',(1.,0.,0.));
#1808 = ORIENTED_EDGE('',*,*,#1809,.F.);
#1809 = EDGE_CURVE('',#1810,#1801,#1812,.T.);
#1810 = VERTEX_POINT('',#1811);
#1811 = CARTESIAN_POINT('',(131.68721590435,-107.5,153.03920315839));
#1812 = CIRCLE('',#1813,22.);
#1813 = AXIS2_PLACEMENT_3D('',#1814,#1815,#1816);
#1814 = CARTESIAN_POINT('',(133.,-107.5,175.));
#1815 = DIRECTION('',(0.,-1.,2.2E-16));
#1816 = DIRECTION('',(1.,0.,0.));
#1817 = ORIENTED_EDGE('',*,*,#1818,.F.);
#1818 = EDGE_CURVE('',#1819,#1810,#1821,.T.);
#1819 = VERTEX_POINT('',#1820);
#1820 = CARTESIAN_POINT('',(114.63778409564,-107.5,162.88269720268));
#1821 = CIRCLE('',#1822,22.);
#1822 = AXIS2_PLACEMENT_3D('',#1823,#1824,#1825);
#1823 = CARTESIAN_POINT('',(133.,-107.5,175.));
#1824 = DIRECTION('',(0.,-1.,2.2E-16));
#1825 = DIRECTION('',(1.,0.,0.));
#1826 = ORIENTED_EDGE('',*,*,#1827,.F.);
#1827 = EDGE_CURVE('',#1828,#1819,#1830,.T.);
#1828 = VERTEX_POINT('',#1829);
#1829 = CARTESIAN_POINT('',(113.325,-107.5,165.1565059557));
#1830 = CIRCLE('',#1831,22.);
#1831 = AXIS2_PLACEMENT_3D('',#1832,#1833,#1834);
#1832 = CARTESIAN_POINT('',(133.,-107.5,175.));
#1833 = DIRECTION('',(0.,-1.,2.2E-16));
#1834 = DIRECTION('',(1.,0.,0.));
#1835 = ORIENTED_EDGE('',*,*,#1836,.F.);
#1836 = EDGE_CURVE('',#1837,#1828,#1839,.T.);
#1837 = VERTEX_POINT('',#1838);
#1838 = CARTESIAN_POINT('',(113.325,-107.5,184.84349404429));
#1839 = CIRCLE('',#1840,22.);
#1840 = AXIS2_PLACEMENT_3D('',#1841,#1842,#1843);
#1841 = CARTESIAN_POINT('',(133.,-107.5,175.));
#1842 = DIRECTION('',(0.,-1.,2.2E-16));
#1843 = DIRECTION('',(1.,0.,0.));
#1844 = ORIENTED_EDGE('',*,*,#1845,.F.);
#1845 = EDGE_CURVE('',#1846,#1837,#1848,.T.);
#1846 = VERTEX_POINT('',#1847);
#1847 = CARTESIAN_POINT('',(114.63778409564,-107.5,187.11730279731));
#1848 = CIRCLE('',#1849,22.);
#1849 = AXIS2_PLACEMENT_3D('',#1850,#1851,#1852);
#1850 = CARTESIAN_POINT('',(133.,-107.5,175.));
#1851 = DIRECTION('',(0.,-1.,2.2E-16));
#1852 = DIRECTION('',(1.,0.,0.));
#1853 = ORIENTED_EDGE('',*,*,#1854,.F.);
#1854 = EDGE_CURVE('',#1855,#1846,#1857,.T.);
#1855 = VERTEX_POINT('',#1856);
#1856 = CARTESIAN_POINT('',(131.68721590435,-107.5,196.9607968416));
#1857 = CIRCLE('',#1858,22.);
#1858 = AXIS2_PLACEMENT_3D('',#1859,#1860,#1861);
#1859 = CARTESIAN_POINT('',(133.,-107.5,175.));
#1860 = DIRECTION('',(0.,-1.,2.2E-16));
#1861 = DIRECTION('',(1.,0.,0.));
#1862 = ORIENTED_EDGE('',*,*,#1863,.F.);
#1863 = EDGE_CURVE('',#1864,#1855,#1866,.T.);
#1864 = VERTEX_POINT('',#1865);
#1865 = CARTESIAN_POINT('',(134.31278409564,-107.5,196.9607968416));
#1866 = CIRCLE('',#1867,22.);
#1867 = AXIS2_PLACEMENT_3D('',#1868,#1869,#1870);
#1868 = CARTESIAN_POINT('',(133.,-107.5,175.));
#1869 = DIRECTION('',(0.,-1.,2.2E-16));
#1870 = DIRECTION('',(1.,0.,0.));
#1871 = ORIENTED_EDGE('',*,*,#1872,.F.);
#1872 = EDGE_CURVE('',#1873,#1864,#1875,.T.);
#1873 = VERTEX_POINT('',#1874);
#1874 = CARTESIAN_POINT('',(151.36221590435,-107.5,187.11730279731));
#1875 = CIRCLE('',#1876,22.);
#1876 = AXIS2_PLACEMENT_3D('',#1877,#1878,#1879);
#1877 = CARTESIAN_POINT('',(133.,-107.5,175.));
#1878 = DIRECTION('',(0.,-1.,2.2E-16));
#1879 = DIRECTION('',(1.,0.,0.));
#1880 = ORIENTED_EDGE('',*,*,#1881,.F.);
#1881 = EDGE_CURVE('',#1882,#1873,#1884,.T.);
#1882 = VERTEX_POINT('',#1883);
#1883 = CARTESIAN_POINT('',(152.675,-107.5,184.84349404429));
#1884 = CIRCLE('',#1885,22.);
#1885 = AXIS2_PLACEMENT_3D('',#1886,#1887,#1888);
#1886 = CARTESIAN_POINT('',(133.,-107.5,175.));
#1887 = DIRECTION('',(0.,-1.,2.2E-16));
#1888 = DIRECTION('',(1.,0.,0.));
#1889 = ORIENTED_EDGE('',*,*,#1890,.F.);
#1890 = EDGE_CURVE('',#1773,#1882,#1891,.T.);
#1891 = CIRCLE('',#1892,22.);
#1892 = AXIS2_PLACEMENT_3D('',#1893,#1894,#1895);
#1893 = CARTESIAN_POINT('',(133.,-107.5,175.));
#1894 = DIRECTION('',(0.,-1.,2.2E-16));
#1895 = DIRECTION('',(1.,0.,0.));
#1896 = CYLINDRICAL_SURFACE('',#1897,22.);
#1897 = AXIS2_PLACEMENT_3D('',#1898,#1899,#1900);
#1898 = CARTESIAN_POINT('',(133.,-127.5,175.));
#1899 = DIRECTION('',(-0.,-1.,0.));
#1900 = DIRECTION('',(1.,0.,0.));
#1901 = ADVANCED_FACE('',(#1902,#2000),#2015,.T.);
#1902 = FACE_BOUND('',#1903,.T.);
#1903 = EDGE_LOOP('',(#1904,#1914,#1922,#1930,#1938,#1946,#1954,#1962,
    #1970,#1978,#1986,#1994));
#1904 = ORIENTED_EDGE('',*,*,#1905,.T.);
#1905 = EDGE_CURVE('',#1906,#1908,#1910,.T.);
#1906 = VERTEX_POINT('',#1907);
#1907 = CARTESIAN_POINT('',(152.675,56.95,163.64063345369));
#1908 = VERTEX_POINT('',#1909);
#1909 = CARTESIAN_POINT('',(152.675,56.95,140.92190036108));
#1910 = LINE('',#1911,#1912);
#1911 = CARTESIAN_POINT('',(152.675,56.95,209.07809963891));
#1912 = VECTOR('',#1913,1.);
#1913 = DIRECTION('',(6.106226635438E-16,0.,-1.));
#1914 = ORIENTED_EDGE('',*,*,#1915,.T.);
#1915 = EDGE_CURVE('',#1908,#1916,#1918,.T.);
#1916 = VERTEX_POINT('',#1917);
#1917 = CARTESIAN_POINT('',(133.,56.95,152.28126690738));
#1918 = LINE('',#1919,#1920);
#1919 = CARTESIAN_POINT('',(152.675,56.95,140.92190036108));
#1920 = VECTOR('',#1921,1.);
#1921 = DIRECTION('',(-0.866025403784,0.,0.5));
#1922 = ORIENTED_EDGE('',*,*,#1923,.T.);
#1923 = EDGE_CURVE('',#1916,#1924,#1926,.T.);
#1924 = VERTEX_POINT('',#1925);
#1925 = CARTESIAN_POINT('',(113.325,56.95,140.92190036108));
#1926 = LINE('',#1927,#1928);
#1927 = CARTESIAN_POINT('',(172.35,56.95,175.));
#1928 = VECTOR('',#1929,1.);
#1929 = DIRECTION('',(-0.866025403784,0.,-0.5));
#1930 = ORIENTED_EDGE('',*,*,#1931,.T.);
#1931 = EDGE_CURVE('',#1924,#1932,#1934,.T.);
#1932 = VERTEX_POINT('',#1933);
#1933 = CARTESIAN_POINT('',(113.325,56.95,163.64063345369));
#1934 = LINE('',#1935,#1936);
#1935 = CARTESIAN_POINT('',(113.325,56.95,140.92190036108));
#1936 = VECTOR('',#1937,1.);
#1937 = DIRECTION('',(-2.6E-16,0.,1.));
#1938 = ORIENTED_EDGE('',*,*,#1939,.T.);
#1939 = EDGE_CURVE('',#1932,#1940,#1942,.T.);
#1940 = VERTEX_POINT('',#1941);
#1941 = CARTESIAN_POINT('',(93.65,56.95,175.));
#1942 = LINE('',#1943,#1944);
#1943 = CARTESIAN_POINT('',(152.675,56.95,140.92190036108));
#1944 = VECTOR('',#1945,1.);
#1945 = DIRECTION('',(-0.866025403784,0.,0.5));
#1946 = ORIENTED_EDGE('',*,*,#1947,.T.);
#1947 = EDGE_CURVE('',#1940,#1948,#1950,.T.);
#1948 = VERTEX_POINT('',#1949);
#1949 = CARTESIAN_POINT('',(113.325,56.95,186.3593665463));
#1950 = LINE('',#1951,#1952);
#1951 = CARTESIAN_POINT('',(93.65,56.95,175.));
#1952 = VECTOR('',#1953,1.);
#1953 = DIRECTION('',(0.866025403784,0.,0.5));
#1954 = ORIENTED_EDGE('',*,*,#1955,.T.);
#1955 = EDGE_CURVE('',#1948,#1956,#1958,.T.);
#1956 = VERTEX_POINT('',#1957);
#1957 = CARTESIAN_POINT('',(113.325,56.95,209.07809963891));
#1958 = LINE('',#1959,#1960);
#1959 = CARTESIAN_POINT('',(113.325,56.95,140.92190036108));
#1960 = VECTOR('',#1961,1.);
#1961 = DIRECTION('',(-2.6E-16,0.,1.));
#1962 = ORIENTED_EDGE('',*,*,#1963,.T.);
#1963 = EDGE_CURVE('',#1956,#1964,#1966,.T.);
#1964 = VERTEX_POINT('',#1965);
#1965 = CARTESIAN_POINT('',(133.,56.95,197.71873309261));
#1966 = LINE('',#1967,#1968);
#1967 = CARTESIAN_POINT('',(113.325,56.95,209.07809963891));
#1968 = VECTOR('',#1969,1.);
#1969 = DIRECTION('',(0.866025403784,0.,-0.5));
#1970 = ORIENTED_EDGE('',*,*,#1971,.T.);
#1971 = EDGE_CURVE('',#1964,#1972,#1974,.T.);
#1972 = VERTEX_POINT('',#1973);
#1973 = CARTESIAN_POINT('',(152.675,56.95,209.07809963891));
#1974 = LINE('',#1975,#1976);
#1975 = CARTESIAN_POINT('',(93.65,56.95,175.));
#1976 = VECTOR('',#1977,1.);
#1977 = DIRECTION('',(0.866025403784,0.,0.5));
#1978 = ORIENTED_EDGE('',*,*,#1979,.T.);
#1979 = EDGE_CURVE('',#1972,#1980,#1982,.T.);
#1980 = VERTEX_POINT('',#1981);
#1981 = CARTESIAN_POINT('',(152.675,56.95,186.3593665463));
#1982 = LINE('',#1983,#1984);
#1983 = CARTESIAN_POINT('',(152.675,56.95,209.07809963891));
#1984 = VECTOR('',#1985,1.);
#1985 = DIRECTION('',(6.106226635438E-16,0.,-1.));
#1986 = ORIENTED_EDGE('',*,*,#1987,.T.);
#1987 = EDGE_CURVE('',#1980,#1988,#1990,.T.);
#1988 = VERTEX_POINT('',#1989);
#1989 = CARTESIAN_POINT('',(172.35,56.95,175.));
#1990 = LINE('',#1991,#1992);
#1991 = CARTESIAN_POINT('',(113.325,56.95,209.07809963891));
#1992 = VECTOR('',#1993,1.);
#1993 = DIRECTION('',(0.866025403784,0.,-0.5));
#1994 = ORIENTED_EDGE('',*,*,#1995,.T.);
#1995 = EDGE_CURVE('',#1988,#1906,#1996,.T.);
#1996 = LINE('',#1997,#1998);
#1997 = CARTESIAN_POINT('',(172.35,56.95,175.));
#1998 = VECTOR('',#1999,1.);
#1999 = DIRECTION('',(-0.866025403784,0.,-0.5));
#2000 = FACE_BOUND('',#2001,.T.);
#2001 = EDGE_LOOP('',(#2002,#2003,#2004,#2005,#2006,#2007,#2008,#2009,
    #2010,#2011,#2012,#2013,#2014));
#2002 = ORIENTED_EDGE('',*,*,#1725,.T.);
#2003 = ORIENTED_EDGE('',*,*,#1734,.T.);
#2004 = ORIENTED_EDGE('',*,*,#1743,.T.);
#2005 = ORIENTED_EDGE('',*,*,#1635,.T.);
#2006 = ORIENTED_EDGE('',*,*,#1644,.T.);
#2007 = ORIENTED_EDGE('',*,*,#1653,.T.);
#2008 = ORIENTED_EDGE('',*,*,#1662,.T.);
#2009 = ORIENTED_EDGE('',*,*,#1671,.T.);
#2010 = ORIENTED_EDGE('',*,*,#1680,.T.);
#2011 = ORIENTED_EDGE('',*,*,#1689,.T.);
#2012 = ORIENTED_EDGE('',*,*,#1698,.T.);
#2013 = ORIENTED_EDGE('',*,*,#1707,.T.);
#2014 = ORIENTED_EDGE('',*,*,#1716,.T.);
#2015 = PLANE('',#2016);
#2016 = AXIS2_PLACEMENT_3D('',#2017,#2018,#2019);
#2017 = CARTESIAN_POINT('',(133.,56.95,175.));
#2018 = DIRECTION('',(0.,1.,0.));
#2019 = DIRECTION('',(0.,0.,1.));
#2020 = ADVANCED_FACE('',(#2021,#2119),#2134,.T.);
#2021 = FACE_BOUND('',#2022,.T.);
#2022 = EDGE_LOOP('',(#2023,#2033,#2041,#2049,#2057,#2065,#2073,#2081,
    #2089,#2097,#2105,#2113));
#2023 = ORIENTED_EDGE('',*,*,#2024,.F.);
#2024 = EDGE_CURVE('',#2025,#2027,#2029,.T.);
#2025 = VERTEX_POINT('',#2026);
#2026 = CARTESIAN_POINT('',(152.675,-107.5,163.64063345369));
#2027 = VERTEX_POINT('',#2028);
#2028 = CARTESIAN_POINT('',(152.675,-107.5,140.92190036108));
#2029 = LINE('',#2030,#2031);
#2030 = CARTESIAN_POINT('',(152.675,-107.5,209.07809963891));
#2031 = VECTOR('',#2032,1.);
#2032 = DIRECTION('',(6.106226635438E-16,0.,-1.));
#2033 = ORIENTED_EDGE('',*,*,#2034,.F.);
#2034 = EDGE_CURVE('',#2035,#2025,#2037,.T.);
#2035 = VERTEX_POINT('',#2036);
#2036 = CARTESIAN_POINT('',(172.35,-107.5,175.));
#2037 = LINE('',#2038,#2039);
#2038 = CARTESIAN_POINT('',(172.35,-107.5,175.));
#2039 = VECTOR('',#2040,1.);
#2040 = DIRECTION('',(-0.866025403784,0.,-0.5));
#2041 = ORIENTED_EDGE('',*,*,#2042,.F.);
#2042 = EDGE_CURVE('',#2043,#2035,#2045,.T.);
#2043 = VERTEX_POINT('',#2044);
#2044 = CARTESIAN_POINT('',(152.675,-107.5,186.3593665463));
#2045 = LINE('',#2046,#2047);
#2046 = CARTESIAN_POINT('',(113.325,-107.5,209.07809963891));
#2047 = VECTOR('',#2048,1.);
#2048 = DIRECTION('',(0.866025403784,0.,-0.5));
#2049 = ORIENTED_EDGE('',*,*,#2050,.F.);
#2050 = EDGE_CURVE('',#2051,#2043,#2053,.T.);
#2051 = VERTEX_POINT('',#2052);
#2052 = CARTESIAN_POINT('',(152.675,-107.5,209.07809963891));
#2053 = LINE('',#2054,#2055);
#2054 = CARTESIAN_POINT('',(152.675,-107.5,209.07809963891));
#2055 = VECTOR('',#2056,1.);
#2056 = DIRECTION('',(6.106226635438E-16,0.,-1.));
#2057 = ORIENTED_EDGE('',*,*,#2058,.F.);
#2058 = EDGE_CURVE('',#2059,#2051,#2061,.T.);
#2059 = VERTEX_POINT('',#2060);
#2060 = CARTESIAN_POINT('',(133.,-107.5,197.71873309261));
#2061 = LINE('',#2062,#2063);
#2062 = CARTESIAN_POINT('',(93.65,-107.5,175.));
#2063 = VECTOR('',#2064,1.);
#2064 = DIRECTION('',(0.866025403784,0.,0.5));
#2065 = ORIENTED_EDGE('',*,*,#2066,.F.);
#2066 = EDGE_CURVE('',#2067,#2059,#2069,.T.);
#2067 = VERTEX_POINT('',#2068);
#2068 = CARTESIAN_POINT('',(113.325,-107.5,209.07809963891));
#2069 = LINE('',#2070,#2071);
#2070 = CARTESIAN_POINT('',(113.325,-107.5,209.07809963891));
#2071 = VECTOR('',#2072,1.);
#2072 = DIRECTION('',(0.866025403784,0.,-0.5));
#2073 = ORIENTED_EDGE('',*,*,#2074,.F.);
#2074 = EDGE_CURVE('',#2075,#2067,#2077,.T.);
#2075 = VERTEX_POINT('',#2076);
#2076 = CARTESIAN_POINT('',(113.325,-107.5,186.3593665463));
#2077 = LINE('',#2078,#2079);
#2078 = CARTESIAN_POINT('',(113.325,-107.5,140.92190036108));
#2079 = VECTOR('',#2080,1.);
#2080 = DIRECTION('',(-2.6E-16,0.,1.));
#2081 = ORIENTED_EDGE('',*,*,#2082,.F.);
#2082 = EDGE_CURVE('',#2083,#2075,#2085,.T.);
#2083 = VERTEX_POINT('',#2084);
#2084 = CARTESIAN_POINT('',(93.65,-107.5,175.));
#2085 = LINE('',#2086,#2087);
#2086 = CARTESIAN_POINT('',(93.65,-107.5,175.));
#2087 = VECTOR('',#2088,1.);
#2088 = DIRECTION('',(0.866025403784,0.,0.5));
#2089 = ORIENTED_EDGE('',*,*,#2090,.F.);
#2090 = EDGE_CURVE('',#2091,#2083,#2093,.T.);
#2091 = VERTEX_POINT('',#2092);
#2092 = CARTESIAN_POINT('',(113.325,-107.5,163.64063345369));
#2093 = LINE('',#2094,#2095);
#2094 = CARTESIAN_POINT('',(152.675,-107.5,140.92190036108));
#2095 = VECTOR('',#2096,1.);
#2096 = DIRECTION('',(-0.866025403784,0.,0.5));
#2097 = ORIENTED_EDGE('',*,*,#2098,.F.);
#2098 = EDGE_CURVE('',#2099,#2091,#2101,.T.);
#2099 = VERTEX_POINT('',#2100);
#2100 = CARTESIAN_POINT('',(113.325,-107.5,140.92190036108));
#2101 = LINE('',#2102,#2103);
#2102 = CARTESIAN_POINT('',(113.325,-107.5,140.92190036108));
#2103 = VECTOR('',#2104,1.);
#2104 = DIRECTION('',(-2.6E-16,0.,1.));
#2105 = ORIENTED_EDGE('',*,*,#2106,.F.);
#2106 = EDGE_CURVE('',#2107,#2099,#2109,.T.);
#2107 = VERTEX_POINT('',#2108);
#2108 = CARTESIAN_POINT('',(133.,-107.5,152.28126690738));
#2109 = LINE('',#2110,#2111);
#2110 = CARTESIAN_POINT('',(172.35,-107.5,175.));
#2111 = VECTOR('',#2112,1.);
#2112 = DIRECTION('',(-0.866025403784,0.,-0.5));
#2113 = ORIENTED_EDGE('',*,*,#2114,.F.);
#2114 = EDGE_CURVE('',#2027,#2107,#2115,.T.);
#2115 = LINE('',#2116,#2117);
#2116 = CARTESIAN_POINT('',(152.675,-107.5,140.92190036108));
#2117 = VECTOR('',#2118,1.);
#2118 = DIRECTION('',(-0.866025403784,0.,0.5));
#2119 = FACE_BOUND('',#2120,.T.);
#2120 = EDGE_LOOP('',(#2121,#2122,#2123,#2124,#2125,#2126,#2127,#2128,
    #2129,#2130,#2131,#2132,#2133));
#2121 = ORIENTED_EDGE('',*,*,#1800,.F.);
#2122 = ORIENTED_EDGE('',*,*,#1809,.F.);
#2123 = ORIENTED_EDGE('',*,*,#1818,.F.);
#2124 = ORIENTED_EDGE('',*,*,#1827,.F.);
#2125 = ORIENTED_EDGE('',*,*,#1836,.F.);
#2126 = ORIENTED_EDGE('',*,*,#1845,.F.);
#2127 = ORIENTED_EDGE('',*,*,#1854,.F.);
#2128 = ORIENTED_EDGE('',*,*,#1863,.F.);
#2129 = ORIENTED_EDGE('',*,*,#1872,.F.);
#2130 = ORIENTED_EDGE('',*,*,#1881,.F.);
#2131 = ORIENTED_EDGE('',*,*,#1890,.F.);
#2132 = ORIENTED_EDGE('',*,*,#1782,.F.);
#2133 = ORIENTED_EDGE('',*,*,#1791,.F.);
#2134 = PLANE('',#2135);
#2135 = AXIS2_PLACEMENT_3D('',#2136,#2137,#2138);
#2136 = CARTESIAN_POINT('',(133.,-107.5,175.));
#2137 = DIRECTION('',(-0.,-1.,-0.));
#2138 = DIRECTION('',(0.,0.,-1.));
#2139 = ADVANCED_FACE('',(#2140),#2165,.F.);
#2140 = FACE_BOUND('',#2141,.F.);
#2141 = EDGE_LOOP('',(#2142,#2152,#2158,#2159));
#2142 = ORIENTED_EDGE('',*,*,#2143,.F.);
#2143 = EDGE_CURVE('',#2144,#2146,#2148,.T.);
#2144 = VERTEX_POINT('',#2145);
#2145 = CARTESIAN_POINT('',(152.675,53.75,163.64063345369));
#2146 = VERTEX_POINT('',#2147);
#2147 = CARTESIAN_POINT('',(152.675,53.75,140.92190036108));
#2148 = LINE('',#2149,#2150);
#2149 = CARTESIAN_POINT('',(152.675,53.75,209.07809963891));
#2150 = VECTOR('',#2151,1.);
#2151 = DIRECTION('',(6.106226635438E-16,0.,-1.));
#2152 = ORIENTED_EDGE('',*,*,#2153,.F.);
#2153 = EDGE_CURVE('',#1906,#2144,#2154,.T.);
#2154 = LINE('',#2155,#2156);
#2155 = CARTESIAN_POINT('',(152.675,53.75,163.64063345369));
#2156 = VECTOR('',#2157,1.);
#2157 = DIRECTION('',(0.,-1.,2.2E-16));
#2158 = ORIENTED_EDGE('',*,*,#1905,.T.);
#2159 = ORIENTED_EDGE('',*,*,#2160,.F.);
#2160 = EDGE_CURVE('',#2146,#1908,#2161,.T.);
#2161 = LINE('',#2162,#2163);
#2162 = CARTESIAN_POINT('',(152.675,53.75,140.92190036108));
#2163 = VECTOR('',#2164,1.);
#2164 = DIRECTION('',(0.,1.,0.));
#2165 = PLANE('',#2166);
#2166 = AXIS2_PLACEMENT_3D('',#2167,#2168,#2169);
#2167 = CARTESIAN_POINT('',(152.675,53.75,209.07809963891));
#2168 = DIRECTION('',(-1.,0.,-6.106226635438E-16));
#2169 = DIRECTION('',(6.106226635438E-16,0.,-1.));
#2170 = ADVANCED_FACE('',(#2171),#2189,.F.);
#2171 = FACE_BOUND('',#2172,.F.);
#2172 = EDGE_LOOP('',(#2173,#2181,#2182,#2183));
#2173 = ORIENTED_EDGE('',*,*,#2174,.F.);
#2174 = EDGE_CURVE('',#2146,#2175,#2177,.T.);
#2175 = VERTEX_POINT('',#2176);
#2176 = CARTESIAN_POINT('',(133.,53.75,152.28126690738));
#2177 = LINE('',#2178,#2179);
#2178 = CARTESIAN_POINT('',(152.675,53.75,140.92190036108));
#2179 = VECTOR('',#2180,1.);
#2180 = DIRECTION('',(-0.866025403784,0.,0.5));
#2181 = ORIENTED_EDGE('',*,*,#2160,.T.);
#2182 = ORIENTED_EDGE('',*,*,#1915,.T.);
#2183 = ORIENTED_EDGE('',*,*,#2184,.F.);
#2184 = EDGE_CURVE('',#2175,#1916,#2185,.T.);
#2185 = LINE('',#2186,#2187);
#2186 = CARTESIAN_POINT('',(133.,53.75,152.28126690738));
#2187 = VECTOR('',#2188,1.);
#2188 = DIRECTION('',(1.9E-16,1.,-1.1E-16));
#2189 = PLANE('',#2190);
#2190 = AXIS2_PLACEMENT_3D('',#2191,#2192,#2193);
#2191 = CARTESIAN_POINT('',(152.675,53.75,140.92190036108));
#2192 = DIRECTION('',(0.5,0.,0.866025403784));
#2193 = DIRECTION('',(-0.866025403784,0.,0.5));
#2194 = ADVANCED_FACE('',(#2195),#2213,.F.);
#2195 = FACE_BOUND('',#2196,.F.);
#2196 = EDGE_LOOP('',(#2197,#2205,#2206,#2207));
#2197 = ORIENTED_EDGE('',*,*,#2198,.F.);
#2198 = EDGE_CURVE('',#2175,#2199,#2201,.T.);
#2199 = VERTEX_POINT('',#2200);
#2200 = CARTESIAN_POINT('',(113.325,53.75,140.92190036108));
#2201 = LINE('',#2202,#2203);
#2202 = CARTESIAN_POINT('',(172.35,53.75,175.));
#2203 = VECTOR('',#2204,1.);
#2204 = DIRECTION('',(-0.866025403784,0.,-0.5));
#2205 = ORIENTED_EDGE('',*,*,#2184,.T.);
#2206 = ORIENTED_EDGE('',*,*,#1923,.T.);
#2207 = ORIENTED_EDGE('',*,*,#2208,.F.);
#2208 = EDGE_CURVE('',#2199,#1924,#2209,.T.);
#2209 = LINE('',#2210,#2211);
#2210 = CARTESIAN_POINT('',(113.325,53.75,140.92190036108));
#2211 = VECTOR('',#2212,1.);
#2212 = DIRECTION('',(0.,1.,0.));
#2213 = PLANE('',#2214);
#2214 = AXIS2_PLACEMENT_3D('',#2215,#2216,#2217);
#2215 = CARTESIAN_POINT('',(172.35,53.75,175.));
#2216 = DIRECTION('',(-0.5,0.,0.866025403784));
#2217 = DIRECTION('',(-0.866025403784,0.,-0.5));
#2218 = ADVANCED_FACE('',(#2219),#2237,.F.);
#2219 = FACE_BOUND('',#2220,.F.);
#2220 = EDGE_LOOP('',(#2221,#2229,#2230,#2231));
#2221 = ORIENTED_EDGE('',*,*,#2222,.F.);
#2222 = EDGE_CURVE('',#2199,#2223,#2225,.T.);
#2223 = VERTEX_POINT('',#2224);
#2224 = CARTESIAN_POINT('',(113.325,53.75,163.64063345369));
#2225 = LINE('',#2226,#2227);
#2226 = CARTESIAN_POINT('',(113.325,53.75,140.92190036108));
#2227 = VECTOR('',#2228,1.);
#2228 = DIRECTION('',(-2.6E-16,0.,1.));
#2229 = ORIENTED_EDGE('',*,*,#2208,.T.);
#2230 = ORIENTED_EDGE('',*,*,#1931,.T.);
#2231 = ORIENTED_EDGE('',*,*,#2232,.T.);
#2232 = EDGE_CURVE('',#1932,#2223,#2233,.T.);
#2233 = LINE('',#2234,#2235);
#2234 = CARTESIAN_POINT('',(113.325,53.75,163.64063345369));
#2235 = VECTOR('',#2236,1.);
#2236 = DIRECTION('',(0.,-1.,0.));
#2237 = PLANE('',#2238);
#2238 = AXIS2_PLACEMENT_3D('',#2239,#2240,#2241);
#2239 = CARTESIAN_POINT('',(113.325,53.75,140.92190036108));
#2240 = DIRECTION('',(1.,0.,2.6E-16));
#2241 = DIRECTION('',(-2.6E-16,0.,1.));
#2242 = ADVANCED_FACE('',(#2243),#2261,.F.);
#2243 = FACE_BOUND('',#2244,.F.);
#2244 = EDGE_LOOP('',(#2245,#2253,#2254,#2255));
#2245 = ORIENTED_EDGE('',*,*,#2246,.F.);
#2246 = EDGE_CURVE('',#2223,#2247,#2249,.T.);
#2247 = VERTEX_POINT('',#2248);
#2248 = CARTESIAN_POINT('',(93.65,53.75,175.));
#2249 = LINE('',#2250,#2251);
#2250 = CARTESIAN_POINT('',(152.675,53.75,140.92190036108));
#2251 = VECTOR('',#2252,1.);
#2252 = DIRECTION('',(-0.866025403784,0.,0.5));
#2253 = ORIENTED_EDGE('',*,*,#2232,.F.);
#2254 = ORIENTED_EDGE('',*,*,#1939,.T.);
#2255 = ORIENTED_EDGE('',*,*,#2256,.F.);
#2256 = EDGE_CURVE('',#2247,#1940,#2257,.T.);
#2257 = LINE('',#2258,#2259);
#2258 = CARTESIAN_POINT('',(93.65,53.75,175.));
#2259 = VECTOR('',#2260,1.);
#2260 = DIRECTION('',(0.,1.,0.));
#2261 = PLANE('',#2262);
#2262 = AXIS2_PLACEMENT_3D('',#2263,#2264,#2265);
#2263 = CARTESIAN_POINT('',(152.675,53.75,140.92190036108));
#2264 = DIRECTION('',(0.5,0.,0.866025403784));
#2265 = DIRECTION('',(-0.866025403784,0.,0.5));
#2266 = ADVANCED_FACE('',(#2267),#2285,.F.);
#2267 = FACE_BOUND('',#2268,.F.);
#2268 = EDGE_LOOP('',(#2269,#2277,#2278,#2279));
#2269 = ORIENTED_EDGE('',*,*,#2270,.F.);
#2270 = EDGE_CURVE('',#2247,#2271,#2273,.T.);
#2271 = VERTEX_POINT('',#2272);
#2272 = CARTESIAN_POINT('',(113.325,53.75,186.3593665463));
#2273 = LINE('',#2274,#2275);
#2274 = CARTESIAN_POINT('',(93.65,53.75,175.));
#2275 = VECTOR('',#2276,1.);
#2276 = DIRECTION('',(0.866025403784,0.,0.5));
#2277 = ORIENTED_EDGE('',*,*,#2256,.T.);
#2278 = ORIENTED_EDGE('',*,*,#1947,.T.);
#2279 = ORIENTED_EDGE('',*,*,#2280,.F.);
#2280 = EDGE_CURVE('',#2271,#1948,#2281,.T.);
#2281 = LINE('',#2282,#2283);
#2282 = CARTESIAN_POINT('',(113.325,53.75,186.3593665463));
#2283 = VECTOR('',#2284,1.);
#2284 = DIRECTION('',(0.,1.,0.));
#2285 = PLANE('',#2286);
#2286 = AXIS2_PLACEMENT_3D('',#2287,#2288,#2289);
#2287 = CARTESIAN_POINT('',(93.65,53.75,175.));
#2288 = DIRECTION('',(0.5,0.,-0.866025403784));
#2289 = DIRECTION('',(0.866025403784,0.,0.5));
#2290 = ADVANCED_FACE('',(#2291),#2309,.F.);
#2291 = FACE_BOUND('',#2292,.F.);
#2292 = EDGE_LOOP('',(#2293,#2301,#2302,#2303));
#2293 = ORIENTED_EDGE('',*,*,#2294,.F.);
#2294 = EDGE_CURVE('',#2271,#2295,#2297,.T.);
#2295 = VERTEX_POINT('',#2296);
#2296 = CARTESIAN_POINT('',(113.325,53.75,209.07809963891));
#2297 = LINE('',#2298,#2299);
#2298 = CARTESIAN_POINT('',(113.325,53.75,140.92190036108));
#2299 = VECTOR('',#2300,1.);
#2300 = DIRECTION('',(-2.6E-16,0.,1.));
#2301 = ORIENTED_EDGE('',*,*,#2280,.T.);
#2302 = ORIENTED_EDGE('',*,*,#1955,.T.);
#2303 = ORIENTED_EDGE('',*,*,#2304,.F.);
#2304 = EDGE_CURVE('',#2295,#1956,#2305,.T.);
#2305 = LINE('',#2306,#2307);
#2306 = CARTESIAN_POINT('',(113.325,53.75,209.07809963891));
#2307 = VECTOR('',#2308,1.);
#2308 = DIRECTION('',(0.,1.,0.));
#2309 = PLANE('',#2310);
#2310 = AXIS2_PLACEMENT_3D('',#2311,#2312,#2313);
#2311 = CARTESIAN_POINT('',(113.325,53.75,140.92190036108));
#2312 = DIRECTION('',(1.,0.,2.6E-16));
#2313 = DIRECTION('',(-2.6E-16,0.,1.));
#2314 = ADVANCED_FACE('',(#2315),#2333,.F.);
#2315 = FACE_BOUND('',#2316,.F.);
#2316 = EDGE_LOOP('',(#2317,#2325,#2326,#2327));
#2317 = ORIENTED_EDGE('',*,*,#2318,.F.);
#2318 = EDGE_CURVE('',#2295,#2319,#2321,.T.);
#2319 = VERTEX_POINT('',#2320);
#2320 = CARTESIAN_POINT('',(133.,53.75,197.71873309261));
#2321 = LINE('',#2322,#2323);
#2322 = CARTESIAN_POINT('',(113.325,53.75,209.07809963891));
#2323 = VECTOR('',#2324,1.);
#2324 = DIRECTION('',(0.866025403784,0.,-0.5));
#2325 = ORIENTED_EDGE('',*,*,#2304,.T.);
#2326 = ORIENTED_EDGE('',*,*,#1963,.T.);
#2327 = ORIENTED_EDGE('',*,*,#2328,.T.);
#2328 = EDGE_CURVE('',#1964,#2319,#2329,.T.);
#2329 = LINE('',#2330,#2331);
#2330 = CARTESIAN_POINT('',(133.,53.75,197.71873309261));
#2331 = VECTOR('',#2332,1.);
#2332 = DIRECTION('',(1.9E-16,-1.,1.1E-16));
#2333 = PLANE('',#2334);
#2334 = AXIS2_PLACEMENT_3D('',#2335,#2336,#2337);
#2335 = CARTESIAN_POINT('',(113.325,53.75,209.07809963891));
#2336 = DIRECTION('',(-0.5,0.,-0.866025403784));
#2337 = DIRECTION('',(0.866025403784,0.,-0.5));
#2338 = ADVANCED_FACE('',(#2339),#2357,.F.);
#2339 = FACE_BOUND('',#2340,.F.);
#2340 = EDGE_LOOP('',(#2341,#2349,#2350,#2351));
#2341 = ORIENTED_EDGE('',*,*,#2342,.F.);
#2342 = EDGE_CURVE('',#2319,#2343,#2345,.T.);
#2343 = VERTEX_POINT('',#2344);
#2344 = CARTESIAN_POINT('',(152.675,53.75,209.07809963891));
#2345 = LINE('',#2346,#2347);
#2346 = CARTESIAN_POINT('',(93.65,53.75,175.));
#2347 = VECTOR('',#2348,1.);
#2348 = DIRECTION('',(0.866025403784,0.,0.5));
#2349 = ORIENTED_EDGE('',*,*,#2328,.F.);
#2350 = ORIENTED_EDGE('',*,*,#1971,.T.);
#2351 = ORIENTED_EDGE('',*,*,#2352,.F.);
#2352 = EDGE_CURVE('',#2343,#1972,#2353,.T.);
#2353 = LINE('',#2354,#2355);
#2354 = CARTESIAN_POINT('',(152.675,53.75,209.07809963891));
#2355 = VECTOR('',#2356,1.);
#2356 = DIRECTION('',(0.,1.,0.));
#2357 = PLANE('',#2358);
#2358 = AXIS2_PLACEMENT_3D('',#2359,#2360,#2361);
#2359 = CARTESIAN_POINT('',(93.65,53.75,175.));
#2360 = DIRECTION('',(0.5,0.,-0.866025403784));
#2361 = DIRECTION('',(0.866025403784,0.,0.5));
#2362 = ADVANCED_FACE('',(#2363),#2381,.F.);
#2363 = FACE_BOUND('',#2364,.F.);
#2364 = EDGE_LOOP('',(#2365,#2373,#2374,#2375));
#2365 = ORIENTED_EDGE('',*,*,#2366,.F.);
#2366 = EDGE_CURVE('',#2343,#2367,#2369,.T.);
#2367 = VERTEX_POINT('',#2368);
#2368 = CARTESIAN_POINT('',(152.675,53.75,186.3593665463));
#2369 = LINE('',#2370,#2371);
#2370 = CARTESIAN_POINT('',(152.675,53.75,209.07809963891));
#2371 = VECTOR('',#2372,1.);
#2372 = DIRECTION('',(6.106226635438E-16,0.,-1.));
#2373 = ORIENTED_EDGE('',*,*,#2352,.T.);
#2374 = ORIENTED_EDGE('',*,*,#1979,.T.);
#2375 = ORIENTED_EDGE('',*,*,#2376,.F.);
#2376 = EDGE_CURVE('',#2367,#1980,#2377,.T.);
#2377 = LINE('',#2378,#2379);
#2378 = CARTESIAN_POINT('',(152.675,53.75,186.3593665463));
#2379 = VECTOR('',#2380,1.);
#2380 = DIRECTION('',(0.,1.,-2.2E-16));
#2381 = PLANE('',#2382);
#2382 = AXIS2_PLACEMENT_3D('',#2383,#2384,#2385);
#2383 = CARTESIAN_POINT('',(152.675,53.75,209.07809963891));
#2384 = DIRECTION('',(-1.,0.,-6.106226635438E-16));
#2385 = DIRECTION('',(6.106226635438E-16,0.,-1.));
#2386 = ADVANCED_FACE('',(#2387),#2405,.F.);
#2387 = FACE_BOUND('',#2388,.F.);
#2388 = EDGE_LOOP('',(#2389,#2397,#2398,#2399));
#2389 = ORIENTED_EDGE('',*,*,#2390,.F.);
#2390 = EDGE_CURVE('',#2367,#2391,#2393,.T.);
#2391 = VERTEX_POINT('',#2392);
#2392 = CARTESIAN_POINT('',(172.35,53.75,175.));
#2393 = LINE('',#2394,#2395);
#2394 = CARTESIAN_POINT('',(113.325,53.75,209.07809963891));
#2395 = VECTOR('',#2396,1.);
#2396 = DIRECTION('',(0.866025403784,0.,-0.5));
#2397 = ORIENTED_EDGE('',*,*,#2376,.T.);
#2398 = ORIENTED_EDGE('',*,*,#1987,.T.);
#2399 = ORIENTED_EDGE('',*,*,#2400,.F.);
#2400 = EDGE_CURVE('',#2391,#1988,#2401,.T.);
#2401 = LINE('',#2402,#2403);
#2402 = CARTESIAN_POINT('',(172.35,53.75,175.));
#2403 = VECTOR('',#2404,1.);
#2404 = DIRECTION('',(0.,1.,0.));
#2405 = PLANE('',#2406);
#2406 = AXIS2_PLACEMENT_3D('',#2407,#2408,#2409);
#2407 = CARTESIAN_POINT('',(113.325,53.75,209.07809963891));
#2408 = DIRECTION('',(-0.5,0.,-0.866025403784));
#2409 = DIRECTION('',(0.866025403784,0.,-0.5));
#2410 = ADVANCED_FACE('',(#2411),#2422,.F.);
#2411 = FACE_BOUND('',#2412,.F.);
#2412 = EDGE_LOOP('',(#2413,#2419,#2420,#2421));
#2413 = ORIENTED_EDGE('',*,*,#2414,.F.);
#2414 = EDGE_CURVE('',#2391,#2144,#2415,.T.);
#2415 = LINE('',#2416,#2417);
#2416 = CARTESIAN_POINT('',(172.35,53.75,175.));
#2417 = VECTOR('',#2418,1.);
#2418 = DIRECTION('',(-0.866025403784,0.,-0.5));
#2419 = ORIENTED_EDGE('',*,*,#2400,.T.);
#2420 = ORIENTED_EDGE('',*,*,#1995,.T.);
#2421 = ORIENTED_EDGE('',*,*,#2153,.T.);
#2422 = PLANE('',#2423);
#2423 = AXIS2_PLACEMENT_3D('',#2424,#2425,#2426);
#2424 = CARTESIAN_POINT('',(172.35,53.75,175.));
#2425 = DIRECTION('',(-0.5,0.,0.866025403784));
#2426 = DIRECTION('',(-0.866025403784,0.,-0.5));
#2427 = ADVANCED_FACE('',(#2428),#2453,.F.);
#2428 = FACE_BOUND('',#2429,.F.);
#2429 = EDGE_LOOP('',(#2430,#2431,#2439,#2447));
#2430 = ORIENTED_EDGE('',*,*,#2024,.F.);
#2431 = ORIENTED_EDGE('',*,*,#2432,.F.);
#2432 = EDGE_CURVE('',#2433,#2025,#2435,.T.);
#2433 = VERTEX_POINT('',#2434);
#2434 = CARTESIAN_POINT('',(152.675,-104.3,163.64063345369));
#2435 = LINE('',#2436,#2437);
#2436 = CARTESIAN_POINT('',(152.675,-107.5,163.64063345369));
#2437 = VECTOR('',#2438,1.);
#2438 = DIRECTION('',(0.,-1.,2.2E-16));
#2439 = ORIENTED_EDGE('',*,*,#2440,.T.);
#2440 = EDGE_CURVE('',#2433,#2441,#2443,.T.);
#2441 = VERTEX_POINT('',#2442);
#2442 = CARTESIAN_POINT('',(152.675,-104.3,140.92190036108));
#2443 = LINE('',#2444,#2445);
#2444 = CARTESIAN_POINT('',(152.675,-104.3,209.07809963891));
#2445 = VECTOR('',#2446,1.);
#2446 = DIRECTION('',(6.106226635438E-16,0.,-1.));
#2447 = ORIENTED_EDGE('',*,*,#2448,.F.);
#2448 = EDGE_CURVE('',#2027,#2441,#2449,.T.);
#2449 = LINE('',#2450,#2451);
#2450 = CARTESIAN_POINT('',(152.675,-107.5,140.92190036108));
#2451 = VECTOR('',#2452,1.);
#2452 = DIRECTION('',(0.,1.,0.));
#2453 = PLANE('',#2454);
#2454 = AXIS2_PLACEMENT_3D('',#2455,#2456,#2457);
#2455 = CARTESIAN_POINT('',(152.675,-107.5,209.07809963891));
#2456 = DIRECTION('',(-1.,0.,-6.106226635438E-16));
#2457 = DIRECTION('',(6.106226635438E-16,0.,-1.));
#2458 = ADVANCED_FACE('',(#2459),#2477,.F.);
#2459 = FACE_BOUND('',#2460,.F.);
#2460 = EDGE_LOOP('',(#2461,#2462,#2470,#2476));
#2461 = ORIENTED_EDGE('',*,*,#2034,.F.);
#2462 = ORIENTED_EDGE('',*,*,#2463,.T.);
#2463 = EDGE_CURVE('',#2035,#2464,#2466,.T.);
#2464 = VERTEX_POINT('',#2465);
#2465 = CARTESIAN_POINT('',(172.35,-104.3,175.));
#2466 = LINE('',#2467,#2468);
#2467 = CARTESIAN_POINT('',(172.35,-107.5,175.));
#2468 = VECTOR('',#2469,1.);
#2469 = DIRECTION('',(0.,1.,0.));
#2470 = ORIENTED_EDGE('',*,*,#2471,.T.);
#2471 = EDGE_CURVE('',#2464,#2433,#2472,.T.);
#2472 = LINE('',#2473,#2474);
#2473 = CARTESIAN_POINT('',(172.35,-104.3,175.));
#2474 = VECTOR('',#2475,1.);
#2475 = DIRECTION('',(-0.866025403784,0.,-0.5));
#2476 = ORIENTED_EDGE('',*,*,#2432,.T.);
#2477 = PLANE('',#2478);
#2478 = AXIS2_PLACEMENT_3D('',#2479,#2480,#2481);
#2479 = CARTESIAN_POINT('',(172.35,-107.5,175.));
#2480 = DIRECTION('',(-0.5,0.,0.866025403784));
#2481 = DIRECTION('',(-0.866025403784,0.,-0.5));
#2482 = ADVANCED_FACE('',(#2483),#2501,.F.);
#2483 = FACE_BOUND('',#2484,.F.);
#2484 = EDGE_LOOP('',(#2485,#2486,#2494,#2500));
#2485 = ORIENTED_EDGE('',*,*,#2042,.F.);
#2486 = ORIENTED_EDGE('',*,*,#2487,.T.);
#2487 = EDGE_CURVE('',#2043,#2488,#2490,.T.);
#2488 = VERTEX_POINT('',#2489);
#2489 = CARTESIAN_POINT('',(152.675,-104.3,186.3593665463));
#2490 = LINE('',#2491,#2492);
#2491 = CARTESIAN_POINT('',(152.675,-107.5,186.3593665463));
#2492 = VECTOR('',#2493,1.);
#2493 = DIRECTION('',(0.,1.,-2.2E-16));
#2494 = ORIENTED_EDGE('',*,*,#2495,.T.);
#2495 = EDGE_CURVE('',#2488,#2464,#2496,.T.);
#2496 = LINE('',#2497,#2498);
#2497 = CARTESIAN_POINT('',(113.325,-104.3,209.07809963891));
#2498 = VECTOR('',#2499,1.);
#2499 = DIRECTION('',(0.866025403784,0.,-0.5));
#2500 = ORIENTED_EDGE('',*,*,#2463,.F.);
#2501 = PLANE('',#2502);
#2502 = AXIS2_PLACEMENT_3D('',#2503,#2504,#2505);
#2503 = CARTESIAN_POINT('',(113.325,-107.5,209.07809963891));
#2504 = DIRECTION('',(-0.5,0.,-0.866025403784));
#2505 = DIRECTION('',(0.866025403784,0.,-0.5));
#2506 = ADVANCED_FACE('',(#2507),#2525,.F.);
#2507 = FACE_BOUND('',#2508,.F.);
#2508 = EDGE_LOOP('',(#2509,#2510,#2518,#2524));
#2509 = ORIENTED_EDGE('',*,*,#2050,.F.);
#2510 = ORIENTED_EDGE('',*,*,#2511,.T.);
#2511 = EDGE_CURVE('',#2051,#2512,#2514,.T.);
#2512 = VERTEX_POINT('',#2513);
#2513 = CARTESIAN_POINT('',(152.675,-104.3,209.07809963891));
#2514 = LINE('',#2515,#2516);
#2515 = CARTESIAN_POINT('',(152.675,-107.5,209.07809963891));
#2516 = VECTOR('',#2517,1.);
#2517 = DIRECTION('',(0.,1.,0.));
#2518 = ORIENTED_EDGE('',*,*,#2519,.T.);
#2519 = EDGE_CURVE('',#2512,#2488,#2520,.T.);
#2520 = LINE('',#2521,#2522);
#2521 = CARTESIAN_POINT('',(152.675,-104.3,209.07809963891));
#2522 = VECTOR('',#2523,1.);
#2523 = DIRECTION('',(6.106226635438E-16,0.,-1.));
#2524 = ORIENTED_EDGE('',*,*,#2487,.F.);
#2525 = PLANE('',#2526);
#2526 = AXIS2_PLACEMENT_3D('',#2527,#2528,#2529);
#2527 = CARTESIAN_POINT('',(152.675,-107.5,209.07809963891));
#2528 = DIRECTION('',(-1.,0.,-6.106226635438E-16));
#2529 = DIRECTION('',(6.106226635438E-16,0.,-1.));
#2530 = ADVANCED_FACE('',(#2531),#2549,.F.);
#2531 = FACE_BOUND('',#2532,.F.);
#2532 = EDGE_LOOP('',(#2533,#2534,#2542,#2548));
#2533 = ORIENTED_EDGE('',*,*,#2058,.F.);
#2534 = ORIENTED_EDGE('',*,*,#2535,.F.);
#2535 = EDGE_CURVE('',#2536,#2059,#2538,.T.);
#2536 = VERTEX_POINT('',#2537);
#2537 = CARTESIAN_POINT('',(133.,-104.3,197.71873309261));
#2538 = LINE('',#2539,#2540);
#2539 = CARTESIAN_POINT('',(133.,-107.5,197.71873309261));
#2540 = VECTOR('',#2541,1.);
#2541 = DIRECTION('',(1.9E-16,-1.,1.1E-16));
#2542 = ORIENTED_EDGE('',*,*,#2543,.T.);
#2543 = EDGE_CURVE('',#2536,#2512,#2544,.T.);
#2544 = LINE('',#2545,#2546);
#2545 = CARTESIAN_POINT('',(93.65,-104.3,175.));
#2546 = VECTOR('',#2547,1.);
#2547 = DIRECTION('',(0.866025403784,0.,0.5));
#2548 = ORIENTED_EDGE('',*,*,#2511,.F.);
#2549 = PLANE('',#2550);
#2550 = AXIS2_PLACEMENT_3D('',#2551,#2552,#2553);
#2551 = CARTESIAN_POINT('',(93.65,-107.5,175.));
#2552 = DIRECTION('',(0.5,0.,-0.866025403784));
#2553 = DIRECTION('',(0.866025403784,0.,0.5));
#2554 = ADVANCED_FACE('',(#2555),#2573,.F.);
#2555 = FACE_BOUND('',#2556,.F.);
#2556 = EDGE_LOOP('',(#2557,#2558,#2566,#2572));
#2557 = ORIENTED_EDGE('',*,*,#2066,.F.);
#2558 = ORIENTED_EDGE('',*,*,#2559,.T.);
#2559 = EDGE_CURVE('',#2067,#2560,#2562,.T.);
#2560 = VERTEX_POINT('',#2561);
#2561 = CARTESIAN_POINT('',(113.325,-104.3,209.07809963891));
#2562 = LINE('',#2563,#2564);
#2563 = CARTESIAN_POINT('',(113.325,-107.5,209.07809963891));
#2564 = VECTOR('',#2565,1.);
#2565 = DIRECTION('',(0.,1.,0.));
#2566 = ORIENTED_EDGE('',*,*,#2567,.T.);
#2567 = EDGE_CURVE('',#2560,#2536,#2568,.T.);
#2568 = LINE('',#2569,#2570);
#2569 = CARTESIAN_POINT('',(113.325,-104.3,209.07809963891));
#2570 = VECTOR('',#2571,1.);
#2571 = DIRECTION('',(0.866025403784,0.,-0.5));
#2572 = ORIENTED_EDGE('',*,*,#2535,.T.);
#2573 = PLANE('',#2574);
#2574 = AXIS2_PLACEMENT_3D('',#2575,#2576,#2577);
#2575 = CARTESIAN_POINT('',(113.325,-107.5,209.07809963891));
#2576 = DIRECTION('',(-0.5,0.,-0.866025403784));
#2577 = DIRECTION('',(0.866025403784,0.,-0.5));
#2578 = ADVANCED_FACE('',(#2579),#2597,.F.);
#2579 = FACE_BOUND('',#2580,.F.);
#2580 = EDGE_LOOP('',(#2581,#2582,#2590,#2596));
#2581 = ORIENTED_EDGE('',*,*,#2074,.F.);
#2582 = ORIENTED_EDGE('',*,*,#2583,.T.);
#2583 = EDGE_CURVE('',#2075,#2584,#2586,.T.);
#2584 = VERTEX_POINT('',#2585);
#2585 = CARTESIAN_POINT('',(113.325,-104.3,186.3593665463));
#2586 = LINE('',#2587,#2588);
#2587 = CARTESIAN_POINT('',(113.325,-107.5,186.3593665463));
#2588 = VECTOR('',#2589,1.);
#2589 = DIRECTION('',(0.,1.,0.));
#2590 = ORIENTED_EDGE('',*,*,#2591,.T.);
#2591 = EDGE_CURVE('',#2584,#2560,#2592,.T.);
#2592 = LINE('',#2593,#2594);
#2593 = CARTESIAN_POINT('',(113.325,-104.3,140.92190036108));
#2594 = VECTOR('',#2595,1.);
#2595 = DIRECTION('',(-2.6E-16,0.,1.));
#2596 = ORIENTED_EDGE('',*,*,#2559,.F.);
#2597 = PLANE('',#2598);
#2598 = AXIS2_PLACEMENT_3D('',#2599,#2600,#2601);
#2599 = CARTESIAN_POINT('',(113.325,-107.5,140.92190036108));
#2600 = DIRECTION('',(1.,0.,2.6E-16));
#2601 = DIRECTION('',(-2.6E-16,0.,1.));
#2602 = ADVANCED_FACE('',(#2603),#2621,.F.);
#2603 = FACE_BOUND('',#2604,.F.);
#2604 = EDGE_LOOP('',(#2605,#2606,#2614,#2620));
#2605 = ORIENTED_EDGE('',*,*,#2082,.F.);
#2606 = ORIENTED_EDGE('',*,*,#2607,.T.);
#2607 = EDGE_CURVE('',#2083,#2608,#2610,.T.);
#2608 = VERTEX_POINT('',#2609);
#2609 = CARTESIAN_POINT('',(93.65,-104.3,175.));
#2610 = LINE('',#2611,#2612);
#2611 = CARTESIAN_POINT('',(93.65,-107.5,175.));
#2612 = VECTOR('',#2613,1.);
#2613 = DIRECTION('',(0.,1.,0.));
#2614 = ORIENTED_EDGE('',*,*,#2615,.T.);
#2615 = EDGE_CURVE('',#2608,#2584,#2616,.T.);
#2616 = LINE('',#2617,#2618);
#2617 = CARTESIAN_POINT('',(93.65,-104.3,175.));
#2618 = VECTOR('',#2619,1.);
#2619 = DIRECTION('',(0.866025403784,0.,0.5));
#2620 = ORIENTED_EDGE('',*,*,#2583,.F.);
#2621 = PLANE('',#2622);
#2622 = AXIS2_PLACEMENT_3D('',#2623,#2624,#2625);
#2623 = CARTESIAN_POINT('',(93.65,-107.5,175.));
#2624 = DIRECTION('',(0.5,0.,-0.866025403784));
#2625 = DIRECTION('',(0.866025403784,0.,0.5));
#2626 = ADVANCED_FACE('',(#2627),#2645,.F.);
#2627 = FACE_BOUND('',#2628,.F.);
#2628 = EDGE_LOOP('',(#2629,#2630,#2638,#2644));
#2629 = ORIENTED_EDGE('',*,*,#2090,.F.);
#2630 = ORIENTED_EDGE('',*,*,#2631,.F.);
#2631 = EDGE_CURVE('',#2632,#2091,#2634,.T.);
#2632 = VERTEX_POINT('',#2633);
#2633 = CARTESIAN_POINT('',(113.325,-104.3,163.64063345369));
#2634 = LINE('',#2635,#2636);
#2635 = CARTESIAN_POINT('',(113.325,-107.5,163.64063345369));
#2636 = VECTOR('',#2637,1.);
#2637 = DIRECTION('',(0.,-1.,0.));
#2638 = ORIENTED_EDGE('',*,*,#2639,.T.);
#2639 = EDGE_CURVE('',#2632,#2608,#2640,.T.);
#2640 = LINE('',#2641,#2642);
#2641 = CARTESIAN_POINT('',(152.675,-104.3,140.92190036108));
#2642 = VECTOR('',#2643,1.);
#2643 = DIRECTION('',(-0.866025403784,0.,0.5));
#2644 = ORIENTED_EDGE('',*,*,#2607,.F.);
#2645 = PLANE('',#2646);
#2646 = AXIS2_PLACEMENT_3D('',#2647,#2648,#2649);
#2647 = CARTESIAN_POINT('',(152.675,-107.5,140.92190036108));
#2648 = DIRECTION('',(0.5,0.,0.866025403784));
#2649 = DIRECTION('',(-0.866025403784,0.,0.5));
#2650 = ADVANCED_FACE('',(#2651),#2669,.F.);
#2651 = FACE_BOUND('',#2652,.F.);
#2652 = EDGE_LOOP('',(#2653,#2654,#2662,#2668));
#2653 = ORIENTED_EDGE('',*,*,#2098,.F.);
#2654 = ORIENTED_EDGE('',*,*,#2655,.T.);
#2655 = EDGE_CURVE('',#2099,#2656,#2658,.T.);
#2656 = VERTEX_POINT('',#2657);
#2657 = CARTESIAN_POINT('',(113.325,-104.3,140.92190036108));
#2658 = LINE('',#2659,#2660);
#2659 = CARTESIAN_POINT('',(113.325,-107.5,140.92190036108));
#2660 = VECTOR('',#2661,1.);
#2661 = DIRECTION('',(0.,1.,0.));
#2662 = ORIENTED_EDGE('',*,*,#2663,.T.);
#2663 = EDGE_CURVE('',#2656,#2632,#2664,.T.);
#2664 = LINE('',#2665,#2666);
#2665 = CARTESIAN_POINT('',(113.325,-104.3,140.92190036108));
#2666 = VECTOR('',#2667,1.);
#2667 = DIRECTION('',(-2.6E-16,0.,1.));
#2668 = ORIENTED_EDGE('',*,*,#2631,.T.);
#2669 = PLANE('',#2670);
#2670 = AXIS2_PLACEMENT_3D('',#2671,#2672,#2673);
#2671 = CARTESIAN_POINT('',(113.325,-107.5,140.92190036108));
#2672 = DIRECTION('',(1.,0.,2.6E-16));
#2673 = DIRECTION('',(-2.6E-16,0.,1.));
#2674 = ADVANCED_FACE('',(#2675),#2693,.F.);
#2675 = FACE_BOUND('',#2676,.F.);
#2676 = EDGE_LOOP('',(#2677,#2678,#2686,#2692));
#2677 = ORIENTED_EDGE('',*,*,#2106,.F.);
#2678 = ORIENTED_EDGE('',*,*,#2679,.T.);
#2679 = EDGE_CURVE('',#2107,#2680,#2682,.T.);
#2680 = VERTEX_POINT('',#2681);
#2681 = CARTESIAN_POINT('',(133.,-104.3,152.28126690738));
#2682 = LINE('',#2683,#2684);
#2683 = CARTESIAN_POINT('',(133.,-107.5,152.28126690738));
#2684 = VECTOR('',#2685,1.);
#2685 = DIRECTION('',(1.9E-16,1.,-1.1E-16));
#2686 = ORIENTED_EDGE('',*,*,#2687,.T.);
#2687 = EDGE_CURVE('',#2680,#2656,#2688,.T.);
#2688 = LINE('',#2689,#2690);
#2689 = CARTESIAN_POINT('',(172.35,-104.3,175.));
#2690 = VECTOR('',#2691,1.);
#2691 = DIRECTION('',(-0.866025403784,0.,-0.5));
#2692 = ORIENTED_EDGE('',*,*,#2655,.F.);
#2693 = PLANE('',#2694);
#2694 = AXIS2_PLACEMENT_3D('',#2695,#2696,#2697);
#2695 = CARTESIAN_POINT('',(172.35,-107.5,175.));
#2696 = DIRECTION('',(-0.5,0.,0.866025403784));
#2697 = DIRECTION('',(-0.866025403784,0.,-0.5));
#2698 = ADVANCED_FACE('',(#2699),#2710,.F.);
#2699 = FACE_BOUND('',#2700,.F.);
#2700 = EDGE_LOOP('',(#2701,#2702,#2703,#2709));
#2701 = ORIENTED_EDGE('',*,*,#2114,.F.);
#2702 = ORIENTED_EDGE('',*,*,#2448,.T.);
#2703 = ORIENTED_EDGE('',*,*,#2704,.T.);
#2704 = EDGE_CURVE('',#2441,#2680,#2705,.T.);
#2705 = LINE('',#2706,#2707);
#2706 = CARTESIAN_POINT('',(152.675,-104.3,140.92190036108));
#2707 = VECTOR('',#2708,1.);
#2708 = DIRECTION('',(-0.866025403784,0.,0.5));
#2709 = ORIENTED_EDGE('',*,*,#2679,.F.);
#2710 = PLANE('',#2711);
#2711 = AXIS2_PLACEMENT_3D('',#2712,#2713,#2714);
#2712 = CARTESIAN_POINT('',(152.675,-107.5,140.92190036108));
#2713 = DIRECTION('',(0.5,0.,0.866025403784));
#2714 = DIRECTION('',(-0.866025403784,0.,0.5));
#2715 = ADVANCED_FACE('',(#2716,#2730),#2849,.T.);
#2716 = FACE_BOUND('',#2717,.T.);
#2717 = EDGE_LOOP('',(#2718,#2719,#2720,#2721,#2722,#2723,#2724,#2725,
    #2726,#2727,#2728,#2729));
#2718 = ORIENTED_EDGE('',*,*,#2143,.F.);
#2719 = ORIENTED_EDGE('',*,*,#2414,.F.);
#2720 = ORIENTED_EDGE('',*,*,#2390,.F.);
#2721 = ORIENTED_EDGE('',*,*,#2366,.F.);
#2722 = ORIENTED_EDGE('',*,*,#2342,.F.);
#2723 = ORIENTED_EDGE('',*,*,#2318,.F.);
#2724 = ORIENTED_EDGE('',*,*,#2294,.F.);
#2725 = ORIENTED_EDGE('',*,*,#2270,.F.);
#2726 = ORIENTED_EDGE('',*,*,#2246,.F.);
#2727 = ORIENTED_EDGE('',*,*,#2222,.F.);
#2728 = ORIENTED_EDGE('',*,*,#2198,.F.);
#2729 = ORIENTED_EDGE('',*,*,#2174,.F.);
#2730 = FACE_BOUND('',#2731,.T.);
#2731 = EDGE_LOOP('',(#2732,#2743,#2752,#2761,#2770,#2779,#2788,#2797,
    #2806,#2815,#2824,#2833,#2842));
#2732 = ORIENTED_EDGE('',*,*,#2733,.F.);
#2733 = EDGE_CURVE('',#2734,#2736,#2738,.T.);
#2734 = VERTEX_POINT('',#2735);
#2735 = CARTESIAN_POINT('',(134.31278409564,53.75,153.03920315839));
#2736 = VERTEX_POINT('',#2737);
#2737 = CARTESIAN_POINT('',(151.36221590435,53.75,162.88269720268));
#2738 = CIRCLE('',#2739,22.);
#2739 = AXIS2_PLACEMENT_3D('',#2740,#2741,#2742);
#2740 = CARTESIAN_POINT('',(133.,53.75,175.));
#2741 = DIRECTION('',(0.,-1.,2.2E-16));
#2742 = DIRECTION('',(1.,0.,0.));
#2743 = ORIENTED_EDGE('',*,*,#2744,.F.);
#2744 = EDGE_CURVE('',#2745,#2734,#2747,.T.);
#2745 = VERTEX_POINT('',#2746);
#2746 = CARTESIAN_POINT('',(131.68721590435,53.75,153.03920315839));
#2747 = CIRCLE('',#2748,22.);
#2748 = AXIS2_PLACEMENT_3D('',#2749,#2750,#2751);
#2749 = CARTESIAN_POINT('',(133.,53.75,175.));
#2750 = DIRECTION('',(0.,-1.,2.2E-16));
#2751 = DIRECTION('',(1.,0.,0.));
#2752 = ORIENTED_EDGE('',*,*,#2753,.F.);
#2753 = EDGE_CURVE('',#2754,#2745,#2756,.T.);
#2754 = VERTEX_POINT('',#2755);
#2755 = CARTESIAN_POINT('',(114.63778409564,53.75,162.88269720268));
#2756 = CIRCLE('',#2757,22.);
#2757 = AXIS2_PLACEMENT_3D('',#2758,#2759,#2760);
#2758 = CARTESIAN_POINT('',(133.,53.75,175.));
#2759 = DIRECTION('',(0.,-1.,2.2E-16));
#2760 = DIRECTION('',(1.,0.,0.));
#2761 = ORIENTED_EDGE('',*,*,#2762,.F.);
#2762 = EDGE_CURVE('',#2763,#2754,#2765,.T.);
#2763 = VERTEX_POINT('',#2764);
#2764 = CARTESIAN_POINT('',(113.325,53.75,165.1565059557));
#2765 = CIRCLE('',#2766,22.);
#2766 = AXIS2_PLACEMENT_3D('',#2767,#2768,#2769);
#2767 = CARTESIAN_POINT('',(133.,53.75,175.));
#2768 = DIRECTION('',(0.,-1.,2.2E-16));
#2769 = DIRECTION('',(1.,0.,0.));
#2770 = ORIENTED_EDGE('',*,*,#2771,.F.);
#2771 = EDGE_CURVE('',#2772,#2763,#2774,.T.);
#2772 = VERTEX_POINT('',#2773);
#2773 = CARTESIAN_POINT('',(113.325,53.75,184.84349404429));
#2774 = CIRCLE('',#2775,22.);
#2775 = AXIS2_PLACEMENT_3D('',#2776,#2777,#2778);
#2776 = CARTESIAN_POINT('',(133.,53.75,175.));
#2777 = DIRECTION('',(0.,-1.,2.2E-16));
#2778 = DIRECTION('',(1.,0.,0.));
#2779 = ORIENTED_EDGE('',*,*,#2780,.F.);
#2780 = EDGE_CURVE('',#2781,#2772,#2783,.T.);
#2781 = VERTEX_POINT('',#2782);
#2782 = CARTESIAN_POINT('',(114.63778409564,53.75,187.11730279731));
#2783 = CIRCLE('',#2784,22.);
#2784 = AXIS2_PLACEMENT_3D('',#2785,#2786,#2787);
#2785 = CARTESIAN_POINT('',(133.,53.75,175.));
#2786 = DIRECTION('',(0.,-1.,2.2E-16));
#2787 = DIRECTION('',(1.,0.,0.));
#2788 = ORIENTED_EDGE('',*,*,#2789,.F.);
#2789 = EDGE_CURVE('',#2790,#2781,#2792,.T.);
#2790 = VERTEX_POINT('',#2791);
#2791 = CARTESIAN_POINT('',(131.68721590435,53.75,196.9607968416));
#2792 = CIRCLE('',#2793,22.);
#2793 = AXIS2_PLACEMENT_3D('',#2794,#2795,#2796);
#2794 = CARTESIAN_POINT('',(133.,53.75,175.));
#2795 = DIRECTION('',(0.,-1.,2.2E-16));
#2796 = DIRECTION('',(1.,0.,0.));
#2797 = ORIENTED_EDGE('',*,*,#2798,.F.);
#2798 = EDGE_CURVE('',#2799,#2790,#2801,.T.);
#2799 = VERTEX_POINT('',#2800);
#2800 = CARTESIAN_POINT('',(134.31278409564,53.75,196.9607968416));
#2801 = CIRCLE('',#2802,22.);
#2802 = AXIS2_PLACEMENT_3D('',#2803,#2804,#2805);
#2803 = CARTESIAN_POINT('',(133.,53.75,175.));
#2804 = DIRECTION('',(0.,-1.,2.2E-16));
#2805 = DIRECTION('',(1.,0.,0.));
#2806 = ORIENTED_EDGE('',*,*,#2807,.F.);
#2807 = EDGE_CURVE('',#2808,#2799,#2810,.T.);
#2808 = VERTEX_POINT('',#2809);
#2809 = CARTESIAN_POINT('',(151.36221590435,53.75,187.11730279731));
#2810 = CIRCLE('',#2811,22.);
#2811 = AXIS2_PLACEMENT_3D('',#2812,#2813,#2814);
#2812 = CARTESIAN_POINT('',(133.,53.75,175.));
#2813 = DIRECTION('',(0.,-1.,2.2E-16));
#2814 = DIRECTION('',(1.,0.,0.));
#2815 = ORIENTED_EDGE('',*,*,#2816,.F.);
#2816 = EDGE_CURVE('',#2817,#2808,#2819,.T.);
#2817 = VERTEX_POINT('',#2818);
#2818 = CARTESIAN_POINT('',(152.675,53.75,184.84349404429));
#2819 = CIRCLE('',#2820,22.);
#2820 = AXIS2_PLACEMENT_3D('',#2821,#2822,#2823);
#2821 = CARTESIAN_POINT('',(133.,53.75,175.));
#2822 = DIRECTION('',(0.,-1.,2.2E-16));
#2823 = DIRECTION('',(1.,0.,0.));
#2824 = ORIENTED_EDGE('',*,*,#2825,.F.);
#2825 = EDGE_CURVE('',#2826,#2817,#2828,.T.);
#2826 = VERTEX_POINT('',#2827);
#2827 = CARTESIAN_POINT('',(155.,53.75,175.));
#2828 = CIRCLE('',#2829,22.);
#2829 = AXIS2_PLACEMENT_3D('',#2830,#2831,#2832);
#2830 = CARTESIAN_POINT('',(133.,53.75,175.));
#2831 = DIRECTION('',(0.,-1.,2.2E-16));
#2832 = DIRECTION('',(1.,0.,0.));
#2833 = ORIENTED_EDGE('',*,*,#2834,.F.);
#2834 = EDGE_CURVE('',#2835,#2826,#2837,.T.);
#2835 = VERTEX_POINT('',#2836);
#2836 = CARTESIAN_POINT('',(152.675,53.75,165.1565059557));
#2837 = CIRCLE('',#2838,22.);
#2838 = AXIS2_PLACEMENT_3D('',#2839,#2840,#2841);
#2839 = CARTESIAN_POINT('',(133.,53.75,175.));
#2840 = DIRECTION('',(0.,-1.,2.2E-16));
#2841 = DIRECTION('',(1.,0.,0.));
#2842 = ORIENTED_EDGE('',*,*,#2843,.F.);
#2843 = EDGE_CURVE('',#2736,#2835,#2844,.T.);
#2844 = CIRCLE('',#2845,22.);
#2845 = AXIS2_PLACEMENT_3D('',#2846,#2847,#2848);
#2846 = CARTESIAN_POINT('',(133.,53.75,175.));
#2847 = DIRECTION('',(0.,-1.,2.2E-16));
#2848 = DIRECTION('',(1.,0.,0.));
#2849 = PLANE('',#2850);
#2850 = AXIS2_PLACEMENT_3D('',#2851,#2852,#2853);
#2851 = CARTESIAN_POINT('',(133.,53.75,175.));
#2852 = DIRECTION('',(-0.,-1.,-0.));
#2853 = DIRECTION('',(0.,0.,-1.));
#2854 = ADVANCED_FACE('',(#2855,#2869),#2988,.T.);
#2855 = FACE_BOUND('',#2856,.T.);
#2856 = EDGE_LOOP('',(#2857,#2858,#2859,#2860,#2861,#2862,#2863,#2864,
    #2865,#2866,#2867,#2868));
#2857 = ORIENTED_EDGE('',*,*,#2440,.T.);
#2858 = ORIENTED_EDGE('',*,*,#2704,.T.);
#2859 = ORIENTED_EDGE('',*,*,#2687,.T.);
#2860 = ORIENTED_EDGE('',*,*,#2663,.T.);
#2861 = ORIENTED_EDGE('',*,*,#2639,.T.);
#2862 = ORIENTED_EDGE('',*,*,#2615,.T.);
#2863 = ORIENTED_EDGE('',*,*,#2591,.T.);
#2864 = ORIENTED_EDGE('',*,*,#2567,.T.);
#2865 = ORIENTED_EDGE('',*,*,#2543,.T.);
#2866 = ORIENTED_EDGE('',*,*,#2519,.T.);
#2867 = ORIENTED_EDGE('',*,*,#2495,.T.);
#2868 = ORIENTED_EDGE('',*,*,#2471,.T.);
#2869 = FACE_BOUND('',#2870,.T.);
#2870 = EDGE_LOOP('',(#2871,#2882,#2891,#2900,#2909,#2918,#2927,#2936,
    #2945,#2954,#2963,#2972,#2981));
#2871 = ORIENTED_EDGE('',*,*,#2872,.T.);
#2872 = EDGE_CURVE('',#2873,#2875,#2877,.T.);
#2873 = VERTEX_POINT('',#2874);
#2874 = CARTESIAN_POINT('',(134.31278409564,-104.3,153.03920315839));
#2875 = VERTEX_POINT('',#2876);
#2876 = CARTESIAN_POINT('',(151.36221590435,-104.3,162.88269720268));
#2877 = CIRCLE('',#2878,22.);
#2878 = AXIS2_PLACEMENT_3D('',#2879,#2880,#2881);
#2879 = CARTESIAN_POINT('',(133.,-104.3,175.));
#2880 = DIRECTION('',(0.,-1.,2.2E-16));
#2881 = DIRECTION('',(1.,0.,0.));
#2882 = ORIENTED_EDGE('',*,*,#2883,.T.);
#2883 = EDGE_CURVE('',#2875,#2884,#2886,.T.);
#2884 = VERTEX_POINT('',#2885);
#2885 = CARTESIAN_POINT('',(152.675,-104.3,165.15650595571));
#2886 = CIRCLE('',#2887,22.);
#2887 = AXIS2_PLACEMENT_3D('',#2888,#2889,#2890);
#2888 = CARTESIAN_POINT('',(133.,-104.3,175.));
#2889 = DIRECTION('',(0.,-1.,2.2E-16));
#2890 = DIRECTION('',(1.,0.,0.));
#2891 = ORIENTED_EDGE('',*,*,#2892,.T.);
#2892 = EDGE_CURVE('',#2884,#2893,#2895,.T.);
#2893 = VERTEX_POINT('',#2894);
#2894 = CARTESIAN_POINT('',(155.,-104.3,175.));
#2895 = CIRCLE('',#2896,22.);
#2896 = AXIS2_PLACEMENT_3D('',#2897,#2898,#2899);
#2897 = CARTESIAN_POINT('',(133.,-104.3,175.));
#2898 = DIRECTION('',(0.,-1.,2.2E-16));
#2899 = DIRECTION('',(1.,0.,0.));
#2900 = ORIENTED_EDGE('',*,*,#2901,.T.);
#2901 = EDGE_CURVE('',#2893,#2902,#2904,.T.);
#2902 = VERTEX_POINT('',#2903);
#2903 = CARTESIAN_POINT('',(152.675,-104.3,184.84349404429));
#2904 = CIRCLE('',#2905,22.);
#2905 = AXIS2_PLACEMENT_3D('',#2906,#2907,#2908);
#2906 = CARTESIAN_POINT('',(133.,-104.3,175.));
#2907 = DIRECTION('',(0.,-1.,2.2E-16));
#2908 = DIRECTION('',(1.,0.,0.));
#2909 = ORIENTED_EDGE('',*,*,#2910,.T.);
#2910 = EDGE_CURVE('',#2902,#2911,#2913,.T.);
#2911 = VERTEX_POINT('',#2912);
#2912 = CARTESIAN_POINT('',(151.36221590435,-104.3,187.11730279731));
#2913 = CIRCLE('',#2914,22.);
#2914 = AXIS2_PLACEMENT_3D('',#2915,#2916,#2917);
#2915 = CARTESIAN_POINT('',(133.,-104.3,175.));
#2916 = DIRECTION('',(0.,-1.,2.2E-16));
#2917 = DIRECTION('',(1.,0.,0.));
#2918 = ORIENTED_EDGE('',*,*,#2919,.T.);
#2919 = EDGE_CURVE('',#2911,#2920,#2922,.T.);
#2920 = VERTEX_POINT('',#2921);
#2921 = CARTESIAN_POINT('',(134.31278409564,-104.3,196.9607968416));
#2922 = CIRCLE('',#2923,22.);
#2923 = AXIS2_PLACEMENT_3D('',#2924,#2925,#2926);
#2924 = CARTESIAN_POINT('',(133.,-104.3,175.));
#2925 = DIRECTION('',(0.,-1.,2.2E-16));
#2926 = DIRECTION('',(1.,0.,0.));
#2927 = ORIENTED_EDGE('',*,*,#2928,.T.);
#2928 = EDGE_CURVE('',#2920,#2929,#2931,.T.);
#2929 = VERTEX_POINT('',#2930);
#2930 = CARTESIAN_POINT('',(131.68721590435,-104.3,196.9607968416));
#2931 = CIRCLE('',#2932,22.);
#2932 = AXIS2_PLACEMENT_3D('',#2933,#2934,#2935);
#2933 = CARTESIAN_POINT('',(133.,-104.3,175.));
#2934 = DIRECTION('',(0.,-1.,2.2E-16));
#2935 = DIRECTION('',(1.,0.,0.));
#2936 = ORIENTED_EDGE('',*,*,#2937,.T.);
#2937 = EDGE_CURVE('',#2929,#2938,#2940,.T.);
#2938 = VERTEX_POINT('',#2939);
#2939 = CARTESIAN_POINT('',(114.63778409564,-104.3,187.11730279731));
#2940 = CIRCLE('',#2941,22.);
#2941 = AXIS2_PLACEMENT_3D('',#2942,#2943,#2944);
#2942 = CARTESIAN_POINT('',(133.,-104.3,175.));
#2943 = DIRECTION('',(0.,-1.,2.2E-16));
#2944 = DIRECTION('',(1.,0.,0.));
#2945 = ORIENTED_EDGE('',*,*,#2946,.T.);
#2946 = EDGE_CURVE('',#2938,#2947,#2949,.T.);
#2947 = VERTEX_POINT('',#2948);
#2948 = CARTESIAN_POINT('',(113.325,-104.3,184.84349404429));
#2949 = CIRCLE('',#2950,22.);
#2950 = AXIS2_PLACEMENT_3D('',#2951,#2952,#2953);
#2951 = CARTESIAN_POINT('',(133.,-104.3,175.));
#2952 = DIRECTION('',(0.,-1.,2.2E-16));
#2953 = DIRECTION('',(1.,0.,0.));
#2954 = ORIENTED_EDGE('',*,*,#2955,.T.);
#2955 = EDGE_CURVE('',#2947,#2956,#2958,.T.);
#2956 = VERTEX_POINT('',#2957);
#2957 = CARTESIAN_POINT('',(113.325,-104.3,165.1565059557));
#2958 = CIRCLE('',#2959,22.);
#2959 = AXIS2_PLACEMENT_3D('',#2960,#2961,#2962);
#2960 = CARTESIAN_POINT('',(133.,-104.3,175.));
#2961 = DIRECTION('',(0.,-1.,2.2E-16));
#2962 = DIRECTION('',(1.,0.,0.));
#2963 = ORIENTED_EDGE('',*,*,#2964,.T.);
#2964 = EDGE_CURVE('',#2956,#2965,#2967,.T.);
#2965 = VERTEX_POINT('',#2966);
#2966 = CARTESIAN_POINT('',(114.63778409564,-104.3,162.88269720268));
#2967 = CIRCLE('',#2968,22.);
#2968 = AXIS2_PLACEMENT_3D('',#2969,#2970,#2971);
#2969 = CARTESIAN_POINT('',(133.,-104.3,175.));
#2970 = DIRECTION('',(0.,-1.,2.2E-16));
#2971 = DIRECTION('',(1.,0.,0.));
#2972 = ORIENTED_EDGE('',*,*,#2973,.T.);
#2973 = EDGE_CURVE('',#2965,#2974,#2976,.T.);
#2974 = VERTEX_POINT('',#2975);
#2975 = CARTESIAN_POINT('',(131.68721590435,-104.3,153.03920315839));
#2976 = CIRCLE('',#2977,22.);
#2977 = AXIS2_PLACEMENT_3D('',#2978,#2979,#2980);
#2978 = CARTESIAN_POINT('',(133.,-104.3,175.));
#2979 = DIRECTION('',(0.,-1.,2.2E-16));
#2980 = DIRECTION('',(1.,0.,0.));
#2981 = ORIENTED_EDGE('',*,*,#2982,.T.);
#2982 = EDGE_CURVE('',#2974,#2873,#2983,.T.);
#2983 = CIRCLE('',#2984,22.);
#2984 = AXIS2_PLACEMENT_3D('',#2985,#2986,#2987);
#2985 = CARTESIAN_POINT('',(133.,-104.3,175.));
#2986 = DIRECTION('',(0.,-1.,2.2E-16));
#2987 = DIRECTION('',(1.,0.,0.));
#2988 = PLANE('',#2989);
#2989 = AXIS2_PLACEMENT_3D('',#2990,#2991,#2992);
#2990 = CARTESIAN_POINT('',(133.,-104.3,175.));
#2991 = DIRECTION('',(0.,1.,0.));
#2992 = DIRECTION('',(0.,0.,1.));
#2993 = ADVANCED_FACE('',(#2994),#3133,.T.);
#2994 = FACE_BOUND('',#2995,.F.);
#2995 = EDGE_LOOP('',(#2996,#3004,#3013,#3022,#3031,#3040,#3049,#3058,
    #3067,#3076,#3085,#3094,#3103,#3112,#3119,#3120,#3121,#3122,#3123,
    #3124,#3125,#3126,#3127,#3128,#3129,#3130,#3131,#3132));
#2996 = ORIENTED_EDGE('',*,*,#2997,.F.);
#2997 = EDGE_CURVE('',#2998,#2826,#3000,.T.);
#2998 = VERTEX_POINT('',#2999);
#2999 = CARTESIAN_POINT('',(155.,30.075,175.));
#3000 = LINE('',#3001,#3002);
#3001 = CARTESIAN_POINT('',(155.,-127.5,175.));
#3002 = VECTOR('',#3003,1.);
#3003 = DIRECTION('',(0.,1.,0.));
#3004 = ORIENTED_EDGE('',*,*,#3005,.T.);
#3005 = EDGE_CURVE('',#2998,#3006,#3008,.T.);
#3006 = VERTEX_POINT('',#3007);
#3007 = CARTESIAN_POINT('',(152.675,30.075,184.84349404429));
#3008 = CIRCLE('',#3009,22.);
#3009 = AXIS2_PLACEMENT_3D('',#3010,#3011,#3012);
#3010 = CARTESIAN_POINT('',(133.,30.075,175.));
#3011 = DIRECTION('',(0.,-1.,2.2E-16));
#3012 = DIRECTION('',(1.,0.,0.));
#3013 = ORIENTED_EDGE('',*,*,#3014,.T.);
#3014 = EDGE_CURVE('',#3006,#3015,#3017,.T.);
#3015 = VERTEX_POINT('',#3016);
#3016 = CARTESIAN_POINT('',(151.36221590435,30.075,187.11730279731));
#3017 = CIRCLE('',#3018,22.);
#3018 = AXIS2_PLACEMENT_3D('',#3019,#3020,#3021);
#3019 = CARTESIAN_POINT('',(133.,30.075,175.));
#3020 = DIRECTION('',(0.,-1.,2.2E-16));
#3021 = DIRECTION('',(1.,0.,0.));
#3022 = ORIENTED_EDGE('',*,*,#3023,.T.);
#3023 = EDGE_CURVE('',#3015,#3024,#3026,.T.);
#3024 = VERTEX_POINT('',#3025);
#3025 = CARTESIAN_POINT('',(134.31278409564,30.075,196.9607968416));
#3026 = CIRCLE('',#3027,22.);
#3027 = AXIS2_PLACEMENT_3D('',#3028,#3029,#3030);
#3028 = CARTESIAN_POINT('',(133.,30.075,175.));
#3029 = DIRECTION('',(0.,-1.,2.2E-16));
#3030 = DIRECTION('',(1.,0.,0.));
#3031 = ORIENTED_EDGE('',*,*,#3032,.T.);
#3032 = EDGE_CURVE('',#3024,#3033,#3035,.T.);
#3033 = VERTEX_POINT('',#3034);
#3034 = CARTESIAN_POINT('',(131.68721590435,30.075,196.9607968416));
#3035 = CIRCLE('',#3036,22.);
#3036 = AXIS2_PLACEMENT_3D('',#3037,#3038,#3039);
#3037 = CARTESIAN_POINT('',(133.,30.075,175.));
#3038 = DIRECTION('',(0.,-1.,2.2E-16));
#3039 = DIRECTION('',(1.,0.,0.));
#3040 = ORIENTED_EDGE('',*,*,#3041,.T.);
#3041 = EDGE_CURVE('',#3033,#3042,#3044,.T.);
#3042 = VERTEX_POINT('',#3043);
#3043 = CARTESIAN_POINT('',(114.63778409564,30.075,187.11730279731));
#3044 = CIRCLE('',#3045,22.);
#3045 = AXIS2_PLACEMENT_3D('',#3046,#3047,#3048);
#3046 = CARTESIAN_POINT('',(133.,30.075,175.));
#3047 = DIRECTION('',(0.,-1.,2.2E-16));
#3048 = DIRECTION('',(1.,0.,0.));
#3049 = ORIENTED_EDGE('',*,*,#3050,.T.);
#3050 = EDGE_CURVE('',#3042,#3051,#3053,.T.);
#3051 = VERTEX_POINT('',#3052);
#3052 = CARTESIAN_POINT('',(113.325,30.075,184.84349404429));
#3053 = CIRCLE('',#3054,22.);
#3054 = AXIS2_PLACEMENT_3D('',#3055,#3056,#3057);
#3055 = CARTESIAN_POINT('',(133.,30.075,175.));
#3056 = DIRECTION('',(0.,-1.,2.2E-16));
#3057 = DIRECTION('',(1.,0.,0.));
#3058 = ORIENTED_EDGE('',*,*,#3059,.T.);
#3059 = EDGE_CURVE('',#3051,#3060,#3062,.T.);
#3060 = VERTEX_POINT('',#3061);
#3061 = CARTESIAN_POINT('',(113.325,30.075,165.1565059557));
#3062 = CIRCLE('',#3063,22.);
#3063 = AXIS2_PLACEMENT_3D('',#3064,#3065,#3066);
#3064 = CARTESIAN_POINT('',(133.,30.075,175.));
#3065 = DIRECTION('',(0.,-1.,2.2E-16));
#3066 = DIRECTION('',(1.,0.,0.));
#3067 = ORIENTED_EDGE('',*,*,#3068,.T.);
#3068 = EDGE_CURVE('',#3060,#3069,#3071,.T.);
#3069 = VERTEX_POINT('',#3070);
#3070 = CARTESIAN_POINT('',(114.63778409564,30.075,162.88269720268));
#3071 = CIRCLE('',#3072,22.);
#3072 = AXIS2_PLACEMENT_3D('',#3073,#3074,#3075);
#3073 = CARTESIAN_POINT('',(133.,30.075,175.));
#3074 = DIRECTION('',(0.,-1.,2.2E-16));
#3075 = DIRECTION('',(1.,0.,0.));
#3076 = ORIENTED_EDGE('',*,*,#3077,.T.);
#3077 = EDGE_CURVE('',#3069,#3078,#3080,.T.);
#3078 = VERTEX_POINT('',#3079);
#3079 = CARTESIAN_POINT('',(131.68721590435,30.075,153.03920315839));
#3080 = CIRCLE('',#3081,22.);
#3081 = AXIS2_PLACEMENT_3D('',#3082,#3083,#3084);
#3082 = CARTESIAN_POINT('',(133.,30.075,175.));
#3083 = DIRECTION('',(0.,-1.,2.2E-16));
#3084 = DIRECTION('',(1.,0.,0.));
#3085 = ORIENTED_EDGE('',*,*,#3086,.T.);
#3086 = EDGE_CURVE('',#3078,#3087,#3089,.T.);
#3087 = VERTEX_POINT('',#3088);
#3088 = CARTESIAN_POINT('',(134.31278409564,30.075,153.03920315839));
#3089 = CIRCLE('',#3090,22.);
#3090 = AXIS2_PLACEMENT_3D('',#3091,#3092,#3093);
#3091 = CARTESIAN_POINT('',(133.,30.075,175.));
#3092 = DIRECTION('',(0.,-1.,2.2E-16));
#3093 = DIRECTION('',(1.,0.,0.));
#3094 = ORIENTED_EDGE('',*,*,#3095,.T.);
#3095 = EDGE_CURVE('',#3087,#3096,#3098,.T.);
#3096 = VERTEX_POINT('',#3097);
#3097 = CARTESIAN_POINT('',(151.36221590435,30.075,162.88269720268));
#3098 = CIRCLE('',#3099,22.);
#3099 = AXIS2_PLACEMENT_3D('',#3100,#3101,#3102);
#3100 = CARTESIAN_POINT('',(133.,30.075,175.));
#3101 = DIRECTION('',(0.,-1.,2.2E-16));
#3102 = DIRECTION('',(1.,0.,0.));
#3103 = ORIENTED_EDGE('',*,*,#3104,.T.);
#3104 = EDGE_CURVE('',#3096,#3105,#3107,.T.);
#3105 = VERTEX_POINT('',#3106);
#3106 = CARTESIAN_POINT('',(152.675,30.075,165.1565059557));
#3107 = CIRCLE('',#3108,22.);
#3108 = AXIS2_PLACEMENT_3D('',#3109,#3110,#3111);
#3109 = CARTESIAN_POINT('',(133.,30.075,175.));
#3110 = DIRECTION('',(0.,-1.,2.2E-16));
#3111 = DIRECTION('',(1.,0.,0.));
#3112 = ORIENTED_EDGE('',*,*,#3113,.T.);
#3113 = EDGE_CURVE('',#3105,#2998,#3114,.T.);
#3114 = CIRCLE('',#3115,22.);
#3115 = AXIS2_PLACEMENT_3D('',#3116,#3117,#3118);
#3116 = CARTESIAN_POINT('',(133.,30.075,175.));
#3117 = DIRECTION('',(0.,-1.,2.2E-16));
#3118 = DIRECTION('',(1.,0.,0.));
#3119 = ORIENTED_EDGE('',*,*,#2997,.T.);
#3120 = ORIENTED_EDGE('',*,*,#2834,.F.);
#3121 = ORIENTED_EDGE('',*,*,#2843,.F.);
#3122 = ORIENTED_EDGE('',*,*,#2733,.F.);
#3123 = ORIENTED_EDGE('',*,*,#2744,.F.);
#3124 = ORIENTED_EDGE('',*,*,#2753,.F.);
#3125 = ORIENTED_EDGE('',*,*,#2762,.F.);
#3126 = ORIENTED_EDGE('',*,*,#2771,.F.);
#3127 = ORIENTED_EDGE('',*,*,#2780,.F.);
#3128 = ORIENTED_EDGE('',*,*,#2789,.F.);
#3129 = ORIENTED_EDGE('',*,*,#2798,.F.);
#3130 = ORIENTED_EDGE('',*,*,#2807,.F.);
#3131 = ORIENTED_EDGE('',*,*,#2816,.F.);
#3132 = ORIENTED_EDGE('',*,*,#2825,.F.);
#3133 = CYLINDRICAL_SURFACE('',#3134,22.);
#3134 = AXIS2_PLACEMENT_3D('',#3135,#3136,#3137);
#3135 = CARTESIAN_POINT('',(133.,-127.5,175.));
#3136 = DIRECTION('',(-0.,-1.,0.));
#3137 = DIRECTION('',(1.,0.,0.));
#3138 = ADVANCED_FACE('',(#3139),#3278,.T.);
#3139 = FACE_BOUND('',#3140,.F.);
#3140 = EDGE_LOOP('',(#3141,#3149,#3150,#3151,#3152,#3153,#3154,#3155,
    #3156,#3157,#3158,#3159,#3160,#3161,#3162,#3163,#3172,#3181,#3190,
    #3199,#3208,#3217,#3226,#3235,#3244,#3253,#3262,#3271));
#3141 = ORIENTED_EDGE('',*,*,#3142,.F.);
#3142 = EDGE_CURVE('',#2893,#3143,#3145,.T.);
#3143 = VERTEX_POINT('',#3144);
#3144 = CARTESIAN_POINT('',(155.,-80.625,175.));
#3145 = LINE('',#3146,#3147);
#3146 = CARTESIAN_POINT('',(155.,-127.5,175.));
#3147 = VECTOR('',#3148,1.);
#3148 = DIRECTION('',(0.,1.,0.));
#3149 = ORIENTED_EDGE('',*,*,#2901,.T.);
#3150 = ORIENTED_EDGE('',*,*,#2910,.T.);
#3151 = ORIENTED_EDGE('',*,*,#2919,.T.);
#3152 = ORIENTED_EDGE('',*,*,#2928,.T.);
#3153 = ORIENTED_EDGE('',*,*,#2937,.T.);
#3154 = ORIENTED_EDGE('',*,*,#2946,.T.);
#3155 = ORIENTED_EDGE('',*,*,#2955,.T.);
#3156 = ORIENTED_EDGE('',*,*,#2964,.T.);
#3157 = ORIENTED_EDGE('',*,*,#2973,.T.);
#3158 = ORIENTED_EDGE('',*,*,#2982,.T.);
#3159 = ORIENTED_EDGE('',*,*,#2872,.T.);
#3160 = ORIENTED_EDGE('',*,*,#2883,.T.);
#3161 = ORIENTED_EDGE('',*,*,#2892,.T.);
#3162 = ORIENTED_EDGE('',*,*,#3142,.T.);
#3163 = ORIENTED_EDGE('',*,*,#3164,.F.);
#3164 = EDGE_CURVE('',#3165,#3143,#3167,.T.);
#3165 = VERTEX_POINT('',#3166);
#3166 = CARTESIAN_POINT('',(152.675,-80.625,165.1565059557));
#3167 = CIRCLE('',#3168,22.);
#3168 = AXIS2_PLACEMENT_3D('',#3169,#3170,#3171);
#3169 = CARTESIAN_POINT('',(133.,-80.625,175.));
#3170 = DIRECTION('',(0.,-1.,2.2E-16));
#3171 = DIRECTION('',(1.,0.,0.));
#3172 = ORIENTED_EDGE('',*,*,#3173,.F.);
#3173 = EDGE_CURVE('',#3174,#3165,#3176,.T.);
#3174 = VERTEX_POINT('',#3175);
#3175 = CARTESIAN_POINT('',(151.36221590435,-80.625,162.88269720268));
#3176 = CIRCLE('',#3177,22.);
#3177 = AXIS2_PLACEMENT_3D('',#3178,#3179,#3180);
#3178 = CARTESIAN_POINT('',(133.,-80.625,175.));
#3179 = DIRECTION('',(0.,-1.,2.2E-16));
#3180 = DIRECTION('',(1.,0.,0.));
#3181 = ORIENTED_EDGE('',*,*,#3182,.F.);
#3182 = EDGE_CURVE('',#3183,#3174,#3185,.T.);
#3183 = VERTEX_POINT('',#3184);
#3184 = CARTESIAN_POINT('',(134.31278409564,-80.625,153.03920315839));
#3185 = CIRCLE('',#3186,22.);
#3186 = AXIS2_PLACEMENT_3D('',#3187,#3188,#3189);
#3187 = CARTESIAN_POINT('',(133.,-80.625,175.));
#3188 = DIRECTION('',(0.,-1.,2.2E-16));
#3189 = DIRECTION('',(1.,0.,0.));
#3190 = ORIENTED_EDGE('',*,*,#3191,.F.);
#3191 = EDGE_CURVE('',#3192,#3183,#3194,.T.);
#3192 = VERTEX_POINT('',#3193);
#3193 = CARTESIAN_POINT('',(131.68721590435,-80.625,153.03920315839));
#3194 = CIRCLE('',#3195,22.);
#3195 = AXIS2_PLACEMENT_3D('',#3196,#3197,#3198);
#3196 = CARTESIAN_POINT('',(133.,-80.625,175.));
#3197 = DIRECTION('',(0.,-1.,2.2E-16));
#3198 = DIRECTION('',(1.,0.,0.));
#3199 = ORIENTED_EDGE('',*,*,#3200,.F.);
#3200 = EDGE_CURVE('',#3201,#3192,#3203,.T.);
#3201 = VERTEX_POINT('',#3202);
#3202 = CARTESIAN_POINT('',(114.63778409564,-80.625,162.88269720268));
#3203 = CIRCLE('',#3204,22.);
#3204 = AXIS2_PLACEMENT_3D('',#3205,#3206,#3207);
#3205 = CARTESIAN_POINT('',(133.,-80.625,175.));
#3206 = DIRECTION('',(0.,-1.,2.2E-16));
#3207 = DIRECTION('',(1.,0.,0.));
#3208 = ORIENTED_EDGE('',*,*,#3209,.F.);
#3209 = EDGE_CURVE('',#3210,#3201,#3212,.T.);
#3210 = VERTEX_POINT('',#3211);
#3211 = CARTESIAN_POINT('',(113.325,-80.625,165.1565059557));
#3212 = CIRCLE('',#3213,22.);
#3213 = AXIS2_PLACEMENT_3D('',#3214,#3215,#3216);
#3214 = CARTESIAN_POINT('',(133.,-80.625,175.));
#3215 = DIRECTION('',(0.,-1.,2.2E-16));
#3216 = DIRECTION('',(1.,0.,0.));
#3217 = ORIENTED_EDGE('',*,*,#3218,.F.);
#3218 = EDGE_CURVE('',#3219,#3210,#3221,.T.);
#3219 = VERTEX_POINT('',#3220);
#3220 = CARTESIAN_POINT('',(113.325,-80.625,184.84349404429));
#3221 = CIRCLE('',#3222,22.);
#3222 = AXIS2_PLACEMENT_3D('',#3223,#3224,#3225);
#3223 = CARTESIAN_POINT('',(133.,-80.625,175.));
#3224 = DIRECTION('',(0.,-1.,2.2E-16));
#3225 = DIRECTION('',(1.,0.,0.));
#3226 = ORIENTED_EDGE('',*,*,#3227,.F.);
#3227 = EDGE_CURVE('',#3228,#3219,#3230,.T.);
#3228 = VERTEX_POINT('',#3229);
#3229 = CARTESIAN_POINT('',(114.63778409564,-80.625,187.11730279731));
#3230 = CIRCLE('',#3231,22.);
#3231 = AXIS2_PLACEMENT_3D('',#3232,#3233,#3234);
#3232 = CARTESIAN_POINT('',(133.,-80.625,175.));
#3233 = DIRECTION('',(0.,-1.,2.2E-16));
#3234 = DIRECTION('',(1.,0.,0.));
#3235 = ORIENTED_EDGE('',*,*,#3236,.F.);
#3236 = EDGE_CURVE('',#3237,#3228,#3239,.T.);
#3237 = VERTEX_POINT('',#3238);
#3238 = CARTESIAN_POINT('',(131.68721590435,-80.625,196.9607968416));
#3239 = CIRCLE('',#3240,22.);
#3240 = AXIS2_PLACEMENT_3D('',#3241,#3242,#3243);
#3241 = CARTESIAN_POINT('',(133.,-80.625,175.));
#3242 = DIRECTION('',(0.,-1.,2.2E-16));
#3243 = DIRECTION('',(1.,0.,0.));
#3244 = ORIENTED_EDGE('',*,*,#3245,.F.);
#3245 = EDGE_CURVE('',#3246,#3237,#3248,.T.);
#3246 = VERTEX_POINT('',#3247);
#3247 = CARTESIAN_POINT('',(134.31278409564,-80.625,196.9607968416));
#3248 = CIRCLE('',#3249,22.);
#3249 = AXIS2_PLACEMENT_3D('',#3250,#3251,#3252);
#3250 = CARTESIAN_POINT('',(133.,-80.625,175.));
#3251 = DIRECTION('',(0.,-1.,2.2E-16));
#3252 = DIRECTION('',(1.,0.,0.));
#3253 = ORIENTED_EDGE('',*,*,#3254,.F.);
#3254 = EDGE_CURVE('',#3255,#3246,#3257,.T.);
#3255 = VERTEX_POINT('',#3256);
#3256 = CARTESIAN_POINT('',(151.36221590435,-80.625,187.11730279731));
#3257 = CIRCLE('',#3258,22.);
#3258 = AXIS2_PLACEMENT_3D('',#3259,#3260,#3261);
#3259 = CARTESIAN_POINT('',(133.,-80.625,175.));
#3260 = DIRECTION('',(0.,-1.,2.2E-16));
#3261 = DIRECTION('',(1.,0.,0.));
#3262 = ORIENTED_EDGE('',*,*,#3263,.F.);
#3263 = EDGE_CURVE('',#3264,#3255,#3266,.T.);
#3264 = VERTEX_POINT('',#3265);
#3265 = CARTESIAN_POINT('',(152.675,-80.625,184.84349404429));
#3266 = CIRCLE('',#3267,22.);
#3267 = AXIS2_PLACEMENT_3D('',#3268,#3269,#3270);
#3268 = CARTESIAN_POINT('',(133.,-80.625,175.));
#3269 = DIRECTION('',(0.,-1.,2.2E-16));
#3270 = DIRECTION('',(1.,0.,0.));
#3271 = ORIENTED_EDGE('',*,*,#3272,.F.);
#3272 = EDGE_CURVE('',#3143,#3264,#3273,.T.);
#3273 = CIRCLE('',#3274,22.);
#3274 = AXIS2_PLACEMENT_3D('',#3275,#3276,#3277);
#3275 = CARTESIAN_POINT('',(133.,-80.625,175.));
#3276 = DIRECTION('',(0.,-1.,2.2E-16));
#3277 = DIRECTION('',(1.,0.,0.));
#3278 = CYLINDRICAL_SURFACE('',#3279,22.);
#3279 = AXIS2_PLACEMENT_3D('',#3280,#3281,#3282);
#3280 = CARTESIAN_POINT('',(133.,-127.5,175.));
#3281 = DIRECTION('',(-0.,-1.,0.));
#3282 = DIRECTION('',(1.,0.,0.));
#3283 = ADVANCED_FACE('',(#3284,#3382),#3397,.T.);
#3284 = FACE_BOUND('',#3285,.T.);
#3285 = EDGE_LOOP('',(#3286,#3296,#3304,#3312,#3320,#3328,#3336,#3344,
    #3352,#3360,#3368,#3376));
#3286 = ORIENTED_EDGE('',*,*,#3287,.T.);
#3287 = EDGE_CURVE('',#3288,#3290,#3292,.T.);
#3288 = VERTEX_POINT('',#3289);
#3289 = CARTESIAN_POINT('',(152.675,30.075,163.64063345369));
#3290 = VERTEX_POINT('',#3291);
#3291 = CARTESIAN_POINT('',(152.675,30.075,140.92190036108));
#3292 = LINE('',#3293,#3294);
#3293 = CARTESIAN_POINT('',(152.675,30.075,209.07809963891));
#3294 = VECTOR('',#3295,1.);
#3295 = DIRECTION('',(6.106226635438E-16,0.,-1.));
#3296 = ORIENTED_EDGE('',*,*,#3297,.T.);
#3297 = EDGE_CURVE('',#3290,#3298,#3300,.T.);
#3298 = VERTEX_POINT('',#3299);
#3299 = CARTESIAN_POINT('',(133.,30.075,152.28126690738));
#3300 = LINE('',#3301,#3302);
#3301 = CARTESIAN_POINT('',(152.675,30.075,140.92190036108));
#3302 = VECTOR('',#3303,1.);
#3303 = DIRECTION('',(-0.866025403784,0.,0.5));
#3304 = ORIENTED_EDGE('',*,*,#3305,.T.);
#3305 = EDGE_CURVE('',#3298,#3306,#3308,.T.);
#3306 = VERTEX_POINT('',#3307);
#3307 = CARTESIAN_POINT('',(113.325,30.075,140.92190036108));
#3308 = LINE('',#3309,#3310);
#3309 = CARTESIAN_POINT('',(172.35,30.075,175.));
#3310 = VECTOR('',#3311,1.);
#3311 = DIRECTION('',(-0.866025403784,0.,-0.5));
#3312 = ORIENTED_EDGE('',*,*,#3313,.T.);
#3313 = EDGE_CURVE('',#3306,#3314,#3316,.T.);
#3314 = VERTEX_POINT('',#3315);
#3315 = CARTESIAN_POINT('',(113.325,30.075,163.64063345369));
#3316 = LINE('',#3317,#3318);
#3317 = CARTESIAN_POINT('',(113.325,30.075,140.92190036108));
#3318 = VECTOR('',#3319,1.);
#3319 = DIRECTION('',(-2.6E-16,0.,1.));
#3320 = ORIENTED_EDGE('',*,*,#3321,.T.);
#3321 = EDGE_CURVE('',#3314,#3322,#3324,.T.);
#3322 = VERTEX_POINT('',#3323);
#3323 = CARTESIAN_POINT('',(93.65,30.075,175.));
#3324 = LINE('',#3325,#3326);
#3325 = CARTESIAN_POINT('',(152.675,30.075,140.92190036108));
#3326 = VECTOR('',#3327,1.);
#3327 = DIRECTION('',(-0.866025403784,0.,0.5));
#3328 = ORIENTED_EDGE('',*,*,#3329,.T.);
#3329 = EDGE_CURVE('',#3322,#3330,#3332,.T.);
#3330 = VERTEX_POINT('',#3331);
#3331 = CARTESIAN_POINT('',(113.325,30.075,186.3593665463));
#3332 = LINE('',#3333,#3334);
#3333 = CARTESIAN_POINT('',(93.65,30.075,175.));
#3334 = VECTOR('',#3335,1.);
#3335 = DIRECTION('',(0.866025403784,0.,0.5));
#3336 = ORIENTED_EDGE('',*,*,#3337,.T.);
#3337 = EDGE_CURVE('',#3330,#3338,#3340,.T.);
#3338 = VERTEX_POINT('',#3339);
#3339 = CARTESIAN_POINT('',(113.325,30.075,209.07809963891));
#3340 = LINE('',#3341,#3342);
#3341 = CARTESIAN_POINT('',(113.325,30.075,140.92190036108));
#3342 = VECTOR('',#3343,1.);
#3343 = DIRECTION('',(-2.6E-16,0.,1.));
#3344 = ORIENTED_EDGE('',*,*,#3345,.T.);
#3345 = EDGE_CURVE('',#3338,#3346,#3348,.T.);
#3346 = VERTEX_POINT('',#3347);
#3347 = CARTESIAN_POINT('',(133.,30.075,197.71873309261));
#3348 = LINE('',#3349,#3350);
#3349 = CARTESIAN_POINT('',(113.325,30.075,209.07809963891));
#3350 = VECTOR('',#3351,1.);
#3351 = DIRECTION('',(0.866025403784,0.,-0.5));
#3352 = ORIENTED_EDGE('',*,*,#3353,.T.);
#3353 = EDGE_CURVE('',#3346,#3354,#3356,.T.);
#3354 = VERTEX_POINT('',#3355);
#3355 = CARTESIAN_POINT('',(152.675,30.075,209.07809963891));
#3356 = LINE('',#3357,#3358);
#3357 = CARTESIAN_POINT('',(93.65,30.075,175.));
#3358 = VECTOR('',#3359,1.);
#3359 = DIRECTION('',(0.866025403784,0.,0.5));
#3360 = ORIENTED_EDGE('',*,*,#3361,.T.);
#3361 = EDGE_CURVE('',#3354,#3362,#3364,.T.);
#3362 = VERTEX_POINT('',#3363);
#3363 = CARTESIAN_POINT('',(152.675,30.075,186.3593665463));
#3364 = LINE('',#3365,#3366);
#3365 = CARTESIAN_POINT('',(152.675,30.075,209.07809963891));
#3366 = VECTOR('',#3367,1.);
#3367 = DIRECTION('',(6.106226635438E-16,0.,-1.));
#3368 = ORIENTED_EDGE('',*,*,#3369,.T.);
#3369 = EDGE_CURVE('',#3362,#3370,#3372,.T.);
#3370 = VERTEX_POINT('',#3371);
#3371 = CARTESIAN_POINT('',(172.35,30.075,175.));
#3372 = LINE('',#3373,#3374);
#3373 = CARTESIAN_POINT('',(113.325,30.075,209.07809963891));
#3374 = VECTOR('',#3375,1.);
#3375 = DIRECTION('',(0.866025403784,0.,-0.5));
#3376 = ORIENTED_EDGE('',*,*,#3377,.T.);
#3377 = EDGE_CURVE('',#3370,#3288,#3378,.T.);
#3378 = LINE('',#3379,#3380);
#3379 = CARTESIAN_POINT('',(172.35,30.075,175.));
#3380 = VECTOR('',#3381,1.);
#3381 = DIRECTION('',(-0.866025403784,0.,-0.5));
#3382 = FACE_BOUND('',#3383,.T.);
#3383 = EDGE_LOOP('',(#3384,#3385,#3386,#3387,#3388,#3389,#3390,#3391,
    #3392,#3393,#3394,#3395,#3396));
#3384 = ORIENTED_EDGE('',*,*,#3095,.T.);
#3385 = ORIENTED_EDGE('',*,*,#3104,.T.);
#3386 = ORIENTED_EDGE('',*,*,#3113,.T.);
#3387 = ORIENTED_EDGE('',*,*,#3005,.T.);
#3388 = ORIENTED_EDGE('',*,*,#3014,.T.);
#3389 = ORIENTED_EDGE('',*,*,#3023,.T.);
#3390 = ORIENTED_EDGE('',*,*,#3032,.T.);
#3391 = ORIENTED_EDGE('',*,*,#3041,.T.);
#3392 = ORIENTED_EDGE('',*,*,#3050,.T.);
#3393 = ORIENTED_EDGE('',*,*,#3059,.T.);
#3394 = ORIENTED_EDGE('',*,*,#3068,.T.);
#3395 = ORIENTED_EDGE('',*,*,#3077,.T.);
#3396 = ORIENTED_EDGE('',*,*,#3086,.T.);
#3397 = PLANE('',#3398);
#3398 = AXIS2_PLACEMENT_3D('',#3399,#3400,#3401);
#3399 = CARTESIAN_POINT('',(133.,30.075,175.));
#3400 = DIRECTION('',(0.,1.,0.));
#3401 = DIRECTION('',(0.,0.,1.));
#3402 = ADVANCED_FACE('',(#3403,#3501),#3516,.T.);
#3403 = FACE_BOUND('',#3404,.T.);
#3404 = EDGE_LOOP('',(#3405,#3415,#3423,#3431,#3439,#3447,#3455,#3463,
    #3471,#3479,#3487,#3495));
#3405 = ORIENTED_EDGE('',*,*,#3406,.F.);
#3406 = EDGE_CURVE('',#3407,#3409,#3411,.T.);
#3407 = VERTEX_POINT('',#3408);
#3408 = CARTESIAN_POINT('',(152.675,-80.625,163.64063345369));
#3409 = VERTEX_POINT('',#3410);
#3410 = CARTESIAN_POINT('',(152.675,-80.625,140.92190036108));
#3411 = LINE('',#3412,#3413);
#3412 = CARTESIAN_POINT('',(152.675,-80.625,209.07809963891));
#3413 = VECTOR('',#3414,1.);
#3414 = DIRECTION('',(6.106226635438E-16,0.,-1.));
#3415 = ORIENTED_EDGE('',*,*,#3416,.F.);
#3416 = EDGE_CURVE('',#3417,#3407,#3419,.T.);
#3417 = VERTEX_POINT('',#3418);
#3418 = CARTESIAN_POINT('',(172.35,-80.625,175.));
#3419 = LINE('',#3420,#3421);
#3420 = CARTESIAN_POINT('',(172.35,-80.625,175.));
#3421 = VECTOR('',#3422,1.);
#3422 = DIRECTION('',(-0.866025403784,0.,-0.5));
#3423 = ORIENTED_EDGE('',*,*,#3424,.F.);
#3424 = EDGE_CURVE('',#3425,#3417,#3427,.T.);
#3425 = VERTEX_POINT('',#3426);
#3426 = CARTESIAN_POINT('',(152.675,-80.625,186.3593665463));
#3427 = LINE('',#3428,#3429);
#3428 = CARTESIAN_POINT('',(113.325,-80.625,209.07809963891));
#3429 = VECTOR('',#3430,1.);
#3430 = DIRECTION('',(0.866025403784,0.,-0.5));
#3431 = ORIENTED_EDGE('',*,*,#3432,.F.);
#3432 = EDGE_CURVE('',#3433,#3425,#3435,.T.);
#3433 = VERTEX_POINT('',#3434);
#3434 = CARTESIAN_POINT('',(152.675,-80.625,209.07809963891));
#3435 = LINE('',#3436,#3437);
#3436 = CARTESIAN_POINT('',(152.675,-80.625,209.07809963891));
#3437 = VECTOR('',#3438,1.);
#3438 = DIRECTION('',(6.106226635438E-16,0.,-1.));
#3439 = ORIENTED_EDGE('',*,*,#3440,.F.);
#3440 = EDGE_CURVE('',#3441,#3433,#3443,.T.);
#3441 = VERTEX_POINT('',#3442);
#3442 = CARTESIAN_POINT('',(133.,-80.625,197.71873309261));
#3443 = LINE('',#3444,#3445);
#3444 = CARTESIAN_POINT('',(93.65,-80.625,175.));
#3445 = VECTOR('',#3446,1.);
#3446 = DIRECTION('',(0.866025403784,0.,0.5));
#3447 = ORIENTED_EDGE('',*,*,#3448,.F.);
#3448 = EDGE_CURVE('',#3449,#3441,#3451,.T.);
#3449 = VERTEX_POINT('',#3450);
#3450 = CARTESIAN_POINT('',(113.325,-80.625,209.07809963891));
#3451 = LINE('',#3452,#3453);
#3452 = CARTESIAN_POINT('',(113.325,-80.625,209.07809963891));
#3453 = VECTOR('',#3454,1.);
#3454 = DIRECTION('',(0.866025403784,0.,-0.5));
#3455 = ORIENTED_EDGE('',*,*,#3456,.F.);
#3456 = EDGE_CURVE('',#3457,#3449,#3459,.T.);
#3457 = VERTEX_POINT('',#3458);
#3458 = CARTESIAN_POINT('',(113.325,-80.625,186.3593665463));
#3459 = LINE('',#3460,#3461);
#3460 = CARTESIAN_POINT('',(113.325,-80.625,140.92190036108));
#3461 = VECTOR('',#3462,1.);
#3462 = DIRECTION('',(-2.6E-16,0.,1.));
#3463 = ORIENTED_EDGE('',*,*,#3464,.F.);
#3464 = EDGE_CURVE('',#3465,#3457,#3467,.T.);
#3465 = VERTEX_POINT('',#3466);
#3466 = CARTESIAN_POINT('',(93.65,-80.625,175.));
#3467 = LINE('',#3468,#3469);
#3468 = CARTESIAN_POINT('',(93.65,-80.625,175.));
#3469 = VECTOR('',#3470,1.);
#3470 = DIRECTION('',(0.866025403784,0.,0.5));
#3471 = ORIENTED_EDGE('',*,*,#3472,.F.);
#3472 = EDGE_CURVE('',#3473,#3465,#3475,.T.);
#3473 = VERTEX_POINT('',#3474);
#3474 = CARTESIAN_POINT('',(113.325,-80.625,163.64063345369));
#3475 = LINE('',#3476,#3477);
#3476 = CARTESIAN_POINT('',(152.675,-80.625,140.92190036108));
#3477 = VECTOR('',#3478,1.);
#3478 = DIRECTION('',(-0.866025403784,0.,0.5));
#3479 = ORIENTED_EDGE('',*,*,#3480,.F.);
#3480 = EDGE_CURVE('',#3481,#3473,#3483,.T.);
#3481 = VERTEX_POINT('',#3482);
#3482 = CARTESIAN_POINT('',(113.325,-80.625,140.92190036108));
#3483 = LINE('',#3484,#3485);
#3484 = CARTESIAN_POINT('',(113.325,-80.625,140.92190036108));
#3485 = VECTOR('',#3486,1.);
#3486 = DIRECTION('',(-2.6E-16,0.,1.));
#3487 = ORIENTED_EDGE('',*,*,#3488,.F.);
#3488 = EDGE_CURVE('',#3489,#3481,#3491,.T.);
#3489 = VERTEX_POINT('',#3490);
#3490 = CARTESIAN_POINT('',(133.,-80.625,152.28126690738));
#3491 = LINE('',#3492,#3493);
#3492 = CARTESIAN_POINT('',(172.35,-80.625,175.));
#3493 = VECTOR('',#3494,1.);
#3494 = DIRECTION('',(-0.866025403784,0.,-0.5));
#3495 = ORIENTED_EDGE('',*,*,#3496,.F.);
#3496 = EDGE_CURVE('',#3409,#3489,#3497,.T.);
#3497 = LINE('',#3498,#3499);
#3498 = CARTESIAN_POINT('',(152.675,-80.625,140.92190036108));
#3499 = VECTOR('',#3500,1.);
#3500 = DIRECTION('',(-0.866025403784,0.,0.5));
#3501 = FACE_BOUND('',#3502,.T.);
#3502 = EDGE_LOOP('',(#3503,#3504,#3505,#3506,#3507,#3508,#3509,#3510,
    #3511,#3512,#3513,#3514,#3515));
#3503 = ORIENTED_EDGE('',*,*,#3182,.F.);
#3504 = ORIENTED_EDGE('',*,*,#3191,.F.);
#3505 = ORIENTED_EDGE('',*,*,#3200,.F.);
#3506 = ORIENTED_EDGE('',*,*,#3209,.F.);
#3507 = ORIENTED_EDGE('',*,*,#3218,.F.);
#3508 = ORIENTED_EDGE('',*,*,#3227,.F.);
#3509 = ORIENTED_EDGE('',*,*,#3236,.F.);
#3510 = ORIENTED_EDGE('',*,*,#3245,.F.);
#3511 = ORIENTED_EDGE('',*,*,#3254,.F.);
#3512 = ORIENTED_EDGE('',*,*,#3263,.F.);
#3513 = ORIENTED_EDGE('',*,*,#3272,.F.);
#3514 = ORIENTED_EDGE('',*,*,#3164,.F.);
#3515 = ORIENTED_EDGE('',*,*,#3173,.F.);
#3516 = PLANE('',#3517);
#3517 = AXIS2_PLACEMENT_3D('',#3518,#3519,#3520);
#3518 = CARTESIAN_POINT('',(133.,-80.625,175.));
#3519 = DIRECTION('',(-0.,-1.,-0.));
#3520 = DIRECTION('',(0.,0.,-1.));
#3521 = ADVANCED_FACE('',(#3522),#3547,.F.);
#3522 = FACE_BOUND('',#3523,.F.);
#3523 = EDGE_LOOP('',(#3524,#3534,#3540,#3541));
#3524 = ORIENTED_EDGE('',*,*,#3525,.F.);
#3525 = EDGE_CURVE('',#3526,#3528,#3530,.T.);
#3526 = VERTEX_POINT('',#3527);
#3527 = CARTESIAN_POINT('',(152.675,26.875,163.64063345369));
#3528 = VERTEX_POINT('',#3529);
#3529 = CARTESIAN_POINT('',(152.675,26.875,140.92190036108));
#3530 = LINE('',#3531,#3532);
#3531 = CARTESIAN_POINT('',(152.675,26.875,209.07809963891));
#3532 = VECTOR('',#3533,1.);
#3533 = DIRECTION('',(6.106226635438E-16,0.,-1.));
#3534 = ORIENTED_EDGE('',*,*,#3535,.F.);
#3535 = EDGE_CURVE('',#3288,#3526,#3536,.T.);
#3536 = LINE('',#3537,#3538);
#3537 = CARTESIAN_POINT('',(152.675,26.875,163.64063345369));
#3538 = VECTOR('',#3539,1.);
#3539 = DIRECTION('',(0.,-1.,2.2E-16));
#3540 = ORIENTED_EDGE('',*,*,#3287,.T.);
#3541 = ORIENTED_EDGE('',*,*,#3542,.F.);
#3542 = EDGE_CURVE('',#3528,#3290,#3543,.T.);
#3543 = LINE('',#3544,#3545);
#3544 = CARTESIAN_POINT('',(152.675,26.875,140.92190036108));
#3545 = VECTOR('',#3546,1.);
#3546 = DIRECTION('',(0.,1.,0.));
#3547 = PLANE('',#3548);
#3548 = AXIS2_PLACEMENT_3D('',#3549,#3550,#3551);
#3549 = CARTESIAN_POINT('',(152.675,26.875,209.07809963891));
#3550 = DIRECTION('',(-1.,0.,-6.106226635438E-16));
#3551 = DIRECTION('',(6.106226635438E-16,0.,-1.));
#3552 = ADVANCED_FACE('',(#3553),#3571,.F.);
#3553 = FACE_BOUND('',#3554,.F.);
#3554 = EDGE_LOOP('',(#3555,#3563,#3564,#3565));
#3555 = ORIENTED_EDGE('',*,*,#3556,.F.);
#3556 = EDGE_CURVE('',#3528,#3557,#3559,.T.);
#3557 = VERTEX_POINT('',#3558);
#3558 = CARTESIAN_POINT('',(133.,26.875,152.28126690738));
#3559 = LINE('',#3560,#3561);
#3560 = CARTESIAN_POINT('',(152.675,26.875,140.92190036108));
#3561 = VECTOR('',#3562,1.);
#3562 = DIRECTION('',(-0.866025403784,0.,0.5));
#3563 = ORIENTED_EDGE('',*,*,#3542,.T.);
#3564 = ORIENTED_EDGE('',*,*,#3297,.T.);
#3565 = ORIENTED_EDGE('',*,*,#3566,.F.);
#3566 = EDGE_CURVE('',#3557,#3298,#3567,.T.);
#3567 = LINE('',#3568,#3569);
#3568 = CARTESIAN_POINT('',(133.,26.875,152.28126690738));
#3569 = VECTOR('',#3570,1.);
#3570 = DIRECTION('',(1.9E-16,1.,-1.1E-16));
#3571 = PLANE('',#3572);
#3572 = AXIS2_PLACEMENT_3D('',#3573,#3574,#3575);
#3573 = CARTESIAN_POINT('',(152.675,26.875,140.92190036108));
#3574 = DIRECTION('',(0.5,0.,0.866025403784));
#3575 = DIRECTION('',(-0.866025403784,0.,0.5));
#3576 = ADVANCED_FACE('',(#3577),#3595,.F.);
#3577 = FACE_BOUND('',#3578,.F.);
#3578 = EDGE_LOOP('',(#3579,#3587,#3588,#3589));
#3579 = ORIENTED_EDGE('',*,*,#3580,.F.);
#3580 = EDGE_CURVE('',#3557,#3581,#3583,.T.);
#3581 = VERTEX_POINT('',#3582);
#3582 = CARTESIAN_POINT('',(113.325,26.875,140.92190036108));
#3583 = LINE('',#3584,#3585);
#3584 = CARTESIAN_POINT('',(172.35,26.875,175.));
#3585 = VECTOR('',#3586,1.);
#3586 = DIRECTION('',(-0.866025403784,0.,-0.5));
#3587 = ORIENTED_EDGE('',*,*,#3566,.T.);
#3588 = ORIENTED_EDGE('',*,*,#3305,.T.);
#3589 = ORIENTED_EDGE('',*,*,#3590,.F.);
#3590 = EDGE_CURVE('',#3581,#3306,#3591,.T.);
#3591 = LINE('',#3592,#3593);
#3592 = CARTESIAN_POINT('',(113.325,26.875,140.92190036108));
#3593 = VECTOR('',#3594,1.);
#3594 = DIRECTION('',(0.,1.,0.));
#3595 = PLANE('',#3596);
#3596 = AXIS2_PLACEMENT_3D('',#3597,#3598,#3599);
#3597 = CARTESIAN_POINT('',(172.35,26.875,175.));
#3598 = DIRECTION('',(-0.5,0.,0.866025403784));
#3599 = DIRECTION('',(-0.866025403784,0.,-0.5));
#3600 = ADVANCED_FACE('',(#3601),#3619,.F.);
#3601 = FACE_BOUND('',#3602,.F.);
#3602 = EDGE_LOOP('',(#3603,#3611,#3612,#3613));
#3603 = ORIENTED_EDGE('',*,*,#3604,.F.);
#3604 = EDGE_CURVE('',#3581,#3605,#3607,.T.);
#3605 = VERTEX_POINT('',#3606);
#3606 = CARTESIAN_POINT('',(113.325,26.875,163.64063345369));
#3607 = LINE('',#3608,#3609);
#3608 = CARTESIAN_POINT('',(113.325,26.875,140.92190036108));
#3609 = VECTOR('',#3610,1.);
#3610 = DIRECTION('',(-2.6E-16,0.,1.));
#3611 = ORIENTED_EDGE('',*,*,#3590,.T.);
#3612 = ORIENTED_EDGE('',*,*,#3313,.T.);
#3613 = ORIENTED_EDGE('',*,*,#3614,.T.);
#3614 = EDGE_CURVE('',#3314,#3605,#3615,.T.);
#3615 = LINE('',#3616,#3617);
#3616 = CARTESIAN_POINT('',(113.325,26.875,163.64063345369));
#3617 = VECTOR('',#3618,1.);
#3618 = DIRECTION('',(0.,-1.,0.));
#3619 = PLANE('',#3620);
#3620 = AXIS2_PLACEMENT_3D('',#3621,#3622,#3623);
#3621 = CARTESIAN_POINT('',(113.325,26.875,140.92190036108));
#3622 = DIRECTION('',(1.,0.,2.6E-16));
#3623 = DIRECTION('',(-2.6E-16,0.,1.));
#3624 = ADVANCED_FACE('',(#3625),#3643,.F.);
#3625 = FACE_BOUND('',#3626,.F.);
#3626 = EDGE_LOOP('',(#3627,#3635,#3636,#3637));
#3627 = ORIENTED_EDGE('',*,*,#3628,.F.);
#3628 = EDGE_CURVE('',#3605,#3629,#3631,.T.);
#3629 = VERTEX_POINT('',#3630);
#3630 = CARTESIAN_POINT('',(93.65,26.875,175.));
#3631 = LINE('',#3632,#3633);
#3632 = CARTESIAN_POINT('',(152.675,26.875,140.92190036108));
#3633 = VECTOR('',#3634,1.);
#3634 = DIRECTION('',(-0.866025403784,0.,0.5));
#3635 = ORIENTED_EDGE('',*,*,#3614,.F.);
#3636 = ORIENTED_EDGE('',*,*,#3321,.T.);
#3637 = ORIENTED_EDGE('',*,*,#3638,.F.);
#3638 = EDGE_CURVE('',#3629,#3322,#3639,.T.);
#3639 = LINE('',#3640,#3641);
#3640 = CARTESIAN_POINT('',(93.65,26.875,175.));
#3641 = VECTOR('',#3642,1.);
#3642 = DIRECTION('',(0.,1.,0.));
#3643 = PLANE('',#3644);
#3644 = AXIS2_PLACEMENT_3D('',#3645,#3646,#3647);
#3645 = CARTESIAN_POINT('',(152.675,26.875,140.92190036108));
#3646 = DIRECTION('',(0.5,0.,0.866025403784));
#3647 = DIRECTION('',(-0.866025403784,0.,0.5));
#3648 = ADVANCED_FACE('',(#3649),#3667,.F.);
#3649 = FACE_BOUND('',#3650,.F.);
#3650 = EDGE_LOOP('',(#3651,#3659,#3660,#3661));
#3651 = ORIENTED_EDGE('',*,*,#3652,.F.);
#3652 = EDGE_CURVE('',#3629,#3653,#3655,.T.);
#3653 = VERTEX_POINT('',#3654);
#3654 = CARTESIAN_POINT('',(113.325,26.875,186.3593665463));
#3655 = LINE('',#3656,#3657);
#3656 = CARTESIAN_POINT('',(93.65,26.875,175.));
#3657 = VECTOR('',#3658,1.);
#3658 = DIRECTION('',(0.866025403784,0.,0.5));
#3659 = ORIENTED_EDGE('',*,*,#3638,.T.);
#3660 = ORIENTED_EDGE('',*,*,#3329,.T.);
#3661 = ORIENTED_EDGE('',*,*,#3662,.F.);
#3662 = EDGE_CURVE('',#3653,#3330,#3663,.T.);
#3663 = LINE('',#3664,#3665);
#3664 = CARTESIAN_POINT('',(113.325,26.875,186.3593665463));
#3665 = VECTOR('',#3666,1.);
#3666 = DIRECTION('',(0.,1.,0.));
#3667 = PLANE('',#3668);
#3668 = AXIS2_PLACEMENT_3D('',#3669,#3670,#3671);
#3669 = CARTESIAN_POINT('',(93.65,26.875,175.));
#3670 = DIRECTION('',(0.5,0.,-0.866025403784));
#3671 = DIRECTION('',(0.866025403784,0.,0.5));
#3672 = ADVANCED_FACE('',(#3673),#3691,.F.);
#3673 = FACE_BOUND('',#3674,.F.);
#3674 = EDGE_LOOP('',(#3675,#3683,#3684,#3685));
#3675 = ORIENTED_EDGE('',*,*,#3676,.F.);
#3676 = EDGE_CURVE('',#3653,#3677,#3679,.T.);
#3677 = VERTEX_POINT('',#3678);
#3678 = CARTESIAN_POINT('',(113.325,26.875,209.07809963891));
#3679 = LINE('',#3680,#3681);
#3680 = CARTESIAN_POINT('',(113.325,26.875,140.92190036108));
#3681 = VECTOR('',#3682,1.);
#3682 = DIRECTION('',(-2.6E-16,0.,1.));
#3683 = ORIENTED_EDGE('',*,*,#3662,.T.);
#3684 = ORIENTED_EDGE('',*,*,#3337,.T.);
#3685 = ORIENTED_EDGE('',*,*,#3686,.F.);
#3686 = EDGE_CURVE('',#3677,#3338,#3687,.T.);
#3687 = LINE('',#3688,#3689);
#3688 = CARTESIAN_POINT('',(113.325,26.875,209.07809963891));
#3689 = VECTOR('',#3690,1.);
#3690 = DIRECTION('',(0.,1.,0.));
#3691 = PLANE('',#3692);
#3692 = AXIS2_PLACEMENT_3D('',#3693,#3694,#3695);
#3693 = CARTESIAN_POINT('',(113.325,26.875,140.92190036108));
#3694 = DIRECTION('',(1.,0.,2.6E-16));
#3695 = DIRECTION('',(-2.6E-16,0.,1.));
#3696 = ADVANCED_FACE('',(#3697),#3715,.F.);
#3697 = FACE_BOUND('',#3698,.F.);
#3698 = EDGE_LOOP('',(#3699,#3707,#3708,#3709));
#3699 = ORIENTED_EDGE('',*,*,#3700,.F.);
#3700 = EDGE_CURVE('',#3677,#3701,#3703,.T.);
#3701 = VERTEX_POINT('',#3702);
#3702 = CARTESIAN_POINT('',(133.,26.875,197.71873309261));
#3703 = LINE('',#3704,#3705);
#3704 = CARTESIAN_POINT('',(113.325,26.875,209.07809963891));
#3705 = VECTOR('',#3706,1.);
#3706 = DIRECTION('',(0.866025403784,0.,-0.5));
#3707 = ORIENTED_EDGE('',*,*,#3686,.T.);
#3708 = ORIENTED_EDGE('',*,*,#3345,.T.);
#3709 = ORIENTED_EDGE('',*,*,#3710,.T.);
#3710 = EDGE_CURVE('',#3346,#3701,#3711,.T.);
#3711 = LINE('',#3712,#3713);
#3712 = CARTESIAN_POINT('',(133.,26.875,197.71873309261));
#3713 = VECTOR('',#3714,1.);
#3714 = DIRECTION('',(1.9E-16,-1.,1.1E-16));
#3715 = PLANE('',#3716);
#3716 = AXIS2_PLACEMENT_3D('',#3717,#3718,#3719);
#3717 = CARTESIAN_POINT('',(113.325,26.875,209.07809963891));
#3718 = DIRECTION('',(-0.5,0.,-0.866025403784));
#3719 = DIRECTION('',(0.866025403784,0.,-0.5));
#3720 = ADVANCED_FACE('',(#3721),#3739,.F.);
#3721 = FACE_BOUND('',#3722,.F.);
#3722 = EDGE_LOOP('',(#3723,#3731,#3732,#3733));
#3723 = ORIENTED_EDGE('',*,*,#3724,.F.);
#3724 = EDGE_CURVE('',#3701,#3725,#3727,.T.);
#3725 = VERTEX_POINT('',#3726);
#3726 = CARTESIAN_POINT('',(152.675,26.875,209.07809963891));
#3727 = LINE('',#3728,#3729);
#3728 = CARTESIAN_POINT('',(93.65,26.875,175.));
#3729 = VECTOR('',#3730,1.);
#3730 = DIRECTION('',(0.866025403784,0.,0.5));
#3731 = ORIENTED_EDGE('',*,*,#3710,.F.);
#3732 = ORIENTED_EDGE('',*,*,#3353,.T.);
#3733 = ORIENTED_EDGE('',*,*,#3734,.F.);
#3734 = EDGE_CURVE('',#3725,#3354,#3735,.T.);
#3735 = LINE('',#3736,#3737);
#3736 = CARTESIAN_POINT('',(152.675,26.875,209.07809963891));
#3737 = VECTOR('',#3738,1.);
#3738 = DIRECTION('',(0.,1.,0.));
#3739 = PLANE('',#3740);
#3740 = AXIS2_PLACEMENT_3D('',#3741,#3742,#3743);
#3741 = CARTESIAN_POINT('',(93.65,26.875,175.));
#3742 = DIRECTION('',(0.5,0.,-0.866025403784));
#3743 = DIRECTION('',(0.866025403784,0.,0.5));
#3744 = ADVANCED_FACE('',(#3745),#3763,.F.);
#3745 = FACE_BOUND('',#3746,.F.);
#3746 = EDGE_LOOP('',(#3747,#3755,#3756,#3757));
#3747 = ORIENTED_EDGE('',*,*,#3748,.F.);
#3748 = EDGE_CURVE('',#3725,#3749,#3751,.T.);
#3749 = VERTEX_POINT('',#3750);
#3750 = CARTESIAN_POINT('',(152.675,26.875,186.3593665463));
#3751 = LINE('',#3752,#3753);
#3752 = CARTESIAN_POINT('',(152.675,26.875,209.07809963891));
#3753 = VECTOR('',#3754,1.);
#3754 = DIRECTION('',(6.106226635438E-16,0.,-1.));
#3755 = ORIENTED_EDGE('',*,*,#3734,.T.);
#3756 = ORIENTED_EDGE('',*,*,#3361,.T.);
#3757 = ORIENTED_EDGE('',*,*,#3758,.F.);
#3758 = EDGE_CURVE('',#3749,#3362,#3759,.T.);
#3759 = LINE('',#3760,#3761);
#3760 = CARTESIAN_POINT('',(152.675,26.875,186.3593665463));
#3761 = VECTOR('',#3762,1.);
#3762 = DIRECTION('',(0.,1.,-2.2E-16));
#3763 = PLANE('',#3764);
#3764 = AXIS2_PLACEMENT_3D('',#3765,#3766,#3767);
#3765 = CARTESIAN_POINT('',(152.675,26.875,209.07809963891));
#3766 = DIRECTION('',(-1.,0.,-6.106226635438E-16));
#3767 = DIRECTION('',(6.106226635438E-16,0.,-1.));
#3768 = ADVANCED_FACE('',(#3769),#3787,.F.);
#3769 = FACE_BOUND('',#3770,.F.);
#3770 = EDGE_LOOP('',(#3771,#3779,#3780,#3781));
#3771 = ORIENTED_EDGE('',*,*,#3772,.F.);
#3772 = EDGE_CURVE('',#3749,#3773,#3775,.T.);
#3773 = VERTEX_POINT('',#3774);
#3774 = CARTESIAN_POINT('',(172.35,26.875,175.));
#3775 = LINE('',#3776,#3777);
#3776 = CARTESIAN_POINT('',(113.325,26.875,209.07809963891));
#3777 = VECTOR('',#3778,1.);
#3778 = DIRECTION('',(0.866025403784,0.,-0.5));
#3779 = ORIENTED_EDGE('',*,*,#3758,.T.);
#3780 = ORIENTED_EDGE('',*,*,#3369,.T.);
#3781 = ORIENTED_EDGE('',*,*,#3782,.F.);
#3782 = EDGE_CURVE('',#3773,#3370,#3783,.T.);
#3783 = LINE('',#3784,#3785);
#3784 = CARTESIAN_POINT('',(172.35,26.875,175.));
#3785 = VECTOR('',#3786,1.);
#3786 = DIRECTION('',(0.,1.,0.));
#3787 = PLANE('',#3788);
#3788 = AXIS2_PLACEMENT_3D('',#3789,#3790,#3791);
#3789 = CARTESIAN_POINT('',(113.325,26.875,209.07809963891));
#3790 = DIRECTION('',(-0.5,0.,-0.866025403784));
#3791 = DIRECTION('',(0.866025403784,0.,-0.5));
#3792 = ADVANCED_FACE('',(#3793),#3804,.F.);
#3793 = FACE_BOUND('',#3794,.F.);
#3794 = EDGE_LOOP('',(#3795,#3801,#3802,#3803));
#3795 = ORIENTED_EDGE('',*,*,#3796,.F.);
#3796 = EDGE_CURVE('',#3773,#3526,#3797,.T.);
#3797 = LINE('',#3798,#3799);
#3798 = CARTESIAN_POINT('',(172.35,26.875,175.));
#3799 = VECTOR('',#3800,1.);
#3800 = DIRECTION('',(-0.866025403784,0.,-0.5));
#3801 = ORIENTED_EDGE('',*,*,#3782,.T.);
#3802 = ORIENTED_EDGE('',*,*,#3377,.T.);
#3803 = ORIENTED_EDGE('',*,*,#3535,.T.);
#3804 = PLANE('',#3805);
#3805 = AXIS2_PLACEMENT_3D('',#3806,#3807,#3808);
#3806 = CARTESIAN_POINT('',(172.35,26.875,175.));
#3807 = DIRECTION('',(-0.5,0.,0.866025403784));
#3808 = DIRECTION('',(-0.866025403784,0.,-0.5));
#3809 = ADVANCED_FACE('',(#3810),#3835,.F.);
#3810 = FACE_BOUND('',#3811,.F.);
#3811 = EDGE_LOOP('',(#3812,#3813,#3821,#3829));
#3812 = ORIENTED_EDGE('',*,*,#3406,.F.);
#3813 = ORIENTED_EDGE('',*,*,#3814,.F.);
#3814 = EDGE_CURVE('',#3815,#3407,#3817,.T.);
#3815 = VERTEX_POINT('',#3816);
#3816 = CARTESIAN_POINT('',(152.675,-77.425,163.64063345369));
#3817 = LINE('',#3818,#3819);
#3818 = CARTESIAN_POINT('',(152.675,-80.625,163.64063345369));
#3819 = VECTOR('',#3820,1.);
#3820 = DIRECTION('',(0.,-1.,2.2E-16));
#3821 = ORIENTED_EDGE('',*,*,#3822,.T.);
#3822 = EDGE_CURVE('',#3815,#3823,#3825,.T.);
#3823 = VERTEX_POINT('',#3824);
#3824 = CARTESIAN_POINT('',(152.675,-77.425,140.92190036108));
#3825 = LINE('',#3826,#3827);
#3826 = CARTESIAN_POINT('',(152.675,-77.425,209.07809963891));
#3827 = VECTOR('',#3828,1.);
#3828 = DIRECTION('',(6.106226635438E-16,0.,-1.));
#3829 = ORIENTED_EDGE('',*,*,#3830,.F.);
#3830 = EDGE_CURVE('',#3409,#3823,#3831,.T.);
#3831 = LINE('',#3832,#3833);
#3832 = CARTESIAN_POINT('',(152.675,-80.625,140.92190036108));
#3833 = VECTOR('',#3834,1.);
#3834 = DIRECTION('',(0.,1.,0.));
#3835 = PLANE('',#3836);
#3836 = AXIS2_PLACEMENT_3D('',#3837,#3838,#3839);
#3837 = CARTESIAN_POINT('',(152.675,-80.625,209.07809963891));
#3838 = DIRECTION('',(-1.,0.,-6.106226635438E-16));
#3839 = DIRECTION('',(6.106226635438E-16,0.,-1.));
#3840 = ADVANCED_FACE('',(#3841),#3859,.F.);
#3841 = FACE_BOUND('',#3842,.F.);
#3842 = EDGE_LOOP('',(#3843,#3844,#3852,#3858));
#3843 = ORIENTED_EDGE('',*,*,#3416,.F.);
#3844 = ORIENTED_EDGE('',*,*,#3845,.T.);
#3845 = EDGE_CURVE('',#3417,#3846,#3848,.T.);
#3846 = VERTEX_POINT('',#3847);
#3847 = CARTESIAN_POINT('',(172.35,-77.425,175.));
#3848 = LINE('',#3849,#3850);
#3849 = CARTESIAN_POINT('',(172.35,-80.625,175.));
#3850 = VECTOR('',#3851,1.);
#3851 = DIRECTION('',(0.,1.,0.));
#3852 = ORIENTED_EDGE('',*,*,#3853,.T.);
#3853 = EDGE_CURVE('',#3846,#3815,#3854,.T.);
#3854 = LINE('',#3855,#3856);
#3855 = CARTESIAN_POINT('',(172.35,-77.425,175.));
#3856 = VECTOR('',#3857,1.);
#3857 = DIRECTION('',(-0.866025403784,0.,-0.5));
#3858 = ORIENTED_EDGE('',*,*,#3814,.T.);
#3859 = PLANE('',#3860);
#3860 = AXIS2_PLACEMENT_3D('',#3861,#3862,#3863);
#3861 = CARTESIAN_POINT('',(172.35,-80.625,175.));
#3862 = DIRECTION('',(-0.5,0.,0.866025403784));
#3863 = DIRECTION('',(-0.866025403784,0.,-0.5));
#3864 = ADVANCED_FACE('',(#3865),#3883,.F.);
#3865 = FACE_BOUND('',#3866,.F.);
#3866 = EDGE_LOOP('',(#3867,#3868,#3876,#3882));
#3867 = ORIENTED_EDGE('',*,*,#3424,.F.);
#3868 = ORIENTED_EDGE('',*,*,#3869,.T.);
#3869 = EDGE_CURVE('',#3425,#3870,#3872,.T.);
#3870 = VERTEX_POINT('',#3871);
#3871 = CARTESIAN_POINT('',(152.675,-77.425,186.3593665463));
#3872 = LINE('',#3873,#3874);
#3873 = CARTESIAN_POINT('',(152.675,-80.625,186.3593665463));
#3874 = VECTOR('',#3875,1.);
#3875 = DIRECTION('',(0.,1.,-2.2E-16));
#3876 = ORIENTED_EDGE('',*,*,#3877,.T.);
#3877 = EDGE_CURVE('',#3870,#3846,#3878,.T.);
#3878 = LINE('',#3879,#3880);
#3879 = CARTESIAN_POINT('',(113.325,-77.425,209.07809963891));
#3880 = VECTOR('',#3881,1.);
#3881 = DIRECTION('',(0.866025403784,0.,-0.5));
#3882 = ORIENTED_EDGE('',*,*,#3845,.F.);
#3883 = PLANE('',#3884);
#3884 = AXIS2_PLACEMENT_3D('',#3885,#3886,#3887);
#3885 = CARTESIAN_POINT('',(113.325,-80.625,209.07809963891));
#3886 = DIRECTION('',(-0.5,0.,-0.866025403784));
#3887 = DIRECTION('',(0.866025403784,0.,-0.5));
#3888 = ADVANCED_FACE('',(#3889),#3907,.F.);
#3889 = FACE_BOUND('',#3890,.F.);
#3890 = EDGE_LOOP('',(#3891,#3892,#3900,#3906));
#3891 = ORIENTED_EDGE('',*,*,#3432,.F.);
#3892 = ORIENTED_EDGE('',*,*,#3893,.T.);
#3893 = EDGE_CURVE('',#3433,#3894,#3896,.T.);
#3894 = VERTEX_POINT('',#3895);
#3895 = CARTESIAN_POINT('',(152.675,-77.425,209.07809963891));
#3896 = LINE('',#3897,#3898);
#3897 = CARTESIAN_POINT('',(152.675,-80.625,209.07809963891));
#3898 = VECTOR('',#3899,1.);
#3899 = DIRECTION('',(0.,1.,0.));
#3900 = ORIENTED_EDGE('',*,*,#3901,.T.);
#3901 = EDGE_CURVE('',#3894,#3870,#3902,.T.);
#3902 = LINE('',#3903,#3904);
#3903 = CARTESIAN_POINT('',(152.675,-77.425,209.07809963891));
#3904 = VECTOR('',#3905,1.);
#3905 = DIRECTION('',(6.106226635438E-16,0.,-1.));
#3906 = ORIENTED_EDGE('',*,*,#3869,.F.);
#3907 = PLANE('',#3908);
#3908 = AXIS2_PLACEMENT_3D('',#3909,#3910,#3911);
#3909 = CARTESIAN_POINT('',(152.675,-80.625,209.07809963891));
#3910 = DIRECTION('',(-1.,0.,-6.106226635438E-16));
#3911 = DIRECTION('',(6.106226635438E-16,0.,-1.));
#3912 = ADVANCED_FACE('',(#3913),#3931,.F.);
#3913 = FACE_BOUND('',#3914,.F.);
#3914 = EDGE_LOOP('',(#3915,#3916,#3924,#3930));
#3915 = ORIENTED_EDGE('',*,*,#3440,.F.);
#3916 = ORIENTED_EDGE('',*,*,#3917,.F.);
#3917 = EDGE_CURVE('',#3918,#3441,#3920,.T.);
#3918 = VERTEX_POINT('',#3919);
#3919 = CARTESIAN_POINT('',(133.,-77.425,197.71873309261));
#3920 = LINE('',#3921,#3922);
#3921 = CARTESIAN_POINT('',(133.,-80.625,197.71873309261));
#3922 = VECTOR('',#3923,1.);
#3923 = DIRECTION('',(1.9E-16,-1.,1.1E-16));
#3924 = ORIENTED_EDGE('',*,*,#3925,.T.);
#3925 = EDGE_CURVE('',#3918,#3894,#3926,.T.);
#3926 = LINE('',#3927,#3928);
#3927 = CARTESIAN_POINT('',(93.65,-77.425,175.));
#3928 = VECTOR('',#3929,1.);
#3929 = DIRECTION('',(0.866025403784,0.,0.5));
#3930 = ORIENTED_EDGE('',*,*,#3893,.F.);
#3931 = PLANE('',#3932);
#3932 = AXIS2_PLACEMENT_3D('',#3933,#3934,#3935);
#3933 = CARTESIAN_POINT('',(93.65,-80.625,175.));
#3934 = DIRECTION('',(0.5,0.,-0.866025403784));
#3935 = DIRECTION('',(0.866025403784,0.,0.5));
#3936 = ADVANCED_FACE('',(#3937),#3955,.F.);
#3937 = FACE_BOUND('',#3938,.F.);
#3938 = EDGE_LOOP('',(#3939,#3940,#3948,#3954));
#3939 = ORIENTED_EDGE('',*,*,#3448,.F.);
#3940 = ORIENTED_EDGE('',*,*,#3941,.T.);
#3941 = EDGE_CURVE('',#3449,#3942,#3944,.T.);
#3942 = VERTEX_POINT('',#3943);
#3943 = CARTESIAN_POINT('',(113.325,-77.425,209.07809963891));
#3944 = LINE('',#3945,#3946);
#3945 = CARTESIAN_POINT('',(113.325,-80.625,209.07809963891));
#3946 = VECTOR('',#3947,1.);
#3947 = DIRECTION('',(0.,1.,0.));
#3948 = ORIENTED_EDGE('',*,*,#3949,.T.);
#3949 = EDGE_CURVE('',#3942,#3918,#3950,.T.);
#3950 = LINE('',#3951,#3952);
#3951 = CARTESIAN_POINT('',(113.325,-77.425,209.07809963891));
#3952 = VECTOR('',#3953,1.);
#3953 = DIRECTION('',(0.866025403784,0.,-0.5));
#3954 = ORIENTED_EDGE('',*,*,#3917,.T.);
#3955 = PLANE('',#3956);
#3956 = AXIS2_PLACEMENT_3D('',#3957,#3958,#3959);
#3957 = CARTESIAN_POINT('',(113.325,-80.625,209.07809963891));
#3958 = DIRECTION('',(-0.5,0.,-0.866025403784));
#3959 = DIRECTION('',(0.866025403784,0.,-0.5));
#3960 = ADVANCED_FACE('',(#3961),#3979,.F.);
#3961 = FACE_BOUND('',#3962,.F.);
#3962 = EDGE_LOOP('',(#3963,#3964,#3972,#3978));
#3963 = ORIENTED_EDGE('',*,*,#3456,.F.);
#3964 = ORIENTED_EDGE('',*,*,#3965,.T.);
#3965 = EDGE_CURVE('',#3457,#3966,#3968,.T.);
#3966 = VERTEX_POINT('',#3967);
#3967 = CARTESIAN_POINT('',(113.325,-77.425,186.3593665463));
#3968 = LINE('',#3969,#3970);
#3969 = CARTESIAN_POINT('',(113.325,-80.625,186.3593665463));
#3970 = VECTOR('',#3971,1.);
#3971 = DIRECTION('',(0.,1.,0.));
#3972 = ORIENTED_EDGE('',*,*,#3973,.T.);
#3973 = EDGE_CURVE('',#3966,#3942,#3974,.T.);
#3974 = LINE('',#3975,#3976);
#3975 = CARTESIAN_POINT('',(113.325,-77.425,140.92190036108));
#3976 = VECTOR('',#3977,1.);
#3977 = DIRECTION('',(-2.6E-16,0.,1.));
#3978 = ORIENTED_EDGE('',*,*,#3941,.F.);
#3979 = PLANE('',#3980);
#3980 = AXIS2_PLACEMENT_3D('',#3981,#3982,#3983);
#3981 = CARTESIAN_POINT('',(113.325,-80.625,140.92190036108));
#3982 = DIRECTION('',(1.,0.,2.6E-16));
#3983 = DIRECTION('',(-2.6E-16,0.,1.));
#3984 = ADVANCED_FACE('',(#3985),#4003,.F.);
#3985 = FACE_BOUND('',#3986,.F.);
#3986 = EDGE_LOOP('',(#3987,#3988,#3996,#4002));
#3987 = ORIENTED_EDGE('',*,*,#3464,.F.);
#3988 = ORIENTED_EDGE('',*,*,#3989,.T.);
#3989 = EDGE_CURVE('',#3465,#3990,#3992,.T.);
#3990 = VERTEX_POINT('',#3991);
#3991 = CARTESIAN_POINT('',(93.65,-77.425,175.));
#3992 = LINE('',#3993,#3994);
#3993 = CARTESIAN_POINT('',(93.65,-80.625,175.));
#3994 = VECTOR('',#3995,1.);
#3995 = DIRECTION('',(0.,1.,0.));
#3996 = ORIENTED_EDGE('',*,*,#3997,.T.);
#3997 = EDGE_CURVE('',#3990,#3966,#3998,.T.);
#3998 = LINE('',#3999,#4000);
#3999 = CARTESIAN_POINT('',(93.65,-77.425,175.));
#4000 = VECTOR('',#4001,1.);
#4001 = DIRECTION('',(0.866025403784,0.,0.5));
#4002 = ORIENTED_EDGE('',*,*,#3965,.F.);
#4003 = PLANE('',#4004);
#4004 = AXIS2_PLACEMENT_3D('',#4005,#4006,#4007);
#4005 = CARTESIAN_POINT('',(93.65,-80.625,175.));
#4006 = DIRECTION('',(0.5,0.,-0.866025403784));
#4007 = DIRECTION('',(0.866025403784,0.,0.5));
#4008 = ADVANCED_FACE('',(#4009),#4027,.F.);
#4009 = FACE_BOUND('',#4010,.F.);
#4010 = EDGE_LOOP('',(#4011,#4012,#4020,#4026));
#4011 = ORIENTED_EDGE('',*,*,#3472,.F.);
#4012 = ORIENTED_EDGE('',*,*,#4013,.F.);
#4013 = EDGE_CURVE('',#4014,#3473,#4016,.T.);
#4014 = VERTEX_POINT('',#4015);
#4015 = CARTESIAN_POINT('',(113.325,-77.425,163.64063345369));
#4016 = LINE('',#4017,#4018);
#4017 = CARTESIAN_POINT('',(113.325,-80.625,163.64063345369));
#4018 = VECTOR('',#4019,1.);
#4019 = DIRECTION('',(0.,-1.,0.));
#4020 = ORIENTED_EDGE('',*,*,#4021,.T.);
#4021 = EDGE_CURVE('',#4014,#3990,#4022,.T.);
#4022 = LINE('',#4023,#4024);
#4023 = CARTESIAN_POINT('',(152.675,-77.425,140.92190036108));
#4024 = VECTOR('',#4025,1.);
#4025 = DIRECTION('',(-0.866025403784,0.,0.5));
#4026 = ORIENTED_EDGE('',*,*,#3989,.F.);
#4027 = PLANE('',#4028);
#4028 = AXIS2_PLACEMENT_3D('',#4029,#4030,#4031);
#4029 = CARTESIAN_POINT('',(152.675,-80.625,140.92190036108));
#4030 = DIRECTION('',(0.5,0.,0.866025403784));
#4031 = DIRECTION('',(-0.866025403784,0.,0.5));
#4032 = ADVANCED_FACE('',(#4033),#4051,.F.);
#4033 = FACE_BOUND('',#4034,.F.);
#4034 = EDGE_LOOP('',(#4035,#4036,#4044,#4050));
#4035 = ORIENTED_EDGE('',*,*,#3480,.F.);
#4036 = ORIENTED_EDGE('',*,*,#4037,.T.);
#4037 = EDGE_CURVE('',#3481,#4038,#4040,.T.);
#4038 = VERTEX_POINT('',#4039);
#4039 = CARTESIAN_POINT('',(113.325,-77.425,140.92190036108));
#4040 = LINE('',#4041,#4042);
#4041 = CARTESIAN_POINT('',(113.325,-80.625,140.92190036108));
#4042 = VECTOR('',#4043,1.);
#4043 = DIRECTION('',(0.,1.,0.));
#4044 = ORIENTED_EDGE('',*,*,#4045,.T.);
#4045 = EDGE_CURVE('',#4038,#4014,#4046,.T.);
#4046 = LINE('',#4047,#4048);
#4047 = CARTESIAN_POINT('',(113.325,-77.425,140.92190036108));
#4048 = VECTOR('',#4049,1.);
#4049 = DIRECTION('',(-2.6E-16,0.,1.));
#4050 = ORIENTED_EDGE('',*,*,#4013,.T.);
#4051 = PLANE('',#4052);
#4052 = AXIS2_PLACEMENT_3D('',#4053,#4054,#4055);
#4053 = CARTESIAN_POINT('',(113.325,-80.625,140.92190036108));
#4054 = DIRECTION('',(1.,0.,2.6E-16));
#4055 = DIRECTION('',(-2.6E-16,0.,1.));
#4056 = ADVANCED_FACE('',(#4057),#4075,.F.);
#4057 = FACE_BOUND('',#4058,.F.);
#4058 = EDGE_LOOP('',(#4059,#4060,#4068,#4074));
#4059 = ORIENTED_EDGE('',*,*,#3488,.F.);
#4060 = ORIENTED_EDGE('',*,*,#4061,.T.);
#4061 = EDGE_CURVE('',#3489,#4062,#4064,.T.);
#4062 = VERTEX_POINT('',#4063);
#4063 = CARTESIAN_POINT('',(133.,-77.425,152.28126690738));
#4064 = LINE('',#4065,#4066);
#4065 = CARTESIAN_POINT('',(133.,-80.625,152.28126690738));
#4066 = VECTOR('',#4067,1.);
#4067 = DIRECTION('',(1.9E-16,1.,-1.1E-16));
#4068 = ORIENTED_EDGE('',*,*,#4069,.T.);
#4069 = EDGE_CURVE('',#4062,#4038,#4070,.T.);
#4070 = LINE('',#4071,#4072);
#4071 = CARTESIAN_POINT('',(172.35,-77.425,175.));
#4072 = VECTOR('',#4073,1.);
#4073 = DIRECTION('',(-0.866025403784,0.,-0.5));
#4074 = ORIENTED_EDGE('',*,*,#4037,.F.);
#4075 = PLANE('',#4076);
#4076 = AXIS2_PLACEMENT_3D('',#4077,#4078,#4079);
#4077 = CARTESIAN_POINT('',(172.35,-80.625,175.));
#4078 = DIRECTION('',(-0.5,0.,0.866025403784));
#4079 = DIRECTION('',(-0.866025403784,0.,-0.5));
#4080 = ADVANCED_FACE('',(#4081),#4092,.F.);
#4081 = FACE_BOUND('',#4082,.F.);
#4082 = EDGE_LOOP('',(#4083,#4084,#4085,#4091));
#4083 = ORIENTED_EDGE('',*,*,#3496,.F.);
#4084 = ORIENTED_EDGE('',*,*,#3830,.T.);
#4085 = ORIENTED_EDGE('',*,*,#4086,.T.);
#4086 = EDGE_CURVE('',#3823,#4062,#4087,.T.);
#4087 = LINE('',#4088,#4089);
#4088 = CARTESIAN_POINT('',(152.675,-77.425,140.92190036108));
#4089 = VECTOR('',#4090,1.);
#4090 = DIRECTION('',(-0.866025403784,0.,0.5));
#4091 = ORIENTED_EDGE('',*,*,#4061,.F.);
#4092 = PLANE('',#4093);
#4093 = AXIS2_PLACEMENT_3D('',#4094,#4095,#4096);
#4094 = CARTESIAN_POINT('',(152.675,-80.625,140.92190036108));
#4095 = DIRECTION('',(0.5,0.,0.866025403784));
#4096 = DIRECTION('',(-0.866025403784,0.,0.5));
#4097 = ADVANCED_FACE('',(#4098,#4112),#4231,.T.);
#4098 = FACE_BOUND('',#4099,.T.);
#4099 = EDGE_LOOP('',(#4100,#4101,#4102,#4103,#4104,#4105,#4106,#4107,
    #4108,#4109,#4110,#4111));
#4100 = ORIENTED_EDGE('',*,*,#3525,.F.);
#4101 = ORIENTED_EDGE('',*,*,#3796,.F.);
#4102 = ORIENTED_EDGE('',*,*,#3772,.F.);
#4103 = ORIENTED_EDGE('',*,*,#3748,.F.);
#4104 = ORIENTED_EDGE('',*,*,#3724,.F.);
#4105 = ORIENTED_EDGE('',*,*,#3700,.F.);
#4106 = ORIENTED_EDGE('',*,*,#3676,.F.);
#4107 = ORIENTED_EDGE('',*,*,#3652,.F.);
#4108 = ORIENTED_EDGE('',*,*,#3628,.F.);
#4109 = ORIENTED_EDGE('',*,*,#3604,.F.);
#4110 = ORIENTED_EDGE('',*,*,#3580,.F.);
#4111 = ORIENTED_EDGE('',*,*,#3556,.F.);
#4112 = FACE_BOUND('',#4113,.T.);
#4113 = EDGE_LOOP('',(#4114,#4125,#4134,#4143,#4152,#4161,#4170,#4179,
    #4188,#4197,#4206,#4215,#4224));
#4114 = ORIENTED_EDGE('',*,*,#4115,.F.);
#4115 = EDGE_CURVE('',#4116,#4118,#4120,.T.);
#4116 = VERTEX_POINT('',#4117);
#4117 = CARTESIAN_POINT('',(134.31278409564,26.875,153.03920315839));
#4118 = VERTEX_POINT('',#4119);
#4119 = CARTESIAN_POINT('',(151.36221590435,26.875,162.88269720268));
#4120 = CIRCLE('',#4121,22.);
#4121 = AXIS2_PLACEMENT_3D('',#4122,#4123,#4124);
#4122 = CARTESIAN_POINT('',(133.,26.875,175.));
#4123 = DIRECTION('',(0.,-1.,2.2E-16));
#4124 = DIRECTION('',(1.,0.,0.));
#4125 = ORIENTED_EDGE('',*,*,#4126,.F.);
#4126 = EDGE_CURVE('',#4127,#4116,#4129,.T.);
#4127 = VERTEX_POINT('',#4128);
#4128 = CARTESIAN_POINT('',(131.68721590435,26.875,153.03920315839));
#4129 = CIRCLE('',#4130,22.);
#4130 = AXIS2_PLACEMENT_3D('',#4131,#4132,#4133);
#4131 = CARTESIAN_POINT('',(133.,26.875,175.));
#4132 = DIRECTION('',(0.,-1.,2.2E-16));
#4133 = DIRECTION('',(1.,0.,0.));
#4134 = ORIENTED_EDGE('',*,*,#4135,.F.);
#4135 = EDGE_CURVE('',#4136,#4127,#4138,.T.);
#4136 = VERTEX_POINT('',#4137);
#4137 = CARTESIAN_POINT('',(114.63778409564,26.875,162.88269720268));
#4138 = CIRCLE('',#4139,22.);
#4139 = AXIS2_PLACEMENT_3D('',#4140,#4141,#4142);
#4140 = CARTESIAN_POINT('',(133.,26.875,175.));
#4141 = DIRECTION('',(0.,-1.,2.2E-16));
#4142 = DIRECTION('',(1.,0.,0.));
#4143 = ORIENTED_EDGE('',*,*,#4144,.F.);
#4144 = EDGE_CURVE('',#4145,#4136,#4147,.T.);
#4145 = VERTEX_POINT('',#4146);
#4146 = CARTESIAN_POINT('',(113.325,26.875,165.1565059557));
#4147 = CIRCLE('',#4148,22.);
#4148 = AXIS2_PLACEMENT_3D('',#4149,#4150,#4151);
#4149 = CARTESIAN_POINT('',(133.,26.875,175.));
#4150 = DIRECTION('',(0.,-1.,2.2E-16));
#4151 = DIRECTION('',(1.,0.,0.));
#4152 = ORIENTED_EDGE('',*,*,#4153,.F.);
#4153 = EDGE_CURVE('',#4154,#4145,#4156,.T.);
#4154 = VERTEX_POINT('',#4155);
#4155 = CARTESIAN_POINT('',(113.325,26.875,184.84349404429));
#4156 = CIRCLE('',#4157,22.);
#4157 = AXIS2_PLACEMENT_3D('',#4158,#4159,#4160);
#4158 = CARTESIAN_POINT('',(133.,26.875,175.));
#4159 = DIRECTION('',(0.,-1.,2.2E-16));
#4160 = DIRECTION('',(1.,0.,0.));
#4161 = ORIENTED_EDGE('',*,*,#4162,.F.);
#4162 = EDGE_CURVE('',#4163,#4154,#4165,.T.);
#4163 = VERTEX_POINT('',#4164);
#4164 = CARTESIAN_POINT('',(114.63778409564,26.875,187.11730279731));
#4165 = CIRCLE('',#4166,22.);
#4166 = AXIS2_PLACEMENT_3D('',#4167,#4168,#4169);
#4167 = CARTESIAN_POINT('',(133.,26.875,175.));
#4168 = DIRECTION('',(0.,-1.,2.2E-16));
#4169 = DIRECTION('',(1.,0.,0.));
#4170 = ORIENTED_EDGE('',*,*,#4171,.F.);
#4171 = EDGE_CURVE('',#4172,#4163,#4174,.T.);
#4172 = VERTEX_POINT('',#4173);
#4173 = CARTESIAN_POINT('',(131.68721590435,26.875,196.9607968416));
#4174 = CIRCLE('',#4175,22.);
#4175 = AXIS2_PLACEMENT_3D('',#4176,#4177,#4178);
#4176 = CARTESIAN_POINT('',(133.,26.875,175.));
#4177 = DIRECTION('',(0.,-1.,2.2E-16));
#4178 = DIRECTION('',(1.,0.,0.));
#4179 = ORIENTED_EDGE('',*,*,#4180,.F.);
#4180 = EDGE_CURVE('',#4181,#4172,#4183,.T.);
#4181 = VERTEX_POINT('',#4182);
#4182 = CARTESIAN_POINT('',(134.31278409564,26.875,196.9607968416));
#4183 = CIRCLE('',#4184,22.);
#4184 = AXIS2_PLACEMENT_3D('',#4185,#4186,#4187);
#4185 = CARTESIAN_POINT('',(133.,26.875,175.));
#4186 = DIRECTION('',(0.,-1.,2.2E-16));
#4187 = DIRECTION('',(1.,0.,0.));
#4188 = ORIENTED_EDGE('',*,*,#4189,.F.);
#4189 = EDGE_CURVE('',#4190,#4181,#4192,.T.);
#4190 = VERTEX_POINT('',#4191);
#4191 = CARTESIAN_POINT('',(151.36221590435,26.875,187.11730279731));
#4192 = CIRCLE('',#4193,22.);
#4193 = AXIS2_PLACEMENT_3D('',#4194,#4195,#4196);
#4194 = CARTESIAN_POINT('',(133.,26.875,175.));
#4195 = DIRECTION('',(0.,-1.,2.2E-16));
#4196 = DIRECTION('',(1.,0.,0.));
#4197 = ORIENTED_EDGE('',*,*,#4198,.F.);
#4198 = EDGE_CURVE('',#4199,#4190,#4201,.T.);
#4199 = VERTEX_POINT('',#4200);
#4200 = CARTESIAN_POINT('',(152.675,26.875,184.84349404429));
#4201 = CIRCLE('',#4202,22.);
#4202 = AXIS2_PLACEMENT_3D('',#4203,#4204,#4205);
#4203 = CARTESIAN_POINT('',(133.,26.875,175.));
#4204 = DIRECTION('',(0.,-1.,2.2E-16));
#4205 = DIRECTION('',(1.,0.,0.));
#4206 = ORIENTED_EDGE('',*,*,#4207,.F.);
#4207 = EDGE_CURVE('',#4208,#4199,#4210,.T.);
#4208 = VERTEX_POINT('',#4209);
#4209 = CARTESIAN_POINT('',(155.,26.875,175.));
#4210 = CIRCLE('',#4211,22.);
#4211 = AXIS2_PLACEMENT_3D('',#4212,#4213,#4214);
#4212 = CARTESIAN_POINT('',(133.,26.875,175.));
#4213 = DIRECTION('',(0.,-1.,2.2E-16));
#4214 = DIRECTION('',(1.,0.,0.));
#4215 = ORIENTED_EDGE('',*,*,#4216,.F.);
#4216 = EDGE_CURVE('',#4217,#4208,#4219,.T.);
#4217 = VERTEX_POINT('',#4218);
#4218 = CARTESIAN_POINT('',(152.675,26.875,165.1565059557));
#4219 = CIRCLE('',#4220,22.);
#4220 = AXIS2_PLACEMENT_3D('',#4221,#4222,#4223);
#4221 = CARTESIAN_POINT('',(133.,26.875,175.));
#4222 = DIRECTION('',(0.,-1.,2.2E-16));
#4223 = DIRECTION('',(1.,0.,0.));
#4224 = ORIENTED_EDGE('',*,*,#4225,.F.);
#4225 = EDGE_CURVE('',#4118,#4217,#4226,.T.);
#4226 = CIRCLE('',#4227,22.);
#4227 = AXIS2_PLACEMENT_3D('',#4228,#4229,#4230);
#4228 = CARTESIAN_POINT('',(133.,26.875,175.));
#4229 = DIRECTION('',(0.,-1.,2.2E-16));
#4230 = DIRECTION('',(1.,0.,0.));
#4231 = PLANE('',#4232);
#4232 = AXIS2_PLACEMENT_3D('',#4233,#4234,#4235);
#4233 = CARTESIAN_POINT('',(133.,26.875,175.));
#4234 = DIRECTION('',(-0.,-1.,-0.));
#4235 = DIRECTION('',(0.,0.,-1.));
#4236 = ADVANCED_FACE('',(#4237,#4251),#4370,.T.);
#4237 = FACE_BOUND('',#4238,.T.);
#4238 = EDGE_LOOP('',(#4239,#4240,#4241,#4242,#4243,#4244,#4245,#4246,
    #4247,#4248,#4249,#4250));
#4239 = ORIENTED_EDGE('',*,*,#3822,.T.);
#4240 = ORIENTED_EDGE('',*,*,#4086,.T.);
#4241 = ORIENTED_EDGE('',*,*,#4069,.T.);
#4242 = ORIENTED_EDGE('',*,*,#4045,.T.);
#4243 = ORIENTED_EDGE('',*,*,#4021,.T.);
#4244 = ORIENTED_EDGE('',*,*,#3997,.T.);
#4245 = ORIENTED_EDGE('',*,*,#3973,.T.);
#4246 = ORIENTED_EDGE('',*,*,#3949,.T.);
#4247 = ORIENTED_EDGE('',*,*,#3925,.T.);
#4248 = ORIENTED_EDGE('',*,*,#3901,.T.);
#4249 = ORIENTED_EDGE('',*,*,#3877,.T.);
#4250 = ORIENTED_EDGE('',*,*,#3853,.T.);
#4251 = FACE_BOUND('',#4252,.T.);
#4252 = EDGE_LOOP('',(#4253,#4264,#4273,#4282,#4291,#4300,#4309,#4318,
    #4327,#4336,#4345,#4354,#4363));
#4253 = ORIENTED_EDGE('',*,*,#4254,.T.);
#4254 = EDGE_CURVE('',#4255,#4257,#4259,.T.);
#4255 = VERTEX_POINT('',#4256);
#4256 = CARTESIAN_POINT('',(134.31278409564,-77.425,153.03920315839));
#4257 = VERTEX_POINT('',#4258);
#4258 = CARTESIAN_POINT('',(151.36221590435,-77.425,162.88269720268));
#4259 = CIRCLE('',#4260,22.);
#4260 = AXIS2_PLACEMENT_3D('',#4261,#4262,#4263);
#4261 = CARTESIAN_POINT('',(133.,-77.425,175.));
#4262 = DIRECTION('',(0.,-1.,2.2E-16));
#4263 = DIRECTION('',(1.,0.,0.));
#4264 = ORIENTED_EDGE('',*,*,#4265,.T.);
#4265 = EDGE_CURVE('',#4257,#4266,#4268,.T.);
#4266 = VERTEX_POINT('',#4267);
#4267 = CARTESIAN_POINT('',(152.675,-77.425,165.1565059557));
#4268 = CIRCLE('',#4269,22.);
#4269 = AXIS2_PLACEMENT_3D('',#4270,#4271,#4272);
#4270 = CARTESIAN_POINT('',(133.,-77.425,175.));
#4271 = DIRECTION('',(0.,-1.,2.2E-16));
#4272 = DIRECTION('',(1.,0.,0.));
#4273 = ORIENTED_EDGE('',*,*,#4274,.T.);
#4274 = EDGE_CURVE('',#4266,#4275,#4277,.T.);
#4275 = VERTEX_POINT('',#4276);
#4276 = CARTESIAN_POINT('',(155.,-77.425,175.));
#4277 = CIRCLE('',#4278,22.);
#4278 = AXIS2_PLACEMENT_3D('',#4279,#4280,#4281);
#4279 = CARTESIAN_POINT('',(133.,-77.425,175.));
#4280 = DIRECTION('',(0.,-1.,2.2E-16));
#4281 = DIRECTION('',(1.,0.,0.));
#4282 = ORIENTED_EDGE('',*,*,#4283,.T.);
#4283 = EDGE_CURVE('',#4275,#4284,#4286,.T.);
#4284 = VERTEX_POINT('',#4285);
#4285 = CARTESIAN_POINT('',(152.675,-77.425,184.84349404429));
#4286 = CIRCLE('',#4287,22.);
#4287 = AXIS2_PLACEMENT_3D('',#4288,#4289,#4290);
#4288 = CARTESIAN_POINT('',(133.,-77.425,175.));
#4289 = DIRECTION('',(0.,-1.,2.2E-16));
#4290 = DIRECTION('',(1.,0.,0.));
#4291 = ORIENTED_EDGE('',*,*,#4292,.T.);
#4292 = EDGE_CURVE('',#4284,#4293,#4295,.T.);
#4293 = VERTEX_POINT('',#4294);
#4294 = CARTESIAN_POINT('',(151.36221590435,-77.425,187.11730279731));
#4295 = CIRCLE('',#4296,22.);
#4296 = AXIS2_PLACEMENT_3D('',#4297,#4298,#4299);
#4297 = CARTESIAN_POINT('',(133.,-77.425,175.));
#4298 = DIRECTION('',(0.,-1.,2.2E-16));
#4299 = DIRECTION('',(1.,0.,0.));
#4300 = ORIENTED_EDGE('',*,*,#4301,.T.);
#4301 = EDGE_CURVE('',#4293,#4302,#4304,.T.);
#4302 = VERTEX_POINT('',#4303);
#4303 = CARTESIAN_POINT('',(134.31278409564,-77.425,196.9607968416));
#4304 = CIRCLE('',#4305,22.);
#4305 = AXIS2_PLACEMENT_3D('',#4306,#4307,#4308);
#4306 = CARTESIAN_POINT('',(133.,-77.425,175.));
#4307 = DIRECTION('',(0.,-1.,2.2E-16));
#4308 = DIRECTION('',(1.,0.,0.));
#4309 = ORIENTED_EDGE('',*,*,#4310,.T.);
#4310 = EDGE_CURVE('',#4302,#4311,#4313,.T.);
#4311 = VERTEX_POINT('',#4312);
#4312 = CARTESIAN_POINT('',(131.68721590435,-77.425,196.9607968416));
#4313 = CIRCLE('',#4314,22.);
#4314 = AXIS2_PLACEMENT_3D('',#4315,#4316,#4317);
#4315 = CARTESIAN_POINT('',(133.,-77.425,175.));
#4316 = DIRECTION('',(0.,-1.,2.2E-16));
#4317 = DIRECTION('',(1.,0.,0.));
#4318 = ORIENTED_EDGE('',*,*,#4319,.T.);
#4319 = EDGE_CURVE('',#4311,#4320,#4322,.T.);
#4320 = VERTEX_POINT('',#4321);
#4321 = CARTESIAN_POINT('',(114.63778409564,-77.425,187.11730279731));
#4322 = CIRCLE('',#4323,22.);
#4323 = AXIS2_PLACEMENT_3D('',#4324,#4325,#4326);
#4324 = CARTESIAN_POINT('',(133.,-77.425,175.));
#4325 = DIRECTION('',(0.,-1.,2.2E-16));
#4326 = DIRECTION('',(1.,0.,0.));
#4327 = ORIENTED_EDGE('',*,*,#4328,.T.);
#4328 = EDGE_CURVE('',#4320,#4329,#4331,.T.);
#4329 = VERTEX_POINT('',#4330);
#4330 = CARTESIAN_POINT('',(113.325,-77.425,184.84349404429));
#4331 = CIRCLE('',#4332,22.);
#4332 = AXIS2_PLACEMENT_3D('',#4333,#4334,#4335);
#4333 = CARTESIAN_POINT('',(133.,-77.425,175.));
#4334 = DIRECTION('',(0.,-1.,2.2E-16));
#4335 = DIRECTION('',(1.,0.,0.));
#4336 = ORIENTED_EDGE('',*,*,#4337,.T.);
#4337 = EDGE_CURVE('',#4329,#4338,#4340,.T.);
#4338 = VERTEX_POINT('',#4339);
#4339 = CARTESIAN_POINT('',(113.325,-77.425,165.1565059557));
#4340 = CIRCLE('',#4341,22.);
#4341 = AXIS2_PLACEMENT_3D('',#4342,#4343,#4344);
#4342 = CARTESIAN_POINT('',(133.,-77.425,175.));
#4343 = DIRECTION('',(0.,-1.,2.2E-16));
#4344 = DIRECTION('',(1.,0.,0.));
#4345 = ORIENTED_EDGE('',*,*,#4346,.T.);
#4346 = EDGE_CURVE('',#4338,#4347,#4349,.T.);
#4347 = VERTEX_POINT('',#4348);
#4348 = CARTESIAN_POINT('',(114.63778409564,-77.425,162.88269720268));
#4349 = CIRCLE('',#4350,22.);
#4350 = AXIS2_PLACEMENT_3D('',#4351,#4352,#4353);
#4351 = CARTESIAN_POINT('',(133.,-77.425,175.));
#4352 = DIRECTION('',(0.,-1.,2.2E-16));
#4353 = DIRECTION('',(1.,0.,0.));
#4354 = ORIENTED_EDGE('',*,*,#4355,.T.);
#4355 = EDGE_CURVE('',#4347,#4356,#4358,.T.);
#4356 = VERTEX_POINT('',#4357);
#4357 = CARTESIAN_POINT('',(131.68721590435,-77.425,153.03920315839));
#4358 = CIRCLE('',#4359,22.);
#4359 = AXIS2_PLACEMENT_3D('',#4360,#4361,#4362);
#4360 = CARTESIAN_POINT('',(133.,-77.425,175.));
#4361 = DIRECTION('',(0.,-1.,2.2E-16));
#4362 = DIRECTION('',(1.,0.,0.));
#4363 = ORIENTED_EDGE('',*,*,#4364,.T.);
#4364 = EDGE_CURVE('',#4356,#4255,#4365,.T.);
#4365 = CIRCLE('',#4366,22.);
#4366 = AXIS2_PLACEMENT_3D('',#4367,#4368,#4369);
#4367 = CARTESIAN_POINT('',(133.,-77.425,175.));
#4368 = DIRECTION('',(0.,-1.,2.2E-16));
#4369 = DIRECTION('',(1.,0.,0.));
#4370 = PLANE('',#4371);
#4371 = AXIS2_PLACEMENT_3D('',#4372,#4373,#4374);
#4372 = CARTESIAN_POINT('',(133.,-77.425,175.));
#4373 = DIRECTION('',(0.,1.,0.));
#4374 = DIRECTION('',(0.,0.,1.));
#4375 = ADVANCED_FACE('',(#4376),#4515,.T.);
#4376 = FACE_BOUND('',#4377,.F.);
#4377 = EDGE_LOOP('',(#4378,#4386,#4395,#4404,#4413,#4422,#4431,#4440,
    #4449,#4458,#4467,#4476,#4485,#4494,#4501,#4502,#4503,#4504,#4505,
    #4506,#4507,#4508,#4509,#4510,#4511,#4512,#4513,#4514));
#4378 = ORIENTED_EDGE('',*,*,#4379,.F.);
#4379 = EDGE_CURVE('',#4380,#4208,#4382,.T.);
#4380 = VERTEX_POINT('',#4381);
#4381 = CARTESIAN_POINT('',(155.,3.2,175.));
#4382 = LINE('',#4383,#4384);
#4383 = CARTESIAN_POINT('',(155.,-127.5,175.));
#4384 = VECTOR('',#4385,1.);
#4385 = DIRECTION('',(0.,1.,0.));
#4386 = ORIENTED_EDGE('',*,*,#4387,.T.);
#4387 = EDGE_CURVE('',#4380,#4388,#4390,.T.);
#4388 = VERTEX_POINT('',#4389);
#4389 = CARTESIAN_POINT('',(152.675,3.2,184.84349404429));
#4390 = CIRCLE('',#4391,22.);
#4391 = AXIS2_PLACEMENT_3D('',#4392,#4393,#4394);
#4392 = CARTESIAN_POINT('',(133.,3.2,175.));
#4393 = DIRECTION('',(0.,-1.,2.2E-16));
#4394 = DIRECTION('',(1.,0.,0.));
#4395 = ORIENTED_EDGE('',*,*,#4396,.T.);
#4396 = EDGE_CURVE('',#4388,#4397,#4399,.T.);
#4397 = VERTEX_POINT('',#4398);
#4398 = CARTESIAN_POINT('',(151.36221590435,3.2,187.11730279731));
#4399 = CIRCLE('',#4400,22.);
#4400 = AXIS2_PLACEMENT_3D('',#4401,#4402,#4403);
#4401 = CARTESIAN_POINT('',(133.,3.2,175.));
#4402 = DIRECTION('',(0.,-1.,2.2E-16));
#4403 = DIRECTION('',(1.,0.,0.));
#4404 = ORIENTED_EDGE('',*,*,#4405,.T.);
#4405 = EDGE_CURVE('',#4397,#4406,#4408,.T.);
#4406 = VERTEX_POINT('',#4407);
#4407 = CARTESIAN_POINT('',(134.31278409564,3.2,196.9607968416));
#4408 = CIRCLE('',#4409,22.);
#4409 = AXIS2_PLACEMENT_3D('',#4410,#4411,#4412);
#4410 = CARTESIAN_POINT('',(133.,3.2,175.));
#4411 = DIRECTION('',(0.,-1.,2.2E-16));
#4412 = DIRECTION('',(1.,0.,0.));
#4413 = ORIENTED_EDGE('',*,*,#4414,.T.);
#4414 = EDGE_CURVE('',#4406,#4415,#4417,.T.);
#4415 = VERTEX_POINT('',#4416);
#4416 = CARTESIAN_POINT('',(131.68721590435,3.2,196.9607968416));
#4417 = CIRCLE('',#4418,22.);
#4418 = AXIS2_PLACEMENT_3D('',#4419,#4420,#4421);
#4419 = CARTESIAN_POINT('',(133.,3.2,175.));
#4420 = DIRECTION('',(0.,-1.,2.2E-16));
#4421 = DIRECTION('',(1.,0.,0.));
#4422 = ORIENTED_EDGE('',*,*,#4423,.T.);
#4423 = EDGE_CURVE('',#4415,#4424,#4426,.T.);
#4424 = VERTEX_POINT('',#4425);
#4425 = CARTESIAN_POINT('',(114.63778409564,3.2,187.11730279731));
#4426 = CIRCLE('',#4427,22.);
#4427 = AXIS2_PLACEMENT_3D('',#4428,#4429,#4430);
#4428 = CARTESIAN_POINT('',(133.,3.2,175.));
#4429 = DIRECTION('',(0.,-1.,2.2E-16));
#4430 = DIRECTION('',(1.,0.,0.));
#4431 = ORIENTED_EDGE('',*,*,#4432,.T.);
#4432 = EDGE_CURVE('',#4424,#4433,#4435,.T.);
#4433 = VERTEX_POINT('',#4434);
#4434 = CARTESIAN_POINT('',(113.325,3.2,184.84349404429));
#4435 = CIRCLE('',#4436,22.);
#4436 = AXIS2_PLACEMENT_3D('',#4437,#4438,#4439);
#4437 = CARTESIAN_POINT('',(133.,3.2,175.));
#4438 = DIRECTION('',(0.,-1.,2.2E-16));
#4439 = DIRECTION('',(1.,0.,0.));
#4440 = ORIENTED_EDGE('',*,*,#4441,.T.);
#4441 = EDGE_CURVE('',#4433,#4442,#4444,.T.);
#4442 = VERTEX_POINT('',#4443);
#4443 = CARTESIAN_POINT('',(113.325,3.2,165.1565059557));
#4444 = CIRCLE('',#4445,22.);
#4445 = AXIS2_PLACEMENT_3D('',#4446,#4447,#4448);
#4446 = CARTESIAN_POINT('',(133.,3.2,175.));
#4447 = DIRECTION('',(0.,-1.,2.2E-16));
#4448 = DIRECTION('',(1.,0.,0.));
#4449 = ORIENTED_EDGE('',*,*,#4450,.T.);
#4450 = EDGE_CURVE('',#4442,#4451,#4453,.T.);
#4451 = VERTEX_POINT('',#4452);
#4452 = CARTESIAN_POINT('',(114.63778409564,3.2,162.88269720268));
#4453 = CIRCLE('',#4454,22.);
#4454 = AXIS2_PLACEMENT_3D('',#4455,#4456,#4457);
#4455 = CARTESIAN_POINT('',(133.,3.2,175.));
#4456 = DIRECTION('',(0.,-1.,2.2E-16));
#4457 = DIRECTION('',(1.,0.,0.));
#4458 = ORIENTED_EDGE('',*,*,#4459,.T.);
#4459 = EDGE_CURVE('',#4451,#4460,#4462,.T.);
#4460 = VERTEX_POINT('',#4461);
#4461 = CARTESIAN_POINT('',(131.68721590435,3.2,153.03920315839));
#4462 = CIRCLE('',#4463,22.);
#4463 = AXIS2_PLACEMENT_3D('',#4464,#4465,#4466);
#4464 = CARTESIAN_POINT('',(133.,3.2,175.));
#4465 = DIRECTION('',(0.,-1.,2.2E-16));
#4466 = DIRECTION('',(1.,0.,0.));
#4467 = ORIENTED_EDGE('',*,*,#4468,.T.);
#4468 = EDGE_CURVE('',#4460,#4469,#4471,.T.);
#4469 = VERTEX_POINT('',#4470);
#4470 = CARTESIAN_POINT('',(134.31278409564,3.2,153.03920315839));
#4471 = CIRCLE('',#4472,22.);
#4472 = AXIS2_PLACEMENT_3D('',#4473,#4474,#4475);
#4473 = CARTESIAN_POINT('',(133.,3.2,175.));
#4474 = DIRECTION('',(0.,-1.,2.2E-16));
#4475 = DIRECTION('',(1.,0.,0.));
#4476 = ORIENTED_EDGE('',*,*,#4477,.T.);
#4477 = EDGE_CURVE('',#4469,#4478,#4480,.T.);
#4478 = VERTEX_POINT('',#4479);
#4479 = CARTESIAN_POINT('',(151.36221590435,3.2,162.88269720268));
#4480 = CIRCLE('',#4481,22.);
#4481 = AXIS2_PLACEMENT_3D('',#4482,#4483,#4484);
#4482 = CARTESIAN_POINT('',(133.,3.2,175.));
#4483 = DIRECTION('',(0.,-1.,2.2E-16));
#4484 = DIRECTION('',(1.,0.,0.));
#4485 = ORIENTED_EDGE('',*,*,#4486,.T.);
#4486 = EDGE_CURVE('',#4478,#4487,#4489,.T.);
#4487 = VERTEX_POINT('',#4488);
#4488 = CARTESIAN_POINT('',(152.675,3.2,165.1565059557));
#4489 = CIRCLE('',#4490,22.);
#4490 = AXIS2_PLACEMENT_3D('',#4491,#4492,#4493);
#4491 = CARTESIAN_POINT('',(133.,3.2,175.));
#4492 = DIRECTION('',(0.,-1.,2.2E-16));
#4493 = DIRECTION('',(1.,0.,0.));
#4494 = ORIENTED_EDGE('',*,*,#4495,.T.);
#4495 = EDGE_CURVE('',#4487,#4380,#4496,.T.);
#4496 = CIRCLE('',#4497,22.);
#4497 = AXIS2_PLACEMENT_3D('',#4498,#4499,#4500);
#4498 = CARTESIAN_POINT('',(133.,3.2,175.));
#4499 = DIRECTION('',(0.,-1.,2.2E-16));
#4500 = DIRECTION('',(1.,0.,0.));
#4501 = ORIENTED_EDGE('',*,*,#4379,.T.);
#4502 = ORIENTED_EDGE('',*,*,#4216,.F.);
#4503 = ORIENTED_EDGE('',*,*,#4225,.F.);
#4504 = ORIENTED_EDGE('',*,*,#4115,.F.);
#4505 = ORIENTED_EDGE('',*,*,#4126,.F.);
#4506 = ORIENTED_EDGE('',*,*,#4135,.F.);
#4507 = ORIENTED_EDGE('',*,*,#4144,.F.);
#4508 = ORIENTED_EDGE('',*,*,#4153,.F.);
#4509 = ORIENTED_EDGE('',*,*,#4162,.F.);
#4510 = ORIENTED_EDGE('',*,*,#4171,.F.);
#4511 = ORIENTED_EDGE('',*,*,#4180,.F.);
#4512 = ORIENTED_EDGE('',*,*,#4189,.F.);
#4513 = ORIENTED_EDGE('',*,*,#4198,.F.);
#4514 = ORIENTED_EDGE('',*,*,#4207,.F.);
#4515 = CYLINDRICAL_SURFACE('',#4516,22.);
#4516 = AXIS2_PLACEMENT_3D('',#4517,#4518,#4519);
#4517 = CARTESIAN_POINT('',(133.,-127.5,175.));
#4518 = DIRECTION('',(-0.,-1.,0.));
#4519 = DIRECTION('',(1.,0.,0.));
#4520 = ADVANCED_FACE('',(#4521),#4660,.T.);
#4521 = FACE_BOUND('',#4522,.F.);
#4522 = EDGE_LOOP('',(#4523,#4531,#4532,#4533,#4534,#4535,#4536,#4537,
    #4538,#4539,#4540,#4541,#4542,#4543,#4544,#4545,#4554,#4563,#4572,
    #4581,#4590,#4599,#4608,#4617,#4626,#4635,#4644,#4653));
#4523 = ORIENTED_EDGE('',*,*,#4524,.F.);
#4524 = EDGE_CURVE('',#4275,#4525,#4527,.T.);
#4525 = VERTEX_POINT('',#4526);
#4526 = CARTESIAN_POINT('',(155.,-53.75,175.));
#4527 = LINE('',#4528,#4529);
#4528 = CARTESIAN_POINT('',(155.,-127.5,175.));
#4529 = VECTOR('',#4530,1.);
#4530 = DIRECTION('',(0.,1.,0.));
#4531 = ORIENTED_EDGE('',*,*,#4283,.T.);
#4532 = ORIENTED_EDGE('',*,*,#4292,.T.);
#4533 = ORIENTED_EDGE('',*,*,#4301,.T.);
#4534 = ORIENTED_EDGE('',*,*,#4310,.T.);
#4535 = ORIENTED_EDGE('',*,*,#4319,.T.);
#4536 = ORIENTED_EDGE('',*,*,#4328,.T.);
#4537 = ORIENTED_EDGE('',*,*,#4337,.T.);
#4538 = ORIENTED_EDGE('',*,*,#4346,.T.);
#4539 = ORIENTED_EDGE('',*,*,#4355,.T.);
#4540 = ORIENTED_EDGE('',*,*,#4364,.T.);
#4541 = ORIENTED_EDGE('',*,*,#4254,.T.);
#4542 = ORIENTED_EDGE('',*,*,#4265,.T.);
#4543 = ORIENTED_EDGE('',*,*,#4274,.T.);
#4544 = ORIENTED_EDGE('',*,*,#4524,.T.);
#4545 = ORIENTED_EDGE('',*,*,#4546,.F.);
#4546 = EDGE_CURVE('',#4547,#4525,#4549,.T.);
#4547 = VERTEX_POINT('',#4548);
#4548 = CARTESIAN_POINT('',(152.675,-53.75,165.1565059557));
#4549 = CIRCLE('',#4550,22.);
#4550 = AXIS2_PLACEMENT_3D('',#4551,#4552,#4553);
#4551 = CARTESIAN_POINT('',(133.,-53.75,175.));
#4552 = DIRECTION('',(0.,-1.,2.2E-16));
#4553 = DIRECTION('',(1.,0.,0.));
#4554 = ORIENTED_EDGE('',*,*,#4555,.F.);
#4555 = EDGE_CURVE('',#4556,#4547,#4558,.T.);
#4556 = VERTEX_POINT('',#4557);
#4557 = CARTESIAN_POINT('',(151.36221590435,-53.75,162.88269720268));
#4558 = CIRCLE('',#4559,22.);
#4559 = AXIS2_PLACEMENT_3D('',#4560,#4561,#4562);
#4560 = CARTESIAN_POINT('',(133.,-53.75,175.));
#4561 = DIRECTION('',(0.,-1.,2.2E-16));
#4562 = DIRECTION('',(1.,0.,0.));
#4563 = ORIENTED_EDGE('',*,*,#4564,.F.);
#4564 = EDGE_CURVE('',#4565,#4556,#4567,.T.);
#4565 = VERTEX_POINT('',#4566);
#4566 = CARTESIAN_POINT('',(134.31278409564,-53.75,153.03920315839));
#4567 = CIRCLE('',#4568,22.);
#4568 = AXIS2_PLACEMENT_3D('',#4569,#4570,#4571);
#4569 = CARTESIAN_POINT('',(133.,-53.75,175.));
#4570 = DIRECTION('',(0.,-1.,2.2E-16));
#4571 = DIRECTION('',(1.,0.,0.));
#4572 = ORIENTED_EDGE('',*,*,#4573,.F.);
#4573 = EDGE_CURVE('',#4574,#4565,#4576,.T.);
#4574 = VERTEX_POINT('',#4575);
#4575 = CARTESIAN_POINT('',(131.68721590435,-53.75,153.03920315839));
#4576 = CIRCLE('',#4577,22.);
#4577 = AXIS2_PLACEMENT_3D('',#4578,#4579,#4580);
#4578 = CARTESIAN_POINT('',(133.,-53.75,175.));
#4579 = DIRECTION('',(0.,-1.,2.2E-16));
#4580 = DIRECTION('',(1.,0.,0.));
#4581 = ORIENTED_EDGE('',*,*,#4582,.F.);
#4582 = EDGE_CURVE('',#4583,#4574,#4585,.T.);
#4583 = VERTEX_POINT('',#4584);
#4584 = CARTESIAN_POINT('',(114.63778409564,-53.75,162.88269720268));
#4585 = CIRCLE('',#4586,22.);
#4586 = AXIS2_PLACEMENT_3D('',#4587,#4588,#4589);
#4587 = CARTESIAN_POINT('',(133.,-53.75,175.));
#4588 = DIRECTION('',(0.,-1.,2.2E-16));
#4589 = DIRECTION('',(1.,0.,0.));
#4590 = ORIENTED_EDGE('',*,*,#4591,.F.);
#4591 = EDGE_CURVE('',#4592,#4583,#4594,.T.);
#4592 = VERTEX_POINT('',#4593);
#4593 = CARTESIAN_POINT('',(113.325,-53.75,165.1565059557));
#4594 = CIRCLE('',#4595,22.);
#4595 = AXIS2_PLACEMENT_3D('',#4596,#4597,#4598);
#4596 = CARTESIAN_POINT('',(133.,-53.75,175.));
#4597 = DIRECTION('',(0.,-1.,2.2E-16));
#4598 = DIRECTION('',(1.,0.,0.));
#4599 = ORIENTED_EDGE('',*,*,#4600,.F.);
#4600 = EDGE_CURVE('',#4601,#4592,#4603,.T.);
#4601 = VERTEX_POINT('',#4602);
#4602 = CARTESIAN_POINT('',(113.325,-53.75,184.84349404429));
#4603 = CIRCLE('',#4604,22.);
#4604 = AXIS2_PLACEMENT_3D('',#4605,#4606,#4607);
#4605 = CARTESIAN_POINT('',(133.,-53.75,175.));
#4606 = DIRECTION('',(0.,-1.,2.2E-16));
#4607 = DIRECTION('',(1.,0.,0.));
#4608 = ORIENTED_EDGE('',*,*,#4609,.F.);
#4609 = EDGE_CURVE('',#4610,#4601,#4612,.T.);
#4610 = VERTEX_POINT('',#4611);
#4611 = CARTESIAN_POINT('',(114.63778409564,-53.75,187.11730279731));
#4612 = CIRCLE('',#4613,22.);
#4613 = AXIS2_PLACEMENT_3D('',#4614,#4615,#4616);
#4614 = CARTESIAN_POINT('',(133.,-53.75,175.));
#4615 = DIRECTION('',(0.,-1.,2.2E-16));
#4616 = DIRECTION('',(1.,0.,0.));
#4617 = ORIENTED_EDGE('',*,*,#4618,.F.);
#4618 = EDGE_CURVE('',#4619,#4610,#4621,.T.);
#4619 = VERTEX_POINT('',#4620);
#4620 = CARTESIAN_POINT('',(131.68721590435,-53.75,196.9607968416));
#4621 = CIRCLE('',#4622,22.);
#4622 = AXIS2_PLACEMENT_3D('',#4623,#4624,#4625);
#4623 = CARTESIAN_POINT('',(133.,-53.75,175.));
#4624 = DIRECTION('',(0.,-1.,2.2E-16));
#4625 = DIRECTION('',(1.,0.,0.));
#4626 = ORIENTED_EDGE('',*,*,#4627,.F.);
#4627 = EDGE_CURVE('',#4628,#4619,#4630,.T.);
#4628 = VERTEX_POINT('',#4629);
#4629 = CARTESIAN_POINT('',(134.31278409564,-53.75,196.9607968416));
#4630 = CIRCLE('',#4631,22.);
#4631 = AXIS2_PLACEMENT_3D('',#4632,#4633,#4634);
#4632 = CARTESIAN_POINT('',(133.,-53.75,175.));
#4633 = DIRECTION('',(0.,-1.,2.2E-16));
#4634 = DIRECTION('',(1.,0.,0.));
#4635 = ORIENTED_EDGE('',*,*,#4636,.F.);
#4636 = EDGE_CURVE('',#4637,#4628,#4639,.T.);
#4637 = VERTEX_POINT('',#4638);
#4638 = CARTESIAN_POINT('',(151.36221590435,-53.75,187.11730279731));
#4639 = CIRCLE('',#4640,22.);
#4640 = AXIS2_PLACEMENT_3D('',#4641,#4642,#4643);
#4641 = CARTESIAN_POINT('',(133.,-53.75,175.));
#4642 = DIRECTION('',(0.,-1.,2.2E-16));
#4643 = DIRECTION('',(1.,0.,0.));
#4644 = ORIENTED_EDGE('',*,*,#4645,.F.);
#4645 = EDGE_CURVE('',#4646,#4637,#4648,.T.);
#4646 = VERTEX_POINT('',#4647);
#4647 = CARTESIAN_POINT('',(152.675,-53.75,184.84349404429));
#4648 = CIRCLE('',#4649,22.);
#4649 = AXIS2_PLACEMENT_3D('',#4650,#4651,#4652);
#4650 = CARTESIAN_POINT('',(133.,-53.75,175.));
#4651 = DIRECTION('',(0.,-1.,2.2E-16));
#4652 = DIRECTION('',(1.,0.,0.));
#4653 = ORIENTED_EDGE('',*,*,#4654,.F.);
#4654 = EDGE_CURVE('',#4525,#4646,#4655,.T.);
#4655 = CIRCLE('',#4656,22.);
#4656 = AXIS2_PLACEMENT_3D('',#4657,#4658,#4659);
#4657 = CARTESIAN_POINT('',(133.,-53.75,175.));
#4658 = DIRECTION('',(0.,-1.,2.2E-16));
#4659 = DIRECTION('',(1.,0.,0.));
#4660 = CYLINDRICAL_SURFACE('',#4661,22.);
#4661 = AXIS2_PLACEMENT_3D('',#4662,#4663,#4664);
#4662 = CARTESIAN_POINT('',(133.,-127.5,175.));
#4663 = DIRECTION('',(-0.,-1.,0.));
#4664 = DIRECTION('',(1.,0.,0.));
#4665 = ADVANCED_FACE('',(#4666,#4764),#4779,.T.);
#4666 = FACE_BOUND('',#4667,.T.);
#4667 = EDGE_LOOP('',(#4668,#4678,#4686,#4694,#4702,#4710,#4718,#4726,
    #4734,#4742,#4750,#4758));
#4668 = ORIENTED_EDGE('',*,*,#4669,.T.);
#4669 = EDGE_CURVE('',#4670,#4672,#4674,.T.);
#4670 = VERTEX_POINT('',#4671);
#4671 = CARTESIAN_POINT('',(152.675,3.2,163.64063345369));
#4672 = VERTEX_POINT('',#4673);
#4673 = CARTESIAN_POINT('',(152.675,3.2,140.92190036108));
#4674 = LINE('',#4675,#4676);
#4675 = CARTESIAN_POINT('',(152.675,3.2,209.07809963891));
#4676 = VECTOR('',#4677,1.);
#4677 = DIRECTION('',(6.106226635438E-16,0.,-1.));
#4678 = ORIENTED_EDGE('',*,*,#4679,.T.);
#4679 = EDGE_CURVE('',#4672,#4680,#4682,.T.);
#4680 = VERTEX_POINT('',#4681);
#4681 = CARTESIAN_POINT('',(133.,3.2,152.28126690738));
#4682 = LINE('',#4683,#4684);
#4683 = CARTESIAN_POINT('',(152.675,3.2,140.92190036108));
#4684 = VECTOR('',#4685,1.);
#4685 = DIRECTION('',(-0.866025403784,0.,0.5));
#4686 = ORIENTED_EDGE('',*,*,#4687,.T.);
#4687 = EDGE_CURVE('',#4680,#4688,#4690,.T.);
#4688 = VERTEX_POINT('',#4689);
#4689 = CARTESIAN_POINT('',(113.325,3.2,140.92190036108));
#4690 = LINE('',#4691,#4692);
#4691 = CARTESIAN_POINT('',(172.35,3.2,175.));
#4692 = VECTOR('',#4693,1.);
#4693 = DIRECTION('',(-0.866025403784,0.,-0.5));
#4694 = ORIENTED_EDGE('',*,*,#4695,.T.);
#4695 = EDGE_CURVE('',#4688,#4696,#4698,.T.);
#4696 = VERTEX_POINT('',#4697);
#4697 = CARTESIAN_POINT('',(113.325,3.2,163.64063345369));
#4698 = LINE('',#4699,#4700);
#4699 = CARTESIAN_POINT('',(113.325,3.2,140.92190036108));
#4700 = VECTOR('',#4701,1.);
#4701 = DIRECTION('',(-2.6E-16,0.,1.));
#4702 = ORIENTED_EDGE('',*,*,#4703,.T.);
#4703 = EDGE_CURVE('',#4696,#4704,#4706,.T.);
#4704 = VERTEX_POINT('',#4705);
#4705 = CARTESIAN_POINT('',(93.65,3.2,175.));
#4706 = LINE('',#4707,#4708);
#4707 = CARTESIAN_POINT('',(152.675,3.2,140.92190036108));
#4708 = VECTOR('',#4709,1.);
#4709 = DIRECTION('',(-0.866025403784,0.,0.5));
#4710 = ORIENTED_EDGE('',*,*,#4711,.T.);
#4711 = EDGE_CURVE('',#4704,#4712,#4714,.T.);
#4712 = VERTEX_POINT('',#4713);
#4713 = CARTESIAN_POINT('',(113.325,3.2,186.3593665463));
#4714 = LINE('',#4715,#4716);
#4715 = CARTESIAN_POINT('',(93.65,3.2,175.));
#4716 = VECTOR('',#4717,1.);
#4717 = DIRECTION('',(0.866025403784,0.,0.5));
#4718 = ORIENTED_EDGE('',*,*,#4719,.T.);
#4719 = EDGE_CURVE('',#4712,#4720,#4722,.T.);
#4720 = VERTEX_POINT('',#4721);
#4721 = CARTESIAN_POINT('',(113.325,3.2,209.07809963891));
#4722 = LINE('',#4723,#4724);
#4723 = CARTESIAN_POINT('',(113.325,3.2,140.92190036108));
#4724 = VECTOR('',#4725,1.);
#4725 = DIRECTION('',(-2.6E-16,0.,1.));
#4726 = ORIENTED_EDGE('',*,*,#4727,.T.);
#4727 = EDGE_CURVE('',#4720,#4728,#4730,.T.);
#4728 = VERTEX_POINT('',#4729);
#4729 = CARTESIAN_POINT('',(133.,3.2,197.71873309261));
#4730 = LINE('',#4731,#4732);
#4731 = CARTESIAN_POINT('',(113.325,3.2,209.07809963891));
#4732 = VECTOR('',#4733,1.);
#4733 = DIRECTION('',(0.866025403784,0.,-0.5));
#4734 = ORIENTED_EDGE('',*,*,#4735,.T.);
#4735 = EDGE_CURVE('',#4728,#4736,#4738,.T.);
#4736 = VERTEX_POINT('',#4737);
#4737 = CARTESIAN_POINT('',(152.675,3.2,209.07809963891));
#4738 = LINE('',#4739,#4740);
#4739 = CARTESIAN_POINT('',(93.65,3.2,175.));
#4740 = VECTOR('',#4741,1.);
#4741 = DIRECTION('',(0.866025403784,0.,0.5));
#4742 = ORIENTED_EDGE('',*,*,#4743,.T.);
#4743 = EDGE_CURVE('',#4736,#4744,#4746,.T.);
#4744 = VERTEX_POINT('',#4745);
#4745 = CARTESIAN_POINT('',(152.675,3.2,186.3593665463));
#4746 = LINE('',#4747,#4748);
#4747 = CARTESIAN_POINT('',(152.675,3.2,209.07809963891));
#4748 = VECTOR('',#4749,1.);
#4749 = DIRECTION('',(6.106226635438E-16,0.,-1.));
#4750 = ORIENTED_EDGE('',*,*,#4751,.T.);
#4751 = EDGE_CURVE('',#4744,#4752,#4754,.T.);
#4752 = VERTEX_POINT('',#4753);
#4753 = CARTESIAN_POINT('',(172.35,3.2,175.));
#4754 = LINE('',#4755,#4756);
#4755 = CARTESIAN_POINT('',(113.325,3.2,209.07809963891));
#4756 = VECTOR('',#4757,1.);
#4757 = DIRECTION('',(0.866025403784,0.,-0.5));
#4758 = ORIENTED_EDGE('',*,*,#4759,.T.);
#4759 = EDGE_CURVE('',#4752,#4670,#4760,.T.);
#4760 = LINE('',#4761,#4762);
#4761 = CARTESIAN_POINT('',(172.35,3.2,175.));
#4762 = VECTOR('',#4763,1.);
#4763 = DIRECTION('',(-0.866025403784,0.,-0.5));
#4764 = FACE_BOUND('',#4765,.T.);
#4765 = EDGE_LOOP('',(#4766,#4767,#4768,#4769,#4770,#4771,#4772,#4773,
    #4774,#4775,#4776,#4777,#4778));
#4766 = ORIENTED_EDGE('',*,*,#4477,.T.);
#4767 = ORIENTED_EDGE('',*,*,#4486,.T.);
#4768 = ORIENTED_EDGE('',*,*,#4495,.T.);
#4769 = ORIENTED_EDGE('',*,*,#4387,.T.);
#4770 = ORIENTED_EDGE('',*,*,#4396,.T.);
#4771 = ORIENTED_EDGE('',*,*,#4405,.T.);
#4772 = ORIENTED_EDGE('',*,*,#4414,.T.);
#4773 = ORIENTED_EDGE('',*,*,#4423,.T.);
#4774 = ORIENTED_EDGE('',*,*,#4432,.T.);
#4775 = ORIENTED_EDGE('',*,*,#4441,.T.);
#4776 = ORIENTED_EDGE('',*,*,#4450,.T.);
#4777 = ORIENTED_EDGE('',*,*,#4459,.T.);
#4778 = ORIENTED_EDGE('',*,*,#4468,.T.);
#4779 = PLANE('',#4780);
#4780 = AXIS2_PLACEMENT_3D('',#4781,#4782,#4783);
#4781 = CARTESIAN_POINT('',(133.,3.2,175.));
#4782 = DIRECTION('',(0.,1.,0.));
#4783 = DIRECTION('',(0.,0.,1.));
#4784 = ADVANCED_FACE('',(#4785,#4883),#4898,.T.);
#4785 = FACE_BOUND('',#4786,.T.);
#4786 = EDGE_LOOP('',(#4787,#4797,#4805,#4813,#4821,#4829,#4837,#4845,
    #4853,#4861,#4869,#4877));
#4787 = ORIENTED_EDGE('',*,*,#4788,.F.);
#4788 = EDGE_CURVE('',#4789,#4791,#4793,.T.);
#4789 = VERTEX_POINT('',#4790);
#4790 = CARTESIAN_POINT('',(152.675,-53.75,163.64063345369));
#4791 = VERTEX_POINT('',#4792);
#4792 = CARTESIAN_POINT('',(152.675,-53.75,140.92190036108));
#4793 = LINE('',#4794,#4795);
#4794 = CARTESIAN_POINT('',(152.675,-53.75,209.07809963891));
#4795 = VECTOR('',#4796,1.);
#4796 = DIRECTION('',(6.106226635438E-16,0.,-1.));
#4797 = ORIENTED_EDGE('',*,*,#4798,.F.);
#4798 = EDGE_CURVE('',#4799,#4789,#4801,.T.);
#4799 = VERTEX_POINT('',#4800);
#4800 = CARTESIAN_POINT('',(172.35,-53.75,175.));
#4801 = LINE('',#4802,#4803);
#4802 = CARTESIAN_POINT('',(172.35,-53.75,175.));
#4803 = VECTOR('',#4804,1.);
#4804 = DIRECTION('',(-0.866025403784,0.,-0.5));
#4805 = ORIENTED_EDGE('',*,*,#4806,.F.);
#4806 = EDGE_CURVE('',#4807,#4799,#4809,.T.);
#4807 = VERTEX_POINT('',#4808);
#4808 = CARTESIAN_POINT('',(152.675,-53.75,186.3593665463));
#4809 = LINE('',#4810,#4811);
#4810 = CARTESIAN_POINT('',(113.325,-53.75,209.07809963891));
#4811 = VECTOR('',#4812,1.);
#4812 = DIRECTION('',(0.866025403784,0.,-0.5));
#4813 = ORIENTED_EDGE('',*,*,#4814,.F.);
#4814 = EDGE_CURVE('',#4815,#4807,#4817,.T.);
#4815 = VERTEX_POINT('',#4816);
#4816 = CARTESIAN_POINT('',(152.675,-53.75,209.07809963891));
#4817 = LINE('',#4818,#4819);
#4818 = CARTESIAN_POINT('',(152.675,-53.75,209.07809963891));
#4819 = VECTOR('',#4820,1.);
#4820 = DIRECTION('',(6.106226635438E-16,0.,-1.));
#4821 = ORIENTED_EDGE('',*,*,#4822,.F.);
#4822 = EDGE_CURVE('',#4823,#4815,#4825,.T.);
#4823 = VERTEX_POINT('',#4824);
#4824 = CARTESIAN_POINT('',(133.,-53.75,197.71873309261));
#4825 = LINE('',#4826,#4827);
#4826 = CARTESIAN_POINT('',(93.65,-53.75,175.));
#4827 = VECTOR('',#4828,1.);
#4828 = DIRECTION('',(0.866025403784,0.,0.5));
#4829 = ORIENTED_EDGE('',*,*,#4830,.F.);
#4830 = EDGE_CURVE('',#4831,#4823,#4833,.T.);
#4831 = VERTEX_POINT('',#4832);
#4832 = CARTESIAN_POINT('',(113.325,-53.75,209.07809963891));
#4833 = LINE('',#4834,#4835);
#4834 = CARTESIAN_POINT('',(113.325,-53.75,209.07809963891));
#4835 = VECTOR('',#4836,1.);
#4836 = DIRECTION('',(0.866025403784,0.,-0.5));
#4837 = ORIENTED_EDGE('',*,*,#4838,.F.);
#4838 = EDGE_CURVE('',#4839,#4831,#4841,.T.);
#4839 = VERTEX_POINT('',#4840);
#4840 = CARTESIAN_POINT('',(113.325,-53.75,186.3593665463));
#4841 = LINE('',#4842,#4843);
#4842 = CARTESIAN_POINT('',(113.325,-53.75,140.92190036108));
#4843 = VECTOR('',#4844,1.);
#4844 = DIRECTION('',(-2.6E-16,0.,1.));
#4845 = ORIENTED_EDGE('',*,*,#4846,.F.);
#4846 = EDGE_CURVE('',#4847,#4839,#4849,.T.);
#4847 = VERTEX_POINT('',#4848);
#4848 = CARTESIAN_POINT('',(93.65,-53.75,175.));
#4849 = LINE('',#4850,#4851);
#4850 = CARTESIAN_POINT('',(93.65,-53.75,175.));
#4851 = VECTOR('',#4852,1.);
#4852 = DIRECTION('',(0.866025403784,0.,0.5));
#4853 = ORIENTED_EDGE('',*,*,#4854,.F.);
#4854 = EDGE_CURVE('',#4855,#4847,#4857,.T.);
#4855 = VERTEX_POINT('',#4856);
#4856 = CARTESIAN_POINT('',(113.325,-53.75,163.64063345369));
#4857 = LINE('',#4858,#4859);
#4858 = CARTESIAN_POINT('',(152.675,-53.75,140.92190036108));
#4859 = VECTOR('',#4860,1.);
#4860 = DIRECTION('',(-0.866025403784,0.,0.5));
#4861 = ORIENTED_EDGE('',*,*,#4862,.F.);
#4862 = EDGE_CURVE('',#4863,#4855,#4865,.T.);
#4863 = VERTEX_POINT('',#4864);
#4864 = CARTESIAN_POINT('',(113.325,-53.75,140.92190036108));
#4865 = LINE('',#4866,#4867);
#4866 = CARTESIAN_POINT('',(113.325,-53.75,140.92190036108));
#4867 = VECTOR('',#4868,1.);
#4868 = DIRECTION('',(-2.6E-16,0.,1.));
#4869 = ORIENTED_EDGE('',*,*,#4870,.F.);
#4870 = EDGE_CURVE('',#4871,#4863,#4873,.T.);
#4871 = VERTEX_POINT('',#4872);
#4872 = CARTESIAN_POINT('',(133.,-53.75,152.28126690738));
#4873 = LINE('',#4874,#4875);
#4874 = CARTESIAN_POINT('',(172.35,-53.75,175.));
#4875 = VECTOR('',#4876,1.);
#4876 = DIRECTION('',(-0.866025403784,0.,-0.5));
#4877 = ORIENTED_EDGE('',*,*,#4878,.F.);
#4878 = EDGE_CURVE('',#4791,#4871,#4879,.T.);
#4879 = LINE('',#4880,#4881);
#4880 = CARTESIAN_POINT('',(152.675,-53.75,140.92190036108));
#4881 = VECTOR('',#4882,1.);
#4882 = DIRECTION('',(-0.866025403784,0.,0.5));
#4883 = FACE_BOUND('',#4884,.T.);
#4884 = EDGE_LOOP('',(#4885,#4886,#4887,#4888,#4889,#4890,#4891,#4892,
    #4893,#4894,#4895,#4896,#4897));
#4885 = ORIENTED_EDGE('',*,*,#4564,.F.);
#4886 = ORIENTED_EDGE('',*,*,#4573,.F.);
#4887 = ORIENTED_EDGE('',*,*,#4582,.F.);
#4888 = ORIENTED_EDGE('',*,*,#4591,.F.);
#4889 = ORIENTED_EDGE('',*,*,#4600,.F.);
#4890 = ORIENTED_EDGE('',*,*,#4609,.F.);
#4891 = ORIENTED_EDGE('',*,*,#4618,.F.);
#4892 = ORIENTED_EDGE('',*,*,#4627,.F.);
#4893 = ORIENTED_EDGE('',*,*,#4636,.F.);
#4894 = ORIENTED_EDGE('',*,*,#4645,.F.);
#4895 = ORIENTED_EDGE('',*,*,#4654,.F.);
#4896 = ORIENTED_EDGE('',*,*,#4546,.F.);
#4897 = ORIENTED_EDGE('',*,*,#4555,.F.);
#4898 = PLANE('',#4899);
#4899 = AXIS2_PLACEMENT_3D('',#4900,#4901,#4902);
#4900 = CARTESIAN_POINT('',(133.,-53.75,175.));
#4901 = DIRECTION('',(-0.,-1.,-0.));
#4902 = DIRECTION('',(0.,0.,-1.));
#4903 = ADVANCED_FACE('',(#4904),#4929,.F.);
#4904 = FACE_BOUND('',#4905,.F.);
#4905 = EDGE_LOOP('',(#4906,#4916,#4922,#4923));
#4906 = ORIENTED_EDGE('',*,*,#4907,.F.);
#4907 = EDGE_CURVE('',#4908,#4910,#4912,.T.);
#4908 = VERTEX_POINT('',#4909);
#4909 = CARTESIAN_POINT('',(152.675,-1.E-15,163.64063345369));
#4910 = VERTEX_POINT('',#4911);
#4911 = CARTESIAN_POINT('',(152.675,0.,140.92190036108));
#4912 = LINE('',#4913,#4914);
#4913 = CARTESIAN_POINT('',(152.675,0.,209.07809963891));
#4914 = VECTOR('',#4915,1.);
#4915 = DIRECTION('',(6.106226635438E-16,0.,-1.));
#4916 = ORIENTED_EDGE('',*,*,#4917,.F.);
#4917 = EDGE_CURVE('',#4670,#4908,#4918,.T.);
#4918 = LINE('',#4919,#4920);
#4919 = CARTESIAN_POINT('',(152.675,-6.31E-15,163.64063345369));
#4920 = VECTOR('',#4921,1.);
#4921 = DIRECTION('',(0.,-1.,2.2E-16));
#4922 = ORIENTED_EDGE('',*,*,#4669,.T.);
#4923 = ORIENTED_EDGE('',*,*,#4924,.F.);
#4924 = EDGE_CURVE('',#4910,#4672,#4925,.T.);
#4925 = LINE('',#4926,#4927);
#4926 = CARTESIAN_POINT('',(152.675,0.,140.92190036108));
#4927 = VECTOR('',#4928,1.);
#4928 = DIRECTION('',(0.,1.,0.));
#4929 = PLANE('',#4930);
#4930 = AXIS2_PLACEMENT_3D('',#4931,#4932,#4933);
#4931 = CARTESIAN_POINT('',(152.675,0.,209.07809963891));
#4932 = DIRECTION('',(-1.,0.,-6.106226635438E-16));
#4933 = DIRECTION('',(6.106226635438E-16,0.,-1.));
#4934 = ADVANCED_FACE('',(#4935),#4953,.F.);
#4935 = FACE_BOUND('',#4936,.F.);
#4936 = EDGE_LOOP('',(#4937,#4945,#4946,#4947));
#4937 = ORIENTED_EDGE('',*,*,#4938,.F.);
#4938 = EDGE_CURVE('',#4910,#4939,#4941,.T.);
#4939 = VERTEX_POINT('',#4940);
#4940 = CARTESIAN_POINT('',(133.,-3.E-15,152.28126690738));
#4941 = LINE('',#4942,#4943);
#4942 = CARTESIAN_POINT('',(152.675,0.,140.92190036108));
#4943 = VECTOR('',#4944,1.);
#4944 = DIRECTION('',(-0.866025403784,0.,0.5));
#4945 = ORIENTED_EDGE('',*,*,#4924,.T.);
#4946 = ORIENTED_EDGE('',*,*,#4679,.T.);
#4947 = ORIENTED_EDGE('',*,*,#4948,.F.);
#4948 = EDGE_CURVE('',#4939,#4680,#4949,.T.);
#4949 = LINE('',#4950,#4951);
#4950 = CARTESIAN_POINT('',(133.,5.04E-15,152.28126690738));
#4951 = VECTOR('',#4952,1.);
#4952 = DIRECTION('',(1.9E-16,1.,-1.1E-16));
#4953 = PLANE('',#4954);
#4954 = AXIS2_PLACEMENT_3D('',#4955,#4956,#4957);
#4955 = CARTESIAN_POINT('',(152.675,0.,140.92190036108));
#4956 = DIRECTION('',(0.5,0.,0.866025403784));
#4957 = DIRECTION('',(-0.866025403784,0.,0.5));
#4958 = ADVANCED_FACE('',(#4959),#4977,.F.);
#4959 = FACE_BOUND('',#4960,.F.);
#4960 = EDGE_LOOP('',(#4961,#4969,#4970,#4971));
#4961 = ORIENTED_EDGE('',*,*,#4962,.F.);
#4962 = EDGE_CURVE('',#4939,#4963,#4965,.T.);
#4963 = VERTEX_POINT('',#4964);
#4964 = CARTESIAN_POINT('',(113.325,0.,140.92190036108));
#4965 = LINE('',#4966,#4967);
#4966 = CARTESIAN_POINT('',(172.35,0.,175.));
#4967 = VECTOR('',#4968,1.);
#4968 = DIRECTION('',(-0.866025403784,0.,-0.5));
#4969 = ORIENTED_EDGE('',*,*,#4948,.T.);
#4970 = ORIENTED_EDGE('',*,*,#4687,.T.);
#4971 = ORIENTED_EDGE('',*,*,#4972,.F.);
#4972 = EDGE_CURVE('',#4963,#4688,#4973,.T.);
#4973 = LINE('',#4974,#4975);
#4974 = CARTESIAN_POINT('',(113.325,0.,140.92190036108));
#4975 = VECTOR('',#4976,1.);
#4976 = DIRECTION('',(0.,1.,0.));
#4977 = PLANE('',#4978);
#4978 = AXIS2_PLACEMENT_3D('',#4979,#4980,#4981);
#4979 = CARTESIAN_POINT('',(172.35,0.,175.));
#4980 = DIRECTION('',(-0.5,0.,0.866025403784));
#4981 = DIRECTION('',(-0.866025403784,0.,-0.5));
#4982 = ADVANCED_FACE('',(#4983),#5001,.F.);
#4983 = FACE_BOUND('',#4984,.F.);
#4984 = EDGE_LOOP('',(#4985,#4993,#4994,#4995));
#4985 = ORIENTED_EDGE('',*,*,#4986,.F.);
#4986 = EDGE_CURVE('',#4963,#4987,#4989,.T.);
#4987 = VERTEX_POINT('',#4988);
#4988 = CARTESIAN_POINT('',(113.325,-1.E-15,163.64063345369));
#4989 = LINE('',#4990,#4991);
#4990 = CARTESIAN_POINT('',(113.325,0.,140.92190036108));
#4991 = VECTOR('',#4992,1.);
#4992 = DIRECTION('',(-2.6E-16,0.,1.));
#4993 = ORIENTED_EDGE('',*,*,#4972,.T.);
#4994 = ORIENTED_EDGE('',*,*,#4695,.T.);
#4995 = ORIENTED_EDGE('',*,*,#4996,.T.);
#4996 = EDGE_CURVE('',#4696,#4987,#4997,.T.);
#4997 = LINE('',#4998,#4999);
#4998 = CARTESIAN_POINT('',(113.325,-3.78E-15,163.64063345369));
#4999 = VECTOR('',#5000,1.);
#5000 = DIRECTION('',(0.,-1.,0.));
#5001 = PLANE('',#5002);
#5002 = AXIS2_PLACEMENT_3D('',#5003,#5004,#5005);
#5003 = CARTESIAN_POINT('',(113.325,0.,140.92190036108));
#5004 = DIRECTION('',(1.,0.,2.6E-16));
#5005 = DIRECTION('',(-2.6E-16,0.,1.));
#5006 = ADVANCED_FACE('',(#5007),#5025,.F.);
#5007 = FACE_BOUND('',#5008,.F.);
#5008 = EDGE_LOOP('',(#5009,#5017,#5018,#5019));
#5009 = ORIENTED_EDGE('',*,*,#5010,.F.);
#5010 = EDGE_CURVE('',#4987,#5011,#5013,.T.);
#5011 = VERTEX_POINT('',#5012);
#5012 = CARTESIAN_POINT('',(93.65,0.,175.));
#5013 = LINE('',#5014,#5015);
#5014 = CARTESIAN_POINT('',(152.675,0.,140.92190036108));
#5015 = VECTOR('',#5016,1.);
#5016 = DIRECTION('',(-0.866025403784,0.,0.5));
#5017 = ORIENTED_EDGE('',*,*,#4996,.F.);
#5018 = ORIENTED_EDGE('',*,*,#4703,.T.);
#5019 = ORIENTED_EDGE('',*,*,#5020,.F.);
#5020 = EDGE_CURVE('',#5011,#4704,#5021,.T.);
#5021 = LINE('',#5022,#5023);
#5022 = CARTESIAN_POINT('',(93.65,0.,175.));
#5023 = VECTOR('',#5024,1.);
#5024 = DIRECTION('',(0.,1.,0.));
#5025 = PLANE('',#5026);
#5026 = AXIS2_PLACEMENT_3D('',#5027,#5028,#5029);
#5027 = CARTESIAN_POINT('',(152.675,0.,140.92190036108));
#5028 = DIRECTION('',(0.5,0.,0.866025403784));
#5029 = DIRECTION('',(-0.866025403784,0.,0.5));
#5030 = ADVANCED_FACE('',(#5031),#5049,.F.);
#5031 = FACE_BOUND('',#5032,.F.);
#5032 = EDGE_LOOP('',(#5033,#5041,#5042,#5043));
#5033 = ORIENTED_EDGE('',*,*,#5034,.F.);
#5034 = EDGE_CURVE('',#5011,#5035,#5037,.T.);
#5035 = VERTEX_POINT('',#5036);
#5036 = CARTESIAN_POINT('',(113.325,1.E-15,186.3593665463));
#5037 = LINE('',#5038,#5039);
#5038 = CARTESIAN_POINT('',(93.65,0.,175.));
#5039 = VECTOR('',#5040,1.);
#5040 = DIRECTION('',(0.866025403784,0.,0.5));
#5041 = ORIENTED_EDGE('',*,*,#5020,.T.);
#5042 = ORIENTED_EDGE('',*,*,#4711,.T.);
#5043 = ORIENTED_EDGE('',*,*,#5044,.F.);
#5044 = EDGE_CURVE('',#5035,#4712,#5045,.T.);
#5045 = LINE('',#5046,#5047);
#5046 = CARTESIAN_POINT('',(113.325,-3.78E-15,186.3593665463));
#5047 = VECTOR('',#5048,1.);
#5048 = DIRECTION('',(0.,1.,0.));
#5049 = PLANE('',#5050);
#5050 = AXIS2_PLACEMENT_3D('',#5051,#5052,#5053);
#5051 = CARTESIAN_POINT('',(93.65,0.,175.));
#5052 = DIRECTION('',(0.5,0.,-0.866025403784));
#5053 = DIRECTION('',(0.866025403784,0.,0.5));
#5054 = ADVANCED_FACE('',(#5055),#5073,.F.);
#5055 = FACE_BOUND('',#5056,.F.);
#5056 = EDGE_LOOP('',(#5057,#5065,#5066,#5067));
#5057 = ORIENTED_EDGE('',*,*,#5058,.F.);
#5058 = EDGE_CURVE('',#5035,#5059,#5061,.T.);
#5059 = VERTEX_POINT('',#5060);
#5060 = CARTESIAN_POINT('',(113.325,0.,209.07809963891));
#5061 = LINE('',#5062,#5063);
#5062 = CARTESIAN_POINT('',(113.325,0.,140.92190036108));
#5063 = VECTOR('',#5064,1.);
#5064 = DIRECTION('',(-2.6E-16,0.,1.));
#5065 = ORIENTED_EDGE('',*,*,#5044,.T.);
#5066 = ORIENTED_EDGE('',*,*,#4719,.T.);
#5067 = ORIENTED_EDGE('',*,*,#5068,.F.);
#5068 = EDGE_CURVE('',#5059,#4720,#5069,.T.);
#5069 = LINE('',#5070,#5071);
#5070 = CARTESIAN_POINT('',(113.325,0.,209.07809963891));
#5071 = VECTOR('',#5072,1.);
#5072 = DIRECTION('',(0.,1.,0.));
#5073 = PLANE('',#5074);
#5074 = AXIS2_PLACEMENT_3D('',#5075,#5076,#5077);
#5075 = CARTESIAN_POINT('',(113.325,0.,140.92190036108));
#5076 = DIRECTION('',(1.,0.,2.6E-16));
#5077 = DIRECTION('',(-2.6E-16,0.,1.));
#5078 = ADVANCED_FACE('',(#5079),#5097,.F.);
#5079 = FACE_BOUND('',#5080,.F.);
#5080 = EDGE_LOOP('',(#5081,#5089,#5090,#5091));
#5081 = ORIENTED_EDGE('',*,*,#5082,.F.);
#5082 = EDGE_CURVE('',#5059,#5083,#5085,.T.);
#5083 = VERTEX_POINT('',#5084);
#5084 = CARTESIAN_POINT('',(133.,3.E-15,197.71873309261));
#5085 = LINE('',#5086,#5087);
#5086 = CARTESIAN_POINT('',(113.325,0.,209.07809963891));
#5087 = VECTOR('',#5088,1.);
#5088 = DIRECTION('',(0.866025403784,0.,-0.5));
#5089 = ORIENTED_EDGE('',*,*,#5068,.T.);
#5090 = ORIENTED_EDGE('',*,*,#4727,.T.);
#5091 = ORIENTED_EDGE('',*,*,#5092,.T.);
#5092 = EDGE_CURVE('',#4728,#5083,#5093,.T.);
#5093 = LINE('',#5094,#5095);
#5094 = CARTESIAN_POINT('',(133.,1.009E-14,197.71873309261));
#5095 = VECTOR('',#5096,1.);
#5096 = DIRECTION('',(1.9E-16,-1.,1.1E-16));
#5097 = PLANE('',#5098);
#5098 = AXIS2_PLACEMENT_3D('',#5099,#5100,#5101);
#5099 = CARTESIAN_POINT('',(113.325,0.,209.07809963891));
#5100 = DIRECTION('',(-0.5,0.,-0.866025403784));
#5101 = DIRECTION('',(0.866025403784,0.,-0.5));
#5102 = ADVANCED_FACE('',(#5103),#5121,.F.);
#5103 = FACE_BOUND('',#5104,.F.);
#5104 = EDGE_LOOP('',(#5105,#5113,#5114,#5115));
#5105 = ORIENTED_EDGE('',*,*,#5106,.F.);
#5106 = EDGE_CURVE('',#5083,#5107,#5109,.T.);
#5107 = VERTEX_POINT('',#5108);
#5108 = CARTESIAN_POINT('',(152.675,0.,209.07809963891));
#5109 = LINE('',#5110,#5111);
#5110 = CARTESIAN_POINT('',(93.65,0.,175.));
#5111 = VECTOR('',#5112,1.);
#5112 = DIRECTION('',(0.866025403784,0.,0.5));
#5113 = ORIENTED_EDGE('',*,*,#5092,.F.);
#5114 = ORIENTED_EDGE('',*,*,#4735,.T.);
#5115 = ORIENTED_EDGE('',*,*,#5116,.F.);
#5116 = EDGE_CURVE('',#5107,#4736,#5117,.T.);
#5117 = LINE('',#5118,#5119);
#5118 = CARTESIAN_POINT('',(152.675,0.,209.07809963891));
#5119 = VECTOR('',#5120,1.);
#5120 = DIRECTION('',(0.,1.,0.));
#5121 = PLANE('',#5122);
#5122 = AXIS2_PLACEMENT_3D('',#5123,#5124,#5125);
#5123 = CARTESIAN_POINT('',(93.65,0.,175.));
#5124 = DIRECTION('',(0.5,0.,-0.866025403784));
#5125 = DIRECTION('',(0.866025403784,0.,0.5));
#5126 = ADVANCED_FACE('',(#5127),#5145,.F.);
#5127 = FACE_BOUND('',#5128,.F.);
#5128 = EDGE_LOOP('',(#5129,#5137,#5138,#5139));
#5129 = ORIENTED_EDGE('',*,*,#5130,.F.);
#5130 = EDGE_CURVE('',#5107,#5131,#5133,.T.);
#5131 = VERTEX_POINT('',#5132);
#5132 = CARTESIAN_POINT('',(152.675,1.E-15,186.3593665463));
#5133 = LINE('',#5134,#5135);
#5134 = CARTESIAN_POINT('',(152.675,0.,209.07809963891));
#5135 = VECTOR('',#5136,1.);
#5136 = DIRECTION('',(6.106226635438E-16,0.,-1.));
#5137 = ORIENTED_EDGE('',*,*,#5116,.T.);
#5138 = ORIENTED_EDGE('',*,*,#4743,.T.);
#5139 = ORIENTED_EDGE('',*,*,#5140,.F.);
#5140 = EDGE_CURVE('',#5131,#4744,#5141,.T.);
#5141 = LINE('',#5142,#5143);
#5142 = CARTESIAN_POINT('',(152.675,-1.26E-15,186.3593665463));
#5143 = VECTOR('',#5144,1.);
#5144 = DIRECTION('',(0.,1.,-2.2E-16));
#5145 = PLANE('',#5146);
#5146 = AXIS2_PLACEMENT_3D('',#5147,#5148,#5149);
#5147 = CARTESIAN_POINT('',(152.675,0.,209.07809963891));
#5148 = DIRECTION('',(-1.,0.,-6.106226635438E-16));
#5149 = DIRECTION('',(6.106226635438E-16,0.,-1.));
#5150 = ADVANCED_FACE('',(#5151),#5169,.F.);
#5151 = FACE_BOUND('',#5152,.F.);
#5152 = EDGE_LOOP('',(#5153,#5161,#5162,#5163));
#5153 = ORIENTED_EDGE('',*,*,#5154,.F.);
#5154 = EDGE_CURVE('',#5131,#5155,#5157,.T.);
#5155 = VERTEX_POINT('',#5156);
#5156 = CARTESIAN_POINT('',(172.35,0.,175.));
#5157 = LINE('',#5158,#5159);
#5158 = CARTESIAN_POINT('',(113.325,0.,209.07809963891));
#5159 = VECTOR('',#5160,1.);
#5160 = DIRECTION('',(0.866025403784,0.,-0.5));
#5161 = ORIENTED_EDGE('',*,*,#5140,.T.);
#5162 = ORIENTED_EDGE('',*,*,#4751,.T.);
#5163 = ORIENTED_EDGE('',*,*,#5164,.F.);
#5164 = EDGE_CURVE('',#5155,#4752,#5165,.T.);
#5165 = LINE('',#5166,#5167);
#5166 = CARTESIAN_POINT('',(172.35,0.,175.));
#5167 = VECTOR('',#5168,1.);
#5168 = DIRECTION('',(0.,1.,0.));
#5169 = PLANE('',#5170);
#5170 = AXIS2_PLACEMENT_3D('',#5171,#5172,#5173);
#5171 = CARTESIAN_POINT('',(113.325,0.,209.07809963891));
#5172 = DIRECTION('',(-0.5,0.,-0.866025403784));
#5173 = DIRECTION('',(0.866025403784,0.,-0.5));
#5174 = ADVANCED_FACE('',(#5175),#5186,.F.);
#5175 = FACE_BOUND('',#5176,.F.);
#5176 = EDGE_LOOP('',(#5177,#5183,#5184,#5185));
#5177 = ORIENTED_EDGE('',*,*,#5178,.F.);
#5178 = EDGE_CURVE('',#5155,#4908,#5179,.T.);
#5179 = LINE('',#5180,#5181);
#5180 = CARTESIAN_POINT('',(172.35,0.,175.));
#5181 = VECTOR('',#5182,1.);
#5182 = DIRECTION('',(-0.866025403784,0.,-0.5));
#5183 = ORIENTED_EDGE('',*,*,#5164,.T.);
#5184 = ORIENTED_EDGE('',*,*,#4759,.T.);
#5185 = ORIENTED_EDGE('',*,*,#4917,.T.);
#5186 = PLANE('',#5187);
#5187 = AXIS2_PLACEMENT_3D('',#5188,#5189,#5190);
#5188 = CARTESIAN_POINT('',(172.35,0.,175.));
#5189 = DIRECTION('',(-0.5,0.,0.866025403784));
#5190 = DIRECTION('',(-0.866025403784,0.,-0.5));
#5191 = ADVANCED_FACE('',(#5192),#5217,.F.);
#5192 = FACE_BOUND('',#5193,.F.);
#5193 = EDGE_LOOP('',(#5194,#5195,#5203,#5211));
#5194 = ORIENTED_EDGE('',*,*,#4788,.F.);
#5195 = ORIENTED_EDGE('',*,*,#5196,.F.);
#5196 = EDGE_CURVE('',#5197,#4789,#5199,.T.);
#5197 = VERTEX_POINT('',#5198);
#5198 = CARTESIAN_POINT('',(152.675,-50.55,163.64063345369));
#5199 = LINE('',#5200,#5201);
#5200 = CARTESIAN_POINT('',(152.675,-53.75,163.64063345369));
#5201 = VECTOR('',#5202,1.);
#5202 = DIRECTION('',(0.,-1.,2.2E-16));
#5203 = ORIENTED_EDGE('',*,*,#5204,.T.);
#5204 = EDGE_CURVE('',#5197,#5205,#5207,.T.);
#5205 = VERTEX_POINT('',#5206);
#5206 = CARTESIAN_POINT('',(152.675,-50.55,140.92190036108));
#5207 = LINE('',#5208,#5209);
#5208 = CARTESIAN_POINT('',(152.675,-50.55,209.07809963891));
#5209 = VECTOR('',#5210,1.);
#5210 = DIRECTION('',(6.106226635438E-16,0.,-1.));
#5211 = ORIENTED_EDGE('',*,*,#5212,.F.);
#5212 = EDGE_CURVE('',#4791,#5205,#5213,.T.);
#5213 = LINE('',#5214,#5215);
#5214 = CARTESIAN_POINT('',(152.675,-53.75,140.92190036108));
#5215 = VECTOR('',#5216,1.);
#5216 = DIRECTION('',(0.,1.,0.));
#5217 = PLANE('',#5218);
#5218 = AXIS2_PLACEMENT_3D('',#5219,#5220,#5221);
#5219 = CARTESIAN_POINT('',(152.675,-53.75,209.07809963891));
#5220 = DIRECTION('',(-1.,0.,-6.106226635438E-16));
#5221 = DIRECTION('',(6.106226635438E-16,0.,-1.));
#5222 = ADVANCED_FACE('',(#5223),#5241,.F.);
#5223 = FACE_BOUND('',#5224,.F.);
#5224 = EDGE_LOOP('',(#5225,#5226,#5234,#5240));
#5225 = ORIENTED_EDGE('',*,*,#4798,.F.);
#5226 = ORIENTED_EDGE('',*,*,#5227,.T.);
#5227 = EDGE_CURVE('',#4799,#5228,#5230,.T.);
#5228 = VERTEX_POINT('',#5229);
#5229 = CARTESIAN_POINT('',(172.35,-50.55,175.));
#5230 = LINE('',#5231,#5232);
#5231 = CARTESIAN_POINT('',(172.35,-53.75,175.));
#5232 = VECTOR('',#5233,1.);
#5233 = DIRECTION('',(0.,1.,0.));
#5234 = ORIENTED_EDGE('',*,*,#5235,.T.);
#5235 = EDGE_CURVE('',#5228,#5197,#5236,.T.);
#5236 = LINE('',#5237,#5238);
#5237 = CARTESIAN_POINT('',(172.35,-50.55,175.));
#5238 = VECTOR('',#5239,1.);
#5239 = DIRECTION('',(-0.866025403784,0.,-0.5));
#5240 = ORIENTED_EDGE('',*,*,#5196,.T.);
#5241 = PLANE('',#5242);
#5242 = AXIS2_PLACEMENT_3D('',#5243,#5244,#5245);
#5243 = CARTESIAN_POINT('',(172.35,-53.75,175.));
#5244 = DIRECTION('',(-0.5,0.,0.866025403784));
#5245 = DIRECTION('',(-0.866025403784,0.,-0.5));
#5246 = ADVANCED_FACE('',(#5247),#5265,.F.);
#5247 = FACE_BOUND('',#5248,.F.);
#5248 = EDGE_LOOP('',(#5249,#5250,#5258,#5264));
#5249 = ORIENTED_EDGE('',*,*,#4806,.F.);
#5250 = ORIENTED_EDGE('',*,*,#5251,.T.);
#5251 = EDGE_CURVE('',#4807,#5252,#5254,.T.);
#5252 = VERTEX_POINT('',#5253);
#5253 = CARTESIAN_POINT('',(152.675,-50.55,186.3593665463));
#5254 = LINE('',#5255,#5256);
#5255 = CARTESIAN_POINT('',(152.675,-53.75,186.3593665463));
#5256 = VECTOR('',#5257,1.);
#5257 = DIRECTION('',(0.,1.,-2.2E-16));
#5258 = ORIENTED_EDGE('',*,*,#5259,.T.);
#5259 = EDGE_CURVE('',#5252,#5228,#5260,.T.);
#5260 = LINE('',#5261,#5262);
#5261 = CARTESIAN_POINT('',(113.325,-50.55,209.07809963891));
#5262 = VECTOR('',#5263,1.);
#5263 = DIRECTION('',(0.866025403784,0.,-0.5));
#5264 = ORIENTED_EDGE('',*,*,#5227,.F.);
#5265 = PLANE('',#5266);
#5266 = AXIS2_PLACEMENT_3D('',#5267,#5268,#5269);
#5267 = CARTESIAN_POINT('',(113.325,-53.75,209.07809963891));
#5268 = DIRECTION('',(-0.5,0.,-0.866025403784));
#5269 = DIRECTION('',(0.866025403784,0.,-0.5));
#5270 = ADVANCED_FACE('',(#5271),#5289,.F.);
#5271 = FACE_BOUND('',#5272,.F.);
#5272 = EDGE_LOOP('',(#5273,#5274,#5282,#5288));
#5273 = ORIENTED_EDGE('',*,*,#4814,.F.);
#5274 = ORIENTED_EDGE('',*,*,#5275,.T.);
#5275 = EDGE_CURVE('',#4815,#5276,#5278,.T.);
#5276 = VERTEX_POINT('',#5277);
#5277 = CARTESIAN_POINT('',(152.675,-50.55,209.07809963891));
#5278 = LINE('',#5279,#5280);
#5279 = CARTESIAN_POINT('',(152.675,-53.75,209.07809963891));
#5280 = VECTOR('',#5281,1.);
#5281 = DIRECTION('',(0.,1.,0.));
#5282 = ORIENTED_EDGE('',*,*,#5283,.T.);
#5283 = EDGE_CURVE('',#5276,#5252,#5284,.T.);
#5284 = LINE('',#5285,#5286);
#5285 = CARTESIAN_POINT('',(152.675,-50.55,209.07809963891));
#5286 = VECTOR('',#5287,1.);
#5287 = DIRECTION('',(6.106226635438E-16,0.,-1.));
#5288 = ORIENTED_EDGE('',*,*,#5251,.F.);
#5289 = PLANE('',#5290);
#5290 = AXIS2_PLACEMENT_3D('',#5291,#5292,#5293);
#5291 = CARTESIAN_POINT('',(152.675,-53.75,209.07809963891));
#5292 = DIRECTION('',(-1.,0.,-6.106226635438E-16));
#5293 = DIRECTION('',(6.106226635438E-16,0.,-1.));
#5294 = ADVANCED_FACE('',(#5295),#5313,.F.);
#5295 = FACE_BOUND('',#5296,.F.);
#5296 = EDGE_LOOP('',(#5297,#5298,#5306,#5312));
#5297 = ORIENTED_EDGE('',*,*,#4822,.F.);
#5298 = ORIENTED_EDGE('',*,*,#5299,.F.);
#5299 = EDGE_CURVE('',#5300,#4823,#5302,.T.);
#5300 = VERTEX_POINT('',#5301);
#5301 = CARTESIAN_POINT('',(133.,-50.55,197.71873309261));
#5302 = LINE('',#5303,#5304);
#5303 = CARTESIAN_POINT('',(133.,-53.75,197.71873309261));
#5304 = VECTOR('',#5305,1.);
#5305 = DIRECTION('',(1.9E-16,-1.,1.1E-16));
#5306 = ORIENTED_EDGE('',*,*,#5307,.T.);
#5307 = EDGE_CURVE('',#5300,#5276,#5308,.T.);
#5308 = LINE('',#5309,#5310);
#5309 = CARTESIAN_POINT('',(93.65,-50.55,175.));
#5310 = VECTOR('',#5311,1.);
#5311 = DIRECTION('',(0.866025403784,0.,0.5));
#5312 = ORIENTED_EDGE('',*,*,#5275,.F.);
#5313 = PLANE('',#5314);
#5314 = AXIS2_PLACEMENT_3D('',#5315,#5316,#5317);
#5315 = CARTESIAN_POINT('',(93.65,-53.75,175.));
#5316 = DIRECTION('',(0.5,0.,-0.866025403784));
#5317 = DIRECTION('',(0.866025403784,0.,0.5));
#5318 = ADVANCED_FACE('',(#5319),#5337,.F.);
#5319 = FACE_BOUND('',#5320,.F.);
#5320 = EDGE_LOOP('',(#5321,#5322,#5330,#5336));
#5321 = ORIENTED_EDGE('',*,*,#4830,.F.);
#5322 = ORIENTED_EDGE('',*,*,#5323,.T.);
#5323 = EDGE_CURVE('',#4831,#5324,#5326,.T.);
#5324 = VERTEX_POINT('',#5325);
#5325 = CARTESIAN_POINT('',(113.325,-50.55,209.07809963891));
#5326 = LINE('',#5327,#5328);
#5327 = CARTESIAN_POINT('',(113.325,-53.75,209.07809963891));
#5328 = VECTOR('',#5329,1.);
#5329 = DIRECTION('',(0.,1.,0.));
#5330 = ORIENTED_EDGE('',*,*,#5331,.T.);
#5331 = EDGE_CURVE('',#5324,#5300,#5332,.T.);
#5332 = LINE('',#5333,#5334);
#5333 = CARTESIAN_POINT('',(113.325,-50.55,209.07809963891));
#5334 = VECTOR('',#5335,1.);
#5335 = DIRECTION('',(0.866025403784,0.,-0.5));
#5336 = ORIENTED_EDGE('',*,*,#5299,.T.);
#5337 = PLANE('',#5338);
#5338 = AXIS2_PLACEMENT_3D('',#5339,#5340,#5341);
#5339 = CARTESIAN_POINT('',(113.325,-53.75,209.07809963891));
#5340 = DIRECTION('',(-0.5,0.,-0.866025403784));
#5341 = DIRECTION('',(0.866025403784,0.,-0.5));
#5342 = ADVANCED_FACE('',(#5343),#5361,.F.);
#5343 = FACE_BOUND('',#5344,.F.);
#5344 = EDGE_LOOP('',(#5345,#5346,#5354,#5360));
#5345 = ORIENTED_EDGE('',*,*,#4838,.F.);
#5346 = ORIENTED_EDGE('',*,*,#5347,.T.);
#5347 = EDGE_CURVE('',#4839,#5348,#5350,.T.);
#5348 = VERTEX_POINT('',#5349);
#5349 = CARTESIAN_POINT('',(113.325,-50.55,186.3593665463));
#5350 = LINE('',#5351,#5352);
#5351 = CARTESIAN_POINT('',(113.325,-53.75,186.3593665463));
#5352 = VECTOR('',#5353,1.);
#5353 = DIRECTION('',(0.,1.,0.));
#5354 = ORIENTED_EDGE('',*,*,#5355,.T.);
#5355 = EDGE_CURVE('',#5348,#5324,#5356,.T.);
#5356 = LINE('',#5357,#5358);
#5357 = CARTESIAN_POINT('',(113.325,-50.55,140.92190036108));
#5358 = VECTOR('',#5359,1.);
#5359 = DIRECTION('',(-2.6E-16,0.,1.));
#5360 = ORIENTED_EDGE('',*,*,#5323,.F.);
#5361 = PLANE('',#5362);
#5362 = AXIS2_PLACEMENT_3D('',#5363,#5364,#5365);
#5363 = CARTESIAN_POINT('',(113.325,-53.75,140.92190036108));
#5364 = DIRECTION('',(1.,0.,2.6E-16));
#5365 = DIRECTION('',(-2.6E-16,0.,1.));
#5366 = ADVANCED_FACE('',(#5367),#5385,.F.);
#5367 = FACE_BOUND('',#5368,.F.);
#5368 = EDGE_LOOP('',(#5369,#5370,#5378,#5384));
#5369 = ORIENTED_EDGE('',*,*,#4846,.F.);
#5370 = ORIENTED_EDGE('',*,*,#5371,.T.);
#5371 = EDGE_CURVE('',#4847,#5372,#5374,.T.);
#5372 = VERTEX_POINT('',#5373);
#5373 = CARTESIAN_POINT('',(93.65,-50.55,175.));
#5374 = LINE('',#5375,#5376);
#5375 = CARTESIAN_POINT('',(93.65,-53.75,175.));
#5376 = VECTOR('',#5377,1.);
#5377 = DIRECTION('',(0.,1.,0.));
#5378 = ORIENTED_EDGE('',*,*,#5379,.T.);
#5379 = EDGE_CURVE('',#5372,#5348,#5380,.T.);
#5380 = LINE('',#5381,#5382);
#5381 = CARTESIAN_POINT('',(93.65,-50.55,175.));
#5382 = VECTOR('',#5383,1.);
#5383 = DIRECTION('',(0.866025403784,0.,0.5));
#5384 = ORIENTED_EDGE('',*,*,#5347,.F.);
#5385 = PLANE('',#5386);
#5386 = AXIS2_PLACEMENT_3D('',#5387,#5388,#5389);
#5387 = CARTESIAN_POINT('',(93.65,-53.75,175.));
#5388 = DIRECTION('',(0.5,0.,-0.866025403784));
#5389 = DIRECTION('',(0.866025403784,0.,0.5));
#5390 = ADVANCED_FACE('',(#5391),#5409,.F.);
#5391 = FACE_BOUND('',#5392,.F.);
#5392 = EDGE_LOOP('',(#5393,#5394,#5402,#5408));
#5393 = ORIENTED_EDGE('',*,*,#4854,.F.);
#5394 = ORIENTED_EDGE('',*,*,#5395,.F.);
#5395 = EDGE_CURVE('',#5396,#4855,#5398,.T.);
#5396 = VERTEX_POINT('',#5397);
#5397 = CARTESIAN_POINT('',(113.325,-50.55,163.64063345369));
#5398 = LINE('',#5399,#5400);
#5399 = CARTESIAN_POINT('',(113.325,-53.75,163.64063345369));
#5400 = VECTOR('',#5401,1.);
#5401 = DIRECTION('',(0.,-1.,0.));
#5402 = ORIENTED_EDGE('',*,*,#5403,.T.);
#5403 = EDGE_CURVE('',#5396,#5372,#5404,.T.);
#5404 = LINE('',#5405,#5406);
#5405 = CARTESIAN_POINT('',(152.675,-50.55,140.92190036108));
#5406 = VECTOR('',#5407,1.);
#5407 = DIRECTION('',(-0.866025403784,0.,0.5));
#5408 = ORIENTED_EDGE('',*,*,#5371,.F.);
#5409 = PLANE('',#5410);
#5410 = AXIS2_PLACEMENT_3D('',#5411,#5412,#5413);
#5411 = CARTESIAN_POINT('',(152.675,-53.75,140.92190036108));
#5412 = DIRECTION('',(0.5,0.,0.866025403784));
#5413 = DIRECTION('',(-0.866025403784,0.,0.5));
#5414 = ADVANCED_FACE('',(#5415),#5433,.F.);
#5415 = FACE_BOUND('',#5416,.F.);
#5416 = EDGE_LOOP('',(#5417,#5418,#5426,#5432));
#5417 = ORIENTED_EDGE('',*,*,#4862,.F.);
#5418 = ORIENTED_EDGE('',*,*,#5419,.T.);
#5419 = EDGE_CURVE('',#4863,#5420,#5422,.T.);
#5420 = VERTEX_POINT('',#5421);
#5421 = CARTESIAN_POINT('',(113.325,-50.55,140.92190036108));
#5422 = LINE('',#5423,#5424);
#5423 = CARTESIAN_POINT('',(113.325,-53.75,140.92190036108));
#5424 = VECTOR('',#5425,1.);
#5425 = DIRECTION('',(0.,1.,0.));
#5426 = ORIENTED_EDGE('',*,*,#5427,.T.);
#5427 = EDGE_CURVE('',#5420,#5396,#5428,.T.);
#5428 = LINE('',#5429,#5430);
#5429 = CARTESIAN_POINT('',(113.325,-50.55,140.92190036108));
#5430 = VECTOR('',#5431,1.);
#5431 = DIRECTION('',(-2.6E-16,0.,1.));
#5432 = ORIENTED_EDGE('',*,*,#5395,.T.);
#5433 = PLANE('',#5434);
#5434 = AXIS2_PLACEMENT_3D('',#5435,#5436,#5437);
#5435 = CARTESIAN_POINT('',(113.325,-53.75,140.92190036108));
#5436 = DIRECTION('',(1.,0.,2.6E-16));
#5437 = DIRECTION('',(-2.6E-16,0.,1.));
#5438 = ADVANCED_FACE('',(#5439),#5457,.F.);
#5439 = FACE_BOUND('',#5440,.F.);
#5440 = EDGE_LOOP('',(#5441,#5442,#5450,#5456));
#5441 = ORIENTED_EDGE('',*,*,#4870,.F.);
#5442 = ORIENTED_EDGE('',*,*,#5443,.T.);
#5443 = EDGE_CURVE('',#4871,#5444,#5446,.T.);
#5444 = VERTEX_POINT('',#5445);
#5445 = CARTESIAN_POINT('',(133.,-50.55,152.28126690738));
#5446 = LINE('',#5447,#5448);
#5447 = CARTESIAN_POINT('',(133.,-53.75,152.28126690738));
#5448 = VECTOR('',#5449,1.);
#5449 = DIRECTION('',(1.9E-16,1.,-1.1E-16));
#5450 = ORIENTED_EDGE('',*,*,#5451,.T.);
#5451 = EDGE_CURVE('',#5444,#5420,#5452,.T.);
#5452 = LINE('',#5453,#5454);
#5453 = CARTESIAN_POINT('',(172.35,-50.55,175.));
#5454 = VECTOR('',#5455,1.);
#5455 = DIRECTION('',(-0.866025403784,0.,-0.5));
#5456 = ORIENTED_EDGE('',*,*,#5419,.F.);
#5457 = PLANE('',#5458);
#5458 = AXIS2_PLACEMENT_3D('',#5459,#5460,#5461);
#5459 = CARTESIAN_POINT('',(172.35,-53.75,175.));
#5460 = DIRECTION('',(-0.5,0.,0.866025403784));
#5461 = DIRECTION('',(-0.866025403784,0.,-0.5));
#5462 = ADVANCED_FACE('',(#5463),#5474,.F.);
#5463 = FACE_BOUND('',#5464,.F.);
#5464 = EDGE_LOOP('',(#5465,#5466,#5467,#5473));
#5465 = ORIENTED_EDGE('',*,*,#4878,.F.);
#5466 = ORIENTED_EDGE('',*,*,#5212,.T.);
#5467 = ORIENTED_EDGE('',*,*,#5468,.T.);
#5468 = EDGE_CURVE('',#5205,#5444,#5469,.T.);
#5469 = LINE('',#5470,#5471);
#5470 = CARTESIAN_POINT('',(152.675,-50.55,140.92190036108));
#5471 = VECTOR('',#5472,1.);
#5472 = DIRECTION('',(-0.866025403784,0.,0.5));
#5473 = ORIENTED_EDGE('',*,*,#5443,.F.);
#5474 = PLANE('',#5475);
#5475 = AXIS2_PLACEMENT_3D('',#5476,#5477,#5478);
#5476 = CARTESIAN_POINT('',(152.675,-53.75,140.92190036108));
#5477 = DIRECTION('',(0.5,0.,0.866025403784));
#5478 = DIRECTION('',(-0.866025403784,0.,0.5));
#5479 = ADVANCED_FACE('',(#5480,#5494),#5613,.T.);
#5480 = FACE_BOUND('',#5481,.T.);
#5481 = EDGE_LOOP('',(#5482,#5483,#5484,#5485,#5486,#5487,#5488,#5489,
    #5490,#5491,#5492,#5493));
#5482 = ORIENTED_EDGE('',*,*,#4907,.F.);
#5483 = ORIENTED_EDGE('',*,*,#5178,.F.);
#5484 = ORIENTED_EDGE('',*,*,#5154,.F.);
#5485 = ORIENTED_EDGE('',*,*,#5130,.F.);
#5486 = ORIENTED_EDGE('',*,*,#5106,.F.);
#5487 = ORIENTED_EDGE('',*,*,#5082,.F.);
#5488 = ORIENTED_EDGE('',*,*,#5058,.F.);
#5489 = ORIENTED_EDGE('',*,*,#5034,.F.);
#5490 = ORIENTED_EDGE('',*,*,#5010,.F.);
#5491 = ORIENTED_EDGE('',*,*,#4986,.F.);
#5492 = ORIENTED_EDGE('',*,*,#4962,.F.);
#5493 = ORIENTED_EDGE('',*,*,#4938,.F.);
#5494 = FACE_BOUND('',#5495,.T.);
#5495 = EDGE_LOOP('',(#5496,#5507,#5516,#5525,#5534,#5543,#5552,#5561,
    #5570,#5579,#5588,#5597,#5606));
#5496 = ORIENTED_EDGE('',*,*,#5497,.F.);
#5497 = EDGE_CURVE('',#5498,#5500,#5502,.T.);
#5498 = VERTEX_POINT('',#5499);
#5499 = CARTESIAN_POINT('',(134.31278409564,-5.E-15,153.03920315839));
#5500 = VERTEX_POINT('',#5501);
#5501 = CARTESIAN_POINT('',(151.36221590435,-3.E-15,162.88269720268));
#5502 = CIRCLE('',#5503,22.);
#5503 = AXIS2_PLACEMENT_3D('',#5504,#5505,#5506);
#5504 = CARTESIAN_POINT('',(133.,0.,175.));
#5505 = DIRECTION('',(0.,-1.,2.2E-16));
#5506 = DIRECTION('',(1.,0.,0.));
#5507 = ORIENTED_EDGE('',*,*,#5508,.F.);
#5508 = EDGE_CURVE('',#5509,#5498,#5511,.T.);
#5509 = VERTEX_POINT('',#5510);
#5510 = CARTESIAN_POINT('',(131.68721590435,-2.E-15,153.03920315839));
#5511 = CIRCLE('',#5512,22.);
#5512 = AXIS2_PLACEMENT_3D('',#5513,#5514,#5515);
#5513 = CARTESIAN_POINT('',(133.,0.,175.));
#5514 = DIRECTION('',(0.,-1.,2.2E-16));
#5515 = DIRECTION('',(1.,0.,0.));
#5516 = ORIENTED_EDGE('',*,*,#5517,.F.);
#5517 = EDGE_CURVE('',#5518,#5509,#5520,.T.);
#5518 = VERTEX_POINT('',#5519);
#5519 = CARTESIAN_POINT('',(114.63778409564,-1.E-15,162.88269720268));
#5520 = CIRCLE('',#5521,22.);
#5521 = AXIS2_PLACEMENT_3D('',#5522,#5523,#5524);
#5522 = CARTESIAN_POINT('',(133.,0.,175.));
#5523 = DIRECTION('',(0.,-1.,2.2E-16));
#5524 = DIRECTION('',(1.,0.,0.));
#5525 = ORIENTED_EDGE('',*,*,#5526,.F.);
#5526 = EDGE_CURVE('',#5527,#5518,#5529,.T.);
#5527 = VERTEX_POINT('',#5528);
#5528 = CARTESIAN_POINT('',(113.325,-2.E-15,165.1565059557));
#5529 = CIRCLE('',#5530,22.);
#5530 = AXIS2_PLACEMENT_3D('',#5531,#5532,#5533);
#5531 = CARTESIAN_POINT('',(133.,0.,175.));
#5532 = DIRECTION('',(0.,-1.,2.2E-16));
#5533 = DIRECTION('',(1.,0.,0.));
#5534 = ORIENTED_EDGE('',*,*,#5535,.F.);
#5535 = EDGE_CURVE('',#5536,#5527,#5538,.T.);
#5536 = VERTEX_POINT('',#5537);
#5537 = CARTESIAN_POINT('',(113.325,2.E-15,184.84349404429));
#5538 = CIRCLE('',#5539,22.);
#5539 = AXIS2_PLACEMENT_3D('',#5540,#5541,#5542);
#5540 = CARTESIAN_POINT('',(133.,0.,175.));
#5541 = DIRECTION('',(0.,-1.,2.2E-16));
#5542 = DIRECTION('',(1.,0.,0.));
#5543 = ORIENTED_EDGE('',*,*,#5544,.F.);
#5544 = EDGE_CURVE('',#5545,#5536,#5547,.T.);
#5545 = VERTEX_POINT('',#5546);
#5546 = CARTESIAN_POINT('',(114.63778409564,1.E-15,187.11730279731));
#5547 = CIRCLE('',#5548,22.);
#5548 = AXIS2_PLACEMENT_3D('',#5549,#5550,#5551);
#5549 = CARTESIAN_POINT('',(133.,0.,175.));
#5550 = DIRECTION('',(0.,-1.,2.2E-16));
#5551 = DIRECTION('',(1.,0.,0.));
#5552 = ORIENTED_EDGE('',*,*,#5553,.F.);
#5553 = EDGE_CURVE('',#5554,#5545,#5556,.T.);
#5554 = VERTEX_POINT('',#5555);
#5555 = CARTESIAN_POINT('',(131.68721590435,2.E-15,196.9607968416));
#5556 = CIRCLE('',#5557,22.);
#5557 = AXIS2_PLACEMENT_3D('',#5558,#5559,#5560);
#5558 = CARTESIAN_POINT('',(133.,0.,175.));
#5559 = DIRECTION('',(0.,-1.,2.2E-16));
#5560 = DIRECTION('',(1.,0.,0.));
#5561 = ORIENTED_EDGE('',*,*,#5562,.F.);
#5562 = EDGE_CURVE('',#5563,#5554,#5565,.T.);
#5563 = VERTEX_POINT('',#5564);
#5564 = CARTESIAN_POINT('',(134.31278409564,5.E-15,196.9607968416));
#5565 = CIRCLE('',#5566,22.);
#5566 = AXIS2_PLACEMENT_3D('',#5567,#5568,#5569);
#5567 = CARTESIAN_POINT('',(133.,0.,175.));
#5568 = DIRECTION('',(0.,-1.,2.2E-16));
#5569 = DIRECTION('',(1.,0.,0.));
#5570 = ORIENTED_EDGE('',*,*,#5571,.F.);
#5571 = EDGE_CURVE('',#5572,#5563,#5574,.T.);
#5572 = VERTEX_POINT('',#5573);
#5573 = CARTESIAN_POINT('',(151.36221590435,3.E-15,187.11730279731));
#5574 = CIRCLE('',#5575,22.);
#5575 = AXIS2_PLACEMENT_3D('',#5576,#5577,#5578);
#5576 = CARTESIAN_POINT('',(133.,0.,175.));
#5577 = DIRECTION('',(0.,-1.,2.2E-16));
#5578 = DIRECTION('',(1.,0.,0.));
#5579 = ORIENTED_EDGE('',*,*,#5580,.F.);
#5580 = EDGE_CURVE('',#5581,#5572,#5583,.T.);
#5581 = VERTEX_POINT('',#5582);
#5582 = CARTESIAN_POINT('',(152.675,1.E-15,184.84349404429));
#5583 = CIRCLE('',#5584,22.);
#5584 = AXIS2_PLACEMENT_3D('',#5585,#5586,#5587);
#5585 = CARTESIAN_POINT('',(133.,0.,175.));
#5586 = DIRECTION('',(0.,-1.,2.2E-16));
#5587 = DIRECTION('',(1.,0.,0.));
#5588 = ORIENTED_EDGE('',*,*,#5589,.F.);
#5589 = EDGE_CURVE('',#5590,#5581,#5592,.T.);
#5590 = VERTEX_POINT('',#5591);
#5591 = CARTESIAN_POINT('',(155.,0.,175.));
#5592 = CIRCLE('',#5593,22.);
#5593 = AXIS2_PLACEMENT_3D('',#5594,#5595,#5596);
#5594 = CARTESIAN_POINT('',(133.,0.,175.));
#5595 = DIRECTION('',(0.,-1.,2.2E-16));
#5596 = DIRECTION('',(1.,0.,0.));
#5597 = ORIENTED_EDGE('',*,*,#5598,.F.);
#5598 = EDGE_CURVE('',#5599,#5590,#5601,.T.);
#5599 = VERTEX_POINT('',#5600);
#5600 = CARTESIAN_POINT('',(152.675,-1.E-15,165.1565059557));
#5601 = CIRCLE('',#5602,22.);
#5602 = AXIS2_PLACEMENT_3D('',#5603,#5604,#5605);
#5603 = CARTESIAN_POINT('',(133.,0.,175.));
#5604 = DIRECTION('',(0.,-1.,2.2E-16));
#5605 = DIRECTION('',(1.,0.,0.));
#5606 = ORIENTED_EDGE('',*,*,#5607,.F.);
#5607 = EDGE_CURVE('',#5500,#5599,#5608,.T.);
#5608 = CIRCLE('',#5609,22.);
#5609 = AXIS2_PLACEMENT_3D('',#5610,#5611,#5612);
#5610 = CARTESIAN_POINT('',(133.,0.,175.));
#5611 = DIRECTION('',(0.,-1.,2.2E-16));
#5612 = DIRECTION('',(1.,0.,0.));
#5613 = PLANE('',#5614);
#5614 = AXIS2_PLACEMENT_3D('',#5615,#5616,#5617);
#5615 = CARTESIAN_POINT('',(133.,0.,175.));
#5616 = DIRECTION('',(-0.,-1.,-0.));
#5617 = DIRECTION('',(0.,0.,-1.));
#5618 = ADVANCED_FACE('',(#5619,#5633),#5752,.T.);
#5619 = FACE_BOUND('',#5620,.T.);
#5620 = EDGE_LOOP('',(#5621,#5622,#5623,#5624,#5625,#5626,#5627,#5628,
    #5629,#5630,#5631,#5632));
#5621 = ORIENTED_EDGE('',*,*,#5204,.T.);
#5622 = ORIENTED_EDGE('',*,*,#5468,.T.);
#5623 = ORIENTED_EDGE('',*,*,#5451,.T.);
#5624 = ORIENTED_EDGE('',*,*,#5427,.T.);
#5625 = ORIENTED_EDGE('',*,*,#5403,.T.);
#5626 = ORIENTED_EDGE('',*,*,#5379,.T.);
#5627 = ORIENTED_EDGE('',*,*,#5355,.T.);
#5628 = ORIENTED_EDGE('',*,*,#5331,.T.);
#5629 = ORIENTED_EDGE('',*,*,#5307,.T.);
#5630 = ORIENTED_EDGE('',*,*,#5283,.T.);
#5631 = ORIENTED_EDGE('',*,*,#5259,.T.);
#5632 = ORIENTED_EDGE('',*,*,#5235,.T.);
#5633 = FACE_BOUND('',#5634,.T.);
#5634 = EDGE_LOOP('',(#5635,#5646,#5655,#5664,#5673,#5682,#5691,#5700,
    #5709,#5718,#5727,#5736,#5745));
#5635 = ORIENTED_EDGE('',*,*,#5636,.T.);
#5636 = EDGE_CURVE('',#5637,#5639,#5641,.T.);
#5637 = VERTEX_POINT('',#5638);
#5638 = CARTESIAN_POINT('',(134.31278409564,-50.55,153.03920315839));
#5639 = VERTEX_POINT('',#5640);
#5640 = CARTESIAN_POINT('',(151.36221590435,-50.55,162.88269720268));
#5641 = CIRCLE('',#5642,22.);
#5642 = AXIS2_PLACEMENT_3D('',#5643,#5644,#5645);
#5643 = CARTESIAN_POINT('',(133.,-50.55,175.));
#5644 = DIRECTION('',(0.,-1.,2.2E-16));
#5645 = DIRECTION('',(1.,0.,0.));
#5646 = ORIENTED_EDGE('',*,*,#5647,.T.);
#5647 = EDGE_CURVE('',#5639,#5648,#5650,.T.);
#5648 = VERTEX_POINT('',#5649);
#5649 = CARTESIAN_POINT('',(152.675,-50.55,165.1565059557));
#5650 = CIRCLE('',#5651,22.);
#5651 = AXIS2_PLACEMENT_3D('',#5652,#5653,#5654);
#5652 = CARTESIAN_POINT('',(133.,-50.55,175.));
#5653 = DIRECTION('',(0.,-1.,2.2E-16));
#5654 = DIRECTION('',(1.,0.,0.));
#5655 = ORIENTED_EDGE('',*,*,#5656,.T.);
#5656 = EDGE_CURVE('',#5648,#5657,#5659,.T.);
#5657 = VERTEX_POINT('',#5658);
#5658 = CARTESIAN_POINT('',(155.,-50.55,175.));
#5659 = CIRCLE('',#5660,22.);
#5660 = AXIS2_PLACEMENT_3D('',#5661,#5662,#5663);
#5661 = CARTESIAN_POINT('',(133.,-50.55,175.));
#5662 = DIRECTION('',(0.,-1.,2.2E-16));
#5663 = DIRECTION('',(1.,0.,0.));
#5664 = ORIENTED_EDGE('',*,*,#5665,.T.);
#5665 = EDGE_CURVE('',#5657,#5666,#5668,.T.);
#5666 = VERTEX_POINT('',#5667);
#5667 = CARTESIAN_POINT('',(152.675,-50.55,184.84349404429));
#5668 = CIRCLE('',#5669,22.);
#5669 = AXIS2_PLACEMENT_3D('',#5670,#5671,#5672);
#5670 = CARTESIAN_POINT('',(133.,-50.55,175.));
#5671 = DIRECTION('',(0.,-1.,2.2E-16));
#5672 = DIRECTION('',(1.,0.,0.));
#5673 = ORIENTED_EDGE('',*,*,#5674,.T.);
#5674 = EDGE_CURVE('',#5666,#5675,#5677,.T.);
#5675 = VERTEX_POINT('',#5676);
#5676 = CARTESIAN_POINT('',(151.36221590435,-50.55,187.11730279731));
#5677 = CIRCLE('',#5678,22.);
#5678 = AXIS2_PLACEMENT_3D('',#5679,#5680,#5681);
#5679 = CARTESIAN_POINT('',(133.,-50.55,175.));
#5680 = DIRECTION('',(0.,-1.,2.2E-16));
#5681 = DIRECTION('',(1.,0.,0.));
#5682 = ORIENTED_EDGE('',*,*,#5683,.T.);
#5683 = EDGE_CURVE('',#5675,#5684,#5686,.T.);
#5684 = VERTEX_POINT('',#5685);
#5685 = CARTESIAN_POINT('',(134.31278409564,-50.55,196.9607968416));
#5686 = CIRCLE('',#5687,22.);
#5687 = AXIS2_PLACEMENT_3D('',#5688,#5689,#5690);
#5688 = CARTESIAN_POINT('',(133.,-50.55,175.));
#5689 = DIRECTION('',(0.,-1.,2.2E-16));
#5690 = DIRECTION('',(1.,0.,0.));
#5691 = ORIENTED_EDGE('',*,*,#5692,.T.);
#5692 = EDGE_CURVE('',#5684,#5693,#5695,.T.);
#5693 = VERTEX_POINT('',#5694);
#5694 = CARTESIAN_POINT('',(131.68721590435,-50.55,196.9607968416));
#5695 = CIRCLE('',#5696,22.);
#5696 = AXIS2_PLACEMENT_3D('',#5697,#5698,#5699);
#5697 = CARTESIAN_POINT('',(133.,-50.55,175.));
#5698 = DIRECTION('',(0.,-1.,2.2E-16));
#5699 = DIRECTION('',(1.,0.,0.));
#5700 = ORIENTED_EDGE('',*,*,#5701,.T.);
#5701 = EDGE_CURVE('',#5693,#5702,#5704,.T.);
#5702 = VERTEX_POINT('',#5703);
#5703 = CARTESIAN_POINT('',(114.63778409564,-50.55,187.11730279731));
#5704 = CIRCLE('',#5705,22.);
#5705 = AXIS2_PLACEMENT_3D('',#5706,#5707,#5708);
#5706 = CARTESIAN_POINT('',(133.,-50.55,175.));
#5707 = DIRECTION('',(0.,-1.,2.2E-16));
#5708 = DIRECTION('',(1.,0.,0.));
#5709 = ORIENTED_EDGE('',*,*,#5710,.T.);
#5710 = EDGE_CURVE('',#5702,#5711,#5713,.T.);
#5711 = VERTEX_POINT('',#5712);
#5712 = CARTESIAN_POINT('',(113.325,-50.55,184.84349404429));
#5713 = CIRCLE('',#5714,22.);
#5714 = AXIS2_PLACEMENT_3D('',#5715,#5716,#5717);
#5715 = CARTESIAN_POINT('',(133.,-50.55,175.));
#5716 = DIRECTION('',(0.,-1.,2.2E-16));
#5717 = DIRECTION('',(1.,0.,0.));
#5718 = ORIENTED_EDGE('',*,*,#5719,.T.);
#5719 = EDGE_CURVE('',#5711,#5720,#5722,.T.);
#5720 = VERTEX_POINT('',#5721);
#5721 = CARTESIAN_POINT('',(113.325,-50.55,165.1565059557));
#5722 = CIRCLE('',#5723,22.);
#5723 = AXIS2_PLACEMENT_3D('',#5724,#5725,#5726);
#5724 = CARTESIAN_POINT('',(133.,-50.55,175.));
#5725 = DIRECTION('',(0.,-1.,2.2E-16));
#5726 = DIRECTION('',(1.,0.,0.));
#5727 = ORIENTED_EDGE('',*,*,#5728,.T.);
#5728 = EDGE_CURVE('',#5720,#5729,#5731,.T.);
#5729 = VERTEX_POINT('',#5730);
#5730 = CARTESIAN_POINT('',(114.63778409564,-50.55,162.88269720268));
#5731 = CIRCLE('',#5732,22.);
#5732 = AXIS2_PLACEMENT_3D('',#5733,#5734,#5735);
#5733 = CARTESIAN_POINT('',(133.,-50.55,175.));
#5734 = DIRECTION('',(0.,-1.,2.2E-16));
#5735 = DIRECTION('',(1.,0.,0.));
#5736 = ORIENTED_EDGE('',*,*,#5737,.T.);
#5737 = EDGE_CURVE('',#5729,#5738,#5740,.T.);
#5738 = VERTEX_POINT('',#5739);
#5739 = CARTESIAN_POINT('',(131.68721590435,-50.55,153.03920315839));
#5740 = CIRCLE('',#5741,22.);
#5741 = AXIS2_PLACEMENT_3D('',#5742,#5743,#5744);
#5742 = CARTESIAN_POINT('',(133.,-50.55,175.));
#5743 = DIRECTION('',(0.,-1.,2.2E-16));
#5744 = DIRECTION('',(1.,0.,0.));
#5745 = ORIENTED_EDGE('',*,*,#5746,.T.);
#5746 = EDGE_CURVE('',#5738,#5637,#5747,.T.);
#5747 = CIRCLE('',#5748,22.);
#5748 = AXIS2_PLACEMENT_3D('',#5749,#5750,#5751);
#5749 = CARTESIAN_POINT('',(133.,-50.55,175.));
#5750 = DIRECTION('',(0.,-1.,2.2E-16));
#5751 = DIRECTION('',(1.,0.,0.));
#5752 = PLANE('',#5753);
#5753 = AXIS2_PLACEMENT_3D('',#5754,#5755,#5756);
#5754 = CARTESIAN_POINT('',(133.,-50.55,175.));
#5755 = DIRECTION('',(0.,1.,0.));
#5756 = DIRECTION('',(0.,0.,1.));
#5757 = ADVANCED_FACE('',(#5758),#5897,.T.);
#5758 = FACE_BOUND('',#5759,.F.);
#5759 = EDGE_LOOP('',(#5760,#5768,#5777,#5786,#5795,#5804,#5813,#5822,
    #5831,#5840,#5849,#5858,#5867,#5876,#5883,#5884,#5885,#5886,#5887,
    #5888,#5889,#5890,#5891,#5892,#5893,#5894,#5895,#5896));
#5760 = ORIENTED_EDGE('',*,*,#5761,.F.);
#5761 = EDGE_CURVE('',#5762,#5590,#5764,.T.);
#5762 = VERTEX_POINT('',#5763);
#5763 = CARTESIAN_POINT('',(155.,-23.675,175.));
#5764 = LINE('',#5765,#5766);
#5765 = CARTESIAN_POINT('',(155.,-127.5,175.));
#5766 = VECTOR('',#5767,1.);
#5767 = DIRECTION('',(0.,1.,0.));
#5768 = ORIENTED_EDGE('',*,*,#5769,.T.);
#5769 = EDGE_CURVE('',#5762,#5770,#5772,.T.);
#5770 = VERTEX_POINT('',#5771);
#5771 = CARTESIAN_POINT('',(152.675,-23.675,184.84349404429));
#5772 = CIRCLE('',#5773,22.);
#5773 = AXIS2_PLACEMENT_3D('',#5774,#5775,#5776);
#5774 = CARTESIAN_POINT('',(133.,-23.675,175.));
#5775 = DIRECTION('',(0.,-1.,2.2E-16));
#5776 = DIRECTION('',(1.,0.,0.));
#5777 = ORIENTED_EDGE('',*,*,#5778,.T.);
#5778 = EDGE_CURVE('',#5770,#5779,#5781,.T.);
#5779 = VERTEX_POINT('',#5780);
#5780 = CARTESIAN_POINT('',(151.36221590435,-23.675,187.11730279731));
#5781 = CIRCLE('',#5782,22.);
#5782 = AXIS2_PLACEMENT_3D('',#5783,#5784,#5785);
#5783 = CARTESIAN_POINT('',(133.,-23.675,175.));
#5784 = DIRECTION('',(0.,-1.,2.2E-16));
#5785 = DIRECTION('',(1.,0.,0.));
#5786 = ORIENTED_EDGE('',*,*,#5787,.T.);
#5787 = EDGE_CURVE('',#5779,#5788,#5790,.T.);
#5788 = VERTEX_POINT('',#5789);
#5789 = CARTESIAN_POINT('',(134.31278409564,-23.675,196.9607968416));
#5790 = CIRCLE('',#5791,22.);
#5791 = AXIS2_PLACEMENT_3D('',#5792,#5793,#5794);
#5792 = CARTESIAN_POINT('',(133.,-23.675,175.));
#5793 = DIRECTION('',(0.,-1.,2.2E-16));
#5794 = DIRECTION('',(1.,0.,0.));
#5795 = ORIENTED_EDGE('',*,*,#5796,.T.);
#5796 = EDGE_CURVE('',#5788,#5797,#5799,.T.);
#5797 = VERTEX_POINT('',#5798);
#5798 = CARTESIAN_POINT('',(131.68721590435,-23.675,196.9607968416));
#5799 = CIRCLE('',#5800,22.);
#5800 = AXIS2_PLACEMENT_3D('',#5801,#5802,#5803);
#5801 = CARTESIAN_POINT('',(133.,-23.675,175.));
#5802 = DIRECTION('',(0.,-1.,2.2E-16));
#5803 = DIRECTION('',(1.,0.,0.));
#5804 = ORIENTED_EDGE('',*,*,#5805,.T.);
#5805 = EDGE_CURVE('',#5797,#5806,#5808,.T.);
#5806 = VERTEX_POINT('',#5807);
#5807 = CARTESIAN_POINT('',(114.63778409564,-23.675,187.11730279731));
#5808 = CIRCLE('',#5809,22.);
#5809 = AXIS2_PLACEMENT_3D('',#5810,#5811,#5812);
#5810 = CARTESIAN_POINT('',(133.,-23.675,175.));
#5811 = DIRECTION('',(0.,-1.,2.2E-16));
#5812 = DIRECTION('',(1.,0.,0.));
#5813 = ORIENTED_EDGE('',*,*,#5814,.T.);
#5814 = EDGE_CURVE('',#5806,#5815,#5817,.T.);
#5815 = VERTEX_POINT('',#5816);
#5816 = CARTESIAN_POINT('',(113.325,-23.675,184.84349404429));
#5817 = CIRCLE('',#5818,22.);
#5818 = AXIS2_PLACEMENT_3D('',#5819,#5820,#5821);
#5819 = CARTESIAN_POINT('',(133.,-23.675,175.));
#5820 = DIRECTION('',(0.,-1.,2.2E-16));
#5821 = DIRECTION('',(1.,0.,0.));
#5822 = ORIENTED_EDGE('',*,*,#5823,.T.);
#5823 = EDGE_CURVE('',#5815,#5824,#5826,.T.);
#5824 = VERTEX_POINT('',#5825);
#5825 = CARTESIAN_POINT('',(113.325,-23.675,165.1565059557));
#5826 = CIRCLE('',#5827,22.);
#5827 = AXIS2_PLACEMENT_3D('',#5828,#5829,#5830);
#5828 = CARTESIAN_POINT('',(133.,-23.675,175.));
#5829 = DIRECTION('',(0.,-1.,2.2E-16));
#5830 = DIRECTION('',(1.,0.,0.));
#5831 = ORIENTED_EDGE('',*,*,#5832,.T.);
#5832 = EDGE_CURVE('',#5824,#5833,#5835,.T.);
#5833 = VERTEX_POINT('',#5834);
#5834 = CARTESIAN_POINT('',(114.63778409564,-23.675,162.88269720268));
#5835 = CIRCLE('',#5836,22.);
#5836 = AXIS2_PLACEMENT_3D('',#5837,#5838,#5839);
#5837 = CARTESIAN_POINT('',(133.,-23.675,175.));
#5838 = DIRECTION('',(0.,-1.,2.2E-16));
#5839 = DIRECTION('',(1.,0.,0.));
#5840 = ORIENTED_EDGE('',*,*,#5841,.T.);
#5841 = EDGE_CURVE('',#5833,#5842,#5844,.T.);
#5842 = VERTEX_POINT('',#5843);
#5843 = CARTESIAN_POINT('',(131.68721590435,-23.675,153.03920315839));
#5844 = CIRCLE('',#5845,22.);
#5845 = AXIS2_PLACEMENT_3D('',#5846,#5847,#5848);
#5846 = CARTESIAN_POINT('',(133.,-23.675,175.));
#5847 = DIRECTION('',(0.,-1.,2.2E-16));
#5848 = DIRECTION('',(1.,0.,0.));
#5849 = ORIENTED_EDGE('',*,*,#5850,.T.);
#5850 = EDGE_CURVE('',#5842,#5851,#5853,.T.);
#5851 = VERTEX_POINT('',#5852);
#5852 = CARTESIAN_POINT('',(134.31278409564,-23.675,153.03920315839));
#5853 = CIRCLE('',#5854,22.);
#5854 = AXIS2_PLACEMENT_3D('',#5855,#5856,#5857);
#5855 = CARTESIAN_POINT('',(133.,-23.675,175.));
#5856 = DIRECTION('',(0.,-1.,2.2E-16));
#5857 = DIRECTION('',(1.,0.,0.));
#5858 = ORIENTED_EDGE('',*,*,#5859,.T.);
#5859 = EDGE_CURVE('',#5851,#5860,#5862,.T.);
#5860 = VERTEX_POINT('',#5861);
#5861 = CARTESIAN_POINT('',(151.36221590435,-23.675,162.88269720268));
#5862 = CIRCLE('',#5863,22.);
#5863 = AXIS2_PLACEMENT_3D('',#5864,#5865,#5866);
#5864 = CARTESIAN_POINT('',(133.,-23.675,175.));
#5865 = DIRECTION('',(0.,-1.,2.2E-16));
#5866 = DIRECTION('',(1.,0.,0.));
#5867 = ORIENTED_EDGE('',*,*,#5868,.T.);
#5868 = EDGE_CURVE('',#5860,#5869,#5871,.T.);
#5869 = VERTEX_POINT('',#5870);
#5870 = CARTESIAN_POINT('',(152.675,-23.675,165.1565059557));
#5871 = CIRCLE('',#5872,22.);
#5872 = AXIS2_PLACEMENT_3D('',#5873,#5874,#5875);
#5873 = CARTESIAN_POINT('',(133.,-23.675,175.));
#5874 = DIRECTION('',(0.,-1.,2.2E-16));
#5875 = DIRECTION('',(1.,0.,0.));
#5876 = ORIENTED_EDGE('',*,*,#5877,.T.);
#5877 = EDGE_CURVE('',#5869,#5762,#5878,.T.);
#5878 = CIRCLE('',#5879,22.);
#5879 = AXIS2_PLACEMENT_3D('',#5880,#5881,#5882);
#5880 = CARTESIAN_POINT('',(133.,-23.675,175.));
#5881 = DIRECTION('',(0.,-1.,2.2E-16));
#5882 = DIRECTION('',(1.,0.,0.));
#5883 = ORIENTED_EDGE('',*,*,#5761,.T.);
#5884 = ORIENTED_EDGE('',*,*,#5598,.F.);
#5885 = ORIENTED_EDGE('',*,*,#5607,.F.);
#5886 = ORIENTED_EDGE('',*,*,#5497,.F.);
#5887 = ORIENTED_EDGE('',*,*,#5508,.F.);
#5888 = ORIENTED_EDGE('',*,*,#5517,.F.);
#5889 = ORIENTED_EDGE('',*,*,#5526,.F.);
#5890 = ORIENTED_EDGE('',*,*,#5535,.F.);
#5891 = ORIENTED_EDGE('',*,*,#5544,.F.);
#5892 = ORIENTED_EDGE('',*,*,#5553,.F.);
#5893 = ORIENTED_EDGE('',*,*,#5562,.F.);
#5894 = ORIENTED_EDGE('',*,*,#5571,.F.);
#5895 = ORIENTED_EDGE('',*,*,#5580,.F.);
#5896 = ORIENTED_EDGE('',*,*,#5589,.F.);
#5897 = CYLINDRICAL_SURFACE('',#5898,22.);
#5898 = AXIS2_PLACEMENT_3D('',#5899,#5900,#5901);
#5899 = CARTESIAN_POINT('',(133.,-127.5,175.));
#5900 = DIRECTION('',(-0.,-1.,0.));
#5901 = DIRECTION('',(1.,0.,0.));
#5902 = ADVANCED_FACE('',(#5903),#6042,.T.);
#5903 = FACE_BOUND('',#5904,.F.);
#5904 = EDGE_LOOP('',(#5905,#5913,#5914,#5915,#5916,#5917,#5918,#5919,
    #5920,#5921,#5922,#5923,#5924,#5925,#5926,#5927,#5936,#5945,#5954,
    #5963,#5972,#5981,#5990,#5999,#6008,#6017,#6026,#6035));
#5905 = ORIENTED_EDGE('',*,*,#5906,.F.);
#5906 = EDGE_CURVE('',#5657,#5907,#5909,.T.);
#5907 = VERTEX_POINT('',#5908);
#5908 = CARTESIAN_POINT('',(155.,-26.875,175.));
#5909 = LINE('',#5910,#5911);
#5910 = CARTESIAN_POINT('',(155.,-127.5,175.));
#5911 = VECTOR('',#5912,1.);
#5912 = DIRECTION('',(0.,1.,0.));
#5913 = ORIENTED_EDGE('',*,*,#5665,.T.);
#5914 = ORIENTED_EDGE('',*,*,#5674,.T.);
#5915 = ORIENTED_EDGE('',*,*,#5683,.T.);
#5916 = ORIENTED_EDGE('',*,*,#5692,.T.);
#5917 = ORIENTED_EDGE('',*,*,#5701,.T.);
#5918 = ORIENTED_EDGE('',*,*,#5710,.T.);
#5919 = ORIENTED_EDGE('',*,*,#5719,.T.);
#5920 = ORIENTED_EDGE('',*,*,#5728,.T.);
#5921 = ORIENTED_EDGE('',*,*,#5737,.T.);
#5922 = ORIENTED_EDGE('',*,*,#5746,.T.);
#5923 = ORIENTED_EDGE('',*,*,#5636,.T.);
#5924 = ORIENTED_EDGE('',*,*,#5647,.T.);
#5925 = ORIENTED_EDGE('',*,*,#5656,.T.);
#5926 = ORIENTED_EDGE('',*,*,#5906,.T.);
#5927 = ORIENTED_EDGE('',*,*,#5928,.F.);
#5928 = EDGE_CURVE('',#5929,#5907,#5931,.T.);
#5929 = VERTEX_POINT('',#5930);
#5930 = CARTESIAN_POINT('',(152.675,-26.875,165.1565059557));
#5931 = CIRCLE('',#5932,22.);
#5932 = AXIS2_PLACEMENT_3D('',#5933,#5934,#5935);
#5933 = CARTESIAN_POINT('',(133.,-26.875,175.));
#5934 = DIRECTION('',(0.,-1.,2.2E-16));
#5935 = DIRECTION('',(1.,0.,0.));
#5936 = ORIENTED_EDGE('',*,*,#5937,.F.);
#5937 = EDGE_CURVE('',#5938,#5929,#5940,.T.);
#5938 = VERTEX_POINT('',#5939);
#5939 = CARTESIAN_POINT('',(151.36221590435,-26.875,162.88269720268));
#5940 = CIRCLE('',#5941,22.);
#5941 = AXIS2_PLACEMENT_3D('',#5942,#5943,#5944);
#5942 = CARTESIAN_POINT('',(133.,-26.875,175.));
#5943 = DIRECTION('',(0.,-1.,2.2E-16));
#5944 = DIRECTION('',(1.,0.,0.));
#5945 = ORIENTED_EDGE('',*,*,#5946,.F.);
#5946 = EDGE_CURVE('',#5947,#5938,#5949,.T.);
#5947 = VERTEX_POINT('',#5948);
#5948 = CARTESIAN_POINT('',(134.31278409564,-26.875,153.03920315839));
#5949 = CIRCLE('',#5950,22.);
#5950 = AXIS2_PLACEMENT_3D('',#5951,#5952,#5953);
#5951 = CARTESIAN_POINT('',(133.,-26.875,175.));
#5952 = DIRECTION('',(0.,-1.,2.2E-16));
#5953 = DIRECTION('',(1.,0.,0.));
#5954 = ORIENTED_EDGE('',*,*,#5955,.F.);
#5955 = EDGE_CURVE('',#5956,#5947,#5958,.T.);
#5956 = VERTEX_POINT('',#5957);
#5957 = CARTESIAN_POINT('',(131.68721590435,-26.875,153.03920315839));
#5958 = CIRCLE('',#5959,22.);
#5959 = AXIS2_PLACEMENT_3D('',#5960,#5961,#5962);
#5960 = CARTESIAN_POINT('',(133.,-26.875,175.));
#5961 = DIRECTION('',(0.,-1.,2.2E-16));
#5962 = DIRECTION('',(1.,0.,0.));
#5963 = ORIENTED_EDGE('',*,*,#5964,.F.);
#5964 = EDGE_CURVE('',#5965,#5956,#5967,.T.);
#5965 = VERTEX_POINT('',#5966);
#5966 = CARTESIAN_POINT('',(114.63778409564,-26.875,162.88269720268));
#5967 = CIRCLE('',#5968,22.);
#5968 = AXIS2_PLACEMENT_3D('',#5969,#5970,#5971);
#5969 = CARTESIAN_POINT('',(133.,-26.875,175.));
#5970 = DIRECTION('',(0.,-1.,2.2E-16));
#5971 = DIRECTION('',(1.,0.,0.));
#5972 = ORIENTED_EDGE('',*,*,#5973,.F.);
#5973 = EDGE_CURVE('',#5974,#5965,#5976,.T.);
#5974 = VERTEX_POINT('',#5975);
#5975 = CARTESIAN_POINT('',(113.325,-26.875,165.1565059557));
#5976 = CIRCLE('',#5977,22.);
#5977 = AXIS2_PLACEMENT_3D('',#5978,#5979,#5980);
#5978 = CARTESIAN_POINT('',(133.,-26.875,175.));
#5979 = DIRECTION('',(0.,-1.,2.2E-16));
#5980 = DIRECTION('',(1.,0.,0.));
#5981 = ORIENTED_EDGE('',*,*,#5982,.F.);
#5982 = EDGE_CURVE('',#5983,#5974,#5985,.T.);
#5983 = VERTEX_POINT('',#5984);
#5984 = CARTESIAN_POINT('',(113.325,-26.875,184.84349404429));
#5985 = CIRCLE('',#5986,22.);
#5986 = AXIS2_PLACEMENT_3D('',#5987,#5988,#5989);
#5987 = CARTESIAN_POINT('',(133.,-26.875,175.));
#5988 = DIRECTION('',(0.,-1.,2.2E-16));
#5989 = DIRECTION('',(1.,0.,0.));
#5990 = ORIENTED_EDGE('',*,*,#5991,.F.);
#5991 = EDGE_CURVE('',#5992,#5983,#5994,.T.);
#5992 = VERTEX_POINT('',#5993);
#5993 = CARTESIAN_POINT('',(114.63778409564,-26.875,187.11730279731));
#5994 = CIRCLE('',#5995,22.);
#5995 = AXIS2_PLACEMENT_3D('',#5996,#5997,#5998);
#5996 = CARTESIAN_POINT('',(133.,-26.875,175.));
#5997 = DIRECTION('',(0.,-1.,2.2E-16));
#5998 = DIRECTION('',(1.,0.,0.));
#5999 = ORIENTED_EDGE('',*,*,#6000,.F.);
#6000 = EDGE_CURVE('',#6001,#5992,#6003,.T.);
#6001 = VERTEX_POINT('',#6002);
#6002 = CARTESIAN_POINT('',(131.68721590435,-26.875,196.9607968416));
#6003 = CIRCLE('',#6004,22.);
#6004 = AXIS2_PLACEMENT_3D('',#6005,#6006,#6007);
#6005 = CARTESIAN_POINT('',(133.,-26.875,175.));
#6006 = DIRECTION('',(0.,-1.,2.2E-16));
#6007 = DIRECTION('',(1.,0.,0.));
#6008 = ORIENTED_EDGE('',*,*,#6009,.F.);
#6009 = EDGE_CURVE('',#6010,#6001,#6012,.T.);
#6010 = VERTEX_POINT('',#6011);
#6011 = CARTESIAN_POINT('',(134.31278409564,-26.875,196.9607968416));
#6012 = CIRCLE('',#6013,22.);
#6013 = AXIS2_PLACEMENT_3D('',#6014,#6015,#6016);
#6014 = CARTESIAN_POINT('',(133.,-26.875,175.));
#6015 = DIRECTION('',(0.,-1.,2.2E-16));
#6016 = DIRECTION('',(1.,0.,0.));
#6017 = ORIENTED_EDGE('',*,*,#6018,.F.);
#6018 = EDGE_CURVE('',#6019,#6010,#6021,.T.);
#6019 = VERTEX_POINT('',#6020);
#6020 = CARTESIAN_POINT('',(151.36221590435,-26.875,187.11730279731));
#6021 = CIRCLE('',#6022,22.);
#6022 = AXIS2_PLACEMENT_3D('',#6023,#6024,#6025);
#6023 = CARTESIAN_POINT('',(133.,-26.875,175.));
#6024 = DIRECTION('',(0.,-1.,2.2E-16));
#6025 = DIRECTION('',(1.,0.,0.));
#6026 = ORIENTED_EDGE('',*,*,#6027,.F.);
#6027 = EDGE_CURVE('',#6028,#6019,#6030,.T.);
#6028 = VERTEX_POINT('',#6029);
#6029 = CARTESIAN_POINT('',(152.675,-26.875,184.84349404429));
#6030 = CIRCLE('',#6031,22.);
#6031 = AXIS2_PLACEMENT_3D('',#6032,#6033,#6034);
#6032 = CARTESIAN_POINT('',(133.,-26.875,175.));
#6033 = DIRECTION('',(0.,-1.,2.2E-16));
#6034 = DIRECTION('',(1.,0.,0.));
#6035 = ORIENTED_EDGE('',*,*,#6036,.F.);
#6036 = EDGE_CURVE('',#5907,#6028,#6037,.T.);
#6037 = CIRCLE('',#6038,22.);
#6038 = AXIS2_PLACEMENT_3D('',#6039,#6040,#6041);
#6039 = CARTESIAN_POINT('',(133.,-26.875,175.));
#6040 = DIRECTION('',(0.,-1.,2.2E-16));
#6041 = DIRECTION('',(1.,0.,0.));
#6042 = CYLINDRICAL_SURFACE('',#6043,22.);
#6043 = AXIS2_PLACEMENT_3D('',#6044,#6045,#6046);
#6044 = CARTESIAN_POINT('',(133.,-127.5,175.));
#6045 = DIRECTION('',(-0.,-1.,0.));
#6046 = DIRECTION('',(1.,0.,0.));
#6047 = ADVANCED_FACE('',(#6048,#6146),#6161,.T.);
#6048 = FACE_BOUND('',#6049,.T.);
#6049 = EDGE_LOOP('',(#6050,#6060,#6068,#6076,#6084,#6092,#6100,#6108,
    #6116,#6124,#6132,#6140));
#6050 = ORIENTED_EDGE('',*,*,#6051,.T.);
#6051 = EDGE_CURVE('',#6052,#6054,#6056,.T.);
#6052 = VERTEX_POINT('',#6053);
#6053 = CARTESIAN_POINT('',(152.675,-23.675,163.64063345369));
#6054 = VERTEX_POINT('',#6055);
#6055 = CARTESIAN_POINT('',(152.675,-23.675,140.92190036108));
#6056 = LINE('',#6057,#6058);
#6057 = CARTESIAN_POINT('',(152.675,-23.675,209.07809963891));
#6058 = VECTOR('',#6059,1.);
#6059 = DIRECTION('',(6.106226635438E-16,0.,-1.));
#6060 = ORIENTED_EDGE('',*,*,#6061,.T.);
#6061 = EDGE_CURVE('',#6054,#6062,#6064,.T.);
#6062 = VERTEX_POINT('',#6063);
#6063 = CARTESIAN_POINT('',(133.,-23.675,152.28126690738));
#6064 = LINE('',#6065,#6066);
#6065 = CARTESIAN_POINT('',(152.675,-23.675,140.92190036108));
#6066 = VECTOR('',#6067,1.);
#6067 = DIRECTION('',(-0.866025403784,0.,0.5));
#6068 = ORIENTED_EDGE('',*,*,#6069,.T.);
#6069 = EDGE_CURVE('',#6062,#6070,#6072,.T.);
#6070 = VERTEX_POINT('',#6071);
#6071 = CARTESIAN_POINT('',(113.325,-23.675,140.92190036108));
#6072 = LINE('',#6073,#6074);
#6073 = CARTESIAN_POINT('',(172.35,-23.675,175.));
#6074 = VECTOR('',#6075,1.);
#6075 = DIRECTION('',(-0.866025403784,0.,-0.5));
#6076 = ORIENTED_EDGE('',*,*,#6077,.T.);
#6077 = EDGE_CURVE('',#6070,#6078,#6080,.T.);
#6078 = VERTEX_POINT('',#6079);
#6079 = CARTESIAN_POINT('',(113.325,-23.675,163.64063345369));
#6080 = LINE('',#6081,#6082);
#6081 = CARTESIAN_POINT('',(113.325,-23.675,140.92190036108));
#6082 = VECTOR('',#6083,1.);
#6083 = DIRECTION('',(-2.6E-16,0.,1.));
#6084 = ORIENTED_EDGE('',*,*,#6085,.T.);
#6085 = EDGE_CURVE('',#6078,#6086,#6088,.T.);
#6086 = VERTEX_POINT('',#6087);
#6087 = CARTESIAN_POINT('',(93.65,-23.675,175.));
#6088 = LINE('',#6089,#6090);
#6089 = CARTESIAN_POINT('',(152.675,-23.675,140.92190036108));
#6090 = VECTOR('',#6091,1.);
#6091 = DIRECTION('',(-0.866025403784,0.,0.5));
#6092 = ORIENTED_EDGE('',*,*,#6093,.T.);
#6093 = EDGE_CURVE('',#6086,#6094,#6096,.T.);
#6094 = VERTEX_POINT('',#6095);
#6095 = CARTESIAN_POINT('',(113.325,-23.675,186.3593665463));
#6096 = LINE('',#6097,#6098);
#6097 = CARTESIAN_POINT('',(93.65,-23.675,175.));
#6098 = VECTOR('',#6099,1.);
#6099 = DIRECTION('',(0.866025403784,0.,0.5));
#6100 = ORIENTED_EDGE('',*,*,#6101,.T.);
#6101 = EDGE_CURVE('',#6094,#6102,#6104,.T.);
#6102 = VERTEX_POINT('',#6103);
#6103 = CARTESIAN_POINT('',(113.325,-23.675,209.07809963891));
#6104 = LINE('',#6105,#6106);
#6105 = CARTESIAN_POINT('',(113.325,-23.675,140.92190036108));
#6106 = VECTOR('',#6107,1.);
#6107 = DIRECTION('',(-2.6E-16,0.,1.));
#6108 = ORIENTED_EDGE('',*,*,#6109,.T.);
#6109 = EDGE_CURVE('',#6102,#6110,#6112,.T.);
#6110 = VERTEX_POINT('',#6111);
#6111 = CARTESIAN_POINT('',(133.,-23.675,197.71873309261));
#6112 = LINE('',#6113,#6114);
#6113 = CARTESIAN_POINT('',(113.325,-23.675,209.07809963891));
#6114 = VECTOR('',#6115,1.);
#6115 = DIRECTION('',(0.866025403784,0.,-0.5));
#6116 = ORIENTED_EDGE('',*,*,#6117,.T.);
#6117 = EDGE_CURVE('',#6110,#6118,#6120,.T.);
#6118 = VERTEX_POINT('',#6119);
#6119 = CARTESIAN_POINT('',(152.675,-23.675,209.07809963891));
#6120 = LINE('',#6121,#6122);
#6121 = CARTESIAN_POINT('',(93.65,-23.675,175.));
#6122 = VECTOR('',#6123,1.);
#6123 = DIRECTION('',(0.866025403784,0.,0.5));
#6124 = ORIENTED_EDGE('',*,*,#6125,.T.);
#6125 = EDGE_CURVE('',#6118,#6126,#6128,.T.);
#6126 = VERTEX_POINT('',#6127);
#6127 = CARTESIAN_POINT('',(152.675,-23.675,186.3593665463));
#6128 = LINE('',#6129,#6130);
#6129 = CARTESIAN_POINT('',(152.675,-23.675,209.07809963891));
#6130 = VECTOR('',#6131,1.);
#6131 = DIRECTION('',(6.106226635438E-16,0.,-1.));
#6132 = ORIENTED_EDGE('',*,*,#6133,.T.);
#6133 = EDGE_CURVE('',#6126,#6134,#6136,.T.);
#6134 = VERTEX_POINT('',#6135);
#6135 = CARTESIAN_POINT('',(172.35,-23.675,175.));
#6136 = LINE('',#6137,#6138);
#6137 = CARTESIAN_POINT('',(113.325,-23.675,209.07809963891));
#6138 = VECTOR('',#6139,1.);
#6139 = DIRECTION('',(0.866025403784,0.,-0.5));
#6140 = ORIENTED_EDGE('',*,*,#6141,.T.);
#6141 = EDGE_CURVE('',#6134,#6052,#6142,.T.);
#6142 = LINE('',#6143,#6144);
#6143 = CARTESIAN_POINT('',(172.35,-23.675,175.));
#6144 = VECTOR('',#6145,1.);
#6145 = DIRECTION('',(-0.866025403784,0.,-0.5));
#6146 = FACE_BOUND('',#6147,.T.);
#6147 = EDGE_LOOP('',(#6148,#6149,#6150,#6151,#6152,#6153,#6154,#6155,
    #6156,#6157,#6158,#6159,#6160));
#6148 = ORIENTED_EDGE('',*,*,#5859,.T.);
#6149 = ORIENTED_EDGE('',*,*,#5868,.T.);
#6150 = ORIENTED_EDGE('',*,*,#5877,.T.);
#6151 = ORIENTED_EDGE('',*,*,#5769,.T.);
#6152 = ORIENTED_EDGE('',*,*,#5778,.T.);
#6153 = ORIENTED_EDGE('',*,*,#5787,.T.);
#6154 = ORIENTED_EDGE('',*,*,#5796,.T.);
#6155 = ORIENTED_EDGE('',*,*,#5805,.T.);
#6156 = ORIENTED_EDGE('',*,*,#5814,.T.);
#6157 = ORIENTED_EDGE('',*,*,#5823,.T.);
#6158 = ORIENTED_EDGE('',*,*,#5832,.T.);
#6159 = ORIENTED_EDGE('',*,*,#5841,.T.);
#6160 = ORIENTED_EDGE('',*,*,#5850,.T.);
#6161 = PLANE('',#6162);
#6162 = AXIS2_PLACEMENT_3D('',#6163,#6164,#6165);
#6163 = CARTESIAN_POINT('',(133.,-23.675,175.));
#6164 = DIRECTION('',(0.,1.,0.));
#6165 = DIRECTION('',(0.,0.,1.));
#6166 = ADVANCED_FACE('',(#6167,#6265),#6280,.T.);
#6167 = FACE_BOUND('',#6168,.T.);
#6168 = EDGE_LOOP('',(#6169,#6179,#6187,#6195,#6203,#6211,#6219,#6227,
    #6235,#6243,#6251,#6259));
#6169 = ORIENTED_EDGE('',*,*,#6170,.F.);
#6170 = EDGE_CURVE('',#6171,#6173,#6175,.T.);
#6171 = VERTEX_POINT('',#6172);
#6172 = CARTESIAN_POINT('',(152.675,-26.875,163.64063345369));
#6173 = VERTEX_POINT('',#6174);
#6174 = CARTESIAN_POINT('',(152.675,-26.875,140.92190036108));
#6175 = LINE('',#6176,#6177);
#6176 = CARTESIAN_POINT('',(152.675,-26.875,209.07809963891));
#6177 = VECTOR('',#6178,1.);
#6178 = DIRECTION('',(6.106226635438E-16,0.,-1.));
#6179 = ORIENTED_EDGE('',*,*,#6180,.F.);
#6180 = EDGE_CURVE('',#6181,#6171,#6183,.T.);
#6181 = VERTEX_POINT('',#6182);
#6182 = CARTESIAN_POINT('',(172.35,-26.875,175.));
#6183 = LINE('',#6184,#6185);
#6184 = CARTESIAN_POINT('',(172.35,-26.875,175.));
#6185 = VECTOR('',#6186,1.);
#6186 = DIRECTION('',(-0.866025403784,0.,-0.5));
#6187 = ORIENTED_EDGE('',*,*,#6188,.F.);
#6188 = EDGE_CURVE('',#6189,#6181,#6191,.T.);
#6189 = VERTEX_POINT('',#6190);
#6190 = CARTESIAN_POINT('',(152.675,-26.875,186.3593665463));
#6191 = LINE('',#6192,#6193);
#6192 = CARTESIAN_POINT('',(113.325,-26.875,209.07809963891));
#6193 = VECTOR('',#6194,1.);
#6194 = DIRECTION('',(0.866025403784,0.,-0.5));
#6195 = ORIENTED_EDGE('',*,*,#6196,.F.);
#6196 = EDGE_CURVE('',#6197,#6189,#6199,.T.);
#6197 = VERTEX_POINT('',#6198);
#6198 = CARTESIAN_POINT('',(152.675,-26.875,209.07809963891));
#6199 = LINE('',#6200,#6201);
#6200 = CARTESIAN_POINT('',(152.675,-26.875,209.07809963891));
#6201 = VECTOR('',#6202,1.);
#6202 = DIRECTION('',(6.106226635438E-16,0.,-1.));
#6203 = ORIENTED_EDGE('',*,*,#6204,.F.);
#6204 = EDGE_CURVE('',#6205,#6197,#6207,.T.);
#6205 = VERTEX_POINT('',#6206);
#6206 = CARTESIAN_POINT('',(133.,-26.875,197.71873309261));
#6207 = LINE('',#6208,#6209);
#6208 = CARTESIAN_POINT('',(93.65,-26.875,175.));
#6209 = VECTOR('',#6210,1.);
#6210 = DIRECTION('',(0.866025403784,0.,0.5));
#6211 = ORIENTED_EDGE('',*,*,#6212,.F.);
#6212 = EDGE_CURVE('',#6213,#6205,#6215,.T.);
#6213 = VERTEX_POINT('',#6214);
#6214 = CARTESIAN_POINT('',(113.325,-26.875,209.07809963891));
#6215 = LINE('',#6216,#6217);
#6216 = CARTESIAN_POINT('',(113.325,-26.875,209.07809963891));
#6217 = VECTOR('',#6218,1.);
#6218 = DIRECTION('',(0.866025403784,0.,-0.5));
#6219 = ORIENTED_EDGE('',*,*,#6220,.F.);
#6220 = EDGE_CURVE('',#6221,#6213,#6223,.T.);
#6221 = VERTEX_POINT('',#6222);
#6222 = CARTESIAN_POINT('',(113.325,-26.875,186.3593665463));
#6223 = LINE('',#6224,#6225);
#6224 = CARTESIAN_POINT('',(113.325,-26.875,140.92190036108));
#6225 = VECTOR('',#6226,1.);
#6226 = DIRECTION('',(-2.6E-16,0.,1.));
#6227 = ORIENTED_EDGE('',*,*,#6228,.F.);
#6228 = EDGE_CURVE('',#6229,#6221,#6231,.T.);
#6229 = VERTEX_POINT('',#6230);
#6230 = CARTESIAN_POINT('',(93.65,-26.875,175.));
#6231 = LINE('',#6232,#6233);
#6232 = CARTESIAN_POINT('',(93.65,-26.875,175.));
#6233 = VECTOR('',#6234,1.);
#6234 = DIRECTION('',(0.866025403784,0.,0.5));
#6235 = ORIENTED_EDGE('',*,*,#6236,.F.);
#6236 = EDGE_CURVE('',#6237,#6229,#6239,.T.);
#6237 = VERTEX_POINT('',#6238);
#6238 = CARTESIAN_POINT('',(113.325,-26.875,163.64063345369));
#6239 = LINE('',#6240,#6241);
#6240 = CARTESIAN_POINT('',(152.675,-26.875,140.92190036108));
#6241 = VECTOR('',#6242,1.);
#6242 = DIRECTION('',(-0.866025403784,0.,0.5));
#6243 = ORIENTED_EDGE('',*,*,#6244,.F.);
#6244 = EDGE_CURVE('',#6245,#6237,#6247,.T.);
#6245 = VERTEX_POINT('',#6246);
#6246 = CARTESIAN_POINT('',(113.325,-26.875,140.92190036108));
#6247 = LINE('',#6248,#6249);
#6248 = CARTESIAN_POINT('',(113.325,-26.875,140.92190036108));
#6249 = VECTOR('',#6250,1.);
#6250 = DIRECTION('',(-2.6E-16,0.,1.));
#6251 = ORIENTED_EDGE('',*,*,#6252,.F.);
#6252 = EDGE_CURVE('',#6253,#6245,#6255,.T.);
#6253 = VERTEX_POINT('',#6254);
#6254 = CARTESIAN_POINT('',(133.,-26.875,152.28126690738));
#6255 = LINE('',#6256,#6257);
#6256 = CARTESIAN_POINT('',(172.35,-26.875,175.));
#6257 = VECTOR('',#6258,1.);
#6258 = DIRECTION('',(-0.866025403784,0.,-0.5));
#6259 = ORIENTED_EDGE('',*,*,#6260,.F.);
#6260 = EDGE_CURVE('',#6173,#6253,#6261,.T.);
#6261 = LINE('',#6262,#6263);
#6262 = CARTESIAN_POINT('',(152.675,-26.875,140.92190036108));
#6263 = VECTOR('',#6264,1.);
#6264 = DIRECTION('',(-0.866025403784,0.,0.5));
#6265 = FACE_BOUND('',#6266,.T.);
#6266 = EDGE_LOOP('',(#6267,#6268,#6269,#6270,#6271,#6272,#6273,#6274,
    #6275,#6276,#6277,#6278,#6279));
#6267 = ORIENTED_EDGE('',*,*,#5946,.F.);
#6268 = ORIENTED_EDGE('',*,*,#5955,.F.);
#6269 = ORIENTED_EDGE('',*,*,#5964,.F.);
#6270 = ORIENTED_EDGE('',*,*,#5973,.F.);
#6271 = ORIENTED_EDGE('',*,*,#5982,.F.);
#6272 = ORIENTED_EDGE('',*,*,#5991,.F.);
#6273 = ORIENTED_EDGE('',*,*,#6000,.F.);
#6274 = ORIENTED_EDGE('',*,*,#6009,.F.);
#6275 = ORIENTED_EDGE('',*,*,#6018,.F.);
#6276 = ORIENTED_EDGE('',*,*,#6027,.F.);
#6277 = ORIENTED_EDGE('',*,*,#6036,.F.);
#6278 = ORIENTED_EDGE('',*,*,#5928,.F.);
#6279 = ORIENTED_EDGE('',*,*,#5937,.F.);
#6280 = PLANE('',#6281);
#6281 = AXIS2_PLACEMENT_3D('',#6282,#6283,#6284);
#6282 = CARTESIAN_POINT('',(133.,-26.875,175.));
#6283 = DIRECTION('',(-0.,-1.,-0.));
#6284 = DIRECTION('',(0.,0.,-1.));
#6285 = ADVANCED_FACE('',(#6286),#6302,.F.);
#6286 = FACE_BOUND('',#6287,.F.);
#6287 = EDGE_LOOP('',(#6288,#6289,#6295,#6296));
#6288 = ORIENTED_EDGE('',*,*,#6170,.F.);
#6289 = ORIENTED_EDGE('',*,*,#6290,.F.);
#6290 = EDGE_CURVE('',#6052,#6171,#6291,.T.);
#6291 = LINE('',#6292,#6293);
#6292 = CARTESIAN_POINT('',(152.675,-26.875,163.64063345369));
#6293 = VECTOR('',#6294,1.);
#6294 = DIRECTION('',(0.,-1.,2.2E-16));
#6295 = ORIENTED_EDGE('',*,*,#6051,.T.);
#6296 = ORIENTED_EDGE('',*,*,#6297,.F.);
#6297 = EDGE_CURVE('',#6173,#6054,#6298,.T.);
#6298 = LINE('',#6299,#6300);
#6299 = CARTESIAN_POINT('',(152.675,-26.875,140.92190036108));
#6300 = VECTOR('',#6301,1.);
#6301 = DIRECTION('',(0.,1.,0.));
#6302 = PLANE('',#6303);
#6303 = AXIS2_PLACEMENT_3D('',#6304,#6305,#6306);
#6304 = CARTESIAN_POINT('',(152.675,-26.875,209.07809963891));
#6305 = DIRECTION('',(-1.,0.,-6.106226635438E-16));
#6306 = DIRECTION('',(6.106226635438E-16,0.,-1.));
#6307 = ADVANCED_FACE('',(#6308),#6319,.F.);
#6308 = FACE_BOUND('',#6309,.F.);
#6309 = EDGE_LOOP('',(#6310,#6311,#6312,#6313));
#6310 = ORIENTED_EDGE('',*,*,#6260,.F.);
#6311 = ORIENTED_EDGE('',*,*,#6297,.T.);
#6312 = ORIENTED_EDGE('',*,*,#6061,.T.);
#6313 = ORIENTED_EDGE('',*,*,#6314,.F.);
#6314 = EDGE_CURVE('',#6253,#6062,#6315,.T.);
#6315 = LINE('',#6316,#6317);
#6316 = CARTESIAN_POINT('',(133.,-26.875,152.28126690738));
#6317 = VECTOR('',#6318,1.);
#6318 = DIRECTION('',(1.9E-16,1.,-1.1E-16));
#6319 = PLANE('',#6320);
#6320 = AXIS2_PLACEMENT_3D('',#6321,#6322,#6323);
#6321 = CARTESIAN_POINT('',(152.675,-26.875,140.92190036108));
#6322 = DIRECTION('',(0.5,0.,0.866025403784));
#6323 = DIRECTION('',(-0.866025403784,0.,0.5));
#6324 = ADVANCED_FACE('',(#6325),#6336,.F.);
#6325 = FACE_BOUND('',#6326,.F.);
#6326 = EDGE_LOOP('',(#6327,#6328,#6329,#6330));
#6327 = ORIENTED_EDGE('',*,*,#6252,.F.);
#6328 = ORIENTED_EDGE('',*,*,#6314,.T.);
#6329 = ORIENTED_EDGE('',*,*,#6069,.T.);
#6330 = ORIENTED_EDGE('',*,*,#6331,.F.);
#6331 = EDGE_CURVE('',#6245,#6070,#6332,.T.);
#6332 = LINE('',#6333,#6334);
#6333 = CARTESIAN_POINT('',(113.325,-26.875,140.92190036108));
#6334 = VECTOR('',#6335,1.);
#6335 = DIRECTION('',(0.,1.,0.));
#6336 = PLANE('',#6337);
#6337 = AXIS2_PLACEMENT_3D('',#6338,#6339,#6340);
#6338 = CARTESIAN_POINT('',(172.35,-26.875,175.));
#6339 = DIRECTION('',(-0.5,0.,0.866025403784));
#6340 = DIRECTION('',(-0.866025403784,0.,-0.5));
#6341 = ADVANCED_FACE('',(#6342),#6353,.F.);
#6342 = FACE_BOUND('',#6343,.F.);
#6343 = EDGE_LOOP('',(#6344,#6345,#6346,#6347));
#6344 = ORIENTED_EDGE('',*,*,#6244,.F.);
#6345 = ORIENTED_EDGE('',*,*,#6331,.T.);
#6346 = ORIENTED_EDGE('',*,*,#6077,.T.);
#6347 = ORIENTED_EDGE('',*,*,#6348,.T.);
#6348 = EDGE_CURVE('',#6078,#6237,#6349,.T.);
#6349 = LINE('',#6350,#6351);
#6350 = CARTESIAN_POINT('',(113.325,-26.875,163.64063345369));
#6351 = VECTOR('',#6352,1.);
#6352 = DIRECTION('',(0.,-1.,0.));
#6353 = PLANE('',#6354);
#6354 = AXIS2_PLACEMENT_3D('',#6355,#6356,#6357);
#6355 = CARTESIAN_POINT('',(113.325,-26.875,140.92190036108));
#6356 = DIRECTION('',(1.,0.,2.6E-16));
#6357 = DIRECTION('',(-2.6E-16,0.,1.));
#6358 = ADVANCED_FACE('',(#6359),#6370,.F.);
#6359 = FACE_BOUND('',#6360,.F.);
#6360 = EDGE_LOOP('',(#6361,#6362,#6363,#6364));
#6361 = ORIENTED_EDGE('',*,*,#6236,.F.);
#6362 = ORIENTED_EDGE('',*,*,#6348,.F.);
#6363 = ORIENTED_EDGE('',*,*,#6085,.T.);
#6364 = ORIENTED_EDGE('',*,*,#6365,.F.);
#6365 = EDGE_CURVE('',#6229,#6086,#6366,.T.);
#6366 = LINE('',#6367,#6368);
#6367 = CARTESIAN_POINT('',(93.65,-26.875,175.));
#6368 = VECTOR('',#6369,1.);
#6369 = DIRECTION('',(0.,1.,0.));
#6370 = PLANE('',#6371);
#6371 = AXIS2_PLACEMENT_3D('',#6372,#6373,#6374);
#6372 = CARTESIAN_POINT('',(152.675,-26.875,140.92190036108));
#6373 = DIRECTION('',(0.5,0.,0.866025403784));
#6374 = DIRECTION('',(-0.866025403784,0.,0.5));
#6375 = ADVANCED_FACE('',(#6376),#6387,.F.);
#6376 = FACE_BOUND('',#6377,.F.);
#6377 = EDGE_LOOP('',(#6378,#6379,#6380,#6381));
#6378 = ORIENTED_EDGE('',*,*,#6228,.F.);
#6379 = ORIENTED_EDGE('',*,*,#6365,.T.);
#6380 = ORIENTED_EDGE('',*,*,#6093,.T.);
#6381 = ORIENTED_EDGE('',*,*,#6382,.F.);
#6382 = EDGE_CURVE('',#6221,#6094,#6383,.T.);
#6383 = LINE('',#6384,#6385);
#6384 = CARTESIAN_POINT('',(113.325,-26.875,186.3593665463));
#6385 = VECTOR('',#6386,1.);
#6386 = DIRECTION('',(0.,1.,0.));
#6387 = PLANE('',#6388);
#6388 = AXIS2_PLACEMENT_3D('',#6389,#6390,#6391);
#6389 = CARTESIAN_POINT('',(93.65,-26.875,175.));
#6390 = DIRECTION('',(0.5,0.,-0.866025403784));
#6391 = DIRECTION('',(0.866025403784,0.,0.5));
#6392 = ADVANCED_FACE('',(#6393),#6404,.F.);
#6393 = FACE_BOUND('',#6394,.F.);
#6394 = EDGE_LOOP('',(#6395,#6396,#6397,#6398));
#6395 = ORIENTED_EDGE('',*,*,#6220,.F.);
#6396 = ORIENTED_EDGE('',*,*,#6382,.T.);
#6397 = ORIENTED_EDGE('',*,*,#6101,.T.);
#6398 = ORIENTED_EDGE('',*,*,#6399,.F.);
#6399 = EDGE_CURVE('',#6213,#6102,#6400,.T.);
#6400 = LINE('',#6401,#6402);
#6401 = CARTESIAN_POINT('',(113.325,-26.875,209.07809963891));
#6402 = VECTOR('',#6403,1.);
#6403 = DIRECTION('',(0.,1.,0.));
#6404 = PLANE('',#6405);
#6405 = AXIS2_PLACEMENT_3D('',#6406,#6407,#6408);
#6406 = CARTESIAN_POINT('',(113.325,-26.875,140.92190036108));
#6407 = DIRECTION('',(1.,0.,2.6E-16));
#6408 = DIRECTION('',(-2.6E-16,0.,1.));
#6409 = ADVANCED_FACE('',(#6410),#6421,.F.);
#6410 = FACE_BOUND('',#6411,.F.);
#6411 = EDGE_LOOP('',(#6412,#6413,#6414,#6415));
#6412 = ORIENTED_EDGE('',*,*,#6212,.F.);
#6413 = ORIENTED_EDGE('',*,*,#6399,.T.);
#6414 = ORIENTED_EDGE('',*,*,#6109,.T.);
#6415 = ORIENTED_EDGE('',*,*,#6416,.T.);
#6416 = EDGE_CURVE('',#6110,#6205,#6417,.T.);
#6417 = LINE('',#6418,#6419);
#6418 = CARTESIAN_POINT('',(133.,-26.875,197.71873309261));
#6419 = VECTOR('',#6420,1.);
#6420 = DIRECTION('',(1.9E-16,-1.,1.1E-16));
#6421 = PLANE('',#6422);
#6422 = AXIS2_PLACEMENT_3D('',#6423,#6424,#6425);
#6423 = CARTESIAN_POINT('',(113.325,-26.875,209.07809963891));
#6424 = DIRECTION('',(-0.5,0.,-0.866025403784));
#6425 = DIRECTION('',(0.866025403784,0.,-0.5));
#6426 = ADVANCED_FACE('',(#6427),#6438,.F.);
#6427 = FACE_BOUND('',#6428,.F.);
#6428 = EDGE_LOOP('',(#6429,#6430,#6431,#6432));
#6429 = ORIENTED_EDGE('',*,*,#6204,.F.);
#6430 = ORIENTED_EDGE('',*,*,#6416,.F.);
#6431 = ORIENTED_EDGE('',*,*,#6117,.T.);
#6432 = ORIENTED_EDGE('',*,*,#6433,.F.);
#6433 = EDGE_CURVE('',#6197,#6118,#6434,.T.);
#6434 = LINE('',#6435,#6436);
#6435 = CARTESIAN_POINT('',(152.675,-26.875,209.07809963891));
#6436 = VECTOR('',#6437,1.);
#6437 = DIRECTION('',(0.,1.,0.));
#6438 = PLANE('',#6439);
#6439 = AXIS2_PLACEMENT_3D('',#6440,#6441,#6442);
#6440 = CARTESIAN_POINT('',(93.65,-26.875,175.));
#6441 = DIRECTION('',(0.5,0.,-0.866025403784));
#6442 = DIRECTION('',(0.866025403784,0.,0.5));
#6443 = ADVANCED_FACE('',(#6444),#6455,.F.);
#6444 = FACE_BOUND('',#6445,.F.);
#6445 = EDGE_LOOP('',(#6446,#6447,#6448,#6449));
#6446 = ORIENTED_EDGE('',*,*,#6196,.F.);
#6447 = ORIENTED_EDGE('',*,*,#6433,.T.);
#6448 = ORIENTED_EDGE('',*,*,#6125,.T.);
#6449 = ORIENTED_EDGE('',*,*,#6450,.F.);
#6450 = EDGE_CURVE('',#6189,#6126,#6451,.T.);
#6451 = LINE('',#6452,#6453);
#6452 = CARTESIAN_POINT('',(152.675,-26.875,186.3593665463));
#6453 = VECTOR('',#6454,1.);
#6454 = DIRECTION('',(0.,1.,-2.2E-16));
#6455 = PLANE('',#6456);
#6456 = AXIS2_PLACEMENT_3D('',#6457,#6458,#6459);
#6457 = CARTESIAN_POINT('',(152.675,-26.875,209.07809963891));
#6458 = DIRECTION('',(-1.,0.,-6.106226635438E-16));
#6459 = DIRECTION('',(6.106226635438E-16,0.,-1.));
#6460 = ADVANCED_FACE('',(#6461),#6472,.F.);
#6461 = FACE_BOUND('',#6462,.F.);
#6462 = EDGE_LOOP('',(#6463,#6464,#6465,#6466));
#6463 = ORIENTED_EDGE('',*,*,#6188,.F.);
#6464 = ORIENTED_EDGE('',*,*,#6450,.T.);
#6465 = ORIENTED_EDGE('',*,*,#6133,.T.);
#6466 = ORIENTED_EDGE('',*,*,#6467,.F.);
#6467 = EDGE_CURVE('',#6181,#6134,#6468,.T.);
#6468 = LINE('',#6469,#6470);
#6469 = CARTESIAN_POINT('',(172.35,-26.875,175.));
#6470 = VECTOR('',#6471,1.);
#6471 = DIRECTION('',(0.,1.,0.));
#6472 = PLANE('',#6473);
#6473 = AXIS2_PLACEMENT_3D('',#6474,#6475,#6476);
#6474 = CARTESIAN_POINT('',(113.325,-26.875,209.07809963891));
#6475 = DIRECTION('',(-0.5,0.,-0.866025403784));
#6476 = DIRECTION('',(0.866025403784,0.,-0.5));
#6477 = ADVANCED_FACE('',(#6478),#6484,.F.);
#6478 = FACE_BOUND('',#6479,.F.);
#6479 = EDGE_LOOP('',(#6480,#6481,#6482,#6483));
#6480 = ORIENTED_EDGE('',*,*,#6180,.F.);
#6481 = ORIENTED_EDGE('',*,*,#6467,.T.);
#6482 = ORIENTED_EDGE('',*,*,#6141,.T.);
#6483 = ORIENTED_EDGE('',*,*,#6290,.T.);
#6484 = PLANE('',#6485);
#6485 = AXIS2_PLACEMENT_3D('',#6486,#6487,#6488);
#6486 = CARTESIAN_POINT('',(172.35,-26.875,175.));
#6487 = DIRECTION('',(-0.5,0.,0.866025403784));
#6488 = DIRECTION('',(-0.866025403784,0.,-0.5));
#6489 = ( GEOMETRIC_REPRESENTATION_CONTEXT(3) 
GLOBAL_UNCERTAINTY_ASSIGNED_CONTEXT((#6493)) 
GLOBAL_UNIT_ASSIGNED_CONTEXT((#6490,#6491,#6492)) REPRESENTATION_CONTEXT
('Context #1','3D Context with UNIT and UNCERTAINTY') );
#6490 = ( LENGTH_UNIT() NAMED_UNIT(*) SI_UNIT(.MILLI.,.METRE.) );
#6491 = ( NAMED_UNIT(*) PLANE_ANGLE_UNIT() SI_UNIT($,.RADIAN.) );
#6492 = ( NAMED_UNIT(*) SI_UNIT($,.STERADIAN.) SOLID_ANGLE_UNIT() );
#6493 = UNCERTAINTY_MEASURE_WITH_UNIT(LENGTH_MEASURE(2.E-05),#6490,
  'distance_accuracy_value','confusion accuracy');
#6494 = PRODUCT_RELATED_PRODUCT_CATEGORY('part',$,(#7));
ENDSEC;
END-ISO-10303-21;
