ISO-10303-21;
HEADER;
FILE_DESCRIPTION(('FreeCAD Model'),'2;1');
FILE_NAME('Open CASCADE Shape Model','2026-09-28T03:26:29',('Author'),(
    ''),'Open CASCADE STEP processor 7.8','FreeCAD','Unknown');
FILE_SCHEMA(('AUTOMOTIVE_DESIGN { 1 0 10303 214 1 1 1 1 }'));
ENDSEC;
DATA;
#1 = APPLICATION_PROTOCOL_DEFINITION('international standard',
  'automotive_design',2000,#2);
#2 = APPLICATION_CONTEXT(
  'core data for automotive mechanical design processes');
#3 = SHAPE_DEFINITION_REPRESENTATION(#4,#10);
#4 = PRODUCT_DEFINITION_SHAPE('','',#5);
#5 = PRODUCT_DEFINITION('design','',#6,#9);
#6 = PRODUCT_DEFINITION_FORMATION('','',#7);
#7 = PRODUCT('TENS_SPRING','TENS_SPRING','',(#8));
#8 = PRODUCT_CONTEXT('',#2,'mechanical');
#9 = PRODUCT_DEFINITION_CONTEXT('part definition',#2,'design');
#10 = ADVANCED_BREP_SHAPE_REPRESENTATION('',(#11,#15),#6394);
#11 = AXIS2_PLACEMENT_3D('',#12,#13,#14);
#12 = CARTESIAN_POINT('',(0.,0.,0.));
#13 = DIRECTION('',(0.,0.,1.));
#14 = DIRECTION('',(1.,0.,-0.));
#15 = MANIFOLD_SOLID_BREP('',#16);
#16 = CLOSED_SHELL('',(#17,#141,#157,#225,#250,#1088,#1100,#1111,#1127,
    #1187,#1275,#1345,#1405,#1417,#1434,#1460,#1506,#1567,#1576,#1601,
    #1646,#1656,#1708,#1723,#1739,#1755,#1815,#1831,#1899,#1915,#1983,
    #1999,#2067,#2083,#2151,#2162,#2178,#2246,#2256,#2316,#2331,#2341,
    #2402,#2417,#2428,#2444,#2504,#2515,#2531,#2591,#2602,#2618,#2678,
    #2689,#2705,#2765,#2776,#2792,#2852,#2868,#3128,#3139,#3149,#3210,
    #3225,#3235,#3287,#3302,#3312,#3364,#3379,#3389,#3441,#3456,#3466,
    #3527,#3542,#3552,#3604,#3619,#3630,#3647,#4687,#4697,#4750,#4765,
    #4775,#4827,#4842,#4852,#4912,#4927,#4987,#5002,#5012,#5064,#5079,
    #5089,#5149,#5164,#5174,#5185,#5202,#5228,#5275,#5317,#5351,#5394,
    #5455,#5472,#5483,#5492,#5551,#5562,#5572,#5583,#5594,#5605,#5621,
    #5670,#5720,#5735,#5745,#5756,#5772,#5788,#5805,#5816,#5827,#5843,
    #5911,#5927,#5938,#5949,#5960,#5971,#5982,#5998,#6058,#6068,#6129,
    #6144,#6154,#6206,#6221,#6231,#6291,#6306,#6322,#6363,#6374,#6385));
#17 = ADVANCED_FACE('',(#18),#136,.T.);
#18 = FACE_BOUND('',#19,.T.);
#19 = EDGE_LOOP('',(#20,#31,#39,#48,#57,#112,#119,#120,#129));
#20 = ORIENTED_EDGE('',*,*,#21,.F.);
#21 = EDGE_CURVE('',#22,#24,#26,.T.);
#22 = VERTEX_POINT('',#23);
#23 = CARTESIAN_POINT('',(178.08731422182,100.20833333333,
    86.310582854123));
#24 = VERTEX_POINT('',#25);
#25 = CARTESIAN_POINT('',(176.95941093078,101.40670903306,
    85.945946677123));
#26 = CIRCLE('',#27,1.2);
#27 = AXIS2_PLACEMENT_3D('',#28,#29,#30);
#28 = CARTESIAN_POINT('',(176.92820323027,100.20833333333,86.));
#29 = DIRECTION('',(-0.258492135331,5.024509283393E-02,0.964705782412));
#30 = DIRECTION('',(0.965925826289,0.,0.258819045103));
#31 = ORIENTED_EDGE('',*,*,#32,.F.);
#32 = EDGE_CURVE('',#33,#22,#35,.T.);
#33 = VERTEX_POINT('',#34);
#34 = CARTESIAN_POINT('',(179.15911099154,100.,82.310582854123));
#35 = LINE('',#36,#37);
#36 = CARTESIAN_POINT('',(179.15911099154,100.,82.310582854123));
#37 = VECTOR('',#38,1.);
#38 = DIRECTION('',(-0.258492135331,5.024509283393E-02,0.964705782412));
#39 = ORIENTED_EDGE('',*,*,#40,.T.);
#40 = EDGE_CURVE('',#33,#41,#43,.T.);
#41 = VERTEX_POINT('',#42);
#42 = CARTESIAN_POINT('',(178.92281796962,100.7381049811,82.208825361956
    ));
#43 = CIRCLE('',#44,1.2);
#44 = AXIS2_PLACEMENT_3D('',#45,#46,#47);
#45 = CARTESIAN_POINT('',(178.,100.,82.));
#46 = DIRECTION('',(-0.258492135331,5.024509283393E-02,0.964705782412));
#47 = DIRECTION('',(0.965925826289,0.,0.258819045103));
#48 = ORIENTED_EDGE('',*,*,#49,.F.);
#49 = EDGE_CURVE('',#50,#41,#52,.T.);
#50 = VERTEX_POINT('',#51);
#51 = CARTESIAN_POINT('',(178.8345634513,100.65397986835,82.84840676912)
  );
#52 = ELLIPSE('',#53,5.896794732412,1.2);
#53 = AXIS2_PLACEMENT_3D('',#54,#55,#56);
#54 = CARTESIAN_POINT('',(177.39070082529,100.11843413942,
    84.273935477022));
#55 = DIRECTION('',(-0.267726448952,0.959353108744,8.924214965063E-02));
#56 = DIRECTION('',(-0.208369867216,-0.148082275891,0.966774864177));
#57 = ORIENTED_EDGE('',*,*,#58,.F.);
#58 = EDGE_CURVE('',#59,#50,#61,.T.);
#59 = VERTEX_POINT('',#60);
#60 = CARTESIAN_POINT('',(176.86939591462,100.24887235975,
    81.684093446293));
#61 = B_SPLINE_CURVE_WITH_KNOTS('',7,(#62,#63,#64,#65,#66,#67,#68,#69,
    #70,#71,#72,#73,#74,#75,#76,#77,#78,#79,#80,#81,#82,#83,#84,#85,#86,
    #87,#88,#89,#90,#91,#92,#93,#94,#95,#96,#97,#98,#99,#100,#101,#102,
    #103,#104,#105,#106,#107,#108,#109,#110,#111),.UNSPECIFIED.,.F.,.F.,
  (8,6,6,6,6,6,6,6,8),(0.,6.29146062531E-02,0.213922626511,
    0.427740671592,0.506692204862,0.613587190848,0.691082437665,
    0.904696186364,1.),.UNSPECIFIED.);
#62 = CARTESIAN_POINT('',(176.86939607761,100.24887236579,
    81.684092867702));
#63 = CARTESIAN_POINT('',(176.86033860547,100.24853828251,
    81.716245637946));
#64 = CARTESIAN_POINT('',(176.85182417255,100.25059635428,
    81.748355163051));
#65 = CARTESIAN_POINT('',(176.84382280011,100.25494600904,
    81.780381843389));
#66 = CARTESIAN_POINT('',(176.83633299903,100.26142242991,
    81.812260559507));
#67 = CARTESIAN_POINT('',(176.82937840408,100.26979420772,
    81.843880382937));
#68 = CARTESIAN_POINT('',(176.82299629703,100.27976133504,
    81.875063526522));
#69 = CARTESIAN_POINT('',(176.80334895957,100.31781714385,
    81.978701833952));
#70 = CARTESIAN_POINT('',(176.79252315865,100.35258133818,
    82.050105742216));
#71 = CARTESIAN_POINT('',(176.7847788468,100.39245738321,82.119807352846
    ));
#72 = CARTESIAN_POINT('',(176.78035832843,100.43515584245,
    82.187516968365));
#73 = CARTESIAN_POINT('',(176.77911907113,100.47946631385,
    82.253327688037));
#74 = CARTESIAN_POINT('',(176.78107096522,100.52523548081,
    82.318117832955));
#75 = CARTESIAN_POINT('',(176.79485503627,100.64044318279,
    82.475148886085));
#76 = CARTESIAN_POINT('',(176.81023942893,100.70996705903,
    82.565092161687));
#77 = CARTESIAN_POINT('',(176.83355372446,100.78036059441,
    82.653583963939));
#78 = CARTESIAN_POINT('',(176.86583336176,100.85090230611,
    82.740497988902));
#79 = CARTESIAN_POINT('',(176.90844340257,100.92040043314,82.82514232618
    ));
#80 = CARTESIAN_POINT('',(176.9629143228,100.98714963222,82.906057867795
    ));
#81 = CARTESIAN_POINT('',(177.05584318413,101.07143469788,
    83.008722404836));
#82 = CARTESIAN_POINT('',(177.08276807107,101.09349039489,
    83.035640465251));
#83 = CARTESIAN_POINT('',(177.11158108896,101.11468751158,
    83.061604299463));
#84 = CARTESIAN_POINT('',(177.14229047651,101.13484756122,
    83.086436577685));
#85 = CARTESIAN_POINT('',(177.17488989104,101.15379896147,
    83.109969339931));
#86 = CARTESIAN_POINT('',(177.20935907291,101.17137740583,
    83.132044081291));
#87 = CARTESIAN_POINT('',(177.29481959343,101.20915525413,
    83.180223781399));
#88 = CARTESIAN_POINT('',(177.34729712995,101.22806095782,
    83.204965288217));
#89 = CARTESIAN_POINT('',(177.40265407339,101.24360842624,
    83.226179084583));
#90 = CARTESIAN_POINT('',(177.46032201626,101.25543839519,
    83.243503550863));
#91 = CARTESIAN_POINT('',(177.51962537083,101.26337588091,
    83.256773494823));
#92 = CARTESIAN_POINT('',(177.5797995501,101.26743880474,83.26602092557)
  );
#93 = CARTESIAN_POINT('',(177.68365906996,101.2681422687,83.275430446766
    ));
#94 = CARTESIAN_POINT('',(177.72730550052,101.26651673765,
    83.277389816881));
#95 = CARTESIAN_POINT('',(177.77079352006,101.26305823666,
    83.277459742815));
#96 = CARTESIAN_POINT('',(177.8139704188,101.25786723458,83.275757372464
    ));
#97 = CARTESIAN_POINT('',(177.85668636626,101.25105671035,
    83.272411180623));
#98 = CARTESIAN_POINT('',(177.8987950798,101.24275240604,83.267560952952
    ));
#99 = CARTESIAN_POINT('',(178.05416070311,101.20646738421,
    83.244258848053));
#100 = CARTESIAN_POINT('',(178.16290938518,101.16944514197,
    83.216813969478));
#101 = CARTESIAN_POINT('',(178.2654768887,101.12428649817,
    83.181725081175));
#102 = CARTESIAN_POINT('',(178.36160858321,101.07270224566,
    83.14109698992));
#103 = CARTESIAN_POINT('',(178.45150384588,101.01573386987,
    83.096563147791));
#104 = CARTESIAN_POINT('',(178.53558086295,100.95385019347,
    83.049232781908));
#105 = CARTESIAN_POINT('',(178.64916200968,100.85659954736,
    82.978658823769));
#106 = CARTESIAN_POINT('',(178.68294326335,100.82566380929,
    82.956691164606));
#107 = CARTESIAN_POINT('',(178.71559177367,100.7936988712,
    82.934599768902));
#108 = CARTESIAN_POINT('',(178.74714904884,100.76061240957,
    82.91249359598));
#109 = CARTESIAN_POINT('',(178.77757970148,100.7263266092,
    82.890553753978));
#110 = CARTESIAN_POINT('',(178.80677674944,100.69078841764,
    82.869059595652));
#111 = CARTESIAN_POINT('',(178.83456382516,100.65397937311,
    82.848406491246));
#112 = ORIENTED_EDGE('',*,*,#113,.T.);
#113 = EDGE_CURVE('',#59,#33,#114,.T.);
#114 = CIRCLE('',#115,1.2);
#115 = AXIS2_PLACEMENT_3D('',#116,#117,#118);
#116 = CARTESIAN_POINT('',(178.,100.,82.));
#117 = DIRECTION('',(-0.258492135331,5.024509283393E-02,0.964705782412)
  );
#118 = DIRECTION('',(0.965925826289,0.,0.258819045103));
#119 = ORIENTED_EDGE('',*,*,#32,.T.);
#120 = ORIENTED_EDGE('',*,*,#121,.F.);
#121 = EDGE_CURVE('',#122,#22,#124,.T.);
#122 = VERTEX_POINT('',#123);
#123 = CARTESIAN_POINT('',(176.89699552976,99.009957633599,
    86.054053322877));
#124 = CIRCLE('',#125,1.2);
#125 = AXIS2_PLACEMENT_3D('',#126,#127,#128);
#126 = CARTESIAN_POINT('',(176.92820323027,100.20833333333,86.));
#127 = DIRECTION('',(-0.258492135331,5.024509283393E-02,0.964705782412)
  );
#128 = DIRECTION('',(0.965925826289,0.,0.258819045103));
#129 = ORIENTED_EDGE('',*,*,#130,.F.);
#130 = EDGE_CURVE('',#24,#122,#131,.T.);
#131 = ELLIPSE('',#132,1.242218841831,1.2);
#132 = AXIS2_PLACEMENT_3D('',#133,#134,#135);
#133 = CARTESIAN_POINT('',(176.92820323027,100.20833333333,86.));
#134 = DIRECTION('',(-0.499323208223,5.201283418987E-02,0.86485316604));
#135 = DIRECTION('',(0.866025403784,-6.723788192886E-15,0.5));
#136 = CYLINDRICAL_SURFACE('',#137,1.2);
#137 = AXIS2_PLACEMENT_3D('',#138,#139,#140);
#138 = CARTESIAN_POINT('',(178.,100.,82.));
#139 = DIRECTION('',(-0.258492135331,5.024509283393E-02,0.964705782412)
  );
#140 = DIRECTION('',(0.965925826289,0.,0.258819045103));
#141 = ADVANCED_FACE('',(#142),#152,.T.);
#142 = FACE_BOUND('',#143,.T.);
#143 = EDGE_LOOP('',(#144,#145,#146));
#144 = ORIENTED_EDGE('',*,*,#121,.T.);
#145 = ORIENTED_EDGE('',*,*,#21,.T.);
#146 = ORIENTED_EDGE('',*,*,#147,.T.);
#147 = EDGE_CURVE('',#24,#122,#148,.T.);
#148 = LINE('',#149,#150);
#149 = CARTESIAN_POINT('',(176.92820323027,100.20833333333,86.));
#150 = VECTOR('',#151,1.);
#151 = DIRECTION('',(-2.600641709494E-02,-0.998646416446,
    4.504443573125E-02));
#152 = PLANE('',#153);
#153 = AXIS2_PLACEMENT_3D('',#154,#155,#156);
#154 = CARTESIAN_POINT('',(176.92820323027,100.20833333333,86.));
#155 = DIRECTION('',(-0.258492135331,5.024509283393E-02,0.964705782412)
  );
#156 = DIRECTION('',(0.965925826289,0.,0.258819045103));
#157 = ADVANCED_FACE('',(#158),#220,.T.);
#158 = FACE_BOUND('',#159,.T.);
#159 = EDGE_LOOP('',(#160,#171,#179,#186,#187,#194,#195,#204,#213));
#160 = ORIENTED_EDGE('',*,*,#161,.F.);
#161 = EDGE_CURVE('',#162,#164,#166,.T.);
#162 = VERTEX_POINT('',#163);
#163 = CARTESIAN_POINT('',(174.84852813742,100.41666666666,
    89.776731367699));
#164 = VERTEX_POINT('',#165);
#165 = CARTESIAN_POINT('',(174.05405332287,101.6150423664,
    88.896995529762));
#166 = CIRCLE('',#167,1.2);
#167 = AXIS2_PLACEMENT_3D('',#168,#169,#170);
#168 = CARTESIAN_POINT('',(174.,100.41666666666,88.928203230276));
#169 = DIRECTION('',(-0.706213647081,5.024509283394E-02,0.706213647081)
  );
#170 = DIRECTION('',(0.707106781187,0.,0.707106781187));
#171 = ORIENTED_EDGE('',*,*,#172,.F.);
#172 = EDGE_CURVE('',#173,#162,#175,.T.);
#173 = VERTEX_POINT('',#174);
#174 = CARTESIAN_POINT('',(177.77673136769,100.20833333333,
    86.848528137424));
#175 = LINE('',#176,#177);
#176 = CARTESIAN_POINT('',(177.77673136769,100.20833333333,
    86.848528137424));
#177 = VECTOR('',#178,1.);
#178 = DIRECTION('',(-0.706213647081,5.024509283394E-02,0.706213647081)
  );
#179 = ORIENTED_EDGE('',*,*,#180,.T.);
#180 = EDGE_CURVE('',#173,#24,#181,.T.);
#181 = CIRCLE('',#182,1.2);
#182 = AXIS2_PLACEMENT_3D('',#183,#184,#185);
#183 = CARTESIAN_POINT('',(176.92820323027,100.20833333333,86.));
#184 = DIRECTION('',(-0.706213647081,5.024509283394E-02,0.706213647081)
  );
#185 = DIRECTION('',(0.707106781187,0.,0.707106781187));
#186 = ORIENTED_EDGE('',*,*,#130,.T.);
#187 = ORIENTED_EDGE('',*,*,#188,.T.);
#188 = EDGE_CURVE('',#122,#173,#189,.T.);
#189 = CIRCLE('',#190,1.2);
#190 = AXIS2_PLACEMENT_3D('',#191,#192,#193);
#191 = CARTESIAN_POINT('',(176.92820323027,100.20833333333,86.));
#192 = DIRECTION('',(-0.706213647081,5.024509283394E-02,0.706213647081)
  );
#193 = DIRECTION('',(0.707106781187,0.,0.707106781187));
#194 = ORIENTED_EDGE('',*,*,#172,.T.);
#195 = ORIENTED_EDGE('',*,*,#196,.F.);
#196 = EDGE_CURVE('',#197,#162,#199,.T.);
#197 = VERTEX_POINT('',#198);
#198 = CARTESIAN_POINT('',(173.94594667712,99.218290966932,
    88.959410930789));
#199 = CIRCLE('',#200,1.2);
#200 = AXIS2_PLACEMENT_3D('',#201,#202,#203);
#201 = CARTESIAN_POINT('',(174.,100.41666666666,88.928203230276));
#202 = DIRECTION('',(-0.706213647081,5.024509283394E-02,0.706213647081)
  );
#203 = DIRECTION('',(0.707106781187,0.,0.707106781187));
#204 = ORIENTED_EDGE('',*,*,#205,.F.);
#205 = EDGE_CURVE('',#206,#197,#208,.T.);
#206 = VERTEX_POINT('',#207);
#207 = CARTESIAN_POINT('',(173.37967452238,100.43279909497,
    87.852087524554));
#208 = ELLIPSE('',#209,1.242218841831,1.2);
#209 = AXIS2_PLACEMENT_3D('',#210,#211,#212);
#210 = CARTESIAN_POINT('',(174.,100.41666666666,88.928203230276));
#211 = DIRECTION('',(-0.86485316604,5.201283418987E-02,0.499323208223));
#212 = DIRECTION('',(0.5,6.654399253847E-15,0.866025403784));
#213 = ORIENTED_EDGE('',*,*,#214,.F.);
#214 = EDGE_CURVE('',#164,#206,#215,.T.);
#215 = ELLIPSE('',#216,1.242218841831,1.2);
#216 = AXIS2_PLACEMENT_3D('',#217,#218,#219);
#217 = CARTESIAN_POINT('',(174.,100.41666666666,88.928203230276));
#218 = DIRECTION('',(-0.86485316604,5.201283418987E-02,0.499323208223));
#219 = DIRECTION('',(0.5,6.654399253847E-15,0.866025403784));
#220 = CYLINDRICAL_SURFACE('',#221,1.2);
#221 = AXIS2_PLACEMENT_3D('',#222,#223,#224);
#222 = CARTESIAN_POINT('',(176.92820323027,100.20833333333,86.));
#223 = DIRECTION('',(-0.706213647081,5.024509283394E-02,0.706213647081)
  );
#224 = DIRECTION('',(0.707106781187,0.,0.707106781187));
#225 = ADVANCED_FACE('',(#226),#245,.F.);
#226 = FACE_BOUND('',#227,.F.);
#227 = EDGE_LOOP('',(#228,#229,#230,#238));
#228 = ORIENTED_EDGE('',*,*,#113,.T.);
#229 = ORIENTED_EDGE('',*,*,#40,.T.);
#230 = ORIENTED_EDGE('',*,*,#231,.T.);
#231 = EDGE_CURVE('',#41,#232,#234,.T.);
#232 = VERTEX_POINT('',#233);
#233 = CARTESIAN_POINT('',(176.87677237534,100.21558263471,
    81.687803802831));
#234 = LINE('',#235,#236);
#235 = CARTESIAN_POINT('',(177.94884958203,100.48937140028,
    81.960806193048));
#236 = VECTOR('',#237,1.);
#237 = DIRECTION('',(-0.940693652029,-0.240235826449,-0.239545821759));
#238 = ORIENTED_EDGE('',*,*,#239,.F.);
#239 = EDGE_CURVE('',#59,#232,#240,.T.);
#240 = ELLIPSE('',#241,5.896794732412,1.2);
#241 = AXIS2_PLACEMENT_3D('',#242,#243,#244);
#242 = CARTESIAN_POINT('',(178.03305138774,100.38156586057,
    81.988982870751));
#243 = DIRECTION('',(-0.258492135331,5.024509283393E-02,0.964705782412)
  );
#244 = DIRECTION('',(-0.219720888866,0.969413316566,-0.109364311636));
#245 = PLANE('',#246);
#246 = AXIS2_PLACEMENT_3D('',#247,#248,#249);
#247 = CARTESIAN_POINT('',(178.,100.,82.));
#248 = DIRECTION('',(-0.258492135331,5.024509283393E-02,0.964705782412)
  );
#249 = DIRECTION('',(0.965925826289,0.,0.258819045103));
#250 = ADVANCED_FACE('',(#251,#939),#1083,.T.);
#251 = FACE_BOUND('',#252,.T.);
#252 = EDGE_LOOP('',(#253,#263,#270,#271,#298,#370,#387,#395,#412,#551,
    #560,#569,#579,#587,#598,#607,#615,#622,#623,#624,#631,#632,#641,
    #746,#747,#848,#849));
#253 = ORIENTED_EDGE('',*,*,#254,.T.);
#254 = EDGE_CURVE('',#255,#257,#259,.T.);
#255 = VERTEX_POINT('',#256);
#256 = CARTESIAN_POINT('',(177.02016535369,108.47537700636,
    82.711890069301));
#257 = VERTEX_POINT('',#258);
#258 = CARTESIAN_POINT('',(173.1558355616,122.32255876137,84.));
#259 = LINE('',#260,#261);
#260 = CARTESIAN_POINT('',(179.1558355616,100.82255876137,82.));
#261 = VECTOR('',#262,1.);
#262 = DIRECTION('',(-0.267726448952,0.959353108744,8.924214965063E-02)
  );
#263 = ORIENTED_EDGE('',*,*,#264,.F.);
#264 = EDGE_CURVE('',#257,#257,#265,.T.);
#265 = CIRCLE('',#266,1.2);
#266 = AXIS2_PLACEMENT_3D('',#267,#268,#269);
#267 = CARTESIAN_POINT('',(172.,122.,84.));
#268 = DIRECTION('',(-0.267726448952,0.959353108744,8.924214965063E-02)
  );
#269 = DIRECTION('',(0.963196301333,0.268798967814,-3.469446951954E-18)
  );
#270 = ORIENTED_EDGE('',*,*,#254,.F.);
#271 = ORIENTED_EDGE('',*,*,#272,.T.);
#272 = EDGE_CURVE('',#255,#273,#275,.T.);
#273 = VERTEX_POINT('',#274);
#274 = CARTESIAN_POINT('',(176.89966095316,108.0561607342,
    81.971033295094));
#275 = B_SPLINE_CURVE_WITH_KNOTS('',6,(#276,#277,#278,#279,#280,#281,
    #282,#283,#284,#285,#286,#287,#288,#289,#290,#291,#292,#293,#294,
    #295,#296,#297),.UNSPECIFIED.,.F.,.F.,(7,5,5,5,7),(0.,0.233705807379
    ,0.486602209574,0.742278446899,1.),.UNSPECIFIED.);
#276 = CARTESIAN_POINT('',(177.02016535369,108.47537700636,
    82.711890069301));
#277 = CARTESIAN_POINT('',(177.02367421327,108.46280359288,
    82.653356465143));
#278 = CARTESIAN_POINT('',(177.02445594162,108.44785780621,
    82.595058296047));
#279 = CARTESIAN_POINT('',(177.02261709619,108.43045580467,
    82.537352894473));
#280 = CARTESIAN_POINT('',(177.01834707064,108.4104817354,
    82.480570820066));
#281 = CARTESIAN_POINT('',(177.01190525891,108.38780195213,
    82.425008464983));
#282 = CARTESIAN_POINT('',(176.9946298738,108.33466073278,
    82.312391469773));
#283 = CARTESIAN_POINT('',(176.983476977,108.30370654378,82.255574980117
    ));
#284 = CARTESIAN_POINT('',(176.97057807238,108.26932880998,
    82.200984683155));
#285 = CARTESIAN_POINT('',(176.95648357894,108.23149009986,
    82.149013636634));
#286 = CARTESIAN_POINT('',(176.94180210033,108.19023948615,
    82.099937424575));
#287 = CARTESIAN_POINT('',(176.91232939335,108.10073975363,
    82.007416852398));
#288 = CARTESIAN_POINT('',(176.89756275556,108.05249178058,
    81.964115877281));
#289 = CARTESIAN_POINT('',(176.88347855389,108.00117048938,
    81.924185529574));
#290 = CARTESIAN_POINT('',(176.87070157903,107.94706563098,
    81.887676614371));
#291 = CARTESIAN_POINT('',(176.85979302793,107.89059129701,
    81.854556254229));
#292 = CARTESIAN_POINT('',(176.84250663981,107.77351514405,
    81.794698579465));
#293 = CARTESIAN_POINT('',(176.83616603928,107.71288563923,
    81.768015188321));
#294 = CARTESIAN_POINT('',(176.83257302077,107.6507436427,81.74451121985
    ));
#295 = CARTESIAN_POINT('',(176.8320546848,107.58749133194,
    81.724015324833));
#296 = CARTESIAN_POINT('',(176.83483654189,107.52357490779,
    81.706392015618));
#297 = CARTESIAN_POINT('',(176.84102437705,107.4594721682,
    81.691563620405));
#298 = ORIENTED_EDGE('',*,*,#299,.T.);
#299 = EDGE_CURVE('',#273,#300,#302,.T.);
#300 = VERTEX_POINT('',#301);
#301 = CARTESIAN_POINT('',(177.50266897455,106.4018573512,
    82.057194929625));
#302 = B_SPLINE_CURVE_WITH_KNOTS('',6,(#303,#304,#305,#306,#307,#308,
    #309,#310,#311,#312,#313,#314,#315,#316,#317,#318,#319,#320,#321,
    #322,#323,#324,#325,#326,#327,#328,#329,#330,#331,#332,#333,#334,
    #335,#336,#337,#338,#339,#340,#341,#342,#343,#344,#345,#346,#347,
    #348,#349,#350,#351,#352,#353,#354,#355,#356,#357,#358,#359,#360,
    #361,#362,#363,#364,#365,#366,#367,#368,#369),.UNSPECIFIED.,.F.,.F.,
  (7,5,5,5,5,5,5,5,5,5,5,5,5,7),(0.,0.105168383655,0.14291087174,
    0.219945089508,0.331975028835,0.453984689026,0.538032959793,
    0.572628960331,0.622557411701,0.667627513024,0.748135689943,
    0.830087201545,0.872757037574,1.),.UNSPECIFIED.);
#303 = CARTESIAN_POINT('',(177.01843602496,108.15118984378,
    82.229093758685));
#304 = CARTESIAN_POINT('',(177.00117525161,108.14187982474,
    82.181602312501));
#305 = CARTESIAN_POINT('',(176.98236160187,108.12973611946,
    82.135171321317));
#306 = CARTESIAN_POINT('',(176.96218040873,108.1147554363,
    82.090072678715));
#307 = CARTESIAN_POINT('',(176.94087862936,108.09691508311,
    82.046532563996));
#308 = CARTESIAN_POINT('',(176.91875422423,108.07617902315,
    82.004730150868));
#309 = CARTESIAN_POINT('',(176.88803180348,108.04400749096,
    81.950464991174));
#310 = CARTESIAN_POINT('',(176.87985909071,108.03513617411,
    81.936380339722));
#311 = CARTESIAN_POINT('',(176.87164466613,108.02588994664,
    81.922550642478));
#312 = CARTESIAN_POINT('',(176.86340666615,108.01626972155,
    81.908983518528));
#313 = CARTESIAN_POINT('',(176.85516409515,108.00627735874,
    81.895685925344));
#314 = CARTESIAN_POINT('',(176.83014457605,107.9747669541,
    81.856086112348));
#315 = CARTESIAN_POINT('',(176.81341018464,107.95207270778,
    81.830647906931));
#316 = CARTESIAN_POINT('',(176.79690950095,107.92786554959,
    81.806416234042));
#317 = CARTESIAN_POINT('',(176.78082345136,107.90219555775,
    81.783429203009));
#318 = CARTESIAN_POINT('',(176.76532933109,107.87513120838,
    81.761700275064));
#319 = CARTESIAN_POINT('',(176.72915991212,107.80550087378,
    81.711441174646));
#320 = CARTESIAN_POINT('',(176.70935472074,107.76152929233,
    81.684342184724));
#321 = CARTESIAN_POINT('',(176.69166739494,107.71510548459,
    81.659878036114));
#322 = CARTESIAN_POINT('',(176.67653866821,107.66658140104,
    81.637927373489));
#323 = CARTESIAN_POINT('',(176.66431735695,107.61639293476,
    81.618331172348));
#324 = CARTESIAN_POINT('',(176.64530928227,107.50913720395,
    81.581977115605));
#325 = CARTESIAN_POINT('',(176.63910434079,107.4518565253,
    81.565628496533));
#326 = CARTESIAN_POINT('',(176.63684178719,107.3936409062,
    81.551599111574));
#327 = CARTESIAN_POINT('',(176.63867370595,107.33495910155,
    81.539668235252));
#328 = CARTESIAN_POINT('',(176.64465903471,107.27630517169,
    81.529699191516));
#329 = CARTESIAN_POINT('',(176.66171206404,107.17814995091,
    81.516121846659));
#330 = CARTESIAN_POINT('',(176.67062478771,107.13833412824,
    81.511494789262));
#331 = CARTESIAN_POINT('',(176.68149184976,107.09887469686,
    81.507766244384));
#332 = CARTESIAN_POINT('',(176.69429810392,107.05990821683,
    81.504950098852));
#333 = CARTESIAN_POINT('',(176.70901508151,107.02157025215,
    81.503087952556));
#334 = CARTESIAN_POINT('',(176.73242688118,106.96852659789,
    81.501905783655));
#335 = CARTESIAN_POINT('',(176.73956989321,106.95318888621,
    81.501734684112));
#336 = CARTESIAN_POINT('',(176.74702605905,106.93799032177,
    81.501742137979));
#337 = CARTESIAN_POINT('',(176.75479157763,106.92294066522,
    81.501933849848));
#338 = CARTESIAN_POINT('',(176.76286195624,106.9080498094,
    81.502316289736));
#339 = CARTESIAN_POINT('',(176.78331155271,106.87208115702,
    81.503734322867));
#340 = CARTESIAN_POINT('',(176.79601709802,106.8511828222,
    81.504984341947));
#341 = CARTESIAN_POINT('',(176.80933078642,106.83066728555,
    81.506668566311));
#342 = CARTESIAN_POINT('',(176.82323178392,106.81056664029,
    81.508811315952));
#343 = CARTESIAN_POINT('',(176.83769628258,106.79091056221,
    81.511439414868));
#344 = CARTESIAN_POINT('',(176.8662390063,106.75440880484,
    81.517419155516));
#345 = CARTESIAN_POINT('',(176.8802182612,106.73747533468,
    81.520675475278));
#346 = CARTESIAN_POINT('',(176.89461007583,106.72095277557,
    81.524371746528));
#347 = CARTESIAN_POINT('',(176.9093869813,106.7048646696,81.528528755011
    ));
#348 = CARTESIAN_POINT('',(176.92451922925,106.68923122465,
    81.533167476032));
#349 = CARTESIAN_POINT('',(176.96758287631,106.64698577747,
    81.547493449559));
#350 = CARTESIAN_POINT('',(176.99623758406,106.62139224834,
    81.558287078253));
#351 = CARTESIAN_POINT('',(177.02570737068,106.59743962404,
    81.570795353582));
#352 = CARTESIAN_POINT('',(177.05573325499,106.57521903708,
    81.585104254071));
#353 = CARTESIAN_POINT('',(177.08604260989,106.55476968703,
    81.601268585547));
#354 = CARTESIAN_POINT('',(177.14722687362,106.51706871206,
    81.637655128002));
#355 = CARTESIAN_POINT('',(177.1780648328,106.49990405968,81.6579226272)
  );
#356 = CARTESIAN_POINT('',(177.20858830594,106.48458067109,
    81.680106640947));
#357 = CARTESIAN_POINT('',(177.23850896351,106.47104155334,
    81.704161726988));
#358 = CARTESIAN_POINT('',(177.26755387523,106.45919822175,
    81.729985081675));
#359 = CARTESIAN_POINT('',(177.31002142975,106.44360515562,
    81.771687161582));
#360 = CARTESIAN_POINT('',(177.32426613823,106.43869456598,
    81.786406749614));
#361 = CARTESIAN_POINT('',(177.33818533602,106.43419573138,
    81.80154909207));
#362 = CARTESIAN_POINT('',(177.35175303491,106.43009171919,
    81.817095145685));
#363 = CARTESIAN_POINT('',(177.36494676201,106.4263653211,
    81.833025037172));
#364 = CARTESIAN_POINT('',(177.41591999178,106.41296072278,
    81.897904444034));
#365 = CARTESIAN_POINT('',(177.45052100104,106.40614644734,
    81.949623345927));
#366 = CARTESIAN_POINT('',(177.48117888219,106.40205321929,
    82.00405054972));
#367 = CARTESIAN_POINT('',(177.50762038793,106.40031110835,
    82.060690742473));
#368 = CARTESIAN_POINT('',(177.52966976204,106.40069346791,
    82.119005848314));
#369 = CARTESIAN_POINT('',(177.54725288021,106.40310535412,
    82.178443776545));
#370 = ORIENTED_EDGE('',*,*,#371,.T.);
#371 = EDGE_CURVE('',#300,#372,#374,.T.);
#372 = VERTEX_POINT('',#373);
#373 = CARTESIAN_POINT('',(177.61244266785,106.35304996395,
    82.514464297914));
#374 = B_SPLINE_CURVE_WITH_KNOTS('',6,(#375,#376,#377,#378,#379,#380,
    #381,#382,#383,#384,#385,#386),.UNSPECIFIED.,.F.,.F.,(7,5,7),(0.,
    0.534493211192,1.),.UNSPECIFIED.);
#375 = CARTESIAN_POINT('',(177.38786554233,106.47381056601,
    81.889425810812));
#376 = CARTESIAN_POINT('',(177.42524138714,106.44690799365,
    81.932185438362));
#377 = CARTESIAN_POINT('',(177.46035753928,106.42443019315,
    81.979324607071));
#378 = CARTESIAN_POINT('',(177.4923162638,106.40621478636,
    82.030471916328));
#379 = CARTESIAN_POINT('',(177.52036286172,106.3918570559,
    82.084991724546));
#380 = CARTESIAN_POINT('',(177.54399364474,106.38081173439,
    82.141957809976));
#381 = CARTESIAN_POINT('',(177.5796709614,106.3652935321,82.250846443037
    ));
#382 = CARTESIAN_POINT('',(177.59288084915,106.36012930745,
    82.302660208617));
#383 = CARTESIAN_POINT('',(177.60269412277,106.3566193323,82.35525390747
    ));
#384 = CARTESIAN_POINT('',(177.60916093781,106.35443253857,
    82.408294543109));
#385 = CARTESIAN_POINT('',(177.61237069611,106.35330786269,
    82.461464468554));
#386 = CARTESIAN_POINT('',(177.61244266785,106.35304996395,
    82.514464297914));
#387 = ORIENTED_EDGE('',*,*,#388,.F.);
#388 = EDGE_CURVE('',#389,#372,#391,.T.);
#389 = VERTEX_POINT('',#390);
#390 = CARTESIAN_POINT('',(177.65167671106,106.21246130912,
    82.501386283511));
#391 = LINE('',#392,#393);
#392 = CARTESIAN_POINT('',(179.1558355616,100.82255876137,82.));
#393 = VECTOR('',#394,1.);
#394 = DIRECTION('',(-0.267726448952,0.959353108744,8.924214965063E-02)
  );
#395 = ORIENTED_EDGE('',*,*,#396,.T.);
#396 = EDGE_CURVE('',#389,#397,#399,.T.);
#397 = VERTEX_POINT('',#398);
#398 = CARTESIAN_POINT('',(177.54011915504,106.11322920022,
    81.942019312489));
#399 = B_SPLINE_CURVE_WITH_KNOTS('',6,(#400,#401,#402,#403,#404,#405,
    #406,#407,#408,#409,#410,#411),.UNSPECIFIED.,.F.,.F.,(7,5,7),(0.,
    0.397612465559,1.),.UNSPECIFIED.);
#400 = CARTESIAN_POINT('',(177.65167671106,106.21246130912,
    82.501386283512));
#401 = CARTESIAN_POINT('',(177.65290324197,106.20806624003,
    82.45254503117));
#402 = CARTESIAN_POINT('',(177.65185348171,106.20317074909,
    82.40362283668));
#403 = CARTESIAN_POINT('',(177.64853430052,106.19768837015,
    82.354760310292));
#404 = CARTESIAN_POINT('',(177.64297434199,106.19150456858,
    82.306099875243));
#405 = CARTESIAN_POINT('',(177.63522449875,106.18448292476,
    82.257784836452));
#406 = CARTESIAN_POINT('',(177.61041111552,106.16433363901,
    82.137500913328));
#407 = CARTESIAN_POINT('',(177.59058316127,106.14990481043,
    82.066051767426));
#408 = CARTESIAN_POINT('',(177.56614065841,106.13267512417,
    81.996303219133));
#409 = CARTESIAN_POINT('',(177.53754630906,106.11207285006,
    81.928873688532));
#410 = CARTESIAN_POINT('',(177.50539814249,106.08755397816,
    81.864287281331));
#411 = CARTESIAN_POINT('',(177.47040204932,106.05863122174,
    81.802956992052));
#412 = ORIENTED_EDGE('',*,*,#413,.F.);
#413 = EDGE_CURVE('',#414,#397,#416,.T.);
#414 = VERTEX_POINT('',#415);
#415 = CARTESIAN_POINT('',(178.27796906,103.8327185841,81.986314321928)
  );
#416 = B_SPLINE_CURVE_WITH_KNOTS('',7,(#417,#418,#419,#420,#421,#422,
    #423,#424,#425,#426,#427,#428,#429,#430,#431,#432,#433,#434,#435,
    #436,#437,#438,#439,#440,#441,#442,#443,#444,#445,#446,#447,#448,
    #449,#450,#451,#452,#453,#454,#455,#456,#457,#458,#459,#460,#461,
    #462,#463,#464,#465,#466,#467,#468,#469,#470,#471,#472,#473,#474,
    #475,#476,#477,#478,#479,#480,#481,#482,#483,#484,#485,#486,#487,
    #488,#489,#490,#491,#492,#493,#494,#495,#496,#497,#498,#499,#500,
    #501,#502,#503,#504,#505,#506,#507,#508,#509,#510,#511,#512,#513,
    #514,#515,#516,#517,#518,#519,#520,#521,#522,#523,#524,#525,#526,
    #527,#528,#529,#530,#531,#532,#533,#534,#535,#536,#537,#538,#539,
    #540,#541,#542,#543,#544,#545,#546,#547,#548,#549,#550),
  .UNSPECIFIED.,.F.,.F.,(8,6,6,6,6,6,6,6,6,6,6,6,6,6,6,6,6,6,6,6,6,6,8),
  (0.,4.717503470345E-04,9.603468497567E-04,1.518315011114E-03,
    2.098353240726E-03,2.65837335341E-03,3.218378159572E-03,
    3.747964340569E-03,4.222832241386E-03,4.752488462054E-03,
    0.167651388798,0.200465922954,0.258983949818,0.348347057963,
    0.415890021982,0.516993643578,0.608841383404,0.675547527557,
    0.709495599602,0.770600625387,0.829935981257,0.863618611198,1.),
  .UNSPECIFIED.);
#417 = CARTESIAN_POINT('',(178.27796920433,103.83271861165,
    81.986314903772));
#418 = CARTESIAN_POINT('',(178.27789159737,103.83270379892,
    81.986002043362));
#419 = CARTESIAN_POINT('',(178.27781389529,103.83268896328,
    81.985689207814));
#420 = CARTESIAN_POINT('',(178.27773609809,103.83267410474,
    81.98537639716));
#421 = CARTESIAN_POINT('',(178.27765820579,103.83265922329,
    81.985063611433));
#422 = CARTESIAN_POINT('',(178.27758021839,103.83264431893,
    81.984750850665));
#423 = CARTESIAN_POINT('',(178.27750213591,103.83262939167,
    81.984438114889));
#424 = CARTESIAN_POINT('',(178.27734298907,103.83259895746,
    81.983801526519));
#425 = CARTESIAN_POINT('',(178.2772619178,103.83258344884,
    81.983477675743));
#426 = CARTESIAN_POINT('',(178.27718074455,103.83256791566,
    81.983153851847));
#427 = CARTESIAN_POINT('',(178.27709946933,103.8325523579,
    81.982830054868));
#428 = CARTESIAN_POINT('',(178.27701809214,103.83253677556,
    81.982506284841));
#429 = CARTESIAN_POINT('',(178.276936613,103.83252116865,81.982182541802
    ));
#430 = CARTESIAN_POINT('',(178.27676186783,103.83248768631,
    81.981489148094));
#431 = CARTESIAN_POINT('',(178.27666857079,103.8324698034,
    81.981119505642));
#432 = CARTESIAN_POINT('',(178.27657514082,103.83245188843,
    81.980749898488));
#433 = CARTESIAN_POINT('',(178.27648157793,103.83243394143,
    81.980380326686));
#434 = CARTESIAN_POINT('',(178.27638788214,103.83241596237,
    81.980010790289));
#435 = CARTESIAN_POINT('',(178.27629405345,103.83239795126,
    81.979641289351));
#436 = CARTESIAN_POINT('',(178.27610241373,103.83236115127,
    81.978887744537));
#437 = CARTESIAN_POINT('',(178.27600459197,103.8323423598,
    81.978503703526));
#438 = CARTESIAN_POINT('',(178.27590662664,103.83232353369,
    81.978119700953));
#439 = CARTESIAN_POINT('',(178.27580851774,103.83230467295,
    81.97773573688));
#440 = CARTESIAN_POINT('',(178.27571026528,103.83228577758,
    81.977351811366));
#441 = CARTESIAN_POINT('',(178.2756118693,103.83226684757,
    81.976967924473));
#442 = CARTESIAN_POINT('',(178.27541819105,103.8322295728,
    81.976213475311));
#443 = CARTESIAN_POINT('',(178.27532291852,103.83221123038,
    81.975842910417));
#444 = CARTESIAN_POINT('',(178.27522751223,103.83219285568,
    81.975472381636));
#445 = CARTESIAN_POINT('',(178.27513197218,103.8321744487,81.97510188902
    ));
#446 = CARTESIAN_POINT('',(178.27503629838,103.83215600944,
    81.974731432625));
#447 = CARTESIAN_POINT('',(178.27494049086,103.8321375379,
    81.974361012505));
#448 = CARTESIAN_POINT('',(178.27474861101,103.83210053076,
    81.973620255047));
#449 = CARTESIAN_POINT('',(178.27465253869,103.83208199517,
    81.973249917708));
#450 = CARTESIAN_POINT('',(178.27455633267,103.8320634273,81.97287961675
    ));
#451 = CARTESIAN_POINT('',(178.27445999298,103.83204482716,
    81.972509352229));
#452 = CARTESIAN_POINT('',(178.27436351962,103.83202619475,
    81.972139124198));
#453 = CARTESIAN_POINT('',(178.27426691261,103.83200753006,
    81.971768932714));
#454 = CARTESIAN_POINT('',(178.27407868612,103.83197115174,
    81.971048729204));
#455 = CARTESIAN_POINT('',(178.27398708076,103.83195344151,
    81.970698713312));
#456 = CARTESIAN_POINT('',(178.27389535591,103.83193570242,
    81.970348730197));
#457 = CARTESIAN_POINT('',(178.27380351156,103.83191793448,
    81.969998779907));
#458 = CARTESIAN_POINT('',(178.27371154774,103.83190013768,
    81.969648862486));
#459 = CARTESIAN_POINT('',(178.27361946444,103.83188231202,
    81.969298977981));
#460 = CARTESIAN_POINT('',(178.27344458559,103.83184844778,
    81.968635422506));
#461 = CARTESIAN_POINT('',(178.27336181343,103.83183241485,
    81.968321745076));
#462 = CARTESIAN_POINT('',(178.27327894524,103.83181635872,
    81.968008094181));
#463 = CARTESIAN_POINT('',(178.27319598102,103.8318002794,
    81.967694469856));
#464 = CARTESIAN_POINT('',(178.27311292078,103.83178417688,
    81.967380872132));
#465 = CARTESIAN_POINT('',(178.27302976453,103.83176805116,
    81.967067301044));
#466 = CARTESIAN_POINT('',(178.27285365472,103.83173389016,
    81.96640403673));
#467 = CARTESIAN_POINT('',(178.27276067772,103.8317158492,
    81.966054350012));
#468 = CARTESIAN_POINT('',(178.27266758131,103.83169777939,
    81.965704696518));
#469 = CARTESIAN_POINT('',(178.27257436548,103.83167968074,
    81.965355076294));
#470 = CARTESIAN_POINT('',(178.27248103026,103.83166155323,
    81.965005489385));
#471 = CARTESIAN_POINT('',(178.27238757564,103.83164339689,
    81.964655935837));
#472 = CARTESIAN_POINT('',(178.24351476868,103.82603224861,
    81.856809431456));
#473 = CARTESIAN_POINT('',(178.20340309644,103.8177028976,
    81.752320890237));
#474 = CARTESIAN_POINT('',(178.15226014765,103.80669269232,
    81.652266662031));
#475 = CARTESIAN_POINT('',(178.09035938755,103.79382458958,
    81.558111955957));
#476 = CARTESIAN_POINT('',(178.01794653848,103.78074949694,
    81.471374653028));
#477 = CARTESIAN_POINT('',(177.93534572425,103.76975535313,
    81.39361936337));
#478 = CARTESIAN_POINT('',(177.82452241733,103.76274435561,
    81.312773539089));
#479 = CARTESIAN_POINT('',(177.80556715132,103.76177919738,
    81.299655708283));
#480 = CARTESIAN_POINT('',(177.7862535215,103.76104968217,
    81.286992887255));
#481 = CARTESIAN_POINT('',(177.76659781533,103.76058123321,
    81.274800749335));
#482 = CARTESIAN_POINT('',(177.74661703188,103.76039940321,
    81.263092915356));
#483 = CARTESIAN_POINT('',(177.72632888181,103.7605298744,
    81.251880953646));
#484 = CARTESIAN_POINT('',(177.66905673751,103.76183408254,
    81.222081390333));
#485 = CARTESIAN_POINT('',(177.6314171888,103.76374512583,
    81.204582309166));
#486 = CARTESIAN_POINT('',(177.5930024038,103.76687860692,
    81.188770791827));
#487 = CARTESIAN_POINT('',(177.55399197476,103.77136844778,
    81.174698646299));
#488 = CARTESIAN_POINT('',(177.51457189888,103.77733014883,
    81.162379261741));
#489 = CARTESIAN_POINT('',(177.47493065347,103.78485546385,81.151791037)
  );
#490 = CARTESIAN_POINT('',(177.37466683957,103.80798253627,
    81.129273965158));
#491 = CARTESIAN_POINT('',(177.31426972026,103.8256884075,
    81.119641397015));
#492 = CARTESIAN_POINT('',(177.25465400983,103.84730720081,
    81.113714249258));
#493 = CARTESIAN_POINT('',(177.19640231828,103.8728832101,
    81.111101712078));
#494 = CARTESIAN_POINT('',(177.14007677652,103.90230228093,
    81.111314652676));
#495 = CARTESIAN_POINT('',(177.08620167009,103.93526769963,
    81.113803779448));
#496 = CARTESIAN_POINT('',(176.99672482637,103.99848534154,
    81.12119327778));
#497 = CARTESIAN_POINT('',(176.95976984021,104.02750778319,
    81.125364978846));
#498 = CARTESIAN_POINT('',(176.92444273881,104.05824321916,
    81.130309316276));
#499 = CARTESIAN_POINT('',(176.890800949,104.09058597904,81.135825189277
    ));
#500 = CARTESIAN_POINT('',(176.85889415676,104.12442163701,
    81.141730006408));
#501 = CARTESIAN_POINT('',(176.82876513753,104.1596276195,
    81.147861169872));
#502 = CARTESIAN_POINT('',(176.75806713949,104.25062934213,
    81.163382741239));
#503 = CARTESIAN_POINT('',(176.71971036939,104.30801354487,
    81.172887464238));
#504 = CARTESIAN_POINT('',(176.68544283938,104.36789235026,
    81.182136042072));
#505 = CARTESIAN_POINT('',(176.65531970795,104.42993938501,
    81.190783378964));
#506 = CARTESIAN_POINT('',(176.62940099513,104.49383682149,
    81.198596572364));
#507 = CARTESIAN_POINT('',(176.6077584818,104.55927378463,
    81.205455804678));
#508 = CARTESIAN_POINT('',(176.57477807359,104.6865074485,81.2167132255)
  );
#509 = CARTESIAN_POINT('',(176.56267645995,104.74809637064,
    81.221280061327));
#510 = CARTESIAN_POINT('',(176.5542422494,104.81045894735,
    81.225047009107));
#511 = CARTESIAN_POINT('',(176.54954987258,104.87334137584,
    81.228085997812));
#512 = CARTESIAN_POINT('',(176.54867441468,104.93648598488,
    81.230545219911));
#513 = CARTESIAN_POINT('',(176.55168768739,104.99963103243,
    81.232645443043));
#514 = CARTESIAN_POINT('',(176.56371393467,105.10817789868,
    81.236151285422));
#515 = CARTESIAN_POINT('',(176.57086061111,105.15372162615,
    81.23759008485));
#516 = CARTESIAN_POINT('',(176.58011719828,105.19900262224,
    81.239102407104));
#517 = CARTESIAN_POINT('',(176.59149516228,105.24388598747,
    81.240817305304));
#518 = CARTESIAN_POINT('',(176.60499409169,105.28824150813,
    81.242880457952));
#519 = CARTESIAN_POINT('',(176.62060122212,105.33194417795,
    81.245451428328));
#520 = CARTESIAN_POINT('',(176.64729361733,105.39672291902,
    81.250354656227));
#521 = CARTESIAN_POINT('',(176.65683406706,105.41836719669,
    81.252183744038));
#522 = CARTESIAN_POINT('',(176.66690546043,105.43978465902,
    81.254210281781));
#523 = CARTESIAN_POINT('',(176.6774993289,105.46095378864,
    81.256456496136));
#524 = CARTESIAN_POINT('',(176.68860558477,105.48185444463,
    81.258944745989));
#525 = CARTESIAN_POINT('',(176.70021252118,105.50246786253,
    81.261697522431));
#526 = CARTESIAN_POINT('',(176.734076,105.5593315798,81.270209181475));
#527 = CARTESIAN_POINT('',(176.75743440597,105.59491678217,
    81.276613355228));
#528 = CARTESIAN_POINT('',(176.7822797457,105.62938208314,
    81.284075725335));
#529 = CARTESIAN_POINT('',(176.80848311316,105.66260330964,
    81.292713447094));
#530 = CARTESIAN_POINT('',(176.83589354534,105.69448214618,
    81.302630318016));
#531 = CARTESIAN_POINT('',(176.86434258684,105.72494598717,
    81.313912020079));
#532 = CARTESIAN_POINT('',(176.92210637999,105.78210966686,
    81.338962627095));
#533 = CARTESIAN_POINT('',(176.95134506207,105.80886617451,
    81.35263834983));
#534 = CARTESIAN_POINT('',(176.98119693352,105.83417871378,
    81.367702316075));
#535 = CARTESIAN_POINT('',(177.01148081423,105.85802899756,
    81.384186865602));
#536 = CARTESIAN_POINT('',(177.04200701739,105.88041755783,
    81.402100129708));
#537 = CARTESIAN_POINT('',(177.07258205566,105.90136225329,
    81.421423268878));
#538 = CARTESIAN_POINT('',(177.12028813934,105.93198585086,
    81.453849552731));
#539 = CARTESIAN_POINT('',(177.13752055481,105.94262288709,
    81.466032671901));
#540 = CARTESIAN_POINT('',(177.1546817408,105.95281793934,
    81.478653085567));
#541 = CARTESIAN_POINT('',(177.17174331826,105.96258161865,
    81.491704862672));
#542 = CARTESIAN_POINT('',(177.18867738195,105.97192509363,
    81.505180123492));
#543 = CARTESIAN_POINT('',(177.20545650042,105.98086009036,
    81.519069039628));
#544 = CARTESIAN_POINT('',(177.28925604934,106.02397260891,
    81.591223438745));
#545 = CARTESIAN_POINT('',(177.35325987342,106.05193800051,
    81.655487873402));
#546 = CARTESIAN_POINT('',(177.41278787705,106.07441626941,
    81.725689810519));
#547 = CARTESIAN_POINT('',(177.46678751044,106.09238840563,
    81.801205931401));
#548 = CARTESIAN_POINT('',(177.5143985633,106.10666617526,
    81.881294382137));
#549 = CARTESIAN_POINT('',(177.55500187523,106.11777788514,
    81.965100823443));
#550 = CARTESIAN_POINT('',(177.58823178825,106.12595518345,
    82.051690082618));
#551 = ORIENTED_EDGE('',*,*,#552,.T.);
#552 = EDGE_CURVE('',#414,#553,#555,.T.);
#553 = VERTEX_POINT('',#554);
#554 = CARTESIAN_POINT('',(178.,104.76512747484,82.012232944019));
#555 = ELLIPSE('',#556,18.436005349136,1.2);
#556 = AXIS2_PLACEMENT_3D('',#557,#558,#559);
#557 = CARTESIAN_POINT('',(177.06999983879,103.83250057767,
    82.310000053737));
#558 = DIRECTION('',(0.258492135331,5.024509283393E-02,0.964705782412));
#559 = DIRECTION('',(-0.285156411638,0.95811443582,2.650563668257E-02));
#560 = ORIENTED_EDGE('',*,*,#561,.F.);
#561 = EDGE_CURVE('',#562,#553,#564,.T.);
#562 = VERTEX_POINT('',#563);
#563 = CARTESIAN_POINT('',(178.30316999102,103.84755291134,
    82.141257440132));
#564 = ELLIPSE('',#565,5.896794732412,1.2);
#565 = AXIS2_PLACEMENT_3D('',#566,#567,#568);
#566 = CARTESIAN_POINT('',(177.70253751027,101.56590725485,
    82.099154163242));
#567 = DIRECTION('',(-0.258492135331,5.024509283393E-02,0.964705782412)
  );
#568 = DIRECTION('',(-0.219720888866,0.969413316566,-0.109364311636));
#569 = ORIENTED_EDGE('',*,*,#570,.F.);
#570 = EDGE_CURVE('',#571,#562,#573,.T.);
#571 = VERTEX_POINT('',#572);
#572 = CARTESIAN_POINT('',(178.30635387943,103.86653478913,
    82.283160560721));
#573 = B_SPLINE_CURVE_WITH_KNOTS('',4,(#574,#575,#576,#577,#578),
  .UNSPECIFIED.,.F.,.F.,(5,5),(0.,1.),.PIECEWISE_BEZIER_KNOTS.);
#574 = CARTESIAN_POINT('',(178.30635387943,103.86653478912,
    82.283160560721));
#575 = CARTESIAN_POINT('',(178.30756326986,103.86220114008,
    82.247688811566));
#576 = CARTESIAN_POINT('',(178.30745400275,103.85754954308,
    82.212174385025));
#577 = CARTESIAN_POINT('',(178.30600121879,103.85263907809,
    82.176676441702));
#578 = CARTESIAN_POINT('',(178.3031699406,103.84755282076,
    82.141256809388));
#579 = ORIENTED_EDGE('',*,*,#580,.F.);
#580 = EDGE_CURVE('',#581,#571,#583,.T.);
#581 = VERTEX_POINT('',#582);
#582 = CARTESIAN_POINT('',(178.37217168376,103.63068765694,
    82.261221292611));
#583 = LINE('',#584,#585);
#584 = CARTESIAN_POINT('',(179.1558355616,100.82255876137,82.));
#585 = VECTOR('',#586,1.);
#586 = DIRECTION('',(-0.267726448952,0.959353108744,8.924214965063E-02)
  );
#587 = ORIENTED_EDGE('',*,*,#588,.T.);
#588 = EDGE_CURVE('',#581,#589,#591,.T.);
#589 = VERTEX_POINT('',#590);
#590 = CARTESIAN_POINT('',(178.34383617697,103.64923236222,
    82.032274773748));
#591 = B_SPLINE_CURVE_WITH_KNOTS('',5,(#592,#593,#594,#595,#596,#597),
  .UNSPECIFIED.,.F.,.F.,(6,6),(0.,1.),.PIECEWISE_BEZIER_KNOTS.);
#592 = CARTESIAN_POINT('',(178.37217168376,103.63068765693,
    82.26122129261));
#593 = CARTESIAN_POINT('',(178.37145003757,103.63327355581,
    82.215102377192));
#594 = CARTESIAN_POINT('',(178.36821215736,103.63661348656,
    82.169013830718));
#595 = CARTESIAN_POINT('',(178.36248618724,103.64053919346,
    82.12307463156));
#596 = CARTESIAN_POINT('',(178.35432616915,103.64482563852,
    82.077434452399));
#597 = CARTESIAN_POINT('',(178.34383602041,103.64923242799,
    82.032274099802));
#598 = ORIENTED_EDGE('',*,*,#599,.F.);
#599 = EDGE_CURVE('',#600,#589,#602,.T.);
#600 = VERTEX_POINT('',#601);
#601 = CARTESIAN_POINT('',(178.65188246579,102.62839068801,
    82.167984365269));
#602 = ELLIPSE('',#603,5.896794732412,1.2);
#603 = AXIS2_PLACEMENT_3D('',#604,#605,#606);
#604 = CARTESIAN_POINT('',(177.86779444901,100.97373655771,
    82.044068516997));
#605 = DIRECTION('',(-0.258492135331,5.024509283393E-02,0.964705782412)
  );
#606 = DIRECTION('',(-0.219720888866,0.969413316566,-0.109364311636));
#607 = ORIENTED_EDGE('',*,*,#608,.F.);
#608 = EDGE_CURVE('',#609,#600,#611,.T.);
#609 = VERTEX_POINT('',#610);
#610 = CARTESIAN_POINT('',(179.1558355616,100.82255876137,82.));
#611 = LINE('',#612,#613);
#612 = CARTESIAN_POINT('',(179.1558355616,100.82255876137,82.));
#613 = VECTOR('',#614,1.);
#614 = DIRECTION('',(-0.267726448952,0.959353108744,8.924214965063E-02)
  );
#615 = ORIENTED_EDGE('',*,*,#616,.T.);
#616 = EDGE_CURVE('',#609,#232,#617,.T.);
#617 = CIRCLE('',#618,1.2);
#618 = AXIS2_PLACEMENT_3D('',#619,#620,#621);
#619 = CARTESIAN_POINT('',(178.,100.5,82.));
#620 = DIRECTION('',(-0.267726448952,0.959353108744,8.924214965063E-02)
  );
#621 = DIRECTION('',(0.963196301333,0.268798967814,-3.469446951954E-18)
  );
#622 = ORIENTED_EDGE('',*,*,#239,.F.);
#623 = ORIENTED_EDGE('',*,*,#58,.T.);
#624 = ORIENTED_EDGE('',*,*,#625,.T.);
#625 = EDGE_CURVE('',#50,#609,#626,.T.);
#626 = CIRCLE('',#627,1.2);
#627 = AXIS2_PLACEMENT_3D('',#628,#629,#630);
#628 = CARTESIAN_POINT('',(178.,100.5,82.));
#629 = DIRECTION('',(-0.267726448952,0.959353108744,8.924214965063E-02)
  );
#630 = DIRECTION('',(0.963196301333,0.268798967814,-3.469446951954E-18)
  );
#631 = ORIENTED_EDGE('',*,*,#608,.T.);
#632 = ORIENTED_EDGE('',*,*,#633,.F.);
#633 = EDGE_CURVE('',#634,#600,#636,.T.);
#634 = VERTEX_POINT('',#635);
#635 = CARTESIAN_POINT('',(178.88461677805,101.7378484975,
    82.276727742047));
#636 = ELLIPSE('',#637,5.896794732412,1.2);
#637 = AXIS2_PLACEMENT_3D('',#638,#639,#640);
#638 = CARTESIAN_POINT('',(177.86779444901,100.97373655771,
    82.044068516997));
#639 = DIRECTION('',(-0.258492135331,5.024509283393E-02,0.964705782412)
  );
#640 = DIRECTION('',(-0.219720888866,0.969413316566,-0.109364311636));
#641 = ORIENTED_EDGE('',*,*,#642,.F.);
#642 = EDGE_CURVE('',#581,#634,#643,.T.);
#643 = B_SPLINE_CURVE_WITH_KNOTS('',6,(#644,#645,#646,#647,#648,#649,
    #650,#651,#652,#653,#654,#655,#656,#657,#658,#659,#660,#661,#662,
    #663,#664,#665,#666,#667,#668,#669,#670,#671,#672,#673,#674,#675,
    #676,#677,#678,#679,#680,#681,#682,#683,#684,#685,#686,#687,#688,
    #689,#690,#691,#692,#693,#694,#695,#696,#697,#698,#699,#700,#701,
    #702,#703,#704,#705,#706,#707,#708,#709,#710,#711,#712,#713,#714,
    #715,#716,#717,#718,#719,#720,#721,#722,#723,#724,#725,#726,#727,
    #728,#729,#730,#731,#732,#733,#734,#735,#736,#737,#738,#739,#740,
    #741,#742,#743,#744,#745),.UNSPECIFIED.,.F.,.F.,(7,5,5,5,5,5,5,5,5,5
    ,5,5,5,5,5,5,5,5,5,5,7),(0.,2.305512371496E-02,7.634252292413E-02,
    0.135905359135,0.221856800169,0.244313329918,0.284526283895,
    0.345125584059,0.430470769926,0.491322686802,0.544770406746,
    0.588586608977,0.636894217342,0.695818383815,0.755211625992,
    0.795980256549,0.815258073533,0.874124700931,0.922523463592,
    0.966435022832,1.),.UNSPECIFIED.);
#644 = CARTESIAN_POINT('',(178.37217168376,103.63068765693,
    82.26122129261));
#645 = CARTESIAN_POINT('',(178.37259611538,103.62916677699,
    82.288345838675));
#646 = CARTESIAN_POINT('',(178.37218470621,103.62789661329,
    82.315471984363));
#647 = CARTESIAN_POINT('',(178.37093361557,103.62690801858,
    82.342562724206));
#648 = CARTESIAN_POINT('',(178.36884384141,103.62622519891,
    82.36958336122));
#649 = CARTESIAN_POINT('',(178.36592122035,103.62586571362,82.3965015069
    ));
#650 = CARTESIAN_POINT('',(178.35352107346,103.62578214197,
    82.485196685788));
#651 = CARTESIAN_POINT('',(178.34049723239,103.62750875676,
    82.546224119394));
#652 = CARTESIAN_POINT('',(178.32326158675,103.63113166234,
    82.606120431055));
#653 = CARTESIAN_POINT('',(178.30204127133,103.63657504129,
    82.66463868211));
#654 = CARTESIAN_POINT('',(178.27714168543,103.64357020034,
    82.721486789588));
#655 = CARTESIAN_POINT('',(178.21759741824,103.66086784996,
    82.837583042242));
#656 = CARTESIAN_POINT('',(178.18208724414,103.67148114393,
    82.896448704699));
#657 = CARTESIAN_POINT('',(178.14284472806,103.68313617943,
    82.95290357799));
#658 = CARTESIAN_POINT('',(178.10015362415,103.69531794173,
    83.006887137735));
#659 = CARTESIAN_POINT('',(178.0542649392,103.70751152446,83.05828953767
    ));
#660 = CARTESIAN_POINT('',(177.93486533489,103.73606165723,
    83.177202281885));
#661 = CARTESIAN_POINT('',(177.85796151439,103.75190823961,
    83.24192192059));
#662 = CARTESIAN_POINT('',(177.77505481673,103.76521812992,
    83.300835366106));
#663 = CARTESIAN_POINT('',(177.68643079609,103.77436260673,
    83.353202467226));
#664 = CARTESIAN_POINT('',(177.5925654872,103.77741315182,
    83.397819638502));
#665 = CARTESIAN_POINT('',(177.46885100223,103.77055472036,
    83.442267928175));
#666 = CARTESIAN_POINT('',(177.4429512463,103.76855547722,
    83.450829646491));
#667 = CARTESIAN_POINT('',(177.4168206534,103.76593752092,
    83.458710111945));
#668 = CARTESIAN_POINT('',(177.39050177237,103.76266215045,
    83.465876816957));
#669 = CARTESIAN_POINT('',(177.36403803047,103.75869214639,
    83.472300328712));
#670 = CARTESIAN_POINT('',(177.28990499189,103.74557479886,
    83.488078847774));
#671 = CARTESIAN_POINT('',(177.24194133999,103.73480325006,
    83.495751148599));
#672 = CARTESIAN_POINT('',(177.19405484853,103.72149670814,
    83.500758499474));
#673 = CARTESIAN_POINT('',(177.14669733251,103.70555528186,
    83.503002337684));
#674 = CARTESIAN_POINT('',(177.10028496637,103.68696379766,
    83.502488258662));
#675 = CARTESIAN_POINT('',(176.98721590313,103.63389696344,
    83.49453564614));
#676 = CARTESIAN_POINT('',(176.92287740218,103.59645319444,
    83.483764387806));
#677 = CARTESIAN_POINT('',(176.86305901246,103.55380653857,
    83.467543844069));
#678 = CARTESIAN_POINT('',(176.80845904571,103.50662474351,
    83.44671358306));
#679 = CARTESIAN_POINT('',(176.75953398492,103.45589703078,
    83.422392504336));
#680 = CARTESIAN_POINT('',(176.65575093727,103.32848026887,
    83.358538143197));
#681 = CARTESIAN_POINT('',(176.6060955951,103.24899352194,
    83.316519983785));
#682 = CARTESIAN_POINT('',(176.56648704887,103.16599101542,
    83.272190798772));
#683 = CARTESIAN_POINT('',(176.53592338089,103.08041612588,
    83.227318483281));
#684 = CARTESIAN_POINT('',(176.51359259486,102.99278479232,
    83.183367681509));
#685 = CARTESIAN_POINT('',(176.48858076923,102.83946852555,
    83.112127108075));
#686 = CARTESIAN_POINT('',(176.48208463137,102.77460927443,
    83.083632282359));
#687 = CARTESIAN_POINT('',(176.47935752996,102.70885344289,
    83.056864527474));
#688 = CARTESIAN_POINT('',(176.48030836227,102.64233069487,
    83.032410291735));
#689 = CARTESIAN_POINT('',(176.48489868774,102.57513898359,
    83.010878244817));
#690 = CARTESIAN_POINT('',(176.50051330008,102.44783467625,
    82.977012267561));
#691 = CARTESIAN_POINT('',(176.51069920551,102.38775428161,
    82.963851049037));
#692 = CARTESIAN_POINT('',(176.52379367302,102.32758728381,
    82.953883264595));
#693 = CARTESIAN_POINT('',(176.53977857076,102.26768789626,
    82.947461561172));
#694 = CARTESIAN_POINT('',(176.55868048361,102.20836580651,
    82.94473441329));
#695 = CARTESIAN_POINT('',(176.59848006899,102.10202548286,
    82.946403681743));
#696 = CARTESIAN_POINT('',(176.6183483007,102.0548660474,82.949602639157
    ));
#697 = CARTESIAN_POINT('',(176.64015210583,102.00863844209,
    82.955192229433));
#698 = CARTESIAN_POINT('',(176.66388544061,101.96354016561,
    82.963019742823));
#699 = CARTESIAN_POINT('',(176.68952245467,101.91979090388,
    82.972837096827));
#700 = CARTESIAN_POINT('',(176.7472284731,101.831136586,82.996991140424)
  );
#701 = CARTESIAN_POINT('',(176.77970899789,101.78653959898,
    83.011697266986));
#702 = CARTESIAN_POINT('',(176.81441162488,101.7439654961,
    83.028070991527));
#703 = CARTESIAN_POINT('',(176.85133344656,101.70356069006,
    83.045706584419));
#704 = CARTESIAN_POINT('',(176.89044905011,101.66547973355,
    83.064183970473));
#705 = CARTESIAN_POINT('',(176.98199936721,101.58645347902,
    83.106145255575));
#706 = CARTESIAN_POINT('',(177.03557464064,101.54662919308,
    83.129883680191));
#707 = CARTESIAN_POINT('',(177.09232919525,101.51071001655,
    83.153553375044));
#708 = CARTESIAN_POINT('',(177.15213038485,101.47896927114,
    83.176414832185));
#709 = CARTESIAN_POINT('',(177.21479587137,101.45165041144,
    83.197769233394));
#710 = CARTESIAN_POINT('',(177.34593221263,101.40608885576,
    83.236252103044));
#711 = CARTESIAN_POINT('',(177.4145039238,101.38789981232,
    83.253362951921));
#712 = CARTESIAN_POINT('',(177.48523545216,101.37474702793,
    83.26745303335));
#713 = CARTESIAN_POINT('',(177.55746939792,101.36675144388,
    83.277827164819));
#714 = CARTESIAN_POINT('',(177.63050674845,101.36383173329,
    83.283957867608));
#715 = CARTESIAN_POINT('',(177.75384366082,101.36699836868,
    83.28654631218));
#716 = CARTESIAN_POINT('',(177.80401328902,101.37054563513,
    83.28543286124));
#717 = CARTESIAN_POINT('',(177.8539040381,101.37624789433,
    83.282050915295));
#718 = CARTESIAN_POINT('',(177.90326923847,101.38395328348,
    83.276345489016));
#719 = CARTESIAN_POINT('',(177.95186952704,101.39346615407,
    83.268311622982));
#720 = CARTESIAN_POINT('',(178.02199278467,101.4097937226,
    83.253120990188));
#721 = CARTESIAN_POINT('',(178.04429109395,101.41538898103,
    83.247732759162));
#722 = CARTESIAN_POINT('',(178.06635517674,101.42131397685,
    83.241837101915));
#723 = CARTESIAN_POINT('',(178.08816767369,101.42754446327,
    83.235439077066));
#724 = CARTESIAN_POINT('',(178.10971344099,101.43405552769,
    83.228544925676));
#725 = CARTESIAN_POINT('',(178.19591761534,101.46148240454,
    83.198617830811));
#726 = CARTESIAN_POINT('',(178.25814824726,101.48448994792,
    83.171550509262));
#727 = CARTESIAN_POINT('',(178.31745529659,101.50915184854,
    83.140142244391));
#728 = CARTESIAN_POINT('',(178.37366288884,101.53475715145,
    83.104612319059));
#729 = CARTESIAN_POINT('',(178.42664612629,101.56055312917,
    83.065209029395));
#730 = CARTESIAN_POINT('',(178.51717001498,101.60651504894,
    82.986860981033));
#731 = CARTESIAN_POINT('',(178.55585191988,101.62690203452,
    82.949019460166));
#732 = CARTESIAN_POINT('',(178.59230982979,101.64651172141,
    82.908829629951));
#733 = CARTESIAN_POINT('',(178.62652405608,101.66491407049,
    82.866431582828));
#734 = CARTESIAN_POINT('',(178.65849741939,101.68169398585,
    82.821957527517));
#735 = CARTESIAN_POINT('',(178.71521827711,101.70987664774,
    82.733399159628));
#736 = CARTESIAN_POINT('',(178.74038902032,101.72164792646,
    82.689617060837));
#737 = CARTESIAN_POINT('',(178.7636504964,101.73144669666,
    82.644411655686));
#738 = CARTESIAN_POINT('',(178.78497706812,101.73901040245,
    82.59800289918));
#739 = CARTESIAN_POINT('',(178.80436372889,101.74417722183,
    82.550592422865));
#740 = CARTESIAN_POINT('',(178.83514328218,101.74895743197,
    82.465520056799));
#741 = CARTESIAN_POINT('',(178.84732758256,101.74959020897,
    82.428236798435));
#742 = CARTESIAN_POINT('',(178.85836611188,101.74876325806,
    82.390615513269));
#743 = CARTESIAN_POINT('',(178.86825998665,101.74649153037,
    82.352752709716));
#744 = CARTESIAN_POINT('',(178.87700953882,101.74282521162,
    82.314752487118));
#745 = CARTESIAN_POINT('',(178.88461689664,101.73784841991,
    82.276727149289));
#746 = ORIENTED_EDGE('',*,*,#580,.T.);
#747 = ORIENTED_EDGE('',*,*,#748,.F.);
#748 = EDGE_CURVE('',#389,#571,#749,.T.);
#749 = B_SPLINE_CURVE_WITH_KNOTS('',7,(#750,#751,#752,#753,#754,#755,
    #756,#757,#758,#759,#760,#761,#762,#763,#764,#765,#766,#767,#768,
    #769,#770,#771,#772,#773,#774,#775,#776,#777,#778,#779,#780,#781,
    #782,#783,#784,#785,#786,#787,#788,#789,#790,#791,#792,#793,#794,
    #795,#796,#797,#798,#799,#800,#801,#802,#803,#804,#805,#806,#807,
    #808,#809,#810,#811,#812,#813,#814,#815,#816,#817,#818,#819,#820,
    #821,#822,#823,#824,#825,#826,#827,#828,#829,#830,#831,#832,#833,
    #834,#835,#836,#837,#838,#839,#840,#841,#842,#843,#844,#845,#846,
    #847),.UNSPECIFIED.,.F.,.F.,(8,6,6,6,6,6,6,6,6,6,6,6,6,6,6,6,8),(0.,
    8.119599574038E-02,0.149899743477,0.203334297554,0.273186646735,
    0.342230202276,0.425425473169,0.462704277849,0.580529783318,
    0.643272758558,0.671712261182,0.722326462006,0.799126533292,
    0.832544292563,0.862089145763,0.98073887339,1.),.UNSPECIFIED.);
#750 = CARTESIAN_POINT('',(177.65167671106,106.21246130912,
    82.501386283512));
#751 = CARTESIAN_POINT('',(177.64994718436,106.21865877978,
    82.570257152687));
#752 = CARTESIAN_POINT('',(177.64381795472,106.22388654687,
    82.638944830819));
#753 = CARTESIAN_POINT('',(177.63327639123,106.22837085993,
    82.707141687358));
#754 = CARTESIAN_POINT('',(177.61835917765,106.23224745104,
    82.774548445179));
#755 = CARTESIAN_POINT('',(177.59914802648,106.23554946722,
    82.840868348057));
#756 = CARTESIAN_POINT('',(177.57576961638,106.23820723392,
    82.905801528431));
#757 = CARTESIAN_POINT('',(177.52524082508,106.24162743545,
    83.022548258867));
#758 = CARTESIAN_POINT('',(177.49921687579,106.24261927067,
    83.074860285114));
#759 = CARTESIAN_POINT('',(177.47040437459,106.2429382946,
    83.125849057012));
#760 = CARTESIAN_POINT('',(177.43888818973,106.24243791968,
    83.175370568988));
#761 = CARTESIAN_POINT('',(177.4047657036,106.24092247134,83.22326347222
    ));
#762 = CARTESIAN_POINT('',(177.36815092828,106.23814762749,
    83.269349139787));
#763 = CARTESIAN_POINT('',(177.29886778774,106.23045569969,
    83.34771710523));
#764 = CARTESIAN_POINT('',(177.26710742931,106.22614908658,
    83.38081720255));
#765 = CARTESIAN_POINT('',(177.23397557423,106.2207621186,
    83.412615872249));
#766 = CARTESIAN_POINT('',(177.19956288816,106.21414020707,
    83.442994026162));
#767 = CARTESIAN_POINT('',(177.16397446403,106.20611315885,
    83.47183059869));
#768 = CARTESIAN_POINT('',(177.1273316122,106.19649526046,
    83.499003506022));
#769 = CARTESIAN_POINT('',(177.04067598496,106.17016976646,
    83.557577904426));
#770 = CARTESIAN_POINT('',(176.98974773581,106.15211069791,
    83.587893857311));
#771 = CARTESIAN_POINT('',(176.93772829509,106.13053698141,
    83.614696975319));
#772 = CARTESIAN_POINT('',(176.88539085689,106.10514307964,
    83.637586595029));
#773 = CARTESIAN_POINT('',(176.83350036047,106.07572468117,
    83.656368447913));
#774 = CARTESIAN_POINT('',(176.78278188861,106.04220195562,
    83.67102801072));
#775 = CARTESIAN_POINT('',(176.68558314345,105.96749402185,
    83.692271560871));
#776 = CARTESIAN_POINT('',(176.63956127322,105.92678703517,
    83.698837498365));
#777 = CARTESIAN_POINT('',(176.59638679477,105.88269478258,
    83.701700605823));
#778 = CARTESIAN_POINT('',(176.55652910081,105.83553964733,
    83.701270385838));
#779 = CARTESIAN_POINT('',(176.52035654523,105.78578849582,83.6980562381
    ));
#780 = CARTESIAN_POINT('',(176.48811291443,105.73406404539,
    83.69263366633));
#781 = CARTESIAN_POINT('',(176.42587770072,105.61741283589,
    83.67711394342));
#782 = CARTESIAN_POINT('',(176.3975141003,105.55160016154,
    83.666239534964));
#783 = CARTESIAN_POINT('',(176.37461109889,105.48421741352,
    83.653846045641));
#784 = CARTESIAN_POINT('',(176.35695590953,105.4157056096,
    83.640658984506));
#785 = CARTESIAN_POINT('',(176.34433569788,105.34645404117,
    83.627281277771));
#786 = CARTESIAN_POINT('',(176.33655570889,105.27680661462,
    83.61420597934));
#787 = CARTESIAN_POINT('',(176.33205662793,105.17582486275,
    83.596263697118));
#788 = CARTESIAN_POINT('',(176.33160216797,105.14454589283,
    83.590846742818));
#789 = CARTESIAN_POINT('',(176.33207173924,105.11326146915,
    83.585599256752));
#790 = CARTESIAN_POINT('',(176.33345317971,105.0819970204,
    83.580551554698));
#791 = CARTESIAN_POINT('',(176.33573584381,105.05077710003,
    83.575729802243));
#792 = CARTESIAN_POINT('',(176.33891060248,105.01962538622,
    83.571156014779));
#793 = CARTESIAN_POINT('',(176.35579970934,104.89039245737,
    83.55323208329));
#794 = CARTESIAN_POINT('',(176.37748807599,104.79296330153,
    83.542248270641));
#795 = CARTESIAN_POINT('',(176.40781202613,104.69731243546,
    83.534519489076));
#796 = CARTESIAN_POINT('',(176.44655758315,104.60440898912,
    83.530208987628));
#797 = CARTESIAN_POINT('',(176.49355225097,104.51520462114,83.52895865)
  );
#798 = CARTESIAN_POINT('',(176.54862547486,104.4306451789,83.52991653981
    ));
#799 = CARTESIAN_POINT('',(176.64497659867,104.3095774172,
    83.532885307573));
#800 = CARTESIAN_POINT('',(176.68066546126,104.26908869583,
    83.534194510338));
#801 = CARTESIAN_POINT('',(176.71848884447,104.23035690159,
    83.53559385958));
#802 = CARTESIAN_POINT('',(176.75835794207,104.19353991043,
    83.53686436547));
#803 = CARTESIAN_POINT('',(176.80016958007,104.15877454871,
    83.537763431898));
#804 = CARTESIAN_POINT('',(176.84380588941,104.12617533426,
    83.538032755371));
#805 = CARTESIAN_POINT('',(176.90967983727,104.08208004887,
    83.537122236045));
#806 = CARTESIAN_POINT('',(176.93056916971,104.06879339017,
    83.536654320685));
#807 = CARTESIAN_POINT('',(176.95178375933,104.05598497826,
    83.53597760747));
#808 = CARTESIAN_POINT('',(176.97330474761,104.04366455615,
    83.535067493227));
#809 = CARTESIAN_POINT('',(176.995112634,104.03183987287,83.533899641963
    ));
#810 = CARTESIAN_POINT('',(177.01718727593,104.0205166835,
    83.532449984868));
#811 = CARTESIAN_POINT('',(177.07923221151,103.99044591235,
    83.527570850182));
#812 = CARTESIAN_POINT('',(177.11974687616,103.97278802092,
    83.523478553802));
#813 = CARTESIAN_POINT('',(177.16090104507,103.95676530823,
    83.518286191793));
#814 = CARTESIAN_POINT('',(177.20253615625,103.9423887284,
    83.511873178144));
#815 = CARTESIAN_POINT('',(177.24448901242,103.92964204419,
    83.504133519905));
#816 = CARTESIAN_POINT('',(177.28659487012,103.91848391501,
    83.494979356871));
#817 = CARTESIAN_POINT('',(177.39256488684,103.8942318241,
    83.468207574184));
#818 = CARTESIAN_POINT('',(177.45628233832,103.88315375546,
    83.44869499283));
#819 = CARTESIAN_POINT('',(177.51930864631,103.8753564603,
    83.425590204913));
#820 = CARTESIAN_POINT('',(177.58111875597,103.8704819806,83.39878236567
    ));
#821 = CARTESIAN_POINT('',(177.64120623409,103.86808863653,
    83.368278710505));
#822 = CARTESIAN_POINT('',(177.69909603416,103.86768015227,
    83.334220847259));
#823 = CARTESIAN_POINT('',(177.77840766733,103.86921406975,
    83.280667833897));
#824 = CARTESIAN_POINT('',(177.80197729981,103.86995925116,
    83.26380061238));
#825 = CARTESIAN_POINT('',(177.82504750023,103.87094389167,
    83.24631599624));
#826 = CARTESIAN_POINT('',(177.84759748802,103.87212771118,
    83.228229078218));
#827 = CARTESIAN_POINT('',(177.86960772659,103.87347116307,
    83.209557341775));
#828 = CARTESIAN_POINT('',(177.89105996391,103.87493580523,
    83.190320651736));
#829 = CARTESIAN_POINT('',(177.93039503492,103.87785403328,
    83.153054145784));
#830 = CARTESIAN_POINT('',(177.94840545444,103.87928947381,
    83.135140763224));
#831 = CARTESIAN_POINT('',(177.96595877933,103.88076542708,
    83.11681459972));
#832 = CARTESIAN_POINT('',(177.98304627618,103.88225758991,
    83.098089471833));
#833 = CARTESIAN_POINT('',(177.9996602306,103.88374292162,
    83.078979510233));
#834 = CARTESIAN_POINT('',(178.01579394719,103.885199644,83.059499159694
    ));
#835 = CARTESIAN_POINT('',(178.09428205138,103.89226003773,
    82.960003494246));
#836 = CARTESIAN_POINT('',(178.14918552246,103.89711278006,
    82.874732814466));
#837 = CARTESIAN_POINT('',(178.19589467117,103.89986109664,
    82.784733135732));
#838 = CARTESIAN_POINT('',(178.23425428335,103.89959080508,
    82.690932707252));
#839 = CARTESIAN_POINT('',(178.26411212786,103.89588058128,
    82.594279332275));
#840 = CARTESIAN_POINT('',(178.2852562443,103.88884880606,
    82.495758362165));
#841 = CARTESIAN_POINT('',(178.29944250183,103.87748907666,
    82.380313660656));
#842 = CARTESIAN_POINT('',(178.30118878402,103.87582984554,
    82.364164624776));
#843 = CARTESIAN_POINT('',(178.30269896812,103.87410025131,
    82.347993584323));
#844 = CARTESIAN_POINT('',(178.30397188295,103.87230290698,
    82.331804119625));
#845 = CARTESIAN_POINT('',(178.30500626263,103.87044071127,
    82.315599782836));
#846 = CARTESIAN_POINT('',(178.30580074655,103.8685168486,
    82.299384097934));
#847 = CARTESIAN_POINT('',(178.30635387943,103.86653478912,
    82.283160560721));
#848 = ORIENTED_EDGE('',*,*,#388,.T.);
#849 = ORIENTED_EDGE('',*,*,#850,.F.);
#850 = EDGE_CURVE('',#255,#372,#851,.T.);
#851 = B_SPLINE_CURVE_WITH_KNOTS('',6,(#852,#853,#854,#855,#856,#857,
    #858,#859,#860,#861,#862,#863,#864,#865,#866,#867,#868,#869,#870,
    #871,#872,#873,#874,#875,#876,#877,#878,#879,#880,#881,#882,#883,
    #884,#885,#886,#887,#888,#889,#890,#891,#892,#893,#894,#895,#896,
    #897,#898,#899,#900,#901,#902,#903,#904,#905,#906,#907,#908,#909,
    #910,#911,#912,#913,#914,#915,#916,#917,#918,#919,#920,#921,#922,
    #923,#924,#925,#926,#927,#928,#929,#930,#931,#932,#933,#934,#935,
    #936,#937,#938),.UNSPECIFIED.,.F.,.F.,(7,5,5,5,5,5,5,5,5,5,5,5,5,5,5
    ,5,5,7),(0.,1.530671984541E-02,9.449308563196E-02,0.144916945512,
    0.185456008244,0.217907031807,0.273791584375,0.329070032253,
    0.362446746516,0.403995350863,0.435935247796,0.531859340742,
    0.62272917511,0.70895155607,0.794374366846,0.886172614833,
    0.970938590973,1.),.UNSPECIFIED.);
#852 = CARTESIAN_POINT('',(177.02016535369,108.47537700636,
    82.711890069301));
#853 = CARTESIAN_POINT('',(177.0194756038,108.47784861014,
    82.723396242839));
#854 = CARTESIAN_POINT('',(177.01868034132,108.48022901887,
    82.734913737825));
#855 = CARTESIAN_POINT('',(177.0177786527,108.48251892086,
    82.746440369063));
#856 = CARTESIAN_POINT('',(177.0167697075,108.48471893672,
    82.757973972802));
#857 = CARTESIAN_POINT('',(177.01565275834,108.48682961939,
    82.769512406727));
#858 = CARTESIAN_POINT('',(177.00808664549,108.49931102649,
    82.840759430747));
#859 = CARTESIAN_POINT('',(176.99884084581,108.50738780009,
    82.900509066105));
#860 = CARTESIAN_POINT('',(176.98659835677,108.51315936845,
    82.960051277632));
#861 = CARTESIAN_POINT('',(176.97131489888,108.51663261071,
    83.019110223477));
#862 = CARTESIAN_POINT('',(176.95300151348,108.51773452477,
    83.077389183384));
#863 = CARTESIAN_POINT('',(176.91818938906,108.51539154031,
    83.170988396598));
#864 = CARTESIAN_POINT('',(176.90344438174,108.51345250951,
    83.206967782933));
#865 = CARTESIAN_POINT('',(176.88751467569,108.51044287491,
    83.242434710982));
#866 = CARTESIAN_POINT('',(176.87042790358,108.50630402872,
    83.277305374365));
#867 = CARTESIAN_POINT('',(176.8522247851,108.50096076134,
    83.311490978061));
#868 = CARTESIAN_POINT('',(176.817474478,108.48898136888,83.371757484668
    ));
#869 = CARTESIAN_POINT('',(176.8012996677,108.48280309665,
    83.398118186175));
#870 = CARTESIAN_POINT('',(176.78447293679,108.47573907775,
    83.423919195897));
#871 = CARTESIAN_POINT('',(176.76703870227,108.46773783917,
    83.449100462899));
#872 = CARTESIAN_POINT('',(176.74904993151,108.45874271481,
    83.473603558355));
#873 = CARTESIAN_POINT('',(176.71577369618,108.44064624741,
    83.516397762448));
#874 = CARTESIAN_POINT('',(176.7006620556,108.43192352447,83.53495456416
    ));
#875 = CARTESIAN_POINT('',(176.68527557141,108.42249726131,
    83.552999560065));
#876 = CARTESIAN_POINT('',(176.66966005697,108.41234161157,
    83.570495028244));
#877 = CARTESIAN_POINT('',(176.65386478817,108.40143129777,
    83.587408045473));
#878 = CARTESIAN_POINT('',(176.61052242046,108.36961056989,
    83.631785246125));
#879 = CARTESIAN_POINT('',(176.58268480692,108.34713872477,
    83.658090858356));
#880 = CARTESIAN_POINT('',(176.55480824629,108.32226985741,
    83.682357736984));
#881 = CARTESIAN_POINT('',(176.52729085352,108.29500319338,
    83.704429131433));
#882 = CARTESIAN_POINT('',(176.50052072954,108.26540195725,83.7242459082
    ));
#883 = CARTESIAN_POINT('',(176.449450557,108.20214678982,83.759226029489
    ));
#884 = CARTESIAN_POINT('',(176.42519337366,108.16862267556,83.7743919587
    ));
#885 = CARTESIAN_POINT('',(176.40240105965,108.1331790857,
    83.787372523347));
#886 = CARTESIAN_POINT('',(176.38136189695,108.09604089308,
    83.798283026362));
#887 = CARTESIAN_POINT('',(176.36230188535,108.05750993585,
    83.807289670858));
#888 = CARTESIAN_POINT('',(176.33513121257,107.99409064639,
    83.818995577206));
#889 = CARTESIAN_POINT('',(176.32566646636,107.96982709957,
    83.822783254509));
#890 = CARTESIAN_POINT('',(176.31698449535,107.94522410655,
    83.825999522375));
#891 = CARTESIAN_POINT('',(176.30909793052,107.92033272013,
    83.828690661942));
#892 = CARTESIAN_POINT('',(176.30201367174,107.89520690979,
    83.830901306533));
#893 = CARTESIAN_POINT('',(176.28791432895,107.83840499077,
    83.834881707743));
#894 = CARTESIAN_POINT('',(176.28134008908,107.80662779109,
    83.836411149918));
#895 = CARTESIAN_POINT('',(176.27600282919,107.77464435311,
    83.837347198515));
#896 = CARTESIAN_POINT('',(176.27188991915,107.74252517408,
    83.83776465641));
#897 = CARTESIAN_POINT('',(176.26898343776,107.71033885798,
    83.837728699026));
#898 = CARTESIAN_POINT('',(176.26593543729,107.65340901648,
    83.836961377772));
#899 = CARTESIAN_POINT('',(176.26530983074,107.62866034066,
    83.836392766004));
#900 = CARTESIAN_POINT('',(176.26537299898,107.60393093668,
    83.835614021465));
#901 = CARTESIAN_POINT('',(176.26611436509,107.57924371728,
    83.834646749989));
#902 = CARTESIAN_POINT('',(176.26752312927,107.55461965941,
    83.833509180798));
#903 = CARTESIAN_POINT('',(176.27579043808,107.45637201867,
    83.828332897127));
#904 = CARTESIAN_POINT('',(176.28791561593,107.38338372825,
    83.823046559007));
#905 = CARTESIAN_POINT('',(176.30567653917,107.31165884713,
    83.816761825898));
#906 = CARTESIAN_POINT('',(176.32878019162,107.24165554053,
    83.80962965872));
#907 = CARTESIAN_POINT('',(176.35695630417,107.17376409335,
    83.801597290601));
#908 = CARTESIAN_POINT('',(176.42119683845,107.04633109426,
    83.783746047551));
#909 = CARTESIAN_POINT('',(176.45678285076,106.98650771143,
    83.774039301743));
#910 = CARTESIAN_POINT('',(176.49640563388,106.92931439877,
    83.763132440254));
#911 = CARTESIAN_POINT('',(176.53970448852,106.87512218516,
    83.750715294517));
#912 = CARTESIAN_POINT('',(176.58626766482,106.82420479509,
    83.736382155807));
#913 = CARTESIAN_POINT('',(176.68249488889,106.73168580436,
    83.703810469434));
#914 = CARTESIAN_POINT('',(176.73187294691,106.68974633507,
    83.685810892875));
#915 = CARTESIAN_POINT('',(176.78321979871,106.65122048706,
    83.665332078171));
#916 = CARTESIAN_POINT('',(176.83590925256,106.61623251711,
    83.64202939191));
#917 = CARTESIAN_POINT('',(176.88928272346,106.58475057329,
    83.615620042916));
#918 = CARTESIAN_POINT('',(176.99557524168,106.52875910725,
    83.556516636429));
#919 = CARTESIAN_POINT('',(177.04840134844,106.50423643828,
    83.523934643142));
#920 = CARTESIAN_POINT('',(177.10050835319,106.48288951859,
    83.488037569609));
#921 = CARTESIAN_POINT('',(177.15125654205,106.46444072554,
    83.448788146765));
#922 = CARTESIAN_POINT('',(177.20003916197,106.4485462177,
    83.406296872853));
#923 = CARTESIAN_POINT('',(177.29604654253,106.42015346508,
    83.312012449468));
#924 = CARTESIAN_POINT('',(177.34286230498,106.40800320061,
    83.259782358003));
#925 = CARTESIAN_POINT('',(177.38630966613,106.39791537287,
    83.204313825361));
#926 = CARTESIAN_POINT('',(177.42597442995,106.38945370783,
    83.145869514614));
#927 = CARTESIAN_POINT('',(177.46149306393,106.38227831507,
    83.084815030938));
#928 = CARTESIAN_POINT('',(177.52125471184,106.37055647306,
    82.963252072547));
#929 = CARTESIAN_POINT('',(177.54616629517,106.3658479588,
    82.903033412912));
#930 = CARTESIAN_POINT('',(177.56711940297,106.36188685192,
    82.841186642418));
#931 = CARTESIAN_POINT('',(177.58392367876,106.35860807576,
    82.777987913782));
#932 = CARTESIAN_POINT('',(177.59638379605,106.3560707003,
    82.713759008441));
#933 = CARTESIAN_POINT('',(177.6070214053,106.3539287276,82.626618851549
    ));
#934 = CARTESIAN_POINT('',(177.60920420226,106.35349260052,
    82.604290420662));
#935 = CARTESIAN_POINT('',(177.61084583982,106.35317531058,
    82.581895257859));
#936 = CARTESIAN_POINT('',(177.61193822431,106.35298712265,
    82.559448304091));
#937 = CARTESIAN_POINT('',(177.61247322376,106.35294047194,
    82.536965602398));
#938 = CARTESIAN_POINT('',(177.61244266785,106.35304996395,
    82.514464297914));
#939 = FACE_BOUND('',#940,.T.);
#940 = EDGE_LOOP('',(#941,#952));
#941 = ORIENTED_EDGE('',*,*,#942,.T.);
#942 = EDGE_CURVE('',#943,#945,#947,.T.);
#943 = VERTEX_POINT('',#944);
#944 = CARTESIAN_POINT('',(178.8767226276,101.70379954054,
    81.806551653878));
#945 = VERTEX_POINT('',#946);
#946 = CARTESIAN_POINT('',(178.29316896964,103.65533823036,
    81.861271745174));
#947 = ELLIPSE('',#948,18.436005349136,1.2);
#948 = AXIS2_PLACEMENT_3D('',#949,#950,#951);
#949 = CARTESIAN_POINT('',(177.58666659501,101.98111136785,
    82.137777801661));
#950 = DIRECTION('',(0.258492135331,5.024509283393E-02,0.964705782412));
#951 = DIRECTION('',(-0.285156411638,0.95811443582,2.650563668257E-02));
#952 = ORIENTED_EDGE('',*,*,#953,.T.);
#953 = EDGE_CURVE('',#945,#943,#954,.T.);
#954 = B_SPLINE_CURVE_WITH_KNOTS('',7,(#955,#956,#957,#958,#959,#960,
    #961,#962,#963,#964,#965,#966,#967,#968,#969,#970,#971,#972,#973,
    #974,#975,#976,#977,#978,#979,#980,#981,#982,#983,#984,#985,#986,
    #987,#988,#989,#990,#991,#992,#993,#994,#995,#996,#997,#998,#999,
    #1000,#1001,#1002,#1003,#1004,#1005,#1006,#1007,#1008,#1009,#1010,
    #1011,#1012,#1013,#1014,#1015,#1016,#1017,#1018,#1019,#1020,#1021,
    #1022,#1023,#1024,#1025,#1026,#1027,#1028,#1029,#1030,#1031,#1032,
    #1033,#1034,#1035,#1036,#1037,#1038,#1039,#1040,#1041,#1042,#1043,
    #1044,#1045,#1046,#1047,#1048,#1049,#1050,#1051,#1052,#1053,#1054,
    #1055,#1056,#1057,#1058,#1059,#1060,#1061,#1062,#1063,#1064,#1065,
    #1066,#1067,#1068,#1069,#1070,#1071,#1072,#1073,#1074,#1075,#1076,
    #1077,#1078,#1079,#1080,#1081,#1082),.UNSPECIFIED.,.F.,.F.,(8,6,6,6,
    6,6,6,6,6,6,6,6,6,6,6,6,6,6,6,6,6,8),(0.,9.439646022336E-02,
    0.144098344729,0.191433336943,0.235220268595,0.30198884539,
    0.376929142395,0.429621590113,0.478654758856,0.532610092979,
    0.589445370341,0.671514370909,0.739762778316,0.783698322183,
    0.834306089871,0.890719582677,0.946236389652,0.991380198756,
    0.999075117748,0.999433014551,0.999823435951,1.),.UNSPECIFIED.);
#955 = CARTESIAN_POINT('',(178.29316917705,103.65533824644,
    81.861272317333));
#956 = CARTESIAN_POINT('',(178.26410864821,103.65308676151,
    81.781109322926));
#957 = CARTESIAN_POINT('',(178.22761904399,103.65302426211,
    81.703961754333));
#958 = CARTESIAN_POINT('',(178.18401341212,103.65488786289,
    81.630198576939));
#959 = CARTESIAN_POINT('',(178.13369537472,103.65804065851,
    81.560229704907));
#960 = CARTESIAN_POINT('',(178.07723812075,103.6615340146,81.4945684869)
  );
#961 = CARTESIAN_POINT('',(178.01547427916,103.66431005638,
    81.433779101007));
#962 = CARTESIAN_POINT('',(177.91471013738,103.66597160175,
    81.34916628551));
#963 = CARTESIAN_POINT('',(177.87864659872,103.6660791205,
    81.321357776443));
#964 = CARTESIAN_POINT('',(177.84136381489,103.66557343468,
    81.294974784319));
#965 = CARTESIAN_POINT('',(177.80295355474,103.66430583489,
    81.270068756708));
#966 = CARTESIAN_POINT('',(177.76351102292,103.66212679465,
    81.246692794324));
#967 = CARTESIAN_POINT('',(177.72313561365,103.65888623375,
    81.224901533602));
#968 = CARTESIAN_POINT('',(177.64268992104,103.65019336286,
    81.18556012788));
#969 = CARTESIAN_POINT('',(177.60267485219,103.64485136408,
    81.167846806458));
#970 = CARTESIAN_POINT('',(177.56202783419,103.63828066787,
    81.151687863017));
#971 = CARTESIAN_POINT('',(177.52089452559,103.63036151513,
    81.137146944814));
#972 = CARTESIAN_POINT('',(177.4794239059,103.62098216315,
    81.124274976846));
#973 = CARTESIAN_POINT('',(177.43776731403,103.61003954383,
    81.113110590325));
#974 = CARTESIAN_POINT('',(177.35751257894,103.58578472245,
    81.094957353777));
#975 = CARTESIAN_POINT('',(177.31892805146,103.57271427066,
    81.087720200185));
#976 = CARTESIAN_POINT('',(177.28050882743,103.55817431523,
    81.082003288815));
#977 = CARTESIAN_POINT('',(177.24243523112,103.54213006519,
    81.077815830002));
#978 = CARTESIAN_POINT('',(177.20488037527,103.52456664631,
    81.075143607493));
#979 = CARTESIAN_POINT('',(177.16800754837,103.50548955744,
    81.073950539956));
#980 = CARTESIAN_POINT('',(177.07701202871,103.45356741994,
    81.074530504779));
#981 = CARTESIAN_POINT('',(177.02416492789,103.4188493151,
    81.078187966349));
#982 = CARTESIAN_POINT('',(176.97389170717,103.38087480201,
    81.084915160245));
#983 = CARTESIAN_POINT('',(176.92659744713,103.33984371551,
    81.094389898875));
#984 = CARTESIAN_POINT('',(176.88261589972,103.29604901464,
    81.106209511882));
#985 = CARTESIAN_POINT('',(176.84219657436,103.24987858053,
    81.119904511295));
#986 = CARTESIAN_POINT('',(176.7642907678,103.14788284528,
    81.151861684584));
#987 = CARTESIAN_POINT('',(176.72771627133,103.09149888849,
    81.170499396279));
#988 = CARTESIAN_POINT('',(176.69572466,103.03298929261,81.19027066324)
  );
#989 = CARTESIAN_POINT('',(176.66824323575,102.97266298245,
    81.210593423625));
#990 = CARTESIAN_POINT('',(176.64517429092,102.91081622647,
    81.230890889554));
#991 = CARTESIAN_POINT('',(176.62640080704,102.84773566257,
    81.250590623622));
#992 = CARTESIAN_POINT('',(176.60152004637,102.73868561245,
    81.282181711693));
#993 = CARTESIAN_POINT('',(176.59329185876,102.6931289417,
    81.294674248142));
#994 = CARTESIAN_POINT('',(176.5870732274,102.64713494422,
    81.306421844966));
#995 = CARTESIAN_POINT('',(176.58282365585,102.60079341672,
    81.317233761271));
#996 = CARTESIAN_POINT('',(176.58050102226,102.5541864029,
    81.326927579096));
#997 = CARTESIAN_POINT('',(176.58006631476,102.50738929911,
    81.335332990942));
#998 = CARTESIAN_POINT('',(176.58281166311,102.41681284169,
    81.348774659326));
#999 = CARTESIAN_POINT('',(176.58574322576,102.37304007258,
    81.354006180518));
#1000 = CARTESIAN_POINT('',(176.59025634162,102.32928305518,
    81.357853068336));
#1001 = CARTESIAN_POINT('',(176.59631557854,102.28566013611,
    81.360206836954));
#1002 = CARTESIAN_POINT('',(176.60388195961,102.24227940384,
    81.360990252117));
#1003 = CARTESIAN_POINT('',(176.61291813733,102.19923948641,
    81.360159985975));
#1004 = CARTESIAN_POINT('',(176.63492056827,102.10974391924,
    81.355012544392));
#1005 = CARTESIAN_POINT('',(176.64816993388,102.06346106411,
    81.350358020227));
#1006 = CARTESIAN_POINT('',(176.6630890923,102.01789896455,
    81.343747235107));
#1007 = CARTESIAN_POINT('',(176.6796302174,101.97317538996,
    81.335232300616));
#1008 = CARTESIAN_POINT('',(176.69774837798,101.92941419813,
    81.324916951805));
#1009 = CARTESIAN_POINT('',(176.71739295812,101.88674839368,
    81.312953877206));
#1010 = CARTESIAN_POINT('',(176.76071795037,101.80168183733,
    81.285406711399));
#1011 = CARTESIAN_POINT('',(176.78457077345,101.75939122789,
    81.269654962813));
#1012 = CARTESIAN_POINT('',(176.81003317408,101.71849589179,
    81.252469073424));
#1013 = CARTESIAN_POINT('',(176.83710013328,101.67905440192,
    81.234052291421));
#1014 = CARTESIAN_POINT('',(176.86577320034,101.64113617616,
    81.214621386959));
#1015 = CARTESIAN_POINT('',(176.8960544359,101.60482072405,
    81.194402913831));
#1016 = CARTESIAN_POINT('',(176.97398298256,101.52020077676,
    81.143633036549));
#1017 = CARTESIAN_POINT('',(177.02347831659,101.47361579537,
    81.112410248901));
#1018 = CARTESIAN_POINT('',(177.07647161648,101.43070886698,
    81.080636756283));
#1019 = CARTESIAN_POINT('',(177.13301428282,101.39178420252,
    81.049019018194));
#1020 = CARTESIAN_POINT('',(177.19314450565,101.35718939613,
    81.018295634137));
#1021 = CARTESIAN_POINT('',(177.25687035617,101.32731393853,
    80.98925565738));
#1022 = CARTESIAN_POINT('',(177.38010935718,101.28201159133,
    80.940751715316));
#1023 = CARTESIAN_POINT('',(177.43867478551,101.2649436065,
    80.92043943861));
#1024 = CARTESIAN_POINT('',(177.49942808314,101.25180999168,
    80.902525735522));
#1025 = CARTESIAN_POINT('',(177.56190988952,101.24286733206,
    80.887629746666));
#1026 = CARTESIAN_POINT('',(177.6256333578,101.2382177249,
    80.876271609296));
#1027 = CARTESIAN_POINT('',(177.6900945874,101.23782298299,
    80.868854953898));
#1028 = CARTESIAN_POINT('',(177.79643027999,101.24388408156,
    80.863605470135));
#1029 = CARTESIAN_POINT('',(177.83803116523,101.24794153903,
    80.863306523092));
#1030 = CARTESIAN_POINT('',(177.87942640757,101.25361522117,
    80.864819656456));
#1031 = CARTESIAN_POINT('',(177.92045408549,101.26080925293,
    80.868170293648));
#1032 = CARTESIAN_POINT('',(177.96095407841,101.2694019766,
    80.873352150322));
#1033 = CARTESIAN_POINT('',(178.00077040209,101.2792485703,
    80.880325231174));
#1034 = CARTESIAN_POINT('',(178.08465681885,101.30277940921,
    80.899021906466));
#1035 = CARTESIAN_POINT('',(178.12843734169,101.31681449491,
    80.911302343733));
#1036 = CARTESIAN_POINT('',(178.1710132903,101.33207605251,
    80.925768486246));
#1037 = CARTESIAN_POINT('',(178.21231126703,101.34834935349,
    80.942320130948));
#1038 = CARTESIAN_POINT('',(178.25226641157,101.36541882527,
    80.960843288696));
#1039 = CARTESIAN_POINT('',(178.29082251361,101.38306906452,
    80.981209948954));
#1040 = CARTESIAN_POINT('',(178.36929895332,101.42116952304,
    81.027877369839));
#1041 = CARTESIAN_POINT('',(178.40891219778,101.44172991563,
    81.054616714805));
#1042 = CARTESIAN_POINT('',(178.44679403456,101.46251969382,
    81.083363436006));
#1043 = CARTESIAN_POINT('',(178.48296938245,101.48330415395,
    81.11399727206));
#1044 = CARTESIAN_POINT('',(178.51746445436,101.50385850098,
    81.14641063918));
#1045 = CARTESIAN_POINT('',(178.55030530854,101.5239651263,
    81.180509126781));
#1046 = CARTESIAN_POINT('',(178.61223139439,101.56254755649,
    81.25134736654));
#1047 = CARTESIAN_POINT('',(178.64139481788,101.58106089801,
    81.288067339275));
#1048 = CARTESIAN_POINT('',(178.66900629791,101.59873566904,
    81.326279164392));
#1049 = CARTESIAN_POINT('',(178.69507028824,101.61536190572,
    81.365898988615));
#1050 = CARTESIAN_POINT('',(178.71959056802,101.63073822841,
    81.406852614361));
#1051 = CARTESIAN_POINT('',(178.74256474104,101.64467514879,
    81.449076261802));
#1052 = CARTESIAN_POINT('',(178.78139164653,101.66701908048,
    81.527841684724));
#1053 = CARTESIAN_POINT('',(178.79777485063,101.6759742198,
    81.563975178291));
#1054 = CARTESIAN_POINT('',(178.81309411996,101.68375421108,
    81.600836072374));
#1055 = CARTESIAN_POINT('',(178.82732151781,101.69026932105,
    81.6383464205));
#1056 = CARTESIAN_POINT('',(178.84043216556,101.69545131036,
    81.676432971542));
#1057 = CARTESIAN_POINT('',(178.85240101017,101.69925507688,
    81.715028072285));
#1058 = CARTESIAN_POINT('',(178.8650402474,101.70207027742,
    81.760725499278));
#1059 = CARTESIAN_POINT('',(178.8668466675,101.70243956442,
    81.767392570531));
#1060 = CARTESIAN_POINT('',(178.8686186911,101.7027680663,
    81.774071340226));
#1061 = CARTESIAN_POINT('',(178.87035615756,101.70305571398,
    81.780761362246));
#1062 = CARTESIAN_POINT('',(178.87205890649,101.70330246302,
    81.787462187888));
#1063 = CARTESIAN_POINT('',(178.87372677775,101.70350829354,
    81.794173365862));
#1064 = CARTESIAN_POINT('',(178.87543555584,101.70368088073,
    81.801207044899));
#1065 = CARTESIAN_POINT('',(178.87551142444,101.70368846263,
    81.801519668923));
#1066 = CARTESIAN_POINT('',(178.87558721723,101.70369595603,
    81.801832314315));
#1067 = CARTESIAN_POINT('',(178.87566293419,101.70370336092,
    81.802144981029));
#1068 = CARTESIAN_POINT('',(178.87573857531,101.70371067731,
    81.80245766902));
#1069 = CARTESIAN_POINT('',(178.87581414057,101.70371790519,
    81.802770378241));
#1070 = CARTESIAN_POINT('',(178.87597197958,101.70373283276,
    81.803424259063));
#1071 = CARTESIAN_POINT('',(178.87605423893,101.70374051563,
    81.80376543469));
#1072 = CARTESIAN_POINT('',(178.87613640795,101.70374809317,
    81.804106635467));
#1073 = CARTESIAN_POINT('',(178.87621848665,101.7037555654,
    81.804447861337));
#1074 = CARTESIAN_POINT('',(178.87630047499,101.70376293232,
    81.804789112241));
#1075 = CARTESIAN_POINT('',(178.87638237295,101.70377019392,
    81.805130388117));
#1076 = CARTESIAN_POINT('',(178.87650117715,101.70378058657,
    81.80562603867));
#1077 = CARTESIAN_POINT('',(178.87653815529,101.70378380139,
    81.805780393526));
#1078 = CARTESIAN_POINT('',(178.87657511494,101.70378699467,
    81.805934753473));
#1079 = CARTESIAN_POINT('',(178.8766120561,101.70379016641,
    81.806089118504));
#1080 = CARTESIAN_POINT('',(178.87664897876,101.70379331662,
    81.806243488615));
#1081 = CARTESIAN_POINT('',(178.87668588293,101.70379644529,
    81.806397863798));
#1082 = CARTESIAN_POINT('',(178.8767227686,101.70379955242,
    81.806552244051));
#1083 = CYLINDRICAL_SURFACE('',#1084,1.2);
#1084 = AXIS2_PLACEMENT_3D('',#1085,#1086,#1087);
#1085 = CARTESIAN_POINT('',(178.,100.5,82.));
#1086 = DIRECTION('',(-0.267726448952,0.959353108744,8.924214965063E-02)
  );
#1087 = DIRECTION('',(0.963196301333,0.268798967814,-3.469446951954E-18)
  );
#1088 = ADVANCED_FACE('',(#1089),#1095,.F.);
#1089 = FACE_BOUND('',#1090,.F.);
#1090 = EDGE_LOOP('',(#1091,#1092,#1093,#1094));
#1091 = ORIENTED_EDGE('',*,*,#625,.T.);
#1092 = ORIENTED_EDGE('',*,*,#616,.T.);
#1093 = ORIENTED_EDGE('',*,*,#231,.F.);
#1094 = ORIENTED_EDGE('',*,*,#49,.F.);
#1095 = PLANE('',#1096);
#1096 = AXIS2_PLACEMENT_3D('',#1097,#1098,#1099);
#1097 = CARTESIAN_POINT('',(178.,100.5,82.));
#1098 = DIRECTION('',(-0.267726448952,0.959353108744,8.924214965063E-02)
  );
#1099 = DIRECTION('',(0.963196301333,0.268798967814,-3.469446951954E-18)
  );
#1100 = ADVANCED_FACE('',(#1101),#1106,.F.);
#1101 = FACE_BOUND('',#1102,.F.);
#1102 = EDGE_LOOP('',(#1103,#1104,#1105));
#1103 = ORIENTED_EDGE('',*,*,#188,.T.);
#1104 = ORIENTED_EDGE('',*,*,#180,.T.);
#1105 = ORIENTED_EDGE('',*,*,#147,.T.);
#1106 = PLANE('',#1107);
#1107 = AXIS2_PLACEMENT_3D('',#1108,#1109,#1110);
#1108 = CARTESIAN_POINT('',(176.92820323027,100.20833333333,86.));
#1109 = DIRECTION('',(-0.706213647081,5.024509283394E-02,0.706213647081)
  );
#1110 = DIRECTION('',(0.707106781187,0.,0.707106781187));
#1111 = ADVANCED_FACE('',(#1112),#1122,.T.);
#1112 = FACE_BOUND('',#1113,.T.);
#1113 = EDGE_LOOP('',(#1114,#1115,#1116));
#1114 = ORIENTED_EDGE('',*,*,#196,.T.);
#1115 = ORIENTED_EDGE('',*,*,#161,.T.);
#1116 = ORIENTED_EDGE('',*,*,#1117,.T.);
#1117 = EDGE_CURVE('',#164,#197,#1118,.T.);
#1118 = LINE('',#1119,#1120);
#1119 = CARTESIAN_POINT('',(174.,100.41666666666,88.928203230276));
#1120 = VECTOR('',#1121,1.);
#1121 = DIRECTION('',(-4.504443573125E-02,-0.998646416446,
    2.600641709494E-02));
#1122 = PLANE('',#1123);
#1123 = AXIS2_PLACEMENT_3D('',#1124,#1125,#1126);
#1124 = CARTESIAN_POINT('',(174.,100.41666666666,88.928203230276));
#1125 = DIRECTION('',(-0.706213647081,5.024509283394E-02,0.706213647081)
  );
#1126 = DIRECTION('',(0.707106781187,0.,0.707106781187));
#1127 = ADVANCED_FACE('',(#1128),#1182,.T.);
#1128 = FACE_BOUND('',#1129,.T.);
#1129 = EDGE_LOOP('',(#1130,#1131,#1139,#1148,#1157,#1166,#1173,#1174,
    #1175));
#1130 = ORIENTED_EDGE('',*,*,#214,.T.);
#1131 = ORIENTED_EDGE('',*,*,#1132,.T.);
#1132 = EDGE_CURVE('',#206,#1133,#1135,.T.);
#1133 = VERTEX_POINT('',#1134);
#1134 = CARTESIAN_POINT('',(169.99915976935,100.60886757169,
    88.757893722631));
#1135 = LINE('',#1136,#1137);
#1136 = CARTESIAN_POINT('',(173.68941714587,100.41666666666,
    87.769092238729));
#1137 = VECTOR('',#1138,1.);
#1138 = DIRECTION('',(-0.964705782412,5.024509283393E-02,0.258492135331)
  );
#1139 = ORIENTED_EDGE('',*,*,#1140,.F.);
#1140 = EDGE_CURVE('',#1141,#1133,#1143,.T.);
#1141 = VERTEX_POINT('',#1142);
#1142 = CARTESIAN_POINT('',(170.00084023063,100.6411324283,
    88.757893722629));
#1143 = ELLIPSE('',#1144,1.242218841831,1.2);
#1144 = AXIS2_PLACEMENT_3D('',#1145,#1146,#1147);
#1145 = CARTESIAN_POINT('',(170.,100.625,90.));
#1146 = DIRECTION('',(-0.998646416446,5.201283418987E-02,0.));
#1147 = DIRECTION('',(0.,0.,1.));
#1148 = ORIENTED_EDGE('',*,*,#1149,.F.);
#1149 = EDGE_CURVE('',#1150,#1141,#1152,.T.);
#1150 = VERTEX_POINT('',#1151);
#1151 = CARTESIAN_POINT('',(170.06241540102,101.82337569973,90.));
#1152 = ELLIPSE('',#1153,1.242218841831,1.2);
#1153 = AXIS2_PLACEMENT_3D('',#1154,#1155,#1156);
#1154 = CARTESIAN_POINT('',(170.,100.625,90.));
#1155 = DIRECTION('',(-0.998646416446,5.201283418987E-02,0.));
#1156 = DIRECTION('',(0.,0.,1.));
#1157 = ORIENTED_EDGE('',*,*,#1158,.F.);
#1158 = EDGE_CURVE('',#1159,#1150,#1161,.T.);
#1159 = VERTEX_POINT('',#1160);
#1160 = CARTESIAN_POINT('',(169.93758459897,99.426624300265,90.));
#1161 = CIRCLE('',#1162,1.2);
#1162 = AXIS2_PLACEMENT_3D('',#1163,#1164,#1165);
#1163 = CARTESIAN_POINT('',(170.,100.625,90.));
#1164 = DIRECTION('',(-0.964705782412,5.024509283393E-02,0.258492135331)
  );
#1165 = DIRECTION('',(-0.258819045103,0.,-0.965925826289));
#1166 = ORIENTED_EDGE('',*,*,#1167,.F.);
#1167 = EDGE_CURVE('',#1133,#1159,#1168,.T.);
#1168 = ELLIPSE('',#1169,1.242218841831,1.2);
#1169 = AXIS2_PLACEMENT_3D('',#1170,#1171,#1172);
#1170 = CARTESIAN_POINT('',(170.,100.625,90.));
#1171 = DIRECTION('',(-0.998646416446,5.201283418987E-02,0.));
#1172 = DIRECTION('',(0.,0.,1.));
#1173 = ORIENTED_EDGE('',*,*,#1132,.F.);
#1174 = ORIENTED_EDGE('',*,*,#205,.T.);
#1175 = ORIENTED_EDGE('',*,*,#1176,.T.);
#1176 = EDGE_CURVE('',#197,#164,#1177,.T.);
#1177 = CIRCLE('',#1178,1.2);
#1178 = AXIS2_PLACEMENT_3D('',#1179,#1180,#1181);
#1179 = CARTESIAN_POINT('',(174.,100.41666666666,88.928203230276));
#1180 = DIRECTION('',(-0.964705782412,5.024509283393E-02,0.258492135331)
  );
#1181 = DIRECTION('',(-0.258819045103,0.,-0.965925826289));
#1182 = CYLINDRICAL_SURFACE('',#1183,1.2);
#1183 = AXIS2_PLACEMENT_3D('',#1184,#1185,#1186);
#1184 = CARTESIAN_POINT('',(174.,100.41666666666,88.928203230276));
#1185 = DIRECTION('',(-0.964705782412,5.024509283393E-02,0.258492135331)
  );
#1186 = DIRECTION('',(-0.258819045103,1.734723475977E-18,-0.965925826289
    ));
#1187 = ADVANCED_FACE('',(#1188),#1270,.T.);
#1188 = FACE_BOUND('',#1189,.T.);
#1189 = EDGE_LOOP('',(#1190,#1200,#1209,#1218,#1227,#1234,#1235,#1244,
    #1251,#1252,#1253,#1254,#1263));
#1190 = ORIENTED_EDGE('',*,*,#1191,.T.);
#1191 = EDGE_CURVE('',#1192,#1194,#1196,.T.);
#1192 = VERTEX_POINT('',#1193);
#1193 = CARTESIAN_POINT('',(179.15911099154,107.5,82.310582854123));
#1194 = VERTEX_POINT('',#1195);
#1195 = CARTESIAN_POINT('',(178.08731422182,107.70833333333,
    86.310582854123));
#1196 = LINE('',#1197,#1198);
#1197 = CARTESIAN_POINT('',(179.15911099154,107.5,82.310582854123));
#1198 = VECTOR('',#1199,1.);
#1199 = DIRECTION('',(-0.258492135331,5.024509283393E-02,0.964705782412)
  );
#1200 = ORIENTED_EDGE('',*,*,#1201,.F.);
#1201 = EDGE_CURVE('',#1202,#1194,#1204,.T.);
#1202 = VERTEX_POINT('',#1203);
#1203 = CARTESIAN_POINT('',(176.89699552976,106.50995763359,
    86.054053322877));
#1204 = CIRCLE('',#1205,1.2);
#1205 = AXIS2_PLACEMENT_3D('',#1206,#1207,#1208);
#1206 = CARTESIAN_POINT('',(176.92820323027,107.70833333333,86.));
#1207 = DIRECTION('',(-0.258492135331,5.024509283393E-02,0.964705782412)
  );
#1208 = DIRECTION('',(0.965925826289,0.,0.258819045103));
#1209 = ORIENTED_EDGE('',*,*,#1210,.F.);
#1210 = EDGE_CURVE('',#1211,#1202,#1213,.T.);
#1211 = VERTEX_POINT('',#1212);
#1212 = CARTESIAN_POINT('',(175.85292775519,107.72446576163,
    85.378219200232));
#1213 = ELLIPSE('',#1214,1.242218841831,1.2);
#1214 = AXIS2_PLACEMENT_3D('',#1215,#1216,#1217);
#1215 = CARTESIAN_POINT('',(176.92820323027,107.70833333333,86.));
#1216 = DIRECTION('',(-0.499323208223,5.201283418987E-02,0.86485316604)
  );
#1217 = DIRECTION('',(0.866025403784,-5.780098621955E-15,0.5));
#1218 = ORIENTED_EDGE('',*,*,#1219,.F.);
#1219 = EDGE_CURVE('',#1220,#1211,#1222,.T.);
#1220 = VERTEX_POINT('',#1221);
#1221 = CARTESIAN_POINT('',(176.95941093078,108.90670903306,
    85.945946677122));
#1222 = ELLIPSE('',#1223,1.242218841831,1.2);
#1223 = AXIS2_PLACEMENT_3D('',#1224,#1225,#1226);
#1224 = CARTESIAN_POINT('',(176.92820323027,107.70833333333,86.));
#1225 = DIRECTION('',(-0.499323208223,5.201283418987E-02,0.86485316604)
  );
#1226 = DIRECTION('',(0.866025403784,-5.780098621955E-15,0.5));
#1227 = ORIENTED_EDGE('',*,*,#1228,.F.);
#1228 = EDGE_CURVE('',#1194,#1220,#1229,.T.);
#1229 = CIRCLE('',#1230,1.2);
#1230 = AXIS2_PLACEMENT_3D('',#1231,#1232,#1233);
#1231 = CARTESIAN_POINT('',(176.92820323027,107.70833333333,86.));
#1232 = DIRECTION('',(-0.258492135331,5.024509283393E-02,0.964705782412)
  );
#1233 = DIRECTION('',(0.965925826289,0.,0.258819045103));
#1234 = ORIENTED_EDGE('',*,*,#1191,.F.);
#1235 = ORIENTED_EDGE('',*,*,#1236,.T.);
#1236 = EDGE_CURVE('',#1192,#1237,#1239,.T.);
#1237 = VERTEX_POINT('',#1238);
#1238 = CARTESIAN_POINT('',(178.,108.69837569973,81.937584598972));
#1239 = CIRCLE('',#1240,1.2);
#1240 = AXIS2_PLACEMENT_3D('',#1241,#1242,#1243);
#1241 = CARTESIAN_POINT('',(178.,107.5,82.));
#1242 = DIRECTION('',(-0.258492135331,5.024509283393E-02,0.964705782412)
  );
#1243 = DIRECTION('',(0.965925826289,0.,0.258819045103));
#1244 = ORIENTED_EDGE('',*,*,#1245,.T.);
#1245 = EDGE_CURVE('',#1237,#273,#1246,.T.);
#1246 = ELLIPSE('',#1247,1.242218841831,1.2);
#1247 = AXIS2_PLACEMENT_3D('',#1248,#1249,#1250);
#1248 = CARTESIAN_POINT('',(178.,107.5,82.));
#1249 = DIRECTION('',(2.87E-15,5.201283418987E-02,0.998646416446));
#1250 = DIRECTION('',(1.,-4.799423465154E-16,-2.848893053095E-15));
#1251 = ORIENTED_EDGE('',*,*,#272,.F.);
#1252 = ORIENTED_EDGE('',*,*,#850,.T.);
#1253 = ORIENTED_EDGE('',*,*,#371,.F.);
#1254 = ORIENTED_EDGE('',*,*,#1255,.T.);
#1255 = EDGE_CURVE('',#300,#1256,#1258,.T.);
#1256 = VERTEX_POINT('',#1257);
#1257 = CARTESIAN_POINT('',(178.,106.30162430026,82.062415401028));
#1258 = ELLIPSE('',#1259,1.242218841831,1.2);
#1259 = AXIS2_PLACEMENT_3D('',#1260,#1261,#1262);
#1260 = CARTESIAN_POINT('',(178.,107.5,82.));
#1261 = DIRECTION('',(2.87E-15,5.201283418987E-02,0.998646416446));
#1262 = DIRECTION('',(1.,-4.799423465154E-16,-2.848893053095E-15));
#1263 = ORIENTED_EDGE('',*,*,#1264,.T.);
#1264 = EDGE_CURVE('',#1256,#1192,#1265,.T.);
#1265 = CIRCLE('',#1266,1.2);
#1266 = AXIS2_PLACEMENT_3D('',#1267,#1268,#1269);
#1267 = CARTESIAN_POINT('',(178.,107.5,82.));
#1268 = DIRECTION('',(-0.258492135331,5.024509283393E-02,0.964705782412)
  );
#1269 = DIRECTION('',(0.965925826289,0.,0.258819045103));
#1270 = CYLINDRICAL_SURFACE('',#1271,1.2);
#1271 = AXIS2_PLACEMENT_3D('',#1272,#1273,#1274);
#1272 = CARTESIAN_POINT('',(178.,107.5,82.));
#1273 = DIRECTION('',(-0.258492135331,5.024509283393E-02,0.964705782412)
  );
#1274 = DIRECTION('',(0.965925826289,0.,0.258819045103));
#1275 = ADVANCED_FACE('',(#1276),#1340,.T.);
#1276 = FACE_BOUND('',#1277,.T.);
#1277 = EDGE_LOOP('',(#1278,#1288,#1297,#1306,#1313,#1314,#1323,#1330,
    #1331,#1332,#1333));
#1278 = ORIENTED_EDGE('',*,*,#1279,.T.);
#1279 = EDGE_CURVE('',#1280,#1282,#1284,.T.);
#1280 = VERTEX_POINT('',#1281);
#1281 = CARTESIAN_POINT('',(179.15911099154,105.,82.310582854123));
#1282 = VERTEX_POINT('',#1283);
#1283 = CARTESIAN_POINT('',(178.08731422182,105.20833333333,
    86.310582854123));
#1284 = LINE('',#1285,#1286);
#1285 = CARTESIAN_POINT('',(179.15911099154,105.,82.310582854123));
#1286 = VECTOR('',#1287,1.);
#1287 = DIRECTION('',(-0.258492135331,5.024509283393E-02,0.964705782412)
  );
#1288 = ORIENTED_EDGE('',*,*,#1289,.F.);
#1289 = EDGE_CURVE('',#1290,#1282,#1292,.T.);
#1290 = VERTEX_POINT('',#1291);
#1291 = CARTESIAN_POINT('',(176.89699552976,104.00995763359,
    86.054053322877));
#1292 = CIRCLE('',#1293,1.2);
#1293 = AXIS2_PLACEMENT_3D('',#1294,#1295,#1296);
#1294 = CARTESIAN_POINT('',(176.92820323027,105.20833333333,86.));
#1295 = DIRECTION('',(-0.258492135331,5.024509283393E-02,0.964705782412)
  );
#1296 = DIRECTION('',(0.965925826289,0.,0.258819045103));
#1297 = ORIENTED_EDGE('',*,*,#1298,.F.);
#1298 = EDGE_CURVE('',#1299,#1290,#1301,.T.);
#1299 = VERTEX_POINT('',#1300);
#1300 = CARTESIAN_POINT('',(176.95941093078,106.40670903306,
    85.945946677123));
#1301 = ELLIPSE('',#1302,1.242218841831,1.2);
#1302 = AXIS2_PLACEMENT_3D('',#1303,#1304,#1305);
#1303 = CARTESIAN_POINT('',(176.92820323027,105.20833333333,86.));
#1304 = DIRECTION('',(-0.499323208223,5.201283418987E-02,0.86485316604)
  );
#1305 = DIRECTION('',(0.866025403784,-6.723788192886E-15,0.5));
#1306 = ORIENTED_EDGE('',*,*,#1307,.F.);
#1307 = EDGE_CURVE('',#1282,#1299,#1308,.T.);
#1308 = CIRCLE('',#1309,1.2);
#1309 = AXIS2_PLACEMENT_3D('',#1310,#1311,#1312);
#1310 = CARTESIAN_POINT('',(176.92820323027,105.20833333333,86.));
#1311 = DIRECTION('',(-0.258492135331,5.024509283393E-02,0.964705782412)
  );
#1312 = DIRECTION('',(0.965925826289,0.,0.258819045103));
#1313 = ORIENTED_EDGE('',*,*,#1279,.F.);
#1314 = ORIENTED_EDGE('',*,*,#1315,.T.);
#1315 = EDGE_CURVE('',#1280,#1316,#1318,.T.);
#1316 = VERTEX_POINT('',#1317);
#1317 = CARTESIAN_POINT('',(178.,106.19837569973,81.937584598972));
#1318 = CIRCLE('',#1319,1.2);
#1319 = AXIS2_PLACEMENT_3D('',#1320,#1321,#1322);
#1320 = CARTESIAN_POINT('',(178.,105.,82.));
#1321 = DIRECTION('',(-0.258492135331,5.024509283393E-02,0.964705782412)
  );
#1322 = DIRECTION('',(0.965925826289,0.,0.258819045103));
#1323 = ORIENTED_EDGE('',*,*,#1324,.T.);
#1324 = EDGE_CURVE('',#1316,#397,#1325,.T.);
#1325 = ELLIPSE('',#1326,1.242218841831,1.2);
#1326 = AXIS2_PLACEMENT_3D('',#1327,#1328,#1329);
#1327 = CARTESIAN_POINT('',(178.,105.,82.));
#1328 = DIRECTION('',(-4.6E-16,5.201283418987E-02,0.998646416446));
#1329 = DIRECTION('',(1.,-3.301137023759E-16,4.778169143828E-16));
#1330 = ORIENTED_EDGE('',*,*,#396,.F.);
#1331 = ORIENTED_EDGE('',*,*,#748,.T.);
#1332 = ORIENTED_EDGE('',*,*,#570,.T.);
#1333 = ORIENTED_EDGE('',*,*,#1334,.T.);
#1334 = EDGE_CURVE('',#562,#1280,#1335,.T.);
#1335 = CIRCLE('',#1336,1.2);
#1336 = AXIS2_PLACEMENT_3D('',#1337,#1338,#1339);
#1337 = CARTESIAN_POINT('',(178.,105.,82.));
#1338 = DIRECTION('',(-0.258492135331,5.024509283393E-02,0.964705782412)
  );
#1339 = DIRECTION('',(0.965925826289,0.,0.258819045103));
#1340 = CYLINDRICAL_SURFACE('',#1341,1.2);
#1341 = AXIS2_PLACEMENT_3D('',#1342,#1343,#1344);
#1342 = CARTESIAN_POINT('',(178.,105.,82.));
#1343 = DIRECTION('',(-0.258492135331,5.024509283393E-02,0.964705782412)
  );
#1344 = DIRECTION('',(0.965925826289,0.,0.258819045103));
#1345 = ADVANCED_FACE('',(#1346),#1400,.T.);
#1346 = FACE_BOUND('',#1347,.T.);
#1347 = EDGE_LOOP('',(#1348,#1358,#1367,#1376,#1383,#1384,#1391,#1392,
    #1393));
#1348 = ORIENTED_EDGE('',*,*,#1349,.T.);
#1349 = EDGE_CURVE('',#1350,#1352,#1354,.T.);
#1350 = VERTEX_POINT('',#1351);
#1351 = CARTESIAN_POINT('',(179.15911099154,102.5,82.310582854123));
#1352 = VERTEX_POINT('',#1353);
#1353 = CARTESIAN_POINT('',(178.08731422182,102.70833333333,
    86.310582854123));
#1354 = LINE('',#1355,#1356);
#1355 = CARTESIAN_POINT('',(179.15911099154,102.5,82.310582854123));
#1356 = VECTOR('',#1357,1.);
#1357 = DIRECTION('',(-0.258492135331,5.024509283393E-02,0.964705782412)
  );
#1358 = ORIENTED_EDGE('',*,*,#1359,.F.);
#1359 = EDGE_CURVE('',#1360,#1352,#1362,.T.);
#1360 = VERTEX_POINT('',#1361);
#1361 = CARTESIAN_POINT('',(176.89699552976,101.50995763359,
    86.054053322877));
#1362 = CIRCLE('',#1363,1.2);
#1363 = AXIS2_PLACEMENT_3D('',#1364,#1365,#1366);
#1364 = CARTESIAN_POINT('',(176.92820323027,102.70833333333,86.));
#1365 = DIRECTION('',(-0.258492135331,5.024509283393E-02,0.964705782412)
  );
#1366 = DIRECTION('',(0.965925826289,0.,0.258819045103));
#1367 = ORIENTED_EDGE('',*,*,#1368,.F.);
#1368 = EDGE_CURVE('',#1369,#1360,#1371,.T.);
#1369 = VERTEX_POINT('',#1370);
#1370 = CARTESIAN_POINT('',(176.95941093078,103.90670903306,
    85.945946677123));
#1371 = ELLIPSE('',#1372,1.242218841831,1.2);
#1372 = AXIS2_PLACEMENT_3D('',#1373,#1374,#1375);
#1373 = CARTESIAN_POINT('',(176.92820323027,102.70833333333,86.));
#1374 = DIRECTION('',(-0.499323208223,5.201283418987E-02,0.86485316604)
  );
#1375 = DIRECTION('',(0.866025403784,-6.963180032571E-15,0.5));
#1376 = ORIENTED_EDGE('',*,*,#1377,.F.);
#1377 = EDGE_CURVE('',#1352,#1369,#1378,.T.);
#1378 = CIRCLE('',#1379,1.2);
#1379 = AXIS2_PLACEMENT_3D('',#1380,#1381,#1382);
#1380 = CARTESIAN_POINT('',(176.92820323027,102.70833333333,86.));
#1381 = DIRECTION('',(-0.258492135331,5.024509283393E-02,0.964705782412)
  );
#1382 = DIRECTION('',(0.965925826289,0.,0.258819045103));
#1383 = ORIENTED_EDGE('',*,*,#1349,.F.);
#1384 = ORIENTED_EDGE('',*,*,#1385,.T.);
#1385 = EDGE_CURVE('',#1350,#589,#1386,.T.);
#1386 = CIRCLE('',#1387,1.2);
#1387 = AXIS2_PLACEMENT_3D('',#1388,#1389,#1390);
#1388 = CARTESIAN_POINT('',(178.,102.5,82.));
#1389 = DIRECTION('',(-0.258492135331,5.024509283393E-02,0.964705782412)
  );
#1390 = DIRECTION('',(0.965925826289,0.,0.258819045103));
#1391 = ORIENTED_EDGE('',*,*,#588,.F.);
#1392 = ORIENTED_EDGE('',*,*,#642,.T.);
#1393 = ORIENTED_EDGE('',*,*,#1394,.T.);
#1394 = EDGE_CURVE('',#634,#1350,#1395,.T.);
#1395 = CIRCLE('',#1396,1.2);
#1396 = AXIS2_PLACEMENT_3D('',#1397,#1398,#1399);
#1397 = CARTESIAN_POINT('',(178.,102.5,82.));
#1398 = DIRECTION('',(-0.258492135331,5.024509283393E-02,0.964705782412)
  );
#1399 = DIRECTION('',(0.965925826289,0.,0.258819045103));
#1400 = CYLINDRICAL_SURFACE('',#1401,1.2);
#1401 = AXIS2_PLACEMENT_3D('',#1402,#1403,#1404);
#1402 = CARTESIAN_POINT('',(178.,102.5,82.));
#1403 = DIRECTION('',(-0.258492135331,5.024509283393E-02,0.964705782412)
  );
#1404 = DIRECTION('',(0.965925826289,0.,0.258819045103));
#1405 = ADVANCED_FACE('',(#1406),#1412,.F.);
#1406 = FACE_BOUND('',#1407,.F.);
#1407 = EDGE_LOOP('',(#1408,#1409,#1410,#1411));
#1408 = ORIENTED_EDGE('',*,*,#633,.F.);
#1409 = ORIENTED_EDGE('',*,*,#1394,.T.);
#1410 = ORIENTED_EDGE('',*,*,#1385,.T.);
#1411 = ORIENTED_EDGE('',*,*,#599,.F.);
#1412 = PLANE('',#1413);
#1413 = AXIS2_PLACEMENT_3D('',#1414,#1415,#1416);
#1414 = CARTESIAN_POINT('',(178.,102.5,82.));
#1415 = DIRECTION('',(-0.258492135331,5.024509283393E-02,0.964705782412)
  );
#1416 = DIRECTION('',(0.965925826289,0.,0.258819045103));
#1417 = ADVANCED_FACE('',(#1418),#1429,.F.);
#1418 = FACE_BOUND('',#1419,.F.);
#1419 = EDGE_LOOP('',(#1420,#1421,#1422,#1423));
#1420 = ORIENTED_EDGE('',*,*,#561,.F.);
#1421 = ORIENTED_EDGE('',*,*,#1334,.T.);
#1422 = ORIENTED_EDGE('',*,*,#1315,.T.);
#1423 = ORIENTED_EDGE('',*,*,#1424,.T.);
#1424 = EDGE_CURVE('',#1316,#553,#1425,.T.);
#1425 = LINE('',#1426,#1427);
#1426 = CARTESIAN_POINT('',(178.,105.,82.));
#1427 = VECTOR('',#1428,1.);
#1428 = DIRECTION('',(-3.5E-16,-0.998646416446,5.201283418987E-02));
#1429 = PLANE('',#1430);
#1430 = AXIS2_PLACEMENT_3D('',#1431,#1432,#1433);
#1431 = CARTESIAN_POINT('',(178.,105.,82.));
#1432 = DIRECTION('',(-0.258492135331,5.024509283393E-02,0.964705782412)
  );
#1433 = DIRECTION('',(0.965925826289,0.,0.258819045103));
#1434 = ADVANCED_FACE('',(#1435),#1455,.T.);
#1435 = FACE_BOUND('',#1436,.T.);
#1436 = EDGE_LOOP('',(#1437,#1438,#1447,#1454));
#1437 = ORIENTED_EDGE('',*,*,#552,.F.);
#1438 = ORIENTED_EDGE('',*,*,#1439,.T.);
#1439 = EDGE_CURVE('',#414,#1440,#1442,.T.);
#1440 = VERTEX_POINT('',#1441);
#1441 = CARTESIAN_POINT('',(179.15911099154,105.,81.689417145877));
#1442 = CIRCLE('',#1443,1.2);
#1443 = AXIS2_PLACEMENT_3D('',#1444,#1445,#1446);
#1444 = CARTESIAN_POINT('',(178.,105.,82.));
#1445 = DIRECTION('',(0.258492135331,5.024509283393E-02,0.964705782412)
  );
#1446 = DIRECTION('',(0.965925826289,-1.734723475977E-18,-0.258819045103
    ));
#1447 = ORIENTED_EDGE('',*,*,#1448,.T.);
#1448 = EDGE_CURVE('',#1440,#1316,#1449,.T.);
#1449 = CIRCLE('',#1450,1.2);
#1450 = AXIS2_PLACEMENT_3D('',#1451,#1452,#1453);
#1451 = CARTESIAN_POINT('',(178.,105.,82.));
#1452 = DIRECTION('',(0.258492135331,5.024509283393E-02,0.964705782412)
  );
#1453 = DIRECTION('',(0.965925826289,-1.734723475977E-18,-0.258819045103
    ));
#1454 = ORIENTED_EDGE('',*,*,#1424,.T.);
#1455 = PLANE('',#1456);
#1456 = AXIS2_PLACEMENT_3D('',#1457,#1458,#1459);
#1457 = CARTESIAN_POINT('',(178.,105.,82.));
#1458 = DIRECTION('',(0.258492135331,5.024509283393E-02,0.964705782412)
  );
#1459 = DIRECTION('',(0.965925826289,-1.734723475977E-18,-0.258819045103
    ));
#1460 = ADVANCED_FACE('',(#1461),#1501,.T.);
#1461 = FACE_BOUND('',#1462,.T.);
#1462 = EDGE_LOOP('',(#1463,#1471,#1472,#1473,#1474,#1475,#1476,#1485,
    #1494));
#1463 = ORIENTED_EDGE('',*,*,#1464,.T.);
#1464 = EDGE_CURVE('',#1465,#1440,#1467,.T.);
#1465 = VERTEX_POINT('',#1466);
#1466 = CARTESIAN_POINT('',(178.08731422182,104.79166666666,
    77.689417145877));
#1467 = LINE('',#1468,#1469);
#1468 = CARTESIAN_POINT('',(178.08731422182,104.79166666666,
    77.689417145877));
#1469 = VECTOR('',#1470,1.);
#1470 = DIRECTION('',(0.258492135331,5.024509283393E-02,0.964705782412)
  );
#1471 = ORIENTED_EDGE('',*,*,#1439,.F.);
#1472 = ORIENTED_EDGE('',*,*,#413,.T.);
#1473 = ORIENTED_EDGE('',*,*,#1324,.F.);
#1474 = ORIENTED_EDGE('',*,*,#1448,.F.);
#1475 = ORIENTED_EDGE('',*,*,#1464,.F.);
#1476 = ORIENTED_EDGE('',*,*,#1477,.T.);
#1477 = EDGE_CURVE('',#1465,#1478,#1480,.T.);
#1478 = VERTEX_POINT('',#1479);
#1479 = CARTESIAN_POINT('',(176.89699552976,105.9900423664,
    77.945946677122));
#1480 = CIRCLE('',#1481,1.2);
#1481 = AXIS2_PLACEMENT_3D('',#1482,#1483,#1484);
#1482 = CARTESIAN_POINT('',(176.92820323027,104.79166666666,78.));
#1483 = DIRECTION('',(0.258492135331,5.024509283393E-02,0.964705782412)
  );
#1484 = DIRECTION('',(0.965925826289,-1.734723475977E-18,-0.258819045103
    ));
#1485 = ORIENTED_EDGE('',*,*,#1486,.T.);
#1486 = EDGE_CURVE('',#1478,#1487,#1489,.T.);
#1487 = VERTEX_POINT('',#1488);
#1488 = CARTESIAN_POINT('',(176.95941093078,103.59329096693,
    78.054053322878));
#1489 = ELLIPSE('',#1490,1.242218841831,1.2);
#1490 = AXIS2_PLACEMENT_3D('',#1491,#1492,#1493);
#1491 = CARTESIAN_POINT('',(176.92820323027,104.79166666666,78.));
#1492 = DIRECTION('',(0.499323208223,5.201283418987E-02,0.86485316604));
#1493 = DIRECTION('',(0.866025403784,7.292777493006E-15,-0.5));
#1494 = ORIENTED_EDGE('',*,*,#1495,.T.);
#1495 = EDGE_CURVE('',#1487,#1465,#1496,.T.);
#1496 = CIRCLE('',#1497,1.2);
#1497 = AXIS2_PLACEMENT_3D('',#1498,#1499,#1500);
#1498 = CARTESIAN_POINT('',(176.92820323027,104.79166666666,78.));
#1499 = DIRECTION('',(0.258492135331,5.024509283393E-02,0.964705782412)
  );
#1500 = DIRECTION('',(0.965925826289,-1.734723475977E-18,-0.258819045103
    ));
#1501 = CYLINDRICAL_SURFACE('',#1502,1.2);
#1502 = AXIS2_PLACEMENT_3D('',#1503,#1504,#1505);
#1503 = CARTESIAN_POINT('',(176.92820323027,104.79166666666,78.));
#1504 = DIRECTION('',(0.258492135331,5.024509283393E-02,0.964705782412)
  );
#1505 = DIRECTION('',(0.965925826289,-1.734723475977E-18,-0.258819045103
    ));
#1506 = ADVANCED_FACE('',(#1507),#1562,.T.);
#1507 = FACE_BOUND('',#1508,.T.);
#1508 = EDGE_LOOP('',(#1509,#1519,#1526,#1527,#1528,#1529,#1536,#1537,
    #1546,#1555));
#1509 = ORIENTED_EDGE('',*,*,#1510,.T.);
#1510 = EDGE_CURVE('',#1511,#1513,#1515,.T.);
#1511 = VERTEX_POINT('',#1512);
#1512 = CARTESIAN_POINT('',(178.08731422182,107.29166666666,
    77.689417145877));
#1513 = VERTEX_POINT('',#1514);
#1514 = CARTESIAN_POINT('',(179.15911099154,107.5,81.689417145877));
#1515 = LINE('',#1516,#1517);
#1516 = CARTESIAN_POINT('',(178.08731422182,107.29166666666,
    77.689417145877));
#1517 = VECTOR('',#1518,1.);
#1518 = DIRECTION('',(0.258492135331,5.024509283393E-02,0.964705782412)
  );
#1519 = ORIENTED_EDGE('',*,*,#1520,.F.);
#1520 = EDGE_CURVE('',#1256,#1513,#1521,.T.);
#1521 = CIRCLE('',#1522,1.2);
#1522 = AXIS2_PLACEMENT_3D('',#1523,#1524,#1525);
#1523 = CARTESIAN_POINT('',(178.,107.5,82.));
#1524 = DIRECTION('',(0.258492135331,5.024509283393E-02,0.964705782412)
  );
#1525 = DIRECTION('',(0.965925826289,0.,-0.258819045103));
#1526 = ORIENTED_EDGE('',*,*,#1255,.F.);
#1527 = ORIENTED_EDGE('',*,*,#299,.F.);
#1528 = ORIENTED_EDGE('',*,*,#1245,.F.);
#1529 = ORIENTED_EDGE('',*,*,#1530,.F.);
#1530 = EDGE_CURVE('',#1513,#1237,#1531,.T.);
#1531 = CIRCLE('',#1532,1.2);
#1532 = AXIS2_PLACEMENT_3D('',#1533,#1534,#1535);
#1533 = CARTESIAN_POINT('',(178.,107.5,82.));
#1534 = DIRECTION('',(0.258492135331,5.024509283393E-02,0.964705782412)
  );
#1535 = DIRECTION('',(0.965925826289,0.,-0.258819045103));
#1536 = ORIENTED_EDGE('',*,*,#1510,.F.);
#1537 = ORIENTED_EDGE('',*,*,#1538,.T.);
#1538 = EDGE_CURVE('',#1511,#1539,#1541,.T.);
#1539 = VERTEX_POINT('',#1540);
#1540 = CARTESIAN_POINT('',(176.89699552976,108.4900423664,
    77.945946677123));
#1541 = CIRCLE('',#1542,1.2);
#1542 = AXIS2_PLACEMENT_3D('',#1543,#1544,#1545);
#1543 = CARTESIAN_POINT('',(176.92820323027,107.29166666666,78.));
#1544 = DIRECTION('',(0.258492135331,5.024509283393E-02,0.964705782412)
  );
#1545 = DIRECTION('',(0.965925826289,0.,-0.258819045103));
#1546 = ORIENTED_EDGE('',*,*,#1547,.T.);
#1547 = EDGE_CURVE('',#1539,#1548,#1550,.T.);
#1548 = VERTEX_POINT('',#1549);
#1549 = CARTESIAN_POINT('',(176.95941093078,106.09329096693,
    78.054053322878));
#1550 = ELLIPSE('',#1551,1.242218841831,1.2);
#1551 = AXIS2_PLACEMENT_3D('',#1552,#1553,#1554);
#1552 = CARTESIAN_POINT('',(176.92820323027,107.29166666666,78.));
#1553 = DIRECTION('',(0.499323208223,5.201283418987E-02,0.86485316604));
#1554 = DIRECTION('',(0.866025403784,6.963180032571E-15,-0.5));
#1555 = ORIENTED_EDGE('',*,*,#1556,.T.);
#1556 = EDGE_CURVE('',#1548,#1511,#1557,.T.);
#1557 = CIRCLE('',#1558,1.2);
#1558 = AXIS2_PLACEMENT_3D('',#1559,#1560,#1561);
#1559 = CARTESIAN_POINT('',(176.92820323027,107.29166666666,78.));
#1560 = DIRECTION('',(0.258492135331,5.024509283393E-02,0.964705782412)
  );
#1561 = DIRECTION('',(0.965925826289,0.,-0.258819045103));
#1562 = CYLINDRICAL_SURFACE('',#1563,1.2);
#1563 = AXIS2_PLACEMENT_3D('',#1564,#1565,#1566);
#1564 = CARTESIAN_POINT('',(176.92820323027,107.29166666666,78.));
#1565 = DIRECTION('',(0.258492135331,5.024509283393E-02,0.964705782412)
  );
#1566 = DIRECTION('',(0.965925826289,0.,-0.258819045103));
#1567 = ADVANCED_FACE('',(#1568),#1571,.T.);
#1568 = FACE_BOUND('',#1569,.T.);
#1569 = EDGE_LOOP('',(#1570));
#1570 = ORIENTED_EDGE('',*,*,#264,.T.);
#1571 = PLANE('',#1572);
#1572 = AXIS2_PLACEMENT_3D('',#1573,#1574,#1575);
#1573 = CARTESIAN_POINT('',(172.,122.,84.));
#1574 = DIRECTION('',(-0.267726448952,0.959353108744,8.924214965063E-02)
  );
#1575 = DIRECTION('',(0.963196301333,0.268798967814,-3.469446951954E-18)
  );
#1576 = ADVANCED_FACE('',(#1577),#1596,.T.);
#1577 = FACE_BOUND('',#1578,.T.);
#1578 = EDGE_LOOP('',(#1579,#1580,#1589));
#1579 = ORIENTED_EDGE('',*,*,#942,.F.);
#1580 = ORIENTED_EDGE('',*,*,#1581,.T.);
#1581 = EDGE_CURVE('',#943,#1582,#1584,.T.);
#1582 = VERTEX_POINT('',#1583);
#1583 = CARTESIAN_POINT('',(179.15911099154,102.5,81.689417145877));
#1584 = CIRCLE('',#1585,1.2);
#1585 = AXIS2_PLACEMENT_3D('',#1586,#1587,#1588);
#1586 = CARTESIAN_POINT('',(178.,102.5,82.));
#1587 = DIRECTION('',(0.258492135331,5.024509283393E-02,0.964705782412)
  );
#1588 = DIRECTION('',(0.965925826289,0.,-0.258819045103));
#1589 = ORIENTED_EDGE('',*,*,#1590,.T.);
#1590 = EDGE_CURVE('',#1582,#945,#1591,.T.);
#1591 = CIRCLE('',#1592,1.2);
#1592 = AXIS2_PLACEMENT_3D('',#1593,#1594,#1595);
#1593 = CARTESIAN_POINT('',(178.,102.5,82.));
#1594 = DIRECTION('',(0.258492135331,5.024509283393E-02,0.964705782412)
  );
#1595 = DIRECTION('',(0.965925826289,0.,-0.258819045103));
#1596 = PLANE('',#1597);
#1597 = AXIS2_PLACEMENT_3D('',#1598,#1599,#1600);
#1598 = CARTESIAN_POINT('',(178.,102.5,82.));
#1599 = DIRECTION('',(0.258492135331,5.024509283393E-02,0.964705782412)
  );
#1600 = DIRECTION('',(0.965925826289,0.,-0.258819045103));
#1601 = ADVANCED_FACE('',(#1602),#1641,.T.);
#1602 = FACE_BOUND('',#1603,.T.);
#1603 = EDGE_LOOP('',(#1604,#1612,#1613,#1614,#1615,#1616,#1625,#1634));
#1604 = ORIENTED_EDGE('',*,*,#1605,.T.);
#1605 = EDGE_CURVE('',#1606,#1582,#1608,.T.);
#1606 = VERTEX_POINT('',#1607);
#1607 = CARTESIAN_POINT('',(178.08731422182,102.29166666666,
    77.689417145877));
#1608 = LINE('',#1609,#1610);
#1609 = CARTESIAN_POINT('',(178.08731422182,102.29166666666,
    77.689417145877));
#1610 = VECTOR('',#1611,1.);
#1611 = DIRECTION('',(0.258492135331,5.024509283393E-02,0.964705782412)
  );
#1612 = ORIENTED_EDGE('',*,*,#1581,.F.);
#1613 = ORIENTED_EDGE('',*,*,#953,.F.);
#1614 = ORIENTED_EDGE('',*,*,#1590,.F.);
#1615 = ORIENTED_EDGE('',*,*,#1605,.F.);
#1616 = ORIENTED_EDGE('',*,*,#1617,.T.);
#1617 = EDGE_CURVE('',#1606,#1618,#1620,.T.);
#1618 = VERTEX_POINT('',#1619);
#1619 = CARTESIAN_POINT('',(176.89699552976,103.4900423664,
    77.945946677123));
#1620 = CIRCLE('',#1621,1.2);
#1621 = AXIS2_PLACEMENT_3D('',#1622,#1623,#1624);
#1622 = CARTESIAN_POINT('',(176.92820323027,102.29166666666,78.));
#1623 = DIRECTION('',(0.258492135331,5.024509283393E-02,0.964705782412)
  );
#1624 = DIRECTION('',(0.965925826289,0.,-0.258819045103));
#1625 = ORIENTED_EDGE('',*,*,#1626,.T.);
#1626 = EDGE_CURVE('',#1618,#1627,#1629,.T.);
#1627 = VERTEX_POINT('',#1628);
#1628 = CARTESIAN_POINT('',(176.95941093078,101.09329096693,
    78.054053322877));
#1629 = ELLIPSE('',#1630,1.242218841831,1.2);
#1630 = AXIS2_PLACEMENT_3D('',#1631,#1632,#1633);
#1631 = CARTESIAN_POINT('',(176.92820323027,102.29166666666,78.));
#1632 = DIRECTION('',(0.499323208223,5.201283418987E-02,0.86485316604));
#1633 = DIRECTION('',(0.866025403784,6.723788192886E-15,-0.5));
#1634 = ORIENTED_EDGE('',*,*,#1635,.T.);
#1635 = EDGE_CURVE('',#1627,#1606,#1636,.T.);
#1636 = CIRCLE('',#1637,1.2);
#1637 = AXIS2_PLACEMENT_3D('',#1638,#1639,#1640);
#1638 = CARTESIAN_POINT('',(176.92820323027,102.29166666666,78.));
#1639 = DIRECTION('',(0.258492135331,5.024509283393E-02,0.964705782412)
  );
#1640 = DIRECTION('',(0.965925826289,0.,-0.258819045103));
#1641 = CYLINDRICAL_SURFACE('',#1642,1.2);
#1642 = AXIS2_PLACEMENT_3D('',#1643,#1644,#1645);
#1643 = CARTESIAN_POINT('',(176.92820323027,102.29166666666,78.));
#1644 = DIRECTION('',(0.258492135331,5.024509283393E-02,0.964705782412)
  );
#1645 = DIRECTION('',(0.965925826289,0.,-0.258819045103));
#1646 = ADVANCED_FACE('',(#1647),#1651,.F.);
#1647 = FACE_BOUND('',#1648,.F.);
#1648 = EDGE_LOOP('',(#1649,#1650));
#1649 = ORIENTED_EDGE('',*,*,#1117,.T.);
#1650 = ORIENTED_EDGE('',*,*,#1176,.T.);
#1651 = PLANE('',#1652);
#1652 = AXIS2_PLACEMENT_3D('',#1653,#1654,#1655);
#1653 = CARTESIAN_POINT('',(174.,100.41666666666,88.928203230276));
#1654 = DIRECTION('',(-0.964705782412,5.024509283393E-02,0.258492135331)
  );
#1655 = DIRECTION('',(-0.258819045103,1.734723475977E-18,-0.965925826289
    ));
#1656 = ADVANCED_FACE('',(#1657),#1703,.T.);
#1657 = FACE_BOUND('',#1658,.T.);
#1658 = EDGE_LOOP('',(#1659,#1660,#1668,#1677,#1686,#1693,#1694,#1695,
    #1696));
#1659 = ORIENTED_EDGE('',*,*,#1149,.T.);
#1660 = ORIENTED_EDGE('',*,*,#1661,.T.);
#1661 = EDGE_CURVE('',#1141,#1662,#1664,.T.);
#1662 = VERTEX_POINT('',#1663);
#1663 = CARTESIAN_POINT('',(166.6203254776,100.81720090502,
    87.852087524552));
#1664 = LINE('',#1665,#1666);
#1665 = CARTESIAN_POINT('',(170.31058285412,100.625,88.840889008453));
#1666 = VECTOR('',#1667,1.);
#1667 = DIRECTION('',(-0.964705782412,5.024509283393E-02,-0.258492135331
    ));
#1668 = ORIENTED_EDGE('',*,*,#1669,.F.);
#1669 = EDGE_CURVE('',#1670,#1662,#1672,.T.);
#1670 = VERTEX_POINT('',#1671);
#1671 = CARTESIAN_POINT('',(166.05405332287,102.03170903306,
    88.959410930789));
#1672 = ELLIPSE('',#1673,1.242218841831,1.2);
#1673 = AXIS2_PLACEMENT_3D('',#1674,#1675,#1676);
#1674 = CARTESIAN_POINT('',(166.,100.83333333333,88.928203230276));
#1675 = DIRECTION('',(-0.86485316604,5.201283418987E-02,-0.499323208223)
  );
#1676 = DIRECTION('',(-0.5,-6.654399253847E-15,0.866025403784));
#1677 = ORIENTED_EDGE('',*,*,#1678,.F.);
#1678 = EDGE_CURVE('',#1679,#1670,#1681,.T.);
#1679 = VERTEX_POINT('',#1680);
#1680 = CARTESIAN_POINT('',(165.94594667712,99.634957633599,
    88.896995529762));
#1681 = CIRCLE('',#1682,1.2);
#1682 = AXIS2_PLACEMENT_3D('',#1683,#1684,#1685);
#1683 = CARTESIAN_POINT('',(166.,100.83333333333,88.928203230276));
#1684 = DIRECTION('',(-0.964705782412,5.024509283393E-02,-0.258492135331
    ));
#1685 = DIRECTION('',(0.258819045103,0.,-0.965925826289));
#1686 = ORIENTED_EDGE('',*,*,#1687,.F.);
#1687 = EDGE_CURVE('',#1662,#1679,#1688,.T.);
#1688 = ELLIPSE('',#1689,1.242218841831,1.2);
#1689 = AXIS2_PLACEMENT_3D('',#1690,#1691,#1692);
#1690 = CARTESIAN_POINT('',(166.,100.83333333333,88.928203230276));
#1691 = DIRECTION('',(-0.86485316604,5.201283418987E-02,-0.499323208223)
  );
#1692 = DIRECTION('',(-0.5,-6.654399253847E-15,0.866025403784));
#1693 = ORIENTED_EDGE('',*,*,#1661,.F.);
#1694 = ORIENTED_EDGE('',*,*,#1140,.T.);
#1695 = ORIENTED_EDGE('',*,*,#1167,.T.);
#1696 = ORIENTED_EDGE('',*,*,#1697,.T.);
#1697 = EDGE_CURVE('',#1159,#1150,#1698,.T.);
#1698 = CIRCLE('',#1699,1.2);
#1699 = AXIS2_PLACEMENT_3D('',#1700,#1701,#1702);
#1700 = CARTESIAN_POINT('',(170.,100.625,90.));
#1701 = DIRECTION('',(-0.964705782412,5.024509283393E-02,-0.258492135331
    ));
#1702 = DIRECTION('',(0.258819045103,0.,-0.965925826289));
#1703 = CYLINDRICAL_SURFACE('',#1704,1.2);
#1704 = AXIS2_PLACEMENT_3D('',#1705,#1706,#1707);
#1705 = CARTESIAN_POINT('',(170.,100.625,90.));
#1706 = DIRECTION('',(-0.964705782412,5.024509283393E-02,-0.258492135331
    ));
#1707 = DIRECTION('',(0.258819045103,-1.734723475977E-18,-0.965925826289
    ));
#1708 = ADVANCED_FACE('',(#1709),#1718,.T.);
#1709 = FACE_BOUND('',#1710,.T.);
#1710 = EDGE_LOOP('',(#1711,#1717));
#1711 = ORIENTED_EDGE('',*,*,#1712,.T.);
#1712 = EDGE_CURVE('',#1150,#1159,#1713,.T.);
#1713 = LINE('',#1714,#1715);
#1714 = CARTESIAN_POINT('',(170.,100.625,90.));
#1715 = VECTOR('',#1716,1.);
#1716 = DIRECTION('',(-5.201283418987E-02,-0.998646416446,0.));
#1717 = ORIENTED_EDGE('',*,*,#1158,.T.);
#1718 = PLANE('',#1719);
#1719 = AXIS2_PLACEMENT_3D('',#1720,#1721,#1722);
#1720 = CARTESIAN_POINT('',(170.,100.625,90.));
#1721 = DIRECTION('',(-0.964705782412,5.024509283393E-02,0.258492135331)
  );
#1722 = DIRECTION('',(-0.258819045103,1.734723475977E-18,-0.965925826289
    ));
#1723 = ADVANCED_FACE('',(#1724),#1734,.F.);
#1724 = FACE_BOUND('',#1725,.F.);
#1725 = EDGE_LOOP('',(#1726,#1727,#1728));
#1726 = ORIENTED_EDGE('',*,*,#1264,.T.);
#1727 = ORIENTED_EDGE('',*,*,#1236,.T.);
#1728 = ORIENTED_EDGE('',*,*,#1729,.T.);
#1729 = EDGE_CURVE('',#1237,#1256,#1730,.T.);
#1730 = LINE('',#1731,#1732);
#1731 = CARTESIAN_POINT('',(178.,107.5,82.));
#1732 = VECTOR('',#1733,1.);
#1733 = DIRECTION('',(-3.5E-16,-0.998646416446,5.201283418987E-02));
#1734 = PLANE('',#1735);
#1735 = AXIS2_PLACEMENT_3D('',#1736,#1737,#1738);
#1736 = CARTESIAN_POINT('',(178.,107.5,82.));
#1737 = DIRECTION('',(-0.258492135331,5.024509283393E-02,0.964705782412)
  );
#1738 = DIRECTION('',(0.965925826289,0.,0.258819045103));
#1739 = ADVANCED_FACE('',(#1740),#1750,.T.);
#1740 = FACE_BOUND('',#1741,.T.);
#1741 = EDGE_LOOP('',(#1742,#1743,#1744));
#1742 = ORIENTED_EDGE('',*,*,#1201,.T.);
#1743 = ORIENTED_EDGE('',*,*,#1228,.T.);
#1744 = ORIENTED_EDGE('',*,*,#1745,.T.);
#1745 = EDGE_CURVE('',#1220,#1202,#1746,.T.);
#1746 = LINE('',#1747,#1748);
#1747 = CARTESIAN_POINT('',(176.92820323027,107.70833333333,86.));
#1748 = VECTOR('',#1749,1.);
#1749 = DIRECTION('',(-2.600641709494E-02,-0.998646416446,
    4.504443573125E-02));
#1750 = PLANE('',#1751);
#1751 = AXIS2_PLACEMENT_3D('',#1752,#1753,#1754);
#1752 = CARTESIAN_POINT('',(176.92820323027,107.70833333333,86.));
#1753 = DIRECTION('',(-0.258492135331,5.024509283393E-02,0.964705782412)
  );
#1754 = DIRECTION('',(0.965925826289,0.,0.258819045103));
#1755 = ADVANCED_FACE('',(#1756),#1810,.T.);
#1756 = FACE_BOUND('',#1757,.T.);
#1757 = EDGE_LOOP('',(#1758,#1759,#1767,#1776,#1785,#1794,#1801,#1802,
    #1803));
#1758 = ORIENTED_EDGE('',*,*,#1219,.T.);
#1759 = ORIENTED_EDGE('',*,*,#1760,.T.);
#1760 = EDGE_CURVE('',#1211,#1761,#1763,.T.);
#1761 = VERTEX_POINT('',#1762);
#1762 = CARTESIAN_POINT('',(173.37821920023,107.90053423836,
    87.852927755192));
#1763 = LINE('',#1764,#1765);
#1764 = CARTESIAN_POINT('',(176.07967509285,107.70833333333,
    85.151471862576));
#1765 = VECTOR('',#1766,1.);
#1766 = DIRECTION('',(-0.706213647081,5.024509283394E-02,0.706213647081)
  );
#1767 = ORIENTED_EDGE('',*,*,#1768,.F.);
#1768 = EDGE_CURVE('',#1769,#1761,#1771,.T.);
#1769 = VERTEX_POINT('',#1770);
#1770 = CARTESIAN_POINT('',(173.37967452239,107.93279909497,
    87.852087524551));
#1771 = ELLIPSE('',#1772,1.242218841831,1.2);
#1772 = AXIS2_PLACEMENT_3D('',#1773,#1774,#1775);
#1773 = CARTESIAN_POINT('',(174.,107.91666666666,88.928203230275));
#1774 = DIRECTION('',(-0.86485316604,5.201283418987E-02,0.499323208223)
  );
#1775 = DIRECTION('',(0.5,5.617034615213E-15,0.866025403784));
#1776 = ORIENTED_EDGE('',*,*,#1777,.F.);
#1777 = EDGE_CURVE('',#1778,#1769,#1780,.T.);
#1778 = VERTEX_POINT('',#1779);
#1779 = CARTESIAN_POINT('',(174.05405332287,109.1150423664,
    88.896995529762));
#1780 = ELLIPSE('',#1781,1.242218841831,1.2);
#1781 = AXIS2_PLACEMENT_3D('',#1782,#1783,#1784);
#1782 = CARTESIAN_POINT('',(174.,107.91666666666,88.928203230275));
#1783 = DIRECTION('',(-0.86485316604,5.201283418987E-02,0.499323208223)
  );
#1784 = DIRECTION('',(0.5,5.617034615213E-15,0.866025403784));
#1785 = ORIENTED_EDGE('',*,*,#1786,.F.);
#1786 = EDGE_CURVE('',#1787,#1778,#1789,.T.);
#1787 = VERTEX_POINT('',#1788);
#1788 = CARTESIAN_POINT('',(173.94594667712,106.71829096693,
    88.959410930789));
#1789 = CIRCLE('',#1790,1.2);
#1790 = AXIS2_PLACEMENT_3D('',#1791,#1792,#1793);
#1791 = CARTESIAN_POINT('',(174.,107.91666666666,88.928203230275));
#1792 = DIRECTION('',(-0.706213647081,5.024509283394E-02,0.706213647081)
  );
#1793 = DIRECTION('',(-0.707106781187,-1.387778780781E-17,
    -0.707106781187));
#1794 = ORIENTED_EDGE('',*,*,#1795,.F.);
#1795 = EDGE_CURVE('',#1761,#1787,#1796,.T.);
#1796 = ELLIPSE('',#1797,1.242218841831,1.2);
#1797 = AXIS2_PLACEMENT_3D('',#1798,#1799,#1800);
#1798 = CARTESIAN_POINT('',(174.,107.91666666666,88.928203230275));
#1799 = DIRECTION('',(-0.86485316604,5.201283418987E-02,0.499323208223)
  );
#1800 = DIRECTION('',(0.5,5.617034615213E-15,0.866025403784));
#1801 = ORIENTED_EDGE('',*,*,#1760,.F.);
#1802 = ORIENTED_EDGE('',*,*,#1210,.T.);
#1803 = ORIENTED_EDGE('',*,*,#1804,.T.);
#1804 = EDGE_CURVE('',#1202,#1220,#1805,.T.);
#1805 = CIRCLE('',#1806,1.2);
#1806 = AXIS2_PLACEMENT_3D('',#1807,#1808,#1809);
#1807 = CARTESIAN_POINT('',(176.92820323027,107.70833333333,86.));
#1808 = DIRECTION('',(-0.706213647081,5.024509283394E-02,0.706213647081)
  );
#1809 = DIRECTION('',(-0.707106781187,-1.387778780781E-17,
    -0.707106781187));
#1810 = CYLINDRICAL_SURFACE('',#1811,1.2);
#1811 = AXIS2_PLACEMENT_3D('',#1812,#1813,#1814);
#1812 = CARTESIAN_POINT('',(176.92820323027,107.70833333333,86.));
#1813 = DIRECTION('',(-0.706213647081,5.024509283394E-02,0.706213647081)
  );
#1814 = DIRECTION('',(-0.707106781187,-1.387778780781E-17,
    -0.707106781187));
#1815 = ADVANCED_FACE('',(#1816),#1826,.T.);
#1816 = FACE_BOUND('',#1817,.T.);
#1817 = EDGE_LOOP('',(#1818,#1819,#1820));
#1818 = ORIENTED_EDGE('',*,*,#1289,.T.);
#1819 = ORIENTED_EDGE('',*,*,#1307,.T.);
#1820 = ORIENTED_EDGE('',*,*,#1821,.T.);
#1821 = EDGE_CURVE('',#1299,#1290,#1822,.T.);
#1822 = LINE('',#1823,#1824);
#1823 = CARTESIAN_POINT('',(176.92820323027,105.20833333333,86.));
#1824 = VECTOR('',#1825,1.);
#1825 = DIRECTION('',(-2.600641709494E-02,-0.998646416446,
    4.504443573125E-02));
#1826 = PLANE('',#1827);
#1827 = AXIS2_PLACEMENT_3D('',#1828,#1829,#1830);
#1828 = CARTESIAN_POINT('',(176.92820323027,105.20833333333,86.));
#1829 = DIRECTION('',(-0.258492135331,5.024509283393E-02,0.964705782412)
  );
#1830 = DIRECTION('',(0.965925826289,0.,0.258819045103));
#1831 = ADVANCED_FACE('',(#1832),#1894,.T.);
#1832 = FACE_BOUND('',#1833,.T.);
#1833 = EDGE_LOOP('',(#1834,#1845,#1853,#1860,#1861,#1868,#1869,#1878,
    #1887));
#1834 = ORIENTED_EDGE('',*,*,#1835,.F.);
#1835 = EDGE_CURVE('',#1836,#1838,#1840,.T.);
#1836 = VERTEX_POINT('',#1837);
#1837 = CARTESIAN_POINT('',(174.84852813742,105.41666666666,
    89.776731367699));
#1838 = VERTEX_POINT('',#1839);
#1839 = CARTESIAN_POINT('',(174.05405332287,106.6150423664,
    88.896995529762));
#1840 = CIRCLE('',#1841,1.2);
#1841 = AXIS2_PLACEMENT_3D('',#1842,#1843,#1844);
#1842 = CARTESIAN_POINT('',(174.,105.41666666666,88.928203230276));
#1843 = DIRECTION('',(-0.706213647081,5.024509283394E-02,0.706213647081)
  );
#1844 = DIRECTION('',(0.707106781187,0.,0.707106781187));
#1845 = ORIENTED_EDGE('',*,*,#1846,.F.);
#1846 = EDGE_CURVE('',#1847,#1836,#1849,.T.);
#1847 = VERTEX_POINT('',#1848);
#1848 = CARTESIAN_POINT('',(177.77673136769,105.20833333333,
    86.848528137424));
#1849 = LINE('',#1850,#1851);
#1850 = CARTESIAN_POINT('',(177.77673136769,105.20833333333,
    86.848528137424));
#1851 = VECTOR('',#1852,1.);
#1852 = DIRECTION('',(-0.706213647081,5.024509283394E-02,0.706213647081)
  );
#1853 = ORIENTED_EDGE('',*,*,#1854,.T.);
#1854 = EDGE_CURVE('',#1847,#1299,#1855,.T.);
#1855 = CIRCLE('',#1856,1.2);
#1856 = AXIS2_PLACEMENT_3D('',#1857,#1858,#1859);
#1857 = CARTESIAN_POINT('',(176.92820323027,105.20833333333,86.));
#1858 = DIRECTION('',(-0.706213647081,5.024509283394E-02,0.706213647081)
  );
#1859 = DIRECTION('',(0.707106781187,0.,0.707106781187));
#1860 = ORIENTED_EDGE('',*,*,#1298,.T.);
#1861 = ORIENTED_EDGE('',*,*,#1862,.T.);
#1862 = EDGE_CURVE('',#1290,#1847,#1863,.T.);
#1863 = CIRCLE('',#1864,1.2);
#1864 = AXIS2_PLACEMENT_3D('',#1865,#1866,#1867);
#1865 = CARTESIAN_POINT('',(176.92820323027,105.20833333333,86.));
#1866 = DIRECTION('',(-0.706213647081,5.024509283394E-02,0.706213647081)
  );
#1867 = DIRECTION('',(0.707106781187,0.,0.707106781187));
#1868 = ORIENTED_EDGE('',*,*,#1846,.T.);
#1869 = ORIENTED_EDGE('',*,*,#1870,.F.);
#1870 = EDGE_CURVE('',#1871,#1836,#1873,.T.);
#1871 = VERTEX_POINT('',#1872);
#1872 = CARTESIAN_POINT('',(173.94594667712,104.21829096693,
    88.959410930789));
#1873 = CIRCLE('',#1874,1.2);
#1874 = AXIS2_PLACEMENT_3D('',#1875,#1876,#1877);
#1875 = CARTESIAN_POINT('',(174.,105.41666666666,88.928203230276));
#1876 = DIRECTION('',(-0.706213647081,5.024509283394E-02,0.706213647081)
  );
#1877 = DIRECTION('',(0.707106781187,0.,0.707106781187));
#1878 = ORIENTED_EDGE('',*,*,#1879,.F.);
#1879 = EDGE_CURVE('',#1880,#1871,#1882,.T.);
#1880 = VERTEX_POINT('',#1881);
#1881 = CARTESIAN_POINT('',(173.37967452239,105.43279909497,
    87.852087524551));
#1882 = ELLIPSE('',#1883,1.242218841831,1.2);
#1883 = AXIS2_PLACEMENT_3D('',#1884,#1885,#1886);
#1884 = CARTESIAN_POINT('',(174.,105.41666666666,88.928203230276));
#1885 = DIRECTION('',(-0.86485316604,5.201283418987E-02,0.499323208223)
  );
#1886 = DIRECTION('',(0.5,6.654399253847E-15,0.866025403784));
#1887 = ORIENTED_EDGE('',*,*,#1888,.F.);
#1888 = EDGE_CURVE('',#1838,#1880,#1889,.T.);
#1889 = ELLIPSE('',#1890,1.242218841831,1.2);
#1890 = AXIS2_PLACEMENT_3D('',#1891,#1892,#1893);
#1891 = CARTESIAN_POINT('',(174.,105.41666666666,88.928203230276));
#1892 = DIRECTION('',(-0.86485316604,5.201283418987E-02,0.499323208223)
  );
#1893 = DIRECTION('',(0.5,6.654399253847E-15,0.866025403784));
#1894 = CYLINDRICAL_SURFACE('',#1895,1.2);
#1895 = AXIS2_PLACEMENT_3D('',#1896,#1897,#1898);
#1896 = CARTESIAN_POINT('',(176.92820323027,105.20833333333,86.));
#1897 = DIRECTION('',(-0.706213647081,5.024509283394E-02,0.706213647081)
  );
#1898 = DIRECTION('',(0.707106781187,0.,0.707106781187));
#1899 = ADVANCED_FACE('',(#1900),#1910,.T.);
#1900 = FACE_BOUND('',#1901,.T.);
#1901 = EDGE_LOOP('',(#1902,#1903,#1904));
#1902 = ORIENTED_EDGE('',*,*,#1359,.T.);
#1903 = ORIENTED_EDGE('',*,*,#1377,.T.);
#1904 = ORIENTED_EDGE('',*,*,#1905,.T.);
#1905 = EDGE_CURVE('',#1369,#1360,#1906,.T.);
#1906 = LINE('',#1907,#1908);
#1907 = CARTESIAN_POINT('',(176.92820323027,102.70833333333,86.));
#1908 = VECTOR('',#1909,1.);
#1909 = DIRECTION('',(-2.600641709494E-02,-0.998646416446,
    4.504443573125E-02));
#1910 = PLANE('',#1911);
#1911 = AXIS2_PLACEMENT_3D('',#1912,#1913,#1914);
#1912 = CARTESIAN_POINT('',(176.92820323027,102.70833333333,86.));
#1913 = DIRECTION('',(-0.258492135331,5.024509283393E-02,0.964705782412)
  );
#1914 = DIRECTION('',(0.965925826289,0.,0.258819045103));
#1915 = ADVANCED_FACE('',(#1916),#1978,.T.);
#1916 = FACE_BOUND('',#1917,.T.);
#1917 = EDGE_LOOP('',(#1918,#1929,#1937,#1944,#1945,#1952,#1953,#1962,
    #1971));
#1918 = ORIENTED_EDGE('',*,*,#1919,.F.);
#1919 = EDGE_CURVE('',#1920,#1922,#1924,.T.);
#1920 = VERTEX_POINT('',#1921);
#1921 = CARTESIAN_POINT('',(174.84852813742,102.91666666666,
    89.776731367699));
#1922 = VERTEX_POINT('',#1923);
#1923 = CARTESIAN_POINT('',(174.05405332287,104.1150423664,
    88.896995529762));
#1924 = CIRCLE('',#1925,1.2);
#1925 = AXIS2_PLACEMENT_3D('',#1926,#1927,#1928);
#1926 = CARTESIAN_POINT('',(174.,102.91666666666,88.928203230275));
#1927 = DIRECTION('',(-0.706213647081,5.024509283394E-02,0.706213647081)
  );
#1928 = DIRECTION('',(0.707106781187,0.,0.707106781187));
#1929 = ORIENTED_EDGE('',*,*,#1930,.F.);
#1930 = EDGE_CURVE('',#1931,#1920,#1933,.T.);
#1931 = VERTEX_POINT('',#1932);
#1932 = CARTESIAN_POINT('',(177.77673136769,102.70833333333,
    86.848528137424));
#1933 = LINE('',#1934,#1935);
#1934 = CARTESIAN_POINT('',(177.77673136769,102.70833333333,
    86.848528137424));
#1935 = VECTOR('',#1936,1.);
#1936 = DIRECTION('',(-0.706213647081,5.024509283394E-02,0.706213647081)
  );
#1937 = ORIENTED_EDGE('',*,*,#1938,.T.);
#1938 = EDGE_CURVE('',#1931,#1369,#1939,.T.);
#1939 = CIRCLE('',#1940,1.2);
#1940 = AXIS2_PLACEMENT_3D('',#1941,#1942,#1943);
#1941 = CARTESIAN_POINT('',(176.92820323027,102.70833333333,86.));
#1942 = DIRECTION('',(-0.706213647081,5.024509283394E-02,0.706213647081)
  );
#1943 = DIRECTION('',(0.707106781187,0.,0.707106781187));
#1944 = ORIENTED_EDGE('',*,*,#1368,.T.);
#1945 = ORIENTED_EDGE('',*,*,#1946,.T.);
#1946 = EDGE_CURVE('',#1360,#1931,#1947,.T.);
#1947 = CIRCLE('',#1948,1.2);
#1948 = AXIS2_PLACEMENT_3D('',#1949,#1950,#1951);
#1949 = CARTESIAN_POINT('',(176.92820323027,102.70833333333,86.));
#1950 = DIRECTION('',(-0.706213647081,5.024509283394E-02,0.706213647081)
  );
#1951 = DIRECTION('',(0.707106781187,0.,0.707106781187));
#1952 = ORIENTED_EDGE('',*,*,#1930,.T.);
#1953 = ORIENTED_EDGE('',*,*,#1954,.F.);
#1954 = EDGE_CURVE('',#1955,#1920,#1957,.T.);
#1955 = VERTEX_POINT('',#1956);
#1956 = CARTESIAN_POINT('',(173.94594667712,101.71829096693,
    88.959410930789));
#1957 = CIRCLE('',#1958,1.2);
#1958 = AXIS2_PLACEMENT_3D('',#1959,#1960,#1961);
#1959 = CARTESIAN_POINT('',(174.,102.91666666666,88.928203230275));
#1960 = DIRECTION('',(-0.706213647081,5.024509283394E-02,0.706213647081)
  );
#1961 = DIRECTION('',(0.707106781187,0.,0.707106781187));
#1962 = ORIENTED_EDGE('',*,*,#1963,.F.);
#1963 = EDGE_CURVE('',#1964,#1955,#1966,.T.);
#1964 = VERTEX_POINT('',#1965);
#1965 = CARTESIAN_POINT('',(173.37967452239,102.93279909497,
    87.852087524551));
#1966 = ELLIPSE('',#1967,1.242218841831,1.2);
#1967 = AXIS2_PLACEMENT_3D('',#1968,#1969,#1970);
#1968 = CARTESIAN_POINT('',(174.,102.91666666666,88.928203230275));
#1969 = DIRECTION('',(-0.86485316604,5.201283418987E-02,0.499323208223)
  );
#1970 = DIRECTION('',(0.5,6.963180032571E-15,0.866025403784));
#1971 = ORIENTED_EDGE('',*,*,#1972,.F.);
#1972 = EDGE_CURVE('',#1922,#1964,#1973,.T.);
#1973 = ELLIPSE('',#1974,1.242218841831,1.2);
#1974 = AXIS2_PLACEMENT_3D('',#1975,#1976,#1977);
#1975 = CARTESIAN_POINT('',(174.,102.91666666666,88.928203230275));
#1976 = DIRECTION('',(-0.86485316604,5.201283418987E-02,0.499323208223)
  );
#1977 = DIRECTION('',(0.5,6.963180032571E-15,0.866025403784));
#1978 = CYLINDRICAL_SURFACE('',#1979,1.2);
#1979 = AXIS2_PLACEMENT_3D('',#1980,#1981,#1982);
#1980 = CARTESIAN_POINT('',(176.92820323027,102.70833333333,86.));
#1981 = DIRECTION('',(-0.706213647081,5.024509283394E-02,0.706213647081)
  );
#1982 = DIRECTION('',(0.707106781187,0.,0.707106781187));
#1983 = ADVANCED_FACE('',(#1984),#1994,.F.);
#1984 = FACE_BOUND('',#1985,.F.);
#1985 = EDGE_LOOP('',(#1986,#1987,#1988));
#1986 = ORIENTED_EDGE('',*,*,#1495,.T.);
#1987 = ORIENTED_EDGE('',*,*,#1477,.T.);
#1988 = ORIENTED_EDGE('',*,*,#1989,.T.);
#1989 = EDGE_CURVE('',#1478,#1487,#1990,.T.);
#1990 = LINE('',#1991,#1992);
#1991 = CARTESIAN_POINT('',(176.92820323027,104.79166666666,78.));
#1992 = VECTOR('',#1993,1.);
#1993 = DIRECTION('',(2.600641709494E-02,-0.998646416446,
    4.504443573125E-02));
#1994 = PLANE('',#1995);
#1995 = AXIS2_PLACEMENT_3D('',#1996,#1997,#1998);
#1996 = CARTESIAN_POINT('',(176.92820323027,104.79166666666,78.));
#1997 = DIRECTION('',(0.258492135331,5.024509283393E-02,0.964705782412)
  );
#1998 = DIRECTION('',(0.965925826289,-1.734723475977E-18,-0.258819045103
    ));
#1999 = ADVANCED_FACE('',(#2000),#2062,.T.);
#2000 = FACE_BOUND('',#2001,.T.);
#2001 = EDGE_LOOP('',(#2002,#2011,#2019,#2028,#2037,#2046,#2053,#2054,
    #2061));
#2002 = ORIENTED_EDGE('',*,*,#2003,.F.);
#2003 = EDGE_CURVE('',#2004,#1478,#2006,.T.);
#2004 = VERTEX_POINT('',#2005);
#2005 = CARTESIAN_POINT('',(177.77673136769,104.79166666666,
    77.151471862576));
#2006 = CIRCLE('',#2007,1.2);
#2007 = AXIS2_PLACEMENT_3D('',#2008,#2009,#2010);
#2008 = CARTESIAN_POINT('',(176.92820323027,104.79166666666,78.));
#2009 = DIRECTION('',(0.706213647081,5.024509283394E-02,0.706213647081)
  );
#2010 = DIRECTION('',(0.707106781187,0.,-0.707106781187));
#2011 = ORIENTED_EDGE('',*,*,#2012,.F.);
#2012 = EDGE_CURVE('',#2013,#2004,#2015,.T.);
#2013 = VERTEX_POINT('',#2014);
#2014 = CARTESIAN_POINT('',(174.84852813742,104.58333333333,
    74.223268632301));
#2015 = LINE('',#2016,#2017);
#2016 = CARTESIAN_POINT('',(174.84852813742,104.58333333333,
    74.223268632301));
#2017 = VECTOR('',#2018,1.);
#2018 = DIRECTION('',(0.706213647081,5.024509283394E-02,0.706213647081)
  );
#2019 = ORIENTED_EDGE('',*,*,#2020,.T.);
#2020 = EDGE_CURVE('',#2013,#2021,#2023,.T.);
#2021 = VERTEX_POINT('',#2022);
#2022 = CARTESIAN_POINT('',(173.94594667712,105.78170903306,
    75.040589069211));
#2023 = CIRCLE('',#2024,1.2);
#2024 = AXIS2_PLACEMENT_3D('',#2025,#2026,#2027);
#2025 = CARTESIAN_POINT('',(174.,104.58333333333,75.071796769724));
#2026 = DIRECTION('',(0.706213647081,5.024509283394E-02,0.706213647081)
  );
#2027 = DIRECTION('',(0.707106781187,0.,-0.707106781187));
#2028 = ORIENTED_EDGE('',*,*,#2029,.T.);
#2029 = EDGE_CURVE('',#2021,#2030,#2032,.T.);
#2030 = VERTEX_POINT('',#2031);
#2031 = CARTESIAN_POINT('',(173.3796745224,104.56720090502,
    76.147912475449));
#2032 = ELLIPSE('',#2033,1.242218841831,1.2);
#2033 = AXIS2_PLACEMENT_3D('',#2034,#2035,#2036);
#2034 = CARTESIAN_POINT('',(174.,104.58333333333,75.071796769724));
#2035 = DIRECTION('',(0.86485316604,5.201283418987E-02,0.499323208223));
#2036 = DIRECTION('',(0.5,-6.883382752676E-15,-0.866025403784));
#2037 = ORIENTED_EDGE('',*,*,#2038,.T.);
#2038 = EDGE_CURVE('',#2030,#2039,#2041,.T.);
#2039 = VERTEX_POINT('',#2040);
#2040 = CARTESIAN_POINT('',(174.05405332287,103.38495763359,
    75.103004470238));
#2041 = ELLIPSE('',#2042,1.242218841831,1.2);
#2042 = AXIS2_PLACEMENT_3D('',#2043,#2044,#2045);
#2043 = CARTESIAN_POINT('',(174.,104.58333333333,75.071796769724));
#2044 = DIRECTION('',(0.86485316604,5.201283418987E-02,0.499323208223));
#2045 = DIRECTION('',(0.5,-6.883382752676E-15,-0.866025403784));
#2046 = ORIENTED_EDGE('',*,*,#2047,.T.);
#2047 = EDGE_CURVE('',#2039,#2013,#2048,.T.);
#2048 = CIRCLE('',#2049,1.2);
#2049 = AXIS2_PLACEMENT_3D('',#2050,#2051,#2052);
#2050 = CARTESIAN_POINT('',(174.,104.58333333333,75.071796769724));
#2051 = DIRECTION('',(0.706213647081,5.024509283394E-02,0.706213647081)
  );
#2052 = DIRECTION('',(0.707106781187,0.,-0.707106781187));
#2053 = ORIENTED_EDGE('',*,*,#2012,.T.);
#2054 = ORIENTED_EDGE('',*,*,#2055,.F.);
#2055 = EDGE_CURVE('',#1487,#2004,#2056,.T.);
#2056 = CIRCLE('',#2057,1.2);
#2057 = AXIS2_PLACEMENT_3D('',#2058,#2059,#2060);
#2058 = CARTESIAN_POINT('',(176.92820323027,104.79166666666,78.));
#2059 = DIRECTION('',(0.706213647081,5.024509283394E-02,0.706213647081)
  );
#2060 = DIRECTION('',(0.707106781187,0.,-0.707106781187));
#2061 = ORIENTED_EDGE('',*,*,#1486,.F.);
#2062 = CYLINDRICAL_SURFACE('',#2063,1.2);
#2063 = AXIS2_PLACEMENT_3D('',#2064,#2065,#2066);
#2064 = CARTESIAN_POINT('',(174.,104.58333333333,75.071796769724));
#2065 = DIRECTION('',(0.706213647081,5.024509283394E-02,0.706213647081)
  );
#2066 = DIRECTION('',(0.707106781187,0.,-0.707106781187));
#2067 = ADVANCED_FACE('',(#2068),#2078,.F.);
#2068 = FACE_BOUND('',#2069,.F.);
#2069 = EDGE_LOOP('',(#2070,#2071,#2072));
#2070 = ORIENTED_EDGE('',*,*,#1556,.T.);
#2071 = ORIENTED_EDGE('',*,*,#1538,.T.);
#2072 = ORIENTED_EDGE('',*,*,#2073,.T.);
#2073 = EDGE_CURVE('',#1539,#1548,#2074,.T.);
#2074 = LINE('',#2075,#2076);
#2075 = CARTESIAN_POINT('',(176.92820323027,107.29166666666,78.));
#2076 = VECTOR('',#2077,1.);
#2077 = DIRECTION('',(2.600641709494E-02,-0.998646416446,
    4.504443573125E-02));
#2078 = PLANE('',#2079);
#2079 = AXIS2_PLACEMENT_3D('',#2080,#2081,#2082);
#2080 = CARTESIAN_POINT('',(176.92820323027,107.29166666666,78.));
#2081 = DIRECTION('',(0.258492135331,5.024509283393E-02,0.964705782412)
  );
#2082 = DIRECTION('',(0.965925826289,0.,-0.258819045103));
#2083 = ADVANCED_FACE('',(#2084),#2146,.T.);
#2084 = FACE_BOUND('',#2085,.T.);
#2085 = EDGE_LOOP('',(#2086,#2095,#2103,#2112,#2121,#2130,#2137,#2138,
    #2145));
#2086 = ORIENTED_EDGE('',*,*,#2087,.F.);
#2087 = EDGE_CURVE('',#2088,#1539,#2090,.T.);
#2088 = VERTEX_POINT('',#2089);
#2089 = CARTESIAN_POINT('',(177.77673136769,107.29166666666,
    77.151471862576));
#2090 = CIRCLE('',#2091,1.2);
#2091 = AXIS2_PLACEMENT_3D('',#2092,#2093,#2094);
#2092 = CARTESIAN_POINT('',(176.92820323027,107.29166666666,78.));
#2093 = DIRECTION('',(0.706213647081,5.024509283394E-02,0.706213647081)
  );
#2094 = DIRECTION('',(0.707106781187,0.,-0.707106781187));
#2095 = ORIENTED_EDGE('',*,*,#2096,.F.);
#2096 = EDGE_CURVE('',#2097,#2088,#2099,.T.);
#2097 = VERTEX_POINT('',#2098);
#2098 = CARTESIAN_POINT('',(174.84852813742,107.08333333333,
    74.223268632301));
#2099 = LINE('',#2100,#2101);
#2100 = CARTESIAN_POINT('',(174.84852813742,107.08333333333,
    74.223268632301));
#2101 = VECTOR('',#2102,1.);
#2102 = DIRECTION('',(0.706213647081,5.024509283394E-02,0.706213647081)
  );
#2103 = ORIENTED_EDGE('',*,*,#2104,.T.);
#2104 = EDGE_CURVE('',#2097,#2105,#2107,.T.);
#2105 = VERTEX_POINT('',#2106);
#2106 = CARTESIAN_POINT('',(173.94594667712,108.28170903306,
    75.040589069211));
#2107 = CIRCLE('',#2108,1.2);
#2108 = AXIS2_PLACEMENT_3D('',#2109,#2110,#2111);
#2109 = CARTESIAN_POINT('',(174.,107.08333333333,75.071796769725));
#2110 = DIRECTION('',(0.706213647081,5.024509283394E-02,0.706213647081)
  );
#2111 = DIRECTION('',(0.707106781187,0.,-0.707106781187));
#2112 = ORIENTED_EDGE('',*,*,#2113,.T.);
#2113 = EDGE_CURVE('',#2105,#2114,#2116,.T.);
#2114 = VERTEX_POINT('',#2115);
#2115 = CARTESIAN_POINT('',(173.37967452239,107.06720090502,
    76.147912475448));
#2116 = ELLIPSE('',#2117,1.242218841831,1.2);
#2117 = AXIS2_PLACEMENT_3D('',#2118,#2119,#2120);
#2118 = CARTESIAN_POINT('',(174.,107.08333333333,75.071796769725));
#2119 = DIRECTION('',(0.86485316604,5.201283418987E-02,0.499323208223));
#2120 = DIRECTION('',(0.5,-6.963180032571E-15,-0.866025403784));
#2121 = ORIENTED_EDGE('',*,*,#2122,.T.);
#2122 = EDGE_CURVE('',#2114,#2123,#2125,.T.);
#2123 = VERTEX_POINT('',#2124);
#2124 = CARTESIAN_POINT('',(174.05405332287,105.88495763359,
    75.103004470238));
#2125 = ELLIPSE('',#2126,1.242218841831,1.2);
#2126 = AXIS2_PLACEMENT_3D('',#2127,#2128,#2129);
#2127 = CARTESIAN_POINT('',(174.,107.08333333333,75.071796769725));
#2128 = DIRECTION('',(0.86485316604,5.201283418987E-02,0.499323208223));
#2129 = DIRECTION('',(0.5,-6.963180032571E-15,-0.866025403784));
#2130 = ORIENTED_EDGE('',*,*,#2131,.T.);
#2131 = EDGE_CURVE('',#2123,#2097,#2132,.T.);
#2132 = CIRCLE('',#2133,1.2);
#2133 = AXIS2_PLACEMENT_3D('',#2134,#2135,#2136);
#2134 = CARTESIAN_POINT('',(174.,107.08333333333,75.071796769725));
#2135 = DIRECTION('',(0.706213647081,5.024509283394E-02,0.706213647081)
  );
#2136 = DIRECTION('',(0.707106781187,0.,-0.707106781187));
#2137 = ORIENTED_EDGE('',*,*,#2096,.T.);
#2138 = ORIENTED_EDGE('',*,*,#2139,.F.);
#2139 = EDGE_CURVE('',#1548,#2088,#2140,.T.);
#2140 = CIRCLE('',#2141,1.2);
#2141 = AXIS2_PLACEMENT_3D('',#2142,#2143,#2144);
#2142 = CARTESIAN_POINT('',(176.92820323027,107.29166666666,78.));
#2143 = DIRECTION('',(0.706213647081,5.024509283394E-02,0.706213647081)
  );
#2144 = DIRECTION('',(0.707106781187,0.,-0.707106781187));
#2145 = ORIENTED_EDGE('',*,*,#1547,.F.);
#2146 = CYLINDRICAL_SURFACE('',#2147,1.2);
#2147 = AXIS2_PLACEMENT_3D('',#2148,#2149,#2150);
#2148 = CARTESIAN_POINT('',(174.,107.08333333333,75.071796769725));
#2149 = DIRECTION('',(0.706213647081,5.024509283394E-02,0.706213647081)
  );
#2150 = DIRECTION('',(0.707106781187,0.,-0.707106781187));
#2151 = ADVANCED_FACE('',(#2152),#2157,.T.);
#2152 = FACE_BOUND('',#2153,.T.);
#2153 = EDGE_LOOP('',(#2154,#2155,#2156));
#2154 = ORIENTED_EDGE('',*,*,#1520,.T.);
#2155 = ORIENTED_EDGE('',*,*,#1530,.T.);
#2156 = ORIENTED_EDGE('',*,*,#1729,.T.);
#2157 = PLANE('',#2158);
#2158 = AXIS2_PLACEMENT_3D('',#2159,#2160,#2161);
#2159 = CARTESIAN_POINT('',(178.,107.5,82.));
#2160 = DIRECTION('',(0.258492135331,5.024509283393E-02,0.964705782412)
  );
#2161 = DIRECTION('',(0.965925826289,0.,-0.258819045103));
#2162 = ADVANCED_FACE('',(#2163),#2173,.F.);
#2163 = FACE_BOUND('',#2164,.F.);
#2164 = EDGE_LOOP('',(#2165,#2166,#2167));
#2165 = ORIENTED_EDGE('',*,*,#1635,.T.);
#2166 = ORIENTED_EDGE('',*,*,#1617,.T.);
#2167 = ORIENTED_EDGE('',*,*,#2168,.T.);
#2168 = EDGE_CURVE('',#1618,#1627,#2169,.T.);
#2169 = LINE('',#2170,#2171);
#2170 = CARTESIAN_POINT('',(176.92820323027,102.29166666666,78.));
#2171 = VECTOR('',#2172,1.);
#2172 = DIRECTION('',(2.600641709494E-02,-0.998646416446,
    4.504443573125E-02));
#2173 = PLANE('',#2174);
#2174 = AXIS2_PLACEMENT_3D('',#2175,#2176,#2177);
#2175 = CARTESIAN_POINT('',(176.92820323027,102.29166666666,78.));
#2176 = DIRECTION('',(0.258492135331,5.024509283393E-02,0.964705782412)
  );
#2177 = DIRECTION('',(0.965925826289,0.,-0.258819045103));
#2178 = ADVANCED_FACE('',(#2179),#2241,.T.);
#2179 = FACE_BOUND('',#2180,.T.);
#2180 = EDGE_LOOP('',(#2181,#2190,#2198,#2207,#2216,#2225,#2232,#2233,
    #2240));
#2181 = ORIENTED_EDGE('',*,*,#2182,.F.);
#2182 = EDGE_CURVE('',#2183,#1618,#2185,.T.);
#2183 = VERTEX_POINT('',#2184);
#2184 = CARTESIAN_POINT('',(177.77673136769,102.29166666666,
    77.151471862576));
#2185 = CIRCLE('',#2186,1.2);
#2186 = AXIS2_PLACEMENT_3D('',#2187,#2188,#2189);
#2187 = CARTESIAN_POINT('',(176.92820323027,102.29166666666,78.));
#2188 = DIRECTION('',(0.706213647081,5.024509283394E-02,0.706213647081)
  );
#2189 = DIRECTION('',(0.707106781187,0.,-0.707106781187));
#2190 = ORIENTED_EDGE('',*,*,#2191,.F.);
#2191 = EDGE_CURVE('',#2192,#2183,#2194,.T.);
#2192 = VERTEX_POINT('',#2193);
#2193 = CARTESIAN_POINT('',(174.84852813742,102.08333333333,
    74.223268632301));
#2194 = LINE('',#2195,#2196);
#2195 = CARTESIAN_POINT('',(174.84852813742,102.08333333333,
    74.223268632301));
#2196 = VECTOR('',#2197,1.);
#2197 = DIRECTION('',(0.706213647081,5.024509283394E-02,0.706213647081)
  );
#2198 = ORIENTED_EDGE('',*,*,#2199,.T.);
#2199 = EDGE_CURVE('',#2192,#2200,#2202,.T.);
#2200 = VERTEX_POINT('',#2201);
#2201 = CARTESIAN_POINT('',(173.94594667712,103.28170903306,
    75.040589069211));
#2202 = CIRCLE('',#2203,1.2);
#2203 = AXIS2_PLACEMENT_3D('',#2204,#2205,#2206);
#2204 = CARTESIAN_POINT('',(174.,102.08333333333,75.071796769724));
#2205 = DIRECTION('',(0.706213647081,5.024509283394E-02,0.706213647081)
  );
#2206 = DIRECTION('',(0.707106781187,0.,-0.707106781187));
#2207 = ORIENTED_EDGE('',*,*,#2208,.T.);
#2208 = EDGE_CURVE('',#2200,#2209,#2211,.T.);
#2209 = VERTEX_POINT('',#2210);
#2210 = CARTESIAN_POINT('',(173.37967452239,102.06720090502,
    76.147912475448));
#2211 = ELLIPSE('',#2212,1.242218841831,1.2);
#2212 = AXIS2_PLACEMENT_3D('',#2213,#2214,#2215);
#2213 = CARTESIAN_POINT('',(174.,102.08333333333,75.071796769724));
#2214 = DIRECTION('',(0.86485316604,5.201283418987E-02,0.499323208223));
#2215 = DIRECTION('',(0.5,-6.654399253847E-15,-0.866025403784));
#2216 = ORIENTED_EDGE('',*,*,#2217,.T.);
#2217 = EDGE_CURVE('',#2209,#2218,#2220,.T.);
#2218 = VERTEX_POINT('',#2219);
#2219 = CARTESIAN_POINT('',(174.05405332287,100.88495763359,
    75.103004470238));
#2220 = ELLIPSE('',#2221,1.242218841831,1.2);
#2221 = AXIS2_PLACEMENT_3D('',#2222,#2223,#2224);
#2222 = CARTESIAN_POINT('',(174.,102.08333333333,75.071796769724));
#2223 = DIRECTION('',(0.86485316604,5.201283418987E-02,0.499323208223));
#2224 = DIRECTION('',(0.5,-6.654399253847E-15,-0.866025403784));
#2225 = ORIENTED_EDGE('',*,*,#2226,.T.);
#2226 = EDGE_CURVE('',#2218,#2192,#2227,.T.);
#2227 = CIRCLE('',#2228,1.2);
#2228 = AXIS2_PLACEMENT_3D('',#2229,#2230,#2231);
#2229 = CARTESIAN_POINT('',(174.,102.08333333333,75.071796769724));
#2230 = DIRECTION('',(0.706213647081,5.024509283394E-02,0.706213647081)
  );
#2231 = DIRECTION('',(0.707106781187,0.,-0.707106781187));
#2232 = ORIENTED_EDGE('',*,*,#2191,.T.);
#2233 = ORIENTED_EDGE('',*,*,#2234,.F.);
#2234 = EDGE_CURVE('',#1627,#2183,#2235,.T.);
#2235 = CIRCLE('',#2236,1.2);
#2236 = AXIS2_PLACEMENT_3D('',#2237,#2238,#2239);
#2237 = CARTESIAN_POINT('',(176.92820323027,102.29166666666,78.));
#2238 = DIRECTION('',(0.706213647081,5.024509283394E-02,0.706213647081)
  );
#2239 = DIRECTION('',(0.707106781187,0.,-0.707106781187));
#2240 = ORIENTED_EDGE('',*,*,#1626,.F.);
#2241 = CYLINDRICAL_SURFACE('',#2242,1.2);
#2242 = AXIS2_PLACEMENT_3D('',#2243,#2244,#2245);
#2243 = CARTESIAN_POINT('',(174.,102.08333333333,75.071796769724));
#2244 = DIRECTION('',(0.706213647081,5.024509283394E-02,0.706213647081)
  );
#2245 = DIRECTION('',(0.707106781187,0.,-0.707106781187));
#2246 = ADVANCED_FACE('',(#2247),#2251,.F.);
#2247 = FACE_BOUND('',#2248,.F.);
#2248 = EDGE_LOOP('',(#2249,#2250));
#2249 = ORIENTED_EDGE('',*,*,#1712,.T.);
#2250 = ORIENTED_EDGE('',*,*,#1697,.T.);
#2251 = PLANE('',#2252);
#2252 = AXIS2_PLACEMENT_3D('',#2253,#2254,#2255);
#2253 = CARTESIAN_POINT('',(170.,100.625,90.));
#2254 = DIRECTION('',(-0.964705782412,5.024509283393E-02,-0.258492135331
    ));
#2255 = DIRECTION('',(0.258819045103,-1.734723475977E-18,-0.965925826289
    ));
#2256 = ADVANCED_FACE('',(#2257),#2311,.T.);
#2257 = FACE_BOUND('',#2258,.T.);
#2258 = EDGE_LOOP('',(#2259,#2270,#2278,#2285,#2286,#2287,#2294,#2295,
    #2304));
#2259 = ORIENTED_EDGE('',*,*,#2260,.F.);
#2260 = EDGE_CURVE('',#2261,#2263,#2265,.T.);
#2261 = VERTEX_POINT('',#2262);
#2262 = CARTESIAN_POINT('',(162.2232686323,101.04166666666,
    86.848528137424));
#2263 = VERTEX_POINT('',#2264);
#2264 = CARTESIAN_POINT('',(163.10300447023,102.2400423664,
    86.054053322877));
#2265 = CIRCLE('',#2266,1.2);
#2266 = AXIS2_PLACEMENT_3D('',#2267,#2268,#2269);
#2267 = CARTESIAN_POINT('',(163.07179676972,101.04166666666,86.));
#2268 = DIRECTION('',(-0.706213647081,5.024509283394E-02,-0.706213647081
    ));
#2269 = DIRECTION('',(-0.707106781187,0.,0.707106781187));
#2270 = ORIENTED_EDGE('',*,*,#2271,.F.);
#2271 = EDGE_CURVE('',#2272,#2261,#2274,.T.);
#2272 = VERTEX_POINT('',#2273);
#2273 = CARTESIAN_POINT('',(165.15147186257,100.83333333333,
    89.776731367699));
#2274 = LINE('',#2275,#2276);
#2275 = CARTESIAN_POINT('',(165.15147186257,100.83333333333,
    89.776731367699));
#2276 = VECTOR('',#2277,1.);
#2277 = DIRECTION('',(-0.706213647081,5.024509283394E-02,-0.706213647081
    ));
#2278 = ORIENTED_EDGE('',*,*,#2279,.T.);
#2279 = EDGE_CURVE('',#2272,#1670,#2280,.T.);
#2280 = CIRCLE('',#2281,1.2);
#2281 = AXIS2_PLACEMENT_3D('',#2282,#2283,#2284);
#2282 = CARTESIAN_POINT('',(166.,100.83333333333,88.928203230276));
#2283 = DIRECTION('',(-0.706213647081,5.024509283394E-02,-0.706213647081
    ));
#2284 = DIRECTION('',(-0.707106781187,0.,0.707106781187));
#2285 = ORIENTED_EDGE('',*,*,#1669,.T.);
#2286 = ORIENTED_EDGE('',*,*,#1687,.T.);
#2287 = ORIENTED_EDGE('',*,*,#2288,.T.);
#2288 = EDGE_CURVE('',#1679,#2272,#2289,.T.);
#2289 = CIRCLE('',#2290,1.2);
#2290 = AXIS2_PLACEMENT_3D('',#2291,#2292,#2293);
#2291 = CARTESIAN_POINT('',(166.,100.83333333333,88.928203230276));
#2292 = DIRECTION('',(-0.706213647081,5.024509283394E-02,-0.706213647081
    ));
#2293 = DIRECTION('',(-0.707106781187,0.,0.707106781187));
#2294 = ORIENTED_EDGE('',*,*,#2271,.T.);
#2295 = ORIENTED_EDGE('',*,*,#2296,.F.);
#2296 = EDGE_CURVE('',#2297,#2261,#2299,.T.);
#2297 = VERTEX_POINT('',#2298);
#2298 = CARTESIAN_POINT('',(163.04058906921,99.843290966932,
    85.945946677123));
#2299 = CIRCLE('',#2300,1.2);
#2300 = AXIS2_PLACEMENT_3D('',#2301,#2302,#2303);
#2301 = CARTESIAN_POINT('',(163.07179676972,101.04166666666,86.));
#2302 = DIRECTION('',(-0.706213647081,5.024509283394E-02,-0.706213647081
    ));
#2303 = DIRECTION('',(-0.707106781187,0.,0.707106781187));
#2304 = ORIENTED_EDGE('',*,*,#2305,.F.);
#2305 = EDGE_CURVE('',#2263,#2297,#2306,.T.);
#2306 = ELLIPSE('',#2307,1.242218841831,1.2);
#2307 = AXIS2_PLACEMENT_3D('',#2308,#2309,#2310);
#2308 = CARTESIAN_POINT('',(163.07179676972,101.04166666666,86.));
#2309 = DIRECTION('',(-0.499323208223,5.201283418987E-02,-0.86485316604)
  );
#2310 = DIRECTION('',(-0.866025403784,6.723788192886E-15,0.5));
#2311 = CYLINDRICAL_SURFACE('',#2312,1.2);
#2312 = AXIS2_PLACEMENT_3D('',#2313,#2314,#2315);
#2313 = CARTESIAN_POINT('',(166.,100.83333333333,88.928203230276));
#2314 = DIRECTION('',(-0.706213647081,5.024509283394E-02,-0.706213647081
    ));
#2315 = DIRECTION('',(-0.707106781187,0.,0.707106781187));
#2316 = ADVANCED_FACE('',(#2317),#2326,.T.);
#2317 = FACE_BOUND('',#2318,.T.);
#2318 = EDGE_LOOP('',(#2319,#2325));
#2319 = ORIENTED_EDGE('',*,*,#2320,.T.);
#2320 = EDGE_CURVE('',#1670,#1679,#2321,.T.);
#2321 = LINE('',#2322,#2323);
#2322 = CARTESIAN_POINT('',(166.,100.83333333333,88.928203230276));
#2323 = VECTOR('',#2324,1.);
#2324 = DIRECTION('',(-4.504443573125E-02,-0.998646416446,
    -2.600641709494E-02));
#2325 = ORIENTED_EDGE('',*,*,#1678,.T.);
#2326 = PLANE('',#2327);
#2327 = AXIS2_PLACEMENT_3D('',#2328,#2329,#2330);
#2328 = CARTESIAN_POINT('',(166.,100.83333333333,88.928203230276));
#2329 = DIRECTION('',(-0.964705782412,5.024509283393E-02,-0.258492135331
    ));
#2330 = DIRECTION('',(0.258819045103,-1.734723475977E-18,-0.965925826289
    ));
#2331 = ADVANCED_FACE('',(#2332),#2336,.F.);
#2332 = FACE_BOUND('',#2333,.F.);
#2333 = EDGE_LOOP('',(#2334,#2335));
#2334 = ORIENTED_EDGE('',*,*,#1745,.T.);
#2335 = ORIENTED_EDGE('',*,*,#1804,.T.);
#2336 = PLANE('',#2337);
#2337 = AXIS2_PLACEMENT_3D('',#2338,#2339,#2340);
#2338 = CARTESIAN_POINT('',(176.92820323027,107.70833333333,86.));
#2339 = DIRECTION('',(-0.706213647081,5.024509283394E-02,0.706213647081)
  );
#2340 = DIRECTION('',(-0.707106781187,-1.387778780781E-17,
    -0.707106781187));
#2341 = ADVANCED_FACE('',(#2342),#2397,.T.);
#2342 = FACE_BOUND('',#2343,.T.);
#2343 = EDGE_LOOP('',(#2344,#2345,#2353,#2362,#2371,#2380,#2387,#2388,
    #2389,#2390));
#2344 = ORIENTED_EDGE('',*,*,#1777,.T.);
#2345 = ORIENTED_EDGE('',*,*,#2346,.T.);
#2346 = EDGE_CURVE('',#1769,#2347,#2349,.T.);
#2347 = VERTEX_POINT('',#2348);
#2348 = CARTESIAN_POINT('',(169.99915976936,108.10886757169,
    88.757893722629));
#2349 = LINE('',#2350,#2351);
#2350 = CARTESIAN_POINT('',(173.68941714587,107.91666666666,
    87.769092238729));
#2351 = VECTOR('',#2352,1.);
#2352 = DIRECTION('',(-0.964705782412,5.024509283393E-02,0.258492135331)
  );
#2353 = ORIENTED_EDGE('',*,*,#2354,.F.);
#2354 = EDGE_CURVE('',#2355,#2347,#2357,.T.);
#2355 = VERTEX_POINT('',#2356);
#2356 = CARTESIAN_POINT('',(170.00084023064,108.1411324283,
    88.757893722631));
#2357 = ELLIPSE('',#2358,1.242218841831,1.2);
#2358 = AXIS2_PLACEMENT_3D('',#2359,#2360,#2361);
#2359 = CARTESIAN_POINT('',(170.,108.125,90.));
#2360 = DIRECTION('',(-0.998646416446,5.201283418987E-02,3.42E-15));
#2361 = DIRECTION('',(3.487662703988E-15,1.210121734167E-15,1.));
#2362 = ORIENTED_EDGE('',*,*,#2363,.F.);
#2363 = EDGE_CURVE('',#2364,#2355,#2366,.T.);
#2364 = VERTEX_POINT('',#2365);
#2365 = CARTESIAN_POINT('',(170.06241540102,109.32337569973,90.));
#2366 = ELLIPSE('',#2367,1.242218841831,1.2);
#2367 = AXIS2_PLACEMENT_3D('',#2368,#2369,#2370);
#2368 = CARTESIAN_POINT('',(170.,108.125,90.));
#2369 = DIRECTION('',(-0.998646416446,5.201283418987E-02,3.42E-15));
#2370 = DIRECTION('',(3.487662703988E-15,1.210121734167E-15,1.));
#2371 = ORIENTED_EDGE('',*,*,#2372,.F.);
#2372 = EDGE_CURVE('',#2373,#2364,#2375,.T.);
#2373 = VERTEX_POINT('',#2374);
#2374 = CARTESIAN_POINT('',(169.93758459897,106.92662430026,90.));
#2375 = CIRCLE('',#2376,1.2);
#2376 = AXIS2_PLACEMENT_3D('',#2377,#2378,#2379);
#2377 = CARTESIAN_POINT('',(170.,108.125,90.));
#2378 = DIRECTION('',(-0.964705782412,5.024509283393E-02,0.258492135331)
  );
#2379 = DIRECTION('',(-0.258819045103,0.,-0.965925826289));
#2380 = ORIENTED_EDGE('',*,*,#2381,.F.);
#2381 = EDGE_CURVE('',#2347,#2373,#2382,.T.);
#2382 = ELLIPSE('',#2383,1.242218841831,1.2);
#2383 = AXIS2_PLACEMENT_3D('',#2384,#2385,#2386);
#2384 = CARTESIAN_POINT('',(170.,108.125,90.));
#2385 = DIRECTION('',(-0.998646416446,5.201283418987E-02,3.42E-15));
#2386 = DIRECTION('',(3.487662703988E-15,1.210121734167E-15,1.));
#2387 = ORIENTED_EDGE('',*,*,#2346,.F.);
#2388 = ORIENTED_EDGE('',*,*,#1768,.T.);
#2389 = ORIENTED_EDGE('',*,*,#1795,.T.);
#2390 = ORIENTED_EDGE('',*,*,#2391,.T.);
#2391 = EDGE_CURVE('',#1787,#1778,#2392,.T.);
#2392 = CIRCLE('',#2393,1.2);
#2393 = AXIS2_PLACEMENT_3D('',#2394,#2395,#2396);
#2394 = CARTESIAN_POINT('',(174.,107.91666666666,88.928203230275));
#2395 = DIRECTION('',(-0.964705782412,5.024509283393E-02,0.258492135331)
  );
#2396 = DIRECTION('',(-0.258819045103,0.,-0.965925826289));
#2397 = CYLINDRICAL_SURFACE('',#2398,1.2);
#2398 = AXIS2_PLACEMENT_3D('',#2399,#2400,#2401);
#2399 = CARTESIAN_POINT('',(174.,107.91666666666,88.928203230275));
#2400 = DIRECTION('',(-0.964705782412,5.024509283393E-02,0.258492135331)
  );
#2401 = DIRECTION('',(-0.258819045103,0.,-0.965925826289));
#2402 = ADVANCED_FACE('',(#2403),#2412,.T.);
#2403 = FACE_BOUND('',#2404,.T.);
#2404 = EDGE_LOOP('',(#2405,#2411));
#2405 = ORIENTED_EDGE('',*,*,#2406,.T.);
#2406 = EDGE_CURVE('',#1778,#1787,#2407,.T.);
#2407 = LINE('',#2408,#2409);
#2408 = CARTESIAN_POINT('',(174.,107.91666666666,88.928203230275));
#2409 = VECTOR('',#2410,1.);
#2410 = DIRECTION('',(-4.504443573125E-02,-0.998646416446,
    2.600641709494E-02));
#2411 = ORIENTED_EDGE('',*,*,#1786,.T.);
#2412 = PLANE('',#2413);
#2413 = AXIS2_PLACEMENT_3D('',#2414,#2415,#2416);
#2414 = CARTESIAN_POINT('',(174.,107.91666666666,88.928203230275));
#2415 = DIRECTION('',(-0.706213647081,5.024509283394E-02,0.706213647081)
  );
#2416 = DIRECTION('',(-0.707106781187,-1.387778780781E-17,
    -0.707106781187));
#2417 = ADVANCED_FACE('',(#2418),#2423,.F.);
#2418 = FACE_BOUND('',#2419,.F.);
#2419 = EDGE_LOOP('',(#2420,#2421,#2422));
#2420 = ORIENTED_EDGE('',*,*,#1862,.T.);
#2421 = ORIENTED_EDGE('',*,*,#1854,.T.);
#2422 = ORIENTED_EDGE('',*,*,#1821,.T.);
#2423 = PLANE('',#2424);
#2424 = AXIS2_PLACEMENT_3D('',#2425,#2426,#2427);
#2425 = CARTESIAN_POINT('',(176.92820323027,105.20833333333,86.));
#2426 = DIRECTION('',(-0.706213647081,5.024509283394E-02,0.706213647081)
  );
#2427 = DIRECTION('',(0.707106781187,0.,0.707106781187));
#2428 = ADVANCED_FACE('',(#2429),#2439,.T.);
#2429 = FACE_BOUND('',#2430,.T.);
#2430 = EDGE_LOOP('',(#2431,#2432,#2433));
#2431 = ORIENTED_EDGE('',*,*,#1870,.T.);
#2432 = ORIENTED_EDGE('',*,*,#1835,.T.);
#2433 = ORIENTED_EDGE('',*,*,#2434,.T.);
#2434 = EDGE_CURVE('',#1838,#1871,#2435,.T.);
#2435 = LINE('',#2436,#2437);
#2436 = CARTESIAN_POINT('',(174.,105.41666666666,88.928203230276));
#2437 = VECTOR('',#2438,1.);
#2438 = DIRECTION('',(-4.504443573125E-02,-0.998646416446,
    2.600641709494E-02));
#2439 = PLANE('',#2440);
#2440 = AXIS2_PLACEMENT_3D('',#2441,#2442,#2443);
#2441 = CARTESIAN_POINT('',(174.,105.41666666666,88.928203230276));
#2442 = DIRECTION('',(-0.706213647081,5.024509283394E-02,0.706213647081)
  );
#2443 = DIRECTION('',(0.707106781187,0.,0.707106781187));
#2444 = ADVANCED_FACE('',(#2445),#2499,.T.);
#2445 = FACE_BOUND('',#2446,.T.);
#2446 = EDGE_LOOP('',(#2447,#2448,#2456,#2465,#2474,#2483,#2490,#2491,
    #2492));
#2447 = ORIENTED_EDGE('',*,*,#1888,.T.);
#2448 = ORIENTED_EDGE('',*,*,#2449,.T.);
#2449 = EDGE_CURVE('',#1880,#2450,#2452,.T.);
#2450 = VERTEX_POINT('',#2451);
#2451 = CARTESIAN_POINT('',(169.99915976936,105.60886757169,
    88.757893722629));
#2452 = LINE('',#2453,#2454);
#2453 = CARTESIAN_POINT('',(173.68941714587,105.41666666666,
    87.769092238729));
#2454 = VECTOR('',#2455,1.);
#2455 = DIRECTION('',(-0.964705782412,5.024509283393E-02,0.258492135331)
  );
#2456 = ORIENTED_EDGE('',*,*,#2457,.F.);
#2457 = EDGE_CURVE('',#2458,#2450,#2460,.T.);
#2458 = VERTEX_POINT('',#2459);
#2459 = CARTESIAN_POINT('',(170.00084023064,105.6411324283,
    88.757893722631));
#2460 = ELLIPSE('',#2461,1.242218841831,1.2);
#2461 = AXIS2_PLACEMENT_3D('',#2462,#2463,#2464);
#2462 = CARTESIAN_POINT('',(170.,105.625,90.));
#2463 = DIRECTION('',(-0.998646416446,5.201283418987E-02,0.));
#2464 = DIRECTION('',(0.,0.,1.));
#2465 = ORIENTED_EDGE('',*,*,#2466,.F.);
#2466 = EDGE_CURVE('',#2467,#2458,#2469,.T.);
#2467 = VERTEX_POINT('',#2468);
#2468 = CARTESIAN_POINT('',(170.06241540102,106.82337569973,90.));
#2469 = ELLIPSE('',#2470,1.242218841831,1.2);
#2470 = AXIS2_PLACEMENT_3D('',#2471,#2472,#2473);
#2471 = CARTESIAN_POINT('',(170.,105.625,90.));
#2472 = DIRECTION('',(-0.998646416446,5.201283418987E-02,0.));
#2473 = DIRECTION('',(0.,0.,1.));
#2474 = ORIENTED_EDGE('',*,*,#2475,.F.);
#2475 = EDGE_CURVE('',#2476,#2467,#2478,.T.);
#2476 = VERTEX_POINT('',#2477);
#2477 = CARTESIAN_POINT('',(169.93758459897,104.42662430026,90.));
#2478 = CIRCLE('',#2479,1.2);
#2479 = AXIS2_PLACEMENT_3D('',#2480,#2481,#2482);
#2480 = CARTESIAN_POINT('',(170.,105.625,90.));
#2481 = DIRECTION('',(-0.964705782412,5.024509283393E-02,0.258492135331)
  );
#2482 = DIRECTION('',(-0.258819045103,0.,-0.965925826289));
#2483 = ORIENTED_EDGE('',*,*,#2484,.F.);
#2484 = EDGE_CURVE('',#2450,#2476,#2485,.T.);
#2485 = ELLIPSE('',#2486,1.242218841831,1.2);
#2486 = AXIS2_PLACEMENT_3D('',#2487,#2488,#2489);
#2487 = CARTESIAN_POINT('',(170.,105.625,90.));
#2488 = DIRECTION('',(-0.998646416446,5.201283418987E-02,0.));
#2489 = DIRECTION('',(0.,0.,1.));
#2490 = ORIENTED_EDGE('',*,*,#2449,.F.);
#2491 = ORIENTED_EDGE('',*,*,#1879,.T.);
#2492 = ORIENTED_EDGE('',*,*,#2493,.T.);
#2493 = EDGE_CURVE('',#1871,#1838,#2494,.T.);
#2494 = CIRCLE('',#2495,1.2);
#2495 = AXIS2_PLACEMENT_3D('',#2496,#2497,#2498);
#2496 = CARTESIAN_POINT('',(174.,105.41666666666,88.928203230276));
#2497 = DIRECTION('',(-0.964705782412,5.024509283393E-02,0.258492135331)
  );
#2498 = DIRECTION('',(-0.258819045103,0.,-0.965925826289));
#2499 = CYLINDRICAL_SURFACE('',#2500,1.2);
#2500 = AXIS2_PLACEMENT_3D('',#2501,#2502,#2503);
#2501 = CARTESIAN_POINT('',(174.,105.41666666666,88.928203230276));
#2502 = DIRECTION('',(-0.964705782412,5.024509283393E-02,0.258492135331)
  );
#2503 = DIRECTION('',(-0.258819045103,1.734723475977E-18,-0.965925826289
    ));
#2504 = ADVANCED_FACE('',(#2505),#2510,.F.);
#2505 = FACE_BOUND('',#2506,.F.);
#2506 = EDGE_LOOP('',(#2507,#2508,#2509));
#2507 = ORIENTED_EDGE('',*,*,#1946,.T.);
#2508 = ORIENTED_EDGE('',*,*,#1938,.T.);
#2509 = ORIENTED_EDGE('',*,*,#1905,.T.);
#2510 = PLANE('',#2511);
#2511 = AXIS2_PLACEMENT_3D('',#2512,#2513,#2514);
#2512 = CARTESIAN_POINT('',(176.92820323027,102.70833333333,86.));
#2513 = DIRECTION('',(-0.706213647081,5.024509283394E-02,0.706213647081)
  );
#2514 = DIRECTION('',(0.707106781187,0.,0.707106781187));
#2515 = ADVANCED_FACE('',(#2516),#2526,.T.);
#2516 = FACE_BOUND('',#2517,.T.);
#2517 = EDGE_LOOP('',(#2518,#2519,#2520));
#2518 = ORIENTED_EDGE('',*,*,#1954,.T.);
#2519 = ORIENTED_EDGE('',*,*,#1919,.T.);
#2520 = ORIENTED_EDGE('',*,*,#2521,.T.);
#2521 = EDGE_CURVE('',#1922,#1955,#2522,.T.);
#2522 = LINE('',#2523,#2524);
#2523 = CARTESIAN_POINT('',(174.,102.91666666666,88.928203230275));
#2524 = VECTOR('',#2525,1.);
#2525 = DIRECTION('',(-4.504443573125E-02,-0.998646416446,
    2.600641709494E-02));
#2526 = PLANE('',#2527);
#2527 = AXIS2_PLACEMENT_3D('',#2528,#2529,#2530);
#2528 = CARTESIAN_POINT('',(174.,102.91666666666,88.928203230275));
#2529 = DIRECTION('',(-0.706213647081,5.024509283394E-02,0.706213647081)
  );
#2530 = DIRECTION('',(0.707106781187,0.,0.707106781187));
#2531 = ADVANCED_FACE('',(#2532),#2586,.T.);
#2532 = FACE_BOUND('',#2533,.T.);
#2533 = EDGE_LOOP('',(#2534,#2535,#2543,#2552,#2561,#2570,#2577,#2578,
    #2579));
#2534 = ORIENTED_EDGE('',*,*,#1972,.T.);
#2535 = ORIENTED_EDGE('',*,*,#2536,.T.);
#2536 = EDGE_CURVE('',#1964,#2537,#2539,.T.);
#2537 = VERTEX_POINT('',#2538);
#2538 = CARTESIAN_POINT('',(169.99915976936,103.10886757169,
    88.757893722628));
#2539 = LINE('',#2540,#2541);
#2540 = CARTESIAN_POINT('',(173.68941714587,102.91666666666,
    87.769092238729));
#2541 = VECTOR('',#2542,1.);
#2542 = DIRECTION('',(-0.964705782412,5.024509283393E-02,0.258492135331)
  );
#2543 = ORIENTED_EDGE('',*,*,#2544,.F.);
#2544 = EDGE_CURVE('',#2545,#2537,#2547,.T.);
#2545 = VERTEX_POINT('',#2546);
#2546 = CARTESIAN_POINT('',(170.00084023063,103.1411324283,
    88.757893722629));
#2547 = ELLIPSE('',#2548,1.242218841831,1.2);
#2548 = AXIS2_PLACEMENT_3D('',#2549,#2550,#2551);
#2549 = CARTESIAN_POINT('',(170.,103.125,90.));
#2550 = DIRECTION('',(-0.998646416446,5.201283418987E-02,1.64E-15));
#2551 = DIRECTION('',(1.638061477802E-15,-7.989903530221E-17,1.));
#2552 = ORIENTED_EDGE('',*,*,#2553,.F.);
#2553 = EDGE_CURVE('',#2554,#2545,#2556,.T.);
#2554 = VERTEX_POINT('',#2555);
#2555 = CARTESIAN_POINT('',(170.06241540102,104.32337569973,90.));
#2556 = ELLIPSE('',#2557,1.242218841831,1.2);
#2557 = AXIS2_PLACEMENT_3D('',#2558,#2559,#2560);
#2558 = CARTESIAN_POINT('',(170.,103.125,90.));
#2559 = DIRECTION('',(-0.998646416446,5.201283418987E-02,1.64E-15));
#2560 = DIRECTION('',(1.638061477802E-15,-7.989903530221E-17,1.));
#2561 = ORIENTED_EDGE('',*,*,#2562,.F.);
#2562 = EDGE_CURVE('',#2563,#2554,#2565,.T.);
#2563 = VERTEX_POINT('',#2564);
#2564 = CARTESIAN_POINT('',(169.93758459897,101.92662430026,90.));
#2565 = CIRCLE('',#2566,1.2);
#2566 = AXIS2_PLACEMENT_3D('',#2567,#2568,#2569);
#2567 = CARTESIAN_POINT('',(170.,103.125,90.));
#2568 = DIRECTION('',(-0.964705782412,5.024509283393E-02,0.258492135331)
  );
#2569 = DIRECTION('',(-0.258819045103,0.,-0.965925826289));
#2570 = ORIENTED_EDGE('',*,*,#2571,.F.);
#2571 = EDGE_CURVE('',#2537,#2563,#2572,.T.);
#2572 = ELLIPSE('',#2573,1.242218841831,1.2);
#2573 = AXIS2_PLACEMENT_3D('',#2574,#2575,#2576);
#2574 = CARTESIAN_POINT('',(170.,103.125,90.));
#2575 = DIRECTION('',(-0.998646416446,5.201283418987E-02,1.64E-15));
#2576 = DIRECTION('',(1.638061477802E-15,-7.989903530221E-17,1.));
#2577 = ORIENTED_EDGE('',*,*,#2536,.F.);
#2578 = ORIENTED_EDGE('',*,*,#1963,.T.);
#2579 = ORIENTED_EDGE('',*,*,#2580,.T.);
#2580 = EDGE_CURVE('',#1955,#1922,#2581,.T.);
#2581 = CIRCLE('',#2582,1.2);
#2582 = AXIS2_PLACEMENT_3D('',#2583,#2584,#2585);
#2583 = CARTESIAN_POINT('',(174.,102.91666666666,88.928203230275));
#2584 = DIRECTION('',(-0.964705782412,5.024509283393E-02,0.258492135331)
  );
#2585 = DIRECTION('',(-0.258819045103,0.,-0.965925826289));
#2586 = CYLINDRICAL_SURFACE('',#2587,1.2);
#2587 = AXIS2_PLACEMENT_3D('',#2588,#2589,#2590);
#2588 = CARTESIAN_POINT('',(174.,102.91666666666,88.928203230275));
#2589 = DIRECTION('',(-0.964705782412,5.024509283393E-02,0.258492135331)
  );
#2590 = DIRECTION('',(-0.258819045103,0.,-0.965925826289));
#2591 = ADVANCED_FACE('',(#2592),#2597,.T.);
#2592 = FACE_BOUND('',#2593,.T.);
#2593 = EDGE_LOOP('',(#2594,#2595,#2596));
#2594 = ORIENTED_EDGE('',*,*,#2055,.T.);
#2595 = ORIENTED_EDGE('',*,*,#2003,.T.);
#2596 = ORIENTED_EDGE('',*,*,#1989,.T.);
#2597 = PLANE('',#2598);
#2598 = AXIS2_PLACEMENT_3D('',#2599,#2600,#2601);
#2599 = CARTESIAN_POINT('',(176.92820323027,104.79166666666,78.));
#2600 = DIRECTION('',(0.706213647081,5.024509283394E-02,0.706213647081)
  );
#2601 = DIRECTION('',(0.707106781187,0.,-0.707106781187));
#2602 = ADVANCED_FACE('',(#2603),#2613,.F.);
#2603 = FACE_BOUND('',#2604,.F.);
#2604 = EDGE_LOOP('',(#2605,#2606,#2607));
#2605 = ORIENTED_EDGE('',*,*,#2047,.T.);
#2606 = ORIENTED_EDGE('',*,*,#2020,.T.);
#2607 = ORIENTED_EDGE('',*,*,#2608,.T.);
#2608 = EDGE_CURVE('',#2021,#2039,#2609,.T.);
#2609 = LINE('',#2610,#2611);
#2610 = CARTESIAN_POINT('',(174.,104.58333333333,75.071796769724));
#2611 = VECTOR('',#2612,1.);
#2612 = DIRECTION('',(4.504443573125E-02,-0.998646416446,
    2.600641709494E-02));
#2613 = PLANE('',#2614);
#2614 = AXIS2_PLACEMENT_3D('',#2615,#2616,#2617);
#2615 = CARTESIAN_POINT('',(174.,104.58333333333,75.071796769724));
#2616 = DIRECTION('',(0.706213647081,5.024509283394E-02,0.706213647081)
  );
#2617 = DIRECTION('',(0.707106781187,0.,-0.707106781187));
#2618 = ADVANCED_FACE('',(#2619),#2673,.T.);
#2619 = FACE_BOUND('',#2620,.T.);
#2620 = EDGE_LOOP('',(#2621,#2632,#2638,#2639,#2646,#2647,#2648,#2657,
    #2666));
#2621 = ORIENTED_EDGE('',*,*,#2622,.T.);
#2622 = EDGE_CURVE('',#2623,#2625,#2627,.T.);
#2623 = VERTEX_POINT('',#2624);
#2624 = CARTESIAN_POINT('',(169.93758459897,105.57337569973,74.));
#2625 = VERTEX_POINT('',#2626);
#2626 = CARTESIAN_POINT('',(169.99915976936,104.3911324283,
    75.242106277372));
#2627 = ELLIPSE('',#2628,1.242218841831,1.2);
#2628 = AXIS2_PLACEMENT_3D('',#2629,#2630,#2631);
#2629 = CARTESIAN_POINT('',(170.,104.375,74.));
#2630 = DIRECTION('',(0.998646416446,5.201283418987E-02,0.));
#2631 = DIRECTION('',(0.,0.,-1.));
#2632 = ORIENTED_EDGE('',*,*,#2633,.T.);
#2633 = EDGE_CURVE('',#2625,#2030,#2634,.T.);
#2634 = LINE('',#2635,#2636);
#2635 = CARTESIAN_POINT('',(169.68941714587,104.375,75.159110991547));
#2636 = VECTOR('',#2637,1.);
#2637 = DIRECTION('',(0.964705782412,5.024509283393E-02,0.258492135331)
  );
#2638 = ORIENTED_EDGE('',*,*,#2029,.F.);
#2639 = ORIENTED_EDGE('',*,*,#2640,.F.);
#2640 = EDGE_CURVE('',#2039,#2021,#2641,.T.);
#2641 = CIRCLE('',#2642,1.2);
#2642 = AXIS2_PLACEMENT_3D('',#2643,#2644,#2645);
#2643 = CARTESIAN_POINT('',(174.,104.58333333333,75.071796769724));
#2644 = DIRECTION('',(0.964705782412,5.024509283393E-02,0.258492135331)
  );
#2645 = DIRECTION('',(-0.258819045103,0.,0.965925826289));
#2646 = ORIENTED_EDGE('',*,*,#2038,.F.);
#2647 = ORIENTED_EDGE('',*,*,#2633,.F.);
#2648 = ORIENTED_EDGE('',*,*,#2649,.T.);
#2649 = EDGE_CURVE('',#2625,#2650,#2652,.T.);
#2650 = VERTEX_POINT('',#2651);
#2651 = CARTESIAN_POINT('',(170.00084023063,104.35886757169,
    75.242106277371));
#2652 = ELLIPSE('',#2653,1.242218841831,1.2);
#2653 = AXIS2_PLACEMENT_3D('',#2654,#2655,#2656);
#2654 = CARTESIAN_POINT('',(170.,104.375,74.));
#2655 = DIRECTION('',(0.998646416446,5.201283418987E-02,0.));
#2656 = DIRECTION('',(0.,0.,-1.));
#2657 = ORIENTED_EDGE('',*,*,#2658,.T.);
#2658 = EDGE_CURVE('',#2650,#2659,#2661,.T.);
#2659 = VERTEX_POINT('',#2660);
#2660 = CARTESIAN_POINT('',(170.06241540102,103.17662430026,74.));
#2661 = ELLIPSE('',#2662,1.242218841831,1.2);
#2662 = AXIS2_PLACEMENT_3D('',#2663,#2664,#2665);
#2663 = CARTESIAN_POINT('',(170.,104.375,74.));
#2664 = DIRECTION('',(0.998646416446,5.201283418987E-02,0.));
#2665 = DIRECTION('',(0.,0.,-1.));
#2666 = ORIENTED_EDGE('',*,*,#2667,.T.);
#2667 = EDGE_CURVE('',#2659,#2623,#2668,.T.);
#2668 = CIRCLE('',#2669,1.2);
#2669 = AXIS2_PLACEMENT_3D('',#2670,#2671,#2672);
#2670 = CARTESIAN_POINT('',(170.,104.375,74.));
#2671 = DIRECTION('',(0.964705782412,5.024509283393E-02,0.258492135331)
  );
#2672 = DIRECTION('',(-0.258819045103,0.,0.965925826289));
#2673 = CYLINDRICAL_SURFACE('',#2674,1.2);
#2674 = AXIS2_PLACEMENT_3D('',#2675,#2676,#2677);
#2675 = CARTESIAN_POINT('',(170.,104.375,74.));
#2676 = DIRECTION('',(0.964705782412,5.024509283393E-02,0.258492135331)
  );
#2677 = DIRECTION('',(-0.258819045103,-1.734723475977E-18,0.965925826289
    ));
#2678 = ADVANCED_FACE('',(#2679),#2684,.T.);
#2679 = FACE_BOUND('',#2680,.T.);
#2680 = EDGE_LOOP('',(#2681,#2682,#2683));
#2681 = ORIENTED_EDGE('',*,*,#2139,.T.);
#2682 = ORIENTED_EDGE('',*,*,#2087,.T.);
#2683 = ORIENTED_EDGE('',*,*,#2073,.T.);
#2684 = PLANE('',#2685);
#2685 = AXIS2_PLACEMENT_3D('',#2686,#2687,#2688);
#2686 = CARTESIAN_POINT('',(176.92820323027,107.29166666666,78.));
#2687 = DIRECTION('',(0.706213647081,5.024509283394E-02,0.706213647081)
  );
#2688 = DIRECTION('',(0.707106781187,0.,-0.707106781187));
#2689 = ADVANCED_FACE('',(#2690),#2700,.F.);
#2690 = FACE_BOUND('',#2691,.F.);
#2691 = EDGE_LOOP('',(#2692,#2693,#2694));
#2692 = ORIENTED_EDGE('',*,*,#2131,.T.);
#2693 = ORIENTED_EDGE('',*,*,#2104,.T.);
#2694 = ORIENTED_EDGE('',*,*,#2695,.T.);
#2695 = EDGE_CURVE('',#2105,#2123,#2696,.T.);
#2696 = LINE('',#2697,#2698);
#2697 = CARTESIAN_POINT('',(174.,107.08333333333,75.071796769725));
#2698 = VECTOR('',#2699,1.);
#2699 = DIRECTION('',(4.504443573125E-02,-0.998646416446,
    2.600641709494E-02));
#2700 = PLANE('',#2701);
#2701 = AXIS2_PLACEMENT_3D('',#2702,#2703,#2704);
#2702 = CARTESIAN_POINT('',(174.,107.08333333333,75.071796769725));
#2703 = DIRECTION('',(0.706213647081,5.024509283394E-02,0.706213647081)
  );
#2704 = DIRECTION('',(0.707106781187,0.,-0.707106781187));
#2705 = ADVANCED_FACE('',(#2706),#2760,.T.);
#2706 = FACE_BOUND('',#2707,.T.);
#2707 = EDGE_LOOP('',(#2708,#2719,#2725,#2726,#2733,#2734,#2735,#2744,
    #2753));
#2708 = ORIENTED_EDGE('',*,*,#2709,.T.);
#2709 = EDGE_CURVE('',#2710,#2712,#2714,.T.);
#2710 = VERTEX_POINT('',#2711);
#2711 = CARTESIAN_POINT('',(169.93758459897,108.07337569973,74.));
#2712 = VERTEX_POINT('',#2713);
#2713 = CARTESIAN_POINT('',(169.99915976935,106.8911324283,
    75.242106277369));
#2714 = ELLIPSE('',#2715,1.242218841831,1.2);
#2715 = AXIS2_PLACEMENT_3D('',#2716,#2717,#2718);
#2716 = CARTESIAN_POINT('',(170.,106.875,74.));
#2717 = DIRECTION('',(0.998646416446,5.201283418987E-02,0.));
#2718 = DIRECTION('',(0.,0.,-1.));
#2719 = ORIENTED_EDGE('',*,*,#2720,.T.);
#2720 = EDGE_CURVE('',#2712,#2114,#2721,.T.);
#2721 = LINE('',#2722,#2723);
#2722 = CARTESIAN_POINT('',(169.68941714587,106.875,75.159110991547));
#2723 = VECTOR('',#2724,1.);
#2724 = DIRECTION('',(0.964705782412,5.024509283393E-02,0.258492135331)
  );
#2725 = ORIENTED_EDGE('',*,*,#2113,.F.);
#2726 = ORIENTED_EDGE('',*,*,#2727,.F.);
#2727 = EDGE_CURVE('',#2123,#2105,#2728,.T.);
#2728 = CIRCLE('',#2729,1.2);
#2729 = AXIS2_PLACEMENT_3D('',#2730,#2731,#2732);
#2730 = CARTESIAN_POINT('',(174.,107.08333333333,75.071796769725));
#2731 = DIRECTION('',(0.964705782412,5.024509283393E-02,0.258492135331)
  );
#2732 = DIRECTION('',(-0.258819045103,0.,0.965925826289));
#2733 = ORIENTED_EDGE('',*,*,#2122,.F.);
#2734 = ORIENTED_EDGE('',*,*,#2720,.F.);
#2735 = ORIENTED_EDGE('',*,*,#2736,.T.);
#2736 = EDGE_CURVE('',#2712,#2737,#2739,.T.);
#2737 = VERTEX_POINT('',#2738);
#2738 = CARTESIAN_POINT('',(170.00084023064,106.85886757169,
    75.24210627737));
#2739 = ELLIPSE('',#2740,1.242218841831,1.2);
#2740 = AXIS2_PLACEMENT_3D('',#2741,#2742,#2743);
#2741 = CARTESIAN_POINT('',(170.,106.875,74.));
#2742 = DIRECTION('',(0.998646416446,5.201283418987E-02,0.));
#2743 = DIRECTION('',(0.,0.,-1.));
#2744 = ORIENTED_EDGE('',*,*,#2745,.T.);
#2745 = EDGE_CURVE('',#2737,#2746,#2748,.T.);
#2746 = VERTEX_POINT('',#2747);
#2747 = CARTESIAN_POINT('',(170.06241540102,105.67662430026,74.));
#2748 = ELLIPSE('',#2749,1.242218841831,1.2);
#2749 = AXIS2_PLACEMENT_3D('',#2750,#2751,#2752);
#2750 = CARTESIAN_POINT('',(170.,106.875,74.));
#2751 = DIRECTION('',(0.998646416446,5.201283418987E-02,0.));
#2752 = DIRECTION('',(0.,0.,-1.));
#2753 = ORIENTED_EDGE('',*,*,#2754,.T.);
#2754 = EDGE_CURVE('',#2746,#2710,#2755,.T.);
#2755 = CIRCLE('',#2756,1.2);
#2756 = AXIS2_PLACEMENT_3D('',#2757,#2758,#2759);
#2757 = CARTESIAN_POINT('',(170.,106.875,74.));
#2758 = DIRECTION('',(0.964705782412,5.024509283393E-02,0.258492135331)
  );
#2759 = DIRECTION('',(-0.258819045103,0.,0.965925826289));
#2760 = CYLINDRICAL_SURFACE('',#2761,1.2);
#2761 = AXIS2_PLACEMENT_3D('',#2762,#2763,#2764);
#2762 = CARTESIAN_POINT('',(170.,106.875,74.));
#2763 = DIRECTION('',(0.964705782412,5.024509283393E-02,0.258492135331)
  );
#2764 = DIRECTION('',(-0.258819045103,0.,0.965925826289));
#2765 = ADVANCED_FACE('',(#2766),#2771,.T.);
#2766 = FACE_BOUND('',#2767,.T.);
#2767 = EDGE_LOOP('',(#2768,#2769,#2770));
#2768 = ORIENTED_EDGE('',*,*,#2234,.T.);
#2769 = ORIENTED_EDGE('',*,*,#2182,.T.);
#2770 = ORIENTED_EDGE('',*,*,#2168,.T.);
#2771 = PLANE('',#2772);
#2772 = AXIS2_PLACEMENT_3D('',#2773,#2774,#2775);
#2773 = CARTESIAN_POINT('',(176.92820323027,102.29166666666,78.));
#2774 = DIRECTION('',(0.706213647081,5.024509283394E-02,0.706213647081)
  );
#2775 = DIRECTION('',(0.707106781187,0.,-0.707106781187));
#2776 = ADVANCED_FACE('',(#2777),#2787,.F.);
#2777 = FACE_BOUND('',#2778,.F.);
#2778 = EDGE_LOOP('',(#2779,#2780,#2781));
#2779 = ORIENTED_EDGE('',*,*,#2226,.T.);
#2780 = ORIENTED_EDGE('',*,*,#2199,.T.);
#2781 = ORIENTED_EDGE('',*,*,#2782,.T.);
#2782 = EDGE_CURVE('',#2200,#2218,#2783,.T.);
#2783 = LINE('',#2784,#2785);
#2784 = CARTESIAN_POINT('',(174.,102.08333333333,75.071796769724));
#2785 = VECTOR('',#2786,1.);
#2786 = DIRECTION('',(4.504443573125E-02,-0.998646416446,
    2.600641709494E-02));
#2787 = PLANE('',#2788);
#2788 = AXIS2_PLACEMENT_3D('',#2789,#2790,#2791);
#2789 = CARTESIAN_POINT('',(174.,102.08333333333,75.071796769724));
#2790 = DIRECTION('',(0.706213647081,5.024509283394E-02,0.706213647081)
  );
#2791 = DIRECTION('',(0.707106781187,0.,-0.707106781187));
#2792 = ADVANCED_FACE('',(#2793),#2847,.T.);
#2793 = FACE_BOUND('',#2794,.T.);
#2794 = EDGE_LOOP('',(#2795,#2806,#2812,#2813,#2820,#2821,#2822,#2831,
    #2840));
#2795 = ORIENTED_EDGE('',*,*,#2796,.T.);
#2796 = EDGE_CURVE('',#2797,#2799,#2801,.T.);
#2797 = VERTEX_POINT('',#2798);
#2798 = CARTESIAN_POINT('',(169.93758459897,103.07337569973,74.));
#2799 = VERTEX_POINT('',#2800);
#2800 = CARTESIAN_POINT('',(169.99915976936,101.8911324283,
    75.242106277371));
#2801 = ELLIPSE('',#2802,1.242218841831,1.2);
#2802 = AXIS2_PLACEMENT_3D('',#2803,#2804,#2805);
#2803 = CARTESIAN_POINT('',(170.,101.875,74.));
#2804 = DIRECTION('',(0.998646416446,5.201283418987E-02,-1.64E-15));
#2805 = DIRECTION('',(-1.638061477802E-15,-7.989903530221E-17,-1.));
#2806 = ORIENTED_EDGE('',*,*,#2807,.T.);
#2807 = EDGE_CURVE('',#2799,#2209,#2808,.T.);
#2808 = LINE('',#2809,#2810);
#2809 = CARTESIAN_POINT('',(169.68941714587,101.875,75.159110991547));
#2810 = VECTOR('',#2811,1.);
#2811 = DIRECTION('',(0.964705782412,5.024509283393E-02,0.258492135331)
  );
#2812 = ORIENTED_EDGE('',*,*,#2208,.F.);
#2813 = ORIENTED_EDGE('',*,*,#2814,.F.);
#2814 = EDGE_CURVE('',#2218,#2200,#2815,.T.);
#2815 = CIRCLE('',#2816,1.2);
#2816 = AXIS2_PLACEMENT_3D('',#2817,#2818,#2819);
#2817 = CARTESIAN_POINT('',(174.,102.08333333333,75.071796769724));
#2818 = DIRECTION('',(0.964705782412,5.024509283393E-02,0.258492135331)
  );
#2819 = DIRECTION('',(-0.258819045103,0.,0.965925826289));
#2820 = ORIENTED_EDGE('',*,*,#2217,.F.);
#2821 = ORIENTED_EDGE('',*,*,#2807,.F.);
#2822 = ORIENTED_EDGE('',*,*,#2823,.T.);
#2823 = EDGE_CURVE('',#2799,#2824,#2826,.T.);
#2824 = VERTEX_POINT('',#2825);
#2825 = CARTESIAN_POINT('',(170.00084023064,101.85886757169,
    75.242106277371));
#2826 = ELLIPSE('',#2827,1.242218841831,1.2);
#2827 = AXIS2_PLACEMENT_3D('',#2828,#2829,#2830);
#2828 = CARTESIAN_POINT('',(170.,101.875,74.));
#2829 = DIRECTION('',(0.998646416446,5.201283418987E-02,-1.64E-15));
#2830 = DIRECTION('',(-1.638061477802E-15,-7.989903530221E-17,-1.));
#2831 = ORIENTED_EDGE('',*,*,#2832,.T.);
#2832 = EDGE_CURVE('',#2824,#2833,#2835,.T.);
#2833 = VERTEX_POINT('',#2834);
#2834 = CARTESIAN_POINT('',(170.06241540102,100.67662430026,74.));
#2835 = ELLIPSE('',#2836,1.242218841831,1.2);
#2836 = AXIS2_PLACEMENT_3D('',#2837,#2838,#2839);
#2837 = CARTESIAN_POINT('',(170.,101.875,74.));
#2838 = DIRECTION('',(0.998646416446,5.201283418987E-02,-1.64E-15));
#2839 = DIRECTION('',(-1.638061477802E-15,-7.989903530221E-17,-1.));
#2840 = ORIENTED_EDGE('',*,*,#2841,.T.);
#2841 = EDGE_CURVE('',#2833,#2797,#2842,.T.);
#2842 = CIRCLE('',#2843,1.2);
#2843 = AXIS2_PLACEMENT_3D('',#2844,#2845,#2846);
#2844 = CARTESIAN_POINT('',(170.,101.875,74.));
#2845 = DIRECTION('',(0.964705782412,5.024509283393E-02,0.258492135331)
  );
#2846 = DIRECTION('',(-0.258819045103,0.,0.965925826289));
#2847 = CYLINDRICAL_SURFACE('',#2848,1.2);
#2848 = AXIS2_PLACEMENT_3D('',#2849,#2850,#2851);
#2849 = CARTESIAN_POINT('',(170.,101.875,74.));
#2850 = DIRECTION('',(0.964705782412,5.024509283393E-02,0.258492135331)
  );
#2851 = DIRECTION('',(-0.258819045103,-1.734723475977E-18,0.965925826289
    ));
#2852 = ADVANCED_FACE('',(#2853),#2863,.T.);
#2853 = FACE_BOUND('',#2854,.T.);
#2854 = EDGE_LOOP('',(#2855,#2856,#2857));
#2855 = ORIENTED_EDGE('',*,*,#2296,.T.);
#2856 = ORIENTED_EDGE('',*,*,#2260,.T.);
#2857 = ORIENTED_EDGE('',*,*,#2858,.T.);
#2858 = EDGE_CURVE('',#2263,#2297,#2859,.T.);
#2859 = LINE('',#2860,#2861);
#2860 = CARTESIAN_POINT('',(163.07179676972,101.04166666666,86.));
#2861 = VECTOR('',#2862,1.);
#2862 = DIRECTION('',(-2.600641709494E-02,-0.998646416446,
    -4.504443573125E-02));
#2863 = PLANE('',#2864);
#2864 = AXIS2_PLACEMENT_3D('',#2865,#2866,#2867);
#2865 = CARTESIAN_POINT('',(163.07179676972,101.04166666666,86.));
#2866 = DIRECTION('',(-0.706213647081,5.024509283394E-02,-0.706213647081
    ));
#2867 = DIRECTION('',(-0.707106781187,0.,0.707106781187));
#2868 = ADVANCED_FACE('',(#2869),#3123,.T.);
#2869 = FACE_BOUND('',#2870,.T.);
#2870 = EDGE_LOOP('',(#2871,#2881,#2890,#2939,#3030,#3100,#3107,#3108,
    #3115,#3116));
#2871 = ORIENTED_EDGE('',*,*,#2872,.T.);
#2872 = EDGE_CURVE('',#2873,#2875,#2877,.T.);
#2873 = VERTEX_POINT('',#2874);
#2874 = CARTESIAN_POINT('',(161.91268577817,101.04166666666,
    86.310582854123));
#2875 = VERTEX_POINT('',#2876);
#2876 = CARTESIAN_POINT('',(160.84088900845,101.25,82.310582854123));
#2877 = LINE('',#2878,#2879);
#2878 = CARTESIAN_POINT('',(161.91268577817,101.04166666666,
    86.310582854123));
#2879 = VECTOR('',#2880,1.);
#2880 = DIRECTION('',(-0.258492135331,5.024509283393E-02,-0.964705782412
    ));
#2881 = ORIENTED_EDGE('',*,*,#2882,.F.);
#2882 = EDGE_CURVE('',#2883,#2875,#2885,.T.);
#2883 = VERTEX_POINT('',#2884);
#2884 = CARTESIAN_POINT('',(160.88081803743,100.92220504578,
    82.282811249186));
#2885 = CIRCLE('',#2886,1.2);
#2886 = AXIS2_PLACEMENT_3D('',#2887,#2888,#2889);
#2887 = CARTESIAN_POINT('',(162.,101.25,82.));
#2888 = DIRECTION('',(-0.258492135331,5.024509283393E-02,-0.964705782412
    ));
#2889 = DIRECTION('',(-0.965925826289,0.,0.258819045103));
#2890 = ORIENTED_EDGE('',*,*,#2891,.F.);
#2891 = EDGE_CURVE('',#2892,#2883,#2894,.T.);
#2892 = VERTEX_POINT('',#2893);
#2893 = CARTESIAN_POINT('',(162.04940399035,100.01814978971,
    83.123663071381));
#2894 = B_SPLINE_CURVE_WITH_KNOTS('',7,(#2895,#2896,#2897,#2898,#2899,
    #2900,#2901,#2902,#2903,#2904,#2905,#2906,#2907,#2908,#2909,#2910,
    #2911,#2912,#2913,#2914,#2915,#2916,#2917,#2918,#2919,#2920,#2921,
    #2922,#2923,#2924,#2925,#2926,#2927,#2928,#2929,#2930,#2931,#2932,
    #2933,#2934,#2935,#2936,#2937,#2938),.UNSPECIFIED.,.F.,.F.,(8,6,6,6,
    6,6,6,8),(0.,0.208464475315,0.438268735677,0.561139727381,
    0.635290635645,0.718961979439,0.829669501136,1.),.UNSPECIFIED.);
#2895 = CARTESIAN_POINT('',(162.04940399035,100.01814978971,
    83.123663071377));
#2896 = CARTESIAN_POINT('',(161.98897446132,100.0310715514,
    83.132460866574));
#2897 = CARTESIAN_POINT('',(161.92912503821,100.04767218845,
    83.139190236762));
#2898 = CARTESIAN_POINT('',(161.87015368722,100.06781055833,
    83.143802784913));
#2899 = CARTESIAN_POINT('',(161.81234699118,100.09130514087,
    83.146272647685));
#2900 = CARTESIAN_POINT('',(161.75597480678,100.11793410182,
    83.14659533094));
#2901 = CARTESIAN_POINT('',(161.70128492173,100.14743535648,
    83.144786545264));
#2902 = CARTESIAN_POINT('',(161.59030685879,100.21486093555,
    83.136575744835));
#2903 = CARTESIAN_POINT('',(161.53442924606,100.25333732769,
    83.129722223314));
#2904 = CARTESIAN_POINT('',(161.48103295679,100.29460811344,
    83.120359274646));
#2905 = CARTESIAN_POINT('',(161.43025540536,100.33833457994,
    83.108513275154));
#2906 = CARTESIAN_POINT('',(161.38221379016,100.3841614343,
    83.094201398816));
#2907 = CARTESIAN_POINT('',(161.33699967527,100.43169024873,
    83.077410780128));
#2908 = CARTESIAN_POINT('',(161.27201843281,100.50649294866,
    83.04770379806));
#2909 = CARTESIAN_POINT('',(161.25021725292,100.53288118493,
    83.036628233072));
#2910 = CARTESIAN_POINT('',(161.22922091559,100.55956373774,
    83.024796750948));
#2911 = CARTESIAN_POINT('',(161.20901612717,100.58648660058,
    83.012174805595));
#2912 = CARTESIAN_POINT('',(161.18960154892,100.61356733644,
    82.998720751074));
#2913 = CARTESIAN_POINT('',(161.17097979963,100.64068776867,
    82.984383112944));
#2914 = CARTESIAN_POINT('',(161.14238909905,100.6839801285,
    82.959873425089));
#2915 = CARTESIAN_POINT('',(161.1319180021,100.70022762499,
    82.950304647226));
#2916 = CARTESIAN_POINT('',(161.12172228827,100.71641419077,
    82.940365784724));
#2917 = CARTESIAN_POINT('',(161.11179396314,100.73251170796,
    82.930030138914));
#2918 = CARTESIAN_POINT('',(161.10212895781,100.74847791998,
    82.919270244266));
#2919 = CARTESIAN_POINT('',(161.09272516975,100.76425544038,
    82.908058058884));
#2920 = CARTESIAN_POINT('',(161.07326172912,100.7972781368,
    82.883170967613));
#2921 = CARTESIAN_POINT('',(161.06324361017,100.81450103076,
    82.869327600339));
#2922 = CARTESIAN_POINT('',(161.05353717754,100.8313145083,
    82.854800408187));
#2923 = CARTESIAN_POINT('',(161.04414429886,100.84757675048,
    82.839550495683));
#2924 = CARTESIAN_POINT('',(161.03505649171,100.86313483386,
    82.823529199241));
#2925 = CARTESIAN_POINT('',(161.02625373664,100.87783050964,
    82.806672569544));
#2926 = CARTESIAN_POINT('',(161.00638999378,100.90960032296,
    82.765375063588));
#2927 = CARTESIAN_POINT('',(160.99549493592,100.92594709248,
    82.740193555332));
#2928 = CARTESIAN_POINT('',(160.98516810042,100.9398152354,
    82.71360074696));
#2929 = CARTESIAN_POINT('',(160.9753866022,100.950816044,82.685783349142
    ));
#2930 = CARTESIAN_POINT('',(160.96610206066,100.95886938748,
    82.656955443812));
#2931 = CARTESIAN_POINT('',(160.9573168122,100.96415530179,
    82.627470875741));
#2932 = CARTESIAN_POINT('',(160.93642989601,100.9715060631,
    82.552550472294));
#2933 = CARTESIAN_POINT('',(160.92506062946,100.97031424176,
    82.506969162575));
#2934 = CARTESIAN_POINT('',(160.91461023705,100.96501417329,
    82.461355658443));
#2935 = CARTESIAN_POINT('',(160.90503408538,100.95685222428,
    82.416065795043));
#2936 = CARTESIAN_POINT('',(160.89627522895,100.94671400413,
    82.371365868809));
#2937 = CARTESIAN_POINT('',(160.88824081288,100.93511671344,
    82.327151137789));
#2938 = CARTESIAN_POINT('',(160.88081793632,100.92220486988,
    82.282810645168));
#2939 = ORIENTED_EDGE('',*,*,#2940,.F.);
#2940 = EDGE_CURVE('',#2941,#2892,#2943,.T.);
#2941 = VERTEX_POINT('',#2942);
#2942 = CARTESIAN_POINT('',(162.63456531439,102.31003164221,
    84.684093268827));
#2943 = B_SPLINE_CURVE_WITH_KNOTS('',8,(#2944,#2945,#2946,#2947,#2948,
    #2949,#2950,#2951,#2952,#2953,#2954,#2955,#2956,#2957,#2958,#2959,
    #2960,#2961,#2962,#2963,#2964,#2965,#2966,#2967,#2968,#2969,#2970,
    #2971,#2972,#2973,#2974,#2975,#2976,#2977,#2978,#2979,#2980,#2981,
    #2982,#2983,#2984,#2985,#2986,#2987,#2988,#2989,#2990,#2991,#2992,
    #2993,#2994,#2995,#2996,#2997,#2998,#2999,#3000,#3001,#3002,#3003,
    #3004,#3005,#3006,#3007,#3008,#3009,#3010,#3011,#3012,#3013,#3014,
    #3015,#3016,#3017,#3018,#3019,#3020,#3021,#3022,#3023,#3024,#3025,
    #3026,#3027,#3028,#3029),.UNSPECIFIED.,.F.,.F.,(9,7,7,7,7,7,7,7,7,7,
    7,7,9),(0.,8.504544295407E-02,0.174120642422,0.354690462733,
    0.409891100429,0.52910731556,0.579839740424,0.591977206796,
    0.612999279644,0.637013621314,0.750895060999,0.847901064543,1.),
  .UNSPECIFIED.);
#2944 = CARTESIAN_POINT('',(162.63456531439,102.31003164222,
    84.68409326883));
#2945 = CARTESIAN_POINT('',(162.68934125595,102.31281048005,
    84.685985243528));
#2946 = CARTESIAN_POINT('',(162.74491090581,102.3133094369,
    84.683100593185));
#2947 = CARTESIAN_POINT('',(162.80023133739,102.31119112788,
    84.674842227036));
#2948 = CARTESIAN_POINT('',(162.8543688327,102.30629941603,
    84.660986210858));
#2949 = CARTESIAN_POINT('',(162.90650223379,102.29866192149,
    84.641680523055));
#2950 = CARTESIAN_POINT('',(162.95592482967,102.28849275705,
    84.617444177966));
#2951 = CARTESIAN_POINT('',(163.00204477863,102.27619548982,
    84.589166716406));
#2952 = CARTESIAN_POINT('',(163.08872953982,102.24788189393,
    84.525577740658));
#2953 = CARTESIAN_POINT('',(163.12924979276,102.2316114513,
    84.489759515934));
#2954 = CARTESIAN_POINT('',(163.16619674398,102.21389964983,
    84.451355034799));
#2955 = CARTESIAN_POINT('',(163.19983361049,102.19504089812,
    84.410956783368));
#2956 = CARTESIAN_POINT('',(163.23042607191,102.17527989366,
    84.369051810675));
#2957 = CARTESIAN_POINT('',(163.2582347066,102.1548120345,
    84.326024990427));
#2958 = CARTESIAN_POINT('',(163.28350869906,102.13378371404,
    84.282161822157));
#2959 = CARTESIAN_POINT('',(163.35304901683,102.06872633356,
    84.147419681434));
#2960 = CARTESIAN_POINT('',(163.39073152957,102.02272174943,
    84.053415032756));
#2961 = CARTESIAN_POINT('',(163.42074684542,101.97529893796,
    83.957696174675));
#2962 = CARTESIAN_POINT('',(163.44424117374,101.92713584024,
    83.861613681456));
#2963 = CARTESIAN_POINT('',(163.46222060469,101.87856097044,
    83.765859951022));
#2964 = CARTESIAN_POINT('',(163.47549505323,101.82957780822,
    83.67051432224));
#2965 = CARTESIAN_POINT('',(163.48462847717,101.77986915485,
    83.575119098073));
#2966 = CARTESIAN_POINT('',(163.49149827655,101.71309643588,
    83.449384865422));
#2967 = CARTESIAN_POINT('',(163.49273811326,101.69739459578,
    83.419985624094));
#2968 = CARTESIAN_POINT('',(163.4936207611,101.68162075601,83.3906299651
    ));
#2969 = CARTESIAN_POINT('',(163.49415653001,101.6657708746,
    83.361323376236));
#2970 = CARTESIAN_POINT('',(163.49435478759,101.64984016287,
    83.332072173326));
#2971 = CARTESIAN_POINT('',(163.49422409884,101.63382280925,
    83.302883668026));
#2972 = CARTESIAN_POINT('',(163.49377236573,101.61771170313,
    83.273766335622));
#2973 = CARTESIAN_POINT('',(163.49135394336,101.5664819436,
    83.182020488414));
#2974 = CARTESIAN_POINT('',(163.48827963406,101.53186532006,
    83.121261246305));
#2975 = CARTESIAN_POINT('',(163.48395136333,101.49690428132,
    83.061263747314));
#2976 = CARTESIAN_POINT('',(163.47835551258,101.4609420009,
    83.001201834183));
#2977 = CARTESIAN_POINT('',(163.47140768275,101.42359415091,
    82.940953587385));
#2978 = CARTESIAN_POINT('',(163.46311154159,101.38474466857,
    82.881200729753));
#2979 = CARTESIAN_POINT('',(163.4536464407,101.344406171,82.823293294427
    ));
#2980 = CARTESIAN_POINT('',(163.43884559488,101.28466572698,
    82.745734846117));
#2981 = CARTESIAN_POINT('',(163.43422978762,101.26642226409,
    82.723052592395));
#2982 = CARTESIAN_POINT('',(163.42940056811,101.24762879792,
    82.700819633437));
#2983 = CARTESIAN_POINT('',(163.42434782011,101.22817237155,
    82.679109033272));
#2984 = CARTESIAN_POINT('',(163.41906935745,101.20795046544,
    82.65807191623));
#2985 = CARTESIAN_POINT('',(163.41356739484,101.18685540791,
    82.6379220305));
#2986 = CARTESIAN_POINT('',(163.40783934091,101.16475983343,
    82.618920784957));
#2987 = CARTESIAN_POINT('',(163.40043308432,101.13593915837,
    82.597162093768));
#2988 = CARTESIAN_POINT('',(163.39898929288,101.13030975426,
    82.59304472433));
#2989 = CARTESIAN_POINT('',(163.39753143227,101.12461346011,
    82.589015314188));
#2990 = CARTESIAN_POINT('',(163.39605939276,101.11884903694,
    82.585078621504));
#2991 = CARTESIAN_POINT('',(163.39457306155,101.11301552297,
    82.581239499359));
#2992 = CARTESIAN_POINT('',(163.39307232278,101.1071122336,
    82.577502895757));
#2993 = CARTESIAN_POINT('',(163.39155705753,101.10113876141,
    82.573873853621));
#2994 = CARTESIAN_POINT('',(163.38737733564,101.08462714954,
    82.5642672105));
#2995 = CARTESIAN_POINT('',(163.384679907,101.07393420447,
    82.558506341759));
#2996 = CARTESIAN_POINT('',(163.38193737746,101.0630278201,
    82.553110397472));
#2997 = CARTESIAN_POINT('',(163.37915102205,101.05191950871,
    82.548108686947));
#2998 = CARTESIAN_POINT('',(163.37632087127,101.04062061576,
    82.543524335904));
#2999 = CARTESIAN_POINT('',(163.37344571104,101.02914231984,
    82.539374286473));
#3000 = CARTESIAN_POINT('',(163.37052308275,101.0174956327,
    82.535669297194));
#3001 = CARTESIAN_POINT('',(163.36415219495,100.99220695847,
    82.528695223744));
#3002 = CARTESIAN_POINT('',(163.36069730551,100.97855271945,
    82.525573066007));
#3003 = CARTESIAN_POINT('',(163.35717951138,100.96474469174,
    82.523049490664));
#3004 = CARTESIAN_POINT('',(163.35359359328,100.95080654937,
    82.521118406674));
#3005 = CARTESIAN_POINT('',(163.34993519539,100.93676946499,
    82.519765560328));
#3006 = CARTESIAN_POINT('',(163.34620180451,100.92267194414,
    82.518968484473));
#3007 = CARTESIAN_POINT('',(163.34239372925,100.90855965952,
    82.518696447741));
#3008 = CARTESIAN_POINT('',(163.32012164354,100.8277414186,
    82.51992503169));
#3009 = CARTESIAN_POINT('',(163.29998438292,100.76127911964,
    82.531881135829));
#3010 = CARTESIAN_POINT('',(163.27713083918,100.69569138849,
    82.551099691211));
#3011 = CARTESIAN_POINT('',(163.25108432455,100.63261968415,
    82.574507204086));
#3012 = CARTESIAN_POINT('',(163.22227228037,100.57297620565,
    82.60013534483));
#3013 = CARTESIAN_POINT('',(163.19087380338,100.51653063857,
    82.627096727653));
#3014 = CARTESIAN_POINT('',(163.1563511477,100.46233460095,
    82.655346274681));
#3015 = CARTESIAN_POINT('',(163.08375735745,100.36420814293,
    82.710971231319));
#3016 = CARTESIAN_POINT('',(163.04782088626,100.32109723228,
    82.737202954911));
#3017 = CARTESIAN_POINT('',(163.00934162638,100.28018564127,
    82.763766945144));
#3018 = CARTESIAN_POINT('',(162.96835259273,100.24165064904,
    82.790417746651));
#3019 = CARTESIAN_POINT('',(162.92490780167,100.20566983627,
    82.816948347634));
#3020 = CARTESIAN_POINT('',(162.87907655429,100.17241948106,
    82.843170851603));
#3021 = CARTESIAN_POINT('',(162.83094271302,100.14207523552,
    82.868906484469));
#3022 = CARTESIAN_POINT('',(162.70168902659,100.07207298413,
    82.933306275822));
#3023 = CARTESIAN_POINT('',(162.6171831366,100.03681628295,
    82.971099648622));
#3024 = CARTESIAN_POINT('',(162.52790504279,100.01003873572,
    83.006461222973));
#3025 = CARTESIAN_POINT('',(162.434873842,99.992454177625,
    83.038602749498));
#3026 = CARTESIAN_POINT('',(162.33925226964,99.984489334322,
    83.066858201323));
#3027 = CARTESIAN_POINT('',(162.2422875823,99.986277599224,
    83.09069193015));
#3028 = CARTESIAN_POINT('',(162.14525504034,99.997653776485,
    83.109708338968));
#3029 = CARTESIAN_POINT('',(162.04940399035,100.01814978971,
    83.123663071377));
#3030 = ORIENTED_EDGE('',*,*,#3031,.F.);
#3031 = EDGE_CURVE('',#3032,#2941,#3034,.T.);
#3032 = VERTEX_POINT('',#3033);
#3033 = CARTESIAN_POINT('',(161.48973229684,102.31892909742,
    82.192399209474));
#3034 = B_SPLINE_CURVE_WITH_KNOTS('',8,(#3035,#3036,#3037,#3038,#3039,
    #3040,#3041,#3042,#3043,#3044,#3045,#3046,#3047,#3048,#3049,#3050,
    #3051,#3052,#3053,#3054,#3055,#3056,#3057,#3058,#3059,#3060,#3061,
    #3062,#3063,#3064,#3065,#3066,#3067,#3068,#3069,#3070,#3071,#3072,
    #3073,#3074,#3075,#3076,#3077,#3078,#3079,#3080,#3081,#3082,#3083,
    #3084,#3085,#3086,#3087,#3088,#3089,#3090,#3091,#3092,#3093,#3094,
    #3095,#3096,#3097,#3098,#3099),.UNSPECIFIED.,.F.,.F.,(9,7,7,7,7,7,7,
    7,7,9),(0.,0.10741621975,0.236340528099,0.25590499234,0.320924707691
    ,0.410566011864,0.55414368606,0.84817648461,0.942921367074,1.),
  .UNSPECIFIED.);
#3035 = CARTESIAN_POINT('',(161.48973362978,102.3189299024,
    82.19239827229));
#3036 = CARTESIAN_POINT('',(161.45111123833,102.29560529812,
    82.2195536567));
#3037 = CARTESIAN_POINT('',(161.41423007589,102.27035888243,
    82.247327330551));
#3038 = CARTESIAN_POINT('',(161.37915373585,102.24332514913,
    82.275669610909));
#3039 = CARTESIAN_POINT('',(161.34594144348,102.21464277245,
    82.304539721483));
#3040 = CARTESIAN_POINT('',(161.31465017464,102.18445642609,
    82.333904283099));
#3041 = CARTESIAN_POINT('',(161.28533684368,102.15292174137,
    82.363739728774));
#3042 = CARTESIAN_POINT('',(161.25806056028,102.12021340457,
    82.394038643373));
#3043 = CARTESIAN_POINT('',(161.20266840687,102.04611619051,
    82.461764808787));
#3044 = CARTESIAN_POINT('',(161.17603617782,102.00504735392,
    82.498722354312));
#3045 = CARTESIAN_POINT('',(161.15236874516,101.96305945573,
    82.536335807246));
#3046 = CARTESIAN_POINT('',(161.13153257065,101.9200060588,
    82.575139225373));
#3047 = CARTESIAN_POINT('',(161.11378376728,101.87614727749,
    82.615506109922));
#3048 = CARTESIAN_POINT('',(161.09967387511,101.83242781961,
    82.657597761546));
#3049 = CARTESIAN_POINT('',(161.08967130906,101.79064082863,
    82.701647611261));
#3050 = CARTESIAN_POINT('',(161.08336662728,101.74707935882,
    82.755438729324));
#3051 = CARTESIAN_POINT('',(161.08263883337,101.74142123019,
    82.76259941484));
#3052 = CARTESIAN_POINT('',(161.08201626612,101.73585435406,
    82.769833585475));
#3053 = CARTESIAN_POINT('',(161.08150107581,101.73038831121,
    82.777141888847));
#3054 = CARTESIAN_POINT('',(161.08109522964,101.72503241913,
    82.784525453723));
#3055 = CARTESIAN_POINT('',(161.08080051169,101.71979573203,
    82.79198589002));
#3056 = CARTESIAN_POINT('',(161.08061852295,101.71468704083,
    82.799525288809));
#3057 = CARTESIAN_POINT('',(161.08032521926,101.69319058084,
    82.832473311304));
#3058 = CARTESIAN_POINT('',(161.08136001585,101.67810051212,
    82.858813541696));
#3059 = CARTESIAN_POINT('',(161.08373215067,101.6650050593,
    82.885928054941));
#3060 = CARTESIAN_POINT('',(161.0874115284,101.65425418828,
    82.913680894801));
#3061 = CARTESIAN_POINT('',(161.09230543383,101.64599320173,
    82.941952342914));
#3062 = CARTESIAN_POINT('',(161.0982755473,101.6401780327,
    82.970558400471));
#3063 = CARTESIAN_POINT('',(161.10512742088,101.6366000687,
    82.999176415995));
#3064 = CARTESIAN_POINT('',(161.12283667058,101.63260492909,
    83.066018345061));
#3065 = CARTESIAN_POINT('',(161.13436523905,101.63386629598,
    83.104291545328));
#3066 = CARTESIAN_POINT('',(161.14684393676,101.63789485526,
    83.142119889104));
#3067 = CARTESIAN_POINT('',(161.16004005312,101.64399532582,
    83.17939137392));
#3068 = CARTESIAN_POINT('',(161.1737728559,101.65162026607,
    83.215998512027));
#3069 = CARTESIAN_POINT('',(161.18793141173,101.66038288125,
    83.251939246731));
#3070 = CARTESIAN_POINT('',(161.20251185244,101.67005860695,
    83.28738266887));
#3071 = CARTESIAN_POINT('',(161.24188679577,101.69744452747,
    83.379276203668));
#3072 = CARTESIAN_POINT('',(161.26764762579,101.71655537684,
    83.435765294924));
#3073 = CARTESIAN_POINT('',(161.29457993216,101.73705416578,
    83.491572181284));
#3074 = CARTESIAN_POINT('',(161.32240032913,101.75829698692,
    83.54626278883));
#3075 = CARTESIAN_POINT('',(161.3509608051,101.7799214877,
    83.599725269171));
#3076 = CARTESIAN_POINT('',(161.38032605149,101.80182762419,
    83.652204062557));
#3077 = CARTESIAN_POINT('',(161.41080492908,101.82410585424,
    83.704215854361));
#3078 = CARTESIAN_POINT('',(161.50857528779,101.89370732956,
    83.863124990322));
#3079 = CARTESIAN_POINT('',(161.5778170473,101.94056227108,
    83.965292262768));
#3080 = CARTESIAN_POINT('',(161.65147925733,101.98715530137,
    84.064317775431));
#3081 = CARTESIAN_POINT('',(161.73063947489,102.03358716549,
    84.160772922119));
#3082 = CARTESIAN_POINT('',(161.81627302192,102.07945047047,
    84.254277627283));
#3083 = CARTESIAN_POINT('',(161.90908221465,102.12399470572,
    84.343371019883));
#3084 = CARTESIAN_POINT('',(162.00942322353,102.1659366631,
    84.425589659135));
#3085 = CARTESIAN_POINT('',(162.15172906287,102.2155510806,
    84.520487203823));
#3086 = CARTESIAN_POINT('',(162.18731037896,102.22723383529,
    84.542625717713));
#3087 = CARTESIAN_POINT('',(162.22386871511,102.23846610925,
    84.563689435688));
#3088 = CARTESIAN_POINT('',(162.26146327816,102.24918568879,
    84.583550437861));
#3089 = CARTESIAN_POINT('',(162.30013497234,102.25931022654,
    84.602040218218));
#3090 = CARTESIAN_POINT('',(162.33990443961,102.26873708928,
    84.618950182004));
#3091 = CARTESIAN_POINT('',(162.3807700999,102.27734320564,
    84.63403214312));
#3092 = CARTESIAN_POINT('',(162.4479704032,102.28958862713,
    84.654810539234));
#3093 = CARTESIAN_POINT('',(162.47365665346,102.29384843994,
    84.661864918948));
#3094 = CARTESIAN_POINT('',(162.49972934113,102.29772547832,
    84.668085665385));
#3095 = CARTESIAN_POINT('',(162.52615175103,102.30118119935,
    84.67339760763));
#3096 = CARTESIAN_POINT('',(162.55288605383,102.30417739126,
    84.677726699123));
#3097 = CARTESIAN_POINT('',(162.57989330607,102.30667617346,
    84.681000017658));
#3098 = CARTESIAN_POINT('',(162.60713345017,102.30863999654,
    84.683145765391));
#3099 = CARTESIAN_POINT('',(162.63456531439,102.31003164222,
    84.68409326883));
#3100 = ORIENTED_EDGE('',*,*,#3101,.F.);
#3101 = EDGE_CURVE('',#2875,#3032,#3102,.T.);
#3102 = CIRCLE('',#3103,1.2);
#3103 = AXIS2_PLACEMENT_3D('',#3104,#3105,#3106);
#3104 = CARTESIAN_POINT('',(162.,101.25,82.));
#3105 = DIRECTION('',(-0.258492135331,5.024509283393E-02,-0.964705782412
    ));
#3106 = DIRECTION('',(-0.965925826289,0.,0.258819045103));
#3107 = ORIENTED_EDGE('',*,*,#2872,.F.);
#3108 = ORIENTED_EDGE('',*,*,#3109,.T.);
#3109 = EDGE_CURVE('',#2873,#2263,#3110,.T.);
#3110 = CIRCLE('',#3111,1.2);
#3111 = AXIS2_PLACEMENT_3D('',#3112,#3113,#3114);
#3112 = CARTESIAN_POINT('',(163.07179676972,101.04166666666,86.));
#3113 = DIRECTION('',(-0.258492135331,5.024509283393E-02,-0.964705782412
    ));
#3114 = DIRECTION('',(-0.965925826289,0.,0.258819045103));
#3115 = ORIENTED_EDGE('',*,*,#2305,.T.);
#3116 = ORIENTED_EDGE('',*,*,#3117,.T.);
#3117 = EDGE_CURVE('',#2297,#2873,#3118,.T.);
#3118 = CIRCLE('',#3119,1.2);
#3119 = AXIS2_PLACEMENT_3D('',#3120,#3121,#3122);
#3120 = CARTESIAN_POINT('',(163.07179676972,101.04166666666,86.));
#3121 = DIRECTION('',(-0.258492135331,5.024509283393E-02,-0.964705782412
    ));
#3122 = DIRECTION('',(-0.965925826289,0.,0.258819045103));
#3123 = CYLINDRICAL_SURFACE('',#3124,1.2);
#3124 = AXIS2_PLACEMENT_3D('',#3125,#3126,#3127);
#3125 = CARTESIAN_POINT('',(163.07179676972,101.04166666666,86.));
#3126 = DIRECTION('',(-0.258492135331,5.024509283393E-02,-0.964705782412
    ));
#3127 = DIRECTION('',(-0.965925826289,0.,0.258819045103));
#3128 = ADVANCED_FACE('',(#3129),#3134,.F.);
#3129 = FACE_BOUND('',#3130,.F.);
#3130 = EDGE_LOOP('',(#3131,#3132,#3133));
#3131 = ORIENTED_EDGE('',*,*,#2288,.T.);
#3132 = ORIENTED_EDGE('',*,*,#2279,.T.);
#3133 = ORIENTED_EDGE('',*,*,#2320,.T.);
#3134 = PLANE('',#3135);
#3135 = AXIS2_PLACEMENT_3D('',#3136,#3137,#3138);
#3136 = CARTESIAN_POINT('',(166.,100.83333333333,88.928203230276));
#3137 = DIRECTION('',(-0.706213647081,5.024509283394E-02,-0.706213647081
    ));
#3138 = DIRECTION('',(-0.707106781187,0.,0.707106781187));
#3139 = ADVANCED_FACE('',(#3140),#3144,.F.);
#3140 = FACE_BOUND('',#3141,.F.);
#3141 = EDGE_LOOP('',(#3142,#3143));
#3142 = ORIENTED_EDGE('',*,*,#2406,.T.);
#3143 = ORIENTED_EDGE('',*,*,#2391,.T.);
#3144 = PLANE('',#3145);
#3145 = AXIS2_PLACEMENT_3D('',#3146,#3147,#3148);
#3146 = CARTESIAN_POINT('',(174.,107.91666666666,88.928203230275));
#3147 = DIRECTION('',(-0.964705782412,5.024509283393E-02,0.258492135331)
  );
#3148 = DIRECTION('',(-0.258819045103,0.,-0.965925826289));
#3149 = ADVANCED_FACE('',(#3150),#3205,.T.);
#3150 = FACE_BOUND('',#3151,.T.);
#3151 = EDGE_LOOP('',(#3152,#3153,#3161,#3170,#3179,#3188,#3195,#3196,
    #3197,#3198));
#3152 = ORIENTED_EDGE('',*,*,#2363,.T.);
#3153 = ORIENTED_EDGE('',*,*,#3154,.T.);
#3154 = EDGE_CURVE('',#2355,#3155,#3157,.T.);
#3155 = VERTEX_POINT('',#3156);
#3156 = CARTESIAN_POINT('',(166.6203254776,108.31720090502,
    87.852087524552));
#3157 = LINE('',#3158,#3159);
#3158 = CARTESIAN_POINT('',(170.31058285412,108.125,88.840889008453));
#3159 = VECTOR('',#3160,1.);
#3160 = DIRECTION('',(-0.964705782412,5.024509283393E-02,-0.258492135331
    ));
#3161 = ORIENTED_EDGE('',*,*,#3162,.F.);
#3162 = EDGE_CURVE('',#3163,#3155,#3165,.T.);
#3163 = VERTEX_POINT('',#3164);
#3164 = CARTESIAN_POINT('',(166.62178079976,108.34946576164,
    87.852927755192));
#3165 = ELLIPSE('',#3166,1.242218841831,1.2);
#3166 = AXIS2_PLACEMENT_3D('',#3167,#3168,#3169);
#3167 = CARTESIAN_POINT('',(166.,108.33333333333,88.928203230276));
#3168 = DIRECTION('',(-0.86485316604,5.201283418987E-02,-0.499323208223)
  );
#3169 = DIRECTION('',(-0.5,-7.768091725424E-15,0.866025403784));
#3170 = ORIENTED_EDGE('',*,*,#3171,.F.);
#3171 = EDGE_CURVE('',#3172,#3163,#3174,.T.);
#3172 = VERTEX_POINT('',#3173);
#3173 = CARTESIAN_POINT('',(166.05405332287,109.53170903306,
    88.959410930789));
#3174 = ELLIPSE('',#3175,1.242218841831,1.2);
#3175 = AXIS2_PLACEMENT_3D('',#3176,#3177,#3178);
#3176 = CARTESIAN_POINT('',(166.,108.33333333333,88.928203230276));
#3177 = DIRECTION('',(-0.86485316604,5.201283418987E-02,-0.499323208223)
  );
#3178 = DIRECTION('',(-0.5,-7.768091725424E-15,0.866025403784));
#3179 = ORIENTED_EDGE('',*,*,#3180,.F.);
#3180 = EDGE_CURVE('',#3181,#3172,#3183,.T.);
#3181 = VERTEX_POINT('',#3182);
#3182 = CARTESIAN_POINT('',(165.94594667712,107.13495763359,
    88.896995529762));
#3183 = CIRCLE('',#3184,1.2);
#3184 = AXIS2_PLACEMENT_3D('',#3185,#3186,#3187);
#3185 = CARTESIAN_POINT('',(166.,108.33333333333,88.928203230276));
#3186 = DIRECTION('',(-0.964705782412,5.024509283393E-02,-0.258492135331
    ));
#3187 = DIRECTION('',(0.258819045103,1.734723475977E-18,-0.965925826289)
  );
#3188 = ORIENTED_EDGE('',*,*,#3189,.F.);
#3189 = EDGE_CURVE('',#3155,#3181,#3190,.T.);
#3190 = ELLIPSE('',#3191,1.242218841831,1.2);
#3191 = AXIS2_PLACEMENT_3D('',#3192,#3193,#3194);
#3192 = CARTESIAN_POINT('',(166.,108.33333333333,88.928203230276));
#3193 = DIRECTION('',(-0.86485316604,5.201283418987E-02,-0.499323208223)
  );
#3194 = DIRECTION('',(-0.5,-7.768091725424E-15,0.866025403784));
#3195 = ORIENTED_EDGE('',*,*,#3154,.F.);
#3196 = ORIENTED_EDGE('',*,*,#2354,.T.);
#3197 = ORIENTED_EDGE('',*,*,#2381,.T.);
#3198 = ORIENTED_EDGE('',*,*,#3199,.T.);
#3199 = EDGE_CURVE('',#2373,#2364,#3200,.T.);
#3200 = CIRCLE('',#3201,1.2);
#3201 = AXIS2_PLACEMENT_3D('',#3202,#3203,#3204);
#3202 = CARTESIAN_POINT('',(170.,108.125,90.));
#3203 = DIRECTION('',(-0.964705782412,5.024509283393E-02,-0.258492135331
    ));
#3204 = DIRECTION('',(0.258819045103,1.734723475977E-18,-0.965925826289)
  );
#3205 = CYLINDRICAL_SURFACE('',#3206,1.2);
#3206 = AXIS2_PLACEMENT_3D('',#3207,#3208,#3209);
#3207 = CARTESIAN_POINT('',(170.,108.125,90.));
#3208 = DIRECTION('',(-0.964705782412,5.024509283393E-02,-0.258492135331
    ));
#3209 = DIRECTION('',(0.258819045103,1.734723475977E-18,-0.965925826289)
  );
#3210 = ADVANCED_FACE('',(#3211),#3220,.T.);
#3211 = FACE_BOUND('',#3212,.T.);
#3212 = EDGE_LOOP('',(#3213,#3219));
#3213 = ORIENTED_EDGE('',*,*,#3214,.T.);
#3214 = EDGE_CURVE('',#2364,#2373,#3215,.T.);
#3215 = LINE('',#3216,#3217);
#3216 = CARTESIAN_POINT('',(170.,108.125,90.));
#3217 = VECTOR('',#3218,1.);
#3218 = DIRECTION('',(-5.201283418987E-02,-0.998646416446,1.39E-15));
#3219 = ORIENTED_EDGE('',*,*,#2372,.T.);
#3220 = PLANE('',#3221);
#3221 = AXIS2_PLACEMENT_3D('',#3222,#3223,#3224);
#3222 = CARTESIAN_POINT('',(170.,108.125,90.));
#3223 = DIRECTION('',(-0.964705782412,5.024509283393E-02,0.258492135331)
  );
#3224 = DIRECTION('',(-0.258819045103,0.,-0.965925826289));
#3225 = ADVANCED_FACE('',(#3226),#3230,.F.);
#3226 = FACE_BOUND('',#3227,.F.);
#3227 = EDGE_LOOP('',(#3228,#3229));
#3228 = ORIENTED_EDGE('',*,*,#2434,.T.);
#3229 = ORIENTED_EDGE('',*,*,#2493,.T.);
#3230 = PLANE('',#3231);
#3231 = AXIS2_PLACEMENT_3D('',#3232,#3233,#3234);
#3232 = CARTESIAN_POINT('',(174.,105.41666666666,88.928203230276));
#3233 = DIRECTION('',(-0.964705782412,5.024509283393E-02,0.258492135331)
  );
#3234 = DIRECTION('',(-0.258819045103,1.734723475977E-18,-0.965925826289
    ));
#3235 = ADVANCED_FACE('',(#3236),#3282,.T.);
#3236 = FACE_BOUND('',#3237,.T.);
#3237 = EDGE_LOOP('',(#3238,#3239,#3247,#3256,#3265,#3272,#3273,#3274,
    #3275));
#3238 = ORIENTED_EDGE('',*,*,#2466,.T.);
#3239 = ORIENTED_EDGE('',*,*,#3240,.T.);
#3240 = EDGE_CURVE('',#2458,#3241,#3243,.T.);
#3241 = VERTEX_POINT('',#3242);
#3242 = CARTESIAN_POINT('',(166.62032547761,105.81720090502,
    87.852087524554));
#3243 = LINE('',#3244,#3245);
#3244 = CARTESIAN_POINT('',(170.31058285412,105.625,88.840889008453));
#3245 = VECTOR('',#3246,1.);
#3246 = DIRECTION('',(-0.964705782412,5.024509283393E-02,-0.258492135331
    ));
#3247 = ORIENTED_EDGE('',*,*,#3248,.F.);
#3248 = EDGE_CURVE('',#3249,#3241,#3251,.T.);
#3249 = VERTEX_POINT('',#3250);
#3250 = CARTESIAN_POINT('',(166.05405332287,107.03170903306,
    88.959410930789));
#3251 = ELLIPSE('',#3252,1.242218841831,1.2);
#3252 = AXIS2_PLACEMENT_3D('',#3253,#3254,#3255);
#3253 = CARTESIAN_POINT('',(166.,105.83333333333,88.928203230276));
#3254 = DIRECTION('',(-0.86485316604,5.201283418987E-02,-0.499323208223)
  );
#3255 = DIRECTION('',(-0.5,-6.654399253847E-15,0.866025403784));
#3256 = ORIENTED_EDGE('',*,*,#3257,.F.);
#3257 = EDGE_CURVE('',#3258,#3249,#3260,.T.);
#3258 = VERTEX_POINT('',#3259);
#3259 = CARTESIAN_POINT('',(165.94594667712,104.63495763359,
    88.896995529762));
#3260 = CIRCLE('',#3261,1.2);
#3261 = AXIS2_PLACEMENT_3D('',#3262,#3263,#3264);
#3262 = CARTESIAN_POINT('',(166.,105.83333333333,88.928203230276));
#3263 = DIRECTION('',(-0.964705782412,5.024509283393E-02,-0.258492135331
    ));
#3264 = DIRECTION('',(0.258819045103,0.,-0.965925826289));
#3265 = ORIENTED_EDGE('',*,*,#3266,.F.);
#3266 = EDGE_CURVE('',#3241,#3258,#3267,.T.);
#3267 = ELLIPSE('',#3268,1.242218841831,1.2);
#3268 = AXIS2_PLACEMENT_3D('',#3269,#3270,#3271);
#3269 = CARTESIAN_POINT('',(166.,105.83333333333,88.928203230276));
#3270 = DIRECTION('',(-0.86485316604,5.201283418987E-02,-0.499323208223)
  );
#3271 = DIRECTION('',(-0.5,-6.654399253847E-15,0.866025403784));
#3272 = ORIENTED_EDGE('',*,*,#3240,.F.);
#3273 = ORIENTED_EDGE('',*,*,#2457,.T.);
#3274 = ORIENTED_EDGE('',*,*,#2484,.T.);
#3275 = ORIENTED_EDGE('',*,*,#3276,.T.);
#3276 = EDGE_CURVE('',#2476,#2467,#3277,.T.);
#3277 = CIRCLE('',#3278,1.2);
#3278 = AXIS2_PLACEMENT_3D('',#3279,#3280,#3281);
#3279 = CARTESIAN_POINT('',(170.,105.625,90.));
#3280 = DIRECTION('',(-0.964705782412,5.024509283393E-02,-0.258492135331
    ));
#3281 = DIRECTION('',(0.258819045103,0.,-0.965925826289));
#3282 = CYLINDRICAL_SURFACE('',#3283,1.2);
#3283 = AXIS2_PLACEMENT_3D('',#3284,#3285,#3286);
#3284 = CARTESIAN_POINT('',(170.,105.625,90.));
#3285 = DIRECTION('',(-0.964705782412,5.024509283393E-02,-0.258492135331
    ));
#3286 = DIRECTION('',(0.258819045103,-1.734723475977E-18,-0.965925826289
    ));
#3287 = ADVANCED_FACE('',(#3288),#3297,.T.);
#3288 = FACE_BOUND('',#3289,.T.);
#3289 = EDGE_LOOP('',(#3290,#3296));
#3290 = ORIENTED_EDGE('',*,*,#3291,.T.);
#3291 = EDGE_CURVE('',#2467,#2476,#3292,.T.);
#3292 = LINE('',#3293,#3294);
#3293 = CARTESIAN_POINT('',(170.,105.625,90.));
#3294 = VECTOR('',#3295,1.);
#3295 = DIRECTION('',(-5.201283418987E-02,-0.998646416446,0.));
#3296 = ORIENTED_EDGE('',*,*,#2475,.T.);
#3297 = PLANE('',#3298);
#3298 = AXIS2_PLACEMENT_3D('',#3299,#3300,#3301);
#3299 = CARTESIAN_POINT('',(170.,105.625,90.));
#3300 = DIRECTION('',(-0.964705782412,5.024509283393E-02,0.258492135331)
  );
#3301 = DIRECTION('',(-0.258819045103,1.734723475977E-18,-0.965925826289
    ));
#3302 = ADVANCED_FACE('',(#3303),#3307,.F.);
#3303 = FACE_BOUND('',#3304,.F.);
#3304 = EDGE_LOOP('',(#3305,#3306));
#3305 = ORIENTED_EDGE('',*,*,#2521,.T.);
#3306 = ORIENTED_EDGE('',*,*,#2580,.T.);
#3307 = PLANE('',#3308);
#3308 = AXIS2_PLACEMENT_3D('',#3309,#3310,#3311);
#3309 = CARTESIAN_POINT('',(174.,102.91666666666,88.928203230275));
#3310 = DIRECTION('',(-0.964705782412,5.024509283393E-02,0.258492135331)
  );
#3311 = DIRECTION('',(-0.258819045103,0.,-0.965925826289));
#3312 = ADVANCED_FACE('',(#3313),#3359,.T.);
#3313 = FACE_BOUND('',#3314,.T.);
#3314 = EDGE_LOOP('',(#3315,#3316,#3324,#3333,#3342,#3349,#3350,#3351,
    #3352));
#3315 = ORIENTED_EDGE('',*,*,#2553,.T.);
#3316 = ORIENTED_EDGE('',*,*,#3317,.T.);
#3317 = EDGE_CURVE('',#2545,#3318,#3320,.T.);
#3318 = VERTEX_POINT('',#3319);
#3319 = CARTESIAN_POINT('',(166.6203254776,103.31720090502,
    87.852087524552));
#3320 = LINE('',#3321,#3322);
#3321 = CARTESIAN_POINT('',(170.31058285412,103.125,88.840889008453));
#3322 = VECTOR('',#3323,1.);
#3323 = DIRECTION('',(-0.964705782412,5.024509283393E-02,-0.258492135331
    ));
#3324 = ORIENTED_EDGE('',*,*,#3325,.F.);
#3325 = EDGE_CURVE('',#3326,#3318,#3328,.T.);
#3326 = VERTEX_POINT('',#3327);
#3327 = CARTESIAN_POINT('',(166.05405332287,104.53170903306,
    88.959410930789));
#3328 = ELLIPSE('',#3329,1.242218841831,1.2);
#3329 = AXIS2_PLACEMENT_3D('',#3330,#3331,#3332);
#3330 = CARTESIAN_POINT('',(166.,103.33333333333,88.928203230276));
#3331 = DIRECTION('',(-0.86485316604,5.201283418987E-02,-0.499323208223)
  );
#3332 = DIRECTION('',(-0.5,-6.654399253847E-15,0.866025403784));
#3333 = ORIENTED_EDGE('',*,*,#3334,.F.);
#3334 = EDGE_CURVE('',#3335,#3326,#3337,.T.);
#3335 = VERTEX_POINT('',#3336);
#3336 = CARTESIAN_POINT('',(165.94594667712,102.13495763359,
    88.896995529762));
#3337 = CIRCLE('',#3338,1.2);
#3338 = AXIS2_PLACEMENT_3D('',#3339,#3340,#3341);
#3339 = CARTESIAN_POINT('',(166.,103.33333333333,88.928203230276));
#3340 = DIRECTION('',(-0.964705782412,5.024509283393E-02,-0.258492135331
    ));
#3341 = DIRECTION('',(0.258819045103,0.,-0.965925826289));
#3342 = ORIENTED_EDGE('',*,*,#3343,.F.);
#3343 = EDGE_CURVE('',#3318,#3335,#3344,.T.);
#3344 = ELLIPSE('',#3345,1.242218841831,1.2);
#3345 = AXIS2_PLACEMENT_3D('',#3346,#3347,#3348);
#3346 = CARTESIAN_POINT('',(166.,103.33333333333,88.928203230276));
#3347 = DIRECTION('',(-0.86485316604,5.201283418987E-02,-0.499323208223)
  );
#3348 = DIRECTION('',(-0.5,-6.654399253847E-15,0.866025403784));
#3349 = ORIENTED_EDGE('',*,*,#3317,.F.);
#3350 = ORIENTED_EDGE('',*,*,#2544,.T.);
#3351 = ORIENTED_EDGE('',*,*,#2571,.T.);
#3352 = ORIENTED_EDGE('',*,*,#3353,.T.);
#3353 = EDGE_CURVE('',#2563,#2554,#3354,.T.);
#3354 = CIRCLE('',#3355,1.2);
#3355 = AXIS2_PLACEMENT_3D('',#3356,#3357,#3358);
#3356 = CARTESIAN_POINT('',(170.,103.125,90.));
#3357 = DIRECTION('',(-0.964705782412,5.024509283393E-02,-0.258492135331
    ));
#3358 = DIRECTION('',(0.258819045103,0.,-0.965925826289));
#3359 = CYLINDRICAL_SURFACE('',#3360,1.2);
#3360 = AXIS2_PLACEMENT_3D('',#3361,#3362,#3363);
#3361 = CARTESIAN_POINT('',(170.,103.125,90.));
#3362 = DIRECTION('',(-0.964705782412,5.024509283393E-02,-0.258492135331
    ));
#3363 = DIRECTION('',(0.258819045103,-1.734723475977E-18,-0.965925826289
    ));
#3364 = ADVANCED_FACE('',(#3365),#3374,.T.);
#3365 = FACE_BOUND('',#3366,.T.);
#3366 = EDGE_LOOP('',(#3367,#3373));
#3367 = ORIENTED_EDGE('',*,*,#3368,.T.);
#3368 = EDGE_CURVE('',#2554,#2563,#3369,.T.);
#3369 = LINE('',#3370,#3371);
#3370 = CARTESIAN_POINT('',(170.,103.125,90.));
#3371 = VECTOR('',#3372,1.);
#3372 = DIRECTION('',(-5.201283418987E-02,-0.998646416446,0.));
#3373 = ORIENTED_EDGE('',*,*,#2562,.T.);
#3374 = PLANE('',#3375);
#3375 = AXIS2_PLACEMENT_3D('',#3376,#3377,#3378);
#3376 = CARTESIAN_POINT('',(170.,103.125,90.));
#3377 = DIRECTION('',(-0.964705782412,5.024509283393E-02,0.258492135331)
  );
#3378 = DIRECTION('',(-0.258819045103,0.,-0.965925826289));
#3379 = ADVANCED_FACE('',(#3380),#3384,.T.);
#3380 = FACE_BOUND('',#3381,.T.);
#3381 = EDGE_LOOP('',(#3382,#3383));
#3382 = ORIENTED_EDGE('',*,*,#2608,.T.);
#3383 = ORIENTED_EDGE('',*,*,#2640,.T.);
#3384 = PLANE('',#3385);
#3385 = AXIS2_PLACEMENT_3D('',#3386,#3387,#3388);
#3386 = CARTESIAN_POINT('',(174.,104.58333333333,75.071796769724));
#3387 = DIRECTION('',(0.964705782412,5.024509283393E-02,0.258492135331)
  );
#3388 = DIRECTION('',(-0.258819045103,-1.734723475977E-18,0.965925826289
    ));
#3389 = ADVANCED_FACE('',(#3390),#3436,.T.);
#3390 = FACE_BOUND('',#3391,.T.);
#3391 = EDGE_LOOP('',(#3392,#3403,#3409,#3410,#3411,#3418,#3419,#3420,
    #3429));
#3392 = ORIENTED_EDGE('',*,*,#3393,.T.);
#3393 = EDGE_CURVE('',#3394,#3396,#3398,.T.);
#3394 = VERTEX_POINT('',#3395);
#3395 = CARTESIAN_POINT('',(165.94594667712,105.3650423664,
    75.103004470238));
#3396 = VERTEX_POINT('',#3397);
#3397 = CARTESIAN_POINT('',(166.62032547761,104.18279909497,
    76.147912475446));
#3398 = ELLIPSE('',#3399,1.242218841831,1.2);
#3399 = AXIS2_PLACEMENT_3D('',#3400,#3401,#3402);
#3400 = CARTESIAN_POINT('',(166.,104.16666666666,75.071796769724));
#3401 = DIRECTION('',(0.86485316604,5.201283418987E-02,-0.499323208223)
  );
#3402 = DIRECTION('',(-0.5,6.654399253847E-15,-0.866025403784));
#3403 = ORIENTED_EDGE('',*,*,#3404,.T.);
#3404 = EDGE_CURVE('',#3396,#2650,#3405,.T.);
#3405 = LINE('',#3406,#3407);
#3406 = CARTESIAN_POINT('',(166.31058285412,104.16666666666,
    76.230907761271));
#3407 = VECTOR('',#3408,1.);
#3408 = DIRECTION('',(0.964705782412,5.024509283393E-02,-0.258492135331)
  );
#3409 = ORIENTED_EDGE('',*,*,#2649,.F.);
#3410 = ORIENTED_EDGE('',*,*,#2622,.F.);
#3411 = ORIENTED_EDGE('',*,*,#3412,.F.);
#3412 = EDGE_CURVE('',#2659,#2623,#3413,.T.);
#3413 = CIRCLE('',#3414,1.2);
#3414 = AXIS2_PLACEMENT_3D('',#3415,#3416,#3417);
#3415 = CARTESIAN_POINT('',(170.,104.375,74.));
#3416 = DIRECTION('',(0.964705782412,5.024509283393E-02,-0.258492135331)
  );
#3417 = DIRECTION('',(0.258819045103,0.,0.965925826289));
#3418 = ORIENTED_EDGE('',*,*,#2658,.F.);
#3419 = ORIENTED_EDGE('',*,*,#3404,.F.);
#3420 = ORIENTED_EDGE('',*,*,#3421,.T.);
#3421 = EDGE_CURVE('',#3396,#3422,#3424,.T.);
#3422 = VERTEX_POINT('',#3423);
#3423 = CARTESIAN_POINT('',(166.05405332287,102.96829096693,
    75.040589069211));
#3424 = ELLIPSE('',#3425,1.242218841831,1.2);
#3425 = AXIS2_PLACEMENT_3D('',#3426,#3427,#3428);
#3426 = CARTESIAN_POINT('',(166.,104.16666666666,75.071796769724));
#3427 = DIRECTION('',(0.86485316604,5.201283418987E-02,-0.499323208223)
  );
#3428 = DIRECTION('',(-0.5,6.654399253847E-15,-0.866025403784));
#3429 = ORIENTED_EDGE('',*,*,#3430,.T.);
#3430 = EDGE_CURVE('',#3422,#3394,#3431,.T.);
#3431 = CIRCLE('',#3432,1.2);
#3432 = AXIS2_PLACEMENT_3D('',#3433,#3434,#3435);
#3433 = CARTESIAN_POINT('',(166.,104.16666666666,75.071796769724));
#3434 = DIRECTION('',(0.964705782412,5.024509283393E-02,-0.258492135331)
  );
#3435 = DIRECTION('',(0.258819045103,0.,0.965925826289));
#3436 = CYLINDRICAL_SURFACE('',#3437,1.2);
#3437 = AXIS2_PLACEMENT_3D('',#3438,#3439,#3440);
#3438 = CARTESIAN_POINT('',(166.,104.16666666666,75.071796769724));
#3439 = DIRECTION('',(0.964705782412,5.024509283393E-02,-0.258492135331)
  );
#3440 = DIRECTION('',(0.258819045103,1.734723475977E-18,0.965925826289)
  );
#3441 = ADVANCED_FACE('',(#3442),#3451,.F.);
#3442 = FACE_BOUND('',#3443,.F.);
#3443 = EDGE_LOOP('',(#3444,#3450));
#3444 = ORIENTED_EDGE('',*,*,#3445,.T.);
#3445 = EDGE_CURVE('',#2623,#2659,#3446,.T.);
#3446 = LINE('',#3447,#3448);
#3447 = CARTESIAN_POINT('',(170.,104.375,74.));
#3448 = VECTOR('',#3449,1.);
#3449 = DIRECTION('',(5.201283418987E-02,-0.998646416446,0.));
#3450 = ORIENTED_EDGE('',*,*,#2667,.T.);
#3451 = PLANE('',#3452);
#3452 = AXIS2_PLACEMENT_3D('',#3453,#3454,#3455);
#3453 = CARTESIAN_POINT('',(170.,104.375,74.));
#3454 = DIRECTION('',(0.964705782412,5.024509283393E-02,0.258492135331)
  );
#3455 = DIRECTION('',(-0.258819045103,-1.734723475977E-18,0.965925826289
    ));
#3456 = ADVANCED_FACE('',(#3457),#3461,.T.);
#3457 = FACE_BOUND('',#3458,.T.);
#3458 = EDGE_LOOP('',(#3459,#3460));
#3459 = ORIENTED_EDGE('',*,*,#2695,.T.);
#3460 = ORIENTED_EDGE('',*,*,#2727,.T.);
#3461 = PLANE('',#3462);
#3462 = AXIS2_PLACEMENT_3D('',#3463,#3464,#3465);
#3463 = CARTESIAN_POINT('',(174.,107.08333333333,75.071796769725));
#3464 = DIRECTION('',(0.964705782412,5.024509283393E-02,0.258492135331)
  );
#3465 = DIRECTION('',(-0.258819045103,0.,0.965925826289));
#3466 = ADVANCED_FACE('',(#3467),#3522,.T.);
#3467 = FACE_BOUND('',#3468,.T.);
#3468 = EDGE_LOOP('',(#3469,#3480,#3486,#3487,#3488,#3495,#3496,#3497,
    #3506,#3515));
#3469 = ORIENTED_EDGE('',*,*,#3470,.T.);
#3470 = EDGE_CURVE('',#3471,#3473,#3475,.T.);
#3471 = VERTEX_POINT('',#3472);
#3472 = CARTESIAN_POINT('',(165.94594667712,107.8650423664,
    75.103004470238));
#3473 = VERTEX_POINT('',#3474);
#3474 = CARTESIAN_POINT('',(166.62032547761,106.68279909497,
    76.147912475446));
#3475 = ELLIPSE('',#3476,1.242218841831,1.2);
#3476 = AXIS2_PLACEMENT_3D('',#3477,#3478,#3479);
#3477 = CARTESIAN_POINT('',(166.,106.66666666666,75.071796769725));
#3478 = DIRECTION('',(0.86485316604,5.201283418987E-02,-0.499323208223)
  );
#3479 = DIRECTION('',(-0.5,6.25194340742E-15,-0.866025403784));
#3480 = ORIENTED_EDGE('',*,*,#3481,.T.);
#3481 = EDGE_CURVE('',#3473,#2737,#3482,.T.);
#3482 = LINE('',#3483,#3484);
#3483 = CARTESIAN_POINT('',(166.31058285412,106.66666666666,
    76.230907761271));
#3484 = VECTOR('',#3485,1.);
#3485 = DIRECTION('',(0.964705782412,5.024509283393E-02,-0.258492135331)
  );
#3486 = ORIENTED_EDGE('',*,*,#2736,.F.);
#3487 = ORIENTED_EDGE('',*,*,#2709,.F.);
#3488 = ORIENTED_EDGE('',*,*,#3489,.F.);
#3489 = EDGE_CURVE('',#2746,#2710,#3490,.T.);
#3490 = CIRCLE('',#3491,1.2);
#3491 = AXIS2_PLACEMENT_3D('',#3492,#3493,#3494);
#3492 = CARTESIAN_POINT('',(170.,106.875,74.));
#3493 = DIRECTION('',(0.964705782412,5.024509283393E-02,-0.258492135331)
  );
#3494 = DIRECTION('',(0.258819045103,0.,0.965925826289));
#3495 = ORIENTED_EDGE('',*,*,#2745,.F.);
#3496 = ORIENTED_EDGE('',*,*,#3481,.F.);
#3497 = ORIENTED_EDGE('',*,*,#3498,.T.);
#3498 = EDGE_CURVE('',#3473,#3499,#3501,.T.);
#3499 = VERTEX_POINT('',#3500);
#3500 = CARTESIAN_POINT('',(166.62178079976,106.65053423836,
    76.147072244808));
#3501 = ELLIPSE('',#3502,1.242218841831,1.2);
#3502 = AXIS2_PLACEMENT_3D('',#3503,#3504,#3505);
#3503 = CARTESIAN_POINT('',(166.,106.66666666666,75.071796769725));
#3504 = DIRECTION('',(0.86485316604,5.201283418987E-02,-0.499323208223)
  );
#3505 = DIRECTION('',(-0.5,6.25194340742E-15,-0.866025403784));
#3506 = ORIENTED_EDGE('',*,*,#3507,.T.);
#3507 = EDGE_CURVE('',#3499,#3508,#3510,.T.);
#3508 = VERTEX_POINT('',#3509);
#3509 = CARTESIAN_POINT('',(166.05405332287,105.46829096693,
    75.040589069211));
#3510 = ELLIPSE('',#3511,1.242218841831,1.2);
#3511 = AXIS2_PLACEMENT_3D('',#3512,#3513,#3514);
#3512 = CARTESIAN_POINT('',(166.,106.66666666666,75.071796769725));
#3513 = DIRECTION('',(0.86485316604,5.201283418987E-02,-0.499323208223)
  );
#3514 = DIRECTION('',(-0.5,6.25194340742E-15,-0.866025403784));
#3515 = ORIENTED_EDGE('',*,*,#3516,.T.);
#3516 = EDGE_CURVE('',#3508,#3471,#3517,.T.);
#3517 = CIRCLE('',#3518,1.2);
#3518 = AXIS2_PLACEMENT_3D('',#3519,#3520,#3521);
#3519 = CARTESIAN_POINT('',(166.,106.66666666666,75.071796769725));
#3520 = DIRECTION('',(0.964705782412,5.024509283393E-02,-0.258492135331)
  );
#3521 = DIRECTION('',(0.258819045103,0.,0.965925826289));
#3522 = CYLINDRICAL_SURFACE('',#3523,1.2);
#3523 = AXIS2_PLACEMENT_3D('',#3524,#3525,#3526);
#3524 = CARTESIAN_POINT('',(166.,106.66666666666,75.071796769725));
#3525 = DIRECTION('',(0.964705782412,5.024509283393E-02,-0.258492135331)
  );
#3526 = DIRECTION('',(0.258819045103,0.,0.965925826289));
#3527 = ADVANCED_FACE('',(#3528),#3537,.F.);
#3528 = FACE_BOUND('',#3529,.F.);
#3529 = EDGE_LOOP('',(#3530,#3536));
#3530 = ORIENTED_EDGE('',*,*,#3531,.T.);
#3531 = EDGE_CURVE('',#2710,#2746,#3532,.T.);
#3532 = LINE('',#3533,#3534);
#3533 = CARTESIAN_POINT('',(170.,106.875,74.));
#3534 = VECTOR('',#3535,1.);
#3535 = DIRECTION('',(5.201283418987E-02,-0.998646416446,0.));
#3536 = ORIENTED_EDGE('',*,*,#2754,.T.);
#3537 = PLANE('',#3538);
#3538 = AXIS2_PLACEMENT_3D('',#3539,#3540,#3541);
#3539 = CARTESIAN_POINT('',(170.,106.875,74.));
#3540 = DIRECTION('',(0.964705782412,5.024509283393E-02,0.258492135331)
  );
#3541 = DIRECTION('',(-0.258819045103,0.,0.965925826289));
#3542 = ADVANCED_FACE('',(#3543),#3547,.T.);
#3543 = FACE_BOUND('',#3544,.T.);
#3544 = EDGE_LOOP('',(#3545,#3546));
#3545 = ORIENTED_EDGE('',*,*,#2782,.T.);
#3546 = ORIENTED_EDGE('',*,*,#2814,.T.);
#3547 = PLANE('',#3548);
#3548 = AXIS2_PLACEMENT_3D('',#3549,#3550,#3551);
#3549 = CARTESIAN_POINT('',(174.,102.08333333333,75.071796769724));
#3550 = DIRECTION('',(0.964705782412,5.024509283393E-02,0.258492135331)
  );
#3551 = DIRECTION('',(-0.258819045103,-1.734723475977E-18,0.965925826289
    ));
#3552 = ADVANCED_FACE('',(#3553),#3599,.T.);
#3553 = FACE_BOUND('',#3554,.T.);
#3554 = EDGE_LOOP('',(#3555,#3566,#3572,#3573,#3574,#3581,#3582,#3583,
    #3592));
#3555 = ORIENTED_EDGE('',*,*,#3556,.T.);
#3556 = EDGE_CURVE('',#3557,#3559,#3561,.T.);
#3557 = VERTEX_POINT('',#3558);
#3558 = CARTESIAN_POINT('',(165.94594667712,102.8650423664,
    75.103004470238));
#3559 = VERTEX_POINT('',#3560);
#3560 = CARTESIAN_POINT('',(166.62032547761,101.68279909497,
    76.147912475446));
#3561 = ELLIPSE('',#3562,1.242218841831,1.2);
#3562 = AXIS2_PLACEMENT_3D('',#3563,#3564,#3565);
#3563 = CARTESIAN_POINT('',(166.,101.66666666666,75.071796769725));
#3564 = DIRECTION('',(0.86485316604,5.201283418987E-02,-0.499323208223)
  );
#3565 = DIRECTION('',(-0.5,6.963180032571E-15,-0.866025403784));
#3566 = ORIENTED_EDGE('',*,*,#3567,.T.);
#3567 = EDGE_CURVE('',#3559,#2824,#3568,.T.);
#3568 = LINE('',#3569,#3570);
#3569 = CARTESIAN_POINT('',(166.31058285412,101.66666666666,
    76.230907761271));
#3570 = VECTOR('',#3571,1.);
#3571 = DIRECTION('',(0.964705782412,5.024509283393E-02,-0.258492135331)
  );
#3572 = ORIENTED_EDGE('',*,*,#2823,.F.);
#3573 = ORIENTED_EDGE('',*,*,#2796,.F.);
#3574 = ORIENTED_EDGE('',*,*,#3575,.F.);
#3575 = EDGE_CURVE('',#2833,#2797,#3576,.T.);
#3576 = CIRCLE('',#3577,1.2);
#3577 = AXIS2_PLACEMENT_3D('',#3578,#3579,#3580);
#3578 = CARTESIAN_POINT('',(170.,101.875,74.));
#3579 = DIRECTION('',(0.964705782412,5.024509283393E-02,-0.258492135331)
  );
#3580 = DIRECTION('',(0.258819045103,0.,0.965925826289));
#3581 = ORIENTED_EDGE('',*,*,#2832,.F.);
#3582 = ORIENTED_EDGE('',*,*,#3567,.F.);
#3583 = ORIENTED_EDGE('',*,*,#3584,.T.);
#3584 = EDGE_CURVE('',#3559,#3585,#3587,.T.);
#3585 = VERTEX_POINT('',#3586);
#3586 = CARTESIAN_POINT('',(166.05405332287,100.46829096693,
    75.040589069211));
#3587 = ELLIPSE('',#3588,1.242218841831,1.2);
#3588 = AXIS2_PLACEMENT_3D('',#3589,#3590,#3591);
#3589 = CARTESIAN_POINT('',(166.,101.66666666666,75.071796769725));
#3590 = DIRECTION('',(0.86485316604,5.201283418987E-02,-0.499323208223)
  );
#3591 = DIRECTION('',(-0.5,6.963180032571E-15,-0.866025403784));
#3592 = ORIENTED_EDGE('',*,*,#3593,.T.);
#3593 = EDGE_CURVE('',#3585,#3557,#3594,.T.);
#3594 = CIRCLE('',#3595,1.2);
#3595 = AXIS2_PLACEMENT_3D('',#3596,#3597,#3598);
#3596 = CARTESIAN_POINT('',(166.,101.66666666666,75.071796769725));
#3597 = DIRECTION('',(0.964705782412,5.024509283393E-02,-0.258492135331)
  );
#3598 = DIRECTION('',(0.258819045103,0.,0.965925826289));
#3599 = CYLINDRICAL_SURFACE('',#3600,1.2);
#3600 = AXIS2_PLACEMENT_3D('',#3601,#3602,#3603);
#3601 = CARTESIAN_POINT('',(166.,101.66666666666,75.071796769725));
#3602 = DIRECTION('',(0.964705782412,5.024509283393E-02,-0.258492135331)
  );
#3603 = DIRECTION('',(0.258819045103,0.,0.965925826289));
#3604 = ADVANCED_FACE('',(#3605),#3614,.F.);
#3605 = FACE_BOUND('',#3606,.F.);
#3606 = EDGE_LOOP('',(#3607,#3613));
#3607 = ORIENTED_EDGE('',*,*,#3608,.T.);
#3608 = EDGE_CURVE('',#2797,#2833,#3609,.T.);
#3609 = LINE('',#3610,#3611);
#3610 = CARTESIAN_POINT('',(170.,101.875,74.));
#3611 = VECTOR('',#3612,1.);
#3612 = DIRECTION('',(5.201283418987E-02,-0.998646416446,0.));
#3613 = ORIENTED_EDGE('',*,*,#2841,.T.);
#3614 = PLANE('',#3615);
#3615 = AXIS2_PLACEMENT_3D('',#3616,#3617,#3618);
#3616 = CARTESIAN_POINT('',(170.,101.875,74.));
#3617 = DIRECTION('',(0.964705782412,5.024509283393E-02,0.258492135331)
  );
#3618 = DIRECTION('',(-0.258819045103,-1.734723475977E-18,0.965925826289
    ));
#3619 = ADVANCED_FACE('',(#3620),#3625,.F.);
#3620 = FACE_BOUND('',#3621,.F.);
#3621 = EDGE_LOOP('',(#3622,#3623,#3624));
#3622 = ORIENTED_EDGE('',*,*,#3117,.T.);
#3623 = ORIENTED_EDGE('',*,*,#3109,.T.);
#3624 = ORIENTED_EDGE('',*,*,#2858,.T.);
#3625 = PLANE('',#3626);
#3626 = AXIS2_PLACEMENT_3D('',#3627,#3628,#3629);
#3627 = CARTESIAN_POINT('',(163.07179676972,101.04166666666,86.));
#3628 = DIRECTION('',(-0.258492135331,5.024509283393E-02,-0.964705782412
    ));
#3629 = DIRECTION('',(-0.965925826289,0.,0.258819045103));
#3630 = ADVANCED_FACE('',(#3631),#3642,.T.);
#3631 = FACE_BOUND('',#3632,.T.);
#3632 = EDGE_LOOP('',(#3633,#3640,#3641));
#3633 = ORIENTED_EDGE('',*,*,#3634,.F.);
#3634 = EDGE_CURVE('',#2883,#3032,#3635,.T.);
#3635 = ELLIPSE('',#3636,2.20601741169,1.2);
#3636 = AXIS2_PLACEMENT_3D('',#3637,#3638,#3639);
#3637 = CARTESIAN_POINT('',(161.98569465546,100.4439707339,
    81.961852414573));
#3638 = DIRECTION('',(-0.258492135331,5.024509283393E-02,-0.964705782412
    ));
#3639 = DIRECTION('',(7.852018741034E-02,0.996434819772,
    3.085822605697E-02));
#3640 = ORIENTED_EDGE('',*,*,#2882,.T.);
#3641 = ORIENTED_EDGE('',*,*,#3101,.T.);
#3642 = PLANE('',#3643);
#3643 = AXIS2_PLACEMENT_3D('',#3644,#3645,#3646);
#3644 = CARTESIAN_POINT('',(162.,101.25,82.));
#3645 = DIRECTION('',(-0.258492135331,5.024509283393E-02,-0.964705782412
    ));
#3646 = DIRECTION('',(-0.965925826289,0.,0.258819045103));
#3647 = ADVANCED_FACE('',(#3648,#4538),#4682,.T.);
#3648 = FACE_BOUND('',#3649,.T.);
#3649 = EDGE_LOOP('',(#3650,#3660,#3667,#3668,#3783,#3792,#3801,#3850,
    #3929,#3937,#4028,#4036,#4078,#4134,#4140,#4141,#4149,#4158,#4220,
    #4229,#4236,#4237,#4238,#4239,#4240,#4241,#4437,#4446,#4455,#4464,
    #4465,#4478,#4487,#4517,#4518));
#3650 = ORIENTED_EDGE('',*,*,#3651,.T.);
#3651 = EDGE_CURVE('',#3652,#3654,#3656,.T.);
#3652 = VERTEX_POINT('',#3653);
#3653 = CARTESIAN_POINT('',(164.17938303314,108.36056770731,
    88.803607185487));
#3654 = VERTEX_POINT('',#3655);
#3655 = CARTESIAN_POINT('',(168.,123.3246508275,98.991919097107));
#3656 = LINE('',#3657,#3658);
#3657 = CARTESIAN_POINT('',(162.,99.824650827502,82.991919097107));
#3658 = VECTOR('',#3659,1.);
#3659 = DIRECTION('',(0.206497936286,0.808783583786,0.550661163429));
#3660 = ORIENTED_EDGE('',*,*,#3661,.F.);
#3661 = EDGE_CURVE('',#3654,#3654,#3662,.T.);
#3662 = CIRCLE('',#3663,1.2);
#3663 = AXIS2_PLACEMENT_3D('',#3664,#3665,#3666);
#3664 = CARTESIAN_POINT('',(168.,124.,98.));
#3665 = DIRECTION('',(0.206497936286,0.808783583786,0.550661163429));
#3666 = DIRECTION('',(0.,-0.562790977082,0.826599247589));
#3667 = ORIENTED_EDGE('',*,*,#3651,.F.);
#3668 = ORIENTED_EDGE('',*,*,#3669,.F.);
#3669 = EDGE_CURVE('',#3670,#3652,#3672,.T.);
#3670 = VERTEX_POINT('',#3671);
#3671 = CARTESIAN_POINT('',(162.56743147,107.54273120523,86.433293882167
    ));
#3672 = B_SPLINE_CURVE_WITH_KNOTS('',7,(#3673,#3674,#3675,#3676,#3677,
    #3678,#3679,#3680,#3681,#3682,#3683,#3684,#3685,#3686,#3687,#3688,
    #3689,#3690,#3691,#3692,#3693,#3694,#3695,#3696,#3697,#3698,#3699,
    #3700,#3701,#3702,#3703,#3704,#3705,#3706,#3707,#3708,#3709,#3710,
    #3711,#3712,#3713,#3714,#3715,#3716,#3717,#3718,#3719,#3720,#3721,
    #3722,#3723,#3724,#3725,#3726,#3727,#3728,#3729,#3730,#3731,#3732,
    #3733,#3734,#3735,#3736,#3737,#3738,#3739,#3740,#3741,#3742,#3743,
    #3744,#3745,#3746,#3747,#3748,#3749,#3750,#3751,#3752,#3753,#3754,
    #3755,#3756,#3757,#3758,#3759,#3760,#3761,#3762,#3763,#3764,#3765,
    #3766,#3767,#3768,#3769,#3770,#3771,#3772,#3773,#3774,#3775,#3776,
    #3777,#3778,#3779,#3780,#3781,#3782),.UNSPECIFIED.,.F.,.F.,(8,6,6,6,
    6,6,6,6,6,6,6,6,6,6,6,6,6,6,8),(0.,3.939843473449E-02,0.117412746597
    ,0.136003247965,0.168139999469,0.204180742661,0.25278516614,
    0.291893870539,0.337492635251,0.382022847233,0.421377291649,
    0.470468130058,0.537997756954,0.635275871422,0.742941849164,
    0.794004087875,0.839991380486,0.930166619883,1.),.UNSPECIFIED.);
#3673 = CARTESIAN_POINT('',(162.56743142503,107.5427306784,
    86.433292615249));
#3674 = CARTESIAN_POINT('',(162.56897106575,107.56077223523,
    86.476678709137));
#3675 = CARTESIAN_POINT('',(162.57152499528,107.57958251914,
    86.51962472054));
#3676 = CARTESIAN_POINT('',(162.57499062507,107.59913586166,
    86.56209545709));
#3677 = CARTESIAN_POINT('',(162.57927760284,107.61941800678,
    86.604062552466));
#3678 = CARTESIAN_POINT('',(162.58430600706,107.64042786338,
    86.645503114027));
#3679 = CARTESIAN_POINT('',(162.59000454151,107.66217925769,
    86.686398370455));
#3680 = CARTESIAN_POINT('',(162.60879188824,107.72930216662,
    86.806599077849));
#3681 = CARTESIAN_POINT('',(162.62359974808,107.77675002421,
    86.883943774408));
#3682 = CARTESIAN_POINT('',(162.64023034888,107.82735153237,
    86.958865405953));
#3683 = CARTESIAN_POINT('',(162.6582888573,107.88153033076,
    87.03112499343));
#3684 = CARTESIAN_POINT('',(162.67730847151,107.93973992221,
    87.100036440745));
#3685 = CARTESIAN_POINT('',(162.6966882547,108.00251451389,
    87.16453477135));
#3686 = CARTESIAN_POINT('',(162.72065111692,108.08680624942,
    87.237291693018));
#3687 = CARTESIAN_POINT('',(162.72526170041,108.10333028978,
    87.250968785826));
#3688 = CARTESIAN_POINT('',(162.72986370142,108.12015978377,
    87.26429705976));
#3689 = CARTESIAN_POINT('',(162.73445077128,108.13729801079,
    87.277252681611));
#3690 = CARTESIAN_POINT('',(162.73901799739,108.15474912719,
    87.289812651713));
#3691 = CARTESIAN_POINT('',(162.74356190321,108.17251816629,
    87.30195480394));
#3692 = CARTESIAN_POINT('',(162.75589149962,108.22188755558,
    87.333888376814));
#3693 = CARTESIAN_POINT('',(162.76363807495,108.25417388966,
    87.352833603529));
#3694 = CARTESIAN_POINT('',(162.77128599615,108.28740938113,
    87.370314906705));
#3695 = CARTESIAN_POINT('',(162.77882586777,108.32153907497,
    87.386191248676));
#3696 = CARTESIAN_POINT('',(162.78627266215,108.35650683963,
    87.4003560068));
#3697 = CARTESIAN_POINT('',(162.79366530453,108.39224848611,
    87.412733846986));
#3698 = CARTESIAN_POINT('',(162.80936628408,108.46954760345,
    87.435102208524));
#3699 = CARTESIAN_POINT('',(162.8176514644,108.51116162583,
    87.444584776738));
#3700 = CARTESIAN_POINT('',(162.82600913514,108.55341241104,
    87.451686162673));
#3701 = CARTESIAN_POINT('',(162.83455450673,108.59615320508,
    87.456409578043));
#3702 = CARTESIAN_POINT('',(162.84342006365,108.63919636453,
    87.458803105453));
#3703 = CARTESIAN_POINT('',(162.85273531977,108.68230896023,
    87.458963206009));
#3704 = CARTESIAN_POINT('',(162.87589626212,108.7830724509,
    87.454444526203));
#3705 = CARTESIAN_POINT('',(162.89021252676,108.84065355239,
    87.44805493558));
#3706 = CARTESIAN_POINT('',(162.90588453799,108.89768431064,
    87.438194713625));
#3707 = CARTESIAN_POINT('',(162.92322316497,108.95386271133,
    87.425200276502));
#3708 = CARTESIAN_POINT('',(162.9424846387,109.00887776608,
    87.409411462952));
#3709 = CARTESIAN_POINT('',(162.96386316051,109.06242766693,
    87.391164452048));
#3710 = CARTESIAN_POINT('',(163.00652404605,109.15592034989,
    87.354389412749));
#3711 = CARTESIAN_POINT('',(163.02702776646,109.19651838728,
    87.336596609535));
#3712 = CARTESIAN_POINT('',(163.04909425111,109.23588014817,
    87.317573581081));
#3713 = CARTESIAN_POINT('',(163.07278270092,109.27386547836,
    87.297482768394));
#3714 = CARTESIAN_POINT('',(163.09813318203,109.31034330147,
    87.276483841378));
#3715 = CARTESIAN_POINT('',(163.12516856821,109.34519217509,
    87.254734156101));
#3716 = CARTESIAN_POINT('',(163.18739177459,109.41690387829,
    87.206336141223));
#3717 = CARTESIAN_POINT('',(163.22319204505,109.45314584893,
    87.179470674513));
#3718 = CARTESIAN_POINT('',(163.26127045447,109.48680338202,
    87.152070771026));
#3719 = CARTESIAN_POINT('',(163.30155860995,109.5176918762,
    87.124414491896));
#3720 = CARTESIAN_POINT('',(163.34395088464,109.54566794281,
    87.096777436228));
#3721 = CARTESIAN_POINT('',(163.38830873641,109.57063184318,
    87.069430177025));
#3722 = CARTESIAN_POINT('',(163.47953969894,109.61391485286,
    87.016469113927));
#3723 = CARTESIAN_POINT('',(163.52630150032,109.63236270232,
    86.990846076776));
#3724 = CARTESIAN_POINT('',(163.57459065223,109.64783024459,
    86.966010375301));
#3725 = CARTESIAN_POINT('',(163.62422396725,109.66031747993,
    86.942197242225));
#3726 = CARTESIAN_POINT('',(163.67499898233,109.66986929971,
    86.919631155738));
#3727 = CARTESIAN_POINT('',(163.72669809201,109.67657714759,
    86.898523641874));
#3728 = CARTESIAN_POINT('',(163.82539742359,109.68411888158,
    86.861879492722));
#3729 = CARTESIAN_POINT('',(163.87224858124,109.68554515882,
    86.845979287802));
#3730 = CARTESIAN_POINT('',(163.91952919998,109.68495836764,
    86.8314907842));
#3731 = CARTESIAN_POINT('',(163.96712096735,109.68247598737,
    86.81853085074));
#3732 = CARTESIAN_POINT('',(164.01490565203,109.67823566674,
    86.807213188223));
#3733 = CARTESIAN_POINT('',(164.06276654261,109.67239676891,
    86.797648614664));
#3734 = CARTESIAN_POINT('',(164.17024485254,109.65609219451,
    86.78033627836));
#3735 = CARTESIAN_POINT('',(164.22991040351,109.64482864586,
    86.773612181671));
#3736 = CARTESIAN_POINT('',(164.28936949604,109.63169575502,
    86.769994310347));
#3737 = CARTESIAN_POINT('',(164.348408265,109.61709539177,
    86.769698994956));
#3738 = CARTESIAN_POINT('',(164.40683627952,109.60148941719,
    86.772934480726));
#3739 = CARTESIAN_POINT('',(164.46449979753,109.58538299638,
    86.779900071746));
#3740 = CARTESIAN_POINT('',(164.59940620862,109.54714910311,
    86.80576450891));
#3741 = CARTESIAN_POINT('',(164.67632689569,109.52490269763,
    86.828250822419));
#3742 = CARTESIAN_POINT('',(164.75038303647,109.50426063095,
    86.858644413137));
#3743 = CARTESIAN_POINT('',(164.82082460627,109.48686882792,
    86.896694975216));
#3744 = CARTESIAN_POINT('',(164.88738209781,109.4736332372,
    86.941753829272));
#3745 = CARTESIAN_POINT('',(164.94979033387,109.46464958387,
    86.992764487361));
#3746 = CARTESIAN_POINT('',(165.09093032506,109.45204824525,
    87.127490380829));
#3747 = CARTESIAN_POINT('',(165.16443581627,109.45256396393,
    87.215419882535));
#3748 = CARTESIAN_POINT('',(165.23016763498,109.45934173344,
    87.309430566046));
#3749 = CARTESIAN_POINT('',(165.28884209324,109.47005966018,
    87.407735105468));
#3750 = CARTESIAN_POINT('',(165.34091666748,109.4830151532,
    87.509023973003));
#3751 = CARTESIAN_POINT('',(165.38678879016,109.49699635663,
    87.612860590522));
#3752 = CARTESIAN_POINT('',(165.47033816909,109.52640947925,
    87.837776063215));
#3753 = CARTESIAN_POINT('',(165.50571114801,109.54151640278,
    87.95707312476));
#3754 = CARTESIAN_POINT('',(165.53364795649,109.55505666332,
    88.079220066587));
#3755 = CARTESIAN_POINT('',(165.55336039107,109.56601649448,
    88.205500642299));
#3756 = CARTESIAN_POINT('',(165.56270548013,109.57247062973,
    88.335471177149));
#3757 = CARTESIAN_POINT('',(165.55831534647,109.57162942684,
    88.4668690702));
#3758 = CARTESIAN_POINT('',(165.5254782742,109.55395495979,
    88.655709410237));
#3759 = CARTESIAN_POINT('',(165.51067364395,109.54564434299,
    88.716973801551));
#3760 = CARTESIAN_POINT('',(165.49107007297,109.534210516,
    88.777120518401));
#3761 = CARTESIAN_POINT('',(165.46634626336,109.51925525526,
    88.834746586826));
#3762 = CARTESIAN_POINT('',(165.43640046573,109.50050342367,
    88.888671477812));
#3763 = CARTESIAN_POINT('',(165.40133526915,109.47781442528,
    88.93793574457));
#3764 = CARTESIAN_POINT('',(165.32551780496,109.42719689169,
    89.021315635346));
#3765 = CARTESIAN_POINT('',(165.28655323136,109.40059818871,
    89.055486807254));
#3766 = CARTESIAN_POINT('',(165.24508608207,109.37164770801,
    89.084194970338));
#3767 = CARTESIAN_POINT('',(165.20175896901,109.34071251507,
    89.107488316257));
#3768 = CARTESIAN_POINT('',(165.15731544646,109.30826828989,
    89.125593464167));
#3769 = CARTESIAN_POINT('',(165.1125931561,109.27490894924,
    89.13891831118));
#3770 = CARTESIAN_POINT('',(164.98208684271,109.17558285268,
    89.165961403002));
#3771 = CARTESIAN_POINT('',(164.8956428429,109.10718507546,
    89.168271834683));
#3772 = CARTESIAN_POINT('',(164.81145211846,109.03780983826,
    89.158763428847));
#3773 = CARTESIAN_POINT('',(164.73066456556,108.96840204018,
    89.14042920747));
#3774 = CARTESIAN_POINT('',(164.65358849216,108.89918056229,
    89.115365787419));
#3775 = CARTESIAN_POINT('',(164.57987625004,108.82971564028,
    89.084721132702));
#3776 = CARTESIAN_POINT('',(164.45420710258,108.70388242544,
    89.020879499014));
#3777 = CARTESIAN_POINT('',(164.40165555989,108.64865793502,
    88.990103184294));
#3778 = CARTESIAN_POINT('',(164.35144402258,108.59292175198,
    88.956810510724));
#3779 = CARTESIAN_POINT('',(164.30371306805,108.53646000451,
    88.921268437254));
#3780 = CARTESIAN_POINT('',(164.25875673413,108.47904588609,
    88.883709014246));
#3781 = CARTESIAN_POINT('',(164.21706961251,108.4204646229,
    88.844388064189));
#3782 = CARTESIAN_POINT('',(164.17938303314,108.3605677073,
    88.803607185486));
#3783 = ORIENTED_EDGE('',*,*,#3784,.T.);
#3784 = EDGE_CURVE('',#3670,#3785,#3787,.T.);
#3785 = VERTEX_POINT('',#3786);
#3786 = CARTESIAN_POINT('',(163.05910934656,108.05446961733,
    85.97802473847));
#3787 = ELLIPSE('',#3788,2.428762950798,1.2);
#3788 = AXIS2_PLACEMENT_3D('',#3789,#3790,#3791);
#3789 = CARTESIAN_POINT('',(163.32811269054,105.70177470464,
    85.541633841462));
#3790 = DIRECTION('',(-0.706213647081,5.024509283394E-02,-0.706213647081
    ));
#3791 = DIRECTION('',(-0.163819134883,0.95881312222,0.232035962093));
#3792 = ORIENTED_EDGE('',*,*,#3793,.F.);
#3793 = EDGE_CURVE('',#3794,#3785,#3796,.T.);
#3794 = VERTEX_POINT('',#3795);
#3795 = CARTESIAN_POINT('',(162.60013525017,107.44040780251,
    86.069024090758));
#3796 = ELLIPSE('',#3797,2.20601741169,1.2);
#3797 = AXIS2_PLACEMENT_3D('',#3798,#3799,#3800);
#3798 = CARTESIAN_POINT('',(163.41665493612,106.0485651665,
    85.777746496342));
#3799 = DIRECTION('',(-0.258492135331,5.024509283393E-02,-0.964705782412
    ));
#3800 = DIRECTION('',(7.852018741035E-02,0.996434819772,
    3.085822605697E-02));
#3801 = ORIENTED_EDGE('',*,*,#3802,.F.);
#3802 = EDGE_CURVE('',#3803,#3794,#3805,.T.);
#3803 = VERTEX_POINT('',#3804);
#3804 = CARTESIAN_POINT('',(163.85752495529,107.74843555621,
    85.498654183559));
#3805 = B_SPLINE_CURVE_WITH_KNOTS('',7,(#3806,#3807,#3808,#3809,#3810,
    #3811,#3812,#3813,#3814,#3815,#3816,#3817,#3818,#3819,#3820,#3821,
    #3822,#3823,#3824,#3825,#3826,#3827,#3828,#3829,#3830,#3831,#3832,
    #3833,#3834,#3835,#3836,#3837,#3838,#3839,#3840,#3841,#3842,#3843,
    #3844,#3845,#3846,#3847,#3848,#3849),.UNSPECIFIED.,.F.,.F.,(8,6,6,6,
    6,6,6,8),(0.,0.408441996472,0.476901984413,0.586142295924,
    0.64978451338,0.682832024562,0.745603247951,1.),.UNSPECIFIED.);
#3806 = CARTESIAN_POINT('',(164.08780260786,107.97881810451,
    85.698447959813));
#3807 = CARTESIAN_POINT('',(164.02299582339,107.89888969224,
    85.629284415326));
#3808 = CARTESIAN_POINT('',(163.95184124366,107.82446032774,
    85.563514818561));
#3809 = CARTESIAN_POINT('',(163.87365946264,107.75326916153,
    85.500916224049));
#3810 = CARTESIAN_POINT('',(163.78690767687,107.68457466948,
    85.442219833985));
#3811 = CARTESIAN_POINT('',(163.69060045103,107.61902534073,
    85.390207121911));
#3812 = CARTESIAN_POINT('',(163.58457375451,107.55847965817,
    85.349865941916));
#3813 = CARTESIAN_POINT('',(163.4512056914,107.49693597979,
    85.325088826332));
#3814 = CARTESIAN_POINT('',(163.43179682487,107.48830601096,
    85.322062994349));
#3815 = CARTESIAN_POINT('',(163.41214106214,107.47990060884,
    85.319608655755));
#3816 = CARTESIAN_POINT('',(163.39225616411,107.47173920146,
    85.31776670112));
#3817 = CARTESIAN_POINT('',(163.37216086568,107.46384079573,
    85.316578377943));
#3818 = CARTESIAN_POINT('',(163.35187487581,107.45622397752,
    85.316085290649));
#3819 = CARTESIAN_POINT('',(163.29877762673,107.43723120742,
    85.316718922225));
#3820 = CARTESIAN_POINT('',(163.26561943546,107.42628855268,
    85.318986265196));
#3821 = CARTESIAN_POINT('',(163.23220274177,107.41622378043,
    85.323318078469));
#3822 = CARTESIAN_POINT('',(163.19877423396,107.40714244809,
    85.3298441332));
#3823 = CARTESIAN_POINT('',(163.16556548593,107.39911359028,
    85.338636839658));
#3824 = CARTESIAN_POINT('',(163.13278959267,107.39217247168,
    85.349710764147));
#3825 = CARTESIAN_POINT('',(163.08190652416,107.38291569932,
    85.370777212183));
#3826 = CARTESIAN_POINT('',(163.0634270054,107.37988597414,
    85.379275234136));
#3827 = CARTESIAN_POINT('',(163.04524218591,107.37723346444,
    85.388499180036));
#3828 = CARTESIAN_POINT('',(163.02739276432,107.37495337239,
    85.398423370327));
#3829 = CARTESIAN_POINT('',(163.00991690476,107.37303703724,
    85.409013460593));
#3830 = CARTESIAN_POINT('',(162.99284994026,107.37147217034,
    85.420226424503));
#3831 = CARTESIAN_POINT('',(162.9675907592,107.36960486549,
    85.438129675869));
#3832 = CARTESIAN_POINT('',(162.95907381512,107.36905701722,
    85.444404701145));
#3833 = CARTESIAN_POINT('',(162.95067630143,107.36859727971,
    85.450829524712));
#3834 = CARTESIAN_POINT('',(162.94240073277,107.36822327096,
    85.457398078348));
#3835 = CARTESIAN_POINT('',(162.9342490808,107.36793249273,
    85.464104313483));
#3836 = CARTESIAN_POINT('',(162.92622277422,107.36772233053,
    85.470942201199));
#3837 = CARTESIAN_POINT('',(162.90331710891,107.36733880364,
    85.491132427579));
#3838 = CARTESIAN_POINT('',(162.8887745748,107.36736875845,
    85.504805905655));
#3839 = CARTESIAN_POINT('',(162.87469297008,107.36766093403,
    85.518891630309));
#3840 = CARTESIAN_POINT('',(162.86106949144,107.36819670445,
    85.53335478392));
#3841 = CARTESIAN_POINT('',(162.84790065859,107.36895780182,
    85.548160267398));
#3842 = CARTESIAN_POINT('',(162.83518231433,107.36992631629,
    85.563272700182));
#3843 = CARTESIAN_POINT('',(162.77317134865,107.37577933219,
    85.641002957511));
#3844 = CARTESIAN_POINT('',(162.73066408514,107.38360073009,
    85.707917496831));
#3845 = CARTESIAN_POINT('',(162.69460340093,107.39345084348,
    85.777691338514));
#3846 = CARTESIAN_POINT('',(162.66418930476,107.40452863199,
    85.849141840154));
#3847 = CARTESIAN_POINT('',(162.63868346896,107.41627918341,
    85.921583000222));
#3848 = CARTESIAN_POINT('',(162.61747503681,107.42832907391,
    85.994799627315));
#3849 = CARTESIAN_POINT('',(162.60013501554,107.44040796595,
    86.069025095065));
#3850 = ORIENTED_EDGE('',*,*,#3851,.T.);
#3851 = EDGE_CURVE('',#3803,#3852,#3854,.T.);
#3852 = VERTEX_POINT('',#3853);
#3853 = CARTESIAN_POINT('',(164.03903475793,107.81087029607,
    88.42934511826));
#3854 = B_SPLINE_CURVE_WITH_KNOTS('',7,(#3855,#3856,#3857,#3858,#3859,
    #3860,#3861,#3862,#3863,#3864,#3865,#3866,#3867,#3868,#3869,#3870,
    #3871,#3872,#3873,#3874,#3875,#3876,#3877,#3878,#3879,#3880,#3881,
    #3882,#3883,#3884,#3885,#3886,#3887,#3888,#3889,#3890,#3891,#3892,
    #3893,#3894,#3895,#3896,#3897,#3898,#3899,#3900,#3901,#3902,#3903,
    #3904,#3905,#3906,#3907,#3908,#3909,#3910,#3911,#3912,#3913,#3914,
    #3915,#3916,#3917,#3918,#3919,#3920,#3921,#3922,#3923,#3924,#3925,
    #3926,#3927,#3928),.UNSPECIFIED.,.F.,.F.,(8,6,6,6,6,6,6,6,6,6,6,6,8)
  ,(0.,0.118610083147,0.268515632913,0.363893094712,0.433119282248,
    0.459889027329,0.526192858304,0.599181897388,0.685002399823,
    0.770911078449,0.846104814926,0.937892511599,1.),.UNSPECIFIED.);
#3855 = CARTESIAN_POINT('',(163.59757351505,107.63865523307,
    85.409975284526));
#3856 = CARTESIAN_POINT('',(163.66455333596,107.66703268596,
    85.426231077192));
#3857 = CARTESIAN_POINT('',(163.73050039533,107.69514225737,
    85.446457365224));
#3858 = CARTESIAN_POINT('',(163.79528706046,107.72268532663,
    85.470057564259));
#3859 = CARTESIAN_POINT('',(163.85891281122,107.74944372658,
    85.496580773474));
#3860 = CARTESIAN_POINT('',(163.92146395641,107.77524692972,
    85.525714241776));
#3861 = CARTESIAN_POINT('',(163.98308101076,107.79992855938,
    85.557271037724));
#3862 = CARTESIAN_POINT('',(164.12084254547,107.85277515696,
    85.634019877175));
#3863 = CARTESIAN_POINT('',(164.19610322196,107.87997682348,
    85.680374807034));
#3864 = CARTESIAN_POINT('',(164.27015564304,107.90451026539,
    85.730048173773));
#3865 = CARTESIAN_POINT('',(164.34317861413,107.92576321014,
    85.782987703134));
#3866 = CARTESIAN_POINT('',(164.41505054555,107.94278075597,
    85.839075326812));
#3867 = CARTESIAN_POINT('',(164.485457118,107.95425142523,85.89812148413
    ));
#3868 = CARTESIAN_POINT('',(164.59741105868,107.96148324124,
    85.999739789725));
#3869 = CARTESIAN_POINT('',(164.64048797286,107.96146321532,
    86.040807358409));
#3870 = CARTESIAN_POINT('',(164.68251266543,107.95811432685,
    86.083092249816));
#3871 = CARTESIAN_POINT('',(164.72304417885,107.95105739591,
    86.126368016165));
#3872 = CARTESIAN_POINT('',(164.7617213025,107.94005052452,
    86.170536814643));
#3873 = CARTESIAN_POINT('',(164.79821087973,107.92500528748,
    86.215618911556));
#3874 = CARTESIAN_POINT('',(164.85683513026,107.89220472041,
    86.295168599973));
#3875 = CARTESIAN_POINT('',(164.88001696596,107.8764049158,
    86.328959835394));
#3876 = CARTESIAN_POINT('',(164.90160194696,107.85868731705,
    86.363079708284));
#3877 = CARTESIAN_POINT('',(164.92147173188,107.83920064065,
    86.397525175596));
#3878 = CARTESIAN_POINT('',(164.93951569354,107.81815700825,
    86.432283084355));
#3879 = CARTESIAN_POINT('',(164.95564078002,107.7958272772,
    86.467311427268));
#3880 = CARTESIAN_POINT('',(164.97525967826,107.7635205399,
    86.516129418952));
#3881 = CARTESIAN_POINT('',(164.98044021503,107.75435795517,
    86.529782337056));
#3882 = CARTESIAN_POINT('',(164.98532824813,107.74505630801,
    86.543474897897));
#3883 = CARTESIAN_POINT('',(164.98992216296,107.73562975242,
    86.557207500186));
#3884 = CARTESIAN_POINT('',(164.99422077961,107.72609223833,
    86.570980669167));
#3885 = CARTESIAN_POINT('',(164.9982233528,107.71645751163,
    86.584795056614));
#3886 = CARTESIAN_POINT('',(165.01110920825,107.68266839608,
    86.632971205724));
#3887 = CARTESIAN_POINT('',(165.01846797112,107.6580906474,
    86.667538826615));
#3888 = CARTESIAN_POINT('',(165.02400471031,107.63320308749,
    86.702376906896));
#3889 = CARTESIAN_POINT('',(165.02772326079,107.60819516664,
    86.737499394585));
#3890 = CARTESIAN_POINT('',(165.02963242675,107.58324767694,
    86.772911597152));
#3891 = CARTESIAN_POINT('',(165.02974596568,107.55853186308,
    86.808610196341));
#3892 = CARTESIAN_POINT('',(165.02625146443,107.50743275825,
    86.884183381553));
#3893 = CARTESIAN_POINT('',(165.02226620435,107.48112033296,
    86.924134460459));
#3894 = CARTESIAN_POINT('',(165.01614885149,107.45549307881,
    86.964413220357));
#3895 = CARTESIAN_POINT('',(165.00793159763,107.43075690918,
    87.004986237866));
#3896 = CARTESIAN_POINT('',(164.99765653731,107.40710259617,
    87.045811666671));
#3897 = CARTESIAN_POINT('',(164.98537543813,107.38470653743,
    87.086840958611));
#3898 = CARTESIAN_POINT('',(164.9544226679,107.33906910345,
    87.176439583709));
#3899 = CARTESIAN_POINT('',(164.93500512574,107.31636848224,
    87.225071969095));
#3900 = CARTESIAN_POINT('',(164.91301500297,107.29592380759,
    87.273775363055));
#3901 = CARTESIAN_POINT('',(164.88860534177,107.27798792134,
    87.322400399351));
#3902 = CARTESIAN_POINT('',(164.86196152392,107.26277130856,
    87.370795222687));
#3903 = CARTESIAN_POINT('',(164.83329868669,107.2504410473,
    87.418809988027));
#3904 = CARTESIAN_POINT('',(164.77238831559,107.23178889216,
    87.513841526749));
#3905 = CARTESIAN_POINT('',(164.7401579457,107.22547959368,
    87.560824934178));
#3906 = CARTESIAN_POINT('',(164.70641599491,107.22230731734,
    87.607108545247));
#3907 = CARTESIAN_POINT('',(164.67143582933,107.22234197109,
    87.652558840848));
#3908 = CARTESIAN_POINT('',(164.63551327416,107.22560736854,
    87.697056261605));
#3909 = CARTESIAN_POINT('',(164.59896367251,107.23208068121,
    87.740499649769));
#3910 = CARTESIAN_POINT('',(164.52986966714,107.250104344,
    87.819844496588));
#3911 = CARTESIAN_POINT('',(164.49739208165,107.26092130163,
    87.856013359068));
#3912 = CARTESIAN_POINT('',(164.4648797157,107.27410365785,
    87.891297265429));
#3913 = CARTESIAN_POINT('',(164.43253286062,107.28959767548,
    87.925687126163));
#3914 = CARTESIAN_POINT('',(164.40055887269,107.30733487555,
    87.959186947276));
#3915 = CARTESIAN_POINT('',(164.36917247478,107.32723192708,
    87.991816002191));
#3916 = CARTESIAN_POINT('',(164.30127195331,107.37599503272,
    88.062422613299));
#3917 = CARTESIAN_POINT('',(164.26511027247,107.40590322001,
    88.100037457986));
#3918 = CARTESIAN_POINT('',(164.23051854306,107.43875077097,
    88.136518781063));
#3919 = CARTESIAN_POINT('',(164.19792425891,107.47433837252,
    88.171966692655));
#3920 = CARTESIAN_POINT('',(164.16776528916,107.51243726149,
    88.206533780005));
#3921 = CARTESIAN_POINT('',(164.14047651303,107.55280394923,
    88.240424572391));
#3922 = CARTESIAN_POINT('',(164.10023065779,107.62389391803,
    88.296515465435));
#3923 = CARTESIAN_POINT('',(164.08548194291,107.65353378241,
    88.318966757823));
#3924 = CARTESIAN_POINT('',(164.0724058387,107.6839689584,
    88.341241732975));
#3925 = CARTESIAN_POINT('',(164.06114106524,107.71505094435,
    88.363373139554));
#3926 = CARTESIAN_POINT('',(164.05178773915,107.7466414844,
    88.385405831202));
#3927 = CARTESIAN_POINT('',(164.04440935352,107.77861654577,
    88.407385118055));
#3928 = CARTESIAN_POINT('',(164.03903475793,107.81087029607,
    88.429345118261));
#3929 = ORIENTED_EDGE('',*,*,#3930,.F.);
#3930 = EDGE_CURVE('',#3931,#3852,#3933,.T.);
#3931 = VERTEX_POINT('',#3932);
#3932 = CARTESIAN_POINT('',(163.80271302244,106.88527683208,
    87.799153823629));
#3933 = LINE('',#3934,#3935);
#3934 = CARTESIAN_POINT('',(162.,99.824650827502,82.991919097107));
#3935 = VECTOR('',#3936,1.);
#3936 = DIRECTION('',(0.206497936286,0.808783583786,0.550661163429));
#3937 = ORIENTED_EDGE('',*,*,#3938,.T.);
#3938 = EDGE_CURVE('',#3931,#3939,#3941,.T.);
#3939 = VERTEX_POINT('',#3940);
#3940 = CARTESIAN_POINT('',(163.27705158419,104.82643619893,
    86.397389988293));
#3941 = B_SPLINE_CURVE_WITH_KNOTS('',7,(#3942,#3943,#3944,#3945,#3946,
    #3947,#3948,#3949,#3950,#3951,#3952,#3953,#3954,#3955,#3956,#3957,
    #3958,#3959,#3960,#3961,#3962,#3963,#3964,#3965,#3966,#3967,#3968,
    #3969,#3970,#3971,#3972,#3973,#3974,#3975,#3976,#3977,#3978,#3979,
    #3980,#3981,#3982,#3983,#3984,#3985,#3986,#3987,#3988,#3989,#3990,
    #3991,#3992,#3993,#3994,#3995,#3996,#3997,#3998,#3999,#4000,#4001,
    #4002,#4003,#4004,#4005,#4006,#4007,#4008,#4009,#4010,#4011,#4012,
    #4013,#4014,#4015,#4016,#4017,#4018,#4019,#4020,#4021,#4022,#4023,
    #4024,#4025,#4026,#4027),.UNSPECIFIED.,.F.,.F.,(8,6,6,6,6,6,6,6,6,6,
    6,6,6,6,8),(0.,8.616395404585E-02,0.154897579452,0.228345489621,
    0.396249594676,0.514549299805,0.546376235126,0.60172775261,
    0.660610398877,0.682866535463,0.732551165075,0.792584620107,
    0.860582304816,0.929890271708,1.),.UNSPECIFIED.);
#3942 = CARTESIAN_POINT('',(163.80271302244,106.88527683207,
    87.799153823625));
#3943 = CARTESIAN_POINT('',(163.86075100927,106.90734681739,
    87.81418019661));
#3944 = CARTESIAN_POINT('',(163.9195971198,106.92969869771,
    87.826306482947));
#3945 = CARTESIAN_POINT('',(163.97937333532,106.9522097302,
    87.835214039171));
#3946 = CARTESIAN_POINT('',(164.04007527429,106.97468984272,
    87.840427635272));
#3947 = CARTESIAN_POINT('',(164.10156277535,106.99685792999,
    87.841325482563));
#3948 = CARTESIAN_POINT('',(164.16354650198,107.01831986989,
    87.837152038199));
#3949 = CARTESIAN_POINT('',(164.2750476271,107.05468459666,
    87.818962022258));
#3950 = CARTESIAN_POINT('',(164.3250161784,107.07018790688,
    87.807031613565));
#3951 = CARTESIAN_POINT('',(164.37459901374,107.08455246766,
    87.790775439042));
#3952 = CARTESIAN_POINT('',(164.42304177913,107.09732649293,
    87.769904818008));
#3953 = CARTESIAN_POINT('',(164.46970526625,107.10812646504,
    87.744303544263));
#3954 = CARTESIAN_POINT('',(164.5140616997,107.11664763894,
    87.714021382726));
#3955 = CARTESIAN_POINT('',(164.60018387755,107.12910690849,
    87.642128538157));
#3956 = CARTESIAN_POINT('',(164.64062568481,107.13255497221,
    87.600665940569));
#3957 = CARTESIAN_POINT('',(164.6768305568,107.13297625508,
    87.555454626824));
#3958 = CARTESIAN_POINT('',(164.70873114956,107.1304460072,
    87.507225268464));
#3959 = CARTESIAN_POINT('',(164.7363861019,107.12516173279,
    87.456859290082));
#3960 = CARTESIAN_POINT('',(164.75997775978,107.11745726872,
    87.405385258123));
#3961 = CARTESIAN_POINT('',(164.8251279801,107.08579743659,
    87.23645286283));
#3962 = CARTESIAN_POINT('',(164.85237006162,107.0529089705,
    87.11512822204));
#3963 = CARTESIAN_POINT('',(164.86609810914,107.01201943984,
    86.99495012876));
#3964 = CARTESIAN_POINT('',(164.87000390301,106.96524724026,
    86.878419480739));
#3965 = CARTESIAN_POINT('',(164.86674518814,106.91365710753,
    86.766316582201));
#3966 = CARTESIAN_POINT('',(164.85787455145,106.8571522062,
    86.657840710403));
#3967 = CARTESIAN_POINT('',(164.83456500634,106.74944095332,
    86.477616587544));
#3968 = CARTESIAN_POINT('',(164.82265734854,106.70212031273,
    86.405354913818));
#3969 = CARTESIAN_POINT('',(164.80893007495,106.65183035415,
    86.335482059944));
#3970 = CARTESIAN_POINT('',(164.79374157171,106.59831607108,
    86.268329621785));
#3971 = CARTESIAN_POINT('',(164.77746517936,106.54126570706,
    86.204447087429));
#3972 = CARTESIAN_POINT('',(164.76046213053,106.48030293382,
    86.144595558118));
#3973 = CARTESIAN_POINT('',(164.73819748225,106.39735889738,
    86.074921421439));
#3974 = CARTESIAN_POINT('',(164.73343899031,106.37945966995,
    86.060511342305));
#3975 = CARTESIAN_POINT('',(164.72864798558,106.36124474093,
    86.046486980385));
#3976 = CARTESIAN_POINT('',(164.72382916787,106.34271274205,
    86.032872033954));
#3977 = CARTESIAN_POINT('',(164.7189857782,106.32386164506,
    86.019689151278));
#3978 = CARTESIAN_POINT('',(164.71411930099,106.30468881173,
    86.006960021076));
#3979 = CARTESIAN_POINT('',(164.70072453391,106.25128168289,
    85.973393062652));
#3980 = CARTESIAN_POINT('',(164.69213893346,106.21635337607,
    85.953493450213));
#3981 = CARTESIAN_POINT('',(164.68349196063,106.18047157031,
    85.935175287797));
#3982 = CARTESIAN_POINT('',(164.6747796152,106.14369942416,
    85.91857199025));
#3983 = CARTESIAN_POINT('',(164.66597498565,106.10610381555,
    85.90378412039));
#3984 = CARTESIAN_POINT('',(164.65702893393,106.06776134956,
    85.890881784268));
#3985 = CARTESIAN_POINT('',(164.63812838565,105.98727958521,
    85.868232138129));
#3986 = CARTESIAN_POINT('',(164.62816782131,105.94514557008,
    85.858764226375));
#3987 = CARTESIAN_POINT('',(164.6179070824,105.90247716248,
    85.851535565189));
#3988 = CARTESIAN_POINT('',(164.60724359002,105.85941421563,
    85.846543047296));
#3989 = CARTESIAN_POINT('',(164.59606274013,105.81612645958,
    85.843746654383));
#3990 = CARTESIAN_POINT('',(164.58425289544,105.77281501866,
    85.843067892042));
#3991 = CARTESIAN_POINT('',(164.56699228349,105.71341820456,
    85.844887228067));
#3992 = CARTESIAN_POINT('',(164.56215280824,105.69714633842,
    85.845672182295));
#3993 = CARTESIAN_POINT('',(164.55720230562,105.6809036482,
    85.846737227795));
#3994 = CARTESIAN_POINT('',(164.55213480701,105.6646985647,
    85.848076261622));
#3995 = CARTESIAN_POINT('',(164.54694446397,105.64853928409,
    85.849682902157));
#3996 = CARTESIAN_POINT('',(164.54162554814,105.63243376786,
    85.851550489112));
#3997 = CARTESIAN_POINT('',(164.52399895064,105.58057303963,
    85.858408333788));
#3998 = CARTESIAN_POINT('',(164.51115914223,105.54506944055,
    85.864409838698));
#3999 = CARTESIAN_POINT('',(164.4975888229,105.50995726379,
    85.871600401966));
#4000 = CARTESIAN_POINT('',(164.48322954403,105.47531478859,
    85.879901258236));
#4001 = CARTESIAN_POINT('',(164.46802958767,105.44121966425,
    85.889231719191));
#4002 = CARTESIAN_POINT('',(164.45194494259,105.40774831921,
    85.899509819643));
#4003 = CARTESIAN_POINT('',(164.41439371207,105.33537613414,
    85.924117116206));
#4004 = CARTESIAN_POINT('',(164.39249554577,105.29678033712,
    85.93884973203));
#4005 = CARTESIAN_POINT('',(164.36918324797,105.2593254284,
    85.954704813576));
#4006 = CARTESIAN_POINT('',(164.34441086155,105.22313996959,
    85.971535360445));
#4007 = CARTESIAN_POINT('',(164.31814819192,105.18834302345,
    85.989193985073));
#4008 = CARTESIAN_POINT('',(164.29037999325,105.15504354289,
    86.007533528429));
#4009 = CARTESIAN_POINT('',(164.22794662255,105.08743005181,
    86.047785727608));
#4010 = CARTESIAN_POINT('',(164.19285295852,105.05356514954,
    86.069851030597));
#4011 = CARTESIAN_POINT('',(164.15585021985,105.02191897162,
    86.092372046469));
#4012 = CARTESIAN_POINT('',(164.11699489664,104.99263466011,
    86.115116458515));
#4013 = CARTESIAN_POINT('',(164.07637110154,104.96582299394,
    86.137853458726));
#4014 = CARTESIAN_POINT('',(164.03408775945,104.94156080232,
    86.160356034969));
#4015 = CARTESIAN_POINT('',(163.94561959989,104.89780035626,
    86.204875320605));
#4016 = CARTESIAN_POINT('',(163.8993993677,104.87841478822,
    86.226862058534));
#4017 = CARTESIAN_POINT('',(163.85175695192,104.8617711248,
    86.248130436376));
#4018 = CARTESIAN_POINT('',(163.80285593137,104.8478683874,
    86.268454826349));
#4019 = CARTESIAN_POINT('',(163.75287817462,104.83666500419,
    86.287619422281));
#4020 = CARTESIAN_POINT('',(163.70202040215,104.82807764629,
    86.305420653411));
#4021 = CARTESIAN_POINT('',(163.59836499484,104.81581194411,
    86.338106512369));
#4022 = CARTESIAN_POINT('',(163.54555278895,104.81219154196,
    86.352954584818));
#4023 = CARTESIAN_POINT('',(163.49221951293,104.81098272778,
    86.366035287159));
#4024 = CARTESIAN_POINT('',(163.43853377027,104.81201800177,
    86.377177232756));
#4025 = CARTESIAN_POINT('',(163.38466526615,104.81509817954,
    86.386217424306));
#4026 = CARTESIAN_POINT('',(163.33078268769,104.81999207761,
    86.393002501437));
#4027 = CARTESIAN_POINT('',(163.27705158419,104.82643619893,
    86.397389988297));
#4028 = ORIENTED_EDGE('',*,*,#4029,.F.);
#4029 = EDGE_CURVE('',#4030,#3939,#4032,.T.);
#4030 = VERTEX_POINT('',#4031);
#4031 = CARTESIAN_POINT('',(163.25006538126,104.72074023746,
    86.325426780485));
#4032 = LINE('',#4033,#4034);
#4033 = CARTESIAN_POINT('',(162.,99.824650827502,82.991919097107));
#4034 = VECTOR('',#4035,1.);
#4035 = DIRECTION('',(0.206497936286,0.808783583786,0.550661163429));
#4036 = ORIENTED_EDGE('',*,*,#4037,.T.);
#4037 = EDGE_CURVE('',#4030,#4038,#4040,.T.);
#4038 = VERTEX_POINT('',#4039);
#4039 = CARTESIAN_POINT('',(163.97105407668,104.22882884117,
    85.522139933677));
#4040 = B_SPLINE_CURVE_WITH_KNOTS('',8,(#4041,#4042,#4043,#4044,#4045,
    #4046,#4047,#4048,#4049,#4050,#4051,#4052,#4053,#4054,#4055,#4056,
    #4057,#4058,#4059,#4060,#4061,#4062,#4063,#4064,#4065,#4066,#4067,
    #4068,#4069,#4070,#4071,#4072,#4073,#4074,#4075,#4076,#4077),
  .UNSPECIFIED.,.F.,.F.,(9,7,7,7,7,9),(0.,8.026559738931E-02,
    0.201026984325,0.391998543845,0.878403113304,1.),.UNSPECIFIED.);
#4041 = CARTESIAN_POINT('',(163.25006538126,104.72074023746,
    86.325426780485));
#4042 = CARTESIAN_POINT('',(163.26917836435,104.72120726203,
    86.32574475466));
#4043 = CARTESIAN_POINT('',(163.28834905815,104.72155220578,
    86.325581685849));
#4044 = CARTESIAN_POINT('',(163.30755723512,104.7217600642,
    86.324917356545));
#4045 = CARTESIAN_POINT('',(163.32678249266,104.72181512017,
    86.323732151998));
#4046 = CARTESIAN_POINT('',(163.34600425316,104.72170094394,
    86.32200706022));
#4047 = CARTESIAN_POINT('',(163.36520176394,104.72140039317,
    86.319723671982));
#4048 = CARTESIAN_POINT('',(163.38435409729,104.72089561288,
    86.316864180813));
#4049 = CARTESIAN_POINT('',(163.43215554441,104.71907337905,
    86.308216571455));
#4050 = CARTESIAN_POINT('',(163.46077427691,104.71747244597,
    86.301669262031));
#4051 = CARTESIAN_POINT('',(163.48912678819,104.71530214168,
    86.293719315461));
#4052 = CARTESIAN_POINT('',(163.51705827576,104.71250407086,
    86.284342410177));
#4053 = CARTESIAN_POINT('',(163.54442918449,104.70902640548,
    86.273538780872));
#4054 = CARTESIAN_POINT('',(163.57111569663,104.70482575284,
    86.261331957047));
#4055 = CARTESIAN_POINT('',(163.59701022194,104.69986902358,
    86.247767501568));
#4056 = CARTESIAN_POINT('',(163.66157523299,104.6850680124,
    86.209418923684));
#4057 = CARTESIAN_POINT('',(163.69848069279,104.674158227,
    86.182957761368));
#4058 = CARTESIAN_POINT('',(163.7325783044,104.6613718366,
    86.153847528407));
#4059 = CARTESIAN_POINT('',(163.76376574895,104.64673261378,
    86.122479231032));
#4060 = CARTESIAN_POINT('',(163.79199849167,104.630330539,
    86.089310637224));
#4061 = CARTESIAN_POINT('',(163.81728913034,104.61233159876,
    86.054860251575));
#4062 = CARTESIAN_POINT('',(163.83970595171,104.59298905339,
    86.019700243342));
#4063 = CARTESIAN_POINT('',(163.90945680117,104.5208683319,
    85.894661697169));
#4064 = CARTESIAN_POINT('',(163.94315491804,104.46114014116,
    85.801651331263));
#4065 = CARTESIAN_POINT('',(163.96396329673,104.39521285425,
    85.709606390872));
#4066 = CARTESIAN_POINT('',(163.97470852982,104.32458209425,
    85.620950869125));
#4067 = CARTESIAN_POINT('',(163.97748315144,104.25017160787,
    85.536879506925));
#4068 = CARTESIAN_POINT('',(163.97363784813,104.17229785692,
    85.457704790716));
#4069 = CARTESIAN_POINT('',(163.96384460889,104.09057518767,
    85.383374793687));
#4070 = CARTESIAN_POINT('',(163.94402545525,103.9825916411,
    85.296572508948));
#4071 = CARTESIAN_POINT('',(163.93969580632,103.96077461907,
    85.279574732429));
#4072 = CARTESIAN_POINT('',(163.93500597602,103.93874437473,
    85.262950128275));
#4073 = CARTESIAN_POINT('',(163.92996034018,103.9165086509,
    85.246708719948));
#4074 = CARTESIAN_POINT('',(163.92456190272,103.89407523814,
    85.230859576387));
#4075 = CARTESIAN_POINT('',(163.91881229558,103.87145197479,
    85.215410812004));
#4076 = CARTESIAN_POINT('',(163.91271177879,103.84864674692,
    85.200369586688));
#4077 = CARTESIAN_POINT('',(163.90625924041,103.82566748838,
    85.185742105799));
#4078 = ORIENTED_EDGE('',*,*,#4079,.T.);
#4079 = EDGE_CURVE('',#4038,#4080,#4082,.T.);
#4080 = VERTEX_POINT('',#4081);
#4081 = CARTESIAN_POINT('',(162.65971606367,102.40853874356,
    84.751161933579));
#4082 = B_SPLINE_CURVE_WITH_KNOTS('',8,(#4083,#4084,#4085,#4086,#4087,
    #4088,#4089,#4090,#4091,#4092,#4093,#4094,#4095,#4096,#4097,#4098,
    #4099,#4100,#4101,#4102,#4103,#4104,#4105,#4106,#4107,#4108,#4109,
    #4110,#4111,#4112,#4113,#4114,#4115,#4116,#4117,#4118,#4119,#4120,
    #4121,#4122,#4123,#4124,#4125,#4126,#4127,#4128,#4129,#4130,#4131,
    #4132,#4133),.UNSPECIFIED.,.F.,.F.,(9,7,7,7,7,7,7,9),(0.,
    0.201779756705,0.420206585703,0.623682786621,0.683939121316,
    0.754676322826,0.853936642175,1.),.UNSPECIFIED.);
#4083 = CARTESIAN_POINT('',(163.87294498369,104.41894032632,
    85.831025252416));
#4084 = CARTESIAN_POINT('',(163.90315352006,104.37829398516,
    85.763225775473));
#4085 = CARTESIAN_POINT('',(163.92859475856,104.33643144413,
    85.694071818702));
#4086 = CARTESIAN_POINT('',(163.94979817762,104.29365413603,
    85.624310017366));
#4087 = CARTESIAN_POINT('',(163.96724539353,104.25013469387,
    85.554458338921));
#4088 = CARTESIAN_POINT('',(163.98135329041,104.20591984701,
    85.484822211415));
#4089 = CARTESIAN_POINT('',(163.99245931259,104.16093148554,
    85.415536428488));
#4090 = CARTESIAN_POINT('',(164.00080891919,104.11496589275,
    85.346632830999));
#4091 = CARTESIAN_POINT('',(164.01275473333,104.01651617548,
    85.203983444316));
#4092 = CARTESIAN_POINT('',(164.01581457873,103.96452923516,
    85.131354779056));
#4093 = CARTESIAN_POINT('',(164.01608831799,103.91111381589,
    85.05986335733));
#4094 = CARTESIAN_POINT('',(164.01366320427,103.85569914177,
    84.989463440154));
#4095 = CARTESIAN_POINT('',(164.00848593897,103.79783664918,
    84.920625149508));
#4096 = CARTESIAN_POINT('',(164.00047939544,103.73715367793,
    84.854364063141));
#4097 = CARTESIAN_POINT('',(163.98952724086,103.6732444658,
    84.79211939245));
#4098 = CARTESIAN_POINT('',(163.96187930885,103.54250549846,
    84.682711445345));
#4099 = CARTESIAN_POINT('',(163.94506894099,103.47353410845,
    84.632596833923));
#4100 = CARTESIAN_POINT('',(163.92456405476,103.40030015886,
    84.589293810248));
#4101 = CARTESIAN_POINT('',(163.90019740848,103.32380545236,
    84.555495799955));
#4102 = CARTESIAN_POINT('',(163.87154515207,103.24468479034,
    84.532371299691));
#4103 = CARTESIAN_POINT('',(163.83760371748,103.16409068495,
    84.519714860918));
#4104 = CARTESIAN_POINT('',(163.79784593922,103.08420959233,
    84.516177511733));
#4105 = CARTESIAN_POINT('',(163.74009852439,102.98516373872,
    84.520641256827));
#4106 = CARTESIAN_POINT('',(163.7264530621,102.9627848528,
    84.522275772278));
#4107 = CARTESIAN_POINT('',(163.71235051768,102.94068183038,
    84.524476556581));
#4108 = CARTESIAN_POINT('',(163.69778743513,102.91888030889,
    84.527196116752));
#4109 = CARTESIAN_POINT('',(163.68276259174,102.89740612715,
    84.530388053097));
#4110 = CARTESIAN_POINT('',(163.66727721729,102.87628512089,
    84.534007253785));
#4111 = CARTESIAN_POINT('',(163.65133521333,102.85554291837,
    84.538010089417));
#4112 = CARTESIAN_POINT('',(163.61570036729,102.81132897052,
    84.547454802631));
#4113 = CARTESIAN_POINT('',(163.59582901887,102.7879995571,
    84.553028093996));
#4114 = CARTESIAN_POINT('',(163.57533108024,102.76524795304,
    84.55900925561));
#4115 = CARTESIAN_POINT('',(163.55421032286,102.74310375559,
    84.565337550466));
#4116 = CARTESIAN_POINT('',(163.53247220388,102.7215948349,
    84.571956423561));
#4117 = CARTESIAN_POINT('',(163.51012353351,102.70074746708,
    84.578813194816));
#4118 = CARTESIAN_POINT('',(163.48717214242,102.68058646712,
    84.585858751996));
#4119 = CARTESIAN_POINT('',(163.43058674737,102.63384095868,
    84.603134325951));
#4120 = CARTESIAN_POINT('',(163.39636913426,102.60793791738,
    84.613505149862));
#4121 = CARTESIAN_POINT('',(163.36100943564,102.58350322349,
    84.624029147468));
#4122 = CARTESIAN_POINT('',(163.32455106551,102.56060801368,
    84.634586173518));
#4123 = CARTESIAN_POINT('',(163.28704423762,102.53931747538,
    84.645065221268));
#4124 = CARTESIAN_POINT('',(163.24854507707,102.51969078623,
    84.655363138345));
#4125 = CARTESIAN_POINT('',(163.20911473195,102.50178105349,
    84.665383342617));
#4126 = CARTESIAN_POINT('',(163.10952182748,102.46187641648,
    84.689236446965));
#4127 = CARTESIAN_POINT('',(163.04833079404,102.44192963556,
    84.702644002546));
#4128 = CARTESIAN_POINT('',(162.98554217975,102.42598459507,
    84.714944051821));
#4129 = CARTESIAN_POINT('',(162.92148299587,102.41416919038,
    84.725856703751));
#4130 = CARTESIAN_POINT('',(162.85650292888,102.40654844786,
    84.7351346551));
#4131 = CARTESIAN_POINT('',(162.79096679956,102.40312344499,
    84.742562516305));
#4132 = CARTESIAN_POINT('',(162.72524702221,102.40383023034,
    84.74795613734));
#4133 = CARTESIAN_POINT('',(162.65971606367,102.40853874357,
    84.751161933581));
#4134 = ORIENTED_EDGE('',*,*,#4135,.F.);
#4135 = EDGE_CURVE('',#2941,#4080,#4136,.T.);
#4136 = LINE('',#4137,#4138);
#4137 = CARTESIAN_POINT('',(162.,99.824650827502,82.991919097107));
#4138 = VECTOR('',#4139,1.);
#4139 = DIRECTION('',(0.206497936286,0.808783583786,0.550661163429));
#4140 = ORIENTED_EDGE('',*,*,#2940,.T.);
#4141 = ORIENTED_EDGE('',*,*,#4142,.F.);
#4142 = EDGE_CURVE('',#4143,#2892,#4145,.T.);
#4143 = VERTEX_POINT('',#4144);
#4144 = CARTESIAN_POINT('',(162.,99.824650827502,82.991919097107));
#4145 = LINE('',#4146,#4147);
#4146 = CARTESIAN_POINT('',(162.,99.824650827502,82.991919097107));
#4147 = VECTOR('',#4148,1.);
#4148 = DIRECTION('',(0.206497936286,0.808783583786,0.550661163429));
#4149 = ORIENTED_EDGE('',*,*,#4150,.T.);
#4150 = EDGE_CURVE('',#4143,#4151,#4153,.T.);
#4151 = VERTEX_POINT('',#4152);
#4152 = CARTESIAN_POINT('',(163.1013989148,100.54186797413,
    81.525481819943));
#4153 = CIRCLE('',#4154,1.2);
#4154 = AXIS2_PLACEMENT_3D('',#4155,#4156,#4157);
#4155 = CARTESIAN_POINT('',(162.,100.5,82.));
#4156 = DIRECTION('',(0.206497936286,0.808783583786,0.550661163429));
#4157 = DIRECTION('',(0.,-0.562790977082,0.826599247589));
#4158 = ORIENTED_EDGE('',*,*,#4159,.T.);
#4159 = EDGE_CURVE('',#4151,#4160,#4162,.T.);
#4160 = VERTEX_POINT('',#4161);
#4161 = CARTESIAN_POINT('',(161.80525669756,102.43405448368,
    82.009488193741));
#4162 = B_SPLINE_CURVE_WITH_KNOTS('',6,(#4163,#4164,#4165,#4166,#4167,
    #4168,#4169,#4170,#4171,#4172,#4173,#4174,#4175,#4176,#4177,#4178,
    #4179,#4180,#4181,#4182,#4183,#4184,#4185,#4186,#4187,#4188,#4189,
    #4190,#4191,#4192,#4193,#4194,#4195,#4196,#4197,#4198,#4199,#4200,
    #4201,#4202,#4203,#4204,#4205,#4206,#4207,#4208,#4209,#4210,#4211,
    #4212,#4213,#4214,#4215,#4216,#4217,#4218,#4219),.UNSPECIFIED.,.F.,
  .F.,(7,5,5,5,5,5,5,5,5,5,5,7),(0.,0.100956175246,0.141032914602,
    0.216823860097,0.316450738399,0.456851868894,0.578133721467,
    0.713608947446,0.806436367715,0.851667549658,0.97075905416,1.),
  .UNSPECIFIED.);
#4163 = CARTESIAN_POINT('',(163.10139872369,100.54186760524,
    81.525481343812));
#4164 = CARTESIAN_POINT('',(163.11626184115,100.57055757912,
    81.562511346471));
#4165 = CARTESIAN_POINT('',(163.1304792257,100.60063549899,
    81.598765185956));
#4166 = CARTESIAN_POINT('',(163.14405800848,100.63218193121,
    81.634036408289));
#4167 = CARTESIAN_POINT('',(163.15700239816,100.66530179017,
    81.668091668409));
#4168 = CARTESIAN_POINT('',(163.16929724386,100.70012436962,
    81.700673815007));
#4169 = CARTESIAN_POINT('',(163.18549422778,100.7513638987,
    81.743744071923));
#4170 = CARTESIAN_POINT('',(163.18998525988,100.76621346645,
    81.755704385116));
#4171 = CARTESIAN_POINT('',(163.19435921764,100.78135343174,
    81.767362197915));
#4172 = CARTESIAN_POINT('',(163.19861013872,100.79678607732,
    81.778695766231));
#4173 = CARTESIAN_POINT('',(163.20273157499,100.81251461415,
    81.789685318909));
#4174 = CARTESIAN_POINT('',(163.2142528407,100.85885553409,
    81.82041165822));
#4175 = CARTESIAN_POINT('',(163.22130920408,100.89027485897,
    81.839239227289));
#4176 = CARTESIAN_POINT('',(163.2278132742,100.92274359457,
    81.856608471549));
#4177 = CARTESIAN_POINT('',(163.23368976875,100.95619802108,
    81.872389573583));
#4178 = CARTESIAN_POINT('',(163.23885886475,100.9905677291,
    81.886510545591));
#4179 = CARTESIAN_POINT('',(163.24898632778,101.07205501403,
    81.915319161271));
#4180 = CARTESIAN_POINT('',(163.25334779786,101.1196251814,
    81.928732253409));
#4181 = CARTESIAN_POINT('',(163.25614442003,101.16830880566,
    81.93920484945));
#4182 = CARTESIAN_POINT('',(163.25718211846,101.21785090623,
    81.946874933514));
#4183 = CARTESIAN_POINT('',(163.25627700151,101.26787475995,
    81.951999022366));
#4184 = CARTESIAN_POINT('',(163.24925993194,101.38829720712,
    81.959017397236));
#4185 = CARTESIAN_POINT('',(163.24115454483,101.45889641415,
    81.958745533693));
#4186 = CARTESIAN_POINT('',(163.22875649596,101.52920990085,
    81.955039151078));
#4187 = CARTESIAN_POINT('',(163.2118208296,101.59870998646,
    81.948792514556));
#4188 = CARTESIAN_POINT('',(163.19023712504,101.66686234323,
    81.940772913728));
#4189 = CARTESIAN_POINT('',(163.14126783023,101.79048338025,
    81.923762486078));
#4190 = CARTESIAN_POINT('',(163.11503961234,101.84649871256,
    81.915040955828));
#4191 = CARTESIAN_POINT('',(163.08524143971,101.90089727188,
    81.905909413084));
#4192 = CARTESIAN_POINT('',(163.05188883358,101.95335640117,
    81.896745151841));
#4193 = CARTESIAN_POINT('',(163.01504310713,102.0035717145,
    81.887886488673));
#4194 = CARTESIAN_POINT('',(162.92985614507,102.10452998041,
    81.870437352938));
#4195 = CARTESIAN_POINT('',(162.88066473139,102.15465801461,
    81.86199758077));
#4196 = CARTESIAN_POINT('',(162.8274872439,102.20110455589,
    81.854784753699));
#4197 = CARTESIAN_POINT('',(162.77070374223,102.24343253925,
    81.849198607527));
#4198 = CARTESIAN_POINT('',(162.71079444584,102.28132153754,
    81.845576974312));
#4199 = CARTESIAN_POINT('',(162.60550780406,102.3373712192,
    81.843246393931));
#4200 = CARTESIAN_POINT('',(162.56151915825,102.3579736242,
    81.843350469382));
#4201 = CARTESIAN_POINT('',(162.51653983521,102.37632942815,
    81.844592208943));
#4202 = CARTESIAN_POINT('',(162.47077487442,102.39241130192,
    81.84704231653));
#4203 = CARTESIAN_POINT('',(162.4244417052,102.40622562425,
    81.850755905657));
#4204 = CARTESIAN_POINT('',(162.35502292469,102.42346087027,
    81.858216421173));
#4205 = CARTESIAN_POINT('',(162.33219559251,102.42857975401,
    81.860970278603));
#4206 = CARTESIAN_POINT('',(162.30930835253,102.43317603925,
    81.864038536709));
#4207 = CARTESIAN_POINT('',(162.28638479836,102.4372566592,
    81.867425509835));
#4208 = CARTESIAN_POINT('',(162.26344788623,102.44083029853,
    81.871135046491));
#4209 = CARTESIAN_POINT('',(162.18015175339,102.45200923437,
    81.885795759659));
#4210 = CARTESIAN_POINT('',(162.11989070788,102.45666255129,
    81.898672909396));
#4211 = CARTESIAN_POINT('',(162.06008477366,102.45807303271,
    81.91386932388));
#4212 = CARTESIAN_POINT('',(162.00108261775,102.45649394962,
    81.931445732165));
#4213 = CARTESIAN_POINT('',(161.94323112889,102.45223667149,
    81.951463337444));
#4214 = CARTESIAN_POINT('',(161.87303512973,102.4440715907,
    81.979522179032));
#4215 = CARTESIAN_POINT('',(161.85928527933,102.44232320538,
    81.985205589744));
#4216 = CARTESIAN_POINT('',(161.84562792048,102.44044149309,
    81.991042469382));
#4217 = CARTESIAN_POINT('',(161.83206756616,102.43843213934,
    81.997034238817));
#4218 = CARTESIAN_POINT('',(161.81860871819,102.43630104852,
    82.00318240999));
#4219 = CARTESIAN_POINT('',(161.80525586717,102.43405434396,
    82.009488585912));
#4220 = ORIENTED_EDGE('',*,*,#4221,.F.);
#4221 = EDGE_CURVE('',#4222,#4160,#4224,.T.);
#4222 = VERTEX_POINT('',#4223);
#4223 = CARTESIAN_POINT('',(160.93893081064,100.97426372278,
    81.701326103161));
#4224 = ELLIPSE('',#4225,2.744673271095,1.2);
#4225 = AXIS2_PLACEMENT_3D('',#4226,#4227,#4228);
#4226 = CARTESIAN_POINT('',(161.98220163786,100.43028974828,
    81.952537700961));
#4227 = DIRECTION('',(0.258492135331,5.024509283393E-02,-0.964705782412)
  );
#4228 = DIRECTION('',(0.355267855867,0.923714647808,0.143303872983));
#4229 = ORIENTED_EDGE('',*,*,#4230,.T.);
#4230 = EDGE_CURVE('',#4222,#4143,#4231,.T.);
#4231 = CIRCLE('',#4232,1.2);
#4232 = AXIS2_PLACEMENT_3D('',#4233,#4234,#4235);
#4233 = CARTESIAN_POINT('',(162.,100.5,82.));
#4234 = DIRECTION('',(0.206497936286,0.808783583786,0.550661163429));
#4235 = DIRECTION('',(0.,-0.562790977082,0.826599247589));
#4236 = ORIENTED_EDGE('',*,*,#4142,.T.);
#4237 = ORIENTED_EDGE('',*,*,#2891,.T.);
#4238 = ORIENTED_EDGE('',*,*,#3634,.T.);
#4239 = ORIENTED_EDGE('',*,*,#3031,.T.);
#4240 = ORIENTED_EDGE('',*,*,#4135,.T.);
#4241 = ORIENTED_EDGE('',*,*,#4242,.T.);
#4242 = EDGE_CURVE('',#4080,#4243,#4245,.T.);
#4243 = VERTEX_POINT('',#4244);
#4244 = CARTESIAN_POINT('',(162.70426813782,104.67310179676,
    86.157407913139));
#4245 = B_SPLINE_CURVE_WITH_KNOTS('',8,(#4246,#4247,#4248,#4249,#4250,
    #4251,#4252,#4253,#4254,#4255,#4256,#4257,#4258,#4259,#4260,#4261,
    #4262,#4263,#4264,#4265,#4266,#4267,#4268,#4269,#4270,#4271,#4272,
    #4273,#4274,#4275,#4276,#4277,#4278,#4279,#4280,#4281,#4282,#4283,
    #4284,#4285,#4286,#4287,#4288,#4289,#4290,#4291,#4292,#4293,#4294,
    #4295,#4296,#4297,#4298,#4299,#4300,#4301,#4302,#4303,#4304,#4305,
    #4306,#4307,#4308,#4309,#4310,#4311,#4312,#4313,#4314,#4315,#4316,
    #4317,#4318,#4319,#4320,#4321,#4322,#4323,#4324,#4325,#4326,#4327,
    #4328,#4329,#4330,#4331,#4332,#4333,#4334,#4335,#4336,#4337,#4338,
    #4339,#4340,#4341,#4342,#4343,#4344,#4345,#4346,#4347,#4348,#4349,
    #4350,#4351,#4352,#4353,#4354,#4355,#4356,#4357,#4358,#4359,#4360,
    #4361,#4362,#4363,#4364,#4365,#4366,#4367,#4368,#4369,#4370,#4371,
    #4372,#4373,#4374,#4375,#4376,#4377,#4378,#4379,#4380,#4381,#4382,
    #4383,#4384,#4385,#4386,#4387,#4388,#4389,#4390,#4391,#4392,#4393,
    #4394,#4395,#4396,#4397,#4398,#4399,#4400,#4401,#4402,#4403,#4404,
    #4405,#4406,#4407,#4408,#4409,#4410,#4411,#4412,#4413,#4414,#4415,
    #4416,#4417,#4418,#4419,#4420,#4421,#4422,#4423,#4424,#4425,#4426,
    #4427,#4428,#4429,#4430,#4431,#4432,#4433,#4434,#4435,#4436),
  .UNSPECIFIED.,.F.,.F.,(9,7,7,7,7,7,7,7,7,7,7,7,7,7,7,7,7,7,7,7,7,7,7,7
    ,7,7,7,9),(0.,5.554828045036E-02,7.680227536207E-02,
    8.417982750792E-02,9.492225046775E-02,0.120269649939,0.141997439034,
    0.155028710714,0.21966258086,0.301652217987,0.346322468234,
    0.380935036943,0.437166860191,0.472934594859,0.537905225946,
    0.572025544483,0.615511021282,0.637695446857,0.667309145507,
    0.701551856833,0.736713042859,0.766058565735,0.80636197847,
    0.831449348811,0.853052588114,0.866186202304,0.931632445196,1.),
  .UNSPECIFIED.);
#4246 = CARTESIAN_POINT('',(162.65971606367,102.40853874357,
    84.751161933581));
#4247 = CARTESIAN_POINT('',(162.57615319917,102.41454288057,
    84.755249856647));
#4248 = CARTESIAN_POINT('',(162.49309898574,102.42703927001,
    84.755770492977));
#4249 = CARTESIAN_POINT('',(162.4112081842,102.44570963435,
    84.752441922546));
#4250 = CARTESIAN_POINT('',(162.33111899448,102.47011467079,
    84.745042859704));
#4251 = CARTESIAN_POINT('',(162.25343557438,102.49968643787,
    84.733402647858));
#4252 = CARTESIAN_POINT('',(162.17870796833,102.53371880153,
    84.717389670672));
#4253 = CARTESIAN_POINT('',(162.10740944591,102.57135594098,
    84.696898179803));
#4254 = CARTESIAN_POINT('',(162.01408495478,102.62696910884,
    84.662243255886));
#4255 = CARTESIAN_POINT('',(161.98879192967,102.64275164293,
    84.651974885248));
#4256 = CARTESIAN_POINT('',(161.96404537073,102.65887634127,
    84.641017583414));
#4257 = CARTESIAN_POINT('',(161.93985807153,102.67528953368,
    84.629359523587));
#4258 = CARTESIAN_POINT('',(161.9162421116,102.69193368818,
    84.616987821038));
#4259 = CARTESIAN_POINT('',(161.89320854451,102.70874704444,
    84.603888458135));
#4260 = CARTESIAN_POINT('',(161.87076708607,102.72566324728,
    84.590046209374));
#4261 = CARTESIAN_POINT('',(161.84134439431,102.74849376977,
    84.570376136561));
#4262 = CARTESIAN_POINT('',(161.8338353017,102.75438035967,
    84.565216216771));
#4263 = CARTESIAN_POINT('',(161.826398885,102.76026775724,
    84.559964122113));
#4264 = CARTESIAN_POINT('',(161.8190354986,102.76615288251,
    84.554619174719));
#4265 = CARTESIAN_POINT('',(161.81174549082,102.77203256805,
    84.549180703786));
#4266 = CARTESIAN_POINT('',(161.80452920396,102.77790355897,
    84.543648045574));
#4267 = CARTESIAN_POINT('',(161.79738697425,102.78376251292,
    84.538020543409));
#4268 = CARTESIAN_POINT('',(161.78002767606,102.79811467745,
    84.523964317429));
#4269 = CARTESIAN_POINT('',(161.76989394637,102.80659058056,
    84.515428726535));
#4270 = CARTESIAN_POINT('',(161.75991897839,102.8150230512,
    84.50668865939));
#4271 = CARTESIAN_POINT('',(161.75010379668,102.82340105733,
    84.497742265178));
#4272 = CARTESIAN_POINT('',(161.74044941479,102.83171319312,
    84.488587957877));
#4273 = CARTESIAN_POINT('',(161.73095683525,102.83994767893,
    84.479224416259));
#4274 = CARTESIAN_POINT('',(161.72162704956,102.84809236136,
    84.469650583889));
#4275 = CARTESIAN_POINT('',(161.69083327771,102.87511113079,
    84.436777568404));
#4276 = CARTESIAN_POINT('',(161.67004582493,102.89358074327,
    84.412438457301));
#4277 = CARTESIAN_POINT('',(161.65018663003,102.911317104,
    84.386895820045));
#4278 = CARTESIAN_POINT('',(161.63129734672,102.92811711244,
    84.360198029447));
#4279 = CARTESIAN_POINT('',(161.61338670922,102.94380778172,
    84.332393605297));
#4280 = CARTESIAN_POINT('',(161.5964417513,102.95825055074,
    84.303531635769));
#4281 = CARTESIAN_POINT('',(161.5804368676,102.97134314083,
    84.273663361802));
#4282 = CARTESIAN_POINT('',(161.55240029785,102.9930274658,
    84.21642736212));
#4283 = CARTESIAN_POINT('',(161.54017509606,103.00195848948,
    84.189407974267));
#4284 = CARTESIAN_POINT('',(161.52863904139,103.00978058945,
    84.161837537795));
#4285 = CARTESIAN_POINT('',(161.51776657697,103.01648282615,
    84.133773651271));
#4286 = CARTESIAN_POINT('',(161.50753357177,103.02207375053,
    84.105284111694));
#4287 = CARTESIAN_POINT('',(161.49791823283,103.02658039551,
    84.076450291228));
#4288 = CARTESIAN_POINT('',(161.48890201768,103.03004726744,
    84.047370513935));
#4289 = CARTESIAN_POINT('',(161.47541376009,103.03402756103,
    84.00064644487));
#4290 = CARTESIAN_POINT('',(161.470562029,103.0351692044,83.983065738905
    ));
#4291 = CARTESIAN_POINT('',(161.46590758911,103.03597366108,
    83.965428626234));
#4292 = CARTESIAN_POINT('',(161.46144363601,103.03645462457,
    83.947743052056));
#4293 = CARTESIAN_POINT('',(161.45716420343,103.03662603349,
    83.930017636238));
#4294 = CARTESIAN_POINT('',(161.45306404163,103.0365020167,
    83.91226171441));
#4295 = CARTESIAN_POINT('',(161.44913849574,103.03609683831,
    83.894485379055));
#4296 = CARTESIAN_POINT('',(161.42675838748,103.03209180877,
    83.788483351508));
#4297 = CARTESIAN_POINT('',(161.41222938012,103.02217770155,
    83.699575715334));
#4298 = CARTESIAN_POINT('',(161.40121179998,103.00728726845,
    83.610575225971));
#4299 = CARTESIAN_POINT('',(161.39346495473,102.98884088589,
    83.522083805229));
#4300 = CARTESIAN_POINT('',(161.38881308566,102.96788710203,
    83.434442805518));
#4301 = CARTESIAN_POINT('',(161.38712567795,102.94507317054,
    83.347562283913));
#4302 = CARTESIAN_POINT('',(161.38843844238,102.92071555686,
    83.260899220617));
#4303 = CARTESIAN_POINT('',(161.39900511811,102.86218046378,
    83.062950632411));
#4304 = CARTESIAN_POINT('',(161.41011787185,102.82811656978,
    82.95466201341));
#4305 = CARTESIAN_POINT('',(161.42657113234,102.7931800472,
    82.847252988403));
#4306 = CARTESIAN_POINT('',(161.44910299778,102.75750495317,
    82.739840712082));
#4307 = CARTESIAN_POINT('',(161.47886534081,102.72154152223,
    82.632476538431));
#4308 = CARTESIAN_POINT('',(161.51732564419,102.68613618199,
    82.526265919132));
#4309 = CARTESIAN_POINT('',(161.56616915856,102.65265123994,
    82.423393121385));
#4310 = CARTESIAN_POINT('',(161.66032411001,102.60692981563,
    82.274887810464));
#4311 = CARTESIAN_POINT('',(161.69808538001,102.59149182366,
    82.22299676494));
#4312 = CARTESIAN_POINT('',(161.74054790729,102.57741879656,
    82.173129578251));
#4313 = CARTESIAN_POINT('',(161.78778183026,102.56535552827,
    82.126674436667));
#4314 = CARTESIAN_POINT('',(161.83977619692,102.55590365415,
    82.08487803821));
#4315 = CARTESIAN_POINT('',(161.89643585541,102.54961609606,
    82.048853074751));
#4316 = CARTESIAN_POINT('',(161.95758002644,102.546995923,82.0195826332)
  );
#4317 = CARTESIAN_POINT('',(162.07358845918,102.54966476658,
    81.98113748365));
#4318 = CARTESIAN_POINT('',(162.12517607885,102.55326921361,
    81.969449175625));
#4319 = CARTESIAN_POINT('',(162.17727648613,102.5592518033,
    81.96275898388));
#4320 = CARTESIAN_POINT('',(162.22942770874,102.56748276998,
    81.960841160574));
#4321 = CARTESIAN_POINT('',(162.28113729025,102.5777613175,
    81.963340532931));
#4322 = CARTESIAN_POINT('',(162.33188325972,102.58981191509,
    81.969772134624));
#4323 = CARTESIAN_POINT('',(162.38111351334,102.60327931886,
    81.979521753426));
#4324 = CARTESIAN_POINT('',(162.50481149213,102.64118651858,
    82.011871719621));
#4325 = CARTESIAN_POINT('',(162.57791519376,102.66786346323,
    82.039239216702));
#4326 = CARTESIAN_POINT('',(162.64729155001,102.6969556887,
    82.072145427561));
#4327 = CARTESIAN_POINT('',(162.71292452081,102.72785343451,
    82.109165259671));
#4328 = CARTESIAN_POINT('',(162.77500273476,102.7601421722,
    82.149256454371));
#4329 = CARTESIAN_POINT('',(162.8338756242,102.79361503806,
    82.191753271831));
#4330 = CARTESIAN_POINT('',(162.89000814955,102.82829017011,
    82.236350393434));
#4331 = CARTESIAN_POINT('',(162.97823514428,102.88742251769,
    82.312798758823));
#4332 = CARTESIAN_POINT('',(163.01148768233,102.91090172694,
    82.343247334192));
#4333 = CARTESIAN_POINT('',(163.04371876935,102.93484695542,
    82.374308276721));
#4334 = CARTESIAN_POINT('',(163.07495977864,102.9592486337,
    82.405888443767));
#4335 = CARTESIAN_POINT('',(163.1052432045,102.98411077157,
    82.437911493791));
#4336 = CARTESIAN_POINT('',(163.1345994523,103.00945048489,
    82.470313339162));
#4337 = CARTESIAN_POINT('',(163.16305362856,103.03529752246,
    82.503037598958));
#4338 = CARTESIAN_POINT('',(163.24069975477,103.10964154144,
    82.595962313026));
#4339 = CARTESIAN_POINT('',(163.28728038808,103.15885087335,
    82.656092292548));
#4340 = CARTESIAN_POINT('',(163.33100802634,103.20991152745,
    82.716578317235));
#4341 = CARTESIAN_POINT('',(163.37207954891,103.26341737404,
    82.777419126278));
#4342 = CARTESIAN_POINT('',(163.41026267201,103.31986875109,
    82.838214792982));
#4343 = CARTESIAN_POINT('',(163.44499700123,103.37970776402,
    82.898071224146));
#4344 = CARTESIAN_POINT('',(163.47546219584,103.44343501763,
    82.955720165547));
#4345 = CARTESIAN_POINT('',(163.51364449733,103.54763618586,
    83.038392475464));
#4346 = CARTESIAN_POINT('',(163.52543312048,103.58516241373,
    83.066210326152));
#4347 = CARTESIAN_POINT('',(163.53553265156,103.62419367951,
    83.092935767795));
#4348 = CARTESIAN_POINT('',(163.5436698592,103.66464351571,
    83.118220384657));
#4349 = CARTESIAN_POINT('',(163.54960553146,103.70646132914,
    83.141816342303));
#4350 = CARTESIAN_POINT('',(163.55311799215,103.74961298706,
    83.163577998335));
#4351 = CARTESIAN_POINT('',(163.553993158,103.79406090062,
    83.183459553223));
#4352 = CARTESIAN_POINT('',(163.54950784603,103.89796504927,
    83.224511971557));
#4353 = CARTESIAN_POINT('',(163.54242792107,103.95684953365,
    83.244008067751));
#4354 = CARTESIAN_POINT('',(163.53071505202,104.0162174846,
    83.260377899774));
#4355 = CARTESIAN_POINT('',(163.51434374575,104.07575310377,
    83.274134910794));
#4356 = CARTESIAN_POINT('',(163.49337621793,104.13496377439,
    83.285885003047));
#4357 = CARTESIAN_POINT('',(163.46804021474,104.1931950051,
    83.296249978882));
#4358 = CARTESIAN_POINT('',(163.43880188743,104.24969148415,
    83.305780392783));
#4359 = CARTESIAN_POINT('',(163.38986668995,104.33124500052,
    83.319527771951));
#4360 = CARTESIAN_POINT('',(163.37241050563,104.35831479226,
    83.324089068531));
#4361 = CARTESIAN_POINT('',(163.35406378122,104.38486560551,
    83.328632241909));
#4362 = CARTESIAN_POINT('',(163.33486067547,104.41086093823,
    83.33321604586));
#4363 = CARTESIAN_POINT('',(163.3148348344,104.43626624693,
    83.33789385399));
#4364 = CARTESIAN_POINT('',(163.2940192103,104.46104882134,
    83.342714207788));
#4365 = CARTESIAN_POINT('',(163.27244588079,104.48517765902,
    83.347721364669));
#4366 = CARTESIAN_POINT('',(163.22037787317,104.53992067205,
    83.359943286519));
#4367 = CARTESIAN_POINT('',(163.18930877651,104.57000720349,
    83.367337340311));
#4368 = CARTESIAN_POINT('',(163.15702343828,104.59879934958,
    83.375231966597));
#4369 = CARTESIAN_POINT('',(163.1236088137,104.62621861243,
    83.383708549451));
#4370 = CARTESIAN_POINT('',(163.0891538533,104.65219172147,
    83.392837375857));
#4371 = CARTESIAN_POINT('',(163.05374940336,104.67665077389,
    83.402679113724));
#4372 = CARTESIAN_POINT('',(163.01748810636,104.699533375,
    83.413286289915));
#4373 = CARTESIAN_POINT('',(162.93765318633,104.74535374528,
    83.437908105764));
#4374 = CARTESIAN_POINT('',(162.89382035391,104.7677422096,
    83.452196839511));
#4375 = CARTESIAN_POINT('',(162.84914767136,104.78783942709,
    83.46763070153));
#4376 = CARTESIAN_POINT('',(162.80382319911,104.80555755765,
    83.484252567584));
#4377 = CARTESIAN_POINT('',(162.75803957446,104.82083028381,
    83.502089738626));
#4378 = CARTESIAN_POINT('',(162.71199239497,104.83361342894,
    83.521155222251));
#4379 = CARTESIAN_POINT('',(162.66587860201,104.84388557538,
    83.541449014148));
#4380 = CARTESIAN_POINT('',(162.57267772817,104.85962001573,
    83.585046706455));
#4381 = CARTESIAN_POINT('',(162.52562366876,104.86494152645,
    83.608404625746));
#4382 = CARTESIAN_POINT('',(162.47894521655,104.86762079511,
    83.633017843888));
#4383 = CARTESIAN_POINT('',(162.43285216957,104.86769158918,
    83.658858837584));
#4384 = CARTESIAN_POINT('',(162.38754976137,104.86521439042,
    83.685889407233));
#4385 = CARTESIAN_POINT('',(162.34323682912,104.86027692198,
    83.714062230384));
#4386 = CARTESIAN_POINT('',(162.30010398161,104.85299467544,
    83.743322415187));
#4387 = CARTESIAN_POINT('',(162.223468681,104.83559672872,
    83.798886279922));
#4388 = CARTESIAN_POINT('',(162.18955120882,104.82614843324,
    83.824879974979));
#4389 = CARTESIAN_POINT('',(162.15666271263,104.81524502977,
    83.851570681505));
#4390 = CARTESIAN_POINT('',(162.1248841138,104.80297320832,
    83.878938832868));
#4391 = CARTESIAN_POINT('',(162.09429374707,104.78942889119,
    83.906965747709));
#4392 = CARTESIAN_POINT('',(162.06496721434,104.77471825357,
    83.935634624303));
#4393 = CARTESIAN_POINT('',(162.03697723849,104.75895874414,
    83.964931534941));
#4394 = CARTESIAN_POINT('',(161.97388318818,104.71937350923,
    84.035931800731));
#4395 = CARTESIAN_POINT('',(161.93999571055,104.69471443388,
    84.078216000868));
#4396 = CARTESIAN_POINT('',(161.90889689782,104.66862089503,
    84.12170293643));
#4397 = CARTESIAN_POINT('',(161.88076727441,104.64145910818,
    84.166394376069));
#4398 = CARTESIAN_POINT('',(161.85578592652,104.61365762786,
    84.212305740287));
#4399 = CARTESIAN_POINT('',(161.8341199651,104.58570929051,
    84.259478537029));
#4400 = CARTESIAN_POINT('',(161.81591960088,104.55816096142,
    84.307989433937));
#4401 = CARTESIAN_POINT('',(161.79223039739,104.51505232983,
    84.389058269576));
#4402 = CARTESIAN_POINT('',(161.78452070842,104.49886362836,
    84.420779003092));
#4403 = CARTESIAN_POINT('',(161.77826583079,104.48323055948,
    84.453028954419));
#4404 = CARTESIAN_POINT('',(161.77350125047,104.4683421567,
    84.485740950946));
#4405 = CARTESIAN_POINT('',(161.77023207233,104.45436304077,
    84.518864335243));
#4406 = CARTESIAN_POINT('',(161.76844125735,104.4414281046,
    84.552359442367));
#4407 = CARTESIAN_POINT('',(161.76809589814,104.42963975146,
    84.586192080095));
#4408 = CARTESIAN_POINT('',(161.77006056071,104.40996386856,
    84.64972314982));
#4409 = CARTESIAN_POINT('',(161.77200551025,104.40179381405,
    84.679239923883));
#4410 = CARTESIAN_POINT('',(161.77494422877,104.39459368999,
    84.708846730187));
#4411 = CARTESIAN_POINT('',(161.778828907,104.38838012947,
    84.738506833064));
#4412 = CARTESIAN_POINT('',(161.78360535985,104.38315117883,
    84.768175063586));
#4413 = CARTESIAN_POINT('',(161.78921230741,104.3788872448,
    84.797794517921));
#4414 = CARTESIAN_POINT('',(161.79558065602,104.3755520418,
    84.827293255675));
#4415 = CARTESIAN_POINT('',(161.80692009307,104.37159890092,
    84.874386379471));
#4416 = CARTESIAN_POINT('',(161.81146409261,104.37042692372,
    84.892130632677));
#4417 = CARTESIAN_POINT('',(161.81625250977,104.36956548697,
    84.90981195593));
#4418 = CARTESIAN_POINT('',(161.82127356114,104.36900206039,
    84.927427510802));
#4419 = CARTESIAN_POINT('',(161.82651582782,104.36872377746,
    84.944973446727));
#4420 = CARTESIAN_POINT('',(161.83196813518,104.36871750901,
    84.962444925348));
#4421 = CARTESIAN_POINT('',(161.8376194327,104.36896993675,
    84.979836144868));
#4422 = CARTESIAN_POINT('',(161.87255625368,104.37194767116,
    85.083369192041));
#4423 = CARTESIAN_POINT('',(161.90647635148,104.3805311815,
    85.167899948155));
#4424 = CARTESIAN_POINT('',(161.94418143443,104.39368922042,
    85.250565258433));
#4425 = CARTESIAN_POINT('',(161.98495824613,104.41002878951,
    85.330997413194));
#4426 = CARTESIAN_POINT('',(162.02833064491,104.42851484766,
    85.409006243822));
#4427 = CARTESIAN_POINT('',(162.07413434032,104.44849864657,
    85.484744308365));
#4428 = CARTESIAN_POINT('',(162.12262713195,104.46962962109,
    85.55866903415));
#4429 = CARTESIAN_POINT('',(162.2287051848,104.51481292798,
    85.707196423291));
#4430 = CARTESIAN_POINT('',(162.28557389422,104.53851607709,
    85.780245574796));
#4431 = CARTESIAN_POINT('',(162.34547919093,104.56248076576,
    85.850887888417));
#4432 = CARTESIAN_POINT('',(162.40887684353,104.58644946793,
    85.919225421515));
#4433 = CARTESIAN_POINT('',(162.47620513058,104.61008618903,
    85.984977175238));
#4434 = CARTESIAN_POINT('',(162.54780058818,104.63289787623,
    86.04743514971));
#4435 = CARTESIAN_POINT('',(162.62383481231,104.65420383355,86.105443111
    ));
#4436 = CARTESIAN_POINT('',(162.70426917236,104.67310203982,
    86.157408581522));
#4437 = ORIENTED_EDGE('',*,*,#4438,.F.);
#4438 = EDGE_CURVE('',#4439,#4243,#4441,.T.);
#4439 = VERTEX_POINT('',#4440);
#4440 = CARTESIAN_POINT('',(163.09139882445,104.29438556814,
    86.033951754718));
#4441 = ELLIPSE('',#4442,2.20601741169,1.2);
#4442 = AXIS2_PLACEMENT_3D('',#4443,#4444,#4445);
#4443 = CARTESIAN_POINT('',(163.51202389969,106.42209360714,
    86.032063732521));
#4444 = DIRECTION('',(-0.258492135331,5.024509283393E-02,-0.964705782412
    ));
#4445 = DIRECTION('',(7.852018741034E-02,0.996434819772,
    3.085822605697E-02));
#4446 = ORIENTED_EDGE('',*,*,#4447,.T.);
#4447 = EDGE_CURVE('',#4439,#4448,#4450,.T.);
#4448 = VERTEX_POINT('',#4449);
#4449 = CARTESIAN_POINT('',(162.89883470265,104.701330323,
    86.255468838651));
#4450 = ELLIPSE('',#4451,2.428762950798,1.2);
#4451 = AXIS2_PLACEMENT_3D('',#4452,#4453,#4454);
#4452 = CARTESIAN_POINT('',(163.4331112296,106.11301898263,
    85.821629945621));
#4453 = DIRECTION('',(-0.706213647081,5.024509283394E-02,-0.706213647081
    ));
#4454 = DIRECTION('',(-0.163819134883,0.95881312222,0.232035962093));
#4455 = ORIENTED_EDGE('',*,*,#4456,.T.);
#4456 = EDGE_CURVE('',#4448,#4030,#4457,.T.);
#4457 = B_SPLINE_CURVE_WITH_KNOTS('',5,(#4458,#4459,#4460,#4461,#4462,
    #4463),.UNSPECIFIED.,.F.,.F.,(6,6),(0.,1.),
  .PIECEWISE_BEZIER_KNOTS.);
#4458 = CARTESIAN_POINT('',(162.89883376801,104.70133025944,
    86.255468494371));
#4459 = CARTESIAN_POINT('',(162.96558243177,104.7058691107,
    86.280056461095));
#4460 = CARTESIAN_POINT('',(163.03422091251,104.71064340119,
    86.300211263149));
#4461 = CARTESIAN_POINT('',(163.10478487357,104.71521643387,
    86.315303912393));
#4462 = CARTESIAN_POINT('',(163.17699534981,104.71895477572,
    86.324211146962));
#4463 = CARTESIAN_POINT('',(163.25006538126,104.72074023746,
    86.325426780485));
#4464 = ORIENTED_EDGE('',*,*,#4029,.T.);
#4465 = ORIENTED_EDGE('',*,*,#4466,.T.);
#4466 = EDGE_CURVE('',#3939,#4467,#4469,.T.);
#4467 = VERTEX_POINT('',#4468);
#4468 = CARTESIAN_POINT('',(162.69622022844,104.9414135331,
    86.297296659451));
#4469 = B_SPLINE_CURVE_WITH_KNOTS('',7,(#4470,#4471,#4472,#4473,#4474,
    #4475,#4476,#4477),.UNSPECIFIED.,.F.,.F.,(8,8),(0.,1.),
  .PIECEWISE_BEZIER_KNOTS.);
#4470 = CARTESIAN_POINT('',(163.27705158419,104.82643619893,
    86.397389988297));
#4471 = CARTESIAN_POINT('',(163.19014986775,104.83685856452,
    86.404486066997));
#4472 = CARTESIAN_POINT('',(163.10298044556,104.85141623847,
    86.405365407455));
#4473 = CARTESIAN_POINT('',(163.01675459588,104.86904945487,
    86.399214910145));
#4474 = CARTESIAN_POINT('',(162.93247246259,104.888305312,
    86.385505372485));
#4475 = CARTESIAN_POINT('',(162.85076790307,104.90760757796,
    86.363978093039));
#4476 = CARTESIAN_POINT('',(162.77196388463,104.92562550831,
    86.334554808373));
#4477 = CARTESIAN_POINT('',(162.69621966434,104.94141365068,
    86.297296381984));
#4478 = ORIENTED_EDGE('',*,*,#4479,.T.);
#4479 = EDGE_CURVE('',#4467,#4480,#4482,.T.);
#4480 = VERTEX_POINT('',#4481);
#4481 = CARTESIAN_POINT('',(162.46810966074,106.84117250035,
    86.660569675614));
#4482 = ELLIPSE('',#4483,2.428762950798,1.2);
#4483 = AXIS2_PLACEMENT_3D('',#4484,#4485,#4486);
#4484 = CARTESIAN_POINT('',(163.38061196007,105.90739684363,
    85.681631893541));
#4485 = DIRECTION('',(-0.706213647081,5.024509283394E-02,-0.706213647081
    ));
#4486 = DIRECTION('',(-0.163819134883,0.95881312222,0.232035962093));
#4487 = ORIENTED_EDGE('',*,*,#4488,.T.);
#4488 = EDGE_CURVE('',#4480,#3931,#4489,.T.);
#4489 = B_SPLINE_CURVE_WITH_KNOTS('',6,(#4490,#4491,#4492,#4493,#4494,
    #4495,#4496,#4497,#4498,#4499,#4500,#4501,#4502,#4503,#4504,#4505,
    #4506,#4507,#4508,#4509,#4510,#4511,#4512,#4513,#4514,#4515,#4516),
  .UNSPECIFIED.,.F.,.F.,(7,5,5,5,5,7),(0.,0.190656573533,0.340124569864,
    0.428369208037,0.754893878289,1.),.UNSPECIFIED.);
#4490 = CARTESIAN_POINT('',(162.46810946898,106.84117287721,
    86.660569044248));
#4491 = CARTESIAN_POINT('',(162.48369654271,106.81053751336,
    86.711892752396));
#4492 = CARTESIAN_POINT('',(162.50312180937,106.78107586316,
    86.762697021256));
#4493 = CARTESIAN_POINT('',(162.52628430482,106.75355266908,
    86.812741758314));
#4494 = CARTESIAN_POINT('',(162.55294492928,106.72862177577,
    86.861958134091));
#4495 = CARTESIAN_POINT('',(162.58281980932,106.70673648663,
    86.910339057678));
#4496 = CARTESIAN_POINT('',(162.64130847268,106.67357377348,
    86.995131713431));
#4497 = CARTESIAN_POINT('',(162.66872872031,106.66106676248,
    87.031767315513));
#4498 = CARTESIAN_POINT('',(162.69769056564,106.65073199158,
    87.067758920674));
#4499 = CARTESIAN_POINT('',(162.72800216702,106.64259458313,
    87.10307667288));
#4500 = CARTESIAN_POINT('',(162.75945251157,106.63660030072,
    87.137652986936));
#4501 = CARTESIAN_POINT('',(162.81087669039,106.6302791998,
    87.191288509193));
#4502 = CARTESIAN_POINT('',(162.83028936383,106.62863484655,
    87.210917775828));
#4503 = CARTESIAN_POINT('',(162.84999816853,106.62766623595,
    87.230267943562));
#4504 = CARTESIAN_POINT('',(162.86997638088,106.62734402309,
    87.249336605328));
#4505 = CARTESIAN_POINT('',(162.89019638679,106.62763636988,
    87.268117217677));
#4506 = CARTESIAN_POINT('',(162.98623354004,106.6317395622,
    87.354989439459));
#4507 = CARTESIAN_POINT('',(163.06467423022,106.64291681539,
    87.41923375823));
#4508 = CARTESIAN_POINT('',(163.14524241226,106.66032480862,
    87.479545231783));
#4509 = CARTESIAN_POINT('',(163.22757906875,106.68244477901,
    87.535666856447));
#4510 = CARTESIAN_POINT('',(163.31163843604,106.70825705017,
    87.58743643357));
#4511 = CARTESIAN_POINT('',(163.46230175737,106.75862341288,
    87.669684762148));
#4512 = CARTESIAN_POINT('',(163.5278879489,106.7818385185,
    87.702175555878));
#4513 = CARTESIAN_POINT('',(163.59463221854,106.80637142169,
    87.73176512768));
#4514 = CARTESIAN_POINT('',(163.66268006764,106.83198823864,
    87.75816185508));
#4515 = CARTESIAN_POINT('',(163.73208324445,106.85841859234,
    87.780867362534));
#4516 = CARTESIAN_POINT('',(163.80271302244,106.88527683207,
    87.799153823625));
#4517 = ORIENTED_EDGE('',*,*,#3930,.T.);
#4518 = ORIENTED_EDGE('',*,*,#4519,.T.);
#4519 = EDGE_CURVE('',#3852,#3652,#4520,.T.);
#4520 = B_SPLINE_CURVE_WITH_KNOTS('',6,(#4521,#4522,#4523,#4524,#4525,
    #4526,#4527,#4528,#4529,#4530,#4531,#4532,#4533,#4534,#4535,#4536,
    #4537),.UNSPECIFIED.,.F.,.F.,(7,5,5,7),(0.,4.403255642349E-02,
    0.485905392729,1.),.UNSPECIFIED.);
#4521 = CARTESIAN_POINT('',(164.03903475793,107.81087029607,
    88.429345118261));
#4522 = CARTESIAN_POINT('',(164.03833078019,107.81509497153,
    88.432221493047));
#4523 = CARTESIAN_POINT('',(164.0376623034,107.81932372173,
    88.435096961591));
#4524 = CARTESIAN_POINT('',(164.0370293903,107.82355617687,
    88.437971542656));
#4525 = CARTESIAN_POINT('',(164.03643208568,107.82779197001,
    88.440845249201));
#4526 = CARTESIAN_POINT('',(164.03587041636,107.83203073713,
    88.443718088384));
#4527 = CARTESIAN_POINT('',(164.0300656555,107.87883495559,
    88.475410712351));
#4528 = CARTESIAN_POINT('',(164.02838948533,107.9215555043,
    88.504072726352));
#4529 = CARTESIAN_POINT('',(164.03027861834,107.96417097085,
    88.532649035218));
#4530 = CARTESIAN_POINT('',(164.03557229443,108.00645707053,
    88.561142859382));
#4531 = CARTESIAN_POINT('',(164.04399288104,108.04819798571,
    88.589445083809));
#4532 = CARTESIAN_POINT('',(164.06809169937,108.13674018886,
    88.649807614243));
#4533 = CARTESIAN_POINT('',(164.08475241775,108.18333157114,
    88.68177929922));
#4534 = CARTESIAN_POINT('',(164.10462662263,108.22895799118,
    88.713261355024));
#4535 = CARTESIAN_POINT('',(164.12727673799,108.27368039048,
    88.744150084534));
#4536 = CARTESIAN_POINT('',(164.15230969967,108.31753888386,
    88.774310965272));
#4537 = CARTESIAN_POINT('',(164.17938303314,108.3605677073,
    88.803607185486));
#4538 = FACE_BOUND('',#4539,.T.);
#4539 = EDGE_LOOP('',(#4540,#4675));
#4540 = ORIENTED_EDGE('',*,*,#4541,.F.);
#4541 = EDGE_CURVE('',#4542,#4544,#4546,.T.);
#4542 = VERTEX_POINT('',#4543);
#4543 = CARTESIAN_POINT('',(162.42882196609,107.02985596979,
    86.223752772256));
#4544 = VERTEX_POINT('',#4545);
#4545 = CARTESIAN_POINT('',(162.41804545521,105.04294651018,
    86.123155461958));
#4546 = B_SPLINE_CURVE_WITH_KNOTS('',7,(#4547,#4548,#4549,#4550,#4551,
    #4552,#4553,#4554,#4555,#4556,#4557,#4558,#4559,#4560,#4561,#4562,
    #4563,#4564,#4565,#4566,#4567,#4568,#4569,#4570,#4571,#4572,#4573,
    #4574,#4575,#4576,#4577,#4578,#4579,#4580,#4581,#4582,#4583,#4584,
    #4585,#4586,#4587,#4588,#4589,#4590,#4591,#4592,#4593,#4594,#4595,
    #4596,#4597,#4598,#4599,#4600,#4601,#4602,#4603,#4604,#4605,#4606,
    #4607,#4608,#4609,#4610,#4611,#4612,#4613,#4614,#4615,#4616,#4617,
    #4618,#4619,#4620,#4621,#4622,#4623,#4624,#4625,#4626,#4627,#4628,
    #4629,#4630,#4631,#4632,#4633,#4634,#4635,#4636,#4637,#4638,#4639,
    #4640,#4641,#4642,#4643,#4644,#4645,#4646,#4647,#4648,#4649,#4650,
    #4651,#4652,#4653,#4654,#4655,#4656,#4657,#4658,#4659,#4660,#4661,
    #4662,#4663,#4664,#4665,#4666,#4667,#4668,#4669,#4670,#4671,#4672,
    #4673,#4674),.UNSPECIFIED.,.F.,.F.,(8,6,6,6,6,6,6,6,6,6,6,6,6,6,6,6,
    6,6,6,6,6,8),(0.,3.253689723199E-02,4.696395039622E-02,
    8.096743679402E-02,0.117696558493,0.159661829811,0.201414274087,
    0.238141075905,0.288166677456,0.3271278501,0.366078288603,
    0.387520957432,0.470794545398,0.584999610945,0.637793533905,
    0.685196404485,0.771088167544,0.805182451582,0.888676321538,
    0.911754394327,0.949787332735,1.),.UNSPECIFIED.);
#4547 = CARTESIAN_POINT('',(162.4288219118,107.02985579238,
    86.223753399759));
#4548 = CARTESIAN_POINT('',(162.43189910784,107.03991206466,
    86.188183170852));
#4549 = CARTESIAN_POINT('',(162.4364023561,107.05058720931,
    86.152839473107));
#4550 = CARTESIAN_POINT('',(162.44235450201,107.06179776706,
    86.117755966272));
#4551 = CARTESIAN_POINT('',(162.44976728515,107.07344079694,
    86.082970174719));
#4552 = CARTESIAN_POINT('',(162.45863808791,107.08539856327,
    86.048524079271));
#4553 = CARTESIAN_POINT('',(162.46894668404,107.09754322252,
    86.014464709015));
#4554 = CARTESIAN_POINT('',(162.48584218823,107.11515030334,
    85.96593743647));
#4555 = CARTESIAN_POINT('',(162.49130886436,107.12057161639,
    85.951111265271));
#4556 = CARTESIAN_POINT('',(162.49704958092,107.12599469539,
    85.936368465104));
#4557 = CARTESIAN_POINT('',(162.50306163638,107.13140890042,
    85.921711070637));
#4558 = CARTESIAN_POINT('',(162.50934206251,107.1368037056,
    85.907140905637));
#4559 = CARTESIAN_POINT('',(162.51588762437,107.14216869912,
    85.892659582967));
#4560 = CARTESIAN_POINT('',(162.5387388726,107.16004393718,
    85.844349808077));
#4561 = CARTESIAN_POINT('',(162.55623362488,107.17236945862,
    85.810938544701));
#4562 = CARTESIAN_POINT('',(162.5751359139,107.18433834717,
    85.778046597803));
#4563 = CARTESIAN_POINT('',(162.59539564533,107.19582305032,
    85.745686994677));
#4564 = CARTESIAN_POINT('',(162.61695604018,107.20670179979,
    85.713874034149));
#4565 = CARTESIAN_POINT('',(162.6397538813,107.21686014786,
    85.682623414158));
#4566 = CARTESIAN_POINT('',(162.68960668381,107.23627291814,
    85.618822788699));
#4567 = CARTESIAN_POINT('',(162.71686394584,107.24539252596,
    85.586359759754));
#4568 = CARTESIAN_POINT('',(162.74540375269,107.25341621756,
    85.554587325407));
#4569 = CARTESIAN_POINT('',(162.77513152056,107.26022168737,
    85.523528357254));
#4570 = CARTESIAN_POINT('',(162.80594669111,107.26569948537,
    85.493204115372));
#4571 = CARTESIAN_POINT('',(162.83774354759,107.26975306839,
    85.463633818104));
#4572 = CARTESIAN_POINT('',(162.9077377741,107.27520756474,
    85.401928897616));
#4573 = CARTESIAN_POINT('',(162.94620223667,107.27614796082,
    85.370028911116));
#4574 = CARTESIAN_POINT('',(162.98562100916,107.27499339762,
    85.339176689131));
#4575 = CARTESIAN_POINT('',(163.02580036482,107.27164555393,
    85.309405511674));
#4576 = CARTESIAN_POINT('',(163.0665396026,107.2660341846,
    85.280738314578));
#4577 = CARTESIAN_POINT('',(163.10763339013,107.2581168756,
    85.253186502091));
#4578 = CARTESIAN_POINT('',(163.18990567081,107.23769264499,
    85.200445095974));
#4579 = CARTESIAN_POINT('',(163.2310706209,107.22521216049,
    85.175251884934));
#4580 = CARTESIAN_POINT('',(163.27216435676,107.21042524059,
    85.151166599208));
#4581 = CARTESIAN_POINT('',(163.31298125462,107.19334643016,
    85.128173324991));
#4582 = CARTESIAN_POINT('',(163.35331696994,107.17401639334,
    85.106241736652));
#4583 = CARTESIAN_POINT('',(163.39297074028,107.15250138302,
    85.085326071558));
#4584 = CARTESIAN_POINT('',(163.46585714703,107.10812575722,
    85.047804912725));
#4585 = CARTESIAN_POINT('',(163.49928889686,107.08573838653,
    85.030983246487));
#4586 = CARTESIAN_POINT('',(163.53192428075,107.06178427033,
    85.014849928113));
#4587 = CARTESIAN_POINT('',(163.56364756777,107.03632750859,
    84.999347008455));
#4588 = CARTESIAN_POINT('',(163.59434679416,107.00944234024,
    84.984407497443));
#4589 = CARTESIAN_POINT('',(163.62391460455,106.9812128545,
    84.96995509423));
#4590 = CARTESIAN_POINT('',(163.69084351929,106.91157776659,
    84.93676479982));
#4591 = CARTESIAN_POINT('',(163.72718416468,106.86906669853,
    84.918353148363));
#4592 = CARTESIAN_POINT('',(163.76100026801,106.8244352252,
    84.900457916475));
#4593 = CARTESIAN_POINT('',(163.79204759093,106.77794934868,
    84.882831304796));
#4594 = CARTESIAN_POINT('',(163.82011753111,106.72989386519,
    84.865190386213));
#4595 = CARTESIAN_POINT('',(163.84504200676,106.68055733324,
    84.84722862655));
#4596 = CARTESIAN_POINT('',(163.8835573063,106.59100446364,
    84.814157917709));
#4597 = CARTESIAN_POINT('',(163.89844354491,106.55116591135,
    84.799289803638));
#4598 = CARTESIAN_POINT('',(163.91125034378,106.51091711392,
    84.783920131841));
#4599 = CARTESIAN_POINT('',(163.92192620388,106.47046102037,
    84.76793228416));
#4600 = CARTESIAN_POINT('',(163.93046005549,106.4299780419,
    84.751222504708));
#4601 = CARTESIAN_POINT('',(163.93687270112,106.38962412943,
    84.733711771087));
#4602 = CARTESIAN_POINT('',(163.94554661899,106.30945318618,
    84.696999053311));
#4603 = CARTESIAN_POINT('',(163.94779961998,106.26972303057,
    84.677837385233));
#4604 = CARTESIAN_POINT('',(163.94803207592,106.23046944821,
    84.657824948328));
#4605 = CARTESIAN_POINT('',(163.9463289003,106.19180127861,
    84.636953854888));
#4606 = CARTESIAN_POINT('',(163.94279287142,106.15381514271,
    84.615258192683));
#4607 = CARTESIAN_POINT('',(163.93754473851,106.11660293192,
    84.592817175948));
#4608 = CARTESIAN_POINT('',(163.92697478992,106.06025444406,
    84.557058251932));
#4609 = CARTESIAN_POINT('',(163.92274382002,106.04049769528,
    84.544164776321));
#4610 = CARTESIAN_POINT('',(163.91805424691,106.02099044713,
    84.531083416822));
#4611 = CARTESIAN_POINT('',(163.91292503633,106.00173259331,
    84.51782575314));
#4612 = CARTESIAN_POINT('',(163.90737484031,105.98272441324,
    84.504405417505));
#4613 = CARTESIAN_POINT('',(163.9014222073,105.96396669328,
    84.490837896361));
#4614 = CARTESIAN_POINT('',(163.87047803377,105.87359254872,
    84.423945212817));
#4615 = CARTESIAN_POINT('',(163.84009332326,105.80555554378,
    84.368812896654));
#4616 = CARTESIAN_POINT('',(163.80486081729,105.74092284078,
    84.312378289959));
#4617 = CARTESIAN_POINT('',(163.76540367211,105.6793169585,84.2553833008
    ));
#4618 = CARTESIAN_POINT('',(163.72212058131,105.62040248467,
    84.198434016618));
#4619 = CARTESIAN_POINT('',(163.67516507187,105.56385526018,
    84.141989817787));
#4620 = CARTESIAN_POINT('',(163.55487084849,105.43472166748,
    84.010377790463));
#4621 = CARTESIAN_POINT('',(163.47967368394,105.36554915968,
    83.937643542263));
#4622 = CARTESIAN_POINT('',(163.39789006611,105.29955686842,
    83.867934997628));
#4623 = CARTESIAN_POINT('',(163.30782479245,105.23606483753,
    83.801775862005));
#4624 = CARTESIAN_POINT('',(163.2084001304,105.17570527904,
    83.741799737598));
#4625 = CARTESIAN_POINT('',(163.09931886996,105.12032282451,
    83.692756252625));
#4626 = CARTESIAN_POINT('',(162.92755769789,105.05083530825,
    83.647417991227));
#4627 = CARTESIAN_POINT('',(162.87017484735,105.03002506429,
    83.63659809775));
#4628 = CARTESIAN_POINT('',(162.81064822961,105.0111933076,
    83.630580494096));
#4629 = CARTESIAN_POINT('',(162.74987199084,104.99495779093,
    83.630416763882));
#4630 = CARTESIAN_POINT('',(162.68869636388,104.9817618838,
    83.636910255019));
#4631 = CARTESIAN_POINT('',(162.62792523362,104.97189328221,
    83.650611861179));
#4632 = CARTESIAN_POINT('',(162.51478171448,104.9597446567,
    83.69086654969));
#4633 = CARTESIAN_POINT('',(162.46367478623,104.95695255919,
    83.715434476483));
#4634 = CARTESIAN_POINT('',(162.41542387044,104.95693460292,
    83.745140215833));
#4635 = CARTESIAN_POINT('',(162.37038794098,104.95941490097,
    83.779384637062));
#4636 = CARTESIAN_POINT('',(162.32884317818,104.96402870292,
    83.817350867842));
#4637 = CARTESIAN_POINT('',(162.29097883233,104.97033389616,
    83.857996313315));
#4638 = CARTESIAN_POINT('',(162.19513871262,104.99140761637,
    83.976224042493));
#4639 = CARTESIAN_POINT('',(162.14402154307,105.00928172435,
    84.059190970016));
#4640 = CARTESIAN_POINT('',(162.1021259339,105.02959787631,
    84.145891673076));
#4641 = CARTESIAN_POINT('',(162.06802060243,105.05109665871,
    84.234337225853));
#4642 = CARTESIAN_POINT('',(162.04043016592,105.07298838039,
    84.323574693521));
#4643 = CARTESIAN_POINT('',(162.01834606587,105.09488037995,
    84.413616325213));
#4644 = CARTESIAN_POINT('',(161.99438636876,105.12508105472,
    84.541757801125));
#4645 = CARTESIAN_POINT('',(161.98838235857,105.13358561393,
    84.578291107433));
#4646 = CARTESIAN_POINT('',(161.98314913061,105.14197981756,
    84.614926369211));
#4647 = CARTESIAN_POINT('',(161.97865829263,105.15023163139,
    84.651648750558));
#4648 = CARTESIAN_POINT('',(161.97488642858,105.15830946838,
    84.688448264931));
#4649 = CARTESIAN_POINT('',(161.97181506178,105.16618133977,
    84.725319775611));
#4650 = CARTESIAN_POINT('',(161.96359132769,105.19250572718,
    84.85273365835));
#4651 = CARTESIAN_POINT('',(161.96188099671,105.20973560526,
    84.943500226531));
#4652 = CARTESIAN_POINT('',(161.9640753949,105.22502827707,
    85.03459845387));
#4653 = CARTESIAN_POINT('',(161.97017739372,105.23781485995,
    85.125972569436));
#4654 = CARTESIAN_POINT('',(161.98031853281,105.24734244245,
    85.217404324255));
#4655 = CARTESIAN_POINT('',(161.99478585237,105.25269500298,
    85.308528585808));
#4656 = CARTESIAN_POINT('',(162.01953295863,105.2529895378,
    85.423924344373));
#4657 = CARTESIAN_POINT('',(162.02526750962,105.25266204322,
    85.448856463671));
#4658 = CARTESIAN_POINT('',(162.03138723938,105.25192341103,
    85.473709474253));
#4659 = CARTESIAN_POINT('',(162.03790277136,105.25075492979,
    85.498462782032));
#4660 = CARTESIAN_POINT('',(162.04482609928,105.24913928683,
    85.523097437701));
#4661 = CARTESIAN_POINT('',(162.05217092871,105.24706081669,
    85.547596010955));
#4662 = CARTESIAN_POINT('',(162.07277799548,105.24029496877,
    85.612065710014));
#4663 = CARTESIAN_POINT('',(162.08680559814,105.23478482519,
    85.651822892813));
#4664 = CARTESIAN_POINT('',(162.1020763519,105.22791982927,
    85.691030836658));
#4665 = CARTESIAN_POINT('',(162.11863227551,105.21967720339,
    85.729538376458));
#4666 = CARTESIAN_POINT('',(162.13651831456,105.21007138317,
    85.767218663263));
#4667 = CARTESIAN_POINT('',(162.15577935629,105.19915586183,
    85.80396277886));
#4668 = CARTESIAN_POINT('',(162.2037468007,105.17100324755,
    85.886822971284));
#4669 = CARTESIAN_POINT('',(162.23340745644,105.15291714119,
    85.932007534016));
#4670 = CARTESIAN_POINT('',(162.26550571063,105.13299194104,
    85.975057197556));
#4671 = CARTESIAN_POINT('',(162.30008481439,105.11156537585,
    86.015820963702));
#4672 = CARTESIAN_POINT('',(162.33713036073,105.08907520638,
    86.054164461359));
#4673 = CARTESIAN_POINT('',(162.37653330863,105.06602795723,
    86.089972244795));
#4674 = CARTESIAN_POINT('',(162.41804602276,105.04294619462,
    86.123155915643));
#4675 = ORIENTED_EDGE('',*,*,#4676,.F.);
#4676 = EDGE_CURVE('',#4544,#4542,#4677,.T.);
#4677 = ELLIPSE('',#4678,2.20601741169,1.2);
#4678 = AXIS2_PLACEMENT_3D('',#4679,#4680,#4681);
#4679 = CARTESIAN_POINT('',(163.46433941791,106.23532938682,
    85.904905114431));
#4680 = DIRECTION('',(-0.258492135331,5.024509283393E-02,-0.964705782412
    ));
#4681 = DIRECTION('',(7.852018741034E-02,0.996434819772,
    3.085822605697E-02));
#4682 = CYLINDRICAL_SURFACE('',#4683,1.2);
#4683 = AXIS2_PLACEMENT_3D('',#4684,#4685,#4686);
#4684 = CARTESIAN_POINT('',(162.,100.5,82.));
#4685 = DIRECTION('',(0.206497936286,0.808783583786,0.550661163429));
#4686 = DIRECTION('',(0.,-0.562790977082,0.826599247589));
#4687 = ADVANCED_FACE('',(#4688),#4692,.F.);
#4688 = FACE_BOUND('',#4689,.F.);
#4689 = EDGE_LOOP('',(#4690,#4691));
#4690 = ORIENTED_EDGE('',*,*,#3214,.T.);
#4691 = ORIENTED_EDGE('',*,*,#3199,.T.);
#4692 = PLANE('',#4693);
#4693 = AXIS2_PLACEMENT_3D('',#4694,#4695,#4696);
#4694 = CARTESIAN_POINT('',(170.,108.125,90.));
#4695 = DIRECTION('',(-0.964705782412,5.024509283393E-02,-0.258492135331
    ));
#4696 = DIRECTION('',(0.258819045103,1.734723475977E-18,-0.965925826289)
  );
#4697 = ADVANCED_FACE('',(#4698),#4745,.T.);
#4698 = FACE_BOUND('',#4699,.T.);
#4699 = EDGE_LOOP('',(#4700,#4707,#4708,#4716,#4725,#4732,#4733,#4734,
    #4735,#4742,#4743,#4744));
#4700 = ORIENTED_EDGE('',*,*,#4701,.T.);
#4701 = EDGE_CURVE('',#3181,#3172,#4702,.T.);
#4702 = CIRCLE('',#4703,1.2);
#4703 = AXIS2_PLACEMENT_3D('',#4704,#4705,#4706);
#4704 = CARTESIAN_POINT('',(166.,108.33333333333,88.928203230276));
#4705 = DIRECTION('',(-0.706213647081,5.024509283394E-02,-0.706213647081
    ));
#4706 = DIRECTION('',(0.707106781187,0.,-0.707106781187));
#4707 = ORIENTED_EDGE('',*,*,#3171,.T.);
#4708 = ORIENTED_EDGE('',*,*,#4709,.T.);
#4709 = EDGE_CURVE('',#3163,#4710,#4712,.T.);
#4710 = VERTEX_POINT('',#4711);
#4711 = CARTESIAN_POINT('',(164.14707224479,108.52553423836,
    85.378219200227));
#4712 = LINE('',#4713,#4714);
#4713 = CARTESIAN_POINT('',(166.84852813742,108.33333333333,
    88.079675092852));
#4714 = VECTOR('',#4715,1.);
#4715 = DIRECTION('',(-0.706213647081,5.024509283394E-02,-0.706213647081
    ));
#4716 = ORIENTED_EDGE('',*,*,#4717,.F.);
#4717 = EDGE_CURVE('',#4718,#4710,#4720,.T.);
#4718 = VERTEX_POINT('',#4719);
#4719 = CARTESIAN_POINT('',(163.10300447023,109.7400423664,
    86.054053322878));
#4720 = ELLIPSE('',#4721,1.242218841831,1.2);
#4721 = AXIS2_PLACEMENT_3D('',#4722,#4723,#4724);
#4722 = CARTESIAN_POINT('',(163.07179676972,108.54166666666,86.));
#4723 = DIRECTION('',(-0.499323208223,5.201283418987E-02,-0.86485316604)
  );
#4724 = DIRECTION('',(-0.866025403784,7.847889005319E-15,0.5));
#4725 = ORIENTED_EDGE('',*,*,#4726,.F.);
#4726 = EDGE_CURVE('',#3670,#4718,#4727,.T.);
#4727 = CIRCLE('',#4728,1.2);
#4728 = AXIS2_PLACEMENT_3D('',#4729,#4730,#4731);
#4729 = CARTESIAN_POINT('',(163.07179676972,108.54166666666,86.));
#4730 = DIRECTION('',(-0.706213647081,5.024509283394E-02,-0.706213647081
    ));
#4731 = DIRECTION('',(0.707106781187,0.,-0.707106781187));
#4732 = ORIENTED_EDGE('',*,*,#3669,.T.);
#4733 = ORIENTED_EDGE('',*,*,#4519,.F.);
#4734 = ORIENTED_EDGE('',*,*,#3851,.F.);
#4735 = ORIENTED_EDGE('',*,*,#4736,.F.);
#4736 = EDGE_CURVE('',#4710,#3803,#4737,.T.);
#4737 = ELLIPSE('',#4738,1.242218841831,1.2);
#4738 = AXIS2_PLACEMENT_3D('',#4739,#4740,#4741);
#4739 = CARTESIAN_POINT('',(163.07179676972,108.54166666666,86.));
#4740 = DIRECTION('',(-0.499323208223,5.201283418987E-02,-0.86485316604)
  );
#4741 = DIRECTION('',(-0.866025403784,7.847889005319E-15,0.5));
#4742 = ORIENTED_EDGE('',*,*,#4709,.F.);
#4743 = ORIENTED_EDGE('',*,*,#3162,.T.);
#4744 = ORIENTED_EDGE('',*,*,#3189,.T.);
#4745 = CYLINDRICAL_SURFACE('',#4746,1.2);
#4746 = AXIS2_PLACEMENT_3D('',#4747,#4748,#4749);
#4747 = CARTESIAN_POINT('',(166.,108.33333333333,88.928203230276));
#4748 = DIRECTION('',(-0.706213647081,5.024509283394E-02,-0.706213647081
    ));
#4749 = DIRECTION('',(0.707106781187,0.,-0.707106781187));
#4750 = ADVANCED_FACE('',(#4751),#4760,.T.);
#4751 = FACE_BOUND('',#4752,.T.);
#4752 = EDGE_LOOP('',(#4753,#4759));
#4753 = ORIENTED_EDGE('',*,*,#4754,.T.);
#4754 = EDGE_CURVE('',#3172,#3181,#4755,.T.);
#4755 = LINE('',#4756,#4757);
#4756 = CARTESIAN_POINT('',(166.,108.33333333333,88.928203230276));
#4757 = VECTOR('',#4758,1.);
#4758 = DIRECTION('',(-4.504443573125E-02,-0.998646416446,
    -2.600641709494E-02));
#4759 = ORIENTED_EDGE('',*,*,#3180,.T.);
#4760 = PLANE('',#4761);
#4761 = AXIS2_PLACEMENT_3D('',#4762,#4763,#4764);
#4762 = CARTESIAN_POINT('',(166.,108.33333333333,88.928203230276));
#4763 = DIRECTION('',(-0.964705782412,5.024509283393E-02,-0.258492135331
    ));
#4764 = DIRECTION('',(0.258819045103,1.734723475977E-18,-0.965925826289)
  );
#4765 = ADVANCED_FACE('',(#4766),#4770,.F.);
#4766 = FACE_BOUND('',#4767,.F.);
#4767 = EDGE_LOOP('',(#4768,#4769));
#4768 = ORIENTED_EDGE('',*,*,#3291,.T.);
#4769 = ORIENTED_EDGE('',*,*,#3276,.T.);
#4770 = PLANE('',#4771);
#4771 = AXIS2_PLACEMENT_3D('',#4772,#4773,#4774);
#4772 = CARTESIAN_POINT('',(170.,105.625,90.));
#4773 = DIRECTION('',(-0.964705782412,5.024509283393E-02,-0.258492135331
    ));
#4774 = DIRECTION('',(0.258819045103,-1.734723475977E-18,-0.965925826289
    ));
#4775 = ADVANCED_FACE('',(#4776),#4822,.T.);
#4776 = FACE_BOUND('',#4777,.T.);
#4777 = EDGE_LOOP('',(#4778,#4788,#4795,#4796,#4797,#4798,#4805,#4806,
    #4813,#4814,#4815));
#4778 = ORIENTED_EDGE('',*,*,#4779,.T.);
#4779 = EDGE_CURVE('',#4780,#4782,#4784,.T.);
#4780 = VERTEX_POINT('',#4781);
#4781 = CARTESIAN_POINT('',(165.15147186257,105.83333333333,
    89.776731367699));
#4782 = VERTEX_POINT('',#4783);
#4783 = CARTESIAN_POINT('',(162.2232686323,106.04166666666,
    86.848528137424));
#4784 = LINE('',#4785,#4786);
#4785 = CARTESIAN_POINT('',(165.15147186257,105.83333333333,
    89.776731367699));
#4786 = VECTOR('',#4787,1.);
#4787 = DIRECTION('',(-0.706213647081,5.024509283394E-02,-0.706213647081
    ));
#4788 = ORIENTED_EDGE('',*,*,#4789,.F.);
#4789 = EDGE_CURVE('',#4467,#4782,#4790,.T.);
#4790 = CIRCLE('',#4791,1.2);
#4791 = AXIS2_PLACEMENT_3D('',#4792,#4793,#4794);
#4792 = CARTESIAN_POINT('',(163.07179676972,106.04166666666,86.));
#4793 = DIRECTION('',(-0.706213647081,5.024509283394E-02,-0.706213647081
    ));
#4794 = DIRECTION('',(-0.707106781187,0.,0.707106781187));
#4795 = ORIENTED_EDGE('',*,*,#4466,.F.);
#4796 = ORIENTED_EDGE('',*,*,#3938,.F.);
#4797 = ORIENTED_EDGE('',*,*,#4488,.F.);
#4798 = ORIENTED_EDGE('',*,*,#4799,.F.);
#4799 = EDGE_CURVE('',#4782,#4480,#4800,.T.);
#4800 = CIRCLE('',#4801,1.2);
#4801 = AXIS2_PLACEMENT_3D('',#4802,#4803,#4804);
#4802 = CARTESIAN_POINT('',(163.07179676972,106.04166666666,86.));
#4803 = DIRECTION('',(-0.706213647081,5.024509283394E-02,-0.706213647081
    ));
#4804 = DIRECTION('',(-0.707106781187,0.,0.707106781187));
#4805 = ORIENTED_EDGE('',*,*,#4779,.F.);
#4806 = ORIENTED_EDGE('',*,*,#4807,.T.);
#4807 = EDGE_CURVE('',#4780,#3249,#4808,.T.);
#4808 = CIRCLE('',#4809,1.2);
#4809 = AXIS2_PLACEMENT_3D('',#4810,#4811,#4812);
#4810 = CARTESIAN_POINT('',(166.,105.83333333333,88.928203230276));
#4811 = DIRECTION('',(-0.706213647081,5.024509283394E-02,-0.706213647081
    ));
#4812 = DIRECTION('',(-0.707106781187,0.,0.707106781187));
#4813 = ORIENTED_EDGE('',*,*,#3248,.T.);
#4814 = ORIENTED_EDGE('',*,*,#3266,.T.);
#4815 = ORIENTED_EDGE('',*,*,#4816,.T.);
#4816 = EDGE_CURVE('',#3258,#4780,#4817,.T.);
#4817 = CIRCLE('',#4818,1.2);
#4818 = AXIS2_PLACEMENT_3D('',#4819,#4820,#4821);
#4819 = CARTESIAN_POINT('',(166.,105.83333333333,88.928203230276));
#4820 = DIRECTION('',(-0.706213647081,5.024509283394E-02,-0.706213647081
    ));
#4821 = DIRECTION('',(-0.707106781187,0.,0.707106781187));
#4822 = CYLINDRICAL_SURFACE('',#4823,1.2);
#4823 = AXIS2_PLACEMENT_3D('',#4824,#4825,#4826);
#4824 = CARTESIAN_POINT('',(166.,105.83333333333,88.928203230276));
#4825 = DIRECTION('',(-0.706213647081,5.024509283394E-02,-0.706213647081
    ));
#4826 = DIRECTION('',(-0.707106781187,0.,0.707106781187));
#4827 = ADVANCED_FACE('',(#4828),#4837,.T.);
#4828 = FACE_BOUND('',#4829,.T.);
#4829 = EDGE_LOOP('',(#4830,#4836));
#4830 = ORIENTED_EDGE('',*,*,#4831,.T.);
#4831 = EDGE_CURVE('',#3249,#3258,#4832,.T.);
#4832 = LINE('',#4833,#4834);
#4833 = CARTESIAN_POINT('',(166.,105.83333333333,88.928203230276));
#4834 = VECTOR('',#4835,1.);
#4835 = DIRECTION('',(-4.504443573125E-02,-0.998646416446,
    -2.600641709494E-02));
#4836 = ORIENTED_EDGE('',*,*,#3257,.T.);
#4837 = PLANE('',#4838);
#4838 = AXIS2_PLACEMENT_3D('',#4839,#4840,#4841);
#4839 = CARTESIAN_POINT('',(166.,105.83333333333,88.928203230276));
#4840 = DIRECTION('',(-0.964705782412,5.024509283393E-02,-0.258492135331
    ));
#4841 = DIRECTION('',(0.258819045103,-1.734723475977E-18,-0.965925826289
    ));
#4842 = ADVANCED_FACE('',(#4843),#4847,.F.);
#4843 = FACE_BOUND('',#4844,.F.);
#4844 = EDGE_LOOP('',(#4845,#4846));
#4845 = ORIENTED_EDGE('',*,*,#3368,.T.);
#4846 = ORIENTED_EDGE('',*,*,#3353,.T.);
#4847 = PLANE('',#4848);
#4848 = AXIS2_PLACEMENT_3D('',#4849,#4850,#4851);
#4849 = CARTESIAN_POINT('',(170.,103.125,90.));
#4850 = DIRECTION('',(-0.964705782412,5.024509283393E-02,-0.258492135331
    ));
#4851 = DIRECTION('',(0.258819045103,-1.734723475977E-18,-0.965925826289
    ));
#4852 = ADVANCED_FACE('',(#4853),#4907,.T.);
#4853 = FACE_BOUND('',#4854,.T.);
#4854 = EDGE_LOOP('',(#4855,#4865,#4874,#4881,#4882,#4883,#4890,#4891,
    #4898,#4899,#4900));
#4855 = ORIENTED_EDGE('',*,*,#4856,.T.);
#4856 = EDGE_CURVE('',#4857,#4859,#4861,.T.);
#4857 = VERTEX_POINT('',#4858);
#4858 = CARTESIAN_POINT('',(165.15147186257,103.33333333333,
    89.776731367699));
#4859 = VERTEX_POINT('',#4860);
#4860 = CARTESIAN_POINT('',(162.2232686323,103.54166666666,
    86.848528137424));
#4861 = LINE('',#4862,#4863);
#4862 = CARTESIAN_POINT('',(165.15147186257,103.33333333333,
    89.776731367699));
#4863 = VECTOR('',#4864,1.);
#4864 = DIRECTION('',(-0.706213647081,5.024509283394E-02,-0.706213647081
    ));
#4865 = ORIENTED_EDGE('',*,*,#4866,.F.);
#4866 = EDGE_CURVE('',#4867,#4859,#4869,.T.);
#4867 = VERTEX_POINT('',#4868);
#4868 = CARTESIAN_POINT('',(163.04058906921,102.34329096693,
    85.945946677123));
#4869 = CIRCLE('',#4870,1.2);
#4870 = AXIS2_PLACEMENT_3D('',#4871,#4872,#4873);
#4871 = CARTESIAN_POINT('',(163.07179676972,103.54166666666,86.));
#4872 = DIRECTION('',(-0.706213647081,5.024509283394E-02,-0.706213647081
    ));
#4873 = DIRECTION('',(-0.707106781187,0.,0.707106781187));
#4874 = ORIENTED_EDGE('',*,*,#4875,.F.);
#4875 = EDGE_CURVE('',#4038,#4867,#4876,.T.);
#4876 = ELLIPSE('',#4877,1.242218841831,1.2);
#4877 = AXIS2_PLACEMENT_3D('',#4878,#4879,#4880);
#4878 = CARTESIAN_POINT('',(163.07179676972,103.54166666666,86.));
#4879 = DIRECTION('',(-0.499323208223,5.201283418987E-02,-0.86485316604)
  );
#4880 = DIRECTION('',(-0.866025403784,6.723788192886E-15,0.5));
#4881 = ORIENTED_EDGE('',*,*,#4037,.F.);
#4882 = ORIENTED_EDGE('',*,*,#4456,.F.);
#4883 = ORIENTED_EDGE('',*,*,#4884,.F.);
#4884 = EDGE_CURVE('',#4859,#4448,#4885,.T.);
#4885 = CIRCLE('',#4886,1.2);
#4886 = AXIS2_PLACEMENT_3D('',#4887,#4888,#4889);
#4887 = CARTESIAN_POINT('',(163.07179676972,103.54166666666,86.));
#4888 = DIRECTION('',(-0.706213647081,5.024509283394E-02,-0.706213647081
    ));
#4889 = DIRECTION('',(-0.707106781187,0.,0.707106781187));
#4890 = ORIENTED_EDGE('',*,*,#4856,.F.);
#4891 = ORIENTED_EDGE('',*,*,#4892,.T.);
#4892 = EDGE_CURVE('',#4857,#3326,#4893,.T.);
#4893 = CIRCLE('',#4894,1.2);
#4894 = AXIS2_PLACEMENT_3D('',#4895,#4896,#4897);
#4895 = CARTESIAN_POINT('',(166.,103.33333333333,88.928203230276));
#4896 = DIRECTION('',(-0.706213647081,5.024509283394E-02,-0.706213647081
    ));
#4897 = DIRECTION('',(-0.707106781187,0.,0.707106781187));
#4898 = ORIENTED_EDGE('',*,*,#3325,.T.);
#4899 = ORIENTED_EDGE('',*,*,#3343,.T.);
#4900 = ORIENTED_EDGE('',*,*,#4901,.T.);
#4901 = EDGE_CURVE('',#3335,#4857,#4902,.T.);
#4902 = CIRCLE('',#4903,1.2);
#4903 = AXIS2_PLACEMENT_3D('',#4904,#4905,#4906);
#4904 = CARTESIAN_POINT('',(166.,103.33333333333,88.928203230276));
#4905 = DIRECTION('',(-0.706213647081,5.024509283394E-02,-0.706213647081
    ));
#4906 = DIRECTION('',(-0.707106781187,0.,0.707106781187));
#4907 = CYLINDRICAL_SURFACE('',#4908,1.2);
#4908 = AXIS2_PLACEMENT_3D('',#4909,#4910,#4911);
#4909 = CARTESIAN_POINT('',(166.,103.33333333333,88.928203230276));
#4910 = DIRECTION('',(-0.706213647081,5.024509283394E-02,-0.706213647081
    ));
#4911 = DIRECTION('',(-0.707106781187,0.,0.707106781187));
#4912 = ADVANCED_FACE('',(#4913),#4922,.T.);
#4913 = FACE_BOUND('',#4914,.T.);
#4914 = EDGE_LOOP('',(#4915,#4921));
#4915 = ORIENTED_EDGE('',*,*,#4916,.T.);
#4916 = EDGE_CURVE('',#3326,#3335,#4917,.T.);
#4917 = LINE('',#4918,#4919);
#4918 = CARTESIAN_POINT('',(166.,103.33333333333,88.928203230276));
#4919 = VECTOR('',#4920,1.);
#4920 = DIRECTION('',(-4.504443573125E-02,-0.998646416446,
    -2.600641709494E-02));
#4921 = ORIENTED_EDGE('',*,*,#3334,.T.);
#4922 = PLANE('',#4923);
#4923 = AXIS2_PLACEMENT_3D('',#4924,#4925,#4926);
#4924 = CARTESIAN_POINT('',(166.,103.33333333333,88.928203230276));
#4925 = DIRECTION('',(-0.964705782412,5.024509283393E-02,-0.258492135331
    ));
#4926 = DIRECTION('',(0.258819045103,-1.734723475977E-18,-0.965925826289
    ));
#4927 = ADVANCED_FACE('',(#4928),#4982,.T.);
#4928 = FACE_BOUND('',#4929,.T.);
#4929 = EDGE_LOOP('',(#4930,#4939,#4947,#4956,#4965,#4972,#4973,#4980,
    #4981));
#4930 = ORIENTED_EDGE('',*,*,#4931,.F.);
#4931 = EDGE_CURVE('',#4932,#3394,#4934,.T.);
#4932 = VERTEX_POINT('',#4933);
#4933 = CARTESIAN_POINT('',(165.15147186257,104.16666666666,
    74.223268632301));
#4934 = CIRCLE('',#4935,1.2);
#4935 = AXIS2_PLACEMENT_3D('',#4936,#4937,#4938);
#4936 = CARTESIAN_POINT('',(166.,104.16666666666,75.071796769724));
#4937 = DIRECTION('',(0.706213647081,5.024509283394E-02,-0.706213647081)
  );
#4938 = DIRECTION('',(-0.707106781187,0.,-0.707106781187));
#4939 = ORIENTED_EDGE('',*,*,#4940,.F.);
#4940 = EDGE_CURVE('',#4941,#4932,#4943,.T.);
#4941 = VERTEX_POINT('',#4942);
#4942 = CARTESIAN_POINT('',(162.2232686323,103.95833333333,
    77.151471862576));
#4943 = LINE('',#4944,#4945);
#4944 = CARTESIAN_POINT('',(162.2232686323,103.95833333333,
    77.151471862576));
#4945 = VECTOR('',#4946,1.);
#4946 = DIRECTION('',(0.706213647081,5.024509283394E-02,-0.706213647081)
  );
#4947 = ORIENTED_EDGE('',*,*,#4948,.T.);
#4948 = EDGE_CURVE('',#4941,#4949,#4951,.T.);
#4949 = VERTEX_POINT('',#4950);
#4950 = CARTESIAN_POINT('',(163.04058906921,105.15670903306,
    78.054053322877));
#4951 = CIRCLE('',#4952,1.2);
#4952 = AXIS2_PLACEMENT_3D('',#4953,#4954,#4955);
#4953 = CARTESIAN_POINT('',(163.07179676972,103.95833333333,78.));
#4954 = DIRECTION('',(0.706213647081,5.024509283394E-02,-0.706213647081)
  );
#4955 = DIRECTION('',(-0.707106781187,0.,-0.707106781187));
#4956 = ORIENTED_EDGE('',*,*,#4957,.T.);
#4957 = EDGE_CURVE('',#4949,#4958,#4960,.T.);
#4958 = VERTEX_POINT('',#4959);
#4959 = CARTESIAN_POINT('',(163.10300447023,102.75995763359,
    77.945946677123));
#4960 = ELLIPSE('',#4961,1.242218841831,1.2);
#4961 = AXIS2_PLACEMENT_3D('',#4962,#4963,#4964);
#4962 = CARTESIAN_POINT('',(163.07179676972,103.95833333333,78.));
#4963 = DIRECTION('',(0.499323208223,5.201283418987E-02,-0.86485316604)
  );
#4964 = DIRECTION('',(-0.866025403784,-6.723788192886E-15,-0.5));
#4965 = ORIENTED_EDGE('',*,*,#4966,.T.);
#4966 = EDGE_CURVE('',#4958,#4941,#4967,.T.);
#4967 = CIRCLE('',#4968,1.2);
#4968 = AXIS2_PLACEMENT_3D('',#4969,#4970,#4971);
#4969 = CARTESIAN_POINT('',(163.07179676972,103.95833333333,78.));
#4970 = DIRECTION('',(0.706213647081,5.024509283394E-02,-0.706213647081)
  );
#4971 = DIRECTION('',(-0.707106781187,0.,-0.707106781187));
#4972 = ORIENTED_EDGE('',*,*,#4940,.T.);
#4973 = ORIENTED_EDGE('',*,*,#4974,.F.);
#4974 = EDGE_CURVE('',#3422,#4932,#4975,.T.);
#4975 = CIRCLE('',#4976,1.2);
#4976 = AXIS2_PLACEMENT_3D('',#4977,#4978,#4979);
#4977 = CARTESIAN_POINT('',(166.,104.16666666666,75.071796769724));
#4978 = DIRECTION('',(0.706213647081,5.024509283394E-02,-0.706213647081)
  );
#4979 = DIRECTION('',(-0.707106781187,0.,-0.707106781187));
#4980 = ORIENTED_EDGE('',*,*,#3421,.F.);
#4981 = ORIENTED_EDGE('',*,*,#3393,.F.);
#4982 = CYLINDRICAL_SURFACE('',#4983,1.2);
#4983 = AXIS2_PLACEMENT_3D('',#4984,#4985,#4986);
#4984 = CARTESIAN_POINT('',(163.07179676972,103.95833333333,78.));
#4985 = DIRECTION('',(0.706213647081,5.024509283394E-02,-0.706213647081)
  );
#4986 = DIRECTION('',(-0.707106781187,0.,-0.707106781187));
#4987 = ADVANCED_FACE('',(#4988),#4997,.F.);
#4988 = FACE_BOUND('',#4989,.F.);
#4989 = EDGE_LOOP('',(#4990,#4996));
#4990 = ORIENTED_EDGE('',*,*,#4991,.T.);
#4991 = EDGE_CURVE('',#3394,#3422,#4992,.T.);
#4992 = LINE('',#4993,#4994);
#4993 = CARTESIAN_POINT('',(166.,104.16666666666,75.071796769724));
#4994 = VECTOR('',#4995,1.);
#4995 = DIRECTION('',(4.504443573125E-02,-0.998646416446,
    -2.600641709494E-02));
#4996 = ORIENTED_EDGE('',*,*,#3430,.T.);
#4997 = PLANE('',#4998);
#4998 = AXIS2_PLACEMENT_3D('',#4999,#5000,#5001);
#4999 = CARTESIAN_POINT('',(166.,104.16666666666,75.071796769724));
#5000 = DIRECTION('',(0.964705782412,5.024509283393E-02,-0.258492135331)
  );
#5001 = DIRECTION('',(0.258819045103,1.734723475977E-18,0.965925826289)
  );
#5002 = ADVANCED_FACE('',(#5003),#5007,.T.);
#5003 = FACE_BOUND('',#5004,.T.);
#5004 = EDGE_LOOP('',(#5005,#5006));
#5005 = ORIENTED_EDGE('',*,*,#3445,.T.);
#5006 = ORIENTED_EDGE('',*,*,#3412,.T.);
#5007 = PLANE('',#5008);
#5008 = AXIS2_PLACEMENT_3D('',#5009,#5010,#5011);
#5009 = CARTESIAN_POINT('',(170.,104.375,74.));
#5010 = DIRECTION('',(0.964705782412,5.024509283393E-02,-0.258492135331)
  );
#5011 = DIRECTION('',(0.258819045103,1.734723475977E-18,0.965925826289)
  );
#5012 = ADVANCED_FACE('',(#5013),#5059,.T.);
#5013 = FACE_BOUND('',#5014,.T.);
#5014 = EDGE_LOOP('',(#5015,#5026,#5032,#5033,#5034,#5041,#5042,#5043,
    #5052));
#5015 = ORIENTED_EDGE('',*,*,#5016,.T.);
#5016 = EDGE_CURVE('',#5017,#5019,#5021,.T.);
#5017 = VERTEX_POINT('',#5018);
#5018 = CARTESIAN_POINT('',(163.04058906921,107.65670903306,
    78.054053322878));
#5019 = VERTEX_POINT('',#5020);
#5020 = CARTESIAN_POINT('',(164.14707224481,106.47446576164,
    78.62178079976));
#5021 = ELLIPSE('',#5022,1.242218841831,1.2);
#5022 = AXIS2_PLACEMENT_3D('',#5023,#5024,#5025);
#5023 = CARTESIAN_POINT('',(163.07179676972,106.45833333333,78.));
#5024 = DIRECTION('',(0.499323208223,5.201283418987E-02,-0.86485316604)
  );
#5025 = DIRECTION('',(-0.866025403784,-6.088879400679E-15,-0.5));
#5026 = ORIENTED_EDGE('',*,*,#5027,.T.);
#5027 = EDGE_CURVE('',#5019,#3499,#5028,.T.);
#5028 = LINE('',#5029,#5030);
#5029 = CARTESIAN_POINT('',(163.92032490714,106.45833333333,
    78.848528137424));
#5030 = VECTOR('',#5031,1.);
#5031 = DIRECTION('',(0.706213647081,5.024509283394E-02,-0.706213647081)
  );
#5032 = ORIENTED_EDGE('',*,*,#3498,.F.);
#5033 = ORIENTED_EDGE('',*,*,#3470,.F.);
#5034 = ORIENTED_EDGE('',*,*,#5035,.F.);
#5035 = EDGE_CURVE('',#3508,#3471,#5036,.T.);
#5036 = CIRCLE('',#5037,1.2);
#5037 = AXIS2_PLACEMENT_3D('',#5038,#5039,#5040);
#5038 = CARTESIAN_POINT('',(166.,106.66666666666,75.071796769725));
#5039 = DIRECTION('',(0.706213647081,5.024509283394E-02,-0.706213647081)
  );
#5040 = DIRECTION('',(0.707106781187,-1.387778780781E-17,0.707106781187)
  );
#5041 = ORIENTED_EDGE('',*,*,#3507,.F.);
#5042 = ORIENTED_EDGE('',*,*,#5027,.F.);
#5043 = ORIENTED_EDGE('',*,*,#5044,.T.);
#5044 = EDGE_CURVE('',#5019,#5045,#5047,.T.);
#5045 = VERTEX_POINT('',#5046);
#5046 = CARTESIAN_POINT('',(163.10300447023,105.25995763359,
    77.945946677123));
#5047 = ELLIPSE('',#5048,1.242218841831,1.2);
#5048 = AXIS2_PLACEMENT_3D('',#5049,#5050,#5051);
#5049 = CARTESIAN_POINT('',(163.07179676972,106.45833333333,78.));
#5050 = DIRECTION('',(0.499323208223,5.201283418987E-02,-0.86485316604)
  );
#5051 = DIRECTION('',(-0.866025403784,-6.088879400679E-15,-0.5));
#5052 = ORIENTED_EDGE('',*,*,#5053,.T.);
#5053 = EDGE_CURVE('',#5045,#5017,#5054,.T.);
#5054 = CIRCLE('',#5055,1.2);
#5055 = AXIS2_PLACEMENT_3D('',#5056,#5057,#5058);
#5056 = CARTESIAN_POINT('',(163.07179676972,106.45833333333,78.));
#5057 = DIRECTION('',(0.706213647081,5.024509283394E-02,-0.706213647081)
  );
#5058 = DIRECTION('',(0.707106781187,-1.387778780781E-17,0.707106781187)
  );
#5059 = CYLINDRICAL_SURFACE('',#5060,1.2);
#5060 = AXIS2_PLACEMENT_3D('',#5061,#5062,#5063);
#5061 = CARTESIAN_POINT('',(163.07179676972,106.45833333333,78.));
#5062 = DIRECTION('',(0.706213647081,5.024509283394E-02,-0.706213647081)
  );
#5063 = DIRECTION('',(0.707106781187,-1.387778780781E-17,0.707106781187)
  );
#5064 = ADVANCED_FACE('',(#5065),#5074,.F.);
#5065 = FACE_BOUND('',#5066,.F.);
#5066 = EDGE_LOOP('',(#5067,#5073));
#5067 = ORIENTED_EDGE('',*,*,#5068,.T.);
#5068 = EDGE_CURVE('',#3471,#3508,#5069,.T.);
#5069 = LINE('',#5070,#5071);
#5070 = CARTESIAN_POINT('',(166.,106.66666666666,75.071796769725));
#5071 = VECTOR('',#5072,1.);
#5072 = DIRECTION('',(4.504443573125E-02,-0.998646416446,
    -2.600641709494E-02));
#5073 = ORIENTED_EDGE('',*,*,#3516,.T.);
#5074 = PLANE('',#5075);
#5075 = AXIS2_PLACEMENT_3D('',#5076,#5077,#5078);
#5076 = CARTESIAN_POINT('',(166.,106.66666666666,75.071796769725));
#5077 = DIRECTION('',(0.964705782412,5.024509283393E-02,-0.258492135331)
  );
#5078 = DIRECTION('',(0.258819045103,0.,0.965925826289));
#5079 = ADVANCED_FACE('',(#5080),#5084,.T.);
#5080 = FACE_BOUND('',#5081,.T.);
#5081 = EDGE_LOOP('',(#5082,#5083));
#5082 = ORIENTED_EDGE('',*,*,#3531,.T.);
#5083 = ORIENTED_EDGE('',*,*,#3489,.T.);
#5084 = PLANE('',#5085);
#5085 = AXIS2_PLACEMENT_3D('',#5086,#5087,#5088);
#5086 = CARTESIAN_POINT('',(170.,106.875,74.));
#5087 = DIRECTION('',(0.964705782412,5.024509283393E-02,-0.258492135331)
  );
#5088 = DIRECTION('',(0.258819045103,0.,0.965925826289));
#5089 = ADVANCED_FACE('',(#5090),#5144,.T.);
#5090 = FACE_BOUND('',#5091,.T.);
#5091 = EDGE_LOOP('',(#5092,#5101,#5109,#5118,#5127,#5134,#5135,#5142,
    #5143));
#5092 = ORIENTED_EDGE('',*,*,#5093,.F.);
#5093 = EDGE_CURVE('',#5094,#3557,#5096,.T.);
#5094 = VERTEX_POINT('',#5095);
#5095 = CARTESIAN_POINT('',(165.15147186257,101.66666666666,
    74.223268632301));
#5096 = CIRCLE('',#5097,1.2);
#5097 = AXIS2_PLACEMENT_3D('',#5098,#5099,#5100);
#5098 = CARTESIAN_POINT('',(166.,101.66666666666,75.071796769725));
#5099 = DIRECTION('',(0.706213647081,5.024509283394E-02,-0.706213647081)
  );
#5100 = DIRECTION('',(-0.707106781187,0.,-0.707106781187));
#5101 = ORIENTED_EDGE('',*,*,#5102,.F.);
#5102 = EDGE_CURVE('',#5103,#5094,#5105,.T.);
#5103 = VERTEX_POINT('',#5104);
#5104 = CARTESIAN_POINT('',(162.2232686323,101.45833333333,
    77.151471862576));
#5105 = LINE('',#5106,#5107);
#5106 = CARTESIAN_POINT('',(162.2232686323,101.45833333333,
    77.151471862576));
#5107 = VECTOR('',#5108,1.);
#5108 = DIRECTION('',(0.706213647081,5.024509283394E-02,-0.706213647081)
  );
#5109 = ORIENTED_EDGE('',*,*,#5110,.T.);
#5110 = EDGE_CURVE('',#5103,#5111,#5113,.T.);
#5111 = VERTEX_POINT('',#5112);
#5112 = CARTESIAN_POINT('',(163.04058906921,102.65670903306,
    78.054053322877));
#5113 = CIRCLE('',#5114,1.2);
#5114 = AXIS2_PLACEMENT_3D('',#5115,#5116,#5117);
#5115 = CARTESIAN_POINT('',(163.07179676972,101.45833333333,78.));
#5116 = DIRECTION('',(0.706213647081,5.024509283394E-02,-0.706213647081)
  );
#5117 = DIRECTION('',(-0.707106781187,0.,-0.707106781187));
#5118 = ORIENTED_EDGE('',*,*,#5119,.T.);
#5119 = EDGE_CURVE('',#5111,#5120,#5122,.T.);
#5120 = VERTEX_POINT('',#5121);
#5121 = CARTESIAN_POINT('',(163.10300447023,100.25995763359,
    77.945946677123));
#5122 = ELLIPSE('',#5123,1.242218841831,1.2);
#5123 = AXIS2_PLACEMENT_3D('',#5124,#5125,#5126);
#5124 = CARTESIAN_POINT('',(163.07179676972,101.45833333333,78.));
#5125 = DIRECTION('',(0.499323208223,5.201283418987E-02,-0.86485316604)
  );
#5126 = DIRECTION('',(-0.866025403784,-6.963180032571E-15,-0.5));
#5127 = ORIENTED_EDGE('',*,*,#5128,.T.);
#5128 = EDGE_CURVE('',#5120,#5103,#5129,.T.);
#5129 = CIRCLE('',#5130,1.2);
#5130 = AXIS2_PLACEMENT_3D('',#5131,#5132,#5133);
#5131 = CARTESIAN_POINT('',(163.07179676972,101.45833333333,78.));
#5132 = DIRECTION('',(0.706213647081,5.024509283394E-02,-0.706213647081)
  );
#5133 = DIRECTION('',(-0.707106781187,0.,-0.707106781187));
#5134 = ORIENTED_EDGE('',*,*,#5102,.T.);
#5135 = ORIENTED_EDGE('',*,*,#5136,.F.);
#5136 = EDGE_CURVE('',#3585,#5094,#5137,.T.);
#5137 = CIRCLE('',#5138,1.2);
#5138 = AXIS2_PLACEMENT_3D('',#5139,#5140,#5141);
#5139 = CARTESIAN_POINT('',(166.,101.66666666666,75.071796769725));
#5140 = DIRECTION('',(0.706213647081,5.024509283394E-02,-0.706213647081)
  );
#5141 = DIRECTION('',(-0.707106781187,0.,-0.707106781187));
#5142 = ORIENTED_EDGE('',*,*,#3584,.F.);
#5143 = ORIENTED_EDGE('',*,*,#3556,.F.);
#5144 = CYLINDRICAL_SURFACE('',#5145,1.2);
#5145 = AXIS2_PLACEMENT_3D('',#5146,#5147,#5148);
#5146 = CARTESIAN_POINT('',(163.07179676972,101.45833333333,78.));
#5147 = DIRECTION('',(0.706213647081,5.024509283394E-02,-0.706213647081)
  );
#5148 = DIRECTION('',(-0.707106781187,0.,-0.707106781187));
#5149 = ADVANCED_FACE('',(#5150),#5159,.F.);
#5150 = FACE_BOUND('',#5151,.F.);
#5151 = EDGE_LOOP('',(#5152,#5158));
#5152 = ORIENTED_EDGE('',*,*,#5153,.T.);
#5153 = EDGE_CURVE('',#3557,#3585,#5154,.T.);
#5154 = LINE('',#5155,#5156);
#5155 = CARTESIAN_POINT('',(166.,101.66666666666,75.071796769725));
#5156 = VECTOR('',#5157,1.);
#5157 = DIRECTION('',(4.504443573125E-02,-0.998646416446,
    -2.600641709494E-02));
#5158 = ORIENTED_EDGE('',*,*,#3593,.T.);
#5159 = PLANE('',#5160);
#5160 = AXIS2_PLACEMENT_3D('',#5161,#5162,#5163);
#5161 = CARTESIAN_POINT('',(166.,101.66666666666,75.071796769725));
#5162 = DIRECTION('',(0.964705782412,5.024509283393E-02,-0.258492135331)
  );
#5163 = DIRECTION('',(0.258819045103,0.,0.965925826289));
#5164 = ADVANCED_FACE('',(#5165),#5169,.T.);
#5165 = FACE_BOUND('',#5166,.T.);
#5166 = EDGE_LOOP('',(#5167,#5168));
#5167 = ORIENTED_EDGE('',*,*,#3608,.T.);
#5168 = ORIENTED_EDGE('',*,*,#3575,.T.);
#5169 = PLANE('',#5170);
#5170 = AXIS2_PLACEMENT_3D('',#5171,#5172,#5173);
#5171 = CARTESIAN_POINT('',(170.,101.875,74.));
#5172 = DIRECTION('',(0.964705782412,5.024509283393E-02,-0.258492135331)
  );
#5173 = DIRECTION('',(0.258819045103,0.,0.965925826289));
#5174 = ADVANCED_FACE('',(#5175),#5180,.T.);
#5175 = FACE_BOUND('',#5176,.T.);
#5176 = EDGE_LOOP('',(#5177,#5178,#5179));
#5177 = ORIENTED_EDGE('',*,*,#4479,.F.);
#5178 = ORIENTED_EDGE('',*,*,#4789,.T.);
#5179 = ORIENTED_EDGE('',*,*,#4799,.T.);
#5180 = PLANE('',#5181);
#5181 = AXIS2_PLACEMENT_3D('',#5182,#5183,#5184);
#5182 = CARTESIAN_POINT('',(163.07179676972,106.04166666666,86.));
#5183 = DIRECTION('',(-0.706213647081,5.024509283394E-02,-0.706213647081
    ));
#5184 = DIRECTION('',(-0.707106781187,0.,0.707106781187));
#5185 = ADVANCED_FACE('',(#5186),#5197,.T.);
#5186 = FACE_BOUND('',#5187,.T.);
#5187 = EDGE_LOOP('',(#5188,#5194,#5195,#5196));
#5188 = ORIENTED_EDGE('',*,*,#5189,.T.);
#5189 = EDGE_CURVE('',#4439,#4867,#5190,.T.);
#5190 = LINE('',#5191,#5192);
#5191 = CARTESIAN_POINT('',(163.07179676972,103.54166666666,86.));
#5192 = VECTOR('',#5193,1.);
#5193 = DIRECTION('',(-2.600641709494E-02,-0.998646416446,
    -4.504443573125E-02));
#5194 = ORIENTED_EDGE('',*,*,#4866,.T.);
#5195 = ORIENTED_EDGE('',*,*,#4884,.T.);
#5196 = ORIENTED_EDGE('',*,*,#4447,.F.);
#5197 = PLANE('',#5198);
#5198 = AXIS2_PLACEMENT_3D('',#5199,#5200,#5201);
#5199 = CARTESIAN_POINT('',(163.07179676972,103.54166666666,86.));
#5200 = DIRECTION('',(-0.706213647081,5.024509283394E-02,-0.706213647081
    ));
#5201 = DIRECTION('',(-0.707106781187,0.,0.707106781187));
#5202 = ADVANCED_FACE('',(#5203),#5223,.F.);
#5203 = FACE_BOUND('',#5204,.F.);
#5204 = EDGE_LOOP('',(#5205,#5206,#5215,#5222));
#5205 = ORIENTED_EDGE('',*,*,#5189,.T.);
#5206 = ORIENTED_EDGE('',*,*,#5207,.T.);
#5207 = EDGE_CURVE('',#4867,#5208,#5210,.T.);
#5208 = VERTEX_POINT('',#5209);
#5209 = CARTESIAN_POINT('',(161.91268577817,103.54166666666,
    86.310582854123));
#5210 = CIRCLE('',#5211,1.2);
#5211 = AXIS2_PLACEMENT_3D('',#5212,#5213,#5214);
#5212 = CARTESIAN_POINT('',(163.07179676972,103.54166666666,86.));
#5213 = DIRECTION('',(-0.258492135331,5.024509283393E-02,-0.964705782412
    ));
#5214 = DIRECTION('',(-0.965925826289,0.,0.258819045103));
#5215 = ORIENTED_EDGE('',*,*,#5216,.T.);
#5216 = EDGE_CURVE('',#5208,#4243,#5217,.T.);
#5217 = CIRCLE('',#5218,1.2);
#5218 = AXIS2_PLACEMENT_3D('',#5219,#5220,#5221);
#5219 = CARTESIAN_POINT('',(163.07179676972,103.54166666666,86.));
#5220 = DIRECTION('',(-0.258492135331,5.024509283393E-02,-0.964705782412
    ));
#5221 = DIRECTION('',(-0.965925826289,0.,0.258819045103));
#5222 = ORIENTED_EDGE('',*,*,#4438,.F.);
#5223 = PLANE('',#5224);
#5224 = AXIS2_PLACEMENT_3D('',#5225,#5226,#5227);
#5225 = CARTESIAN_POINT('',(163.07179676972,103.54166666666,86.));
#5226 = DIRECTION('',(-0.258492135331,5.024509283393E-02,-0.964705782412
    ));
#5227 = DIRECTION('',(-0.965925826289,0.,0.258819045103));
#5228 = ADVANCED_FACE('',(#5229),#5270,.T.);
#5229 = FACE_BOUND('',#5230,.T.);
#5230 = EDGE_LOOP('',(#5231,#5239,#5248,#5257,#5264,#5265,#5266,#5267,
    #5268,#5269));
#5231 = ORIENTED_EDGE('',*,*,#5232,.T.);
#5232 = EDGE_CURVE('',#5208,#5233,#5235,.T.);
#5233 = VERTEX_POINT('',#5234);
#5234 = CARTESIAN_POINT('',(160.84088900845,103.75,82.310582854123));
#5235 = LINE('',#5236,#5237);
#5236 = CARTESIAN_POINT('',(161.91268577817,103.54166666666,
    86.310582854123));
#5237 = VECTOR('',#5238,1.);
#5238 = DIRECTION('',(-0.258492135331,5.024509283393E-02,-0.964705782412
    ));
#5239 = ORIENTED_EDGE('',*,*,#5240,.F.);
#5240 = EDGE_CURVE('',#5241,#5233,#5243,.T.);
#5241 = VERTEX_POINT('',#5242);
#5242 = CARTESIAN_POINT('',(162.,102.55162430026,81.937584598972));
#5243 = CIRCLE('',#5244,1.2);
#5244 = AXIS2_PLACEMENT_3D('',#5245,#5246,#5247);
#5245 = CARTESIAN_POINT('',(162.,103.75,82.));
#5246 = DIRECTION('',(-0.258492135331,5.024509283393E-02,-0.964705782412
    ));
#5247 = DIRECTION('',(-0.965925826289,0.,0.258819045103));
#5248 = ORIENTED_EDGE('',*,*,#5249,.F.);
#5249 = EDGE_CURVE('',#5250,#5241,#5252,.T.);
#5250 = VERTEX_POINT('',#5251);
#5251 = CARTESIAN_POINT('',(162.,104.94837569973,82.062415401028));
#5252 = ELLIPSE('',#5253,1.242218841831,1.2);
#5253 = AXIS2_PLACEMENT_3D('',#5254,#5255,#5256);
#5254 = CARTESIAN_POINT('',(162.,103.75,82.));
#5255 = DIRECTION('',(0.,5.201283418987E-02,-0.998646416446));
#5256 = DIRECTION('',(-1.,0.,0.));
#5257 = ORIENTED_EDGE('',*,*,#5258,.F.);
#5258 = EDGE_CURVE('',#5233,#5250,#5259,.T.);
#5259 = CIRCLE('',#5260,1.2);
#5260 = AXIS2_PLACEMENT_3D('',#5261,#5262,#5263);
#5261 = CARTESIAN_POINT('',(162.,103.75,82.));
#5262 = DIRECTION('',(-0.258492135331,5.024509283393E-02,-0.964705782412
    ));
#5263 = DIRECTION('',(-0.965925826289,0.,0.258819045103));
#5264 = ORIENTED_EDGE('',*,*,#5232,.F.);
#5265 = ORIENTED_EDGE('',*,*,#5216,.T.);
#5266 = ORIENTED_EDGE('',*,*,#4242,.F.);
#5267 = ORIENTED_EDGE('',*,*,#4079,.F.);
#5268 = ORIENTED_EDGE('',*,*,#4875,.T.);
#5269 = ORIENTED_EDGE('',*,*,#5207,.T.);
#5270 = CYLINDRICAL_SURFACE('',#5271,1.2);
#5271 = AXIS2_PLACEMENT_3D('',#5272,#5273,#5274);
#5272 = CARTESIAN_POINT('',(163.07179676972,103.54166666666,86.));
#5273 = DIRECTION('',(-0.258492135331,5.024509283393E-02,-0.964705782412
    ));
#5274 = DIRECTION('',(-0.965925826289,0.,0.258819045103));
#5275 = ADVANCED_FACE('',(#5276),#5312,.F.);
#5276 = FACE_BOUND('',#5277,.F.);
#5277 = EDGE_LOOP('',(#5278,#5279,#5280,#5289,#5298,#5306));
#5278 = ORIENTED_EDGE('',*,*,#4230,.T.);
#5279 = ORIENTED_EDGE('',*,*,#4150,.T.);
#5280 = ORIENTED_EDGE('',*,*,#5281,.F.);
#5281 = EDGE_CURVE('',#5282,#4151,#5284,.T.);
#5282 = VERTEX_POINT('',#5283);
#5283 = CARTESIAN_POINT('',(162.79545263154,100.32954592646,
    81.95205968367));
#5284 = ELLIPSE('',#5285,2.744673271095,1.2);
#5285 = AXIS2_PLACEMENT_3D('',#5286,#5287,#5288);
#5286 = CARTESIAN_POINT('',(162.35863306849,101.31971025171,
    80.661563167112));
#5287 = DIRECTION('',(0.206497936286,0.808783583786,0.550661163429));
#5288 = DIRECTION('',(0.387804120337,0.449046138529,-0.804963061091));
#5289 = ORIENTED_EDGE('',*,*,#5290,.F.);
#5290 = EDGE_CURVE('',#5291,#5282,#5293,.T.);
#5291 = VERTEX_POINT('',#5292);
#5292 = CARTESIAN_POINT('',(161.02103223076,100.59459405388,
    82.228177896822));
#5293 = ELLIPSE('',#5294,2.20601741169,1.2);
#5294 = AXIS2_PLACEMENT_3D('',#5295,#5296,#5297);
#5295 = CARTESIAN_POINT('',(161.71175046522,101.30602926609,
    80.924238090963));
#5296 = DIRECTION('',(0.206497936286,0.808783583786,0.550661163429));
#5297 = DIRECTION('',(-0.174190143718,0.584188354905,-0.792705342372));
#5298 = ORIENTED_EDGE('',*,*,#5299,.T.);
#5299 = EDGE_CURVE('',#5291,#5300,#5302,.T.);
#5300 = VERTEX_POINT('',#5301);
#5301 = CARTESIAN_POINT('',(162.,100.5256849315,81.962275256849));
#5302 = LINE('',#5303,#5304);
#5303 = CARTESIAN_POINT('',(161.96770760981,100.52795797903,
    81.971046364612));
#5304 = VECTOR('',#5305,1.);
#5305 = DIRECTION('',(0.962816906863,-6.777227008481E-02,-0.261515818387
    ));
#5306 = ORIENTED_EDGE('',*,*,#5307,.F.);
#5307 = EDGE_CURVE('',#4222,#5300,#5308,.T.);
#5308 = LINE('',#5309,#5310);
#5309 = CARTESIAN_POINT('',(161.88831649979,100.57290037233,
    81.934808890705));
#5310 = VECTOR('',#5311,1.);
#5311 = DIRECTION('',(0.89831317844,-0.379771878989,0.220922505349));
#5312 = PLANE('',#5313);
#5313 = AXIS2_PLACEMENT_3D('',#5314,#5315,#5316);
#5314 = CARTESIAN_POINT('',(162.,100.5,82.));
#5315 = DIRECTION('',(0.206497936286,0.808783583786,0.550661163429));
#5316 = DIRECTION('',(0.,-0.562790977082,0.826599247589));
#5317 = ADVANCED_FACE('',(#5318),#5346,.F.);
#5318 = FACE_BOUND('',#5319,.F.);
#5319 = EDGE_LOOP('',(#5320,#5328,#5337,#5344,#5345));
#5320 = ORIENTED_EDGE('',*,*,#5321,.T.);
#5321 = EDGE_CURVE('',#5300,#5322,#5324,.T.);
#5322 = VERTEX_POINT('',#5323);
#5323 = CARTESIAN_POINT('',(162.,100.05162430026,81.937584598972));
#5324 = LINE('',#5325,#5326);
#5325 = CARTESIAN_POINT('',(162.,101.25,82.));
#5326 = VECTOR('',#5327,1.);
#5327 = DIRECTION('',(0.,-0.998646416446,-5.201283418987E-02));
#5328 = ORIENTED_EDGE('',*,*,#5329,.T.);
#5329 = EDGE_CURVE('',#5322,#5330,#5332,.T.);
#5330 = VERTEX_POINT('',#5331);
#5331 = CARTESIAN_POINT('',(160.84088900845,101.25,81.689417145877));
#5332 = CIRCLE('',#5333,1.2);
#5333 = AXIS2_PLACEMENT_3D('',#5334,#5335,#5336);
#5334 = CARTESIAN_POINT('',(162.,101.25,82.));
#5335 = DIRECTION('',(0.258492135331,5.024509283393E-02,-0.964705782412)
  );
#5336 = DIRECTION('',(-0.965925826289,0.,-0.258819045103));
#5337 = ORIENTED_EDGE('',*,*,#5338,.T.);
#5338 = EDGE_CURVE('',#5330,#4160,#5339,.T.);
#5339 = CIRCLE('',#5340,1.2);
#5340 = AXIS2_PLACEMENT_3D('',#5341,#5342,#5343);
#5341 = CARTESIAN_POINT('',(162.,101.25,82.));
#5342 = DIRECTION('',(0.258492135331,5.024509283393E-02,-0.964705782412)
  );
#5343 = DIRECTION('',(-0.965925826289,0.,-0.258819045103));
#5344 = ORIENTED_EDGE('',*,*,#4221,.F.);
#5345 = ORIENTED_EDGE('',*,*,#5307,.T.);
#5346 = PLANE('',#5347);
#5347 = AXIS2_PLACEMENT_3D('',#5348,#5349,#5350);
#5348 = CARTESIAN_POINT('',(162.,101.25,82.));
#5349 = DIRECTION('',(0.258492135331,5.024509283393E-02,-0.964705782412)
  );
#5350 = DIRECTION('',(-0.965925826289,0.,-0.258819045103));
#5351 = ADVANCED_FACE('',(#5352),#5389,.T.);
#5352 = FACE_BOUND('',#5353,.T.);
#5353 = EDGE_LOOP('',(#5354,#5362,#5369,#5370,#5377,#5378,#5379,#5380,
    #5381,#5388));
#5354 = ORIENTED_EDGE('',*,*,#5355,.T.);
#5355 = EDGE_CURVE('',#5330,#5356,#5358,.T.);
#5356 = VERTEX_POINT('',#5357);
#5357 = CARTESIAN_POINT('',(161.91268577817,101.45833333333,
    77.689417145877));
#5358 = LINE('',#5359,#5360);
#5359 = CARTESIAN_POINT('',(160.84088900845,101.25,81.689417145877));
#5360 = VECTOR('',#5361,1.);
#5361 = DIRECTION('',(0.258492135331,5.024509283393E-02,-0.964705782412)
  );
#5362 = ORIENTED_EDGE('',*,*,#5363,.F.);
#5363 = EDGE_CURVE('',#5120,#5356,#5364,.T.);
#5364 = CIRCLE('',#5365,1.2);
#5365 = AXIS2_PLACEMENT_3D('',#5366,#5367,#5368);
#5366 = CARTESIAN_POINT('',(163.07179676972,101.45833333333,78.));
#5367 = DIRECTION('',(0.258492135331,5.024509283393E-02,-0.964705782412)
  );
#5368 = DIRECTION('',(-0.965925826289,0.,-0.258819045103));
#5369 = ORIENTED_EDGE('',*,*,#5119,.F.);
#5370 = ORIENTED_EDGE('',*,*,#5371,.F.);
#5371 = EDGE_CURVE('',#5356,#5111,#5372,.T.);
#5372 = CIRCLE('',#5373,1.2);
#5373 = AXIS2_PLACEMENT_3D('',#5374,#5375,#5376);
#5374 = CARTESIAN_POINT('',(163.07179676972,101.45833333333,78.));
#5375 = DIRECTION('',(0.258492135331,5.024509283393E-02,-0.964705782412)
  );
#5376 = DIRECTION('',(-0.965925826289,0.,-0.258819045103));
#5377 = ORIENTED_EDGE('',*,*,#5355,.F.);
#5378 = ORIENTED_EDGE('',*,*,#5338,.T.);
#5379 = ORIENTED_EDGE('',*,*,#4159,.F.);
#5380 = ORIENTED_EDGE('',*,*,#5281,.F.);
#5381 = ORIENTED_EDGE('',*,*,#5382,.T.);
#5382 = EDGE_CURVE('',#5282,#5322,#5383,.T.);
#5383 = ELLIPSE('',#5384,1.242218841831,1.2);
#5384 = AXIS2_PLACEMENT_3D('',#5385,#5386,#5387);
#5385 = CARTESIAN_POINT('',(162.,101.25,82.));
#5386 = DIRECTION('',(0.,5.201283418987E-02,-0.998646416446));
#5387 = DIRECTION('',(-1.,0.,0.));
#5388 = ORIENTED_EDGE('',*,*,#5329,.T.);
#5389 = CYLINDRICAL_SURFACE('',#5390,1.2);
#5390 = AXIS2_PLACEMENT_3D('',#5391,#5392,#5393);
#5391 = CARTESIAN_POINT('',(162.,101.25,82.));
#5392 = DIRECTION('',(0.258492135331,5.024509283393E-02,-0.964705782412)
  );
#5393 = DIRECTION('',(-0.965925826289,0.,-0.258819045103));
#5394 = ADVANCED_FACE('',(#5395),#5450,.T.);
#5395 = FACE_BOUND('',#5396,.T.);
#5396 = EDGE_LOOP('',(#5397,#5407,#5416,#5425,#5432,#5433,#5440,#5441,
    #5442,#5443));
#5397 = ORIENTED_EDGE('',*,*,#5398,.T.);
#5398 = EDGE_CURVE('',#5399,#5401,#5403,.T.);
#5399 = VERTEX_POINT('',#5400);
#5400 = CARTESIAN_POINT('',(161.91268577817,108.54166666666,
    86.310582854123));
#5401 = VERTEX_POINT('',#5402);
#5402 = CARTESIAN_POINT('',(160.84088900845,108.75,82.310582854123));
#5403 = LINE('',#5404,#5405);
#5404 = CARTESIAN_POINT('',(161.91268577817,108.54166666666,
    86.310582854123));
#5405 = VECTOR('',#5406,1.);
#5406 = DIRECTION('',(-0.258492135331,5.024509283393E-02,-0.964705782412
    ));
#5407 = ORIENTED_EDGE('',*,*,#5408,.F.);
#5408 = EDGE_CURVE('',#5409,#5401,#5411,.T.);
#5409 = VERTEX_POINT('',#5410);
#5410 = CARTESIAN_POINT('',(162.,107.55162430026,81.937584598972));
#5411 = CIRCLE('',#5412,1.2);
#5412 = AXIS2_PLACEMENT_3D('',#5413,#5414,#5415);
#5413 = CARTESIAN_POINT('',(162.,108.75,82.));
#5414 = DIRECTION('',(-0.258492135331,5.024509283393E-02,-0.964705782412
    ));
#5415 = DIRECTION('',(-0.965925826289,0.,0.258819045103));
#5416 = ORIENTED_EDGE('',*,*,#5417,.F.);
#5417 = EDGE_CURVE('',#5418,#5409,#5420,.T.);
#5418 = VERTEX_POINT('',#5419);
#5419 = CARTESIAN_POINT('',(162.,109.94837569973,82.062415401028));
#5420 = ELLIPSE('',#5421,1.242218841831,1.2);
#5421 = AXIS2_PLACEMENT_3D('',#5422,#5423,#5424);
#5422 = CARTESIAN_POINT('',(162.,108.75,82.));
#5423 = DIRECTION('',(-1.98E-15,5.201283418987E-02,-0.998646416446));
#5424 = DIRECTION('',(-1.,-1.119706545772E-15,1.924365678829E-15));
#5425 = ORIENTED_EDGE('',*,*,#5426,.F.);
#5426 = EDGE_CURVE('',#5401,#5418,#5427,.T.);
#5427 = CIRCLE('',#5428,1.2);
#5428 = AXIS2_PLACEMENT_3D('',#5429,#5430,#5431);
#5429 = CARTESIAN_POINT('',(162.,108.75,82.));
#5430 = DIRECTION('',(-0.258492135331,5.024509283393E-02,-0.964705782412
    ));
#5431 = DIRECTION('',(-0.965925826289,0.,0.258819045103));
#5432 = ORIENTED_EDGE('',*,*,#5398,.F.);
#5433 = ORIENTED_EDGE('',*,*,#5434,.T.);
#5434 = EDGE_CURVE('',#5399,#4718,#5435,.T.);
#5435 = CIRCLE('',#5436,1.2);
#5436 = AXIS2_PLACEMENT_3D('',#5437,#5438,#5439);
#5437 = CARTESIAN_POINT('',(163.07179676972,108.54166666666,86.));
#5438 = DIRECTION('',(-0.258492135331,5.024509283393E-02,-0.964705782412
    ));
#5439 = DIRECTION('',(-0.965925826289,0.,0.258819045103));
#5440 = ORIENTED_EDGE('',*,*,#4717,.T.);
#5441 = ORIENTED_EDGE('',*,*,#4736,.T.);
#5442 = ORIENTED_EDGE('',*,*,#3802,.T.);
#5443 = ORIENTED_EDGE('',*,*,#5444,.T.);
#5444 = EDGE_CURVE('',#3794,#5399,#5445,.T.);
#5445 = CIRCLE('',#5446,1.2);
#5446 = AXIS2_PLACEMENT_3D('',#5447,#5448,#5449);
#5447 = CARTESIAN_POINT('',(163.07179676972,108.54166666666,86.));
#5448 = DIRECTION('',(-0.258492135331,5.024509283393E-02,-0.964705782412
    ));
#5449 = DIRECTION('',(-0.965925826289,0.,0.258819045103));
#5450 = CYLINDRICAL_SURFACE('',#5451,1.2);
#5451 = AXIS2_PLACEMENT_3D('',#5452,#5453,#5454);
#5452 = CARTESIAN_POINT('',(163.07179676972,108.54166666666,86.));
#5453 = DIRECTION('',(-0.258492135331,5.024509283393E-02,-0.964705782412
    ));
#5454 = DIRECTION('',(-0.965925826289,0.,0.258819045103));
#5455 = ADVANCED_FACE('',(#5456),#5467,.F.);
#5456 = FACE_BOUND('',#5457,.F.);
#5457 = EDGE_LOOP('',(#5458,#5459,#5460,#5461));
#5458 = ORIENTED_EDGE('',*,*,#3793,.F.);
#5459 = ORIENTED_EDGE('',*,*,#5444,.T.);
#5460 = ORIENTED_EDGE('',*,*,#5434,.T.);
#5461 = ORIENTED_EDGE('',*,*,#5462,.T.);
#5462 = EDGE_CURVE('',#4718,#3785,#5463,.T.);
#5463 = LINE('',#5464,#5465);
#5464 = CARTESIAN_POINT('',(163.07179676972,108.54166666666,86.));
#5465 = VECTOR('',#5466,1.);
#5466 = DIRECTION('',(-2.600641709494E-02,-0.998646416446,
    -4.504443573125E-02));
#5467 = PLANE('',#5468);
#5468 = AXIS2_PLACEMENT_3D('',#5469,#5470,#5471);
#5469 = CARTESIAN_POINT('',(163.07179676972,108.54166666666,86.));
#5470 = DIRECTION('',(-0.258492135331,5.024509283393E-02,-0.964705782412
    ));
#5471 = DIRECTION('',(-0.965925826289,0.,0.258819045103));
#5472 = ADVANCED_FACE('',(#5473),#5478,.T.);
#5473 = FACE_BOUND('',#5474,.T.);
#5474 = EDGE_LOOP('',(#5475,#5476,#5477));
#5475 = ORIENTED_EDGE('',*,*,#4726,.T.);
#5476 = ORIENTED_EDGE('',*,*,#5462,.T.);
#5477 = ORIENTED_EDGE('',*,*,#3784,.F.);
#5478 = PLANE('',#5479);
#5479 = AXIS2_PLACEMENT_3D('',#5480,#5481,#5482);
#5480 = CARTESIAN_POINT('',(163.07179676972,108.54166666666,86.));
#5481 = DIRECTION('',(-0.706213647081,5.024509283394E-02,-0.706213647081
    ));
#5482 = DIRECTION('',(0.707106781187,0.,-0.707106781187));
#5483 = ADVANCED_FACE('',(#5484),#5487,.T.);
#5484 = FACE_BOUND('',#5485,.T.);
#5485 = EDGE_LOOP('',(#5486));
#5486 = ORIENTED_EDGE('',*,*,#3661,.T.);
#5487 = PLANE('',#5488);
#5488 = AXIS2_PLACEMENT_3D('',#5489,#5490,#5491);
#5489 = CARTESIAN_POINT('',(168.,124.,98.));
#5490 = DIRECTION('',(0.206497936286,0.808783583786,0.550661163429));
#5491 = DIRECTION('',(0.,-0.562790977082,0.826599247589));
#5492 = ADVANCED_FACE('',(#5493),#5546,.T.);
#5493 = FACE_BOUND('',#5494,.T.);
#5494 = EDGE_LOOP('',(#5495,#5505,#5514,#5523,#5530,#5531,#5538,#5539));
#5495 = ORIENTED_EDGE('',*,*,#5496,.T.);
#5496 = EDGE_CURVE('',#5497,#5499,#5501,.T.);
#5497 = VERTEX_POINT('',#5498);
#5498 = CARTESIAN_POINT('',(161.91268577817,106.04166666666,
    86.310582854123));
#5499 = VERTEX_POINT('',#5500);
#5500 = CARTESIAN_POINT('',(160.84088900845,106.25,82.310582854123));
#5501 = LINE('',#5502,#5503);
#5502 = CARTESIAN_POINT('',(161.91268577817,106.04166666666,
    86.310582854123));
#5503 = VECTOR('',#5504,1.);
#5504 = DIRECTION('',(-0.258492135331,5.024509283393E-02,-0.964705782412
    ));
#5505 = ORIENTED_EDGE('',*,*,#5506,.F.);
#5506 = EDGE_CURVE('',#5507,#5499,#5509,.T.);
#5507 = VERTEX_POINT('',#5508);
#5508 = CARTESIAN_POINT('',(162.,105.05162430026,81.937584598972));
#5509 = CIRCLE('',#5510,1.2);
#5510 = AXIS2_PLACEMENT_3D('',#5511,#5512,#5513);
#5511 = CARTESIAN_POINT('',(162.,106.25,82.));
#5512 = DIRECTION('',(-0.258492135331,5.024509283393E-02,-0.964705782412
    ));
#5513 = DIRECTION('',(-0.965925826289,0.,0.258819045103));
#5514 = ORIENTED_EDGE('',*,*,#5515,.F.);
#5515 = EDGE_CURVE('',#5516,#5507,#5518,.T.);
#5516 = VERTEX_POINT('',#5517);
#5517 = CARTESIAN_POINT('',(162.,107.44837569973,82.062415401028));
#5518 = ELLIPSE('',#5519,1.242218841831,1.2);
#5519 = AXIS2_PLACEMENT_3D('',#5520,#5521,#5522);
#5520 = CARTESIAN_POINT('',(162.,106.25,82.));
#5521 = DIRECTION('',(-3.74E-15,5.201283418987E-02,-0.998646416446));
#5522 = DIRECTION('',(-1.,1.498503141652E-16,3.752873968029E-15));
#5523 = ORIENTED_EDGE('',*,*,#5524,.F.);
#5524 = EDGE_CURVE('',#5499,#5516,#5525,.T.);
#5525 = CIRCLE('',#5526,1.2);
#5526 = AXIS2_PLACEMENT_3D('',#5527,#5528,#5529);
#5527 = CARTESIAN_POINT('',(162.,106.25,82.));
#5528 = DIRECTION('',(-0.258492135331,5.024509283393E-02,-0.964705782412
    ));
#5529 = DIRECTION('',(-0.965925826289,0.,0.258819045103));
#5530 = ORIENTED_EDGE('',*,*,#5496,.F.);
#5531 = ORIENTED_EDGE('',*,*,#5532,.T.);
#5532 = EDGE_CURVE('',#5497,#4542,#5533,.T.);
#5533 = CIRCLE('',#5534,1.2);
#5534 = AXIS2_PLACEMENT_3D('',#5535,#5536,#5537);
#5535 = CARTESIAN_POINT('',(163.07179676972,106.04166666666,86.));
#5536 = DIRECTION('',(-0.258492135331,5.024509283393E-02,-0.964705782412
    ));
#5537 = DIRECTION('',(-0.965925826289,0.,0.258819045103));
#5538 = ORIENTED_EDGE('',*,*,#4541,.T.);
#5539 = ORIENTED_EDGE('',*,*,#5540,.T.);
#5540 = EDGE_CURVE('',#4544,#5497,#5541,.T.);
#5541 = CIRCLE('',#5542,1.2);
#5542 = AXIS2_PLACEMENT_3D('',#5543,#5544,#5545);
#5543 = CARTESIAN_POINT('',(163.07179676972,106.04166666666,86.));
#5544 = DIRECTION('',(-0.258492135331,5.024509283393E-02,-0.964705782412
    ));
#5545 = DIRECTION('',(-0.965925826289,0.,0.258819045103));
#5546 = CYLINDRICAL_SURFACE('',#5547,1.2);
#5547 = AXIS2_PLACEMENT_3D('',#5548,#5549,#5550);
#5548 = CARTESIAN_POINT('',(163.07179676972,106.04166666666,86.));
#5549 = DIRECTION('',(-0.258492135331,5.024509283393E-02,-0.964705782412
    ));
#5550 = DIRECTION('',(-0.965925826289,0.,0.258819045103));
#5551 = ADVANCED_FACE('',(#5552),#5557,.F.);
#5552 = FACE_BOUND('',#5553,.F.);
#5553 = EDGE_LOOP('',(#5554,#5555,#5556));
#5554 = ORIENTED_EDGE('',*,*,#4676,.F.);
#5555 = ORIENTED_EDGE('',*,*,#5540,.T.);
#5556 = ORIENTED_EDGE('',*,*,#5532,.T.);
#5557 = PLANE('',#5558);
#5558 = AXIS2_PLACEMENT_3D('',#5559,#5560,#5561);
#5559 = CARTESIAN_POINT('',(163.07179676972,106.04166666666,86.));
#5560 = DIRECTION('',(-0.258492135331,5.024509283393E-02,-0.964705782412
    ));
#5561 = DIRECTION('',(-0.965925826289,0.,0.258819045103));
#5562 = ADVANCED_FACE('',(#5563),#5567,.F.);
#5563 = FACE_BOUND('',#5564,.F.);
#5564 = EDGE_LOOP('',(#5565,#5566));
#5565 = ORIENTED_EDGE('',*,*,#4754,.T.);
#5566 = ORIENTED_EDGE('',*,*,#4701,.T.);
#5567 = PLANE('',#5568);
#5568 = AXIS2_PLACEMENT_3D('',#5569,#5570,#5571);
#5569 = CARTESIAN_POINT('',(166.,108.33333333333,88.928203230276));
#5570 = DIRECTION('',(-0.706213647081,5.024509283394E-02,-0.706213647081
    ));
#5571 = DIRECTION('',(0.707106781187,0.,-0.707106781187));
#5572 = ADVANCED_FACE('',(#5573),#5578,.F.);
#5573 = FACE_BOUND('',#5574,.F.);
#5574 = EDGE_LOOP('',(#5575,#5576,#5577));
#5575 = ORIENTED_EDGE('',*,*,#4816,.T.);
#5576 = ORIENTED_EDGE('',*,*,#4807,.T.);
#5577 = ORIENTED_EDGE('',*,*,#4831,.T.);
#5578 = PLANE('',#5579);
#5579 = AXIS2_PLACEMENT_3D('',#5580,#5581,#5582);
#5580 = CARTESIAN_POINT('',(166.,105.83333333333,88.928203230276));
#5581 = DIRECTION('',(-0.706213647081,5.024509283394E-02,-0.706213647081
    ));
#5582 = DIRECTION('',(-0.707106781187,0.,0.707106781187));
#5583 = ADVANCED_FACE('',(#5584),#5589,.F.);
#5584 = FACE_BOUND('',#5585,.F.);
#5585 = EDGE_LOOP('',(#5586,#5587,#5588));
#5586 = ORIENTED_EDGE('',*,*,#4901,.T.);
#5587 = ORIENTED_EDGE('',*,*,#4892,.T.);
#5588 = ORIENTED_EDGE('',*,*,#4916,.T.);
#5589 = PLANE('',#5590);
#5590 = AXIS2_PLACEMENT_3D('',#5591,#5592,#5593);
#5591 = CARTESIAN_POINT('',(166.,103.33333333333,88.928203230276));
#5592 = DIRECTION('',(-0.706213647081,5.024509283394E-02,-0.706213647081
    ));
#5593 = DIRECTION('',(-0.707106781187,0.,0.707106781187));
#5594 = ADVANCED_FACE('',(#5595),#5600,.T.);
#5595 = FACE_BOUND('',#5596,.T.);
#5596 = EDGE_LOOP('',(#5597,#5598,#5599));
#5597 = ORIENTED_EDGE('',*,*,#4974,.T.);
#5598 = ORIENTED_EDGE('',*,*,#4931,.T.);
#5599 = ORIENTED_EDGE('',*,*,#4991,.T.);
#5600 = PLANE('',#5601);
#5601 = AXIS2_PLACEMENT_3D('',#5602,#5603,#5604);
#5602 = CARTESIAN_POINT('',(166.,104.16666666666,75.071796769724));
#5603 = DIRECTION('',(0.706213647081,5.024509283394E-02,-0.706213647081)
  );
#5604 = DIRECTION('',(-0.707106781187,0.,-0.707106781187));
#5605 = ADVANCED_FACE('',(#5606),#5616,.F.);
#5606 = FACE_BOUND('',#5607,.F.);
#5607 = EDGE_LOOP('',(#5608,#5609,#5610));
#5608 = ORIENTED_EDGE('',*,*,#4966,.T.);
#5609 = ORIENTED_EDGE('',*,*,#4948,.T.);
#5610 = ORIENTED_EDGE('',*,*,#5611,.T.);
#5611 = EDGE_CURVE('',#4949,#4958,#5612,.T.);
#5612 = LINE('',#5613,#5614);
#5613 = CARTESIAN_POINT('',(163.07179676972,103.95833333333,78.));
#5614 = VECTOR('',#5615,1.);
#5615 = DIRECTION('',(2.600641709494E-02,-0.998646416446,
    -4.504443573125E-02));
#5616 = PLANE('',#5617);
#5617 = AXIS2_PLACEMENT_3D('',#5618,#5619,#5620);
#5618 = CARTESIAN_POINT('',(163.07179676972,103.95833333333,78.));
#5619 = DIRECTION('',(0.706213647081,5.024509283394E-02,-0.706213647081)
  );
#5620 = DIRECTION('',(-0.707106781187,0.,-0.707106781187));
#5621 = ADVANCED_FACE('',(#5622),#5665,.T.);
#5622 = FACE_BOUND('',#5623,.T.);
#5623 = EDGE_LOOP('',(#5624,#5633,#5641,#5648,#5649,#5656,#5657,#5664));
#5624 = ORIENTED_EDGE('',*,*,#5625,.F.);
#5625 = EDGE_CURVE('',#5626,#4949,#5628,.T.);
#5626 = VERTEX_POINT('',#5627);
#5627 = CARTESIAN_POINT('',(161.91268577817,103.95833333333,
    77.689417145877));
#5628 = CIRCLE('',#5629,1.2);
#5629 = AXIS2_PLACEMENT_3D('',#5630,#5631,#5632);
#5630 = CARTESIAN_POINT('',(163.07179676972,103.95833333333,78.));
#5631 = DIRECTION('',(0.258492135331,5.024509283393E-02,-0.964705782412)
  );
#5632 = DIRECTION('',(-0.965925826289,0.,-0.258819045103));
#5633 = ORIENTED_EDGE('',*,*,#5634,.F.);
#5634 = EDGE_CURVE('',#5635,#5626,#5637,.T.);
#5635 = VERTEX_POINT('',#5636);
#5636 = CARTESIAN_POINT('',(160.84088900845,103.75,81.689417145877));
#5637 = LINE('',#5638,#5639);
#5638 = CARTESIAN_POINT('',(160.84088900845,103.75,81.689417145877));
#5639 = VECTOR('',#5640,1.);
#5640 = DIRECTION('',(0.258492135331,5.024509283393E-02,-0.964705782412)
  );
#5641 = ORIENTED_EDGE('',*,*,#5642,.T.);
#5642 = EDGE_CURVE('',#5635,#5250,#5643,.T.);
#5643 = CIRCLE('',#5644,1.2);
#5644 = AXIS2_PLACEMENT_3D('',#5645,#5646,#5647);
#5645 = CARTESIAN_POINT('',(162.,103.75,82.));
#5646 = DIRECTION('',(0.258492135331,5.024509283393E-02,-0.964705782412)
  );
#5647 = DIRECTION('',(-0.965925826289,0.,-0.258819045103));
#5648 = ORIENTED_EDGE('',*,*,#5249,.T.);
#5649 = ORIENTED_EDGE('',*,*,#5650,.T.);
#5650 = EDGE_CURVE('',#5241,#5635,#5651,.T.);
#5651 = CIRCLE('',#5652,1.2);
#5652 = AXIS2_PLACEMENT_3D('',#5653,#5654,#5655);
#5653 = CARTESIAN_POINT('',(162.,103.75,82.));
#5654 = DIRECTION('',(0.258492135331,5.024509283393E-02,-0.964705782412)
  );
#5655 = DIRECTION('',(-0.965925826289,0.,-0.258819045103));
#5656 = ORIENTED_EDGE('',*,*,#5634,.T.);
#5657 = ORIENTED_EDGE('',*,*,#5658,.F.);
#5658 = EDGE_CURVE('',#4958,#5626,#5659,.T.);
#5659 = CIRCLE('',#5660,1.2);
#5660 = AXIS2_PLACEMENT_3D('',#5661,#5662,#5663);
#5661 = CARTESIAN_POINT('',(163.07179676972,103.95833333333,78.));
#5662 = DIRECTION('',(0.258492135331,5.024509283393E-02,-0.964705782412)
  );
#5663 = DIRECTION('',(-0.965925826289,0.,-0.258819045103));
#5664 = ORIENTED_EDGE('',*,*,#4957,.F.);
#5665 = CYLINDRICAL_SURFACE('',#5666,1.2);
#5666 = AXIS2_PLACEMENT_3D('',#5667,#5668,#5669);
#5667 = CARTESIAN_POINT('',(162.,103.75,82.));
#5668 = DIRECTION('',(0.258492135331,5.024509283393E-02,-0.964705782412)
  );
#5669 = DIRECTION('',(-0.965925826289,0.,-0.258819045103));
#5670 = ADVANCED_FACE('',(#5671),#5715,.T.);
#5671 = FACE_BOUND('',#5672,.T.);
#5672 = EDGE_LOOP('',(#5673,#5682,#5690,#5697,#5698,#5705,#5706,#5713,
    #5714));
#5673 = ORIENTED_EDGE('',*,*,#5674,.F.);
#5674 = EDGE_CURVE('',#5675,#5017,#5677,.T.);
#5675 = VERTEX_POINT('',#5676);
#5676 = CARTESIAN_POINT('',(161.91268577817,106.45833333333,
    77.689417145877));
#5677 = CIRCLE('',#5678,1.2);
#5678 = AXIS2_PLACEMENT_3D('',#5679,#5680,#5681);
#5679 = CARTESIAN_POINT('',(163.07179676972,106.45833333333,78.));
#5680 = DIRECTION('',(0.258492135331,5.024509283393E-02,-0.964705782412)
  );
#5681 = DIRECTION('',(-0.965925826289,1.734723475977E-18,-0.258819045103
    ));
#5682 = ORIENTED_EDGE('',*,*,#5683,.F.);
#5683 = EDGE_CURVE('',#5684,#5675,#5686,.T.);
#5684 = VERTEX_POINT('',#5685);
#5685 = CARTESIAN_POINT('',(160.84088900845,106.25,81.689417145877));
#5686 = LINE('',#5687,#5688);
#5687 = CARTESIAN_POINT('',(160.84088900845,106.25,81.689417145877));
#5688 = VECTOR('',#5689,1.);
#5689 = DIRECTION('',(0.258492135331,5.024509283393E-02,-0.964705782412)
  );
#5690 = ORIENTED_EDGE('',*,*,#5691,.T.);
#5691 = EDGE_CURVE('',#5684,#5516,#5692,.T.);
#5692 = CIRCLE('',#5693,1.2);
#5693 = AXIS2_PLACEMENT_3D('',#5694,#5695,#5696);
#5694 = CARTESIAN_POINT('',(162.,106.25,82.));
#5695 = DIRECTION('',(0.258492135331,5.024509283393E-02,-0.964705782412)
  );
#5696 = DIRECTION('',(-0.965925826289,1.734723475977E-18,-0.258819045103
    ));
#5697 = ORIENTED_EDGE('',*,*,#5515,.T.);
#5698 = ORIENTED_EDGE('',*,*,#5699,.T.);
#5699 = EDGE_CURVE('',#5507,#5684,#5700,.T.);
#5700 = CIRCLE('',#5701,1.2);
#5701 = AXIS2_PLACEMENT_3D('',#5702,#5703,#5704);
#5702 = CARTESIAN_POINT('',(162.,106.25,82.));
#5703 = DIRECTION('',(0.258492135331,5.024509283393E-02,-0.964705782412)
  );
#5704 = DIRECTION('',(-0.965925826289,1.734723475977E-18,-0.258819045103
    ));
#5705 = ORIENTED_EDGE('',*,*,#5683,.T.);
#5706 = ORIENTED_EDGE('',*,*,#5707,.F.);
#5707 = EDGE_CURVE('',#5045,#5675,#5708,.T.);
#5708 = CIRCLE('',#5709,1.2);
#5709 = AXIS2_PLACEMENT_3D('',#5710,#5711,#5712);
#5710 = CARTESIAN_POINT('',(163.07179676972,106.45833333333,78.));
#5711 = DIRECTION('',(0.258492135331,5.024509283393E-02,-0.964705782412)
  );
#5712 = DIRECTION('',(-0.965925826289,1.734723475977E-18,-0.258819045103
    ));
#5713 = ORIENTED_EDGE('',*,*,#5044,.F.);
#5714 = ORIENTED_EDGE('',*,*,#5016,.F.);
#5715 = CYLINDRICAL_SURFACE('',#5716,1.2);
#5716 = AXIS2_PLACEMENT_3D('',#5717,#5718,#5719);
#5717 = CARTESIAN_POINT('',(162.,106.25,82.));
#5718 = DIRECTION('',(0.258492135331,5.024509283393E-02,-0.964705782412)
  );
#5719 = DIRECTION('',(-0.965925826289,1.734723475977E-18,-0.258819045103
    ));
#5720 = ADVANCED_FACE('',(#5721),#5730,.F.);
#5721 = FACE_BOUND('',#5722,.F.);
#5722 = EDGE_LOOP('',(#5723,#5729));
#5723 = ORIENTED_EDGE('',*,*,#5724,.T.);
#5724 = EDGE_CURVE('',#5017,#5045,#5725,.T.);
#5725 = LINE('',#5726,#5727);
#5726 = CARTESIAN_POINT('',(163.07179676972,106.45833333333,78.));
#5727 = VECTOR('',#5728,1.);
#5728 = DIRECTION('',(2.600641709494E-02,-0.998646416446,
    -4.504443573125E-02));
#5729 = ORIENTED_EDGE('',*,*,#5053,.T.);
#5730 = PLANE('',#5731);
#5731 = AXIS2_PLACEMENT_3D('',#5732,#5733,#5734);
#5732 = CARTESIAN_POINT('',(163.07179676972,106.45833333333,78.));
#5733 = DIRECTION('',(0.706213647081,5.024509283394E-02,-0.706213647081)
  );
#5734 = DIRECTION('',(0.707106781187,-1.387778780781E-17,0.707106781187)
  );
#5735 = ADVANCED_FACE('',(#5736),#5740,.T.);
#5736 = FACE_BOUND('',#5737,.T.);
#5737 = EDGE_LOOP('',(#5738,#5739));
#5738 = ORIENTED_EDGE('',*,*,#5068,.T.);
#5739 = ORIENTED_EDGE('',*,*,#5035,.T.);
#5740 = PLANE('',#5741);
#5741 = AXIS2_PLACEMENT_3D('',#5742,#5743,#5744);
#5742 = CARTESIAN_POINT('',(166.,106.66666666666,75.071796769725));
#5743 = DIRECTION('',(0.706213647081,5.024509283394E-02,-0.706213647081)
  );
#5744 = DIRECTION('',(0.707106781187,-1.387778780781E-17,0.707106781187)
  );
#5745 = ADVANCED_FACE('',(#5746),#5751,.T.);
#5746 = FACE_BOUND('',#5747,.T.);
#5747 = EDGE_LOOP('',(#5748,#5749,#5750));
#5748 = ORIENTED_EDGE('',*,*,#5136,.T.);
#5749 = ORIENTED_EDGE('',*,*,#5093,.T.);
#5750 = ORIENTED_EDGE('',*,*,#5153,.T.);
#5751 = PLANE('',#5752);
#5752 = AXIS2_PLACEMENT_3D('',#5753,#5754,#5755);
#5753 = CARTESIAN_POINT('',(166.,101.66666666666,75.071796769725));
#5754 = DIRECTION('',(0.706213647081,5.024509283394E-02,-0.706213647081)
  );
#5755 = DIRECTION('',(-0.707106781187,0.,-0.707106781187));
#5756 = ADVANCED_FACE('',(#5757),#5767,.F.);
#5757 = FACE_BOUND('',#5758,.F.);
#5758 = EDGE_LOOP('',(#5759,#5760,#5761));
#5759 = ORIENTED_EDGE('',*,*,#5128,.T.);
#5760 = ORIENTED_EDGE('',*,*,#5110,.T.);
#5761 = ORIENTED_EDGE('',*,*,#5762,.T.);
#5762 = EDGE_CURVE('',#5111,#5120,#5763,.T.);
#5763 = LINE('',#5764,#5765);
#5764 = CARTESIAN_POINT('',(163.07179676972,101.45833333333,78.));
#5765 = VECTOR('',#5766,1.);
#5766 = DIRECTION('',(2.600641709494E-02,-0.998646416446,
    -4.504443573125E-02));
#5767 = PLANE('',#5768);
#5768 = AXIS2_PLACEMENT_3D('',#5769,#5770,#5771);
#5769 = CARTESIAN_POINT('',(163.07179676972,101.45833333333,78.));
#5770 = DIRECTION('',(0.706213647081,5.024509283394E-02,-0.706213647081)
  );
#5771 = DIRECTION('',(-0.707106781187,0.,-0.707106781187));
#5772 = ADVANCED_FACE('',(#5773),#5783,.T.);
#5773 = FACE_BOUND('',#5774,.T.);
#5774 = EDGE_LOOP('',(#5775,#5776,#5777));
#5775 = ORIENTED_EDGE('',*,*,#5240,.T.);
#5776 = ORIENTED_EDGE('',*,*,#5258,.T.);
#5777 = ORIENTED_EDGE('',*,*,#5778,.T.);
#5778 = EDGE_CURVE('',#5250,#5241,#5779,.T.);
#5779 = LINE('',#5780,#5781);
#5780 = CARTESIAN_POINT('',(162.,103.75,82.));
#5781 = VECTOR('',#5782,1.);
#5782 = DIRECTION('',(0.,-0.998646416446,-5.201283418987E-02));
#5783 = PLANE('',#5784);
#5784 = AXIS2_PLACEMENT_3D('',#5785,#5786,#5787);
#5785 = CARTESIAN_POINT('',(162.,103.75,82.));
#5786 = DIRECTION('',(-0.258492135331,5.024509283393E-02,-0.964705782412
    ));
#5787 = DIRECTION('',(-0.965925826289,0.,0.258819045103));
#5788 = ADVANCED_FACE('',(#5789),#5800,.T.);
#5789 = FACE_BOUND('',#5790,.T.);
#5790 = EDGE_LOOP('',(#5791,#5792,#5799));
#5791 = ORIENTED_EDGE('',*,*,#5321,.T.);
#5792 = ORIENTED_EDGE('',*,*,#5793,.T.);
#5793 = EDGE_CURVE('',#5322,#5291,#5794,.T.);
#5794 = CIRCLE('',#5795,1.2);
#5795 = AXIS2_PLACEMENT_3D('',#5796,#5797,#5798);
#5796 = CARTESIAN_POINT('',(162.,101.25,82.));
#5797 = DIRECTION('',(-0.258492135331,5.024509283393E-02,-0.964705782412
    ));
#5798 = DIRECTION('',(-0.965925826289,0.,0.258819045103));
#5799 = ORIENTED_EDGE('',*,*,#5299,.T.);
#5800 = PLANE('',#5801);
#5801 = AXIS2_PLACEMENT_3D('',#5802,#5803,#5804);
#5802 = CARTESIAN_POINT('',(162.,101.25,82.));
#5803 = DIRECTION('',(-0.258492135331,5.024509283393E-02,-0.964705782412
    ));
#5804 = DIRECTION('',(-0.965925826289,0.,0.258819045103));
#5805 = ADVANCED_FACE('',(#5806),#5811,.T.);
#5806 = FACE_BOUND('',#5807,.T.);
#5807 = EDGE_LOOP('',(#5808,#5809,#5810));
#5808 = ORIENTED_EDGE('',*,*,#5290,.F.);
#5809 = ORIENTED_EDGE('',*,*,#5793,.F.);
#5810 = ORIENTED_EDGE('',*,*,#5382,.F.);
#5811 = CYLINDRICAL_SURFACE('',#5812,1.2);
#5812 = AXIS2_PLACEMENT_3D('',#5813,#5814,#5815);
#5813 = CARTESIAN_POINT('',(163.07179676972,101.04166666666,86.));
#5814 = DIRECTION('',(-0.258492135331,5.024509283393E-02,-0.964705782412
    ));
#5815 = DIRECTION('',(-0.965925826289,0.,0.258819045103));
#5816 = ADVANCED_FACE('',(#5817),#5822,.T.);
#5817 = FACE_BOUND('',#5818,.T.);
#5818 = EDGE_LOOP('',(#5819,#5820,#5821));
#5819 = ORIENTED_EDGE('',*,*,#5363,.T.);
#5820 = ORIENTED_EDGE('',*,*,#5371,.T.);
#5821 = ORIENTED_EDGE('',*,*,#5762,.T.);
#5822 = PLANE('',#5823);
#5823 = AXIS2_PLACEMENT_3D('',#5824,#5825,#5826);
#5824 = CARTESIAN_POINT('',(163.07179676972,101.45833333333,78.));
#5825 = DIRECTION('',(0.258492135331,5.024509283393E-02,-0.964705782412)
  );
#5826 = DIRECTION('',(-0.965925826289,0.,-0.258819045103));
#5827 = ADVANCED_FACE('',(#5828),#5838,.T.);
#5828 = FACE_BOUND('',#5829,.T.);
#5829 = EDGE_LOOP('',(#5830,#5831,#5832));
#5830 = ORIENTED_EDGE('',*,*,#5408,.T.);
#5831 = ORIENTED_EDGE('',*,*,#5426,.T.);
#5832 = ORIENTED_EDGE('',*,*,#5833,.T.);
#5833 = EDGE_CURVE('',#5418,#5409,#5834,.T.);
#5834 = LINE('',#5835,#5836);
#5835 = CARTESIAN_POINT('',(162.,108.75,82.));
#5836 = VECTOR('',#5837,1.);
#5837 = DIRECTION('',(1.03E-15,-0.998646416446,-5.201283418987E-02));
#5838 = PLANE('',#5839);
#5839 = AXIS2_PLACEMENT_3D('',#5840,#5841,#5842);
#5840 = CARTESIAN_POINT('',(162.,108.75,82.));
#5841 = DIRECTION('',(-0.258492135331,5.024509283393E-02,-0.964705782412
    ));
#5842 = DIRECTION('',(-0.965925826289,0.,0.258819045103));
#5843 = ADVANCED_FACE('',(#5844),#5906,.T.);
#5844 = FACE_BOUND('',#5845,.T.);
#5845 = EDGE_LOOP('',(#5846,#5857,#5865,#5872,#5873,#5880,#5881,#5890,
    #5899));
#5846 = ORIENTED_EDGE('',*,*,#5847,.F.);
#5847 = EDGE_CURVE('',#5848,#5850,#5852,.T.);
#5848 = VERTEX_POINT('',#5849);
#5849 = CARTESIAN_POINT('',(161.91268577817,108.95833333333,
    77.689417145877));
#5850 = VERTEX_POINT('',#5851);
#5851 = CARTESIAN_POINT('',(163.04058906921,110.15670903306,
    78.054053322878));
#5852 = CIRCLE('',#5853,1.2);
#5853 = AXIS2_PLACEMENT_3D('',#5854,#5855,#5856);
#5854 = CARTESIAN_POINT('',(163.07179676972,108.95833333333,78.));
#5855 = DIRECTION('',(0.258492135331,5.024509283393E-02,-0.964705782412)
  );
#5856 = DIRECTION('',(-0.965925826289,0.,-0.258819045103));
#5857 = ORIENTED_EDGE('',*,*,#5858,.F.);
#5858 = EDGE_CURVE('',#5859,#5848,#5861,.T.);
#5859 = VERTEX_POINT('',#5860);
#5860 = CARTESIAN_POINT('',(160.84088900845,108.75,81.689417145877));
#5861 = LINE('',#5862,#5863);
#5862 = CARTESIAN_POINT('',(160.84088900845,108.75,81.689417145877));
#5863 = VECTOR('',#5864,1.);
#5864 = DIRECTION('',(0.258492135331,5.024509283393E-02,-0.964705782412)
  );
#5865 = ORIENTED_EDGE('',*,*,#5866,.T.);
#5866 = EDGE_CURVE('',#5859,#5418,#5867,.T.);
#5867 = CIRCLE('',#5868,1.2);
#5868 = AXIS2_PLACEMENT_3D('',#5869,#5870,#5871);
#5869 = CARTESIAN_POINT('',(162.,108.75,82.));
#5870 = DIRECTION('',(0.258492135331,5.024509283393E-02,-0.964705782412)
  );
#5871 = DIRECTION('',(-0.965925826289,0.,-0.258819045103));
#5872 = ORIENTED_EDGE('',*,*,#5417,.T.);
#5873 = ORIENTED_EDGE('',*,*,#5874,.T.);
#5874 = EDGE_CURVE('',#5409,#5859,#5875,.T.);
#5875 = CIRCLE('',#5876,1.2);
#5876 = AXIS2_PLACEMENT_3D('',#5877,#5878,#5879);
#5877 = CARTESIAN_POINT('',(162.,108.75,82.));
#5878 = DIRECTION('',(0.258492135331,5.024509283393E-02,-0.964705782412)
  );
#5879 = DIRECTION('',(-0.965925826289,0.,-0.258819045103));
#5880 = ORIENTED_EDGE('',*,*,#5858,.T.);
#5881 = ORIENTED_EDGE('',*,*,#5882,.F.);
#5882 = EDGE_CURVE('',#5883,#5848,#5885,.T.);
#5883 = VERTEX_POINT('',#5884);
#5884 = CARTESIAN_POINT('',(163.10300447023,107.75995763359,
    77.945946677123));
#5885 = CIRCLE('',#5886,1.2);
#5886 = AXIS2_PLACEMENT_3D('',#5887,#5888,#5889);
#5887 = CARTESIAN_POINT('',(163.07179676972,108.95833333333,78.));
#5888 = DIRECTION('',(0.258492135331,5.024509283393E-02,-0.964705782412)
  );
#5889 = DIRECTION('',(-0.965925826289,0.,-0.258819045103));
#5890 = ORIENTED_EDGE('',*,*,#5891,.F.);
#5891 = EDGE_CURVE('',#5892,#5883,#5894,.T.);
#5892 = VERTEX_POINT('',#5893);
#5893 = CARTESIAN_POINT('',(164.14707224481,108.97446576164,
    78.62178079976));
#5894 = ELLIPSE('',#5895,1.242218841831,1.2);
#5895 = AXIS2_PLACEMENT_3D('',#5896,#5897,#5898);
#5896 = CARTESIAN_POINT('',(163.07179676972,108.95833333333,78.));
#5897 = DIRECTION('',(0.499323208223,5.201283418987E-02,-0.86485316604)
  );
#5898 = DIRECTION('',(-0.866025403784,-5.780098621955E-15,-0.5));
#5899 = ORIENTED_EDGE('',*,*,#5900,.F.);
#5900 = EDGE_CURVE('',#5850,#5892,#5901,.T.);
#5901 = ELLIPSE('',#5902,1.242218841831,1.2);
#5902 = AXIS2_PLACEMENT_3D('',#5903,#5904,#5905);
#5903 = CARTESIAN_POINT('',(163.07179676972,108.95833333333,78.));
#5904 = DIRECTION('',(0.499323208223,5.201283418987E-02,-0.86485316604)
  );
#5905 = DIRECTION('',(-0.866025403784,-5.780098621955E-15,-0.5));
#5906 = CYLINDRICAL_SURFACE('',#5907,1.2);
#5907 = AXIS2_PLACEMENT_3D('',#5908,#5909,#5910);
#5908 = CARTESIAN_POINT('',(162.,108.75,82.));
#5909 = DIRECTION('',(0.258492135331,5.024509283393E-02,-0.964705782412)
  );
#5910 = DIRECTION('',(-0.965925826289,0.,-0.258819045103));
#5911 = ADVANCED_FACE('',(#5912),#5922,.T.);
#5912 = FACE_BOUND('',#5913,.T.);
#5913 = EDGE_LOOP('',(#5914,#5915,#5916));
#5914 = ORIENTED_EDGE('',*,*,#5506,.T.);
#5915 = ORIENTED_EDGE('',*,*,#5524,.T.);
#5916 = ORIENTED_EDGE('',*,*,#5917,.T.);
#5917 = EDGE_CURVE('',#5516,#5507,#5918,.T.);
#5918 = LINE('',#5919,#5920);
#5919 = CARTESIAN_POINT('',(162.,106.25,82.));
#5920 = VECTOR('',#5921,1.);
#5921 = DIRECTION('',(-3.5E-16,-0.998646416446,-5.201283418987E-02));
#5922 = PLANE('',#5923);
#5923 = AXIS2_PLACEMENT_3D('',#5924,#5925,#5926);
#5924 = CARTESIAN_POINT('',(162.,106.25,82.));
#5925 = DIRECTION('',(-0.258492135331,5.024509283393E-02,-0.964705782412
    ));
#5926 = DIRECTION('',(-0.965925826289,0.,0.258819045103));
#5927 = ADVANCED_FACE('',(#5928),#5933,.T.);
#5928 = FACE_BOUND('',#5929,.T.);
#5929 = EDGE_LOOP('',(#5930,#5931,#5932));
#5930 = ORIENTED_EDGE('',*,*,#5658,.T.);
#5931 = ORIENTED_EDGE('',*,*,#5625,.T.);
#5932 = ORIENTED_EDGE('',*,*,#5611,.T.);
#5933 = PLANE('',#5934);
#5934 = AXIS2_PLACEMENT_3D('',#5935,#5936,#5937);
#5935 = CARTESIAN_POINT('',(163.07179676972,103.95833333333,78.));
#5936 = DIRECTION('',(0.258492135331,5.024509283393E-02,-0.964705782412)
  );
#5937 = DIRECTION('',(-0.965925826289,0.,-0.258819045103));
#5938 = ADVANCED_FACE('',(#5939),#5944,.F.);
#5939 = FACE_BOUND('',#5940,.F.);
#5940 = EDGE_LOOP('',(#5941,#5942,#5943));
#5941 = ORIENTED_EDGE('',*,*,#5650,.T.);
#5942 = ORIENTED_EDGE('',*,*,#5642,.T.);
#5943 = ORIENTED_EDGE('',*,*,#5778,.T.);
#5944 = PLANE('',#5945);
#5945 = AXIS2_PLACEMENT_3D('',#5946,#5947,#5948);
#5946 = CARTESIAN_POINT('',(162.,103.75,82.));
#5947 = DIRECTION('',(0.258492135331,5.024509283393E-02,-0.964705782412)
  );
#5948 = DIRECTION('',(-0.965925826289,0.,-0.258819045103));
#5949 = ADVANCED_FACE('',(#5950),#5955,.T.);
#5950 = FACE_BOUND('',#5951,.T.);
#5951 = EDGE_LOOP('',(#5952,#5953,#5954));
#5952 = ORIENTED_EDGE('',*,*,#5707,.T.);
#5953 = ORIENTED_EDGE('',*,*,#5674,.T.);
#5954 = ORIENTED_EDGE('',*,*,#5724,.T.);
#5955 = PLANE('',#5956);
#5956 = AXIS2_PLACEMENT_3D('',#5957,#5958,#5959);
#5957 = CARTESIAN_POINT('',(163.07179676972,106.45833333333,78.));
#5958 = DIRECTION('',(0.258492135331,5.024509283393E-02,-0.964705782412)
  );
#5959 = DIRECTION('',(-0.965925826289,1.734723475977E-18,-0.258819045103
    ));
#5960 = ADVANCED_FACE('',(#5961),#5966,.F.);
#5961 = FACE_BOUND('',#5962,.F.);
#5962 = EDGE_LOOP('',(#5963,#5964,#5965));
#5963 = ORIENTED_EDGE('',*,*,#5699,.T.);
#5964 = ORIENTED_EDGE('',*,*,#5691,.T.);
#5965 = ORIENTED_EDGE('',*,*,#5917,.T.);
#5966 = PLANE('',#5967);
#5967 = AXIS2_PLACEMENT_3D('',#5968,#5969,#5970);
#5968 = CARTESIAN_POINT('',(162.,106.25,82.));
#5969 = DIRECTION('',(0.258492135331,5.024509283393E-02,-0.964705782412)
  );
#5970 = DIRECTION('',(-0.965925826289,1.734723475977E-18,-0.258819045103
    ));
#5971 = ADVANCED_FACE('',(#5972),#5977,.F.);
#5972 = FACE_BOUND('',#5973,.F.);
#5973 = EDGE_LOOP('',(#5974,#5975,#5976));
#5974 = ORIENTED_EDGE('',*,*,#5874,.T.);
#5975 = ORIENTED_EDGE('',*,*,#5866,.T.);
#5976 = ORIENTED_EDGE('',*,*,#5833,.T.);
#5977 = PLANE('',#5978);
#5978 = AXIS2_PLACEMENT_3D('',#5979,#5980,#5981);
#5979 = CARTESIAN_POINT('',(162.,108.75,82.));
#5980 = DIRECTION('',(0.258492135331,5.024509283393E-02,-0.964705782412)
  );
#5981 = DIRECTION('',(-0.965925826289,0.,-0.258819045103));
#5982 = ADVANCED_FACE('',(#5983),#5993,.T.);
#5983 = FACE_BOUND('',#5984,.T.);
#5984 = EDGE_LOOP('',(#5985,#5986,#5987));
#5985 = ORIENTED_EDGE('',*,*,#5882,.T.);
#5986 = ORIENTED_EDGE('',*,*,#5847,.T.);
#5987 = ORIENTED_EDGE('',*,*,#5988,.T.);
#5988 = EDGE_CURVE('',#5850,#5883,#5989,.T.);
#5989 = LINE('',#5990,#5991);
#5990 = CARTESIAN_POINT('',(163.07179676972,108.95833333333,78.));
#5991 = VECTOR('',#5992,1.);
#5992 = DIRECTION('',(2.600641709494E-02,-0.998646416446,
    -4.504443573125E-02));
#5993 = PLANE('',#5994);
#5994 = AXIS2_PLACEMENT_3D('',#5995,#5996,#5997);
#5995 = CARTESIAN_POINT('',(163.07179676972,108.95833333333,78.));
#5996 = DIRECTION('',(0.258492135331,5.024509283393E-02,-0.964705782412)
  );
#5997 = DIRECTION('',(-0.965925826289,0.,-0.258819045103));
#5998 = ADVANCED_FACE('',(#5999),#6053,.T.);
#5999 = FACE_BOUND('',#6000,.T.);
#6000 = EDGE_LOOP('',(#6001,#6002,#6010,#6019,#6028,#6037,#6044,#6045,
    #6046));
#6001 = ORIENTED_EDGE('',*,*,#5900,.T.);
#6002 = ORIENTED_EDGE('',*,*,#6003,.T.);
#6003 = EDGE_CURVE('',#5892,#6004,#6006,.T.);
#6004 = VERTEX_POINT('',#6005);
#6005 = CARTESIAN_POINT('',(166.62178079976,109.15053423836,
    76.147072244808));
#6006 = LINE('',#6007,#6008);
#6007 = CARTESIAN_POINT('',(163.92032490714,108.95833333333,
    78.848528137424));
#6008 = VECTOR('',#6009,1.);
#6009 = DIRECTION('',(0.706213647081,5.024509283394E-02,-0.706213647081)
  );
#6010 = ORIENTED_EDGE('',*,*,#6011,.F.);
#6011 = EDGE_CURVE('',#6012,#6004,#6014,.T.);
#6012 = VERTEX_POINT('',#6013);
#6013 = CARTESIAN_POINT('',(166.6203254776,109.18279909497,
    76.147912475449));
#6014 = ELLIPSE('',#6015,1.242218841831,1.2);
#6015 = AXIS2_PLACEMENT_3D('',#6016,#6017,#6018);
#6016 = CARTESIAN_POINT('',(166.,109.16666666666,75.071796769725));
#6017 = DIRECTION('',(0.86485316604,5.201283418987E-02,-0.499323208223)
  );
#6018 = DIRECTION('',(-0.5,6.25194340742E-15,-0.866025403784));
#6019 = ORIENTED_EDGE('',*,*,#6020,.F.);
#6020 = EDGE_CURVE('',#6021,#6012,#6023,.T.);
#6021 = VERTEX_POINT('',#6022);
#6022 = CARTESIAN_POINT('',(165.94594667712,110.3650423664,
    75.103004470238));
#6023 = ELLIPSE('',#6024,1.242218841831,1.2);
#6024 = AXIS2_PLACEMENT_3D('',#6025,#6026,#6027);
#6025 = CARTESIAN_POINT('',(166.,109.16666666666,75.071796769725));
#6026 = DIRECTION('',(0.86485316604,5.201283418987E-02,-0.499323208223)
  );
#6027 = DIRECTION('',(-0.5,6.25194340742E-15,-0.866025403784));
#6028 = ORIENTED_EDGE('',*,*,#6029,.F.);
#6029 = EDGE_CURVE('',#6030,#6021,#6032,.T.);
#6030 = VERTEX_POINT('',#6031);
#6031 = CARTESIAN_POINT('',(166.05405332287,107.96829096693,
    75.040589069211));
#6032 = CIRCLE('',#6033,1.2);
#6033 = AXIS2_PLACEMENT_3D('',#6034,#6035,#6036);
#6034 = CARTESIAN_POINT('',(166.,109.16666666666,75.071796769725));
#6035 = DIRECTION('',(0.706213647081,5.024509283394E-02,-0.706213647081)
  );
#6036 = DIRECTION('',(0.707106781187,-1.387778780781E-17,0.707106781187)
  );
#6037 = ORIENTED_EDGE('',*,*,#6038,.F.);
#6038 = EDGE_CURVE('',#6004,#6030,#6039,.T.);
#6039 = ELLIPSE('',#6040,1.242218841831,1.2);
#6040 = AXIS2_PLACEMENT_3D('',#6041,#6042,#6043);
#6041 = CARTESIAN_POINT('',(166.,109.16666666666,75.071796769725));
#6042 = DIRECTION('',(0.86485316604,5.201283418987E-02,-0.499323208223)
  );
#6043 = DIRECTION('',(-0.5,6.25194340742E-15,-0.866025403784));
#6044 = ORIENTED_EDGE('',*,*,#6003,.F.);
#6045 = ORIENTED_EDGE('',*,*,#5891,.T.);
#6046 = ORIENTED_EDGE('',*,*,#6047,.T.);
#6047 = EDGE_CURVE('',#5883,#5850,#6048,.T.);
#6048 = CIRCLE('',#6049,1.2);
#6049 = AXIS2_PLACEMENT_3D('',#6050,#6051,#6052);
#6050 = CARTESIAN_POINT('',(163.07179676972,108.95833333333,78.));
#6051 = DIRECTION('',(0.706213647081,5.024509283394E-02,-0.706213647081)
  );
#6052 = DIRECTION('',(0.707106781187,-1.387778780781E-17,0.707106781187)
  );
#6053 = CYLINDRICAL_SURFACE('',#6054,1.2);
#6054 = AXIS2_PLACEMENT_3D('',#6055,#6056,#6057);
#6055 = CARTESIAN_POINT('',(163.07179676972,108.95833333333,78.));
#6056 = DIRECTION('',(0.706213647081,5.024509283394E-02,-0.706213647081)
  );
#6057 = DIRECTION('',(0.707106781187,-1.387778780781E-17,0.707106781187)
  );
#6058 = ADVANCED_FACE('',(#6059),#6063,.F.);
#6059 = FACE_BOUND('',#6060,.F.);
#6060 = EDGE_LOOP('',(#6061,#6062));
#6061 = ORIENTED_EDGE('',*,*,#5988,.T.);
#6062 = ORIENTED_EDGE('',*,*,#6047,.T.);
#6063 = PLANE('',#6064);
#6064 = AXIS2_PLACEMENT_3D('',#6065,#6066,#6067);
#6065 = CARTESIAN_POINT('',(163.07179676972,108.95833333333,78.));
#6066 = DIRECTION('',(0.706213647081,5.024509283394E-02,-0.706213647081)
  );
#6067 = DIRECTION('',(0.707106781187,-1.387778780781E-17,0.707106781187)
  );
#6068 = ADVANCED_FACE('',(#6069),#6124,.T.);
#6069 = FACE_BOUND('',#6070,.T.);
#6070 = EDGE_LOOP('',(#6071,#6072,#6080,#6089,#6098,#6107,#6114,#6115,
    #6116,#6117));
#6071 = ORIENTED_EDGE('',*,*,#6020,.T.);
#6072 = ORIENTED_EDGE('',*,*,#6073,.T.);
#6073 = EDGE_CURVE('',#6012,#6074,#6076,.T.);
#6074 = VERTEX_POINT('',#6075);
#6075 = CARTESIAN_POINT('',(170.00084023063,109.35886757169,
    75.242106277371));
#6076 = LINE('',#6077,#6078);
#6077 = CARTESIAN_POINT('',(166.31058285412,109.16666666666,
    76.230907761271));
#6078 = VECTOR('',#6079,1.);
#6079 = DIRECTION('',(0.964705782412,5.024509283393E-02,-0.258492135331)
  );
#6080 = ORIENTED_EDGE('',*,*,#6081,.F.);
#6081 = EDGE_CURVE('',#6082,#6074,#6084,.T.);
#6082 = VERTEX_POINT('',#6083);
#6083 = CARTESIAN_POINT('',(169.99915976935,109.3911324283,
    75.242106277369));
#6084 = ELLIPSE('',#6085,1.242218841831,1.2);
#6085 = AXIS2_PLACEMENT_3D('',#6086,#6087,#6088);
#6086 = CARTESIAN_POINT('',(170.,109.375,74.));
#6087 = DIRECTION('',(0.998646416446,5.201283418987E-02,-2.41E-15));
#6088 = DIRECTION('',(-2.371076138712E-15,-8.100560488913E-16,-1.));
#6089 = ORIENTED_EDGE('',*,*,#6090,.F.);
#6090 = EDGE_CURVE('',#6091,#6082,#6093,.T.);
#6091 = VERTEX_POINT('',#6092);
#6092 = CARTESIAN_POINT('',(169.93758459897,110.57337569973,74.));
#6093 = ELLIPSE('',#6094,1.242218841831,1.2);
#6094 = AXIS2_PLACEMENT_3D('',#6095,#6096,#6097);
#6095 = CARTESIAN_POINT('',(170.,109.375,74.));
#6096 = DIRECTION('',(0.998646416446,5.201283418987E-02,-2.41E-15));
#6097 = DIRECTION('',(-2.371076138712E-15,-8.100560488913E-16,-1.));
#6098 = ORIENTED_EDGE('',*,*,#6099,.F.);
#6099 = EDGE_CURVE('',#6100,#6091,#6102,.T.);
#6100 = VERTEX_POINT('',#6101);
#6101 = CARTESIAN_POINT('',(170.06241540102,108.17662430026,74.));
#6102 = CIRCLE('',#6103,1.2);
#6103 = AXIS2_PLACEMENT_3D('',#6104,#6105,#6106);
#6104 = CARTESIAN_POINT('',(170.,109.375,74.));
#6105 = DIRECTION('',(0.964705782412,5.024509283393E-02,-0.258492135331)
  );
#6106 = DIRECTION('',(0.258819045103,0.,0.965925826289));
#6107 = ORIENTED_EDGE('',*,*,#6108,.F.);
#6108 = EDGE_CURVE('',#6074,#6100,#6109,.T.);
#6109 = ELLIPSE('',#6110,1.242218841831,1.2);
#6110 = AXIS2_PLACEMENT_3D('',#6111,#6112,#6113);
#6111 = CARTESIAN_POINT('',(170.,109.375,74.));
#6112 = DIRECTION('',(0.998646416446,5.201283418987E-02,-2.41E-15));
#6113 = DIRECTION('',(-2.371076138712E-15,-8.100560488913E-16,-1.));
#6114 = ORIENTED_EDGE('',*,*,#6073,.F.);
#6115 = ORIENTED_EDGE('',*,*,#6011,.T.);
#6116 = ORIENTED_EDGE('',*,*,#6038,.T.);
#6117 = ORIENTED_EDGE('',*,*,#6118,.T.);
#6118 = EDGE_CURVE('',#6030,#6021,#6119,.T.);
#6119 = CIRCLE('',#6120,1.2);
#6120 = AXIS2_PLACEMENT_3D('',#6121,#6122,#6123);
#6121 = CARTESIAN_POINT('',(166.,109.16666666666,75.071796769725));
#6122 = DIRECTION('',(0.964705782412,5.024509283393E-02,-0.258492135331)
  );
#6123 = DIRECTION('',(0.258819045103,0.,0.965925826289));
#6124 = CYLINDRICAL_SURFACE('',#6125,1.2);
#6125 = AXIS2_PLACEMENT_3D('',#6126,#6127,#6128);
#6126 = CARTESIAN_POINT('',(166.,109.16666666666,75.071796769725));
#6127 = DIRECTION('',(0.964705782412,5.024509283393E-02,-0.258492135331)
  );
#6128 = DIRECTION('',(0.258819045103,0.,0.965925826289));
#6129 = ADVANCED_FACE('',(#6130),#6139,.T.);
#6130 = FACE_BOUND('',#6131,.T.);
#6131 = EDGE_LOOP('',(#6132,#6138));
#6132 = ORIENTED_EDGE('',*,*,#6133,.T.);
#6133 = EDGE_CURVE('',#6021,#6030,#6134,.T.);
#6134 = LINE('',#6135,#6136);
#6135 = CARTESIAN_POINT('',(166.,109.16666666666,75.071796769725));
#6136 = VECTOR('',#6137,1.);
#6137 = DIRECTION('',(4.504443573125E-02,-0.998646416446,
    -2.600641709494E-02));
#6138 = ORIENTED_EDGE('',*,*,#6029,.T.);
#6139 = PLANE('',#6140);
#6140 = AXIS2_PLACEMENT_3D('',#6141,#6142,#6143);
#6141 = CARTESIAN_POINT('',(166.,109.16666666666,75.071796769725));
#6142 = DIRECTION('',(0.706213647081,5.024509283394E-02,-0.706213647081)
  );
#6143 = DIRECTION('',(0.707106781187,-1.387778780781E-17,0.707106781187)
  );
#6144 = ADVANCED_FACE('',(#6145),#6149,.F.);
#6145 = FACE_BOUND('',#6146,.F.);
#6146 = EDGE_LOOP('',(#6147,#6148));
#6147 = ORIENTED_EDGE('',*,*,#6133,.T.);
#6148 = ORIENTED_EDGE('',*,*,#6118,.T.);
#6149 = PLANE('',#6150);
#6150 = AXIS2_PLACEMENT_3D('',#6151,#6152,#6153);
#6151 = CARTESIAN_POINT('',(166.,109.16666666666,75.071796769725));
#6152 = DIRECTION('',(0.964705782412,5.024509283393E-02,-0.258492135331)
  );
#6153 = DIRECTION('',(0.258819045103,0.,0.965925826289));
#6154 = ADVANCED_FACE('',(#6155),#6201,.T.);
#6155 = FACE_BOUND('',#6156,.T.);
#6156 = EDGE_LOOP('',(#6157,#6158,#6166,#6175,#6184,#6191,#6192,#6193,
    #6194));
#6157 = ORIENTED_EDGE('',*,*,#6090,.T.);
#6158 = ORIENTED_EDGE('',*,*,#6159,.T.);
#6159 = EDGE_CURVE('',#6082,#6160,#6162,.T.);
#6160 = VERTEX_POINT('',#6161);
#6161 = CARTESIAN_POINT('',(173.37967452239,109.56720090502,
    76.147912475448));
#6162 = LINE('',#6163,#6164);
#6163 = CARTESIAN_POINT('',(169.68941714587,109.375,75.159110991547));
#6164 = VECTOR('',#6165,1.);
#6165 = DIRECTION('',(0.964705782412,5.024509283393E-02,0.258492135331)
  );
#6166 = ORIENTED_EDGE('',*,*,#6167,.F.);
#6167 = EDGE_CURVE('',#6168,#6160,#6170,.T.);
#6168 = VERTEX_POINT('',#6169);
#6169 = CARTESIAN_POINT('',(173.94594667712,110.78170903306,
    75.040589069211));
#6170 = ELLIPSE('',#6171,1.242218841831,1.2);
#6171 = AXIS2_PLACEMENT_3D('',#6172,#6173,#6174);
#6172 = CARTESIAN_POINT('',(174.,109.58333333333,75.071796769724));
#6173 = DIRECTION('',(0.86485316604,5.201283418987E-02,0.499323208223));
#6174 = DIRECTION('',(0.5,-5.231926003546E-15,-0.866025403784));
#6175 = ORIENTED_EDGE('',*,*,#6176,.F.);
#6176 = EDGE_CURVE('',#6177,#6168,#6179,.T.);
#6177 = VERTEX_POINT('',#6178);
#6178 = CARTESIAN_POINT('',(174.05405332287,108.38495763359,
    75.103004470238));
#6179 = CIRCLE('',#6180,1.2);
#6180 = AXIS2_PLACEMENT_3D('',#6181,#6182,#6183);
#6181 = CARTESIAN_POINT('',(174.,109.58333333333,75.071796769724));
#6182 = DIRECTION('',(0.964705782412,5.024509283393E-02,0.258492135331)
  );
#6183 = DIRECTION('',(-0.258819045103,0.,0.965925826289));
#6184 = ORIENTED_EDGE('',*,*,#6185,.F.);
#6185 = EDGE_CURVE('',#6160,#6177,#6186,.T.);
#6186 = ELLIPSE('',#6187,1.242218841831,1.2);
#6187 = AXIS2_PLACEMENT_3D('',#6188,#6189,#6190);
#6188 = CARTESIAN_POINT('',(174.,109.58333333333,75.071796769724));
#6189 = DIRECTION('',(0.86485316604,5.201283418987E-02,0.499323208223));
#6190 = DIRECTION('',(0.5,-5.231926003546E-15,-0.866025403784));
#6191 = ORIENTED_EDGE('',*,*,#6159,.F.);
#6192 = ORIENTED_EDGE('',*,*,#6081,.T.);
#6193 = ORIENTED_EDGE('',*,*,#6108,.T.);
#6194 = ORIENTED_EDGE('',*,*,#6195,.T.);
#6195 = EDGE_CURVE('',#6100,#6091,#6196,.T.);
#6196 = CIRCLE('',#6197,1.2);
#6197 = AXIS2_PLACEMENT_3D('',#6198,#6199,#6200);
#6198 = CARTESIAN_POINT('',(170.,109.375,74.));
#6199 = DIRECTION('',(0.964705782412,5.024509283393E-02,0.258492135331)
  );
#6200 = DIRECTION('',(-0.258819045103,0.,0.965925826289));
#6201 = CYLINDRICAL_SURFACE('',#6202,1.2);
#6202 = AXIS2_PLACEMENT_3D('',#6203,#6204,#6205);
#6203 = CARTESIAN_POINT('',(170.,109.375,74.));
#6204 = DIRECTION('',(0.964705782412,5.024509283393E-02,0.258492135331)
  );
#6205 = DIRECTION('',(-0.258819045103,0.,0.965925826289));
#6206 = ADVANCED_FACE('',(#6207),#6216,.T.);
#6207 = FACE_BOUND('',#6208,.T.);
#6208 = EDGE_LOOP('',(#6209,#6215));
#6209 = ORIENTED_EDGE('',*,*,#6210,.T.);
#6210 = EDGE_CURVE('',#6091,#6100,#6211,.T.);
#6211 = LINE('',#6212,#6213);
#6212 = CARTESIAN_POINT('',(170.,109.375,74.));
#6213 = VECTOR('',#6214,1.);
#6214 = DIRECTION('',(5.201283418987E-02,-0.998646416446,6.8E-16));
#6215 = ORIENTED_EDGE('',*,*,#6099,.T.);
#6216 = PLANE('',#6217);
#6217 = AXIS2_PLACEMENT_3D('',#6218,#6219,#6220);
#6218 = CARTESIAN_POINT('',(170.,109.375,74.));
#6219 = DIRECTION('',(0.964705782412,5.024509283393E-02,-0.258492135331)
  );
#6220 = DIRECTION('',(0.258819045103,0.,0.965925826289));
#6221 = ADVANCED_FACE('',(#6222),#6226,.F.);
#6222 = FACE_BOUND('',#6223,.F.);
#6223 = EDGE_LOOP('',(#6224,#6225));
#6224 = ORIENTED_EDGE('',*,*,#6210,.T.);
#6225 = ORIENTED_EDGE('',*,*,#6195,.T.);
#6226 = PLANE('',#6227);
#6227 = AXIS2_PLACEMENT_3D('',#6228,#6229,#6230);
#6228 = CARTESIAN_POINT('',(170.,109.375,74.));
#6229 = DIRECTION('',(0.964705782412,5.024509283393E-02,0.258492135331)
  );
#6230 = DIRECTION('',(-0.258819045103,0.,0.965925826289));
#6231 = ADVANCED_FACE('',(#6232),#6286,.T.);
#6232 = FACE_BOUND('',#6233,.T.);
#6233 = EDGE_LOOP('',(#6234,#6245,#6253,#6260,#6261,#6262,#6269,#6270,
    #6279));
#6234 = ORIENTED_EDGE('',*,*,#6235,.F.);
#6235 = EDGE_CURVE('',#6236,#6238,#6240,.T.);
#6236 = VERTEX_POINT('',#6237);
#6237 = CARTESIAN_POINT('',(177.77673136769,109.79166666666,
    77.151471862576));
#6238 = VERTEX_POINT('',#6239);
#6239 = CARTESIAN_POINT('',(176.89699552976,110.9900423664,
    77.945946677123));
#6240 = CIRCLE('',#6241,1.2);
#6241 = AXIS2_PLACEMENT_3D('',#6242,#6243,#6244);
#6242 = CARTESIAN_POINT('',(176.92820323027,109.79166666666,78.));
#6243 = DIRECTION('',(0.706213647081,5.024509283394E-02,0.706213647081)
  );
#6244 = DIRECTION('',(0.707106781187,0.,-0.707106781187));
#6245 = ORIENTED_EDGE('',*,*,#6246,.F.);
#6246 = EDGE_CURVE('',#6247,#6236,#6249,.T.);
#6247 = VERTEX_POINT('',#6248);
#6248 = CARTESIAN_POINT('',(174.84852813742,109.58333333333,
    74.223268632301));
#6249 = LINE('',#6250,#6251);
#6250 = CARTESIAN_POINT('',(174.84852813742,109.58333333333,
    74.223268632301));
#6251 = VECTOR('',#6252,1.);
#6252 = DIRECTION('',(0.706213647081,5.024509283394E-02,0.706213647081)
  );
#6253 = ORIENTED_EDGE('',*,*,#6254,.T.);
#6254 = EDGE_CURVE('',#6247,#6168,#6255,.T.);
#6255 = CIRCLE('',#6256,1.2);
#6256 = AXIS2_PLACEMENT_3D('',#6257,#6258,#6259);
#6257 = CARTESIAN_POINT('',(174.,109.58333333333,75.071796769724));
#6258 = DIRECTION('',(0.706213647081,5.024509283394E-02,0.706213647081)
  );
#6259 = DIRECTION('',(0.707106781187,0.,-0.707106781187));
#6260 = ORIENTED_EDGE('',*,*,#6167,.T.);
#6261 = ORIENTED_EDGE('',*,*,#6185,.T.);
#6262 = ORIENTED_EDGE('',*,*,#6263,.T.);
#6263 = EDGE_CURVE('',#6177,#6247,#6264,.T.);
#6264 = CIRCLE('',#6265,1.2);
#6265 = AXIS2_PLACEMENT_3D('',#6266,#6267,#6268);
#6266 = CARTESIAN_POINT('',(174.,109.58333333333,75.071796769724));
#6267 = DIRECTION('',(0.706213647081,5.024509283394E-02,0.706213647081)
  );
#6268 = DIRECTION('',(0.707106781187,0.,-0.707106781187));
#6269 = ORIENTED_EDGE('',*,*,#6246,.T.);
#6270 = ORIENTED_EDGE('',*,*,#6271,.F.);
#6271 = EDGE_CURVE('',#6272,#6236,#6274,.T.);
#6272 = VERTEX_POINT('',#6273);
#6273 = CARTESIAN_POINT('',(176.95941093078,108.59329096693,
    78.054053322878));
#6274 = CIRCLE('',#6275,1.2);
#6275 = AXIS2_PLACEMENT_3D('',#6276,#6277,#6278);
#6276 = CARTESIAN_POINT('',(176.92820323027,109.79166666666,78.));
#6277 = DIRECTION('',(0.706213647081,5.024509283394E-02,0.706213647081)
  );
#6278 = DIRECTION('',(0.707106781187,0.,-0.707106781187));
#6279 = ORIENTED_EDGE('',*,*,#6280,.F.);
#6280 = EDGE_CURVE('',#6238,#6272,#6281,.T.);
#6281 = ELLIPSE('',#6282,1.242218841831,1.2);
#6282 = AXIS2_PLACEMENT_3D('',#6283,#6284,#6285);
#6283 = CARTESIAN_POINT('',(176.92820323027,109.79166666666,78.));
#6284 = DIRECTION('',(0.499323208223,5.201283418987E-02,0.86485316604));
#6285 = DIRECTION('',(0.866025403784,5.710709682916E-15,-0.5));
#6286 = CYLINDRICAL_SURFACE('',#6287,1.2);
#6287 = AXIS2_PLACEMENT_3D('',#6288,#6289,#6290);
#6288 = CARTESIAN_POINT('',(174.,109.58333333333,75.071796769724));
#6289 = DIRECTION('',(0.706213647081,5.024509283394E-02,0.706213647081)
  );
#6290 = DIRECTION('',(0.707106781187,0.,-0.707106781187));
#6291 = ADVANCED_FACE('',(#6292),#6301,.T.);
#6292 = FACE_BOUND('',#6293,.T.);
#6293 = EDGE_LOOP('',(#6294,#6300));
#6294 = ORIENTED_EDGE('',*,*,#6295,.T.);
#6295 = EDGE_CURVE('',#6168,#6177,#6296,.T.);
#6296 = LINE('',#6297,#6298);
#6297 = CARTESIAN_POINT('',(174.,109.58333333333,75.071796769724));
#6298 = VECTOR('',#6299,1.);
#6299 = DIRECTION('',(4.504443573126E-02,-0.998646416446,
    2.600641709494E-02));
#6300 = ORIENTED_EDGE('',*,*,#6176,.T.);
#6301 = PLANE('',#6302);
#6302 = AXIS2_PLACEMENT_3D('',#6303,#6304,#6305);
#6303 = CARTESIAN_POINT('',(174.,109.58333333333,75.071796769724));
#6304 = DIRECTION('',(0.964705782412,5.024509283393E-02,0.258492135331)
  );
#6305 = DIRECTION('',(-0.258819045103,0.,0.965925826289));
#6306 = ADVANCED_FACE('',(#6307),#6317,.T.);
#6307 = FACE_BOUND('',#6308,.T.);
#6308 = EDGE_LOOP('',(#6309,#6310,#6311));
#6309 = ORIENTED_EDGE('',*,*,#6271,.T.);
#6310 = ORIENTED_EDGE('',*,*,#6235,.T.);
#6311 = ORIENTED_EDGE('',*,*,#6312,.T.);
#6312 = EDGE_CURVE('',#6238,#6272,#6313,.T.);
#6313 = LINE('',#6314,#6315);
#6314 = CARTESIAN_POINT('',(176.92820323027,109.79166666666,78.));
#6315 = VECTOR('',#6316,1.);
#6316 = DIRECTION('',(2.600641709494E-02,-0.998646416446,
    4.504443573125E-02));
#6317 = PLANE('',#6318);
#6318 = AXIS2_PLACEMENT_3D('',#6319,#6320,#6321);
#6319 = CARTESIAN_POINT('',(176.92820323027,109.79166666666,78.));
#6320 = DIRECTION('',(0.706213647081,5.024509283394E-02,0.706213647081)
  );
#6321 = DIRECTION('',(0.707106781187,0.,-0.707106781187));
#6322 = ADVANCED_FACE('',(#6323),#6358,.T.);
#6323 = FACE_BOUND('',#6324,.T.);
#6324 = EDGE_LOOP('',(#6325,#6335,#6342,#6343,#6350,#6351));
#6325 = ORIENTED_EDGE('',*,*,#6326,.T.);
#6326 = EDGE_CURVE('',#6327,#6329,#6331,.T.);
#6327 = VERTEX_POINT('',#6328);
#6328 = CARTESIAN_POINT('',(178.08731422182,109.79166666666,
    77.689417145877));
#6329 = VERTEX_POINT('',#6330);
#6330 = CARTESIAN_POINT('',(179.15911099154,110.,81.689417145877));
#6331 = LINE('',#6332,#6333);
#6332 = CARTESIAN_POINT('',(178.08731422182,109.79166666666,
    77.689417145877));
#6333 = VECTOR('',#6334,1.);
#6334 = DIRECTION('',(0.258492135331,5.024509283393E-02,0.964705782412)
  );
#6335 = ORIENTED_EDGE('',*,*,#6336,.F.);
#6336 = EDGE_CURVE('',#6329,#6329,#6337,.T.);
#6337 = CIRCLE('',#6338,1.2);
#6338 = AXIS2_PLACEMENT_3D('',#6339,#6340,#6341);
#6339 = CARTESIAN_POINT('',(178.,110.,82.));
#6340 = DIRECTION('',(0.258492135331,5.024509283393E-02,0.964705782412)
  );
#6341 = DIRECTION('',(0.965925826289,0.,-0.258819045103));
#6342 = ORIENTED_EDGE('',*,*,#6326,.F.);
#6343 = ORIENTED_EDGE('',*,*,#6344,.T.);
#6344 = EDGE_CURVE('',#6327,#6238,#6345,.T.);
#6345 = CIRCLE('',#6346,1.2);
#6346 = AXIS2_PLACEMENT_3D('',#6347,#6348,#6349);
#6347 = CARTESIAN_POINT('',(176.92820323027,109.79166666666,78.));
#6348 = DIRECTION('',(0.258492135331,5.024509283393E-02,0.964705782412)
  );
#6349 = DIRECTION('',(0.965925826289,0.,-0.258819045103));
#6350 = ORIENTED_EDGE('',*,*,#6280,.T.);
#6351 = ORIENTED_EDGE('',*,*,#6352,.T.);
#6352 = EDGE_CURVE('',#6272,#6327,#6353,.T.);
#6353 = CIRCLE('',#6354,1.2);
#6354 = AXIS2_PLACEMENT_3D('',#6355,#6356,#6357);
#6355 = CARTESIAN_POINT('',(176.92820323027,109.79166666666,78.));
#6356 = DIRECTION('',(0.258492135331,5.024509283393E-02,0.964705782412)
  );
#6357 = DIRECTION('',(0.965925826289,0.,-0.258819045103));
#6358 = CYLINDRICAL_SURFACE('',#6359,1.2);
#6359 = AXIS2_PLACEMENT_3D('',#6360,#6361,#6362);
#6360 = CARTESIAN_POINT('',(176.92820323027,109.79166666666,78.));
#6361 = DIRECTION('',(0.258492135331,5.024509283393E-02,0.964705782412)
  );
#6362 = DIRECTION('',(0.965925826289,0.,-0.258819045103));
#6363 = ADVANCED_FACE('',(#6364),#6369,.F.);
#6364 = FACE_BOUND('',#6365,.F.);
#6365 = EDGE_LOOP('',(#6366,#6367,#6368));
#6366 = ORIENTED_EDGE('',*,*,#6263,.T.);
#6367 = ORIENTED_EDGE('',*,*,#6254,.T.);
#6368 = ORIENTED_EDGE('',*,*,#6295,.T.);
#6369 = PLANE('',#6370);
#6370 = AXIS2_PLACEMENT_3D('',#6371,#6372,#6373);
#6371 = CARTESIAN_POINT('',(174.,109.58333333333,75.071796769724));
#6372 = DIRECTION('',(0.706213647081,5.024509283394E-02,0.706213647081)
  );
#6373 = DIRECTION('',(0.707106781187,0.,-0.707106781187));
#6374 = ADVANCED_FACE('',(#6375),#6380,.F.);
#6375 = FACE_BOUND('',#6376,.F.);
#6376 = EDGE_LOOP('',(#6377,#6378,#6379));
#6377 = ORIENTED_EDGE('',*,*,#6352,.T.);
#6378 = ORIENTED_EDGE('',*,*,#6344,.T.);
#6379 = ORIENTED_EDGE('',*,*,#6312,.T.);
#6380 = PLANE('',#6381);
#6381 = AXIS2_PLACEMENT_3D('',#6382,#6383,#6384);
#6382 = CARTESIAN_POINT('',(176.92820323027,109.79166666666,78.));
#6383 = DIRECTION('',(0.258492135331,5.024509283393E-02,0.964705782412)
  );
#6384 = DIRECTION('',(0.965925826289,0.,-0.258819045103));
#6385 = ADVANCED_FACE('',(#6386),#6389,.T.);
#6386 = FACE_BOUND('',#6387,.T.);
#6387 = EDGE_LOOP('',(#6388));
#6388 = ORIENTED_EDGE('',*,*,#6336,.T.);
#6389 = PLANE('',#6390);
#6390 = AXIS2_PLACEMENT_3D('',#6391,#6392,#6393);
#6391 = CARTESIAN_POINT('',(178.,110.,82.));
#6392 = DIRECTION('',(0.258492135331,5.024509283393E-02,0.964705782412)
  );
#6393 = DIRECTION('',(0.965925826289,0.,-0.258819045103));
#6394 = ( GEOMETRIC_REPRESENTATION_CONTEXT(3) 
GLOBAL_UNCERTAINTY_ASSIGNED_CONTEXT((#6398)) 
GLOBAL_UNIT_ASSIGNED_CONTEXT((#6395,#6396,#6397)) REPRESENTATION_CONTEXT
('Context #1','3D Context with UNIT and UNCERTAINTY') );
#6395 = ( LENGTH_UNIT() NAMED_UNIT(*) SI_UNIT(.MILLI.,.METRE.) );
#6396 = ( NAMED_UNIT(*) PLANE_ANGLE_UNIT() SI_UNIT($,.RADIAN.) );
#6397 = ( NAMED_UNIT(*) SI_UNIT($,.STERADIAN.) SOLID_ANGLE_UNIT() );
#6398 = UNCERTAINTY_MEASURE_WITH_UNIT(LENGTH_MEASURE(2.E-07),#6395,
  'distance_accuracy_value','confusion accuracy');
#6399 = PRODUCT_RELATED_PRODUCT_CATEGORY('part',$,(#7));
ENDSEC;
END-ISO-10303-21;
