ISO-10303-21;
HEADER;
FILE_DESCRIPTION(('FreeCAD Model'),'2;1');
FILE_NAME('Open CASCADE Shape Model','2026-09-28T03:26:26',('Author'),(
    ''),'Open CASCADE STEP processor 7.8','FreeCAD','Unknown');
FILE_SCHEMA(('AUTOMOTIVE_DESIGN { 1 0 10303 214 1 1 1 1 }'));
ENDSEC;
DATA;
#1 = APPLICATION_PROTOCOL_DEFINITION('international standard',
  'automotive_design',2000,#2);
#2 = APPLICATION_CONTEXT(
  'core data for automotive mechanical design processes');
#3 = SHAPE_DEFINITION_REPRESENTATION(#4,#10);
#4 = PRODUCT_DEFINITION_SHAPE('','',#5);
#5 = PRODUCT_DEFINITION('design','',#6,#9);
#6 = PRODUCT_DEFINITION_FORMATION('','',#7);
#7 = PRODUCT('TORSION_SPRING_R','TORSION_SPRING_R','',(#8));
#8 = PRODUCT_CONTEXT('',#2,'mechanical');
#9 = PRODUCT_DEFINITION_CONTEXT('part definition',#2,'design');
#10 = ADVANCED_BREP_SHAPE_REPRESENTATION('',(#11,#15),#3534);
#11 = AXIS2_PLACEMENT_3D('',#12,#13,#14);
#12 = CARTESIAN_POINT('',(0.,0.,0.));
#13 = DIRECTION('',(0.,0.,1.));
#14 = DIRECTION('',(1.,0.,-0.));
#15 = MANIFOLD_SOLID_BREP('',#16);
#16 = CLOSED_SHELL('',(#17,#68,#77,#93,#161,#172,#188,#248,#258,#310,
    #325,#335,#395,#410,#426,#485,#496,#507,#523,#582,#593,#609,#677,
    #688,#704,#764,#774,#826,#841,#851,#1007,#1022,#1055,#1138,#1164,
    #1180,#1243,#1254,#1265,#1277,#1293,#1352,#1361,#1372,#1388,#1456,
    #1467,#1483,#1543,#1553,#1605,#1620,#1630,#1690,#1705,#1721,#1780,
    #1791,#1802,#1818,#1877,#1888,#1904,#2102,#2113,#2156,#2167,#2183,
    #2243,#2252,#2262,#2314,#2329,#2339,#2399,#2414,#2430,#2489,#2500,
    #2511,#2527,#2586,#2597,#2613,#2681,#2692,#2708,#2768,#2778,#2830,
    #2845,#2855,#2915,#2930,#2946,#3005,#3016,#3027,#3043,#3111,#3122,
    #3138,#3198,#3208,#3269,#3284,#3294,#3346,#3361,#3371,#3431,#3446,
    #3462,#3503,#3514,#3525));
#17 = ADVANCED_FACE('',(#18),#63,.T.);
#18 = FACE_BOUND('',#19,.T.);
#19 = EDGE_LOOP('',(#20,#30,#39,#48,#55,#56));
#20 = ORIENTED_EDGE('',*,*,#21,.T.);
#21 = EDGE_CURVE('',#22,#24,#26,.T.);
#22 = VERTEX_POINT('',#23);
#23 = CARTESIAN_POINT('',(149.15911099154,-138.,201.11058285412));
#24 = VERTEX_POINT('',#25);
#25 = CARTESIAN_POINT('',(148.08731422182,-137.75,205.11058285412));
#26 = LINE('',#27,#28);
#27 = CARTESIAN_POINT('',(149.15911099154,-138.,201.11058285412));
#28 = VECTOR('',#29,1.);
#29 = DIRECTION('',(-0.258348686937,6.026065160727E-02,0.964170425716));
#30 = ORIENTED_EDGE('',*,*,#31,.F.);
#31 = EDGE_CURVE('',#32,#24,#34,.T.);
#32 = VERTEX_POINT('',#33);
#33 = CARTESIAN_POINT('',(146.89077625858,-138.9476630941,
    204.86482541654));
#34 = CIRCLE('',#35,1.2);
#35 = AXIS2_PLACEMENT_3D('',#36,#37,#38);
#36 = CARTESIAN_POINT('',(146.92820323027,-137.75,204.8));
#37 = DIRECTION('',(-0.258348686937,6.026065160727E-02,0.964170425716));
#38 = DIRECTION('',(0.965925826289,1.734723475977E-18,0.258819045103));
#39 = ORIENTED_EDGE('',*,*,#40,.F.);
#40 = EDGE_CURVE('',#41,#32,#43,.T.);
#41 = VERTEX_POINT('',#42);
#42 = CARTESIAN_POINT('',(146.96563020196,-136.5523369058,
    204.73517458345));
#43 = ELLIPSE('',#44,1.242169498499,1.2);
#44 = AXIS2_PLACEMENT_3D('',#45,#46,#47);
#45 = CARTESIAN_POINT('',(146.92820323027,-137.75,204.8));
#46 = DIRECTION('',(-0.499026289241,6.237828615518E-02,0.864338887279));
#47 = DIRECTION('',(0.866025403784,-4.406197628981E-16,0.5));
#48 = ORIENTED_EDGE('',*,*,#49,.F.);
#49 = EDGE_CURVE('',#24,#41,#50,.T.);
#50 = CIRCLE('',#51,1.2);
#51 = AXIS2_PLACEMENT_3D('',#52,#53,#54);
#52 = CARTESIAN_POINT('',(146.92820323027,-137.75,204.8));
#53 = DIRECTION('',(-0.258348686937,6.026065160727E-02,0.964170425716));
#54 = DIRECTION('',(0.965925826289,1.734723475977E-18,0.258819045103));
#55 = ORIENTED_EDGE('',*,*,#21,.F.);
#56 = ORIENTED_EDGE('',*,*,#57,.T.);
#57 = EDGE_CURVE('',#22,#22,#58,.T.);
#58 = CIRCLE('',#59,1.2);
#59 = AXIS2_PLACEMENT_3D('',#60,#61,#62);
#60 = CARTESIAN_POINT('',(148.,-138.,200.8));
#61 = DIRECTION('',(-0.258348686937,6.026065160727E-02,0.964170425716));
#62 = DIRECTION('',(0.965925826289,1.734723475977E-18,0.258819045103));
#63 = CYLINDRICAL_SURFACE('',#64,1.2);
#64 = AXIS2_PLACEMENT_3D('',#65,#66,#67);
#65 = CARTESIAN_POINT('',(148.,-138.,200.8));
#66 = DIRECTION('',(-0.258348686937,6.026065160727E-02,0.964170425716));
#67 = DIRECTION('',(0.965925826289,-1.734723475977E-18,0.258819045103));
#68 = ADVANCED_FACE('',(#69),#72,.F.);
#69 = FACE_BOUND('',#70,.T.);
#70 = EDGE_LOOP('',(#71));
#71 = ORIENTED_EDGE('',*,*,#57,.F.);
#72 = PLANE('',#73);
#73 = AXIS2_PLACEMENT_3D('',#74,#75,#76);
#74 = CARTESIAN_POINT('',(148.,-138.,200.8));
#75 = DIRECTION('',(-0.258348686937,6.026065160727E-02,0.964170425716));
#76 = DIRECTION('',(0.965925826289,-1.734723475977E-18,0.258819045103));
#77 = ADVANCED_FACE('',(#78),#88,.T.);
#78 = FACE_BOUND('',#79,.T.);
#79 = EDGE_LOOP('',(#80,#81,#82));
#80 = ORIENTED_EDGE('',*,*,#31,.T.);
#81 = ORIENTED_EDGE('',*,*,#49,.T.);
#82 = ORIENTED_EDGE('',*,*,#83,.T.);
#83 = EDGE_CURVE('',#41,#32,#84,.T.);
#84 = LINE('',#85,#86);
#85 = CARTESIAN_POINT('',(146.92820323027,-137.75,204.8));
#86 = VECTOR('',#87,1.);
#87 = DIRECTION('',(-3.118914307759E-02,-0.998052578483,
    5.402118045492E-02));
#88 = PLANE('',#89);
#89 = AXIS2_PLACEMENT_3D('',#90,#91,#92);
#90 = CARTESIAN_POINT('',(146.92820323027,-137.75,204.8));
#91 = DIRECTION('',(-0.258348686937,6.026065160727E-02,0.964170425716));
#92 = DIRECTION('',(0.965925826289,-1.734723475977E-18,0.258819045103));
#93 = ADVANCED_FACE('',(#94),#156,.T.);
#94 = FACE_BOUND('',#95,.T.);
#95 = EDGE_LOOP('',(#96,#107,#115,#122,#123,#130,#131,#140,#149));
#96 = ORIENTED_EDGE('',*,*,#97,.F.);
#97 = EDGE_CURVE('',#98,#100,#102,.T.);
#98 = VERTEX_POINT('',#99);
#99 = CARTESIAN_POINT('',(144.84852813742,-137.5,208.57673136769));
#100 = VERTEX_POINT('',#101);
#101 = CARTESIAN_POINT('',(144.06482541654,-136.3023369058,
    207.69077625858));
#102 = CIRCLE('',#103,1.2);
#103 = AXIS2_PLACEMENT_3D('',#104,#105,#106);
#104 = CARTESIAN_POINT('',(144.,-137.5,207.72820323027));
#105 = DIRECTION('',(-0.70582173878,6.026065160727E-02,0.70582173878));
#106 = DIRECTION('',(0.707106781187,0.,0.707106781187));
#107 = ORIENTED_EDGE('',*,*,#108,.F.);
#108 = EDGE_CURVE('',#109,#98,#111,.T.);
#109 = VERTEX_POINT('',#110);
#110 = CARTESIAN_POINT('',(147.77673136769,-137.75,205.64852813742));
#111 = LINE('',#112,#113);
#112 = CARTESIAN_POINT('',(147.77673136769,-137.75,205.64852813742));
#113 = VECTOR('',#114,1.);
#114 = DIRECTION('',(-0.70582173878,6.026065160727E-02,0.70582173878));
#115 = ORIENTED_EDGE('',*,*,#116,.T.);
#116 = EDGE_CURVE('',#109,#41,#117,.T.);
#117 = CIRCLE('',#118,1.2);
#118 = AXIS2_PLACEMENT_3D('',#119,#120,#121);
#119 = CARTESIAN_POINT('',(146.92820323027,-137.75,204.8));
#120 = DIRECTION('',(-0.70582173878,6.026065160727E-02,0.70582173878));
#121 = DIRECTION('',(0.707106781187,0.,0.707106781187));
#122 = ORIENTED_EDGE('',*,*,#40,.T.);
#123 = ORIENTED_EDGE('',*,*,#124,.T.);
#124 = EDGE_CURVE('',#32,#109,#125,.T.);
#125 = CIRCLE('',#126,1.2);
#126 = AXIS2_PLACEMENT_3D('',#127,#128,#129);
#127 = CARTESIAN_POINT('',(146.92820323027,-137.75,204.8));
#128 = DIRECTION('',(-0.70582173878,6.026065160727E-02,0.70582173878));
#129 = DIRECTION('',(0.707106781187,0.,0.707106781187));
#130 = ORIENTED_EDGE('',*,*,#108,.T.);
#131 = ORIENTED_EDGE('',*,*,#132,.F.);
#132 = EDGE_CURVE('',#133,#98,#135,.T.);
#133 = VERTEX_POINT('',#134);
#134 = CARTESIAN_POINT('',(143.93517458345,-138.6976630941,
    207.76563020196));
#135 = CIRCLE('',#136,1.2);
#136 = AXIS2_PLACEMENT_3D('',#137,#138,#139);
#137 = CARTESIAN_POINT('',(144.,-137.5,207.72820323027));
#138 = DIRECTION('',(-0.70582173878,6.026065160727E-02,0.70582173878));
#139 = DIRECTION('',(0.707106781187,0.,0.707106781187));
#140 = ORIENTED_EDGE('',*,*,#141,.F.);
#141 = EDGE_CURVE('',#142,#133,#144,.T.);
#142 = VERTEX_POINT('',#143);
#143 = CARTESIAN_POINT('',(143.38004278538,-137.4806641024,
    206.65198884878));
#144 = ELLIPSE('',#145,1.242169498499,1.2);
#145 = AXIS2_PLACEMENT_3D('',#146,#147,#148);
#146 = CARTESIAN_POINT('',(144.,-137.5,207.72820323027));
#147 = DIRECTION('',(-0.864338887279,6.237828615518E-02,0.499026289241)
  );
#148 = DIRECTION('',(0.5,4.406197628981E-16,0.866025403784));
#149 = ORIENTED_EDGE('',*,*,#150,.F.);
#150 = EDGE_CURVE('',#100,#142,#151,.T.);
#151 = ELLIPSE('',#152,1.242169498499,1.2);
#152 = AXIS2_PLACEMENT_3D('',#153,#154,#155);
#153 = CARTESIAN_POINT('',(144.,-137.5,207.72820323027));
#154 = DIRECTION('',(-0.864338887279,6.237828615518E-02,0.499026289241)
  );
#155 = DIRECTION('',(0.5,4.406197628981E-16,0.866025403784));
#156 = CYLINDRICAL_SURFACE('',#157,1.2);
#157 = AXIS2_PLACEMENT_3D('',#158,#159,#160);
#158 = CARTESIAN_POINT('',(146.92820323027,-137.75,204.8));
#159 = DIRECTION('',(-0.70582173878,6.026065160727E-02,0.70582173878));
#160 = DIRECTION('',(0.707106781187,0.,0.707106781187));
#161 = ADVANCED_FACE('',(#162),#167,.F.);
#162 = FACE_BOUND('',#163,.F.);
#163 = EDGE_LOOP('',(#164,#165,#166));
#164 = ORIENTED_EDGE('',*,*,#124,.T.);
#165 = ORIENTED_EDGE('',*,*,#116,.T.);
#166 = ORIENTED_EDGE('',*,*,#83,.T.);
#167 = PLANE('',#168);
#168 = AXIS2_PLACEMENT_3D('',#169,#170,#171);
#169 = CARTESIAN_POINT('',(146.92820323027,-137.75,204.8));
#170 = DIRECTION('',(-0.70582173878,6.026065160727E-02,0.70582173878));
#171 = DIRECTION('',(0.707106781187,0.,0.707106781187));
#172 = ADVANCED_FACE('',(#173),#183,.T.);
#173 = FACE_BOUND('',#174,.T.);
#174 = EDGE_LOOP('',(#175,#176,#177));
#175 = ORIENTED_EDGE('',*,*,#132,.T.);
#176 = ORIENTED_EDGE('',*,*,#97,.T.);
#177 = ORIENTED_EDGE('',*,*,#178,.T.);
#178 = EDGE_CURVE('',#100,#133,#179,.T.);
#179 = LINE('',#180,#181);
#180 = CARTESIAN_POINT('',(144.,-137.5,207.72820323027));
#181 = VECTOR('',#182,1.);
#182 = DIRECTION('',(-5.402118045492E-02,-0.998052578483,
    3.118914307759E-02));
#183 = PLANE('',#184);
#184 = AXIS2_PLACEMENT_3D('',#185,#186,#187);
#185 = CARTESIAN_POINT('',(144.,-137.5,207.72820323027));
#186 = DIRECTION('',(-0.70582173878,6.026065160727E-02,0.70582173878));
#187 = DIRECTION('',(0.707106781187,0.,0.707106781187));
#188 = ADVANCED_FACE('',(#189),#243,.T.);
#189 = FACE_BOUND('',#190,.T.);
#190 = EDGE_LOOP('',(#191,#192,#200,#209,#218,#227,#234,#235,#236));
#191 = ORIENTED_EDGE('',*,*,#150,.T.);
#192 = ORIENTED_EDGE('',*,*,#193,.T.);
#193 = EDGE_CURVE('',#142,#194,#196,.T.);
#194 = VERTEX_POINT('',#195);
#195 = CARTESIAN_POINT('',(139.9987915064,-137.2693358975,
    207.55799239839));
#196 = LINE('',#197,#198);
#197 = CARTESIAN_POINT('',(143.68941714587,-137.5,206.56909223872));
#198 = VECTOR('',#199,1.);
#199 = DIRECTION('',(-0.964170425716,6.026065160727E-02,0.258348686937)
  );
#200 = ORIENTED_EDGE('',*,*,#201,.F.);
#201 = EDGE_CURVE('',#202,#194,#204,.T.);
#202 = VERTEX_POINT('',#203);
#203 = CARTESIAN_POINT('',(140.0012084936,-137.2306641024,
    207.55799239839));
#204 = ELLIPSE('',#205,1.242169498499,1.2);
#205 = AXIS2_PLACEMENT_3D('',#206,#207,#208);
#206 = CARTESIAN_POINT('',(140.,-137.25,208.8));
#207 = DIRECTION('',(-0.998052578483,6.237828615518E-02,0.));
#208 = DIRECTION('',(0.,0.,1.));
#209 = ORIENTED_EDGE('',*,*,#210,.F.);
#210 = EDGE_CURVE('',#211,#202,#213,.T.);
#211 = VERTEX_POINT('',#212);
#212 = CARTESIAN_POINT('',(140.07485394338,-136.0523369058,208.8));
#213 = ELLIPSE('',#214,1.242169498499,1.2);
#214 = AXIS2_PLACEMENT_3D('',#215,#216,#217);
#215 = CARTESIAN_POINT('',(140.,-137.25,208.8));
#216 = DIRECTION('',(-0.998052578483,6.237828615518E-02,0.));
#217 = DIRECTION('',(0.,0.,1.));
#218 = ORIENTED_EDGE('',*,*,#219,.F.);
#219 = EDGE_CURVE('',#220,#211,#222,.T.);
#220 = VERTEX_POINT('',#221);
#221 = CARTESIAN_POINT('',(139.92514605661,-138.4476630941,208.8));
#222 = CIRCLE('',#223,1.2);
#223 = AXIS2_PLACEMENT_3D('',#224,#225,#226);
#224 = CARTESIAN_POINT('',(140.,-137.25,208.8));
#225 = DIRECTION('',(-0.964170425716,6.026065160727E-02,0.258348686937)
  );
#226 = DIRECTION('',(-0.258819045103,1.734723475977E-18,-0.965925826289)
  );
#227 = ORIENTED_EDGE('',*,*,#228,.F.);
#228 = EDGE_CURVE('',#194,#220,#229,.T.);
#229 = ELLIPSE('',#230,1.242169498499,1.2);
#230 = AXIS2_PLACEMENT_3D('',#231,#232,#233);
#231 = CARTESIAN_POINT('',(140.,-137.25,208.8));
#232 = DIRECTION('',(-0.998052578483,6.237828615518E-02,0.));
#233 = DIRECTION('',(0.,0.,1.));
#234 = ORIENTED_EDGE('',*,*,#193,.F.);
#235 = ORIENTED_EDGE('',*,*,#141,.T.);
#236 = ORIENTED_EDGE('',*,*,#237,.T.);
#237 = EDGE_CURVE('',#133,#100,#238,.T.);
#238 = CIRCLE('',#239,1.2);
#239 = AXIS2_PLACEMENT_3D('',#240,#241,#242);
#240 = CARTESIAN_POINT('',(144.,-137.5,207.72820323027));
#241 = DIRECTION('',(-0.964170425716,6.026065160727E-02,0.258348686937)
  );
#242 = DIRECTION('',(-0.258819045103,1.734723475977E-18,-0.965925826289)
  );
#243 = CYLINDRICAL_SURFACE('',#244,1.2);
#244 = AXIS2_PLACEMENT_3D('',#245,#246,#247);
#245 = CARTESIAN_POINT('',(144.,-137.5,207.72820323027));
#246 = DIRECTION('',(-0.964170425716,6.026065160727E-02,0.258348686937)
  );
#247 = DIRECTION('',(-0.258819045103,-1.734723475977E-18,-0.965925826289
    ));
#248 = ADVANCED_FACE('',(#249),#253,.F.);
#249 = FACE_BOUND('',#250,.F.);
#250 = EDGE_LOOP('',(#251,#252));
#251 = ORIENTED_EDGE('',*,*,#178,.T.);
#252 = ORIENTED_EDGE('',*,*,#237,.T.);
#253 = PLANE('',#254);
#254 = AXIS2_PLACEMENT_3D('',#255,#256,#257);
#255 = CARTESIAN_POINT('',(144.,-137.5,207.72820323027));
#256 = DIRECTION('',(-0.964170425716,6.026065160727E-02,0.258348686937)
  );
#257 = DIRECTION('',(-0.258819045103,-1.734723475977E-18,-0.965925826289
    ));
#258 = ADVANCED_FACE('',(#259),#305,.T.);
#259 = FACE_BOUND('',#260,.T.);
#260 = EDGE_LOOP('',(#261,#262,#270,#279,#288,#295,#296,#297,#298));
#261 = ORIENTED_EDGE('',*,*,#210,.T.);
#262 = ORIENTED_EDGE('',*,*,#263,.T.);
#263 = EDGE_CURVE('',#202,#264,#266,.T.);
#264 = VERTEX_POINT('',#265);
#265 = CARTESIAN_POINT('',(136.61995721464,-137.0193358975,
    206.65198884878));
#266 = LINE('',#267,#268);
#267 = CARTESIAN_POINT('',(140.31058285412,-137.25,207.64088900845));
#268 = VECTOR('',#269,1.);
#269 = DIRECTION('',(-0.964170425716,6.026065160727E-02,-0.258348686937)
  );
#270 = ORIENTED_EDGE('',*,*,#271,.F.);
#271 = EDGE_CURVE('',#272,#264,#274,.T.);
#272 = VERTEX_POINT('',#273);
#273 = CARTESIAN_POINT('',(136.06482541654,-135.8023369058,
    207.76563020196));
#274 = ELLIPSE('',#275,1.242169498499,1.2);
#275 = AXIS2_PLACEMENT_3D('',#276,#277,#278);
#276 = CARTESIAN_POINT('',(136.,-137.,207.72820323027));
#277 = DIRECTION('',(-0.864338887279,6.237828615518E-02,-0.499026289241)
  );
#278 = DIRECTION('',(-0.5,-4.406197628981E-16,0.866025403784));
#279 = ORIENTED_EDGE('',*,*,#280,.F.);
#280 = EDGE_CURVE('',#281,#272,#283,.T.);
#281 = VERTEX_POINT('',#282);
#282 = CARTESIAN_POINT('',(135.93517458345,-138.1976630941,
    207.69077625858));
#283 = CIRCLE('',#284,1.2);
#284 = AXIS2_PLACEMENT_3D('',#285,#286,#287);
#285 = CARTESIAN_POINT('',(136.,-137.,207.72820323027));
#286 = DIRECTION('',(-0.964170425716,6.026065160727E-02,-0.258348686937)
  );
#287 = DIRECTION('',(0.258819045103,-1.734723475977E-18,-0.965925826289)
  );
#288 = ORIENTED_EDGE('',*,*,#289,.F.);
#289 = EDGE_CURVE('',#264,#281,#290,.T.);
#290 = ELLIPSE('',#291,1.242169498499,1.2);
#291 = AXIS2_PLACEMENT_3D('',#292,#293,#294);
#292 = CARTESIAN_POINT('',(136.,-137.,207.72820323027));
#293 = DIRECTION('',(-0.864338887279,6.237828615518E-02,-0.499026289241)
  );
#294 = DIRECTION('',(-0.5,-4.406197628981E-16,0.866025403784));
#295 = ORIENTED_EDGE('',*,*,#263,.F.);
#296 = ORIENTED_EDGE('',*,*,#201,.T.);
#297 = ORIENTED_EDGE('',*,*,#228,.T.);
#298 = ORIENTED_EDGE('',*,*,#299,.T.);
#299 = EDGE_CURVE('',#220,#211,#300,.T.);
#300 = CIRCLE('',#301,1.2);
#301 = AXIS2_PLACEMENT_3D('',#302,#303,#304);
#302 = CARTESIAN_POINT('',(140.,-137.25,208.8));
#303 = DIRECTION('',(-0.964170425716,6.026065160727E-02,-0.258348686937)
  );
#304 = DIRECTION('',(0.258819045103,-1.734723475977E-18,-0.965925826289)
  );
#305 = CYLINDRICAL_SURFACE('',#306,1.2);
#306 = AXIS2_PLACEMENT_3D('',#307,#308,#309);
#307 = CARTESIAN_POINT('',(140.,-137.25,208.8));
#308 = DIRECTION('',(-0.964170425716,6.026065160727E-02,-0.258348686937)
  );
#309 = DIRECTION('',(0.258819045103,1.734723475977E-18,-0.965925826289)
  );
#310 = ADVANCED_FACE('',(#311),#320,.T.);
#311 = FACE_BOUND('',#312,.T.);
#312 = EDGE_LOOP('',(#313,#319));
#313 = ORIENTED_EDGE('',*,*,#314,.T.);
#314 = EDGE_CURVE('',#211,#220,#315,.T.);
#315 = LINE('',#316,#317);
#316 = CARTESIAN_POINT('',(140.,-137.25,208.8));
#317 = VECTOR('',#318,1.);
#318 = DIRECTION('',(-6.237828615518E-02,-0.998052578483,0.));
#319 = ORIENTED_EDGE('',*,*,#219,.T.);
#320 = PLANE('',#321);
#321 = AXIS2_PLACEMENT_3D('',#322,#323,#324);
#322 = CARTESIAN_POINT('',(140.,-137.25,208.8));
#323 = DIRECTION('',(-0.964170425716,6.026065160727E-02,0.258348686937)
  );
#324 = DIRECTION('',(-0.258819045103,-1.734723475977E-18,-0.965925826289
    ));
#325 = ADVANCED_FACE('',(#326),#330,.F.);
#326 = FACE_BOUND('',#327,.F.);
#327 = EDGE_LOOP('',(#328,#329));
#328 = ORIENTED_EDGE('',*,*,#314,.T.);
#329 = ORIENTED_EDGE('',*,*,#299,.T.);
#330 = PLANE('',#331);
#331 = AXIS2_PLACEMENT_3D('',#332,#333,#334);
#332 = CARTESIAN_POINT('',(140.,-137.25,208.8));
#333 = DIRECTION('',(-0.964170425716,6.026065160727E-02,-0.258348686937)
  );
#334 = DIRECTION('',(0.258819045103,1.734723475977E-18,-0.965925826289)
  );
#335 = ADVANCED_FACE('',(#336),#390,.T.);
#336 = FACE_BOUND('',#337,.T.);
#337 = EDGE_LOOP('',(#338,#349,#357,#364,#365,#366,#373,#374,#383));
#338 = ORIENTED_EDGE('',*,*,#339,.F.);
#339 = EDGE_CURVE('',#340,#342,#344,.T.);
#340 = VERTEX_POINT('',#341);
#341 = CARTESIAN_POINT('',(132.2232686323,-136.75,205.64852813742));
#342 = VERTEX_POINT('',#343);
#343 = CARTESIAN_POINT('',(133.10922374141,-135.5523369058,
    204.86482541654));
#344 = CIRCLE('',#345,1.2);
#345 = AXIS2_PLACEMENT_3D('',#346,#347,#348);
#346 = CARTESIAN_POINT('',(133.07179676972,-136.75,204.8));
#347 = DIRECTION('',(-0.70582173878,6.026065160727E-02,-0.70582173878));
#348 = DIRECTION('',(-0.707106781187,0.,0.707106781187));
#349 = ORIENTED_EDGE('',*,*,#350,.F.);
#350 = EDGE_CURVE('',#351,#340,#353,.T.);
#351 = VERTEX_POINT('',#352);
#352 = CARTESIAN_POINT('',(135.15147186257,-137.,208.57673136769));
#353 = LINE('',#354,#355);
#354 = CARTESIAN_POINT('',(135.15147186257,-137.,208.57673136769));
#355 = VECTOR('',#356,1.);
#356 = DIRECTION('',(-0.70582173878,6.026065160727E-02,-0.70582173878));
#357 = ORIENTED_EDGE('',*,*,#358,.T.);
#358 = EDGE_CURVE('',#351,#272,#359,.T.);
#359 = CIRCLE('',#360,1.2);
#360 = AXIS2_PLACEMENT_3D('',#361,#362,#363);
#361 = CARTESIAN_POINT('',(136.,-137.,207.72820323027));
#362 = DIRECTION('',(-0.70582173878,6.026065160727E-02,-0.70582173878));
#363 = DIRECTION('',(-0.707106781187,0.,0.707106781187));
#364 = ORIENTED_EDGE('',*,*,#271,.T.);
#365 = ORIENTED_EDGE('',*,*,#289,.T.);
#366 = ORIENTED_EDGE('',*,*,#367,.T.);
#367 = EDGE_CURVE('',#281,#351,#368,.T.);
#368 = CIRCLE('',#369,1.2);
#369 = AXIS2_PLACEMENT_3D('',#370,#371,#372);
#370 = CARTESIAN_POINT('',(136.,-137.,207.72820323027));
#371 = DIRECTION('',(-0.70582173878,6.026065160727E-02,-0.70582173878));
#372 = DIRECTION('',(-0.707106781187,0.,0.707106781187));
#373 = ORIENTED_EDGE('',*,*,#350,.T.);
#374 = ORIENTED_EDGE('',*,*,#375,.F.);
#375 = EDGE_CURVE('',#376,#340,#378,.T.);
#376 = VERTEX_POINT('',#377);
#377 = CARTESIAN_POINT('',(133.03436979803,-137.9476630941,
    204.73517458345));
#378 = CIRCLE('',#379,1.2);
#379 = AXIS2_PLACEMENT_3D('',#380,#381,#382);
#380 = CARTESIAN_POINT('',(133.07179676972,-136.75,204.8));
#381 = DIRECTION('',(-0.70582173878,6.026065160727E-02,-0.70582173878));
#382 = DIRECTION('',(-0.707106781187,0.,0.707106781187));
#383 = ORIENTED_EDGE('',*,*,#384,.F.);
#384 = EDGE_CURVE('',#342,#376,#385,.T.);
#385 = ELLIPSE('',#386,1.242169498499,1.2);
#386 = AXIS2_PLACEMENT_3D('',#387,#388,#389);
#387 = CARTESIAN_POINT('',(133.07179676972,-136.75,204.8));
#388 = DIRECTION('',(-0.499026289241,6.237828615518E-02,-0.864338887279)
  );
#389 = DIRECTION('',(-0.866025403784,4.406197628981E-16,0.5));
#390 = CYLINDRICAL_SURFACE('',#391,1.2);
#391 = AXIS2_PLACEMENT_3D('',#392,#393,#394);
#392 = CARTESIAN_POINT('',(136.,-137.,207.72820323027));
#393 = DIRECTION('',(-0.70582173878,6.026065160727E-02,-0.70582173878));
#394 = DIRECTION('',(-0.707106781187,0.,0.707106781187));
#395 = ADVANCED_FACE('',(#396),#405,.T.);
#396 = FACE_BOUND('',#397,.T.);
#397 = EDGE_LOOP('',(#398,#404));
#398 = ORIENTED_EDGE('',*,*,#399,.T.);
#399 = EDGE_CURVE('',#272,#281,#400,.T.);
#400 = LINE('',#401,#402);
#401 = CARTESIAN_POINT('',(136.,-137.,207.72820323027));
#402 = VECTOR('',#403,1.);
#403 = DIRECTION('',(-5.402118045492E-02,-0.998052578483,
    -3.118914307759E-02));
#404 = ORIENTED_EDGE('',*,*,#280,.T.);
#405 = PLANE('',#406);
#406 = AXIS2_PLACEMENT_3D('',#407,#408,#409);
#407 = CARTESIAN_POINT('',(136.,-137.,207.72820323027));
#408 = DIRECTION('',(-0.964170425716,6.026065160727E-02,-0.258348686937)
  );
#409 = DIRECTION('',(0.258819045103,1.734723475977E-18,-0.965925826289)
  );
#410 = ADVANCED_FACE('',(#411),#421,.T.);
#411 = FACE_BOUND('',#412,.T.);
#412 = EDGE_LOOP('',(#413,#414,#415));
#413 = ORIENTED_EDGE('',*,*,#375,.T.);
#414 = ORIENTED_EDGE('',*,*,#339,.T.);
#415 = ORIENTED_EDGE('',*,*,#416,.T.);
#416 = EDGE_CURVE('',#342,#376,#417,.T.);
#417 = LINE('',#418,#419);
#418 = CARTESIAN_POINT('',(133.07179676972,-136.75,204.8));
#419 = VECTOR('',#420,1.);
#420 = DIRECTION('',(-3.118914307759E-02,-0.998052578483,
    -5.402118045492E-02));
#421 = PLANE('',#422);
#422 = AXIS2_PLACEMENT_3D('',#423,#424,#425);
#423 = CARTESIAN_POINT('',(133.07179676972,-136.75,204.8));
#424 = DIRECTION('',(-0.70582173878,6.026065160727E-02,-0.70582173878));
#425 = DIRECTION('',(-0.707106781187,0.,0.707106781187));
#426 = ADVANCED_FACE('',(#427),#480,.T.);
#427 = FACE_BOUND('',#428,.T.);
#428 = EDGE_LOOP('',(#429,#440,#448,#455,#456,#463,#464,#473));
#429 = ORIENTED_EDGE('',*,*,#430,.F.);
#430 = EDGE_CURVE('',#431,#433,#435,.T.);
#431 = VERTEX_POINT('',#432);
#432 = CARTESIAN_POINT('',(130.84088900845,-136.5,201.11058285412));
#433 = VERTEX_POINT('',#434);
#434 = CARTESIAN_POINT('',(132.,-135.3023369058,200.87485394338));
#435 = CIRCLE('',#436,1.2);
#436 = AXIS2_PLACEMENT_3D('',#437,#438,#439);
#437 = CARTESIAN_POINT('',(132.,-136.5,200.8));
#438 = DIRECTION('',(-0.258348686937,6.026065160727E-02,-0.964170425716)
  );
#439 = DIRECTION('',(-0.965925826289,-1.734723475977E-18,0.258819045103)
  );
#440 = ORIENTED_EDGE('',*,*,#441,.F.);
#441 = EDGE_CURVE('',#442,#431,#444,.T.);
#442 = VERTEX_POINT('',#443);
#443 = CARTESIAN_POINT('',(131.91268577817,-136.75,205.11058285412));
#444 = LINE('',#445,#446);
#445 = CARTESIAN_POINT('',(131.91268577817,-136.75,205.11058285412));
#446 = VECTOR('',#447,1.);
#447 = DIRECTION('',(-0.258348686937,6.026065160727E-02,-0.964170425716)
  );
#448 = ORIENTED_EDGE('',*,*,#449,.T.);
#449 = EDGE_CURVE('',#442,#342,#450,.T.);
#450 = CIRCLE('',#451,1.2);
#451 = AXIS2_PLACEMENT_3D('',#452,#453,#454);
#452 = CARTESIAN_POINT('',(133.07179676972,-136.75,204.8));
#453 = DIRECTION('',(-0.258348686937,6.026065160727E-02,-0.964170425716)
  );
#454 = DIRECTION('',(-0.965925826289,-1.734723475977E-18,0.258819045103)
  );
#455 = ORIENTED_EDGE('',*,*,#384,.T.);
#456 = ORIENTED_EDGE('',*,*,#457,.T.);
#457 = EDGE_CURVE('',#376,#442,#458,.T.);
#458 = CIRCLE('',#459,1.2);
#459 = AXIS2_PLACEMENT_3D('',#460,#461,#462);
#460 = CARTESIAN_POINT('',(133.07179676972,-136.75,204.8));
#461 = DIRECTION('',(-0.258348686937,6.026065160727E-02,-0.964170425716)
  );
#462 = DIRECTION('',(-0.965925826289,-1.734723475977E-18,0.258819045103)
  );
#463 = ORIENTED_EDGE('',*,*,#441,.T.);
#464 = ORIENTED_EDGE('',*,*,#465,.F.);
#465 = EDGE_CURVE('',#466,#431,#468,.T.);
#466 = VERTEX_POINT('',#467);
#467 = CARTESIAN_POINT('',(132.,-137.6976630941,200.72514605661));
#468 = CIRCLE('',#469,1.2);
#469 = AXIS2_PLACEMENT_3D('',#470,#471,#472);
#470 = CARTESIAN_POINT('',(132.,-136.5,200.8));
#471 = DIRECTION('',(-0.258348686937,6.026065160727E-02,-0.964170425716)
  );
#472 = DIRECTION('',(-0.965925826289,-1.734723475977E-18,0.258819045103)
  );
#473 = ORIENTED_EDGE('',*,*,#474,.F.);
#474 = EDGE_CURVE('',#433,#466,#475,.T.);
#475 = ELLIPSE('',#476,1.242169498499,1.2);
#476 = AXIS2_PLACEMENT_3D('',#477,#478,#479);
#477 = CARTESIAN_POINT('',(132.,-136.5,200.8));
#478 = DIRECTION('',(0.,6.237828615518E-02,-0.998052578483));
#479 = DIRECTION('',(-1.,0.,0.));
#480 = CYLINDRICAL_SURFACE('',#481,1.2);
#481 = AXIS2_PLACEMENT_3D('',#482,#483,#484);
#482 = CARTESIAN_POINT('',(133.07179676972,-136.75,204.8));
#483 = DIRECTION('',(-0.258348686937,6.026065160727E-02,-0.964170425716)
  );
#484 = DIRECTION('',(-0.965925826289,1.734723475977E-18,0.258819045103)
  );
#485 = ADVANCED_FACE('',(#486),#491,.F.);
#486 = FACE_BOUND('',#487,.F.);
#487 = EDGE_LOOP('',(#488,#489,#490));
#488 = ORIENTED_EDGE('',*,*,#367,.T.);
#489 = ORIENTED_EDGE('',*,*,#358,.T.);
#490 = ORIENTED_EDGE('',*,*,#399,.T.);
#491 = PLANE('',#492);
#492 = AXIS2_PLACEMENT_3D('',#493,#494,#495);
#493 = CARTESIAN_POINT('',(136.,-137.,207.72820323027));
#494 = DIRECTION('',(-0.70582173878,6.026065160727E-02,-0.70582173878));
#495 = DIRECTION('',(-0.707106781187,0.,0.707106781187));
#496 = ADVANCED_FACE('',(#497),#502,.F.);
#497 = FACE_BOUND('',#498,.F.);
#498 = EDGE_LOOP('',(#499,#500,#501));
#499 = ORIENTED_EDGE('',*,*,#457,.T.);
#500 = ORIENTED_EDGE('',*,*,#449,.T.);
#501 = ORIENTED_EDGE('',*,*,#416,.T.);
#502 = PLANE('',#503);
#503 = AXIS2_PLACEMENT_3D('',#504,#505,#506);
#504 = CARTESIAN_POINT('',(133.07179676972,-136.75,204.8));
#505 = DIRECTION('',(-0.258348686937,6.026065160727E-02,-0.964170425716)
  );
#506 = DIRECTION('',(-0.965925826289,1.734723475977E-18,0.258819045103)
  );
#507 = ADVANCED_FACE('',(#508),#518,.T.);
#508 = FACE_BOUND('',#509,.T.);
#509 = EDGE_LOOP('',(#510,#511,#512));
#510 = ORIENTED_EDGE('',*,*,#465,.T.);
#511 = ORIENTED_EDGE('',*,*,#430,.T.);
#512 = ORIENTED_EDGE('',*,*,#513,.T.);
#513 = EDGE_CURVE('',#433,#466,#514,.T.);
#514 = LINE('',#515,#516);
#515 = CARTESIAN_POINT('',(132.,-136.5,200.8));
#516 = VECTOR('',#517,1.);
#517 = DIRECTION('',(0.,-0.998052578483,-6.237828615518E-02));
#518 = PLANE('',#519);
#519 = AXIS2_PLACEMENT_3D('',#520,#521,#522);
#520 = CARTESIAN_POINT('',(132.,-136.5,200.8));
#521 = DIRECTION('',(-0.258348686937,6.026065160727E-02,-0.964170425716)
  );
#522 = DIRECTION('',(-0.965925826289,1.734723475977E-18,0.258819045103)
  );
#523 = ADVANCED_FACE('',(#524),#577,.T.);
#524 = FACE_BOUND('',#525,.T.);
#525 = EDGE_LOOP('',(#526,#537,#545,#552,#553,#560,#561,#570));
#526 = ORIENTED_EDGE('',*,*,#527,.F.);
#527 = EDGE_CURVE('',#528,#530,#532,.T.);
#528 = VERTEX_POINT('',#529);
#529 = CARTESIAN_POINT('',(131.91268577817,-136.25,196.48941714587));
#530 = VERTEX_POINT('',#531);
#531 = CARTESIAN_POINT('',(133.03436979803,-135.0523369058,
    196.86482541654));
#532 = CIRCLE('',#533,1.2);
#533 = AXIS2_PLACEMENT_3D('',#534,#535,#536);
#534 = CARTESIAN_POINT('',(133.07179676972,-136.25,196.8));
#535 = DIRECTION('',(0.258348686937,6.026065160727E-02,-0.964170425716)
  );
#536 = DIRECTION('',(-0.965925826289,1.734723475977E-18,-0.258819045103)
  );
#537 = ORIENTED_EDGE('',*,*,#538,.F.);
#538 = EDGE_CURVE('',#539,#528,#541,.T.);
#539 = VERTEX_POINT('',#540);
#540 = CARTESIAN_POINT('',(130.84088900845,-136.5,200.48941714587));
#541 = LINE('',#542,#543);
#542 = CARTESIAN_POINT('',(130.84088900845,-136.5,200.48941714587));
#543 = VECTOR('',#544,1.);
#544 = DIRECTION('',(0.258348686937,6.026065160727E-02,-0.964170425716)
  );
#545 = ORIENTED_EDGE('',*,*,#546,.T.);
#546 = EDGE_CURVE('',#539,#433,#547,.T.);
#547 = CIRCLE('',#548,1.2);
#548 = AXIS2_PLACEMENT_3D('',#549,#550,#551);
#549 = CARTESIAN_POINT('',(132.,-136.5,200.8));
#550 = DIRECTION('',(0.258348686937,6.026065160727E-02,-0.964170425716)
  );
#551 = DIRECTION('',(-0.965925826289,1.734723475977E-18,-0.258819045103)
  );
#552 = ORIENTED_EDGE('',*,*,#474,.T.);
#553 = ORIENTED_EDGE('',*,*,#554,.T.);
#554 = EDGE_CURVE('',#466,#539,#555,.T.);
#555 = CIRCLE('',#556,1.2);
#556 = AXIS2_PLACEMENT_3D('',#557,#558,#559);
#557 = CARTESIAN_POINT('',(132.,-136.5,200.8));
#558 = DIRECTION('',(0.258348686937,6.026065160727E-02,-0.964170425716)
  );
#559 = DIRECTION('',(-0.965925826289,1.734723475977E-18,-0.258819045103)
  );
#560 = ORIENTED_EDGE('',*,*,#538,.T.);
#561 = ORIENTED_EDGE('',*,*,#562,.F.);
#562 = EDGE_CURVE('',#563,#528,#565,.T.);
#563 = VERTEX_POINT('',#564);
#564 = CARTESIAN_POINT('',(133.10922374141,-137.4476630941,
    196.73517458345));
#565 = CIRCLE('',#566,1.2);
#566 = AXIS2_PLACEMENT_3D('',#567,#568,#569);
#567 = CARTESIAN_POINT('',(133.07179676972,-136.25,196.8));
#568 = DIRECTION('',(0.258348686937,6.026065160727E-02,-0.964170425716)
  );
#569 = DIRECTION('',(-0.965925826289,1.734723475977E-18,-0.258819045103)
  );
#570 = ORIENTED_EDGE('',*,*,#571,.F.);
#571 = EDGE_CURVE('',#530,#563,#572,.T.);
#572 = ELLIPSE('',#573,1.242169498499,1.2);
#573 = AXIS2_PLACEMENT_3D('',#574,#575,#576);
#574 = CARTESIAN_POINT('',(133.07179676972,-136.25,196.8));
#575 = DIRECTION('',(0.499026289241,6.237828615518E-02,-0.864338887279)
  );
#576 = DIRECTION('',(-0.866025403784,-4.406197628981E-16,-0.5));
#577 = CYLINDRICAL_SURFACE('',#578,1.2);
#578 = AXIS2_PLACEMENT_3D('',#579,#580,#581);
#579 = CARTESIAN_POINT('',(132.,-136.5,200.8));
#580 = DIRECTION('',(0.258348686937,6.026065160727E-02,-0.964170425716)
  );
#581 = DIRECTION('',(-0.965925826289,-1.734723475977E-18,-0.258819045103
    ));
#582 = ADVANCED_FACE('',(#583),#588,.F.);
#583 = FACE_BOUND('',#584,.F.);
#584 = EDGE_LOOP('',(#585,#586,#587));
#585 = ORIENTED_EDGE('',*,*,#554,.T.);
#586 = ORIENTED_EDGE('',*,*,#546,.T.);
#587 = ORIENTED_EDGE('',*,*,#513,.T.);
#588 = PLANE('',#589);
#589 = AXIS2_PLACEMENT_3D('',#590,#591,#592);
#590 = CARTESIAN_POINT('',(132.,-136.5,200.8));
#591 = DIRECTION('',(0.258348686937,6.026065160727E-02,-0.964170425716)
  );
#592 = DIRECTION('',(-0.965925826289,-1.734723475977E-18,-0.258819045103
    ));
#593 = ADVANCED_FACE('',(#594),#604,.T.);
#594 = FACE_BOUND('',#595,.T.);
#595 = EDGE_LOOP('',(#596,#597,#598));
#596 = ORIENTED_EDGE('',*,*,#562,.T.);
#597 = ORIENTED_EDGE('',*,*,#527,.T.);
#598 = ORIENTED_EDGE('',*,*,#599,.T.);
#599 = EDGE_CURVE('',#530,#563,#600,.T.);
#600 = LINE('',#601,#602);
#601 = CARTESIAN_POINT('',(133.07179676972,-136.25,196.8));
#602 = VECTOR('',#603,1.);
#603 = DIRECTION('',(3.118914307759E-02,-0.998052578483,
    -5.402118045492E-02));
#604 = PLANE('',#605);
#605 = AXIS2_PLACEMENT_3D('',#606,#607,#608);
#606 = CARTESIAN_POINT('',(133.07179676972,-136.25,196.8));
#607 = DIRECTION('',(0.258348686937,6.026065160727E-02,-0.964170425716)
  );
#608 = DIRECTION('',(-0.965925826289,-1.734723475977E-18,-0.258819045103
    ));
#609 = ADVANCED_FACE('',(#610),#672,.T.);
#610 = FACE_BOUND('',#611,.T.);
#611 = EDGE_LOOP('',(#612,#623,#631,#638,#639,#646,#647,#656,#665));
#612 = ORIENTED_EDGE('',*,*,#613,.F.);
#613 = EDGE_CURVE('',#614,#616,#618,.T.);
#614 = VERTEX_POINT('',#615);
#615 = CARTESIAN_POINT('',(135.15147186257,-136.,193.0232686323));
#616 = VERTEX_POINT('',#617);
#617 = CARTESIAN_POINT('',(135.93517458345,-134.8023369058,
    193.90922374141));
#618 = CIRCLE('',#619,1.2);
#619 = AXIS2_PLACEMENT_3D('',#620,#621,#622);
#620 = CARTESIAN_POINT('',(136.,-136.,193.87179676972));
#621 = DIRECTION('',(0.70582173878,6.026065160727E-02,-0.70582173878));
#622 = DIRECTION('',(-0.707106781187,0.,-0.707106781187));
#623 = ORIENTED_EDGE('',*,*,#624,.F.);
#624 = EDGE_CURVE('',#625,#614,#627,.T.);
#625 = VERTEX_POINT('',#626);
#626 = CARTESIAN_POINT('',(132.2232686323,-136.25,195.95147186257));
#627 = LINE('',#628,#629);
#628 = CARTESIAN_POINT('',(132.2232686323,-136.25,195.95147186257));
#629 = VECTOR('',#630,1.);
#630 = DIRECTION('',(0.70582173878,6.026065160727E-02,-0.70582173878));
#631 = ORIENTED_EDGE('',*,*,#632,.T.);
#632 = EDGE_CURVE('',#625,#530,#633,.T.);
#633 = CIRCLE('',#634,1.2);
#634 = AXIS2_PLACEMENT_3D('',#635,#636,#637);
#635 = CARTESIAN_POINT('',(133.07179676972,-136.25,196.8));
#636 = DIRECTION('',(0.70582173878,6.026065160727E-02,-0.70582173878));
#637 = DIRECTION('',(-0.707106781187,0.,-0.707106781187));
#638 = ORIENTED_EDGE('',*,*,#571,.T.);
#639 = ORIENTED_EDGE('',*,*,#640,.T.);
#640 = EDGE_CURVE('',#563,#625,#641,.T.);
#641 = CIRCLE('',#642,1.2);
#642 = AXIS2_PLACEMENT_3D('',#643,#644,#645);
#643 = CARTESIAN_POINT('',(133.07179676972,-136.25,196.8));
#644 = DIRECTION('',(0.70582173878,6.026065160727E-02,-0.70582173878));
#645 = DIRECTION('',(-0.707106781187,0.,-0.707106781187));
#646 = ORIENTED_EDGE('',*,*,#624,.T.);
#647 = ORIENTED_EDGE('',*,*,#648,.F.);
#648 = EDGE_CURVE('',#649,#614,#651,.T.);
#649 = VERTEX_POINT('',#650);
#650 = CARTESIAN_POINT('',(136.06482541654,-137.1976630941,
    193.83436979803));
#651 = CIRCLE('',#652,1.2);
#652 = AXIS2_PLACEMENT_3D('',#653,#654,#655);
#653 = CARTESIAN_POINT('',(136.,-136.,193.87179676972));
#654 = DIRECTION('',(0.70582173878,6.026065160727E-02,-0.70582173878));
#655 = DIRECTION('',(-0.707106781187,0.,-0.707106781187));
#656 = ORIENTED_EDGE('',*,*,#657,.F.);
#657 = EDGE_CURVE('',#658,#649,#660,.T.);
#658 = VERTEX_POINT('',#659);
#659 = CARTESIAN_POINT('',(136.61995721465,-135.9806641024,
    194.9480111512));
#660 = ELLIPSE('',#661,1.242169498499,1.2);
#661 = AXIS2_PLACEMENT_3D('',#662,#663,#664);
#662 = CARTESIAN_POINT('',(136.,-136.,193.87179676972));
#663 = DIRECTION('',(0.864338887279,6.237828615518E-02,-0.499026289241)
  );
#664 = DIRECTION('',(-0.5,4.406197628981E-16,-0.866025403784));
#665 = ORIENTED_EDGE('',*,*,#666,.F.);
#666 = EDGE_CURVE('',#616,#658,#667,.T.);
#667 = ELLIPSE('',#668,1.242169498499,1.2);
#668 = AXIS2_PLACEMENT_3D('',#669,#670,#671);
#669 = CARTESIAN_POINT('',(136.,-136.,193.87179676972));
#670 = DIRECTION('',(0.864338887279,6.237828615518E-02,-0.499026289241)
  );
#671 = DIRECTION('',(-0.5,4.406197628981E-16,-0.866025403784));
#672 = CYLINDRICAL_SURFACE('',#673,1.2);
#673 = AXIS2_PLACEMENT_3D('',#674,#675,#676);
#674 = CARTESIAN_POINT('',(133.07179676972,-136.25,196.8));
#675 = DIRECTION('',(0.70582173878,6.026065160727E-02,-0.70582173878));
#676 = DIRECTION('',(-0.707106781187,0.,-0.707106781187));
#677 = ADVANCED_FACE('',(#678),#683,.F.);
#678 = FACE_BOUND('',#679,.F.);
#679 = EDGE_LOOP('',(#680,#681,#682));
#680 = ORIENTED_EDGE('',*,*,#640,.T.);
#681 = ORIENTED_EDGE('',*,*,#632,.T.);
#682 = ORIENTED_EDGE('',*,*,#599,.T.);
#683 = PLANE('',#684);
#684 = AXIS2_PLACEMENT_3D('',#685,#686,#687);
#685 = CARTESIAN_POINT('',(133.07179676972,-136.25,196.8));
#686 = DIRECTION('',(0.70582173878,6.026065160727E-02,-0.70582173878));
#687 = DIRECTION('',(-0.707106781187,0.,-0.707106781187));
#688 = ADVANCED_FACE('',(#689),#699,.T.);
#689 = FACE_BOUND('',#690,.T.);
#690 = EDGE_LOOP('',(#691,#692,#693));
#691 = ORIENTED_EDGE('',*,*,#648,.T.);
#692 = ORIENTED_EDGE('',*,*,#613,.T.);
#693 = ORIENTED_EDGE('',*,*,#694,.T.);
#694 = EDGE_CURVE('',#616,#649,#695,.T.);
#695 = LINE('',#696,#697);
#696 = CARTESIAN_POINT('',(136.,-136.,193.87179676972));
#697 = VECTOR('',#698,1.);
#698 = DIRECTION('',(5.402118045492E-02,-0.998052578483,
    -3.118914307759E-02));
#699 = PLANE('',#700);
#700 = AXIS2_PLACEMENT_3D('',#701,#702,#703);
#701 = CARTESIAN_POINT('',(136.,-136.,193.87179676972));
#702 = DIRECTION('',(0.70582173878,6.026065160727E-02,-0.70582173878));
#703 = DIRECTION('',(-0.707106781187,0.,-0.707106781187));
#704 = ADVANCED_FACE('',(#705),#759,.T.);
#705 = FACE_BOUND('',#706,.T.);
#706 = EDGE_LOOP('',(#707,#708,#716,#725,#734,#743,#750,#751,#752));
#707 = ORIENTED_EDGE('',*,*,#666,.T.);
#708 = ORIENTED_EDGE('',*,*,#709,.T.);
#709 = EDGE_CURVE('',#658,#710,#712,.T.);
#710 = VERTEX_POINT('',#711);
#711 = CARTESIAN_POINT('',(140.00120849359,-135.7693358975,
    194.04200760161));
#712 = LINE('',#713,#714);
#713 = CARTESIAN_POINT('',(136.31058285412,-136.,195.03090776127));
#714 = VECTOR('',#715,1.);
#715 = DIRECTION('',(0.964170425716,6.026065160727E-02,-0.258348686937)
  );
#716 = ORIENTED_EDGE('',*,*,#717,.F.);
#717 = EDGE_CURVE('',#718,#710,#720,.T.);
#718 = VERTEX_POINT('',#719);
#719 = CARTESIAN_POINT('',(139.99879150639,-135.7306641024,
    194.0420076016));
#720 = ELLIPSE('',#721,1.242169498499,1.2);
#721 = AXIS2_PLACEMENT_3D('',#722,#723,#724);
#722 = CARTESIAN_POINT('',(140.,-135.75,192.8));
#723 = DIRECTION('',(0.998052578483,6.237828615518E-02,0.));
#724 = DIRECTION('',(0.,0.,-1.));
#725 = ORIENTED_EDGE('',*,*,#726,.F.);
#726 = EDGE_CURVE('',#727,#718,#729,.T.);
#727 = VERTEX_POINT('',#728);
#728 = CARTESIAN_POINT('',(139.92514605661,-134.5523369058,192.8));
#729 = ELLIPSE('',#730,1.242169498499,1.2);
#730 = AXIS2_PLACEMENT_3D('',#731,#732,#733);
#731 = CARTESIAN_POINT('',(140.,-135.75,192.8));
#732 = DIRECTION('',(0.998052578483,6.237828615518E-02,0.));
#733 = DIRECTION('',(0.,0.,-1.));
#734 = ORIENTED_EDGE('',*,*,#735,.F.);
#735 = EDGE_CURVE('',#736,#727,#738,.T.);
#736 = VERTEX_POINT('',#737);
#737 = CARTESIAN_POINT('',(140.07485394338,-136.9476630941,192.8));
#738 = CIRCLE('',#739,1.2);
#739 = AXIS2_PLACEMENT_3D('',#740,#741,#742);
#740 = CARTESIAN_POINT('',(140.,-135.75,192.8));
#741 = DIRECTION('',(0.964170425716,6.026065160727E-02,-0.258348686937)
  );
#742 = DIRECTION('',(0.258819045103,1.734723475977E-18,0.965925826289));
#743 = ORIENTED_EDGE('',*,*,#744,.F.);
#744 = EDGE_CURVE('',#710,#736,#745,.T.);
#745 = ELLIPSE('',#746,1.242169498499,1.2);
#746 = AXIS2_PLACEMENT_3D('',#747,#748,#749);
#747 = CARTESIAN_POINT('',(140.,-135.75,192.8));
#748 = DIRECTION('',(0.998052578483,6.237828615518E-02,0.));
#749 = DIRECTION('',(0.,0.,-1.));
#750 = ORIENTED_EDGE('',*,*,#709,.F.);
#751 = ORIENTED_EDGE('',*,*,#657,.T.);
#752 = ORIENTED_EDGE('',*,*,#753,.T.);
#753 = EDGE_CURVE('',#649,#616,#754,.T.);
#754 = CIRCLE('',#755,1.2);
#755 = AXIS2_PLACEMENT_3D('',#756,#757,#758);
#756 = CARTESIAN_POINT('',(136.,-136.,193.87179676972));
#757 = DIRECTION('',(0.964170425716,6.026065160727E-02,-0.258348686937)
  );
#758 = DIRECTION('',(0.258819045103,1.734723475977E-18,0.965925826289));
#759 = CYLINDRICAL_SURFACE('',#760,1.2);
#760 = AXIS2_PLACEMENT_3D('',#761,#762,#763);
#761 = CARTESIAN_POINT('',(136.,-136.,193.87179676972));
#762 = DIRECTION('',(0.964170425716,6.026065160727E-02,-0.258348686937)
  );
#763 = DIRECTION('',(0.258819045103,-1.734723475977E-18,0.965925826289)
  );
#764 = ADVANCED_FACE('',(#765),#769,.F.);
#765 = FACE_BOUND('',#766,.F.);
#766 = EDGE_LOOP('',(#767,#768));
#767 = ORIENTED_EDGE('',*,*,#694,.T.);
#768 = ORIENTED_EDGE('',*,*,#753,.T.);
#769 = PLANE('',#770);
#770 = AXIS2_PLACEMENT_3D('',#771,#772,#773);
#771 = CARTESIAN_POINT('',(136.,-136.,193.87179676972));
#772 = DIRECTION('',(0.964170425716,6.026065160727E-02,-0.258348686937)
  );
#773 = DIRECTION('',(0.258819045103,-1.734723475977E-18,0.965925826289)
  );
#774 = ADVANCED_FACE('',(#775),#821,.T.);
#775 = FACE_BOUND('',#776,.T.);
#776 = EDGE_LOOP('',(#777,#778,#786,#795,#804,#811,#812,#813,#814));
#777 = ORIENTED_EDGE('',*,*,#726,.T.);
#778 = ORIENTED_EDGE('',*,*,#779,.T.);
#779 = EDGE_CURVE('',#718,#780,#782,.T.);
#780 = VERTEX_POINT('',#781);
#781 = CARTESIAN_POINT('',(143.38004278535,-135.5193358975,
    194.94801115121));
#782 = LINE('',#783,#784);
#783 = CARTESIAN_POINT('',(139.68941714587,-135.75,193.95911099154));
#784 = VECTOR('',#785,1.);
#785 = DIRECTION('',(0.964170425716,6.026065160727E-02,0.258348686937));
#786 = ORIENTED_EDGE('',*,*,#787,.F.);
#787 = EDGE_CURVE('',#788,#780,#790,.T.);
#788 = VERTEX_POINT('',#789);
#789 = CARTESIAN_POINT('',(143.93517458345,-134.3023369058,
    193.83436979803));
#790 = ELLIPSE('',#791,1.242169498499,1.2);
#791 = AXIS2_PLACEMENT_3D('',#792,#793,#794);
#792 = CARTESIAN_POINT('',(144.,-135.5,193.87179676972));
#793 = DIRECTION('',(0.864338887279,6.237828615518E-02,0.499026289241));
#794 = DIRECTION('',(0.5,-4.406197628981E-16,-0.866025403784));
#795 = ORIENTED_EDGE('',*,*,#796,.F.);
#796 = EDGE_CURVE('',#797,#788,#799,.T.);
#797 = VERTEX_POINT('',#798);
#798 = CARTESIAN_POINT('',(144.06482541654,-136.6976630941,
    193.90922374141));
#799 = CIRCLE('',#800,1.2);
#800 = AXIS2_PLACEMENT_3D('',#801,#802,#803);
#801 = CARTESIAN_POINT('',(144.,-135.5,193.87179676972));
#802 = DIRECTION('',(0.964170425716,6.026065160727E-02,0.258348686937));
#803 = DIRECTION('',(-0.258819045103,-1.734723475977E-18,0.965925826289)
  );
#804 = ORIENTED_EDGE('',*,*,#805,.F.);
#805 = EDGE_CURVE('',#780,#797,#806,.T.);
#806 = ELLIPSE('',#807,1.242169498499,1.2);
#807 = AXIS2_PLACEMENT_3D('',#808,#809,#810);
#808 = CARTESIAN_POINT('',(144.,-135.5,193.87179676972));
#809 = DIRECTION('',(0.864338887279,6.237828615518E-02,0.499026289241));
#810 = DIRECTION('',(0.5,-4.406197628981E-16,-0.866025403784));
#811 = ORIENTED_EDGE('',*,*,#779,.F.);
#812 = ORIENTED_EDGE('',*,*,#717,.T.);
#813 = ORIENTED_EDGE('',*,*,#744,.T.);
#814 = ORIENTED_EDGE('',*,*,#815,.T.);
#815 = EDGE_CURVE('',#736,#727,#816,.T.);
#816 = CIRCLE('',#817,1.2);
#817 = AXIS2_PLACEMENT_3D('',#818,#819,#820);
#818 = CARTESIAN_POINT('',(140.,-135.75,192.8));
#819 = DIRECTION('',(0.964170425716,6.026065160727E-02,0.258348686937));
#820 = DIRECTION('',(-0.258819045103,-1.734723475977E-18,0.965925826289)
  );
#821 = CYLINDRICAL_SURFACE('',#822,1.2);
#822 = AXIS2_PLACEMENT_3D('',#823,#824,#825);
#823 = CARTESIAN_POINT('',(140.,-135.75,192.8));
#824 = DIRECTION('',(0.964170425716,6.026065160727E-02,0.258348686937));
#825 = DIRECTION('',(-0.258819045103,1.734723475977E-18,0.965925826289)
  );
#826 = ADVANCED_FACE('',(#827),#836,.T.);
#827 = FACE_BOUND('',#828,.T.);
#828 = EDGE_LOOP('',(#829,#835));
#829 = ORIENTED_EDGE('',*,*,#830,.T.);
#830 = EDGE_CURVE('',#727,#736,#831,.T.);
#831 = LINE('',#832,#833);
#832 = CARTESIAN_POINT('',(140.,-135.75,192.8));
#833 = VECTOR('',#834,1.);
#834 = DIRECTION('',(6.237828615518E-02,-0.998052578483,0.));
#835 = ORIENTED_EDGE('',*,*,#735,.T.);
#836 = PLANE('',#837);
#837 = AXIS2_PLACEMENT_3D('',#838,#839,#840);
#838 = CARTESIAN_POINT('',(140.,-135.75,192.8));
#839 = DIRECTION('',(0.964170425716,6.026065160727E-02,-0.258348686937)
  );
#840 = DIRECTION('',(0.258819045103,-1.734723475977E-18,0.965925826289)
  );
#841 = ADVANCED_FACE('',(#842),#846,.F.);
#842 = FACE_BOUND('',#843,.F.);
#843 = EDGE_LOOP('',(#844,#845));
#844 = ORIENTED_EDGE('',*,*,#830,.T.);
#845 = ORIENTED_EDGE('',*,*,#815,.T.);
#846 = PLANE('',#847);
#847 = AXIS2_PLACEMENT_3D('',#848,#849,#850);
#848 = CARTESIAN_POINT('',(140.,-135.75,192.8));
#849 = DIRECTION('',(0.964170425716,6.026065160727E-02,0.258348686937));
#850 = DIRECTION('',(-0.258819045103,1.734723475977E-18,0.965925826289)
  );
#851 = ADVANCED_FACE('',(#852),#1002,.T.);
#852 = FACE_BOUND('',#853,.T.);
#853 = EDGE_LOOP('',(#854,#865,#873,#888,#896,#903,#904,#905,#912,#913,
    #950,#967,#986,#995));
#854 = ORIENTED_EDGE('',*,*,#855,.F.);
#855 = EDGE_CURVE('',#856,#858,#860,.T.);
#856 = VERTEX_POINT('',#857);
#857 = CARTESIAN_POINT('',(147.77673136769,-135.25,195.95147186257));
#858 = VERTEX_POINT('',#859);
#859 = CARTESIAN_POINT('',(146.89077625858,-134.0523369058,
    196.73517458345));
#860 = CIRCLE('',#861,1.2);
#861 = AXIS2_PLACEMENT_3D('',#862,#863,#864);
#862 = CARTESIAN_POINT('',(146.92820323027,-135.25,196.8));
#863 = DIRECTION('',(0.70582173878,6.026065160727E-02,0.70582173878));
#864 = DIRECTION('',(0.707106781187,0.,-0.707106781187));
#865 = ORIENTED_EDGE('',*,*,#866,.F.);
#866 = EDGE_CURVE('',#867,#856,#869,.T.);
#867 = VERTEX_POINT('',#868);
#868 = CARTESIAN_POINT('',(146.92789193416,-135.3224710143,
    195.10263242904));
#869 = LINE('',#870,#871);
#870 = CARTESIAN_POINT('',(144.84852813742,-135.5,193.0232686323));
#871 = VECTOR('',#872,1.);
#872 = DIRECTION('',(0.70582173878,6.026065160727E-02,0.70582173878));
#873 = ORIENTED_EDGE('',*,*,#874,.F.);
#874 = EDGE_CURVE('',#875,#867,#877,.T.);
#875 = VERTEX_POINT('',#876);
#876 = CARTESIAN_POINT('',(146.45529640225,-135.3628196082,
    194.63003689712));
#877 = B_SPLINE_CURVE_WITH_KNOTS('',5,(#878,#879,#880,#881,#882,#883,
    #884,#885,#886,#887),.UNSPECIFIED.,.F.,.F.,(6,4,6),(0.,
    0.468541097747,1.),.UNSPECIFIED.);
#878 = CARTESIAN_POINT('',(146.45529640228,-135.3628196082,
    194.63003689716));
#879 = CARTESIAN_POINT('',(146.49818026241,-135.3440369404,
    194.67292075729));
#880 = CARTESIAN_POINT('',(146.5415975134,-135.3287819665,
    194.71667350034));
#881 = CARTESIAN_POINT('',(146.58549470858,-135.3170275641,
    194.76092403278));
#882 = CARTESIAN_POINT('',(146.62979022553,-135.308764743,194.8054288879
    ));
#883 = CARTESIAN_POINT('',(146.72495167501,-135.2986212854,
    194.90068517482));
#884 = CARTESIAN_POINT('',(146.77590266187,-135.2977466346,
    194.95147480831));
#885 = CARTESIAN_POINT('',(146.82695833313,-135.301429296,
    195.00212666377));
#886 = CARTESIAN_POINT('',(146.87776446981,-135.3096808118,
    195.05250496469));
#887 = CARTESIAN_POINT('',(146.92789193413,-135.3224710143,
    195.10263242901));
#888 = ORIENTED_EDGE('',*,*,#889,.F.);
#889 = EDGE_CURVE('',#890,#875,#892,.T.);
#890 = VERTEX_POINT('',#891);
#891 = CARTESIAN_POINT('',(144.84852813742,-135.5,193.0232686323));
#892 = LINE('',#893,#894);
#893 = CARTESIAN_POINT('',(144.84852813742,-135.5,193.0232686323));
#894 = VECTOR('',#895,1.);
#895 = DIRECTION('',(0.70582173878,6.026065160727E-02,0.70582173878));
#896 = ORIENTED_EDGE('',*,*,#897,.T.);
#897 = EDGE_CURVE('',#890,#788,#898,.T.);
#898 = CIRCLE('',#899,1.2);
#899 = AXIS2_PLACEMENT_3D('',#900,#901,#902);
#900 = CARTESIAN_POINT('',(144.,-135.5,193.87179676972));
#901 = DIRECTION('',(0.70582173878,6.026065160727E-02,0.70582173878));
#902 = DIRECTION('',(0.707106781187,0.,-0.707106781187));
#903 = ORIENTED_EDGE('',*,*,#787,.T.);
#904 = ORIENTED_EDGE('',*,*,#805,.T.);
#905 = ORIENTED_EDGE('',*,*,#906,.T.);
#906 = EDGE_CURVE('',#797,#890,#907,.T.);
#907 = CIRCLE('',#908,1.2);
#908 = AXIS2_PLACEMENT_3D('',#909,#910,#911);
#909 = CARTESIAN_POINT('',(144.,-135.5,193.87179676972));
#910 = DIRECTION('',(0.70582173878,6.026065160727E-02,0.70582173878));
#911 = DIRECTION('',(0.707106781187,0.,-0.707106781187));
#912 = ORIENTED_EDGE('',*,*,#889,.T.);
#913 = ORIENTED_EDGE('',*,*,#914,.F.);
#914 = EDGE_CURVE('',#915,#875,#917,.T.);
#915 = VERTEX_POINT('',#916);
#916 = CARTESIAN_POINT('',(145.53564639444,-136.5,194.72978512959));
#917 = B_SPLINE_CURVE_WITH_KNOTS('',6,(#918,#919,#920,#921,#922,#923,
    #924,#925,#926,#927,#928,#929,#930,#931,#932,#933,#934,#935,#936,
    #937,#938,#939,#940,#941,#942,#943,#944,#945,#946,#947,#948,#949),
  .UNSPECIFIED.,.F.,.F.,(7,5,5,5,5,5,7),(0.,0.251348704498,
    0.325663780036,0.450640079476,0.583778805944,0.667268108693,1.),
  .UNSPECIFIED.);
#918 = CARTESIAN_POINT('',(145.53564639444,-136.5,194.72978512959));
#919 = CARTESIAN_POINT('',(145.56127710812,-136.4739630709,
    194.66570834542));
#920 = CARTESIAN_POINT('',(145.58697062041,-136.4431169498,
    194.60330004416));
#921 = CARTESIAN_POINT('',(145.61300461019,-136.4072744029,
    194.54312963518));
#922 = CARTESIAN_POINT('',(145.63972853731,-136.366213123,
    194.48607418332));
#923 = CARTESIAN_POINT('',(145.66760873986,-136.3197492481,
    194.43336663225));
#924 = CARTESIAN_POINT('',(145.70610619765,-136.2525266346,
    194.37281102349));
#925 = CARTESIAN_POINT('',(145.71504790236,-136.2367189502,
    194.35951975288));
#926 = CARTESIAN_POINT('',(145.72415596222,-136.2204573926,
    194.34680914785));
#927 = CARTESIAN_POINT('',(145.73344156207,-136.2037578586,
    194.33473048914));
#928 = CARTESIAN_POINT('',(145.74291746664,-136.1866382421,
    194.32333293176));
#929 = CARTESIAN_POINT('',(145.76887789103,-136.1396552226,
    194.29472063864));
#930 = CARTESIAN_POINT('',(145.78576199572,-136.109013839,
    194.27880863921));
#931 = CARTESIAN_POINT('',(145.80324848147,-136.0774146428,
    194.26524469046));
#932 = CARTESIAN_POINT('',(145.82134384547,-136.0451038157,
    194.25425282079));
#933 = CARTESIAN_POINT('',(145.84005144283,-136.0123412044,
    194.24596419941));
#934 = CARTESIAN_POINT('',(145.87992962154,-135.9442828972,
    194.23450839607));
#935 = CARTESIAN_POINT('',(145.90110401469,-135.909093472,
    194.23173319041));
#936 = CARTESIAN_POINT('',(145.92286014431,-135.8741390753,
    194.23209662819));
#937 = CARTESIAN_POINT('',(145.94514696869,-135.8397474714,
    194.23548504428));
#938 = CARTESIAN_POINT('',(145.96787036225,-135.806237966,
    194.24167089065));
#939 = CARTESIAN_POINT('',(146.00530581714,-135.753628456,
    194.25573938462));
#940 = CARTESIAN_POINT('',(146.01986121345,-135.73379264,194.26213511197
    ));
#941 = CARTESIAN_POINT('',(146.03453808088,-135.7144280043,
    194.26943719712));
#942 = CARTESIAN_POINT('',(146.04932684492,-135.6955626825,
    194.27757666077));
#943 = CARTESIAN_POINT('',(146.06421450878,-135.6772218596,
    194.28648286042));
#944 = CARTESIAN_POINT('',(146.13884552452,-135.5885125746,
    194.3343451079));
#945 = CARTESIAN_POINT('',(146.19979397571,-135.5263078766,
    194.3836228574));
#946 = CARTESIAN_POINT('',(146.26197641388,-135.4730119853,
    194.43996886978));
#947 = CARTESIAN_POINT('',(146.3252458634,-135.4282495204,
    194.50074202082));
#948 = CARTESIAN_POINT('',(146.38961673708,-135.3915865926,
    194.56435723196));
#949 = CARTESIAN_POINT('',(146.45529640228,-135.3628196082,
    194.63003689716));
#950 = ORIENTED_EDGE('',*,*,#951,.F.);
#951 = EDGE_CURVE('',#952,#915,#954,.T.);
#952 = VERTEX_POINT('',#953);
#953 = CARTESIAN_POINT('',(145.17161734009,-136.5,195.63985776548));
#954 = B_SPLINE_CURVE_WITH_KNOTS('',6,(#955,#956,#957,#958,#959,#960,
    #961,#962,#963,#964,#965,#966),.UNSPECIFIED.,.F.,.F.,(7,5,7),(0.,
    0.516893950543,1.),.UNSPECIFIED.);
#955 = CARTESIAN_POINT('',(145.17161734009,-136.5,195.63985776548));
#956 = CARTESIAN_POINT('',(145.20182662266,-136.5300524917,
    195.56433455905));
#957 = CARTESIAN_POINT('',(145.23357304851,-136.5540592958,
    195.48740012727));
#958 = CARTESIAN_POINT('',(145.26607882379,-136.5718658565,
    195.40916568023));
#959 = CARTESIAN_POINT('',(145.29872368412,-136.5834081991,
    195.32988820815));
#960 = CARTESIAN_POINT('',(145.33109419327,-136.5886752579,
    195.24999855771));
#961 = CARTESIAN_POINT('',(145.39276553697,-136.5868003012,
    195.09545022384));
#962 = CARTESIAN_POINT('',(145.42212497518,-136.5804470488,
    195.02080020118));
#963 = CARTESIAN_POINT('',(145.45097475449,-136.5686780654,
    194.94640816943));
#964 = CARTESIAN_POINT('',(145.47937574206,-136.551437788,
    194.87266369907));
#965 = CARTESIAN_POINT('',(145.50749552498,-136.5285970261,
    194.80016230325));
#966 = CARTESIAN_POINT('',(145.53564639444,-136.5,194.72978512959));
#967 = ORIENTED_EDGE('',*,*,#968,.F.);
#968 = EDGE_CURVE('',#969,#952,#971,.T.);
#969 = VERTEX_POINT('',#970);
#970 = CARTESIAN_POINT('',(145.03514061275,-135.8999218543,
    196.4140562451));
#971 = B_SPLINE_CURVE_WITH_KNOTS('',7,(#972,#973,#974,#975,#976,#977,
    #978,#979,#980,#981,#982,#983,#984,#985),.UNSPECIFIED.,.F.,.F.,(8,6,
    8),(0.,9.878033306225E-02,1.),.UNSPECIFIED.);
#972 = CARTESIAN_POINT('',(145.03514080172,-135.8999210862,
    196.4140569669));
#973 = CARTESIAN_POINT('',(145.0326002694,-135.9102469966,
    196.40435320244));
#974 = CARTESIAN_POINT('',(145.03023366072,-135.9205892908,
    196.39461895586));
#975 = CARTESIAN_POINT('',(145.02804141993,-135.9309428959,
    196.38485307487));
#976 = CARTESIAN_POINT('',(145.02602376461,-135.9413027266,
    196.37505445073));
#977 = CARTESIAN_POINT('',(145.02418068563,-135.9516636851,
    196.36522201821));
#978 = CARTESIAN_POINT('',(145.02251194715,-135.962020661,196.3553547556
    ));
#979 = CARTESIAN_POINT('',(145.00737876808,-136.0667770464,
    196.25510128825));
#980 = CARTESIAN_POINT('',(145.00831027385,-136.1597644588,
    196.1624070799));
#981 = CARTESIAN_POINT('',(145.02301464384,-136.2479800632,
    196.06620985728));
#982 = CARTESIAN_POINT('',(145.04964037898,-136.3283251533,
    195.96571584345));
#983 = CARTESIAN_POINT('',(145.08539256523,-136.3981755156,
    195.8605746883));
#984 = CARTESIAN_POINT('',(145.1270250217,-136.4556391226,
    195.75133856144));
#985 = CARTESIAN_POINT('',(145.17161734009,-136.5,195.63985776548));
#986 = ORIENTED_EDGE('',*,*,#987,.F.);
#987 = EDGE_CURVE('',#988,#969,#990,.T.);
#988 = VERTEX_POINT('',#989);
#989 = CARTESIAN_POINT('',(146.63245469439,-136.3894314382,
    197.05298187775));
#990 = ELLIPSE('',#991,3.051855453727,1.2);
#991 = AXIS2_PLACEMENT_3D('',#992,#993,#994);
#992 = CARTESIAN_POINT('',(147.54700538379,-135.1971687836,
    197.41880215351));
#993 = DIRECTION('',(0.371390676354,-3.469446951954E-18,-0.928476690885)
  );
#994 = DIRECTION('',(0.926480426185,6.553978241084E-02,0.370592170474));
#995 = ORIENTED_EDGE('',*,*,#996,.F.);
#996 = EDGE_CURVE('',#858,#988,#997,.T.);
#997 = ELLIPSE('',#998,1.242169498499,1.2);
#998 = AXIS2_PLACEMENT_3D('',#999,#1000,#1001);
#999 = CARTESIAN_POINT('',(146.92820323027,-135.25,196.8));
#1000 = DIRECTION('',(0.499026289241,6.237828615518E-02,0.864338887279)
  );
#1001 = DIRECTION('',(0.866025403784,4.406197628981E-16,-0.5));
#1002 = CYLINDRICAL_SURFACE('',#1003,1.2);
#1003 = AXIS2_PLACEMENT_3D('',#1004,#1005,#1006);
#1004 = CARTESIAN_POINT('',(144.,-135.5,193.87179676972));
#1005 = DIRECTION('',(0.70582173878,6.026065160727E-02,0.70582173878));
#1006 = DIRECTION('',(0.707106781187,0.,-0.707106781187));
#1007 = ADVANCED_FACE('',(#1008),#1017,.T.);
#1008 = FACE_BOUND('',#1009,.T.);
#1009 = EDGE_LOOP('',(#1010,#1016));
#1010 = ORIENTED_EDGE('',*,*,#1011,.T.);
#1011 = EDGE_CURVE('',#788,#797,#1012,.T.);
#1012 = LINE('',#1013,#1014);
#1013 = CARTESIAN_POINT('',(144.,-135.5,193.87179676972));
#1014 = VECTOR('',#1015,1.);
#1015 = DIRECTION('',(5.402118045492E-02,-0.998052578483,
    3.118914307759E-02));
#1016 = ORIENTED_EDGE('',*,*,#796,.T.);
#1017 = PLANE('',#1018);
#1018 = AXIS2_PLACEMENT_3D('',#1019,#1020,#1021);
#1019 = CARTESIAN_POINT('',(144.,-135.5,193.87179676972));
#1020 = DIRECTION('',(0.964170425716,6.026065160727E-02,0.258348686937)
  );
#1021 = DIRECTION('',(-0.258819045103,1.734723475977E-18,0.965925826289)
  );
#1022 = ADVANCED_FACE('',(#1023),#1050,.T.);
#1023 = FACE_BOUND('',#1024,.T.);
#1024 = EDGE_LOOP('',(#1025,#1036,#1043,#1044));
#1025 = ORIENTED_EDGE('',*,*,#1026,.F.);
#1026 = EDGE_CURVE('',#1027,#1029,#1031,.T.);
#1027 = VERTEX_POINT('',#1028);
#1028 = CARTESIAN_POINT('',(147.43271053685,-136.2550693681,
    196.38130208651));
#1029 = VERTEX_POINT('',#1030);
#1030 = CARTESIAN_POINT('',(146.94188286244,-135.6877482293,
    196.82369381794));
#1031 = ELLIPSE('',#1032,3.051855453727,1.2);
#1032 = AXIS2_PLACEMENT_3D('',#1033,#1034,#1035);
#1033 = CARTESIAN_POINT('',(145.31005069003,-136.5,198.52487327491));
#1034 = DIRECTION('',(0.70582173878,6.026065160727E-02,0.70582173878));
#1035 = DIRECTION('',(0.705770988107,2.577046655239E-02,-0.707971182606)
  );
#1036 = ORIENTED_EDGE('',*,*,#1037,.T.);
#1037 = EDGE_CURVE('',#1027,#856,#1038,.T.);
#1038 = CIRCLE('',#1039,1.2);
#1039 = AXIS2_PLACEMENT_3D('',#1040,#1041,#1042);
#1040 = CARTESIAN_POINT('',(146.92820323027,-135.25,196.8));
#1041 = DIRECTION('',(0.70582173878,6.026065160727E-02,0.70582173878));
#1042 = DIRECTION('',(0.707106781187,0.,-0.707106781187));
#1043 = ORIENTED_EDGE('',*,*,#855,.T.);
#1044 = ORIENTED_EDGE('',*,*,#1045,.T.);
#1045 = EDGE_CURVE('',#858,#1029,#1046,.T.);
#1046 = LINE('',#1047,#1048);
#1047 = CARTESIAN_POINT('',(146.92820323027,-135.25,196.8));
#1048 = VECTOR('',#1049,1.);
#1049 = DIRECTION('',(3.118914307759E-02,-0.998052578483,
    5.402118045492E-02));
#1050 = PLANE('',#1051);
#1051 = AXIS2_PLACEMENT_3D('',#1052,#1053,#1054);
#1052 = CARTESIAN_POINT('',(146.92820323027,-135.25,196.8));
#1053 = DIRECTION('',(0.70582173878,6.026065160727E-02,0.70582173878));
#1054 = DIRECTION('',(0.707106781187,0.,-0.707106781187));
#1055 = ADVANCED_FACE('',(#1056),#1133,.T.);
#1056 = FACE_BOUND('',#1057,.T.);
#1057 = EDGE_LOOP('',(#1058,#1068,#1077,#1086,#1093,#1094,#1101,#1102,
    #1111,#1126));
#1058 = ORIENTED_EDGE('',*,*,#1059,.T.);
#1059 = EDGE_CURVE('',#1060,#1062,#1064,.T.);
#1060 = VERTEX_POINT('',#1061);
#1061 = CARTESIAN_POINT('',(148.08731422182,-135.25,196.48941714587));
#1062 = VERTEX_POINT('',#1063);
#1063 = CARTESIAN_POINT('',(149.15911099154,-135.,200.48941714587));
#1064 = LINE('',#1065,#1066);
#1065 = CARTESIAN_POINT('',(148.08731422182,-135.25,196.48941714587));
#1066 = VECTOR('',#1067,1.);
#1067 = DIRECTION('',(0.258348686937,6.026065160727E-02,0.964170425716)
  );
#1068 = ORIENTED_EDGE('',*,*,#1069,.F.);
#1069 = EDGE_CURVE('',#1070,#1062,#1072,.T.);
#1070 = VERTEX_POINT('',#1071);
#1071 = CARTESIAN_POINT('',(148.,-136.1976630941,200.87485394338));
#1072 = CIRCLE('',#1073,1.2);
#1073 = AXIS2_PLACEMENT_3D('',#1074,#1075,#1076);
#1074 = CARTESIAN_POINT('',(148.,-135.,200.8));
#1075 = DIRECTION('',(0.258348686937,6.026065160727E-02,0.964170425716)
  );
#1076 = DIRECTION('',(0.965925826289,-1.734723475977E-18,-0.258819045103
    ));
#1077 = ORIENTED_EDGE('',*,*,#1078,.F.);
#1078 = EDGE_CURVE('',#1079,#1070,#1081,.T.);
#1079 = VERTEX_POINT('',#1080);
#1080 = CARTESIAN_POINT('',(148.,-133.8023369058,200.72514605661));
#1081 = ELLIPSE('',#1082,1.242169498499,1.2);
#1082 = AXIS2_PLACEMENT_3D('',#1083,#1084,#1085);
#1083 = CARTESIAN_POINT('',(148.,-135.,200.8));
#1084 = DIRECTION('',(-0.,6.237828615518E-02,0.998052578483));
#1085 = DIRECTION('',(1.,0.,0.));
#1086 = ORIENTED_EDGE('',*,*,#1087,.F.);
#1087 = EDGE_CURVE('',#1062,#1079,#1088,.T.);
#1088 = CIRCLE('',#1089,1.2);
#1089 = AXIS2_PLACEMENT_3D('',#1090,#1091,#1092);
#1090 = CARTESIAN_POINT('',(148.,-135.,200.8));
#1091 = DIRECTION('',(0.258348686937,6.026065160727E-02,0.964170425716)
  );
#1092 = DIRECTION('',(0.965925826289,-1.734723475977E-18,-0.258819045103
    ));
#1093 = ORIENTED_EDGE('',*,*,#1059,.F.);
#1094 = ORIENTED_EDGE('',*,*,#1095,.T.);
#1095 = EDGE_CURVE('',#1060,#858,#1096,.T.);
#1096 = CIRCLE('',#1097,1.2);
#1097 = AXIS2_PLACEMENT_3D('',#1098,#1099,#1100);
#1098 = CARTESIAN_POINT('',(146.92820323027,-135.25,196.8));
#1099 = DIRECTION('',(0.258348686937,6.026065160727E-02,0.964170425716)
  );
#1100 = DIRECTION('',(0.965925826289,-1.734723475977E-18,-0.258819045103
    ));
#1101 = ORIENTED_EDGE('',*,*,#996,.T.);
#1102 = ORIENTED_EDGE('',*,*,#1103,.F.);
#1103 = EDGE_CURVE('',#1104,#988,#1106,.T.);
#1104 = VERTEX_POINT('',#1105);
#1105 = CARTESIAN_POINT('',(147.11180160186,-136.421764779,
    197.24472064074));
#1106 = ELLIPSE('',#1107,1.501386018124,1.2);
#1107 = AXIS2_PLACEMENT_3D('',#1108,#1109,#1110);
#1108 = CARTESIAN_POINT('',(147.0396304904,-135.2240092377,
    197.21585219616));
#1109 = DIRECTION('',(0.371390676354,6.938893903907E-18,-0.928476690885)
  );
#1110 = DIRECTION('',(0.923797407044,0.100270069595,0.369518962818));
#1111 = ORIENTED_EDGE('',*,*,#1112,.T.);
#1112 = EDGE_CURVE('',#1104,#1113,#1115,.T.);
#1113 = VERTEX_POINT('',#1114);
#1114 = CARTESIAN_POINT('',(147.29824605287,-136.3911809074,
    196.77217113123));
#1115 = B_SPLINE_CURVE_WITH_KNOTS('',5,(#1116,#1117,#1118,#1119,#1120,
    #1121,#1122,#1123,#1124,#1125),.UNSPECIFIED.,.F.,.F.,(6,4,6),(0.,
    0.120784579438,1.),.UNSPECIFIED.);
#1116 = CARTESIAN_POINT('',(147.1118013784,-136.4217647688,
    197.24472119758));
#1117 = CARTESIAN_POINT('',(147.1163804809,-136.4219748198,
    197.23331039351));
#1118 = CARTESIAN_POINT('',(147.12095643622,-136.4221281669,
    197.22189735745));
#1119 = CARTESIAN_POINT('',(147.12552918286,-136.4222247856,
    197.21048237344));
#1120 = CARTESIAN_POINT('',(147.13009863264,-136.4222646366,
    197.19906571692));
#1121 = CARTESIAN_POINT('',(147.16790178639,-136.4221241294,
    197.10453326772));
#1122 = CARTESIAN_POINT('',(147.2009792904,-136.4189896986,
    197.02129161789));
#1123 = CARTESIAN_POINT('',(147.23381750789,-136.4128161445,
    196.93811184273));
#1124 = CARTESIAN_POINT('',(147.26629735287,-136.4035624975,
    196.85507860854));
#1125 = CARTESIAN_POINT('',(147.2982463258,-136.3911808016,
    196.77217042296));
#1126 = ORIENTED_EDGE('',*,*,#1127,.T.);
#1127 = EDGE_CURVE('',#1113,#1060,#1128,.T.);
#1128 = CIRCLE('',#1129,1.2);
#1129 = AXIS2_PLACEMENT_3D('',#1130,#1131,#1132);
#1130 = CARTESIAN_POINT('',(146.92820323027,-135.25,196.8));
#1131 = DIRECTION('',(0.258348686937,6.026065160727E-02,0.964170425716)
  );
#1132 = DIRECTION('',(0.965925826289,-1.734723475977E-18,-0.258819045103
    ));
#1133 = CYLINDRICAL_SURFACE('',#1134,1.2);
#1134 = AXIS2_PLACEMENT_3D('',#1135,#1136,#1137);
#1135 = CARTESIAN_POINT('',(146.92820323027,-135.25,196.8));
#1136 = DIRECTION('',(0.258348686937,6.026065160727E-02,0.964170425716)
  );
#1137 = DIRECTION('',(0.965925826289,1.734723475977E-18,-0.258819045103)
  );
#1138 = ADVANCED_FACE('',(#1139),#1159,.F.);
#1139 = FACE_BOUND('',#1140,.F.);
#1140 = EDGE_LOOP('',(#1141,#1150,#1157,#1158));
#1141 = ORIENTED_EDGE('',*,*,#1142,.T.);
#1142 = EDGE_CURVE('',#1104,#1143,#1145,.T.);
#1143 = VERTEX_POINT('',#1144);
#1144 = CARTESIAN_POINT('',(144.88582797093,-136.5,196.35433118837));
#1145 = CIRCLE('',#1146,1.2);
#1146 = AXIS2_PLACEMENT_3D('',#1147,#1148,#1149);
#1147 = CARTESIAN_POINT('',(146.,-136.5,196.8));
#1148 = DIRECTION('',(0.371390676354,0.,-0.928476690885));
#1149 = DIRECTION('',(-0.928476690885,0.,-0.371390676354));
#1150 = ORIENTED_EDGE('',*,*,#1151,.T.);
#1151 = EDGE_CURVE('',#1143,#969,#1152,.T.);
#1152 = CIRCLE('',#1153,1.2);
#1153 = AXIS2_PLACEMENT_3D('',#1154,#1155,#1156);
#1154 = CARTESIAN_POINT('',(146.,-136.5,196.8));
#1155 = DIRECTION('',(0.371390676354,0.,-0.928476690885));
#1156 = DIRECTION('',(-0.928476690885,0.,-0.371390676354));
#1157 = ORIENTED_EDGE('',*,*,#987,.F.);
#1158 = ORIENTED_EDGE('',*,*,#1103,.F.);
#1159 = PLANE('',#1160);
#1160 = AXIS2_PLACEMENT_3D('',#1161,#1162,#1163);
#1161 = CARTESIAN_POINT('',(146.,-136.5,196.8));
#1162 = DIRECTION('',(0.371390676354,0.,-0.928476690885));
#1163 = DIRECTION('',(-0.928476690885,0.,-0.371390676354));
#1164 = ADVANCED_FACE('',(#1165),#1175,.T.);
#1165 = FACE_BOUND('',#1166,.T.);
#1166 = EDGE_LOOP('',(#1167,#1168,#1174));
#1167 = ORIENTED_EDGE('',*,*,#968,.T.);
#1168 = ORIENTED_EDGE('',*,*,#1169,.F.);
#1169 = EDGE_CURVE('',#1143,#952,#1170,.T.);
#1170 = LINE('',#1171,#1172);
#1171 = CARTESIAN_POINT('',(144.88582797093,-136.5,196.35433118837));
#1172 = VECTOR('',#1173,1.);
#1173 = DIRECTION('',(0.371390676354,0.,-0.928476690885));
#1174 = ORIENTED_EDGE('',*,*,#1151,.T.);
#1175 = CYLINDRICAL_SURFACE('',#1176,1.2);
#1176 = AXIS2_PLACEMENT_3D('',#1177,#1178,#1179);
#1177 = CARTESIAN_POINT('',(146.,-136.5,196.8));
#1178 = DIRECTION('',(0.371390676354,0.,-0.928476690885));
#1179 = DIRECTION('',(-0.928476690885,0.,-0.371390676354));
#1180 = ADVANCED_FACE('',(#1181),#1238,.T.);
#1181 = FACE_BOUND('',#1182,.T.);
#1182 = EDGE_LOOP('',(#1183,#1191,#1198,#1199,#1200,#1201,#1226,#1227,
    #1234,#1235,#1236,#1237));
#1183 = ORIENTED_EDGE('',*,*,#1184,.T.);
#1184 = EDGE_CURVE('',#915,#1185,#1187,.T.);
#1185 = VERTEX_POINT('',#1186);
#1186 = CARTESIAN_POINT('',(148.88582797093,-136.5,186.35433118837));
#1187 = LINE('',#1188,#1189);
#1188 = CARTESIAN_POINT('',(144.88582797093,-136.5,196.35433118837));
#1189 = VECTOR('',#1190,1.);
#1190 = DIRECTION('',(0.371390676354,0.,-0.928476690885));
#1191 = ORIENTED_EDGE('',*,*,#1192,.F.);
#1192 = EDGE_CURVE('',#1185,#1185,#1193,.T.);
#1193 = CIRCLE('',#1194,1.2);
#1194 = AXIS2_PLACEMENT_3D('',#1195,#1196,#1197);
#1195 = CARTESIAN_POINT('',(150.,-136.5,186.8));
#1196 = DIRECTION('',(0.371390676354,0.,-0.928476690885));
#1197 = DIRECTION('',(-0.928476690885,0.,-0.371390676354));
#1198 = ORIENTED_EDGE('',*,*,#1184,.F.);
#1199 = ORIENTED_EDGE('',*,*,#914,.T.);
#1200 = ORIENTED_EDGE('',*,*,#874,.T.);
#1201 = ORIENTED_EDGE('',*,*,#1202,.F.);
#1202 = EDGE_CURVE('',#1027,#867,#1203,.T.);
#1203 = B_SPLINE_CURVE_WITH_KNOTS('',6,(#1204,#1205,#1206,#1207,#1208,
    #1209,#1210,#1211,#1212,#1213,#1214,#1215,#1216,#1217,#1218,#1219,
    #1220,#1221,#1222,#1223,#1224,#1225),.UNSPECIFIED.,.F.,.F.,(7,5,5,5,
    7),(0.,0.168709226425,0.390184434839,0.657575224424,1.),
  .UNSPECIFIED.);
#1204 = CARTESIAN_POINT('',(147.43271018767,-136.2550700716,
    196.38130335434));
#1205 = CARTESIAN_POINT('',(147.44425523251,-136.2318117679,
    196.33938360752));
#1206 = CARTESIAN_POINT('',(147.45462320042,-136.2069170903,
    196.29793546678));
#1207 = CARTESIAN_POINT('',(147.46364793874,-136.1805011961,
    196.2569999489));
#1208 = CARTESIAN_POINT('',(147.47116827813,-136.1527028068,
    196.21659662761));
#1209 = CARTESIAN_POINT('',(147.47703481126,-136.1236796036,
    196.17672627635));
#1210 = CARTESIAN_POINT('',(147.48647518633,-136.0541209895,
    196.08571266171));
#1211 = CARTESIAN_POINT('',(147.48875935035,-136.0128179811,
    196.03493591159));
#1212 = CARTESIAN_POINT('',(147.48766021632,-135.9701418978,
    195.98508584498));
#1213 = CARTESIAN_POINT('',(147.48295982984,-135.9265973227,
    195.9361432342));
#1214 = CARTESIAN_POINT('',(147.47454410301,-135.8827117462,
    195.88804252894));
#1215 = CARTESIAN_POINT('',(147.44777284595,-135.7862286944,
    195.78351462655));
#1216 = CARTESIAN_POINT('',(147.4277372543,-135.7337825224,
    195.7275057376));
#1217 = CARTESIAN_POINT('',(147.40233708539,-135.6825725658,
    195.67248706297));
#1218 = CARTESIAN_POINT('',(147.37183508339,-135.6334806377,
    195.61823227323));
#1219 = CARTESIAN_POINT('',(147.33672824434,-135.5873124942,
    195.56451792962));
#1220 = CARTESIAN_POINT('',(147.24775175862,-135.4901843566,
    195.44296322456));
#1221 = CARTESIAN_POINT('',(147.19140175155,-135.4415370455,
    195.37541575156));
#1222 = CARTESIAN_POINT('',(147.12985429237,-135.3998419796,
    195.30793111147));
#1223 = CARTESIAN_POINT('',(147.06450342223,-135.3658657752,
    195.24001973199));
#1224 = CARTESIAN_POINT('',(146.99675978675,-135.3400428942,
    195.17150028163));
#1225 = CARTESIAN_POINT('',(146.92789193413,-135.3224710143,
    195.10263242901));
#1226 = ORIENTED_EDGE('',*,*,#1026,.T.);
#1227 = ORIENTED_EDGE('',*,*,#1228,.F.);
#1228 = EDGE_CURVE('',#1113,#1029,#1229,.T.);
#1229 = ELLIPSE('',#1230,1.501386018124,1.2);
#1230 = AXIS2_PLACEMENT_3D('',#1231,#1232,#1233);
#1231 = CARTESIAN_POINT('',(145.85357129647,-136.5,197.16607175882));
#1232 = DIRECTION('',(0.258348686937,6.026065160727E-02,0.964170425716)
  );
#1233 = DIRECTION('',(0.961555323267,8.014200349609E-02,-0.262656847566)
  );
#1234 = ORIENTED_EDGE('',*,*,#1112,.F.);
#1235 = ORIENTED_EDGE('',*,*,#1142,.T.);
#1236 = ORIENTED_EDGE('',*,*,#1169,.T.);
#1237 = ORIENTED_EDGE('',*,*,#951,.T.);
#1238 = CYLINDRICAL_SURFACE('',#1239,1.2);
#1239 = AXIS2_PLACEMENT_3D('',#1240,#1241,#1242);
#1240 = CARTESIAN_POINT('',(146.,-136.5,196.8));
#1241 = DIRECTION('',(0.371390676354,0.,-0.928476690885));
#1242 = DIRECTION('',(-0.928476690885,0.,-0.371390676354));
#1243 = ADVANCED_FACE('',(#1244),#1249,.F.);
#1244 = FACE_BOUND('',#1245,.F.);
#1245 = EDGE_LOOP('',(#1246,#1247,#1248));
#1246 = ORIENTED_EDGE('',*,*,#906,.T.);
#1247 = ORIENTED_EDGE('',*,*,#897,.T.);
#1248 = ORIENTED_EDGE('',*,*,#1011,.T.);
#1249 = PLANE('',#1250);
#1250 = AXIS2_PLACEMENT_3D('',#1251,#1252,#1253);
#1251 = CARTESIAN_POINT('',(144.,-135.5,193.87179676972));
#1252 = DIRECTION('',(0.70582173878,6.026065160727E-02,0.70582173878));
#1253 = DIRECTION('',(0.707106781187,0.,-0.707106781187));
#1254 = ADVANCED_FACE('',(#1255),#1260,.T.);
#1255 = FACE_BOUND('',#1256,.T.);
#1256 = EDGE_LOOP('',(#1257,#1258,#1259));
#1257 = ORIENTED_EDGE('',*,*,#866,.T.);
#1258 = ORIENTED_EDGE('',*,*,#1037,.F.);
#1259 = ORIENTED_EDGE('',*,*,#1202,.T.);
#1260 = CYLINDRICAL_SURFACE('',#1261,1.2);
#1261 = AXIS2_PLACEMENT_3D('',#1262,#1263,#1264);
#1262 = CARTESIAN_POINT('',(144.,-135.5,193.87179676972));
#1263 = DIRECTION('',(0.70582173878,6.026065160727E-02,0.70582173878));
#1264 = DIRECTION('',(0.707106781187,0.,-0.707106781187));
#1265 = ADVANCED_FACE('',(#1266),#1272,.F.);
#1266 = FACE_BOUND('',#1267,.F.);
#1267 = EDGE_LOOP('',(#1268,#1269,#1270,#1271));
#1268 = ORIENTED_EDGE('',*,*,#1228,.F.);
#1269 = ORIENTED_EDGE('',*,*,#1127,.T.);
#1270 = ORIENTED_EDGE('',*,*,#1095,.T.);
#1271 = ORIENTED_EDGE('',*,*,#1045,.T.);
#1272 = PLANE('',#1273);
#1273 = AXIS2_PLACEMENT_3D('',#1274,#1275,#1276);
#1274 = CARTESIAN_POINT('',(146.92820323027,-135.25,196.8));
#1275 = DIRECTION('',(0.258348686937,6.026065160727E-02,0.964170425716)
  );
#1276 = DIRECTION('',(0.965925826289,1.734723475977E-18,-0.258819045103)
  );
#1277 = ADVANCED_FACE('',(#1278),#1288,.T.);
#1278 = FACE_BOUND('',#1279,.T.);
#1279 = EDGE_LOOP('',(#1280,#1281,#1282));
#1280 = ORIENTED_EDGE('',*,*,#1069,.T.);
#1281 = ORIENTED_EDGE('',*,*,#1087,.T.);
#1282 = ORIENTED_EDGE('',*,*,#1283,.T.);
#1283 = EDGE_CURVE('',#1079,#1070,#1284,.T.);
#1284 = LINE('',#1285,#1286);
#1285 = CARTESIAN_POINT('',(148.,-135.,200.8));
#1286 = VECTOR('',#1287,1.);
#1287 = DIRECTION('',(0.,-0.998052578483,6.237828615518E-02));
#1288 = PLANE('',#1289);
#1289 = AXIS2_PLACEMENT_3D('',#1290,#1291,#1292);
#1290 = CARTESIAN_POINT('',(148.,-135.,200.8));
#1291 = DIRECTION('',(0.258348686937,6.026065160727E-02,0.964170425716)
  );
#1292 = DIRECTION('',(0.965925826289,1.734723475977E-18,-0.258819045103)
  );
#1293 = ADVANCED_FACE('',(#1294),#1347,.T.);
#1294 = FACE_BOUND('',#1295,.T.);
#1295 = EDGE_LOOP('',(#1296,#1307,#1315,#1322,#1323,#1330,#1331,#1340));
#1296 = ORIENTED_EDGE('',*,*,#1297,.F.);
#1297 = EDGE_CURVE('',#1298,#1300,#1302,.T.);
#1298 = VERTEX_POINT('',#1299);
#1299 = CARTESIAN_POINT('',(148.08731422182,-134.75,205.11058285412));
#1300 = VERTEX_POINT('',#1301);
#1301 = CARTESIAN_POINT('',(146.96563020196,-133.5523369058,
    204.73517458345));
#1302 = CIRCLE('',#1303,1.2);
#1303 = AXIS2_PLACEMENT_3D('',#1304,#1305,#1306);
#1304 = CARTESIAN_POINT('',(146.92820323027,-134.75,204.8));
#1305 = DIRECTION('',(-0.258348686937,6.026065160727E-02,0.964170425716)
  );
#1306 = DIRECTION('',(0.965925826289,1.734723475977E-18,0.258819045103)
  );
#1307 = ORIENTED_EDGE('',*,*,#1308,.F.);
#1308 = EDGE_CURVE('',#1309,#1298,#1311,.T.);
#1309 = VERTEX_POINT('',#1310);
#1310 = CARTESIAN_POINT('',(149.15911099154,-135.,201.11058285412));
#1311 = LINE('',#1312,#1313);
#1312 = CARTESIAN_POINT('',(149.15911099154,-135.,201.11058285412));
#1313 = VECTOR('',#1314,1.);
#1314 = DIRECTION('',(-0.258348686937,6.026065160727E-02,0.964170425716)
  );
#1315 = ORIENTED_EDGE('',*,*,#1316,.T.);
#1316 = EDGE_CURVE('',#1309,#1079,#1317,.T.);
#1317 = CIRCLE('',#1318,1.2);
#1318 = AXIS2_PLACEMENT_3D('',#1319,#1320,#1321);
#1319 = CARTESIAN_POINT('',(148.,-135.,200.8));
#1320 = DIRECTION('',(-0.258348686937,6.026065160727E-02,0.964170425716)
  );
#1321 = DIRECTION('',(0.965925826289,1.734723475977E-18,0.258819045103)
  );
#1322 = ORIENTED_EDGE('',*,*,#1078,.T.);
#1323 = ORIENTED_EDGE('',*,*,#1324,.T.);
#1324 = EDGE_CURVE('',#1070,#1309,#1325,.T.);
#1325 = CIRCLE('',#1326,1.2);
#1326 = AXIS2_PLACEMENT_3D('',#1327,#1328,#1329);
#1327 = CARTESIAN_POINT('',(148.,-135.,200.8));
#1328 = DIRECTION('',(-0.258348686937,6.026065160727E-02,0.964170425716)
  );
#1329 = DIRECTION('',(0.965925826289,1.734723475977E-18,0.258819045103)
  );
#1330 = ORIENTED_EDGE('',*,*,#1308,.T.);
#1331 = ORIENTED_EDGE('',*,*,#1332,.F.);
#1332 = EDGE_CURVE('',#1333,#1298,#1335,.T.);
#1333 = VERTEX_POINT('',#1334);
#1334 = CARTESIAN_POINT('',(146.89077625858,-135.9476630941,
    204.86482541654));
#1335 = CIRCLE('',#1336,1.2);
#1336 = AXIS2_PLACEMENT_3D('',#1337,#1338,#1339);
#1337 = CARTESIAN_POINT('',(146.92820323027,-134.75,204.8));
#1338 = DIRECTION('',(-0.258348686937,6.026065160727E-02,0.964170425716)
  );
#1339 = DIRECTION('',(0.965925826289,1.734723475977E-18,0.258819045103)
  );
#1340 = ORIENTED_EDGE('',*,*,#1341,.F.);
#1341 = EDGE_CURVE('',#1300,#1333,#1342,.T.);
#1342 = ELLIPSE('',#1343,1.242169498499,1.2);
#1343 = AXIS2_PLACEMENT_3D('',#1344,#1345,#1346);
#1344 = CARTESIAN_POINT('',(146.92820323027,-134.75,204.8));
#1345 = DIRECTION('',(-0.499026289241,6.237828615518E-02,0.864338887279)
  );
#1346 = DIRECTION('',(0.866025403784,-4.406197628981E-16,0.5));
#1347 = CYLINDRICAL_SURFACE('',#1348,1.2);
#1348 = AXIS2_PLACEMENT_3D('',#1349,#1350,#1351);
#1349 = CARTESIAN_POINT('',(148.,-135.,200.8));
#1350 = DIRECTION('',(-0.258348686937,6.026065160727E-02,0.964170425716)
  );
#1351 = DIRECTION('',(0.965925826289,-1.734723475977E-18,0.258819045103)
  );
#1352 = ADVANCED_FACE('',(#1353),#1356,.T.);
#1353 = FACE_BOUND('',#1354,.T.);
#1354 = EDGE_LOOP('',(#1355));
#1355 = ORIENTED_EDGE('',*,*,#1192,.T.);
#1356 = PLANE('',#1357);
#1357 = AXIS2_PLACEMENT_3D('',#1358,#1359,#1360);
#1358 = CARTESIAN_POINT('',(150.,-136.5,186.8));
#1359 = DIRECTION('',(0.371390676354,0.,-0.928476690885));
#1360 = DIRECTION('',(-0.928476690885,0.,-0.371390676354));
#1361 = ADVANCED_FACE('',(#1362),#1367,.F.);
#1362 = FACE_BOUND('',#1363,.F.);
#1363 = EDGE_LOOP('',(#1364,#1365,#1366));
#1364 = ORIENTED_EDGE('',*,*,#1324,.T.);
#1365 = ORIENTED_EDGE('',*,*,#1316,.T.);
#1366 = ORIENTED_EDGE('',*,*,#1283,.T.);
#1367 = PLANE('',#1368);
#1368 = AXIS2_PLACEMENT_3D('',#1369,#1370,#1371);
#1369 = CARTESIAN_POINT('',(148.,-135.,200.8));
#1370 = DIRECTION('',(-0.258348686937,6.026065160727E-02,0.964170425716)
  );
#1371 = DIRECTION('',(0.965925826289,-1.734723475977E-18,0.258819045103)
  );
#1372 = ADVANCED_FACE('',(#1373),#1383,.T.);
#1373 = FACE_BOUND('',#1374,.T.);
#1374 = EDGE_LOOP('',(#1375,#1376,#1377));
#1375 = ORIENTED_EDGE('',*,*,#1332,.T.);
#1376 = ORIENTED_EDGE('',*,*,#1297,.T.);
#1377 = ORIENTED_EDGE('',*,*,#1378,.T.);
#1378 = EDGE_CURVE('',#1300,#1333,#1379,.T.);
#1379 = LINE('',#1380,#1381);
#1380 = CARTESIAN_POINT('',(146.92820323027,-134.75,204.8));
#1381 = VECTOR('',#1382,1.);
#1382 = DIRECTION('',(-3.118914307759E-02,-0.998052578483,
    5.402118045492E-02));
#1383 = PLANE('',#1384);
#1384 = AXIS2_PLACEMENT_3D('',#1385,#1386,#1387);
#1385 = CARTESIAN_POINT('',(146.92820323027,-134.75,204.8));
#1386 = DIRECTION('',(-0.258348686937,6.026065160727E-02,0.964170425716)
  );
#1387 = DIRECTION('',(0.965925826289,-1.734723475977E-18,0.258819045103)
  );
#1388 = ADVANCED_FACE('',(#1389),#1451,.T.);
#1389 = FACE_BOUND('',#1390,.T.);
#1390 = EDGE_LOOP('',(#1391,#1402,#1410,#1417,#1418,#1425,#1426,#1435,
    #1444));
#1391 = ORIENTED_EDGE('',*,*,#1392,.F.);
#1392 = EDGE_CURVE('',#1393,#1395,#1397,.T.);
#1393 = VERTEX_POINT('',#1394);
#1394 = CARTESIAN_POINT('',(144.84852813742,-134.5,208.57673136769));
#1395 = VERTEX_POINT('',#1396);
#1396 = CARTESIAN_POINT('',(144.06482541654,-133.3023369058,
    207.69077625858));
#1397 = CIRCLE('',#1398,1.2);
#1398 = AXIS2_PLACEMENT_3D('',#1399,#1400,#1401);
#1399 = CARTESIAN_POINT('',(144.,-134.5,207.72820323027));
#1400 = DIRECTION('',(-0.70582173878,6.026065160727E-02,0.70582173878));
#1401 = DIRECTION('',(0.707106781187,0.,0.707106781187));
#1402 = ORIENTED_EDGE('',*,*,#1403,.F.);
#1403 = EDGE_CURVE('',#1404,#1393,#1406,.T.);
#1404 = VERTEX_POINT('',#1405);
#1405 = CARTESIAN_POINT('',(147.77673136769,-134.75,205.64852813742));
#1406 = LINE('',#1407,#1408);
#1407 = CARTESIAN_POINT('',(147.77673136769,-134.75,205.64852813742));
#1408 = VECTOR('',#1409,1.);
#1409 = DIRECTION('',(-0.70582173878,6.026065160727E-02,0.70582173878));
#1410 = ORIENTED_EDGE('',*,*,#1411,.T.);
#1411 = EDGE_CURVE('',#1404,#1300,#1412,.T.);
#1412 = CIRCLE('',#1413,1.2);
#1413 = AXIS2_PLACEMENT_3D('',#1414,#1415,#1416);
#1414 = CARTESIAN_POINT('',(146.92820323027,-134.75,204.8));
#1415 = DIRECTION('',(-0.70582173878,6.026065160727E-02,0.70582173878));
#1416 = DIRECTION('',(0.707106781187,0.,0.707106781187));
#1417 = ORIENTED_EDGE('',*,*,#1341,.T.);
#1418 = ORIENTED_EDGE('',*,*,#1419,.T.);
#1419 = EDGE_CURVE('',#1333,#1404,#1420,.T.);
#1420 = CIRCLE('',#1421,1.2);
#1421 = AXIS2_PLACEMENT_3D('',#1422,#1423,#1424);
#1422 = CARTESIAN_POINT('',(146.92820323027,-134.75,204.8));
#1423 = DIRECTION('',(-0.70582173878,6.026065160727E-02,0.70582173878));
#1424 = DIRECTION('',(0.707106781187,0.,0.707106781187));
#1425 = ORIENTED_EDGE('',*,*,#1403,.T.);
#1426 = ORIENTED_EDGE('',*,*,#1427,.F.);
#1427 = EDGE_CURVE('',#1428,#1393,#1430,.T.);
#1428 = VERTEX_POINT('',#1429);
#1429 = CARTESIAN_POINT('',(143.93517458345,-135.6976630941,
    207.76563020196));
#1430 = CIRCLE('',#1431,1.2);
#1431 = AXIS2_PLACEMENT_3D('',#1432,#1433,#1434);
#1432 = CARTESIAN_POINT('',(144.,-134.5,207.72820323027));
#1433 = DIRECTION('',(-0.70582173878,6.026065160727E-02,0.70582173878));
#1434 = DIRECTION('',(0.707106781187,0.,0.707106781187));
#1435 = ORIENTED_EDGE('',*,*,#1436,.F.);
#1436 = EDGE_CURVE('',#1437,#1428,#1439,.T.);
#1437 = VERTEX_POINT('',#1438);
#1438 = CARTESIAN_POINT('',(143.38004278535,-134.4806641024,
    206.65198884878));
#1439 = ELLIPSE('',#1440,1.242169498499,1.2);
#1440 = AXIS2_PLACEMENT_3D('',#1441,#1442,#1443);
#1441 = CARTESIAN_POINT('',(144.,-134.5,207.72820323027));
#1442 = DIRECTION('',(-0.864338887279,6.237828615518E-02,0.499026289241)
  );
#1443 = DIRECTION('',(0.5,-3.400058012915E-16,0.866025403784));
#1444 = ORIENTED_EDGE('',*,*,#1445,.F.);
#1445 = EDGE_CURVE('',#1395,#1437,#1446,.T.);
#1446 = ELLIPSE('',#1447,1.242169498499,1.2);
#1447 = AXIS2_PLACEMENT_3D('',#1448,#1449,#1450);
#1448 = CARTESIAN_POINT('',(144.,-134.5,207.72820323027));
#1449 = DIRECTION('',(-0.864338887279,6.237828615518E-02,0.499026289241)
  );
#1450 = DIRECTION('',(0.5,-3.400058012915E-16,0.866025403784));
#1451 = CYLINDRICAL_SURFACE('',#1452,1.2);
#1452 = AXIS2_PLACEMENT_3D('',#1453,#1454,#1455);
#1453 = CARTESIAN_POINT('',(146.92820323027,-134.75,204.8));
#1454 = DIRECTION('',(-0.70582173878,6.026065160727E-02,0.70582173878));
#1455 = DIRECTION('',(0.707106781187,0.,0.707106781187));
#1456 = ADVANCED_FACE('',(#1457),#1462,.F.);
#1457 = FACE_BOUND('',#1458,.F.);
#1458 = EDGE_LOOP('',(#1459,#1460,#1461));
#1459 = ORIENTED_EDGE('',*,*,#1419,.T.);
#1460 = ORIENTED_EDGE('',*,*,#1411,.T.);
#1461 = ORIENTED_EDGE('',*,*,#1378,.T.);
#1462 = PLANE('',#1463);
#1463 = AXIS2_PLACEMENT_3D('',#1464,#1465,#1466);
#1464 = CARTESIAN_POINT('',(146.92820323027,-134.75,204.8));
#1465 = DIRECTION('',(-0.70582173878,6.026065160727E-02,0.70582173878));
#1466 = DIRECTION('',(0.707106781187,0.,0.707106781187));
#1467 = ADVANCED_FACE('',(#1468),#1478,.T.);
#1468 = FACE_BOUND('',#1469,.T.);
#1469 = EDGE_LOOP('',(#1470,#1471,#1472));
#1470 = ORIENTED_EDGE('',*,*,#1427,.T.);
#1471 = ORIENTED_EDGE('',*,*,#1392,.T.);
#1472 = ORIENTED_EDGE('',*,*,#1473,.T.);
#1473 = EDGE_CURVE('',#1395,#1428,#1474,.T.);
#1474 = LINE('',#1475,#1476);
#1475 = CARTESIAN_POINT('',(144.,-134.5,207.72820323027));
#1476 = VECTOR('',#1477,1.);
#1477 = DIRECTION('',(-5.402118045492E-02,-0.998052578483,
    3.118914307759E-02));
#1478 = PLANE('',#1479);
#1479 = AXIS2_PLACEMENT_3D('',#1480,#1481,#1482);
#1480 = CARTESIAN_POINT('',(144.,-134.5,207.72820323027));
#1481 = DIRECTION('',(-0.70582173878,6.026065160727E-02,0.70582173878));
#1482 = DIRECTION('',(0.707106781187,0.,0.707106781187));
#1483 = ADVANCED_FACE('',(#1484),#1538,.T.);
#1484 = FACE_BOUND('',#1485,.T.);
#1485 = EDGE_LOOP('',(#1486,#1487,#1495,#1504,#1513,#1522,#1529,#1530,
    #1531));
#1486 = ORIENTED_EDGE('',*,*,#1445,.T.);
#1487 = ORIENTED_EDGE('',*,*,#1488,.T.);
#1488 = EDGE_CURVE('',#1437,#1489,#1491,.T.);
#1489 = VERTEX_POINT('',#1490);
#1490 = CARTESIAN_POINT('',(139.99879150639,-134.2693358975,
    207.55799239839));
#1491 = LINE('',#1492,#1493);
#1492 = CARTESIAN_POINT('',(143.68941714587,-134.5,206.56909223872));
#1493 = VECTOR('',#1494,1.);
#1494 = DIRECTION('',(-0.964170425716,6.026065160727E-02,0.258348686937)
  );
#1495 = ORIENTED_EDGE('',*,*,#1496,.F.);
#1496 = EDGE_CURVE('',#1497,#1489,#1499,.T.);
#1497 = VERTEX_POINT('',#1498);
#1498 = CARTESIAN_POINT('',(140.00120849358,-134.2306641024,
    207.55799239838));
#1499 = ELLIPSE('',#1500,1.242169498499,1.2);
#1500 = AXIS2_PLACEMENT_3D('',#1501,#1502,#1503);
#1501 = CARTESIAN_POINT('',(140.,-134.25,208.8));
#1502 = DIRECTION('',(-0.998052578483,6.237828615518E-02,1.78E-15));
#1503 = DIRECTION('',(1.880346819272E-15,1.549978323796E-15,1.));
#1504 = ORIENTED_EDGE('',*,*,#1505,.F.);
#1505 = EDGE_CURVE('',#1506,#1497,#1508,.T.);
#1506 = VERTEX_POINT('',#1507);
#1507 = CARTESIAN_POINT('',(140.07485394338,-133.0523369058,208.8));
#1508 = ELLIPSE('',#1509,1.242169498499,1.2);
#1509 = AXIS2_PLACEMENT_3D('',#1510,#1511,#1512);
#1510 = CARTESIAN_POINT('',(140.,-134.25,208.8));
#1511 = DIRECTION('',(-0.998052578483,6.237828615518E-02,1.78E-15));
#1512 = DIRECTION('',(1.880346819272E-15,1.549978323796E-15,1.));
#1513 = ORIENTED_EDGE('',*,*,#1514,.F.);
#1514 = EDGE_CURVE('',#1515,#1506,#1517,.T.);
#1515 = VERTEX_POINT('',#1516);
#1516 = CARTESIAN_POINT('',(139.92514605661,-135.4476630941,208.8));
#1517 = CIRCLE('',#1518,1.2);
#1518 = AXIS2_PLACEMENT_3D('',#1519,#1520,#1521);
#1519 = CARTESIAN_POINT('',(140.,-134.25,208.8));
#1520 = DIRECTION('',(-0.964170425716,6.026065160727E-02,0.258348686937)
  );
#1521 = DIRECTION('',(-0.258819045103,-1.734723475977E-18,
    -0.965925826289));
#1522 = ORIENTED_EDGE('',*,*,#1523,.F.);
#1523 = EDGE_CURVE('',#1489,#1515,#1524,.T.);
#1524 = ELLIPSE('',#1525,1.242169498499,1.2);
#1525 = AXIS2_PLACEMENT_3D('',#1526,#1527,#1528);
#1526 = CARTESIAN_POINT('',(140.,-134.25,208.8));
#1527 = DIRECTION('',(-0.998052578483,6.237828615518E-02,1.78E-15));
#1528 = DIRECTION('',(1.880346819272E-15,1.549978323796E-15,1.));
#1529 = ORIENTED_EDGE('',*,*,#1488,.F.);
#1530 = ORIENTED_EDGE('',*,*,#1436,.T.);
#1531 = ORIENTED_EDGE('',*,*,#1532,.T.);
#1532 = EDGE_CURVE('',#1428,#1395,#1533,.T.);
#1533 = CIRCLE('',#1534,1.2);
#1534 = AXIS2_PLACEMENT_3D('',#1535,#1536,#1537);
#1535 = CARTESIAN_POINT('',(144.,-134.5,207.72820323027));
#1536 = DIRECTION('',(-0.964170425716,6.026065160727E-02,0.258348686937)
  );
#1537 = DIRECTION('',(-0.258819045103,-1.734723475977E-18,
    -0.965925826289));
#1538 = CYLINDRICAL_SURFACE('',#1539,1.2);
#1539 = AXIS2_PLACEMENT_3D('',#1540,#1541,#1542);
#1540 = CARTESIAN_POINT('',(144.,-134.5,207.72820323027));
#1541 = DIRECTION('',(-0.964170425716,6.026065160727E-02,0.258348686937)
  );
#1542 = DIRECTION('',(-0.258819045103,-1.734723475977E-18,
    -0.965925826289));
#1543 = ADVANCED_FACE('',(#1544),#1548,.F.);
#1544 = FACE_BOUND('',#1545,.F.);
#1545 = EDGE_LOOP('',(#1546,#1547));
#1546 = ORIENTED_EDGE('',*,*,#1473,.T.);
#1547 = ORIENTED_EDGE('',*,*,#1532,.T.);
#1548 = PLANE('',#1549);
#1549 = AXIS2_PLACEMENT_3D('',#1550,#1551,#1552);
#1550 = CARTESIAN_POINT('',(144.,-134.5,207.72820323027));
#1551 = DIRECTION('',(-0.964170425716,6.026065160727E-02,0.258348686937)
  );
#1552 = DIRECTION('',(-0.258819045103,-1.734723475977E-18,
    -0.965925826289));
#1553 = ADVANCED_FACE('',(#1554),#1600,.T.);
#1554 = FACE_BOUND('',#1555,.T.);
#1555 = EDGE_LOOP('',(#1556,#1557,#1565,#1574,#1583,#1590,#1591,#1592,
    #1593));
#1556 = ORIENTED_EDGE('',*,*,#1505,.T.);
#1557 = ORIENTED_EDGE('',*,*,#1558,.T.);
#1558 = EDGE_CURVE('',#1497,#1559,#1561,.T.);
#1559 = VERTEX_POINT('',#1560);
#1560 = CARTESIAN_POINT('',(136.61995721464,-134.0193358975,
    206.65198884878));
#1561 = LINE('',#1562,#1563);
#1562 = CARTESIAN_POINT('',(140.31058285412,-134.25,207.64088900845));
#1563 = VECTOR('',#1564,1.);
#1564 = DIRECTION('',(-0.964170425716,6.026065160727E-02,-0.258348686937
    ));
#1565 = ORIENTED_EDGE('',*,*,#1566,.F.);
#1566 = EDGE_CURVE('',#1567,#1559,#1569,.T.);
#1567 = VERTEX_POINT('',#1568);
#1568 = CARTESIAN_POINT('',(136.06482541654,-132.8023369058,
    207.76563020196));
#1569 = ELLIPSE('',#1570,1.242169498499,1.2);
#1570 = AXIS2_PLACEMENT_3D('',#1571,#1572,#1573);
#1571 = CARTESIAN_POINT('',(136.,-134.,207.72820323027));
#1572 = DIRECTION('',(-0.864338887279,6.237828615518E-02,-0.499026289241
    ));
#1573 = DIRECTION('',(-0.5,-1.210836986232E-15,0.866025403784));
#1574 = ORIENTED_EDGE('',*,*,#1575,.F.);
#1575 = EDGE_CURVE('',#1576,#1567,#1578,.T.);
#1576 = VERTEX_POINT('',#1577);
#1577 = CARTESIAN_POINT('',(135.93517458345,-135.1976630941,
    207.69077625858));
#1578 = CIRCLE('',#1579,1.2);
#1579 = AXIS2_PLACEMENT_3D('',#1580,#1581,#1582);
#1580 = CARTESIAN_POINT('',(136.,-134.,207.72820323027));
#1581 = DIRECTION('',(-0.964170425716,6.026065160727E-02,-0.258348686937
    ));
#1582 = DIRECTION('',(0.258819045103,0.,-0.965925826289));
#1583 = ORIENTED_EDGE('',*,*,#1584,.F.);
#1584 = EDGE_CURVE('',#1559,#1576,#1585,.T.);
#1585 = ELLIPSE('',#1586,1.242169498499,1.2);
#1586 = AXIS2_PLACEMENT_3D('',#1587,#1588,#1589);
#1587 = CARTESIAN_POINT('',(136.,-134.,207.72820323027));
#1588 = DIRECTION('',(-0.864338887279,6.237828615518E-02,-0.499026289241
    ));
#1589 = DIRECTION('',(-0.5,-1.210836986232E-15,0.866025403784));
#1590 = ORIENTED_EDGE('',*,*,#1558,.F.);
#1591 = ORIENTED_EDGE('',*,*,#1496,.T.);
#1592 = ORIENTED_EDGE('',*,*,#1523,.T.);
#1593 = ORIENTED_EDGE('',*,*,#1594,.T.);
#1594 = EDGE_CURVE('',#1515,#1506,#1595,.T.);
#1595 = CIRCLE('',#1596,1.2);
#1596 = AXIS2_PLACEMENT_3D('',#1597,#1598,#1599);
#1597 = CARTESIAN_POINT('',(140.,-134.25,208.8));
#1598 = DIRECTION('',(-0.964170425716,6.026065160727E-02,-0.258348686937
    ));
#1599 = DIRECTION('',(0.258819045103,0.,-0.965925826289));
#1600 = CYLINDRICAL_SURFACE('',#1601,1.2);
#1601 = AXIS2_PLACEMENT_3D('',#1602,#1603,#1604);
#1602 = CARTESIAN_POINT('',(140.,-134.25,208.8));
#1603 = DIRECTION('',(-0.964170425716,6.026065160727E-02,-0.258348686937
    ));
#1604 = DIRECTION('',(0.258819045103,0.,-0.965925826289));
#1605 = ADVANCED_FACE('',(#1606),#1615,.T.);
#1606 = FACE_BOUND('',#1607,.T.);
#1607 = EDGE_LOOP('',(#1608,#1614));
#1608 = ORIENTED_EDGE('',*,*,#1609,.T.);
#1609 = EDGE_CURVE('',#1506,#1515,#1610,.T.);
#1610 = LINE('',#1611,#1612);
#1611 = CARTESIAN_POINT('',(140.,-134.25,208.8));
#1612 = VECTOR('',#1613,1.);
#1613 = DIRECTION('',(-6.237828615518E-02,-0.998052578483,1.65E-15));
#1614 = ORIENTED_EDGE('',*,*,#1514,.T.);
#1615 = PLANE('',#1616);
#1616 = AXIS2_PLACEMENT_3D('',#1617,#1618,#1619);
#1617 = CARTESIAN_POINT('',(140.,-134.25,208.8));
#1618 = DIRECTION('',(-0.964170425716,6.026065160727E-02,0.258348686937)
  );
#1619 = DIRECTION('',(-0.258819045103,-1.734723475977E-18,
    -0.965925826289));
#1620 = ADVANCED_FACE('',(#1621),#1625,.F.);
#1621 = FACE_BOUND('',#1622,.F.);
#1622 = EDGE_LOOP('',(#1623,#1624));
#1623 = ORIENTED_EDGE('',*,*,#1609,.T.);
#1624 = ORIENTED_EDGE('',*,*,#1594,.T.);
#1625 = PLANE('',#1626);
#1626 = AXIS2_PLACEMENT_3D('',#1627,#1628,#1629);
#1627 = CARTESIAN_POINT('',(140.,-134.25,208.8));
#1628 = DIRECTION('',(-0.964170425716,6.026065160727E-02,-0.258348686937
    ));
#1629 = DIRECTION('',(0.258819045103,0.,-0.965925826289));
#1630 = ADVANCED_FACE('',(#1631),#1685,.T.);
#1631 = FACE_BOUND('',#1632,.T.);
#1632 = EDGE_LOOP('',(#1633,#1644,#1652,#1659,#1660,#1661,#1668,#1669,
    #1678));
#1633 = ORIENTED_EDGE('',*,*,#1634,.F.);
#1634 = EDGE_CURVE('',#1635,#1637,#1639,.T.);
#1635 = VERTEX_POINT('',#1636);
#1636 = CARTESIAN_POINT('',(132.2232686323,-133.75,205.64852813742));
#1637 = VERTEX_POINT('',#1638);
#1638 = CARTESIAN_POINT('',(133.10922374141,-132.5523369058,
    204.86482541654));
#1639 = CIRCLE('',#1640,1.2);
#1640 = AXIS2_PLACEMENT_3D('',#1641,#1642,#1643);
#1641 = CARTESIAN_POINT('',(133.07179676972,-133.75,204.8));
#1642 = DIRECTION('',(-0.70582173878,6.026065160727E-02,-0.70582173878)
  );
#1643 = DIRECTION('',(-0.707106781187,0.,0.707106781187));
#1644 = ORIENTED_EDGE('',*,*,#1645,.F.);
#1645 = EDGE_CURVE('',#1646,#1635,#1648,.T.);
#1646 = VERTEX_POINT('',#1647);
#1647 = CARTESIAN_POINT('',(135.15147186257,-134.,208.57673136769));
#1648 = LINE('',#1649,#1650);
#1649 = CARTESIAN_POINT('',(135.15147186257,-134.,208.57673136769));
#1650 = VECTOR('',#1651,1.);
#1651 = DIRECTION('',(-0.70582173878,6.026065160727E-02,-0.70582173878)
  );
#1652 = ORIENTED_EDGE('',*,*,#1653,.T.);
#1653 = EDGE_CURVE('',#1646,#1567,#1654,.T.);
#1654 = CIRCLE('',#1655,1.2);
#1655 = AXIS2_PLACEMENT_3D('',#1656,#1657,#1658);
#1656 = CARTESIAN_POINT('',(136.,-134.,207.72820323027));
#1657 = DIRECTION('',(-0.70582173878,6.026065160727E-02,-0.70582173878)
  );
#1658 = DIRECTION('',(-0.707106781187,0.,0.707106781187));
#1659 = ORIENTED_EDGE('',*,*,#1566,.T.);
#1660 = ORIENTED_EDGE('',*,*,#1584,.T.);
#1661 = ORIENTED_EDGE('',*,*,#1662,.T.);
#1662 = EDGE_CURVE('',#1576,#1646,#1663,.T.);
#1663 = CIRCLE('',#1664,1.2);
#1664 = AXIS2_PLACEMENT_3D('',#1665,#1666,#1667);
#1665 = CARTESIAN_POINT('',(136.,-134.,207.72820323027));
#1666 = DIRECTION('',(-0.70582173878,6.026065160727E-02,-0.70582173878)
  );
#1667 = DIRECTION('',(-0.707106781187,0.,0.707106781187));
#1668 = ORIENTED_EDGE('',*,*,#1645,.T.);
#1669 = ORIENTED_EDGE('',*,*,#1670,.F.);
#1670 = EDGE_CURVE('',#1671,#1635,#1673,.T.);
#1671 = VERTEX_POINT('',#1672);
#1672 = CARTESIAN_POINT('',(133.03436979803,-134.9476630941,
    204.73517458345));
#1673 = CIRCLE('',#1674,1.2);
#1674 = AXIS2_PLACEMENT_3D('',#1675,#1676,#1677);
#1675 = CARTESIAN_POINT('',(133.07179676972,-133.75,204.8));
#1676 = DIRECTION('',(-0.70582173878,6.026065160727E-02,-0.70582173878)
  );
#1677 = DIRECTION('',(-0.707106781187,0.,0.707106781187));
#1678 = ORIENTED_EDGE('',*,*,#1679,.F.);
#1679 = EDGE_CURVE('',#1637,#1671,#1680,.T.);
#1680 = ELLIPSE('',#1681,1.242169498499,1.2);
#1681 = AXIS2_PLACEMENT_3D('',#1682,#1683,#1684);
#1682 = CARTESIAN_POINT('',(133.07179676972,-133.75,204.8));
#1683 = DIRECTION('',(-0.499026289241,6.237828615518E-02,-0.864338887279
    ));
#1684 = DIRECTION('',(-0.866025403784,4.406197628981E-16,0.5));
#1685 = CYLINDRICAL_SURFACE('',#1686,1.2);
#1686 = AXIS2_PLACEMENT_3D('',#1687,#1688,#1689);
#1687 = CARTESIAN_POINT('',(136.,-134.,207.72820323027));
#1688 = DIRECTION('',(-0.70582173878,6.026065160727E-02,-0.70582173878)
  );
#1689 = DIRECTION('',(-0.707106781187,0.,0.707106781187));
#1690 = ADVANCED_FACE('',(#1691),#1700,.T.);
#1691 = FACE_BOUND('',#1692,.T.);
#1692 = EDGE_LOOP('',(#1693,#1699));
#1693 = ORIENTED_EDGE('',*,*,#1694,.T.);
#1694 = EDGE_CURVE('',#1567,#1576,#1695,.T.);
#1695 = LINE('',#1696,#1697);
#1696 = CARTESIAN_POINT('',(136.,-134.,207.72820323027));
#1697 = VECTOR('',#1698,1.);
#1698 = DIRECTION('',(-5.402118045492E-02,-0.998052578483,
    -3.118914307759E-02));
#1699 = ORIENTED_EDGE('',*,*,#1575,.T.);
#1700 = PLANE('',#1701);
#1701 = AXIS2_PLACEMENT_3D('',#1702,#1703,#1704);
#1702 = CARTESIAN_POINT('',(136.,-134.,207.72820323027));
#1703 = DIRECTION('',(-0.964170425716,6.026065160727E-02,-0.258348686937
    ));
#1704 = DIRECTION('',(0.258819045103,0.,-0.965925826289));
#1705 = ADVANCED_FACE('',(#1706),#1716,.T.);
#1706 = FACE_BOUND('',#1707,.T.);
#1707 = EDGE_LOOP('',(#1708,#1709,#1710));
#1708 = ORIENTED_EDGE('',*,*,#1670,.T.);
#1709 = ORIENTED_EDGE('',*,*,#1634,.T.);
#1710 = ORIENTED_EDGE('',*,*,#1711,.T.);
#1711 = EDGE_CURVE('',#1637,#1671,#1712,.T.);
#1712 = LINE('',#1713,#1714);
#1713 = CARTESIAN_POINT('',(133.07179676972,-133.75,204.8));
#1714 = VECTOR('',#1715,1.);
#1715 = DIRECTION('',(-3.118914307759E-02,-0.998052578483,
    -5.402118045492E-02));
#1716 = PLANE('',#1717);
#1717 = AXIS2_PLACEMENT_3D('',#1718,#1719,#1720);
#1718 = CARTESIAN_POINT('',(133.07179676972,-133.75,204.8));
#1719 = DIRECTION('',(-0.70582173878,6.026065160727E-02,-0.70582173878)
  );
#1720 = DIRECTION('',(-0.707106781187,0.,0.707106781187));
#1721 = ADVANCED_FACE('',(#1722),#1775,.T.);
#1722 = FACE_BOUND('',#1723,.T.);
#1723 = EDGE_LOOP('',(#1724,#1735,#1743,#1750,#1751,#1758,#1759,#1768));
#1724 = ORIENTED_EDGE('',*,*,#1725,.F.);
#1725 = EDGE_CURVE('',#1726,#1728,#1730,.T.);
#1726 = VERTEX_POINT('',#1727);
#1727 = CARTESIAN_POINT('',(130.84088900845,-133.5,201.11058285412));
#1728 = VERTEX_POINT('',#1729);
#1729 = CARTESIAN_POINT('',(132.,-132.3023369058,200.87485394338));
#1730 = CIRCLE('',#1731,1.2);
#1731 = AXIS2_PLACEMENT_3D('',#1732,#1733,#1734);
#1732 = CARTESIAN_POINT('',(132.,-133.5,200.8));
#1733 = DIRECTION('',(-0.258348686937,6.026065160727E-02,-0.964170425716
    ));
#1734 = DIRECTION('',(-0.965925826289,-1.734723475977E-18,0.258819045103
    ));
#1735 = ORIENTED_EDGE('',*,*,#1736,.F.);
#1736 = EDGE_CURVE('',#1737,#1726,#1739,.T.);
#1737 = VERTEX_POINT('',#1738);
#1738 = CARTESIAN_POINT('',(131.91268577817,-133.75,205.11058285412));
#1739 = LINE('',#1740,#1741);
#1740 = CARTESIAN_POINT('',(131.91268577817,-133.75,205.11058285412));
#1741 = VECTOR('',#1742,1.);
#1742 = DIRECTION('',(-0.258348686937,6.026065160727E-02,-0.964170425716
    ));
#1743 = ORIENTED_EDGE('',*,*,#1744,.T.);
#1744 = EDGE_CURVE('',#1737,#1637,#1745,.T.);
#1745 = CIRCLE('',#1746,1.2);
#1746 = AXIS2_PLACEMENT_3D('',#1747,#1748,#1749);
#1747 = CARTESIAN_POINT('',(133.07179676972,-133.75,204.8));
#1748 = DIRECTION('',(-0.258348686937,6.026065160727E-02,-0.964170425716
    ));
#1749 = DIRECTION('',(-0.965925826289,-1.734723475977E-18,0.258819045103
    ));
#1750 = ORIENTED_EDGE('',*,*,#1679,.T.);
#1751 = ORIENTED_EDGE('',*,*,#1752,.T.);
#1752 = EDGE_CURVE('',#1671,#1737,#1753,.T.);
#1753 = CIRCLE('',#1754,1.2);
#1754 = AXIS2_PLACEMENT_3D('',#1755,#1756,#1757);
#1755 = CARTESIAN_POINT('',(133.07179676972,-133.75,204.8));
#1756 = DIRECTION('',(-0.258348686937,6.026065160727E-02,-0.964170425716
    ));
#1757 = DIRECTION('',(-0.965925826289,-1.734723475977E-18,0.258819045103
    ));
#1758 = ORIENTED_EDGE('',*,*,#1736,.T.);
#1759 = ORIENTED_EDGE('',*,*,#1760,.F.);
#1760 = EDGE_CURVE('',#1761,#1726,#1763,.T.);
#1761 = VERTEX_POINT('',#1762);
#1762 = CARTESIAN_POINT('',(132.,-134.6976630941,200.72514605661));
#1763 = CIRCLE('',#1764,1.2);
#1764 = AXIS2_PLACEMENT_3D('',#1765,#1766,#1767);
#1765 = CARTESIAN_POINT('',(132.,-133.5,200.8));
#1766 = DIRECTION('',(-0.258348686937,6.026065160727E-02,-0.964170425716
    ));
#1767 = DIRECTION('',(-0.965925826289,-1.734723475977E-18,0.258819045103
    ));
#1768 = ORIENTED_EDGE('',*,*,#1769,.F.);
#1769 = EDGE_CURVE('',#1728,#1761,#1770,.T.);
#1770 = ELLIPSE('',#1771,1.242169498499,1.2);
#1771 = AXIS2_PLACEMENT_3D('',#1772,#1773,#1774);
#1772 = CARTESIAN_POINT('',(132.,-133.5,200.8));
#1773 = DIRECTION('',(0.,6.237828615518E-02,-0.998052578483));
#1774 = DIRECTION('',(-1.,0.,0.));
#1775 = CYLINDRICAL_SURFACE('',#1776,1.2);
#1776 = AXIS2_PLACEMENT_3D('',#1777,#1778,#1779);
#1777 = CARTESIAN_POINT('',(133.07179676972,-133.75,204.8));
#1778 = DIRECTION('',(-0.258348686937,6.026065160727E-02,-0.964170425716
    ));
#1779 = DIRECTION('',(-0.965925826289,1.734723475977E-18,0.258819045103)
  );
#1780 = ADVANCED_FACE('',(#1781),#1786,.F.);
#1781 = FACE_BOUND('',#1782,.F.);
#1782 = EDGE_LOOP('',(#1783,#1784,#1785));
#1783 = ORIENTED_EDGE('',*,*,#1662,.T.);
#1784 = ORIENTED_EDGE('',*,*,#1653,.T.);
#1785 = ORIENTED_EDGE('',*,*,#1694,.T.);
#1786 = PLANE('',#1787);
#1787 = AXIS2_PLACEMENT_3D('',#1788,#1789,#1790);
#1788 = CARTESIAN_POINT('',(136.,-134.,207.72820323027));
#1789 = DIRECTION('',(-0.70582173878,6.026065160727E-02,-0.70582173878)
  );
#1790 = DIRECTION('',(-0.707106781187,0.,0.707106781187));
#1791 = ADVANCED_FACE('',(#1792),#1797,.F.);
#1792 = FACE_BOUND('',#1793,.F.);
#1793 = EDGE_LOOP('',(#1794,#1795,#1796));
#1794 = ORIENTED_EDGE('',*,*,#1752,.T.);
#1795 = ORIENTED_EDGE('',*,*,#1744,.T.);
#1796 = ORIENTED_EDGE('',*,*,#1711,.T.);
#1797 = PLANE('',#1798);
#1798 = AXIS2_PLACEMENT_3D('',#1799,#1800,#1801);
#1799 = CARTESIAN_POINT('',(133.07179676972,-133.75,204.8));
#1800 = DIRECTION('',(-0.258348686937,6.026065160727E-02,-0.964170425716
    ));
#1801 = DIRECTION('',(-0.965925826289,1.734723475977E-18,0.258819045103)
  );
#1802 = ADVANCED_FACE('',(#1803),#1813,.T.);
#1803 = FACE_BOUND('',#1804,.T.);
#1804 = EDGE_LOOP('',(#1805,#1806,#1807));
#1805 = ORIENTED_EDGE('',*,*,#1760,.T.);
#1806 = ORIENTED_EDGE('',*,*,#1725,.T.);
#1807 = ORIENTED_EDGE('',*,*,#1808,.T.);
#1808 = EDGE_CURVE('',#1728,#1761,#1809,.T.);
#1809 = LINE('',#1810,#1811);
#1810 = CARTESIAN_POINT('',(132.,-133.5,200.8));
#1811 = VECTOR('',#1812,1.);
#1812 = DIRECTION('',(0.,-0.998052578483,-6.237828615518E-02));
#1813 = PLANE('',#1814);
#1814 = AXIS2_PLACEMENT_3D('',#1815,#1816,#1817);
#1815 = CARTESIAN_POINT('',(132.,-133.5,200.8));
#1816 = DIRECTION('',(-0.258348686937,6.026065160727E-02,-0.964170425716
    ));
#1817 = DIRECTION('',(-0.965925826289,1.734723475977E-18,0.258819045103)
  );
#1818 = ADVANCED_FACE('',(#1819),#1872,.T.);
#1819 = FACE_BOUND('',#1820,.T.);
#1820 = EDGE_LOOP('',(#1821,#1832,#1840,#1847,#1848,#1855,#1856,#1865));
#1821 = ORIENTED_EDGE('',*,*,#1822,.F.);
#1822 = EDGE_CURVE('',#1823,#1825,#1827,.T.);
#1823 = VERTEX_POINT('',#1824);
#1824 = CARTESIAN_POINT('',(131.91268577817,-133.25,196.48941714587));
#1825 = VERTEX_POINT('',#1826);
#1826 = CARTESIAN_POINT('',(133.03436979803,-132.0523369058,
    196.86482541654));
#1827 = CIRCLE('',#1828,1.2);
#1828 = AXIS2_PLACEMENT_3D('',#1829,#1830,#1831);
#1829 = CARTESIAN_POINT('',(133.07179676972,-133.25,196.8));
#1830 = DIRECTION('',(0.258348686937,6.026065160727E-02,-0.964170425716)
  );
#1831 = DIRECTION('',(-0.965925826289,1.734723475977E-18,-0.258819045103
    ));
#1832 = ORIENTED_EDGE('',*,*,#1833,.F.);
#1833 = EDGE_CURVE('',#1834,#1823,#1836,.T.);
#1834 = VERTEX_POINT('',#1835);
#1835 = CARTESIAN_POINT('',(130.84088900845,-133.5,200.48941714587));
#1836 = LINE('',#1837,#1838);
#1837 = CARTESIAN_POINT('',(130.84088900845,-133.5,200.48941714587));
#1838 = VECTOR('',#1839,1.);
#1839 = DIRECTION('',(0.258348686937,6.026065160727E-02,-0.964170425716)
  );
#1840 = ORIENTED_EDGE('',*,*,#1841,.T.);
#1841 = EDGE_CURVE('',#1834,#1728,#1842,.T.);
#1842 = CIRCLE('',#1843,1.2);
#1843 = AXIS2_PLACEMENT_3D('',#1844,#1845,#1846);
#1844 = CARTESIAN_POINT('',(132.,-133.5,200.8));
#1845 = DIRECTION('',(0.258348686937,6.026065160727E-02,-0.964170425716)
  );
#1846 = DIRECTION('',(-0.965925826289,1.734723475977E-18,-0.258819045103
    ));
#1847 = ORIENTED_EDGE('',*,*,#1769,.T.);
#1848 = ORIENTED_EDGE('',*,*,#1849,.T.);
#1849 = EDGE_CURVE('',#1761,#1834,#1850,.T.);
#1850 = CIRCLE('',#1851,1.2);
#1851 = AXIS2_PLACEMENT_3D('',#1852,#1853,#1854);
#1852 = CARTESIAN_POINT('',(132.,-133.5,200.8));
#1853 = DIRECTION('',(0.258348686937,6.026065160727E-02,-0.964170425716)
  );
#1854 = DIRECTION('',(-0.965925826289,1.734723475977E-18,-0.258819045103
    ));
#1855 = ORIENTED_EDGE('',*,*,#1833,.T.);
#1856 = ORIENTED_EDGE('',*,*,#1857,.F.);
#1857 = EDGE_CURVE('',#1858,#1823,#1860,.T.);
#1858 = VERTEX_POINT('',#1859);
#1859 = CARTESIAN_POINT('',(133.10922374141,-134.4476630941,
    196.73517458345));
#1860 = CIRCLE('',#1861,1.2);
#1861 = AXIS2_PLACEMENT_3D('',#1862,#1863,#1864);
#1862 = CARTESIAN_POINT('',(133.07179676972,-133.25,196.8));
#1863 = DIRECTION('',(0.258348686937,6.026065160727E-02,-0.964170425716)
  );
#1864 = DIRECTION('',(-0.965925826289,1.734723475977E-18,-0.258819045103
    ));
#1865 = ORIENTED_EDGE('',*,*,#1866,.F.);
#1866 = EDGE_CURVE('',#1825,#1858,#1867,.T.);
#1867 = ELLIPSE('',#1868,1.242169498499,1.2);
#1868 = AXIS2_PLACEMENT_3D('',#1869,#1870,#1871);
#1869 = CARTESIAN_POINT('',(133.07179676972,-133.25,196.8));
#1870 = DIRECTION('',(0.499026289241,6.237828615518E-02,-0.864338887279)
  );
#1871 = DIRECTION('',(-0.866025403784,-4.406197628981E-16,-0.5));
#1872 = CYLINDRICAL_SURFACE('',#1873,1.2);
#1873 = AXIS2_PLACEMENT_3D('',#1874,#1875,#1876);
#1874 = CARTESIAN_POINT('',(132.,-133.5,200.8));
#1875 = DIRECTION('',(0.258348686937,6.026065160727E-02,-0.964170425716)
  );
#1876 = DIRECTION('',(-0.965925826289,-1.734723475977E-18,
    -0.258819045103));
#1877 = ADVANCED_FACE('',(#1878),#1883,.F.);
#1878 = FACE_BOUND('',#1879,.F.);
#1879 = EDGE_LOOP('',(#1880,#1881,#1882));
#1880 = ORIENTED_EDGE('',*,*,#1849,.T.);
#1881 = ORIENTED_EDGE('',*,*,#1841,.T.);
#1882 = ORIENTED_EDGE('',*,*,#1808,.T.);
#1883 = PLANE('',#1884);
#1884 = AXIS2_PLACEMENT_3D('',#1885,#1886,#1887);
#1885 = CARTESIAN_POINT('',(132.,-133.5,200.8));
#1886 = DIRECTION('',(0.258348686937,6.026065160727E-02,-0.964170425716)
  );
#1887 = DIRECTION('',(-0.965925826289,-1.734723475977E-18,
    -0.258819045103));
#1888 = ADVANCED_FACE('',(#1889),#1899,.T.);
#1889 = FACE_BOUND('',#1890,.T.);
#1890 = EDGE_LOOP('',(#1891,#1892,#1893));
#1891 = ORIENTED_EDGE('',*,*,#1857,.T.);
#1892 = ORIENTED_EDGE('',*,*,#1822,.T.);
#1893 = ORIENTED_EDGE('',*,*,#1894,.T.);
#1894 = EDGE_CURVE('',#1825,#1858,#1895,.T.);
#1895 = LINE('',#1896,#1897);
#1896 = CARTESIAN_POINT('',(133.07179676972,-133.25,196.8));
#1897 = VECTOR('',#1898,1.);
#1898 = DIRECTION('',(3.118914307759E-02,-0.998052578483,
    -5.402118045492E-02));
#1899 = PLANE('',#1900);
#1900 = AXIS2_PLACEMENT_3D('',#1901,#1902,#1903);
#1901 = CARTESIAN_POINT('',(133.07179676972,-133.25,196.8));
#1902 = DIRECTION('',(0.258348686937,6.026065160727E-02,-0.964170425716)
  );
#1903 = DIRECTION('',(-0.965925826289,-1.734723475977E-18,
    -0.258819045103));
#1904 = ADVANCED_FACE('',(#1905),#2097,.T.);
#1905 = FACE_BOUND('',#1906,.T.);
#1906 = EDGE_LOOP('',(#1907,#1917,#1926,#1935,#1944,#1951,#1952,#2004,
    #2012,#2019,#2020,#2027,#2028,#2041,#2050));
#1907 = ORIENTED_EDGE('',*,*,#1908,.T.);
#1908 = EDGE_CURVE('',#1909,#1911,#1913,.T.);
#1909 = VERTEX_POINT('',#1910);
#1910 = CARTESIAN_POINT('',(134.56856683503,-133.0497664422,
    193.60617365983));
#1911 = VERTEX_POINT('',#1912);
#1912 = CARTESIAN_POINT('',(135.15147186257,-133.,193.0232686323));
#1913 = LINE('',#1914,#1915);
#1914 = CARTESIAN_POINT('',(132.2232686323,-133.25,195.95147186257));
#1915 = VECTOR('',#1916,1.);
#1916 = DIRECTION('',(0.70582173878,6.026065160727E-02,-0.70582173878));
#1917 = ORIENTED_EDGE('',*,*,#1918,.F.);
#1918 = EDGE_CURVE('',#1919,#1911,#1921,.T.);
#1919 = VERTEX_POINT('',#1920);
#1920 = CARTESIAN_POINT('',(136.06482541654,-134.1976630941,
    193.83436979803));
#1921 = CIRCLE('',#1922,1.2);
#1922 = AXIS2_PLACEMENT_3D('',#1923,#1924,#1925);
#1923 = CARTESIAN_POINT('',(136.,-133.,193.87179676972));
#1924 = DIRECTION('',(0.70582173878,6.026065160727E-02,-0.70582173878));
#1925 = DIRECTION('',(-0.707106781187,0.,-0.707106781187));
#1926 = ORIENTED_EDGE('',*,*,#1927,.F.);
#1927 = EDGE_CURVE('',#1928,#1919,#1930,.T.);
#1928 = VERTEX_POINT('',#1929);
#1929 = CARTESIAN_POINT('',(136.61995721464,-132.9806641024,
    194.94801115121));
#1930 = ELLIPSE('',#1931,1.242169498499,1.2);
#1931 = AXIS2_PLACEMENT_3D('',#1932,#1933,#1934);
#1932 = CARTESIAN_POINT('',(136.,-133.,193.87179676972));
#1933 = DIRECTION('',(0.864338887279,6.237828615518E-02,-0.499026289241)
  );
#1934 = DIRECTION('',(-0.5,4.406197628981E-16,-0.866025403784));
#1935 = ORIENTED_EDGE('',*,*,#1936,.F.);
#1936 = EDGE_CURVE('',#1937,#1928,#1939,.T.);
#1937 = VERTEX_POINT('',#1938);
#1938 = CARTESIAN_POINT('',(135.93517458345,-131.8023369058,
    193.90922374141));
#1939 = ELLIPSE('',#1940,1.242169498499,1.2);
#1940 = AXIS2_PLACEMENT_3D('',#1941,#1942,#1943);
#1941 = CARTESIAN_POINT('',(136.,-133.,193.87179676972));
#1942 = DIRECTION('',(0.864338887279,6.237828615518E-02,-0.499026289241)
  );
#1943 = DIRECTION('',(-0.5,4.406197628981E-16,-0.866025403784));
#1944 = ORIENTED_EDGE('',*,*,#1945,.F.);
#1945 = EDGE_CURVE('',#1911,#1937,#1946,.T.);
#1946 = CIRCLE('',#1947,1.2);
#1947 = AXIS2_PLACEMENT_3D('',#1948,#1949,#1950);
#1948 = CARTESIAN_POINT('',(136.,-133.,193.87179676972));
#1949 = DIRECTION('',(0.70582173878,6.026065160727E-02,-0.70582173878));
#1950 = DIRECTION('',(-0.707106781187,0.,-0.707106781187));
#1951 = ORIENTED_EDGE('',*,*,#1908,.F.);
#1952 = ORIENTED_EDGE('',*,*,#1953,.F.);
#1953 = EDGE_CURVE('',#1954,#1909,#1956,.T.);
#1954 = VERTEX_POINT('',#1955);
#1955 = CARTESIAN_POINT('',(133.03644059364,-133.1805741526,
    195.13829990123));
#1956 = B_SPLINE_CURVE_WITH_KNOTS('',6,(#1957,#1958,#1959,#1960,#1961,
    #1962,#1963,#1964,#1965,#1966,#1967,#1968,#1969,#1970,#1971,#1972,
    #1973,#1974,#1975,#1976,#1977,#1978,#1979,#1980,#1981,#1982,#1983,
    #1984,#1985,#1986,#1987,#1988,#1989,#1990,#1991,#1992,#1993,#1994,
    #1995,#1996,#1997,#1998,#1999,#2000,#2001,#2002,#2003),
  .UNSPECIFIED.,.F.,.F.,(7,5,5,5,5,5,5,5,5,7),(0.,0.169304619815,
    0.25026128105,0.331472587435,0.561419365016,0.661006363353,
    0.733739717249,0.786872458832,0.856494622227,1.),.UNSPECIFIED.);
#1957 = CARTESIAN_POINT('',(133.03644059364,-133.1805741526,
    195.13829990123));
#1958 = CARTESIAN_POINT('',(133.06265151865,-133.1146282093,
    195.11208897622));
#1959 = CARTESIAN_POINT('',(133.09433769825,-133.0509044171,
    195.08612199085));
#1960 = CARTESIAN_POINT('',(133.13118953949,-132.9901078532,
    195.05988437708));
#1961 = CARTESIAN_POINT('',(133.17266488968,-132.9328445166,
    195.03286846055));
#1962 = CARTESIAN_POINT('',(133.21800237466,-132.8796005641,
    195.0046287559));
#1963 = CARTESIAN_POINT('',(133.28935695416,-132.8073440307,
    194.96068162038));
#1964 = CARTESIAN_POINT('',(133.313128573,-132.7849486949,194.9461130995
    ));
#1965 = CARTESIAN_POINT('',(133.337509076,-132.7635532983,
    194.93115060369));
#1966 = CARTESIAN_POINT('',(133.36241507621,-132.7431743902,
    194.91575781785));
#1967 = CARTESIAN_POINT('',(133.3877614147,-132.7238241576,
    194.89990515561));
#1968 = CARTESIAN_POINT('',(133.43924428844,-132.6871394904,
    194.86718537282));
#1969 = CARTESIAN_POINT('',(133.46538483586,-132.6698103281,
    194.85031409786));
#1970 = CARTESIAN_POINT('',(133.49180554676,-132.6535259223,
    194.83293018244));
#1971 = CARTESIAN_POINT('',(133.51842934352,-132.6382861283,
    194.81501300203));
#1972 = CARTESIAN_POINT('',(133.54518161696,-132.6240885433,
    194.79654898449));
#1973 = CARTESIAN_POINT('',(133.64790170794,-132.5736689245,
    194.72368742564));
#1974 = CARTESIAN_POINT('',(133.72418845281,-132.5447730841,
    194.66547110754));
#1975 = CARTESIAN_POINT('',(133.79941843992,-132.5240276334,
    194.6026411406));
#1976 = CARTESIAN_POINT('',(133.87244389225,-132.5112255586,
    194.53535189185));
#1977 = CARTESIAN_POINT('',(133.94246326819,-132.5063343097,
    194.46423688206));
#1978 = CARTESIAN_POINT('',(134.03773380961,-132.5107866496,
    194.35842145788));
#1979 = CARTESIAN_POINT('',(134.06588029231,-132.513633005,
    194.32591162458));
#1980 = CARTESIAN_POINT('',(134.09335789757,-132.5179924638,
    194.29293461893));
#1981 = CARTESIAN_POINT('',(134.12014771527,-132.5238875926,
    194.25957111288));
#1982 = CARTESIAN_POINT('',(134.14623598095,-132.5313512541,
    194.22591781782));
#1983 = CARTESIAN_POINT('',(134.1901489647,-132.5470547895,
    194.16737950423));
#1984 = CARTESIAN_POINT('',(134.20830664571,-132.5545431433,
    194.14257519248));
#1985 = CARTESIAN_POINT('',(134.22608551294,-132.5629093654,
    194.11771567087));
#1986 = CARTESIAN_POINT('',(134.24348498258,-132.5721743284,
    194.09284779764));
#1987 = CARTESIAN_POINT('',(134.26050549293,-132.5823620806,
    194.06802416765));
#1988 = CARTESIAN_POINT('',(134.28930645915,-132.6016361398,
    194.02524403274));
#1989 = CARTESIAN_POINT('',(134.30126281523,-132.610279223,
    194.00724006736));
#1990 = CARTESIAN_POINT('',(134.31301805563,-132.6194397914,
    193.98931408782));
#1991 = CARTESIAN_POINT('',(134.32457270073,-132.6291288632,
    193.97149161123));
#1992 = CARTESIAN_POINT('',(134.33592730823,-132.639357779,
    193.95380080033));
#1993 = CARTESIAN_POINT('',(134.36169957534,-132.6642642613,
    193.91330431435));
#1994 = CARTESIAN_POINT('',(134.37597798512,-132.6793406012,
    193.89060949834));
#1995 = CARTESIAN_POINT('',(134.38991404196,-132.6953896384,
    193.86826507391));
#1996 = CARTESIAN_POINT('',(134.40350713925,-132.7124329864,
    193.84635366988));
#1997 = CARTESIAN_POINT('',(134.41675972428,-132.7304914541,
    193.82496348546));
#1998 = CARTESIAN_POINT('',(134.45630303415,-132.7889408059,
    193.76136640568));
#1999 = CARTESIAN_POINT('',(134.48168820342,-132.8329636828,
    193.72086403425));
#2000 = CARTESIAN_POINT('',(134.50554076305,-132.8814877856,
    193.68406245463));
#2001 = CARTESIAN_POINT('',(134.52784989054,-132.9341587973,
    193.65213227117));
#2002 = CARTESIAN_POINT('',(134.54877039287,-132.9904658392,
    193.625970102));
#2003 = CARTESIAN_POINT('',(134.56856683504,-133.0497664422,
    193.60617365983));
#2004 = ORIENTED_EDGE('',*,*,#2005,.F.);
#2005 = EDGE_CURVE('',#2006,#1954,#2008,.T.);
#2006 = VERTEX_POINT('',#2007);
#2007 = CARTESIAN_POINT('',(132.2232686323,-133.25,195.95147186257));
#2008 = LINE('',#2009,#2010);
#2009 = CARTESIAN_POINT('',(132.2232686323,-133.25,195.95147186257));
#2010 = VECTOR('',#2011,1.);
#2011 = DIRECTION('',(0.70582173878,6.026065160727E-02,-0.70582173878));
#2012 = ORIENTED_EDGE('',*,*,#2013,.T.);
#2013 = EDGE_CURVE('',#2006,#1825,#2014,.T.);
#2014 = CIRCLE('',#2015,1.2);
#2015 = AXIS2_PLACEMENT_3D('',#2016,#2017,#2018);
#2016 = CARTESIAN_POINT('',(133.07179676972,-133.25,196.8));
#2017 = DIRECTION('',(0.70582173878,6.026065160727E-02,-0.70582173878));
#2018 = DIRECTION('',(-0.707106781187,0.,-0.707106781187));
#2019 = ORIENTED_EDGE('',*,*,#1866,.T.);
#2020 = ORIENTED_EDGE('',*,*,#2021,.T.);
#2021 = EDGE_CURVE('',#1858,#2006,#2022,.T.);
#2022 = CIRCLE('',#2023,1.2);
#2023 = AXIS2_PLACEMENT_3D('',#2024,#2025,#2026);
#2024 = CARTESIAN_POINT('',(133.07179676972,-133.25,196.8));
#2025 = DIRECTION('',(0.70582173878,6.026065160727E-02,-0.70582173878));
#2026 = DIRECTION('',(-0.707106781187,0.,-0.707106781187));
#2027 = ORIENTED_EDGE('',*,*,#2005,.T.);
#2028 = ORIENTED_EDGE('',*,*,#2029,.F.);
#2029 = EDGE_CURVE('',#2030,#1954,#2032,.T.);
#2030 = VERTEX_POINT('',#2031);
#2031 = CARTESIAN_POINT('',(133.00147911859,-133.8521118948,
    195.44891074712));
#2032 = B_SPLINE_CURVE_WITH_KNOTS('',7,(#2033,#2034,#2035,#2036,#2037,
    #2038,#2039,#2040),.UNSPECIFIED.,.F.,.F.,(8,8),(0.,1.),
  .PIECEWISE_BEZIER_KNOTS.);
#2033 = CARTESIAN_POINT('',(133.00147926998,-133.8521124614,
    195.44891110923));
#2034 = CARTESIAN_POINT('',(132.9781990368,-133.7649736063,
    195.39322921217));
#2035 = CARTESIAN_POINT('',(132.96193694167,-133.6715933275,
    195.34202768349));
#2036 = CARTESIAN_POINT('',(132.95462204243,-133.5738181246,
    195.2955588856));
#2037 = CARTESIAN_POINT('',(132.95781754845,-133.473756967,
    195.2531545137));
#2038 = CARTESIAN_POINT('',(132.9724720825,-133.3735365894,
    195.21371493612));
#2039 = CARTESIAN_POINT('',(132.99883286866,-133.2751941212,
    195.17590762621));
#2040 = CARTESIAN_POINT('',(133.03644059364,-133.1805741526,
    195.13829990123));
#2041 = ORIENTED_EDGE('',*,*,#2042,.F.);
#2042 = EDGE_CURVE('',#2043,#2030,#2045,.T.);
#2043 = VERTEX_POINT('',#2044);
#2044 = CARTESIAN_POINT('',(135.00012805931,-134.1436047998,
    194.15260404199));
#2045 = ELLIPSE('',#2046,4.515508589227,1.2);
#2046 = AXIS2_PLACEMENT_3D('',#2047,#2048,#2049);
#2047 = CARTESIAN_POINT('',(135.24906898386,-133.0641119277,
    194.62272778586));
#2048 = DIRECTION('',(-0.441893792298,0.441893792298,-0.780679033059));
#2049 = DIRECTION('',(0.853962348898,-5.930549654365E-02,-0.516944063458
    ));
#2050 = ORIENTED_EDGE('',*,*,#2051,.T.);
#2051 = EDGE_CURVE('',#2043,#1909,#2052,.T.);
#2052 = B_SPLINE_CURVE_WITH_KNOTS('',7,(#2053,#2054,#2055,#2056,#2057,
    #2058,#2059,#2060,#2061,#2062,#2063,#2064,#2065,#2066,#2067,#2068,
    #2069,#2070,#2071,#2072,#2073,#2074,#2075,#2076,#2077,#2078,#2079,
    #2080,#2081,#2082,#2083,#2084,#2085,#2086,#2087,#2088,#2089,#2090,
    #2091,#2092,#2093,#2094,#2095,#2096),.UNSPECIFIED.,.F.,.F.,(8,6,6,6,
    6,6,6,8),(0.,5.148695590498E-03,6.491942431678E-03,
    1.014878096413E-02,1.507481803544E-02,0.114490533458,0.685207622298,
    1.),.UNSPECIFIED.);
#2053 = CARTESIAN_POINT('',(135.00012832847,-134.1436050541,
    194.15260451422));
#2054 = CARTESIAN_POINT('',(134.99967873527,-134.1431802085,
    194.15181572239));
#2055 = CARTESIAN_POINT('',(134.99922943762,-134.1427545466,
    194.15102720681));
#2056 = CARTESIAN_POINT('',(134.99878043595,-134.1423280688,
    194.15023896811));
#2057 = CARTESIAN_POINT('',(134.99833173067,-134.1419007756,
    194.14945100693));
#2058 = CARTESIAN_POINT('',(134.9978833222,-134.1414726674,
    194.14866332391));
#2059 = CARTESIAN_POINT('',(134.99743521097,-134.1410437447,
    194.14787591969));
#2060 = CARTESIAN_POINT('',(134.99687056695,-134.1405018936,
    194.14688344137));
#2061 = CARTESIAN_POINT('',(134.9967537568,-134.1403897238,
    194.14667810684));
#2062 = CARTESIAN_POINT('',(134.99663696692,-134.1402774987,
    194.14647279135));
#2063 = CARTESIAN_POINT('',(134.9965201973,-134.1401652181,
    194.14626749491));
#2064 = CARTESIAN_POINT('',(134.99640344797,-134.1400528822,
    194.14606221751));
#2065 = CARTESIAN_POINT('',(134.99628671893,-134.1399404909,
    194.14585695918));
#2066 = CARTESIAN_POINT('',(134.99585228372,-134.1395219208,
    194.14509297914));
#2067 = CARTESIAN_POINT('',(134.99553470767,-134.1392153869,
    194.14453437973));
#2068 = CARTESIAN_POINT('',(134.99521728218,-134.1389084429,
    194.14397592194));
#2069 = CARTESIAN_POINT('',(134.99490000738,-134.1386010887,
    194.143417606));
#2070 = CARTESIAN_POINT('',(134.99458288343,-134.1382933247,
    194.14285943213));
#2071 = CARTESIAN_POINT('',(134.99426591046,-134.1379851509,
    194.14230140058));
#2072 = CARTESIAN_POINT('',(134.9935223057,-134.1372608825,
    194.14099199304));
#2073 = CARTESIAN_POINT('',(134.99309579703,-134.1368444542,
    194.14024073316));
#2074 = CARTESIAN_POINT('',(134.99266956292,-134.136427283,
    194.13948973252));
#2075 = CARTESIAN_POINT('',(134.99224360374,-134.1360093693,
    194.13873899167));
#2076 = CARTESIAN_POINT('',(134.9918179198,-134.1355907136,
    194.13798851119));
#2077 = CARTESIAN_POINT('',(134.99139251146,-134.1351713161,
    194.13723829166));
#2078 = CARTESIAN_POINT('',(134.98238749137,-134.1262720699,
    194.12135291915));
#2079 = CARTESIAN_POINT('',(134.97391999829,-134.1174910148,
    194.10632403513));
#2080 = CARTESIAN_POINT('',(134.96556759119,-134.1084112052,
    194.09140637796));
#2081 = CARTESIAN_POINT('',(134.95733243183,-134.0990357928,
    194.07660492305));
#2082 = CARTESIAN_POINT('',(134.94921615228,-134.0893678882,
    194.06192492484));
#2083 = CARTESIAN_POINT('',(134.94121985499,-134.0794105603,
    194.04737191678));
#2084 = CARTESIAN_POINT('',(134.88813173687,-134.0103605608,
    193.95016945062));
#2085 = CARTESIAN_POINT('',(134.84696761004,-133.9422123251,
    193.87190055531));
#2086 = CARTESIAN_POINT('',(134.80981012142,-133.8651782544,
    193.79898649368));
#2087 = CARTESIAN_POINT('',(134.77627024654,-133.779609156,
    193.73286881755));
#2088 = CARTESIAN_POINT('',(134.74564205888,-133.6859356221,
    193.67568297481));
#2089 = CARTESIAN_POINT('',(134.7168737899,-133.5848686567,
    193.63035617554));
#2090 = CARTESIAN_POINT('',(134.67233807966,-133.4186983789,
    193.58427828749));
#2091 = CARTESIAN_POINT('',(134.656419002,-133.3573935037,
    193.57254255032));
#2092 = CARTESIAN_POINT('',(134.64031813093,-133.294812807,
    193.56641386425));
#2093 = CARTESIAN_POINT('',(134.62378985422,-133.2319001147,
    193.56653428554));
#2094 = CARTESIAN_POINT('',(134.60652340966,-133.1695531756,
    193.57323253896));
#2095 = CARTESIAN_POINT('',(134.58820648962,-133.1085973851,
    193.58653400525));
#2096 = CARTESIAN_POINT('',(134.56856683504,-133.0497664422,
    193.60617365983));
#2097 = CYLINDRICAL_SURFACE('',#2098,1.2);
#2098 = AXIS2_PLACEMENT_3D('',#2099,#2100,#2101);
#2099 = CARTESIAN_POINT('',(133.07179676972,-133.25,196.8));
#2100 = DIRECTION('',(0.70582173878,6.026065160727E-02,-0.70582173878));
#2101 = DIRECTION('',(-0.707106781187,0.,-0.707106781187));
#2102 = ADVANCED_FACE('',(#2103),#2108,.F.);
#2103 = FACE_BOUND('',#2104,.F.);
#2104 = EDGE_LOOP('',(#2105,#2106,#2107));
#2105 = ORIENTED_EDGE('',*,*,#2021,.T.);
#2106 = ORIENTED_EDGE('',*,*,#2013,.T.);
#2107 = ORIENTED_EDGE('',*,*,#1894,.T.);
#2108 = PLANE('',#2109);
#2109 = AXIS2_PLACEMENT_3D('',#2110,#2111,#2112);
#2110 = CARTESIAN_POINT('',(133.07179676972,-133.25,196.8));
#2111 = DIRECTION('',(0.70582173878,6.026065160727E-02,-0.70582173878));
#2112 = DIRECTION('',(-0.707106781187,0.,-0.707106781187));
#2113 = ADVANCED_FACE('',(#2114),#2151,.T.);
#2114 = FACE_BOUND('',#2115,.T.);
#2115 = EDGE_LOOP('',(#2116,#2126,#2133,#2134,#2141,#2142,#2143,#2144));
#2116 = ORIENTED_EDGE('',*,*,#2117,.T.);
#2117 = EDGE_CURVE('',#2118,#2120,#2122,.T.);
#2118 = VERTEX_POINT('',#2119);
#2119 = CARTESIAN_POINT('',(132.95569177391,-134.,195.39111786382));
#2120 = VERTEX_POINT('',#2121);
#2121 = CARTESIAN_POINT('',(129.95569177391,-131.,190.09111786382));
#2122 = LINE('',#2123,#2124);
#2123 = CARTESIAN_POINT('',(132.95569177391,-134.,195.39111786382));
#2124 = VECTOR('',#2125,1.);
#2125 = DIRECTION('',(-0.441893792298,0.441893792298,-0.780679033059));
#2126 = ORIENTED_EDGE('',*,*,#2127,.F.);
#2127 = EDGE_CURVE('',#2120,#2120,#2128,.T.);
#2128 = CIRCLE('',#2129,1.2);
#2129 = AXIS2_PLACEMENT_3D('',#2130,#2131,#2132);
#2130 = CARTESIAN_POINT('',(131.,-131.,189.5));
#2131 = DIRECTION('',(-0.441893792298,0.441893792298,-0.780679033059));
#2132 = DIRECTION('',(-0.870256855071,0.,0.492598219852));
#2133 = ORIENTED_EDGE('',*,*,#2117,.F.);
#2134 = ORIENTED_EDGE('',*,*,#2135,.T.);
#2135 = EDGE_CURVE('',#2118,#2030,#2136,.T.);
#2136 = CIRCLE('',#2137,1.2);
#2137 = AXIS2_PLACEMENT_3D('',#2138,#2139,#2140);
#2138 = CARTESIAN_POINT('',(134.,-134.,194.8));
#2139 = DIRECTION('',(-0.441893792298,0.441893792298,-0.780679033059));
#2140 = DIRECTION('',(-0.870256855071,0.,0.492598219852));
#2141 = ORIENTED_EDGE('',*,*,#2029,.T.);
#2142 = ORIENTED_EDGE('',*,*,#1953,.T.);
#2143 = ORIENTED_EDGE('',*,*,#2051,.F.);
#2144 = ORIENTED_EDGE('',*,*,#2145,.T.);
#2145 = EDGE_CURVE('',#2043,#2118,#2146,.T.);
#2146 = CIRCLE('',#2147,1.2);
#2147 = AXIS2_PLACEMENT_3D('',#2148,#2149,#2150);
#2148 = CARTESIAN_POINT('',(134.,-134.,194.8));
#2149 = DIRECTION('',(-0.441893792298,0.441893792298,-0.780679033059));
#2150 = DIRECTION('',(-0.870256855071,0.,0.492598219852));
#2151 = CYLINDRICAL_SURFACE('',#2152,1.2);
#2152 = AXIS2_PLACEMENT_3D('',#2153,#2154,#2155);
#2153 = CARTESIAN_POINT('',(134.,-134.,194.8));
#2154 = DIRECTION('',(-0.441893792298,0.441893792298,-0.780679033059));
#2155 = DIRECTION('',(-0.870256855071,0.,0.492598219852));
#2156 = ADVANCED_FACE('',(#2157),#2162,.F.);
#2157 = FACE_BOUND('',#2158,.F.);
#2158 = EDGE_LOOP('',(#2159,#2160,#2161));
#2159 = ORIENTED_EDGE('',*,*,#2145,.T.);
#2160 = ORIENTED_EDGE('',*,*,#2135,.T.);
#2161 = ORIENTED_EDGE('',*,*,#2042,.F.);
#2162 = PLANE('',#2163);
#2163 = AXIS2_PLACEMENT_3D('',#2164,#2165,#2166);
#2164 = CARTESIAN_POINT('',(134.,-134.,194.8));
#2165 = DIRECTION('',(-0.441893792298,0.441893792298,-0.780679033059));
#2166 = DIRECTION('',(-0.870256855071,0.,0.492598219852));
#2167 = ADVANCED_FACE('',(#2168),#2178,.T.);
#2168 = FACE_BOUND('',#2169,.T.);
#2169 = EDGE_LOOP('',(#2170,#2171,#2172));
#2170 = ORIENTED_EDGE('',*,*,#1918,.T.);
#2171 = ORIENTED_EDGE('',*,*,#1945,.T.);
#2172 = ORIENTED_EDGE('',*,*,#2173,.T.);
#2173 = EDGE_CURVE('',#1937,#1919,#2174,.T.);
#2174 = LINE('',#2175,#2176);
#2175 = CARTESIAN_POINT('',(136.,-133.,193.87179676972));
#2176 = VECTOR('',#2177,1.);
#2177 = DIRECTION('',(5.402118045492E-02,-0.998052578483,
    -3.118914307759E-02));
#2178 = PLANE('',#2179);
#2179 = AXIS2_PLACEMENT_3D('',#2180,#2181,#2182);
#2180 = CARTESIAN_POINT('',(136.,-133.,193.87179676972));
#2181 = DIRECTION('',(0.70582173878,6.026065160727E-02,-0.70582173878));
#2182 = DIRECTION('',(-0.707106781187,0.,-0.707106781187));
#2183 = ADVANCED_FACE('',(#2184),#2238,.T.);
#2184 = FACE_BOUND('',#2185,.T.);
#2185 = EDGE_LOOP('',(#2186,#2187,#2195,#2204,#2213,#2222,#2229,#2230,
    #2231));
#2186 = ORIENTED_EDGE('',*,*,#1936,.T.);
#2187 = ORIENTED_EDGE('',*,*,#2188,.T.);
#2188 = EDGE_CURVE('',#1928,#2189,#2191,.T.);
#2189 = VERTEX_POINT('',#2190);
#2190 = CARTESIAN_POINT('',(140.00120849358,-132.7693358975,
    194.04200760161));
#2191 = LINE('',#2192,#2193);
#2192 = CARTESIAN_POINT('',(136.31058285412,-133.,195.03090776127));
#2193 = VECTOR('',#2194,1.);
#2194 = DIRECTION('',(0.964170425716,6.026065160727E-02,-0.258348686937)
  );
#2195 = ORIENTED_EDGE('',*,*,#2196,.F.);
#2196 = EDGE_CURVE('',#2197,#2189,#2199,.T.);
#2197 = VERTEX_POINT('',#2198);
#2198 = CARTESIAN_POINT('',(139.99879150639,-132.7306641024,
    194.0420076016));
#2199 = ELLIPSE('',#2200,1.242169498499,1.2);
#2200 = AXIS2_PLACEMENT_3D('',#2201,#2202,#2203);
#2201 = CARTESIAN_POINT('',(140.,-132.75,192.8));
#2202 = DIRECTION('',(0.998052578483,6.237828615518E-02,0.));
#2203 = DIRECTION('',(0.,0.,-1.));
#2204 = ORIENTED_EDGE('',*,*,#2205,.F.);
#2205 = EDGE_CURVE('',#2206,#2197,#2208,.T.);
#2206 = VERTEX_POINT('',#2207);
#2207 = CARTESIAN_POINT('',(139.92514605661,-131.5523369058,192.8));
#2208 = ELLIPSE('',#2209,1.242169498499,1.2);
#2209 = AXIS2_PLACEMENT_3D('',#2210,#2211,#2212);
#2210 = CARTESIAN_POINT('',(140.,-132.75,192.8));
#2211 = DIRECTION('',(0.998052578483,6.237828615518E-02,0.));
#2212 = DIRECTION('',(0.,0.,-1.));
#2213 = ORIENTED_EDGE('',*,*,#2214,.F.);
#2214 = EDGE_CURVE('',#2215,#2206,#2217,.T.);
#2215 = VERTEX_POINT('',#2216);
#2216 = CARTESIAN_POINT('',(140.07485394338,-133.9476630941,192.8));
#2217 = CIRCLE('',#2218,1.2);
#2218 = AXIS2_PLACEMENT_3D('',#2219,#2220,#2221);
#2219 = CARTESIAN_POINT('',(140.,-132.75,192.8));
#2220 = DIRECTION('',(0.964170425716,6.026065160727E-02,-0.258348686937)
  );
#2221 = DIRECTION('',(0.258819045103,1.734723475977E-18,0.965925826289)
  );
#2222 = ORIENTED_EDGE('',*,*,#2223,.F.);
#2223 = EDGE_CURVE('',#2189,#2215,#2224,.T.);
#2224 = ELLIPSE('',#2225,1.242169498499,1.2);
#2225 = AXIS2_PLACEMENT_3D('',#2226,#2227,#2228);
#2226 = CARTESIAN_POINT('',(140.,-132.75,192.8));
#2227 = DIRECTION('',(0.998052578483,6.237828615518E-02,0.));
#2228 = DIRECTION('',(0.,0.,-1.));
#2229 = ORIENTED_EDGE('',*,*,#2188,.F.);
#2230 = ORIENTED_EDGE('',*,*,#1927,.T.);
#2231 = ORIENTED_EDGE('',*,*,#2232,.T.);
#2232 = EDGE_CURVE('',#1919,#1937,#2233,.T.);
#2233 = CIRCLE('',#2234,1.2);
#2234 = AXIS2_PLACEMENT_3D('',#2235,#2236,#2237);
#2235 = CARTESIAN_POINT('',(136.,-133.,193.87179676972));
#2236 = DIRECTION('',(0.964170425716,6.026065160727E-02,-0.258348686937)
  );
#2237 = DIRECTION('',(0.258819045103,1.734723475977E-18,0.965925826289)
  );
#2238 = CYLINDRICAL_SURFACE('',#2239,1.2);
#2239 = AXIS2_PLACEMENT_3D('',#2240,#2241,#2242);
#2240 = CARTESIAN_POINT('',(136.,-133.,193.87179676972));
#2241 = DIRECTION('',(0.964170425716,6.026065160727E-02,-0.258348686937)
  );
#2242 = DIRECTION('',(0.258819045103,-1.734723475977E-18,0.965925826289)
  );
#2243 = ADVANCED_FACE('',(#2244),#2247,.T.);
#2244 = FACE_BOUND('',#2245,.T.);
#2245 = EDGE_LOOP('',(#2246));
#2246 = ORIENTED_EDGE('',*,*,#2127,.T.);
#2247 = PLANE('',#2248);
#2248 = AXIS2_PLACEMENT_3D('',#2249,#2250,#2251);
#2249 = CARTESIAN_POINT('',(131.,-131.,189.5));
#2250 = DIRECTION('',(-0.441893792298,0.441893792298,-0.780679033059));
#2251 = DIRECTION('',(-0.870256855071,0.,0.492598219852));
#2252 = ADVANCED_FACE('',(#2253),#2257,.F.);
#2253 = FACE_BOUND('',#2254,.F.);
#2254 = EDGE_LOOP('',(#2255,#2256));
#2255 = ORIENTED_EDGE('',*,*,#2173,.T.);
#2256 = ORIENTED_EDGE('',*,*,#2232,.T.);
#2257 = PLANE('',#2258);
#2258 = AXIS2_PLACEMENT_3D('',#2259,#2260,#2261);
#2259 = CARTESIAN_POINT('',(136.,-133.,193.87179676972));
#2260 = DIRECTION('',(0.964170425716,6.026065160727E-02,-0.258348686937)
  );
#2261 = DIRECTION('',(0.258819045103,-1.734723475977E-18,0.965925826289)
  );
#2262 = ADVANCED_FACE('',(#2263),#2309,.T.);
#2263 = FACE_BOUND('',#2264,.T.);
#2264 = EDGE_LOOP('',(#2265,#2266,#2274,#2283,#2292,#2299,#2300,#2301,
    #2302));
#2265 = ORIENTED_EDGE('',*,*,#2205,.T.);
#2266 = ORIENTED_EDGE('',*,*,#2267,.T.);
#2267 = EDGE_CURVE('',#2197,#2268,#2270,.T.);
#2268 = VERTEX_POINT('',#2269);
#2269 = CARTESIAN_POINT('',(143.38004278534,-132.5193358975,
    194.9480111512));
#2270 = LINE('',#2271,#2272);
#2271 = CARTESIAN_POINT('',(139.68941714587,-132.75,193.95911099154));
#2272 = VECTOR('',#2273,1.);
#2273 = DIRECTION('',(0.964170425716,6.026065160727E-02,0.258348686937)
  );
#2274 = ORIENTED_EDGE('',*,*,#2275,.F.);
#2275 = EDGE_CURVE('',#2276,#2268,#2278,.T.);
#2276 = VERTEX_POINT('',#2277);
#2277 = CARTESIAN_POINT('',(143.93517458345,-131.3023369058,
    193.83436979803));
#2278 = ELLIPSE('',#2279,1.242169498499,1.2);
#2279 = AXIS2_PLACEMENT_3D('',#2280,#2281,#2282);
#2280 = CARTESIAN_POINT('',(144.,-132.5,193.87179676972));
#2281 = DIRECTION('',(0.864338887279,6.237828615518E-02,0.499026289241)
  );
#2282 = DIRECTION('',(0.5,-4.406197628981E-16,-0.866025403784));
#2283 = ORIENTED_EDGE('',*,*,#2284,.F.);
#2284 = EDGE_CURVE('',#2285,#2276,#2287,.T.);
#2285 = VERTEX_POINT('',#2286);
#2286 = CARTESIAN_POINT('',(144.06482541654,-133.6976630941,
    193.90922374141));
#2287 = CIRCLE('',#2288,1.2);
#2288 = AXIS2_PLACEMENT_3D('',#2289,#2290,#2291);
#2289 = CARTESIAN_POINT('',(144.,-132.5,193.87179676972));
#2290 = DIRECTION('',(0.964170425716,6.026065160727E-02,0.258348686937)
  );
#2291 = DIRECTION('',(-0.258819045103,-1.734723475977E-18,0.965925826289
    ));
#2292 = ORIENTED_EDGE('',*,*,#2293,.F.);
#2293 = EDGE_CURVE('',#2268,#2285,#2294,.T.);
#2294 = ELLIPSE('',#2295,1.242169498499,1.2);
#2295 = AXIS2_PLACEMENT_3D('',#2296,#2297,#2298);
#2296 = CARTESIAN_POINT('',(144.,-132.5,193.87179676972));
#2297 = DIRECTION('',(0.864338887279,6.237828615518E-02,0.499026289241)
  );
#2298 = DIRECTION('',(0.5,-4.406197628981E-16,-0.866025403784));
#2299 = ORIENTED_EDGE('',*,*,#2267,.F.);
#2300 = ORIENTED_EDGE('',*,*,#2196,.T.);
#2301 = ORIENTED_EDGE('',*,*,#2223,.T.);
#2302 = ORIENTED_EDGE('',*,*,#2303,.T.);
#2303 = EDGE_CURVE('',#2215,#2206,#2304,.T.);
#2304 = CIRCLE('',#2305,1.2);
#2305 = AXIS2_PLACEMENT_3D('',#2306,#2307,#2308);
#2306 = CARTESIAN_POINT('',(140.,-132.75,192.8));
#2307 = DIRECTION('',(0.964170425716,6.026065160727E-02,0.258348686937)
  );
#2308 = DIRECTION('',(-0.258819045103,-1.734723475977E-18,0.965925826289
    ));
#2309 = CYLINDRICAL_SURFACE('',#2310,1.2);
#2310 = AXIS2_PLACEMENT_3D('',#2311,#2312,#2313);
#2311 = CARTESIAN_POINT('',(140.,-132.75,192.8));
#2312 = DIRECTION('',(0.964170425716,6.026065160727E-02,0.258348686937)
  );
#2313 = DIRECTION('',(-0.258819045103,1.734723475977E-18,0.965925826289)
  );
#2314 = ADVANCED_FACE('',(#2315),#2324,.T.);
#2315 = FACE_BOUND('',#2316,.T.);
#2316 = EDGE_LOOP('',(#2317,#2323));
#2317 = ORIENTED_EDGE('',*,*,#2318,.T.);
#2318 = EDGE_CURVE('',#2206,#2215,#2319,.T.);
#2319 = LINE('',#2320,#2321);
#2320 = CARTESIAN_POINT('',(140.,-132.75,192.8));
#2321 = VECTOR('',#2322,1.);
#2322 = DIRECTION('',(6.237828615518E-02,-0.998052578483,0.));
#2323 = ORIENTED_EDGE('',*,*,#2214,.T.);
#2324 = PLANE('',#2325);
#2325 = AXIS2_PLACEMENT_3D('',#2326,#2327,#2328);
#2326 = CARTESIAN_POINT('',(140.,-132.75,192.8));
#2327 = DIRECTION('',(0.964170425716,6.026065160727E-02,-0.258348686937)
  );
#2328 = DIRECTION('',(0.258819045103,-1.734723475977E-18,0.965925826289)
  );
#2329 = ADVANCED_FACE('',(#2330),#2334,.F.);
#2330 = FACE_BOUND('',#2331,.F.);
#2331 = EDGE_LOOP('',(#2332,#2333));
#2332 = ORIENTED_EDGE('',*,*,#2318,.T.);
#2333 = ORIENTED_EDGE('',*,*,#2303,.T.);
#2334 = PLANE('',#2335);
#2335 = AXIS2_PLACEMENT_3D('',#2336,#2337,#2338);
#2336 = CARTESIAN_POINT('',(140.,-132.75,192.8));
#2337 = DIRECTION('',(0.964170425716,6.026065160727E-02,0.258348686937)
  );
#2338 = DIRECTION('',(-0.258819045103,1.734723475977E-18,0.965925826289)
  );
#2339 = ADVANCED_FACE('',(#2340),#2394,.T.);
#2340 = FACE_BOUND('',#2341,.T.);
#2341 = EDGE_LOOP('',(#2342,#2353,#2361,#2368,#2369,#2370,#2377,#2378,
    #2387));
#2342 = ORIENTED_EDGE('',*,*,#2343,.F.);
#2343 = EDGE_CURVE('',#2344,#2346,#2348,.T.);
#2344 = VERTEX_POINT('',#2345);
#2345 = CARTESIAN_POINT('',(147.77673136769,-132.25,195.95147186257));
#2346 = VERTEX_POINT('',#2347);
#2347 = CARTESIAN_POINT('',(146.89077625858,-131.0523369058,
    196.73517458345));
#2348 = CIRCLE('',#2349,1.2);
#2349 = AXIS2_PLACEMENT_3D('',#2350,#2351,#2352);
#2350 = CARTESIAN_POINT('',(146.92820323027,-132.25,196.8));
#2351 = DIRECTION('',(0.70582173878,6.026065160727E-02,0.70582173878));
#2352 = DIRECTION('',(0.707106781187,0.,-0.707106781187));
#2353 = ORIENTED_EDGE('',*,*,#2354,.F.);
#2354 = EDGE_CURVE('',#2355,#2344,#2357,.T.);
#2355 = VERTEX_POINT('',#2356);
#2356 = CARTESIAN_POINT('',(144.84852813742,-132.5,193.0232686323));
#2357 = LINE('',#2358,#2359);
#2358 = CARTESIAN_POINT('',(144.84852813742,-132.5,193.0232686323));
#2359 = VECTOR('',#2360,1.);
#2360 = DIRECTION('',(0.70582173878,6.026065160727E-02,0.70582173878));
#2361 = ORIENTED_EDGE('',*,*,#2362,.T.);
#2362 = EDGE_CURVE('',#2355,#2276,#2363,.T.);
#2363 = CIRCLE('',#2364,1.2);
#2364 = AXIS2_PLACEMENT_3D('',#2365,#2366,#2367);
#2365 = CARTESIAN_POINT('',(144.,-132.5,193.87179676972));
#2366 = DIRECTION('',(0.70582173878,6.026065160727E-02,0.70582173878));
#2367 = DIRECTION('',(0.707106781187,0.,-0.707106781187));
#2368 = ORIENTED_EDGE('',*,*,#2275,.T.);
#2369 = ORIENTED_EDGE('',*,*,#2293,.T.);
#2370 = ORIENTED_EDGE('',*,*,#2371,.T.);
#2371 = EDGE_CURVE('',#2285,#2355,#2372,.T.);
#2372 = CIRCLE('',#2373,1.2);
#2373 = AXIS2_PLACEMENT_3D('',#2374,#2375,#2376);
#2374 = CARTESIAN_POINT('',(144.,-132.5,193.87179676972));
#2375 = DIRECTION('',(0.70582173878,6.026065160727E-02,0.70582173878));
#2376 = DIRECTION('',(0.707106781187,0.,-0.707106781187));
#2377 = ORIENTED_EDGE('',*,*,#2354,.T.);
#2378 = ORIENTED_EDGE('',*,*,#2379,.F.);
#2379 = EDGE_CURVE('',#2380,#2344,#2382,.T.);
#2380 = VERTEX_POINT('',#2381);
#2381 = CARTESIAN_POINT('',(146.96563020196,-133.4476630941,
    196.86482541654));
#2382 = CIRCLE('',#2383,1.2);
#2383 = AXIS2_PLACEMENT_3D('',#2384,#2385,#2386);
#2384 = CARTESIAN_POINT('',(146.92820323027,-132.25,196.8));
#2385 = DIRECTION('',(0.70582173878,6.026065160727E-02,0.70582173878));
#2386 = DIRECTION('',(0.707106781187,0.,-0.707106781187));
#2387 = ORIENTED_EDGE('',*,*,#2388,.F.);
#2388 = EDGE_CURVE('',#2346,#2380,#2389,.T.);
#2389 = ELLIPSE('',#2390,1.242169498499,1.2);
#2390 = AXIS2_PLACEMENT_3D('',#2391,#2392,#2393);
#2391 = CARTESIAN_POINT('',(146.92820323027,-132.25,196.8));
#2392 = DIRECTION('',(0.499026289241,6.237828615518E-02,0.864338887279)
  );
#2393 = DIRECTION('',(0.866025403784,4.406197628981E-16,-0.5));
#2394 = CYLINDRICAL_SURFACE('',#2395,1.2);
#2395 = AXIS2_PLACEMENT_3D('',#2396,#2397,#2398);
#2396 = CARTESIAN_POINT('',(144.,-132.5,193.87179676972));
#2397 = DIRECTION('',(0.70582173878,6.026065160727E-02,0.70582173878));
#2398 = DIRECTION('',(0.707106781187,0.,-0.707106781187));
#2399 = ADVANCED_FACE('',(#2400),#2409,.T.);
#2400 = FACE_BOUND('',#2401,.T.);
#2401 = EDGE_LOOP('',(#2402,#2408));
#2402 = ORIENTED_EDGE('',*,*,#2403,.T.);
#2403 = EDGE_CURVE('',#2276,#2285,#2404,.T.);
#2404 = LINE('',#2405,#2406);
#2405 = CARTESIAN_POINT('',(144.,-132.5,193.87179676972));
#2406 = VECTOR('',#2407,1.);
#2407 = DIRECTION('',(5.402118045492E-02,-0.998052578483,
    3.118914307759E-02));
#2408 = ORIENTED_EDGE('',*,*,#2284,.T.);
#2409 = PLANE('',#2410);
#2410 = AXIS2_PLACEMENT_3D('',#2411,#2412,#2413);
#2411 = CARTESIAN_POINT('',(144.,-132.5,193.87179676972));
#2412 = DIRECTION('',(0.964170425716,6.026065160727E-02,0.258348686937)
  );
#2413 = DIRECTION('',(-0.258819045103,1.734723475977E-18,0.965925826289)
  );
#2414 = ADVANCED_FACE('',(#2415),#2425,.T.);
#2415 = FACE_BOUND('',#2416,.T.);
#2416 = EDGE_LOOP('',(#2417,#2418,#2419));
#2417 = ORIENTED_EDGE('',*,*,#2379,.T.);
#2418 = ORIENTED_EDGE('',*,*,#2343,.T.);
#2419 = ORIENTED_EDGE('',*,*,#2420,.T.);
#2420 = EDGE_CURVE('',#2346,#2380,#2421,.T.);
#2421 = LINE('',#2422,#2423);
#2422 = CARTESIAN_POINT('',(146.92820323027,-132.25,196.8));
#2423 = VECTOR('',#2424,1.);
#2424 = DIRECTION('',(3.118914307759E-02,-0.998052578483,
    5.402118045492E-02));
#2425 = PLANE('',#2426);
#2426 = AXIS2_PLACEMENT_3D('',#2427,#2428,#2429);
#2427 = CARTESIAN_POINT('',(146.92820323027,-132.25,196.8));
#2428 = DIRECTION('',(0.70582173878,6.026065160727E-02,0.70582173878));
#2429 = DIRECTION('',(0.707106781187,0.,-0.707106781187));
#2430 = ADVANCED_FACE('',(#2431),#2484,.T.);
#2431 = FACE_BOUND('',#2432,.T.);
#2432 = EDGE_LOOP('',(#2433,#2444,#2452,#2459,#2460,#2467,#2468,#2477));
#2433 = ORIENTED_EDGE('',*,*,#2434,.F.);
#2434 = EDGE_CURVE('',#2435,#2437,#2439,.T.);
#2435 = VERTEX_POINT('',#2436);
#2436 = CARTESIAN_POINT('',(149.15911099154,-132.,200.48941714587));
#2437 = VERTEX_POINT('',#2438);
#2438 = CARTESIAN_POINT('',(148.,-130.8023369058,200.72514605661));
#2439 = CIRCLE('',#2440,1.2);
#2440 = AXIS2_PLACEMENT_3D('',#2441,#2442,#2443);
#2441 = CARTESIAN_POINT('',(148.,-132.,200.8));
#2442 = DIRECTION('',(0.258348686937,6.026065160727E-02,0.964170425716)
  );
#2443 = DIRECTION('',(0.965925826289,-1.734723475977E-18,-0.258819045103
    ));
#2444 = ORIENTED_EDGE('',*,*,#2445,.F.);
#2445 = EDGE_CURVE('',#2446,#2435,#2448,.T.);
#2446 = VERTEX_POINT('',#2447);
#2447 = CARTESIAN_POINT('',(148.08731422182,-132.25,196.48941714587));
#2448 = LINE('',#2449,#2450);
#2449 = CARTESIAN_POINT('',(148.08731422182,-132.25,196.48941714587));
#2450 = VECTOR('',#2451,1.);
#2451 = DIRECTION('',(0.258348686937,6.026065160727E-02,0.964170425716)
  );
#2452 = ORIENTED_EDGE('',*,*,#2453,.T.);
#2453 = EDGE_CURVE('',#2446,#2346,#2454,.T.);
#2454 = CIRCLE('',#2455,1.2);
#2455 = AXIS2_PLACEMENT_3D('',#2456,#2457,#2458);
#2456 = CARTESIAN_POINT('',(146.92820323027,-132.25,196.8));
#2457 = DIRECTION('',(0.258348686937,6.026065160727E-02,0.964170425716)
  );
#2458 = DIRECTION('',(0.965925826289,-1.734723475977E-18,-0.258819045103
    ));
#2459 = ORIENTED_EDGE('',*,*,#2388,.T.);
#2460 = ORIENTED_EDGE('',*,*,#2461,.T.);
#2461 = EDGE_CURVE('',#2380,#2446,#2462,.T.);
#2462 = CIRCLE('',#2463,1.2);
#2463 = AXIS2_PLACEMENT_3D('',#2464,#2465,#2466);
#2464 = CARTESIAN_POINT('',(146.92820323027,-132.25,196.8));
#2465 = DIRECTION('',(0.258348686937,6.026065160727E-02,0.964170425716)
  );
#2466 = DIRECTION('',(0.965925826289,-1.734723475977E-18,-0.258819045103
    ));
#2467 = ORIENTED_EDGE('',*,*,#2445,.T.);
#2468 = ORIENTED_EDGE('',*,*,#2469,.F.);
#2469 = EDGE_CURVE('',#2470,#2435,#2472,.T.);
#2470 = VERTEX_POINT('',#2471);
#2471 = CARTESIAN_POINT('',(148.,-133.1976630941,200.87485394338));
#2472 = CIRCLE('',#2473,1.2);
#2473 = AXIS2_PLACEMENT_3D('',#2474,#2475,#2476);
#2474 = CARTESIAN_POINT('',(148.,-132.,200.8));
#2475 = DIRECTION('',(0.258348686937,6.026065160727E-02,0.964170425716)
  );
#2476 = DIRECTION('',(0.965925826289,-1.734723475977E-18,-0.258819045103
    ));
#2477 = ORIENTED_EDGE('',*,*,#2478,.F.);
#2478 = EDGE_CURVE('',#2437,#2470,#2479,.T.);
#2479 = ELLIPSE('',#2480,1.242169498499,1.2);
#2480 = AXIS2_PLACEMENT_3D('',#2481,#2482,#2483);
#2481 = CARTESIAN_POINT('',(148.,-132.,200.8));
#2482 = DIRECTION('',(-0.,6.237828615518E-02,0.998052578483));
#2483 = DIRECTION('',(1.,0.,0.));
#2484 = CYLINDRICAL_SURFACE('',#2485,1.2);
#2485 = AXIS2_PLACEMENT_3D('',#2486,#2487,#2488);
#2486 = CARTESIAN_POINT('',(146.92820323027,-132.25,196.8));
#2487 = DIRECTION('',(0.258348686937,6.026065160727E-02,0.964170425716)
  );
#2488 = DIRECTION('',(0.965925826289,1.734723475977E-18,-0.258819045103)
  );
#2489 = ADVANCED_FACE('',(#2490),#2495,.F.);
#2490 = FACE_BOUND('',#2491,.F.);
#2491 = EDGE_LOOP('',(#2492,#2493,#2494));
#2492 = ORIENTED_EDGE('',*,*,#2371,.T.);
#2493 = ORIENTED_EDGE('',*,*,#2362,.T.);
#2494 = ORIENTED_EDGE('',*,*,#2403,.T.);
#2495 = PLANE('',#2496);
#2496 = AXIS2_PLACEMENT_3D('',#2497,#2498,#2499);
#2497 = CARTESIAN_POINT('',(144.,-132.5,193.87179676972));
#2498 = DIRECTION('',(0.70582173878,6.026065160727E-02,0.70582173878));
#2499 = DIRECTION('',(0.707106781187,0.,-0.707106781187));
#2500 = ADVANCED_FACE('',(#2501),#2506,.F.);
#2501 = FACE_BOUND('',#2502,.F.);
#2502 = EDGE_LOOP('',(#2503,#2504,#2505));
#2503 = ORIENTED_EDGE('',*,*,#2461,.T.);
#2504 = ORIENTED_EDGE('',*,*,#2453,.T.);
#2505 = ORIENTED_EDGE('',*,*,#2420,.T.);
#2506 = PLANE('',#2507);
#2507 = AXIS2_PLACEMENT_3D('',#2508,#2509,#2510);
#2508 = CARTESIAN_POINT('',(146.92820323027,-132.25,196.8));
#2509 = DIRECTION('',(0.258348686937,6.026065160727E-02,0.964170425716)
  );
#2510 = DIRECTION('',(0.965925826289,1.734723475977E-18,-0.258819045103)
  );
#2511 = ADVANCED_FACE('',(#2512),#2522,.T.);
#2512 = FACE_BOUND('',#2513,.T.);
#2513 = EDGE_LOOP('',(#2514,#2515,#2516));
#2514 = ORIENTED_EDGE('',*,*,#2469,.T.);
#2515 = ORIENTED_EDGE('',*,*,#2434,.T.);
#2516 = ORIENTED_EDGE('',*,*,#2517,.T.);
#2517 = EDGE_CURVE('',#2437,#2470,#2518,.T.);
#2518 = LINE('',#2519,#2520);
#2519 = CARTESIAN_POINT('',(148.,-132.,200.8));
#2520 = VECTOR('',#2521,1.);
#2521 = DIRECTION('',(0.,-0.998052578483,6.237828615518E-02));
#2522 = PLANE('',#2523);
#2523 = AXIS2_PLACEMENT_3D('',#2524,#2525,#2526);
#2524 = CARTESIAN_POINT('',(148.,-132.,200.8));
#2525 = DIRECTION('',(0.258348686937,6.026065160727E-02,0.964170425716)
  );
#2526 = DIRECTION('',(0.965925826289,1.734723475977E-18,-0.258819045103)
  );
#2527 = ADVANCED_FACE('',(#2528),#2581,.T.);
#2528 = FACE_BOUND('',#2529,.T.);
#2529 = EDGE_LOOP('',(#2530,#2541,#2549,#2556,#2557,#2564,#2565,#2574));
#2530 = ORIENTED_EDGE('',*,*,#2531,.F.);
#2531 = EDGE_CURVE('',#2532,#2534,#2536,.T.);
#2532 = VERTEX_POINT('',#2533);
#2533 = CARTESIAN_POINT('',(148.08731422182,-131.75,205.11058285412));
#2534 = VERTEX_POINT('',#2535);
#2535 = CARTESIAN_POINT('',(146.96563020196,-130.5523369058,
    204.73517458345));
#2536 = CIRCLE('',#2537,1.2);
#2537 = AXIS2_PLACEMENT_3D('',#2538,#2539,#2540);
#2538 = CARTESIAN_POINT('',(146.92820323027,-131.75,204.8));
#2539 = DIRECTION('',(-0.258348686937,6.026065160727E-02,0.964170425716)
  );
#2540 = DIRECTION('',(0.965925826289,1.734723475977E-18,0.258819045103)
  );
#2541 = ORIENTED_EDGE('',*,*,#2542,.F.);
#2542 = EDGE_CURVE('',#2543,#2532,#2545,.T.);
#2543 = VERTEX_POINT('',#2544);
#2544 = CARTESIAN_POINT('',(149.15911099154,-132.,201.11058285412));
#2545 = LINE('',#2546,#2547);
#2546 = CARTESIAN_POINT('',(149.15911099154,-132.,201.11058285412));
#2547 = VECTOR('',#2548,1.);
#2548 = DIRECTION('',(-0.258348686937,6.026065160727E-02,0.964170425716)
  );
#2549 = ORIENTED_EDGE('',*,*,#2550,.T.);
#2550 = EDGE_CURVE('',#2543,#2437,#2551,.T.);
#2551 = CIRCLE('',#2552,1.2);
#2552 = AXIS2_PLACEMENT_3D('',#2553,#2554,#2555);
#2553 = CARTESIAN_POINT('',(148.,-132.,200.8));
#2554 = DIRECTION('',(-0.258348686937,6.026065160727E-02,0.964170425716)
  );
#2555 = DIRECTION('',(0.965925826289,1.734723475977E-18,0.258819045103)
  );
#2556 = ORIENTED_EDGE('',*,*,#2478,.T.);
#2557 = ORIENTED_EDGE('',*,*,#2558,.T.);
#2558 = EDGE_CURVE('',#2470,#2543,#2559,.T.);
#2559 = CIRCLE('',#2560,1.2);
#2560 = AXIS2_PLACEMENT_3D('',#2561,#2562,#2563);
#2561 = CARTESIAN_POINT('',(148.,-132.,200.8));
#2562 = DIRECTION('',(-0.258348686937,6.026065160727E-02,0.964170425716)
  );
#2563 = DIRECTION('',(0.965925826289,1.734723475977E-18,0.258819045103)
  );
#2564 = ORIENTED_EDGE('',*,*,#2542,.T.);
#2565 = ORIENTED_EDGE('',*,*,#2566,.F.);
#2566 = EDGE_CURVE('',#2567,#2532,#2569,.T.);
#2567 = VERTEX_POINT('',#2568);
#2568 = CARTESIAN_POINT('',(146.89077625858,-132.9476630941,
    204.86482541654));
#2569 = CIRCLE('',#2570,1.2);
#2570 = AXIS2_PLACEMENT_3D('',#2571,#2572,#2573);
#2571 = CARTESIAN_POINT('',(146.92820323027,-131.75,204.8));
#2572 = DIRECTION('',(-0.258348686937,6.026065160727E-02,0.964170425716)
  );
#2573 = DIRECTION('',(0.965925826289,1.734723475977E-18,0.258819045103)
  );
#2574 = ORIENTED_EDGE('',*,*,#2575,.F.);
#2575 = EDGE_CURVE('',#2534,#2567,#2576,.T.);
#2576 = ELLIPSE('',#2577,1.242169498499,1.2);
#2577 = AXIS2_PLACEMENT_3D('',#2578,#2579,#2580);
#2578 = CARTESIAN_POINT('',(146.92820323027,-131.75,204.8));
#2579 = DIRECTION('',(-0.499026289241,6.237828615518E-02,0.864338887279)
  );
#2580 = DIRECTION('',(0.866025403784,-4.406197628981E-16,0.5));
#2581 = CYLINDRICAL_SURFACE('',#2582,1.2);
#2582 = AXIS2_PLACEMENT_3D('',#2583,#2584,#2585);
#2583 = CARTESIAN_POINT('',(148.,-132.,200.8));
#2584 = DIRECTION('',(-0.258348686937,6.026065160727E-02,0.964170425716)
  );
#2585 = DIRECTION('',(0.965925826289,-1.734723475977E-18,0.258819045103)
  );
#2586 = ADVANCED_FACE('',(#2587),#2592,.F.);
#2587 = FACE_BOUND('',#2588,.F.);
#2588 = EDGE_LOOP('',(#2589,#2590,#2591));
#2589 = ORIENTED_EDGE('',*,*,#2558,.T.);
#2590 = ORIENTED_EDGE('',*,*,#2550,.T.);
#2591 = ORIENTED_EDGE('',*,*,#2517,.T.);
#2592 = PLANE('',#2593);
#2593 = AXIS2_PLACEMENT_3D('',#2594,#2595,#2596);
#2594 = CARTESIAN_POINT('',(148.,-132.,200.8));
#2595 = DIRECTION('',(-0.258348686937,6.026065160727E-02,0.964170425716)
  );
#2596 = DIRECTION('',(0.965925826289,-1.734723475977E-18,0.258819045103)
  );
#2597 = ADVANCED_FACE('',(#2598),#2608,.T.);
#2598 = FACE_BOUND('',#2599,.T.);
#2599 = EDGE_LOOP('',(#2600,#2601,#2602));
#2600 = ORIENTED_EDGE('',*,*,#2566,.T.);
#2601 = ORIENTED_EDGE('',*,*,#2531,.T.);
#2602 = ORIENTED_EDGE('',*,*,#2603,.T.);
#2603 = EDGE_CURVE('',#2534,#2567,#2604,.T.);
#2604 = LINE('',#2605,#2606);
#2605 = CARTESIAN_POINT('',(146.92820323027,-131.75,204.8));
#2606 = VECTOR('',#2607,1.);
#2607 = DIRECTION('',(-3.118914307759E-02,-0.998052578483,
    5.402118045492E-02));
#2608 = PLANE('',#2609);
#2609 = AXIS2_PLACEMENT_3D('',#2610,#2611,#2612);
#2610 = CARTESIAN_POINT('',(146.92820323027,-131.75,204.8));
#2611 = DIRECTION('',(-0.258348686937,6.026065160727E-02,0.964170425716)
  );
#2612 = DIRECTION('',(0.965925826289,-1.734723475977E-18,0.258819045103)
  );
#2613 = ADVANCED_FACE('',(#2614),#2676,.T.);
#2614 = FACE_BOUND('',#2615,.T.);
#2615 = EDGE_LOOP('',(#2616,#2627,#2635,#2642,#2643,#2650,#2651,#2660,
    #2669));
#2616 = ORIENTED_EDGE('',*,*,#2617,.F.);
#2617 = EDGE_CURVE('',#2618,#2620,#2622,.T.);
#2618 = VERTEX_POINT('',#2619);
#2619 = CARTESIAN_POINT('',(144.84852813742,-131.5,208.57673136769));
#2620 = VERTEX_POINT('',#2621);
#2621 = CARTESIAN_POINT('',(144.06482541654,-130.3023369058,
    207.69077625858));
#2622 = CIRCLE('',#2623,1.2);
#2623 = AXIS2_PLACEMENT_3D('',#2624,#2625,#2626);
#2624 = CARTESIAN_POINT('',(144.,-131.5,207.72820323027));
#2625 = DIRECTION('',(-0.70582173878,6.026065160727E-02,0.70582173878));
#2626 = DIRECTION('',(0.707106781187,0.,0.707106781187));
#2627 = ORIENTED_EDGE('',*,*,#2628,.F.);
#2628 = EDGE_CURVE('',#2629,#2618,#2631,.T.);
#2629 = VERTEX_POINT('',#2630);
#2630 = CARTESIAN_POINT('',(147.77673136769,-131.75,205.64852813742));
#2631 = LINE('',#2632,#2633);
#2632 = CARTESIAN_POINT('',(147.77673136769,-131.75,205.64852813742));
#2633 = VECTOR('',#2634,1.);
#2634 = DIRECTION('',(-0.70582173878,6.026065160727E-02,0.70582173878));
#2635 = ORIENTED_EDGE('',*,*,#2636,.T.);
#2636 = EDGE_CURVE('',#2629,#2534,#2637,.T.);
#2637 = CIRCLE('',#2638,1.2);
#2638 = AXIS2_PLACEMENT_3D('',#2639,#2640,#2641);
#2639 = CARTESIAN_POINT('',(146.92820323027,-131.75,204.8));
#2640 = DIRECTION('',(-0.70582173878,6.026065160727E-02,0.70582173878));
#2641 = DIRECTION('',(0.707106781187,0.,0.707106781187));
#2642 = ORIENTED_EDGE('',*,*,#2575,.T.);
#2643 = ORIENTED_EDGE('',*,*,#2644,.T.);
#2644 = EDGE_CURVE('',#2567,#2629,#2645,.T.);
#2645 = CIRCLE('',#2646,1.2);
#2646 = AXIS2_PLACEMENT_3D('',#2647,#2648,#2649);
#2647 = CARTESIAN_POINT('',(146.92820323027,-131.75,204.8));
#2648 = DIRECTION('',(-0.70582173878,6.026065160727E-02,0.70582173878));
#2649 = DIRECTION('',(0.707106781187,0.,0.707106781187));
#2650 = ORIENTED_EDGE('',*,*,#2628,.T.);
#2651 = ORIENTED_EDGE('',*,*,#2652,.F.);
#2652 = EDGE_CURVE('',#2653,#2618,#2655,.T.);
#2653 = VERTEX_POINT('',#2654);
#2654 = CARTESIAN_POINT('',(143.93517458345,-132.6976630941,
    207.76563020196));
#2655 = CIRCLE('',#2656,1.2);
#2656 = AXIS2_PLACEMENT_3D('',#2657,#2658,#2659);
#2657 = CARTESIAN_POINT('',(144.,-131.5,207.72820323027));
#2658 = DIRECTION('',(-0.70582173878,6.026065160727E-02,0.70582173878));
#2659 = DIRECTION('',(0.707106781187,0.,0.707106781187));
#2660 = ORIENTED_EDGE('',*,*,#2661,.F.);
#2661 = EDGE_CURVE('',#2662,#2653,#2664,.T.);
#2662 = VERTEX_POINT('',#2663);
#2663 = CARTESIAN_POINT('',(143.38004278537,-131.4806641024,
    206.65198884878));
#2664 = ELLIPSE('',#2665,1.242169498499,1.2);
#2665 = AXIS2_PLACEMENT_3D('',#2666,#2667,#2668);
#2666 = CARTESIAN_POINT('',(144.,-131.5,207.72820323027));
#2667 = DIRECTION('',(-0.864338887279,6.237828615518E-02,0.499026289241)
  );
#2668 = DIRECTION('',(0.5,4.406197628981E-16,0.866025403784));
#2669 = ORIENTED_EDGE('',*,*,#2670,.F.);
#2670 = EDGE_CURVE('',#2620,#2662,#2671,.T.);
#2671 = ELLIPSE('',#2672,1.242169498499,1.2);
#2672 = AXIS2_PLACEMENT_3D('',#2673,#2674,#2675);
#2673 = CARTESIAN_POINT('',(144.,-131.5,207.72820323027));
#2674 = DIRECTION('',(-0.864338887279,6.237828615518E-02,0.499026289241)
  );
#2675 = DIRECTION('',(0.5,4.406197628981E-16,0.866025403784));
#2676 = CYLINDRICAL_SURFACE('',#2677,1.2);
#2677 = AXIS2_PLACEMENT_3D('',#2678,#2679,#2680);
#2678 = CARTESIAN_POINT('',(146.92820323027,-131.75,204.8));
#2679 = DIRECTION('',(-0.70582173878,6.026065160727E-02,0.70582173878));
#2680 = DIRECTION('',(0.707106781187,0.,0.707106781187));
#2681 = ADVANCED_FACE('',(#2682),#2687,.F.);
#2682 = FACE_BOUND('',#2683,.F.);
#2683 = EDGE_LOOP('',(#2684,#2685,#2686));
#2684 = ORIENTED_EDGE('',*,*,#2644,.T.);
#2685 = ORIENTED_EDGE('',*,*,#2636,.T.);
#2686 = ORIENTED_EDGE('',*,*,#2603,.T.);
#2687 = PLANE('',#2688);
#2688 = AXIS2_PLACEMENT_3D('',#2689,#2690,#2691);
#2689 = CARTESIAN_POINT('',(146.92820323027,-131.75,204.8));
#2690 = DIRECTION('',(-0.70582173878,6.026065160727E-02,0.70582173878));
#2691 = DIRECTION('',(0.707106781187,0.,0.707106781187));
#2692 = ADVANCED_FACE('',(#2693),#2703,.T.);
#2693 = FACE_BOUND('',#2694,.T.);
#2694 = EDGE_LOOP('',(#2695,#2696,#2697));
#2695 = ORIENTED_EDGE('',*,*,#2652,.T.);
#2696 = ORIENTED_EDGE('',*,*,#2617,.T.);
#2697 = ORIENTED_EDGE('',*,*,#2698,.T.);
#2698 = EDGE_CURVE('',#2620,#2653,#2699,.T.);
#2699 = LINE('',#2700,#2701);
#2700 = CARTESIAN_POINT('',(144.,-131.5,207.72820323027));
#2701 = VECTOR('',#2702,1.);
#2702 = DIRECTION('',(-5.402118045492E-02,-0.998052578483,
    3.118914307759E-02));
#2703 = PLANE('',#2704);
#2704 = AXIS2_PLACEMENT_3D('',#2705,#2706,#2707);
#2705 = CARTESIAN_POINT('',(144.,-131.5,207.72820323027));
#2706 = DIRECTION('',(-0.70582173878,6.026065160727E-02,0.70582173878));
#2707 = DIRECTION('',(0.707106781187,0.,0.707106781187));
#2708 = ADVANCED_FACE('',(#2709),#2763,.T.);
#2709 = FACE_BOUND('',#2710,.T.);
#2710 = EDGE_LOOP('',(#2711,#2712,#2720,#2729,#2738,#2747,#2754,#2755,
    #2756));
#2711 = ORIENTED_EDGE('',*,*,#2670,.T.);
#2712 = ORIENTED_EDGE('',*,*,#2713,.T.);
#2713 = EDGE_CURVE('',#2662,#2714,#2716,.T.);
#2714 = VERTEX_POINT('',#2715);
#2715 = CARTESIAN_POINT('',(139.99879150642,-131.2693358975,
    207.55799239838));
#2716 = LINE('',#2717,#2718);
#2717 = CARTESIAN_POINT('',(143.68941714587,-131.5,206.56909223872));
#2718 = VECTOR('',#2719,1.);
#2719 = DIRECTION('',(-0.964170425716,6.026065160727E-02,0.258348686937)
  );
#2720 = ORIENTED_EDGE('',*,*,#2721,.F.);
#2721 = EDGE_CURVE('',#2722,#2714,#2724,.T.);
#2722 = VERTEX_POINT('',#2723);
#2723 = CARTESIAN_POINT('',(140.00120849358,-131.2306641024,
    207.55799239838));
#2724 = ELLIPSE('',#2725,1.242169498499,1.2);
#2725 = AXIS2_PLACEMENT_3D('',#2726,#2727,#2728);
#2726 = CARTESIAN_POINT('',(140.,-131.25,208.8));
#2727 = DIRECTION('',(-0.998052578483,6.237828615518E-02,0.));
#2728 = DIRECTION('',(0.,0.,1.));
#2729 = ORIENTED_EDGE('',*,*,#2730,.F.);
#2730 = EDGE_CURVE('',#2731,#2722,#2733,.T.);
#2731 = VERTEX_POINT('',#2732);
#2732 = CARTESIAN_POINT('',(140.07485394338,-130.0523369058,208.8));
#2733 = ELLIPSE('',#2734,1.242169498499,1.2);
#2734 = AXIS2_PLACEMENT_3D('',#2735,#2736,#2737);
#2735 = CARTESIAN_POINT('',(140.,-131.25,208.8));
#2736 = DIRECTION('',(-0.998052578483,6.237828615518E-02,0.));
#2737 = DIRECTION('',(0.,0.,1.));
#2738 = ORIENTED_EDGE('',*,*,#2739,.F.);
#2739 = EDGE_CURVE('',#2740,#2731,#2742,.T.);
#2740 = VERTEX_POINT('',#2741);
#2741 = CARTESIAN_POINT('',(139.92514605661,-132.4476630941,208.8));
#2742 = CIRCLE('',#2743,1.2);
#2743 = AXIS2_PLACEMENT_3D('',#2744,#2745,#2746);
#2744 = CARTESIAN_POINT('',(140.,-131.25,208.8));
#2745 = DIRECTION('',(-0.964170425716,6.026065160727E-02,0.258348686937)
  );
#2746 = DIRECTION('',(-0.258819045103,1.734723475977E-18,-0.965925826289
    ));
#2747 = ORIENTED_EDGE('',*,*,#2748,.F.);
#2748 = EDGE_CURVE('',#2714,#2740,#2749,.T.);
#2749 = ELLIPSE('',#2750,1.242169498499,1.2);
#2750 = AXIS2_PLACEMENT_3D('',#2751,#2752,#2753);
#2751 = CARTESIAN_POINT('',(140.,-131.25,208.8));
#2752 = DIRECTION('',(-0.998052578483,6.237828615518E-02,0.));
#2753 = DIRECTION('',(0.,0.,1.));
#2754 = ORIENTED_EDGE('',*,*,#2713,.F.);
#2755 = ORIENTED_EDGE('',*,*,#2661,.T.);
#2756 = ORIENTED_EDGE('',*,*,#2757,.T.);
#2757 = EDGE_CURVE('',#2653,#2620,#2758,.T.);
#2758 = CIRCLE('',#2759,1.2);
#2759 = AXIS2_PLACEMENT_3D('',#2760,#2761,#2762);
#2760 = CARTESIAN_POINT('',(144.,-131.5,207.72820323027));
#2761 = DIRECTION('',(-0.964170425716,6.026065160727E-02,0.258348686937)
  );
#2762 = DIRECTION('',(-0.258819045103,1.734723475977E-18,-0.965925826289
    ));
#2763 = CYLINDRICAL_SURFACE('',#2764,1.2);
#2764 = AXIS2_PLACEMENT_3D('',#2765,#2766,#2767);
#2765 = CARTESIAN_POINT('',(144.,-131.5,207.72820323027));
#2766 = DIRECTION('',(-0.964170425716,6.026065160727E-02,0.258348686937)
  );
#2767 = DIRECTION('',(-0.258819045103,-1.734723475977E-18,
    -0.965925826289));
#2768 = ADVANCED_FACE('',(#2769),#2773,.F.);
#2769 = FACE_BOUND('',#2770,.F.);
#2770 = EDGE_LOOP('',(#2771,#2772));
#2771 = ORIENTED_EDGE('',*,*,#2698,.T.);
#2772 = ORIENTED_EDGE('',*,*,#2757,.T.);
#2773 = PLANE('',#2774);
#2774 = AXIS2_PLACEMENT_3D('',#2775,#2776,#2777);
#2775 = CARTESIAN_POINT('',(144.,-131.5,207.72820323027));
#2776 = DIRECTION('',(-0.964170425716,6.026065160727E-02,0.258348686937)
  );
#2777 = DIRECTION('',(-0.258819045103,-1.734723475977E-18,
    -0.965925826289));
#2778 = ADVANCED_FACE('',(#2779),#2825,.T.);
#2779 = FACE_BOUND('',#2780,.T.);
#2780 = EDGE_LOOP('',(#2781,#2782,#2790,#2799,#2808,#2815,#2816,#2817,
    #2818));
#2781 = ORIENTED_EDGE('',*,*,#2730,.T.);
#2782 = ORIENTED_EDGE('',*,*,#2783,.T.);
#2783 = EDGE_CURVE('',#2722,#2784,#2786,.T.);
#2784 = VERTEX_POINT('',#2785);
#2785 = CARTESIAN_POINT('',(136.61995721464,-131.0193358975,
    206.65198884879));
#2786 = LINE('',#2787,#2788);
#2787 = CARTESIAN_POINT('',(140.31058285412,-131.25,207.64088900845));
#2788 = VECTOR('',#2789,1.);
#2789 = DIRECTION('',(-0.964170425716,6.026065160727E-02,-0.258348686937
    ));
#2790 = ORIENTED_EDGE('',*,*,#2791,.F.);
#2791 = EDGE_CURVE('',#2792,#2784,#2794,.T.);
#2792 = VERTEX_POINT('',#2793);
#2793 = CARTESIAN_POINT('',(136.06482541654,-129.8023369058,
    207.76563020196));
#2794 = ELLIPSE('',#2795,1.242169498499,1.2);
#2795 = AXIS2_PLACEMENT_3D('',#2796,#2797,#2798);
#2796 = CARTESIAN_POINT('',(136.,-131.,207.72820323027));
#2797 = DIRECTION('',(-0.864338887279,6.237828615518E-02,-0.499026289241
    ));
#2798 = DIRECTION('',(-0.5,-4.406197628981E-16,0.866025403784));
#2799 = ORIENTED_EDGE('',*,*,#2800,.F.);
#2800 = EDGE_CURVE('',#2801,#2792,#2803,.T.);
#2801 = VERTEX_POINT('',#2802);
#2802 = CARTESIAN_POINT('',(135.93517458345,-132.1976630941,
    207.69077625858));
#2803 = CIRCLE('',#2804,1.2);
#2804 = AXIS2_PLACEMENT_3D('',#2805,#2806,#2807);
#2805 = CARTESIAN_POINT('',(136.,-131.,207.72820323027));
#2806 = DIRECTION('',(-0.964170425716,6.026065160727E-02,-0.258348686937
    ));
#2807 = DIRECTION('',(0.258819045103,-1.734723475977E-18,-0.965925826289
    ));
#2808 = ORIENTED_EDGE('',*,*,#2809,.F.);
#2809 = EDGE_CURVE('',#2784,#2801,#2810,.T.);
#2810 = ELLIPSE('',#2811,1.242169498499,1.2);
#2811 = AXIS2_PLACEMENT_3D('',#2812,#2813,#2814);
#2812 = CARTESIAN_POINT('',(136.,-131.,207.72820323027));
#2813 = DIRECTION('',(-0.864338887279,6.237828615518E-02,-0.499026289241
    ));
#2814 = DIRECTION('',(-0.5,-4.406197628981E-16,0.866025403784));
#2815 = ORIENTED_EDGE('',*,*,#2783,.F.);
#2816 = ORIENTED_EDGE('',*,*,#2721,.T.);
#2817 = ORIENTED_EDGE('',*,*,#2748,.T.);
#2818 = ORIENTED_EDGE('',*,*,#2819,.T.);
#2819 = EDGE_CURVE('',#2740,#2731,#2820,.T.);
#2820 = CIRCLE('',#2821,1.2);
#2821 = AXIS2_PLACEMENT_3D('',#2822,#2823,#2824);
#2822 = CARTESIAN_POINT('',(140.,-131.25,208.8));
#2823 = DIRECTION('',(-0.964170425716,6.026065160727E-02,-0.258348686937
    ));
#2824 = DIRECTION('',(0.258819045103,-1.734723475977E-18,-0.965925826289
    ));
#2825 = CYLINDRICAL_SURFACE('',#2826,1.2);
#2826 = AXIS2_PLACEMENT_3D('',#2827,#2828,#2829);
#2827 = CARTESIAN_POINT('',(140.,-131.25,208.8));
#2828 = DIRECTION('',(-0.964170425716,6.026065160727E-02,-0.258348686937
    ));
#2829 = DIRECTION('',(0.258819045103,1.734723475977E-18,-0.965925826289)
  );
#2830 = ADVANCED_FACE('',(#2831),#2840,.T.);
#2831 = FACE_BOUND('',#2832,.T.);
#2832 = EDGE_LOOP('',(#2833,#2839));
#2833 = ORIENTED_EDGE('',*,*,#2834,.T.);
#2834 = EDGE_CURVE('',#2731,#2740,#2835,.T.);
#2835 = LINE('',#2836,#2837);
#2836 = CARTESIAN_POINT('',(140.,-131.25,208.8));
#2837 = VECTOR('',#2838,1.);
#2838 = DIRECTION('',(-6.237828615518E-02,-0.998052578483,0.));
#2839 = ORIENTED_EDGE('',*,*,#2739,.T.);
#2840 = PLANE('',#2841);
#2841 = AXIS2_PLACEMENT_3D('',#2842,#2843,#2844);
#2842 = CARTESIAN_POINT('',(140.,-131.25,208.8));
#2843 = DIRECTION('',(-0.964170425716,6.026065160727E-02,0.258348686937)
  );
#2844 = DIRECTION('',(-0.258819045103,-1.734723475977E-18,
    -0.965925826289));
#2845 = ADVANCED_FACE('',(#2846),#2850,.F.);
#2846 = FACE_BOUND('',#2847,.F.);
#2847 = EDGE_LOOP('',(#2848,#2849));
#2848 = ORIENTED_EDGE('',*,*,#2834,.T.);
#2849 = ORIENTED_EDGE('',*,*,#2819,.T.);
#2850 = PLANE('',#2851);
#2851 = AXIS2_PLACEMENT_3D('',#2852,#2853,#2854);
#2852 = CARTESIAN_POINT('',(140.,-131.25,208.8));
#2853 = DIRECTION('',(-0.964170425716,6.026065160727E-02,-0.258348686937
    ));
#2854 = DIRECTION('',(0.258819045103,1.734723475977E-18,-0.965925826289)
  );
#2855 = ADVANCED_FACE('',(#2856),#2910,.T.);
#2856 = FACE_BOUND('',#2857,.T.);
#2857 = EDGE_LOOP('',(#2858,#2869,#2877,#2884,#2885,#2886,#2893,#2894,
    #2903));
#2858 = ORIENTED_EDGE('',*,*,#2859,.F.);
#2859 = EDGE_CURVE('',#2860,#2862,#2864,.T.);
#2860 = VERTEX_POINT('',#2861);
#2861 = CARTESIAN_POINT('',(132.2232686323,-130.75,205.64852813742));
#2862 = VERTEX_POINT('',#2863);
#2863 = CARTESIAN_POINT('',(133.10922374141,-129.5523369058,
    204.86482541654));
#2864 = CIRCLE('',#2865,1.2);
#2865 = AXIS2_PLACEMENT_3D('',#2866,#2867,#2868);
#2866 = CARTESIAN_POINT('',(133.07179676972,-130.75,204.8));
#2867 = DIRECTION('',(-0.70582173878,6.026065160727E-02,-0.70582173878)
  );
#2868 = DIRECTION('',(-0.707106781187,0.,0.707106781187));
#2869 = ORIENTED_EDGE('',*,*,#2870,.F.);
#2870 = EDGE_CURVE('',#2871,#2860,#2873,.T.);
#2871 = VERTEX_POINT('',#2872);
#2872 = CARTESIAN_POINT('',(135.15147186257,-131.,208.57673136769));
#2873 = LINE('',#2874,#2875);
#2874 = CARTESIAN_POINT('',(135.15147186257,-131.,208.57673136769));
#2875 = VECTOR('',#2876,1.);
#2876 = DIRECTION('',(-0.70582173878,6.026065160727E-02,-0.70582173878)
  );
#2877 = ORIENTED_EDGE('',*,*,#2878,.T.);
#2878 = EDGE_CURVE('',#2871,#2792,#2879,.T.);
#2879 = CIRCLE('',#2880,1.2);
#2880 = AXIS2_PLACEMENT_3D('',#2881,#2882,#2883);
#2881 = CARTESIAN_POINT('',(136.,-131.,207.72820323027));
#2882 = DIRECTION('',(-0.70582173878,6.026065160727E-02,-0.70582173878)
  );
#2883 = DIRECTION('',(-0.707106781187,0.,0.707106781187));
#2884 = ORIENTED_EDGE('',*,*,#2791,.T.);
#2885 = ORIENTED_EDGE('',*,*,#2809,.T.);
#2886 = ORIENTED_EDGE('',*,*,#2887,.T.);
#2887 = EDGE_CURVE('',#2801,#2871,#2888,.T.);
#2888 = CIRCLE('',#2889,1.2);
#2889 = AXIS2_PLACEMENT_3D('',#2890,#2891,#2892);
#2890 = CARTESIAN_POINT('',(136.,-131.,207.72820323027));
#2891 = DIRECTION('',(-0.70582173878,6.026065160727E-02,-0.70582173878)
  );
#2892 = DIRECTION('',(-0.707106781187,0.,0.707106781187));
#2893 = ORIENTED_EDGE('',*,*,#2870,.T.);
#2894 = ORIENTED_EDGE('',*,*,#2895,.F.);
#2895 = EDGE_CURVE('',#2896,#2860,#2898,.T.);
#2896 = VERTEX_POINT('',#2897);
#2897 = CARTESIAN_POINT('',(133.03436979803,-131.9476630941,
    204.73517458345));
#2898 = CIRCLE('',#2899,1.2);
#2899 = AXIS2_PLACEMENT_3D('',#2900,#2901,#2902);
#2900 = CARTESIAN_POINT('',(133.07179676972,-130.75,204.8));
#2901 = DIRECTION('',(-0.70582173878,6.026065160727E-02,-0.70582173878)
  );
#2902 = DIRECTION('',(-0.707106781187,0.,0.707106781187));
#2903 = ORIENTED_EDGE('',*,*,#2904,.F.);
#2904 = EDGE_CURVE('',#2862,#2896,#2905,.T.);
#2905 = ELLIPSE('',#2906,1.242169498499,1.2);
#2906 = AXIS2_PLACEMENT_3D('',#2907,#2908,#2909);
#2907 = CARTESIAN_POINT('',(133.07179676972,-130.75,204.8));
#2908 = DIRECTION('',(-0.499026289241,6.237828615518E-02,-0.864338887279
    ));
#2909 = DIRECTION('',(-0.866025403784,-3.400058012915E-16,0.5));
#2910 = CYLINDRICAL_SURFACE('',#2911,1.2);
#2911 = AXIS2_PLACEMENT_3D('',#2912,#2913,#2914);
#2912 = CARTESIAN_POINT('',(136.,-131.,207.72820323027));
#2913 = DIRECTION('',(-0.70582173878,6.026065160727E-02,-0.70582173878)
  );
#2914 = DIRECTION('',(-0.707106781187,0.,0.707106781187));
#2915 = ADVANCED_FACE('',(#2916),#2925,.T.);
#2916 = FACE_BOUND('',#2917,.T.);
#2917 = EDGE_LOOP('',(#2918,#2924));
#2918 = ORIENTED_EDGE('',*,*,#2919,.T.);
#2919 = EDGE_CURVE('',#2792,#2801,#2920,.T.);
#2920 = LINE('',#2921,#2922);
#2921 = CARTESIAN_POINT('',(136.,-131.,207.72820323027));
#2922 = VECTOR('',#2923,1.);
#2923 = DIRECTION('',(-5.402118045492E-02,-0.998052578483,
    -3.118914307759E-02));
#2924 = ORIENTED_EDGE('',*,*,#2800,.T.);
#2925 = PLANE('',#2926);
#2926 = AXIS2_PLACEMENT_3D('',#2927,#2928,#2929);
#2927 = CARTESIAN_POINT('',(136.,-131.,207.72820323027));
#2928 = DIRECTION('',(-0.964170425716,6.026065160727E-02,-0.258348686937
    ));
#2929 = DIRECTION('',(0.258819045103,1.734723475977E-18,-0.965925826289)
  );
#2930 = ADVANCED_FACE('',(#2931),#2941,.T.);
#2931 = FACE_BOUND('',#2932,.T.);
#2932 = EDGE_LOOP('',(#2933,#2934,#2935));
#2933 = ORIENTED_EDGE('',*,*,#2895,.T.);
#2934 = ORIENTED_EDGE('',*,*,#2859,.T.);
#2935 = ORIENTED_EDGE('',*,*,#2936,.T.);
#2936 = EDGE_CURVE('',#2862,#2896,#2937,.T.);
#2937 = LINE('',#2938,#2939);
#2938 = CARTESIAN_POINT('',(133.07179676972,-130.75,204.8));
#2939 = VECTOR('',#2940,1.);
#2940 = DIRECTION('',(-3.118914307759E-02,-0.998052578483,
    -5.402118045492E-02));
#2941 = PLANE('',#2942);
#2942 = AXIS2_PLACEMENT_3D('',#2943,#2944,#2945);
#2943 = CARTESIAN_POINT('',(133.07179676972,-130.75,204.8));
#2944 = DIRECTION('',(-0.70582173878,6.026065160727E-02,-0.70582173878)
  );
#2945 = DIRECTION('',(-0.707106781187,0.,0.707106781187));
#2946 = ADVANCED_FACE('',(#2947),#3000,.T.);
#2947 = FACE_BOUND('',#2948,.T.);
#2948 = EDGE_LOOP('',(#2949,#2960,#2968,#2975,#2976,#2983,#2984,#2993));
#2949 = ORIENTED_EDGE('',*,*,#2950,.F.);
#2950 = EDGE_CURVE('',#2951,#2953,#2955,.T.);
#2951 = VERTEX_POINT('',#2952);
#2952 = CARTESIAN_POINT('',(130.84088900845,-130.5,201.11058285412));
#2953 = VERTEX_POINT('',#2954);
#2954 = CARTESIAN_POINT('',(132.,-129.3023369058,200.87485394338));
#2955 = CIRCLE('',#2956,1.2);
#2956 = AXIS2_PLACEMENT_3D('',#2957,#2958,#2959);
#2957 = CARTESIAN_POINT('',(132.,-130.5,200.8));
#2958 = DIRECTION('',(-0.258348686937,6.026065160727E-02,-0.964170425716
    ));
#2959 = DIRECTION('',(-0.965925826289,1.734723475977E-18,0.258819045103)
  );
#2960 = ORIENTED_EDGE('',*,*,#2961,.F.);
#2961 = EDGE_CURVE('',#2962,#2951,#2964,.T.);
#2962 = VERTEX_POINT('',#2963);
#2963 = CARTESIAN_POINT('',(131.91268577817,-130.75,205.11058285412));
#2964 = LINE('',#2965,#2966);
#2965 = CARTESIAN_POINT('',(131.91268577817,-130.75,205.11058285412));
#2966 = VECTOR('',#2967,1.);
#2967 = DIRECTION('',(-0.258348686937,6.026065160727E-02,-0.964170425716
    ));
#2968 = ORIENTED_EDGE('',*,*,#2969,.T.);
#2969 = EDGE_CURVE('',#2962,#2862,#2970,.T.);
#2970 = CIRCLE('',#2971,1.2);
#2971 = AXIS2_PLACEMENT_3D('',#2972,#2973,#2974);
#2972 = CARTESIAN_POINT('',(133.07179676972,-130.75,204.8));
#2973 = DIRECTION('',(-0.258348686937,6.026065160727E-02,-0.964170425716
    ));
#2974 = DIRECTION('',(-0.965925826289,1.734723475977E-18,0.258819045103)
  );
#2975 = ORIENTED_EDGE('',*,*,#2904,.T.);
#2976 = ORIENTED_EDGE('',*,*,#2977,.T.);
#2977 = EDGE_CURVE('',#2896,#2962,#2978,.T.);
#2978 = CIRCLE('',#2979,1.2);
#2979 = AXIS2_PLACEMENT_3D('',#2980,#2981,#2982);
#2980 = CARTESIAN_POINT('',(133.07179676972,-130.75,204.8));
#2981 = DIRECTION('',(-0.258348686937,6.026065160727E-02,-0.964170425716
    ));
#2982 = DIRECTION('',(-0.965925826289,1.734723475977E-18,0.258819045103)
  );
#2983 = ORIENTED_EDGE('',*,*,#2961,.T.);
#2984 = ORIENTED_EDGE('',*,*,#2985,.F.);
#2985 = EDGE_CURVE('',#2986,#2951,#2988,.T.);
#2986 = VERTEX_POINT('',#2987);
#2987 = CARTESIAN_POINT('',(132.,-131.6976630941,200.72514605661));
#2988 = CIRCLE('',#2989,1.2);
#2989 = AXIS2_PLACEMENT_3D('',#2990,#2991,#2992);
#2990 = CARTESIAN_POINT('',(132.,-130.5,200.8));
#2991 = DIRECTION('',(-0.258348686937,6.026065160727E-02,-0.964170425716
    ));
#2992 = DIRECTION('',(-0.965925826289,1.734723475977E-18,0.258819045103)
  );
#2993 = ORIENTED_EDGE('',*,*,#2994,.F.);
#2994 = EDGE_CURVE('',#2953,#2986,#2995,.T.);
#2995 = ELLIPSE('',#2996,1.242169498499,1.2);
#2996 = AXIS2_PLACEMENT_3D('',#2997,#2998,#2999);
#2997 = CARTESIAN_POINT('',(132.,-130.5,200.8));
#2998 = DIRECTION('',(-5.11E-15,6.237828615518E-02,-0.998052578483));
#2999 = DIRECTION('',(-1.,1.340390926619E-15,5.203745174102E-15));
#3000 = CYLINDRICAL_SURFACE('',#3001,1.2);
#3001 = AXIS2_PLACEMENT_3D('',#3002,#3003,#3004);
#3002 = CARTESIAN_POINT('',(133.07179676972,-130.75,204.8));
#3003 = DIRECTION('',(-0.258348686937,6.026065160727E-02,-0.964170425716
    ));
#3004 = DIRECTION('',(-0.965925826289,1.734723475977E-18,0.258819045103)
  );
#3005 = ADVANCED_FACE('',(#3006),#3011,.F.);
#3006 = FACE_BOUND('',#3007,.F.);
#3007 = EDGE_LOOP('',(#3008,#3009,#3010));
#3008 = ORIENTED_EDGE('',*,*,#2887,.T.);
#3009 = ORIENTED_EDGE('',*,*,#2878,.T.);
#3010 = ORIENTED_EDGE('',*,*,#2919,.T.);
#3011 = PLANE('',#3012);
#3012 = AXIS2_PLACEMENT_3D('',#3013,#3014,#3015);
#3013 = CARTESIAN_POINT('',(136.,-131.,207.72820323027));
#3014 = DIRECTION('',(-0.70582173878,6.026065160727E-02,-0.70582173878)
  );
#3015 = DIRECTION('',(-0.707106781187,0.,0.707106781187));
#3016 = ADVANCED_FACE('',(#3017),#3022,.F.);
#3017 = FACE_BOUND('',#3018,.F.);
#3018 = EDGE_LOOP('',(#3019,#3020,#3021));
#3019 = ORIENTED_EDGE('',*,*,#2977,.T.);
#3020 = ORIENTED_EDGE('',*,*,#2969,.T.);
#3021 = ORIENTED_EDGE('',*,*,#2936,.T.);
#3022 = PLANE('',#3023);
#3023 = AXIS2_PLACEMENT_3D('',#3024,#3025,#3026);
#3024 = CARTESIAN_POINT('',(133.07179676972,-130.75,204.8));
#3025 = DIRECTION('',(-0.258348686937,6.026065160727E-02,-0.964170425716
    ));
#3026 = DIRECTION('',(-0.965925826289,1.734723475977E-18,0.258819045103)
  );
#3027 = ADVANCED_FACE('',(#3028),#3038,.T.);
#3028 = FACE_BOUND('',#3029,.T.);
#3029 = EDGE_LOOP('',(#3030,#3031,#3032));
#3030 = ORIENTED_EDGE('',*,*,#2985,.T.);
#3031 = ORIENTED_EDGE('',*,*,#2950,.T.);
#3032 = ORIENTED_EDGE('',*,*,#3033,.T.);
#3033 = EDGE_CURVE('',#2953,#2986,#3034,.T.);
#3034 = LINE('',#3035,#3036);
#3035 = CARTESIAN_POINT('',(132.,-130.5,200.8));
#3036 = VECTOR('',#3037,1.);
#3037 = DIRECTION('',(-1.67E-15,-0.998052578483,-6.237828615518E-02));
#3038 = PLANE('',#3039);
#3039 = AXIS2_PLACEMENT_3D('',#3040,#3041,#3042);
#3040 = CARTESIAN_POINT('',(132.,-130.5,200.8));
#3041 = DIRECTION('',(-0.258348686937,6.026065160727E-02,-0.964170425716
    ));
#3042 = DIRECTION('',(-0.965925826289,1.734723475977E-18,0.258819045103)
  );
#3043 = ADVANCED_FACE('',(#3044),#3106,.T.);
#3044 = FACE_BOUND('',#3045,.T.);
#3045 = EDGE_LOOP('',(#3046,#3057,#3065,#3072,#3073,#3080,#3081,#3090,
    #3099));
#3046 = ORIENTED_EDGE('',*,*,#3047,.F.);
#3047 = EDGE_CURVE('',#3048,#3050,#3052,.T.);
#3048 = VERTEX_POINT('',#3049);
#3049 = CARTESIAN_POINT('',(131.91268577817,-130.25,196.48941714587));
#3050 = VERTEX_POINT('',#3051);
#3051 = CARTESIAN_POINT('',(133.03436979803,-129.0523369058,
    196.86482541654));
#3052 = CIRCLE('',#3053,1.2);
#3053 = AXIS2_PLACEMENT_3D('',#3054,#3055,#3056);
#3054 = CARTESIAN_POINT('',(133.07179676972,-130.25,196.8));
#3055 = DIRECTION('',(0.258348686937,6.026065160727E-02,-0.964170425716)
  );
#3056 = DIRECTION('',(-0.965925826289,0.,-0.258819045103));
#3057 = ORIENTED_EDGE('',*,*,#3058,.F.);
#3058 = EDGE_CURVE('',#3059,#3048,#3061,.T.);
#3059 = VERTEX_POINT('',#3060);
#3060 = CARTESIAN_POINT('',(130.84088900845,-130.5,200.48941714587));
#3061 = LINE('',#3062,#3063);
#3062 = CARTESIAN_POINT('',(130.84088900845,-130.5,200.48941714587));
#3063 = VECTOR('',#3064,1.);
#3064 = DIRECTION('',(0.258348686937,6.026065160727E-02,-0.964170425716)
  );
#3065 = ORIENTED_EDGE('',*,*,#3066,.T.);
#3066 = EDGE_CURVE('',#3059,#2953,#3067,.T.);
#3067 = CIRCLE('',#3068,1.2);
#3068 = AXIS2_PLACEMENT_3D('',#3069,#3070,#3071);
#3069 = CARTESIAN_POINT('',(132.,-130.5,200.8));
#3070 = DIRECTION('',(0.258348686937,6.026065160727E-02,-0.964170425716)
  );
#3071 = DIRECTION('',(-0.965925826289,0.,-0.258819045103));
#3072 = ORIENTED_EDGE('',*,*,#2994,.T.);
#3073 = ORIENTED_EDGE('',*,*,#3074,.T.);
#3074 = EDGE_CURVE('',#2986,#3059,#3075,.T.);
#3075 = CIRCLE('',#3076,1.2);
#3076 = AXIS2_PLACEMENT_3D('',#3077,#3078,#3079);
#3077 = CARTESIAN_POINT('',(132.,-130.5,200.8));
#3078 = DIRECTION('',(0.258348686937,6.026065160727E-02,-0.964170425716)
  );
#3079 = DIRECTION('',(-0.965925826289,0.,-0.258819045103));
#3080 = ORIENTED_EDGE('',*,*,#3058,.T.);
#3081 = ORIENTED_EDGE('',*,*,#3082,.F.);
#3082 = EDGE_CURVE('',#3083,#3048,#3085,.T.);
#3083 = VERTEX_POINT('',#3084);
#3084 = CARTESIAN_POINT('',(133.10922374141,-131.4476630941,
    196.73517458345));
#3085 = CIRCLE('',#3086,1.2);
#3086 = AXIS2_PLACEMENT_3D('',#3087,#3088,#3089);
#3087 = CARTESIAN_POINT('',(133.07179676972,-130.25,196.8));
#3088 = DIRECTION('',(0.258348686937,6.026065160727E-02,-0.964170425716)
  );
#3089 = DIRECTION('',(-0.965925826289,0.,-0.258819045103));
#3090 = ORIENTED_EDGE('',*,*,#3091,.F.);
#3091 = EDGE_CURVE('',#3092,#3083,#3094,.T.);
#3092 = VERTEX_POINT('',#3093);
#3093 = CARTESIAN_POINT('',(134.14680265761,-130.2306641024,
    197.42205038695));
#3094 = ELLIPSE('',#3095,1.242169498499,1.2);
#3095 = AXIS2_PLACEMENT_3D('',#3096,#3097,#3098);
#3096 = CARTESIAN_POINT('',(133.07179676972,-130.25,196.8));
#3097 = DIRECTION('',(0.499026289241,6.237828615518E-02,-0.864338887279)
  );
#3098 = DIRECTION('',(-0.866025403784,-4.440892098501E-16,-0.5));
#3099 = ORIENTED_EDGE('',*,*,#3100,.F.);
#3100 = EDGE_CURVE('',#3050,#3092,#3101,.T.);
#3101 = ELLIPSE('',#3102,1.242169498499,1.2);
#3102 = AXIS2_PLACEMENT_3D('',#3103,#3104,#3105);
#3103 = CARTESIAN_POINT('',(133.07179676972,-130.25,196.8));
#3104 = DIRECTION('',(0.499026289241,6.237828615518E-02,-0.864338887279)
  );
#3105 = DIRECTION('',(-0.866025403784,-4.440892098501E-16,-0.5));
#3106 = CYLINDRICAL_SURFACE('',#3107,1.2);
#3107 = AXIS2_PLACEMENT_3D('',#3108,#3109,#3110);
#3108 = CARTESIAN_POINT('',(132.,-130.5,200.8));
#3109 = DIRECTION('',(0.258348686937,6.026065160727E-02,-0.964170425716)
  );
#3110 = DIRECTION('',(-0.965925826289,0.,-0.258819045103));
#3111 = ADVANCED_FACE('',(#3112),#3117,.F.);
#3112 = FACE_BOUND('',#3113,.F.);
#3113 = EDGE_LOOP('',(#3114,#3115,#3116));
#3114 = ORIENTED_EDGE('',*,*,#3074,.T.);
#3115 = ORIENTED_EDGE('',*,*,#3066,.T.);
#3116 = ORIENTED_EDGE('',*,*,#3033,.T.);
#3117 = PLANE('',#3118);
#3118 = AXIS2_PLACEMENT_3D('',#3119,#3120,#3121);
#3119 = CARTESIAN_POINT('',(132.,-130.5,200.8));
#3120 = DIRECTION('',(0.258348686937,6.026065160727E-02,-0.964170425716)
  );
#3121 = DIRECTION('',(-0.965925826289,0.,-0.258819045103));
#3122 = ADVANCED_FACE('',(#3123),#3133,.T.);
#3123 = FACE_BOUND('',#3124,.T.);
#3124 = EDGE_LOOP('',(#3125,#3126,#3127));
#3125 = ORIENTED_EDGE('',*,*,#3082,.T.);
#3126 = ORIENTED_EDGE('',*,*,#3047,.T.);
#3127 = ORIENTED_EDGE('',*,*,#3128,.T.);
#3128 = EDGE_CURVE('',#3050,#3083,#3129,.T.);
#3129 = LINE('',#3130,#3131);
#3130 = CARTESIAN_POINT('',(133.07179676972,-130.25,196.8));
#3131 = VECTOR('',#3132,1.);
#3132 = DIRECTION('',(3.118914307759E-02,-0.998052578483,
    -5.402118045492E-02));
#3133 = PLANE('',#3134);
#3134 = AXIS2_PLACEMENT_3D('',#3135,#3136,#3137);
#3135 = CARTESIAN_POINT('',(133.07179676972,-130.25,196.8));
#3136 = DIRECTION('',(0.258348686937,6.026065160727E-02,-0.964170425716)
  );
#3137 = DIRECTION('',(-0.965925826289,0.,-0.258819045103));
#3138 = ADVANCED_FACE('',(#3139),#3193,.T.);
#3139 = FACE_BOUND('',#3140,.T.);
#3140 = EDGE_LOOP('',(#3141,#3142,#3150,#3159,#3168,#3177,#3184,#3185,
    #3186));
#3141 = ORIENTED_EDGE('',*,*,#3100,.T.);
#3142 = ORIENTED_EDGE('',*,*,#3143,.T.);
#3143 = EDGE_CURVE('',#3092,#3144,#3146,.T.);
#3144 = VERTEX_POINT('',#3145);
#3145 = CARTESIAN_POINT('',(136.62205038694,-130.0193358975,
    194.94680265762));
#3146 = LINE('',#3147,#3148);
#3147 = CARTESIAN_POINT('',(133.92032490714,-130.25,197.64852813742));
#3148 = VECTOR('',#3149,1.);
#3149 = DIRECTION('',(0.70582173878,6.026065160727E-02,-0.70582173878));
#3150 = ORIENTED_EDGE('',*,*,#3151,.F.);
#3151 = EDGE_CURVE('',#3152,#3144,#3154,.T.);
#3152 = VERTEX_POINT('',#3153);
#3153 = CARTESIAN_POINT('',(136.61995721464,-129.9806641024,
    194.94801115121));
#3154 = ELLIPSE('',#3155,1.242169498499,1.2);
#3155 = AXIS2_PLACEMENT_3D('',#3156,#3157,#3158);
#3156 = CARTESIAN_POINT('',(136.,-130.,193.87179676972));
#3157 = DIRECTION('',(0.864338887279,6.237828615518E-02,-0.499026289241)
  );
#3158 = DIRECTION('',(-0.5,-1.249000902703E-16,-0.866025403784));
#3159 = ORIENTED_EDGE('',*,*,#3160,.F.);
#3160 = EDGE_CURVE('',#3161,#3152,#3163,.T.);
#3161 = VERTEX_POINT('',#3162);
#3162 = CARTESIAN_POINT('',(135.93517458345,-128.8023369058,
    193.90922374141));
#3163 = ELLIPSE('',#3164,1.242169498499,1.2);
#3164 = AXIS2_PLACEMENT_3D('',#3165,#3166,#3167);
#3165 = CARTESIAN_POINT('',(136.,-130.,193.87179676972));
#3166 = DIRECTION('',(0.864338887279,6.237828615518E-02,-0.499026289241)
  );
#3167 = DIRECTION('',(-0.5,-1.249000902703E-16,-0.866025403784));
#3168 = ORIENTED_EDGE('',*,*,#3169,.F.);
#3169 = EDGE_CURVE('',#3170,#3161,#3172,.T.);
#3170 = VERTEX_POINT('',#3171);
#3171 = CARTESIAN_POINT('',(136.06482541654,-131.1976630941,
    193.83436979803));
#3172 = CIRCLE('',#3173,1.2);
#3173 = AXIS2_PLACEMENT_3D('',#3174,#3175,#3176);
#3174 = CARTESIAN_POINT('',(136.,-130.,193.87179676972));
#3175 = DIRECTION('',(0.70582173878,6.026065160727E-02,-0.70582173878));
#3176 = DIRECTION('',(0.707106781187,-1.387778780781E-17,0.707106781187)
  );
#3177 = ORIENTED_EDGE('',*,*,#3178,.F.);
#3178 = EDGE_CURVE('',#3144,#3170,#3179,.T.);
#3179 = ELLIPSE('',#3180,1.242169498499,1.2);
#3180 = AXIS2_PLACEMENT_3D('',#3181,#3182,#3183);
#3181 = CARTESIAN_POINT('',(136.,-130.,193.87179676972));
#3182 = DIRECTION('',(0.864338887279,6.237828615518E-02,-0.499026289241)
  );
#3183 = DIRECTION('',(-0.5,-1.249000902703E-16,-0.866025403784));
#3184 = ORIENTED_EDGE('',*,*,#3143,.F.);
#3185 = ORIENTED_EDGE('',*,*,#3091,.T.);
#3186 = ORIENTED_EDGE('',*,*,#3187,.T.);
#3187 = EDGE_CURVE('',#3083,#3050,#3188,.T.);
#3188 = CIRCLE('',#3189,1.2);
#3189 = AXIS2_PLACEMENT_3D('',#3190,#3191,#3192);
#3190 = CARTESIAN_POINT('',(133.07179676972,-130.25,196.8));
#3191 = DIRECTION('',(0.70582173878,6.026065160727E-02,-0.70582173878));
#3192 = DIRECTION('',(0.707106781187,-1.387778780781E-17,0.707106781187)
  );
#3193 = CYLINDRICAL_SURFACE('',#3194,1.2);
#3194 = AXIS2_PLACEMENT_3D('',#3195,#3196,#3197);
#3195 = CARTESIAN_POINT('',(133.07179676972,-130.25,196.8));
#3196 = DIRECTION('',(0.70582173878,6.026065160727E-02,-0.70582173878));
#3197 = DIRECTION('',(0.707106781187,-6.938893903907E-18,0.707106781187)
  );
#3198 = ADVANCED_FACE('',(#3199),#3203,.F.);
#3199 = FACE_BOUND('',#3200,.F.);
#3200 = EDGE_LOOP('',(#3201,#3202));
#3201 = ORIENTED_EDGE('',*,*,#3128,.T.);
#3202 = ORIENTED_EDGE('',*,*,#3187,.T.);
#3203 = PLANE('',#3204);
#3204 = AXIS2_PLACEMENT_3D('',#3205,#3206,#3207);
#3205 = CARTESIAN_POINT('',(133.07179676972,-130.25,196.8));
#3206 = DIRECTION('',(0.70582173878,6.026065160727E-02,-0.70582173878));
#3207 = DIRECTION('',(0.707106781187,-6.938893903907E-18,0.707106781187)
  );
#3208 = ADVANCED_FACE('',(#3209),#3264,.T.);
#3209 = FACE_BOUND('',#3210,.T.);
#3210 = EDGE_LOOP('',(#3211,#3212,#3220,#3229,#3238,#3247,#3254,#3255,
    #3256,#3257));
#3211 = ORIENTED_EDGE('',*,*,#3160,.T.);
#3212 = ORIENTED_EDGE('',*,*,#3213,.T.);
#3213 = EDGE_CURVE('',#3152,#3214,#3216,.T.);
#3214 = VERTEX_POINT('',#3215);
#3215 = CARTESIAN_POINT('',(140.00120849359,-129.7693358975,
    194.04200760161));
#3216 = LINE('',#3217,#3218);
#3217 = CARTESIAN_POINT('',(136.31058285412,-130.,195.03090776127));
#3218 = VECTOR('',#3219,1.);
#3219 = DIRECTION('',(0.964170425716,6.026065160727E-02,-0.258348686937)
  );
#3220 = ORIENTED_EDGE('',*,*,#3221,.F.);
#3221 = EDGE_CURVE('',#3222,#3214,#3224,.T.);
#3222 = VERTEX_POINT('',#3223);
#3223 = CARTESIAN_POINT('',(139.99879150641,-129.7306641024,
    194.04200760161));
#3224 = ELLIPSE('',#3225,1.242169498499,1.2);
#3225 = AXIS2_PLACEMENT_3D('',#3226,#3227,#3228);
#3226 = CARTESIAN_POINT('',(140.,-129.75,192.8));
#3227 = DIRECTION('',(0.998052578483,6.237828615518E-02,0.));
#3228 = DIRECTION('',(0.,0.,-1.));
#3229 = ORIENTED_EDGE('',*,*,#3230,.F.);
#3230 = EDGE_CURVE('',#3231,#3222,#3233,.T.);
#3231 = VERTEX_POINT('',#3232);
#3232 = CARTESIAN_POINT('',(139.92514605661,-128.5523369058,192.8));
#3233 = ELLIPSE('',#3234,1.242169498499,1.2);
#3234 = AXIS2_PLACEMENT_3D('',#3235,#3236,#3237);
#3235 = CARTESIAN_POINT('',(140.,-129.75,192.8));
#3236 = DIRECTION('',(0.998052578483,6.237828615518E-02,0.));
#3237 = DIRECTION('',(0.,0.,-1.));
#3238 = ORIENTED_EDGE('',*,*,#3239,.F.);
#3239 = EDGE_CURVE('',#3240,#3231,#3242,.T.);
#3240 = VERTEX_POINT('',#3241);
#3241 = CARTESIAN_POINT('',(140.07485394338,-130.9476630941,192.8));
#3242 = CIRCLE('',#3243,1.2);
#3243 = AXIS2_PLACEMENT_3D('',#3244,#3245,#3246);
#3244 = CARTESIAN_POINT('',(140.,-129.75,192.8));
#3245 = DIRECTION('',(0.964170425716,6.026065160727E-02,-0.258348686937)
  );
#3246 = DIRECTION('',(0.258819045103,1.734723475977E-18,0.965925826289)
  );
#3247 = ORIENTED_EDGE('',*,*,#3248,.F.);
#3248 = EDGE_CURVE('',#3214,#3240,#3249,.T.);
#3249 = ELLIPSE('',#3250,1.242169498499,1.2);
#3250 = AXIS2_PLACEMENT_3D('',#3251,#3252,#3253);
#3251 = CARTESIAN_POINT('',(140.,-129.75,192.8));
#3252 = DIRECTION('',(0.998052578483,6.237828615518E-02,0.));
#3253 = DIRECTION('',(0.,0.,-1.));
#3254 = ORIENTED_EDGE('',*,*,#3213,.F.);
#3255 = ORIENTED_EDGE('',*,*,#3151,.T.);
#3256 = ORIENTED_EDGE('',*,*,#3178,.T.);
#3257 = ORIENTED_EDGE('',*,*,#3258,.T.);
#3258 = EDGE_CURVE('',#3170,#3161,#3259,.T.);
#3259 = CIRCLE('',#3260,1.2);
#3260 = AXIS2_PLACEMENT_3D('',#3261,#3262,#3263);
#3261 = CARTESIAN_POINT('',(136.,-130.,193.87179676972));
#3262 = DIRECTION('',(0.964170425716,6.026065160727E-02,-0.258348686937)
  );
#3263 = DIRECTION('',(0.258819045103,1.734723475977E-18,0.965925826289)
  );
#3264 = CYLINDRICAL_SURFACE('',#3265,1.2);
#3265 = AXIS2_PLACEMENT_3D('',#3266,#3267,#3268);
#3266 = CARTESIAN_POINT('',(136.,-130.,193.87179676972));
#3267 = DIRECTION('',(0.964170425716,6.026065160727E-02,-0.258348686937)
  );
#3268 = DIRECTION('',(0.258819045103,-1.734723475977E-18,0.965925826289)
  );
#3269 = ADVANCED_FACE('',(#3270),#3279,.T.);
#3270 = FACE_BOUND('',#3271,.T.);
#3271 = EDGE_LOOP('',(#3272,#3278));
#3272 = ORIENTED_EDGE('',*,*,#3273,.T.);
#3273 = EDGE_CURVE('',#3161,#3170,#3274,.T.);
#3274 = LINE('',#3275,#3276);
#3275 = CARTESIAN_POINT('',(136.,-130.,193.87179676972));
#3276 = VECTOR('',#3277,1.);
#3277 = DIRECTION('',(5.402118045492E-02,-0.998052578483,
    -3.118914307759E-02));
#3278 = ORIENTED_EDGE('',*,*,#3169,.T.);
#3279 = PLANE('',#3280);
#3280 = AXIS2_PLACEMENT_3D('',#3281,#3282,#3283);
#3281 = CARTESIAN_POINT('',(136.,-130.,193.87179676972));
#3282 = DIRECTION('',(0.70582173878,6.026065160727E-02,-0.70582173878));
#3283 = DIRECTION('',(0.707106781187,-6.938893903907E-18,0.707106781187)
  );
#3284 = ADVANCED_FACE('',(#3285),#3289,.F.);
#3285 = FACE_BOUND('',#3286,.F.);
#3286 = EDGE_LOOP('',(#3287,#3288));
#3287 = ORIENTED_EDGE('',*,*,#3273,.T.);
#3288 = ORIENTED_EDGE('',*,*,#3258,.T.);
#3289 = PLANE('',#3290);
#3290 = AXIS2_PLACEMENT_3D('',#3291,#3292,#3293);
#3291 = CARTESIAN_POINT('',(136.,-130.,193.87179676972));
#3292 = DIRECTION('',(0.964170425716,6.026065160727E-02,-0.258348686937)
  );
#3293 = DIRECTION('',(0.258819045103,-1.734723475977E-18,0.965925826289)
  );
#3294 = ADVANCED_FACE('',(#3295),#3341,.T.);
#3295 = FACE_BOUND('',#3296,.T.);
#3296 = EDGE_LOOP('',(#3297,#3298,#3306,#3315,#3324,#3331,#3332,#3333,
    #3334));
#3297 = ORIENTED_EDGE('',*,*,#3230,.T.);
#3298 = ORIENTED_EDGE('',*,*,#3299,.T.);
#3299 = EDGE_CURVE('',#3222,#3300,#3302,.T.);
#3300 = VERTEX_POINT('',#3301);
#3301 = CARTESIAN_POINT('',(143.38004278534,-129.5193358975,
    194.9480111512));
#3302 = LINE('',#3303,#3304);
#3303 = CARTESIAN_POINT('',(139.68941714587,-129.75,193.95911099154));
#3304 = VECTOR('',#3305,1.);
#3305 = DIRECTION('',(0.964170425716,6.026065160727E-02,0.258348686937)
  );
#3306 = ORIENTED_EDGE('',*,*,#3307,.F.);
#3307 = EDGE_CURVE('',#3308,#3300,#3310,.T.);
#3308 = VERTEX_POINT('',#3309);
#3309 = CARTESIAN_POINT('',(143.93517458345,-128.3023369058,
    193.83436979803));
#3310 = ELLIPSE('',#3311,1.242169498499,1.2);
#3311 = AXIS2_PLACEMENT_3D('',#3312,#3313,#3314);
#3312 = CARTESIAN_POINT('',(144.,-129.5,193.87179676972));
#3313 = DIRECTION('',(0.864338887279,6.237828615518E-02,0.499026289241)
  );
#3314 = DIRECTION('',(0.5,-4.406197628981E-16,-0.866025403784));
#3315 = ORIENTED_EDGE('',*,*,#3316,.F.);
#3316 = EDGE_CURVE('',#3317,#3308,#3319,.T.);
#3317 = VERTEX_POINT('',#3318);
#3318 = CARTESIAN_POINT('',(144.06482541654,-130.6976630941,
    193.90922374141));
#3319 = CIRCLE('',#3320,1.2);
#3320 = AXIS2_PLACEMENT_3D('',#3321,#3322,#3323);
#3321 = CARTESIAN_POINT('',(144.,-129.5,193.87179676972));
#3322 = DIRECTION('',(0.964170425716,6.026065160727E-02,0.258348686937)
  );
#3323 = DIRECTION('',(-0.258819045103,-1.734723475977E-18,0.965925826289
    ));
#3324 = ORIENTED_EDGE('',*,*,#3325,.F.);
#3325 = EDGE_CURVE('',#3300,#3317,#3326,.T.);
#3326 = ELLIPSE('',#3327,1.242169498499,1.2);
#3327 = AXIS2_PLACEMENT_3D('',#3328,#3329,#3330);
#3328 = CARTESIAN_POINT('',(144.,-129.5,193.87179676972));
#3329 = DIRECTION('',(0.864338887279,6.237828615518E-02,0.499026289241)
  );
#3330 = DIRECTION('',(0.5,-4.406197628981E-16,-0.866025403784));
#3331 = ORIENTED_EDGE('',*,*,#3299,.F.);
#3332 = ORIENTED_EDGE('',*,*,#3221,.T.);
#3333 = ORIENTED_EDGE('',*,*,#3248,.T.);
#3334 = ORIENTED_EDGE('',*,*,#3335,.T.);
#3335 = EDGE_CURVE('',#3240,#3231,#3336,.T.);
#3336 = CIRCLE('',#3337,1.2);
#3337 = AXIS2_PLACEMENT_3D('',#3338,#3339,#3340);
#3338 = CARTESIAN_POINT('',(140.,-129.75,192.8));
#3339 = DIRECTION('',(0.964170425716,6.026065160727E-02,0.258348686937)
  );
#3340 = DIRECTION('',(-0.258819045103,-1.734723475977E-18,0.965925826289
    ));
#3341 = CYLINDRICAL_SURFACE('',#3342,1.2);
#3342 = AXIS2_PLACEMENT_3D('',#3343,#3344,#3345);
#3343 = CARTESIAN_POINT('',(140.,-129.75,192.8));
#3344 = DIRECTION('',(0.964170425716,6.026065160727E-02,0.258348686937)
  );
#3345 = DIRECTION('',(-0.258819045103,1.734723475977E-18,0.965925826289)
  );
#3346 = ADVANCED_FACE('',(#3347),#3356,.T.);
#3347 = FACE_BOUND('',#3348,.T.);
#3348 = EDGE_LOOP('',(#3349,#3355));
#3349 = ORIENTED_EDGE('',*,*,#3350,.T.);
#3350 = EDGE_CURVE('',#3231,#3240,#3351,.T.);
#3351 = LINE('',#3352,#3353);
#3352 = CARTESIAN_POINT('',(140.,-129.75,192.8));
#3353 = VECTOR('',#3354,1.);
#3354 = DIRECTION('',(6.237828615518E-02,-0.998052578483,0.));
#3355 = ORIENTED_EDGE('',*,*,#3239,.T.);
#3356 = PLANE('',#3357);
#3357 = AXIS2_PLACEMENT_3D('',#3358,#3359,#3360);
#3358 = CARTESIAN_POINT('',(140.,-129.75,192.8));
#3359 = DIRECTION('',(0.964170425716,6.026065160727E-02,-0.258348686937)
  );
#3360 = DIRECTION('',(0.258819045103,-1.734723475977E-18,0.965925826289)
  );
#3361 = ADVANCED_FACE('',(#3362),#3366,.F.);
#3362 = FACE_BOUND('',#3363,.F.);
#3363 = EDGE_LOOP('',(#3364,#3365));
#3364 = ORIENTED_EDGE('',*,*,#3350,.T.);
#3365 = ORIENTED_EDGE('',*,*,#3335,.T.);
#3366 = PLANE('',#3367);
#3367 = AXIS2_PLACEMENT_3D('',#3368,#3369,#3370);
#3368 = CARTESIAN_POINT('',(140.,-129.75,192.8));
#3369 = DIRECTION('',(0.964170425716,6.026065160727E-02,0.258348686937)
  );
#3370 = DIRECTION('',(-0.258819045103,1.734723475977E-18,0.965925826289)
  );
#3371 = ADVANCED_FACE('',(#3372),#3426,.T.);
#3372 = FACE_BOUND('',#3373,.T.);
#3373 = EDGE_LOOP('',(#3374,#3385,#3393,#3400,#3401,#3402,#3409,#3410,
    #3419));
#3374 = ORIENTED_EDGE('',*,*,#3375,.F.);
#3375 = EDGE_CURVE('',#3376,#3378,#3380,.T.);
#3376 = VERTEX_POINT('',#3377);
#3377 = CARTESIAN_POINT('',(147.77673136769,-129.25,195.95147186257));
#3378 = VERTEX_POINT('',#3379);
#3379 = CARTESIAN_POINT('',(146.89077625858,-128.0523369058,
    196.73517458345));
#3380 = CIRCLE('',#3381,1.2);
#3381 = AXIS2_PLACEMENT_3D('',#3382,#3383,#3384);
#3382 = CARTESIAN_POINT('',(146.92820323027,-129.25,196.8));
#3383 = DIRECTION('',(0.70582173878,6.026065160727E-02,0.70582173878));
#3384 = DIRECTION('',(0.707106781187,0.,-0.707106781187));
#3385 = ORIENTED_EDGE('',*,*,#3386,.F.);
#3386 = EDGE_CURVE('',#3387,#3376,#3389,.T.);
#3387 = VERTEX_POINT('',#3388);
#3388 = CARTESIAN_POINT('',(144.84852813742,-129.5,193.0232686323));
#3389 = LINE('',#3390,#3391);
#3390 = CARTESIAN_POINT('',(144.84852813742,-129.5,193.0232686323));
#3391 = VECTOR('',#3392,1.);
#3392 = DIRECTION('',(0.70582173878,6.026065160727E-02,0.70582173878));
#3393 = ORIENTED_EDGE('',*,*,#3394,.T.);
#3394 = EDGE_CURVE('',#3387,#3308,#3395,.T.);
#3395 = CIRCLE('',#3396,1.2);
#3396 = AXIS2_PLACEMENT_3D('',#3397,#3398,#3399);
#3397 = CARTESIAN_POINT('',(144.,-129.5,193.87179676972));
#3398 = DIRECTION('',(0.70582173878,6.026065160727E-02,0.70582173878));
#3399 = DIRECTION('',(0.707106781187,0.,-0.707106781187));
#3400 = ORIENTED_EDGE('',*,*,#3307,.T.);
#3401 = ORIENTED_EDGE('',*,*,#3325,.T.);
#3402 = ORIENTED_EDGE('',*,*,#3403,.T.);
#3403 = EDGE_CURVE('',#3317,#3387,#3404,.T.);
#3404 = CIRCLE('',#3405,1.2);
#3405 = AXIS2_PLACEMENT_3D('',#3406,#3407,#3408);
#3406 = CARTESIAN_POINT('',(144.,-129.5,193.87179676972));
#3407 = DIRECTION('',(0.70582173878,6.026065160727E-02,0.70582173878));
#3408 = DIRECTION('',(0.707106781187,0.,-0.707106781187));
#3409 = ORIENTED_EDGE('',*,*,#3386,.T.);
#3410 = ORIENTED_EDGE('',*,*,#3411,.F.);
#3411 = EDGE_CURVE('',#3412,#3376,#3414,.T.);
#3412 = VERTEX_POINT('',#3413);
#3413 = CARTESIAN_POINT('',(146.96563020196,-130.4476630941,
    196.86482541654));
#3414 = CIRCLE('',#3415,1.2);
#3415 = AXIS2_PLACEMENT_3D('',#3416,#3417,#3418);
#3416 = CARTESIAN_POINT('',(146.92820323027,-129.25,196.8));
#3417 = DIRECTION('',(0.70582173878,6.026065160727E-02,0.70582173878));
#3418 = DIRECTION('',(0.707106781187,0.,-0.707106781187));
#3419 = ORIENTED_EDGE('',*,*,#3420,.F.);
#3420 = EDGE_CURVE('',#3378,#3412,#3421,.T.);
#3421 = ELLIPSE('',#3422,1.242169498499,1.2);
#3422 = AXIS2_PLACEMENT_3D('',#3423,#3424,#3425);
#3423 = CARTESIAN_POINT('',(146.92820323027,-129.25,196.8));
#3424 = DIRECTION('',(0.499026289241,6.237828615518E-02,0.864338887279)
  );
#3425 = DIRECTION('',(0.866025403784,4.406197628981E-16,-0.5));
#3426 = CYLINDRICAL_SURFACE('',#3427,1.2);
#3427 = AXIS2_PLACEMENT_3D('',#3428,#3429,#3430);
#3428 = CARTESIAN_POINT('',(144.,-129.5,193.87179676972));
#3429 = DIRECTION('',(0.70582173878,6.026065160727E-02,0.70582173878));
#3430 = DIRECTION('',(0.707106781187,0.,-0.707106781187));
#3431 = ADVANCED_FACE('',(#3432),#3441,.T.);
#3432 = FACE_BOUND('',#3433,.T.);
#3433 = EDGE_LOOP('',(#3434,#3440));
#3434 = ORIENTED_EDGE('',*,*,#3435,.T.);
#3435 = EDGE_CURVE('',#3308,#3317,#3436,.T.);
#3436 = LINE('',#3437,#3438);
#3437 = CARTESIAN_POINT('',(144.,-129.5,193.87179676972));
#3438 = VECTOR('',#3439,1.);
#3439 = DIRECTION('',(5.402118045492E-02,-0.998052578483,
    3.118914307759E-02));
#3440 = ORIENTED_EDGE('',*,*,#3316,.T.);
#3441 = PLANE('',#3442);
#3442 = AXIS2_PLACEMENT_3D('',#3443,#3444,#3445);
#3443 = CARTESIAN_POINT('',(144.,-129.5,193.87179676972));
#3444 = DIRECTION('',(0.964170425716,6.026065160727E-02,0.258348686937)
  );
#3445 = DIRECTION('',(-0.258819045103,1.734723475977E-18,0.965925826289)
  );
#3446 = ADVANCED_FACE('',(#3447),#3457,.T.);
#3447 = FACE_BOUND('',#3448,.T.);
#3448 = EDGE_LOOP('',(#3449,#3450,#3451));
#3449 = ORIENTED_EDGE('',*,*,#3411,.T.);
#3450 = ORIENTED_EDGE('',*,*,#3375,.T.);
#3451 = ORIENTED_EDGE('',*,*,#3452,.T.);
#3452 = EDGE_CURVE('',#3378,#3412,#3453,.T.);
#3453 = LINE('',#3454,#3455);
#3454 = CARTESIAN_POINT('',(146.92820323027,-129.25,196.8));
#3455 = VECTOR('',#3456,1.);
#3456 = DIRECTION('',(3.118914307759E-02,-0.998052578483,
    5.402118045492E-02));
#3457 = PLANE('',#3458);
#3458 = AXIS2_PLACEMENT_3D('',#3459,#3460,#3461);
#3459 = CARTESIAN_POINT('',(146.92820323027,-129.25,196.8));
#3460 = DIRECTION('',(0.70582173878,6.026065160727E-02,0.70582173878));
#3461 = DIRECTION('',(0.707106781187,0.,-0.707106781187));
#3462 = ADVANCED_FACE('',(#3463),#3498,.T.);
#3463 = FACE_BOUND('',#3464,.T.);
#3464 = EDGE_LOOP('',(#3465,#3475,#3482,#3483,#3490,#3491));
#3465 = ORIENTED_EDGE('',*,*,#3466,.T.);
#3466 = EDGE_CURVE('',#3467,#3469,#3471,.T.);
#3467 = VERTEX_POINT('',#3468);
#3468 = CARTESIAN_POINT('',(148.08731422182,-129.25,196.48941714587));
#3469 = VERTEX_POINT('',#3470);
#3470 = CARTESIAN_POINT('',(149.15911099154,-129.,200.48941714587));
#3471 = LINE('',#3472,#3473);
#3472 = CARTESIAN_POINT('',(148.08731422182,-129.25,196.48941714587));
#3473 = VECTOR('',#3474,1.);
#3474 = DIRECTION('',(0.258348686937,6.026065160727E-02,0.964170425716)
  );
#3475 = ORIENTED_EDGE('',*,*,#3476,.F.);
#3476 = EDGE_CURVE('',#3469,#3469,#3477,.T.);
#3477 = CIRCLE('',#3478,1.2);
#3478 = AXIS2_PLACEMENT_3D('',#3479,#3480,#3481);
#3479 = CARTESIAN_POINT('',(148.,-129.,200.8));
#3480 = DIRECTION('',(0.258348686937,6.026065160727E-02,0.964170425716)
  );
#3481 = DIRECTION('',(0.965925826289,-1.734723475977E-18,-0.258819045103
    ));
#3482 = ORIENTED_EDGE('',*,*,#3466,.F.);
#3483 = ORIENTED_EDGE('',*,*,#3484,.T.);
#3484 = EDGE_CURVE('',#3467,#3378,#3485,.T.);
#3485 = CIRCLE('',#3486,1.2);
#3486 = AXIS2_PLACEMENT_3D('',#3487,#3488,#3489);
#3487 = CARTESIAN_POINT('',(146.92820323027,-129.25,196.8));
#3488 = DIRECTION('',(0.258348686937,6.026065160727E-02,0.964170425716)
  );
#3489 = DIRECTION('',(0.965925826289,-1.734723475977E-18,-0.258819045103
    ));
#3490 = ORIENTED_EDGE('',*,*,#3420,.T.);
#3491 = ORIENTED_EDGE('',*,*,#3492,.T.);
#3492 = EDGE_CURVE('',#3412,#3467,#3493,.T.);
#3493 = CIRCLE('',#3494,1.2);
#3494 = AXIS2_PLACEMENT_3D('',#3495,#3496,#3497);
#3495 = CARTESIAN_POINT('',(146.92820323027,-129.25,196.8));
#3496 = DIRECTION('',(0.258348686937,6.026065160727E-02,0.964170425716)
  );
#3497 = DIRECTION('',(0.965925826289,-1.734723475977E-18,-0.258819045103
    ));
#3498 = CYLINDRICAL_SURFACE('',#3499,1.2);
#3499 = AXIS2_PLACEMENT_3D('',#3500,#3501,#3502);
#3500 = CARTESIAN_POINT('',(146.92820323027,-129.25,196.8));
#3501 = DIRECTION('',(0.258348686937,6.026065160727E-02,0.964170425716)
  );
#3502 = DIRECTION('',(0.965925826289,1.734723475977E-18,-0.258819045103)
  );
#3503 = ADVANCED_FACE('',(#3504),#3509,.F.);
#3504 = FACE_BOUND('',#3505,.F.);
#3505 = EDGE_LOOP('',(#3506,#3507,#3508));
#3506 = ORIENTED_EDGE('',*,*,#3403,.T.);
#3507 = ORIENTED_EDGE('',*,*,#3394,.T.);
#3508 = ORIENTED_EDGE('',*,*,#3435,.T.);
#3509 = PLANE('',#3510);
#3510 = AXIS2_PLACEMENT_3D('',#3511,#3512,#3513);
#3511 = CARTESIAN_POINT('',(144.,-129.5,193.87179676972));
#3512 = DIRECTION('',(0.70582173878,6.026065160727E-02,0.70582173878));
#3513 = DIRECTION('',(0.707106781187,0.,-0.707106781187));
#3514 = ADVANCED_FACE('',(#3515),#3520,.F.);
#3515 = FACE_BOUND('',#3516,.F.);
#3516 = EDGE_LOOP('',(#3517,#3518,#3519));
#3517 = ORIENTED_EDGE('',*,*,#3492,.T.);
#3518 = ORIENTED_EDGE('',*,*,#3484,.T.);
#3519 = ORIENTED_EDGE('',*,*,#3452,.T.);
#3520 = PLANE('',#3521);
#3521 = AXIS2_PLACEMENT_3D('',#3522,#3523,#3524);
#3522 = CARTESIAN_POINT('',(146.92820323027,-129.25,196.8));
#3523 = DIRECTION('',(0.258348686937,6.026065160727E-02,0.964170425716)
  );
#3524 = DIRECTION('',(0.965925826289,1.734723475977E-18,-0.258819045103)
  );
#3525 = ADVANCED_FACE('',(#3526),#3529,.T.);
#3526 = FACE_BOUND('',#3527,.T.);
#3527 = EDGE_LOOP('',(#3528));
#3528 = ORIENTED_EDGE('',*,*,#3476,.T.);
#3529 = PLANE('',#3530);
#3530 = AXIS2_PLACEMENT_3D('',#3531,#3532,#3533);
#3531 = CARTESIAN_POINT('',(148.,-129.,200.8));
#3532 = DIRECTION('',(0.258348686937,6.026065160727E-02,0.964170425716)
  );
#3533 = DIRECTION('',(0.965925826289,1.734723475977E-18,-0.258819045103)
  );
#3534 = ( GEOMETRIC_REPRESENTATION_CONTEXT(3) 
GLOBAL_UNCERTAINTY_ASSIGNED_CONTEXT((#3538)) 
GLOBAL_UNIT_ASSIGNED_CONTEXT((#3535,#3536,#3537)) REPRESENTATION_CONTEXT
('Context #1','3D Context with UNIT and UNCERTAINTY') );
#3535 = ( LENGTH_UNIT() NAMED_UNIT(*) SI_UNIT(.MILLI.,.METRE.) );
#3536 = ( NAMED_UNIT(*) PLANE_ANGLE_UNIT() SI_UNIT($,.RADIAN.) );
#3537 = ( NAMED_UNIT(*) SI_UNIT($,.STERADIAN.) SOLID_ANGLE_UNIT() );
#3538 = UNCERTAINTY_MEASURE_WITH_UNIT(LENGTH_MEASURE(2.E-07),#3535,
  'distance_accuracy_value','confusion accuracy');
#3539 = PRODUCT_RELATED_PRODUCT_CATEGORY('part',$,(#7));
ENDSEC;
END-ISO-10303-21;
