ISO-10303-21;
HEADER;
FILE_DESCRIPTION(('FreeCAD Model'),'2;1');
FILE_NAME('Open CASCADE Shape Model','2026-09-28T03:26:26',('Author'),(
    ''),'Open CASCADE STEP processor 7.8','FreeCAD','Unknown');
FILE_SCHEMA(('AUTOMOTIVE_DESIGN { 1 0 10303 214 1 1 1 1 }'));
ENDSEC;
DATA;
#1 = APPLICATION_PROTOCOL_DEFINITION('international standard',
  'automotive_design',2000,#2);
#2 = APPLICATION_CONTEXT(
  'core data for automotive mechanical design processes');
#3 = SHAPE_DEFINITION_REPRESENTATION(#4,#10);
#4 = PRODUCT_DEFINITION_SHAPE('','',#5);
#5 = PRODUCT_DEFINITION('design','',#6,#9);
#6 = PRODUCT_DEFINITION_FORMATION('','',#7);
#7 = PRODUCT('TORSION_SPRING_L','TORSION_SPRING_L','',(#8));
#8 = PRODUCT_CONTEXT('',#2,'mechanical');
#9 = PRODUCT_DEFINITION_CONTEXT('part definition',#2,'design');
#10 = ADVANCED_BREP_SHAPE_REPRESENTATION('',(#11,#15),#3579);
#11 = AXIS2_PLACEMENT_3D('',#12,#13,#14);
#12 = CARTESIAN_POINT('',(0.,0.,0.));
#13 = DIRECTION('',(0.,0.,1.));
#14 = DIRECTION('',(1.,0.,-0.));
#15 = MANIFOLD_SOLID_BREP('',#16);
#16 = CLOSED_SHELL('',(#17,#68,#77,#93,#161,#172,#188,#248,#258,#310,
    #325,#335,#395,#410,#426,#485,#496,#507,#523,#582,#593,#609,#740,
    #751,#767,#827,#963,#982,#992,#1044,#1059,#1148,#1157,#1167,#1323,
    #1338,#1354,#1413,#1429,#1489,#1522,#1605,#1631,#1647,#1710,#1721,
    #1732,#1743,#1759,#1818,#1828,#1880,#1895,#1907,#1923,#1982,#1991,
    #2002,#2018,#2086,#2096,#2156,#2171,#2182,#2198,#2266,#2277,#2293,
    #2353,#2369,#2428,#2439,#2450,#2466,#2500,#2510,#2525,#2536,#2552,
    #2611,#2621,#2631,#2642,#2658,#2726,#2737,#2753,#2813,#2823,#2875,
    #2890,#2900,#2960,#2975,#2991,#3050,#3061,#3072,#3088,#3156,#3167,
    #3183,#3243,#3253,#3314,#3329,#3339,#3391,#3406,#3416,#3476,#3491,
    #3507,#3548,#3559,#3570));
#17 = ADVANCED_FACE('',(#18),#63,.T.);
#18 = FACE_BOUND('',#19,.T.);
#19 = EDGE_LOOP('',(#20,#30,#39,#48,#55,#56));
#20 = ORIENTED_EDGE('',*,*,#21,.T.);
#21 = EDGE_CURVE('',#22,#24,#26,.T.);
#22 = VERTEX_POINT('',#23);
#23 = CARTESIAN_POINT('',(149.15911099154,128.,201.11058285412));
#24 = VERTEX_POINT('',#25);
#25 = CARTESIAN_POINT('',(148.08731422182,128.25,205.11058285412));
#26 = LINE('',#27,#28);
#27 = CARTESIAN_POINT('',(149.15911099154,128.,201.11058285412));
#28 = VECTOR('',#29,1.);
#29 = DIRECTION('',(-0.258348686937,6.026065160727E-02,0.964170425716));
#30 = ORIENTED_EDGE('',*,*,#31,.F.);
#31 = EDGE_CURVE('',#32,#24,#34,.T.);
#32 = VERTEX_POINT('',#33);
#33 = CARTESIAN_POINT('',(146.89077625858,127.05233690582,
    204.86482541654));
#34 = CIRCLE('',#35,1.2);
#35 = AXIS2_PLACEMENT_3D('',#36,#37,#38);
#36 = CARTESIAN_POINT('',(146.92820323027,128.25,204.8));
#37 = DIRECTION('',(-0.258348686937,6.026065160727E-02,0.964170425716));
#38 = DIRECTION('',(0.965925826289,1.734723475977E-18,0.258819045103));
#39 = ORIENTED_EDGE('',*,*,#40,.F.);
#40 = EDGE_CURVE('',#41,#32,#43,.T.);
#41 = VERTEX_POINT('',#42);
#42 = CARTESIAN_POINT('',(146.96563020196,129.44766309417,
    204.73517458345));
#43 = ELLIPSE('',#44,1.242169498499,1.2);
#44 = AXIS2_PLACEMENT_3D('',#45,#46,#47);
#45 = CARTESIAN_POINT('',(146.92820323027,128.25,204.8));
#46 = DIRECTION('',(-0.499026289241,6.237828615518E-02,0.864338887279));
#47 = DIRECTION('',(0.866025403784,-4.406197628981E-16,0.5));
#48 = ORIENTED_EDGE('',*,*,#49,.F.);
#49 = EDGE_CURVE('',#24,#41,#50,.T.);
#50 = CIRCLE('',#51,1.2);
#51 = AXIS2_PLACEMENT_3D('',#52,#53,#54);
#52 = CARTESIAN_POINT('',(146.92820323027,128.25,204.8));
#53 = DIRECTION('',(-0.258348686937,6.026065160727E-02,0.964170425716));
#54 = DIRECTION('',(0.965925826289,1.734723475977E-18,0.258819045103));
#55 = ORIENTED_EDGE('',*,*,#21,.F.);
#56 = ORIENTED_EDGE('',*,*,#57,.T.);
#57 = EDGE_CURVE('',#22,#22,#58,.T.);
#58 = CIRCLE('',#59,1.2);
#59 = AXIS2_PLACEMENT_3D('',#60,#61,#62);
#60 = CARTESIAN_POINT('',(148.,128.,200.8));
#61 = DIRECTION('',(-0.258348686937,6.026065160727E-02,0.964170425716));
#62 = DIRECTION('',(0.965925826289,1.734723475977E-18,0.258819045103));
#63 = CYLINDRICAL_SURFACE('',#64,1.2);
#64 = AXIS2_PLACEMENT_3D('',#65,#66,#67);
#65 = CARTESIAN_POINT('',(148.,128.,200.8));
#66 = DIRECTION('',(-0.258348686937,6.026065160727E-02,0.964170425716));
#67 = DIRECTION('',(0.965925826289,-1.734723475977E-18,0.258819045103));
#68 = ADVANCED_FACE('',(#69),#72,.F.);
#69 = FACE_BOUND('',#70,.T.);
#70 = EDGE_LOOP('',(#71));
#71 = ORIENTED_EDGE('',*,*,#57,.F.);
#72 = PLANE('',#73);
#73 = AXIS2_PLACEMENT_3D('',#74,#75,#76);
#74 = CARTESIAN_POINT('',(148.,128.,200.8));
#75 = DIRECTION('',(-0.258348686937,6.026065160727E-02,0.964170425716));
#76 = DIRECTION('',(0.965925826289,-1.734723475977E-18,0.258819045103));
#77 = ADVANCED_FACE('',(#78),#88,.T.);
#78 = FACE_BOUND('',#79,.T.);
#79 = EDGE_LOOP('',(#80,#81,#82));
#80 = ORIENTED_EDGE('',*,*,#31,.T.);
#81 = ORIENTED_EDGE('',*,*,#49,.T.);
#82 = ORIENTED_EDGE('',*,*,#83,.T.);
#83 = EDGE_CURVE('',#41,#32,#84,.T.);
#84 = LINE('',#85,#86);
#85 = CARTESIAN_POINT('',(146.92820323027,128.25,204.8));
#86 = VECTOR('',#87,1.);
#87 = DIRECTION('',(-3.118914307759E-02,-0.998052578483,
    5.402118045492E-02));
#88 = PLANE('',#89);
#89 = AXIS2_PLACEMENT_3D('',#90,#91,#92);
#90 = CARTESIAN_POINT('',(146.92820323027,128.25,204.8));
#91 = DIRECTION('',(-0.258348686937,6.026065160727E-02,0.964170425716));
#92 = DIRECTION('',(0.965925826289,-1.734723475977E-18,0.258819045103));
#93 = ADVANCED_FACE('',(#94),#156,.T.);
#94 = FACE_BOUND('',#95,.T.);
#95 = EDGE_LOOP('',(#96,#107,#115,#122,#123,#130,#131,#140,#149));
#96 = ORIENTED_EDGE('',*,*,#97,.F.);
#97 = EDGE_CURVE('',#98,#100,#102,.T.);
#98 = VERTEX_POINT('',#99);
#99 = CARTESIAN_POINT('',(144.84852813742,128.5,208.57673136769));
#100 = VERTEX_POINT('',#101);
#101 = CARTESIAN_POINT('',(144.06482541654,129.69766309417,
    207.69077625858));
#102 = CIRCLE('',#103,1.2);
#103 = AXIS2_PLACEMENT_3D('',#104,#105,#106);
#104 = CARTESIAN_POINT('',(144.,128.5,207.72820323027));
#105 = DIRECTION('',(-0.70582173878,6.026065160727E-02,0.70582173878));
#106 = DIRECTION('',(0.707106781187,0.,0.707106781187));
#107 = ORIENTED_EDGE('',*,*,#108,.F.);
#108 = EDGE_CURVE('',#109,#98,#111,.T.);
#109 = VERTEX_POINT('',#110);
#110 = CARTESIAN_POINT('',(147.77673136769,128.25,205.64852813742));
#111 = LINE('',#112,#113);
#112 = CARTESIAN_POINT('',(147.77673136769,128.25,205.64852813742));
#113 = VECTOR('',#114,1.);
#114 = DIRECTION('',(-0.70582173878,6.026065160727E-02,0.70582173878));
#115 = ORIENTED_EDGE('',*,*,#116,.T.);
#116 = EDGE_CURVE('',#109,#41,#117,.T.);
#117 = CIRCLE('',#118,1.2);
#118 = AXIS2_PLACEMENT_3D('',#119,#120,#121);
#119 = CARTESIAN_POINT('',(146.92820323027,128.25,204.8));
#120 = DIRECTION('',(-0.70582173878,6.026065160727E-02,0.70582173878));
#121 = DIRECTION('',(0.707106781187,0.,0.707106781187));
#122 = ORIENTED_EDGE('',*,*,#40,.T.);
#123 = ORIENTED_EDGE('',*,*,#124,.T.);
#124 = EDGE_CURVE('',#32,#109,#125,.T.);
#125 = CIRCLE('',#126,1.2);
#126 = AXIS2_PLACEMENT_3D('',#127,#128,#129);
#127 = CARTESIAN_POINT('',(146.92820323027,128.25,204.8));
#128 = DIRECTION('',(-0.70582173878,6.026065160727E-02,0.70582173878));
#129 = DIRECTION('',(0.707106781187,0.,0.707106781187));
#130 = ORIENTED_EDGE('',*,*,#108,.T.);
#131 = ORIENTED_EDGE('',*,*,#132,.F.);
#132 = EDGE_CURVE('',#133,#98,#135,.T.);
#133 = VERTEX_POINT('',#134);
#134 = CARTESIAN_POINT('',(143.93517458345,127.30233690582,
    207.76563020196));
#135 = CIRCLE('',#136,1.2);
#136 = AXIS2_PLACEMENT_3D('',#137,#138,#139);
#137 = CARTESIAN_POINT('',(144.,128.5,207.72820323027));
#138 = DIRECTION('',(-0.70582173878,6.026065160727E-02,0.70582173878));
#139 = DIRECTION('',(0.707106781187,0.,0.707106781187));
#140 = ORIENTED_EDGE('',*,*,#141,.F.);
#141 = EDGE_CURVE('',#142,#133,#144,.T.);
#142 = VERTEX_POINT('',#143);
#143 = CARTESIAN_POINT('',(143.38004278535,128.51933589753,
    206.65198884878));
#144 = ELLIPSE('',#145,1.242169498499,1.2);
#145 = AXIS2_PLACEMENT_3D('',#146,#147,#148);
#146 = CARTESIAN_POINT('',(144.,128.5,207.72820323027));
#147 = DIRECTION('',(-0.864338887279,6.237828615518E-02,0.499026289241)
  );
#148 = DIRECTION('',(0.5,4.406197628981E-16,0.866025403784));
#149 = ORIENTED_EDGE('',*,*,#150,.F.);
#150 = EDGE_CURVE('',#100,#142,#151,.T.);
#151 = ELLIPSE('',#152,1.242169498499,1.2);
#152 = AXIS2_PLACEMENT_3D('',#153,#154,#155);
#153 = CARTESIAN_POINT('',(144.,128.5,207.72820323027));
#154 = DIRECTION('',(-0.864338887279,6.237828615518E-02,0.499026289241)
  );
#155 = DIRECTION('',(0.5,4.406197628981E-16,0.866025403784));
#156 = CYLINDRICAL_SURFACE('',#157,1.2);
#157 = AXIS2_PLACEMENT_3D('',#158,#159,#160);
#158 = CARTESIAN_POINT('',(146.92820323027,128.25,204.8));
#159 = DIRECTION('',(-0.70582173878,6.026065160727E-02,0.70582173878));
#160 = DIRECTION('',(0.707106781187,0.,0.707106781187));
#161 = ADVANCED_FACE('',(#162),#167,.F.);
#162 = FACE_BOUND('',#163,.F.);
#163 = EDGE_LOOP('',(#164,#165,#166));
#164 = ORIENTED_EDGE('',*,*,#124,.T.);
#165 = ORIENTED_EDGE('',*,*,#116,.T.);
#166 = ORIENTED_EDGE('',*,*,#83,.T.);
#167 = PLANE('',#168);
#168 = AXIS2_PLACEMENT_3D('',#169,#170,#171);
#169 = CARTESIAN_POINT('',(146.92820323027,128.25,204.8));
#170 = DIRECTION('',(-0.70582173878,6.026065160727E-02,0.70582173878));
#171 = DIRECTION('',(0.707106781187,0.,0.707106781187));
#172 = ADVANCED_FACE('',(#173),#183,.T.);
#173 = FACE_BOUND('',#174,.T.);
#174 = EDGE_LOOP('',(#175,#176,#177));
#175 = ORIENTED_EDGE('',*,*,#132,.T.);
#176 = ORIENTED_EDGE('',*,*,#97,.T.);
#177 = ORIENTED_EDGE('',*,*,#178,.T.);
#178 = EDGE_CURVE('',#100,#133,#179,.T.);
#179 = LINE('',#180,#181);
#180 = CARTESIAN_POINT('',(144.,128.5,207.72820323027));
#181 = VECTOR('',#182,1.);
#182 = DIRECTION('',(-5.402118045492E-02,-0.998052578483,
    3.118914307759E-02));
#183 = PLANE('',#184);
#184 = AXIS2_PLACEMENT_3D('',#185,#186,#187);
#185 = CARTESIAN_POINT('',(144.,128.5,207.72820323027));
#186 = DIRECTION('',(-0.70582173878,6.026065160727E-02,0.70582173878));
#187 = DIRECTION('',(0.707106781187,0.,0.707106781187));
#188 = ADVANCED_FACE('',(#189),#243,.T.);
#189 = FACE_BOUND('',#190,.T.);
#190 = EDGE_LOOP('',(#191,#192,#200,#209,#218,#227,#234,#235,#236));
#191 = ORIENTED_EDGE('',*,*,#150,.T.);
#192 = ORIENTED_EDGE('',*,*,#193,.T.);
#193 = EDGE_CURVE('',#142,#194,#196,.T.);
#194 = VERTEX_POINT('',#195);
#195 = CARTESIAN_POINT('',(139.9987915064,128.73066410246,
    207.55799239839));
#196 = LINE('',#197,#198);
#197 = CARTESIAN_POINT('',(143.68941714587,128.5,206.56909223872));
#198 = VECTOR('',#199,1.);
#199 = DIRECTION('',(-0.964170425716,6.026065160727E-02,0.258348686937)
  );
#200 = ORIENTED_EDGE('',*,*,#201,.F.);
#201 = EDGE_CURVE('',#202,#194,#204,.T.);
#202 = VERTEX_POINT('',#203);
#203 = CARTESIAN_POINT('',(140.00120849362,128.76933589753,
    207.5579923984));
#204 = ELLIPSE('',#205,1.242169498499,1.2);
#205 = AXIS2_PLACEMENT_3D('',#206,#207,#208);
#206 = CARTESIAN_POINT('',(140.,128.75,208.8));
#207 = DIRECTION('',(-0.998052578483,6.237828615518E-02,0.));
#208 = DIRECTION('',(0.,0.,1.));
#209 = ORIENTED_EDGE('',*,*,#210,.F.);
#210 = EDGE_CURVE('',#211,#202,#213,.T.);
#211 = VERTEX_POINT('',#212);
#212 = CARTESIAN_POINT('',(140.07485394338,129.94766309417,208.8));
#213 = ELLIPSE('',#214,1.242169498499,1.2);
#214 = AXIS2_PLACEMENT_3D('',#215,#216,#217);
#215 = CARTESIAN_POINT('',(140.,128.75,208.8));
#216 = DIRECTION('',(-0.998052578483,6.237828615518E-02,0.));
#217 = DIRECTION('',(0.,0.,1.));
#218 = ORIENTED_EDGE('',*,*,#219,.F.);
#219 = EDGE_CURVE('',#220,#211,#222,.T.);
#220 = VERTEX_POINT('',#221);
#221 = CARTESIAN_POINT('',(139.92514605661,127.55233690582,208.8));
#222 = CIRCLE('',#223,1.2);
#223 = AXIS2_PLACEMENT_3D('',#224,#225,#226);
#224 = CARTESIAN_POINT('',(140.,128.75,208.8));
#225 = DIRECTION('',(-0.964170425716,6.026065160727E-02,0.258348686937)
  );
#226 = DIRECTION('',(-0.258819045103,1.734723475977E-18,-0.965925826289)
  );
#227 = ORIENTED_EDGE('',*,*,#228,.F.);
#228 = EDGE_CURVE('',#194,#220,#229,.T.);
#229 = ELLIPSE('',#230,1.242169498499,1.2);
#230 = AXIS2_PLACEMENT_3D('',#231,#232,#233);
#231 = CARTESIAN_POINT('',(140.,128.75,208.8));
#232 = DIRECTION('',(-0.998052578483,6.237828615518E-02,0.));
#233 = DIRECTION('',(0.,0.,1.));
#234 = ORIENTED_EDGE('',*,*,#193,.F.);
#235 = ORIENTED_EDGE('',*,*,#141,.T.);
#236 = ORIENTED_EDGE('',*,*,#237,.T.);
#237 = EDGE_CURVE('',#133,#100,#238,.T.);
#238 = CIRCLE('',#239,1.2);
#239 = AXIS2_PLACEMENT_3D('',#240,#241,#242);
#240 = CARTESIAN_POINT('',(144.,128.5,207.72820323027));
#241 = DIRECTION('',(-0.964170425716,6.026065160727E-02,0.258348686937)
  );
#242 = DIRECTION('',(-0.258819045103,1.734723475977E-18,-0.965925826289)
  );
#243 = CYLINDRICAL_SURFACE('',#244,1.2);
#244 = AXIS2_PLACEMENT_3D('',#245,#246,#247);
#245 = CARTESIAN_POINT('',(144.,128.5,207.72820323027));
#246 = DIRECTION('',(-0.964170425716,6.026065160727E-02,0.258348686937)
  );
#247 = DIRECTION('',(-0.258819045103,-1.734723475977E-18,-0.965925826289
    ));
#248 = ADVANCED_FACE('',(#249),#253,.F.);
#249 = FACE_BOUND('',#250,.F.);
#250 = EDGE_LOOP('',(#251,#252));
#251 = ORIENTED_EDGE('',*,*,#178,.T.);
#252 = ORIENTED_EDGE('',*,*,#237,.T.);
#253 = PLANE('',#254);
#254 = AXIS2_PLACEMENT_3D('',#255,#256,#257);
#255 = CARTESIAN_POINT('',(144.,128.5,207.72820323027));
#256 = DIRECTION('',(-0.964170425716,6.026065160727E-02,0.258348686937)
  );
#257 = DIRECTION('',(-0.258819045103,-1.734723475977E-18,-0.965925826289
    ));
#258 = ADVANCED_FACE('',(#259),#305,.T.);
#259 = FACE_BOUND('',#260,.T.);
#260 = EDGE_LOOP('',(#261,#262,#270,#279,#288,#295,#296,#297,#298));
#261 = ORIENTED_EDGE('',*,*,#210,.T.);
#262 = ORIENTED_EDGE('',*,*,#263,.T.);
#263 = EDGE_CURVE('',#202,#264,#266,.T.);
#264 = VERTEX_POINT('',#265);
#265 = CARTESIAN_POINT('',(136.61995721464,128.98066410246,
    206.65198884878));
#266 = LINE('',#267,#268);
#267 = CARTESIAN_POINT('',(140.31058285412,128.75,207.64088900845));
#268 = VECTOR('',#269,1.);
#269 = DIRECTION('',(-0.964170425716,6.026065160727E-02,-0.258348686937)
  );
#270 = ORIENTED_EDGE('',*,*,#271,.F.);
#271 = EDGE_CURVE('',#272,#264,#274,.T.);
#272 = VERTEX_POINT('',#273);
#273 = CARTESIAN_POINT('',(136.06482541654,130.19766309417,
    207.76563020196));
#274 = ELLIPSE('',#275,1.242169498499,1.2);
#275 = AXIS2_PLACEMENT_3D('',#276,#277,#278);
#276 = CARTESIAN_POINT('',(136.,129.,207.72820323027));
#277 = DIRECTION('',(-0.864338887279,6.237828615518E-02,-0.499026289241)
  );
#278 = DIRECTION('',(-0.5,-4.406197628981E-16,0.866025403784));
#279 = ORIENTED_EDGE('',*,*,#280,.F.);
#280 = EDGE_CURVE('',#281,#272,#283,.T.);
#281 = VERTEX_POINT('',#282);
#282 = CARTESIAN_POINT('',(135.93517458345,127.80233690582,
    207.69077625858));
#283 = CIRCLE('',#284,1.2);
#284 = AXIS2_PLACEMENT_3D('',#285,#286,#287);
#285 = CARTESIAN_POINT('',(136.,129.,207.72820323027));
#286 = DIRECTION('',(-0.964170425716,6.026065160727E-02,-0.258348686937)
  );
#287 = DIRECTION('',(0.258819045103,-1.734723475977E-18,-0.965925826289)
  );
#288 = ORIENTED_EDGE('',*,*,#289,.F.);
#289 = EDGE_CURVE('',#264,#281,#290,.T.);
#290 = ELLIPSE('',#291,1.242169498499,1.2);
#291 = AXIS2_PLACEMENT_3D('',#292,#293,#294);
#292 = CARTESIAN_POINT('',(136.,129.,207.72820323027));
#293 = DIRECTION('',(-0.864338887279,6.237828615518E-02,-0.499026289241)
  );
#294 = DIRECTION('',(-0.5,-4.406197628981E-16,0.866025403784));
#295 = ORIENTED_EDGE('',*,*,#263,.F.);
#296 = ORIENTED_EDGE('',*,*,#201,.T.);
#297 = ORIENTED_EDGE('',*,*,#228,.T.);
#298 = ORIENTED_EDGE('',*,*,#299,.T.);
#299 = EDGE_CURVE('',#220,#211,#300,.T.);
#300 = CIRCLE('',#301,1.2);
#301 = AXIS2_PLACEMENT_3D('',#302,#303,#304);
#302 = CARTESIAN_POINT('',(140.,128.75,208.8));
#303 = DIRECTION('',(-0.964170425716,6.026065160727E-02,-0.258348686937)
  );
#304 = DIRECTION('',(0.258819045103,-1.734723475977E-18,-0.965925826289)
  );
#305 = CYLINDRICAL_SURFACE('',#306,1.2);
#306 = AXIS2_PLACEMENT_3D('',#307,#308,#309);
#307 = CARTESIAN_POINT('',(140.,128.75,208.8));
#308 = DIRECTION('',(-0.964170425716,6.026065160727E-02,-0.258348686937)
  );
#309 = DIRECTION('',(0.258819045103,1.734723475977E-18,-0.965925826289)
  );
#310 = ADVANCED_FACE('',(#311),#320,.T.);
#311 = FACE_BOUND('',#312,.T.);
#312 = EDGE_LOOP('',(#313,#319));
#313 = ORIENTED_EDGE('',*,*,#314,.T.);
#314 = EDGE_CURVE('',#211,#220,#315,.T.);
#315 = LINE('',#316,#317);
#316 = CARTESIAN_POINT('',(140.,128.75,208.8));
#317 = VECTOR('',#318,1.);
#318 = DIRECTION('',(-6.237828615518E-02,-0.998052578483,0.));
#319 = ORIENTED_EDGE('',*,*,#219,.T.);
#320 = PLANE('',#321);
#321 = AXIS2_PLACEMENT_3D('',#322,#323,#324);
#322 = CARTESIAN_POINT('',(140.,128.75,208.8));
#323 = DIRECTION('',(-0.964170425716,6.026065160727E-02,0.258348686937)
  );
#324 = DIRECTION('',(-0.258819045103,-1.734723475977E-18,-0.965925826289
    ));
#325 = ADVANCED_FACE('',(#326),#330,.F.);
#326 = FACE_BOUND('',#327,.F.);
#327 = EDGE_LOOP('',(#328,#329));
#328 = ORIENTED_EDGE('',*,*,#314,.T.);
#329 = ORIENTED_EDGE('',*,*,#299,.T.);
#330 = PLANE('',#331);
#331 = AXIS2_PLACEMENT_3D('',#332,#333,#334);
#332 = CARTESIAN_POINT('',(140.,128.75,208.8));
#333 = DIRECTION('',(-0.964170425716,6.026065160727E-02,-0.258348686937)
  );
#334 = DIRECTION('',(0.258819045103,1.734723475977E-18,-0.965925826289)
  );
#335 = ADVANCED_FACE('',(#336),#390,.T.);
#336 = FACE_BOUND('',#337,.T.);
#337 = EDGE_LOOP('',(#338,#349,#357,#364,#365,#366,#373,#374,#383));
#338 = ORIENTED_EDGE('',*,*,#339,.F.);
#339 = EDGE_CURVE('',#340,#342,#344,.T.);
#340 = VERTEX_POINT('',#341);
#341 = CARTESIAN_POINT('',(132.2232686323,129.25,205.64852813742));
#342 = VERTEX_POINT('',#343);
#343 = CARTESIAN_POINT('',(133.10922374141,130.44766309417,
    204.86482541654));
#344 = CIRCLE('',#345,1.2);
#345 = AXIS2_PLACEMENT_3D('',#346,#347,#348);
#346 = CARTESIAN_POINT('',(133.07179676972,129.25,204.8));
#347 = DIRECTION('',(-0.70582173878,6.026065160727E-02,-0.70582173878));
#348 = DIRECTION('',(-0.707106781187,0.,0.707106781187));
#349 = ORIENTED_EDGE('',*,*,#350,.F.);
#350 = EDGE_CURVE('',#351,#340,#353,.T.);
#351 = VERTEX_POINT('',#352);
#352 = CARTESIAN_POINT('',(135.15147186257,129.,208.57673136769));
#353 = LINE('',#354,#355);
#354 = CARTESIAN_POINT('',(135.15147186257,129.,208.57673136769));
#355 = VECTOR('',#356,1.);
#356 = DIRECTION('',(-0.70582173878,6.026065160727E-02,-0.70582173878));
#357 = ORIENTED_EDGE('',*,*,#358,.T.);
#358 = EDGE_CURVE('',#351,#272,#359,.T.);
#359 = CIRCLE('',#360,1.2);
#360 = AXIS2_PLACEMENT_3D('',#361,#362,#363);
#361 = CARTESIAN_POINT('',(136.,129.,207.72820323027));
#362 = DIRECTION('',(-0.70582173878,6.026065160727E-02,-0.70582173878));
#363 = DIRECTION('',(-0.707106781187,0.,0.707106781187));
#364 = ORIENTED_EDGE('',*,*,#271,.T.);
#365 = ORIENTED_EDGE('',*,*,#289,.T.);
#366 = ORIENTED_EDGE('',*,*,#367,.T.);
#367 = EDGE_CURVE('',#281,#351,#368,.T.);
#368 = CIRCLE('',#369,1.2);
#369 = AXIS2_PLACEMENT_3D('',#370,#371,#372);
#370 = CARTESIAN_POINT('',(136.,129.,207.72820323027));
#371 = DIRECTION('',(-0.70582173878,6.026065160727E-02,-0.70582173878));
#372 = DIRECTION('',(-0.707106781187,0.,0.707106781187));
#373 = ORIENTED_EDGE('',*,*,#350,.T.);
#374 = ORIENTED_EDGE('',*,*,#375,.F.);
#375 = EDGE_CURVE('',#376,#340,#378,.T.);
#376 = VERTEX_POINT('',#377);
#377 = CARTESIAN_POINT('',(133.03436979803,128.05233690582,
    204.73517458345));
#378 = CIRCLE('',#379,1.2);
#379 = AXIS2_PLACEMENT_3D('',#380,#381,#382);
#380 = CARTESIAN_POINT('',(133.07179676972,129.25,204.8));
#381 = DIRECTION('',(-0.70582173878,6.026065160727E-02,-0.70582173878));
#382 = DIRECTION('',(-0.707106781187,0.,0.707106781187));
#383 = ORIENTED_EDGE('',*,*,#384,.F.);
#384 = EDGE_CURVE('',#342,#376,#385,.T.);
#385 = ELLIPSE('',#386,1.242169498499,1.2);
#386 = AXIS2_PLACEMENT_3D('',#387,#388,#389);
#387 = CARTESIAN_POINT('',(133.07179676972,129.25,204.8));
#388 = DIRECTION('',(-0.499026289241,6.237828615518E-02,-0.864338887279)
  );
#389 = DIRECTION('',(-0.866025403784,4.406197628981E-16,0.5));
#390 = CYLINDRICAL_SURFACE('',#391,1.2);
#391 = AXIS2_PLACEMENT_3D('',#392,#393,#394);
#392 = CARTESIAN_POINT('',(136.,129.,207.72820323027));
#393 = DIRECTION('',(-0.70582173878,6.026065160727E-02,-0.70582173878));
#394 = DIRECTION('',(-0.707106781187,0.,0.707106781187));
#395 = ADVANCED_FACE('',(#396),#405,.T.);
#396 = FACE_BOUND('',#397,.T.);
#397 = EDGE_LOOP('',(#398,#404));
#398 = ORIENTED_EDGE('',*,*,#399,.T.);
#399 = EDGE_CURVE('',#272,#281,#400,.T.);
#400 = LINE('',#401,#402);
#401 = CARTESIAN_POINT('',(136.,129.,207.72820323027));
#402 = VECTOR('',#403,1.);
#403 = DIRECTION('',(-5.402118045492E-02,-0.998052578483,
    -3.118914307759E-02));
#404 = ORIENTED_EDGE('',*,*,#280,.T.);
#405 = PLANE('',#406);
#406 = AXIS2_PLACEMENT_3D('',#407,#408,#409);
#407 = CARTESIAN_POINT('',(136.,129.,207.72820323027));
#408 = DIRECTION('',(-0.964170425716,6.026065160727E-02,-0.258348686937)
  );
#409 = DIRECTION('',(0.258819045103,1.734723475977E-18,-0.965925826289)
  );
#410 = ADVANCED_FACE('',(#411),#421,.T.);
#411 = FACE_BOUND('',#412,.T.);
#412 = EDGE_LOOP('',(#413,#414,#415));
#413 = ORIENTED_EDGE('',*,*,#375,.T.);
#414 = ORIENTED_EDGE('',*,*,#339,.T.);
#415 = ORIENTED_EDGE('',*,*,#416,.T.);
#416 = EDGE_CURVE('',#342,#376,#417,.T.);
#417 = LINE('',#418,#419);
#418 = CARTESIAN_POINT('',(133.07179676972,129.25,204.8));
#419 = VECTOR('',#420,1.);
#420 = DIRECTION('',(-3.118914307759E-02,-0.998052578483,
    -5.402118045492E-02));
#421 = PLANE('',#422);
#422 = AXIS2_PLACEMENT_3D('',#423,#424,#425);
#423 = CARTESIAN_POINT('',(133.07179676972,129.25,204.8));
#424 = DIRECTION('',(-0.70582173878,6.026065160727E-02,-0.70582173878));
#425 = DIRECTION('',(-0.707106781187,0.,0.707106781187));
#426 = ADVANCED_FACE('',(#427),#480,.T.);
#427 = FACE_BOUND('',#428,.T.);
#428 = EDGE_LOOP('',(#429,#440,#448,#455,#456,#463,#464,#473));
#429 = ORIENTED_EDGE('',*,*,#430,.F.);
#430 = EDGE_CURVE('',#431,#433,#435,.T.);
#431 = VERTEX_POINT('',#432);
#432 = CARTESIAN_POINT('',(130.84088900845,129.5,201.11058285412));
#433 = VERTEX_POINT('',#434);
#434 = CARTESIAN_POINT('',(132.,130.69766309417,200.87485394338));
#435 = CIRCLE('',#436,1.2);
#436 = AXIS2_PLACEMENT_3D('',#437,#438,#439);
#437 = CARTESIAN_POINT('',(132.,129.5,200.8));
#438 = DIRECTION('',(-0.258348686937,6.026065160727E-02,-0.964170425716)
  );
#439 = DIRECTION('',(-0.965925826289,-1.734723475977E-18,0.258819045103)
  );
#440 = ORIENTED_EDGE('',*,*,#441,.F.);
#441 = EDGE_CURVE('',#442,#431,#444,.T.);
#442 = VERTEX_POINT('',#443);
#443 = CARTESIAN_POINT('',(131.91268577817,129.25,205.11058285412));
#444 = LINE('',#445,#446);
#445 = CARTESIAN_POINT('',(131.91268577817,129.25,205.11058285412));
#446 = VECTOR('',#447,1.);
#447 = DIRECTION('',(-0.258348686937,6.026065160727E-02,-0.964170425716)
  );
#448 = ORIENTED_EDGE('',*,*,#449,.T.);
#449 = EDGE_CURVE('',#442,#342,#450,.T.);
#450 = CIRCLE('',#451,1.2);
#451 = AXIS2_PLACEMENT_3D('',#452,#453,#454);
#452 = CARTESIAN_POINT('',(133.07179676972,129.25,204.8));
#453 = DIRECTION('',(-0.258348686937,6.026065160727E-02,-0.964170425716)
  );
#454 = DIRECTION('',(-0.965925826289,-1.734723475977E-18,0.258819045103)
  );
#455 = ORIENTED_EDGE('',*,*,#384,.T.);
#456 = ORIENTED_EDGE('',*,*,#457,.T.);
#457 = EDGE_CURVE('',#376,#442,#458,.T.);
#458 = CIRCLE('',#459,1.2);
#459 = AXIS2_PLACEMENT_3D('',#460,#461,#462);
#460 = CARTESIAN_POINT('',(133.07179676972,129.25,204.8));
#461 = DIRECTION('',(-0.258348686937,6.026065160727E-02,-0.964170425716)
  );
#462 = DIRECTION('',(-0.965925826289,-1.734723475977E-18,0.258819045103)
  );
#463 = ORIENTED_EDGE('',*,*,#441,.T.);
#464 = ORIENTED_EDGE('',*,*,#465,.F.);
#465 = EDGE_CURVE('',#466,#431,#468,.T.);
#466 = VERTEX_POINT('',#467);
#467 = CARTESIAN_POINT('',(132.,128.30233690582,200.72514605661));
#468 = CIRCLE('',#469,1.2);
#469 = AXIS2_PLACEMENT_3D('',#470,#471,#472);
#470 = CARTESIAN_POINT('',(132.,129.5,200.8));
#471 = DIRECTION('',(-0.258348686937,6.026065160727E-02,-0.964170425716)
  );
#472 = DIRECTION('',(-0.965925826289,-1.734723475977E-18,0.258819045103)
  );
#473 = ORIENTED_EDGE('',*,*,#474,.F.);
#474 = EDGE_CURVE('',#433,#466,#475,.T.);
#475 = ELLIPSE('',#476,1.242169498499,1.2);
#476 = AXIS2_PLACEMENT_3D('',#477,#478,#479);
#477 = CARTESIAN_POINT('',(132.,129.5,200.8));
#478 = DIRECTION('',(0.,6.237828615518E-02,-0.998052578483));
#479 = DIRECTION('',(-1.,0.,0.));
#480 = CYLINDRICAL_SURFACE('',#481,1.2);
#481 = AXIS2_PLACEMENT_3D('',#482,#483,#484);
#482 = CARTESIAN_POINT('',(133.07179676972,129.25,204.8));
#483 = DIRECTION('',(-0.258348686937,6.026065160727E-02,-0.964170425716)
  );
#484 = DIRECTION('',(-0.965925826289,1.734723475977E-18,0.258819045103)
  );
#485 = ADVANCED_FACE('',(#486),#491,.F.);
#486 = FACE_BOUND('',#487,.F.);
#487 = EDGE_LOOP('',(#488,#489,#490));
#488 = ORIENTED_EDGE('',*,*,#367,.T.);
#489 = ORIENTED_EDGE('',*,*,#358,.T.);
#490 = ORIENTED_EDGE('',*,*,#399,.T.);
#491 = PLANE('',#492);
#492 = AXIS2_PLACEMENT_3D('',#493,#494,#495);
#493 = CARTESIAN_POINT('',(136.,129.,207.72820323027));
#494 = DIRECTION('',(-0.70582173878,6.026065160727E-02,-0.70582173878));
#495 = DIRECTION('',(-0.707106781187,0.,0.707106781187));
#496 = ADVANCED_FACE('',(#497),#502,.F.);
#497 = FACE_BOUND('',#498,.F.);
#498 = EDGE_LOOP('',(#499,#500,#501));
#499 = ORIENTED_EDGE('',*,*,#457,.T.);
#500 = ORIENTED_EDGE('',*,*,#449,.T.);
#501 = ORIENTED_EDGE('',*,*,#416,.T.);
#502 = PLANE('',#503);
#503 = AXIS2_PLACEMENT_3D('',#504,#505,#506);
#504 = CARTESIAN_POINT('',(133.07179676972,129.25,204.8));
#505 = DIRECTION('',(-0.258348686937,6.026065160727E-02,-0.964170425716)
  );
#506 = DIRECTION('',(-0.965925826289,1.734723475977E-18,0.258819045103)
  );
#507 = ADVANCED_FACE('',(#508),#518,.T.);
#508 = FACE_BOUND('',#509,.T.);
#509 = EDGE_LOOP('',(#510,#511,#512));
#510 = ORIENTED_EDGE('',*,*,#465,.T.);
#511 = ORIENTED_EDGE('',*,*,#430,.T.);
#512 = ORIENTED_EDGE('',*,*,#513,.T.);
#513 = EDGE_CURVE('',#433,#466,#514,.T.);
#514 = LINE('',#515,#516);
#515 = CARTESIAN_POINT('',(132.,129.5,200.8));
#516 = VECTOR('',#517,1.);
#517 = DIRECTION('',(0.,-0.998052578483,-6.237828615518E-02));
#518 = PLANE('',#519);
#519 = AXIS2_PLACEMENT_3D('',#520,#521,#522);
#520 = CARTESIAN_POINT('',(132.,129.5,200.8));
#521 = DIRECTION('',(-0.258348686937,6.026065160727E-02,-0.964170425716)
  );
#522 = DIRECTION('',(-0.965925826289,1.734723475977E-18,0.258819045103)
  );
#523 = ADVANCED_FACE('',(#524),#577,.T.);
#524 = FACE_BOUND('',#525,.T.);
#525 = EDGE_LOOP('',(#526,#537,#545,#552,#553,#560,#561,#570));
#526 = ORIENTED_EDGE('',*,*,#527,.F.);
#527 = EDGE_CURVE('',#528,#530,#532,.T.);
#528 = VERTEX_POINT('',#529);
#529 = CARTESIAN_POINT('',(131.91268577817,129.75,196.48941714587));
#530 = VERTEX_POINT('',#531);
#531 = CARTESIAN_POINT('',(133.03436979803,130.94766309417,
    196.86482541654));
#532 = CIRCLE('',#533,1.2);
#533 = AXIS2_PLACEMENT_3D('',#534,#535,#536);
#534 = CARTESIAN_POINT('',(133.07179676972,129.75,196.8));
#535 = DIRECTION('',(0.258348686937,6.026065160727E-02,-0.964170425716)
  );
#536 = DIRECTION('',(-0.965925826289,1.734723475977E-18,-0.258819045103)
  );
#537 = ORIENTED_EDGE('',*,*,#538,.F.);
#538 = EDGE_CURVE('',#539,#528,#541,.T.);
#539 = VERTEX_POINT('',#540);
#540 = CARTESIAN_POINT('',(130.84088900845,129.5,200.48941714587));
#541 = LINE('',#542,#543);
#542 = CARTESIAN_POINT('',(130.84088900845,129.5,200.48941714587));
#543 = VECTOR('',#544,1.);
#544 = DIRECTION('',(0.258348686937,6.026065160727E-02,-0.964170425716)
  );
#545 = ORIENTED_EDGE('',*,*,#546,.T.);
#546 = EDGE_CURVE('',#539,#433,#547,.T.);
#547 = CIRCLE('',#548,1.2);
#548 = AXIS2_PLACEMENT_3D('',#549,#550,#551);
#549 = CARTESIAN_POINT('',(132.,129.5,200.8));
#550 = DIRECTION('',(0.258348686937,6.026065160727E-02,-0.964170425716)
  );
#551 = DIRECTION('',(-0.965925826289,1.734723475977E-18,-0.258819045103)
  );
#552 = ORIENTED_EDGE('',*,*,#474,.T.);
#553 = ORIENTED_EDGE('',*,*,#554,.T.);
#554 = EDGE_CURVE('',#466,#539,#555,.T.);
#555 = CIRCLE('',#556,1.2);
#556 = AXIS2_PLACEMENT_3D('',#557,#558,#559);
#557 = CARTESIAN_POINT('',(132.,129.5,200.8));
#558 = DIRECTION('',(0.258348686937,6.026065160727E-02,-0.964170425716)
  );
#559 = DIRECTION('',(-0.965925826289,1.734723475977E-18,-0.258819045103)
  );
#560 = ORIENTED_EDGE('',*,*,#538,.T.);
#561 = ORIENTED_EDGE('',*,*,#562,.F.);
#562 = EDGE_CURVE('',#563,#528,#565,.T.);
#563 = VERTEX_POINT('',#564);
#564 = CARTESIAN_POINT('',(133.10922374141,128.55233690582,
    196.73517458345));
#565 = CIRCLE('',#566,1.2);
#566 = AXIS2_PLACEMENT_3D('',#567,#568,#569);
#567 = CARTESIAN_POINT('',(133.07179676972,129.75,196.8));
#568 = DIRECTION('',(0.258348686937,6.026065160727E-02,-0.964170425716)
  );
#569 = DIRECTION('',(-0.965925826289,1.734723475977E-18,-0.258819045103)
  );
#570 = ORIENTED_EDGE('',*,*,#571,.F.);
#571 = EDGE_CURVE('',#530,#563,#572,.T.);
#572 = ELLIPSE('',#573,1.242169498499,1.2);
#573 = AXIS2_PLACEMENT_3D('',#574,#575,#576);
#574 = CARTESIAN_POINT('',(133.07179676972,129.75,196.8));
#575 = DIRECTION('',(0.499026289241,6.237828615518E-02,-0.864338887279)
  );
#576 = DIRECTION('',(-0.866025403784,-4.406197628981E-16,-0.5));
#577 = CYLINDRICAL_SURFACE('',#578,1.2);
#578 = AXIS2_PLACEMENT_3D('',#579,#580,#581);
#579 = CARTESIAN_POINT('',(132.,129.5,200.8));
#580 = DIRECTION('',(0.258348686937,6.026065160727E-02,-0.964170425716)
  );
#581 = DIRECTION('',(-0.965925826289,-1.734723475977E-18,-0.258819045103
    ));
#582 = ADVANCED_FACE('',(#583),#588,.F.);
#583 = FACE_BOUND('',#584,.F.);
#584 = EDGE_LOOP('',(#585,#586,#587));
#585 = ORIENTED_EDGE('',*,*,#554,.T.);
#586 = ORIENTED_EDGE('',*,*,#546,.T.);
#587 = ORIENTED_EDGE('',*,*,#513,.T.);
#588 = PLANE('',#589);
#589 = AXIS2_PLACEMENT_3D('',#590,#591,#592);
#590 = CARTESIAN_POINT('',(132.,129.5,200.8));
#591 = DIRECTION('',(0.258348686937,6.026065160727E-02,-0.964170425716)
  );
#592 = DIRECTION('',(-0.965925826289,-1.734723475977E-18,-0.258819045103
    ));
#593 = ADVANCED_FACE('',(#594),#604,.T.);
#594 = FACE_BOUND('',#595,.T.);
#595 = EDGE_LOOP('',(#596,#597,#598));
#596 = ORIENTED_EDGE('',*,*,#562,.T.);
#597 = ORIENTED_EDGE('',*,*,#527,.T.);
#598 = ORIENTED_EDGE('',*,*,#599,.T.);
#599 = EDGE_CURVE('',#530,#563,#600,.T.);
#600 = LINE('',#601,#602);
#601 = CARTESIAN_POINT('',(133.07179676972,129.75,196.8));
#602 = VECTOR('',#603,1.);
#603 = DIRECTION('',(3.118914307759E-02,-0.998052578483,
    -5.402118045492E-02));
#604 = PLANE('',#605);
#605 = AXIS2_PLACEMENT_3D('',#606,#607,#608);
#606 = CARTESIAN_POINT('',(133.07179676972,129.75,196.8));
#607 = DIRECTION('',(0.258348686937,6.026065160727E-02,-0.964170425716)
  );
#608 = DIRECTION('',(-0.965925826289,-1.734723475977E-18,-0.258819045103
    ));
#609 = ADVANCED_FACE('',(#610,#672),#735,.T.);
#610 = FACE_BOUND('',#611,.T.);
#611 = EDGE_LOOP('',(#612,#622,#631,#640,#649,#656,#657,#664,#665));
#612 = ORIENTED_EDGE('',*,*,#613,.T.);
#613 = EDGE_CURVE('',#614,#616,#618,.T.);
#614 = VERTEX_POINT('',#615);
#615 = CARTESIAN_POINT('',(132.2232686323,129.75,195.95147186257));
#616 = VERTEX_POINT('',#617);
#617 = CARTESIAN_POINT('',(135.15147186257,130.,193.0232686323));
#618 = LINE('',#619,#620);
#619 = CARTESIAN_POINT('',(132.2232686323,129.75,195.95147186257));
#620 = VECTOR('',#621,1.);
#621 = DIRECTION('',(0.70582173878,6.026065160727E-02,-0.70582173878));
#622 = ORIENTED_EDGE('',*,*,#623,.F.);
#623 = EDGE_CURVE('',#624,#616,#626,.T.);
#624 = VERTEX_POINT('',#625);
#625 = CARTESIAN_POINT('',(136.06482541654,128.80233690582,
    193.83436979803));
#626 = CIRCLE('',#627,1.2);
#627 = AXIS2_PLACEMENT_3D('',#628,#629,#630);
#628 = CARTESIAN_POINT('',(136.,130.,193.87179676972));
#629 = DIRECTION('',(0.70582173878,6.026065160727E-02,-0.70582173878));
#630 = DIRECTION('',(-0.707106781187,0.,-0.707106781187));
#631 = ORIENTED_EDGE('',*,*,#632,.F.);
#632 = EDGE_CURVE('',#633,#624,#635,.T.);
#633 = VERTEX_POINT('',#634);
#634 = CARTESIAN_POINT('',(136.61995721465,130.01933589753,
    194.9480111512));
#635 = ELLIPSE('',#636,1.242169498499,1.2);
#636 = AXIS2_PLACEMENT_3D('',#637,#638,#639);
#637 = CARTESIAN_POINT('',(136.,130.,193.87179676972));
#638 = DIRECTION('',(0.864338887279,6.237828615518E-02,-0.499026289241)
  );
#639 = DIRECTION('',(-0.5,4.406197628981E-16,-0.866025403784));
#640 = ORIENTED_EDGE('',*,*,#641,.F.);
#641 = EDGE_CURVE('',#642,#633,#644,.T.);
#642 = VERTEX_POINT('',#643);
#643 = CARTESIAN_POINT('',(135.93517458345,131.19766309417,
    193.90922374141));
#644 = ELLIPSE('',#645,1.242169498499,1.2);
#645 = AXIS2_PLACEMENT_3D('',#646,#647,#648);
#646 = CARTESIAN_POINT('',(136.,130.,193.87179676972));
#647 = DIRECTION('',(0.864338887279,6.237828615518E-02,-0.499026289241)
  );
#648 = DIRECTION('',(-0.5,4.406197628981E-16,-0.866025403784));
#649 = ORIENTED_EDGE('',*,*,#650,.F.);
#650 = EDGE_CURVE('',#616,#642,#651,.T.);
#651 = CIRCLE('',#652,1.2);
#652 = AXIS2_PLACEMENT_3D('',#653,#654,#655);
#653 = CARTESIAN_POINT('',(136.,130.,193.87179676972));
#654 = DIRECTION('',(0.70582173878,6.026065160727E-02,-0.70582173878));
#655 = DIRECTION('',(-0.707106781187,0.,-0.707106781187));
#656 = ORIENTED_EDGE('',*,*,#613,.F.);
#657 = ORIENTED_EDGE('',*,*,#658,.T.);
#658 = EDGE_CURVE('',#614,#530,#659,.T.);
#659 = CIRCLE('',#660,1.2);
#660 = AXIS2_PLACEMENT_3D('',#661,#662,#663);
#661 = CARTESIAN_POINT('',(133.07179676972,129.75,196.8));
#662 = DIRECTION('',(0.70582173878,6.026065160727E-02,-0.70582173878));
#663 = DIRECTION('',(-0.707106781187,0.,-0.707106781187));
#664 = ORIENTED_EDGE('',*,*,#571,.T.);
#665 = ORIENTED_EDGE('',*,*,#666,.T.);
#666 = EDGE_CURVE('',#563,#614,#667,.T.);
#667 = CIRCLE('',#668,1.2);
#668 = AXIS2_PLACEMENT_3D('',#669,#670,#671);
#669 = CARTESIAN_POINT('',(133.07179676972,129.75,196.8));
#670 = DIRECTION('',(0.70582173878,6.026065160727E-02,-0.70582173878));
#671 = DIRECTION('',(-0.707106781187,0.,-0.707106781187));
#672 = FACE_BOUND('',#673,.T.);
#673 = EDGE_LOOP('',(#674,#728));
#674 = ORIENTED_EDGE('',*,*,#675,.F.);
#675 = EDGE_CURVE('',#676,#678,#680,.T.);
#676 = VERTEX_POINT('',#677);
#677 = CARTESIAN_POINT('',(134.68915496776,131.04010702113,
    194.59102416519));
#678 = VERTEX_POINT('',#679);
#679 = CARTESIAN_POINT('',(133.81912570998,130.85713103519,
    195.11801732733));
#680 = B_SPLINE_CURVE_WITH_KNOTS('',6,(#681,#682,#683,#684,#685,#686,
    #687,#688,#689,#690,#691,#692,#693,#694,#695,#696,#697,#698,#699,
    #700,#701,#702,#703,#704,#705,#706,#707,#708,#709,#710,#711,#712,
    #713,#714,#715,#716,#717,#718,#719,#720,#721,#722,#723,#724,#725,
    #726,#727),.UNSPECIFIED.,.F.,.F.,(7,5,5,5,5,5,5,5,5,7),(0.,
    7.823559662085E-02,0.121706772101,0.210090803397,0.305969885938,
    0.35325993598,0.443670261824,0.563590296581,0.664686888037,1.),
  .UNSPECIFIED.);
#681 = CARTESIAN_POINT('',(134.6891554039,131.0401072451,194.59102457475
    ));
#682 = CARTESIAN_POINT('',(134.6776403484,131.03419412349,194.5802113864
    ));
#683 = CARTESIAN_POINT('',(134.66579333409,131.02798105129,
    194.56987375258));
#684 = CARTESIAN_POINT('',(134.65362195845,131.02148054811,
    194.56005686785));
#685 = CARTESIAN_POINT('',(134.64113366107,131.01470888076,
    194.55080403346));
#686 = CARTESIAN_POINT('',(134.62833572368,131.00768606324,
    194.54215665745));
#687 = CARTESIAN_POINT('',(134.60795607572,130.99640731969,
    194.52970776377));
#688 = CARTESIAN_POINT('',(134.60058501524,130.99230941285,
    194.52546128512));
#689 = CARTESIAN_POINT('',(134.59312444,130.98814686189,194.52142220306)
  );
#690 = CARTESIAN_POINT('',(134.585577209,130.98392500581,194.51759753577
    ));
#691 = CARTESIAN_POINT('',(134.57794668898,130.9796497969,
    194.51399393517));
#692 = CARTESIAN_POINT('',(134.55456119237,130.96654047362,
    194.50375322034));
#693 = CARTESIAN_POINT('',(134.53854962293,130.95755538033,
    194.49782502202));
#694 = CARTESIAN_POINT('',(134.52224537575,130.94843341811,
    194.49289145631));
#695 = CARTESIAN_POINT('',(134.50569229247,130.93924085503,
    194.48899254157));
#696 = CARTESIAN_POINT('',(134.48893609052,130.93004636192,
    194.48615009319));
#697 = CARTESIAN_POINT('',(134.45368134826,130.91101563633,
    194.48243450569));
#698 = CARTESIAN_POINT('',(134.43516883661,130.90119825078,
    194.48175021196));
#699 = CARTESIAN_POINT('',(134.41655042269,130.89155219986,
    194.48231614655));
#700 = CARTESIAN_POINT('',(134.39789081485,130.88216126083,
    194.48410867364));
#701 = CARTESIAN_POINT('',(134.37925908159,130.87310234905,
    194.48708029199));
#702 = CARTESIAN_POINT('',(134.35159177375,130.86016928373,
    194.49317306377));
#703 = CARTESIAN_POINT('',(134.34247499558,130.85599268919,
    194.49545600633));
#704 = CARTESIAN_POINT('',(134.33338709852,130.85191839483,
    194.49800156881));
#705 = CARTESIAN_POINT('',(134.32433441546,130.8479524672,
    194.50080147389));
#706 = CARTESIAN_POINT('',(134.3153227131,130.84410005224,
    194.50384699234));
#707 = CARTESIAN_POINT('',(134.2892166796,130.83322532457,
    194.51340345999));
#708 = CARTESIAN_POINT('',(134.27225321938,130.82651911309,
    194.52053937542));
#709 = CARTESIAN_POINT('',(134.25549163906,130.82027092068,
    194.52847617935));
#710 = CARTESIAN_POINT('',(134.23895752313,130.81449837441,
    194.53715260922));
#711 = CARTESIAN_POINT('',(134.2226772128,130.80921254868,
    194.54650664972));
#712 = CARTESIAN_POINT('',(134.18545623211,130.79805844141,
    194.56969823504));
#713 = CARTESIAN_POINT('',(134.16472226584,130.79256126383,
    194.58400673831));
#714 = CARTESIAN_POINT('',(134.14450355793,130.78792738309,
    194.59927834237));
#715 = CARTESIAN_POINT('',(134.12482845577,130.78414566985,
    194.6154037308));
#716 = CARTESIAN_POINT('',(134.10572453633,130.78119552069,
    194.63228628787));
#717 = CARTESIAN_POINT('',(134.07161478533,130.77724026672,
    194.6646409737));
#718 = CARTESIAN_POINT('',(134.0564333828,130.77600232497,
    194.67992118625));
#719 = CARTESIAN_POINT('',(134.04168440188,130.77531871455,
    194.69563620329));
#720 = CARTESIAN_POINT('',(134.02737927778,130.77517074771,
    194.71174574592));
#721 = CARTESIAN_POINT('',(134.01352941044,130.77553797316,
    194.72821510607));
#722 = CARTESIAN_POINT('',(133.95575715223,130.77925126273,
    194.80073684544));
#723 = CARTESIAN_POINT('',(133.91641520268,130.78753459261,
    194.86020228082));
#724 = CARTESIAN_POINT('',(133.88266588564,130.80048153234,
    194.9222353162));
#725 = CARTESIAN_POINT('',(133.85497549555,130.81709128728,
    194.98615742347));
#726 = CARTESIAN_POINT('',(133.83369392721,130.83632778482,
    195.05154186659));
#727 = CARTESIAN_POINT('',(133.81912554621,130.85713126904,
    195.11801807459));
#728 = ORIENTED_EDGE('',*,*,#729,.F.);
#729 = EDGE_CURVE('',#678,#676,#730,.T.);
#730 = ELLIPSE('',#731,4.737964641927,1.2);
#731 = AXIS2_PLACEMENT_3D('',#732,#733,#734);
#732 = CARTESIAN_POINT('',(135.58481558744,129.96455297157,
    194.28698118228));
#733 = DIRECTION('',(-0.486088972146,-0.162029657382,-0.858757184125));
#734 = DIRECTION('',(0.856873671404,0.10471261936,-0.504779930863));
#735 = CYLINDRICAL_SURFACE('',#736,1.2);
#736 = AXIS2_PLACEMENT_3D('',#737,#738,#739);
#737 = CARTESIAN_POINT('',(133.07179676972,129.75,196.8));
#738 = DIRECTION('',(0.70582173878,6.026065160727E-02,-0.70582173878));
#739 = DIRECTION('',(-0.707106781187,0.,-0.707106781187));
#740 = ADVANCED_FACE('',(#741),#746,.F.);
#741 = FACE_BOUND('',#742,.F.);
#742 = EDGE_LOOP('',(#743,#744,#745));
#743 = ORIENTED_EDGE('',*,*,#666,.T.);
#744 = ORIENTED_EDGE('',*,*,#658,.T.);
#745 = ORIENTED_EDGE('',*,*,#599,.T.);
#746 = PLANE('',#747);
#747 = AXIS2_PLACEMENT_3D('',#748,#749,#750);
#748 = CARTESIAN_POINT('',(133.07179676972,129.75,196.8));
#749 = DIRECTION('',(0.70582173878,6.026065160727E-02,-0.70582173878));
#750 = DIRECTION('',(-0.707106781187,0.,-0.707106781187));
#751 = ADVANCED_FACE('',(#752),#762,.T.);
#752 = FACE_BOUND('',#753,.T.);
#753 = EDGE_LOOP('',(#754,#755,#756));
#754 = ORIENTED_EDGE('',*,*,#623,.T.);
#755 = ORIENTED_EDGE('',*,*,#650,.T.);
#756 = ORIENTED_EDGE('',*,*,#757,.T.);
#757 = EDGE_CURVE('',#642,#624,#758,.T.);
#758 = LINE('',#759,#760);
#759 = CARTESIAN_POINT('',(136.,130.,193.87179676972));
#760 = VECTOR('',#761,1.);
#761 = DIRECTION('',(5.402118045492E-02,-0.998052578483,
    -3.118914307759E-02));
#762 = PLANE('',#763);
#763 = AXIS2_PLACEMENT_3D('',#764,#765,#766);
#764 = CARTESIAN_POINT('',(136.,130.,193.87179676972));
#765 = DIRECTION('',(0.70582173878,6.026065160727E-02,-0.70582173878));
#766 = DIRECTION('',(-0.707106781187,0.,-0.707106781187));
#767 = ADVANCED_FACE('',(#768),#822,.T.);
#768 = FACE_BOUND('',#769,.T.);
#769 = EDGE_LOOP('',(#770,#771,#779,#788,#797,#806,#813,#814,#815));
#770 = ORIENTED_EDGE('',*,*,#641,.T.);
#771 = ORIENTED_EDGE('',*,*,#772,.T.);
#772 = EDGE_CURVE('',#633,#773,#775,.T.);
#773 = VERTEX_POINT('',#774);
#774 = CARTESIAN_POINT('',(140.0012084936,130.23066410246,194.0420076016
    ));
#775 = LINE('',#776,#777);
#776 = CARTESIAN_POINT('',(136.31058285412,130.,195.03090776127));
#777 = VECTOR('',#778,1.);
#778 = DIRECTION('',(0.964170425716,6.026065160727E-02,-0.258348686937)
  );
#779 = ORIENTED_EDGE('',*,*,#780,.F.);
#780 = EDGE_CURVE('',#781,#773,#783,.T.);
#781 = VERTEX_POINT('',#782);
#782 = CARTESIAN_POINT('',(139.9987915064,130.26933589753,
    194.04200760161));
#783 = ELLIPSE('',#784,1.242169498499,1.2);
#784 = AXIS2_PLACEMENT_3D('',#785,#786,#787);
#785 = CARTESIAN_POINT('',(140.,130.25,192.8));
#786 = DIRECTION('',(0.998052578483,6.237828615518E-02,0.));
#787 = DIRECTION('',(0.,0.,-1.));
#788 = ORIENTED_EDGE('',*,*,#789,.F.);
#789 = EDGE_CURVE('',#790,#781,#792,.T.);
#790 = VERTEX_POINT('',#791);
#791 = CARTESIAN_POINT('',(139.92514605661,131.44766309417,192.8));
#792 = ELLIPSE('',#793,1.242169498499,1.2);
#793 = AXIS2_PLACEMENT_3D('',#794,#795,#796);
#794 = CARTESIAN_POINT('',(140.,130.25,192.8));
#795 = DIRECTION('',(0.998052578483,6.237828615518E-02,0.));
#796 = DIRECTION('',(0.,0.,-1.));
#797 = ORIENTED_EDGE('',*,*,#798,.F.);
#798 = EDGE_CURVE('',#799,#790,#801,.T.);
#799 = VERTEX_POINT('',#800);
#800 = CARTESIAN_POINT('',(140.07485394338,129.05233690582,192.8));
#801 = CIRCLE('',#802,1.2);
#802 = AXIS2_PLACEMENT_3D('',#803,#804,#805);
#803 = CARTESIAN_POINT('',(140.,130.25,192.8));
#804 = DIRECTION('',(0.964170425716,6.026065160727E-02,-0.258348686937)
  );
#805 = DIRECTION('',(0.258819045103,1.734723475977E-18,0.965925826289));
#806 = ORIENTED_EDGE('',*,*,#807,.F.);
#807 = EDGE_CURVE('',#773,#799,#808,.T.);
#808 = ELLIPSE('',#809,1.242169498499,1.2);
#809 = AXIS2_PLACEMENT_3D('',#810,#811,#812);
#810 = CARTESIAN_POINT('',(140.,130.25,192.8));
#811 = DIRECTION('',(0.998052578483,6.237828615518E-02,0.));
#812 = DIRECTION('',(0.,0.,-1.));
#813 = ORIENTED_EDGE('',*,*,#772,.F.);
#814 = ORIENTED_EDGE('',*,*,#632,.T.);
#815 = ORIENTED_EDGE('',*,*,#816,.T.);
#816 = EDGE_CURVE('',#624,#642,#817,.T.);
#817 = CIRCLE('',#818,1.2);
#818 = AXIS2_PLACEMENT_3D('',#819,#820,#821);
#819 = CARTESIAN_POINT('',(136.,130.,193.87179676972));
#820 = DIRECTION('',(0.964170425716,6.026065160727E-02,-0.258348686937)
  );
#821 = DIRECTION('',(0.258819045103,1.734723475977E-18,0.965925826289));
#822 = CYLINDRICAL_SURFACE('',#823,1.2);
#823 = AXIS2_PLACEMENT_3D('',#824,#825,#826);
#824 = CARTESIAN_POINT('',(136.,130.,193.87179676972));
#825 = DIRECTION('',(0.964170425716,6.026065160727E-02,-0.258348686937)
  );
#826 = DIRECTION('',(0.258819045103,-1.734723475977E-18,0.965925826289)
  );
#827 = ADVANCED_FACE('',(#828),#958,.T.);
#828 = FACE_BOUND('',#829,.T.);
#829 = EDGE_LOOP('',(#830,#840,#847,#848,#857,#869,#901,#943,#950,#951)
  );
#830 = ORIENTED_EDGE('',*,*,#831,.T.);
#831 = EDGE_CURVE('',#832,#834,#836,.T.);
#832 = VERTEX_POINT('',#833);
#833 = CARTESIAN_POINT('',(132.95569177391,132.,195.39111786382));
#834 = VERTEX_POINT('',#835);
#835 = CARTESIAN_POINT('',(129.95569177391,131.,190.09111786382));
#836 = LINE('',#837,#838);
#837 = CARTESIAN_POINT('',(132.95569177391,132.,195.39111786382));
#838 = VECTOR('',#839,1.);
#839 = DIRECTION('',(-0.486088972146,-0.162029657382,-0.858757184125));
#840 = ORIENTED_EDGE('',*,*,#841,.F.);
#841 = EDGE_CURVE('',#834,#834,#842,.T.);
#842 = CIRCLE('',#843,1.2);
#843 = AXIS2_PLACEMENT_3D('',#844,#845,#846);
#844 = CARTESIAN_POINT('',(131.,131.,189.5));
#845 = DIRECTION('',(-0.486088972146,-0.162029657382,-0.858757184125));
#846 = DIRECTION('',(-0.870256855071,-2.775557561563E-17,0.492598219852)
  );
#847 = ORIENTED_EDGE('',*,*,#831,.F.);
#848 = ORIENTED_EDGE('',*,*,#849,.T.);
#849 = EDGE_CURVE('',#832,#850,#852,.T.);
#850 = VERTEX_POINT('',#851);
#851 = CARTESIAN_POINT('',(132.98079999733,132.38279021536,
    195.30468109295));
#852 = CIRCLE('',#853,1.2);
#853 = AXIS2_PLACEMENT_3D('',#854,#855,#856);
#854 = CARTESIAN_POINT('',(134.,132.,194.8));
#855 = DIRECTION('',(-0.486088972146,-0.162029657382,-0.858757184125));
#856 = DIRECTION('',(-0.870256855071,-2.775557561563E-17,0.492598219852)
  );
#857 = ORIENTED_EDGE('',*,*,#858,.T.);
#858 = EDGE_CURVE('',#850,#859,#861,.T.);
#859 = VERTEX_POINT('',#860);
#860 = CARTESIAN_POINT('',(133.15635819473,132.82966400289,
    195.01838230014));
#861 = B_SPLINE_CURVE_WITH_KNOTS('',6,(#862,#863,#864,#865,#866,#867,
    #868),.UNSPECIFIED.,.F.,.F.,(7,7),(0.,1.),.PIECEWISE_BEZIER_KNOTS.);
#862 = CARTESIAN_POINT('',(132.98079984743,132.382788309,195.30468223617
    ));
#863 = CARTESIAN_POINT('',(132.98719806225,132.46416314319,
    195.25588264057));
#864 = CARTESIAN_POINT('',(133.00378420127,132.54480896527,
    195.20826535036));
#865 = CARTESIAN_POINT('',(133.03011424164,132.62314930013,
    195.16125604073));
#866 = CARTESIAN_POINT('',(133.06528952827,132.69763305417,
    195.11430476847));
#867 = CARTESIAN_POINT('',(133.10792905089,132.76683588861,
    195.06681144398));
#868 = CARTESIAN_POINT('',(133.15635819473,132.82966400289,
    195.01838230014));
#869 = ORIENTED_EDGE('',*,*,#870,.T.);
#870 = EDGE_CURVE('',#859,#871,#873,.T.);
#871 = VERTEX_POINT('',#872);
#872 = CARTESIAN_POINT('',(134.24530703834,132.92263473938,
    193.92943345653));
#873 = B_SPLINE_CURVE_WITH_KNOTS('',6,(#874,#875,#876,#877,#878,#879,
    #880,#881,#882,#883,#884,#885,#886,#887,#888,#889,#890,#891,#892,
    #893,#894,#895,#896,#897,#898,#899,#900),.UNSPECIFIED.,.F.,.F.,(7,5,
    5,5,5,7),(0.,6.86269822753E-02,0.354366607714,0.585459029449,
    0.799770865217,1.),.UNSPECIFIED.);
#874 = CARTESIAN_POINT('',(133.15635819473,132.82966400289,
    195.01838230014));
#875 = CARTESIAN_POINT('',(133.16647498656,132.84278872289,
    195.00826550831));
#876 = CARTESIAN_POINT('',(133.17685250385,132.85564570657,
    194.99809984534));
#877 = CARTESIAN_POINT('',(133.18747821656,132.86822677219,
    194.98787956404));
#878 = CARTESIAN_POINT('',(133.19833954761,132.88052419821,
    194.97759907184));
#879 = CARTESIAN_POINT('',(133.20942387298,132.89253072325,
    194.96725293077));
#880 = CARTESIAN_POINT('',(133.26774563198,132.95299113843,
    194.91346267489));
#881 = CARTESIAN_POINT('',(133.31848569112,132.99665067595,
    194.86879845514));
#882 = CARTESIAN_POINT('',(133.37195929169,133.03460934324,
    194.82253952365));
#883 = CARTESIAN_POINT('',(133.42718129703,133.06649854823,
    194.77440929295));
#884 = CARTESIAN_POINT('',(133.48332478591,133.09213526256,
    194.72429006845));
#885 = CARTESIAN_POINT('',(133.58540821405,133.12711244477,
    194.63021312017));
#886 = CARTESIAN_POINT('',(133.63115784341,133.13860162435,
    194.58699132342));
#887 = CARTESIAN_POINT('',(133.67668003462,133.14594573717,
    194.54267098878));
#888 = CARTESIAN_POINT('',(133.72172145898,133.1492039411,
    194.49741013903));
#889 = CARTESIAN_POINT('',(133.76610279863,133.14847580214,194.45148807)
  );
#890 = CARTESIAN_POINT('',(133.85008619428,133.13969963222,
    194.36244667939));
#891 = CARTESIAN_POINT('',(133.88981646094,133.1321854066,
    194.31934967957));
#892 = CARTESIAN_POINT('',(133.9288684498,133.12149120282,
    194.27618017428));
#893 = CARTESIAN_POINT('',(133.9672696247,133.10770891305,
    194.23317386537));
#894 = CARTESIAN_POINT('',(134.00506212115,133.09091875253,
    194.19061377971));
#895 = CARTESIAN_POINT('',(134.07707366146,133.05277152487,
    194.1097783583));
#896 = CARTESIAN_POINT('',(134.11137788583,133.03178003253,
    194.07138997848));
#897 = CARTESIAN_POINT('',(134.14528367903,133.00825781907,
    194.03387494091));
#898 = CARTESIAN_POINT('',(134.17886271314,132.98222207682,
    193.99749428342));
#899 = CARTESIAN_POINT('',(134.21218192424,132.95367967048,
    193.96255857062));
#900 = CARTESIAN_POINT('',(134.24530703834,132.92263473938,
    193.92943345653));
#901 = ORIENTED_EDGE('',*,*,#902,.F.);
#902 = EDGE_CURVE('',#903,#871,#905,.T.);
#903 = VERTEX_POINT('',#904);
#904 = CARTESIAN_POINT('',(135.04641020275,131.81435323011,
    194.24272003049));
#905 = B_SPLINE_CURVE_WITH_KNOTS('',6,(#906,#907,#908,#909,#910,#911,
    #912,#913,#914,#915,#916,#917,#918,#919,#920,#921,#922,#923,#924,
    #925,#926,#927,#928,#929,#930,#931,#932,#933,#934,#935,#936,#937,
    #938,#939,#940,#941,#942),.UNSPECIFIED.,.F.,.F.,(7,5,5,5,5,5,5,7),(
    0.,0.300664469848,0.39322408629,0.445354272437,0.55407809793,
    0.703110381053,0.786040620405,1.),.UNSPECIFIED.);
#906 = CARTESIAN_POINT('',(135.04641047467,131.81435299351,
    194.2427206199));
#907 = CARTESIAN_POINT('',(135.01522672138,131.84148662225,
    194.17512751832));
#908 = CARTESIAN_POINT('',(134.98411974812,131.87399714062,
    194.10920997273));
#909 = CARTESIAN_POINT('',(134.95268594608,131.91194955184,
    194.0457366903));
#910 = CARTESIAN_POINT('',(134.92049113634,131.95544846587,
    193.9856881822));
#911 = CARTESIAN_POINT('',(134.88706459107,132.00457699832,
    193.93029978359));
#912 = CARTESIAN_POINT('',(134.84101398358,132.07613620372,
    193.86596428203));
#913 = CARTESIAN_POINT('',(134.83001122493,132.09350040676,
    193.85141622191));
#914 = CARTESIAN_POINT('',(134.81883865589,132.1113680465,
    193.83752024272));
#915 = CARTESIAN_POINT('',(134.80748880895,132.12972034433,
    193.8243301628));
#916 = CARTESIAN_POINT('',(134.79595348927,132.14853644306,
    193.81189718217));
#917 = CARTESIAN_POINT('',(134.77761752198,132.17863905584,
    193.79372131081));
#918 = CARTESIAN_POINT('',(134.77095091732,132.18962243014,
    193.78742953534));
#919 = CARTESIAN_POINT('',(134.76422331778,132.20073785872,
    193.78140408255));
#920 = CARTESIAN_POINT('',(134.75743444843,132.21197878415,
    193.77565406228));
#921 = CARTESIAN_POINT('',(134.75058440228,132.2233377626,
    193.77018816784));
#922 = CARTESIAN_POINT('',(134.72926040795,132.25872583125,
    193.75422473121));
#923 = CARTESIAN_POINT('',(134.71457621167,132.28313391669,
    193.74470129466));
#924 = CARTESIAN_POINT('',(134.69963430056,132.30794040056,
    193.73652756356));
#925 = CARTESIAN_POINT('',(134.68444858074,132.33304944969,
    193.72976276302));
#926 = CARTESIAN_POINT('',(134.66903477566,132.3583619618,
    193.72444202386));
#927 = CARTESIAN_POINT('',(134.631996229,132.41861637327,193.71527729742
    ));
#928 = CARTESIAN_POINT('',(134.61021536159,132.45360363013,
    193.71271899301));
#929 = CARTESIAN_POINT('',(134.58811089776,132.48849414799,
    193.71291470139));
#930 = CARTESIAN_POINT('',(134.5657374167,132.5230354222,193.71579948223
    ));
#931 = CARTESIAN_POINT('',(134.54316729227,132.5569777432,
    193.72123099519));
#932 = CARTESIAN_POINT('',(134.50788009625,132.60850634763,
    193.7333081758));
#933 = CARTESIAN_POINT('',(134.49522549648,132.62668078495,
    193.73834939749));
#934 = CARTESIAN_POINT('',(134.48253607541,132.64458379381,
    193.74408222836));
#935 = CARTESIAN_POINT('',(134.4698169793,132.66219288327,193.7504725342
    ));
#936 = CARTESIAN_POINT('',(134.45707444819,132.67948665313,
    193.75748387761));
#937 = CARTESIAN_POINT('',(134.41139864268,132.74019666651,
    193.78466905202));
#938 = CARTESIAN_POINT('',(134.37841258743,132.78166370266,
    193.80811374642));
#939 = CARTESIAN_POINT('',(134.34533103609,132.82071460139,
    193.83482271207));
#940 = CARTESIAN_POINT('',(134.31213290954,132.85726094204,
    193.86426010807));
#941 = CARTESIAN_POINT('',(134.27879878847,132.89124619615,
    193.8959417064));
#942 = CARTESIAN_POINT('',(134.24530703834,132.92263473938,
    193.92943345653));
#943 = ORIENTED_EDGE('',*,*,#944,.T.);
#944 = EDGE_CURVE('',#903,#676,#945,.T.);
#945 = CIRCLE('',#946,1.2);
#946 = AXIS2_PLACEMENT_3D('',#947,#948,#949);
#947 = CARTESIAN_POINT('',(134.,132.,194.8));
#948 = DIRECTION('',(-0.486088972146,-0.162029657382,-0.858757184125));
#949 = DIRECTION('',(-0.870256855071,-2.775557561563E-17,0.492598219852)
  );
#950 = ORIENTED_EDGE('',*,*,#675,.T.);
#951 = ORIENTED_EDGE('',*,*,#952,.T.);
#952 = EDGE_CURVE('',#678,#832,#953,.T.);
#953 = CIRCLE('',#954,1.2);
#954 = AXIS2_PLACEMENT_3D('',#955,#956,#957);
#955 = CARTESIAN_POINT('',(134.,132.,194.8));
#956 = DIRECTION('',(-0.486088972146,-0.162029657382,-0.858757184125));
#957 = DIRECTION('',(-0.870256855071,-2.775557561563E-17,0.492598219852)
  );
#958 = CYLINDRICAL_SURFACE('',#959,1.2);
#959 = AXIS2_PLACEMENT_3D('',#960,#961,#962);
#960 = CARTESIAN_POINT('',(134.,132.,194.8));
#961 = DIRECTION('',(-0.486088972146,-0.162029657382,-0.858757184125));
#962 = DIRECTION('',(-0.870256855071,-1.387778780781E-17,0.492598219852)
  );
#963 = ADVANCED_FACE('',(#964),#977,.F.);
#964 = FACE_BOUND('',#965,.F.);
#965 = EDGE_LOOP('',(#966,#967,#968,#975,#976));
#966 = ORIENTED_EDGE('',*,*,#952,.T.);
#967 = ORIENTED_EDGE('',*,*,#849,.T.);
#968 = ORIENTED_EDGE('',*,*,#969,.F.);
#969 = EDGE_CURVE('',#903,#850,#970,.T.);
#970 = ELLIPSE('',#971,4.737964641927,1.2);
#971 = AXIS2_PLACEMENT_3D('',#972,#973,#974);
#972 = CARTESIAN_POINT('',(136.93944770384,133.08020683931,
    192.93234906587));
#973 = DIRECTION('',(-0.486088972146,-0.162029657382,-0.858757184125));
#974 = DIRECTION('',(0.856873671404,0.10471261936,-0.504779930863));
#975 = ORIENTED_EDGE('',*,*,#944,.T.);
#976 = ORIENTED_EDGE('',*,*,#729,.F.);
#977 = PLANE('',#978);
#978 = AXIS2_PLACEMENT_3D('',#979,#980,#981);
#979 = CARTESIAN_POINT('',(134.,132.,194.8));
#980 = DIRECTION('',(-0.486088972146,-0.162029657382,-0.858757184125));
#981 = DIRECTION('',(-0.870256855071,-1.387778780781E-17,0.492598219852)
  );
#982 = ADVANCED_FACE('',(#983),#987,.F.);
#983 = FACE_BOUND('',#984,.F.);
#984 = EDGE_LOOP('',(#985,#986));
#985 = ORIENTED_EDGE('',*,*,#757,.T.);
#986 = ORIENTED_EDGE('',*,*,#816,.T.);
#987 = PLANE('',#988);
#988 = AXIS2_PLACEMENT_3D('',#989,#990,#991);
#989 = CARTESIAN_POINT('',(136.,130.,193.87179676972));
#990 = DIRECTION('',(0.964170425716,6.026065160727E-02,-0.258348686937)
  );
#991 = DIRECTION('',(0.258819045103,-1.734723475977E-18,0.965925826289)
  );
#992 = ADVANCED_FACE('',(#993),#1039,.T.);
#993 = FACE_BOUND('',#994,.T.);
#994 = EDGE_LOOP('',(#995,#996,#1004,#1013,#1022,#1029,#1030,#1031,#1032
    ));
#995 = ORIENTED_EDGE('',*,*,#789,.T.);
#996 = ORIENTED_EDGE('',*,*,#997,.T.);
#997 = EDGE_CURVE('',#781,#998,#1000,.T.);
#998 = VERTEX_POINT('',#999);
#999 = CARTESIAN_POINT('',(143.38004278534,130.48066410246,
    194.9480111512));
#1000 = LINE('',#1001,#1002);
#1001 = CARTESIAN_POINT('',(139.68941714587,130.25,193.95911099154));
#1002 = VECTOR('',#1003,1.);
#1003 = DIRECTION('',(0.964170425716,6.026065160727E-02,0.258348686937)
  );
#1004 = ORIENTED_EDGE('',*,*,#1005,.F.);
#1005 = EDGE_CURVE('',#1006,#998,#1008,.T.);
#1006 = VERTEX_POINT('',#1007);
#1007 = CARTESIAN_POINT('',(143.93517458345,131.69766309417,
    193.83436979803));
#1008 = ELLIPSE('',#1009,1.242169498499,1.2);
#1009 = AXIS2_PLACEMENT_3D('',#1010,#1011,#1012);
#1010 = CARTESIAN_POINT('',(144.,130.5,193.87179676972));
#1011 = DIRECTION('',(0.864338887279,6.237828615518E-02,0.499026289241)
  );
#1012 = DIRECTION('',(0.5,-4.406197628981E-16,-0.866025403784));
#1013 = ORIENTED_EDGE('',*,*,#1014,.F.);
#1014 = EDGE_CURVE('',#1015,#1006,#1017,.T.);
#1015 = VERTEX_POINT('',#1016);
#1016 = CARTESIAN_POINT('',(144.06482541654,129.30233690582,
    193.90922374141));
#1017 = CIRCLE('',#1018,1.2);
#1018 = AXIS2_PLACEMENT_3D('',#1019,#1020,#1021);
#1019 = CARTESIAN_POINT('',(144.,130.5,193.87179676972));
#1020 = DIRECTION('',(0.964170425716,6.026065160727E-02,0.258348686937)
  );
#1021 = DIRECTION('',(-0.258819045103,-1.734723475977E-18,0.965925826289
    ));
#1022 = ORIENTED_EDGE('',*,*,#1023,.F.);
#1023 = EDGE_CURVE('',#998,#1015,#1024,.T.);
#1024 = ELLIPSE('',#1025,1.242169498499,1.2);
#1025 = AXIS2_PLACEMENT_3D('',#1026,#1027,#1028);
#1026 = CARTESIAN_POINT('',(144.,130.5,193.87179676972));
#1027 = DIRECTION('',(0.864338887279,6.237828615518E-02,0.499026289241)
  );
#1028 = DIRECTION('',(0.5,-4.406197628981E-16,-0.866025403784));
#1029 = ORIENTED_EDGE('',*,*,#997,.F.);
#1030 = ORIENTED_EDGE('',*,*,#780,.T.);
#1031 = ORIENTED_EDGE('',*,*,#807,.T.);
#1032 = ORIENTED_EDGE('',*,*,#1033,.T.);
#1033 = EDGE_CURVE('',#799,#790,#1034,.T.);
#1034 = CIRCLE('',#1035,1.2);
#1035 = AXIS2_PLACEMENT_3D('',#1036,#1037,#1038);
#1036 = CARTESIAN_POINT('',(140.,130.25,192.8));
#1037 = DIRECTION('',(0.964170425716,6.026065160727E-02,0.258348686937)
  );
#1038 = DIRECTION('',(-0.258819045103,-1.734723475977E-18,0.965925826289
    ));
#1039 = CYLINDRICAL_SURFACE('',#1040,1.2);
#1040 = AXIS2_PLACEMENT_3D('',#1041,#1042,#1043);
#1041 = CARTESIAN_POINT('',(140.,130.25,192.8));
#1042 = DIRECTION('',(0.964170425716,6.026065160727E-02,0.258348686937)
  );
#1043 = DIRECTION('',(-0.258819045103,1.734723475977E-18,0.965925826289)
  );
#1044 = ADVANCED_FACE('',(#1045),#1054,.T.);
#1045 = FACE_BOUND('',#1046,.T.);
#1046 = EDGE_LOOP('',(#1047,#1053));
#1047 = ORIENTED_EDGE('',*,*,#1048,.T.);
#1048 = EDGE_CURVE('',#790,#799,#1049,.T.);
#1049 = LINE('',#1050,#1051);
#1050 = CARTESIAN_POINT('',(140.,130.25,192.8));
#1051 = VECTOR('',#1052,1.);
#1052 = DIRECTION('',(6.237828615518E-02,-0.998052578483,0.));
#1053 = ORIENTED_EDGE('',*,*,#798,.T.);
#1054 = PLANE('',#1055);
#1055 = AXIS2_PLACEMENT_3D('',#1056,#1057,#1058);
#1056 = CARTESIAN_POINT('',(140.,130.25,192.8));
#1057 = DIRECTION('',(0.964170425716,6.026065160727E-02,-0.258348686937)
  );
#1058 = DIRECTION('',(0.258819045103,-1.734723475977E-18,0.965925826289)
  );
#1059 = ADVANCED_FACE('',(#1060),#1143,.T.);
#1060 = FACE_BOUND('',#1061,.T.);
#1061 = EDGE_LOOP('',(#1062,#1070,#1079,#1088,#1097,#1104,#1105,#1106,
    #1114,#1123,#1132,#1139,#1140,#1141,#1142));
#1062 = ORIENTED_EDGE('',*,*,#1063,.T.);
#1063 = EDGE_CURVE('',#871,#1064,#1066,.T.);
#1064 = VERTEX_POINT('',#1065);
#1065 = CARTESIAN_POINT('',(135.15147186257,133.,193.0232686323));
#1066 = LINE('',#1067,#1068);
#1067 = CARTESIAN_POINT('',(132.2232686323,132.75,195.95147186257));
#1068 = VECTOR('',#1069,1.);
#1069 = DIRECTION('',(0.70582173878,6.026065160727E-02,-0.70582173878));
#1070 = ORIENTED_EDGE('',*,*,#1071,.F.);
#1071 = EDGE_CURVE('',#1072,#1064,#1074,.T.);
#1072 = VERTEX_POINT('',#1073);
#1073 = CARTESIAN_POINT('',(136.06482541654,131.80233690582,
    193.83436979803));
#1074 = CIRCLE('',#1075,1.2);
#1075 = AXIS2_PLACEMENT_3D('',#1076,#1077,#1078);
#1076 = CARTESIAN_POINT('',(136.,133.,193.87179676972));
#1077 = DIRECTION('',(0.70582173878,6.026065160727E-02,-0.70582173878));
#1078 = DIRECTION('',(-0.707106781187,0.,-0.707106781187));
#1079 = ORIENTED_EDGE('',*,*,#1080,.F.);
#1080 = EDGE_CURVE('',#1081,#1072,#1083,.T.);
#1081 = VERTEX_POINT('',#1082);
#1082 = CARTESIAN_POINT('',(136.61995721464,133.01933589753,
    194.94801115121));
#1083 = ELLIPSE('',#1084,1.242169498499,1.2);
#1084 = AXIS2_PLACEMENT_3D('',#1085,#1086,#1087);
#1085 = CARTESIAN_POINT('',(136.,133.,193.87179676972));
#1086 = DIRECTION('',(0.864338887279,6.237828615518E-02,-0.499026289241)
  );
#1087 = DIRECTION('',(-0.5,4.406197628981E-16,-0.866025403784));
#1088 = ORIENTED_EDGE('',*,*,#1089,.F.);
#1089 = EDGE_CURVE('',#1090,#1081,#1092,.T.);
#1090 = VERTEX_POINT('',#1091);
#1091 = CARTESIAN_POINT('',(135.93517458345,134.19766309417,
    193.90922374141));
#1092 = ELLIPSE('',#1093,1.242169498499,1.2);
#1093 = AXIS2_PLACEMENT_3D('',#1094,#1095,#1096);
#1094 = CARTESIAN_POINT('',(136.,133.,193.87179676972));
#1095 = DIRECTION('',(0.864338887279,6.237828615518E-02,-0.499026289241)
  );
#1096 = DIRECTION('',(-0.5,4.406197628981E-16,-0.866025403784));
#1097 = ORIENTED_EDGE('',*,*,#1098,.F.);
#1098 = EDGE_CURVE('',#1064,#1090,#1099,.T.);
#1099 = CIRCLE('',#1100,1.2);
#1100 = AXIS2_PLACEMENT_3D('',#1101,#1102,#1103);
#1101 = CARTESIAN_POINT('',(136.,133.,193.87179676972));
#1102 = DIRECTION('',(0.70582173878,6.026065160727E-02,-0.70582173878));
#1103 = DIRECTION('',(-0.707106781187,0.,-0.707106781187));
#1104 = ORIENTED_EDGE('',*,*,#1063,.F.);
#1105 = ORIENTED_EDGE('',*,*,#870,.F.);
#1106 = ORIENTED_EDGE('',*,*,#1107,.F.);
#1107 = EDGE_CURVE('',#1108,#859,#1110,.T.);
#1108 = VERTEX_POINT('',#1109);
#1109 = CARTESIAN_POINT('',(132.2232686323,132.75,195.95147186257));
#1110 = LINE('',#1111,#1112);
#1111 = CARTESIAN_POINT('',(132.2232686323,132.75,195.95147186257));
#1112 = VECTOR('',#1113,1.);
#1113 = DIRECTION('',(0.70582173878,6.026065160727E-02,-0.70582173878));
#1114 = ORIENTED_EDGE('',*,*,#1115,.T.);
#1115 = EDGE_CURVE('',#1108,#1116,#1118,.T.);
#1116 = VERTEX_POINT('',#1117);
#1117 = CARTESIAN_POINT('',(133.03436979803,133.94766309417,
    196.86482541654));
#1118 = CIRCLE('',#1119,1.2);
#1119 = AXIS2_PLACEMENT_3D('',#1120,#1121,#1122);
#1120 = CARTESIAN_POINT('',(133.07179676972,132.75,196.8));
#1121 = DIRECTION('',(0.70582173878,6.026065160727E-02,-0.70582173878));
#1122 = DIRECTION('',(-0.707106781187,0.,-0.707106781187));
#1123 = ORIENTED_EDGE('',*,*,#1124,.T.);
#1124 = EDGE_CURVE('',#1116,#1125,#1127,.T.);
#1125 = VERTEX_POINT('',#1126);
#1126 = CARTESIAN_POINT('',(133.10922374141,131.55233690582,
    196.73517458345));
#1127 = ELLIPSE('',#1128,1.242169498499,1.2);
#1128 = AXIS2_PLACEMENT_3D('',#1129,#1130,#1131);
#1129 = CARTESIAN_POINT('',(133.07179676972,132.75,196.8));
#1130 = DIRECTION('',(0.499026289241,6.237828615518E-02,-0.864338887279)
  );
#1131 = DIRECTION('',(-0.866025403784,-4.406197628981E-16,-0.5));
#1132 = ORIENTED_EDGE('',*,*,#1133,.T.);
#1133 = EDGE_CURVE('',#1125,#1108,#1134,.T.);
#1134 = CIRCLE('',#1135,1.2);
#1135 = AXIS2_PLACEMENT_3D('',#1136,#1137,#1138);
#1136 = CARTESIAN_POINT('',(133.07179676972,132.75,196.8));
#1137 = DIRECTION('',(0.70582173878,6.026065160727E-02,-0.70582173878));
#1138 = DIRECTION('',(-0.707106781187,0.,-0.707106781187));
#1139 = ORIENTED_EDGE('',*,*,#1107,.T.);
#1140 = ORIENTED_EDGE('',*,*,#858,.F.);
#1141 = ORIENTED_EDGE('',*,*,#969,.F.);
#1142 = ORIENTED_EDGE('',*,*,#902,.T.);
#1143 = CYLINDRICAL_SURFACE('',#1144,1.2);
#1144 = AXIS2_PLACEMENT_3D('',#1145,#1146,#1147);
#1145 = CARTESIAN_POINT('',(133.07179676972,132.75,196.8));
#1146 = DIRECTION('',(0.70582173878,6.026065160727E-02,-0.70582173878));
#1147 = DIRECTION('',(-0.707106781187,0.,-0.707106781187));
#1148 = ADVANCED_FACE('',(#1149),#1152,.T.);
#1149 = FACE_BOUND('',#1150,.T.);
#1150 = EDGE_LOOP('',(#1151));
#1151 = ORIENTED_EDGE('',*,*,#841,.T.);
#1152 = PLANE('',#1153);
#1153 = AXIS2_PLACEMENT_3D('',#1154,#1155,#1156);
#1154 = CARTESIAN_POINT('',(131.,131.,189.5));
#1155 = DIRECTION('',(-0.486088972146,-0.162029657382,-0.858757184125));
#1156 = DIRECTION('',(-0.870256855071,-1.387778780781E-17,0.492598219852
    ));
#1157 = ADVANCED_FACE('',(#1158),#1162,.F.);
#1158 = FACE_BOUND('',#1159,.F.);
#1159 = EDGE_LOOP('',(#1160,#1161));
#1160 = ORIENTED_EDGE('',*,*,#1048,.T.);
#1161 = ORIENTED_EDGE('',*,*,#1033,.T.);
#1162 = PLANE('',#1163);
#1163 = AXIS2_PLACEMENT_3D('',#1164,#1165,#1166);
#1164 = CARTESIAN_POINT('',(140.,130.25,192.8));
#1165 = DIRECTION('',(0.964170425716,6.026065160727E-02,0.258348686937)
  );
#1166 = DIRECTION('',(-0.258819045103,1.734723475977E-18,0.965925826289)
  );
#1167 = ADVANCED_FACE('',(#1168),#1318,.T.);
#1168 = FACE_BOUND('',#1169,.T.);
#1169 = EDGE_LOOP('',(#1170,#1181,#1189,#1204,#1212,#1219,#1220,#1221,
    #1228,#1229,#1266,#1283,#1302,#1311));
#1170 = ORIENTED_EDGE('',*,*,#1171,.F.);
#1171 = EDGE_CURVE('',#1172,#1174,#1176,.T.);
#1172 = VERTEX_POINT('',#1173);
#1173 = CARTESIAN_POINT('',(147.77673136769,130.75,195.95147186257));
#1174 = VERTEX_POINT('',#1175);
#1175 = CARTESIAN_POINT('',(146.89077625858,131.94766309417,
    196.73517458345));
#1176 = CIRCLE('',#1177,1.2);
#1177 = AXIS2_PLACEMENT_3D('',#1178,#1179,#1180);
#1178 = CARTESIAN_POINT('',(146.92820323027,130.75,196.8));
#1179 = DIRECTION('',(0.70582173878,6.026065160727E-02,0.70582173878));
#1180 = DIRECTION('',(0.707106781187,0.,-0.707106781187));
#1181 = ORIENTED_EDGE('',*,*,#1182,.F.);
#1182 = EDGE_CURVE('',#1183,#1172,#1185,.T.);
#1183 = VERTEX_POINT('',#1184);
#1184 = CARTESIAN_POINT('',(146.92789193416,130.67752898562,
    195.10263242904));
#1185 = LINE('',#1186,#1187);
#1186 = CARTESIAN_POINT('',(144.84852813742,130.5,193.0232686323));
#1187 = VECTOR('',#1188,1.);
#1188 = DIRECTION('',(0.70582173878,6.026065160727E-02,0.70582173878));
#1189 = ORIENTED_EDGE('',*,*,#1190,.F.);
#1190 = EDGE_CURVE('',#1191,#1183,#1193,.T.);
#1191 = VERTEX_POINT('',#1192);
#1192 = CARTESIAN_POINT('',(146.45529640225,130.63718039173,
    194.63003689712));
#1193 = B_SPLINE_CURVE_WITH_KNOTS('',5,(#1194,#1195,#1196,#1197,#1198,
    #1199,#1200,#1201,#1202,#1203),.UNSPECIFIED.,.F.,.F.,(6,4,6),(0.,
    0.468541097747,1.),.UNSPECIFIED.);
#1194 = CARTESIAN_POINT('',(146.45529640228,130.63718039173,
    194.63003689716));
#1195 = CARTESIAN_POINT('',(146.49818026241,130.65596305957,
    194.67292075729));
#1196 = CARTESIAN_POINT('',(146.5415975134,130.67121803346,
    194.71667350034));
#1197 = CARTESIAN_POINT('',(146.58549470858,130.68297243587,
    194.76092403278));
#1198 = CARTESIAN_POINT('',(146.62979022553,130.69123525697,
    194.8054288879));
#1199 = CARTESIAN_POINT('',(146.72495167501,130.70137871456,
    194.90068517482));
#1200 = CARTESIAN_POINT('',(146.77590266187,130.70225336533,
    194.95147480831));
#1201 = CARTESIAN_POINT('',(146.82695833313,130.69857070397,
    195.00212666377));
#1202 = CARTESIAN_POINT('',(146.87776446981,130.69031918811,
    195.05250496469));
#1203 = CARTESIAN_POINT('',(146.92789193413,130.67752898562,
    195.10263242901));
#1204 = ORIENTED_EDGE('',*,*,#1205,.F.);
#1205 = EDGE_CURVE('',#1206,#1191,#1208,.T.);
#1206 = VERTEX_POINT('',#1207);
#1207 = CARTESIAN_POINT('',(144.84852813742,130.5,193.0232686323));
#1208 = LINE('',#1209,#1210);
#1209 = CARTESIAN_POINT('',(144.84852813742,130.5,193.0232686323));
#1210 = VECTOR('',#1211,1.);
#1211 = DIRECTION('',(0.70582173878,6.026065160727E-02,0.70582173878));
#1212 = ORIENTED_EDGE('',*,*,#1213,.T.);
#1213 = EDGE_CURVE('',#1206,#1006,#1214,.T.);
#1214 = CIRCLE('',#1215,1.2);
#1215 = AXIS2_PLACEMENT_3D('',#1216,#1217,#1218);
#1216 = CARTESIAN_POINT('',(144.,130.5,193.87179676972));
#1217 = DIRECTION('',(0.70582173878,6.026065160727E-02,0.70582173878));
#1218 = DIRECTION('',(0.707106781187,0.,-0.707106781187));
#1219 = ORIENTED_EDGE('',*,*,#1005,.T.);
#1220 = ORIENTED_EDGE('',*,*,#1023,.T.);
#1221 = ORIENTED_EDGE('',*,*,#1222,.T.);
#1222 = EDGE_CURVE('',#1015,#1206,#1223,.T.);
#1223 = CIRCLE('',#1224,1.2);
#1224 = AXIS2_PLACEMENT_3D('',#1225,#1226,#1227);
#1225 = CARTESIAN_POINT('',(144.,130.5,193.87179676972));
#1226 = DIRECTION('',(0.70582173878,6.026065160727E-02,0.70582173878));
#1227 = DIRECTION('',(0.707106781187,0.,-0.707106781187));
#1228 = ORIENTED_EDGE('',*,*,#1205,.T.);
#1229 = ORIENTED_EDGE('',*,*,#1230,.F.);
#1230 = EDGE_CURVE('',#1231,#1191,#1233,.T.);
#1231 = VERTEX_POINT('',#1232);
#1232 = CARTESIAN_POINT('',(145.53564639444,129.5,194.72978512959));
#1233 = B_SPLINE_CURVE_WITH_KNOTS('',6,(#1234,#1235,#1236,#1237,#1238,
    #1239,#1240,#1241,#1242,#1243,#1244,#1245,#1246,#1247,#1248,#1249,
    #1250,#1251,#1252,#1253,#1254,#1255,#1256,#1257,#1258,#1259,#1260,
    #1261,#1262,#1263,#1264,#1265),.UNSPECIFIED.,.F.,.F.,(7,5,5,5,5,5,7)
  ,(0.,0.251348704498,0.325663780036,0.450640079476,0.583778805944,
    0.667268108693,1.),.UNSPECIFIED.);
#1234 = CARTESIAN_POINT('',(145.53564639444,129.5,194.72978512959));
#1235 = CARTESIAN_POINT('',(145.56127710812,129.52603692903,
    194.66570834542));
#1236 = CARTESIAN_POINT('',(145.58697062041,129.55688305016,
    194.60330004416));
#1237 = CARTESIAN_POINT('',(145.61300461019,129.59272559702,
    194.54312963518));
#1238 = CARTESIAN_POINT('',(145.63972853731,129.6337868769,
    194.48607418332));
#1239 = CARTESIAN_POINT('',(145.66760873986,129.68025075185,
    194.43336663225));
#1240 = CARTESIAN_POINT('',(145.70610619765,129.74747336532,
    194.37281102349));
#1241 = CARTESIAN_POINT('',(145.71504790236,129.76328104974,
    194.35951975288));
#1242 = CARTESIAN_POINT('',(145.72415596222,129.77954260732,
    194.34680914785));
#1243 = CARTESIAN_POINT('',(145.73344156207,129.79624214131,
    194.33473048914));
#1244 = CARTESIAN_POINT('',(145.74291746664,129.81336175783,
    194.32333293176));
#1245 = CARTESIAN_POINT('',(145.76887789103,129.86034477732,
    194.29472063864));
#1246 = CARTESIAN_POINT('',(145.78576199572,129.89098616091,
    194.27880863921));
#1247 = CARTESIAN_POINT('',(145.80324848147,129.92258535717,
    194.26524469046));
#1248 = CARTESIAN_POINT('',(145.82134384547,129.95489618422,
    194.25425282079));
#1249 = CARTESIAN_POINT('',(145.84005144283,129.98765879555,
    194.24596419941));
#1250 = CARTESIAN_POINT('',(145.87992962154,130.05571710279,
    194.23450839607));
#1251 = CARTESIAN_POINT('',(145.90110401469,130.09090652791,
    194.23173319041));
#1252 = CARTESIAN_POINT('',(145.92286014431,130.12586092469,
    194.23209662819));
#1253 = CARTESIAN_POINT('',(145.94514696869,130.16025252853,
    194.23548504428));
#1254 = CARTESIAN_POINT('',(145.96787036225,130.19376203398,
    194.24167089065));
#1255 = CARTESIAN_POINT('',(146.00530581714,130.24637154391,
    194.25573938462));
#1256 = CARTESIAN_POINT('',(146.01986121345,130.26620735994,
    194.26213511197));
#1257 = CARTESIAN_POINT('',(146.03453808088,130.28557199568,
    194.26943719712));
#1258 = CARTESIAN_POINT('',(146.04932684492,130.30443731749,
    194.27757666077));
#1259 = CARTESIAN_POINT('',(146.06421450878,130.32277814035,
    194.28648286042));
#1260 = CARTESIAN_POINT('',(146.13884552452,130.41148742535,
    194.3343451079));
#1261 = CARTESIAN_POINT('',(146.19979397571,130.47369212331,
    194.3836228574));
#1262 = CARTESIAN_POINT('',(146.26197641388,130.52698801461,
    194.43996886978));
#1263 = CARTESIAN_POINT('',(146.3252458634,130.57175047951,
    194.50074202082));
#1264 = CARTESIAN_POINT('',(146.38961673708,130.60841340734,
    194.56435723196));
#1265 = CARTESIAN_POINT('',(146.45529640228,130.63718039173,
    194.63003689716));
#1266 = ORIENTED_EDGE('',*,*,#1267,.F.);
#1267 = EDGE_CURVE('',#1268,#1231,#1270,.T.);
#1268 = VERTEX_POINT('',#1269);
#1269 = CARTESIAN_POINT('',(145.17161734009,129.5,195.63985776548));
#1270 = B_SPLINE_CURVE_WITH_KNOTS('',6,(#1271,#1272,#1273,#1274,#1275,
    #1276,#1277,#1278,#1279,#1280,#1281,#1282),.UNSPECIFIED.,.F.,.F.,(7,
    5,7),(0.,0.516893950543,1.),.UNSPECIFIED.);
#1271 = CARTESIAN_POINT('',(145.17161734009,129.5,195.63985776548));
#1272 = CARTESIAN_POINT('',(145.20182662266,129.46994750825,
    195.56433455905));
#1273 = CARTESIAN_POINT('',(145.23357304851,129.44594070415,
    195.48740012727));
#1274 = CARTESIAN_POINT('',(145.26607882379,129.42813414348,
    195.40916568023));
#1275 = CARTESIAN_POINT('',(145.29872368412,129.41659180083,
    195.32988820815));
#1276 = CARTESIAN_POINT('',(145.33109419327,129.41132474201,
    195.24999855771));
#1277 = CARTESIAN_POINT('',(145.39276553697,129.41319969878,
    195.09545022384));
#1278 = CARTESIAN_POINT('',(145.42212497518,129.41955295117,
    195.02080020118));
#1279 = CARTESIAN_POINT('',(145.45097475449,129.43132193454,
    194.94640816943));
#1280 = CARTESIAN_POINT('',(145.47937574206,129.44856221195,
    194.87266369907));
#1281 = CARTESIAN_POINT('',(145.50749552498,129.4714029738,
    194.80016230325));
#1282 = CARTESIAN_POINT('',(145.53564639444,129.5,194.72978512959));
#1283 = ORIENTED_EDGE('',*,*,#1284,.F.);
#1284 = EDGE_CURVE('',#1285,#1268,#1287,.T.);
#1285 = VERTEX_POINT('',#1286);
#1286 = CARTESIAN_POINT('',(145.03514061275,130.10007814565,
    196.4140562451));
#1287 = B_SPLINE_CURVE_WITH_KNOTS('',7,(#1288,#1289,#1290,#1291,#1292,
    #1293,#1294,#1295,#1296,#1297,#1298,#1299,#1300,#1301),
  .UNSPECIFIED.,.F.,.F.,(8,6,8),(0.,9.878033306225E-02,1.),
  .UNSPECIFIED.);
#1288 = CARTESIAN_POINT('',(145.03514080172,130.10007891373,
    196.4140569669));
#1289 = CARTESIAN_POINT('',(145.0326002694,130.08975300331,
    196.40435320244));
#1290 = CARTESIAN_POINT('',(145.03023366072,130.07941070914,
    196.39461895586));
#1291 = CARTESIAN_POINT('',(145.02804141993,130.06905710405,
    196.38485307487));
#1292 = CARTESIAN_POINT('',(145.02602376461,130.05869727336,
    196.37505445073));
#1293 = CARTESIAN_POINT('',(145.02418068563,130.04833631488,
    196.36522201821));
#1294 = CARTESIAN_POINT('',(145.02251194715,130.03797933892,
    196.3553547556));
#1295 = CARTESIAN_POINT('',(145.00737876808,129.93322295351,
    196.25510128825));
#1296 = CARTESIAN_POINT('',(145.00831027385,129.84023554118,
    196.1624070799));
#1297 = CARTESIAN_POINT('',(145.02301464384,129.75201993678,
    196.06620985728));
#1298 = CARTESIAN_POINT('',(145.04964037898,129.67167484668,
    195.96571584345));
#1299 = CARTESIAN_POINT('',(145.08539256523,129.60182448432,
    195.8605746883));
#1300 = CARTESIAN_POINT('',(145.1270250217,129.54436087739,
    195.75133856144));
#1301 = CARTESIAN_POINT('',(145.17161734009,129.5,195.63985776548));
#1302 = ORIENTED_EDGE('',*,*,#1303,.F.);
#1303 = EDGE_CURVE('',#1304,#1285,#1306,.T.);
#1304 = VERTEX_POINT('',#1305);
#1305 = CARTESIAN_POINT('',(146.63245469439,129.61056856171,
    197.05298187775));
#1306 = ELLIPSE('',#1307,3.051855453727,1.2);
#1307 = AXIS2_PLACEMENT_3D('',#1308,#1309,#1310);
#1308 = CARTESIAN_POINT('',(147.54700538379,130.80283121635,
    197.41880215351));
#1309 = DIRECTION('',(0.371390676354,-3.469446951954E-18,-0.928476690885
    ));
#1310 = DIRECTION('',(0.926480426185,6.553978241084E-02,0.370592170474)
  );
#1311 = ORIENTED_EDGE('',*,*,#1312,.F.);
#1312 = EDGE_CURVE('',#1174,#1304,#1313,.T.);
#1313 = ELLIPSE('',#1314,1.242169498499,1.2);
#1314 = AXIS2_PLACEMENT_3D('',#1315,#1316,#1317);
#1315 = CARTESIAN_POINT('',(146.92820323027,130.75,196.8));
#1316 = DIRECTION('',(0.499026289241,6.237828615518E-02,0.864338887279)
  );
#1317 = DIRECTION('',(0.866025403784,4.406197628981E-16,-0.5));
#1318 = CYLINDRICAL_SURFACE('',#1319,1.2);
#1319 = AXIS2_PLACEMENT_3D('',#1320,#1321,#1322);
#1320 = CARTESIAN_POINT('',(144.,130.5,193.87179676972));
#1321 = DIRECTION('',(0.70582173878,6.026065160727E-02,0.70582173878));
#1322 = DIRECTION('',(0.707106781187,0.,-0.707106781187));
#1323 = ADVANCED_FACE('',(#1324),#1333,.T.);
#1324 = FACE_BOUND('',#1325,.T.);
#1325 = EDGE_LOOP('',(#1326,#1332));
#1326 = ORIENTED_EDGE('',*,*,#1327,.T.);
#1327 = EDGE_CURVE('',#1006,#1015,#1328,.T.);
#1328 = LINE('',#1329,#1330);
#1329 = CARTESIAN_POINT('',(144.,130.5,193.87179676972));
#1330 = VECTOR('',#1331,1.);
#1331 = DIRECTION('',(5.402118045492E-02,-0.998052578483,
    3.118914307759E-02));
#1332 = ORIENTED_EDGE('',*,*,#1014,.T.);
#1333 = PLANE('',#1334);
#1334 = AXIS2_PLACEMENT_3D('',#1335,#1336,#1337);
#1335 = CARTESIAN_POINT('',(144.,130.5,193.87179676972));
#1336 = DIRECTION('',(0.964170425716,6.026065160727E-02,0.258348686937)
  );
#1337 = DIRECTION('',(-0.258819045103,1.734723475977E-18,0.965925826289)
  );
#1338 = ADVANCED_FACE('',(#1339),#1349,.F.);
#1339 = FACE_BOUND('',#1340,.F.);
#1340 = EDGE_LOOP('',(#1341,#1342,#1343));
#1341 = ORIENTED_EDGE('',*,*,#1133,.T.);
#1342 = ORIENTED_EDGE('',*,*,#1115,.T.);
#1343 = ORIENTED_EDGE('',*,*,#1344,.T.);
#1344 = EDGE_CURVE('',#1116,#1125,#1345,.T.);
#1345 = LINE('',#1346,#1347);
#1346 = CARTESIAN_POINT('',(133.07179676972,132.75,196.8));
#1347 = VECTOR('',#1348,1.);
#1348 = DIRECTION('',(3.118914307759E-02,-0.998052578483,
    -5.402118045492E-02));
#1349 = PLANE('',#1350);
#1350 = AXIS2_PLACEMENT_3D('',#1351,#1352,#1353);
#1351 = CARTESIAN_POINT('',(133.07179676972,132.75,196.8));
#1352 = DIRECTION('',(0.70582173878,6.026065160727E-02,-0.70582173878));
#1353 = DIRECTION('',(-0.707106781187,0.,-0.707106781187));
#1354 = ADVANCED_FACE('',(#1355),#1408,.T.);
#1355 = FACE_BOUND('',#1356,.T.);
#1356 = EDGE_LOOP('',(#1357,#1366,#1374,#1383,#1392,#1399,#1400,#1407));
#1357 = ORIENTED_EDGE('',*,*,#1358,.F.);
#1358 = EDGE_CURVE('',#1359,#1116,#1361,.T.);
#1359 = VERTEX_POINT('',#1360);
#1360 = CARTESIAN_POINT('',(131.91268577817,132.75,196.48941714587));
#1361 = CIRCLE('',#1362,1.2);
#1362 = AXIS2_PLACEMENT_3D('',#1363,#1364,#1365);
#1363 = CARTESIAN_POINT('',(133.07179676972,132.75,196.8));
#1364 = DIRECTION('',(0.258348686937,6.026065160727E-02,-0.964170425716)
  );
#1365 = DIRECTION('',(-0.965925826289,1.734723475977E-18,-0.258819045103
    ));
#1366 = ORIENTED_EDGE('',*,*,#1367,.F.);
#1367 = EDGE_CURVE('',#1368,#1359,#1370,.T.);
#1368 = VERTEX_POINT('',#1369);
#1369 = CARTESIAN_POINT('',(130.84088900845,132.5,200.48941714587));
#1370 = LINE('',#1371,#1372);
#1371 = CARTESIAN_POINT('',(130.84088900845,132.5,200.48941714587));
#1372 = VECTOR('',#1373,1.);
#1373 = DIRECTION('',(0.258348686937,6.026065160727E-02,-0.964170425716)
  );
#1374 = ORIENTED_EDGE('',*,*,#1375,.T.);
#1375 = EDGE_CURVE('',#1368,#1376,#1378,.T.);
#1376 = VERTEX_POINT('',#1377);
#1377 = CARTESIAN_POINT('',(132.,133.69766309417,200.87485394338));
#1378 = CIRCLE('',#1379,1.2);
#1379 = AXIS2_PLACEMENT_3D('',#1380,#1381,#1382);
#1380 = CARTESIAN_POINT('',(132.,132.5,200.8));
#1381 = DIRECTION('',(0.258348686937,6.026065160727E-02,-0.964170425716)
  );
#1382 = DIRECTION('',(-0.965925826289,1.734723475977E-18,-0.258819045103
    ));
#1383 = ORIENTED_EDGE('',*,*,#1384,.T.);
#1384 = EDGE_CURVE('',#1376,#1385,#1387,.T.);
#1385 = VERTEX_POINT('',#1386);
#1386 = CARTESIAN_POINT('',(132.,131.30233690582,200.72514605661));
#1387 = ELLIPSE('',#1388,1.242169498499,1.2);
#1388 = AXIS2_PLACEMENT_3D('',#1389,#1390,#1391);
#1389 = CARTESIAN_POINT('',(132.,132.5,200.8));
#1390 = DIRECTION('',(0.,6.237828615518E-02,-0.998052578483));
#1391 = DIRECTION('',(-1.,0.,0.));
#1392 = ORIENTED_EDGE('',*,*,#1393,.T.);
#1393 = EDGE_CURVE('',#1385,#1368,#1394,.T.);
#1394 = CIRCLE('',#1395,1.2);
#1395 = AXIS2_PLACEMENT_3D('',#1396,#1397,#1398);
#1396 = CARTESIAN_POINT('',(132.,132.5,200.8));
#1397 = DIRECTION('',(0.258348686937,6.026065160727E-02,-0.964170425716)
  );
#1398 = DIRECTION('',(-0.965925826289,1.734723475977E-18,-0.258819045103
    ));
#1399 = ORIENTED_EDGE('',*,*,#1367,.T.);
#1400 = ORIENTED_EDGE('',*,*,#1401,.F.);
#1401 = EDGE_CURVE('',#1125,#1359,#1402,.T.);
#1402 = CIRCLE('',#1403,1.2);
#1403 = AXIS2_PLACEMENT_3D('',#1404,#1405,#1406);
#1404 = CARTESIAN_POINT('',(133.07179676972,132.75,196.8));
#1405 = DIRECTION('',(0.258348686937,6.026065160727E-02,-0.964170425716)
  );
#1406 = DIRECTION('',(-0.965925826289,1.734723475977E-18,-0.258819045103
    ));
#1407 = ORIENTED_EDGE('',*,*,#1124,.F.);
#1408 = CYLINDRICAL_SURFACE('',#1409,1.2);
#1409 = AXIS2_PLACEMENT_3D('',#1410,#1411,#1412);
#1410 = CARTESIAN_POINT('',(132.,132.5,200.8));
#1411 = DIRECTION('',(0.258348686937,6.026065160727E-02,-0.964170425716)
  );
#1412 = DIRECTION('',(-0.965925826289,-1.734723475977E-18,
    -0.258819045103));
#1413 = ADVANCED_FACE('',(#1414),#1424,.T.);
#1414 = FACE_BOUND('',#1415,.T.);
#1415 = EDGE_LOOP('',(#1416,#1417,#1418));
#1416 = ORIENTED_EDGE('',*,*,#1071,.T.);
#1417 = ORIENTED_EDGE('',*,*,#1098,.T.);
#1418 = ORIENTED_EDGE('',*,*,#1419,.T.);
#1419 = EDGE_CURVE('',#1090,#1072,#1420,.T.);
#1420 = LINE('',#1421,#1422);
#1421 = CARTESIAN_POINT('',(136.,133.,193.87179676972));
#1422 = VECTOR('',#1423,1.);
#1423 = DIRECTION('',(5.402118045492E-02,-0.998052578483,
    -3.118914307759E-02));
#1424 = PLANE('',#1425);
#1425 = AXIS2_PLACEMENT_3D('',#1426,#1427,#1428);
#1426 = CARTESIAN_POINT('',(136.,133.,193.87179676972));
#1427 = DIRECTION('',(0.70582173878,6.026065160727E-02,-0.70582173878));
#1428 = DIRECTION('',(-0.707106781187,0.,-0.707106781187));
#1429 = ADVANCED_FACE('',(#1430),#1484,.T.);
#1430 = FACE_BOUND('',#1431,.T.);
#1431 = EDGE_LOOP('',(#1432,#1433,#1441,#1450,#1459,#1468,#1475,#1476,
    #1477));
#1432 = ORIENTED_EDGE('',*,*,#1089,.T.);
#1433 = ORIENTED_EDGE('',*,*,#1434,.T.);
#1434 = EDGE_CURVE('',#1081,#1435,#1437,.T.);
#1435 = VERTEX_POINT('',#1436);
#1436 = CARTESIAN_POINT('',(140.00120849359,133.23066410246,
    194.04200760161));
#1437 = LINE('',#1438,#1439);
#1438 = CARTESIAN_POINT('',(136.31058285412,133.,195.03090776127));
#1439 = VECTOR('',#1440,1.);
#1440 = DIRECTION('',(0.964170425716,6.026065160727E-02,-0.258348686937)
  );
#1441 = ORIENTED_EDGE('',*,*,#1442,.F.);
#1442 = EDGE_CURVE('',#1443,#1435,#1445,.T.);
#1443 = VERTEX_POINT('',#1444);
#1444 = CARTESIAN_POINT('',(139.99879150638,133.26933589753,
    194.0420076016));
#1445 = ELLIPSE('',#1446,1.242169498499,1.2);
#1446 = AXIS2_PLACEMENT_3D('',#1447,#1448,#1449);
#1447 = CARTESIAN_POINT('',(140.,133.25,192.8));
#1448 = DIRECTION('',(0.998052578483,6.237828615518E-02,0.));
#1449 = DIRECTION('',(0.,0.,-1.));
#1450 = ORIENTED_EDGE('',*,*,#1451,.F.);
#1451 = EDGE_CURVE('',#1452,#1443,#1454,.T.);
#1452 = VERTEX_POINT('',#1453);
#1453 = CARTESIAN_POINT('',(139.92514605661,134.44766309417,192.8));
#1454 = ELLIPSE('',#1455,1.242169498499,1.2);
#1455 = AXIS2_PLACEMENT_3D('',#1456,#1457,#1458);
#1456 = CARTESIAN_POINT('',(140.,133.25,192.8));
#1457 = DIRECTION('',(0.998052578483,6.237828615518E-02,0.));
#1458 = DIRECTION('',(0.,0.,-1.));
#1459 = ORIENTED_EDGE('',*,*,#1460,.F.);
#1460 = EDGE_CURVE('',#1461,#1452,#1463,.T.);
#1461 = VERTEX_POINT('',#1462);
#1462 = CARTESIAN_POINT('',(140.07485394338,132.05233690582,192.8));
#1463 = CIRCLE('',#1464,1.2);
#1464 = AXIS2_PLACEMENT_3D('',#1465,#1466,#1467);
#1465 = CARTESIAN_POINT('',(140.,133.25,192.8));
#1466 = DIRECTION('',(0.964170425716,6.026065160727E-02,-0.258348686937)
  );
#1467 = DIRECTION('',(0.258819045103,1.734723475977E-18,0.965925826289)
  );
#1468 = ORIENTED_EDGE('',*,*,#1469,.F.);
#1469 = EDGE_CURVE('',#1435,#1461,#1470,.T.);
#1470 = ELLIPSE('',#1471,1.242169498499,1.2);
#1471 = AXIS2_PLACEMENT_3D('',#1472,#1473,#1474);
#1472 = CARTESIAN_POINT('',(140.,133.25,192.8));
#1473 = DIRECTION('',(0.998052578483,6.237828615518E-02,0.));
#1474 = DIRECTION('',(0.,0.,-1.));
#1475 = ORIENTED_EDGE('',*,*,#1434,.F.);
#1476 = ORIENTED_EDGE('',*,*,#1080,.T.);
#1477 = ORIENTED_EDGE('',*,*,#1478,.T.);
#1478 = EDGE_CURVE('',#1072,#1090,#1479,.T.);
#1479 = CIRCLE('',#1480,1.2);
#1480 = AXIS2_PLACEMENT_3D('',#1481,#1482,#1483);
#1481 = CARTESIAN_POINT('',(136.,133.,193.87179676972));
#1482 = DIRECTION('',(0.964170425716,6.026065160727E-02,-0.258348686937)
  );
#1483 = DIRECTION('',(0.258819045103,1.734723475977E-18,0.965925826289)
  );
#1484 = CYLINDRICAL_SURFACE('',#1485,1.2);
#1485 = AXIS2_PLACEMENT_3D('',#1486,#1487,#1488);
#1486 = CARTESIAN_POINT('',(136.,133.,193.87179676972));
#1487 = DIRECTION('',(0.964170425716,6.026065160727E-02,-0.258348686937)
  );
#1488 = DIRECTION('',(0.258819045103,-1.734723475977E-18,0.965925826289)
  );
#1489 = ADVANCED_FACE('',(#1490),#1517,.T.);
#1490 = FACE_BOUND('',#1491,.T.);
#1491 = EDGE_LOOP('',(#1492,#1503,#1510,#1511));
#1492 = ORIENTED_EDGE('',*,*,#1493,.F.);
#1493 = EDGE_CURVE('',#1494,#1496,#1498,.T.);
#1494 = VERTEX_POINT('',#1495);
#1495 = CARTESIAN_POINT('',(147.43271053685,129.74493063181,
    196.38130208651));
#1496 = VERTEX_POINT('',#1497);
#1497 = CARTESIAN_POINT('',(146.94188286244,130.3122517706,
    196.82369381794));
#1498 = ELLIPSE('',#1499,3.051855453727,1.2);
#1499 = AXIS2_PLACEMENT_3D('',#1500,#1501,#1502);
#1500 = CARTESIAN_POINT('',(145.31005069003,129.5,198.52487327491));
#1501 = DIRECTION('',(0.70582173878,6.026065160727E-02,0.70582173878));
#1502 = DIRECTION('',(0.705770988107,2.577046655239E-02,-0.707971182606)
  );
#1503 = ORIENTED_EDGE('',*,*,#1504,.T.);
#1504 = EDGE_CURVE('',#1494,#1172,#1505,.T.);
#1505 = CIRCLE('',#1506,1.2);
#1506 = AXIS2_PLACEMENT_3D('',#1507,#1508,#1509);
#1507 = CARTESIAN_POINT('',(146.92820323027,130.75,196.8));
#1508 = DIRECTION('',(0.70582173878,6.026065160727E-02,0.70582173878));
#1509 = DIRECTION('',(0.707106781187,0.,-0.707106781187));
#1510 = ORIENTED_EDGE('',*,*,#1171,.T.);
#1511 = ORIENTED_EDGE('',*,*,#1512,.T.);
#1512 = EDGE_CURVE('',#1174,#1496,#1513,.T.);
#1513 = LINE('',#1514,#1515);
#1514 = CARTESIAN_POINT('',(146.92820323027,130.75,196.8));
#1515 = VECTOR('',#1516,1.);
#1516 = DIRECTION('',(3.118914307759E-02,-0.998052578483,
    5.402118045492E-02));
#1517 = PLANE('',#1518);
#1518 = AXIS2_PLACEMENT_3D('',#1519,#1520,#1521);
#1519 = CARTESIAN_POINT('',(146.92820323027,130.75,196.8));
#1520 = DIRECTION('',(0.70582173878,6.026065160727E-02,0.70582173878));
#1521 = DIRECTION('',(0.707106781187,0.,-0.707106781187));
#1522 = ADVANCED_FACE('',(#1523),#1600,.T.);
#1523 = FACE_BOUND('',#1524,.T.);
#1524 = EDGE_LOOP('',(#1525,#1535,#1544,#1553,#1560,#1561,#1568,#1569,
    #1578,#1593));
#1525 = ORIENTED_EDGE('',*,*,#1526,.T.);
#1526 = EDGE_CURVE('',#1527,#1529,#1531,.T.);
#1527 = VERTEX_POINT('',#1528);
#1528 = CARTESIAN_POINT('',(148.08731422182,130.75,196.48941714587));
#1529 = VERTEX_POINT('',#1530);
#1530 = CARTESIAN_POINT('',(149.15911099154,131.,200.48941714587));
#1531 = LINE('',#1532,#1533);
#1532 = CARTESIAN_POINT('',(148.08731422182,130.75,196.48941714587));
#1533 = VECTOR('',#1534,1.);
#1534 = DIRECTION('',(0.258348686937,6.026065160727E-02,0.964170425716)
  );
#1535 = ORIENTED_EDGE('',*,*,#1536,.F.);
#1536 = EDGE_CURVE('',#1537,#1529,#1539,.T.);
#1537 = VERTEX_POINT('',#1538);
#1538 = CARTESIAN_POINT('',(148.,129.80233690582,200.87485394338));
#1539 = CIRCLE('',#1540,1.2);
#1540 = AXIS2_PLACEMENT_3D('',#1541,#1542,#1543);
#1541 = CARTESIAN_POINT('',(148.,131.,200.8));
#1542 = DIRECTION('',(0.258348686937,6.026065160727E-02,0.964170425716)
  );
#1543 = DIRECTION('',(0.965925826289,-1.734723475977E-18,-0.258819045103
    ));
#1544 = ORIENTED_EDGE('',*,*,#1545,.F.);
#1545 = EDGE_CURVE('',#1546,#1537,#1548,.T.);
#1546 = VERTEX_POINT('',#1547);
#1547 = CARTESIAN_POINT('',(148.,132.19766309417,200.72514605661));
#1548 = ELLIPSE('',#1549,1.242169498499,1.2);
#1549 = AXIS2_PLACEMENT_3D('',#1550,#1551,#1552);
#1550 = CARTESIAN_POINT('',(148.,131.,200.8));
#1551 = DIRECTION('',(-0.,6.237828615518E-02,0.998052578483));
#1552 = DIRECTION('',(1.,0.,0.));
#1553 = ORIENTED_EDGE('',*,*,#1554,.F.);
#1554 = EDGE_CURVE('',#1529,#1546,#1555,.T.);
#1555 = CIRCLE('',#1556,1.2);
#1556 = AXIS2_PLACEMENT_3D('',#1557,#1558,#1559);
#1557 = CARTESIAN_POINT('',(148.,131.,200.8));
#1558 = DIRECTION('',(0.258348686937,6.026065160727E-02,0.964170425716)
  );
#1559 = DIRECTION('',(0.965925826289,-1.734723475977E-18,-0.258819045103
    ));
#1560 = ORIENTED_EDGE('',*,*,#1526,.F.);
#1561 = ORIENTED_EDGE('',*,*,#1562,.T.);
#1562 = EDGE_CURVE('',#1527,#1174,#1563,.T.);
#1563 = CIRCLE('',#1564,1.2);
#1564 = AXIS2_PLACEMENT_3D('',#1565,#1566,#1567);
#1565 = CARTESIAN_POINT('',(146.92820323027,130.75,196.8));
#1566 = DIRECTION('',(0.258348686937,6.026065160727E-02,0.964170425716)
  );
#1567 = DIRECTION('',(0.965925826289,-1.734723475977E-18,-0.258819045103
    ));
#1568 = ORIENTED_EDGE('',*,*,#1312,.T.);
#1569 = ORIENTED_EDGE('',*,*,#1570,.F.);
#1570 = EDGE_CURVE('',#1571,#1304,#1573,.T.);
#1571 = VERTEX_POINT('',#1572);
#1572 = CARTESIAN_POINT('',(147.11180160186,129.57823522093,
    197.24472064074));
#1573 = ELLIPSE('',#1574,1.501386018124,1.2);
#1574 = AXIS2_PLACEMENT_3D('',#1575,#1576,#1577);
#1575 = CARTESIAN_POINT('',(147.0396304904,130.77599076226,
    197.21585219616));
#1576 = DIRECTION('',(0.371390676354,6.938893903907E-18,-0.928476690885)
  );
#1577 = DIRECTION('',(0.923797407044,0.100270069595,0.369518962818));
#1578 = ORIENTED_EDGE('',*,*,#1579,.T.);
#1579 = EDGE_CURVE('',#1571,#1580,#1582,.T.);
#1580 = VERTEX_POINT('',#1581);
#1581 = CARTESIAN_POINT('',(147.29824605287,129.60881909255,
    196.77217113123));
#1582 = B_SPLINE_CURVE_WITH_KNOTS('',5,(#1583,#1584,#1585,#1586,#1587,
    #1588,#1589,#1590,#1591,#1592),.UNSPECIFIED.,.F.,.F.,(6,4,6),(0.,
    0.12078457943,1.),.UNSPECIFIED.);
#1583 = CARTESIAN_POINT('',(147.1118013784,129.57823523117,
    197.24472119758));
#1584 = CARTESIAN_POINT('',(147.1163804809,129.5780251801,
    197.23331039351));
#1585 = CARTESIAN_POINT('',(147.12095643622,129.57787183302,
    197.22189735745));
#1586 = CARTESIAN_POINT('',(147.12552918286,129.5777752143,
    197.21048237344));
#1587 = CARTESIAN_POINT('',(147.13009863264,129.57773536331,
    197.19906571692));
#1588 = CARTESIAN_POINT('',(147.16790178639,129.57787587058,
    197.10453326771));
#1589 = CARTESIAN_POINT('',(147.2009792904,129.58101030132,
    197.0212916179));
#1590 = CARTESIAN_POINT('',(147.23381750789,129.58718385545,
    196.93811184274));
#1591 = CARTESIAN_POINT('',(147.26629735287,129.59643750248,
    196.85507860853));
#1592 = CARTESIAN_POINT('',(147.2982463258,129.60881919833,
    196.77217042296));
#1593 = ORIENTED_EDGE('',*,*,#1594,.T.);
#1594 = EDGE_CURVE('',#1580,#1527,#1595,.T.);
#1595 = CIRCLE('',#1596,1.2);
#1596 = AXIS2_PLACEMENT_3D('',#1597,#1598,#1599);
#1597 = CARTESIAN_POINT('',(146.92820323027,130.75,196.8));
#1598 = DIRECTION('',(0.258348686937,6.026065160727E-02,0.964170425716)
  );
#1599 = DIRECTION('',(0.965925826289,-1.734723475977E-18,-0.258819045103
    ));
#1600 = CYLINDRICAL_SURFACE('',#1601,1.2);
#1601 = AXIS2_PLACEMENT_3D('',#1602,#1603,#1604);
#1602 = CARTESIAN_POINT('',(146.92820323027,130.75,196.8));
#1603 = DIRECTION('',(0.258348686937,6.026065160727E-02,0.964170425716)
  );
#1604 = DIRECTION('',(0.965925826289,1.734723475977E-18,-0.258819045103)
  );
#1605 = ADVANCED_FACE('',(#1606),#1626,.F.);
#1606 = FACE_BOUND('',#1607,.F.);
#1607 = EDGE_LOOP('',(#1608,#1617,#1624,#1625));
#1608 = ORIENTED_EDGE('',*,*,#1609,.T.);
#1609 = EDGE_CURVE('',#1571,#1610,#1612,.T.);
#1610 = VERTEX_POINT('',#1611);
#1611 = CARTESIAN_POINT('',(144.88582797093,129.5,196.35433118837));
#1612 = CIRCLE('',#1613,1.2);
#1613 = AXIS2_PLACEMENT_3D('',#1614,#1615,#1616);
#1614 = CARTESIAN_POINT('',(146.,129.5,196.8));
#1615 = DIRECTION('',(0.371390676354,0.,-0.928476690885));
#1616 = DIRECTION('',(-0.928476690885,0.,-0.371390676354));
#1617 = ORIENTED_EDGE('',*,*,#1618,.T.);
#1618 = EDGE_CURVE('',#1610,#1285,#1619,.T.);
#1619 = CIRCLE('',#1620,1.2);
#1620 = AXIS2_PLACEMENT_3D('',#1621,#1622,#1623);
#1621 = CARTESIAN_POINT('',(146.,129.5,196.8));
#1622 = DIRECTION('',(0.371390676354,0.,-0.928476690885));
#1623 = DIRECTION('',(-0.928476690885,0.,-0.371390676354));
#1624 = ORIENTED_EDGE('',*,*,#1303,.F.);
#1625 = ORIENTED_EDGE('',*,*,#1570,.F.);
#1626 = PLANE('',#1627);
#1627 = AXIS2_PLACEMENT_3D('',#1628,#1629,#1630);
#1628 = CARTESIAN_POINT('',(146.,129.5,196.8));
#1629 = DIRECTION('',(0.371390676354,0.,-0.928476690885));
#1630 = DIRECTION('',(-0.928476690885,0.,-0.371390676354));
#1631 = ADVANCED_FACE('',(#1632),#1642,.T.);
#1632 = FACE_BOUND('',#1633,.T.);
#1633 = EDGE_LOOP('',(#1634,#1635,#1641));
#1634 = ORIENTED_EDGE('',*,*,#1284,.T.);
#1635 = ORIENTED_EDGE('',*,*,#1636,.F.);
#1636 = EDGE_CURVE('',#1610,#1268,#1637,.T.);
#1637 = LINE('',#1638,#1639);
#1638 = CARTESIAN_POINT('',(144.88582797093,129.5,196.35433118837));
#1639 = VECTOR('',#1640,1.);
#1640 = DIRECTION('',(0.371390676354,0.,-0.928476690885));
#1641 = ORIENTED_EDGE('',*,*,#1618,.T.);
#1642 = CYLINDRICAL_SURFACE('',#1643,1.2);
#1643 = AXIS2_PLACEMENT_3D('',#1644,#1645,#1646);
#1644 = CARTESIAN_POINT('',(146.,129.5,196.8));
#1645 = DIRECTION('',(0.371390676354,0.,-0.928476690885));
#1646 = DIRECTION('',(-0.928476690885,0.,-0.371390676354));
#1647 = ADVANCED_FACE('',(#1648),#1705,.T.);
#1648 = FACE_BOUND('',#1649,.T.);
#1649 = EDGE_LOOP('',(#1650,#1658,#1665,#1666,#1667,#1668,#1693,#1694,
    #1701,#1702,#1703,#1704));
#1650 = ORIENTED_EDGE('',*,*,#1651,.T.);
#1651 = EDGE_CURVE('',#1231,#1652,#1654,.T.);
#1652 = VERTEX_POINT('',#1653);
#1653 = CARTESIAN_POINT('',(148.88582797093,129.5,186.35433118837));
#1654 = LINE('',#1655,#1656);
#1655 = CARTESIAN_POINT('',(144.88582797093,129.5,196.35433118837));
#1656 = VECTOR('',#1657,1.);
#1657 = DIRECTION('',(0.371390676354,0.,-0.928476690885));
#1658 = ORIENTED_EDGE('',*,*,#1659,.F.);
#1659 = EDGE_CURVE('',#1652,#1652,#1660,.T.);
#1660 = CIRCLE('',#1661,1.2);
#1661 = AXIS2_PLACEMENT_3D('',#1662,#1663,#1664);
#1662 = CARTESIAN_POINT('',(150.,129.5,186.8));
#1663 = DIRECTION('',(0.371390676354,0.,-0.928476690885));
#1664 = DIRECTION('',(-0.928476690885,0.,-0.371390676354));
#1665 = ORIENTED_EDGE('',*,*,#1651,.F.);
#1666 = ORIENTED_EDGE('',*,*,#1230,.T.);
#1667 = ORIENTED_EDGE('',*,*,#1190,.T.);
#1668 = ORIENTED_EDGE('',*,*,#1669,.F.);
#1669 = EDGE_CURVE('',#1494,#1183,#1670,.T.);
#1670 = B_SPLINE_CURVE_WITH_KNOTS('',6,(#1671,#1672,#1673,#1674,#1675,
    #1676,#1677,#1678,#1679,#1680,#1681,#1682,#1683,#1684,#1685,#1686,
    #1687,#1688,#1689,#1690,#1691,#1692),.UNSPECIFIED.,.F.,.F.,(7,5,5,5,
    7),(0.,0.168709226425,0.390184434839,0.657575224424,1.),
  .UNSPECIFIED.);
#1671 = CARTESIAN_POINT('',(147.43271018767,129.74492992838,
    196.38130335434));
#1672 = CARTESIAN_POINT('',(147.44425523251,129.76818823209,
    196.33938360752));
#1673 = CARTESIAN_POINT('',(147.45462320042,129.79308290962,
    196.29793546678));
#1674 = CARTESIAN_POINT('',(147.46364793874,129.81949880389,
    196.2569999489));
#1675 = CARTESIAN_POINT('',(147.47116827813,129.84729719318,
    196.21659662761));
#1676 = CARTESIAN_POINT('',(147.47703481126,129.87632039637,
    196.17672627635));
#1677 = CARTESIAN_POINT('',(147.48647518633,129.9458790104,
    196.08571266171));
#1678 = CARTESIAN_POINT('',(147.48875935035,129.98718201884,
    196.03493591159));
#1679 = CARTESIAN_POINT('',(147.48766021632,130.02985810211,
    195.98508584498));
#1680 = CARTESIAN_POINT('',(147.48295982984,130.0734026772,
    195.9361432342));
#1681 = CARTESIAN_POINT('',(147.47454410301,130.11728825379,
    195.88804252894));
#1682 = CARTESIAN_POINT('',(147.44777284595,130.21377130556,
    195.78351462655));
#1683 = CARTESIAN_POINT('',(147.4277372543,130.26621747755,
    195.7275057376));
#1684 = CARTESIAN_POINT('',(147.40233708539,130.31742743414,
    195.67248706297));
#1685 = CARTESIAN_POINT('',(147.37183508339,130.36651936224,
    195.61823227323));
#1686 = CARTESIAN_POINT('',(147.33672824434,130.41268750576,
    195.56451792962));
#1687 = CARTESIAN_POINT('',(147.24775175862,130.50981564338,
    195.44296322456));
#1688 = CARTESIAN_POINT('',(147.19140175155,130.55846295448,
    195.37541575156));
#1689 = CARTESIAN_POINT('',(147.12985429237,130.60015802037,
    195.30793111147));
#1690 = CARTESIAN_POINT('',(147.06450342223,130.63413422472,
    195.24001973199));
#1691 = CARTESIAN_POINT('',(146.99675978675,130.65995710577,
    195.17150028163));
#1692 = CARTESIAN_POINT('',(146.92789193413,130.67752898562,
    195.10263242901));
#1693 = ORIENTED_EDGE('',*,*,#1493,.T.);
#1694 = ORIENTED_EDGE('',*,*,#1695,.F.);
#1695 = EDGE_CURVE('',#1580,#1496,#1696,.T.);
#1696 = ELLIPSE('',#1697,1.501386018124,1.2);
#1697 = AXIS2_PLACEMENT_3D('',#1698,#1699,#1700);
#1698 = CARTESIAN_POINT('',(145.85357129647,129.5,197.16607175882));
#1699 = DIRECTION('',(0.258348686937,6.026065160727E-02,0.964170425716)
  );
#1700 = DIRECTION('',(0.961555323267,8.014200349609E-02,-0.262656847566)
  );
#1701 = ORIENTED_EDGE('',*,*,#1579,.F.);
#1702 = ORIENTED_EDGE('',*,*,#1609,.T.);
#1703 = ORIENTED_EDGE('',*,*,#1636,.T.);
#1704 = ORIENTED_EDGE('',*,*,#1267,.T.);
#1705 = CYLINDRICAL_SURFACE('',#1706,1.2);
#1706 = AXIS2_PLACEMENT_3D('',#1707,#1708,#1709);
#1707 = CARTESIAN_POINT('',(146.,129.5,196.8));
#1708 = DIRECTION('',(0.371390676354,0.,-0.928476690885));
#1709 = DIRECTION('',(-0.928476690885,0.,-0.371390676354));
#1710 = ADVANCED_FACE('',(#1711),#1716,.F.);
#1711 = FACE_BOUND('',#1712,.F.);
#1712 = EDGE_LOOP('',(#1713,#1714,#1715));
#1713 = ORIENTED_EDGE('',*,*,#1222,.T.);
#1714 = ORIENTED_EDGE('',*,*,#1213,.T.);
#1715 = ORIENTED_EDGE('',*,*,#1327,.T.);
#1716 = PLANE('',#1717);
#1717 = AXIS2_PLACEMENT_3D('',#1718,#1719,#1720);
#1718 = CARTESIAN_POINT('',(144.,130.5,193.87179676972));
#1719 = DIRECTION('',(0.70582173878,6.026065160727E-02,0.70582173878));
#1720 = DIRECTION('',(0.707106781187,0.,-0.707106781187));
#1721 = ADVANCED_FACE('',(#1722),#1727,.T.);
#1722 = FACE_BOUND('',#1723,.T.);
#1723 = EDGE_LOOP('',(#1724,#1725,#1726));
#1724 = ORIENTED_EDGE('',*,*,#1182,.T.);
#1725 = ORIENTED_EDGE('',*,*,#1504,.F.);
#1726 = ORIENTED_EDGE('',*,*,#1669,.T.);
#1727 = CYLINDRICAL_SURFACE('',#1728,1.2);
#1728 = AXIS2_PLACEMENT_3D('',#1729,#1730,#1731);
#1729 = CARTESIAN_POINT('',(144.,130.5,193.87179676972));
#1730 = DIRECTION('',(0.70582173878,6.026065160727E-02,0.70582173878));
#1731 = DIRECTION('',(0.707106781187,0.,-0.707106781187));
#1732 = ADVANCED_FACE('',(#1733),#1738,.T.);
#1733 = FACE_BOUND('',#1734,.T.);
#1734 = EDGE_LOOP('',(#1735,#1736,#1737));
#1735 = ORIENTED_EDGE('',*,*,#1401,.T.);
#1736 = ORIENTED_EDGE('',*,*,#1358,.T.);
#1737 = ORIENTED_EDGE('',*,*,#1344,.T.);
#1738 = PLANE('',#1739);
#1739 = AXIS2_PLACEMENT_3D('',#1740,#1741,#1742);
#1740 = CARTESIAN_POINT('',(133.07179676972,132.75,196.8));
#1741 = DIRECTION('',(0.258348686937,6.026065160727E-02,-0.964170425716)
  );
#1742 = DIRECTION('',(-0.965925826289,-1.734723475977E-18,
    -0.258819045103));
#1743 = ADVANCED_FACE('',(#1744),#1754,.F.);
#1744 = FACE_BOUND('',#1745,.F.);
#1745 = EDGE_LOOP('',(#1746,#1747,#1748));
#1746 = ORIENTED_EDGE('',*,*,#1393,.T.);
#1747 = ORIENTED_EDGE('',*,*,#1375,.T.);
#1748 = ORIENTED_EDGE('',*,*,#1749,.T.);
#1749 = EDGE_CURVE('',#1376,#1385,#1750,.T.);
#1750 = LINE('',#1751,#1752);
#1751 = CARTESIAN_POINT('',(132.,132.5,200.8));
#1752 = VECTOR('',#1753,1.);
#1753 = DIRECTION('',(0.,-0.998052578483,-6.237828615518E-02));
#1754 = PLANE('',#1755);
#1755 = AXIS2_PLACEMENT_3D('',#1756,#1757,#1758);
#1756 = CARTESIAN_POINT('',(132.,132.5,200.8));
#1757 = DIRECTION('',(0.258348686937,6.026065160727E-02,-0.964170425716)
  );
#1758 = DIRECTION('',(-0.965925826289,-1.734723475977E-18,
    -0.258819045103));
#1759 = ADVANCED_FACE('',(#1760),#1813,.T.);
#1760 = FACE_BOUND('',#1761,.T.);
#1761 = EDGE_LOOP('',(#1762,#1771,#1779,#1788,#1797,#1804,#1805,#1812));
#1762 = ORIENTED_EDGE('',*,*,#1763,.F.);
#1763 = EDGE_CURVE('',#1764,#1376,#1766,.T.);
#1764 = VERTEX_POINT('',#1765);
#1765 = CARTESIAN_POINT('',(130.84088900845,132.5,201.11058285412));
#1766 = CIRCLE('',#1767,1.2);
#1767 = AXIS2_PLACEMENT_3D('',#1768,#1769,#1770);
#1768 = CARTESIAN_POINT('',(132.,132.5,200.8));
#1769 = DIRECTION('',(-0.258348686937,6.026065160727E-02,-0.964170425716
    ));
#1770 = DIRECTION('',(-0.965925826289,-1.734723475977E-18,0.258819045103
    ));
#1771 = ORIENTED_EDGE('',*,*,#1772,.F.);
#1772 = EDGE_CURVE('',#1773,#1764,#1775,.T.);
#1773 = VERTEX_POINT('',#1774);
#1774 = CARTESIAN_POINT('',(131.91268577817,132.25,205.11058285412));
#1775 = LINE('',#1776,#1777);
#1776 = CARTESIAN_POINT('',(131.91268577817,132.25,205.11058285412));
#1777 = VECTOR('',#1778,1.);
#1778 = DIRECTION('',(-0.258348686937,6.026065160727E-02,-0.964170425716
    ));
#1779 = ORIENTED_EDGE('',*,*,#1780,.T.);
#1780 = EDGE_CURVE('',#1773,#1781,#1783,.T.);
#1781 = VERTEX_POINT('',#1782);
#1782 = CARTESIAN_POINT('',(133.10922374141,133.44766309417,
    204.86482541654));
#1783 = CIRCLE('',#1784,1.2);
#1784 = AXIS2_PLACEMENT_3D('',#1785,#1786,#1787);
#1785 = CARTESIAN_POINT('',(133.07179676972,132.25,204.8));
#1786 = DIRECTION('',(-0.258348686937,6.026065160727E-02,-0.964170425716
    ));
#1787 = DIRECTION('',(-0.965925826289,-1.734723475977E-18,0.258819045103
    ));
#1788 = ORIENTED_EDGE('',*,*,#1789,.T.);
#1789 = EDGE_CURVE('',#1781,#1790,#1792,.T.);
#1790 = VERTEX_POINT('',#1791);
#1791 = CARTESIAN_POINT('',(133.03436979803,131.05233690582,
    204.73517458345));
#1792 = ELLIPSE('',#1793,1.242169498499,1.2);
#1793 = AXIS2_PLACEMENT_3D('',#1794,#1795,#1796);
#1794 = CARTESIAN_POINT('',(133.07179676972,132.25,204.8));
#1795 = DIRECTION('',(-0.499026289241,6.237828615518E-02,-0.864338887279
    ));
#1796 = DIRECTION('',(-0.866025403784,4.406197628981E-16,0.5));
#1797 = ORIENTED_EDGE('',*,*,#1798,.T.);
#1798 = EDGE_CURVE('',#1790,#1773,#1799,.T.);
#1799 = CIRCLE('',#1800,1.2);
#1800 = AXIS2_PLACEMENT_3D('',#1801,#1802,#1803);
#1801 = CARTESIAN_POINT('',(133.07179676972,132.25,204.8));
#1802 = DIRECTION('',(-0.258348686937,6.026065160727E-02,-0.964170425716
    ));
#1803 = DIRECTION('',(-0.965925826289,-1.734723475977E-18,0.258819045103
    ));
#1804 = ORIENTED_EDGE('',*,*,#1772,.T.);
#1805 = ORIENTED_EDGE('',*,*,#1806,.F.);
#1806 = EDGE_CURVE('',#1385,#1764,#1807,.T.);
#1807 = CIRCLE('',#1808,1.2);
#1808 = AXIS2_PLACEMENT_3D('',#1809,#1810,#1811);
#1809 = CARTESIAN_POINT('',(132.,132.5,200.8));
#1810 = DIRECTION('',(-0.258348686937,6.026065160727E-02,-0.964170425716
    ));
#1811 = DIRECTION('',(-0.965925826289,-1.734723475977E-18,0.258819045103
    ));
#1812 = ORIENTED_EDGE('',*,*,#1384,.F.);
#1813 = CYLINDRICAL_SURFACE('',#1814,1.2);
#1814 = AXIS2_PLACEMENT_3D('',#1815,#1816,#1817);
#1815 = CARTESIAN_POINT('',(133.07179676972,132.25,204.8));
#1816 = DIRECTION('',(-0.258348686937,6.026065160727E-02,-0.964170425716
    ));
#1817 = DIRECTION('',(-0.965925826289,1.734723475977E-18,0.258819045103)
  );
#1818 = ADVANCED_FACE('',(#1819),#1823,.F.);
#1819 = FACE_BOUND('',#1820,.F.);
#1820 = EDGE_LOOP('',(#1821,#1822));
#1821 = ORIENTED_EDGE('',*,*,#1419,.T.);
#1822 = ORIENTED_EDGE('',*,*,#1478,.T.);
#1823 = PLANE('',#1824);
#1824 = AXIS2_PLACEMENT_3D('',#1825,#1826,#1827);
#1825 = CARTESIAN_POINT('',(136.,133.,193.87179676972));
#1826 = DIRECTION('',(0.964170425716,6.026065160727E-02,-0.258348686937)
  );
#1827 = DIRECTION('',(0.258819045103,-1.734723475977E-18,0.965925826289)
  );
#1828 = ADVANCED_FACE('',(#1829),#1875,.T.);
#1829 = FACE_BOUND('',#1830,.T.);
#1830 = EDGE_LOOP('',(#1831,#1832,#1840,#1849,#1858,#1865,#1866,#1867,
    #1868));
#1831 = ORIENTED_EDGE('',*,*,#1451,.T.);
#1832 = ORIENTED_EDGE('',*,*,#1833,.T.);
#1833 = EDGE_CURVE('',#1443,#1834,#1836,.T.);
#1834 = VERTEX_POINT('',#1835);
#1835 = CARTESIAN_POINT('',(143.38004278534,133.48066410246,
    194.9480111512));
#1836 = LINE('',#1837,#1838);
#1837 = CARTESIAN_POINT('',(139.68941714587,133.25,193.95911099154));
#1838 = VECTOR('',#1839,1.);
#1839 = DIRECTION('',(0.964170425716,6.026065160727E-02,0.258348686937)
  );
#1840 = ORIENTED_EDGE('',*,*,#1841,.F.);
#1841 = EDGE_CURVE('',#1842,#1834,#1844,.T.);
#1842 = VERTEX_POINT('',#1843);
#1843 = CARTESIAN_POINT('',(143.93517458345,134.69766309417,
    193.83436979803));
#1844 = ELLIPSE('',#1845,1.242169498499,1.2);
#1845 = AXIS2_PLACEMENT_3D('',#1846,#1847,#1848);
#1846 = CARTESIAN_POINT('',(144.,133.5,193.87179676972));
#1847 = DIRECTION('',(0.864338887279,6.237828615518E-02,0.499026289241)
  );
#1848 = DIRECTION('',(0.5,-4.406197628981E-16,-0.866025403784));
#1849 = ORIENTED_EDGE('',*,*,#1850,.F.);
#1850 = EDGE_CURVE('',#1851,#1842,#1853,.T.);
#1851 = VERTEX_POINT('',#1852);
#1852 = CARTESIAN_POINT('',(144.06482541654,132.30233690582,
    193.90922374141));
#1853 = CIRCLE('',#1854,1.2);
#1854 = AXIS2_PLACEMENT_3D('',#1855,#1856,#1857);
#1855 = CARTESIAN_POINT('',(144.,133.5,193.87179676972));
#1856 = DIRECTION('',(0.964170425716,6.026065160727E-02,0.258348686937)
  );
#1857 = DIRECTION('',(-0.258819045103,-1.734723475977E-18,0.965925826289
    ));
#1858 = ORIENTED_EDGE('',*,*,#1859,.F.);
#1859 = EDGE_CURVE('',#1834,#1851,#1860,.T.);
#1860 = ELLIPSE('',#1861,1.242169498499,1.2);
#1861 = AXIS2_PLACEMENT_3D('',#1862,#1863,#1864);
#1862 = CARTESIAN_POINT('',(144.,133.5,193.87179676972));
#1863 = DIRECTION('',(0.864338887279,6.237828615518E-02,0.499026289241)
  );
#1864 = DIRECTION('',(0.5,-4.406197628981E-16,-0.866025403784));
#1865 = ORIENTED_EDGE('',*,*,#1833,.F.);
#1866 = ORIENTED_EDGE('',*,*,#1442,.T.);
#1867 = ORIENTED_EDGE('',*,*,#1469,.T.);
#1868 = ORIENTED_EDGE('',*,*,#1869,.T.);
#1869 = EDGE_CURVE('',#1461,#1452,#1870,.T.);
#1870 = CIRCLE('',#1871,1.2);
#1871 = AXIS2_PLACEMENT_3D('',#1872,#1873,#1874);
#1872 = CARTESIAN_POINT('',(140.,133.25,192.8));
#1873 = DIRECTION('',(0.964170425716,6.026065160727E-02,0.258348686937)
  );
#1874 = DIRECTION('',(-0.258819045103,-1.734723475977E-18,0.965925826289
    ));
#1875 = CYLINDRICAL_SURFACE('',#1876,1.2);
#1876 = AXIS2_PLACEMENT_3D('',#1877,#1878,#1879);
#1877 = CARTESIAN_POINT('',(140.,133.25,192.8));
#1878 = DIRECTION('',(0.964170425716,6.026065160727E-02,0.258348686937)
  );
#1879 = DIRECTION('',(-0.258819045103,1.734723475977E-18,0.965925826289)
  );
#1880 = ADVANCED_FACE('',(#1881),#1890,.T.);
#1881 = FACE_BOUND('',#1882,.T.);
#1882 = EDGE_LOOP('',(#1883,#1889));
#1883 = ORIENTED_EDGE('',*,*,#1884,.T.);
#1884 = EDGE_CURVE('',#1452,#1461,#1885,.T.);
#1885 = LINE('',#1886,#1887);
#1886 = CARTESIAN_POINT('',(140.,133.25,192.8));
#1887 = VECTOR('',#1888,1.);
#1888 = DIRECTION('',(6.237828615518E-02,-0.998052578483,0.));
#1889 = ORIENTED_EDGE('',*,*,#1460,.T.);
#1890 = PLANE('',#1891);
#1891 = AXIS2_PLACEMENT_3D('',#1892,#1893,#1894);
#1892 = CARTESIAN_POINT('',(140.,133.25,192.8));
#1893 = DIRECTION('',(0.964170425716,6.026065160727E-02,-0.258348686937)
  );
#1894 = DIRECTION('',(0.258819045103,-1.734723475977E-18,0.965925826289)
  );
#1895 = ADVANCED_FACE('',(#1896),#1902,.F.);
#1896 = FACE_BOUND('',#1897,.F.);
#1897 = EDGE_LOOP('',(#1898,#1899,#1900,#1901));
#1898 = ORIENTED_EDGE('',*,*,#1695,.F.);
#1899 = ORIENTED_EDGE('',*,*,#1594,.T.);
#1900 = ORIENTED_EDGE('',*,*,#1562,.T.);
#1901 = ORIENTED_EDGE('',*,*,#1512,.T.);
#1902 = PLANE('',#1903);
#1903 = AXIS2_PLACEMENT_3D('',#1904,#1905,#1906);
#1904 = CARTESIAN_POINT('',(146.92820323027,130.75,196.8));
#1905 = DIRECTION('',(0.258348686937,6.026065160727E-02,0.964170425716)
  );
#1906 = DIRECTION('',(0.965925826289,1.734723475977E-18,-0.258819045103)
  );
#1907 = ADVANCED_FACE('',(#1908),#1918,.T.);
#1908 = FACE_BOUND('',#1909,.T.);
#1909 = EDGE_LOOP('',(#1910,#1911,#1912));
#1910 = ORIENTED_EDGE('',*,*,#1536,.T.);
#1911 = ORIENTED_EDGE('',*,*,#1554,.T.);
#1912 = ORIENTED_EDGE('',*,*,#1913,.T.);
#1913 = EDGE_CURVE('',#1546,#1537,#1914,.T.);
#1914 = LINE('',#1915,#1916);
#1915 = CARTESIAN_POINT('',(148.,131.,200.8));
#1916 = VECTOR('',#1917,1.);
#1917 = DIRECTION('',(0.,-0.998052578483,6.237828615518E-02));
#1918 = PLANE('',#1919);
#1919 = AXIS2_PLACEMENT_3D('',#1920,#1921,#1922);
#1920 = CARTESIAN_POINT('',(148.,131.,200.8));
#1921 = DIRECTION('',(0.258348686937,6.026065160727E-02,0.964170425716)
  );
#1922 = DIRECTION('',(0.965925826289,1.734723475977E-18,-0.258819045103)
  );
#1923 = ADVANCED_FACE('',(#1924),#1977,.T.);
#1924 = FACE_BOUND('',#1925,.T.);
#1925 = EDGE_LOOP('',(#1926,#1937,#1945,#1952,#1953,#1960,#1961,#1970));
#1926 = ORIENTED_EDGE('',*,*,#1927,.F.);
#1927 = EDGE_CURVE('',#1928,#1930,#1932,.T.);
#1928 = VERTEX_POINT('',#1929);
#1929 = CARTESIAN_POINT('',(148.08731422182,131.25,205.11058285412));
#1930 = VERTEX_POINT('',#1931);
#1931 = CARTESIAN_POINT('',(146.96563020196,132.44766309417,
    204.73517458345));
#1932 = CIRCLE('',#1933,1.2);
#1933 = AXIS2_PLACEMENT_3D('',#1934,#1935,#1936);
#1934 = CARTESIAN_POINT('',(146.92820323027,131.25,204.8));
#1935 = DIRECTION('',(-0.258348686937,6.026065160727E-02,0.964170425716)
  );
#1936 = DIRECTION('',(0.965925826289,1.734723475977E-18,0.258819045103)
  );
#1937 = ORIENTED_EDGE('',*,*,#1938,.F.);
#1938 = EDGE_CURVE('',#1939,#1928,#1941,.T.);
#1939 = VERTEX_POINT('',#1940);
#1940 = CARTESIAN_POINT('',(149.15911099154,131.,201.11058285412));
#1941 = LINE('',#1942,#1943);
#1942 = CARTESIAN_POINT('',(149.15911099154,131.,201.11058285412));
#1943 = VECTOR('',#1944,1.);
#1944 = DIRECTION('',(-0.258348686937,6.026065160727E-02,0.964170425716)
  );
#1945 = ORIENTED_EDGE('',*,*,#1946,.T.);
#1946 = EDGE_CURVE('',#1939,#1546,#1947,.T.);
#1947 = CIRCLE('',#1948,1.2);
#1948 = AXIS2_PLACEMENT_3D('',#1949,#1950,#1951);
#1949 = CARTESIAN_POINT('',(148.,131.,200.8));
#1950 = DIRECTION('',(-0.258348686937,6.026065160727E-02,0.964170425716)
  );
#1951 = DIRECTION('',(0.965925826289,1.734723475977E-18,0.258819045103)
  );
#1952 = ORIENTED_EDGE('',*,*,#1545,.T.);
#1953 = ORIENTED_EDGE('',*,*,#1954,.T.);
#1954 = EDGE_CURVE('',#1537,#1939,#1955,.T.);
#1955 = CIRCLE('',#1956,1.2);
#1956 = AXIS2_PLACEMENT_3D('',#1957,#1958,#1959);
#1957 = CARTESIAN_POINT('',(148.,131.,200.8));
#1958 = DIRECTION('',(-0.258348686937,6.026065160727E-02,0.964170425716)
  );
#1959 = DIRECTION('',(0.965925826289,1.734723475977E-18,0.258819045103)
  );
#1960 = ORIENTED_EDGE('',*,*,#1938,.T.);
#1961 = ORIENTED_EDGE('',*,*,#1962,.F.);
#1962 = EDGE_CURVE('',#1963,#1928,#1965,.T.);
#1963 = VERTEX_POINT('',#1964);
#1964 = CARTESIAN_POINT('',(146.89077625858,130.05233690582,
    204.86482541654));
#1965 = CIRCLE('',#1966,1.2);
#1966 = AXIS2_PLACEMENT_3D('',#1967,#1968,#1969);
#1967 = CARTESIAN_POINT('',(146.92820323027,131.25,204.8));
#1968 = DIRECTION('',(-0.258348686937,6.026065160727E-02,0.964170425716)
  );
#1969 = DIRECTION('',(0.965925826289,1.734723475977E-18,0.258819045103)
  );
#1970 = ORIENTED_EDGE('',*,*,#1971,.F.);
#1971 = EDGE_CURVE('',#1930,#1963,#1972,.T.);
#1972 = ELLIPSE('',#1973,1.242169498499,1.2);
#1973 = AXIS2_PLACEMENT_3D('',#1974,#1975,#1976);
#1974 = CARTESIAN_POINT('',(146.92820323027,131.25,204.8));
#1975 = DIRECTION('',(-0.499026289241,6.237828615518E-02,0.864338887279)
  );
#1976 = DIRECTION('',(0.866025403784,-4.406197628981E-16,0.5));
#1977 = CYLINDRICAL_SURFACE('',#1978,1.2);
#1978 = AXIS2_PLACEMENT_3D('',#1979,#1980,#1981);
#1979 = CARTESIAN_POINT('',(148.,131.,200.8));
#1980 = DIRECTION('',(-0.258348686937,6.026065160727E-02,0.964170425716)
  );
#1981 = DIRECTION('',(0.965925826289,-1.734723475977E-18,0.258819045103)
  );
#1982 = ADVANCED_FACE('',(#1983),#1986,.T.);
#1983 = FACE_BOUND('',#1984,.T.);
#1984 = EDGE_LOOP('',(#1985));
#1985 = ORIENTED_EDGE('',*,*,#1659,.T.);
#1986 = PLANE('',#1987);
#1987 = AXIS2_PLACEMENT_3D('',#1988,#1989,#1990);
#1988 = CARTESIAN_POINT('',(150.,129.5,186.8));
#1989 = DIRECTION('',(0.371390676354,0.,-0.928476690885));
#1990 = DIRECTION('',(-0.928476690885,0.,-0.371390676354));
#1991 = ADVANCED_FACE('',(#1992),#1997,.T.);
#1992 = FACE_BOUND('',#1993,.T.);
#1993 = EDGE_LOOP('',(#1994,#1995,#1996));
#1994 = ORIENTED_EDGE('',*,*,#1806,.T.);
#1995 = ORIENTED_EDGE('',*,*,#1763,.T.);
#1996 = ORIENTED_EDGE('',*,*,#1749,.T.);
#1997 = PLANE('',#1998);
#1998 = AXIS2_PLACEMENT_3D('',#1999,#2000,#2001);
#1999 = CARTESIAN_POINT('',(132.,132.5,200.8));
#2000 = DIRECTION('',(-0.258348686937,6.026065160727E-02,-0.964170425716
    ));
#2001 = DIRECTION('',(-0.965925826289,1.734723475977E-18,0.258819045103)
  );
#2002 = ADVANCED_FACE('',(#2003),#2013,.F.);
#2003 = FACE_BOUND('',#2004,.F.);
#2004 = EDGE_LOOP('',(#2005,#2006,#2007));
#2005 = ORIENTED_EDGE('',*,*,#1798,.T.);
#2006 = ORIENTED_EDGE('',*,*,#1780,.T.);
#2007 = ORIENTED_EDGE('',*,*,#2008,.T.);
#2008 = EDGE_CURVE('',#1781,#1790,#2009,.T.);
#2009 = LINE('',#2010,#2011);
#2010 = CARTESIAN_POINT('',(133.07179676972,132.25,204.8));
#2011 = VECTOR('',#2012,1.);
#2012 = DIRECTION('',(-3.118914307759E-02,-0.998052578483,
    -5.402118045492E-02));
#2013 = PLANE('',#2014);
#2014 = AXIS2_PLACEMENT_3D('',#2015,#2016,#2017);
#2015 = CARTESIAN_POINT('',(133.07179676972,132.25,204.8));
#2016 = DIRECTION('',(-0.258348686937,6.026065160727E-02,-0.964170425716
    ));
#2017 = DIRECTION('',(-0.965925826289,1.734723475977E-18,0.258819045103)
  );
#2018 = ADVANCED_FACE('',(#2019),#2081,.T.);
#2019 = FACE_BOUND('',#2020,.T.);
#2020 = EDGE_LOOP('',(#2021,#2030,#2038,#2047,#2056,#2065,#2072,#2073,
    #2080));
#2021 = ORIENTED_EDGE('',*,*,#2022,.F.);
#2022 = EDGE_CURVE('',#2023,#1781,#2025,.T.);
#2023 = VERTEX_POINT('',#2024);
#2024 = CARTESIAN_POINT('',(132.2232686323,132.25,205.64852813742));
#2025 = CIRCLE('',#2026,1.2);
#2026 = AXIS2_PLACEMENT_3D('',#2027,#2028,#2029);
#2027 = CARTESIAN_POINT('',(133.07179676972,132.25,204.8));
#2028 = DIRECTION('',(-0.70582173878,6.026065160727E-02,-0.70582173878)
  );
#2029 = DIRECTION('',(-0.707106781187,0.,0.707106781187));
#2030 = ORIENTED_EDGE('',*,*,#2031,.F.);
#2031 = EDGE_CURVE('',#2032,#2023,#2034,.T.);
#2032 = VERTEX_POINT('',#2033);
#2033 = CARTESIAN_POINT('',(135.15147186257,132.,208.57673136769));
#2034 = LINE('',#2035,#2036);
#2035 = CARTESIAN_POINT('',(135.15147186257,132.,208.57673136769));
#2036 = VECTOR('',#2037,1.);
#2037 = DIRECTION('',(-0.70582173878,6.026065160727E-02,-0.70582173878)
  );
#2038 = ORIENTED_EDGE('',*,*,#2039,.T.);
#2039 = EDGE_CURVE('',#2032,#2040,#2042,.T.);
#2040 = VERTEX_POINT('',#2041);
#2041 = CARTESIAN_POINT('',(136.06482541654,133.19766309417,
    207.76563020196));
#2042 = CIRCLE('',#2043,1.2);
#2043 = AXIS2_PLACEMENT_3D('',#2044,#2045,#2046);
#2044 = CARTESIAN_POINT('',(136.,132.,207.72820323027));
#2045 = DIRECTION('',(-0.70582173878,6.026065160727E-02,-0.70582173878)
  );
#2046 = DIRECTION('',(-0.707106781187,0.,0.707106781187));
#2047 = ORIENTED_EDGE('',*,*,#2048,.T.);
#2048 = EDGE_CURVE('',#2040,#2049,#2051,.T.);
#2049 = VERTEX_POINT('',#2050);
#2050 = CARTESIAN_POINT('',(136.61995721464,131.98066410246,
    206.65198884878));
#2051 = ELLIPSE('',#2052,1.242169498499,1.2);
#2052 = AXIS2_PLACEMENT_3D('',#2053,#2054,#2055);
#2053 = CARTESIAN_POINT('',(136.,132.,207.72820323027));
#2054 = DIRECTION('',(-0.864338887279,6.237828615518E-02,-0.499026289241
    ));
#2055 = DIRECTION('',(-0.5,-1.210836986232E-15,0.866025403784));
#2056 = ORIENTED_EDGE('',*,*,#2057,.T.);
#2057 = EDGE_CURVE('',#2049,#2058,#2060,.T.);
#2058 = VERTEX_POINT('',#2059);
#2059 = CARTESIAN_POINT('',(135.93517458345,130.80233690582,
    207.69077625858));
#2060 = ELLIPSE('',#2061,1.242169498499,1.2);
#2061 = AXIS2_PLACEMENT_3D('',#2062,#2063,#2064);
#2062 = CARTESIAN_POINT('',(136.,132.,207.72820323027));
#2063 = DIRECTION('',(-0.864338887279,6.237828615518E-02,-0.499026289241
    ));
#2064 = DIRECTION('',(-0.5,-1.210836986232E-15,0.866025403784));
#2065 = ORIENTED_EDGE('',*,*,#2066,.T.);
#2066 = EDGE_CURVE('',#2058,#2032,#2067,.T.);
#2067 = CIRCLE('',#2068,1.2);
#2068 = AXIS2_PLACEMENT_3D('',#2069,#2070,#2071);
#2069 = CARTESIAN_POINT('',(136.,132.,207.72820323027));
#2070 = DIRECTION('',(-0.70582173878,6.026065160727E-02,-0.70582173878)
  );
#2071 = DIRECTION('',(-0.707106781187,0.,0.707106781187));
#2072 = ORIENTED_EDGE('',*,*,#2031,.T.);
#2073 = ORIENTED_EDGE('',*,*,#2074,.F.);
#2074 = EDGE_CURVE('',#1790,#2023,#2075,.T.);
#2075 = CIRCLE('',#2076,1.2);
#2076 = AXIS2_PLACEMENT_3D('',#2077,#2078,#2079);
#2077 = CARTESIAN_POINT('',(133.07179676972,132.25,204.8));
#2078 = DIRECTION('',(-0.70582173878,6.026065160727E-02,-0.70582173878)
  );
#2079 = DIRECTION('',(-0.707106781187,0.,0.707106781187));
#2080 = ORIENTED_EDGE('',*,*,#1789,.F.);
#2081 = CYLINDRICAL_SURFACE('',#2082,1.2);
#2082 = AXIS2_PLACEMENT_3D('',#2083,#2084,#2085);
#2083 = CARTESIAN_POINT('',(136.,132.,207.72820323027));
#2084 = DIRECTION('',(-0.70582173878,6.026065160727E-02,-0.70582173878)
  );
#2085 = DIRECTION('',(-0.707106781187,0.,0.707106781187));
#2086 = ADVANCED_FACE('',(#2087),#2091,.F.);
#2087 = FACE_BOUND('',#2088,.F.);
#2088 = EDGE_LOOP('',(#2089,#2090));
#2089 = ORIENTED_EDGE('',*,*,#1884,.T.);
#2090 = ORIENTED_EDGE('',*,*,#1869,.T.);
#2091 = PLANE('',#2092);
#2092 = AXIS2_PLACEMENT_3D('',#2093,#2094,#2095);
#2093 = CARTESIAN_POINT('',(140.,133.25,192.8));
#2094 = DIRECTION('',(0.964170425716,6.026065160727E-02,0.258348686937)
  );
#2095 = DIRECTION('',(-0.258819045103,1.734723475977E-18,0.965925826289)
  );
#2096 = ADVANCED_FACE('',(#2097),#2151,.T.);
#2097 = FACE_BOUND('',#2098,.T.);
#2098 = EDGE_LOOP('',(#2099,#2110,#2118,#2125,#2126,#2127,#2134,#2135,
    #2144));
#2099 = ORIENTED_EDGE('',*,*,#2100,.F.);
#2100 = EDGE_CURVE('',#2101,#2103,#2105,.T.);
#2101 = VERTEX_POINT('',#2102);
#2102 = CARTESIAN_POINT('',(147.77673136769,133.75,195.95147186257));
#2103 = VERTEX_POINT('',#2104);
#2104 = CARTESIAN_POINT('',(146.89077625858,134.94766309417,
    196.73517458345));
#2105 = CIRCLE('',#2106,1.2);
#2106 = AXIS2_PLACEMENT_3D('',#2107,#2108,#2109);
#2107 = CARTESIAN_POINT('',(146.92820323027,133.75,196.8));
#2108 = DIRECTION('',(0.70582173878,6.026065160727E-02,0.70582173878));
#2109 = DIRECTION('',(0.707106781187,0.,-0.707106781187));
#2110 = ORIENTED_EDGE('',*,*,#2111,.F.);
#2111 = EDGE_CURVE('',#2112,#2101,#2114,.T.);
#2112 = VERTEX_POINT('',#2113);
#2113 = CARTESIAN_POINT('',(144.84852813742,133.5,193.0232686323));
#2114 = LINE('',#2115,#2116);
#2115 = CARTESIAN_POINT('',(144.84852813742,133.5,193.0232686323));
#2116 = VECTOR('',#2117,1.);
#2117 = DIRECTION('',(0.70582173878,6.026065160727E-02,0.70582173878));
#2118 = ORIENTED_EDGE('',*,*,#2119,.T.);
#2119 = EDGE_CURVE('',#2112,#1842,#2120,.T.);
#2120 = CIRCLE('',#2121,1.2);
#2121 = AXIS2_PLACEMENT_3D('',#2122,#2123,#2124);
#2122 = CARTESIAN_POINT('',(144.,133.5,193.87179676972));
#2123 = DIRECTION('',(0.70582173878,6.026065160727E-02,0.70582173878));
#2124 = DIRECTION('',(0.707106781187,0.,-0.707106781187));
#2125 = ORIENTED_EDGE('',*,*,#1841,.T.);
#2126 = ORIENTED_EDGE('',*,*,#1859,.T.);
#2127 = ORIENTED_EDGE('',*,*,#2128,.T.);
#2128 = EDGE_CURVE('',#1851,#2112,#2129,.T.);
#2129 = CIRCLE('',#2130,1.2);
#2130 = AXIS2_PLACEMENT_3D('',#2131,#2132,#2133);
#2131 = CARTESIAN_POINT('',(144.,133.5,193.87179676972));
#2132 = DIRECTION('',(0.70582173878,6.026065160727E-02,0.70582173878));
#2133 = DIRECTION('',(0.707106781187,0.,-0.707106781187));
#2134 = ORIENTED_EDGE('',*,*,#2111,.T.);
#2135 = ORIENTED_EDGE('',*,*,#2136,.F.);
#2136 = EDGE_CURVE('',#2137,#2101,#2139,.T.);
#2137 = VERTEX_POINT('',#2138);
#2138 = CARTESIAN_POINT('',(146.96563020196,132.55233690582,
    196.86482541654));
#2139 = CIRCLE('',#2140,1.2);
#2140 = AXIS2_PLACEMENT_3D('',#2141,#2142,#2143);
#2141 = CARTESIAN_POINT('',(146.92820323027,133.75,196.8));
#2142 = DIRECTION('',(0.70582173878,6.026065160727E-02,0.70582173878));
#2143 = DIRECTION('',(0.707106781187,0.,-0.707106781187));
#2144 = ORIENTED_EDGE('',*,*,#2145,.F.);
#2145 = EDGE_CURVE('',#2103,#2137,#2146,.T.);
#2146 = ELLIPSE('',#2147,1.242169498499,1.2);
#2147 = AXIS2_PLACEMENT_3D('',#2148,#2149,#2150);
#2148 = CARTESIAN_POINT('',(146.92820323027,133.75,196.8));
#2149 = DIRECTION('',(0.499026289241,6.237828615518E-02,0.864338887279)
  );
#2150 = DIRECTION('',(0.866025403784,4.406197628981E-16,-0.5));
#2151 = CYLINDRICAL_SURFACE('',#2152,1.2);
#2152 = AXIS2_PLACEMENT_3D('',#2153,#2154,#2155);
#2153 = CARTESIAN_POINT('',(144.,133.5,193.87179676972));
#2154 = DIRECTION('',(0.70582173878,6.026065160727E-02,0.70582173878));
#2155 = DIRECTION('',(0.707106781187,0.,-0.707106781187));
#2156 = ADVANCED_FACE('',(#2157),#2166,.T.);
#2157 = FACE_BOUND('',#2158,.T.);
#2158 = EDGE_LOOP('',(#2159,#2165));
#2159 = ORIENTED_EDGE('',*,*,#2160,.T.);
#2160 = EDGE_CURVE('',#1842,#1851,#2161,.T.);
#2161 = LINE('',#2162,#2163);
#2162 = CARTESIAN_POINT('',(144.,133.5,193.87179676972));
#2163 = VECTOR('',#2164,1.);
#2164 = DIRECTION('',(5.402118045492E-02,-0.998052578483,
    3.118914307759E-02));
#2165 = ORIENTED_EDGE('',*,*,#1850,.T.);
#2166 = PLANE('',#2167);
#2167 = AXIS2_PLACEMENT_3D('',#2168,#2169,#2170);
#2168 = CARTESIAN_POINT('',(144.,133.5,193.87179676972));
#2169 = DIRECTION('',(0.964170425716,6.026065160727E-02,0.258348686937)
  );
#2170 = DIRECTION('',(-0.258819045103,1.734723475977E-18,0.965925826289)
  );
#2171 = ADVANCED_FACE('',(#2172),#2177,.F.);
#2172 = FACE_BOUND('',#2173,.F.);
#2173 = EDGE_LOOP('',(#2174,#2175,#2176));
#2174 = ORIENTED_EDGE('',*,*,#1954,.T.);
#2175 = ORIENTED_EDGE('',*,*,#1946,.T.);
#2176 = ORIENTED_EDGE('',*,*,#1913,.T.);
#2177 = PLANE('',#2178);
#2178 = AXIS2_PLACEMENT_3D('',#2179,#2180,#2181);
#2179 = CARTESIAN_POINT('',(148.,131.,200.8));
#2180 = DIRECTION('',(-0.258348686937,6.026065160727E-02,0.964170425716)
  );
#2181 = DIRECTION('',(0.965925826289,-1.734723475977E-18,0.258819045103)
  );
#2182 = ADVANCED_FACE('',(#2183),#2193,.T.);
#2183 = FACE_BOUND('',#2184,.T.);
#2184 = EDGE_LOOP('',(#2185,#2186,#2187));
#2185 = ORIENTED_EDGE('',*,*,#1962,.T.);
#2186 = ORIENTED_EDGE('',*,*,#1927,.T.);
#2187 = ORIENTED_EDGE('',*,*,#2188,.T.);
#2188 = EDGE_CURVE('',#1930,#1963,#2189,.T.);
#2189 = LINE('',#2190,#2191);
#2190 = CARTESIAN_POINT('',(146.92820323027,131.25,204.8));
#2191 = VECTOR('',#2192,1.);
#2192 = DIRECTION('',(-3.118914307759E-02,-0.998052578483,
    5.402118045492E-02));
#2193 = PLANE('',#2194);
#2194 = AXIS2_PLACEMENT_3D('',#2195,#2196,#2197);
#2195 = CARTESIAN_POINT('',(146.92820323027,131.25,204.8));
#2196 = DIRECTION('',(-0.258348686937,6.026065160727E-02,0.964170425716)
  );
#2197 = DIRECTION('',(0.965925826289,-1.734723475977E-18,0.258819045103)
  );
#2198 = ADVANCED_FACE('',(#2199),#2261,.T.);
#2199 = FACE_BOUND('',#2200,.T.);
#2200 = EDGE_LOOP('',(#2201,#2212,#2220,#2227,#2228,#2235,#2236,#2245,
    #2254));
#2201 = ORIENTED_EDGE('',*,*,#2202,.F.);
#2202 = EDGE_CURVE('',#2203,#2205,#2207,.T.);
#2203 = VERTEX_POINT('',#2204);
#2204 = CARTESIAN_POINT('',(144.84852813742,131.5,208.57673136769));
#2205 = VERTEX_POINT('',#2206);
#2206 = CARTESIAN_POINT('',(144.06482541654,132.69766309417,
    207.69077625858));
#2207 = CIRCLE('',#2208,1.2);
#2208 = AXIS2_PLACEMENT_3D('',#2209,#2210,#2211);
#2209 = CARTESIAN_POINT('',(144.,131.5,207.72820323027));
#2210 = DIRECTION('',(-0.70582173878,6.026065160727E-02,0.70582173878));
#2211 = DIRECTION('',(0.707106781187,0.,0.707106781187));
#2212 = ORIENTED_EDGE('',*,*,#2213,.F.);
#2213 = EDGE_CURVE('',#2214,#2203,#2216,.T.);
#2214 = VERTEX_POINT('',#2215);
#2215 = CARTESIAN_POINT('',(147.77673136769,131.25,205.64852813742));
#2216 = LINE('',#2217,#2218);
#2217 = CARTESIAN_POINT('',(147.77673136769,131.25,205.64852813742));
#2218 = VECTOR('',#2219,1.);
#2219 = DIRECTION('',(-0.70582173878,6.026065160727E-02,0.70582173878));
#2220 = ORIENTED_EDGE('',*,*,#2221,.T.);
#2221 = EDGE_CURVE('',#2214,#1930,#2222,.T.);
#2222 = CIRCLE('',#2223,1.2);
#2223 = AXIS2_PLACEMENT_3D('',#2224,#2225,#2226);
#2224 = CARTESIAN_POINT('',(146.92820323027,131.25,204.8));
#2225 = DIRECTION('',(-0.70582173878,6.026065160727E-02,0.70582173878));
#2226 = DIRECTION('',(0.707106781187,0.,0.707106781187));
#2227 = ORIENTED_EDGE('',*,*,#1971,.T.);
#2228 = ORIENTED_EDGE('',*,*,#2229,.T.);
#2229 = EDGE_CURVE('',#1963,#2214,#2230,.T.);
#2230 = CIRCLE('',#2231,1.2);
#2231 = AXIS2_PLACEMENT_3D('',#2232,#2233,#2234);
#2232 = CARTESIAN_POINT('',(146.92820323027,131.25,204.8));
#2233 = DIRECTION('',(-0.70582173878,6.026065160727E-02,0.70582173878));
#2234 = DIRECTION('',(0.707106781187,0.,0.707106781187));
#2235 = ORIENTED_EDGE('',*,*,#2213,.T.);
#2236 = ORIENTED_EDGE('',*,*,#2237,.F.);
#2237 = EDGE_CURVE('',#2238,#2203,#2240,.T.);
#2238 = VERTEX_POINT('',#2239);
#2239 = CARTESIAN_POINT('',(143.93517458345,130.30233690582,
    207.76563020196));
#2240 = CIRCLE('',#2241,1.2);
#2241 = AXIS2_PLACEMENT_3D('',#2242,#2243,#2244);
#2242 = CARTESIAN_POINT('',(144.,131.5,207.72820323027));
#2243 = DIRECTION('',(-0.70582173878,6.026065160727E-02,0.70582173878));
#2244 = DIRECTION('',(0.707106781187,0.,0.707106781187));
#2245 = ORIENTED_EDGE('',*,*,#2246,.F.);
#2246 = EDGE_CURVE('',#2247,#2238,#2249,.T.);
#2247 = VERTEX_POINT('',#2248);
#2248 = CARTESIAN_POINT('',(143.38004278535,131.51933589753,
    206.65198884878));
#2249 = ELLIPSE('',#2250,1.242169498499,1.2);
#2250 = AXIS2_PLACEMENT_3D('',#2251,#2252,#2253);
#2251 = CARTESIAN_POINT('',(144.,131.5,207.72820323027));
#2252 = DIRECTION('',(-0.864338887279,6.237828615518E-02,0.499026289241)
  );
#2253 = DIRECTION('',(0.5,-3.400058012915E-16,0.866025403784));
#2254 = ORIENTED_EDGE('',*,*,#2255,.F.);
#2255 = EDGE_CURVE('',#2205,#2247,#2256,.T.);
#2256 = ELLIPSE('',#2257,1.242169498499,1.2);
#2257 = AXIS2_PLACEMENT_3D('',#2258,#2259,#2260);
#2258 = CARTESIAN_POINT('',(144.,131.5,207.72820323027));
#2259 = DIRECTION('',(-0.864338887279,6.237828615518E-02,0.499026289241)
  );
#2260 = DIRECTION('',(0.5,-3.400058012915E-16,0.866025403784));
#2261 = CYLINDRICAL_SURFACE('',#2262,1.2);
#2262 = AXIS2_PLACEMENT_3D('',#2263,#2264,#2265);
#2263 = CARTESIAN_POINT('',(146.92820323027,131.25,204.8));
#2264 = DIRECTION('',(-0.70582173878,6.026065160727E-02,0.70582173878));
#2265 = DIRECTION('',(0.707106781187,0.,0.707106781187));
#2266 = ADVANCED_FACE('',(#2267),#2272,.T.);
#2267 = FACE_BOUND('',#2268,.T.);
#2268 = EDGE_LOOP('',(#2269,#2270,#2271));
#2269 = ORIENTED_EDGE('',*,*,#2074,.T.);
#2270 = ORIENTED_EDGE('',*,*,#2022,.T.);
#2271 = ORIENTED_EDGE('',*,*,#2008,.T.);
#2272 = PLANE('',#2273);
#2273 = AXIS2_PLACEMENT_3D('',#2274,#2275,#2276);
#2274 = CARTESIAN_POINT('',(133.07179676972,132.25,204.8));
#2275 = DIRECTION('',(-0.70582173878,6.026065160727E-02,-0.70582173878)
  );
#2276 = DIRECTION('',(-0.707106781187,0.,0.707106781187));
#2277 = ADVANCED_FACE('',(#2278),#2288,.F.);
#2278 = FACE_BOUND('',#2279,.F.);
#2279 = EDGE_LOOP('',(#2280,#2281,#2282));
#2280 = ORIENTED_EDGE('',*,*,#2066,.T.);
#2281 = ORIENTED_EDGE('',*,*,#2039,.T.);
#2282 = ORIENTED_EDGE('',*,*,#2283,.T.);
#2283 = EDGE_CURVE('',#2040,#2058,#2284,.T.);
#2284 = LINE('',#2285,#2286);
#2285 = CARTESIAN_POINT('',(136.,132.,207.72820323027));
#2286 = VECTOR('',#2287,1.);
#2287 = DIRECTION('',(-5.402118045492E-02,-0.998052578483,
    -3.118914307759E-02));
#2288 = PLANE('',#2289);
#2289 = AXIS2_PLACEMENT_3D('',#2290,#2291,#2292);
#2290 = CARTESIAN_POINT('',(136.,132.,207.72820323027));
#2291 = DIRECTION('',(-0.70582173878,6.026065160727E-02,-0.70582173878)
  );
#2292 = DIRECTION('',(-0.707106781187,0.,0.707106781187));
#2293 = ADVANCED_FACE('',(#2294),#2348,.T.);
#2294 = FACE_BOUND('',#2295,.T.);
#2295 = EDGE_LOOP('',(#2296,#2307,#2313,#2314,#2321,#2322,#2323,#2332,
    #2341));
#2296 = ORIENTED_EDGE('',*,*,#2297,.T.);
#2297 = EDGE_CURVE('',#2298,#2300,#2302,.T.);
#2298 = VERTEX_POINT('',#2299);
#2299 = CARTESIAN_POINT('',(140.07485394338,132.94766309417,208.8));
#2300 = VERTEX_POINT('',#2301);
#2301 = CARTESIAN_POINT('',(140.00120849358,131.76933589753,
    207.55799239838));
#2302 = ELLIPSE('',#2303,1.242169498499,1.2);
#2303 = AXIS2_PLACEMENT_3D('',#2304,#2305,#2306);
#2304 = CARTESIAN_POINT('',(140.,131.75,208.8));
#2305 = DIRECTION('',(-0.998052578483,6.237828615518E-02,1.78E-15));
#2306 = DIRECTION('',(1.880346819272E-15,1.549978323796E-15,1.));
#2307 = ORIENTED_EDGE('',*,*,#2308,.T.);
#2308 = EDGE_CURVE('',#2300,#2049,#2309,.T.);
#2309 = LINE('',#2310,#2311);
#2310 = CARTESIAN_POINT('',(140.31058285412,131.75,207.64088900845));
#2311 = VECTOR('',#2312,1.);
#2312 = DIRECTION('',(-0.964170425716,6.026065160727E-02,-0.258348686937
    ));
#2313 = ORIENTED_EDGE('',*,*,#2048,.F.);
#2314 = ORIENTED_EDGE('',*,*,#2315,.F.);
#2315 = EDGE_CURVE('',#2058,#2040,#2316,.T.);
#2316 = CIRCLE('',#2317,1.2);
#2317 = AXIS2_PLACEMENT_3D('',#2318,#2319,#2320);
#2318 = CARTESIAN_POINT('',(136.,132.,207.72820323027));
#2319 = DIRECTION('',(-0.964170425716,6.026065160727E-02,-0.258348686937
    ));
#2320 = DIRECTION('',(0.258819045103,0.,-0.965925826289));
#2321 = ORIENTED_EDGE('',*,*,#2057,.F.);
#2322 = ORIENTED_EDGE('',*,*,#2308,.F.);
#2323 = ORIENTED_EDGE('',*,*,#2324,.T.);
#2324 = EDGE_CURVE('',#2300,#2325,#2327,.T.);
#2325 = VERTEX_POINT('',#2326);
#2326 = CARTESIAN_POINT('',(139.99879150642,131.73066410246,
    207.55799239838));
#2327 = ELLIPSE('',#2328,1.242169498499,1.2);
#2328 = AXIS2_PLACEMENT_3D('',#2329,#2330,#2331);
#2329 = CARTESIAN_POINT('',(140.,131.75,208.8));
#2330 = DIRECTION('',(-0.998052578483,6.237828615518E-02,1.78E-15));
#2331 = DIRECTION('',(1.880346819272E-15,1.549978323796E-15,1.));
#2332 = ORIENTED_EDGE('',*,*,#2333,.T.);
#2333 = EDGE_CURVE('',#2325,#2334,#2336,.T.);
#2334 = VERTEX_POINT('',#2335);
#2335 = CARTESIAN_POINT('',(139.92514605661,130.55233690582,208.8));
#2336 = ELLIPSE('',#2337,1.242169498499,1.2);
#2337 = AXIS2_PLACEMENT_3D('',#2338,#2339,#2340);
#2338 = CARTESIAN_POINT('',(140.,131.75,208.8));
#2339 = DIRECTION('',(-0.998052578483,6.237828615518E-02,1.78E-15));
#2340 = DIRECTION('',(1.880346819272E-15,1.549978323796E-15,1.));
#2341 = ORIENTED_EDGE('',*,*,#2342,.T.);
#2342 = EDGE_CURVE('',#2334,#2298,#2343,.T.);
#2343 = CIRCLE('',#2344,1.2);
#2344 = AXIS2_PLACEMENT_3D('',#2345,#2346,#2347);
#2345 = CARTESIAN_POINT('',(140.,131.75,208.8));
#2346 = DIRECTION('',(-0.964170425716,6.026065160727E-02,-0.258348686937
    ));
#2347 = DIRECTION('',(0.258819045103,0.,-0.965925826289));
#2348 = CYLINDRICAL_SURFACE('',#2349,1.2);
#2349 = AXIS2_PLACEMENT_3D('',#2350,#2351,#2352);
#2350 = CARTESIAN_POINT('',(140.,131.75,208.8));
#2351 = DIRECTION('',(-0.964170425716,6.026065160727E-02,-0.258348686937
    ));
#2352 = DIRECTION('',(0.258819045103,0.,-0.965925826289));
#2353 = ADVANCED_FACE('',(#2354),#2364,.T.);
#2354 = FACE_BOUND('',#2355,.T.);
#2355 = EDGE_LOOP('',(#2356,#2357,#2358));
#2356 = ORIENTED_EDGE('',*,*,#2136,.T.);
#2357 = ORIENTED_EDGE('',*,*,#2100,.T.);
#2358 = ORIENTED_EDGE('',*,*,#2359,.T.);
#2359 = EDGE_CURVE('',#2103,#2137,#2360,.T.);
#2360 = LINE('',#2361,#2362);
#2361 = CARTESIAN_POINT('',(146.92820323027,133.75,196.8));
#2362 = VECTOR('',#2363,1.);
#2363 = DIRECTION('',(3.118914307759E-02,-0.998052578483,
    5.402118045492E-02));
#2364 = PLANE('',#2365);
#2365 = AXIS2_PLACEMENT_3D('',#2366,#2367,#2368);
#2366 = CARTESIAN_POINT('',(146.92820323027,133.75,196.8));
#2367 = DIRECTION('',(0.70582173878,6.026065160727E-02,0.70582173878));
#2368 = DIRECTION('',(0.707106781187,0.,-0.707106781187));
#2369 = ADVANCED_FACE('',(#2370),#2423,.T.);
#2370 = FACE_BOUND('',#2371,.T.);
#2371 = EDGE_LOOP('',(#2372,#2383,#2391,#2398,#2399,#2406,#2407,#2416));
#2372 = ORIENTED_EDGE('',*,*,#2373,.F.);
#2373 = EDGE_CURVE('',#2374,#2376,#2378,.T.);
#2374 = VERTEX_POINT('',#2375);
#2375 = CARTESIAN_POINT('',(149.15911099154,134.,200.48941714587));
#2376 = VERTEX_POINT('',#2377);
#2377 = CARTESIAN_POINT('',(148.,135.19766309417,200.72514605661));
#2378 = CIRCLE('',#2379,1.2);
#2379 = AXIS2_PLACEMENT_3D('',#2380,#2381,#2382);
#2380 = CARTESIAN_POINT('',(148.,134.,200.8));
#2381 = DIRECTION('',(0.258348686937,6.026065160727E-02,0.964170425716)
  );
#2382 = DIRECTION('',(0.965925826289,-1.734723475977E-18,-0.258819045103
    ));
#2383 = ORIENTED_EDGE('',*,*,#2384,.F.);
#2384 = EDGE_CURVE('',#2385,#2374,#2387,.T.);
#2385 = VERTEX_POINT('',#2386);
#2386 = CARTESIAN_POINT('',(148.08731422182,133.75,196.48941714587));
#2387 = LINE('',#2388,#2389);
#2388 = CARTESIAN_POINT('',(148.08731422182,133.75,196.48941714587));
#2389 = VECTOR('',#2390,1.);
#2390 = DIRECTION('',(0.258348686937,6.026065160727E-02,0.964170425716)
  );
#2391 = ORIENTED_EDGE('',*,*,#2392,.T.);
#2392 = EDGE_CURVE('',#2385,#2103,#2393,.T.);
#2393 = CIRCLE('',#2394,1.2);
#2394 = AXIS2_PLACEMENT_3D('',#2395,#2396,#2397);
#2395 = CARTESIAN_POINT('',(146.92820323027,133.75,196.8));
#2396 = DIRECTION('',(0.258348686937,6.026065160727E-02,0.964170425716)
  );
#2397 = DIRECTION('',(0.965925826289,-1.734723475977E-18,-0.258819045103
    ));
#2398 = ORIENTED_EDGE('',*,*,#2145,.T.);
#2399 = ORIENTED_EDGE('',*,*,#2400,.T.);
#2400 = EDGE_CURVE('',#2137,#2385,#2401,.T.);
#2401 = CIRCLE('',#2402,1.2);
#2402 = AXIS2_PLACEMENT_3D('',#2403,#2404,#2405);
#2403 = CARTESIAN_POINT('',(146.92820323027,133.75,196.8));
#2404 = DIRECTION('',(0.258348686937,6.026065160727E-02,0.964170425716)
  );
#2405 = DIRECTION('',(0.965925826289,-1.734723475977E-18,-0.258819045103
    ));
#2406 = ORIENTED_EDGE('',*,*,#2384,.T.);
#2407 = ORIENTED_EDGE('',*,*,#2408,.F.);
#2408 = EDGE_CURVE('',#2409,#2374,#2411,.T.);
#2409 = VERTEX_POINT('',#2410);
#2410 = CARTESIAN_POINT('',(148.,132.80233690582,200.87485394338));
#2411 = CIRCLE('',#2412,1.2);
#2412 = AXIS2_PLACEMENT_3D('',#2413,#2414,#2415);
#2413 = CARTESIAN_POINT('',(148.,134.,200.8));
#2414 = DIRECTION('',(0.258348686937,6.026065160727E-02,0.964170425716)
  );
#2415 = DIRECTION('',(0.965925826289,-1.734723475977E-18,-0.258819045103
    ));
#2416 = ORIENTED_EDGE('',*,*,#2417,.F.);
#2417 = EDGE_CURVE('',#2376,#2409,#2418,.T.);
#2418 = ELLIPSE('',#2419,1.242169498499,1.2);
#2419 = AXIS2_PLACEMENT_3D('',#2420,#2421,#2422);
#2420 = CARTESIAN_POINT('',(148.,134.,200.8));
#2421 = DIRECTION('',(-0.,6.237828615518E-02,0.998052578483));
#2422 = DIRECTION('',(1.,0.,0.));
#2423 = CYLINDRICAL_SURFACE('',#2424,1.2);
#2424 = AXIS2_PLACEMENT_3D('',#2425,#2426,#2427);
#2425 = CARTESIAN_POINT('',(146.92820323027,133.75,196.8));
#2426 = DIRECTION('',(0.258348686937,6.026065160727E-02,0.964170425716)
  );
#2427 = DIRECTION('',(0.965925826289,1.734723475977E-18,-0.258819045103)
  );
#2428 = ADVANCED_FACE('',(#2429),#2434,.F.);
#2429 = FACE_BOUND('',#2430,.F.);
#2430 = EDGE_LOOP('',(#2431,#2432,#2433));
#2431 = ORIENTED_EDGE('',*,*,#2128,.T.);
#2432 = ORIENTED_EDGE('',*,*,#2119,.T.);
#2433 = ORIENTED_EDGE('',*,*,#2160,.T.);
#2434 = PLANE('',#2435);
#2435 = AXIS2_PLACEMENT_3D('',#2436,#2437,#2438);
#2436 = CARTESIAN_POINT('',(144.,133.5,193.87179676972));
#2437 = DIRECTION('',(0.70582173878,6.026065160727E-02,0.70582173878));
#2438 = DIRECTION('',(0.707106781187,0.,-0.707106781187));
#2439 = ADVANCED_FACE('',(#2440),#2445,.F.);
#2440 = FACE_BOUND('',#2441,.F.);
#2441 = EDGE_LOOP('',(#2442,#2443,#2444));
#2442 = ORIENTED_EDGE('',*,*,#2229,.T.);
#2443 = ORIENTED_EDGE('',*,*,#2221,.T.);
#2444 = ORIENTED_EDGE('',*,*,#2188,.T.);
#2445 = PLANE('',#2446);
#2446 = AXIS2_PLACEMENT_3D('',#2447,#2448,#2449);
#2447 = CARTESIAN_POINT('',(146.92820323027,131.25,204.8));
#2448 = DIRECTION('',(-0.70582173878,6.026065160727E-02,0.70582173878));
#2449 = DIRECTION('',(0.707106781187,0.,0.707106781187));
#2450 = ADVANCED_FACE('',(#2451),#2461,.T.);
#2451 = FACE_BOUND('',#2452,.T.);
#2452 = EDGE_LOOP('',(#2453,#2454,#2455));
#2453 = ORIENTED_EDGE('',*,*,#2237,.T.);
#2454 = ORIENTED_EDGE('',*,*,#2202,.T.);
#2455 = ORIENTED_EDGE('',*,*,#2456,.T.);
#2456 = EDGE_CURVE('',#2205,#2238,#2457,.T.);
#2457 = LINE('',#2458,#2459);
#2458 = CARTESIAN_POINT('',(144.,131.5,207.72820323027));
#2459 = VECTOR('',#2460,1.);
#2460 = DIRECTION('',(-5.402118045492E-02,-0.998052578483,
    3.118914307759E-02));
#2461 = PLANE('',#2462);
#2462 = AXIS2_PLACEMENT_3D('',#2463,#2464,#2465);
#2463 = CARTESIAN_POINT('',(144.,131.5,207.72820323027));
#2464 = DIRECTION('',(-0.70582173878,6.026065160727E-02,0.70582173878));
#2465 = DIRECTION('',(0.707106781187,0.,0.707106781187));
#2466 = ADVANCED_FACE('',(#2467),#2495,.T.);
#2467 = FACE_BOUND('',#2468,.T.);
#2468 = EDGE_LOOP('',(#2469,#2470,#2476,#2477,#2478,#2485,#2486,#2487,
    #2488));
#2469 = ORIENTED_EDGE('',*,*,#2255,.T.);
#2470 = ORIENTED_EDGE('',*,*,#2471,.T.);
#2471 = EDGE_CURVE('',#2247,#2325,#2472,.T.);
#2472 = LINE('',#2473,#2474);
#2473 = CARTESIAN_POINT('',(143.68941714587,131.5,206.56909223872));
#2474 = VECTOR('',#2475,1.);
#2475 = DIRECTION('',(-0.964170425716,6.026065160727E-02,0.258348686937)
  );
#2476 = ORIENTED_EDGE('',*,*,#2324,.F.);
#2477 = ORIENTED_EDGE('',*,*,#2297,.F.);
#2478 = ORIENTED_EDGE('',*,*,#2479,.F.);
#2479 = EDGE_CURVE('',#2334,#2298,#2480,.T.);
#2480 = CIRCLE('',#2481,1.2);
#2481 = AXIS2_PLACEMENT_3D('',#2482,#2483,#2484);
#2482 = CARTESIAN_POINT('',(140.,131.75,208.8));
#2483 = DIRECTION('',(-0.964170425716,6.026065160727E-02,0.258348686937)
  );
#2484 = DIRECTION('',(-0.258819045103,-1.734723475977E-18,
    -0.965925826289));
#2485 = ORIENTED_EDGE('',*,*,#2333,.F.);
#2486 = ORIENTED_EDGE('',*,*,#2471,.F.);
#2487 = ORIENTED_EDGE('',*,*,#2246,.T.);
#2488 = ORIENTED_EDGE('',*,*,#2489,.T.);
#2489 = EDGE_CURVE('',#2238,#2205,#2490,.T.);
#2490 = CIRCLE('',#2491,1.2);
#2491 = AXIS2_PLACEMENT_3D('',#2492,#2493,#2494);
#2492 = CARTESIAN_POINT('',(144.,131.5,207.72820323027));
#2493 = DIRECTION('',(-0.964170425716,6.026065160727E-02,0.258348686937)
  );
#2494 = DIRECTION('',(-0.258819045103,-1.734723475977E-18,
    -0.965925826289));
#2495 = CYLINDRICAL_SURFACE('',#2496,1.2);
#2496 = AXIS2_PLACEMENT_3D('',#2497,#2498,#2499);
#2497 = CARTESIAN_POINT('',(144.,131.5,207.72820323027));
#2498 = DIRECTION('',(-0.964170425716,6.026065160727E-02,0.258348686937)
  );
#2499 = DIRECTION('',(-0.258819045103,-1.734723475977E-18,
    -0.965925826289));
#2500 = ADVANCED_FACE('',(#2501),#2505,.T.);
#2501 = FACE_BOUND('',#2502,.T.);
#2502 = EDGE_LOOP('',(#2503,#2504));
#2503 = ORIENTED_EDGE('',*,*,#2283,.T.);
#2504 = ORIENTED_EDGE('',*,*,#2315,.T.);
#2505 = PLANE('',#2506);
#2506 = AXIS2_PLACEMENT_3D('',#2507,#2508,#2509);
#2507 = CARTESIAN_POINT('',(136.,132.,207.72820323027));
#2508 = DIRECTION('',(-0.964170425716,6.026065160727E-02,-0.258348686937
    ));
#2509 = DIRECTION('',(0.258819045103,0.,-0.965925826289));
#2510 = ADVANCED_FACE('',(#2511),#2520,.F.);
#2511 = FACE_BOUND('',#2512,.F.);
#2512 = EDGE_LOOP('',(#2513,#2519));
#2513 = ORIENTED_EDGE('',*,*,#2514,.T.);
#2514 = EDGE_CURVE('',#2298,#2334,#2515,.T.);
#2515 = LINE('',#2516,#2517);
#2516 = CARTESIAN_POINT('',(140.,131.75,208.8));
#2517 = VECTOR('',#2518,1.);
#2518 = DIRECTION('',(-6.237828615518E-02,-0.998052578483,1.65E-15));
#2519 = ORIENTED_EDGE('',*,*,#2342,.T.);
#2520 = PLANE('',#2521);
#2521 = AXIS2_PLACEMENT_3D('',#2522,#2523,#2524);
#2522 = CARTESIAN_POINT('',(140.,131.75,208.8));
#2523 = DIRECTION('',(-0.964170425716,6.026065160727E-02,-0.258348686937
    ));
#2524 = DIRECTION('',(0.258819045103,0.,-0.965925826289));
#2525 = ADVANCED_FACE('',(#2526),#2531,.F.);
#2526 = FACE_BOUND('',#2527,.F.);
#2527 = EDGE_LOOP('',(#2528,#2529,#2530));
#2528 = ORIENTED_EDGE('',*,*,#2400,.T.);
#2529 = ORIENTED_EDGE('',*,*,#2392,.T.);
#2530 = ORIENTED_EDGE('',*,*,#2359,.T.);
#2531 = PLANE('',#2532);
#2532 = AXIS2_PLACEMENT_3D('',#2533,#2534,#2535);
#2533 = CARTESIAN_POINT('',(146.92820323027,133.75,196.8));
#2534 = DIRECTION('',(0.258348686937,6.026065160727E-02,0.964170425716)
  );
#2535 = DIRECTION('',(0.965925826289,1.734723475977E-18,-0.258819045103)
  );
#2536 = ADVANCED_FACE('',(#2537),#2547,.T.);
#2537 = FACE_BOUND('',#2538,.T.);
#2538 = EDGE_LOOP('',(#2539,#2540,#2541));
#2539 = ORIENTED_EDGE('',*,*,#2408,.T.);
#2540 = ORIENTED_EDGE('',*,*,#2373,.T.);
#2541 = ORIENTED_EDGE('',*,*,#2542,.T.);
#2542 = EDGE_CURVE('',#2376,#2409,#2543,.T.);
#2543 = LINE('',#2544,#2545);
#2544 = CARTESIAN_POINT('',(148.,134.,200.8));
#2545 = VECTOR('',#2546,1.);
#2546 = DIRECTION('',(0.,-0.998052578483,6.237828615518E-02));
#2547 = PLANE('',#2548);
#2548 = AXIS2_PLACEMENT_3D('',#2549,#2550,#2551);
#2549 = CARTESIAN_POINT('',(148.,134.,200.8));
#2550 = DIRECTION('',(0.258348686937,6.026065160727E-02,0.964170425716)
  );
#2551 = DIRECTION('',(0.965925826289,1.734723475977E-18,-0.258819045103)
  );
#2552 = ADVANCED_FACE('',(#2553),#2606,.T.);
#2553 = FACE_BOUND('',#2554,.T.);
#2554 = EDGE_LOOP('',(#2555,#2566,#2574,#2581,#2582,#2589,#2590,#2599));
#2555 = ORIENTED_EDGE('',*,*,#2556,.F.);
#2556 = EDGE_CURVE('',#2557,#2559,#2561,.T.);
#2557 = VERTEX_POINT('',#2558);
#2558 = CARTESIAN_POINT('',(148.08731422182,134.25,205.11058285412));
#2559 = VERTEX_POINT('',#2560);
#2560 = CARTESIAN_POINT('',(146.96563020196,135.44766309417,
    204.73517458345));
#2561 = CIRCLE('',#2562,1.2);
#2562 = AXIS2_PLACEMENT_3D('',#2563,#2564,#2565);
#2563 = CARTESIAN_POINT('',(146.92820323027,134.25,204.8));
#2564 = DIRECTION('',(-0.258348686937,6.026065160727E-02,0.964170425716)
  );
#2565 = DIRECTION('',(0.965925826289,1.734723475977E-18,0.258819045103)
  );
#2566 = ORIENTED_EDGE('',*,*,#2567,.F.);
#2567 = EDGE_CURVE('',#2568,#2557,#2570,.T.);
#2568 = VERTEX_POINT('',#2569);
#2569 = CARTESIAN_POINT('',(149.15911099154,134.,201.11058285412));
#2570 = LINE('',#2571,#2572);
#2571 = CARTESIAN_POINT('',(149.15911099154,134.,201.11058285412));
#2572 = VECTOR('',#2573,1.);
#2573 = DIRECTION('',(-0.258348686937,6.026065160727E-02,0.964170425716)
  );
#2574 = ORIENTED_EDGE('',*,*,#2575,.T.);
#2575 = EDGE_CURVE('',#2568,#2376,#2576,.T.);
#2576 = CIRCLE('',#2577,1.2);
#2577 = AXIS2_PLACEMENT_3D('',#2578,#2579,#2580);
#2578 = CARTESIAN_POINT('',(148.,134.,200.8));
#2579 = DIRECTION('',(-0.258348686937,6.026065160727E-02,0.964170425716)
  );
#2580 = DIRECTION('',(0.965925826289,1.734723475977E-18,0.258819045103)
  );
#2581 = ORIENTED_EDGE('',*,*,#2417,.T.);
#2582 = ORIENTED_EDGE('',*,*,#2583,.T.);
#2583 = EDGE_CURVE('',#2409,#2568,#2584,.T.);
#2584 = CIRCLE('',#2585,1.2);
#2585 = AXIS2_PLACEMENT_3D('',#2586,#2587,#2588);
#2586 = CARTESIAN_POINT('',(148.,134.,200.8));
#2587 = DIRECTION('',(-0.258348686937,6.026065160727E-02,0.964170425716)
  );
#2588 = DIRECTION('',(0.965925826289,1.734723475977E-18,0.258819045103)
  );
#2589 = ORIENTED_EDGE('',*,*,#2567,.T.);
#2590 = ORIENTED_EDGE('',*,*,#2591,.F.);
#2591 = EDGE_CURVE('',#2592,#2557,#2594,.T.);
#2592 = VERTEX_POINT('',#2593);
#2593 = CARTESIAN_POINT('',(146.89077625858,133.05233690582,
    204.86482541654));
#2594 = CIRCLE('',#2595,1.2);
#2595 = AXIS2_PLACEMENT_3D('',#2596,#2597,#2598);
#2596 = CARTESIAN_POINT('',(146.92820323027,134.25,204.8));
#2597 = DIRECTION('',(-0.258348686937,6.026065160727E-02,0.964170425716)
  );
#2598 = DIRECTION('',(0.965925826289,1.734723475977E-18,0.258819045103)
  );
#2599 = ORIENTED_EDGE('',*,*,#2600,.F.);
#2600 = EDGE_CURVE('',#2559,#2592,#2601,.T.);
#2601 = ELLIPSE('',#2602,1.242169498499,1.2);
#2602 = AXIS2_PLACEMENT_3D('',#2603,#2604,#2605);
#2603 = CARTESIAN_POINT('',(146.92820323027,134.25,204.8));
#2604 = DIRECTION('',(-0.499026289241,6.237828615518E-02,0.864338887279)
  );
#2605 = DIRECTION('',(0.866025403784,-4.406197628981E-16,0.5));
#2606 = CYLINDRICAL_SURFACE('',#2607,1.2);
#2607 = AXIS2_PLACEMENT_3D('',#2608,#2609,#2610);
#2608 = CARTESIAN_POINT('',(148.,134.,200.8));
#2609 = DIRECTION('',(-0.258348686937,6.026065160727E-02,0.964170425716)
  );
#2610 = DIRECTION('',(0.965925826289,-1.734723475977E-18,0.258819045103)
  );
#2611 = ADVANCED_FACE('',(#2612),#2616,.F.);
#2612 = FACE_BOUND('',#2613,.F.);
#2613 = EDGE_LOOP('',(#2614,#2615));
#2614 = ORIENTED_EDGE('',*,*,#2456,.T.);
#2615 = ORIENTED_EDGE('',*,*,#2489,.T.);
#2616 = PLANE('',#2617);
#2617 = AXIS2_PLACEMENT_3D('',#2618,#2619,#2620);
#2618 = CARTESIAN_POINT('',(144.,131.5,207.72820323027));
#2619 = DIRECTION('',(-0.964170425716,6.026065160727E-02,0.258348686937)
  );
#2620 = DIRECTION('',(-0.258819045103,-1.734723475977E-18,
    -0.965925826289));
#2621 = ADVANCED_FACE('',(#2622),#2626,.T.);
#2622 = FACE_BOUND('',#2623,.T.);
#2623 = EDGE_LOOP('',(#2624,#2625));
#2624 = ORIENTED_EDGE('',*,*,#2514,.T.);
#2625 = ORIENTED_EDGE('',*,*,#2479,.T.);
#2626 = PLANE('',#2627);
#2627 = AXIS2_PLACEMENT_3D('',#2628,#2629,#2630);
#2628 = CARTESIAN_POINT('',(140.,131.75,208.8));
#2629 = DIRECTION('',(-0.964170425716,6.026065160727E-02,0.258348686937)
  );
#2630 = DIRECTION('',(-0.258819045103,-1.734723475977E-18,
    -0.965925826289));
#2631 = ADVANCED_FACE('',(#2632),#2637,.F.);
#2632 = FACE_BOUND('',#2633,.F.);
#2633 = EDGE_LOOP('',(#2634,#2635,#2636));
#2634 = ORIENTED_EDGE('',*,*,#2583,.T.);
#2635 = ORIENTED_EDGE('',*,*,#2575,.T.);
#2636 = ORIENTED_EDGE('',*,*,#2542,.T.);
#2637 = PLANE('',#2638);
#2638 = AXIS2_PLACEMENT_3D('',#2639,#2640,#2641);
#2639 = CARTESIAN_POINT('',(148.,134.,200.8));
#2640 = DIRECTION('',(-0.258348686937,6.026065160727E-02,0.964170425716)
  );
#2641 = DIRECTION('',(0.965925826289,-1.734723475977E-18,0.258819045103)
  );
#2642 = ADVANCED_FACE('',(#2643),#2653,.T.);
#2643 = FACE_BOUND('',#2644,.T.);
#2644 = EDGE_LOOP('',(#2645,#2646,#2647));
#2645 = ORIENTED_EDGE('',*,*,#2591,.T.);
#2646 = ORIENTED_EDGE('',*,*,#2556,.T.);
#2647 = ORIENTED_EDGE('',*,*,#2648,.T.);
#2648 = EDGE_CURVE('',#2559,#2592,#2649,.T.);
#2649 = LINE('',#2650,#2651);
#2650 = CARTESIAN_POINT('',(146.92820323027,134.25,204.8));
#2651 = VECTOR('',#2652,1.);
#2652 = DIRECTION('',(-3.118914307759E-02,-0.998052578483,
    5.402118045492E-02));
#2653 = PLANE('',#2654);
#2654 = AXIS2_PLACEMENT_3D('',#2655,#2656,#2657);
#2655 = CARTESIAN_POINT('',(146.92820323027,134.25,204.8));
#2656 = DIRECTION('',(-0.258348686937,6.026065160727E-02,0.964170425716)
  );
#2657 = DIRECTION('',(0.965925826289,-1.734723475977E-18,0.258819045103)
  );
#2658 = ADVANCED_FACE('',(#2659),#2721,.T.);
#2659 = FACE_BOUND('',#2660,.T.);
#2660 = EDGE_LOOP('',(#2661,#2672,#2680,#2687,#2688,#2695,#2696,#2705,
    #2714));
#2661 = ORIENTED_EDGE('',*,*,#2662,.F.);
#2662 = EDGE_CURVE('',#2663,#2665,#2667,.T.);
#2663 = VERTEX_POINT('',#2664);
#2664 = CARTESIAN_POINT('',(144.84852813742,134.5,208.57673136769));
#2665 = VERTEX_POINT('',#2666);
#2666 = CARTESIAN_POINT('',(144.06482541654,135.69766309417,
    207.69077625858));
#2667 = CIRCLE('',#2668,1.2);
#2668 = AXIS2_PLACEMENT_3D('',#2669,#2670,#2671);
#2669 = CARTESIAN_POINT('',(144.,134.5,207.72820323027));
#2670 = DIRECTION('',(-0.70582173878,6.026065160727E-02,0.70582173878));
#2671 = DIRECTION('',(0.707106781187,0.,0.707106781187));
#2672 = ORIENTED_EDGE('',*,*,#2673,.F.);
#2673 = EDGE_CURVE('',#2674,#2663,#2676,.T.);
#2674 = VERTEX_POINT('',#2675);
#2675 = CARTESIAN_POINT('',(147.77673136769,134.25,205.64852813742));
#2676 = LINE('',#2677,#2678);
#2677 = CARTESIAN_POINT('',(147.77673136769,134.25,205.64852813742));
#2678 = VECTOR('',#2679,1.);
#2679 = DIRECTION('',(-0.70582173878,6.026065160727E-02,0.70582173878));
#2680 = ORIENTED_EDGE('',*,*,#2681,.T.);
#2681 = EDGE_CURVE('',#2674,#2559,#2682,.T.);
#2682 = CIRCLE('',#2683,1.2);
#2683 = AXIS2_PLACEMENT_3D('',#2684,#2685,#2686);
#2684 = CARTESIAN_POINT('',(146.92820323027,134.25,204.8));
#2685 = DIRECTION('',(-0.70582173878,6.026065160727E-02,0.70582173878));
#2686 = DIRECTION('',(0.707106781187,0.,0.707106781187));
#2687 = ORIENTED_EDGE('',*,*,#2600,.T.);
#2688 = ORIENTED_EDGE('',*,*,#2689,.T.);
#2689 = EDGE_CURVE('',#2592,#2674,#2690,.T.);
#2690 = CIRCLE('',#2691,1.2);
#2691 = AXIS2_PLACEMENT_3D('',#2692,#2693,#2694);
#2692 = CARTESIAN_POINT('',(146.92820323027,134.25,204.8));
#2693 = DIRECTION('',(-0.70582173878,6.026065160727E-02,0.70582173878));
#2694 = DIRECTION('',(0.707106781187,0.,0.707106781187));
#2695 = ORIENTED_EDGE('',*,*,#2673,.T.);
#2696 = ORIENTED_EDGE('',*,*,#2697,.F.);
#2697 = EDGE_CURVE('',#2698,#2663,#2700,.T.);
#2698 = VERTEX_POINT('',#2699);
#2699 = CARTESIAN_POINT('',(143.93517458345,133.30233690582,
    207.76563020196));
#2700 = CIRCLE('',#2701,1.2);
#2701 = AXIS2_PLACEMENT_3D('',#2702,#2703,#2704);
#2702 = CARTESIAN_POINT('',(144.,134.5,207.72820323027));
#2703 = DIRECTION('',(-0.70582173878,6.026065160727E-02,0.70582173878));
#2704 = DIRECTION('',(0.707106781187,0.,0.707106781187));
#2705 = ORIENTED_EDGE('',*,*,#2706,.F.);
#2706 = EDGE_CURVE('',#2707,#2698,#2709,.T.);
#2707 = VERTEX_POINT('',#2708);
#2708 = CARTESIAN_POINT('',(143.38004278537,134.51933589753,
    206.65198884878));
#2709 = ELLIPSE('',#2710,1.242169498499,1.2);
#2710 = AXIS2_PLACEMENT_3D('',#2711,#2712,#2713);
#2711 = CARTESIAN_POINT('',(144.,134.5,207.72820323027));
#2712 = DIRECTION('',(-0.864338887279,6.237828615518E-02,0.499026289241)
  );
#2713 = DIRECTION('',(0.5,4.406197628981E-16,0.866025403784));
#2714 = ORIENTED_EDGE('',*,*,#2715,.F.);
#2715 = EDGE_CURVE('',#2665,#2707,#2716,.T.);
#2716 = ELLIPSE('',#2717,1.242169498499,1.2);
#2717 = AXIS2_PLACEMENT_3D('',#2718,#2719,#2720);
#2718 = CARTESIAN_POINT('',(144.,134.5,207.72820323027));
#2719 = DIRECTION('',(-0.864338887279,6.237828615518E-02,0.499026289241)
  );
#2720 = DIRECTION('',(0.5,4.406197628981E-16,0.866025403784));
#2721 = CYLINDRICAL_SURFACE('',#2722,1.2);
#2722 = AXIS2_PLACEMENT_3D('',#2723,#2724,#2725);
#2723 = CARTESIAN_POINT('',(146.92820323027,134.25,204.8));
#2724 = DIRECTION('',(-0.70582173878,6.026065160727E-02,0.70582173878));
#2725 = DIRECTION('',(0.707106781187,0.,0.707106781187));
#2726 = ADVANCED_FACE('',(#2727),#2732,.F.);
#2727 = FACE_BOUND('',#2728,.F.);
#2728 = EDGE_LOOP('',(#2729,#2730,#2731));
#2729 = ORIENTED_EDGE('',*,*,#2689,.T.);
#2730 = ORIENTED_EDGE('',*,*,#2681,.T.);
#2731 = ORIENTED_EDGE('',*,*,#2648,.T.);
#2732 = PLANE('',#2733);
#2733 = AXIS2_PLACEMENT_3D('',#2734,#2735,#2736);
#2734 = CARTESIAN_POINT('',(146.92820323027,134.25,204.8));
#2735 = DIRECTION('',(-0.70582173878,6.026065160727E-02,0.70582173878));
#2736 = DIRECTION('',(0.707106781187,0.,0.707106781187));
#2737 = ADVANCED_FACE('',(#2738),#2748,.T.);
#2738 = FACE_BOUND('',#2739,.T.);
#2739 = EDGE_LOOP('',(#2740,#2741,#2742));
#2740 = ORIENTED_EDGE('',*,*,#2697,.T.);
#2741 = ORIENTED_EDGE('',*,*,#2662,.T.);
#2742 = ORIENTED_EDGE('',*,*,#2743,.T.);
#2743 = EDGE_CURVE('',#2665,#2698,#2744,.T.);
#2744 = LINE('',#2745,#2746);
#2745 = CARTESIAN_POINT('',(144.,134.5,207.72820323027));
#2746 = VECTOR('',#2747,1.);
#2747 = DIRECTION('',(-5.402118045492E-02,-0.998052578483,
    3.118914307759E-02));
#2748 = PLANE('',#2749);
#2749 = AXIS2_PLACEMENT_3D('',#2750,#2751,#2752);
#2750 = CARTESIAN_POINT('',(144.,134.5,207.72820323027));
#2751 = DIRECTION('',(-0.70582173878,6.026065160727E-02,0.70582173878));
#2752 = DIRECTION('',(0.707106781187,0.,0.707106781187));
#2753 = ADVANCED_FACE('',(#2754),#2808,.T.);
#2754 = FACE_BOUND('',#2755,.T.);
#2755 = EDGE_LOOP('',(#2756,#2757,#2765,#2774,#2783,#2792,#2799,#2800,
    #2801));
#2756 = ORIENTED_EDGE('',*,*,#2715,.T.);
#2757 = ORIENTED_EDGE('',*,*,#2758,.T.);
#2758 = EDGE_CURVE('',#2707,#2759,#2761,.T.);
#2759 = VERTEX_POINT('',#2760);
#2760 = CARTESIAN_POINT('',(139.9987915064,134.73066410246,
    207.55799239839));
#2761 = LINE('',#2762,#2763);
#2762 = CARTESIAN_POINT('',(143.68941714587,134.5,206.56909223872));
#2763 = VECTOR('',#2764,1.);
#2764 = DIRECTION('',(-0.964170425716,6.026065160727E-02,0.258348686937)
  );
#2765 = ORIENTED_EDGE('',*,*,#2766,.F.);
#2766 = EDGE_CURVE('',#2767,#2759,#2769,.T.);
#2767 = VERTEX_POINT('',#2768);
#2768 = CARTESIAN_POINT('',(140.00120849358,134.76933589753,
    207.55799239838));
#2769 = ELLIPSE('',#2770,1.242169498499,1.2);
#2770 = AXIS2_PLACEMENT_3D('',#2771,#2772,#2773);
#2771 = CARTESIAN_POINT('',(140.,134.75,208.8));
#2772 = DIRECTION('',(-0.998052578483,6.237828615518E-02,0.));
#2773 = DIRECTION('',(0.,0.,1.));
#2774 = ORIENTED_EDGE('',*,*,#2775,.F.);
#2775 = EDGE_CURVE('',#2776,#2767,#2778,.T.);
#2776 = VERTEX_POINT('',#2777);
#2777 = CARTESIAN_POINT('',(140.07485394338,135.94766309417,208.8));
#2778 = ELLIPSE('',#2779,1.242169498499,1.2);
#2779 = AXIS2_PLACEMENT_3D('',#2780,#2781,#2782);
#2780 = CARTESIAN_POINT('',(140.,134.75,208.8));
#2781 = DIRECTION('',(-0.998052578483,6.237828615518E-02,0.));
#2782 = DIRECTION('',(0.,0.,1.));
#2783 = ORIENTED_EDGE('',*,*,#2784,.F.);
#2784 = EDGE_CURVE('',#2785,#2776,#2787,.T.);
#2785 = VERTEX_POINT('',#2786);
#2786 = CARTESIAN_POINT('',(139.92514605661,133.55233690582,208.8));
#2787 = CIRCLE('',#2788,1.2);
#2788 = AXIS2_PLACEMENT_3D('',#2789,#2790,#2791);
#2789 = CARTESIAN_POINT('',(140.,134.75,208.8));
#2790 = DIRECTION('',(-0.964170425716,6.026065160727E-02,0.258348686937)
  );
#2791 = DIRECTION('',(-0.258819045103,1.734723475977E-18,-0.965925826289
    ));
#2792 = ORIENTED_EDGE('',*,*,#2793,.F.);
#2793 = EDGE_CURVE('',#2759,#2785,#2794,.T.);
#2794 = ELLIPSE('',#2795,1.242169498499,1.2);
#2795 = AXIS2_PLACEMENT_3D('',#2796,#2797,#2798);
#2796 = CARTESIAN_POINT('',(140.,134.75,208.8));
#2797 = DIRECTION('',(-0.998052578483,6.237828615518E-02,0.));
#2798 = DIRECTION('',(0.,0.,1.));
#2799 = ORIENTED_EDGE('',*,*,#2758,.F.);
#2800 = ORIENTED_EDGE('',*,*,#2706,.T.);
#2801 = ORIENTED_EDGE('',*,*,#2802,.T.);
#2802 = EDGE_CURVE('',#2698,#2665,#2803,.T.);
#2803 = CIRCLE('',#2804,1.2);
#2804 = AXIS2_PLACEMENT_3D('',#2805,#2806,#2807);
#2805 = CARTESIAN_POINT('',(144.,134.5,207.72820323027));
#2806 = DIRECTION('',(-0.964170425716,6.026065160727E-02,0.258348686937)
  );
#2807 = DIRECTION('',(-0.258819045103,1.734723475977E-18,-0.965925826289
    ));
#2808 = CYLINDRICAL_SURFACE('',#2809,1.2);
#2809 = AXIS2_PLACEMENT_3D('',#2810,#2811,#2812);
#2810 = CARTESIAN_POINT('',(144.,134.5,207.72820323027));
#2811 = DIRECTION('',(-0.964170425716,6.026065160727E-02,0.258348686937)
  );
#2812 = DIRECTION('',(-0.258819045103,-1.734723475977E-18,
    -0.965925826289));
#2813 = ADVANCED_FACE('',(#2814),#2818,.F.);
#2814 = FACE_BOUND('',#2815,.F.);
#2815 = EDGE_LOOP('',(#2816,#2817));
#2816 = ORIENTED_EDGE('',*,*,#2743,.T.);
#2817 = ORIENTED_EDGE('',*,*,#2802,.T.);
#2818 = PLANE('',#2819);
#2819 = AXIS2_PLACEMENT_3D('',#2820,#2821,#2822);
#2820 = CARTESIAN_POINT('',(144.,134.5,207.72820323027));
#2821 = DIRECTION('',(-0.964170425716,6.026065160727E-02,0.258348686937)
  );
#2822 = DIRECTION('',(-0.258819045103,-1.734723475977E-18,
    -0.965925826289));
#2823 = ADVANCED_FACE('',(#2824),#2870,.T.);
#2824 = FACE_BOUND('',#2825,.T.);
#2825 = EDGE_LOOP('',(#2826,#2827,#2835,#2844,#2853,#2860,#2861,#2862,
    #2863));
#2826 = ORIENTED_EDGE('',*,*,#2775,.T.);
#2827 = ORIENTED_EDGE('',*,*,#2828,.T.);
#2828 = EDGE_CURVE('',#2767,#2829,#2831,.T.);
#2829 = VERTEX_POINT('',#2830);
#2830 = CARTESIAN_POINT('',(136.61995721465,134.98066410246,
    206.65198884879));
#2831 = LINE('',#2832,#2833);
#2832 = CARTESIAN_POINT('',(140.31058285412,134.75,207.64088900845));
#2833 = VECTOR('',#2834,1.);
#2834 = DIRECTION('',(-0.964170425716,6.026065160727E-02,-0.258348686937
    ));
#2835 = ORIENTED_EDGE('',*,*,#2836,.F.);
#2836 = EDGE_CURVE('',#2837,#2829,#2839,.T.);
#2837 = VERTEX_POINT('',#2838);
#2838 = CARTESIAN_POINT('',(136.06482541654,136.19766309417,
    207.76563020196));
#2839 = ELLIPSE('',#2840,1.242169498499,1.2);
#2840 = AXIS2_PLACEMENT_3D('',#2841,#2842,#2843);
#2841 = CARTESIAN_POINT('',(136.,135.,207.72820323027));
#2842 = DIRECTION('',(-0.864338887279,6.237828615518E-02,-0.499026289241
    ));
#2843 = DIRECTION('',(-0.5,-4.406197628981E-16,0.866025403784));
#2844 = ORIENTED_EDGE('',*,*,#2845,.F.);
#2845 = EDGE_CURVE('',#2846,#2837,#2848,.T.);
#2846 = VERTEX_POINT('',#2847);
#2847 = CARTESIAN_POINT('',(135.93517458345,133.80233690582,
    207.69077625858));
#2848 = CIRCLE('',#2849,1.2);
#2849 = AXIS2_PLACEMENT_3D('',#2850,#2851,#2852);
#2850 = CARTESIAN_POINT('',(136.,135.,207.72820323027));
#2851 = DIRECTION('',(-0.964170425716,6.026065160727E-02,-0.258348686937
    ));
#2852 = DIRECTION('',(0.258819045103,-1.734723475977E-18,-0.965925826289
    ));
#2853 = ORIENTED_EDGE('',*,*,#2854,.F.);
#2854 = EDGE_CURVE('',#2829,#2846,#2855,.T.);
#2855 = ELLIPSE('',#2856,1.242169498499,1.2);
#2856 = AXIS2_PLACEMENT_3D('',#2857,#2858,#2859);
#2857 = CARTESIAN_POINT('',(136.,135.,207.72820323027));
#2858 = DIRECTION('',(-0.864338887279,6.237828615518E-02,-0.499026289241
    ));
#2859 = DIRECTION('',(-0.5,-4.406197628981E-16,0.866025403784));
#2860 = ORIENTED_EDGE('',*,*,#2828,.F.);
#2861 = ORIENTED_EDGE('',*,*,#2766,.T.);
#2862 = ORIENTED_EDGE('',*,*,#2793,.T.);
#2863 = ORIENTED_EDGE('',*,*,#2864,.T.);
#2864 = EDGE_CURVE('',#2785,#2776,#2865,.T.);
#2865 = CIRCLE('',#2866,1.2);
#2866 = AXIS2_PLACEMENT_3D('',#2867,#2868,#2869);
#2867 = CARTESIAN_POINT('',(140.,134.75,208.8));
#2868 = DIRECTION('',(-0.964170425716,6.026065160727E-02,-0.258348686937
    ));
#2869 = DIRECTION('',(0.258819045103,-1.734723475977E-18,-0.965925826289
    ));
#2870 = CYLINDRICAL_SURFACE('',#2871,1.2);
#2871 = AXIS2_PLACEMENT_3D('',#2872,#2873,#2874);
#2872 = CARTESIAN_POINT('',(140.,134.75,208.8));
#2873 = DIRECTION('',(-0.964170425716,6.026065160727E-02,-0.258348686937
    ));
#2874 = DIRECTION('',(0.258819045103,1.734723475977E-18,-0.965925826289)
  );
#2875 = ADVANCED_FACE('',(#2876),#2885,.T.);
#2876 = FACE_BOUND('',#2877,.T.);
#2877 = EDGE_LOOP('',(#2878,#2884));
#2878 = ORIENTED_EDGE('',*,*,#2879,.T.);
#2879 = EDGE_CURVE('',#2776,#2785,#2880,.T.);
#2880 = LINE('',#2881,#2882);
#2881 = CARTESIAN_POINT('',(140.,134.75,208.8));
#2882 = VECTOR('',#2883,1.);
#2883 = DIRECTION('',(-6.237828615518E-02,-0.998052578483,0.));
#2884 = ORIENTED_EDGE('',*,*,#2784,.T.);
#2885 = PLANE('',#2886);
#2886 = AXIS2_PLACEMENT_3D('',#2887,#2888,#2889);
#2887 = CARTESIAN_POINT('',(140.,134.75,208.8));
#2888 = DIRECTION('',(-0.964170425716,6.026065160727E-02,0.258348686937)
  );
#2889 = DIRECTION('',(-0.258819045103,-1.734723475977E-18,
    -0.965925826289));
#2890 = ADVANCED_FACE('',(#2891),#2895,.F.);
#2891 = FACE_BOUND('',#2892,.F.);
#2892 = EDGE_LOOP('',(#2893,#2894));
#2893 = ORIENTED_EDGE('',*,*,#2879,.T.);
#2894 = ORIENTED_EDGE('',*,*,#2864,.T.);
#2895 = PLANE('',#2896);
#2896 = AXIS2_PLACEMENT_3D('',#2897,#2898,#2899);
#2897 = CARTESIAN_POINT('',(140.,134.75,208.8));
#2898 = DIRECTION('',(-0.964170425716,6.026065160727E-02,-0.258348686937
    ));
#2899 = DIRECTION('',(0.258819045103,1.734723475977E-18,-0.965925826289)
  );
#2900 = ADVANCED_FACE('',(#2901),#2955,.T.);
#2901 = FACE_BOUND('',#2902,.T.);
#2902 = EDGE_LOOP('',(#2903,#2914,#2922,#2929,#2930,#2931,#2938,#2939,
    #2948));
#2903 = ORIENTED_EDGE('',*,*,#2904,.F.);
#2904 = EDGE_CURVE('',#2905,#2907,#2909,.T.);
#2905 = VERTEX_POINT('',#2906);
#2906 = CARTESIAN_POINT('',(132.2232686323,135.25,205.64852813742));
#2907 = VERTEX_POINT('',#2908);
#2908 = CARTESIAN_POINT('',(133.10922374141,136.44766309417,
    204.86482541654));
#2909 = CIRCLE('',#2910,1.2);
#2910 = AXIS2_PLACEMENT_3D('',#2911,#2912,#2913);
#2911 = CARTESIAN_POINT('',(133.07179676972,135.25,204.8));
#2912 = DIRECTION('',(-0.70582173878,6.026065160727E-02,-0.70582173878)
  );
#2913 = DIRECTION('',(-0.707106781187,0.,0.707106781187));
#2914 = ORIENTED_EDGE('',*,*,#2915,.F.);
#2915 = EDGE_CURVE('',#2916,#2905,#2918,.T.);
#2916 = VERTEX_POINT('',#2917);
#2917 = CARTESIAN_POINT('',(135.15147186257,135.,208.57673136769));
#2918 = LINE('',#2919,#2920);
#2919 = CARTESIAN_POINT('',(135.15147186257,135.,208.57673136769));
#2920 = VECTOR('',#2921,1.);
#2921 = DIRECTION('',(-0.70582173878,6.026065160727E-02,-0.70582173878)
  );
#2922 = ORIENTED_EDGE('',*,*,#2923,.T.);
#2923 = EDGE_CURVE('',#2916,#2837,#2924,.T.);
#2924 = CIRCLE('',#2925,1.2);
#2925 = AXIS2_PLACEMENT_3D('',#2926,#2927,#2928);
#2926 = CARTESIAN_POINT('',(136.,135.,207.72820323027));
#2927 = DIRECTION('',(-0.70582173878,6.026065160727E-02,-0.70582173878)
  );
#2928 = DIRECTION('',(-0.707106781187,0.,0.707106781187));
#2929 = ORIENTED_EDGE('',*,*,#2836,.T.);
#2930 = ORIENTED_EDGE('',*,*,#2854,.T.);
#2931 = ORIENTED_EDGE('',*,*,#2932,.T.);
#2932 = EDGE_CURVE('',#2846,#2916,#2933,.T.);
#2933 = CIRCLE('',#2934,1.2);
#2934 = AXIS2_PLACEMENT_3D('',#2935,#2936,#2937);
#2935 = CARTESIAN_POINT('',(136.,135.,207.72820323027));
#2936 = DIRECTION('',(-0.70582173878,6.026065160727E-02,-0.70582173878)
  );
#2937 = DIRECTION('',(-0.707106781187,0.,0.707106781187));
#2938 = ORIENTED_EDGE('',*,*,#2915,.T.);
#2939 = ORIENTED_EDGE('',*,*,#2940,.F.);
#2940 = EDGE_CURVE('',#2941,#2905,#2943,.T.);
#2941 = VERTEX_POINT('',#2942);
#2942 = CARTESIAN_POINT('',(133.03436979803,134.05233690582,
    204.73517458345));
#2943 = CIRCLE('',#2944,1.2);
#2944 = AXIS2_PLACEMENT_3D('',#2945,#2946,#2947);
#2945 = CARTESIAN_POINT('',(133.07179676972,135.25,204.8));
#2946 = DIRECTION('',(-0.70582173878,6.026065160727E-02,-0.70582173878)
  );
#2947 = DIRECTION('',(-0.707106781187,0.,0.707106781187));
#2948 = ORIENTED_EDGE('',*,*,#2949,.F.);
#2949 = EDGE_CURVE('',#2907,#2941,#2950,.T.);
#2950 = ELLIPSE('',#2951,1.242169498499,1.2);
#2951 = AXIS2_PLACEMENT_3D('',#2952,#2953,#2954);
#2952 = CARTESIAN_POINT('',(133.07179676972,135.25,204.8));
#2953 = DIRECTION('',(-0.499026289241,6.237828615518E-02,-0.864338887279
    ));
#2954 = DIRECTION('',(-0.866025403784,-3.400058012915E-16,0.5));
#2955 = CYLINDRICAL_SURFACE('',#2956,1.2);
#2956 = AXIS2_PLACEMENT_3D('',#2957,#2958,#2959);
#2957 = CARTESIAN_POINT('',(136.,135.,207.72820323027));
#2958 = DIRECTION('',(-0.70582173878,6.026065160727E-02,-0.70582173878)
  );
#2959 = DIRECTION('',(-0.707106781187,0.,0.707106781187));
#2960 = ADVANCED_FACE('',(#2961),#2970,.T.);
#2961 = FACE_BOUND('',#2962,.T.);
#2962 = EDGE_LOOP('',(#2963,#2969));
#2963 = ORIENTED_EDGE('',*,*,#2964,.T.);
#2964 = EDGE_CURVE('',#2837,#2846,#2965,.T.);
#2965 = LINE('',#2966,#2967);
#2966 = CARTESIAN_POINT('',(136.,135.,207.72820323027));
#2967 = VECTOR('',#2968,1.);
#2968 = DIRECTION('',(-5.402118045492E-02,-0.998052578483,
    -3.118914307759E-02));
#2969 = ORIENTED_EDGE('',*,*,#2845,.T.);
#2970 = PLANE('',#2971);
#2971 = AXIS2_PLACEMENT_3D('',#2972,#2973,#2974);
#2972 = CARTESIAN_POINT('',(136.,135.,207.72820323027));
#2973 = DIRECTION('',(-0.964170425716,6.026065160727E-02,-0.258348686937
    ));
#2974 = DIRECTION('',(0.258819045103,1.734723475977E-18,-0.965925826289)
  );
#2975 = ADVANCED_FACE('',(#2976),#2986,.T.);
#2976 = FACE_BOUND('',#2977,.T.);
#2977 = EDGE_LOOP('',(#2978,#2979,#2980));
#2978 = ORIENTED_EDGE('',*,*,#2940,.T.);
#2979 = ORIENTED_EDGE('',*,*,#2904,.T.);
#2980 = ORIENTED_EDGE('',*,*,#2981,.T.);
#2981 = EDGE_CURVE('',#2907,#2941,#2982,.T.);
#2982 = LINE('',#2983,#2984);
#2983 = CARTESIAN_POINT('',(133.07179676972,135.25,204.8));
#2984 = VECTOR('',#2985,1.);
#2985 = DIRECTION('',(-3.118914307759E-02,-0.998052578483,
    -5.402118045492E-02));
#2986 = PLANE('',#2987);
#2987 = AXIS2_PLACEMENT_3D('',#2988,#2989,#2990);
#2988 = CARTESIAN_POINT('',(133.07179676972,135.25,204.8));
#2989 = DIRECTION('',(-0.70582173878,6.026065160727E-02,-0.70582173878)
  );
#2990 = DIRECTION('',(-0.707106781187,0.,0.707106781187));
#2991 = ADVANCED_FACE('',(#2992),#3045,.T.);
#2992 = FACE_BOUND('',#2993,.T.);
#2993 = EDGE_LOOP('',(#2994,#3005,#3013,#3020,#3021,#3028,#3029,#3038));
#2994 = ORIENTED_EDGE('',*,*,#2995,.F.);
#2995 = EDGE_CURVE('',#2996,#2998,#3000,.T.);
#2996 = VERTEX_POINT('',#2997);
#2997 = CARTESIAN_POINT('',(130.84088900845,135.5,201.11058285412));
#2998 = VERTEX_POINT('',#2999);
#2999 = CARTESIAN_POINT('',(132.,136.69766309417,200.87485394338));
#3000 = CIRCLE('',#3001,1.2);
#3001 = AXIS2_PLACEMENT_3D('',#3002,#3003,#3004);
#3002 = CARTESIAN_POINT('',(132.,135.5,200.8));
#3003 = DIRECTION('',(-0.258348686937,6.026065160727E-02,-0.964170425716
    ));
#3004 = DIRECTION('',(-0.965925826289,1.734723475977E-18,0.258819045103)
  );
#3005 = ORIENTED_EDGE('',*,*,#3006,.F.);
#3006 = EDGE_CURVE('',#3007,#2996,#3009,.T.);
#3007 = VERTEX_POINT('',#3008);
#3008 = CARTESIAN_POINT('',(131.91268577817,135.25,205.11058285412));
#3009 = LINE('',#3010,#3011);
#3010 = CARTESIAN_POINT('',(131.91268577817,135.25,205.11058285412));
#3011 = VECTOR('',#3012,1.);
#3012 = DIRECTION('',(-0.258348686937,6.026065160727E-02,-0.964170425716
    ));
#3013 = ORIENTED_EDGE('',*,*,#3014,.T.);
#3014 = EDGE_CURVE('',#3007,#2907,#3015,.T.);
#3015 = CIRCLE('',#3016,1.2);
#3016 = AXIS2_PLACEMENT_3D('',#3017,#3018,#3019);
#3017 = CARTESIAN_POINT('',(133.07179676972,135.25,204.8));
#3018 = DIRECTION('',(-0.258348686937,6.026065160727E-02,-0.964170425716
    ));
#3019 = DIRECTION('',(-0.965925826289,1.734723475977E-18,0.258819045103)
  );
#3020 = ORIENTED_EDGE('',*,*,#2949,.T.);
#3021 = ORIENTED_EDGE('',*,*,#3022,.T.);
#3022 = EDGE_CURVE('',#2941,#3007,#3023,.T.);
#3023 = CIRCLE('',#3024,1.2);
#3024 = AXIS2_PLACEMENT_3D('',#3025,#3026,#3027);
#3025 = CARTESIAN_POINT('',(133.07179676972,135.25,204.8));
#3026 = DIRECTION('',(-0.258348686937,6.026065160727E-02,-0.964170425716
    ));
#3027 = DIRECTION('',(-0.965925826289,1.734723475977E-18,0.258819045103)
  );
#3028 = ORIENTED_EDGE('',*,*,#3006,.T.);
#3029 = ORIENTED_EDGE('',*,*,#3030,.F.);
#3030 = EDGE_CURVE('',#3031,#2996,#3033,.T.);
#3031 = VERTEX_POINT('',#3032);
#3032 = CARTESIAN_POINT('',(132.,134.30233690582,200.72514605661));
#3033 = CIRCLE('',#3034,1.2);
#3034 = AXIS2_PLACEMENT_3D('',#3035,#3036,#3037);
#3035 = CARTESIAN_POINT('',(132.,135.5,200.8));
#3036 = DIRECTION('',(-0.258348686937,6.026065160727E-02,-0.964170425716
    ));
#3037 = DIRECTION('',(-0.965925826289,1.734723475977E-18,0.258819045103)
  );
#3038 = ORIENTED_EDGE('',*,*,#3039,.F.);
#3039 = EDGE_CURVE('',#2998,#3031,#3040,.T.);
#3040 = ELLIPSE('',#3041,1.242169498499,1.2);
#3041 = AXIS2_PLACEMENT_3D('',#3042,#3043,#3044);
#3042 = CARTESIAN_POINT('',(132.,135.5,200.8));
#3043 = DIRECTION('',(-5.11E-15,6.237828615518E-02,-0.998052578483));
#3044 = DIRECTION('',(-1.,1.340390926619E-15,5.203745174102E-15));
#3045 = CYLINDRICAL_SURFACE('',#3046,1.2);
#3046 = AXIS2_PLACEMENT_3D('',#3047,#3048,#3049);
#3047 = CARTESIAN_POINT('',(133.07179676972,135.25,204.8));
#3048 = DIRECTION('',(-0.258348686937,6.026065160727E-02,-0.964170425716
    ));
#3049 = DIRECTION('',(-0.965925826289,1.734723475977E-18,0.258819045103)
  );
#3050 = ADVANCED_FACE('',(#3051),#3056,.F.);
#3051 = FACE_BOUND('',#3052,.F.);
#3052 = EDGE_LOOP('',(#3053,#3054,#3055));
#3053 = ORIENTED_EDGE('',*,*,#2932,.T.);
#3054 = ORIENTED_EDGE('',*,*,#2923,.T.);
#3055 = ORIENTED_EDGE('',*,*,#2964,.T.);
#3056 = PLANE('',#3057);
#3057 = AXIS2_PLACEMENT_3D('',#3058,#3059,#3060);
#3058 = CARTESIAN_POINT('',(136.,135.,207.72820323027));
#3059 = DIRECTION('',(-0.70582173878,6.026065160727E-02,-0.70582173878)
  );
#3060 = DIRECTION('',(-0.707106781187,0.,0.707106781187));
#3061 = ADVANCED_FACE('',(#3062),#3067,.F.);
#3062 = FACE_BOUND('',#3063,.F.);
#3063 = EDGE_LOOP('',(#3064,#3065,#3066));
#3064 = ORIENTED_EDGE('',*,*,#3022,.T.);
#3065 = ORIENTED_EDGE('',*,*,#3014,.T.);
#3066 = ORIENTED_EDGE('',*,*,#2981,.T.);
#3067 = PLANE('',#3068);
#3068 = AXIS2_PLACEMENT_3D('',#3069,#3070,#3071);
#3069 = CARTESIAN_POINT('',(133.07179676972,135.25,204.8));
#3070 = DIRECTION('',(-0.258348686937,6.026065160727E-02,-0.964170425716
    ));
#3071 = DIRECTION('',(-0.965925826289,1.734723475977E-18,0.258819045103)
  );
#3072 = ADVANCED_FACE('',(#3073),#3083,.T.);
#3073 = FACE_BOUND('',#3074,.T.);
#3074 = EDGE_LOOP('',(#3075,#3076,#3077));
#3075 = ORIENTED_EDGE('',*,*,#3030,.T.);
#3076 = ORIENTED_EDGE('',*,*,#2995,.T.);
#3077 = ORIENTED_EDGE('',*,*,#3078,.T.);
#3078 = EDGE_CURVE('',#2998,#3031,#3079,.T.);
#3079 = LINE('',#3080,#3081);
#3080 = CARTESIAN_POINT('',(132.,135.5,200.8));
#3081 = VECTOR('',#3082,1.);
#3082 = DIRECTION('',(-1.67E-15,-0.998052578483,-6.237828615518E-02));
#3083 = PLANE('',#3084);
#3084 = AXIS2_PLACEMENT_3D('',#3085,#3086,#3087);
#3085 = CARTESIAN_POINT('',(132.,135.5,200.8));
#3086 = DIRECTION('',(-0.258348686937,6.026065160727E-02,-0.964170425716
    ));
#3087 = DIRECTION('',(-0.965925826289,1.734723475977E-18,0.258819045103)
  );
#3088 = ADVANCED_FACE('',(#3089),#3151,.T.);
#3089 = FACE_BOUND('',#3090,.T.);
#3090 = EDGE_LOOP('',(#3091,#3102,#3110,#3117,#3118,#3125,#3126,#3135,
    #3144));
#3091 = ORIENTED_EDGE('',*,*,#3092,.F.);
#3092 = EDGE_CURVE('',#3093,#3095,#3097,.T.);
#3093 = VERTEX_POINT('',#3094);
#3094 = CARTESIAN_POINT('',(131.91268577817,135.75,196.48941714587));
#3095 = VERTEX_POINT('',#3096);
#3096 = CARTESIAN_POINT('',(133.03436979803,136.94766309417,
    196.86482541654));
#3097 = CIRCLE('',#3098,1.2);
#3098 = AXIS2_PLACEMENT_3D('',#3099,#3100,#3101);
#3099 = CARTESIAN_POINT('',(133.07179676972,135.75,196.8));
#3100 = DIRECTION('',(0.258348686937,6.026065160727E-02,-0.964170425716)
  );
#3101 = DIRECTION('',(-0.965925826289,0.,-0.258819045103));
#3102 = ORIENTED_EDGE('',*,*,#3103,.F.);
#3103 = EDGE_CURVE('',#3104,#3093,#3106,.T.);
#3104 = VERTEX_POINT('',#3105);
#3105 = CARTESIAN_POINT('',(130.84088900845,135.5,200.48941714587));
#3106 = LINE('',#3107,#3108);
#3107 = CARTESIAN_POINT('',(130.84088900845,135.5,200.48941714587));
#3108 = VECTOR('',#3109,1.);
#3109 = DIRECTION('',(0.258348686937,6.026065160727E-02,-0.964170425716)
  );
#3110 = ORIENTED_EDGE('',*,*,#3111,.T.);
#3111 = EDGE_CURVE('',#3104,#2998,#3112,.T.);
#3112 = CIRCLE('',#3113,1.2);
#3113 = AXIS2_PLACEMENT_3D('',#3114,#3115,#3116);
#3114 = CARTESIAN_POINT('',(132.,135.5,200.8));
#3115 = DIRECTION('',(0.258348686937,6.026065160727E-02,-0.964170425716)
  );
#3116 = DIRECTION('',(-0.965925826289,0.,-0.258819045103));
#3117 = ORIENTED_EDGE('',*,*,#3039,.T.);
#3118 = ORIENTED_EDGE('',*,*,#3119,.T.);
#3119 = EDGE_CURVE('',#3031,#3104,#3120,.T.);
#3120 = CIRCLE('',#3121,1.2);
#3121 = AXIS2_PLACEMENT_3D('',#3122,#3123,#3124);
#3122 = CARTESIAN_POINT('',(132.,135.5,200.8));
#3123 = DIRECTION('',(0.258348686937,6.026065160727E-02,-0.964170425716)
  );
#3124 = DIRECTION('',(-0.965925826289,0.,-0.258819045103));
#3125 = ORIENTED_EDGE('',*,*,#3103,.T.);
#3126 = ORIENTED_EDGE('',*,*,#3127,.F.);
#3127 = EDGE_CURVE('',#3128,#3093,#3130,.T.);
#3128 = VERTEX_POINT('',#3129);
#3129 = CARTESIAN_POINT('',(133.10922374141,134.55233690582,
    196.73517458345));
#3130 = CIRCLE('',#3131,1.2);
#3131 = AXIS2_PLACEMENT_3D('',#3132,#3133,#3134);
#3132 = CARTESIAN_POINT('',(133.07179676972,135.75,196.8));
#3133 = DIRECTION('',(0.258348686937,6.026065160727E-02,-0.964170425716)
  );
#3134 = DIRECTION('',(-0.965925826289,0.,-0.258819045103));
#3135 = ORIENTED_EDGE('',*,*,#3136,.F.);
#3136 = EDGE_CURVE('',#3137,#3128,#3139,.T.);
#3137 = VERTEX_POINT('',#3138);
#3138 = CARTESIAN_POINT('',(134.1468026576,135.76933589753,
    197.42205038696));
#3139 = ELLIPSE('',#3140,1.242169498499,1.2);
#3140 = AXIS2_PLACEMENT_3D('',#3141,#3142,#3143);
#3141 = CARTESIAN_POINT('',(133.07179676972,135.75,196.8));
#3142 = DIRECTION('',(0.499026289241,6.237828615518E-02,-0.864338887279)
  );
#3143 = DIRECTION('',(-0.866025403784,-4.440892098501E-16,-0.5));
#3144 = ORIENTED_EDGE('',*,*,#3145,.F.);
#3145 = EDGE_CURVE('',#3095,#3137,#3146,.T.);
#3146 = ELLIPSE('',#3147,1.242169498499,1.2);
#3147 = AXIS2_PLACEMENT_3D('',#3148,#3149,#3150);
#3148 = CARTESIAN_POINT('',(133.07179676972,135.75,196.8));
#3149 = DIRECTION('',(0.499026289241,6.237828615518E-02,-0.864338887279)
  );
#3150 = DIRECTION('',(-0.866025403784,-4.440892098501E-16,-0.5));
#3151 = CYLINDRICAL_SURFACE('',#3152,1.2);
#3152 = AXIS2_PLACEMENT_3D('',#3153,#3154,#3155);
#3153 = CARTESIAN_POINT('',(132.,135.5,200.8));
#3154 = DIRECTION('',(0.258348686937,6.026065160727E-02,-0.964170425716)
  );
#3155 = DIRECTION('',(-0.965925826289,0.,-0.258819045103));
#3156 = ADVANCED_FACE('',(#3157),#3162,.F.);
#3157 = FACE_BOUND('',#3158,.F.);
#3158 = EDGE_LOOP('',(#3159,#3160,#3161));
#3159 = ORIENTED_EDGE('',*,*,#3119,.T.);
#3160 = ORIENTED_EDGE('',*,*,#3111,.T.);
#3161 = ORIENTED_EDGE('',*,*,#3078,.T.);
#3162 = PLANE('',#3163);
#3163 = AXIS2_PLACEMENT_3D('',#3164,#3165,#3166);
#3164 = CARTESIAN_POINT('',(132.,135.5,200.8));
#3165 = DIRECTION('',(0.258348686937,6.026065160727E-02,-0.964170425716)
  );
#3166 = DIRECTION('',(-0.965925826289,0.,-0.258819045103));
#3167 = ADVANCED_FACE('',(#3168),#3178,.T.);
#3168 = FACE_BOUND('',#3169,.T.);
#3169 = EDGE_LOOP('',(#3170,#3171,#3172));
#3170 = ORIENTED_EDGE('',*,*,#3127,.T.);
#3171 = ORIENTED_EDGE('',*,*,#3092,.T.);
#3172 = ORIENTED_EDGE('',*,*,#3173,.T.);
#3173 = EDGE_CURVE('',#3095,#3128,#3174,.T.);
#3174 = LINE('',#3175,#3176);
#3175 = CARTESIAN_POINT('',(133.07179676972,135.75,196.8));
#3176 = VECTOR('',#3177,1.);
#3177 = DIRECTION('',(3.118914307759E-02,-0.998052578483,
    -5.402118045492E-02));
#3178 = PLANE('',#3179);
#3179 = AXIS2_PLACEMENT_3D('',#3180,#3181,#3182);
#3180 = CARTESIAN_POINT('',(133.07179676972,135.75,196.8));
#3181 = DIRECTION('',(0.258348686937,6.026065160727E-02,-0.964170425716)
  );
#3182 = DIRECTION('',(-0.965925826289,0.,-0.258819045103));
#3183 = ADVANCED_FACE('',(#3184),#3238,.T.);
#3184 = FACE_BOUND('',#3185,.T.);
#3185 = EDGE_LOOP('',(#3186,#3187,#3195,#3204,#3213,#3222,#3229,#3230,
    #3231));
#3186 = ORIENTED_EDGE('',*,*,#3145,.T.);
#3187 = ORIENTED_EDGE('',*,*,#3188,.T.);
#3188 = EDGE_CURVE('',#3137,#3189,#3191,.T.);
#3189 = VERTEX_POINT('',#3190);
#3190 = CARTESIAN_POINT('',(136.62205038694,135.98066410246,
    194.94680265762));
#3191 = LINE('',#3192,#3193);
#3192 = CARTESIAN_POINT('',(133.92032490714,135.75,197.64852813742));
#3193 = VECTOR('',#3194,1.);
#3194 = DIRECTION('',(0.70582173878,6.026065160727E-02,-0.70582173878));
#3195 = ORIENTED_EDGE('',*,*,#3196,.F.);
#3196 = EDGE_CURVE('',#3197,#3189,#3199,.T.);
#3197 = VERTEX_POINT('',#3198);
#3198 = CARTESIAN_POINT('',(136.61995721464,136.01933589753,
    194.94801115121));
#3199 = ELLIPSE('',#3200,1.242169498499,1.2);
#3200 = AXIS2_PLACEMENT_3D('',#3201,#3202,#3203);
#3201 = CARTESIAN_POINT('',(136.,136.,193.87179676972));
#3202 = DIRECTION('',(0.864338887279,6.237828615518E-02,-0.499026289241)
  );
#3203 = DIRECTION('',(-0.5,-1.249000902703E-16,-0.866025403784));
#3204 = ORIENTED_EDGE('',*,*,#3205,.F.);
#3205 = EDGE_CURVE('',#3206,#3197,#3208,.T.);
#3206 = VERTEX_POINT('',#3207);
#3207 = CARTESIAN_POINT('',(135.93517458345,137.19766309417,
    193.90922374141));
#3208 = ELLIPSE('',#3209,1.242169498499,1.2);
#3209 = AXIS2_PLACEMENT_3D('',#3210,#3211,#3212);
#3210 = CARTESIAN_POINT('',(136.,136.,193.87179676972));
#3211 = DIRECTION('',(0.864338887279,6.237828615518E-02,-0.499026289241)
  );
#3212 = DIRECTION('',(-0.5,-1.249000902703E-16,-0.866025403784));
#3213 = ORIENTED_EDGE('',*,*,#3214,.F.);
#3214 = EDGE_CURVE('',#3215,#3206,#3217,.T.);
#3215 = VERTEX_POINT('',#3216);
#3216 = CARTESIAN_POINT('',(136.06482541654,134.80233690582,
    193.83436979803));
#3217 = CIRCLE('',#3218,1.2);
#3218 = AXIS2_PLACEMENT_3D('',#3219,#3220,#3221);
#3219 = CARTESIAN_POINT('',(136.,136.,193.87179676972));
#3220 = DIRECTION('',(0.70582173878,6.026065160727E-02,-0.70582173878));
#3221 = DIRECTION('',(0.707106781187,-1.387778780781E-17,0.707106781187)
  );
#3222 = ORIENTED_EDGE('',*,*,#3223,.F.);
#3223 = EDGE_CURVE('',#3189,#3215,#3224,.T.);
#3224 = ELLIPSE('',#3225,1.242169498499,1.2);
#3225 = AXIS2_PLACEMENT_3D('',#3226,#3227,#3228);
#3226 = CARTESIAN_POINT('',(136.,136.,193.87179676972));
#3227 = DIRECTION('',(0.864338887279,6.237828615518E-02,-0.499026289241)
  );
#3228 = DIRECTION('',(-0.5,-1.249000902703E-16,-0.866025403784));
#3229 = ORIENTED_EDGE('',*,*,#3188,.F.);
#3230 = ORIENTED_EDGE('',*,*,#3136,.T.);
#3231 = ORIENTED_EDGE('',*,*,#3232,.T.);
#3232 = EDGE_CURVE('',#3128,#3095,#3233,.T.);
#3233 = CIRCLE('',#3234,1.2);
#3234 = AXIS2_PLACEMENT_3D('',#3235,#3236,#3237);
#3235 = CARTESIAN_POINT('',(133.07179676972,135.75,196.8));
#3236 = DIRECTION('',(0.70582173878,6.026065160727E-02,-0.70582173878));
#3237 = DIRECTION('',(0.707106781187,-1.387778780781E-17,0.707106781187)
  );
#3238 = CYLINDRICAL_SURFACE('',#3239,1.2);
#3239 = AXIS2_PLACEMENT_3D('',#3240,#3241,#3242);
#3240 = CARTESIAN_POINT('',(133.07179676972,135.75,196.8));
#3241 = DIRECTION('',(0.70582173878,6.026065160727E-02,-0.70582173878));
#3242 = DIRECTION('',(0.707106781187,-6.938893903907E-18,0.707106781187)
  );
#3243 = ADVANCED_FACE('',(#3244),#3248,.F.);
#3244 = FACE_BOUND('',#3245,.F.);
#3245 = EDGE_LOOP('',(#3246,#3247));
#3246 = ORIENTED_EDGE('',*,*,#3173,.T.);
#3247 = ORIENTED_EDGE('',*,*,#3232,.T.);
#3248 = PLANE('',#3249);
#3249 = AXIS2_PLACEMENT_3D('',#3250,#3251,#3252);
#3250 = CARTESIAN_POINT('',(133.07179676972,135.75,196.8));
#3251 = DIRECTION('',(0.70582173878,6.026065160727E-02,-0.70582173878));
#3252 = DIRECTION('',(0.707106781187,-6.938893903907E-18,0.707106781187)
  );
#3253 = ADVANCED_FACE('',(#3254),#3309,.T.);
#3254 = FACE_BOUND('',#3255,.T.);
#3255 = EDGE_LOOP('',(#3256,#3257,#3265,#3274,#3283,#3292,#3299,#3300,
    #3301,#3302));
#3256 = ORIENTED_EDGE('',*,*,#3205,.T.);
#3257 = ORIENTED_EDGE('',*,*,#3258,.T.);
#3258 = EDGE_CURVE('',#3197,#3259,#3261,.T.);
#3259 = VERTEX_POINT('',#3260);
#3260 = CARTESIAN_POINT('',(140.00120849358,136.23066410246,
    194.04200760161));
#3261 = LINE('',#3262,#3263);
#3262 = CARTESIAN_POINT('',(136.31058285412,136.,195.03090776127));
#3263 = VECTOR('',#3264,1.);
#3264 = DIRECTION('',(0.964170425716,6.026065160727E-02,-0.258348686937)
  );
#3265 = ORIENTED_EDGE('',*,*,#3266,.F.);
#3266 = EDGE_CURVE('',#3267,#3259,#3269,.T.);
#3267 = VERTEX_POINT('',#3268);
#3268 = CARTESIAN_POINT('',(139.9987915064,136.26933589753,
    194.04200760161));
#3269 = ELLIPSE('',#3270,1.242169498499,1.2);
#3270 = AXIS2_PLACEMENT_3D('',#3271,#3272,#3273);
#3271 = CARTESIAN_POINT('',(140.,136.25,192.8));
#3272 = DIRECTION('',(0.998052578483,6.237828615518E-02,0.));
#3273 = DIRECTION('',(0.,0.,-1.));
#3274 = ORIENTED_EDGE('',*,*,#3275,.F.);
#3275 = EDGE_CURVE('',#3276,#3267,#3278,.T.);
#3276 = VERTEX_POINT('',#3277);
#3277 = CARTESIAN_POINT('',(139.92514605661,137.44766309417,192.8));
#3278 = ELLIPSE('',#3279,1.242169498499,1.2);
#3279 = AXIS2_PLACEMENT_3D('',#3280,#3281,#3282);
#3280 = CARTESIAN_POINT('',(140.,136.25,192.8));
#3281 = DIRECTION('',(0.998052578483,6.237828615518E-02,0.));
#3282 = DIRECTION('',(0.,0.,-1.));
#3283 = ORIENTED_EDGE('',*,*,#3284,.F.);
#3284 = EDGE_CURVE('',#3285,#3276,#3287,.T.);
#3285 = VERTEX_POINT('',#3286);
#3286 = CARTESIAN_POINT('',(140.07485394338,135.05233690582,192.8));
#3287 = CIRCLE('',#3288,1.2);
#3288 = AXIS2_PLACEMENT_3D('',#3289,#3290,#3291);
#3289 = CARTESIAN_POINT('',(140.,136.25,192.8));
#3290 = DIRECTION('',(0.964170425716,6.026065160727E-02,-0.258348686937)
  );
#3291 = DIRECTION('',(0.258819045103,1.734723475977E-18,0.965925826289)
  );
#3292 = ORIENTED_EDGE('',*,*,#3293,.F.);
#3293 = EDGE_CURVE('',#3259,#3285,#3294,.T.);
#3294 = ELLIPSE('',#3295,1.242169498499,1.2);
#3295 = AXIS2_PLACEMENT_3D('',#3296,#3297,#3298);
#3296 = CARTESIAN_POINT('',(140.,136.25,192.8));
#3297 = DIRECTION('',(0.998052578483,6.237828615518E-02,0.));
#3298 = DIRECTION('',(0.,0.,-1.));
#3299 = ORIENTED_EDGE('',*,*,#3258,.F.);
#3300 = ORIENTED_EDGE('',*,*,#3196,.T.);
#3301 = ORIENTED_EDGE('',*,*,#3223,.T.);
#3302 = ORIENTED_EDGE('',*,*,#3303,.T.);
#3303 = EDGE_CURVE('',#3215,#3206,#3304,.T.);
#3304 = CIRCLE('',#3305,1.2);
#3305 = AXIS2_PLACEMENT_3D('',#3306,#3307,#3308);
#3306 = CARTESIAN_POINT('',(136.,136.,193.87179676972));
#3307 = DIRECTION('',(0.964170425716,6.026065160727E-02,-0.258348686937)
  );
#3308 = DIRECTION('',(0.258819045103,1.734723475977E-18,0.965925826289)
  );
#3309 = CYLINDRICAL_SURFACE('',#3310,1.2);
#3310 = AXIS2_PLACEMENT_3D('',#3311,#3312,#3313);
#3311 = CARTESIAN_POINT('',(136.,136.,193.87179676972));
#3312 = DIRECTION('',(0.964170425716,6.026065160727E-02,-0.258348686937)
  );
#3313 = DIRECTION('',(0.258819045103,-1.734723475977E-18,0.965925826289)
  );
#3314 = ADVANCED_FACE('',(#3315),#3324,.T.);
#3315 = FACE_BOUND('',#3316,.T.);
#3316 = EDGE_LOOP('',(#3317,#3323));
#3317 = ORIENTED_EDGE('',*,*,#3318,.T.);
#3318 = EDGE_CURVE('',#3206,#3215,#3319,.T.);
#3319 = LINE('',#3320,#3321);
#3320 = CARTESIAN_POINT('',(136.,136.,193.87179676972));
#3321 = VECTOR('',#3322,1.);
#3322 = DIRECTION('',(5.402118045492E-02,-0.998052578483,
    -3.118914307759E-02));
#3323 = ORIENTED_EDGE('',*,*,#3214,.T.);
#3324 = PLANE('',#3325);
#3325 = AXIS2_PLACEMENT_3D('',#3326,#3327,#3328);
#3326 = CARTESIAN_POINT('',(136.,136.,193.87179676972));
#3327 = DIRECTION('',(0.70582173878,6.026065160727E-02,-0.70582173878));
#3328 = DIRECTION('',(0.707106781187,-6.938893903907E-18,0.707106781187)
  );
#3329 = ADVANCED_FACE('',(#3330),#3334,.F.);
#3330 = FACE_BOUND('',#3331,.F.);
#3331 = EDGE_LOOP('',(#3332,#3333));
#3332 = ORIENTED_EDGE('',*,*,#3318,.T.);
#3333 = ORIENTED_EDGE('',*,*,#3303,.T.);
#3334 = PLANE('',#3335);
#3335 = AXIS2_PLACEMENT_3D('',#3336,#3337,#3338);
#3336 = CARTESIAN_POINT('',(136.,136.,193.87179676972));
#3337 = DIRECTION('',(0.964170425716,6.026065160727E-02,-0.258348686937)
  );
#3338 = DIRECTION('',(0.258819045103,-1.734723475977E-18,0.965925826289)
  );
#3339 = ADVANCED_FACE('',(#3340),#3386,.T.);
#3340 = FACE_BOUND('',#3341,.T.);
#3341 = EDGE_LOOP('',(#3342,#3343,#3351,#3360,#3369,#3376,#3377,#3378,
    #3379));
#3342 = ORIENTED_EDGE('',*,*,#3275,.T.);
#3343 = ORIENTED_EDGE('',*,*,#3344,.T.);
#3344 = EDGE_CURVE('',#3267,#3345,#3347,.T.);
#3345 = VERTEX_POINT('',#3346);
#3346 = CARTESIAN_POINT('',(143.38004278534,136.48066410246,
    194.9480111512));
#3347 = LINE('',#3348,#3349);
#3348 = CARTESIAN_POINT('',(139.68941714587,136.25,193.95911099154));
#3349 = VECTOR('',#3350,1.);
#3350 = DIRECTION('',(0.964170425716,6.026065160727E-02,0.258348686937)
  );
#3351 = ORIENTED_EDGE('',*,*,#3352,.F.);
#3352 = EDGE_CURVE('',#3353,#3345,#3355,.T.);
#3353 = VERTEX_POINT('',#3354);
#3354 = CARTESIAN_POINT('',(143.93517458345,137.69766309417,
    193.83436979803));
#3355 = ELLIPSE('',#3356,1.242169498499,1.2);
#3356 = AXIS2_PLACEMENT_3D('',#3357,#3358,#3359);
#3357 = CARTESIAN_POINT('',(144.,136.5,193.87179676972));
#3358 = DIRECTION('',(0.864338887279,6.237828615518E-02,0.499026289241)
  );
#3359 = DIRECTION('',(0.5,-4.406197628981E-16,-0.866025403784));
#3360 = ORIENTED_EDGE('',*,*,#3361,.F.);
#3361 = EDGE_CURVE('',#3362,#3353,#3364,.T.);
#3362 = VERTEX_POINT('',#3363);
#3363 = CARTESIAN_POINT('',(144.06482541654,135.30233690582,
    193.90922374141));
#3364 = CIRCLE('',#3365,1.2);
#3365 = AXIS2_PLACEMENT_3D('',#3366,#3367,#3368);
#3366 = CARTESIAN_POINT('',(144.,136.5,193.87179676972));
#3367 = DIRECTION('',(0.964170425716,6.026065160727E-02,0.258348686937)
  );
#3368 = DIRECTION('',(-0.258819045103,-1.734723475977E-18,0.965925826289
    ));
#3369 = ORIENTED_EDGE('',*,*,#3370,.F.);
#3370 = EDGE_CURVE('',#3345,#3362,#3371,.T.);
#3371 = ELLIPSE('',#3372,1.242169498499,1.2);
#3372 = AXIS2_PLACEMENT_3D('',#3373,#3374,#3375);
#3373 = CARTESIAN_POINT('',(144.,136.5,193.87179676972));
#3374 = DIRECTION('',(0.864338887279,6.237828615518E-02,0.499026289241)
  );
#3375 = DIRECTION('',(0.5,-4.406197628981E-16,-0.866025403784));
#3376 = ORIENTED_EDGE('',*,*,#3344,.F.);
#3377 = ORIENTED_EDGE('',*,*,#3266,.T.);
#3378 = ORIENTED_EDGE('',*,*,#3293,.T.);
#3379 = ORIENTED_EDGE('',*,*,#3380,.T.);
#3380 = EDGE_CURVE('',#3285,#3276,#3381,.T.);
#3381 = CIRCLE('',#3382,1.2);
#3382 = AXIS2_PLACEMENT_3D('',#3383,#3384,#3385);
#3383 = CARTESIAN_POINT('',(140.,136.25,192.8));
#3384 = DIRECTION('',(0.964170425716,6.026065160727E-02,0.258348686937)
  );
#3385 = DIRECTION('',(-0.258819045103,-1.734723475977E-18,0.965925826289
    ));
#3386 = CYLINDRICAL_SURFACE('',#3387,1.2);
#3387 = AXIS2_PLACEMENT_3D('',#3388,#3389,#3390);
#3388 = CARTESIAN_POINT('',(140.,136.25,192.8));
#3389 = DIRECTION('',(0.964170425716,6.026065160727E-02,0.258348686937)
  );
#3390 = DIRECTION('',(-0.258819045103,1.734723475977E-18,0.965925826289)
  );
#3391 = ADVANCED_FACE('',(#3392),#3401,.T.);
#3392 = FACE_BOUND('',#3393,.T.);
#3393 = EDGE_LOOP('',(#3394,#3400));
#3394 = ORIENTED_EDGE('',*,*,#3395,.T.);
#3395 = EDGE_CURVE('',#3276,#3285,#3396,.T.);
#3396 = LINE('',#3397,#3398);
#3397 = CARTESIAN_POINT('',(140.,136.25,192.8));
#3398 = VECTOR('',#3399,1.);
#3399 = DIRECTION('',(6.237828615518E-02,-0.998052578483,0.));
#3400 = ORIENTED_EDGE('',*,*,#3284,.T.);
#3401 = PLANE('',#3402);
#3402 = AXIS2_PLACEMENT_3D('',#3403,#3404,#3405);
#3403 = CARTESIAN_POINT('',(140.,136.25,192.8));
#3404 = DIRECTION('',(0.964170425716,6.026065160727E-02,-0.258348686937)
  );
#3405 = DIRECTION('',(0.258819045103,-1.734723475977E-18,0.965925826289)
  );
#3406 = ADVANCED_FACE('',(#3407),#3411,.F.);
#3407 = FACE_BOUND('',#3408,.F.);
#3408 = EDGE_LOOP('',(#3409,#3410));
#3409 = ORIENTED_EDGE('',*,*,#3395,.T.);
#3410 = ORIENTED_EDGE('',*,*,#3380,.T.);
#3411 = PLANE('',#3412);
#3412 = AXIS2_PLACEMENT_3D('',#3413,#3414,#3415);
#3413 = CARTESIAN_POINT('',(140.,136.25,192.8));
#3414 = DIRECTION('',(0.964170425716,6.026065160727E-02,0.258348686937)
  );
#3415 = DIRECTION('',(-0.258819045103,1.734723475977E-18,0.965925826289)
  );
#3416 = ADVANCED_FACE('',(#3417),#3471,.T.);
#3417 = FACE_BOUND('',#3418,.T.);
#3418 = EDGE_LOOP('',(#3419,#3430,#3438,#3445,#3446,#3447,#3454,#3455,
    #3464));
#3419 = ORIENTED_EDGE('',*,*,#3420,.F.);
#3420 = EDGE_CURVE('',#3421,#3423,#3425,.T.);
#3421 = VERTEX_POINT('',#3422);
#3422 = CARTESIAN_POINT('',(147.77673136769,136.75,195.95147186257));
#3423 = VERTEX_POINT('',#3424);
#3424 = CARTESIAN_POINT('',(146.89077625858,137.94766309417,
    196.73517458345));
#3425 = CIRCLE('',#3426,1.2);
#3426 = AXIS2_PLACEMENT_3D('',#3427,#3428,#3429);
#3427 = CARTESIAN_POINT('',(146.92820323027,136.75,196.8));
#3428 = DIRECTION('',(0.70582173878,6.026065160727E-02,0.70582173878));
#3429 = DIRECTION('',(0.707106781187,0.,-0.707106781187));
#3430 = ORIENTED_EDGE('',*,*,#3431,.F.);
#3431 = EDGE_CURVE('',#3432,#3421,#3434,.T.);
#3432 = VERTEX_POINT('',#3433);
#3433 = CARTESIAN_POINT('',(144.84852813742,136.5,193.0232686323));
#3434 = LINE('',#3435,#3436);
#3435 = CARTESIAN_POINT('',(144.84852813742,136.5,193.0232686323));
#3436 = VECTOR('',#3437,1.);
#3437 = DIRECTION('',(0.70582173878,6.026065160727E-02,0.70582173878));
#3438 = ORIENTED_EDGE('',*,*,#3439,.T.);
#3439 = EDGE_CURVE('',#3432,#3353,#3440,.T.);
#3440 = CIRCLE('',#3441,1.2);
#3441 = AXIS2_PLACEMENT_3D('',#3442,#3443,#3444);
#3442 = CARTESIAN_POINT('',(144.,136.5,193.87179676972));
#3443 = DIRECTION('',(0.70582173878,6.026065160727E-02,0.70582173878));
#3444 = DIRECTION('',(0.707106781187,0.,-0.707106781187));
#3445 = ORIENTED_EDGE('',*,*,#3352,.T.);
#3446 = ORIENTED_EDGE('',*,*,#3370,.T.);
#3447 = ORIENTED_EDGE('',*,*,#3448,.T.);
#3448 = EDGE_CURVE('',#3362,#3432,#3449,.T.);
#3449 = CIRCLE('',#3450,1.2);
#3450 = AXIS2_PLACEMENT_3D('',#3451,#3452,#3453);
#3451 = CARTESIAN_POINT('',(144.,136.5,193.87179676972));
#3452 = DIRECTION('',(0.70582173878,6.026065160727E-02,0.70582173878));
#3453 = DIRECTION('',(0.707106781187,0.,-0.707106781187));
#3454 = ORIENTED_EDGE('',*,*,#3431,.T.);
#3455 = ORIENTED_EDGE('',*,*,#3456,.F.);
#3456 = EDGE_CURVE('',#3457,#3421,#3459,.T.);
#3457 = VERTEX_POINT('',#3458);
#3458 = CARTESIAN_POINT('',(146.96563020196,135.55233690582,
    196.86482541654));
#3459 = CIRCLE('',#3460,1.2);
#3460 = AXIS2_PLACEMENT_3D('',#3461,#3462,#3463);
#3461 = CARTESIAN_POINT('',(146.92820323027,136.75,196.8));
#3462 = DIRECTION('',(0.70582173878,6.026065160727E-02,0.70582173878));
#3463 = DIRECTION('',(0.707106781187,0.,-0.707106781187));
#3464 = ORIENTED_EDGE('',*,*,#3465,.F.);
#3465 = EDGE_CURVE('',#3423,#3457,#3466,.T.);
#3466 = ELLIPSE('',#3467,1.242169498499,1.2);
#3467 = AXIS2_PLACEMENT_3D('',#3468,#3469,#3470);
#3468 = CARTESIAN_POINT('',(146.92820323027,136.75,196.8));
#3469 = DIRECTION('',(0.499026289241,6.237828615518E-02,0.864338887279)
  );
#3470 = DIRECTION('',(0.866025403784,4.406197628981E-16,-0.5));
#3471 = CYLINDRICAL_SURFACE('',#3472,1.2);
#3472 = AXIS2_PLACEMENT_3D('',#3473,#3474,#3475);
#3473 = CARTESIAN_POINT('',(144.,136.5,193.87179676972));
#3474 = DIRECTION('',(0.70582173878,6.026065160727E-02,0.70582173878));
#3475 = DIRECTION('',(0.707106781187,0.,-0.707106781187));
#3476 = ADVANCED_FACE('',(#3477),#3486,.T.);
#3477 = FACE_BOUND('',#3478,.T.);
#3478 = EDGE_LOOP('',(#3479,#3485));
#3479 = ORIENTED_EDGE('',*,*,#3480,.T.);
#3480 = EDGE_CURVE('',#3353,#3362,#3481,.T.);
#3481 = LINE('',#3482,#3483);
#3482 = CARTESIAN_POINT('',(144.,136.5,193.87179676972));
#3483 = VECTOR('',#3484,1.);
#3484 = DIRECTION('',(5.402118045492E-02,-0.998052578483,
    3.118914307759E-02));
#3485 = ORIENTED_EDGE('',*,*,#3361,.T.);
#3486 = PLANE('',#3487);
#3487 = AXIS2_PLACEMENT_3D('',#3488,#3489,#3490);
#3488 = CARTESIAN_POINT('',(144.,136.5,193.87179676972));
#3489 = DIRECTION('',(0.964170425716,6.026065160727E-02,0.258348686937)
  );
#3490 = DIRECTION('',(-0.258819045103,1.734723475977E-18,0.965925826289)
  );
#3491 = ADVANCED_FACE('',(#3492),#3502,.T.);
#3492 = FACE_BOUND('',#3493,.T.);
#3493 = EDGE_LOOP('',(#3494,#3495,#3496));
#3494 = ORIENTED_EDGE('',*,*,#3456,.T.);
#3495 = ORIENTED_EDGE('',*,*,#3420,.T.);
#3496 = ORIENTED_EDGE('',*,*,#3497,.T.);
#3497 = EDGE_CURVE('',#3423,#3457,#3498,.T.);
#3498 = LINE('',#3499,#3500);
#3499 = CARTESIAN_POINT('',(146.92820323027,136.75,196.8));
#3500 = VECTOR('',#3501,1.);
#3501 = DIRECTION('',(3.118914307759E-02,-0.998052578483,
    5.402118045492E-02));
#3502 = PLANE('',#3503);
#3503 = AXIS2_PLACEMENT_3D('',#3504,#3505,#3506);
#3504 = CARTESIAN_POINT('',(146.92820323027,136.75,196.8));
#3505 = DIRECTION('',(0.70582173878,6.026065160727E-02,0.70582173878));
#3506 = DIRECTION('',(0.707106781187,0.,-0.707106781187));
#3507 = ADVANCED_FACE('',(#3508),#3543,.T.);
#3508 = FACE_BOUND('',#3509,.T.);
#3509 = EDGE_LOOP('',(#3510,#3520,#3527,#3528,#3535,#3536));
#3510 = ORIENTED_EDGE('',*,*,#3511,.T.);
#3511 = EDGE_CURVE('',#3512,#3514,#3516,.T.);
#3512 = VERTEX_POINT('',#3513);
#3513 = CARTESIAN_POINT('',(148.08731422182,136.75,196.48941714587));
#3514 = VERTEX_POINT('',#3515);
#3515 = CARTESIAN_POINT('',(149.15911099154,137.,200.48941714587));
#3516 = LINE('',#3517,#3518);
#3517 = CARTESIAN_POINT('',(148.08731422182,136.75,196.48941714587));
#3518 = VECTOR('',#3519,1.);
#3519 = DIRECTION('',(0.258348686937,6.026065160727E-02,0.964170425716)
  );
#3520 = ORIENTED_EDGE('',*,*,#3521,.F.);
#3521 = EDGE_CURVE('',#3514,#3514,#3522,.T.);
#3522 = CIRCLE('',#3523,1.2);
#3523 = AXIS2_PLACEMENT_3D('',#3524,#3525,#3526);
#3524 = CARTESIAN_POINT('',(148.,137.,200.8));
#3525 = DIRECTION('',(0.258348686937,6.026065160727E-02,0.964170425716)
  );
#3526 = DIRECTION('',(0.965925826289,-1.734723475977E-18,-0.258819045103
    ));
#3527 = ORIENTED_EDGE('',*,*,#3511,.F.);
#3528 = ORIENTED_EDGE('',*,*,#3529,.T.);
#3529 = EDGE_CURVE('',#3512,#3423,#3530,.T.);
#3530 = CIRCLE('',#3531,1.2);
#3531 = AXIS2_PLACEMENT_3D('',#3532,#3533,#3534);
#3532 = CARTESIAN_POINT('',(146.92820323027,136.75,196.8));
#3533 = DIRECTION('',(0.258348686937,6.026065160727E-02,0.964170425716)
  );
#3534 = DIRECTION('',(0.965925826289,-1.734723475977E-18,-0.258819045103
    ));
#3535 = ORIENTED_EDGE('',*,*,#3465,.T.);
#3536 = ORIENTED_EDGE('',*,*,#3537,.T.);
#3537 = EDGE_CURVE('',#3457,#3512,#3538,.T.);
#3538 = CIRCLE('',#3539,1.2);
#3539 = AXIS2_PLACEMENT_3D('',#3540,#3541,#3542);
#3540 = CARTESIAN_POINT('',(146.92820323027,136.75,196.8));
#3541 = DIRECTION('',(0.258348686937,6.026065160727E-02,0.964170425716)
  );
#3542 = DIRECTION('',(0.965925826289,-1.734723475977E-18,-0.258819045103
    ));
#3543 = CYLINDRICAL_SURFACE('',#3544,1.2);
#3544 = AXIS2_PLACEMENT_3D('',#3545,#3546,#3547);
#3545 = CARTESIAN_POINT('',(146.92820323027,136.75,196.8));
#3546 = DIRECTION('',(0.258348686937,6.026065160727E-02,0.964170425716)
  );
#3547 = DIRECTION('',(0.965925826289,1.734723475977E-18,-0.258819045103)
  );
#3548 = ADVANCED_FACE('',(#3549),#3554,.F.);
#3549 = FACE_BOUND('',#3550,.F.);
#3550 = EDGE_LOOP('',(#3551,#3552,#3553));
#3551 = ORIENTED_EDGE('',*,*,#3448,.T.);
#3552 = ORIENTED_EDGE('',*,*,#3439,.T.);
#3553 = ORIENTED_EDGE('',*,*,#3480,.T.);
#3554 = PLANE('',#3555);
#3555 = AXIS2_PLACEMENT_3D('',#3556,#3557,#3558);
#3556 = CARTESIAN_POINT('',(144.,136.5,193.87179676972));
#3557 = DIRECTION('',(0.70582173878,6.026065160727E-02,0.70582173878));
#3558 = DIRECTION('',(0.707106781187,0.,-0.707106781187));
#3559 = ADVANCED_FACE('',(#3560),#3565,.F.);
#3560 = FACE_BOUND('',#3561,.F.);
#3561 = EDGE_LOOP('',(#3562,#3563,#3564));
#3562 = ORIENTED_EDGE('',*,*,#3537,.T.);
#3563 = ORIENTED_EDGE('',*,*,#3529,.T.);
#3564 = ORIENTED_EDGE('',*,*,#3497,.T.);
#3565 = PLANE('',#3566);
#3566 = AXIS2_PLACEMENT_3D('',#3567,#3568,#3569);
#3567 = CARTESIAN_POINT('',(146.92820323027,136.75,196.8));
#3568 = DIRECTION('',(0.258348686937,6.026065160727E-02,0.964170425716)
  );
#3569 = DIRECTION('',(0.965925826289,1.734723475977E-18,-0.258819045103)
  );
#3570 = ADVANCED_FACE('',(#3571),#3574,.T.);
#3571 = FACE_BOUND('',#3572,.T.);
#3572 = EDGE_LOOP('',(#3573));
#3573 = ORIENTED_EDGE('',*,*,#3521,.T.);
#3574 = PLANE('',#3575);
#3575 = AXIS2_PLACEMENT_3D('',#3576,#3577,#3578);
#3576 = CARTESIAN_POINT('',(148.,137.,200.8));
#3577 = DIRECTION('',(0.258348686937,6.026065160727E-02,0.964170425716)
  );
#3578 = DIRECTION('',(0.965925826289,1.734723475977E-18,-0.258819045103)
  );
#3579 = ( GEOMETRIC_REPRESENTATION_CONTEXT(3) 
GLOBAL_UNCERTAINTY_ASSIGNED_CONTEXT((#3583)) 
GLOBAL_UNIT_ASSIGNED_CONTEXT((#3580,#3581,#3582)) REPRESENTATION_CONTEXT
('Context #1','3D Context with UNIT and UNCERTAINTY') );
#3580 = ( LENGTH_UNIT() NAMED_UNIT(*) SI_UNIT(.MILLI.,.METRE.) );
#3581 = ( NAMED_UNIT(*) PLANE_ANGLE_UNIT() SI_UNIT($,.RADIAN.) );
#3582 = ( NAMED_UNIT(*) SI_UNIT($,.STERADIAN.) SOLID_ANGLE_UNIT() );
#3583 = UNCERTAINTY_MEASURE_WITH_UNIT(LENGTH_MEASURE(2.E-07),#3580,
  'distance_accuracy_value','confusion accuracy');
#3584 = PRODUCT_RELATED_PRODUCT_CATEGORY('part',$,(#7));
ENDSEC;
END-ISO-10303-21;
