ISO-10303-21;
HEADER;
FILE_DESCRIPTION(('FreeCAD Model'),'2;1');
FILE_NAME('Open CASCADE Shape Model','2026-10-02T02:50:37',('Author'),(
    ''),'Open CASCADE STEP processor 7.8','FreeCAD','Unknown');
FILE_SCHEMA(('AUTOMOTIVE_DESIGN { 1 0 10303 214 1 1 1 1 }'));
ENDSEC;
DATA;
#1 = APPLICATION_PROTOCOL_DEFINITION('international standard',
  'automotive_design',2000,#2);
#2 = APPLICATION_CONTEXT(
  'core data for automotive mechanical design processes');
#3 = SHAPE_DEFINITION_REPRESENTATION(#4,#10);
#4 = PRODUCT_DEFINITION_SHAPE('','',#5);
#5 = PRODUCT_DEFINITION('design','',#6,#9);
#6 = PRODUCT_DEFINITION_FORMATION('','',#7);
#7 = PRODUCT('master_robot','master_robot','',(#8));
#8 = PRODUCT_CONTEXT('',#2,'mechanical');
#9 = PRODUCT_DEFINITION_CONTEXT('part definition',#2,'design');
#10 = SHAPE_REPRESENTATION('',(#11,#15,#19,#23,#27,#31,#35,#39,#43,#47,
    #51,#55,#59,#63,#67,#71,#75,#79,#83,#87,#91),#95);
#11 = AXIS2_PLACEMENT_3D('',#12,#13,#14);
#12 = CARTESIAN_POINT('',(0.,0.,0.));
#13 = DIRECTION('',(0.,0.,1.));
#14 = DIRECTION('',(1.,0.,-0.));
#15 = AXIS2_PLACEMENT_3D('',#16,#17,#18);
#16 = CARTESIAN_POINT('',(0.,0.,0.));
#17 = DIRECTION('',(0.,0.,1.));
#18 = DIRECTION('',(1.,0.,0.));
#19 = AXIS2_PLACEMENT_3D('',#20,#21,#22);
#20 = CARTESIAN_POINT('',(0.,0.,0.));
#21 = DIRECTION('',(0.,0.,1.));
#22 = DIRECTION('',(1.,0.,0.));
#23 = AXIS2_PLACEMENT_3D('',#24,#25,#26);
#24 = CARTESIAN_POINT('',(0.,0.,0.));
#25 = DIRECTION('',(0.,0.,1.));
#26 = DIRECTION('',(1.,0.,0.));
#27 = AXIS2_PLACEMENT_3D('',#28,#29,#30);
#28 = CARTESIAN_POINT('',(0.,0.,0.));
#29 = DIRECTION('',(0.,0.,1.));
#30 = DIRECTION('',(1.,0.,0.));
#31 = AXIS2_PLACEMENT_3D('',#32,#33,#34);
#32 = CARTESIAN_POINT('',(0.,0.,0.));
#33 = DIRECTION('',(0.,0.,1.));
#34 = DIRECTION('',(1.,0.,0.));
#35 = AXIS2_PLACEMENT_3D('',#36,#37,#38);
#36 = CARTESIAN_POINT('',(0.,0.,0.));
#37 = DIRECTION('',(0.,0.,1.));
#38 = DIRECTION('',(1.,0.,0.));
#39 = AXIS2_PLACEMENT_3D('',#40,#41,#42);
#40 = CARTESIAN_POINT('',(0.,0.,0.));
#41 = DIRECTION('',(0.,0.,1.));
#42 = DIRECTION('',(1.,0.,0.));
#43 = AXIS2_PLACEMENT_3D('',#44,#45,#46);
#44 = CARTESIAN_POINT('',(0.,0.,0.));
#45 = DIRECTION('',(0.,0.,1.));
#46 = DIRECTION('',(1.,0.,0.));
#47 = AXIS2_PLACEMENT_3D('',#48,#49,#50);
#48 = CARTESIAN_POINT('',(0.,0.,0.));
#49 = DIRECTION('',(0.,0.,1.));
#50 = DIRECTION('',(1.,0.,0.));
#51 = AXIS2_PLACEMENT_3D('',#52,#53,#54);
#52 = CARTESIAN_POINT('',(0.,0.,0.));
#53 = DIRECTION('',(0.,0.,1.));
#54 = DIRECTION('',(1.,0.,0.));
#55 = AXIS2_PLACEMENT_3D('',#56,#57,#58);
#56 = CARTESIAN_POINT('',(0.,0.,0.));
#57 = DIRECTION('',(0.,0.,1.));
#58 = DIRECTION('',(1.,0.,0.));
#59 = AXIS2_PLACEMENT_3D('',#60,#61,#62);
#60 = CARTESIAN_POINT('',(0.,0.,0.));
#61 = DIRECTION('',(0.,0.,1.));
#62 = DIRECTION('',(1.,0.,0.));
#63 = AXIS2_PLACEMENT_3D('',#64,#65,#66);
#64 = CARTESIAN_POINT('',(0.,0.,0.));
#65 = DIRECTION('',(0.,0.,1.));
#66 = DIRECTION('',(1.,0.,0.));
#67 = AXIS2_PLACEMENT_3D('',#68,#69,#70);
#68 = CARTESIAN_POINT('',(0.,0.,0.));
#69 = DIRECTION('',(0.,0.,1.));
#70 = DIRECTION('',(1.,0.,0.));
#71 = AXIS2_PLACEMENT_3D('',#72,#73,#74);
#72 = CARTESIAN_POINT('',(0.,0.,0.));
#73 = DIRECTION('',(0.,0.,1.));
#74 = DIRECTION('',(1.,0.,0.));
#75 = AXIS2_PLACEMENT_3D('',#76,#77,#78);
#76 = CARTESIAN_POINT('',(0.,0.,0.));
#77 = DIRECTION('',(0.,0.,1.));
#78 = DIRECTION('',(1.,0.,0.));
#79 = AXIS2_PLACEMENT_3D('',#80,#81,#82);
#80 = CARTESIAN_POINT('',(0.,0.,0.));
#81 = DIRECTION('',(0.,0.,1.));
#82 = DIRECTION('',(1.,0.,0.));
#83 = AXIS2_PLACEMENT_3D('',#84,#85,#86);
#84 = CARTESIAN_POINT('',(0.,0.,0.));
#85 = DIRECTION('',(0.,0.,1.));
#86 = DIRECTION('',(1.,0.,0.));
#87 = AXIS2_PLACEMENT_3D('',#88,#89,#90);
#88 = CARTESIAN_POINT('',(0.,0.,0.));
#89 = DIRECTION('',(0.,0.,1.));
#90 = DIRECTION('',(1.,0.,0.));
#91 = AXIS2_PLACEMENT_3D('',#92,#93,#94);
#92 = CARTESIAN_POINT('',(0.,0.,0.));
#93 = DIRECTION('',(0.,0.,1.));
#94 = DIRECTION('',(1.,0.,0.));
#95 = ( GEOMETRIC_REPRESENTATION_CONTEXT(3) 
GLOBAL_UNCERTAINTY_ASSIGNED_CONTEXT((#99)) GLOBAL_UNIT_ASSIGNED_CONTEXT(
(#96,#97,#98)) REPRESENTATION_CONTEXT('Context #1',
  '3D Context with UNIT and UNCERTAINTY') );
#96 = ( LENGTH_UNIT() NAMED_UNIT(*) SI_UNIT(.MILLI.,.METRE.) );
#97 = ( NAMED_UNIT(*) PLANE_ANGLE_UNIT() SI_UNIT($,.RADIAN.) );
#98 = ( NAMED_UNIT(*) SI_UNIT($,.STERADIAN.) SOLID_ANGLE_UNIT() );
#99 = UNCERTAINTY_MEASURE_WITH_UNIT(LENGTH_MEASURE(2.E-05),#96,
  'distance_accuracy_value','confusion accuracy');
#100 = PRODUCT_RELATED_PRODUCT_CATEGORY('part',$,(#7));
#101 = SHAPE_DEFINITION_REPRESENTATION(#102,#108);
#102 = PRODUCT_DEFINITION_SHAPE('','',#103);
#103 = PRODUCT_DEFINITION('design','',#104,#107);
#104 = PRODUCT_DEFINITION_FORMATION('','',#105);
#105 = PRODUCT('TOWER_L','TOWER_L','',(#106));
#106 = PRODUCT_CONTEXT('',#2,'mechanical');
#107 = PRODUCT_DEFINITION_CONTEXT('part definition',#2,'design');
#108 = ADVANCED_BREP_SHAPE_REPRESENTATION('',(#11,#109),#1405);
#109 = MANIFOLD_SOLID_BREP('',#110);
#110 = CLOSED_SHELL('',(#111,#151,#368,#392,#524,#608,#648,#682,#780,
    #807,#824,#841,#930,#954,#1034,#1058,#1075,#1092,#1109,#1126,#1143,
    #1156,#1173,#1190,#1202,#1219,#1236,#1253,#1270,#1281,#1291,#1308,
    #1325,#1342,#1359,#1371,#1388));
#111 = ADVANCED_FACE('',(#112),#146,.F.);
#112 = FACE_BOUND('',#113,.F.);
#113 = EDGE_LOOP('',(#114,#124,#132,#140));
#114 = ORIENTED_EDGE('',*,*,#115,.F.);
#115 = EDGE_CURVE('',#116,#118,#120,.T.);
#116 = VERTEX_POINT('',#117);
#117 = CARTESIAN_POINT('',(-176.,129.3,86.8));
#118 = VERTEX_POINT('',#119);
#119 = CARTESIAN_POINT('',(-176.,129.3,244.));
#120 = LINE('',#121,#122);
#121 = CARTESIAN_POINT('',(-176.,129.3,86.8));
#122 = VECTOR('',#123,1.);
#123 = DIRECTION('',(0.,0.,1.));
#124 = ORIENTED_EDGE('',*,*,#125,.T.);
#125 = EDGE_CURVE('',#116,#126,#128,.T.);
#126 = VERTEX_POINT('',#127);
#127 = CARTESIAN_POINT('',(-176.,132.3,86.8));
#128 = LINE('',#129,#130);
#129 = CARTESIAN_POINT('',(-176.,129.3,86.8));
#130 = VECTOR('',#131,1.);
#131 = DIRECTION('',(0.,1.,0.));
#132 = ORIENTED_EDGE('',*,*,#133,.T.);
#133 = EDGE_CURVE('',#126,#134,#136,.T.);
#134 = VERTEX_POINT('',#135);
#135 = CARTESIAN_POINT('',(-176.,132.3,244.));
#136 = LINE('',#137,#138);
#137 = CARTESIAN_POINT('',(-176.,132.3,86.8));
#138 = VECTOR('',#139,1.);
#139 = DIRECTION('',(0.,0.,1.));
#140 = ORIENTED_EDGE('',*,*,#141,.F.);
#141 = EDGE_CURVE('',#118,#134,#142,.T.);
#142 = LINE('',#143,#144);
#143 = CARTESIAN_POINT('',(-176.,129.3,244.));
#144 = VECTOR('',#145,1.);
#145 = DIRECTION('',(0.,1.,0.));
#146 = PLANE('',#147);
#147 = AXIS2_PLACEMENT_3D('',#148,#149,#150);
#148 = CARTESIAN_POINT('',(-176.,129.3,86.8));
#149 = DIRECTION('',(1.,0.,0.));
#150 = DIRECTION('',(0.,0.,1.));
#151 = ADVANCED_FACE('',(#152,#341,#352),#363,.F.);
#152 = FACE_BOUND('',#153,.F.);
#153 = EDGE_LOOP('',(#154,#162,#163,#171,#179,#187,#195,#203,#211,#219,
    #227,#235,#243,#251,#259,#267,#275,#283,#291,#300,#309,#317,#326,
    #335));
#154 = ORIENTED_EDGE('',*,*,#155,.F.);
#155 = EDGE_CURVE('',#116,#156,#158,.T.);
#156 = VERTEX_POINT('',#157);
#157 = CARTESIAN_POINT('',(-170.,129.3,86.8));
#158 = LINE('',#159,#160);
#159 = CARTESIAN_POINT('',(-176.,129.3,86.8));
#160 = VECTOR('',#161,1.);
#161 = DIRECTION('',(1.,0.,0.));
#162 = ORIENTED_EDGE('',*,*,#115,.T.);
#163 = ORIENTED_EDGE('',*,*,#164,.T.);
#164 = EDGE_CURVE('',#118,#165,#167,.T.);
#165 = VERTEX_POINT('',#166);
#166 = CARTESIAN_POINT('',(-170.,129.3,244.));
#167 = LINE('',#168,#169);
#168 = CARTESIAN_POINT('',(-176.,129.3,244.));
#169 = VECTOR('',#170,1.);
#170 = DIRECTION('',(1.,0.,0.));
#171 = ORIENTED_EDGE('',*,*,#172,.T.);
#172 = EDGE_CURVE('',#165,#173,#175,.T.);
#173 = VERTEX_POINT('',#174);
#174 = CARTESIAN_POINT('',(-170.,129.3,241.));
#175 = LINE('',#176,#177);
#176 = CARTESIAN_POINT('',(-170.,129.3,163.9));
#177 = VECTOR('',#178,1.);
#178 = DIRECTION('',(0.,0.,-1.));
#179 = ORIENTED_EDGE('',*,*,#180,.T.);
#180 = EDGE_CURVE('',#173,#181,#183,.T.);
#181 = VERTEX_POINT('',#182);
#182 = CARTESIAN_POINT('',(-170.,129.3,98.));
#183 = LINE('',#184,#185);
#184 = CARTESIAN_POINT('',(-170.,129.3,90.9));
#185 = VECTOR('',#186,1.);
#186 = DIRECTION('',(0.,0.,-1.));
#187 = ORIENTED_EDGE('',*,*,#188,.F.);
#188 = EDGE_CURVE('',#189,#181,#191,.T.);
#189 = VERTEX_POINT('',#190);
#190 = CARTESIAN_POINT('',(-172.,129.3,98.));
#191 = LINE('',#192,#193);
#192 = CARTESIAN_POINT('',(-174.,129.3,98.));
#193 = VECTOR('',#194,1.);
#194 = DIRECTION('',(1.,0.,0.));
#195 = ORIENTED_EDGE('',*,*,#196,.T.);
#196 = EDGE_CURVE('',#189,#197,#199,.T.);
#197 = VERTEX_POINT('',#198);
#198 = CARTESIAN_POINT('',(-172.,129.3,93.5));
#199 = LINE('',#200,#201);
#200 = CARTESIAN_POINT('',(-172.,129.3,90.15));
#201 = VECTOR('',#202,1.);
#202 = DIRECTION('',(0.,0.,-1.));
#203 = ORIENTED_EDGE('',*,*,#204,.T.);
#204 = EDGE_CURVE('',#197,#205,#207,.T.);
#205 = VERTEX_POINT('',#206);
#206 = CARTESIAN_POINT('',(-26.,129.3,93.5));
#207 = LINE('',#208,#209);
#208 = CARTESIAN_POINT('',(-174.,129.3,93.5));
#209 = VECTOR('',#210,1.);
#210 = DIRECTION('',(1.,0.,0.));
#211 = ORIENTED_EDGE('',*,*,#212,.F.);
#212 = EDGE_CURVE('',#213,#205,#215,.T.);
#213 = VERTEX_POINT('',#214);
#214 = CARTESIAN_POINT('',(-26.,129.3,98.));
#215 = LINE('',#216,#217);
#216 = CARTESIAN_POINT('',(-26.,129.3,90.15));
#217 = VECTOR('',#218,1.);
#218 = DIRECTION('',(0.,0.,-1.));
#219 = ORIENTED_EDGE('',*,*,#220,.F.);
#220 = EDGE_CURVE('',#221,#213,#223,.T.);
#221 = VERTEX_POINT('',#222);
#222 = CARTESIAN_POINT('',(-36.,129.3,98.));
#223 = LINE('',#224,#225);
#224 = CARTESIAN_POINT('',(-174.,129.3,98.));
#225 = VECTOR('',#226,1.);
#226 = DIRECTION('',(1.,0.,0.));
#227 = ORIENTED_EDGE('',*,*,#228,.F.);
#228 = EDGE_CURVE('',#229,#221,#231,.T.);
#229 = VERTEX_POINT('',#230);
#230 = CARTESIAN_POINT('',(-36.,129.3,241.));
#231 = LINE('',#232,#233);
#232 = CARTESIAN_POINT('',(-36.,129.3,90.9));
#233 = VECTOR('',#234,1.);
#234 = DIRECTION('',(0.,0.,-1.));
#235 = ORIENTED_EDGE('',*,*,#236,.T.);
#236 = EDGE_CURVE('',#229,#237,#239,.T.);
#237 = VERTEX_POINT('',#238);
#238 = CARTESIAN_POINT('',(-6.,129.3,241.));
#239 = LINE('',#240,#241);
#240 = CARTESIAN_POINT('',(-173.,129.3,241.));
#241 = VECTOR('',#242,1.);
#242 = DIRECTION('',(1.,0.,0.));
#243 = ORIENTED_EDGE('',*,*,#244,.F.);
#244 = EDGE_CURVE('',#245,#237,#247,.T.);
#245 = VERTEX_POINT('',#246);
#246 = CARTESIAN_POINT('',(-6.,129.3,244.));
#247 = LINE('',#248,#249);
#248 = CARTESIAN_POINT('',(-6.,129.3,163.9));
#249 = VECTOR('',#250,1.);
#250 = DIRECTION('',(0.,0.,-1.));
#251 = ORIENTED_EDGE('',*,*,#252,.T.);
#252 = EDGE_CURVE('',#245,#253,#255,.T.);
#253 = VERTEX_POINT('',#254);
#254 = CARTESIAN_POINT('',(0.,129.3,244.));
#255 = LINE('',#256,#257);
#256 = CARTESIAN_POINT('',(-176.,129.3,244.));
#257 = VECTOR('',#258,1.);
#258 = DIRECTION('',(1.,0.,0.));
#259 = ORIENTED_EDGE('',*,*,#260,.F.);
#260 = EDGE_CURVE('',#261,#253,#263,.T.);
#261 = VERTEX_POINT('',#262);
#262 = CARTESIAN_POINT('',(0.,129.3,86.8));
#263 = LINE('',#264,#265);
#264 = CARTESIAN_POINT('',(0.,129.3,86.8));
#265 = VECTOR('',#266,1.);
#266 = DIRECTION('',(0.,0.,1.));
#267 = ORIENTED_EDGE('',*,*,#268,.F.);
#268 = EDGE_CURVE('',#269,#261,#271,.T.);
#269 = VERTEX_POINT('',#270);
#270 = CARTESIAN_POINT('',(-6.,129.3,86.8));
#271 = LINE('',#272,#273);
#272 = CARTESIAN_POINT('',(-176.,129.3,86.8));
#273 = VECTOR('',#274,1.);
#274 = DIRECTION('',(1.,0.,0.));
#275 = ORIENTED_EDGE('',*,*,#276,.F.);
#276 = EDGE_CURVE('',#277,#269,#279,.T.);
#277 = VERTEX_POINT('',#278);
#278 = CARTESIAN_POINT('',(-6.,129.3,89.8));
#279 = LINE('',#280,#281);
#280 = CARTESIAN_POINT('',(-6.,129.3,86.8));
#281 = VECTOR('',#282,1.);
#282 = DIRECTION('',(0.,0.,-1.));
#283 = ORIENTED_EDGE('',*,*,#284,.F.);
#284 = EDGE_CURVE('',#285,#277,#287,.T.);
#285 = VERTEX_POINT('',#286);
#286 = CARTESIAN_POINT('',(-159.6083478513,129.3,89.8));
#287 = LINE('',#288,#289);
#288 = CARTESIAN_POINT('',(-173.,129.3,89.8));
#289 = VECTOR('',#290,1.);
#290 = DIRECTION('',(1.,0.,0.));
#291 = ORIENTED_EDGE('',*,*,#292,.T.);
#292 = EDGE_CURVE('',#285,#293,#295,.T.);
#293 = VERTEX_POINT('',#294);
#294 = CARTESIAN_POINT('',(-159.6,129.3,90.));
#295 = CIRCLE('',#296,2.4);
#296 = AXIS2_PLACEMENT_3D('',#297,#298,#299);
#297 = CARTESIAN_POINT('',(-162.,129.3,90.));
#298 = DIRECTION('',(0.,-1.,2.2E-16));
#299 = DIRECTION('',(1.,0.,0.));
#300 = ORIENTED_EDGE('',*,*,#301,.T.);
#301 = EDGE_CURVE('',#293,#302,#304,.T.);
#302 = VERTEX_POINT('',#303);
#303 = CARTESIAN_POINT('',(-164.3916521486,129.3,89.8));
#304 = CIRCLE('',#305,2.4);
#305 = AXIS2_PLACEMENT_3D('',#306,#307,#308);
#306 = CARTESIAN_POINT('',(-162.,129.3,90.));
#307 = DIRECTION('',(0.,-1.,2.2E-16));
#308 = DIRECTION('',(1.,0.,0.));
#309 = ORIENTED_EDGE('',*,*,#310,.F.);
#310 = EDGE_CURVE('',#311,#302,#313,.T.);
#311 = VERTEX_POINT('',#312);
#312 = CARTESIAN_POINT('',(-168.1083478513,129.3,89.8));
#313 = LINE('',#314,#315);
#314 = CARTESIAN_POINT('',(-173.,129.3,89.8));
#315 = VECTOR('',#316,1.);
#316 = DIRECTION('',(1.,0.,0.));
#317 = ORIENTED_EDGE('',*,*,#318,.T.);
#318 = EDGE_CURVE('',#311,#319,#321,.T.);
#319 = VERTEX_POINT('',#320);
#320 = CARTESIAN_POINT('',(-168.1,129.3,90.));
#321 = CIRCLE('',#322,2.4);
#322 = AXIS2_PLACEMENT_3D('',#323,#324,#325);
#323 = CARTESIAN_POINT('',(-170.5,129.3,90.));
#324 = DIRECTION('',(0.,-1.,2.2E-16));
#325 = DIRECTION('',(1.,0.,0.));
#326 = ORIENTED_EDGE('',*,*,#327,.T.);
#327 = EDGE_CURVE('',#319,#328,#330,.T.);
#328 = VERTEX_POINT('',#329);
#329 = CARTESIAN_POINT('',(-170.,129.3,87.652661081141));
#330 = CIRCLE('',#331,2.4);
#331 = AXIS2_PLACEMENT_3D('',#332,#333,#334);
#332 = CARTESIAN_POINT('',(-170.5,129.3,90.));
#333 = DIRECTION('',(0.,-1.,2.2E-16));
#334 = DIRECTION('',(1.,0.,0.));
#335 = ORIENTED_EDGE('',*,*,#336,.T.);
#336 = EDGE_CURVE('',#328,#156,#337,.T.);
#337 = LINE('',#338,#339);
#338 = CARTESIAN_POINT('',(-170.,129.3,86.8));
#339 = VECTOR('',#340,1.);
#340 = DIRECTION('',(0.,0.,-1.));
#341 = FACE_BOUND('',#342,.F.);
#342 = EDGE_LOOP('',(#343));
#343 = ORIENTED_EDGE('',*,*,#344,.T.);
#344 = EDGE_CURVE('',#345,#345,#347,.T.);
#345 = VERTEX_POINT('',#346);
#346 = CARTESIAN_POINT('',(-18.1,129.3,104.));
#347 = CIRCLE('',#348,2.4);
#348 = AXIS2_PLACEMENT_3D('',#349,#350,#351);
#349 = CARTESIAN_POINT('',(-20.5,129.3,104.));
#350 = DIRECTION('',(0.,-1.,2.2E-16));
#351 = DIRECTION('',(1.,0.,0.));
#352 = FACE_BOUND('',#353,.F.);
#353 = EDGE_LOOP('',(#354));
#354 = ORIENTED_EDGE('',*,*,#355,.T.);
#355 = EDGE_CURVE('',#356,#356,#358,.T.);
#356 = VERTEX_POINT('',#357);
#357 = CARTESIAN_POINT('',(-18.1,129.3,120.));
#358 = CIRCLE('',#359,2.4);
#359 = AXIS2_PLACEMENT_3D('',#360,#361,#362);
#360 = CARTESIAN_POINT('',(-20.5,129.3,120.));
#361 = DIRECTION('',(0.,-1.,2.2E-16));
#362 = DIRECTION('',(1.,0.,0.));
#363 = PLANE('',#364);
#364 = AXIS2_PLACEMENT_3D('',#365,#366,#367);
#365 = CARTESIAN_POINT('',(-176.,129.3,86.8));
#366 = DIRECTION('',(0.,1.,0.));
#367 = DIRECTION('',(0.,0.,1.));
#368 = ADVANCED_FACE('',(#369),#387,.T.);
#369 = FACE_BOUND('',#370,.T.);
#370 = EDGE_LOOP('',(#371,#379,#380,#381));
#371 = ORIENTED_EDGE('',*,*,#372,.F.);
#372 = EDGE_CURVE('',#134,#373,#375,.T.);
#373 = VERTEX_POINT('',#374);
#374 = CARTESIAN_POINT('',(-170.,132.3,244.));
#375 = LINE('',#376,#377);
#376 = CARTESIAN_POINT('',(-176.,132.3,244.));
#377 = VECTOR('',#378,1.);
#378 = DIRECTION('',(1.,0.,0.));
#379 = ORIENTED_EDGE('',*,*,#141,.F.);
#380 = ORIENTED_EDGE('',*,*,#164,.T.);
#381 = ORIENTED_EDGE('',*,*,#382,.T.);
#382 = EDGE_CURVE('',#165,#373,#383,.T.);
#383 = LINE('',#384,#385);
#384 = CARTESIAN_POINT('',(-170.,109.75467980295,244.));
#385 = VECTOR('',#386,1.);
#386 = DIRECTION('',(0.,1.,0.));
#387 = PLANE('',#388);
#388 = AXIS2_PLACEMENT_3D('',#389,#390,#391);
#389 = CARTESIAN_POINT('',(-88.,119.50935960591,244.));
#390 = DIRECTION('',(0.,0.,1.));
#391 = DIRECTION('',(1.,0.,0.));
#392 = ADVANCED_FACE('',(#393,#475,#486,#497,#508),#519,.T.);
#393 = FACE_BOUND('',#394,.T.);
#394 = EDGE_LOOP('',(#395,#396,#397,#405,#413,#421,#429,#437,#445,#453,
    #461,#469));
#395 = ORIENTED_EDGE('',*,*,#133,.T.);
#396 = ORIENTED_EDGE('',*,*,#372,.T.);
#397 = ORIENTED_EDGE('',*,*,#398,.T.);
#398 = EDGE_CURVE('',#373,#399,#401,.T.);
#399 = VERTEX_POINT('',#400);
#400 = CARTESIAN_POINT('',(-170.,132.3,98.));
#401 = LINE('',#402,#403);
#402 = CARTESIAN_POINT('',(-170.,132.3,90.9));
#403 = VECTOR('',#404,1.);
#404 = DIRECTION('',(0.,0.,-1.));
#405 = ORIENTED_EDGE('',*,*,#406,.F.);
#406 = EDGE_CURVE('',#407,#399,#409,.T.);
#407 = VERTEX_POINT('',#408);
#408 = CARTESIAN_POINT('',(-172.,132.3,98.));
#409 = LINE('',#410,#411);
#410 = CARTESIAN_POINT('',(-174.,132.3,98.));
#411 = VECTOR('',#412,1.);
#412 = DIRECTION('',(1.,0.,0.));
#413 = ORIENTED_EDGE('',*,*,#414,.T.);
#414 = EDGE_CURVE('',#407,#415,#417,.T.);
#415 = VERTEX_POINT('',#416);
#416 = CARTESIAN_POINT('',(-172.,132.3,93.5));
#417 = LINE('',#418,#419);
#418 = CARTESIAN_POINT('',(-172.,132.3,90.15));
#419 = VECTOR('',#420,1.);
#420 = DIRECTION('',(0.,0.,-1.));
#421 = ORIENTED_EDGE('',*,*,#422,.T.);
#422 = EDGE_CURVE('',#415,#423,#425,.T.);
#423 = VERTEX_POINT('',#424);
#424 = CARTESIAN_POINT('',(-26.,132.3,93.5));
#425 = LINE('',#426,#427);
#426 = CARTESIAN_POINT('',(-174.,132.3,93.5));
#427 = VECTOR('',#428,1.);
#428 = DIRECTION('',(1.,0.,0.));
#429 = ORIENTED_EDGE('',*,*,#430,.F.);
#430 = EDGE_CURVE('',#431,#423,#433,.T.);
#431 = VERTEX_POINT('',#432);
#432 = CARTESIAN_POINT('',(-26.,132.3,98.));
#433 = LINE('',#434,#435);
#434 = CARTESIAN_POINT('',(-26.,132.3,90.15));
#435 = VECTOR('',#436,1.);
#436 = DIRECTION('',(0.,0.,-1.));
#437 = ORIENTED_EDGE('',*,*,#438,.F.);
#438 = EDGE_CURVE('',#439,#431,#441,.T.);
#439 = VERTEX_POINT('',#440);
#440 = CARTESIAN_POINT('',(-36.,132.3,98.));
#441 = LINE('',#442,#443);
#442 = CARTESIAN_POINT('',(-174.,132.3,98.));
#443 = VECTOR('',#444,1.);
#444 = DIRECTION('',(1.,0.,0.));
#445 = ORIENTED_EDGE('',*,*,#446,.F.);
#446 = EDGE_CURVE('',#447,#439,#449,.T.);
#447 = VERTEX_POINT('',#448);
#448 = CARTESIAN_POINT('',(-36.,132.3,244.));
#449 = LINE('',#450,#451);
#450 = CARTESIAN_POINT('',(-36.,132.3,90.9));
#451 = VECTOR('',#452,1.);
#452 = DIRECTION('',(0.,0.,-1.));
#453 = ORIENTED_EDGE('',*,*,#454,.T.);
#454 = EDGE_CURVE('',#447,#455,#457,.T.);
#455 = VERTEX_POINT('',#456);
#456 = CARTESIAN_POINT('',(0.,132.3,244.));
#457 = LINE('',#458,#459);
#458 = CARTESIAN_POINT('',(-176.,132.3,244.));
#459 = VECTOR('',#460,1.);
#460 = DIRECTION('',(1.,0.,0.));
#461 = ORIENTED_EDGE('',*,*,#462,.F.);
#462 = EDGE_CURVE('',#463,#455,#465,.T.);
#463 = VERTEX_POINT('',#464);
#464 = CARTESIAN_POINT('',(0.,132.3,86.8));
#465 = LINE('',#466,#467);
#466 = CARTESIAN_POINT('',(0.,132.3,86.8));
#467 = VECTOR('',#468,1.);
#468 = DIRECTION('',(0.,0.,1.));
#469 = ORIENTED_EDGE('',*,*,#470,.F.);
#470 = EDGE_CURVE('',#126,#463,#471,.T.);
#471 = LINE('',#472,#473);
#472 = CARTESIAN_POINT('',(-176.,132.3,86.8));
#473 = VECTOR('',#474,1.);
#474 = DIRECTION('',(1.,0.,0.));
#475 = FACE_BOUND('',#476,.T.);
#476 = EDGE_LOOP('',(#477));
#477 = ORIENTED_EDGE('',*,*,#478,.T.);
#478 = EDGE_CURVE('',#479,#479,#481,.T.);
#479 = VERTEX_POINT('',#480);
#480 = CARTESIAN_POINT('',(-168.1,132.3,90.));
#481 = CIRCLE('',#482,2.4);
#482 = AXIS2_PLACEMENT_3D('',#483,#484,#485);
#483 = CARTESIAN_POINT('',(-170.5,132.3,90.));
#484 = DIRECTION('',(0.,-1.,2.2E-16));
#485 = DIRECTION('',(1.,0.,0.));
#486 = FACE_BOUND('',#487,.T.);
#487 = EDGE_LOOP('',(#488));
#488 = ORIENTED_EDGE('',*,*,#489,.T.);
#489 = EDGE_CURVE('',#490,#490,#492,.T.);
#490 = VERTEX_POINT('',#491);
#491 = CARTESIAN_POINT('',(-159.6,132.3,90.));
#492 = CIRCLE('',#493,2.4);
#493 = AXIS2_PLACEMENT_3D('',#494,#495,#496);
#494 = CARTESIAN_POINT('',(-162.,132.3,90.));
#495 = DIRECTION('',(0.,-1.,2.2E-16));
#496 = DIRECTION('',(1.,0.,0.));
#497 = FACE_BOUND('',#498,.T.);
#498 = EDGE_LOOP('',(#499));
#499 = ORIENTED_EDGE('',*,*,#500,.T.);
#500 = EDGE_CURVE('',#501,#501,#503,.T.);
#501 = VERTEX_POINT('',#502);
#502 = CARTESIAN_POINT('',(-18.1,132.3,104.));
#503 = CIRCLE('',#504,2.4);
#504 = AXIS2_PLACEMENT_3D('',#505,#506,#507);
#505 = CARTESIAN_POINT('',(-20.5,132.3,104.));
#506 = DIRECTION('',(0.,-1.,2.2E-16));
#507 = DIRECTION('',(1.,0.,0.));
#508 = FACE_BOUND('',#509,.T.);
#509 = EDGE_LOOP('',(#510));
#510 = ORIENTED_EDGE('',*,*,#511,.T.);
#511 = EDGE_CURVE('',#512,#512,#514,.T.);
#512 = VERTEX_POINT('',#513);
#513 = CARTESIAN_POINT('',(-18.1,132.3,120.));
#514 = CIRCLE('',#515,2.4);
#515 = AXIS2_PLACEMENT_3D('',#516,#517,#518);
#516 = CARTESIAN_POINT('',(-20.5,132.3,120.));
#517 = DIRECTION('',(0.,-1.,2.2E-16));
#518 = DIRECTION('',(1.,0.,0.));
#519 = PLANE('',#520);
#520 = AXIS2_PLACEMENT_3D('',#521,#522,#523);
#521 = CARTESIAN_POINT('',(-176.,132.3,86.8));
#522 = DIRECTION('',(0.,1.,0.));
#523 = DIRECTION('',(0.,0.,1.));
#524 = ADVANCED_FACE('',(#525,#559,#570,#581,#592),#603,.T.);
#525 = FACE_BOUND('',#526,.T.);
#526 = EDGE_LOOP('',(#527,#528,#534,#535,#543,#551,#557,#558));
#527 = ORIENTED_EDGE('',*,*,#470,.T.);
#528 = ORIENTED_EDGE('',*,*,#529,.F.);
#529 = EDGE_CURVE('',#261,#463,#530,.T.);
#530 = LINE('',#531,#532);
#531 = CARTESIAN_POINT('',(0.,129.3,86.8));
#532 = VECTOR('',#533,1.);
#533 = DIRECTION('',(0.,1.,0.));
#534 = ORIENTED_EDGE('',*,*,#268,.F.);
#535 = ORIENTED_EDGE('',*,*,#536,.F.);
#536 = EDGE_CURVE('',#537,#269,#539,.T.);
#537 = VERTEX_POINT('',#538);
#538 = CARTESIAN_POINT('',(-6.,105.3,86.8));
#539 = LINE('',#540,#541);
#540 = CARTESIAN_POINT('',(-6.,105.3,86.8));
#541 = VECTOR('',#542,1.);
#542 = DIRECTION('',(0.,1.,0.));
#543 = ORIENTED_EDGE('',*,*,#544,.F.);
#544 = EDGE_CURVE('',#545,#537,#547,.T.);
#545 = VERTEX_POINT('',#546);
#546 = CARTESIAN_POINT('',(-170.,105.3,86.8));
#547 = LINE('',#548,#549);
#548 = CARTESIAN_POINT('',(-170.,105.3,86.8));
#549 = VECTOR('',#550,1.);
#550 = DIRECTION('',(1.,0.,0.));
#551 = ORIENTED_EDGE('',*,*,#552,.T.);
#552 = EDGE_CURVE('',#545,#156,#553,.T.);
#553 = LINE('',#554,#555);
#554 = CARTESIAN_POINT('',(-170.,105.3,86.8));
#555 = VECTOR('',#556,1.);
#556 = DIRECTION('',(0.,1.,0.));
#557 = ORIENTED_EDGE('',*,*,#155,.F.);
#558 = ORIENTED_EDGE('',*,*,#125,.T.);
#559 = FACE_BOUND('',#560,.T.);
#560 = EDGE_LOOP('',(#561));
#561 = ORIENTED_EDGE('',*,*,#562,.F.);
#562 = EDGE_CURVE('',#563,#563,#565,.T.);
#563 = VERTEX_POINT('',#564);
#564 = CARTESIAN_POINT('',(-49.6,125.,86.8));
#565 = CIRCLE('',#566,2.4);
#566 = AXIS2_PLACEMENT_3D('',#567,#568,#569);
#567 = CARTESIAN_POINT('',(-52.,125.,86.8));
#568 = DIRECTION('',(0.,0.,-1.));
#569 = DIRECTION('',(1.,0.,0.));
#570 = FACE_BOUND('',#571,.T.);
#571 = EDGE_LOOP('',(#572));
#572 = ORIENTED_EDGE('',*,*,#573,.F.);
#573 = EDGE_CURVE('',#574,#574,#576,.T.);
#574 = VERTEX_POINT('',#575);
#575 = CARTESIAN_POINT('',(-85.6,125.,86.8));
#576 = CIRCLE('',#577,2.4);
#577 = AXIS2_PLACEMENT_3D('',#578,#579,#580);
#578 = CARTESIAN_POINT('',(-88.,125.,86.8));
#579 = DIRECTION('',(0.,0.,-1.));
#580 = DIRECTION('',(1.,0.,0.));
#581 = FACE_BOUND('',#582,.T.);
#582 = EDGE_LOOP('',(#583));
#583 = ORIENTED_EDGE('',*,*,#584,.F.);
#584 = EDGE_CURVE('',#585,#585,#587,.T.);
#585 = VERTEX_POINT('',#586);
#586 = CARTESIAN_POINT('',(-121.6,125.,86.8));
#587 = CIRCLE('',#588,2.4);
#588 = AXIS2_PLACEMENT_3D('',#589,#590,#591);
#589 = CARTESIAN_POINT('',(-124.,125.,86.8));
#590 = DIRECTION('',(0.,0.,-1.));
#591 = DIRECTION('',(1.,0.,0.));
#592 = FACE_BOUND('',#593,.T.);
#593 = EDGE_LOOP('',(#594));
#594 = ORIENTED_EDGE('',*,*,#595,.F.);
#595 = EDGE_CURVE('',#596,#596,#598,.T.);
#596 = VERTEX_POINT('',#597);
#597 = CARTESIAN_POINT('',(-157.6,125.,86.8));
#598 = CIRCLE('',#599,2.4);
#599 = AXIS2_PLACEMENT_3D('',#600,#601,#602);
#600 = CARTESIAN_POINT('',(-160.,125.,86.8));
#601 = DIRECTION('',(0.,0.,-1.));
#602 = DIRECTION('',(1.,0.,0.));
#603 = PLANE('',#604);
#604 = AXIS2_PLACEMENT_3D('',#605,#606,#607);
#605 = CARTESIAN_POINT('',(-88.,119.50935960591,86.8));
#606 = DIRECTION('',(-0.,-0.,-1.));
#607 = DIRECTION('',(-1.,0.,0.));
#608 = ADVANCED_FACE('',(#609),#643,.F.);
#609 = FACE_BOUND('',#610,.F.);
#610 = EDGE_LOOP('',(#611,#621,#627,#628,#629,#637));
#611 = ORIENTED_EDGE('',*,*,#612,.F.);
#612 = EDGE_CURVE('',#613,#615,#617,.T.);
#613 = VERTEX_POINT('',#614);
#614 = CARTESIAN_POINT('',(-170.,105.3,89.8));
#615 = VERTEX_POINT('',#616);
#616 = CARTESIAN_POINT('',(-170.,128.3,89.8));
#617 = LINE('',#618,#619);
#618 = CARTESIAN_POINT('',(-170.,105.3,89.8));
#619 = VECTOR('',#620,1.);
#620 = DIRECTION('',(0.,1.,0.));
#621 = ORIENTED_EDGE('',*,*,#622,.F.);
#622 = EDGE_CURVE('',#545,#613,#623,.T.);
#623 = LINE('',#624,#625);
#624 = CARTESIAN_POINT('',(-170.,105.3,86.8));
#625 = VECTOR('',#626,1.);
#626 = DIRECTION('',(0.,0.,1.));
#627 = ORIENTED_EDGE('',*,*,#552,.T.);
#628 = ORIENTED_EDGE('',*,*,#336,.F.);
#629 = ORIENTED_EDGE('',*,*,#630,.T.);
#630 = EDGE_CURVE('',#328,#631,#633,.T.);
#631 = VERTEX_POINT('',#632);
#632 = CARTESIAN_POINT('',(-170.,128.3,87.652661081139));
#633 = LINE('',#634,#635);
#634 = CARTESIAN_POINT('',(-170.,128.3,87.652661081139));
#635 = VECTOR('',#636,1.);
#636 = DIRECTION('',(0.,-1.,2.2E-16));
#637 = ORIENTED_EDGE('',*,*,#638,.T.);
#638 = EDGE_CURVE('',#631,#615,#639,.T.);
#639 = LINE('',#640,#641);
#640 = CARTESIAN_POINT('',(-170.,128.3,88.4));
#641 = VECTOR('',#642,1.);
#642 = DIRECTION('',(0.,2.2E-16,1.));
#643 = PLANE('',#644);
#644 = AXIS2_PLACEMENT_3D('',#645,#646,#647);
#645 = CARTESIAN_POINT('',(-170.,105.3,86.8));
#646 = DIRECTION('',(1.,0.,0.));
#647 = DIRECTION('',(0.,0.,1.));
#648 = ADVANCED_FACE('',(#649),#677,.F.);
#649 = FACE_BOUND('',#650,.T.);
#650 = EDGE_LOOP('',(#651,#652,#658,#659,#660,#661,#662,#671));
#651 = ORIENTED_EDGE('',*,*,#318,.T.);
#652 = ORIENTED_EDGE('',*,*,#653,.T.);
#653 = EDGE_CURVE('',#319,#479,#654,.T.);
#654 = LINE('',#655,#656);
#655 = CARTESIAN_POINT('',(-168.1,128.3,90.));
#656 = VECTOR('',#657,1.);
#657 = DIRECTION('',(0.,1.,0.));
#658 = ORIENTED_EDGE('',*,*,#478,.F.);
#659 = ORIENTED_EDGE('',*,*,#653,.F.);
#660 = ORIENTED_EDGE('',*,*,#327,.T.);
#661 = ORIENTED_EDGE('',*,*,#630,.T.);
#662 = ORIENTED_EDGE('',*,*,#663,.F.);
#663 = EDGE_CURVE('',#664,#631,#666,.T.);
#664 = VERTEX_POINT('',#665);
#665 = CARTESIAN_POINT('',(-168.1083478513,128.3,89.8));
#666 = CIRCLE('',#667,2.4);
#667 = AXIS2_PLACEMENT_3D('',#668,#669,#670);
#668 = CARTESIAN_POINT('',(-170.5,128.3,90.));
#669 = DIRECTION('',(-0.,1.,0.));
#670 = DIRECTION('',(1.,0.,0.));
#671 = ORIENTED_EDGE('',*,*,#672,.F.);
#672 = EDGE_CURVE('',#311,#664,#673,.T.);
#673 = LINE('',#674,#675);
#674 = CARTESIAN_POINT('',(-168.1083478513,128.3,89.8));
#675 = VECTOR('',#676,1.);
#676 = DIRECTION('',(0.,-1.,2.2E-16));
#677 = CYLINDRICAL_SURFACE('',#678,2.4);
#678 = AXIS2_PLACEMENT_3D('',#679,#680,#681);
#679 = CARTESIAN_POINT('',(-170.5,128.3,90.));
#680 = DIRECTION('',(-0.,-1.,0.));
#681 = DIRECTION('',(1.,0.,0.));
#682 = ADVANCED_FACE('',(#683,#731,#742,#753,#764),#775,.T.);
#683 = FACE_BOUND('',#684,.T.);
#684 = EDGE_LOOP('',(#685,#686,#694,#700,#701,#709,#717,#723,#724,#725)
  );
#685 = ORIENTED_EDGE('',*,*,#612,.F.);
#686 = ORIENTED_EDGE('',*,*,#687,.T.);
#687 = EDGE_CURVE('',#613,#688,#690,.T.);
#688 = VERTEX_POINT('',#689);
#689 = CARTESIAN_POINT('',(-6.,105.3,89.8));
#690 = LINE('',#691,#692);
#691 = CARTESIAN_POINT('',(-170.,105.3,89.8));
#692 = VECTOR('',#693,1.);
#693 = DIRECTION('',(1.,0.,0.));
#694 = ORIENTED_EDGE('',*,*,#695,.T.);
#695 = EDGE_CURVE('',#688,#277,#696,.T.);
#696 = LINE('',#697,#698);
#697 = CARTESIAN_POINT('',(-6.,105.3,89.8));
#698 = VECTOR('',#699,1.);
#699 = DIRECTION('',(0.,1.,0.));
#700 = ORIENTED_EDGE('',*,*,#284,.F.);
#701 = ORIENTED_EDGE('',*,*,#702,.T.);
#702 = EDGE_CURVE('',#285,#703,#705,.T.);
#703 = VERTEX_POINT('',#704);
#704 = CARTESIAN_POINT('',(-159.6083478513,128.3,89.8));
#705 = LINE('',#706,#707);
#706 = CARTESIAN_POINT('',(-159.6083478513,128.3,89.8));
#707 = VECTOR('',#708,1.);
#708 = DIRECTION('',(0.,-1.,2.2E-16));
#709 = ORIENTED_EDGE('',*,*,#710,.T.);
#710 = EDGE_CURVE('',#703,#711,#713,.T.);
#711 = VERTEX_POINT('',#712);
#712 = CARTESIAN_POINT('',(-164.3916521486,128.3,89.8));
#713 = LINE('',#714,#715);
#714 = CARTESIAN_POINT('',(-166.,128.3,89.8));
#715 = VECTOR('',#716,1.);
#716 = DIRECTION('',(-1.,0.,0.));
#717 = ORIENTED_EDGE('',*,*,#718,.F.);
#718 = EDGE_CURVE('',#302,#711,#719,.T.);
#719 = LINE('',#720,#721);
#720 = CARTESIAN_POINT('',(-164.3916521486,128.3,89.8));
#721 = VECTOR('',#722,1.);
#722 = DIRECTION('',(0.,-1.,2.2E-16));
#723 = ORIENTED_EDGE('',*,*,#310,.F.);
#724 = ORIENTED_EDGE('',*,*,#672,.T.);
#725 = ORIENTED_EDGE('',*,*,#726,.T.);
#726 = EDGE_CURVE('',#664,#615,#727,.T.);
#727 = LINE('',#728,#729);
#728 = CARTESIAN_POINT('',(-170.25,128.3,89.8));
#729 = VECTOR('',#730,1.);
#730 = DIRECTION('',(-1.,0.,0.));
#731 = FACE_BOUND('',#732,.T.);
#732 = EDGE_LOOP('',(#733));
#733 = ORIENTED_EDGE('',*,*,#734,.T.);
#734 = EDGE_CURVE('',#735,#735,#737,.T.);
#735 = VERTEX_POINT('',#736);
#736 = CARTESIAN_POINT('',(-157.6,125.,89.8));
#737 = CIRCLE('',#738,2.4);
#738 = AXIS2_PLACEMENT_3D('',#739,#740,#741);
#739 = CARTESIAN_POINT('',(-160.,125.,89.8));
#740 = DIRECTION('',(0.,0.,-1.));
#741 = DIRECTION('',(1.,0.,0.));
#742 = FACE_BOUND('',#743,.T.);
#743 = EDGE_LOOP('',(#744));
#744 = ORIENTED_EDGE('',*,*,#745,.T.);
#745 = EDGE_CURVE('',#746,#746,#748,.T.);
#746 = VERTEX_POINT('',#747);
#747 = CARTESIAN_POINT('',(-121.6,125.,89.8));
#748 = CIRCLE('',#749,2.4);
#749 = AXIS2_PLACEMENT_3D('',#750,#751,#752);
#750 = CARTESIAN_POINT('',(-124.,125.,89.8));
#751 = DIRECTION('',(0.,0.,-1.));
#752 = DIRECTION('',(1.,0.,0.));
#753 = FACE_BOUND('',#754,.T.);
#754 = EDGE_LOOP('',(#755));
#755 = ORIENTED_EDGE('',*,*,#756,.T.);
#756 = EDGE_CURVE('',#757,#757,#759,.T.);
#757 = VERTEX_POINT('',#758);
#758 = CARTESIAN_POINT('',(-85.6,125.,89.8));
#759 = CIRCLE('',#760,2.4);
#760 = AXIS2_PLACEMENT_3D('',#761,#762,#763);
#761 = CARTESIAN_POINT('',(-88.,125.,89.8));
#762 = DIRECTION('',(0.,0.,-1.));
#763 = DIRECTION('',(1.,0.,0.));
#764 = FACE_BOUND('',#765,.T.);
#765 = EDGE_LOOP('',(#766));
#766 = ORIENTED_EDGE('',*,*,#767,.T.);
#767 = EDGE_CURVE('',#768,#768,#770,.T.);
#768 = VERTEX_POINT('',#769);
#769 = CARTESIAN_POINT('',(-49.6,125.,89.8));
#770 = CIRCLE('',#771,2.4);
#771 = AXIS2_PLACEMENT_3D('',#772,#773,#774);
#772 = CARTESIAN_POINT('',(-52.,125.,89.8));
#773 = DIRECTION('',(0.,0.,-1.));
#774 = DIRECTION('',(1.,0.,0.));
#775 = PLANE('',#776);
#776 = AXIS2_PLACEMENT_3D('',#777,#778,#779);
#777 = CARTESIAN_POINT('',(-170.,105.3,89.8));
#778 = DIRECTION('',(0.,0.,1.));
#779 = DIRECTION('',(1.,0.,0.));
#780 = ADVANCED_FACE('',(#781),#802,.F.);
#781 = FACE_BOUND('',#782,.T.);
#782 = EDGE_LOOP('',(#783,#784,#790,#791,#792,#793,#794,#801));
#783 = ORIENTED_EDGE('',*,*,#292,.T.);
#784 = ORIENTED_EDGE('',*,*,#785,.T.);
#785 = EDGE_CURVE('',#293,#490,#786,.T.);
#786 = LINE('',#787,#788);
#787 = CARTESIAN_POINT('',(-159.6,128.3,90.));
#788 = VECTOR('',#789,1.);
#789 = DIRECTION('',(0.,1.,0.));
#790 = ORIENTED_EDGE('',*,*,#489,.F.);
#791 = ORIENTED_EDGE('',*,*,#785,.F.);
#792 = ORIENTED_EDGE('',*,*,#301,.T.);
#793 = ORIENTED_EDGE('',*,*,#718,.T.);
#794 = ORIENTED_EDGE('',*,*,#795,.F.);
#795 = EDGE_CURVE('',#703,#711,#796,.T.);
#796 = CIRCLE('',#797,2.4);
#797 = AXIS2_PLACEMENT_3D('',#798,#799,#800);
#798 = CARTESIAN_POINT('',(-162.,128.3,90.));
#799 = DIRECTION('',(-0.,1.,0.));
#800 = DIRECTION('',(1.,0.,0.));
#801 = ORIENTED_EDGE('',*,*,#702,.F.);
#802 = CYLINDRICAL_SURFACE('',#803,2.4);
#803 = AXIS2_PLACEMENT_3D('',#804,#805,#806);
#804 = CARTESIAN_POINT('',(-162.,128.3,90.));
#805 = DIRECTION('',(-0.,-1.,0.));
#806 = DIRECTION('',(1.,0.,0.));
#807 = ADVANCED_FACE('',(#808),#819,.T.);
#808 = FACE_BOUND('',#809,.T.);
#809 = EDGE_LOOP('',(#810,#811,#817,#818));
#810 = ORIENTED_EDGE('',*,*,#695,.F.);
#811 = ORIENTED_EDGE('',*,*,#812,.F.);
#812 = EDGE_CURVE('',#537,#688,#813,.T.);
#813 = LINE('',#814,#815);
#814 = CARTESIAN_POINT('',(-6.,105.3,86.8));
#815 = VECTOR('',#816,1.);
#816 = DIRECTION('',(0.,0.,1.));
#817 = ORIENTED_EDGE('',*,*,#536,.T.);
#818 = ORIENTED_EDGE('',*,*,#276,.F.);
#819 = PLANE('',#820);
#820 = AXIS2_PLACEMENT_3D('',#821,#822,#823);
#821 = CARTESIAN_POINT('',(-6.,105.3,86.8));
#822 = DIRECTION('',(1.,0.,0.));
#823 = DIRECTION('',(0.,0.,1.));
#824 = ADVANCED_FACE('',(#825),#836,.T.);
#825 = FACE_BOUND('',#826,.T.);
#826 = EDGE_LOOP('',(#827,#828,#829,#830));
#827 = ORIENTED_EDGE('',*,*,#260,.F.);
#828 = ORIENTED_EDGE('',*,*,#529,.T.);
#829 = ORIENTED_EDGE('',*,*,#462,.T.);
#830 = ORIENTED_EDGE('',*,*,#831,.F.);
#831 = EDGE_CURVE('',#253,#455,#832,.T.);
#832 = LINE('',#833,#834);
#833 = CARTESIAN_POINT('',(0.,129.3,244.));
#834 = VECTOR('',#835,1.);
#835 = DIRECTION('',(0.,1.,0.));
#836 = PLANE('',#837);
#837 = AXIS2_PLACEMENT_3D('',#838,#839,#840);
#838 = CARTESIAN_POINT('',(0.,129.3,86.8));
#839 = DIRECTION('',(1.,0.,0.));
#840 = DIRECTION('',(0.,0.,1.));
#841 = ADVANCED_FACE('',(#842,#903,#914),#925,.T.);
#842 = FACE_BOUND('',#843,.T.);
#843 = EDGE_LOOP('',(#844,#845,#853,#861,#869,#878,#886,#895,#901,#902)
  );
#844 = ORIENTED_EDGE('',*,*,#454,.F.);
#845 = ORIENTED_EDGE('',*,*,#846,.F.);
#846 = EDGE_CURVE('',#847,#447,#849,.T.);
#847 = VERTEX_POINT('',#848);
#848 = CARTESIAN_POINT('',(-36.,105.3,244.));
#849 = LINE('',#850,#851);
#850 = CARTESIAN_POINT('',(-36.,109.75467980295,244.));
#851 = VECTOR('',#852,1.);
#852 = DIRECTION('',(0.,1.,0.));
#853 = ORIENTED_EDGE('',*,*,#854,.T.);
#854 = EDGE_CURVE('',#847,#855,#857,.T.);
#855 = VERTEX_POINT('',#856);
#856 = CARTESIAN_POINT('',(-6.,105.3,244.));
#857 = LINE('',#858,#859);
#858 = CARTESIAN_POINT('',(-170.,105.3,244.));
#859 = VECTOR('',#860,1.);
#860 = DIRECTION('',(1.,0.,0.));
#861 = ORIENTED_EDGE('',*,*,#862,.T.);
#862 = EDGE_CURVE('',#855,#863,#865,.T.);
#863 = VERTEX_POINT('',#864);
#864 = CARTESIAN_POINT('',(-6.,109.47335008385,244.));
#865 = LINE('',#866,#867);
#866 = CARTESIAN_POINT('',(-6.,105.3,244.));
#867 = VECTOR('',#868,1.);
#868 = DIRECTION('',(0.,1.,0.));
#869 = ORIENTED_EDGE('',*,*,#870,.T.);
#870 = EDGE_CURVE('',#863,#871,#873,.T.);
#871 = VERTEX_POINT('',#872);
#872 = CARTESIAN_POINT('',(-6.,112.12664991614,244.));
#873 = CIRCLE('',#874,2.4);
#874 = AXIS2_PLACEMENT_3D('',#875,#876,#877);
#875 = CARTESIAN_POINT('',(-8.,110.8,244.));
#876 = DIRECTION('',(0.,0.,-1.));
#877 = DIRECTION('',(1.,0.,0.));
#878 = ORIENTED_EDGE('',*,*,#879,.T.);
#879 = EDGE_CURVE('',#871,#880,#882,.T.);
#880 = VERTEX_POINT('',#881);
#881 = CARTESIAN_POINT('',(-6.,121.47335008385,244.));
#882 = LINE('',#883,#884);
#883 = CARTESIAN_POINT('',(-6.,105.3,244.));
#884 = VECTOR('',#885,1.);
#885 = DIRECTION('',(0.,1.,0.));
#886 = ORIENTED_EDGE('',*,*,#887,.T.);
#887 = EDGE_CURVE('',#880,#888,#890,.T.);
#888 = VERTEX_POINT('',#889);
#889 = CARTESIAN_POINT('',(-6.,124.12664991614,244.));
#890 = CIRCLE('',#891,2.4);
#891 = AXIS2_PLACEMENT_3D('',#892,#893,#894);
#892 = CARTESIAN_POINT('',(-8.,122.8,244.));
#893 = DIRECTION('',(0.,0.,-1.));
#894 = DIRECTION('',(1.,0.,0.));
#895 = ORIENTED_EDGE('',*,*,#896,.T.);
#896 = EDGE_CURVE('',#888,#245,#897,.T.);
#897 = LINE('',#898,#899);
#898 = CARTESIAN_POINT('',(-6.,105.3,244.));
#899 = VECTOR('',#900,1.);
#900 = DIRECTION('',(0.,1.,0.));
#901 = ORIENTED_EDGE('',*,*,#252,.T.);
#902 = ORIENTED_EDGE('',*,*,#831,.T.);
#903 = FACE_BOUND('',#904,.T.);
#904 = EDGE_LOOP('',(#905));
#905 = ORIENTED_EDGE('',*,*,#906,.T.);
#906 = EDGE_CURVE('',#907,#907,#909,.T.);
#907 = VERTEX_POINT('',#908);
#908 = CARTESIAN_POINT('',(-15.6,110.8,244.));
#909 = CIRCLE('',#910,2.4);
#910 = AXIS2_PLACEMENT_3D('',#911,#912,#913);
#911 = CARTESIAN_POINT('',(-18.,110.8,244.));
#912 = DIRECTION('',(0.,0.,-1.));
#913 = DIRECTION('',(1.,0.,0.));
#914 = FACE_BOUND('',#915,.T.);
#915 = EDGE_LOOP('',(#916));
#916 = ORIENTED_EDGE('',*,*,#917,.T.);
#917 = EDGE_CURVE('',#918,#918,#920,.T.);
#918 = VERTEX_POINT('',#919);
#919 = CARTESIAN_POINT('',(-15.6,122.8,244.));
#920 = CIRCLE('',#921,2.4);
#921 = AXIS2_PLACEMENT_3D('',#922,#923,#924);
#922 = CARTESIAN_POINT('',(-18.,122.8,244.));
#923 = DIRECTION('',(0.,0.,-1.));
#924 = DIRECTION('',(1.,0.,0.));
#925 = PLANE('',#926);
#926 = AXIS2_PLACEMENT_3D('',#927,#928,#929);
#927 = CARTESIAN_POINT('',(-88.,119.50935960591,244.));
#928 = DIRECTION('',(0.,0.,1.));
#929 = DIRECTION('',(1.,0.,0.));
#930 = ADVANCED_FACE('',(#931),#949,.T.);
#931 = FACE_BOUND('',#932,.T.);
#932 = EDGE_LOOP('',(#933,#934,#942,#948));
#933 = ORIENTED_EDGE('',*,*,#896,.F.);
#934 = ORIENTED_EDGE('',*,*,#935,.T.);
#935 = EDGE_CURVE('',#888,#936,#938,.T.);
#936 = VERTEX_POINT('',#937);
#937 = CARTESIAN_POINT('',(-6.,124.12664991614,241.));
#938 = LINE('',#939,#940);
#939 = CARTESIAN_POINT('',(-6.,124.12664991614,240.));
#940 = VECTOR('',#941,1.);
#941 = DIRECTION('',(-0.,-0.,-1.));
#942 = ORIENTED_EDGE('',*,*,#943,.T.);
#943 = EDGE_CURVE('',#936,#237,#944,.T.);
#944 = LINE('',#945,#946);
#945 = CARTESIAN_POINT('',(-6.,105.3,241.));
#946 = VECTOR('',#947,1.);
#947 = DIRECTION('',(0.,1.,0.));
#948 = ORIENTED_EDGE('',*,*,#244,.F.);
#949 = PLANE('',#950);
#950 = AXIS2_PLACEMENT_3D('',#951,#952,#953);
#951 = CARTESIAN_POINT('',(-6.,105.3,241.));
#952 = DIRECTION('',(1.,0.,0.));
#953 = DIRECTION('',(0.,0.,1.));
#954 = ADVANCED_FACE('',(#955,#1007,#1018),#1029,.F.);
#955 = FACE_BOUND('',#956,.F.);
#956 = EDGE_LOOP('',(#957,#965,#973,#981,#990,#998,#1005,#1006));
#957 = ORIENTED_EDGE('',*,*,#958,.F.);
#958 = EDGE_CURVE('',#959,#229,#961,.T.);
#959 = VERTEX_POINT('',#960);
#960 = CARTESIAN_POINT('',(-36.,105.3,241.));
#961 = LINE('',#962,#963);
#962 = CARTESIAN_POINT('',(-36.,102.65,241.));
#963 = VECTOR('',#964,1.);
#964 = DIRECTION('',(0.,1.,0.));
#965 = ORIENTED_EDGE('',*,*,#966,.T.);
#966 = EDGE_CURVE('',#959,#967,#969,.T.);
#967 = VERTEX_POINT('',#968);
#968 = CARTESIAN_POINT('',(-6.,105.3,241.));
#969 = LINE('',#970,#971);
#970 = CARTESIAN_POINT('',(-170.,105.3,241.));
#971 = VECTOR('',#972,1.);
#972 = DIRECTION('',(1.,0.,0.));
#973 = ORIENTED_EDGE('',*,*,#974,.T.);
#974 = EDGE_CURVE('',#967,#975,#977,.T.);
#975 = VERTEX_POINT('',#976);
#976 = CARTESIAN_POINT('',(-6.,109.47335008385,241.));
#977 = LINE('',#978,#979);
#978 = CARTESIAN_POINT('',(-6.,105.3,241.));
#979 = VECTOR('',#980,1.);
#980 = DIRECTION('',(0.,1.,0.));
#981 = ORIENTED_EDGE('',*,*,#982,.T.);
#982 = EDGE_CURVE('',#975,#983,#985,.T.);
#983 = VERTEX_POINT('',#984);
#984 = CARTESIAN_POINT('',(-6.,112.12664991614,241.));
#985 = CIRCLE('',#986,2.4);
#986 = AXIS2_PLACEMENT_3D('',#987,#988,#989);
#987 = CARTESIAN_POINT('',(-8.,110.8,241.));
#988 = DIRECTION('',(0.,0.,-1.));
#989 = DIRECTION('',(1.,0.,0.));
#990 = ORIENTED_EDGE('',*,*,#991,.T.);
#991 = EDGE_CURVE('',#983,#992,#994,.T.);
#992 = VERTEX_POINT('',#993);
#993 = CARTESIAN_POINT('',(-6.,121.47335008385,241.));
#994 = LINE('',#995,#996);
#995 = CARTESIAN_POINT('',(-6.,105.3,241.));
#996 = VECTOR('',#997,1.);
#997 = DIRECTION('',(0.,1.,0.));
#998 = ORIENTED_EDGE('',*,*,#999,.T.);
#999 = EDGE_CURVE('',#992,#936,#1000,.T.);
#1000 = CIRCLE('',#1001,2.4);
#1001 = AXIS2_PLACEMENT_3D('',#1002,#1003,#1004);
#1002 = CARTESIAN_POINT('',(-8.,122.8,241.));
#1003 = DIRECTION('',(0.,0.,-1.));
#1004 = DIRECTION('',(1.,0.,0.));
#1005 = ORIENTED_EDGE('',*,*,#943,.T.);
#1006 = ORIENTED_EDGE('',*,*,#236,.F.);
#1007 = FACE_BOUND('',#1008,.F.);
#1008 = EDGE_LOOP('',(#1009));
#1009 = ORIENTED_EDGE('',*,*,#1010,.T.);
#1010 = EDGE_CURVE('',#1011,#1011,#1013,.T.);
#1011 = VERTEX_POINT('',#1012);
#1012 = CARTESIAN_POINT('',(-15.6,110.8,241.));
#1013 = CIRCLE('',#1014,2.4);
#1014 = AXIS2_PLACEMENT_3D('',#1015,#1016,#1017);
#1015 = CARTESIAN_POINT('',(-18.,110.8,241.));
#1016 = DIRECTION('',(0.,0.,-1.));
#1017 = DIRECTION('',(1.,0.,0.));
#1018 = FACE_BOUND('',#1019,.F.);
#1019 = EDGE_LOOP('',(#1020));
#1020 = ORIENTED_EDGE('',*,*,#1021,.T.);
#1021 = EDGE_CURVE('',#1022,#1022,#1024,.T.);
#1022 = VERTEX_POINT('',#1023);
#1023 = CARTESIAN_POINT('',(-15.6,122.8,241.));
#1024 = CIRCLE('',#1025,2.4);
#1025 = AXIS2_PLACEMENT_3D('',#1026,#1027,#1028);
#1026 = CARTESIAN_POINT('',(-18.,122.8,241.));
#1027 = DIRECTION('',(0.,0.,-1.));
#1028 = DIRECTION('',(1.,0.,0.));
#1029 = PLANE('',#1030);
#1030 = AXIS2_PLACEMENT_3D('',#1031,#1032,#1033);
#1031 = CARTESIAN_POINT('',(-170.,105.3,241.));
#1032 = DIRECTION('',(0.,0.,1.));
#1033 = DIRECTION('',(1.,0.,0.));
#1034 = ADVANCED_FACE('',(#1035),#1053,.F.);
#1035 = FACE_BOUND('',#1036,.F.);
#1036 = EDGE_LOOP('',(#1037,#1043,#1044,#1045,#1051,#1052));
#1037 = ORIENTED_EDGE('',*,*,#1038,.T.);
#1038 = EDGE_CURVE('',#221,#439,#1039,.T.);
#1039 = LINE('',#1040,#1041);
#1040 = CARTESIAN_POINT('',(-36.,112.4,98.));
#1041 = VECTOR('',#1042,1.);
#1042 = DIRECTION('',(0.,1.,0.));
#1043 = ORIENTED_EDGE('',*,*,#446,.F.);
#1044 = ORIENTED_EDGE('',*,*,#846,.F.);
#1045 = ORIENTED_EDGE('',*,*,#1046,.T.);
#1046 = EDGE_CURVE('',#847,#959,#1047,.T.);
#1047 = LINE('',#1048,#1049);
#1048 = CARTESIAN_POINT('',(-36.,105.3,168.));
#1049 = VECTOR('',#1050,1.);
#1050 = DIRECTION('',(0.,0.,-1.));
#1051 = ORIENTED_EDGE('',*,*,#958,.T.);
#1052 = ORIENTED_EDGE('',*,*,#228,.T.);
#1053 = PLANE('',#1054);
#1054 = AXIS2_PLACEMENT_3D('',#1055,#1056,#1057);
#1055 = CARTESIAN_POINT('',(-36.,100.,95.));
#1056 = DIRECTION('',(1.,0.,0.));
#1057 = DIRECTION('',(0.,0.,1.));
#1058 = ADVANCED_FACE('',(#1059),#1070,.F.);
#1059 = FACE_BOUND('',#1060,.F.);
#1060 = EDGE_LOOP('',(#1061,#1062,#1063,#1064));
#1061 = ORIENTED_EDGE('',*,*,#438,.F.);
#1062 = ORIENTED_EDGE('',*,*,#1038,.F.);
#1063 = ORIENTED_EDGE('',*,*,#220,.T.);
#1064 = ORIENTED_EDGE('',*,*,#1065,.T.);
#1065 = EDGE_CURVE('',#213,#431,#1066,.T.);
#1066 = LINE('',#1067,#1068);
#1067 = CARTESIAN_POINT('',(-26.,124.8,98.));
#1068 = VECTOR('',#1069,1.);
#1069 = DIRECTION('',(0.,1.,0.));
#1070 = PLANE('',#1071);
#1071 = AXIS2_PLACEMENT_3D('',#1072,#1073,#1074);
#1072 = CARTESIAN_POINT('',(-172.,124.8,98.));
#1073 = DIRECTION('',(0.,0.,1.));
#1074 = DIRECTION('',(1.,0.,0.));
#1075 = ADVANCED_FACE('',(#1076),#1087,.F.);
#1076 = FACE_BOUND('',#1077,.F.);
#1077 = EDGE_LOOP('',(#1078,#1079,#1080,#1086));
#1078 = ORIENTED_EDGE('',*,*,#1065,.F.);
#1079 = ORIENTED_EDGE('',*,*,#212,.T.);
#1080 = ORIENTED_EDGE('',*,*,#1081,.T.);
#1081 = EDGE_CURVE('',#205,#423,#1082,.T.);
#1082 = LINE('',#1083,#1084);
#1083 = CARTESIAN_POINT('',(-26.,124.8,93.5));
#1084 = VECTOR('',#1085,1.);
#1085 = DIRECTION('',(0.,1.,0.));
#1086 = ORIENTED_EDGE('',*,*,#430,.F.);
#1087 = PLANE('',#1088);
#1088 = AXIS2_PLACEMENT_3D('',#1089,#1090,#1091);
#1089 = CARTESIAN_POINT('',(-26.,124.8,93.5));
#1090 = DIRECTION('',(1.,0.,0.));
#1091 = DIRECTION('',(0.,0.,1.));
#1092 = ADVANCED_FACE('',(#1093),#1104,.T.);
#1093 = FACE_BOUND('',#1094,.T.);
#1094 = EDGE_LOOP('',(#1095,#1101,#1102,#1103));
#1095 = ORIENTED_EDGE('',*,*,#1096,.F.);
#1096 = EDGE_CURVE('',#197,#415,#1097,.T.);
#1097 = LINE('',#1098,#1099);
#1098 = CARTESIAN_POINT('',(-172.,124.8,93.5));
#1099 = VECTOR('',#1100,1.);
#1100 = DIRECTION('',(0.,1.,0.));
#1101 = ORIENTED_EDGE('',*,*,#204,.T.);
#1102 = ORIENTED_EDGE('',*,*,#1081,.T.);
#1103 = ORIENTED_EDGE('',*,*,#422,.F.);
#1104 = PLANE('',#1105);
#1105 = AXIS2_PLACEMENT_3D('',#1106,#1107,#1108);
#1106 = CARTESIAN_POINT('',(-172.,124.8,93.5));
#1107 = DIRECTION('',(0.,0.,1.));
#1108 = DIRECTION('',(1.,0.,0.));
#1109 = ADVANCED_FACE('',(#1110),#1121,.T.);
#1110 = FACE_BOUND('',#1111,.T.);
#1111 = EDGE_LOOP('',(#1112,#1118,#1119,#1120));
#1112 = ORIENTED_EDGE('',*,*,#1113,.F.);
#1113 = EDGE_CURVE('',#189,#407,#1114,.T.);
#1114 = LINE('',#1115,#1116);
#1115 = CARTESIAN_POINT('',(-172.,124.8,98.));
#1116 = VECTOR('',#1117,1.);
#1117 = DIRECTION('',(0.,1.,0.));
#1118 = ORIENTED_EDGE('',*,*,#196,.T.);
#1119 = ORIENTED_EDGE('',*,*,#1096,.T.);
#1120 = ORIENTED_EDGE('',*,*,#414,.F.);
#1121 = PLANE('',#1122);
#1122 = AXIS2_PLACEMENT_3D('',#1123,#1124,#1125);
#1123 = CARTESIAN_POINT('',(-172.,124.8,93.5));
#1124 = DIRECTION('',(1.,0.,0.));
#1125 = DIRECTION('',(0.,0.,1.));
#1126 = ADVANCED_FACE('',(#1127),#1138,.F.);
#1127 = FACE_BOUND('',#1128,.F.);
#1128 = EDGE_LOOP('',(#1129,#1130,#1131,#1132));
#1129 = ORIENTED_EDGE('',*,*,#406,.F.);
#1130 = ORIENTED_EDGE('',*,*,#1113,.F.);
#1131 = ORIENTED_EDGE('',*,*,#188,.T.);
#1132 = ORIENTED_EDGE('',*,*,#1133,.T.);
#1133 = EDGE_CURVE('',#181,#399,#1134,.T.);
#1134 = LINE('',#1135,#1136);
#1135 = CARTESIAN_POINT('',(-170.,112.4,98.));
#1136 = VECTOR('',#1137,1.);
#1137 = DIRECTION('',(0.,1.,0.));
#1138 = PLANE('',#1139);
#1139 = AXIS2_PLACEMENT_3D('',#1140,#1141,#1142);
#1140 = CARTESIAN_POINT('',(-172.,124.8,98.));
#1141 = DIRECTION('',(0.,0.,1.));
#1142 = DIRECTION('',(1.,0.,0.));
#1143 = ADVANCED_FACE('',(#1144),#1151,.T.);
#1144 = FACE_BOUND('',#1145,.T.);
#1145 = EDGE_LOOP('',(#1146,#1147,#1148,#1149,#1150));
#1146 = ORIENTED_EDGE('',*,*,#1133,.T.);
#1147 = ORIENTED_EDGE('',*,*,#398,.F.);
#1148 = ORIENTED_EDGE('',*,*,#382,.F.);
#1149 = ORIENTED_EDGE('',*,*,#172,.T.);
#1150 = ORIENTED_EDGE('',*,*,#180,.T.);
#1151 = PLANE('',#1152);
#1152 = AXIS2_PLACEMENT_3D('',#1153,#1154,#1155);
#1153 = CARTESIAN_POINT('',(-170.,100.,95.));
#1154 = DIRECTION('',(1.,0.,0.));
#1155 = DIRECTION('',(0.,0.,1.));
#1156 = ADVANCED_FACE('',(#1157),#1168,.F.);
#1157 = FACE_BOUND('',#1158,.T.);
#1158 = EDGE_LOOP('',(#1159,#1160,#1166,#1167));
#1159 = ORIENTED_EDGE('',*,*,#344,.T.);
#1160 = ORIENTED_EDGE('',*,*,#1161,.T.);
#1161 = EDGE_CURVE('',#345,#501,#1162,.T.);
#1162 = LINE('',#1163,#1164);
#1163 = CARTESIAN_POINT('',(-18.1,128.3,104.));
#1164 = VECTOR('',#1165,1.);
#1165 = DIRECTION('',(0.,1.,0.));
#1166 = ORIENTED_EDGE('',*,*,#500,.F.);
#1167 = ORIENTED_EDGE('',*,*,#1161,.F.);
#1168 = CYLINDRICAL_SURFACE('',#1169,2.4);
#1169 = AXIS2_PLACEMENT_3D('',#1170,#1171,#1172);
#1170 = CARTESIAN_POINT('',(-20.5,128.3,104.));
#1171 = DIRECTION('',(-0.,-1.,0.));
#1172 = DIRECTION('',(1.,0.,0.));
#1173 = ADVANCED_FACE('',(#1174),#1185,.F.);
#1174 = FACE_BOUND('',#1175,.T.);
#1175 = EDGE_LOOP('',(#1176,#1177,#1183,#1184));
#1176 = ORIENTED_EDGE('',*,*,#355,.T.);
#1177 = ORIENTED_EDGE('',*,*,#1178,.T.);
#1178 = EDGE_CURVE('',#356,#512,#1179,.T.);
#1179 = LINE('',#1180,#1181);
#1180 = CARTESIAN_POINT('',(-18.1,128.3,120.));
#1181 = VECTOR('',#1182,1.);
#1182 = DIRECTION('',(0.,1.,0.));
#1183 = ORIENTED_EDGE('',*,*,#511,.F.);
#1184 = ORIENTED_EDGE('',*,*,#1178,.F.);
#1185 = CYLINDRICAL_SURFACE('',#1186,2.4);
#1186 = AXIS2_PLACEMENT_3D('',#1187,#1188,#1189);
#1187 = CARTESIAN_POINT('',(-20.5,128.3,120.));
#1188 = DIRECTION('',(-0.,-1.,0.));
#1189 = DIRECTION('',(1.,0.,0.));
#1190 = ADVANCED_FACE('',(#1191),#1197,.F.);
#1191 = FACE_BOUND('',#1192,.F.);
#1192 = EDGE_LOOP('',(#1193,#1194,#1195,#1196));
#1193 = ORIENTED_EDGE('',*,*,#544,.F.);
#1194 = ORIENTED_EDGE('',*,*,#622,.T.);
#1195 = ORIENTED_EDGE('',*,*,#687,.T.);
#1196 = ORIENTED_EDGE('',*,*,#812,.F.);
#1197 = PLANE('',#1198);
#1198 = AXIS2_PLACEMENT_3D('',#1199,#1200,#1201);
#1199 = CARTESIAN_POINT('',(-170.,105.3,86.8));
#1200 = DIRECTION('',(0.,1.,0.));
#1201 = DIRECTION('',(0.,0.,1.));
#1202 = ADVANCED_FACE('',(#1203),#1214,.F.);
#1203 = FACE_BOUND('',#1204,.T.);
#1204 = EDGE_LOOP('',(#1205,#1206,#1212,#1213));
#1205 = ORIENTED_EDGE('',*,*,#562,.T.);
#1206 = ORIENTED_EDGE('',*,*,#1207,.T.);
#1207 = EDGE_CURVE('',#563,#768,#1208,.T.);
#1208 = LINE('',#1209,#1210);
#1209 = CARTESIAN_POINT('',(-49.6,125.,85.8));
#1210 = VECTOR('',#1211,1.);
#1211 = DIRECTION('',(0.,0.,1.));
#1212 = ORIENTED_EDGE('',*,*,#767,.F.);
#1213 = ORIENTED_EDGE('',*,*,#1207,.F.);
#1214 = CYLINDRICAL_SURFACE('',#1215,2.4);
#1215 = AXIS2_PLACEMENT_3D('',#1216,#1217,#1218);
#1216 = CARTESIAN_POINT('',(-52.,125.,85.8));
#1217 = DIRECTION('',(-0.,-0.,-1.));
#1218 = DIRECTION('',(1.,0.,0.));
#1219 = ADVANCED_FACE('',(#1220),#1231,.F.);
#1220 = FACE_BOUND('',#1221,.T.);
#1221 = EDGE_LOOP('',(#1222,#1223,#1229,#1230));
#1222 = ORIENTED_EDGE('',*,*,#573,.T.);
#1223 = ORIENTED_EDGE('',*,*,#1224,.T.);
#1224 = EDGE_CURVE('',#574,#757,#1225,.T.);
#1225 = LINE('',#1226,#1227);
#1226 = CARTESIAN_POINT('',(-85.6,125.,85.8));
#1227 = VECTOR('',#1228,1.);
#1228 = DIRECTION('',(0.,0.,1.));
#1229 = ORIENTED_EDGE('',*,*,#756,.F.);
#1230 = ORIENTED_EDGE('',*,*,#1224,.F.);
#1231 = CYLINDRICAL_SURFACE('',#1232,2.4);
#1232 = AXIS2_PLACEMENT_3D('',#1233,#1234,#1235);
#1233 = CARTESIAN_POINT('',(-88.,125.,85.8));
#1234 = DIRECTION('',(-0.,-0.,-1.));
#1235 = DIRECTION('',(1.,0.,0.));
#1236 = ADVANCED_FACE('',(#1237),#1248,.F.);
#1237 = FACE_BOUND('',#1238,.T.);
#1238 = EDGE_LOOP('',(#1239,#1240,#1246,#1247));
#1239 = ORIENTED_EDGE('',*,*,#584,.T.);
#1240 = ORIENTED_EDGE('',*,*,#1241,.T.);
#1241 = EDGE_CURVE('',#585,#746,#1242,.T.);
#1242 = LINE('',#1243,#1244);
#1243 = CARTESIAN_POINT('',(-121.6,125.,85.8));
#1244 = VECTOR('',#1245,1.);
#1245 = DIRECTION('',(0.,0.,1.));
#1246 = ORIENTED_EDGE('',*,*,#745,.F.);
#1247 = ORIENTED_EDGE('',*,*,#1241,.F.);
#1248 = CYLINDRICAL_SURFACE('',#1249,2.4);
#1249 = AXIS2_PLACEMENT_3D('',#1250,#1251,#1252);
#1250 = CARTESIAN_POINT('',(-124.,125.,85.8));
#1251 = DIRECTION('',(-0.,-0.,-1.));
#1252 = DIRECTION('',(1.,0.,0.));
#1253 = ADVANCED_FACE('',(#1254),#1265,.F.);
#1254 = FACE_BOUND('',#1255,.T.);
#1255 = EDGE_LOOP('',(#1256,#1257,#1263,#1264));
#1256 = ORIENTED_EDGE('',*,*,#595,.T.);
#1257 = ORIENTED_EDGE('',*,*,#1258,.T.);
#1258 = EDGE_CURVE('',#596,#735,#1259,.T.);
#1259 = LINE('',#1260,#1261);
#1260 = CARTESIAN_POINT('',(-157.6,125.,85.8));
#1261 = VECTOR('',#1262,1.);
#1262 = DIRECTION('',(0.,0.,1.));
#1263 = ORIENTED_EDGE('',*,*,#734,.F.);
#1264 = ORIENTED_EDGE('',*,*,#1258,.F.);
#1265 = CYLINDRICAL_SURFACE('',#1266,2.4);
#1266 = AXIS2_PLACEMENT_3D('',#1267,#1268,#1269);
#1267 = CARTESIAN_POINT('',(-160.,125.,85.8));
#1268 = DIRECTION('',(-0.,-0.,-1.));
#1269 = DIRECTION('',(1.,0.,0.));
#1270 = ADVANCED_FACE('',(#1271),#1276,.T.);
#1271 = FACE_BOUND('',#1272,.T.);
#1272 = EDGE_LOOP('',(#1273,#1274,#1275));
#1273 = ORIENTED_EDGE('',*,*,#726,.F.);
#1274 = ORIENTED_EDGE('',*,*,#663,.T.);
#1275 = ORIENTED_EDGE('',*,*,#638,.T.);
#1276 = PLANE('',#1277);
#1277 = AXIS2_PLACEMENT_3D('',#1278,#1279,#1280);
#1278 = CARTESIAN_POINT('',(-170.5,128.3,90.));
#1279 = DIRECTION('',(0.,1.,0.));
#1280 = DIRECTION('',(1.,0.,0.));
#1281 = ADVANCED_FACE('',(#1282),#1286,.T.);
#1282 = FACE_BOUND('',#1283,.T.);
#1283 = EDGE_LOOP('',(#1284,#1285));
#1284 = ORIENTED_EDGE('',*,*,#710,.F.);
#1285 = ORIENTED_EDGE('',*,*,#795,.T.);
#1286 = PLANE('',#1287);
#1287 = AXIS2_PLACEMENT_3D('',#1288,#1289,#1290);
#1288 = CARTESIAN_POINT('',(-162.,128.3,90.));
#1289 = DIRECTION('',(0.,1.,0.));
#1290 = DIRECTION('',(1.,0.,0.));
#1291 = ADVANCED_FACE('',(#1292),#1303,.F.);
#1292 = FACE_BOUND('',#1293,.T.);
#1293 = EDGE_LOOP('',(#1294,#1295,#1296,#1302));
#1294 = ORIENTED_EDGE('',*,*,#935,.F.);
#1295 = ORIENTED_EDGE('',*,*,#887,.F.);
#1296 = ORIENTED_EDGE('',*,*,#1297,.T.);
#1297 = EDGE_CURVE('',#880,#992,#1298,.T.);
#1298 = LINE('',#1299,#1300);
#1299 = CARTESIAN_POINT('',(-6.,121.47335008385,240.));
#1300 = VECTOR('',#1301,1.);
#1301 = DIRECTION('',(-0.,-0.,-1.));
#1302 = ORIENTED_EDGE('',*,*,#999,.T.);
#1303 = CYLINDRICAL_SURFACE('',#1304,2.4);
#1304 = AXIS2_PLACEMENT_3D('',#1305,#1306,#1307);
#1305 = CARTESIAN_POINT('',(-8.,122.8,240.));
#1306 = DIRECTION('',(-0.,-0.,-1.));
#1307 = DIRECTION('',(1.,0.,0.));
#1308 = ADVANCED_FACE('',(#1309),#1320,.T.);
#1309 = FACE_BOUND('',#1310,.T.);
#1310 = EDGE_LOOP('',(#1311,#1312,#1318,#1319));
#1311 = ORIENTED_EDGE('',*,*,#879,.F.);
#1312 = ORIENTED_EDGE('',*,*,#1313,.T.);
#1313 = EDGE_CURVE('',#871,#983,#1314,.T.);
#1314 = LINE('',#1315,#1316);
#1315 = CARTESIAN_POINT('',(-6.,112.12664991614,240.));
#1316 = VECTOR('',#1317,1.);
#1317 = DIRECTION('',(-0.,-0.,-1.));
#1318 = ORIENTED_EDGE('',*,*,#991,.T.);
#1319 = ORIENTED_EDGE('',*,*,#1297,.F.);
#1320 = PLANE('',#1321);
#1321 = AXIS2_PLACEMENT_3D('',#1322,#1323,#1324);
#1322 = CARTESIAN_POINT('',(-6.,105.3,241.));
#1323 = DIRECTION('',(1.,0.,0.));
#1324 = DIRECTION('',(0.,0.,1.));
#1325 = ADVANCED_FACE('',(#1326),#1337,.F.);
#1326 = FACE_BOUND('',#1327,.T.);
#1327 = EDGE_LOOP('',(#1328,#1329,#1330,#1336));
#1328 = ORIENTED_EDGE('',*,*,#1313,.F.);
#1329 = ORIENTED_EDGE('',*,*,#870,.F.);
#1330 = ORIENTED_EDGE('',*,*,#1331,.T.);
#1331 = EDGE_CURVE('',#863,#975,#1332,.T.);
#1332 = LINE('',#1333,#1334);
#1333 = CARTESIAN_POINT('',(-6.,109.47335008385,240.));
#1334 = VECTOR('',#1335,1.);
#1335 = DIRECTION('',(-0.,-0.,-1.));
#1336 = ORIENTED_EDGE('',*,*,#982,.T.);
#1337 = CYLINDRICAL_SURFACE('',#1338,2.4);
#1338 = AXIS2_PLACEMENT_3D('',#1339,#1340,#1341);
#1339 = CARTESIAN_POINT('',(-8.,110.8,240.));
#1340 = DIRECTION('',(-0.,-0.,-1.));
#1341 = DIRECTION('',(1.,0.,0.));
#1342 = ADVANCED_FACE('',(#1343),#1354,.T.);
#1343 = FACE_BOUND('',#1344,.T.);
#1344 = EDGE_LOOP('',(#1345,#1346,#1352,#1353));
#1345 = ORIENTED_EDGE('',*,*,#862,.F.);
#1346 = ORIENTED_EDGE('',*,*,#1347,.F.);
#1347 = EDGE_CURVE('',#967,#855,#1348,.T.);
#1348 = LINE('',#1349,#1350);
#1349 = CARTESIAN_POINT('',(-6.,105.3,241.));
#1350 = VECTOR('',#1351,1.);
#1351 = DIRECTION('',(0.,0.,1.));
#1352 = ORIENTED_EDGE('',*,*,#974,.T.);
#1353 = ORIENTED_EDGE('',*,*,#1331,.F.);
#1354 = PLANE('',#1355);
#1355 = AXIS2_PLACEMENT_3D('',#1356,#1357,#1358);
#1356 = CARTESIAN_POINT('',(-6.,105.3,241.));
#1357 = DIRECTION('',(1.,0.,0.));
#1358 = DIRECTION('',(0.,0.,1.));
#1359 = ADVANCED_FACE('',(#1360),#1366,.F.);
#1360 = FACE_BOUND('',#1361,.F.);
#1361 = EDGE_LOOP('',(#1362,#1363,#1364,#1365));
#1362 = ORIENTED_EDGE('',*,*,#966,.F.);
#1363 = ORIENTED_EDGE('',*,*,#1046,.F.);
#1364 = ORIENTED_EDGE('',*,*,#854,.T.);
#1365 = ORIENTED_EDGE('',*,*,#1347,.F.);
#1366 = PLANE('',#1367);
#1367 = AXIS2_PLACEMENT_3D('',#1368,#1369,#1370);
#1368 = CARTESIAN_POINT('',(-170.,105.3,241.));
#1369 = DIRECTION('',(0.,1.,0.));
#1370 = DIRECTION('',(0.,0.,1.));
#1371 = ADVANCED_FACE('',(#1372),#1383,.F.);
#1372 = FACE_BOUND('',#1373,.T.);
#1373 = EDGE_LOOP('',(#1374,#1375,#1381,#1382));
#1374 = ORIENTED_EDGE('',*,*,#1010,.T.);
#1375 = ORIENTED_EDGE('',*,*,#1376,.T.);
#1376 = EDGE_CURVE('',#1011,#907,#1377,.T.);
#1377 = LINE('',#1378,#1379);
#1378 = CARTESIAN_POINT('',(-15.6,110.8,240.));
#1379 = VECTOR('',#1380,1.);
#1380 = DIRECTION('',(0.,0.,1.));
#1381 = ORIENTED_EDGE('',*,*,#906,.F.);
#1382 = ORIENTED_EDGE('',*,*,#1376,.F.);
#1383 = CYLINDRICAL_SURFACE('',#1384,2.4);
#1384 = AXIS2_PLACEMENT_3D('',#1385,#1386,#1387);
#1385 = CARTESIAN_POINT('',(-18.,110.8,240.));
#1386 = DIRECTION('',(-0.,-0.,-1.));
#1387 = DIRECTION('',(1.,0.,0.));
#1388 = ADVANCED_FACE('',(#1389),#1400,.F.);
#1389 = FACE_BOUND('',#1390,.T.);
#1390 = EDGE_LOOP('',(#1391,#1392,#1398,#1399));
#1391 = ORIENTED_EDGE('',*,*,#1021,.T.);
#1392 = ORIENTED_EDGE('',*,*,#1393,.T.);
#1393 = EDGE_CURVE('',#1022,#918,#1394,.T.);
#1394 = LINE('',#1395,#1396);
#1395 = CARTESIAN_POINT('',(-15.6,122.8,240.));
#1396 = VECTOR('',#1397,1.);
#1397 = DIRECTION('',(0.,0.,1.));
#1398 = ORIENTED_EDGE('',*,*,#917,.F.);
#1399 = ORIENTED_EDGE('',*,*,#1393,.F.);
#1400 = CYLINDRICAL_SURFACE('',#1401,2.4);
#1401 = AXIS2_PLACEMENT_3D('',#1402,#1403,#1404);
#1402 = CARTESIAN_POINT('',(-18.,122.8,240.));
#1403 = DIRECTION('',(-0.,-0.,-1.));
#1404 = DIRECTION('',(1.,0.,0.));
#1405 = ( GEOMETRIC_REPRESENTATION_CONTEXT(3) 
GLOBAL_UNCERTAINTY_ASSIGNED_CONTEXT((#1409)) 
GLOBAL_UNIT_ASSIGNED_CONTEXT((#1406,#1407,#1408)) REPRESENTATION_CONTEXT
('Context #1','3D Context with UNIT and UNCERTAINTY') );
#1406 = ( LENGTH_UNIT() NAMED_UNIT(*) SI_UNIT(.MILLI.,.METRE.) );
#1407 = ( NAMED_UNIT(*) PLANE_ANGLE_UNIT() SI_UNIT($,.RADIAN.) );
#1408 = ( NAMED_UNIT(*) SI_UNIT($,.STERADIAN.) SOLID_ANGLE_UNIT() );
#1409 = UNCERTAINTY_MEASURE_WITH_UNIT(LENGTH_MEASURE(5.E-05),#1406,
  'distance_accuracy_value','confusion accuracy');
#1410 = CONTEXT_DEPENDENT_SHAPE_REPRESENTATION(#1411,#1413);
#1411 = ( REPRESENTATION_RELATIONSHIP('','',#108,#10) 
REPRESENTATION_RELATIONSHIP_WITH_TRANSFORMATION(#1412) 
SHAPE_REPRESENTATION_RELATIONSHIP() );
#1412 = ITEM_DEFINED_TRANSFORMATION('','',#11,#15);
#1413 = PRODUCT_DEFINITION_SHAPE('Placement','Placement of an item',
  #1414);
#1414 = NEXT_ASSEMBLY_USAGE_OCCURRENCE('408','TOWER_L','',#5,#103,$);
#1415 = PRODUCT_RELATED_PRODUCT_CATEGORY('part',$,(#105));
#1416 = SHAPE_DEFINITION_REPRESENTATION(#1417,#1423);
#1417 = PRODUCT_DEFINITION_SHAPE('','',#1418);
#1418 = PRODUCT_DEFINITION('design','',#1419,#1422);
#1419 = PRODUCT_DEFINITION_FORMATION('','',#1420);
#1420 = PRODUCT('TOWER_R','TOWER_R','',(#1421));
#1421 = PRODUCT_CONTEXT('',#2,'mechanical');
#1422 = PRODUCT_DEFINITION_CONTEXT('part definition',#2,'design');
#1423 = ADVANCED_BREP_SHAPE_REPRESENTATION('',(#11,#1424),#2306);
#1424 = MANIFOLD_SOLID_BREP('',#1425);
#1425 = CLOSED_SHELL('',(#1426,#1466,#1541,#1641,#1764,#1848,#1860,#1877
    ,#1894,#1911,#1928,#1952,#1976,#1993,#2018,#2043,#2068,#2093,#2117,
    #2185,#2202,#2226,#2238,#2255,#2272,#2289));
#1426 = ADVANCED_FACE('',(#1427),#1461,.F.);
#1427 = FACE_BOUND('',#1428,.F.);
#1428 = EDGE_LOOP('',(#1429,#1439,#1447,#1455));
#1429 = ORIENTED_EDGE('',*,*,#1430,.F.);
#1430 = EDGE_CURVE('',#1431,#1433,#1435,.T.);
#1431 = VERTEX_POINT('',#1432);
#1432 = CARTESIAN_POINT('',(-176.,-132.3,86.8));
#1433 = VERTEX_POINT('',#1434);
#1434 = CARTESIAN_POINT('',(-176.,-132.3,244.));
#1435 = LINE('',#1436,#1437);
#1436 = CARTESIAN_POINT('',(-176.,-132.3,86.8));
#1437 = VECTOR('',#1438,1.);
#1438 = DIRECTION('',(0.,0.,1.));
#1439 = ORIENTED_EDGE('',*,*,#1440,.T.);
#1440 = EDGE_CURVE('',#1431,#1441,#1443,.T.);
#1441 = VERTEX_POINT('',#1442);
#1442 = CARTESIAN_POINT('',(-176.,-129.3,86.8));
#1443 = LINE('',#1444,#1445);
#1444 = CARTESIAN_POINT('',(-176.,-132.3,86.8));
#1445 = VECTOR('',#1446,1.);
#1446 = DIRECTION('',(0.,1.,0.));
#1447 = ORIENTED_EDGE('',*,*,#1448,.T.);
#1448 = EDGE_CURVE('',#1441,#1449,#1451,.T.);
#1449 = VERTEX_POINT('',#1450);
#1450 = CARTESIAN_POINT('',(-176.,-129.3,244.));
#1451 = LINE('',#1452,#1453);
#1452 = CARTESIAN_POINT('',(-176.,-129.3,86.8));
#1453 = VECTOR('',#1454,1.);
#1454 = DIRECTION('',(0.,0.,1.));
#1455 = ORIENTED_EDGE('',*,*,#1456,.F.);
#1456 = EDGE_CURVE('',#1433,#1449,#1457,.T.);
#1457 = LINE('',#1458,#1459);
#1458 = CARTESIAN_POINT('',(-176.,-132.3,244.));
#1459 = VECTOR('',#1460,1.);
#1460 = DIRECTION('',(0.,1.,0.));
#1461 = PLANE('',#1462);
#1462 = AXIS2_PLACEMENT_3D('',#1463,#1464,#1465);
#1463 = CARTESIAN_POINT('',(-176.,-132.3,86.8));
#1464 = DIRECTION('',(1.,0.,0.));
#1465 = DIRECTION('',(0.,0.,1.));
#1466 = ADVANCED_FACE('',(#1467,#1492,#1503,#1514,#1525),#1536,.F.);
#1467 = FACE_BOUND('',#1468,.F.);
#1468 = EDGE_LOOP('',(#1469,#1477,#1478,#1486));
#1469 = ORIENTED_EDGE('',*,*,#1470,.F.);
#1470 = EDGE_CURVE('',#1431,#1471,#1473,.T.);
#1471 = VERTEX_POINT('',#1472);
#1472 = CARTESIAN_POINT('',(0.,-132.3,86.8));
#1473 = LINE('',#1474,#1475);
#1474 = CARTESIAN_POINT('',(-176.,-132.3,86.8));
#1475 = VECTOR('',#1476,1.);
#1476 = DIRECTION('',(1.,0.,0.));
#1477 = ORIENTED_EDGE('',*,*,#1430,.T.);
#1478 = ORIENTED_EDGE('',*,*,#1479,.T.);
#1479 = EDGE_CURVE('',#1433,#1480,#1482,.T.);
#1480 = VERTEX_POINT('',#1481);
#1481 = CARTESIAN_POINT('',(0.,-132.3,244.));
#1482 = LINE('',#1483,#1484);
#1483 = CARTESIAN_POINT('',(-176.,-132.3,244.));
#1484 = VECTOR('',#1485,1.);
#1485 = DIRECTION('',(1.,0.,0.));
#1486 = ORIENTED_EDGE('',*,*,#1487,.F.);
#1487 = EDGE_CURVE('',#1471,#1480,#1488,.T.);
#1488 = LINE('',#1489,#1490);
#1489 = CARTESIAN_POINT('',(0.,-132.3,86.8));
#1490 = VECTOR('',#1491,1.);
#1491 = DIRECTION('',(0.,0.,1.));
#1492 = FACE_BOUND('',#1493,.F.);
#1493 = EDGE_LOOP('',(#1494));
#1494 = ORIENTED_EDGE('',*,*,#1495,.T.);
#1495 = EDGE_CURVE('',#1496,#1496,#1498,.T.);
#1496 = VERTEX_POINT('',#1497);
#1497 = CARTESIAN_POINT('',(-168.1,-132.3,104.));
#1498 = CIRCLE('',#1499,2.4);
#1499 = AXIS2_PLACEMENT_3D('',#1500,#1501,#1502);
#1500 = CARTESIAN_POINT('',(-170.5,-132.3,104.));
#1501 = DIRECTION('',(0.,-1.,2.2E-16));
#1502 = DIRECTION('',(1.,0.,0.));
#1503 = FACE_BOUND('',#1504,.F.);
#1504 = EDGE_LOOP('',(#1505));
#1505 = ORIENTED_EDGE('',*,*,#1506,.T.);
#1506 = EDGE_CURVE('',#1507,#1507,#1509,.T.);
#1507 = VERTEX_POINT('',#1508);
#1508 = CARTESIAN_POINT('',(-168.1,-132.3,120.));
#1509 = CIRCLE('',#1510,2.4);
#1510 = AXIS2_PLACEMENT_3D('',#1511,#1512,#1513);
#1511 = CARTESIAN_POINT('',(-170.5,-132.3,120.));
#1512 = DIRECTION('',(0.,-1.,2.2E-16));
#1513 = DIRECTION('',(1.,0.,0.));
#1514 = FACE_BOUND('',#1515,.F.);
#1515 = EDGE_LOOP('',(#1516));
#1516 = ORIENTED_EDGE('',*,*,#1517,.T.);
#1517 = EDGE_CURVE('',#1518,#1518,#1520,.T.);
#1518 = VERTEX_POINT('',#1519);
#1519 = CARTESIAN_POINT('',(-18.1,-132.3,104.));
#1520 = CIRCLE('',#1521,2.4);
#1521 = AXIS2_PLACEMENT_3D('',#1522,#1523,#1524);
#1522 = CARTESIAN_POINT('',(-20.5,-132.3,104.));
#1523 = DIRECTION('',(0.,-1.,2.2E-16));
#1524 = DIRECTION('',(1.,0.,0.));
#1525 = FACE_BOUND('',#1526,.F.);
#1526 = EDGE_LOOP('',(#1527));
#1527 = ORIENTED_EDGE('',*,*,#1528,.T.);
#1528 = EDGE_CURVE('',#1529,#1529,#1531,.T.);
#1529 = VERTEX_POINT('',#1530);
#1530 = CARTESIAN_POINT('',(-18.1,-132.3,120.));
#1531 = CIRCLE('',#1532,2.4);
#1532 = AXIS2_PLACEMENT_3D('',#1533,#1534,#1535);
#1533 = CARTESIAN_POINT('',(-20.5,-132.3,120.));
#1534 = DIRECTION('',(0.,-1.,2.2E-16));
#1535 = DIRECTION('',(1.,0.,0.));
#1536 = PLANE('',#1537);
#1537 = AXIS2_PLACEMENT_3D('',#1538,#1539,#1540);
#1538 = CARTESIAN_POINT('',(-176.,-132.3,86.8));
#1539 = DIRECTION('',(0.,1.,0.));
#1540 = DIRECTION('',(0.,0.,1.));
#1541 = ADVANCED_FACE('',(#1542,#1592,#1603,#1614,#1625),#1636,.T.);
#1542 = FACE_BOUND('',#1543,.T.);
#1543 = EDGE_LOOP('',(#1544,#1552,#1553,#1554,#1562,#1570,#1578,#1586));
#1544 = ORIENTED_EDGE('',*,*,#1545,.F.);
#1545 = EDGE_CURVE('',#1449,#1546,#1548,.T.);
#1546 = VERTEX_POINT('',#1547);
#1547 = CARTESIAN_POINT('',(-170.,-129.3,244.));
#1548 = LINE('',#1549,#1550);
#1549 = CARTESIAN_POINT('',(-176.,-129.3,244.));
#1550 = VECTOR('',#1551,1.);
#1551 = DIRECTION('',(1.,0.,0.));
#1552 = ORIENTED_EDGE('',*,*,#1456,.F.);
#1553 = ORIENTED_EDGE('',*,*,#1479,.T.);
#1554 = ORIENTED_EDGE('',*,*,#1555,.T.);
#1555 = EDGE_CURVE('',#1480,#1556,#1558,.T.);
#1556 = VERTEX_POINT('',#1557);
#1557 = CARTESIAN_POINT('',(0.,-129.3,244.));
#1558 = LINE('',#1559,#1560);
#1559 = CARTESIAN_POINT('',(0.,-132.3,244.));
#1560 = VECTOR('',#1561,1.);
#1561 = DIRECTION('',(0.,1.,0.));
#1562 = ORIENTED_EDGE('',*,*,#1563,.F.);
#1563 = EDGE_CURVE('',#1564,#1556,#1566,.T.);
#1564 = VERTEX_POINT('',#1565);
#1565 = CARTESIAN_POINT('',(-6.,-129.3,244.));
#1566 = LINE('',#1567,#1568);
#1567 = CARTESIAN_POINT('',(-176.,-129.3,244.));
#1568 = VECTOR('',#1569,1.);
#1569 = DIRECTION('',(1.,0.,0.));
#1570 = ORIENTED_EDGE('',*,*,#1571,.T.);
#1571 = EDGE_CURVE('',#1564,#1572,#1574,.T.);
#1572 = VERTEX_POINT('',#1573);
#1573 = CARTESIAN_POINT('',(-6.,-105.3,244.));
#1574 = LINE('',#1575,#1576);
#1575 = CARTESIAN_POINT('',(-6.,-132.3,244.));
#1576 = VECTOR('',#1577,1.);
#1577 = DIRECTION('',(0.,1.,0.));
#1578 = ORIENTED_EDGE('',*,*,#1579,.F.);
#1579 = EDGE_CURVE('',#1580,#1572,#1582,.T.);
#1580 = VERTEX_POINT('',#1581);
#1581 = CARTESIAN_POINT('',(-170.,-105.3,244.));
#1582 = LINE('',#1583,#1584);
#1583 = CARTESIAN_POINT('',(-170.,-105.3,244.));
#1584 = VECTOR('',#1585,1.);
#1585 = DIRECTION('',(1.,0.,0.));
#1586 = ORIENTED_EDGE('',*,*,#1587,.F.);
#1587 = EDGE_CURVE('',#1546,#1580,#1588,.T.);
#1588 = LINE('',#1589,#1590);
#1589 = CARTESIAN_POINT('',(-170.,-132.3,244.));
#1590 = VECTOR('',#1591,1.);
#1591 = DIRECTION('',(0.,1.,0.));
#1592 = FACE_BOUND('',#1593,.T.);
#1593 = EDGE_LOOP('',(#1594));
#1594 = ORIENTED_EDGE('',*,*,#1595,.T.);
#1595 = EDGE_CURVE('',#1596,#1596,#1598,.T.);
#1596 = VERTEX_POINT('',#1597);
#1597 = CARTESIAN_POINT('',(-157.6,-108.,244.));
#1598 = CIRCLE('',#1599,2.4);
#1599 = AXIS2_PLACEMENT_3D('',#1600,#1601,#1602);
#1600 = CARTESIAN_POINT('',(-160.,-108.,244.));
#1601 = DIRECTION('',(0.,0.,-1.));
#1602 = DIRECTION('',(1.,0.,0.));
#1603 = FACE_BOUND('',#1604,.T.);
#1604 = EDGE_LOOP('',(#1605));
#1605 = ORIENTED_EDGE('',*,*,#1606,.T.);
#1606 = EDGE_CURVE('',#1607,#1607,#1609,.T.);
#1607 = VERTEX_POINT('',#1608);
#1608 = CARTESIAN_POINT('',(-137.6,-108.,244.));
#1609 = CIRCLE('',#1610,2.4);
#1610 = AXIS2_PLACEMENT_3D('',#1611,#1612,#1613);
#1611 = CARTESIAN_POINT('',(-140.,-108.,244.));
#1612 = DIRECTION('',(0.,0.,-1.));
#1613 = DIRECTION('',(1.,0.,0.));
#1614 = FACE_BOUND('',#1615,.T.);
#1615 = EDGE_LOOP('',(#1616));
#1616 = ORIENTED_EDGE('',*,*,#1617,.T.);
#1617 = EDGE_CURVE('',#1618,#1618,#1620,.T.);
#1618 = VERTEX_POINT('',#1619);
#1619 = CARTESIAN_POINT('',(-121.6,-108.,244.));
#1620 = CIRCLE('',#1621,2.4);
#1621 = AXIS2_PLACEMENT_3D('',#1622,#1623,#1624);
#1622 = CARTESIAN_POINT('',(-124.,-108.,244.));
#1623 = DIRECTION('',(0.,0.,-1.));
#1624 = DIRECTION('',(1.,0.,0.));
#1625 = FACE_BOUND('',#1626,.T.);
#1626 = EDGE_LOOP('',(#1627));
#1627 = ORIENTED_EDGE('',*,*,#1628,.T.);
#1628 = EDGE_CURVE('',#1629,#1629,#1631,.T.);
#1629 = VERTEX_POINT('',#1630);
#1630 = CARTESIAN_POINT('',(-85.6,-108.,244.));
#1631 = CIRCLE('',#1632,2.4);
#1632 = AXIS2_PLACEMENT_3D('',#1633,#1634,#1635);
#1633 = CARTESIAN_POINT('',(-88.,-108.,244.));
#1634 = DIRECTION('',(0.,0.,-1.));
#1635 = DIRECTION('',(1.,0.,0.));
#1636 = PLANE('',#1637);
#1637 = AXIS2_PLACEMENT_3D('',#1638,#1639,#1640);
#1638 = CARTESIAN_POINT('',(-88.,-119.5093596059,244.));
#1639 = DIRECTION('',(0.,0.,1.));
#1640 = DIRECTION('',(1.,0.,0.));
#1641 = ADVANCED_FACE('',(#1642,#1715,#1726,#1737,#1748),#1759,.T.);
#1642 = FACE_BOUND('',#1643,.T.);
#1643 = EDGE_LOOP('',(#1644,#1652,#1653,#1654,#1662,#1670,#1676,#1677,
    #1685,#1693,#1701,#1709));
#1644 = ORIENTED_EDGE('',*,*,#1645,.F.);
#1645 = EDGE_CURVE('',#1441,#1646,#1648,.T.);
#1646 = VERTEX_POINT('',#1647);
#1647 = CARTESIAN_POINT('',(-170.,-129.3,86.8));
#1648 = LINE('',#1649,#1650);
#1649 = CARTESIAN_POINT('',(-176.,-129.3,86.8));
#1650 = VECTOR('',#1651,1.);
#1651 = DIRECTION('',(1.,0.,0.));
#1652 = ORIENTED_EDGE('',*,*,#1448,.T.);
#1653 = ORIENTED_EDGE('',*,*,#1545,.T.);
#1654 = ORIENTED_EDGE('',*,*,#1655,.T.);
#1655 = EDGE_CURVE('',#1546,#1656,#1658,.T.);
#1656 = VERTEX_POINT('',#1657);
#1657 = CARTESIAN_POINT('',(-170.,-129.3,241.));
#1658 = LINE('',#1659,#1660);
#1659 = CARTESIAN_POINT('',(-170.,-129.3,163.9));
#1660 = VECTOR('',#1661,1.);
#1661 = DIRECTION('',(0.,0.,-1.));
#1662 = ORIENTED_EDGE('',*,*,#1663,.T.);
#1663 = EDGE_CURVE('',#1656,#1664,#1666,.T.);
#1664 = VERTEX_POINT('',#1665);
#1665 = CARTESIAN_POINT('',(-6.,-129.3,241.));
#1666 = LINE('',#1667,#1668);
#1667 = CARTESIAN_POINT('',(-173.,-129.3,241.));
#1668 = VECTOR('',#1669,1.);
#1669 = DIRECTION('',(1.,0.,0.));
#1670 = ORIENTED_EDGE('',*,*,#1671,.F.);
#1671 = EDGE_CURVE('',#1564,#1664,#1672,.T.);
#1672 = LINE('',#1673,#1674);
#1673 = CARTESIAN_POINT('',(-6.,-129.3,163.9));
#1674 = VECTOR('',#1675,1.);
#1675 = DIRECTION('',(0.,0.,-1.));
#1676 = ORIENTED_EDGE('',*,*,#1563,.T.);
#1677 = ORIENTED_EDGE('',*,*,#1678,.F.);
#1678 = EDGE_CURVE('',#1679,#1556,#1681,.T.);
#1679 = VERTEX_POINT('',#1680);
#1680 = CARTESIAN_POINT('',(0.,-129.3,86.8));
#1681 = LINE('',#1682,#1683);
#1682 = CARTESIAN_POINT('',(0.,-129.3,86.8));
#1683 = VECTOR('',#1684,1.);
#1684 = DIRECTION('',(0.,0.,1.));
#1685 = ORIENTED_EDGE('',*,*,#1686,.F.);
#1686 = EDGE_CURVE('',#1687,#1679,#1689,.T.);
#1687 = VERTEX_POINT('',#1688);
#1688 = CARTESIAN_POINT('',(-6.,-129.3,86.8));
#1689 = LINE('',#1690,#1691);
#1690 = CARTESIAN_POINT('',(-176.,-129.3,86.8));
#1691 = VECTOR('',#1692,1.);
#1692 = DIRECTION('',(1.,0.,0.));
#1693 = ORIENTED_EDGE('',*,*,#1694,.F.);
#1694 = EDGE_CURVE('',#1695,#1687,#1697,.T.);
#1695 = VERTEX_POINT('',#1696);
#1696 = CARTESIAN_POINT('',(-6.,-129.3,89.8));
#1697 = LINE('',#1698,#1699);
#1698 = CARTESIAN_POINT('',(-6.,-129.3,86.8));
#1699 = VECTOR('',#1700,1.);
#1700 = DIRECTION('',(0.,0.,-1.));
#1701 = ORIENTED_EDGE('',*,*,#1702,.F.);
#1702 = EDGE_CURVE('',#1703,#1695,#1705,.T.);
#1703 = VERTEX_POINT('',#1704);
#1704 = CARTESIAN_POINT('',(-170.,-129.3,89.8));
#1705 = LINE('',#1706,#1707);
#1706 = CARTESIAN_POINT('',(-173.,-129.3,89.8));
#1707 = VECTOR('',#1708,1.);
#1708 = DIRECTION('',(1.,0.,0.));
#1709 = ORIENTED_EDGE('',*,*,#1710,.T.);
#1710 = EDGE_CURVE('',#1703,#1646,#1711,.T.);
#1711 = LINE('',#1712,#1713);
#1712 = CARTESIAN_POINT('',(-170.,-129.3,86.8));
#1713 = VECTOR('',#1714,1.);
#1714 = DIRECTION('',(0.,0.,-1.));
#1715 = FACE_BOUND('',#1716,.T.);
#1716 = EDGE_LOOP('',(#1717));
#1717 = ORIENTED_EDGE('',*,*,#1718,.T.);
#1718 = EDGE_CURVE('',#1719,#1719,#1721,.T.);
#1719 = VERTEX_POINT('',#1720);
#1720 = CARTESIAN_POINT('',(-168.1,-129.3,104.));
#1721 = CIRCLE('',#1722,2.4);
#1722 = AXIS2_PLACEMENT_3D('',#1723,#1724,#1725);
#1723 = CARTESIAN_POINT('',(-170.5,-129.3,104.));
#1724 = DIRECTION('',(0.,-1.,2.2E-16));
#1725 = DIRECTION('',(1.,0.,0.));
#1726 = FACE_BOUND('',#1727,.T.);
#1727 = EDGE_LOOP('',(#1728));
#1728 = ORIENTED_EDGE('',*,*,#1729,.T.);
#1729 = EDGE_CURVE('',#1730,#1730,#1732,.T.);
#1730 = VERTEX_POINT('',#1731);
#1731 = CARTESIAN_POINT('',(-168.1,-129.3,120.));
#1732 = CIRCLE('',#1733,2.4);
#1733 = AXIS2_PLACEMENT_3D('',#1734,#1735,#1736);
#1734 = CARTESIAN_POINT('',(-170.5,-129.3,120.));
#1735 = DIRECTION('',(0.,-1.,2.2E-16));
#1736 = DIRECTION('',(1.,0.,0.));
#1737 = FACE_BOUND('',#1738,.T.);
#1738 = EDGE_LOOP('',(#1739));
#1739 = ORIENTED_EDGE('',*,*,#1740,.T.);
#1740 = EDGE_CURVE('',#1741,#1741,#1743,.T.);
#1741 = VERTEX_POINT('',#1742);
#1742 = CARTESIAN_POINT('',(-18.1,-129.3,104.));
#1743 = CIRCLE('',#1744,2.4);
#1744 = AXIS2_PLACEMENT_3D('',#1745,#1746,#1747);
#1745 = CARTESIAN_POINT('',(-20.5,-129.3,104.));
#1746 = DIRECTION('',(0.,-1.,2.2E-16));
#1747 = DIRECTION('',(1.,0.,0.));
#1748 = FACE_BOUND('',#1749,.T.);
#1749 = EDGE_LOOP('',(#1750));
#1750 = ORIENTED_EDGE('',*,*,#1751,.T.);
#1751 = EDGE_CURVE('',#1752,#1752,#1754,.T.);
#1752 = VERTEX_POINT('',#1753);
#1753 = CARTESIAN_POINT('',(-18.1,-129.3,120.));
#1754 = CIRCLE('',#1755,2.4);
#1755 = AXIS2_PLACEMENT_3D('',#1756,#1757,#1758);
#1756 = CARTESIAN_POINT('',(-20.5,-129.3,120.));
#1757 = DIRECTION('',(0.,-1.,2.2E-16));
#1758 = DIRECTION('',(1.,0.,0.));
#1759 = PLANE('',#1760);
#1760 = AXIS2_PLACEMENT_3D('',#1761,#1762,#1763);
#1761 = CARTESIAN_POINT('',(-176.,-129.3,86.8));
#1762 = DIRECTION('',(0.,1.,0.));
#1763 = DIRECTION('',(0.,0.,1.));
#1764 = ADVANCED_FACE('',(#1765,#1799,#1810,#1821,#1832),#1843,.T.);
#1765 = FACE_BOUND('',#1766,.T.);
#1766 = EDGE_LOOP('',(#1767,#1768,#1776,#1784,#1790,#1791,#1797,#1798));
#1767 = ORIENTED_EDGE('',*,*,#1645,.T.);
#1768 = ORIENTED_EDGE('',*,*,#1769,.T.);
#1769 = EDGE_CURVE('',#1646,#1770,#1772,.T.);
#1770 = VERTEX_POINT('',#1771);
#1771 = CARTESIAN_POINT('',(-170.,-105.3,86.8));
#1772 = LINE('',#1773,#1774);
#1773 = CARTESIAN_POINT('',(-170.,-132.3,86.8));
#1774 = VECTOR('',#1775,1.);
#1775 = DIRECTION('',(0.,1.,0.));
#1776 = ORIENTED_EDGE('',*,*,#1777,.T.);
#1777 = EDGE_CURVE('',#1770,#1778,#1780,.T.);
#1778 = VERTEX_POINT('',#1779);
#1779 = CARTESIAN_POINT('',(-6.,-105.3,86.8));
#1780 = LINE('',#1781,#1782);
#1781 = CARTESIAN_POINT('',(-170.,-105.3,86.8));
#1782 = VECTOR('',#1783,1.);
#1783 = DIRECTION('',(1.,0.,0.));
#1784 = ORIENTED_EDGE('',*,*,#1785,.F.);
#1785 = EDGE_CURVE('',#1687,#1778,#1786,.T.);
#1786 = LINE('',#1787,#1788);
#1787 = CARTESIAN_POINT('',(-6.,-132.3,86.8));
#1788 = VECTOR('',#1789,1.);
#1789 = DIRECTION('',(0.,1.,0.));
#1790 = ORIENTED_EDGE('',*,*,#1686,.T.);
#1791 = ORIENTED_EDGE('',*,*,#1792,.F.);
#1792 = EDGE_CURVE('',#1471,#1679,#1793,.T.);
#1793 = LINE('',#1794,#1795);
#1794 = CARTESIAN_POINT('',(0.,-132.3,86.8));
#1795 = VECTOR('',#1796,1.);
#1796 = DIRECTION('',(0.,1.,0.));
#1797 = ORIENTED_EDGE('',*,*,#1470,.F.);
#1798 = ORIENTED_EDGE('',*,*,#1440,.T.);
#1799 = FACE_BOUND('',#1800,.T.);
#1800 = EDGE_LOOP('',(#1801));
#1801 = ORIENTED_EDGE('',*,*,#1802,.F.);
#1802 = EDGE_CURVE('',#1803,#1803,#1805,.T.);
#1803 = VERTEX_POINT('',#1804);
#1804 = CARTESIAN_POINT('',(-85.6,-125.,86.8));
#1805 = CIRCLE('',#1806,2.4);
#1806 = AXIS2_PLACEMENT_3D('',#1807,#1808,#1809);
#1807 = CARTESIAN_POINT('',(-88.,-125.,86.8));
#1808 = DIRECTION('',(0.,0.,-1.));
#1809 = DIRECTION('',(1.,0.,0.));
#1810 = FACE_BOUND('',#1811,.T.);
#1811 = EDGE_LOOP('',(#1812));
#1812 = ORIENTED_EDGE('',*,*,#1813,.F.);
#1813 = EDGE_CURVE('',#1814,#1814,#1816,.T.);
#1814 = VERTEX_POINT('',#1815);
#1815 = CARTESIAN_POINT('',(-121.6,-125.,86.8));
#1816 = CIRCLE('',#1817,2.4);
#1817 = AXIS2_PLACEMENT_3D('',#1818,#1819,#1820);
#1818 = CARTESIAN_POINT('',(-124.,-125.,86.8));
#1819 = DIRECTION('',(0.,0.,-1.));
#1820 = DIRECTION('',(1.,0.,0.));
#1821 = FACE_BOUND('',#1822,.T.);
#1822 = EDGE_LOOP('',(#1823));
#1823 = ORIENTED_EDGE('',*,*,#1824,.F.);
#1824 = EDGE_CURVE('',#1825,#1825,#1827,.T.);
#1825 = VERTEX_POINT('',#1826);
#1826 = CARTESIAN_POINT('',(-137.6,-125.,86.8));
#1827 = CIRCLE('',#1828,2.4);
#1828 = AXIS2_PLACEMENT_3D('',#1829,#1830,#1831);
#1829 = CARTESIAN_POINT('',(-140.,-125.,86.8));
#1830 = DIRECTION('',(0.,0.,-1.));
#1831 = DIRECTION('',(1.,0.,0.));
#1832 = FACE_BOUND('',#1833,.T.);
#1833 = EDGE_LOOP('',(#1834));
#1834 = ORIENTED_EDGE('',*,*,#1835,.F.);
#1835 = EDGE_CURVE('',#1836,#1836,#1838,.T.);
#1836 = VERTEX_POINT('',#1837);
#1837 = CARTESIAN_POINT('',(-157.6,-125.,86.8));
#1838 = CIRCLE('',#1839,2.4);
#1839 = AXIS2_PLACEMENT_3D('',#1840,#1841,#1842);
#1840 = CARTESIAN_POINT('',(-160.,-125.,86.8));
#1841 = DIRECTION('',(0.,0.,-1.));
#1842 = DIRECTION('',(1.,0.,0.));
#1843 = PLANE('',#1844);
#1844 = AXIS2_PLACEMENT_3D('',#1845,#1846,#1847);
#1845 = CARTESIAN_POINT('',(-88.,-119.5093596059,86.8));
#1846 = DIRECTION('',(-0.,-0.,-1.));
#1847 = DIRECTION('',(-1.,0.,0.));
#1848 = ADVANCED_FACE('',(#1849),#1855,.T.);
#1849 = FACE_BOUND('',#1850,.T.);
#1850 = EDGE_LOOP('',(#1851,#1852,#1853,#1854));
#1851 = ORIENTED_EDGE('',*,*,#1487,.F.);
#1852 = ORIENTED_EDGE('',*,*,#1792,.T.);
#1853 = ORIENTED_EDGE('',*,*,#1678,.T.);
#1854 = ORIENTED_EDGE('',*,*,#1555,.F.);
#1855 = PLANE('',#1856);
#1856 = AXIS2_PLACEMENT_3D('',#1857,#1858,#1859);
#1857 = CARTESIAN_POINT('',(0.,-132.3,86.8));
#1858 = DIRECTION('',(1.,0.,0.));
#1859 = DIRECTION('',(0.,0.,1.));
#1860 = ADVANCED_FACE('',(#1861),#1872,.F.);
#1861 = FACE_BOUND('',#1862,.T.);
#1862 = EDGE_LOOP('',(#1863,#1864,#1870,#1871));
#1863 = ORIENTED_EDGE('',*,*,#1495,.T.);
#1864 = ORIENTED_EDGE('',*,*,#1865,.T.);
#1865 = EDGE_CURVE('',#1496,#1719,#1866,.T.);
#1866 = LINE('',#1867,#1868);
#1867 = CARTESIAN_POINT('',(-168.1,-133.3,104.));
#1868 = VECTOR('',#1869,1.);
#1869 = DIRECTION('',(0.,1.,0.));
#1870 = ORIENTED_EDGE('',*,*,#1718,.F.);
#1871 = ORIENTED_EDGE('',*,*,#1865,.F.);
#1872 = CYLINDRICAL_SURFACE('',#1873,2.4);
#1873 = AXIS2_PLACEMENT_3D('',#1874,#1875,#1876);
#1874 = CARTESIAN_POINT('',(-170.5,-133.3,104.));
#1875 = DIRECTION('',(-0.,-1.,0.));
#1876 = DIRECTION('',(1.,0.,0.));
#1877 = ADVANCED_FACE('',(#1878),#1889,.F.);
#1878 = FACE_BOUND('',#1879,.T.);
#1879 = EDGE_LOOP('',(#1880,#1881,#1887,#1888));
#1880 = ORIENTED_EDGE('',*,*,#1506,.T.);
#1881 = ORIENTED_EDGE('',*,*,#1882,.T.);
#1882 = EDGE_CURVE('',#1507,#1730,#1883,.T.);
#1883 = LINE('',#1884,#1885);
#1884 = CARTESIAN_POINT('',(-168.1,-133.3,120.));
#1885 = VECTOR('',#1886,1.);
#1886 = DIRECTION('',(0.,1.,0.));
#1887 = ORIENTED_EDGE('',*,*,#1729,.F.);
#1888 = ORIENTED_EDGE('',*,*,#1882,.F.);
#1889 = CYLINDRICAL_SURFACE('',#1890,2.4);
#1890 = AXIS2_PLACEMENT_3D('',#1891,#1892,#1893);
#1891 = CARTESIAN_POINT('',(-170.5,-133.3,120.));
#1892 = DIRECTION('',(-0.,-1.,0.));
#1893 = DIRECTION('',(1.,0.,0.));
#1894 = ADVANCED_FACE('',(#1895),#1906,.F.);
#1895 = FACE_BOUND('',#1896,.T.);
#1896 = EDGE_LOOP('',(#1897,#1898,#1904,#1905));
#1897 = ORIENTED_EDGE('',*,*,#1517,.T.);
#1898 = ORIENTED_EDGE('',*,*,#1899,.T.);
#1899 = EDGE_CURVE('',#1518,#1741,#1900,.T.);
#1900 = LINE('',#1901,#1902);
#1901 = CARTESIAN_POINT('',(-18.1,-133.3,104.));
#1902 = VECTOR('',#1903,1.);
#1903 = DIRECTION('',(0.,1.,0.));
#1904 = ORIENTED_EDGE('',*,*,#1740,.F.);
#1905 = ORIENTED_EDGE('',*,*,#1899,.F.);
#1906 = CYLINDRICAL_SURFACE('',#1907,2.4);
#1907 = AXIS2_PLACEMENT_3D('',#1908,#1909,#1910);
#1908 = CARTESIAN_POINT('',(-20.5,-133.3,104.));
#1909 = DIRECTION('',(-0.,-1.,0.));
#1910 = DIRECTION('',(1.,0.,0.));
#1911 = ADVANCED_FACE('',(#1912),#1923,.F.);
#1912 = FACE_BOUND('',#1913,.T.);
#1913 = EDGE_LOOP('',(#1914,#1915,#1921,#1922));
#1914 = ORIENTED_EDGE('',*,*,#1528,.T.);
#1915 = ORIENTED_EDGE('',*,*,#1916,.T.);
#1916 = EDGE_CURVE('',#1529,#1752,#1917,.T.);
#1917 = LINE('',#1918,#1919);
#1918 = CARTESIAN_POINT('',(-18.1,-133.3,120.));
#1919 = VECTOR('',#1920,1.);
#1920 = DIRECTION('',(0.,1.,0.));
#1921 = ORIENTED_EDGE('',*,*,#1751,.F.);
#1922 = ORIENTED_EDGE('',*,*,#1916,.F.);
#1923 = CYLINDRICAL_SURFACE('',#1924,2.4);
#1924 = AXIS2_PLACEMENT_3D('',#1925,#1926,#1927);
#1925 = CARTESIAN_POINT('',(-20.5,-133.3,120.));
#1926 = DIRECTION('',(-0.,-1.,0.));
#1927 = DIRECTION('',(1.,0.,0.));
#1928 = ADVANCED_FACE('',(#1929),#1947,.F.);
#1929 = FACE_BOUND('',#1930,.F.);
#1930 = EDGE_LOOP('',(#1931,#1932,#1940,#1946));
#1931 = ORIENTED_EDGE('',*,*,#1655,.T.);
#1932 = ORIENTED_EDGE('',*,*,#1933,.T.);
#1933 = EDGE_CURVE('',#1656,#1934,#1936,.T.);
#1934 = VERTEX_POINT('',#1935);
#1935 = CARTESIAN_POINT('',(-170.,-105.3,241.));
#1936 = LINE('',#1937,#1938);
#1937 = CARTESIAN_POINT('',(-170.,-132.3,241.));
#1938 = VECTOR('',#1939,1.);
#1939 = DIRECTION('',(0.,1.,0.));
#1940 = ORIENTED_EDGE('',*,*,#1941,.T.);
#1941 = EDGE_CURVE('',#1934,#1580,#1942,.T.);
#1942 = LINE('',#1943,#1944);
#1943 = CARTESIAN_POINT('',(-170.,-105.3,241.));
#1944 = VECTOR('',#1945,1.);
#1945 = DIRECTION('',(0.,0.,1.));
#1946 = ORIENTED_EDGE('',*,*,#1587,.F.);
#1947 = PLANE('',#1948);
#1948 = AXIS2_PLACEMENT_3D('',#1949,#1950,#1951);
#1949 = CARTESIAN_POINT('',(-170.,-132.3,241.));
#1950 = DIRECTION('',(1.,0.,0.));
#1951 = DIRECTION('',(0.,0.,1.));
#1952 = ADVANCED_FACE('',(#1953),#1971,.T.);
#1953 = FACE_BOUND('',#1954,.T.);
#1954 = EDGE_LOOP('',(#1955,#1963,#1964,#1965));
#1955 = ORIENTED_EDGE('',*,*,#1956,.F.);
#1956 = EDGE_CURVE('',#1934,#1957,#1959,.T.);
#1957 = VERTEX_POINT('',#1958);
#1958 = CARTESIAN_POINT('',(-6.,-105.3,241.));
#1959 = LINE('',#1960,#1961);
#1960 = CARTESIAN_POINT('',(-170.,-105.3,241.));
#1961 = VECTOR('',#1962,1.);
#1962 = DIRECTION('',(1.,0.,0.));
#1963 = ORIENTED_EDGE('',*,*,#1941,.T.);
#1964 = ORIENTED_EDGE('',*,*,#1579,.T.);
#1965 = ORIENTED_EDGE('',*,*,#1966,.F.);
#1966 = EDGE_CURVE('',#1957,#1572,#1967,.T.);
#1967 = LINE('',#1968,#1969);
#1968 = CARTESIAN_POINT('',(-6.,-105.3,241.));
#1969 = VECTOR('',#1970,1.);
#1970 = DIRECTION('',(0.,0.,1.));
#1971 = PLANE('',#1972);
#1972 = AXIS2_PLACEMENT_3D('',#1973,#1974,#1975);
#1973 = CARTESIAN_POINT('',(-170.,-105.3,241.));
#1974 = DIRECTION('',(0.,1.,0.));
#1975 = DIRECTION('',(0.,0.,1.));
#1976 = ADVANCED_FACE('',(#1977),#1988,.T.);
#1977 = FACE_BOUND('',#1978,.T.);
#1978 = EDGE_LOOP('',(#1979,#1980,#1986,#1987));
#1979 = ORIENTED_EDGE('',*,*,#1671,.T.);
#1980 = ORIENTED_EDGE('',*,*,#1981,.T.);
#1981 = EDGE_CURVE('',#1664,#1957,#1982,.T.);
#1982 = LINE('',#1983,#1984);
#1983 = CARTESIAN_POINT('',(-6.,-132.3,241.));
#1984 = VECTOR('',#1985,1.);
#1985 = DIRECTION('',(0.,1.,0.));
#1986 = ORIENTED_EDGE('',*,*,#1966,.T.);
#1987 = ORIENTED_EDGE('',*,*,#1571,.F.);
#1988 = PLANE('',#1989);
#1989 = AXIS2_PLACEMENT_3D('',#1990,#1991,#1992);
#1990 = CARTESIAN_POINT('',(-6.,-132.3,241.));
#1991 = DIRECTION('',(1.,0.,0.));
#1992 = DIRECTION('',(0.,0.,1.));
#1993 = ADVANCED_FACE('',(#1994),#2013,.F.);
#1994 = FACE_BOUND('',#1995,.T.);
#1995 = EDGE_LOOP('',(#1996,#2005,#2011,#2012));
#1996 = ORIENTED_EDGE('',*,*,#1997,.T.);
#1997 = EDGE_CURVE('',#1998,#1998,#2000,.T.);
#1998 = VERTEX_POINT('',#1999);
#1999 = CARTESIAN_POINT('',(-157.6,-108.,241.));
#2000 = CIRCLE('',#2001,2.4);
#2001 = AXIS2_PLACEMENT_3D('',#2002,#2003,#2004);
#2002 = CARTESIAN_POINT('',(-160.,-108.,241.));
#2003 = DIRECTION('',(0.,0.,-1.));
#2004 = DIRECTION('',(1.,0.,0.));
#2005 = ORIENTED_EDGE('',*,*,#2006,.T.);
#2006 = EDGE_CURVE('',#1998,#1596,#2007,.T.);
#2007 = LINE('',#2008,#2009);
#2008 = CARTESIAN_POINT('',(-157.6,-108.,240.));
#2009 = VECTOR('',#2010,1.);
#2010 = DIRECTION('',(0.,0.,1.));
#2011 = ORIENTED_EDGE('',*,*,#1595,.F.);
#2012 = ORIENTED_EDGE('',*,*,#2006,.F.);
#2013 = CYLINDRICAL_SURFACE('',#2014,2.4);
#2014 = AXIS2_PLACEMENT_3D('',#2015,#2016,#2017);
#2015 = CARTESIAN_POINT('',(-160.,-108.,240.));
#2016 = DIRECTION('',(-0.,-0.,-1.));
#2017 = DIRECTION('',(1.,0.,0.));
#2018 = ADVANCED_FACE('',(#2019),#2038,.F.);
#2019 = FACE_BOUND('',#2020,.T.);
#2020 = EDGE_LOOP('',(#2021,#2030,#2036,#2037));
#2021 = ORIENTED_EDGE('',*,*,#2022,.T.);
#2022 = EDGE_CURVE('',#2023,#2023,#2025,.T.);
#2023 = VERTEX_POINT('',#2024);
#2024 = CARTESIAN_POINT('',(-137.6,-108.,241.));
#2025 = CIRCLE('',#2026,2.4);
#2026 = AXIS2_PLACEMENT_3D('',#2027,#2028,#2029);
#2027 = CARTESIAN_POINT('',(-140.,-108.,241.));
#2028 = DIRECTION('',(0.,0.,-1.));
#2029 = DIRECTION('',(1.,0.,0.));
#2030 = ORIENTED_EDGE('',*,*,#2031,.T.);
#2031 = EDGE_CURVE('',#2023,#1607,#2032,.T.);
#2032 = LINE('',#2033,#2034);
#2033 = CARTESIAN_POINT('',(-137.6,-108.,240.));
#2034 = VECTOR('',#2035,1.);
#2035 = DIRECTION('',(0.,0.,1.));
#2036 = ORIENTED_EDGE('',*,*,#1606,.F.);
#2037 = ORIENTED_EDGE('',*,*,#2031,.F.);
#2038 = CYLINDRICAL_SURFACE('',#2039,2.4);
#2039 = AXIS2_PLACEMENT_3D('',#2040,#2041,#2042);
#2040 = CARTESIAN_POINT('',(-140.,-108.,240.));
#2041 = DIRECTION('',(-0.,-0.,-1.));
#2042 = DIRECTION('',(1.,0.,0.));
#2043 = ADVANCED_FACE('',(#2044),#2063,.F.);
#2044 = FACE_BOUND('',#2045,.T.);
#2045 = EDGE_LOOP('',(#2046,#2055,#2061,#2062));
#2046 = ORIENTED_EDGE('',*,*,#2047,.T.);
#2047 = EDGE_CURVE('',#2048,#2048,#2050,.T.);
#2048 = VERTEX_POINT('',#2049);
#2049 = CARTESIAN_POINT('',(-121.6,-108.,241.));
#2050 = CIRCLE('',#2051,2.4);
#2051 = AXIS2_PLACEMENT_3D('',#2052,#2053,#2054);
#2052 = CARTESIAN_POINT('',(-124.,-108.,241.));
#2053 = DIRECTION('',(0.,0.,-1.));
#2054 = DIRECTION('',(1.,0.,0.));
#2055 = ORIENTED_EDGE('',*,*,#2056,.T.);
#2056 = EDGE_CURVE('',#2048,#1618,#2057,.T.);
#2057 = LINE('',#2058,#2059);
#2058 = CARTESIAN_POINT('',(-121.6,-108.,240.));
#2059 = VECTOR('',#2060,1.);
#2060 = DIRECTION('',(0.,0.,1.));
#2061 = ORIENTED_EDGE('',*,*,#1617,.F.);
#2062 = ORIENTED_EDGE('',*,*,#2056,.F.);
#2063 = CYLINDRICAL_SURFACE('',#2064,2.4);
#2064 = AXIS2_PLACEMENT_3D('',#2065,#2066,#2067);
#2065 = CARTESIAN_POINT('',(-124.,-108.,240.));
#2066 = DIRECTION('',(-0.,-0.,-1.));
#2067 = DIRECTION('',(1.,0.,0.));
#2068 = ADVANCED_FACE('',(#2069),#2088,.F.);
#2069 = FACE_BOUND('',#2070,.T.);
#2070 = EDGE_LOOP('',(#2071,#2080,#2086,#2087));
#2071 = ORIENTED_EDGE('',*,*,#2072,.T.);
#2072 = EDGE_CURVE('',#2073,#2073,#2075,.T.);
#2073 = VERTEX_POINT('',#2074);
#2074 = CARTESIAN_POINT('',(-85.6,-108.,241.));
#2075 = CIRCLE('',#2076,2.4);
#2076 = AXIS2_PLACEMENT_3D('',#2077,#2078,#2079);
#2077 = CARTESIAN_POINT('',(-88.,-108.,241.));
#2078 = DIRECTION('',(0.,0.,-1.));
#2079 = DIRECTION('',(1.,0.,0.));
#2080 = ORIENTED_EDGE('',*,*,#2081,.T.);
#2081 = EDGE_CURVE('',#2073,#1629,#2082,.T.);
#2082 = LINE('',#2083,#2084);
#2083 = CARTESIAN_POINT('',(-85.6,-108.,240.));
#2084 = VECTOR('',#2085,1.);
#2085 = DIRECTION('',(0.,0.,1.));
#2086 = ORIENTED_EDGE('',*,*,#1628,.F.);
#2087 = ORIENTED_EDGE('',*,*,#2081,.F.);
#2088 = CYLINDRICAL_SURFACE('',#2089,2.4);
#2089 = AXIS2_PLACEMENT_3D('',#2090,#2091,#2092);
#2090 = CARTESIAN_POINT('',(-88.,-108.,240.));
#2091 = DIRECTION('',(-0.,-0.,-1.));
#2092 = DIRECTION('',(1.,0.,0.));
#2093 = ADVANCED_FACE('',(#2094),#2112,.F.);
#2094 = FACE_BOUND('',#2095,.F.);
#2095 = EDGE_LOOP('',(#2096,#2097,#2098,#2106));
#2096 = ORIENTED_EDGE('',*,*,#1710,.T.);
#2097 = ORIENTED_EDGE('',*,*,#1769,.T.);
#2098 = ORIENTED_EDGE('',*,*,#2099,.T.);
#2099 = EDGE_CURVE('',#1770,#2100,#2102,.T.);
#2100 = VERTEX_POINT('',#2101);
#2101 = CARTESIAN_POINT('',(-170.,-105.3,89.8));
#2102 = LINE('',#2103,#2104);
#2103 = CARTESIAN_POINT('',(-170.,-105.3,86.8));
#2104 = VECTOR('',#2105,1.);
#2105 = DIRECTION('',(0.,0.,1.));
#2106 = ORIENTED_EDGE('',*,*,#2107,.F.);
#2107 = EDGE_CURVE('',#1703,#2100,#2108,.T.);
#2108 = LINE('',#2109,#2110);
#2109 = CARTESIAN_POINT('',(-170.,-132.3,89.8));
#2110 = VECTOR('',#2111,1.);
#2111 = DIRECTION('',(0.,1.,0.));
#2112 = PLANE('',#2113);
#2113 = AXIS2_PLACEMENT_3D('',#2114,#2115,#2116);
#2114 = CARTESIAN_POINT('',(-170.,-132.3,86.8));
#2115 = DIRECTION('',(1.,0.,0.));
#2116 = DIRECTION('',(0.,0.,1.));
#2117 = ADVANCED_FACE('',(#2118,#2136,#2147,#2158,#2169),#2180,.T.);
#2118 = FACE_BOUND('',#2119,.T.);
#2119 = EDGE_LOOP('',(#2120,#2121,#2122,#2130));
#2120 = ORIENTED_EDGE('',*,*,#2107,.F.);
#2121 = ORIENTED_EDGE('',*,*,#1702,.T.);
#2122 = ORIENTED_EDGE('',*,*,#2123,.T.);
#2123 = EDGE_CURVE('',#1695,#2124,#2126,.T.);
#2124 = VERTEX_POINT('',#2125);
#2125 = CARTESIAN_POINT('',(-6.,-105.3,89.8));
#2126 = LINE('',#2127,#2128);
#2127 = CARTESIAN_POINT('',(-6.,-132.3,89.8));
#2128 = VECTOR('',#2129,1.);
#2129 = DIRECTION('',(0.,1.,0.));
#2130 = ORIENTED_EDGE('',*,*,#2131,.F.);
#2131 = EDGE_CURVE('',#2100,#2124,#2132,.T.);
#2132 = LINE('',#2133,#2134);
#2133 = CARTESIAN_POINT('',(-170.,-105.3,89.8));
#2134 = VECTOR('',#2135,1.);
#2135 = DIRECTION('',(1.,0.,0.));
#2136 = FACE_BOUND('',#2137,.T.);
#2137 = EDGE_LOOP('',(#2138));
#2138 = ORIENTED_EDGE('',*,*,#2139,.T.);
#2139 = EDGE_CURVE('',#2140,#2140,#2142,.T.);
#2140 = VERTEX_POINT('',#2141);
#2141 = CARTESIAN_POINT('',(-157.6,-125.,89.8));
#2142 = CIRCLE('',#2143,2.4);
#2143 = AXIS2_PLACEMENT_3D('',#2144,#2145,#2146);
#2144 = CARTESIAN_POINT('',(-160.,-125.,89.8));
#2145 = DIRECTION('',(0.,0.,-1.));
#2146 = DIRECTION('',(1.,0.,0.));
#2147 = FACE_BOUND('',#2148,.T.);
#2148 = EDGE_LOOP('',(#2149));
#2149 = ORIENTED_EDGE('',*,*,#2150,.T.);
#2150 = EDGE_CURVE('',#2151,#2151,#2153,.T.);
#2151 = VERTEX_POINT('',#2152);
#2152 = CARTESIAN_POINT('',(-137.6,-125.,89.8));
#2153 = CIRCLE('',#2154,2.4);
#2154 = AXIS2_PLACEMENT_3D('',#2155,#2156,#2157);
#2155 = CARTESIAN_POINT('',(-140.,-125.,89.8));
#2156 = DIRECTION('',(0.,0.,-1.));
#2157 = DIRECTION('',(1.,0.,0.));
#2158 = FACE_BOUND('',#2159,.T.);
#2159 = EDGE_LOOP('',(#2160));
#2160 = ORIENTED_EDGE('',*,*,#2161,.T.);
#2161 = EDGE_CURVE('',#2162,#2162,#2164,.T.);
#2162 = VERTEX_POINT('',#2163);
#2163 = CARTESIAN_POINT('',(-121.6,-125.,89.8));
#2164 = CIRCLE('',#2165,2.4);
#2165 = AXIS2_PLACEMENT_3D('',#2166,#2167,#2168);
#2166 = CARTESIAN_POINT('',(-124.,-125.,89.8));
#2167 = DIRECTION('',(0.,0.,-1.));
#2168 = DIRECTION('',(1.,0.,0.));
#2169 = FACE_BOUND('',#2170,.T.);
#2170 = EDGE_LOOP('',(#2171));
#2171 = ORIENTED_EDGE('',*,*,#2172,.T.);
#2172 = EDGE_CURVE('',#2173,#2173,#2175,.T.);
#2173 = VERTEX_POINT('',#2174);
#2174 = CARTESIAN_POINT('',(-85.6,-125.,89.8));
#2175 = CIRCLE('',#2176,2.4);
#2176 = AXIS2_PLACEMENT_3D('',#2177,#2178,#2179);
#2177 = CARTESIAN_POINT('',(-88.,-125.,89.8));
#2178 = DIRECTION('',(0.,0.,-1.));
#2179 = DIRECTION('',(1.,0.,0.));
#2180 = PLANE('',#2181);
#2181 = AXIS2_PLACEMENT_3D('',#2182,#2183,#2184);
#2182 = CARTESIAN_POINT('',(-170.,-132.3,89.8));
#2183 = DIRECTION('',(0.,0.,1.));
#2184 = DIRECTION('',(1.,0.,0.));
#2185 = ADVANCED_FACE('',(#2186),#2197,.T.);
#2186 = FACE_BOUND('',#2187,.T.);
#2187 = EDGE_LOOP('',(#2188,#2189,#2190,#2196));
#2188 = ORIENTED_EDGE('',*,*,#1694,.T.);
#2189 = ORIENTED_EDGE('',*,*,#1785,.T.);
#2190 = ORIENTED_EDGE('',*,*,#2191,.T.);
#2191 = EDGE_CURVE('',#1778,#2124,#2192,.T.);
#2192 = LINE('',#2193,#2194);
#2193 = CARTESIAN_POINT('',(-6.,-105.3,86.8));
#2194 = VECTOR('',#2195,1.);
#2195 = DIRECTION('',(0.,0.,1.));
#2196 = ORIENTED_EDGE('',*,*,#2123,.F.);
#2197 = PLANE('',#2198);
#2198 = AXIS2_PLACEMENT_3D('',#2199,#2200,#2201);
#2199 = CARTESIAN_POINT('',(-6.,-132.3,86.8));
#2200 = DIRECTION('',(1.,0.,0.));
#2201 = DIRECTION('',(0.,0.,1.));
#2202 = ADVANCED_FACE('',(#2203,#2209,#2212,#2215,#2218),#2221,.F.);
#2203 = FACE_BOUND('',#2204,.F.);
#2204 = EDGE_LOOP('',(#2205,#2206,#2207,#2208));
#2205 = ORIENTED_EDGE('',*,*,#1933,.F.);
#2206 = ORIENTED_EDGE('',*,*,#1663,.T.);
#2207 = ORIENTED_EDGE('',*,*,#1981,.T.);
#2208 = ORIENTED_EDGE('',*,*,#1956,.F.);
#2209 = FACE_BOUND('',#2210,.F.);
#2210 = EDGE_LOOP('',(#2211));
#2211 = ORIENTED_EDGE('',*,*,#1997,.T.);
#2212 = FACE_BOUND('',#2213,.F.);
#2213 = EDGE_LOOP('',(#2214));
#2214 = ORIENTED_EDGE('',*,*,#2022,.T.);
#2215 = FACE_BOUND('',#2216,.F.);
#2216 = EDGE_LOOP('',(#2217));
#2217 = ORIENTED_EDGE('',*,*,#2047,.T.);
#2218 = FACE_BOUND('',#2219,.F.);
#2219 = EDGE_LOOP('',(#2220));
#2220 = ORIENTED_EDGE('',*,*,#2072,.T.);
#2221 = PLANE('',#2222);
#2222 = AXIS2_PLACEMENT_3D('',#2223,#2224,#2225);
#2223 = CARTESIAN_POINT('',(-170.,-132.3,241.));
#2224 = DIRECTION('',(0.,0.,1.));
#2225 = DIRECTION('',(1.,0.,0.));
#2226 = ADVANCED_FACE('',(#2227),#2233,.T.);
#2227 = FACE_BOUND('',#2228,.T.);
#2228 = EDGE_LOOP('',(#2229,#2230,#2231,#2232));
#2229 = ORIENTED_EDGE('',*,*,#1777,.F.);
#2230 = ORIENTED_EDGE('',*,*,#2099,.T.);
#2231 = ORIENTED_EDGE('',*,*,#2131,.T.);
#2232 = ORIENTED_EDGE('',*,*,#2191,.F.);
#2233 = PLANE('',#2234);
#2234 = AXIS2_PLACEMENT_3D('',#2235,#2236,#2237);
#2235 = CARTESIAN_POINT('',(-170.,-105.3,86.8));
#2236 = DIRECTION('',(0.,1.,0.));
#2237 = DIRECTION('',(0.,0.,1.));
#2238 = ADVANCED_FACE('',(#2239),#2250,.F.);
#2239 = FACE_BOUND('',#2240,.T.);
#2240 = EDGE_LOOP('',(#2241,#2242,#2248,#2249));
#2241 = ORIENTED_EDGE('',*,*,#1802,.T.);
#2242 = ORIENTED_EDGE('',*,*,#2243,.T.);
#2243 = EDGE_CURVE('',#1803,#2173,#2244,.T.);
#2244 = LINE('',#2245,#2246);
#2245 = CARTESIAN_POINT('',(-85.6,-125.,85.8));
#2246 = VECTOR('',#2247,1.);
#2247 = DIRECTION('',(0.,0.,1.));
#2248 = ORIENTED_EDGE('',*,*,#2172,.F.);
#2249 = ORIENTED_EDGE('',*,*,#2243,.F.);
#2250 = CYLINDRICAL_SURFACE('',#2251,2.4);
#2251 = AXIS2_PLACEMENT_3D('',#2252,#2253,#2254);
#2252 = CARTESIAN_POINT('',(-88.,-125.,85.8));
#2253 = DIRECTION('',(-0.,-0.,-1.));
#2254 = DIRECTION('',(1.,0.,0.));
#2255 = ADVANCED_FACE('',(#2256),#2267,.F.);
#2256 = FACE_BOUND('',#2257,.T.);
#2257 = EDGE_LOOP('',(#2258,#2259,#2265,#2266));
#2258 = ORIENTED_EDGE('',*,*,#1813,.T.);
#2259 = ORIENTED_EDGE('',*,*,#2260,.T.);
#2260 = EDGE_CURVE('',#1814,#2162,#2261,.T.);
#2261 = LINE('',#2262,#2263);
#2262 = CARTESIAN_POINT('',(-121.6,-125.,85.8));
#2263 = VECTOR('',#2264,1.);
#2264 = DIRECTION('',(0.,0.,1.));
#2265 = ORIENTED_EDGE('',*,*,#2161,.F.);
#2266 = ORIENTED_EDGE('',*,*,#2260,.F.);
#2267 = CYLINDRICAL_SURFACE('',#2268,2.4);
#2268 = AXIS2_PLACEMENT_3D('',#2269,#2270,#2271);
#2269 = CARTESIAN_POINT('',(-124.,-125.,85.8));
#2270 = DIRECTION('',(-0.,-0.,-1.));
#2271 = DIRECTION('',(1.,0.,0.));
#2272 = ADVANCED_FACE('',(#2273),#2284,.F.);
#2273 = FACE_BOUND('',#2274,.T.);
#2274 = EDGE_LOOP('',(#2275,#2276,#2282,#2283));
#2275 = ORIENTED_EDGE('',*,*,#1824,.T.);
#2276 = ORIENTED_EDGE('',*,*,#2277,.T.);
#2277 = EDGE_CURVE('',#1825,#2151,#2278,.T.);
#2278 = LINE('',#2279,#2280);
#2279 = CARTESIAN_POINT('',(-137.6,-125.,85.8));
#2280 = VECTOR('',#2281,1.);
#2281 = DIRECTION('',(0.,0.,1.));
#2282 = ORIENTED_EDGE('',*,*,#2150,.F.);
#2283 = ORIENTED_EDGE('',*,*,#2277,.F.);
#2284 = CYLINDRICAL_SURFACE('',#2285,2.4);
#2285 = AXIS2_PLACEMENT_3D('',#2286,#2287,#2288);
#2286 = CARTESIAN_POINT('',(-140.,-125.,85.8));
#2287 = DIRECTION('',(-0.,-0.,-1.));
#2288 = DIRECTION('',(1.,0.,0.));
#2289 = ADVANCED_FACE('',(#2290),#2301,.F.);
#2290 = FACE_BOUND('',#2291,.T.);
#2291 = EDGE_LOOP('',(#2292,#2293,#2299,#2300));
#2292 = ORIENTED_EDGE('',*,*,#1835,.T.);
#2293 = ORIENTED_EDGE('',*,*,#2294,.T.);
#2294 = EDGE_CURVE('',#1836,#2140,#2295,.T.);
#2295 = LINE('',#2296,#2297);
#2296 = CARTESIAN_POINT('',(-157.6,-125.,85.8));
#2297 = VECTOR('',#2298,1.);
#2298 = DIRECTION('',(0.,0.,1.));
#2299 = ORIENTED_EDGE('',*,*,#2139,.F.);
#2300 = ORIENTED_EDGE('',*,*,#2294,.F.);
#2301 = CYLINDRICAL_SURFACE('',#2302,2.4);
#2302 = AXIS2_PLACEMENT_3D('',#2303,#2304,#2305);
#2303 = CARTESIAN_POINT('',(-160.,-125.,85.8));
#2304 = DIRECTION('',(-0.,-0.,-1.));
#2305 = DIRECTION('',(1.,0.,0.));
#2306 = ( GEOMETRIC_REPRESENTATION_CONTEXT(3) 
GLOBAL_UNCERTAINTY_ASSIGNED_CONTEXT((#2310)) 
GLOBAL_UNIT_ASSIGNED_CONTEXT((#2307,#2308,#2309)) REPRESENTATION_CONTEXT
('Context #1','3D Context with UNIT and UNCERTAINTY') );
#2307 = ( LENGTH_UNIT() NAMED_UNIT(*) SI_UNIT(.MILLI.,.METRE.) );
#2308 = ( NAMED_UNIT(*) PLANE_ANGLE_UNIT() SI_UNIT($,.RADIAN.) );
#2309 = ( NAMED_UNIT(*) SI_UNIT($,.STERADIAN.) SOLID_ANGLE_UNIT() );
#2310 = UNCERTAINTY_MEASURE_WITH_UNIT(LENGTH_MEASURE(2.E-05),#2307,
  'distance_accuracy_value','confusion accuracy');
#2311 = CONTEXT_DEPENDENT_SHAPE_REPRESENTATION(#2312,#2314);
#2312 = ( REPRESENTATION_RELATIONSHIP('','',#1423,#10) 
REPRESENTATION_RELATIONSHIP_WITH_TRANSFORMATION(#2313) 
SHAPE_REPRESENTATION_RELATIONSHIP() );
#2313 = ITEM_DEFINED_TRANSFORMATION('','',#11,#19);
#2314 = PRODUCT_DEFINITION_SHAPE('Placement','Placement of an item',
  #2315);
#2315 = NEXT_ASSEMBLY_USAGE_OCCURRENCE('409','TOWER_R','',#5,#1418,$);
#2316 = PRODUCT_RELATED_PRODUCT_CATEGORY('part',$,(#1420));
#2317 = SHAPE_DEFINITION_REPRESENTATION(#2318,#2324);
#2318 = PRODUCT_DEFINITION_SHAPE('','',#2319);
#2319 = PRODUCT_DEFINITION('design','',#2320,#2323);
#2320 = PRODUCT_DEFINITION_FORMATION('','',#2321);
#2321 = PRODUCT('TOWER_GUS_L0','TOWER_GUS_L0','',(#2322));
#2322 = PRODUCT_CONTEXT('',#2,'mechanical');
#2323 = PRODUCT_DEFINITION_CONTEXT('part definition',#2,'design');
#2324 = ADVANCED_BREP_SHAPE_REPRESENTATION('',(#11,#2325),#2801);
#2325 = MANIFOLD_SOLID_BREP('',#2326);
#2326 = CLOSED_SHELL('',(#2327,#2431,#2478,#2552,#2587,#2597,#2632,#2642
    ,#2682,#2699,#2716,#2740,#2772,#2789));
#2327 = ADVANCED_FACE('',(#2328),#2426,.T.);
#2328 = FACE_BOUND('',#2329,.T.);
#2329 = EDGE_LOOP('',(#2330,#2340,#2348,#2356,#2364,#2372,#2380,#2388,
    #2396,#2404,#2412,#2420));
#2330 = ORIENTED_EDGE('',*,*,#2331,.F.);
#2331 = EDGE_CURVE('',#2332,#2334,#2336,.T.);
#2332 = VERTEX_POINT('',#2333);
#2333 = CARTESIAN_POINT('',(-176.,106.3,89.8));
#2334 = VERTEX_POINT('',#2335);
#2335 = CARTESIAN_POINT('',(-176.,126.3,89.8));
#2336 = LINE('',#2337,#2338);
#2337 = CARTESIAN_POINT('',(-176.,106.3,89.8));
#2338 = VECTOR('',#2339,1.);
#2339 = DIRECTION('',(0.,1.,0.));
#2340 = ORIENTED_EDGE('',*,*,#2341,.T.);
#2341 = EDGE_CURVE('',#2332,#2342,#2344,.T.);
#2342 = VERTEX_POINT('',#2343);
#2343 = CARTESIAN_POINT('',(-150.,106.3,89.8));
#2344 = LINE('',#2345,#2346);
#2345 = CARTESIAN_POINT('',(-176.,106.3,89.8));
#2346 = VECTOR('',#2347,1.);
#2347 = DIRECTION('',(1.,0.,0.));
#2348 = ORIENTED_EDGE('',*,*,#2349,.T.);
#2349 = EDGE_CURVE('',#2342,#2350,#2352,.T.);
#2350 = VERTEX_POINT('',#2351);
#2351 = CARTESIAN_POINT('',(-150.,126.3,89.8));
#2352 = LINE('',#2353,#2354);
#2353 = CARTESIAN_POINT('',(-150.,106.3,89.8));
#2354 = VECTOR('',#2355,1.);
#2355 = DIRECTION('',(0.,1.,0.));
#2356 = ORIENTED_EDGE('',*,*,#2357,.F.);
#2357 = EDGE_CURVE('',#2358,#2350,#2360,.T.);
#2358 = VERTEX_POINT('',#2359);
#2359 = CARTESIAN_POINT('',(-159.6083478513,126.3,89.8));
#2360 = LINE('',#2361,#2362);
#2361 = CARTESIAN_POINT('',(-176.,126.3,89.8));
#2362 = VECTOR('',#2363,1.);
#2363 = DIRECTION('',(1.,0.,0.));
#2364 = ORIENTED_EDGE('',*,*,#2365,.T.);
#2365 = EDGE_CURVE('',#2358,#2366,#2368,.T.);
#2366 = VERTEX_POINT('',#2367);
#2367 = CARTESIAN_POINT('',(-159.6083478513,125.3,89.8));
#2368 = LINE('',#2369,#2370);
#2369 = CARTESIAN_POINT('',(-159.6083478513,125.3,89.8));
#2370 = VECTOR('',#2371,1.);
#2371 = DIRECTION('',(0.,-1.,2.2E-16));
#2372 = ORIENTED_EDGE('',*,*,#2373,.T.);
#2373 = EDGE_CURVE('',#2366,#2374,#2376,.T.);
#2374 = VERTEX_POINT('',#2375);
#2375 = CARTESIAN_POINT('',(-164.3916521486,125.3,89.8));
#2376 = LINE('',#2377,#2378);
#2377 = CARTESIAN_POINT('',(-169.,125.3,89.8));
#2378 = VECTOR('',#2379,1.);
#2379 = DIRECTION('',(-1.,0.,0.));
#2380 = ORIENTED_EDGE('',*,*,#2381,.F.);
#2381 = EDGE_CURVE('',#2382,#2374,#2384,.T.);
#2382 = VERTEX_POINT('',#2383);
#2383 = CARTESIAN_POINT('',(-164.3916521486,126.3,89.8));
#2384 = LINE('',#2385,#2386);
#2385 = CARTESIAN_POINT('',(-164.3916521486,125.3,89.8));
#2386 = VECTOR('',#2387,1.);
#2387 = DIRECTION('',(0.,-1.,2.2E-16));
#2388 = ORIENTED_EDGE('',*,*,#2389,.F.);
#2389 = EDGE_CURVE('',#2390,#2382,#2392,.T.);
#2390 = VERTEX_POINT('',#2391);
#2391 = CARTESIAN_POINT('',(-168.1083478513,126.3,89.8));
#2392 = LINE('',#2393,#2394);
#2393 = CARTESIAN_POINT('',(-176.,126.3,89.8));
#2394 = VECTOR('',#2395,1.);
#2395 = DIRECTION('',(1.,0.,0.));
#2396 = ORIENTED_EDGE('',*,*,#2397,.T.);
#2397 = EDGE_CURVE('',#2390,#2398,#2400,.T.);
#2398 = VERTEX_POINT('',#2399);
#2399 = CARTESIAN_POINT('',(-168.1083478513,125.3,89.8));
#2400 = LINE('',#2401,#2402);
#2401 = CARTESIAN_POINT('',(-168.1083478513,125.3,89.8));
#2402 = VECTOR('',#2403,1.);
#2403 = DIRECTION('',(0.,-1.,2.2E-16));
#2404 = ORIENTED_EDGE('',*,*,#2405,.T.);
#2405 = EDGE_CURVE('',#2398,#2406,#2408,.T.);
#2406 = VERTEX_POINT('',#2407);
#2407 = CARTESIAN_POINT('',(-172.8916521486,125.3,89.8));
#2408 = LINE('',#2409,#2410);
#2409 = CARTESIAN_POINT('',(-173.25,125.3,89.8));
#2410 = VECTOR('',#2411,1.);
#2411 = DIRECTION('',(-1.,0.,0.));
#2412 = ORIENTED_EDGE('',*,*,#2413,.F.);
#2413 = EDGE_CURVE('',#2414,#2406,#2416,.T.);
#2414 = VERTEX_POINT('',#2415);
#2415 = CARTESIAN_POINT('',(-172.8916521486,126.3,89.8));
#2416 = LINE('',#2417,#2418);
#2417 = CARTESIAN_POINT('',(-172.8916521486,125.3,89.8));
#2418 = VECTOR('',#2419,1.);
#2419 = DIRECTION('',(0.,-1.,2.2E-16));
#2420 = ORIENTED_EDGE('',*,*,#2421,.F.);
#2421 = EDGE_CURVE('',#2334,#2414,#2422,.T.);
#2422 = LINE('',#2423,#2424);
#2423 = CARTESIAN_POINT('',(-176.,126.3,89.8));
#2424 = VECTOR('',#2425,1.);
#2425 = DIRECTION('',(1.,0.,0.));
#2426 = PLANE('',#2427);
#2427 = AXIS2_PLACEMENT_3D('',#2428,#2429,#2430);
#2428 = CARTESIAN_POINT('',(-176.,106.3,89.8));
#2429 = DIRECTION('',(0.,0.,1.));
#2430 = DIRECTION('',(1.,0.,0.));
#2431 = ADVANCED_FACE('',(#2432),#2473,.T.);
#2432 = FACE_BOUND('',#2433,.T.);
#2433 = EDGE_LOOP('',(#2434,#2444,#2450,#2451,#2459,#2467));
#2434 = ORIENTED_EDGE('',*,*,#2435,.F.);
#2435 = EDGE_CURVE('',#2436,#2438,#2440,.T.);
#2436 = VERTEX_POINT('',#2437);
#2437 = CARTESIAN_POINT('',(-176.,106.3,86.8));
#2438 = VERTEX_POINT('',#2439);
#2439 = CARTESIAN_POINT('',(-176.,129.3,86.8));
#2440 = LINE('',#2441,#2442);
#2441 = CARTESIAN_POINT('',(-176.,126.3,86.8));
#2442 = VECTOR('',#2443,1.);
#2443 = DIRECTION('',(0.,1.,0.));
#2444 = ORIENTED_EDGE('',*,*,#2445,.T.);
#2445 = EDGE_CURVE('',#2436,#2332,#2446,.T.);
#2446 = LINE('',#2447,#2448);
#2447 = CARTESIAN_POINT('',(-176.,106.3,86.8));
#2448 = VECTOR('',#2449,1.);
#2449 = DIRECTION('',(0.,0.,1.));
#2450 = ORIENTED_EDGE('',*,*,#2331,.T.);
#2451 = ORIENTED_EDGE('',*,*,#2452,.T.);
#2452 = EDGE_CURVE('',#2334,#2453,#2455,.T.);
#2453 = VERTEX_POINT('',#2454);
#2454 = CARTESIAN_POINT('',(-176.,126.3,126.8));
#2455 = LINE('',#2456,#2457);
#2456 = CARTESIAN_POINT('',(-176.,126.3,86.8));
#2457 = VECTOR('',#2458,1.);
#2458 = DIRECTION('',(0.,0.,1.));
#2459 = ORIENTED_EDGE('',*,*,#2460,.T.);
#2460 = EDGE_CURVE('',#2453,#2461,#2463,.T.);
#2461 = VERTEX_POINT('',#2462);
#2462 = CARTESIAN_POINT('',(-176.,129.3,126.8));
#2463 = LINE('',#2464,#2465);
#2464 = CARTESIAN_POINT('',(-176.,126.3,126.8));
#2465 = VECTOR('',#2466,1.);
#2466 = DIRECTION('',(0.,1.,0.));
#2467 = ORIENTED_EDGE('',*,*,#2468,.F.);
#2468 = EDGE_CURVE('',#2438,#2461,#2469,.T.);
#2469 = LINE('',#2470,#2471);
#2470 = CARTESIAN_POINT('',(-176.,129.3,86.8));
#2471 = VECTOR('',#2472,1.);
#2472 = DIRECTION('',(0.,0.,1.));
#2473 = PLANE('',#2474);
#2474 = AXIS2_PLACEMENT_3D('',#2475,#2476,#2477);
#2475 = CARTESIAN_POINT('',(-176.,123.67301587301,100.92698412698));
#2476 = DIRECTION('',(-1.,-0.,-0.));
#2477 = DIRECTION('',(0.,0.,-1.));
#2478 = ADVANCED_FACE('',(#2479),#2547,.F.);
#2479 = FACE_BOUND('',#2480,.F.);
#2480 = EDGE_LOOP('',(#2481,#2482,#2483,#2491,#2499,#2507,#2513,#2514,
    #2523,#2530,#2531,#2540));
#2481 = ORIENTED_EDGE('',*,*,#2421,.F.);
#2482 = ORIENTED_EDGE('',*,*,#2452,.T.);
#2483 = ORIENTED_EDGE('',*,*,#2484,.T.);
#2484 = EDGE_CURVE('',#2453,#2485,#2487,.T.);
#2485 = VERTEX_POINT('',#2486);
#2486 = CARTESIAN_POINT('',(-170.,126.3,126.8));
#2487 = LINE('',#2488,#2489);
#2488 = CARTESIAN_POINT('',(-176.,126.3,126.8));
#2489 = VECTOR('',#2490,1.);
#2490 = DIRECTION('',(1.,0.,0.));
#2491 = ORIENTED_EDGE('',*,*,#2492,.T.);
#2492 = EDGE_CURVE('',#2485,#2493,#2495,.T.);
#2493 = VERTEX_POINT('',#2494);
#2494 = CARTESIAN_POINT('',(-170.,126.3,93.5));
#2495 = LINE('',#2496,#2497);
#2496 = CARTESIAN_POINT('',(-170.,126.3,90.15));
#2497 = VECTOR('',#2498,1.);
#2498 = DIRECTION('',(0.,0.,-1.));
#2499 = ORIENTED_EDGE('',*,*,#2500,.T.);
#2500 = EDGE_CURVE('',#2493,#2501,#2503,.T.);
#2501 = VERTEX_POINT('',#2502);
#2502 = CARTESIAN_POINT('',(-150.,126.3,93.5));
#2503 = LINE('',#2504,#2505);
#2504 = CARTESIAN_POINT('',(-173.,126.3,93.5));
#2505 = VECTOR('',#2506,1.);
#2506 = DIRECTION('',(1.,0.,0.));
#2507 = ORIENTED_EDGE('',*,*,#2508,.F.);
#2508 = EDGE_CURVE('',#2350,#2501,#2509,.T.);
#2509 = LINE('',#2510,#2511);
#2510 = CARTESIAN_POINT('',(-150.,126.3,86.8));
#2511 = VECTOR('',#2512,1.);
#2512 = DIRECTION('',(0.,0.,1.));
#2513 = ORIENTED_EDGE('',*,*,#2357,.F.);
#2514 = ORIENTED_EDGE('',*,*,#2515,.T.);
#2515 = EDGE_CURVE('',#2358,#2516,#2518,.T.);
#2516 = VERTEX_POINT('',#2517);
#2517 = CARTESIAN_POINT('',(-159.6,126.3,90.));
#2518 = CIRCLE('',#2519,2.4);
#2519 = AXIS2_PLACEMENT_3D('',#2520,#2521,#2522);
#2520 = CARTESIAN_POINT('',(-162.,126.3,90.));
#2521 = DIRECTION('',(0.,-1.,2.2E-16));
#2522 = DIRECTION('',(1.,0.,0.));
#2523 = ORIENTED_EDGE('',*,*,#2524,.T.);
#2524 = EDGE_CURVE('',#2516,#2382,#2525,.T.);
#2525 = CIRCLE('',#2526,2.4);
#2526 = AXIS2_PLACEMENT_3D('',#2527,#2528,#2529);
#2527 = CARTESIAN_POINT('',(-162.,126.3,90.));
#2528 = DIRECTION('',(0.,-1.,2.2E-16));
#2529 = DIRECTION('',(1.,0.,0.));
#2530 = ORIENTED_EDGE('',*,*,#2389,.F.);
#2531 = ORIENTED_EDGE('',*,*,#2532,.T.);
#2532 = EDGE_CURVE('',#2390,#2533,#2535,.T.);
#2533 = VERTEX_POINT('',#2534);
#2534 = CARTESIAN_POINT('',(-168.1,126.3,90.));
#2535 = CIRCLE('',#2536,2.4);
#2536 = AXIS2_PLACEMENT_3D('',#2537,#2538,#2539);
#2537 = CARTESIAN_POINT('',(-170.5,126.3,90.));
#2538 = DIRECTION('',(0.,-1.,2.2E-16));
#2539 = DIRECTION('',(1.,0.,0.));
#2540 = ORIENTED_EDGE('',*,*,#2541,.T.);
#2541 = EDGE_CURVE('',#2533,#2414,#2542,.T.);
#2542 = CIRCLE('',#2543,2.4);
#2543 = AXIS2_PLACEMENT_3D('',#2544,#2545,#2546);
#2544 = CARTESIAN_POINT('',(-170.5,126.3,90.));
#2545 = DIRECTION('',(0.,-1.,2.2E-16));
#2546 = DIRECTION('',(1.,0.,0.));
#2547 = PLANE('',#2548);
#2548 = AXIS2_PLACEMENT_3D('',#2549,#2550,#2551);
#2549 = CARTESIAN_POINT('',(-176.,126.3,86.8));
#2550 = DIRECTION('',(0.,1.,0.));
#2551 = DIRECTION('',(0.,0.,1.));
#2552 = ADVANCED_FACE('',(#2553),#2582,.F.);
#2553 = FACE_BOUND('',#2554,.T.);
#2554 = EDGE_LOOP('',(#2555,#2556,#2564,#2571,#2572,#2573,#2574,#2581));
#2555 = ORIENTED_EDGE('',*,*,#2532,.T.);
#2556 = ORIENTED_EDGE('',*,*,#2557,.T.);
#2557 = EDGE_CURVE('',#2533,#2558,#2560,.T.);
#2558 = VERTEX_POINT('',#2559);
#2559 = CARTESIAN_POINT('',(-168.1,129.3,90.));
#2560 = LINE('',#2561,#2562);
#2561 = CARTESIAN_POINT('',(-168.1,125.3,90.));
#2562 = VECTOR('',#2563,1.);
#2563 = DIRECTION('',(0.,1.,0.));
#2564 = ORIENTED_EDGE('',*,*,#2565,.F.);
#2565 = EDGE_CURVE('',#2558,#2558,#2566,.T.);
#2566 = CIRCLE('',#2567,2.4);
#2567 = AXIS2_PLACEMENT_3D('',#2568,#2569,#2570);
#2568 = CARTESIAN_POINT('',(-170.5,129.3,90.));
#2569 = DIRECTION('',(0.,-1.,2.2E-16));
#2570 = DIRECTION('',(1.,0.,0.));
#2571 = ORIENTED_EDGE('',*,*,#2557,.F.);
#2572 = ORIENTED_EDGE('',*,*,#2541,.T.);
#2573 = ORIENTED_EDGE('',*,*,#2413,.T.);
#2574 = ORIENTED_EDGE('',*,*,#2575,.F.);
#2575 = EDGE_CURVE('',#2398,#2406,#2576,.T.);
#2576 = CIRCLE('',#2577,2.4);
#2577 = AXIS2_PLACEMENT_3D('',#2578,#2579,#2580);
#2578 = CARTESIAN_POINT('',(-170.5,125.3,90.));
#2579 = DIRECTION('',(-0.,1.,0.));
#2580 = DIRECTION('',(1.,0.,0.));
#2581 = ORIENTED_EDGE('',*,*,#2397,.F.);
#2582 = CYLINDRICAL_SURFACE('',#2583,2.4);
#2583 = AXIS2_PLACEMENT_3D('',#2584,#2585,#2586);
#2584 = CARTESIAN_POINT('',(-170.5,125.3,90.));
#2585 = DIRECTION('',(-0.,-1.,0.));
#2586 = DIRECTION('',(1.,0.,0.));
#2587 = ADVANCED_FACE('',(#2588),#2592,.T.);
#2588 = FACE_BOUND('',#2589,.T.);
#2589 = EDGE_LOOP('',(#2590,#2591));
#2590 = ORIENTED_EDGE('',*,*,#2405,.F.);
#2591 = ORIENTED_EDGE('',*,*,#2575,.T.);
#2592 = PLANE('',#2593);
#2593 = AXIS2_PLACEMENT_3D('',#2594,#2595,#2596);
#2594 = CARTESIAN_POINT('',(-170.5,125.3,90.));
#2595 = DIRECTION('',(0.,1.,0.));
#2596 = DIRECTION('',(1.,0.,0.));
#2597 = ADVANCED_FACE('',(#2598),#2627,.F.);
#2598 = FACE_BOUND('',#2599,.T.);
#2599 = EDGE_LOOP('',(#2600,#2601,#2609,#2616,#2617,#2618,#2619,#2626));
#2600 = ORIENTED_EDGE('',*,*,#2515,.T.);
#2601 = ORIENTED_EDGE('',*,*,#2602,.T.);
#2602 = EDGE_CURVE('',#2516,#2603,#2605,.T.);
#2603 = VERTEX_POINT('',#2604);
#2604 = CARTESIAN_POINT('',(-159.6,129.3,90.));
#2605 = LINE('',#2606,#2607);
#2606 = CARTESIAN_POINT('',(-159.6,125.3,90.));
#2607 = VECTOR('',#2608,1.);
#2608 = DIRECTION('',(0.,1.,0.));
#2609 = ORIENTED_EDGE('',*,*,#2610,.F.);
#2610 = EDGE_CURVE('',#2603,#2603,#2611,.T.);
#2611 = CIRCLE('',#2612,2.4);
#2612 = AXIS2_PLACEMENT_3D('',#2613,#2614,#2615);
#2613 = CARTESIAN_POINT('',(-162.,129.3,90.));
#2614 = DIRECTION('',(0.,-1.,2.2E-16));
#2615 = DIRECTION('',(1.,0.,0.));
#2616 = ORIENTED_EDGE('',*,*,#2602,.F.);
#2617 = ORIENTED_EDGE('',*,*,#2524,.T.);
#2618 = ORIENTED_EDGE('',*,*,#2381,.T.);
#2619 = ORIENTED_EDGE('',*,*,#2620,.F.);
#2620 = EDGE_CURVE('',#2366,#2374,#2621,.T.);
#2621 = CIRCLE('',#2622,2.4);
#2622 = AXIS2_PLACEMENT_3D('',#2623,#2624,#2625);
#2623 = CARTESIAN_POINT('',(-162.,125.3,90.));
#2624 = DIRECTION('',(-0.,1.,0.));
#2625 = DIRECTION('',(1.,0.,0.));
#2626 = ORIENTED_EDGE('',*,*,#2365,.F.);
#2627 = CYLINDRICAL_SURFACE('',#2628,2.4);
#2628 = AXIS2_PLACEMENT_3D('',#2629,#2630,#2631);
#2629 = CARTESIAN_POINT('',(-162.,125.3,90.));
#2630 = DIRECTION('',(-0.,-1.,0.));
#2631 = DIRECTION('',(1.,0.,0.));
#2632 = ADVANCED_FACE('',(#2633),#2637,.T.);
#2633 = FACE_BOUND('',#2634,.T.);
#2634 = EDGE_LOOP('',(#2635,#2636));
#2635 = ORIENTED_EDGE('',*,*,#2373,.F.);
#2636 = ORIENTED_EDGE('',*,*,#2620,.T.);
#2637 = PLANE('',#2638);
#2638 = AXIS2_PLACEMENT_3D('',#2639,#2640,#2641);
#2639 = CARTESIAN_POINT('',(-162.,125.3,90.));
#2640 = DIRECTION('',(0.,1.,0.));
#2641 = DIRECTION('',(1.,0.,0.));
#2642 = ADVANCED_FACE('',(#2643),#2677,.T.);
#2643 = FACE_BOUND('',#2644,.T.);
#2644 = EDGE_LOOP('',(#2645,#2655,#2663,#2669,#2670,#2671));
#2645 = ORIENTED_EDGE('',*,*,#2646,.T.);
#2646 = EDGE_CURVE('',#2647,#2649,#2651,.T.);
#2647 = VERTEX_POINT('',#2648);
#2648 = CARTESIAN_POINT('',(-150.,106.3,86.8));
#2649 = VERTEX_POINT('',#2650);
#2650 = CARTESIAN_POINT('',(-150.,129.3,86.8));
#2651 = LINE('',#2652,#2653);
#2652 = CARTESIAN_POINT('',(-150.,126.3,86.8));
#2653 = VECTOR('',#2654,1.);
#2654 = DIRECTION('',(0.,1.,0.));
#2655 = ORIENTED_EDGE('',*,*,#2656,.T.);
#2656 = EDGE_CURVE('',#2649,#2657,#2659,.T.);
#2657 = VERTEX_POINT('',#2658);
#2658 = CARTESIAN_POINT('',(-150.,129.3,93.5));
#2659 = LINE('',#2660,#2661);
#2660 = CARTESIAN_POINT('',(-150.,129.3,86.8));
#2661 = VECTOR('',#2662,1.);
#2662 = DIRECTION('',(0.,0.,1.));
#2663 = ORIENTED_EDGE('',*,*,#2664,.F.);
#2664 = EDGE_CURVE('',#2501,#2657,#2665,.T.);
#2665 = LINE('',#2666,#2667);
#2666 = CARTESIAN_POINT('',(-150.,124.8,93.5));
#2667 = VECTOR('',#2668,1.);
#2668 = DIRECTION('',(0.,1.,0.));
#2669 = ORIENTED_EDGE('',*,*,#2508,.F.);
#2670 = ORIENTED_EDGE('',*,*,#2349,.F.);
#2671 = ORIENTED_EDGE('',*,*,#2672,.F.);
#2672 = EDGE_CURVE('',#2647,#2342,#2673,.T.);
#2673 = LINE('',#2674,#2675);
#2674 = CARTESIAN_POINT('',(-150.,106.3,86.8));
#2675 = VECTOR('',#2676,1.);
#2676 = DIRECTION('',(0.,0.,1.));
#2677 = PLANE('',#2678);
#2678 = AXIS2_PLACEMENT_3D('',#2679,#2680,#2681);
#2679 = CARTESIAN_POINT('',(-150.,123.67301587301,100.92698412698));
#2680 = DIRECTION('',(1.,0.,0.));
#2681 = DIRECTION('',(0.,0.,1.));
#2682 = ADVANCED_FACE('',(#2683),#2694,.F.);
#2683 = FACE_BOUND('',#2684,.F.);
#2684 = EDGE_LOOP('',(#2685,#2691,#2692,#2693));
#2685 = ORIENTED_EDGE('',*,*,#2686,.F.);
#2686 = EDGE_CURVE('',#2436,#2647,#2687,.T.);
#2687 = LINE('',#2688,#2689);
#2688 = CARTESIAN_POINT('',(-176.,106.3,86.8));
#2689 = VECTOR('',#2690,1.);
#2690 = DIRECTION('',(1.,0.,0.));
#2691 = ORIENTED_EDGE('',*,*,#2445,.T.);
#2692 = ORIENTED_EDGE('',*,*,#2341,.T.);
#2693 = ORIENTED_EDGE('',*,*,#2672,.F.);
#2694 = PLANE('',#2695);
#2695 = AXIS2_PLACEMENT_3D('',#2696,#2697,#2698);
#2696 = CARTESIAN_POINT('',(-176.,106.3,86.8));
#2697 = DIRECTION('',(0.,1.,0.));
#2698 = DIRECTION('',(0.,0.,1.));
#2699 = ADVANCED_FACE('',(#2700),#2711,.T.);
#2700 = FACE_BOUND('',#2701,.T.);
#2701 = EDGE_LOOP('',(#2702,#2703,#2709,#2710));
#2702 = ORIENTED_EDGE('',*,*,#2435,.T.);
#2703 = ORIENTED_EDGE('',*,*,#2704,.T.);
#2704 = EDGE_CURVE('',#2438,#2649,#2705,.T.);
#2705 = LINE('',#2706,#2707);
#2706 = CARTESIAN_POINT('',(-176.,129.3,86.8));
#2707 = VECTOR('',#2708,1.);
#2708 = DIRECTION('',(1.,0.,0.));
#2709 = ORIENTED_EDGE('',*,*,#2646,.F.);
#2710 = ORIENTED_EDGE('',*,*,#2686,.F.);
#2711 = PLANE('',#2712);
#2712 = AXIS2_PLACEMENT_3D('',#2713,#2714,#2715);
#2713 = CARTESIAN_POINT('',(-163.,117.8,86.8));
#2714 = DIRECTION('',(-0.,-0.,-1.));
#2715 = DIRECTION('',(-1.,0.,0.));
#2716 = ADVANCED_FACE('',(#2717),#2735,.T.);
#2717 = FACE_BOUND('',#2718,.T.);
#2718 = EDGE_LOOP('',(#2719,#2727,#2728,#2729));
#2719 = ORIENTED_EDGE('',*,*,#2720,.F.);
#2720 = EDGE_CURVE('',#2461,#2721,#2723,.T.);
#2721 = VERTEX_POINT('',#2722);
#2722 = CARTESIAN_POINT('',(-170.,129.3,126.8));
#2723 = LINE('',#2724,#2725);
#2724 = CARTESIAN_POINT('',(-176.,129.3,126.8));
#2725 = VECTOR('',#2726,1.);
#2726 = DIRECTION('',(1.,0.,0.));
#2727 = ORIENTED_EDGE('',*,*,#2460,.F.);
#2728 = ORIENTED_EDGE('',*,*,#2484,.T.);
#2729 = ORIENTED_EDGE('',*,*,#2730,.T.);
#2730 = EDGE_CURVE('',#2485,#2721,#2731,.T.);
#2731 = LINE('',#2732,#2733);
#2732 = CARTESIAN_POINT('',(-170.,125.55,126.8));
#2733 = VECTOR('',#2734,1.);
#2734 = DIRECTION('',(0.,1.,0.));
#2735 = PLANE('',#2736);
#2736 = AXIS2_PLACEMENT_3D('',#2737,#2738,#2739);
#2737 = CARTESIAN_POINT('',(-176.,126.3,126.8));
#2738 = DIRECTION('',(0.,0.,1.));
#2739 = DIRECTION('',(1.,0.,0.));
#2740 = ADVANCED_FACE('',(#2741,#2761,#2764),#2767,.T.);
#2741 = FACE_BOUND('',#2742,.T.);
#2742 = EDGE_LOOP('',(#2743,#2744,#2745,#2746,#2754,#2760));
#2743 = ORIENTED_EDGE('',*,*,#2704,.F.);
#2744 = ORIENTED_EDGE('',*,*,#2468,.T.);
#2745 = ORIENTED_EDGE('',*,*,#2720,.T.);
#2746 = ORIENTED_EDGE('',*,*,#2747,.T.);
#2747 = EDGE_CURVE('',#2721,#2748,#2750,.T.);
#2748 = VERTEX_POINT('',#2749);
#2749 = CARTESIAN_POINT('',(-170.,129.3,93.5));
#2750 = LINE('',#2751,#2752);
#2751 = CARTESIAN_POINT('',(-170.,129.3,90.15));
#2752 = VECTOR('',#2753,1.);
#2753 = DIRECTION('',(0.,0.,-1.));
#2754 = ORIENTED_EDGE('',*,*,#2755,.T.);
#2755 = EDGE_CURVE('',#2748,#2657,#2756,.T.);
#2756 = LINE('',#2757,#2758);
#2757 = CARTESIAN_POINT('',(-173.,129.3,93.5));
#2758 = VECTOR('',#2759,1.);
#2759 = DIRECTION('',(1.,0.,0.));
#2760 = ORIENTED_EDGE('',*,*,#2656,.F.);
#2761 = FACE_BOUND('',#2762,.T.);
#2762 = EDGE_LOOP('',(#2763));
#2763 = ORIENTED_EDGE('',*,*,#2565,.T.);
#2764 = FACE_BOUND('',#2765,.T.);
#2765 = EDGE_LOOP('',(#2766));
#2766 = ORIENTED_EDGE('',*,*,#2610,.T.);
#2767 = PLANE('',#2768);
#2768 = AXIS2_PLACEMENT_3D('',#2769,#2770,#2771);
#2769 = CARTESIAN_POINT('',(-176.,129.3,86.8));
#2770 = DIRECTION('',(0.,1.,0.));
#2771 = DIRECTION('',(0.,0.,1.));
#2772 = ADVANCED_FACE('',(#2773),#2784,.T.);
#2773 = FACE_BOUND('',#2774,.T.);
#2774 = EDGE_LOOP('',(#2775,#2781,#2782,#2783));
#2775 = ORIENTED_EDGE('',*,*,#2776,.F.);
#2776 = EDGE_CURVE('',#2493,#2748,#2777,.T.);
#2777 = LINE('',#2778,#2779);
#2778 = CARTESIAN_POINT('',(-170.,124.8,93.5));
#2779 = VECTOR('',#2780,1.);
#2780 = DIRECTION('',(0.,1.,0.));
#2781 = ORIENTED_EDGE('',*,*,#2500,.T.);
#2782 = ORIENTED_EDGE('',*,*,#2664,.T.);
#2783 = ORIENTED_EDGE('',*,*,#2755,.F.);
#2784 = PLANE('',#2785);
#2785 = AXIS2_PLACEMENT_3D('',#2786,#2787,#2788);
#2786 = CARTESIAN_POINT('',(-170.,124.8,93.5));
#2787 = DIRECTION('',(0.,0.,1.));
#2788 = DIRECTION('',(1.,0.,0.));
#2789 = ADVANCED_FACE('',(#2790),#2796,.T.);
#2790 = FACE_BOUND('',#2791,.T.);
#2791 = EDGE_LOOP('',(#2792,#2793,#2794,#2795));
#2792 = ORIENTED_EDGE('',*,*,#2492,.T.);
#2793 = ORIENTED_EDGE('',*,*,#2776,.T.);
#2794 = ORIENTED_EDGE('',*,*,#2747,.F.);
#2795 = ORIENTED_EDGE('',*,*,#2730,.F.);
#2796 = PLANE('',#2797);
#2797 = AXIS2_PLACEMENT_3D('',#2798,#2799,#2800);
#2798 = CARTESIAN_POINT('',(-170.,124.8,93.5));
#2799 = DIRECTION('',(1.,0.,0.));
#2800 = DIRECTION('',(0.,0.,1.));
#2801 = ( GEOMETRIC_REPRESENTATION_CONTEXT(3) 
GLOBAL_UNCERTAINTY_ASSIGNED_CONTEXT((#2805)) 
GLOBAL_UNIT_ASSIGNED_CONTEXT((#2802,#2803,#2804)) REPRESENTATION_CONTEXT
('Context #1','3D Context with UNIT and UNCERTAINTY') );
#2802 = ( LENGTH_UNIT() NAMED_UNIT(*) SI_UNIT(.MILLI.,.METRE.) );
#2803 = ( NAMED_UNIT(*) PLANE_ANGLE_UNIT() SI_UNIT($,.RADIAN.) );
#2804 = ( NAMED_UNIT(*) SI_UNIT($,.STERADIAN.) SOLID_ANGLE_UNIT() );
#2805 = UNCERTAINTY_MEASURE_WITH_UNIT(LENGTH_MEASURE(1.E-05),#2802,
  'distance_accuracy_value','confusion accuracy');
#2806 = CONTEXT_DEPENDENT_SHAPE_REPRESENTATION(#2807,#2809);
#2807 = ( REPRESENTATION_RELATIONSHIP('','',#2324,#10) 
REPRESENTATION_RELATIONSHIP_WITH_TRANSFORMATION(#2808) 
SHAPE_REPRESENTATION_RELATIONSHIP() );
#2808 = ITEM_DEFINED_TRANSFORMATION('','',#11,#23);
#2809 = PRODUCT_DEFINITION_SHAPE('Placement','Placement of an item',
  #2810);
#2810 = NEXT_ASSEMBLY_USAGE_OCCURRENCE('410','TOWER_GUS_L0','',#5,#2319,
  $);
#2811 = PRODUCT_RELATED_PRODUCT_CATEGORY('part',$,(#2321));
#2812 = SHAPE_DEFINITION_REPRESENTATION(#2813,#2819);
#2813 = PRODUCT_DEFINITION_SHAPE('','',#2814);
#2814 = PRODUCT_DEFINITION('design','',#2815,#2818);
#2815 = PRODUCT_DEFINITION_FORMATION('','',#2816);
#2816 = PRODUCT('TOWER_GUS_L1','TOWER_GUS_L1','',(#2817));
#2817 = PRODUCT_CONTEXT('',#2,'mechanical');
#2818 = PRODUCT_DEFINITION_CONTEXT('part definition',#2,'design');
#2819 = ADVANCED_BREP_SHAPE_REPRESENTATION('',(#11,#2820),#3246);
#2820 = MANIFOLD_SOLID_BREP('',#2821);
#2821 = CLOSED_SHELL('',(#2822,#2862,#2909,#2987,#3027,#3044,#3061,#3085
    ,#3149,#3166,#3183,#3200,#3212,#3229));
#2822 = ADVANCED_FACE('',(#2823),#2857,.T.);
#2823 = FACE_BOUND('',#2824,.T.);
#2824 = EDGE_LOOP('',(#2825,#2835,#2843,#2851));
#2825 = ORIENTED_EDGE('',*,*,#2826,.F.);
#2826 = EDGE_CURVE('',#2827,#2829,#2831,.T.);
#2827 = VERTEX_POINT('',#2828);
#2828 = CARTESIAN_POINT('',(-26.,106.3,89.8));
#2829 = VERTEX_POINT('',#2830);
#2830 = CARTESIAN_POINT('',(-26.,126.3,89.8));
#2831 = LINE('',#2832,#2833);
#2832 = CARTESIAN_POINT('',(-26.,106.3,89.8));
#2833 = VECTOR('',#2834,1.);
#2834 = DIRECTION('',(0.,1.,0.));
#2835 = ORIENTED_EDGE('',*,*,#2836,.T.);
#2836 = EDGE_CURVE('',#2827,#2837,#2839,.T.);
#2837 = VERTEX_POINT('',#2838);
#2838 = CARTESIAN_POINT('',(0.,106.3,89.8));
#2839 = LINE('',#2840,#2841);
#2840 = CARTESIAN_POINT('',(-26.,106.3,89.8));
#2841 = VECTOR('',#2842,1.);
#2842 = DIRECTION('',(1.,0.,0.));
#2843 = ORIENTED_EDGE('',*,*,#2844,.T.);
#2844 = EDGE_CURVE('',#2837,#2845,#2847,.T.);
#2845 = VERTEX_POINT('',#2846);
#2846 = CARTESIAN_POINT('',(0.,126.3,89.8));
#2847 = LINE('',#2848,#2849);
#2848 = CARTESIAN_POINT('',(0.,106.3,89.8));
#2849 = VECTOR('',#2850,1.);
#2850 = DIRECTION('',(0.,1.,0.));
#2851 = ORIENTED_EDGE('',*,*,#2852,.F.);
#2852 = EDGE_CURVE('',#2829,#2845,#2853,.T.);
#2853 = LINE('',#2854,#2855);
#2854 = CARTESIAN_POINT('',(-26.,126.3,89.8));
#2855 = VECTOR('',#2856,1.);
#2856 = DIRECTION('',(1.,0.,0.));
#2857 = PLANE('',#2858);
#2858 = AXIS2_PLACEMENT_3D('',#2859,#2860,#2861);
#2859 = CARTESIAN_POINT('',(-26.,106.3,89.8));
#2860 = DIRECTION('',(0.,0.,1.));
#2861 = DIRECTION('',(1.,0.,0.));
#2862 = ADVANCED_FACE('',(#2863),#2904,.T.);
#2863 = FACE_BOUND('',#2864,.T.);
#2864 = EDGE_LOOP('',(#2865,#2875,#2881,#2882,#2890,#2898));
#2865 = ORIENTED_EDGE('',*,*,#2866,.F.);
#2866 = EDGE_CURVE('',#2867,#2869,#2871,.T.);
#2867 = VERTEX_POINT('',#2868);
#2868 = CARTESIAN_POINT('',(-26.,106.3,86.8));
#2869 = VERTEX_POINT('',#2870);
#2870 = CARTESIAN_POINT('',(-26.,129.3,86.8));
#2871 = LINE('',#2872,#2873);
#2872 = CARTESIAN_POINT('',(-26.,126.3,86.8));
#2873 = VECTOR('',#2874,1.);
#2874 = DIRECTION('',(0.,1.,0.));
#2875 = ORIENTED_EDGE('',*,*,#2876,.T.);
#2876 = EDGE_CURVE('',#2867,#2827,#2877,.T.);
#2877 = LINE('',#2878,#2879);
#2878 = CARTESIAN_POINT('',(-26.,106.3,86.8));
#2879 = VECTOR('',#2880,1.);
#2880 = DIRECTION('',(0.,0.,1.));
#2881 = ORIENTED_EDGE('',*,*,#2826,.T.);
#2882 = ORIENTED_EDGE('',*,*,#2883,.T.);
#2883 = EDGE_CURVE('',#2829,#2884,#2886,.T.);
#2884 = VERTEX_POINT('',#2885);
#2885 = CARTESIAN_POINT('',(-26.,126.3,126.8));
#2886 = LINE('',#2887,#2888);
#2887 = CARTESIAN_POINT('',(-26.,126.3,86.8));
#2888 = VECTOR('',#2889,1.);
#2889 = DIRECTION('',(0.,0.,1.));
#2890 = ORIENTED_EDGE('',*,*,#2891,.T.);
#2891 = EDGE_CURVE('',#2884,#2892,#2894,.T.);
#2892 = VERTEX_POINT('',#2893);
#2893 = CARTESIAN_POINT('',(-26.,129.3,126.8));
#2894 = LINE('',#2895,#2896);
#2895 = CARTESIAN_POINT('',(-26.,126.3,126.8));
#2896 = VECTOR('',#2897,1.);
#2897 = DIRECTION('',(0.,1.,0.));
#2898 = ORIENTED_EDGE('',*,*,#2899,.F.);
#2899 = EDGE_CURVE('',#2869,#2892,#2900,.T.);
#2900 = LINE('',#2901,#2902);
#2901 = CARTESIAN_POINT('',(-26.,129.3,86.8));
#2902 = VECTOR('',#2903,1.);
#2903 = DIRECTION('',(0.,0.,1.));
#2904 = PLANE('',#2905);
#2905 = AXIS2_PLACEMENT_3D('',#2906,#2907,#2908);
#2906 = CARTESIAN_POINT('',(-26.,123.67301587301,100.92698412698));
#2907 = DIRECTION('',(-1.,-0.,-0.));
#2908 = DIRECTION('',(0.,0.,-1.));
#2909 = ADVANCED_FACE('',(#2910,#2960,#2971),#2982,.F.);
#2910 = FACE_BOUND('',#2911,.F.);
#2911 = EDGE_LOOP('',(#2912,#2913,#2914,#2922,#2930,#2938,#2946,#2954));
#2912 = ORIENTED_EDGE('',*,*,#2852,.F.);
#2913 = ORIENTED_EDGE('',*,*,#2883,.T.);
#2914 = ORIENTED_EDGE('',*,*,#2915,.T.);
#2915 = EDGE_CURVE('',#2884,#2916,#2918,.T.);
#2916 = VERTEX_POINT('',#2917);
#2917 = CARTESIAN_POINT('',(0.,126.3,126.8));
#2918 = LINE('',#2919,#2920);
#2919 = CARTESIAN_POINT('',(-26.,126.3,126.8));
#2920 = VECTOR('',#2921,1.);
#2921 = DIRECTION('',(1.,0.,0.));
#2922 = ORIENTED_EDGE('',*,*,#2923,.F.);
#2923 = EDGE_CURVE('',#2924,#2916,#2926,.T.);
#2924 = VERTEX_POINT('',#2925);
#2925 = CARTESIAN_POINT('',(0.,126.3,98.));
#2926 = LINE('',#2927,#2928);
#2927 = CARTESIAN_POINT('',(0.,126.3,86.8));
#2928 = VECTOR('',#2929,1.);
#2929 = DIRECTION('',(0.,0.,1.));
#2930 = ORIENTED_EDGE('',*,*,#2931,.F.);
#2931 = EDGE_CURVE('',#2932,#2924,#2934,.T.);
#2932 = VERTEX_POINT('',#2933);
#2933 = CARTESIAN_POINT('',(-16.,126.3,98.));
#2934 = LINE('',#2935,#2936);
#2935 = CARTESIAN_POINT('',(-21.,126.3,98.));
#2936 = VECTOR('',#2937,1.);
#2937 = DIRECTION('',(1.,0.,0.));
#2938 = ORIENTED_EDGE('',*,*,#2939,.T.);
#2939 = EDGE_CURVE('',#2932,#2940,#2942,.T.);
#2940 = VERTEX_POINT('',#2941);
#2941 = CARTESIAN_POINT('',(-16.,126.3,92.5));
#2942 = LINE('',#2943,#2944);
#2943 = CARTESIAN_POINT('',(-16.,126.3,89.65));
#2944 = VECTOR('',#2945,1.);
#2945 = DIRECTION('',(0.,0.,-1.));
#2946 = ORIENTED_EDGE('',*,*,#2947,.T.);
#2947 = EDGE_CURVE('',#2940,#2948,#2950,.T.);
#2948 = VERTEX_POINT('',#2949);
#2949 = CARTESIAN_POINT('',(0.,126.3,92.5));
#2950 = LINE('',#2951,#2952);
#2951 = CARTESIAN_POINT('',(-21.,126.3,92.5));
#2952 = VECTOR('',#2953,1.);
#2953 = DIRECTION('',(1.,0.,0.));
#2954 = ORIENTED_EDGE('',*,*,#2955,.F.);
#2955 = EDGE_CURVE('',#2845,#2948,#2956,.T.);
#2956 = LINE('',#2957,#2958);
#2957 = CARTESIAN_POINT('',(0.,126.3,86.8));
#2958 = VECTOR('',#2959,1.);
#2959 = DIRECTION('',(0.,0.,1.));
#2960 = FACE_BOUND('',#2961,.F.);
#2961 = EDGE_LOOP('',(#2962));
#2962 = ORIENTED_EDGE('',*,*,#2963,.T.);
#2963 = EDGE_CURVE('',#2964,#2964,#2966,.T.);
#2964 = VERTEX_POINT('',#2965);
#2965 = CARTESIAN_POINT('',(-18.1,126.3,104.));
#2966 = CIRCLE('',#2967,2.4);
#2967 = AXIS2_PLACEMENT_3D('',#2968,#2969,#2970);
#2968 = CARTESIAN_POINT('',(-20.5,126.3,104.));
#2969 = DIRECTION('',(0.,-1.,2.2E-16));
#2970 = DIRECTION('',(1.,0.,0.));
#2971 = FACE_BOUND('',#2972,.F.);
#2972 = EDGE_LOOP('',(#2973));
#2973 = ORIENTED_EDGE('',*,*,#2974,.T.);
#2974 = EDGE_CURVE('',#2975,#2975,#2977,.T.);
#2975 = VERTEX_POINT('',#2976);
#2976 = CARTESIAN_POINT('',(-18.1,126.3,120.));
#2977 = CIRCLE('',#2978,2.4);
#2978 = AXIS2_PLACEMENT_3D('',#2979,#2980,#2981);
#2979 = CARTESIAN_POINT('',(-20.5,126.3,120.));
#2980 = DIRECTION('',(0.,-1.,2.2E-16));
#2981 = DIRECTION('',(1.,0.,0.));
#2982 = PLANE('',#2983);
#2983 = AXIS2_PLACEMENT_3D('',#2984,#2985,#2986);
#2984 = CARTESIAN_POINT('',(-26.,126.3,86.8));
#2985 = DIRECTION('',(0.,1.,0.));
#2986 = DIRECTION('',(0.,0.,1.));
#2987 = ADVANCED_FACE('',(#2988),#3022,.T.);
#2988 = FACE_BOUND('',#2989,.T.);
#2989 = EDGE_LOOP('',(#2990,#3000,#3008,#3014,#3015,#3016));
#2990 = ORIENTED_EDGE('',*,*,#2991,.T.);
#2991 = EDGE_CURVE('',#2992,#2994,#2996,.T.);
#2992 = VERTEX_POINT('',#2993);
#2993 = CARTESIAN_POINT('',(0.,106.3,86.8));
#2994 = VERTEX_POINT('',#2995);
#2995 = CARTESIAN_POINT('',(0.,129.3,86.8));
#2996 = LINE('',#2997,#2998);
#2997 = CARTESIAN_POINT('',(0.,126.3,86.8));
#2998 = VECTOR('',#2999,1.);
#2999 = DIRECTION('',(0.,1.,0.));
#3000 = ORIENTED_EDGE('',*,*,#3001,.T.);
#3001 = EDGE_CURVE('',#2994,#3002,#3004,.T.);
#3002 = VERTEX_POINT('',#3003);
#3003 = CARTESIAN_POINT('',(0.,129.3,92.5));
#3004 = LINE('',#3005,#3006);
#3005 = CARTESIAN_POINT('',(0.,129.3,86.8));
#3006 = VECTOR('',#3007,1.);
#3007 = DIRECTION('',(0.,0.,1.));
#3008 = ORIENTED_EDGE('',*,*,#3009,.T.);
#3009 = EDGE_CURVE('',#3002,#2948,#3010,.T.);
#3010 = LINE('',#3011,#3012);
#3011 = CARTESIAN_POINT('',(0.,124.2365079365,92.5));
#3012 = VECTOR('',#3013,1.);
#3013 = DIRECTION('',(0.,-1.,0.));
#3014 = ORIENTED_EDGE('',*,*,#2955,.F.);
#3015 = ORIENTED_EDGE('',*,*,#2844,.F.);
#3016 = ORIENTED_EDGE('',*,*,#3017,.F.);
#3017 = EDGE_CURVE('',#2992,#2837,#3018,.T.);
#3018 = LINE('',#3019,#3020);
#3019 = CARTESIAN_POINT('',(0.,106.3,86.8));
#3020 = VECTOR('',#3021,1.);
#3021 = DIRECTION('',(0.,0.,1.));
#3022 = PLANE('',#3023);
#3023 = AXIS2_PLACEMENT_3D('',#3024,#3025,#3026);
#3024 = CARTESIAN_POINT('',(0.,123.67301587301,100.92698412698));
#3025 = DIRECTION('',(1.,0.,0.));
#3026 = DIRECTION('',(0.,0.,1.));
#3027 = ADVANCED_FACE('',(#3028),#3039,.F.);
#3028 = FACE_BOUND('',#3029,.F.);
#3029 = EDGE_LOOP('',(#3030,#3036,#3037,#3038));
#3030 = ORIENTED_EDGE('',*,*,#3031,.F.);
#3031 = EDGE_CURVE('',#2867,#2992,#3032,.T.);
#3032 = LINE('',#3033,#3034);
#3033 = CARTESIAN_POINT('',(-26.,106.3,86.8));
#3034 = VECTOR('',#3035,1.);
#3035 = DIRECTION('',(1.,0.,0.));
#3036 = ORIENTED_EDGE('',*,*,#2876,.T.);
#3037 = ORIENTED_EDGE('',*,*,#2836,.T.);
#3038 = ORIENTED_EDGE('',*,*,#3017,.F.);
#3039 = PLANE('',#3040);
#3040 = AXIS2_PLACEMENT_3D('',#3041,#3042,#3043);
#3041 = CARTESIAN_POINT('',(-26.,106.3,86.8));
#3042 = DIRECTION('',(0.,1.,0.));
#3043 = DIRECTION('',(0.,0.,1.));
#3044 = ADVANCED_FACE('',(#3045),#3056,.T.);
#3045 = FACE_BOUND('',#3046,.T.);
#3046 = EDGE_LOOP('',(#3047,#3048,#3054,#3055));
#3047 = ORIENTED_EDGE('',*,*,#2866,.T.);
#3048 = ORIENTED_EDGE('',*,*,#3049,.T.);
#3049 = EDGE_CURVE('',#2869,#2994,#3050,.T.);
#3050 = LINE('',#3051,#3052);
#3051 = CARTESIAN_POINT('',(-26.,129.3,86.8));
#3052 = VECTOR('',#3053,1.);
#3053 = DIRECTION('',(1.,0.,0.));
#3054 = ORIENTED_EDGE('',*,*,#2991,.F.);
#3055 = ORIENTED_EDGE('',*,*,#3031,.F.);
#3056 = PLANE('',#3057);
#3057 = AXIS2_PLACEMENT_3D('',#3058,#3059,#3060);
#3058 = CARTESIAN_POINT('',(-13.,117.8,86.8));
#3059 = DIRECTION('',(-0.,-0.,-1.));
#3060 = DIRECTION('',(-1.,0.,0.));
#3061 = ADVANCED_FACE('',(#3062),#3080,.T.);
#3062 = FACE_BOUND('',#3063,.T.);
#3063 = EDGE_LOOP('',(#3064,#3065,#3066,#3074));
#3064 = ORIENTED_EDGE('',*,*,#2891,.F.);
#3065 = ORIENTED_EDGE('',*,*,#2915,.T.);
#3066 = ORIENTED_EDGE('',*,*,#3067,.T.);
#3067 = EDGE_CURVE('',#2916,#3068,#3070,.T.);
#3068 = VERTEX_POINT('',#3069);
#3069 = CARTESIAN_POINT('',(0.,129.3,126.8));
#3070 = LINE('',#3071,#3072);
#3071 = CARTESIAN_POINT('',(0.,126.3,126.8));
#3072 = VECTOR('',#3073,1.);
#3073 = DIRECTION('',(0.,1.,0.));
#3074 = ORIENTED_EDGE('',*,*,#3075,.F.);
#3075 = EDGE_CURVE('',#2892,#3068,#3076,.T.);
#3076 = LINE('',#3077,#3078);
#3077 = CARTESIAN_POINT('',(-26.,129.3,126.8));
#3078 = VECTOR('',#3079,1.);
#3079 = DIRECTION('',(1.,0.,0.));
#3080 = PLANE('',#3081);
#3081 = AXIS2_PLACEMENT_3D('',#3082,#3083,#3084);
#3082 = CARTESIAN_POINT('',(-26.,126.3,126.8));
#3083 = DIRECTION('',(0.,0.,1.));
#3084 = DIRECTION('',(1.,0.,0.));
#3085 = ADVANCED_FACE('',(#3086,#3122,#3133),#3144,.T.);
#3086 = FACE_BOUND('',#3087,.T.);
#3087 = EDGE_LOOP('',(#3088,#3089,#3090,#3091,#3099,#3107,#3115,#3121));
#3088 = ORIENTED_EDGE('',*,*,#3049,.F.);
#3089 = ORIENTED_EDGE('',*,*,#2899,.T.);
#3090 = ORIENTED_EDGE('',*,*,#3075,.T.);
#3091 = ORIENTED_EDGE('',*,*,#3092,.F.);
#3092 = EDGE_CURVE('',#3093,#3068,#3095,.T.);
#3093 = VERTEX_POINT('',#3094);
#3094 = CARTESIAN_POINT('',(0.,129.3,98.));
#3095 = LINE('',#3096,#3097);
#3096 = CARTESIAN_POINT('',(0.,129.3,86.8));
#3097 = VECTOR('',#3098,1.);
#3098 = DIRECTION('',(0.,0.,1.));
#3099 = ORIENTED_EDGE('',*,*,#3100,.F.);
#3100 = EDGE_CURVE('',#3101,#3093,#3103,.T.);
#3101 = VERTEX_POINT('',#3102);
#3102 = CARTESIAN_POINT('',(-16.,129.3,98.));
#3103 = LINE('',#3104,#3105);
#3104 = CARTESIAN_POINT('',(-21.,129.3,98.));
#3105 = VECTOR('',#3106,1.);
#3106 = DIRECTION('',(1.,0.,0.));
#3107 = ORIENTED_EDGE('',*,*,#3108,.T.);
#3108 = EDGE_CURVE('',#3101,#3109,#3111,.T.);
#3109 = VERTEX_POINT('',#3110);
#3110 = CARTESIAN_POINT('',(-16.,129.3,92.5));
#3111 = LINE('',#3112,#3113);
#3112 = CARTESIAN_POINT('',(-16.,129.3,89.65));
#3113 = VECTOR('',#3114,1.);
#3114 = DIRECTION('',(0.,0.,-1.));
#3115 = ORIENTED_EDGE('',*,*,#3116,.T.);
#3116 = EDGE_CURVE('',#3109,#3002,#3117,.T.);
#3117 = LINE('',#3118,#3119);
#3118 = CARTESIAN_POINT('',(-21.,129.3,92.5));
#3119 = VECTOR('',#3120,1.);
#3120 = DIRECTION('',(1.,0.,0.));
#3121 = ORIENTED_EDGE('',*,*,#3001,.F.);
#3122 = FACE_BOUND('',#3123,.T.);
#3123 = EDGE_LOOP('',(#3124));
#3124 = ORIENTED_EDGE('',*,*,#3125,.T.);
#3125 = EDGE_CURVE('',#3126,#3126,#3128,.T.);
#3126 = VERTEX_POINT('',#3127);
#3127 = CARTESIAN_POINT('',(-18.1,129.3,104.));
#3128 = CIRCLE('',#3129,2.4);
#3129 = AXIS2_PLACEMENT_3D('',#3130,#3131,#3132);
#3130 = CARTESIAN_POINT('',(-20.5,129.3,104.));
#3131 = DIRECTION('',(0.,-1.,2.2E-16));
#3132 = DIRECTION('',(1.,0.,0.));
#3133 = FACE_BOUND('',#3134,.T.);
#3134 = EDGE_LOOP('',(#3135));
#3135 = ORIENTED_EDGE('',*,*,#3136,.T.);
#3136 = EDGE_CURVE('',#3137,#3137,#3139,.T.);
#3137 = VERTEX_POINT('',#3138);
#3138 = CARTESIAN_POINT('',(-18.1,129.3,120.));
#3139 = CIRCLE('',#3140,2.4);
#3140 = AXIS2_PLACEMENT_3D('',#3141,#3142,#3143);
#3141 = CARTESIAN_POINT('',(-20.5,129.3,120.));
#3142 = DIRECTION('',(0.,-1.,2.2E-16));
#3143 = DIRECTION('',(1.,0.,0.));
#3144 = PLANE('',#3145);
#3145 = AXIS2_PLACEMENT_3D('',#3146,#3147,#3148);
#3146 = CARTESIAN_POINT('',(-26.,129.3,86.8));
#3147 = DIRECTION('',(0.,1.,0.));
#3148 = DIRECTION('',(0.,0.,1.));
#3149 = ADVANCED_FACE('',(#3150),#3161,.T.);
#3150 = FACE_BOUND('',#3151,.T.);
#3151 = EDGE_LOOP('',(#3152,#3158,#3159,#3160));
#3152 = ORIENTED_EDGE('',*,*,#3153,.F.);
#3153 = EDGE_CURVE('',#2940,#3109,#3154,.T.);
#3154 = LINE('',#3155,#3156);
#3155 = CARTESIAN_POINT('',(-16.,124.8,92.5));
#3156 = VECTOR('',#3157,1.);
#3157 = DIRECTION('',(0.,1.,0.));
#3158 = ORIENTED_EDGE('',*,*,#2947,.T.);
#3159 = ORIENTED_EDGE('',*,*,#3009,.F.);
#3160 = ORIENTED_EDGE('',*,*,#3116,.F.);
#3161 = PLANE('',#3162);
#3162 = AXIS2_PLACEMENT_3D('',#3163,#3164,#3165);
#3163 = CARTESIAN_POINT('',(-16.,124.8,92.5));
#3164 = DIRECTION('',(0.,0.,1.));
#3165 = DIRECTION('',(1.,0.,0.));
#3166 = ADVANCED_FACE('',(#3167),#3178,.T.);
#3167 = FACE_BOUND('',#3168,.T.);
#3168 = EDGE_LOOP('',(#3169,#3175,#3176,#3177));
#3169 = ORIENTED_EDGE('',*,*,#3170,.F.);
#3170 = EDGE_CURVE('',#2932,#3101,#3171,.T.);
#3171 = LINE('',#3172,#3173);
#3172 = CARTESIAN_POINT('',(-16.,124.8,98.));
#3173 = VECTOR('',#3174,1.);
#3174 = DIRECTION('',(0.,1.,0.));
#3175 = ORIENTED_EDGE('',*,*,#2939,.T.);
#3176 = ORIENTED_EDGE('',*,*,#3153,.T.);
#3177 = ORIENTED_EDGE('',*,*,#3108,.F.);
#3178 = PLANE('',#3179);
#3179 = AXIS2_PLACEMENT_3D('',#3180,#3181,#3182);
#3180 = CARTESIAN_POINT('',(-16.,124.8,92.5));
#3181 = DIRECTION('',(1.,0.,0.));
#3182 = DIRECTION('',(0.,0.,1.));
#3183 = ADVANCED_FACE('',(#3184),#3195,.F.);
#3184 = FACE_BOUND('',#3185,.F.);
#3185 = EDGE_LOOP('',(#3186,#3187,#3188,#3194));
#3186 = ORIENTED_EDGE('',*,*,#3170,.F.);
#3187 = ORIENTED_EDGE('',*,*,#2931,.T.);
#3188 = ORIENTED_EDGE('',*,*,#3189,.F.);
#3189 = EDGE_CURVE('',#3093,#2924,#3190,.T.);
#3190 = LINE('',#3191,#3192);
#3191 = CARTESIAN_POINT('',(0.,124.2365079365,98.));
#3192 = VECTOR('',#3193,1.);
#3193 = DIRECTION('',(0.,-1.,0.));
#3194 = ORIENTED_EDGE('',*,*,#3100,.F.);
#3195 = PLANE('',#3196);
#3196 = AXIS2_PLACEMENT_3D('',#3197,#3198,#3199);
#3197 = CARTESIAN_POINT('',(-16.,124.8,98.));
#3198 = DIRECTION('',(0.,0.,1.));
#3199 = DIRECTION('',(1.,0.,0.));
#3200 = ADVANCED_FACE('',(#3201),#3207,.T.);
#3201 = FACE_BOUND('',#3202,.T.);
#3202 = EDGE_LOOP('',(#3203,#3204,#3205,#3206));
#3203 = ORIENTED_EDGE('',*,*,#3189,.F.);
#3204 = ORIENTED_EDGE('',*,*,#3092,.T.);
#3205 = ORIENTED_EDGE('',*,*,#3067,.F.);
#3206 = ORIENTED_EDGE('',*,*,#2923,.F.);
#3207 = PLANE('',#3208);
#3208 = AXIS2_PLACEMENT_3D('',#3209,#3210,#3211);
#3209 = CARTESIAN_POINT('',(0.,123.67301587301,100.92698412698));
#3210 = DIRECTION('',(1.,0.,0.));
#3211 = DIRECTION('',(0.,0.,1.));
#3212 = ADVANCED_FACE('',(#3213),#3224,.F.);
#3213 = FACE_BOUND('',#3214,.T.);
#3214 = EDGE_LOOP('',(#3215,#3216,#3222,#3223));
#3215 = ORIENTED_EDGE('',*,*,#2963,.T.);
#3216 = ORIENTED_EDGE('',*,*,#3217,.T.);
#3217 = EDGE_CURVE('',#2964,#3126,#3218,.T.);
#3218 = LINE('',#3219,#3220);
#3219 = CARTESIAN_POINT('',(-18.1,125.3,104.));
#3220 = VECTOR('',#3221,1.);
#3221 = DIRECTION('',(0.,1.,0.));
#3222 = ORIENTED_EDGE('',*,*,#3125,.F.);
#3223 = ORIENTED_EDGE('',*,*,#3217,.F.);
#3224 = CYLINDRICAL_SURFACE('',#3225,2.4);
#3225 = AXIS2_PLACEMENT_3D('',#3226,#3227,#3228);
#3226 = CARTESIAN_POINT('',(-20.5,125.3,104.));
#3227 = DIRECTION('',(-0.,-1.,0.));
#3228 = DIRECTION('',(1.,0.,0.));
#3229 = ADVANCED_FACE('',(#3230),#3241,.F.);
#3230 = FACE_BOUND('',#3231,.T.);
#3231 = EDGE_LOOP('',(#3232,#3233,#3239,#3240));
#3232 = ORIENTED_EDGE('',*,*,#2974,.T.);
#3233 = ORIENTED_EDGE('',*,*,#3234,.T.);
#3234 = EDGE_CURVE('',#2975,#3137,#3235,.T.);
#3235 = LINE('',#3236,#3237);
#3236 = CARTESIAN_POINT('',(-18.1,125.3,120.));
#3237 = VECTOR('',#3238,1.);
#3238 = DIRECTION('',(0.,1.,0.));
#3239 = ORIENTED_EDGE('',*,*,#3136,.F.);
#3240 = ORIENTED_EDGE('',*,*,#3234,.F.);
#3241 = CYLINDRICAL_SURFACE('',#3242,2.4);
#3242 = AXIS2_PLACEMENT_3D('',#3243,#3244,#3245);
#3243 = CARTESIAN_POINT('',(-20.5,125.3,120.));
#3244 = DIRECTION('',(-0.,-1.,0.));
#3245 = DIRECTION('',(1.,0.,0.));
#3246 = ( GEOMETRIC_REPRESENTATION_CONTEXT(3) 
GLOBAL_UNCERTAINTY_ASSIGNED_CONTEXT((#3250)) 
GLOBAL_UNIT_ASSIGNED_CONTEXT((#3247,#3248,#3249)) REPRESENTATION_CONTEXT
('Context #1','3D Context with UNIT and UNCERTAINTY') );
#3247 = ( LENGTH_UNIT() NAMED_UNIT(*) SI_UNIT(.MILLI.,.METRE.) );
#3248 = ( NAMED_UNIT(*) PLANE_ANGLE_UNIT() SI_UNIT($,.RADIAN.) );
#3249 = ( NAMED_UNIT(*) SI_UNIT($,.STERADIAN.) SOLID_ANGLE_UNIT() );
#3250 = UNCERTAINTY_MEASURE_WITH_UNIT(LENGTH_MEASURE(1.E-05),#3247,
  'distance_accuracy_value','confusion accuracy');
#3251 = CONTEXT_DEPENDENT_SHAPE_REPRESENTATION(#3252,#3254);
#3252 = ( REPRESENTATION_RELATIONSHIP('','',#2819,#10) 
REPRESENTATION_RELATIONSHIP_WITH_TRANSFORMATION(#3253) 
SHAPE_REPRESENTATION_RELATIONSHIP() );
#3253 = ITEM_DEFINED_TRANSFORMATION('','',#11,#27);
#3254 = PRODUCT_DEFINITION_SHAPE('Placement','Placement of an item',
  #3255);
#3255 = NEXT_ASSEMBLY_USAGE_OCCURRENCE('411','TOWER_GUS_L1','',#5,#2814,
  $);
#3256 = PRODUCT_RELATED_PRODUCT_CATEGORY('part',$,(#2816));
#3257 = SHAPE_DEFINITION_REPRESENTATION(#3258,#3264);
#3258 = PRODUCT_DEFINITION_SHAPE('','',#3259);
#3259 = PRODUCT_DEFINITION('design','',#3260,#3263);
#3260 = PRODUCT_DEFINITION_FORMATION('','',#3261);
#3261 = PRODUCT('TOWER_GUS_R2','TOWER_GUS_R2','',(#3262));
#3262 = PRODUCT_CONTEXT('',#2,'mechanical');
#3263 = PRODUCT_DEFINITION_CONTEXT('part definition',#2,'design');
#3264 = ADVANCED_BREP_SHAPE_REPRESENTATION('',(#11,#3265),#3559);
#3265 = MANIFOLD_SOLID_BREP('',#3266);
#3266 = CLOSED_SHELL('',(#3267,#3307,#3354,#3400,#3440,#3479,#3496,#3513
    ,#3525,#3542));
#3267 = ADVANCED_FACE('',(#3268),#3302,.T.);
#3268 = FACE_BOUND('',#3269,.T.);
#3269 = EDGE_LOOP('',(#3270,#3280,#3288,#3296));
#3270 = ORIENTED_EDGE('',*,*,#3271,.F.);
#3271 = EDGE_CURVE('',#3272,#3274,#3276,.T.);
#3272 = VERTEX_POINT('',#3273);
#3273 = CARTESIAN_POINT('',(-176.,-129.3,126.8));
#3274 = VERTEX_POINT('',#3275);
#3275 = CARTESIAN_POINT('',(-176.,-126.3,126.8));
#3276 = LINE('',#3277,#3278);
#3277 = CARTESIAN_POINT('',(-176.,-129.3,126.8));
#3278 = VECTOR('',#3279,1.);
#3279 = DIRECTION('',(0.,1.,0.));
#3280 = ORIENTED_EDGE('',*,*,#3281,.T.);
#3281 = EDGE_CURVE('',#3272,#3282,#3284,.T.);
#3282 = VERTEX_POINT('',#3283);
#3283 = CARTESIAN_POINT('',(-150.,-129.3,126.8));
#3284 = LINE('',#3285,#3286);
#3285 = CARTESIAN_POINT('',(-176.,-129.3,126.8));
#3286 = VECTOR('',#3287,1.);
#3287 = DIRECTION('',(1.,0.,0.));
#3288 = ORIENTED_EDGE('',*,*,#3289,.T.);
#3289 = EDGE_CURVE('',#3282,#3290,#3292,.T.);
#3290 = VERTEX_POINT('',#3291);
#3291 = CARTESIAN_POINT('',(-150.,-126.3,126.8));
#3292 = LINE('',#3293,#3294);
#3293 = CARTESIAN_POINT('',(-150.,-129.3,126.8));
#3294 = VECTOR('',#3295,1.);
#3295 = DIRECTION('',(0.,1.,0.));
#3296 = ORIENTED_EDGE('',*,*,#3297,.F.);
#3297 = EDGE_CURVE('',#3274,#3290,#3298,.T.);
#3298 = LINE('',#3299,#3300);
#3299 = CARTESIAN_POINT('',(-176.,-126.3,126.8));
#3300 = VECTOR('',#3301,1.);
#3301 = DIRECTION('',(1.,0.,0.));
#3302 = PLANE('',#3303);
#3303 = AXIS2_PLACEMENT_3D('',#3304,#3305,#3306);
#3304 = CARTESIAN_POINT('',(-176.,-129.3,126.8));
#3305 = DIRECTION('',(0.,0.,1.));
#3306 = DIRECTION('',(1.,0.,0.));
#3307 = ADVANCED_FACE('',(#3308),#3349,.T.);
#3308 = FACE_BOUND('',#3309,.T.);
#3309 = EDGE_LOOP('',(#3310,#3318,#3319,#3327,#3335,#3343));
#3310 = ORIENTED_EDGE('',*,*,#3311,.T.);
#3311 = EDGE_CURVE('',#3312,#3272,#3314,.T.);
#3312 = VERTEX_POINT('',#3313);
#3313 = CARTESIAN_POINT('',(-176.,-129.3,86.8));
#3314 = LINE('',#3315,#3316);
#3315 = CARTESIAN_POINT('',(-176.,-129.3,86.8));
#3316 = VECTOR('',#3317,1.);
#3317 = DIRECTION('',(0.,0.,1.));
#3318 = ORIENTED_EDGE('',*,*,#3271,.T.);
#3319 = ORIENTED_EDGE('',*,*,#3320,.F.);
#3320 = EDGE_CURVE('',#3321,#3274,#3323,.T.);
#3321 = VERTEX_POINT('',#3322);
#3322 = CARTESIAN_POINT('',(-176.,-126.3,89.8));
#3323 = LINE('',#3324,#3325);
#3324 = CARTESIAN_POINT('',(-176.,-126.3,86.8));
#3325 = VECTOR('',#3326,1.);
#3326 = DIRECTION('',(0.,0.,1.));
#3327 = ORIENTED_EDGE('',*,*,#3328,.T.);
#3328 = EDGE_CURVE('',#3321,#3329,#3331,.T.);
#3329 = VERTEX_POINT('',#3330);
#3330 = CARTESIAN_POINT('',(-176.,-106.3,89.8));
#3331 = LINE('',#3332,#3333);
#3332 = CARTESIAN_POINT('',(-176.,-129.3,89.8));
#3333 = VECTOR('',#3334,1.);
#3334 = DIRECTION('',(0.,1.,0.));
#3335 = ORIENTED_EDGE('',*,*,#3336,.F.);
#3336 = EDGE_CURVE('',#3337,#3329,#3339,.T.);
#3337 = VERTEX_POINT('',#3338);
#3338 = CARTESIAN_POINT('',(-176.,-106.3,86.8));
#3339 = LINE('',#3340,#3341);
#3340 = CARTESIAN_POINT('',(-176.,-106.3,86.8));
#3341 = VECTOR('',#3342,1.);
#3342 = DIRECTION('',(0.,0.,1.));
#3343 = ORIENTED_EDGE('',*,*,#3344,.F.);
#3344 = EDGE_CURVE('',#3312,#3337,#3345,.T.);
#3345 = LINE('',#3346,#3347);
#3346 = CARTESIAN_POINT('',(-176.,-129.3,86.8));
#3347 = VECTOR('',#3348,1.);
#3348 = DIRECTION('',(0.,1.,0.));
#3349 = PLANE('',#3350);
#3350 = AXIS2_PLACEMENT_3D('',#3351,#3352,#3353);
#3351 = CARTESIAN_POINT('',(-176.,-123.673015873,100.92698412698));
#3352 = DIRECTION('',(-1.,-0.,-0.));
#3353 = DIRECTION('',(0.,0.,-1.));
#3354 = ADVANCED_FACE('',(#3355,#3373,#3384),#3395,.T.);
#3355 = FACE_BOUND('',#3356,.T.);
#3356 = EDGE_LOOP('',(#3357,#3365,#3366,#3367));
#3357 = ORIENTED_EDGE('',*,*,#3358,.F.);
#3358 = EDGE_CURVE('',#3321,#3359,#3361,.T.);
#3359 = VERTEX_POINT('',#3360);
#3360 = CARTESIAN_POINT('',(-150.,-126.3,89.8));
#3361 = LINE('',#3362,#3363);
#3362 = CARTESIAN_POINT('',(-176.,-126.3,89.8));
#3363 = VECTOR('',#3364,1.);
#3364 = DIRECTION('',(1.,0.,0.));
#3365 = ORIENTED_EDGE('',*,*,#3320,.T.);
#3366 = ORIENTED_EDGE('',*,*,#3297,.T.);
#3367 = ORIENTED_EDGE('',*,*,#3368,.F.);
#3368 = EDGE_CURVE('',#3359,#3290,#3369,.T.);
#3369 = LINE('',#3370,#3371);
#3370 = CARTESIAN_POINT('',(-150.,-126.3,86.8));
#3371 = VECTOR('',#3372,1.);
#3372 = DIRECTION('',(0.,0.,1.));
#3373 = FACE_BOUND('',#3374,.T.);
#3374 = EDGE_LOOP('',(#3375));
#3375 = ORIENTED_EDGE('',*,*,#3376,.T.);
#3376 = EDGE_CURVE('',#3377,#3377,#3379,.T.);
#3377 = VERTEX_POINT('',#3378);
#3378 = CARTESIAN_POINT('',(-168.1,-126.3,104.));
#3379 = CIRCLE('',#3380,2.4);
#3380 = AXIS2_PLACEMENT_3D('',#3381,#3382,#3383);
#3381 = CARTESIAN_POINT('',(-170.5,-126.3,104.));
#3382 = DIRECTION('',(0.,-1.,2.2E-16));
#3383 = DIRECTION('',(1.,0.,0.));
#3384 = FACE_BOUND('',#3385,.T.);
#3385 = EDGE_LOOP('',(#3386));
#3386 = ORIENTED_EDGE('',*,*,#3387,.T.);
#3387 = EDGE_CURVE('',#3388,#3388,#3390,.T.);
#3388 = VERTEX_POINT('',#3389);
#3389 = CARTESIAN_POINT('',(-168.1,-126.3,120.));
#3390 = CIRCLE('',#3391,2.4);
#3391 = AXIS2_PLACEMENT_3D('',#3392,#3393,#3394);
#3392 = CARTESIAN_POINT('',(-170.5,-126.3,120.));
#3393 = DIRECTION('',(0.,-1.,2.2E-16));
#3394 = DIRECTION('',(1.,0.,0.));
#3395 = PLANE('',#3396);
#3396 = AXIS2_PLACEMENT_3D('',#3397,#3398,#3399);
#3397 = CARTESIAN_POINT('',(-176.,-126.3,86.8));
#3398 = DIRECTION('',(0.,1.,0.));
#3399 = DIRECTION('',(0.,0.,1.));
#3400 = ADVANCED_FACE('',(#3401),#3435,.T.);
#3401 = FACE_BOUND('',#3402,.T.);
#3402 = EDGE_LOOP('',(#3403,#3411,#3419,#3427,#3433,#3434));
#3403 = ORIENTED_EDGE('',*,*,#3404,.F.);
#3404 = EDGE_CURVE('',#3405,#3282,#3407,.T.);
#3405 = VERTEX_POINT('',#3406);
#3406 = CARTESIAN_POINT('',(-150.,-129.3,86.8));
#3407 = LINE('',#3408,#3409);
#3408 = CARTESIAN_POINT('',(-150.,-129.3,86.8));
#3409 = VECTOR('',#3410,1.);
#3410 = DIRECTION('',(0.,0.,1.));
#3411 = ORIENTED_EDGE('',*,*,#3412,.T.);
#3412 = EDGE_CURVE('',#3405,#3413,#3415,.T.);
#3413 = VERTEX_POINT('',#3414);
#3414 = CARTESIAN_POINT('',(-150.,-106.3,86.8));
#3415 = LINE('',#3416,#3417);
#3416 = CARTESIAN_POINT('',(-150.,-129.3,86.8));
#3417 = VECTOR('',#3418,1.);
#3418 = DIRECTION('',(0.,1.,0.));
#3419 = ORIENTED_EDGE('',*,*,#3420,.T.);
#3420 = EDGE_CURVE('',#3413,#3421,#3423,.T.);
#3421 = VERTEX_POINT('',#3422);
#3422 = CARTESIAN_POINT('',(-150.,-106.3,89.8));
#3423 = LINE('',#3424,#3425);
#3424 = CARTESIAN_POINT('',(-150.,-106.3,86.8));
#3425 = VECTOR('',#3426,1.);
#3426 = DIRECTION('',(0.,0.,1.));
#3427 = ORIENTED_EDGE('',*,*,#3428,.F.);
#3428 = EDGE_CURVE('',#3359,#3421,#3429,.T.);
#3429 = LINE('',#3430,#3431);
#3430 = CARTESIAN_POINT('',(-150.,-129.3,89.8));
#3431 = VECTOR('',#3432,1.);
#3432 = DIRECTION('',(0.,1.,0.));
#3433 = ORIENTED_EDGE('',*,*,#3368,.T.);
#3434 = ORIENTED_EDGE('',*,*,#3289,.F.);
#3435 = PLANE('',#3436);
#3436 = AXIS2_PLACEMENT_3D('',#3437,#3438,#3439);
#3437 = CARTESIAN_POINT('',(-150.,-123.673015873,100.92698412698));
#3438 = DIRECTION('',(1.,0.,0.));
#3439 = DIRECTION('',(0.,0.,1.));
#3440 = ADVANCED_FACE('',(#3441,#3452,#3463),#3474,.F.);
#3441 = FACE_BOUND('',#3442,.F.);
#3442 = EDGE_LOOP('',(#3443,#3449,#3450,#3451));
#3443 = ORIENTED_EDGE('',*,*,#3444,.F.);
#3444 = EDGE_CURVE('',#3312,#3405,#3445,.T.);
#3445 = LINE('',#3446,#3447);
#3446 = CARTESIAN_POINT('',(-176.,-129.3,86.8));
#3447 = VECTOR('',#3448,1.);
#3448 = DIRECTION('',(1.,0.,0.));
#3449 = ORIENTED_EDGE('',*,*,#3311,.T.);
#3450 = ORIENTED_EDGE('',*,*,#3281,.T.);
#3451 = ORIENTED_EDGE('',*,*,#3404,.F.);
#3452 = FACE_BOUND('',#3453,.F.);
#3453 = EDGE_LOOP('',(#3454));
#3454 = ORIENTED_EDGE('',*,*,#3455,.T.);
#3455 = EDGE_CURVE('',#3456,#3456,#3458,.T.);
#3456 = VERTEX_POINT('',#3457);
#3457 = CARTESIAN_POINT('',(-168.1,-129.3,104.));
#3458 = CIRCLE('',#3459,2.4);
#3459 = AXIS2_PLACEMENT_3D('',#3460,#3461,#3462);
#3460 = CARTESIAN_POINT('',(-170.5,-129.3,104.));
#3461 = DIRECTION('',(0.,-1.,2.2E-16));
#3462 = DIRECTION('',(1.,0.,0.));
#3463 = FACE_BOUND('',#3464,.F.);
#3464 = EDGE_LOOP('',(#3465));
#3465 = ORIENTED_EDGE('',*,*,#3466,.T.);
#3466 = EDGE_CURVE('',#3467,#3467,#3469,.T.);
#3467 = VERTEX_POINT('',#3468);
#3468 = CARTESIAN_POINT('',(-168.1,-129.3,120.));
#3469 = CIRCLE('',#3470,2.4);
#3470 = AXIS2_PLACEMENT_3D('',#3471,#3472,#3473);
#3471 = CARTESIAN_POINT('',(-170.5,-129.3,120.));
#3472 = DIRECTION('',(0.,-1.,2.2E-16));
#3473 = DIRECTION('',(1.,0.,0.));
#3474 = PLANE('',#3475);
#3475 = AXIS2_PLACEMENT_3D('',#3476,#3477,#3478);
#3476 = CARTESIAN_POINT('',(-176.,-129.3,86.8));
#3477 = DIRECTION('',(0.,1.,0.));
#3478 = DIRECTION('',(0.,0.,1.));
#3479 = ADVANCED_FACE('',(#3480),#3491,.T.);
#3480 = FACE_BOUND('',#3481,.T.);
#3481 = EDGE_LOOP('',(#3482,#3483,#3484,#3485));
#3482 = ORIENTED_EDGE('',*,*,#3328,.F.);
#3483 = ORIENTED_EDGE('',*,*,#3358,.T.);
#3484 = ORIENTED_EDGE('',*,*,#3428,.T.);
#3485 = ORIENTED_EDGE('',*,*,#3486,.F.);
#3486 = EDGE_CURVE('',#3329,#3421,#3487,.T.);
#3487 = LINE('',#3488,#3489);
#3488 = CARTESIAN_POINT('',(-176.,-106.3,89.8));
#3489 = VECTOR('',#3490,1.);
#3490 = DIRECTION('',(1.,0.,0.));
#3491 = PLANE('',#3492);
#3492 = AXIS2_PLACEMENT_3D('',#3493,#3494,#3495);
#3493 = CARTESIAN_POINT('',(-176.,-129.3,89.8));
#3494 = DIRECTION('',(0.,0.,1.));
#3495 = DIRECTION('',(1.,0.,0.));
#3496 = ADVANCED_FACE('',(#3497),#3508,.T.);
#3497 = FACE_BOUND('',#3498,.T.);
#3498 = EDGE_LOOP('',(#3499,#3505,#3506,#3507));
#3499 = ORIENTED_EDGE('',*,*,#3500,.F.);
#3500 = EDGE_CURVE('',#3337,#3413,#3501,.T.);
#3501 = LINE('',#3502,#3503);
#3502 = CARTESIAN_POINT('',(-176.,-106.3,86.8));
#3503 = VECTOR('',#3504,1.);
#3504 = DIRECTION('',(1.,0.,0.));
#3505 = ORIENTED_EDGE('',*,*,#3336,.T.);
#3506 = ORIENTED_EDGE('',*,*,#3486,.T.);
#3507 = ORIENTED_EDGE('',*,*,#3420,.F.);
#3508 = PLANE('',#3509);
#3509 = AXIS2_PLACEMENT_3D('',#3510,#3511,#3512);
#3510 = CARTESIAN_POINT('',(-176.,-106.3,86.8));
#3511 = DIRECTION('',(0.,1.,0.));
#3512 = DIRECTION('',(0.,0.,1.));
#3513 = ADVANCED_FACE('',(#3514),#3520,.T.);
#3514 = FACE_BOUND('',#3515,.T.);
#3515 = EDGE_LOOP('',(#3516,#3517,#3518,#3519));
#3516 = ORIENTED_EDGE('',*,*,#3344,.T.);
#3517 = ORIENTED_EDGE('',*,*,#3500,.T.);
#3518 = ORIENTED_EDGE('',*,*,#3412,.F.);
#3519 = ORIENTED_EDGE('',*,*,#3444,.F.);
#3520 = PLANE('',#3521);
#3521 = AXIS2_PLACEMENT_3D('',#3522,#3523,#3524);
#3522 = CARTESIAN_POINT('',(-163.,-117.8,86.8));
#3523 = DIRECTION('',(-0.,-0.,-1.));
#3524 = DIRECTION('',(-1.,0.,0.));
#3525 = ADVANCED_FACE('',(#3526),#3537,.F.);
#3526 = FACE_BOUND('',#3527,.T.);
#3527 = EDGE_LOOP('',(#3528,#3529,#3535,#3536));
#3528 = ORIENTED_EDGE('',*,*,#3455,.T.);
#3529 = ORIENTED_EDGE('',*,*,#3530,.T.);
#3530 = EDGE_CURVE('',#3456,#3377,#3531,.T.);
#3531 = LINE('',#3532,#3533);
#3532 = CARTESIAN_POINT('',(-168.1,-130.3,104.));
#3533 = VECTOR('',#3534,1.);
#3534 = DIRECTION('',(0.,1.,0.));
#3535 = ORIENTED_EDGE('',*,*,#3376,.F.);
#3536 = ORIENTED_EDGE('',*,*,#3530,.F.);
#3537 = CYLINDRICAL_SURFACE('',#3538,2.4);
#3538 = AXIS2_PLACEMENT_3D('',#3539,#3540,#3541);
#3539 = CARTESIAN_POINT('',(-170.5,-130.3,104.));
#3540 = DIRECTION('',(-0.,-1.,0.));
#3541 = DIRECTION('',(1.,0.,0.));
#3542 = ADVANCED_FACE('',(#3543),#3554,.F.);
#3543 = FACE_BOUND('',#3544,.T.);
#3544 = EDGE_LOOP('',(#3545,#3546,#3552,#3553));
#3545 = ORIENTED_EDGE('',*,*,#3466,.T.);
#3546 = ORIENTED_EDGE('',*,*,#3547,.T.);
#3547 = EDGE_CURVE('',#3467,#3388,#3548,.T.);
#3548 = LINE('',#3549,#3550);
#3549 = CARTESIAN_POINT('',(-168.1,-130.3,120.));
#3550 = VECTOR('',#3551,1.);
#3551 = DIRECTION('',(0.,1.,0.));
#3552 = ORIENTED_EDGE('',*,*,#3387,.F.);
#3553 = ORIENTED_EDGE('',*,*,#3547,.F.);
#3554 = CYLINDRICAL_SURFACE('',#3555,2.4);
#3555 = AXIS2_PLACEMENT_3D('',#3556,#3557,#3558);
#3556 = CARTESIAN_POINT('',(-170.5,-130.3,120.));
#3557 = DIRECTION('',(-0.,-1.,0.));
#3558 = DIRECTION('',(1.,0.,0.));
#3559 = ( GEOMETRIC_REPRESENTATION_CONTEXT(3) 
GLOBAL_UNCERTAINTY_ASSIGNED_CONTEXT((#3563)) 
GLOBAL_UNIT_ASSIGNED_CONTEXT((#3560,#3561,#3562)) REPRESENTATION_CONTEXT
('Context #1','3D Context with UNIT and UNCERTAINTY') );
#3560 = ( LENGTH_UNIT() NAMED_UNIT(*) SI_UNIT(.MILLI.,.METRE.) );
#3561 = ( NAMED_UNIT(*) PLANE_ANGLE_UNIT() SI_UNIT($,.RADIAN.) );
#3562 = ( NAMED_UNIT(*) SI_UNIT($,.STERADIAN.) SOLID_ANGLE_UNIT() );
#3563 = UNCERTAINTY_MEASURE_WITH_UNIT(LENGTH_MEASURE(2.E-06),#3560,
  'distance_accuracy_value','confusion accuracy');
#3564 = CONTEXT_DEPENDENT_SHAPE_REPRESENTATION(#3565,#3567);
#3565 = ( REPRESENTATION_RELATIONSHIP('','',#3264,#10) 
REPRESENTATION_RELATIONSHIP_WITH_TRANSFORMATION(#3566) 
SHAPE_REPRESENTATION_RELATIONSHIP() );
#3566 = ITEM_DEFINED_TRANSFORMATION('','',#11,#31);
#3567 = PRODUCT_DEFINITION_SHAPE('Placement','Placement of an item',
  #3568);
#3568 = NEXT_ASSEMBLY_USAGE_OCCURRENCE('412','TOWER_GUS_R2','',#5,#3259,
  $);
#3569 = PRODUCT_RELATED_PRODUCT_CATEGORY('part',$,(#3261));
#3570 = SHAPE_DEFINITION_REPRESENTATION(#3571,#3577);
#3571 = PRODUCT_DEFINITION_SHAPE('','',#3572);
#3572 = PRODUCT_DEFINITION('design','',#3573,#3576);
#3573 = PRODUCT_DEFINITION_FORMATION('','',#3574);
#3574 = PRODUCT('TOWER_GUS_R3','TOWER_GUS_R3','',(#3575));
#3575 = PRODUCT_CONTEXT('',#2,'mechanical');
#3576 = PRODUCT_DEFINITION_CONTEXT('part definition',#2,'design');
#3577 = ADVANCED_BREP_SHAPE_REPRESENTATION('',(#11,#3578),#3872);
#3578 = MANIFOLD_SOLID_BREP('',#3579);
#3579 = CLOSED_SHELL('',(#3580,#3620,#3667,#3713,#3753,#3792,#3809,#3826
    ,#3838,#3855));
#3580 = ADVANCED_FACE('',(#3581),#3615,.T.);
#3581 = FACE_BOUND('',#3582,.T.);
#3582 = EDGE_LOOP('',(#3583,#3593,#3601,#3609));
#3583 = ORIENTED_EDGE('',*,*,#3584,.F.);
#3584 = EDGE_CURVE('',#3585,#3587,#3589,.T.);
#3585 = VERTEX_POINT('',#3586);
#3586 = CARTESIAN_POINT('',(-26.,-129.3,126.8));
#3587 = VERTEX_POINT('',#3588);
#3588 = CARTESIAN_POINT('',(-26.,-126.3,126.8));
#3589 = LINE('',#3590,#3591);
#3590 = CARTESIAN_POINT('',(-26.,-129.3,126.8));
#3591 = VECTOR('',#3592,1.);
#3592 = DIRECTION('',(0.,1.,0.));
#3593 = ORIENTED_EDGE('',*,*,#3594,.T.);
#3594 = EDGE_CURVE('',#3585,#3595,#3597,.T.);
#3595 = VERTEX_POINT('',#3596);
#3596 = CARTESIAN_POINT('',(0.,-129.3,126.8));
#3597 = LINE('',#3598,#3599);
#3598 = CARTESIAN_POINT('',(-26.,-129.3,126.8));
#3599 = VECTOR('',#3600,1.);
#3600 = DIRECTION('',(1.,0.,0.));
#3601 = ORIENTED_EDGE('',*,*,#3602,.T.);
#3602 = EDGE_CURVE('',#3595,#3603,#3605,.T.);
#3603 = VERTEX_POINT('',#3604);
#3604 = CARTESIAN_POINT('',(0.,-126.3,126.8));
#3605 = LINE('',#3606,#3607);
#3606 = CARTESIAN_POINT('',(0.,-129.3,126.8));
#3607 = VECTOR('',#3608,1.);
#3608 = DIRECTION('',(0.,1.,0.));
#3609 = ORIENTED_EDGE('',*,*,#3610,.F.);
#3610 = EDGE_CURVE('',#3587,#3603,#3611,.T.);
#3611 = LINE('',#3612,#3613);
#3612 = CARTESIAN_POINT('',(-26.,-126.3,126.8));
#3613 = VECTOR('',#3614,1.);
#3614 = DIRECTION('',(1.,0.,0.));
#3615 = PLANE('',#3616);
#3616 = AXIS2_PLACEMENT_3D('',#3617,#3618,#3619);
#3617 = CARTESIAN_POINT('',(-26.,-129.3,126.8));
#3618 = DIRECTION('',(0.,0.,1.));
#3619 = DIRECTION('',(1.,0.,0.));
#3620 = ADVANCED_FACE('',(#3621),#3662,.T.);
#3621 = FACE_BOUND('',#3622,.T.);
#3622 = EDGE_LOOP('',(#3623,#3631,#3632,#3640,#3648,#3656));
#3623 = ORIENTED_EDGE('',*,*,#3624,.T.);
#3624 = EDGE_CURVE('',#3625,#3585,#3627,.T.);
#3625 = VERTEX_POINT('',#3626);
#3626 = CARTESIAN_POINT('',(-26.,-129.3,86.8));
#3627 = LINE('',#3628,#3629);
#3628 = CARTESIAN_POINT('',(-26.,-129.3,86.8));
#3629 = VECTOR('',#3630,1.);
#3630 = DIRECTION('',(0.,0.,1.));
#3631 = ORIENTED_EDGE('',*,*,#3584,.T.);
#3632 = ORIENTED_EDGE('',*,*,#3633,.F.);
#3633 = EDGE_CURVE('',#3634,#3587,#3636,.T.);
#3634 = VERTEX_POINT('',#3635);
#3635 = CARTESIAN_POINT('',(-26.,-126.3,89.8));
#3636 = LINE('',#3637,#3638);
#3637 = CARTESIAN_POINT('',(-26.,-126.3,86.8));
#3638 = VECTOR('',#3639,1.);
#3639 = DIRECTION('',(0.,0.,1.));
#3640 = ORIENTED_EDGE('',*,*,#3641,.T.);
#3641 = EDGE_CURVE('',#3634,#3642,#3644,.T.);
#3642 = VERTEX_POINT('',#3643);
#3643 = CARTESIAN_POINT('',(-26.,-106.3,89.8));
#3644 = LINE('',#3645,#3646);
#3645 = CARTESIAN_POINT('',(-26.,-129.3,89.8));
#3646 = VECTOR('',#3647,1.);
#3647 = DIRECTION('',(0.,1.,0.));
#3648 = ORIENTED_EDGE('',*,*,#3649,.F.);
#3649 = EDGE_CURVE('',#3650,#3642,#3652,.T.);
#3650 = VERTEX_POINT('',#3651);
#3651 = CARTESIAN_POINT('',(-26.,-106.3,86.8));
#3652 = LINE('',#3653,#3654);
#3653 = CARTESIAN_POINT('',(-26.,-106.3,86.8));
#3654 = VECTOR('',#3655,1.);
#3655 = DIRECTION('',(0.,0.,1.));
#3656 = ORIENTED_EDGE('',*,*,#3657,.F.);
#3657 = EDGE_CURVE('',#3625,#3650,#3658,.T.);
#3658 = LINE('',#3659,#3660);
#3659 = CARTESIAN_POINT('',(-26.,-129.3,86.8));
#3660 = VECTOR('',#3661,1.);
#3661 = DIRECTION('',(0.,1.,0.));
#3662 = PLANE('',#3663);
#3663 = AXIS2_PLACEMENT_3D('',#3664,#3665,#3666);
#3664 = CARTESIAN_POINT('',(-26.,-123.673015873,100.92698412698));
#3665 = DIRECTION('',(-1.,-0.,-0.));
#3666 = DIRECTION('',(0.,0.,-1.));
#3667 = ADVANCED_FACE('',(#3668,#3686,#3697),#3708,.T.);
#3668 = FACE_BOUND('',#3669,.T.);
#3669 = EDGE_LOOP('',(#3670,#3678,#3679,#3680));
#3670 = ORIENTED_EDGE('',*,*,#3671,.F.);
#3671 = EDGE_CURVE('',#3634,#3672,#3674,.T.);
#3672 = VERTEX_POINT('',#3673);
#3673 = CARTESIAN_POINT('',(0.,-126.3,89.8));
#3674 = LINE('',#3675,#3676);
#3675 = CARTESIAN_POINT('',(-26.,-126.3,89.8));
#3676 = VECTOR('',#3677,1.);
#3677 = DIRECTION('',(1.,0.,0.));
#3678 = ORIENTED_EDGE('',*,*,#3633,.T.);
#3679 = ORIENTED_EDGE('',*,*,#3610,.T.);
#3680 = ORIENTED_EDGE('',*,*,#3681,.F.);
#3681 = EDGE_CURVE('',#3672,#3603,#3682,.T.);
#3682 = LINE('',#3683,#3684);
#3683 = CARTESIAN_POINT('',(0.,-126.3,86.8));
#3684 = VECTOR('',#3685,1.);
#3685 = DIRECTION('',(0.,0.,1.));
#3686 = FACE_BOUND('',#3687,.T.);
#3687 = EDGE_LOOP('',(#3688));
#3688 = ORIENTED_EDGE('',*,*,#3689,.T.);
#3689 = EDGE_CURVE('',#3690,#3690,#3692,.T.);
#3690 = VERTEX_POINT('',#3691);
#3691 = CARTESIAN_POINT('',(-18.1,-126.3,104.));
#3692 = CIRCLE('',#3693,2.4);
#3693 = AXIS2_PLACEMENT_3D('',#3694,#3695,#3696);
#3694 = CARTESIAN_POINT('',(-20.5,-126.3,104.));
#3695 = DIRECTION('',(0.,-1.,2.2E-16));
#3696 = DIRECTION('',(1.,0.,0.));
#3697 = FACE_BOUND('',#3698,.T.);
#3698 = EDGE_LOOP('',(#3699));
#3699 = ORIENTED_EDGE('',*,*,#3700,.T.);
#3700 = EDGE_CURVE('',#3701,#3701,#3703,.T.);
#3701 = VERTEX_POINT('',#3702);
#3702 = CARTESIAN_POINT('',(-18.1,-126.3,120.));
#3703 = CIRCLE('',#3704,2.4);
#3704 = AXIS2_PLACEMENT_3D('',#3705,#3706,#3707);
#3705 = CARTESIAN_POINT('',(-20.5,-126.3,120.));
#3706 = DIRECTION('',(0.,-1.,2.2E-16));
#3707 = DIRECTION('',(1.,0.,0.));
#3708 = PLANE('',#3709);
#3709 = AXIS2_PLACEMENT_3D('',#3710,#3711,#3712);
#3710 = CARTESIAN_POINT('',(-26.,-126.3,86.8));
#3711 = DIRECTION('',(0.,1.,0.));
#3712 = DIRECTION('',(0.,0.,1.));
#3713 = ADVANCED_FACE('',(#3714),#3748,.T.);
#3714 = FACE_BOUND('',#3715,.T.);
#3715 = EDGE_LOOP('',(#3716,#3724,#3732,#3740,#3746,#3747));
#3716 = ORIENTED_EDGE('',*,*,#3717,.F.);
#3717 = EDGE_CURVE('',#3718,#3595,#3720,.T.);
#3718 = VERTEX_POINT('',#3719);
#3719 = CARTESIAN_POINT('',(0.,-129.3,86.8));
#3720 = LINE('',#3721,#3722);
#3721 = CARTESIAN_POINT('',(0.,-129.3,86.8));
#3722 = VECTOR('',#3723,1.);
#3723 = DIRECTION('',(0.,0.,1.));
#3724 = ORIENTED_EDGE('',*,*,#3725,.T.);
#3725 = EDGE_CURVE('',#3718,#3726,#3728,.T.);
#3726 = VERTEX_POINT('',#3727);
#3727 = CARTESIAN_POINT('',(0.,-106.3,86.8));
#3728 = LINE('',#3729,#3730);
#3729 = CARTESIAN_POINT('',(0.,-129.3,86.8));
#3730 = VECTOR('',#3731,1.);
#3731 = DIRECTION('',(0.,1.,0.));
#3732 = ORIENTED_EDGE('',*,*,#3733,.T.);
#3733 = EDGE_CURVE('',#3726,#3734,#3736,.T.);
#3734 = VERTEX_POINT('',#3735);
#3735 = CARTESIAN_POINT('',(0.,-106.3,89.8));
#3736 = LINE('',#3737,#3738);
#3737 = CARTESIAN_POINT('',(0.,-106.3,86.8));
#3738 = VECTOR('',#3739,1.);
#3739 = DIRECTION('',(0.,0.,1.));
#3740 = ORIENTED_EDGE('',*,*,#3741,.F.);
#3741 = EDGE_CURVE('',#3672,#3734,#3742,.T.);
#3742 = LINE('',#3743,#3744);
#3743 = CARTESIAN_POINT('',(0.,-129.3,89.8));
#3744 = VECTOR('',#3745,1.);
#3745 = DIRECTION('',(0.,1.,0.));
#3746 = ORIENTED_EDGE('',*,*,#3681,.T.);
#3747 = ORIENTED_EDGE('',*,*,#3602,.F.);
#3748 = PLANE('',#3749);
#3749 = AXIS2_PLACEMENT_3D('',#3750,#3751,#3752);
#3750 = CARTESIAN_POINT('',(0.,-123.673015873,100.92698412698));
#3751 = DIRECTION('',(1.,0.,0.));
#3752 = DIRECTION('',(0.,0.,1.));
#3753 = ADVANCED_FACE('',(#3754,#3765,#3776),#3787,.F.);
#3754 = FACE_BOUND('',#3755,.F.);
#3755 = EDGE_LOOP('',(#3756,#3762,#3763,#3764));
#3756 = ORIENTED_EDGE('',*,*,#3757,.F.);
#3757 = EDGE_CURVE('',#3625,#3718,#3758,.T.);
#3758 = LINE('',#3759,#3760);
#3759 = CARTESIAN_POINT('',(-26.,-129.3,86.8));
#3760 = VECTOR('',#3761,1.);
#3761 = DIRECTION('',(1.,0.,0.));
#3762 = ORIENTED_EDGE('',*,*,#3624,.T.);
#3763 = ORIENTED_EDGE('',*,*,#3594,.T.);
#3764 = ORIENTED_EDGE('',*,*,#3717,.F.);
#3765 = FACE_BOUND('',#3766,.F.);
#3766 = EDGE_LOOP('',(#3767));
#3767 = ORIENTED_EDGE('',*,*,#3768,.T.);
#3768 = EDGE_CURVE('',#3769,#3769,#3771,.T.);
#3769 = VERTEX_POINT('',#3770);
#3770 = CARTESIAN_POINT('',(-18.1,-129.3,104.));
#3771 = CIRCLE('',#3772,2.4);
#3772 = AXIS2_PLACEMENT_3D('',#3773,#3774,#3775);
#3773 = CARTESIAN_POINT('',(-20.5,-129.3,104.));
#3774 = DIRECTION('',(0.,-1.,2.2E-16));
#3775 = DIRECTION('',(1.,0.,0.));
#3776 = FACE_BOUND('',#3777,.F.);
#3777 = EDGE_LOOP('',(#3778));
#3778 = ORIENTED_EDGE('',*,*,#3779,.T.);
#3779 = EDGE_CURVE('',#3780,#3780,#3782,.T.);
#3780 = VERTEX_POINT('',#3781);
#3781 = CARTESIAN_POINT('',(-18.1,-129.3,120.));
#3782 = CIRCLE('',#3783,2.4);
#3783 = AXIS2_PLACEMENT_3D('',#3784,#3785,#3786);
#3784 = CARTESIAN_POINT('',(-20.5,-129.3,120.));
#3785 = DIRECTION('',(0.,-1.,2.2E-16));
#3786 = DIRECTION('',(1.,0.,0.));
#3787 = PLANE('',#3788);
#3788 = AXIS2_PLACEMENT_3D('',#3789,#3790,#3791);
#3789 = CARTESIAN_POINT('',(-26.,-129.3,86.8));
#3790 = DIRECTION('',(0.,1.,0.));
#3791 = DIRECTION('',(0.,0.,1.));
#3792 = ADVANCED_FACE('',(#3793),#3804,.T.);
#3793 = FACE_BOUND('',#3794,.T.);
#3794 = EDGE_LOOP('',(#3795,#3796,#3797,#3798));
#3795 = ORIENTED_EDGE('',*,*,#3641,.F.);
#3796 = ORIENTED_EDGE('',*,*,#3671,.T.);
#3797 = ORIENTED_EDGE('',*,*,#3741,.T.);
#3798 = ORIENTED_EDGE('',*,*,#3799,.F.);
#3799 = EDGE_CURVE('',#3642,#3734,#3800,.T.);
#3800 = LINE('',#3801,#3802);
#3801 = CARTESIAN_POINT('',(-26.,-106.3,89.8));
#3802 = VECTOR('',#3803,1.);
#3803 = DIRECTION('',(1.,0.,0.));
#3804 = PLANE('',#3805);
#3805 = AXIS2_PLACEMENT_3D('',#3806,#3807,#3808);
#3806 = CARTESIAN_POINT('',(-26.,-129.3,89.8));
#3807 = DIRECTION('',(0.,0.,1.));
#3808 = DIRECTION('',(1.,0.,0.));
#3809 = ADVANCED_FACE('',(#3810),#3821,.T.);
#3810 = FACE_BOUND('',#3811,.T.);
#3811 = EDGE_LOOP('',(#3812,#3818,#3819,#3820));
#3812 = ORIENTED_EDGE('',*,*,#3813,.F.);
#3813 = EDGE_CURVE('',#3650,#3726,#3814,.T.);
#3814 = LINE('',#3815,#3816);
#3815 = CARTESIAN_POINT('',(-26.,-106.3,86.8));
#3816 = VECTOR('',#3817,1.);
#3817 = DIRECTION('',(1.,0.,0.));
#3818 = ORIENTED_EDGE('',*,*,#3649,.T.);
#3819 = ORIENTED_EDGE('',*,*,#3799,.T.);
#3820 = ORIENTED_EDGE('',*,*,#3733,.F.);
#3821 = PLANE('',#3822);
#3822 = AXIS2_PLACEMENT_3D('',#3823,#3824,#3825);
#3823 = CARTESIAN_POINT('',(-26.,-106.3,86.8));
#3824 = DIRECTION('',(0.,1.,0.));
#3825 = DIRECTION('',(0.,0.,1.));
#3826 = ADVANCED_FACE('',(#3827),#3833,.T.);
#3827 = FACE_BOUND('',#3828,.T.);
#3828 = EDGE_LOOP('',(#3829,#3830,#3831,#3832));
#3829 = ORIENTED_EDGE('',*,*,#3657,.T.);
#3830 = ORIENTED_EDGE('',*,*,#3813,.T.);
#3831 = ORIENTED_EDGE('',*,*,#3725,.F.);
#3832 = ORIENTED_EDGE('',*,*,#3757,.F.);
#3833 = PLANE('',#3834);
#3834 = AXIS2_PLACEMENT_3D('',#3835,#3836,#3837);
#3835 = CARTESIAN_POINT('',(-13.,-117.8,86.8));
#3836 = DIRECTION('',(-0.,-0.,-1.));
#3837 = DIRECTION('',(-1.,0.,0.));
#3838 = ADVANCED_FACE('',(#3839),#3850,.F.);
#3839 = FACE_BOUND('',#3840,.T.);
#3840 = EDGE_LOOP('',(#3841,#3842,#3848,#3849));
#3841 = ORIENTED_EDGE('',*,*,#3768,.T.);
#3842 = ORIENTED_EDGE('',*,*,#3843,.T.);
#3843 = EDGE_CURVE('',#3769,#3690,#3844,.T.);
#3844 = LINE('',#3845,#3846);
#3845 = CARTESIAN_POINT('',(-18.1,-130.3,104.));
#3846 = VECTOR('',#3847,1.);
#3847 = DIRECTION('',(0.,1.,0.));
#3848 = ORIENTED_EDGE('',*,*,#3689,.F.);
#3849 = ORIENTED_EDGE('',*,*,#3843,.F.);
#3850 = CYLINDRICAL_SURFACE('',#3851,2.4);
#3851 = AXIS2_PLACEMENT_3D('',#3852,#3853,#3854);
#3852 = CARTESIAN_POINT('',(-20.5,-130.3,104.));
#3853 = DIRECTION('',(-0.,-1.,0.));
#3854 = DIRECTION('',(1.,0.,0.));
#3855 = ADVANCED_FACE('',(#3856),#3867,.F.);
#3856 = FACE_BOUND('',#3857,.T.);
#3857 = EDGE_LOOP('',(#3858,#3859,#3865,#3866));
#3858 = ORIENTED_EDGE('',*,*,#3779,.T.);
#3859 = ORIENTED_EDGE('',*,*,#3860,.T.);
#3860 = EDGE_CURVE('',#3780,#3701,#3861,.T.);
#3861 = LINE('',#3862,#3863);
#3862 = CARTESIAN_POINT('',(-18.1,-130.3,120.));
#3863 = VECTOR('',#3864,1.);
#3864 = DIRECTION('',(0.,1.,0.));
#3865 = ORIENTED_EDGE('',*,*,#3700,.F.);
#3866 = ORIENTED_EDGE('',*,*,#3860,.F.);
#3867 = CYLINDRICAL_SURFACE('',#3868,2.4);
#3868 = AXIS2_PLACEMENT_3D('',#3869,#3870,#3871);
#3869 = CARTESIAN_POINT('',(-20.5,-130.3,120.));
#3870 = DIRECTION('',(-0.,-1.,0.));
#3871 = DIRECTION('',(1.,0.,0.));
#3872 = ( GEOMETRIC_REPRESENTATION_CONTEXT(3) 
GLOBAL_UNCERTAINTY_ASSIGNED_CONTEXT((#3876)) 
GLOBAL_UNIT_ASSIGNED_CONTEXT((#3873,#3874,#3875)) REPRESENTATION_CONTEXT
('Context #1','3D Context with UNIT and UNCERTAINTY') );
#3873 = ( LENGTH_UNIT() NAMED_UNIT(*) SI_UNIT(.MILLI.,.METRE.) );
#3874 = ( NAMED_UNIT(*) PLANE_ANGLE_UNIT() SI_UNIT($,.RADIAN.) );
#3875 = ( NAMED_UNIT(*) SI_UNIT($,.STERADIAN.) SOLID_ANGLE_UNIT() );
#3876 = UNCERTAINTY_MEASURE_WITH_UNIT(LENGTH_MEASURE(2.E-06),#3873,
  'distance_accuracy_value','confusion accuracy');
#3877 = CONTEXT_DEPENDENT_SHAPE_REPRESENTATION(#3878,#3880);
#3878 = ( REPRESENTATION_RELATIONSHIP('','',#3577,#10) 
REPRESENTATION_RELATIONSHIP_WITH_TRANSFORMATION(#3879) 
SHAPE_REPRESENTATION_RELATIONSHIP() );
#3879 = ITEM_DEFINED_TRANSFORMATION('','',#11,#35);
#3880 = PRODUCT_DEFINITION_SHAPE('Placement','Placement of an item',
  #3881);
#3881 = NEXT_ASSEMBLY_USAGE_OCCURRENCE('413','TOWER_GUS_R3','',#5,#3572,
  $);
#3882 = PRODUCT_RELATED_PRODUCT_CATEGORY('part',$,(#3574));
#3883 = SHAPE_DEFINITION_REPRESENTATION(#3884,#3890);
#3884 = PRODUCT_DEFINITION_SHAPE('','',#3885);
#3885 = PRODUCT_DEFINITION('design','',#3886,#3889);
#3886 = PRODUCT_DEFINITION_FORMATION('','',#3887);
#3887 = PRODUCT('TURRET_DECK','TURRET_DECK','',(#3888));
#3888 = PRODUCT_CONTEXT('',#2,'mechanical');
#3889 = PRODUCT_DEFINITION_CONTEXT('part definition',#2,'design');
#3890 = ADVANCED_BREP_SHAPE_REPRESENTATION('',(#11,#3891),#4735);
#3891 = MANIFOLD_SOLID_BREP('',#3892);
#3892 = CLOSED_SHELL('',(#3893,#3933,#3964,#4181,#4205,#4415,#4432,#4449
    ,#4466,#4488,#4500,#4517,#4534,#4551,#4568,#4585,#4602,#4619,#4636,
    #4653,#4670,#4687,#4704,#4721));
#3893 = ADVANCED_FACE('',(#3894),#3928,.F.);
#3894 = FACE_BOUND('',#3895,.F.);
#3895 = EDGE_LOOP('',(#3896,#3906,#3914,#3922));
#3896 = ORIENTED_EDGE('',*,*,#3897,.F.);
#3897 = EDGE_CURVE('',#3898,#3900,#3902,.T.);
#3898 = VERTEX_POINT('',#3899);
#3899 = CARTESIAN_POINT('',(-180.,-136.,244.));
#3900 = VERTEX_POINT('',#3901);
#3901 = CARTESIAN_POINT('',(-180.,-136.,248.));
#3902 = LINE('',#3903,#3904);
#3903 = CARTESIAN_POINT('',(-180.,-136.,244.));
#3904 = VECTOR('',#3905,1.);
#3905 = DIRECTION('',(0.,0.,1.));
#3906 = ORIENTED_EDGE('',*,*,#3907,.T.);
#3907 = EDGE_CURVE('',#3898,#3908,#3910,.T.);
#3908 = VERTEX_POINT('',#3909);
#3909 = CARTESIAN_POINT('',(-180.,136.,244.));
#3910 = LINE('',#3911,#3912);
#3911 = CARTESIAN_POINT('',(-180.,-136.,244.));
#3912 = VECTOR('',#3913,1.);
#3913 = DIRECTION('',(0.,1.,0.));
#3914 = ORIENTED_EDGE('',*,*,#3915,.T.);
#3915 = EDGE_CURVE('',#3908,#3916,#3918,.T.);
#3916 = VERTEX_POINT('',#3917);
#3917 = CARTESIAN_POINT('',(-180.,136.,248.));
#3918 = LINE('',#3919,#3920);
#3919 = CARTESIAN_POINT('',(-180.,136.,244.));
#3920 = VECTOR('',#3921,1.);
#3921 = DIRECTION('',(0.,0.,1.));
#3922 = ORIENTED_EDGE('',*,*,#3923,.F.);
#3923 = EDGE_CURVE('',#3900,#3916,#3924,.T.);
#3924 = LINE('',#3925,#3926);
#3925 = CARTESIAN_POINT('',(-180.,-136.,248.));
#3926 = VECTOR('',#3927,1.);
#3927 = DIRECTION('',(0.,1.,0.));
#3928 = PLANE('',#3929);
#3929 = AXIS2_PLACEMENT_3D('',#3930,#3931,#3932);
#3930 = CARTESIAN_POINT('',(-180.,-136.,244.));
#3931 = DIRECTION('',(1.,0.,0.));
#3932 = DIRECTION('',(0.,0.,1.));
#3933 = ADVANCED_FACE('',(#3934),#3959,.F.);
#3934 = FACE_BOUND('',#3935,.F.);
#3935 = EDGE_LOOP('',(#3936,#3944,#3945,#3953));
#3936 = ORIENTED_EDGE('',*,*,#3937,.F.);
#3937 = EDGE_CURVE('',#3898,#3938,#3940,.T.);
#3938 = VERTEX_POINT('',#3939);
#3939 = CARTESIAN_POINT('',(8.,-136.,244.));
#3940 = LINE('',#3941,#3942);
#3941 = CARTESIAN_POINT('',(-180.,-136.,244.));
#3942 = VECTOR('',#3943,1.);
#3943 = DIRECTION('',(1.,0.,0.));
#3944 = ORIENTED_EDGE('',*,*,#3897,.T.);
#3945 = ORIENTED_EDGE('',*,*,#3946,.T.);
#3946 = EDGE_CURVE('',#3900,#3947,#3949,.T.);
#3947 = VERTEX_POINT('',#3948);
#3948 = CARTESIAN_POINT('',(8.,-136.,248.));
#3949 = LINE('',#3950,#3951);
#3950 = CARTESIAN_POINT('',(-180.,-136.,248.));
#3951 = VECTOR('',#3952,1.);
#3952 = DIRECTION('',(1.,0.,0.));
#3953 = ORIENTED_EDGE('',*,*,#3954,.F.);
#3954 = EDGE_CURVE('',#3938,#3947,#3955,.T.);
#3955 = LINE('',#3956,#3957);
#3956 = CARTESIAN_POINT('',(8.,-136.,244.));
#3957 = VECTOR('',#3958,1.);
#3958 = DIRECTION('',(0.,0.,1.));
#3959 = PLANE('',#3960);
#3960 = AXIS2_PLACEMENT_3D('',#3961,#3962,#3963);
#3961 = CARTESIAN_POINT('',(-180.,-136.,244.));
#3962 = DIRECTION('',(0.,1.,0.));
#3963 = DIRECTION('',(0.,0.,1.));
#3964 = ADVANCED_FACE('',(#3965,#4033,#4044,#4055,#4066,#4077,#4088,
    #4099,#4110,#4121,#4132,#4143,#4154,#4165),#4176,.T.);
#3965 = FACE_BOUND('',#3966,.T.);
#3966 = EDGE_LOOP('',(#3967,#3975,#3976,#3977,#3985,#3993,#4001,#4010,
    #4019,#4027));
#3967 = ORIENTED_EDGE('',*,*,#3968,.F.);
#3968 = EDGE_CURVE('',#3916,#3969,#3971,.T.);
#3969 = VERTEX_POINT('',#3970);
#3970 = CARTESIAN_POINT('',(-148.,136.,248.));
#3971 = LINE('',#3972,#3973);
#3972 = CARTESIAN_POINT('',(-180.,136.,248.));
#3973 = VECTOR('',#3974,1.);
#3974 = DIRECTION('',(1.,0.,0.));
#3975 = ORIENTED_EDGE('',*,*,#3923,.F.);
#3976 = ORIENTED_EDGE('',*,*,#3946,.T.);
#3977 = ORIENTED_EDGE('',*,*,#3978,.T.);
#3978 = EDGE_CURVE('',#3947,#3979,#3981,.T.);
#3979 = VERTEX_POINT('',#3980);
#3980 = CARTESIAN_POINT('',(8.,136.,248.));
#3981 = LINE('',#3982,#3983);
#3982 = CARTESIAN_POINT('',(8.,-136.,248.));
#3983 = VECTOR('',#3984,1.);
#3984 = DIRECTION('',(0.,1.,0.));
#3985 = ORIENTED_EDGE('',*,*,#3986,.F.);
#3986 = EDGE_CURVE('',#3987,#3979,#3989,.T.);
#3987 = VERTEX_POINT('',#3988);
#3988 = CARTESIAN_POINT('',(-22.,136.,248.));
#3989 = LINE('',#3990,#3991);
#3990 = CARTESIAN_POINT('',(-180.,136.,248.));
#3991 = VECTOR('',#3992,1.);
#3992 = DIRECTION('',(1.,0.,0.));
#3993 = ORIENTED_EDGE('',*,*,#3994,.F.);
#3994 = EDGE_CURVE('',#3995,#3987,#3997,.T.);
#3995 = VERTEX_POINT('',#3996);
#3996 = CARTESIAN_POINT('',(-22.,36.235341863987,248.));
#3997 = LINE('',#3998,#3999);
#3998 = CARTESIAN_POINT('',(-22.,-53.,248.));
#3999 = VECTOR('',#4000,1.);
#4000 = DIRECTION('',(0.,1.,0.));
#4001 = ORIENTED_EDGE('',*,*,#4002,.T.);
#4002 = EDGE_CURVE('',#3995,#4003,#4005,.T.);
#4003 = VERTEX_POINT('',#4004);
#4004 = CARTESIAN_POINT('',(-9.,-1.4E-14,248.));
#4005 = CIRCLE('',#4006,57.);
#4006 = AXIS2_PLACEMENT_3D('',#4007,#4008,#4009);
#4007 = CARTESIAN_POINT('',(-66.,0.,248.));
#4008 = DIRECTION('',(0.,0.,-1.));
#4009 = DIRECTION('',(1.,0.,0.));
#4010 = ORIENTED_EDGE('',*,*,#4011,.T.);
#4011 = EDGE_CURVE('',#4003,#4012,#4014,.T.);
#4012 = VERTEX_POINT('',#4013);
#4013 = CARTESIAN_POINT('',(-114.4664832642,30.,248.));
#4014 = CIRCLE('',#4015,57.);
#4015 = AXIS2_PLACEMENT_3D('',#4016,#4017,#4018);
#4016 = CARTESIAN_POINT('',(-66.,0.,248.));
#4017 = DIRECTION('',(0.,0.,-1.));
#4018 = DIRECTION('',(1.,0.,0.));
#4019 = ORIENTED_EDGE('',*,*,#4020,.T.);
#4020 = EDGE_CURVE('',#4012,#4021,#4023,.T.);
#4021 = VERTEX_POINT('',#4022);
#4022 = CARTESIAN_POINT('',(-148.,30.,248.));
#4023 = LINE('',#4024,#4025);
#4024 = CARTESIAN_POINT('',(-164.,30.,248.));
#4025 = VECTOR('',#4026,1.);
#4026 = DIRECTION('',(-1.,0.,0.));
#4027 = ORIENTED_EDGE('',*,*,#4028,.T.);
#4028 = EDGE_CURVE('',#4021,#3969,#4029,.T.);
#4029 = LINE('',#4030,#4031);
#4030 = CARTESIAN_POINT('',(-148.,-53.,248.));
#4031 = VECTOR('',#4032,1.);
#4032 = DIRECTION('',(0.,1.,0.));
#4033 = FACE_BOUND('',#4034,.T.);
#4034 = EDGE_LOOP('',(#4035));
#4035 = ORIENTED_EDGE('',*,*,#4036,.T.);
#4036 = EDGE_CURVE('',#4037,#4037,#4039,.T.);
#4037 = VERTEX_POINT('',#4038);
#4038 = CARTESIAN_POINT('',(-157.8,-108.,248.));
#4039 = CIRCLE('',#4040,2.2);
#4040 = AXIS2_PLACEMENT_3D('',#4041,#4042,#4043);
#4041 = CARTESIAN_POINT('',(-160.,-108.,248.));
#4042 = DIRECTION('',(0.,0.,-1.));
#4043 = DIRECTION('',(1.,0.,0.));
#4044 = FACE_BOUND('',#4045,.T.);
#4045 = EDGE_LOOP('',(#4046));
#4046 = ORIENTED_EDGE('',*,*,#4047,.T.);
#4047 = EDGE_CURVE('',#4048,#4048,#4050,.T.);
#4048 = VERTEX_POINT('',#4049);
#4049 = CARTESIAN_POINT('',(-137.8,-108.,248.));
#4050 = CIRCLE('',#4051,2.2);
#4051 = AXIS2_PLACEMENT_3D('',#4052,#4053,#4054);
#4052 = CARTESIAN_POINT('',(-140.,-108.,248.));
#4053 = DIRECTION('',(0.,0.,-1.));
#4054 = DIRECTION('',(1.,0.,0.));
#4055 = FACE_BOUND('',#4056,.T.);
#4056 = EDGE_LOOP('',(#4057));
#4057 = ORIENTED_EDGE('',*,*,#4058,.T.);
#4058 = EDGE_CURVE('',#4059,#4059,#4061,.T.);
#4059 = VERTEX_POINT('',#4060);
#4060 = CARTESIAN_POINT('',(-121.8,-108.,248.));
#4061 = CIRCLE('',#4062,2.2);
#4062 = AXIS2_PLACEMENT_3D('',#4063,#4064,#4065);
#4063 = CARTESIAN_POINT('',(-124.,-108.,248.));
#4064 = DIRECTION('',(0.,0.,-1.));
#4065 = DIRECTION('',(1.,0.,0.));
#4066 = FACE_BOUND('',#4067,.T.);
#4067 = EDGE_LOOP('',(#4068));
#4068 = ORIENTED_EDGE('',*,*,#4069,.T.);
#4069 = EDGE_CURVE('',#4070,#4070,#4072,.T.);
#4070 = VERTEX_POINT('',#4071);
#4071 = CARTESIAN_POINT('',(-85.8,-108.,248.));
#4072 = CIRCLE('',#4073,2.2);
#4073 = AXIS2_PLACEMENT_3D('',#4074,#4075,#4076);
#4074 = CARTESIAN_POINT('',(-88.,-108.,248.));
#4075 = DIRECTION('',(0.,0.,-1.));
#4076 = DIRECTION('',(1.,0.,0.));
#4077 = FACE_BOUND('',#4078,.T.);
#4078 = EDGE_LOOP('',(#4079));
#4079 = ORIENTED_EDGE('',*,*,#4080,.T.);
#4080 = EDGE_CURVE('',#4081,#4081,#4083,.T.);
#4081 = VERTEX_POINT('',#4082);
#4082 = CARTESIAN_POINT('',(-122.53,-21.39,248.));
#4083 = CIRCLE('',#4084,2.2);
#4084 = AXIS2_PLACEMENT_3D('',#4085,#4086,#4087);
#4085 = CARTESIAN_POINT('',(-124.73,-21.39,248.));
#4086 = DIRECTION('',(0.,0.,-1.));
#4087 = DIRECTION('',(1.,0.,0.));
#4088 = FACE_BOUND('',#4089,.T.);
#4089 = EDGE_LOOP('',(#4090));
#4090 = ORIENTED_EDGE('',*,*,#4091,.T.);
#4091 = EDGE_CURVE('',#4092,#4092,#4094,.T.);
#4092 = VERTEX_POINT('',#4093);
#4093 = CARTESIAN_POINT('',(-61.5,-72.8,248.));
#4094 = CIRCLE('',#4095,4.5);
#4095 = AXIS2_PLACEMENT_3D('',#4096,#4097,#4098);
#4096 = CARTESIAN_POINT('',(-66.,-72.8,248.));
#4097 = DIRECTION('',(0.,0.,-1.));
#4098 = DIRECTION('',(1.,0.,0.));
#4099 = FACE_BOUND('',#4100,.T.);
#4100 = EDGE_LOOP('',(#4101));
#4101 = ORIENTED_EDGE('',*,*,#4102,.T.);
#4102 = EDGE_CURVE('',#4103,#4103,#4105,.T.);
#4103 = VERTEX_POINT('',#4104);
#4104 = CARTESIAN_POINT('',(-5.07,-21.39,248.));
#4105 = CIRCLE('',#4106,2.2);
#4106 = AXIS2_PLACEMENT_3D('',#4107,#4108,#4109);
#4107 = CARTESIAN_POINT('',(-7.27,-21.39,248.));
#4108 = DIRECTION('',(0.,0.,-1.));
#4109 = DIRECTION('',(1.,0.,0.));
#4110 = FACE_BOUND('',#4111,.T.);
#4111 = EDGE_LOOP('',(#4112));
#4112 = ORIENTED_EDGE('',*,*,#4113,.T.);
#4113 = EDGE_CURVE('',#4114,#4114,#4116,.T.);
#4114 = VERTEX_POINT('',#4115);
#4115 = CARTESIAN_POINT('',(-122.53,21.39,248.));
#4116 = CIRCLE('',#4117,2.2);
#4117 = AXIS2_PLACEMENT_3D('',#4118,#4119,#4120);
#4118 = CARTESIAN_POINT('',(-124.73,21.39,248.));
#4119 = DIRECTION('',(0.,0.,-1.));
#4120 = DIRECTION('',(1.,0.,0.));
#4121 = FACE_BOUND('',#4122,.T.);
#4122 = EDGE_LOOP('',(#4123));
#4123 = ORIENTED_EDGE('',*,*,#4124,.T.);
#4124 = EDGE_CURVE('',#4125,#4125,#4127,.T.);
#4125 = VERTEX_POINT('',#4126);
#4126 = CARTESIAN_POINT('',(-5.07,21.39,248.));
#4127 = CIRCLE('',#4128,2.2);
#4128 = AXIS2_PLACEMENT_3D('',#4129,#4130,#4131);
#4129 = CARTESIAN_POINT('',(-7.27,21.39,248.));
#4130 = DIRECTION('',(0.,0.,-1.));
#4131 = DIRECTION('',(1.,0.,0.));
#4132 = FACE_BOUND('',#4133,.T.);
#4133 = EDGE_LOOP('',(#4134));
#4134 = ORIENTED_EDGE('',*,*,#4135,.T.);
#4135 = EDGE_CURVE('',#4136,#4136,#4138,.T.);
#4136 = VERTEX_POINT('',#4137);
#4137 = CARTESIAN_POINT('',(-15.8,110.8,248.));
#4138 = CIRCLE('',#4139,2.2);
#4139 = AXIS2_PLACEMENT_3D('',#4140,#4141,#4142);
#4140 = CARTESIAN_POINT('',(-18.,110.8,248.));
#4141 = DIRECTION('',(0.,0.,-1.));
#4142 = DIRECTION('',(1.,0.,0.));
#4143 = FACE_BOUND('',#4144,.T.);
#4144 = EDGE_LOOP('',(#4145));
#4145 = ORIENTED_EDGE('',*,*,#4146,.T.);
#4146 = EDGE_CURVE('',#4147,#4147,#4149,.T.);
#4147 = VERTEX_POINT('',#4148);
#4148 = CARTESIAN_POINT('',(-15.8,122.8,248.));
#4149 = CIRCLE('',#4150,2.2);
#4150 = AXIS2_PLACEMENT_3D('',#4151,#4152,#4153);
#4151 = CARTESIAN_POINT('',(-18.,122.8,248.));
#4152 = DIRECTION('',(0.,0.,-1.));
#4153 = DIRECTION('',(1.,0.,0.));
#4154 = FACE_BOUND('',#4155,.T.);
#4155 = EDGE_LOOP('',(#4156));
#4156 = ORIENTED_EDGE('',*,*,#4157,.T.);
#4157 = EDGE_CURVE('',#4158,#4158,#4160,.T.);
#4158 = VERTEX_POINT('',#4159);
#4159 = CARTESIAN_POINT('',(-5.8,110.8,248.));
#4160 = CIRCLE('',#4161,2.2);
#4161 = AXIS2_PLACEMENT_3D('',#4162,#4163,#4164);
#4162 = CARTESIAN_POINT('',(-8.,110.8,248.));
#4163 = DIRECTION('',(0.,0.,-1.));
#4164 = DIRECTION('',(1.,0.,0.));
#4165 = FACE_BOUND('',#4166,.T.);
#4166 = EDGE_LOOP('',(#4167));
#4167 = ORIENTED_EDGE('',*,*,#4168,.T.);
#4168 = EDGE_CURVE('',#4169,#4169,#4171,.T.);
#4169 = VERTEX_POINT('',#4170);
#4170 = CARTESIAN_POINT('',(-5.8,122.8,248.));
#4171 = CIRCLE('',#4172,2.2);
#4172 = AXIS2_PLACEMENT_3D('',#4173,#4174,#4175);
#4173 = CARTESIAN_POINT('',(-8.,122.8,248.));
#4174 = DIRECTION('',(0.,0.,-1.));
#4175 = DIRECTION('',(1.,0.,0.));
#4176 = PLANE('',#4177);
#4177 = AXIS2_PLACEMENT_3D('',#4178,#4179,#4180);
#4178 = CARTESIAN_POINT('',(-180.,-136.,248.));
#4179 = DIRECTION('',(0.,0.,1.));
#4180 = DIRECTION('',(1.,0.,0.));
#4181 = ADVANCED_FACE('',(#4182),#4200,.T.);
#4182 = FACE_BOUND('',#4183,.T.);
#4183 = EDGE_LOOP('',(#4184,#4192,#4193,#4194));
#4184 = ORIENTED_EDGE('',*,*,#4185,.F.);
#4185 = EDGE_CURVE('',#3908,#4186,#4188,.T.);
#4186 = VERTEX_POINT('',#4187);
#4187 = CARTESIAN_POINT('',(-148.,136.,244.));
#4188 = LINE('',#4189,#4190);
#4189 = CARTESIAN_POINT('',(-180.,136.,244.));
#4190 = VECTOR('',#4191,1.);
#4191 = DIRECTION('',(1.,0.,0.));
#4192 = ORIENTED_EDGE('',*,*,#3915,.T.);
#4193 = ORIENTED_EDGE('',*,*,#3968,.T.);
#4194 = ORIENTED_EDGE('',*,*,#4195,.T.);
#4195 = EDGE_CURVE('',#3969,#4186,#4196,.T.);
#4196 = LINE('',#4197,#4198);
#4197 = CARTESIAN_POINT('',(-148.,136.,243.5));
#4198 = VECTOR('',#4199,1.);
#4199 = DIRECTION('',(0.,0.,-1.));
#4200 = PLANE('',#4201);
#4201 = AXIS2_PLACEMENT_3D('',#4202,#4203,#4204);
#4202 = CARTESIAN_POINT('',(-180.,136.,244.));
#4203 = DIRECTION('',(0.,1.,0.));
#4204 = DIRECTION('',(0.,0.,1.));
#4205 = ADVANCED_FACE('',(#4206,#4267,#4278,#4289,#4300,#4311,#4322,
    #4333,#4344,#4355,#4366,#4377,#4388,#4399),#4410,.F.);
#4206 = FACE_BOUND('',#4207,.F.);
#4207 = EDGE_LOOP('',(#4208,#4209,#4210,#4211,#4219,#4227,#4235,#4244,
    #4253,#4261));
#4208 = ORIENTED_EDGE('',*,*,#4185,.F.);
#4209 = ORIENTED_EDGE('',*,*,#3907,.F.);
#4210 = ORIENTED_EDGE('',*,*,#3937,.T.);
#4211 = ORIENTED_EDGE('',*,*,#4212,.T.);
#4212 = EDGE_CURVE('',#3938,#4213,#4215,.T.);
#4213 = VERTEX_POINT('',#4214);
#4214 = CARTESIAN_POINT('',(8.,136.,244.));
#4215 = LINE('',#4216,#4217);
#4216 = CARTESIAN_POINT('',(8.,-136.,244.));
#4217 = VECTOR('',#4218,1.);
#4218 = DIRECTION('',(0.,1.,0.));
#4219 = ORIENTED_EDGE('',*,*,#4220,.F.);
#4220 = EDGE_CURVE('',#4221,#4213,#4223,.T.);
#4221 = VERTEX_POINT('',#4222);
#4222 = CARTESIAN_POINT('',(-22.,136.,244.));
#4223 = LINE('',#4224,#4225);
#4224 = CARTESIAN_POINT('',(-180.,136.,244.));
#4225 = VECTOR('',#4226,1.);
#4226 = DIRECTION('',(1.,0.,0.));
#4227 = ORIENTED_EDGE('',*,*,#4228,.F.);
#4228 = EDGE_CURVE('',#4229,#4221,#4231,.T.);
#4229 = VERTEX_POINT('',#4230);
#4230 = CARTESIAN_POINT('',(-22.,36.235341863987,244.));
#4231 = LINE('',#4232,#4233);
#4232 = CARTESIAN_POINT('',(-22.,-53.,244.));
#4233 = VECTOR('',#4234,1.);
#4234 = DIRECTION('',(0.,1.,0.));
#4235 = ORIENTED_EDGE('',*,*,#4236,.T.);
#4236 = EDGE_CURVE('',#4229,#4237,#4239,.T.);
#4237 = VERTEX_POINT('',#4238);
#4238 = CARTESIAN_POINT('',(-9.,-1.4E-14,244.));
#4239 = CIRCLE('',#4240,57.);
#4240 = AXIS2_PLACEMENT_3D('',#4241,#4242,#4243);
#4241 = CARTESIAN_POINT('',(-66.,0.,244.));
#4242 = DIRECTION('',(0.,0.,-1.));
#4243 = DIRECTION('',(1.,0.,0.));
#4244 = ORIENTED_EDGE('',*,*,#4245,.T.);
#4245 = EDGE_CURVE('',#4237,#4246,#4248,.T.);
#4246 = VERTEX_POINT('',#4247);
#4247 = CARTESIAN_POINT('',(-114.4664832642,30.,244.));
#4248 = CIRCLE('',#4249,57.);
#4249 = AXIS2_PLACEMENT_3D('',#4250,#4251,#4252);
#4250 = CARTESIAN_POINT('',(-66.,0.,244.));
#4251 = DIRECTION('',(0.,0.,-1.));
#4252 = DIRECTION('',(1.,0.,0.));
#4253 = ORIENTED_EDGE('',*,*,#4254,.T.);
#4254 = EDGE_CURVE('',#4246,#4255,#4257,.T.);
#4255 = VERTEX_POINT('',#4256);
#4256 = CARTESIAN_POINT('',(-148.,30.,244.));
#4257 = LINE('',#4258,#4259);
#4258 = CARTESIAN_POINT('',(-164.,30.,244.));
#4259 = VECTOR('',#4260,1.);
#4260 = DIRECTION('',(-1.,0.,0.));
#4261 = ORIENTED_EDGE('',*,*,#4262,.T.);
#4262 = EDGE_CURVE('',#4255,#4186,#4263,.T.);
#4263 = LINE('',#4264,#4265);
#4264 = CARTESIAN_POINT('',(-148.,-53.,244.));
#4265 = VECTOR('',#4266,1.);
#4266 = DIRECTION('',(0.,1.,0.));
#4267 = FACE_BOUND('',#4268,.F.);
#4268 = EDGE_LOOP('',(#4269));
#4269 = ORIENTED_EDGE('',*,*,#4270,.T.);
#4270 = EDGE_CURVE('',#4271,#4271,#4273,.T.);
#4271 = VERTEX_POINT('',#4272);
#4272 = CARTESIAN_POINT('',(-157.8,-108.,244.));
#4273 = CIRCLE('',#4274,2.2);
#4274 = AXIS2_PLACEMENT_3D('',#4275,#4276,#4277);
#4275 = CARTESIAN_POINT('',(-160.,-108.,244.));
#4276 = DIRECTION('',(0.,0.,-1.));
#4277 = DIRECTION('',(1.,0.,0.));
#4278 = FACE_BOUND('',#4279,.F.);
#4279 = EDGE_LOOP('',(#4280));
#4280 = ORIENTED_EDGE('',*,*,#4281,.T.);
#4281 = EDGE_CURVE('',#4282,#4282,#4284,.T.);
#4282 = VERTEX_POINT('',#4283);
#4283 = CARTESIAN_POINT('',(-137.8,-108.,244.));
#4284 = CIRCLE('',#4285,2.2);
#4285 = AXIS2_PLACEMENT_3D('',#4286,#4287,#4288);
#4286 = CARTESIAN_POINT('',(-140.,-108.,244.));
#4287 = DIRECTION('',(0.,0.,-1.));
#4288 = DIRECTION('',(1.,0.,0.));
#4289 = FACE_BOUND('',#4290,.F.);
#4290 = EDGE_LOOP('',(#4291));
#4291 = ORIENTED_EDGE('',*,*,#4292,.T.);
#4292 = EDGE_CURVE('',#4293,#4293,#4295,.T.);
#4293 = VERTEX_POINT('',#4294);
#4294 = CARTESIAN_POINT('',(-121.8,-108.,244.));
#4295 = CIRCLE('',#4296,2.2);
#4296 = AXIS2_PLACEMENT_3D('',#4297,#4298,#4299);
#4297 = CARTESIAN_POINT('',(-124.,-108.,244.));
#4298 = DIRECTION('',(0.,0.,-1.));
#4299 = DIRECTION('',(1.,0.,0.));
#4300 = FACE_BOUND('',#4301,.F.);
#4301 = EDGE_LOOP('',(#4302));
#4302 = ORIENTED_EDGE('',*,*,#4303,.T.);
#4303 = EDGE_CURVE('',#4304,#4304,#4306,.T.);
#4304 = VERTEX_POINT('',#4305);
#4305 = CARTESIAN_POINT('',(-85.8,-108.,244.));
#4306 = CIRCLE('',#4307,2.2);
#4307 = AXIS2_PLACEMENT_3D('',#4308,#4309,#4310);
#4308 = CARTESIAN_POINT('',(-88.,-108.,244.));
#4309 = DIRECTION('',(0.,0.,-1.));
#4310 = DIRECTION('',(1.,0.,0.));
#4311 = FACE_BOUND('',#4312,.F.);
#4312 = EDGE_LOOP('',(#4313));
#4313 = ORIENTED_EDGE('',*,*,#4314,.T.);
#4314 = EDGE_CURVE('',#4315,#4315,#4317,.T.);
#4315 = VERTEX_POINT('',#4316);
#4316 = CARTESIAN_POINT('',(-122.53,-21.39,244.));
#4317 = CIRCLE('',#4318,2.2);
#4318 = AXIS2_PLACEMENT_3D('',#4319,#4320,#4321);
#4319 = CARTESIAN_POINT('',(-124.73,-21.39,244.));
#4320 = DIRECTION('',(0.,0.,-1.));
#4321 = DIRECTION('',(1.,0.,0.));
#4322 = FACE_BOUND('',#4323,.F.);
#4323 = EDGE_LOOP('',(#4324));
#4324 = ORIENTED_EDGE('',*,*,#4325,.T.);
#4325 = EDGE_CURVE('',#4326,#4326,#4328,.T.);
#4326 = VERTEX_POINT('',#4327);
#4327 = CARTESIAN_POINT('',(-61.5,-72.8,244.));
#4328 = CIRCLE('',#4329,4.5);
#4329 = AXIS2_PLACEMENT_3D('',#4330,#4331,#4332);
#4330 = CARTESIAN_POINT('',(-66.,-72.8,244.));
#4331 = DIRECTION('',(0.,0.,-1.));
#4332 = DIRECTION('',(1.,0.,0.));
#4333 = FACE_BOUND('',#4334,.F.);
#4334 = EDGE_LOOP('',(#4335));
#4335 = ORIENTED_EDGE('',*,*,#4336,.T.);
#4336 = EDGE_CURVE('',#4337,#4337,#4339,.T.);
#4337 = VERTEX_POINT('',#4338);
#4338 = CARTESIAN_POINT('',(-5.07,-21.39,244.));
#4339 = CIRCLE('',#4340,2.2);
#4340 = AXIS2_PLACEMENT_3D('',#4341,#4342,#4343);
#4341 = CARTESIAN_POINT('',(-7.27,-21.39,244.));
#4342 = DIRECTION('',(0.,0.,-1.));
#4343 = DIRECTION('',(1.,0.,0.));
#4344 = FACE_BOUND('',#4345,.F.);
#4345 = EDGE_LOOP('',(#4346));
#4346 = ORIENTED_EDGE('',*,*,#4347,.T.);
#4347 = EDGE_CURVE('',#4348,#4348,#4350,.T.);
#4348 = VERTEX_POINT('',#4349);
#4349 = CARTESIAN_POINT('',(-122.53,21.39,244.));
#4350 = CIRCLE('',#4351,2.2);
#4351 = AXIS2_PLACEMENT_3D('',#4352,#4353,#4354);
#4352 = CARTESIAN_POINT('',(-124.73,21.39,244.));
#4353 = DIRECTION('',(0.,0.,-1.));
#4354 = DIRECTION('',(1.,0.,0.));
#4355 = FACE_BOUND('',#4356,.F.);
#4356 = EDGE_LOOP('',(#4357));
#4357 = ORIENTED_EDGE('',*,*,#4358,.T.);
#4358 = EDGE_CURVE('',#4359,#4359,#4361,.T.);
#4359 = VERTEX_POINT('',#4360);
#4360 = CARTESIAN_POINT('',(-5.07,21.39,244.));
#4361 = CIRCLE('',#4362,2.2);
#4362 = AXIS2_PLACEMENT_3D('',#4363,#4364,#4365);
#4363 = CARTESIAN_POINT('',(-7.27,21.39,244.));
#4364 = DIRECTION('',(0.,0.,-1.));
#4365 = DIRECTION('',(1.,0.,0.));
#4366 = FACE_BOUND('',#4367,.F.);
#4367 = EDGE_LOOP('',(#4368));
#4368 = ORIENTED_EDGE('',*,*,#4369,.T.);
#4369 = EDGE_CURVE('',#4370,#4370,#4372,.T.);
#4370 = VERTEX_POINT('',#4371);
#4371 = CARTESIAN_POINT('',(-15.8,110.8,244.));
#4372 = CIRCLE('',#4373,2.2);
#4373 = AXIS2_PLACEMENT_3D('',#4374,#4375,#4376);
#4374 = CARTESIAN_POINT('',(-18.,110.8,244.));
#4375 = DIRECTION('',(0.,0.,-1.));
#4376 = DIRECTION('',(1.,0.,0.));
#4377 = FACE_BOUND('',#4378,.F.);
#4378 = EDGE_LOOP('',(#4379));
#4379 = ORIENTED_EDGE('',*,*,#4380,.T.);
#4380 = EDGE_CURVE('',#4381,#4381,#4383,.T.);
#4381 = VERTEX_POINT('',#4382);
#4382 = CARTESIAN_POINT('',(-15.8,122.8,244.));
#4383 = CIRCLE('',#4384,2.2);
#4384 = AXIS2_PLACEMENT_3D('',#4385,#4386,#4387);
#4385 = CARTESIAN_POINT('',(-18.,122.8,244.));
#4386 = DIRECTION('',(0.,0.,-1.));
#4387 = DIRECTION('',(1.,0.,0.));
#4388 = FACE_BOUND('',#4389,.F.);
#4389 = EDGE_LOOP('',(#4390));
#4390 = ORIENTED_EDGE('',*,*,#4391,.T.);
#4391 = EDGE_CURVE('',#4392,#4392,#4394,.T.);
#4392 = VERTEX_POINT('',#4393);
#4393 = CARTESIAN_POINT('',(-5.8,110.8,244.));
#4394 = CIRCLE('',#4395,2.2);
#4395 = AXIS2_PLACEMENT_3D('',#4396,#4397,#4398);
#4396 = CARTESIAN_POINT('',(-8.,110.8,244.));
#4397 = DIRECTION('',(0.,0.,-1.));
#4398 = DIRECTION('',(1.,0.,0.));
#4399 = FACE_BOUND('',#4400,.F.);
#4400 = EDGE_LOOP('',(#4401));
#4401 = ORIENTED_EDGE('',*,*,#4402,.T.);
#4402 = EDGE_CURVE('',#4403,#4403,#4405,.T.);
#4403 = VERTEX_POINT('',#4404);
#4404 = CARTESIAN_POINT('',(-5.8,122.8,244.));
#4405 = CIRCLE('',#4406,2.2);
#4406 = AXIS2_PLACEMENT_3D('',#4407,#4408,#4409);
#4407 = CARTESIAN_POINT('',(-8.,122.8,244.));
#4408 = DIRECTION('',(0.,0.,-1.));
#4409 = DIRECTION('',(1.,0.,0.));
#4410 = PLANE('',#4411);
#4411 = AXIS2_PLACEMENT_3D('',#4412,#4413,#4414);
#4412 = CARTESIAN_POINT('',(-180.,-136.,244.));
#4413 = DIRECTION('',(0.,0.,1.));
#4414 = DIRECTION('',(1.,0.,0.));
#4415 = ADVANCED_FACE('',(#4416),#4427,.T.);
#4416 = FACE_BOUND('',#4417,.T.);
#4417 = EDGE_LOOP('',(#4418,#4419,#4420,#4426));
#4418 = ORIENTED_EDGE('',*,*,#3954,.F.);
#4419 = ORIENTED_EDGE('',*,*,#4212,.T.);
#4420 = ORIENTED_EDGE('',*,*,#4421,.T.);
#4421 = EDGE_CURVE('',#4213,#3979,#4422,.T.);
#4422 = LINE('',#4423,#4424);
#4423 = CARTESIAN_POINT('',(8.,136.,244.));
#4424 = VECTOR('',#4425,1.);
#4425 = DIRECTION('',(0.,0.,1.));
#4426 = ORIENTED_EDGE('',*,*,#3978,.F.);
#4427 = PLANE('',#4428);
#4428 = AXIS2_PLACEMENT_3D('',#4429,#4430,#4431);
#4429 = CARTESIAN_POINT('',(8.,-136.,244.));
#4430 = DIRECTION('',(1.,0.,0.));
#4431 = DIRECTION('',(0.,0.,1.));
#4432 = ADVANCED_FACE('',(#4433),#4444,.T.);
#4433 = FACE_BOUND('',#4434,.T.);
#4434 = EDGE_LOOP('',(#4435,#4441,#4442,#4443));
#4435 = ORIENTED_EDGE('',*,*,#4436,.F.);
#4436 = EDGE_CURVE('',#4255,#4021,#4437,.T.);
#4437 = LINE('',#4438,#4439);
#4438 = CARTESIAN_POINT('',(-148.,30.,243.));
#4439 = VECTOR('',#4440,1.);
#4440 = DIRECTION('',(0.,0.,1.));
#4441 = ORIENTED_EDGE('',*,*,#4262,.T.);
#4442 = ORIENTED_EDGE('',*,*,#4195,.F.);
#4443 = ORIENTED_EDGE('',*,*,#4028,.F.);
#4444 = PLANE('',#4445);
#4445 = AXIS2_PLACEMENT_3D('',#4446,#4447,#4448);
#4446 = CARTESIAN_POINT('',(-148.,30.,243.));
#4447 = DIRECTION('',(1.,0.,0.));
#4448 = DIRECTION('',(0.,0.,1.));
#4449 = ADVANCED_FACE('',(#4450),#4461,.T.);
#4450 = FACE_BOUND('',#4451,.T.);
#4451 = EDGE_LOOP('',(#4452,#4453,#4454,#4455));
#4452 = ORIENTED_EDGE('',*,*,#4254,.T.);
#4453 = ORIENTED_EDGE('',*,*,#4436,.T.);
#4454 = ORIENTED_EDGE('',*,*,#4020,.F.);
#4455 = ORIENTED_EDGE('',*,*,#4456,.T.);
#4456 = EDGE_CURVE('',#4012,#4246,#4457,.T.);
#4457 = LINE('',#4458,#4459);
#4458 = CARTESIAN_POINT('',(-114.4664832642,30.,243.));
#4459 = VECTOR('',#4460,1.);
#4460 = DIRECTION('',(-0.,-0.,-1.));
#4461 = PLANE('',#4462);
#4462 = AXIS2_PLACEMENT_3D('',#4463,#4464,#4465);
#4463 = CARTESIAN_POINT('',(-148.,30.,243.));
#4464 = DIRECTION('',(0.,1.,0.));
#4465 = DIRECTION('',(0.,0.,1.));
#4466 = ADVANCED_FACE('',(#4467),#4483,.F.);
#4467 = FACE_BOUND('',#4468,.F.);
#4468 = EDGE_LOOP('',(#4469,#4470,#4476,#4477));
#4469 = ORIENTED_EDGE('',*,*,#3994,.F.);
#4470 = ORIENTED_EDGE('',*,*,#4471,.T.);
#4471 = EDGE_CURVE('',#3995,#4229,#4472,.T.);
#4472 = LINE('',#4473,#4474);
#4473 = CARTESIAN_POINT('',(-22.,36.235341863987,243.));
#4474 = VECTOR('',#4475,1.);
#4475 = DIRECTION('',(-0.,-0.,-1.));
#4476 = ORIENTED_EDGE('',*,*,#4228,.T.);
#4477 = ORIENTED_EDGE('',*,*,#4478,.F.);
#4478 = EDGE_CURVE('',#3987,#4221,#4479,.T.);
#4479 = LINE('',#4480,#4481);
#4480 = CARTESIAN_POINT('',(-22.,136.,243.5));
#4481 = VECTOR('',#4482,1.);
#4482 = DIRECTION('',(0.,0.,-1.));
#4483 = PLANE('',#4484);
#4484 = AXIS2_PLACEMENT_3D('',#4485,#4486,#4487);
#4485 = CARTESIAN_POINT('',(-22.,30.,243.));
#4486 = DIRECTION('',(1.,0.,0.));
#4487 = DIRECTION('',(0.,0.,1.));
#4488 = ADVANCED_FACE('',(#4489),#4495,.T.);
#4489 = FACE_BOUND('',#4490,.T.);
#4490 = EDGE_LOOP('',(#4491,#4492,#4493,#4494));
#4491 = ORIENTED_EDGE('',*,*,#4220,.F.);
#4492 = ORIENTED_EDGE('',*,*,#4478,.F.);
#4493 = ORIENTED_EDGE('',*,*,#3986,.T.);
#4494 = ORIENTED_EDGE('',*,*,#4421,.F.);
#4495 = PLANE('',#4496);
#4496 = AXIS2_PLACEMENT_3D('',#4497,#4498,#4499);
#4497 = CARTESIAN_POINT('',(-180.,136.,244.));
#4498 = DIRECTION('',(0.,1.,0.));
#4499 = DIRECTION('',(0.,0.,1.));
#4500 = ADVANCED_FACE('',(#4501),#4512,.F.);
#4501 = FACE_BOUND('',#4502,.T.);
#4502 = EDGE_LOOP('',(#4503,#4504,#4510,#4511));
#4503 = ORIENTED_EDGE('',*,*,#4270,.T.);
#4504 = ORIENTED_EDGE('',*,*,#4505,.T.);
#4505 = EDGE_CURVE('',#4271,#4037,#4506,.T.);
#4506 = LINE('',#4507,#4508);
#4507 = CARTESIAN_POINT('',(-157.8,-108.,243.));
#4508 = VECTOR('',#4509,1.);
#4509 = DIRECTION('',(0.,0.,1.));
#4510 = ORIENTED_EDGE('',*,*,#4036,.F.);
#4511 = ORIENTED_EDGE('',*,*,#4505,.F.);
#4512 = CYLINDRICAL_SURFACE('',#4513,2.2);
#4513 = AXIS2_PLACEMENT_3D('',#4514,#4515,#4516);
#4514 = CARTESIAN_POINT('',(-160.,-108.,243.));
#4515 = DIRECTION('',(-0.,-0.,-1.));
#4516 = DIRECTION('',(1.,0.,0.));
#4517 = ADVANCED_FACE('',(#4518),#4529,.F.);
#4518 = FACE_BOUND('',#4519,.T.);
#4519 = EDGE_LOOP('',(#4520,#4521,#4527,#4528));
#4520 = ORIENTED_EDGE('',*,*,#4281,.T.);
#4521 = ORIENTED_EDGE('',*,*,#4522,.T.);
#4522 = EDGE_CURVE('',#4282,#4048,#4523,.T.);
#4523 = LINE('',#4524,#4525);
#4524 = CARTESIAN_POINT('',(-137.8,-108.,243.));
#4525 = VECTOR('',#4526,1.);
#4526 = DIRECTION('',(0.,0.,1.));
#4527 = ORIENTED_EDGE('',*,*,#4047,.F.);
#4528 = ORIENTED_EDGE('',*,*,#4522,.F.);
#4529 = CYLINDRICAL_SURFACE('',#4530,2.2);
#4530 = AXIS2_PLACEMENT_3D('',#4531,#4532,#4533);
#4531 = CARTESIAN_POINT('',(-140.,-108.,243.));
#4532 = DIRECTION('',(-0.,-0.,-1.));
#4533 = DIRECTION('',(1.,0.,0.));
#4534 = ADVANCED_FACE('',(#4535),#4546,.F.);
#4535 = FACE_BOUND('',#4536,.T.);
#4536 = EDGE_LOOP('',(#4537,#4538,#4544,#4545));
#4537 = ORIENTED_EDGE('',*,*,#4292,.T.);
#4538 = ORIENTED_EDGE('',*,*,#4539,.T.);
#4539 = EDGE_CURVE('',#4293,#4059,#4540,.T.);
#4540 = LINE('',#4541,#4542);
#4541 = CARTESIAN_POINT('',(-121.8,-108.,243.));
#4542 = VECTOR('',#4543,1.);
#4543 = DIRECTION('',(0.,0.,1.));
#4544 = ORIENTED_EDGE('',*,*,#4058,.F.);
#4545 = ORIENTED_EDGE('',*,*,#4539,.F.);
#4546 = CYLINDRICAL_SURFACE('',#4547,2.2);
#4547 = AXIS2_PLACEMENT_3D('',#4548,#4549,#4550);
#4548 = CARTESIAN_POINT('',(-124.,-108.,243.));
#4549 = DIRECTION('',(-0.,-0.,-1.));
#4550 = DIRECTION('',(1.,0.,0.));
#4551 = ADVANCED_FACE('',(#4552),#4563,.F.);
#4552 = FACE_BOUND('',#4553,.T.);
#4553 = EDGE_LOOP('',(#4554,#4555,#4561,#4562));
#4554 = ORIENTED_EDGE('',*,*,#4303,.T.);
#4555 = ORIENTED_EDGE('',*,*,#4556,.T.);
#4556 = EDGE_CURVE('',#4304,#4070,#4557,.T.);
#4557 = LINE('',#4558,#4559);
#4558 = CARTESIAN_POINT('',(-85.8,-108.,243.));
#4559 = VECTOR('',#4560,1.);
#4560 = DIRECTION('',(0.,0.,1.));
#4561 = ORIENTED_EDGE('',*,*,#4069,.F.);
#4562 = ORIENTED_EDGE('',*,*,#4556,.F.);
#4563 = CYLINDRICAL_SURFACE('',#4564,2.2);
#4564 = AXIS2_PLACEMENT_3D('',#4565,#4566,#4567);
#4565 = CARTESIAN_POINT('',(-88.,-108.,243.));
#4566 = DIRECTION('',(-0.,-0.,-1.));
#4567 = DIRECTION('',(1.,0.,0.));
#4568 = ADVANCED_FACE('',(#4569),#4580,.F.);
#4569 = FACE_BOUND('',#4570,.T.);
#4570 = EDGE_LOOP('',(#4571,#4572,#4578,#4579));
#4571 = ORIENTED_EDGE('',*,*,#4314,.T.);
#4572 = ORIENTED_EDGE('',*,*,#4573,.T.);
#4573 = EDGE_CURVE('',#4315,#4081,#4574,.T.);
#4574 = LINE('',#4575,#4576);
#4575 = CARTESIAN_POINT('',(-122.53,-21.39,243.));
#4576 = VECTOR('',#4577,1.);
#4577 = DIRECTION('',(0.,0.,1.));
#4578 = ORIENTED_EDGE('',*,*,#4080,.F.);
#4579 = ORIENTED_EDGE('',*,*,#4573,.F.);
#4580 = CYLINDRICAL_SURFACE('',#4581,2.2);
#4581 = AXIS2_PLACEMENT_3D('',#4582,#4583,#4584);
#4582 = CARTESIAN_POINT('',(-124.73,-21.39,243.));
#4583 = DIRECTION('',(-0.,-0.,-1.));
#4584 = DIRECTION('',(1.,0.,0.));
#4585 = ADVANCED_FACE('',(#4586),#4597,.F.);
#4586 = FACE_BOUND('',#4587,.T.);
#4587 = EDGE_LOOP('',(#4588,#4589,#4595,#4596));
#4588 = ORIENTED_EDGE('',*,*,#4325,.T.);
#4589 = ORIENTED_EDGE('',*,*,#4590,.T.);
#4590 = EDGE_CURVE('',#4326,#4092,#4591,.T.);
#4591 = LINE('',#4592,#4593);
#4592 = CARTESIAN_POINT('',(-61.5,-72.8,243.));
#4593 = VECTOR('',#4594,1.);
#4594 = DIRECTION('',(0.,0.,1.));
#4595 = ORIENTED_EDGE('',*,*,#4091,.F.);
#4596 = ORIENTED_EDGE('',*,*,#4590,.F.);
#4597 = CYLINDRICAL_SURFACE('',#4598,4.5);
#4598 = AXIS2_PLACEMENT_3D('',#4599,#4600,#4601);
#4599 = CARTESIAN_POINT('',(-66.,-72.8,243.));
#4600 = DIRECTION('',(-0.,-0.,-1.));
#4601 = DIRECTION('',(1.,0.,0.));
#4602 = ADVANCED_FACE('',(#4603),#4614,.F.);
#4603 = FACE_BOUND('',#4604,.T.);
#4604 = EDGE_LOOP('',(#4605,#4606,#4612,#4613));
#4605 = ORIENTED_EDGE('',*,*,#4336,.T.);
#4606 = ORIENTED_EDGE('',*,*,#4607,.T.);
#4607 = EDGE_CURVE('',#4337,#4103,#4608,.T.);
#4608 = LINE('',#4609,#4610);
#4609 = CARTESIAN_POINT('',(-5.07,-21.39,243.));
#4610 = VECTOR('',#4611,1.);
#4611 = DIRECTION('',(0.,0.,1.));
#4612 = ORIENTED_EDGE('',*,*,#4102,.F.);
#4613 = ORIENTED_EDGE('',*,*,#4607,.F.);
#4614 = CYLINDRICAL_SURFACE('',#4615,2.2);
#4615 = AXIS2_PLACEMENT_3D('',#4616,#4617,#4618);
#4616 = CARTESIAN_POINT('',(-7.27,-21.39,243.));
#4617 = DIRECTION('',(-0.,-0.,-1.));
#4618 = DIRECTION('',(1.,0.,0.));
#4619 = ADVANCED_FACE('',(#4620),#4631,.F.);
#4620 = FACE_BOUND('',#4621,.T.);
#4621 = EDGE_LOOP('',(#4622,#4623,#4629,#4630));
#4622 = ORIENTED_EDGE('',*,*,#4347,.T.);
#4623 = ORIENTED_EDGE('',*,*,#4624,.T.);
#4624 = EDGE_CURVE('',#4348,#4114,#4625,.T.);
#4625 = LINE('',#4626,#4627);
#4626 = CARTESIAN_POINT('',(-122.53,21.39,243.));
#4627 = VECTOR('',#4628,1.);
#4628 = DIRECTION('',(0.,0.,1.));
#4629 = ORIENTED_EDGE('',*,*,#4113,.F.);
#4630 = ORIENTED_EDGE('',*,*,#4624,.F.);
#4631 = CYLINDRICAL_SURFACE('',#4632,2.2);
#4632 = AXIS2_PLACEMENT_3D('',#4633,#4634,#4635);
#4633 = CARTESIAN_POINT('',(-124.73,21.39,243.));
#4634 = DIRECTION('',(-0.,-0.,-1.));
#4635 = DIRECTION('',(1.,0.,0.));
#4636 = ADVANCED_FACE('',(#4637),#4648,.F.);
#4637 = FACE_BOUND('',#4638,.T.);
#4638 = EDGE_LOOP('',(#4639,#4640,#4646,#4647));
#4639 = ORIENTED_EDGE('',*,*,#4358,.T.);
#4640 = ORIENTED_EDGE('',*,*,#4641,.T.);
#4641 = EDGE_CURVE('',#4359,#4125,#4642,.T.);
#4642 = LINE('',#4643,#4644);
#4643 = CARTESIAN_POINT('',(-5.07,21.39,243.));
#4644 = VECTOR('',#4645,1.);
#4645 = DIRECTION('',(0.,0.,1.));
#4646 = ORIENTED_EDGE('',*,*,#4124,.F.);
#4647 = ORIENTED_EDGE('',*,*,#4641,.F.);
#4648 = CYLINDRICAL_SURFACE('',#4649,2.2);
#4649 = AXIS2_PLACEMENT_3D('',#4650,#4651,#4652);
#4650 = CARTESIAN_POINT('',(-7.27,21.39,243.));
#4651 = DIRECTION('',(-0.,-0.,-1.));
#4652 = DIRECTION('',(1.,0.,0.));
#4653 = ADVANCED_FACE('',(#4654),#4665,.F.);
#4654 = FACE_BOUND('',#4655,.T.);
#4655 = EDGE_LOOP('',(#4656,#4657,#4663,#4664));
#4656 = ORIENTED_EDGE('',*,*,#4369,.T.);
#4657 = ORIENTED_EDGE('',*,*,#4658,.T.);
#4658 = EDGE_CURVE('',#4370,#4136,#4659,.T.);
#4659 = LINE('',#4660,#4661);
#4660 = CARTESIAN_POINT('',(-15.8,110.8,243.));
#4661 = VECTOR('',#4662,1.);
#4662 = DIRECTION('',(0.,0.,1.));
#4663 = ORIENTED_EDGE('',*,*,#4135,.F.);
#4664 = ORIENTED_EDGE('',*,*,#4658,.F.);
#4665 = CYLINDRICAL_SURFACE('',#4666,2.2);
#4666 = AXIS2_PLACEMENT_3D('',#4667,#4668,#4669);
#4667 = CARTESIAN_POINT('',(-18.,110.8,243.));
#4668 = DIRECTION('',(-0.,-0.,-1.));
#4669 = DIRECTION('',(1.,0.,0.));
#4670 = ADVANCED_FACE('',(#4671),#4682,.F.);
#4671 = FACE_BOUND('',#4672,.T.);
#4672 = EDGE_LOOP('',(#4673,#4674,#4680,#4681));
#4673 = ORIENTED_EDGE('',*,*,#4380,.T.);
#4674 = ORIENTED_EDGE('',*,*,#4675,.T.);
#4675 = EDGE_CURVE('',#4381,#4147,#4676,.T.);
#4676 = LINE('',#4677,#4678);
#4677 = CARTESIAN_POINT('',(-15.8,122.8,243.));
#4678 = VECTOR('',#4679,1.);
#4679 = DIRECTION('',(0.,0.,1.));
#4680 = ORIENTED_EDGE('',*,*,#4146,.F.);
#4681 = ORIENTED_EDGE('',*,*,#4675,.F.);
#4682 = CYLINDRICAL_SURFACE('',#4683,2.2);
#4683 = AXIS2_PLACEMENT_3D('',#4684,#4685,#4686);
#4684 = CARTESIAN_POINT('',(-18.,122.8,243.));
#4685 = DIRECTION('',(-0.,-0.,-1.));
#4686 = DIRECTION('',(1.,0.,0.));
#4687 = ADVANCED_FACE('',(#4688),#4699,.F.);
#4688 = FACE_BOUND('',#4689,.T.);
#4689 = EDGE_LOOP('',(#4690,#4691,#4697,#4698));
#4690 = ORIENTED_EDGE('',*,*,#4391,.T.);
#4691 = ORIENTED_EDGE('',*,*,#4692,.T.);
#4692 = EDGE_CURVE('',#4392,#4158,#4693,.T.);
#4693 = LINE('',#4694,#4695);
#4694 = CARTESIAN_POINT('',(-5.8,110.8,243.));
#4695 = VECTOR('',#4696,1.);
#4696 = DIRECTION('',(0.,0.,1.));
#4697 = ORIENTED_EDGE('',*,*,#4157,.F.);
#4698 = ORIENTED_EDGE('',*,*,#4692,.F.);
#4699 = CYLINDRICAL_SURFACE('',#4700,2.2);
#4700 = AXIS2_PLACEMENT_3D('',#4701,#4702,#4703);
#4701 = CARTESIAN_POINT('',(-8.,110.8,243.));
#4702 = DIRECTION('',(-0.,-0.,-1.));
#4703 = DIRECTION('',(1.,0.,0.));
#4704 = ADVANCED_FACE('',(#4705),#4716,.F.);
#4705 = FACE_BOUND('',#4706,.T.);
#4706 = EDGE_LOOP('',(#4707,#4708,#4714,#4715));
#4707 = ORIENTED_EDGE('',*,*,#4402,.T.);
#4708 = ORIENTED_EDGE('',*,*,#4709,.T.);
#4709 = EDGE_CURVE('',#4403,#4169,#4710,.T.);
#4710 = LINE('',#4711,#4712);
#4711 = CARTESIAN_POINT('',(-5.8,122.8,243.));
#4712 = VECTOR('',#4713,1.);
#4713 = DIRECTION('',(0.,0.,1.));
#4714 = ORIENTED_EDGE('',*,*,#4168,.F.);
#4715 = ORIENTED_EDGE('',*,*,#4709,.F.);
#4716 = CYLINDRICAL_SURFACE('',#4717,2.2);
#4717 = AXIS2_PLACEMENT_3D('',#4718,#4719,#4720);
#4718 = CARTESIAN_POINT('',(-8.,122.8,243.));
#4719 = DIRECTION('',(-0.,-0.,-1.));
#4720 = DIRECTION('',(1.,0.,0.));
#4721 = ADVANCED_FACE('',(#4722),#4730,.F.);
#4722 = FACE_BOUND('',#4723,.T.);
#4723 = EDGE_LOOP('',(#4724,#4725,#4726,#4727,#4728,#4729));
#4724 = ORIENTED_EDGE('',*,*,#4002,.F.);
#4725 = ORIENTED_EDGE('',*,*,#4471,.T.);
#4726 = ORIENTED_EDGE('',*,*,#4236,.T.);
#4727 = ORIENTED_EDGE('',*,*,#4245,.T.);
#4728 = ORIENTED_EDGE('',*,*,#4456,.F.);
#4729 = ORIENTED_EDGE('',*,*,#4011,.F.);
#4730 = CYLINDRICAL_SURFACE('',#4731,57.);
#4731 = AXIS2_PLACEMENT_3D('',#4732,#4733,#4734);
#4732 = CARTESIAN_POINT('',(-66.,0.,243.));
#4733 = DIRECTION('',(-0.,-0.,-1.));
#4734 = DIRECTION('',(1.,0.,0.));
#4735 = ( GEOMETRIC_REPRESENTATION_CONTEXT(3) 
GLOBAL_UNCERTAINTY_ASSIGNED_CONTEXT((#4739)) 
GLOBAL_UNIT_ASSIGNED_CONTEXT((#4736,#4737,#4738)) REPRESENTATION_CONTEXT
('Context #1','3D Context with UNIT and UNCERTAINTY') );
#4736 = ( LENGTH_UNIT() NAMED_UNIT(*) SI_UNIT(.MILLI.,.METRE.) );
#4737 = ( NAMED_UNIT(*) PLANE_ANGLE_UNIT() SI_UNIT($,.RADIAN.) );
#4738 = ( NAMED_UNIT(*) SI_UNIT($,.STERADIAN.) SOLID_ANGLE_UNIT() );
#4739 = UNCERTAINTY_MEASURE_WITH_UNIT(LENGTH_MEASURE(2.E-05),#4736,
  'distance_accuracy_value','confusion accuracy');
#4740 = CONTEXT_DEPENDENT_SHAPE_REPRESENTATION(#4741,#4743);
#4741 = ( REPRESENTATION_RELATIONSHIP('','',#3890,#10) 
REPRESENTATION_RELATIONSHIP_WITH_TRANSFORMATION(#4742) 
SHAPE_REPRESENTATION_RELATIONSHIP() );
#4742 = ITEM_DEFINED_TRANSFORMATION('','',#11,#39);
#4743 = PRODUCT_DEFINITION_SHAPE('Placement','Placement of an item',
  #4744);
#4744 = NEXT_ASSEMBLY_USAGE_OCCURRENCE('414','TURRET_DECK','',#5,#3885,$
  );
#4745 = PRODUCT_RELATED_PRODUCT_CATEGORY('part',$,(#3887));
#4746 = SHAPE_DEFINITION_REPRESENTATION(#4747,#4753);
#4747 = PRODUCT_DEFINITION_SHAPE('','',#4748);
#4748 = PRODUCT_DEFINITION('design','',#4749,#4752);
#4749 = PRODUCT_DEFINITION_FORMATION('','',#4750);
#4750 = PRODUCT('LAZY_SUSAN_LO','LAZY_SUSAN_LO','',(#4751));
#4751 = PRODUCT_CONTEXT('',#2,'mechanical');
#4752 = PRODUCT_DEFINITION_CONTEXT('part definition',#2,'design');
#4753 = ADVANCED_BREP_SHAPE_REPRESENTATION('',(#11,#4754),#4972);
#4754 = MANIFOLD_SOLID_BREP('',#4755);
#4755 = CLOSED_SHELL('',(#4756,#4823,#4865,#4889,#4914,#4931,#4951));
#4756 = ADVANCED_FACE('',(#4757),#4818,.T.);
#4757 = FACE_BOUND('',#4758,.F.);
#4758 = EDGE_LOOP('',(#4759,#4770,#4778,#4785,#4786,#4795,#4803,#4812));
#4759 = ORIENTED_EDGE('',*,*,#4760,.F.);
#4760 = EDGE_CURVE('',#4761,#4763,#4765,.T.);
#4761 = VERTEX_POINT('',#4762);
#4762 = CARTESIAN_POINT('',(0.,-1.6E-14,248.));
#4763 = VERTEX_POINT('',#4764);
#4764 = CARTESIAN_POINT('',(-31.,55.955339334151,248.));
#4765 = CIRCLE('',#4766,66.);
#4766 = AXIS2_PLACEMENT_3D('',#4767,#4768,#4769);
#4767 = CARTESIAN_POINT('',(-66.,0.,248.));
#4768 = DIRECTION('',(0.,0.,1.));
#4769 = DIRECTION('',(1.,0.,0.));
#4770 = ORIENTED_EDGE('',*,*,#4771,.T.);
#4771 = EDGE_CURVE('',#4761,#4772,#4774,.T.);
#4772 = VERTEX_POINT('',#4773);
#4773 = CARTESIAN_POINT('',(0.,-1.6E-14,252.25));
#4774 = LINE('',#4775,#4776);
#4775 = CARTESIAN_POINT('',(0.,-1.617E-14,248.));
#4776 = VECTOR('',#4777,1.);
#4777 = DIRECTION('',(0.,0.,1.));
#4778 = ORIENTED_EDGE('',*,*,#4779,.T.);
#4779 = EDGE_CURVE('',#4772,#4772,#4780,.T.);
#4780 = CIRCLE('',#4781,66.);
#4781 = AXIS2_PLACEMENT_3D('',#4782,#4783,#4784);
#4782 = CARTESIAN_POINT('',(-66.,0.,252.25));
#4783 = DIRECTION('',(0.,0.,1.));
#4784 = DIRECTION('',(1.,0.,0.));
#4785 = ORIENTED_EDGE('',*,*,#4771,.F.);
#4786 = ORIENTED_EDGE('',*,*,#4787,.F.);
#4787 = EDGE_CURVE('',#4788,#4761,#4790,.T.);
#4788 = VERTEX_POINT('',#4789);
#4789 = CARTESIAN_POINT('',(-101.,55.955339334151,248.));
#4790 = CIRCLE('',#4791,66.);
#4791 = AXIS2_PLACEMENT_3D('',#4792,#4793,#4794);
#4792 = CARTESIAN_POINT('',(-66.,0.,248.));
#4793 = DIRECTION('',(0.,0.,1.));
#4794 = DIRECTION('',(1.,0.,0.));
#4795 = ORIENTED_EDGE('',*,*,#4796,.F.);
#4796 = EDGE_CURVE('',#4797,#4788,#4799,.T.);
#4797 = VERTEX_POINT('',#4798);
#4798 = CARTESIAN_POINT('',(-101.,55.955339334151,252.));
#4799 = LINE('',#4800,#4801);
#4800 = CARTESIAN_POINT('',(-101.,55.955339334151,248.));
#4801 = VECTOR('',#4802,1.);
#4802 = DIRECTION('',(-0.,-0.,-1.));
#4803 = ORIENTED_EDGE('',*,*,#4804,.T.);
#4804 = EDGE_CURVE('',#4797,#4805,#4807,.T.);
#4805 = VERTEX_POINT('',#4806);
#4806 = CARTESIAN_POINT('',(-31.,55.955339334151,252.));
#4807 = CIRCLE('',#4808,66.);
#4808 = AXIS2_PLACEMENT_3D('',#4809,#4810,#4811);
#4809 = CARTESIAN_POINT('',(-66.,0.,252.));
#4810 = DIRECTION('',(0.,0.,-1.));
#4811 = DIRECTION('',(1.,0.,0.));
#4812 = ORIENTED_EDGE('',*,*,#4813,.T.);
#4813 = EDGE_CURVE('',#4805,#4763,#4814,.T.);
#4814 = LINE('',#4815,#4816);
#4815 = CARTESIAN_POINT('',(-31.,55.955339334151,248.));
#4816 = VECTOR('',#4817,1.);
#4817 = DIRECTION('',(-0.,-0.,-1.));
#4818 = CYLINDRICAL_SURFACE('',#4819,66.);
#4819 = AXIS2_PLACEMENT_3D('',#4820,#4821,#4822);
#4820 = CARTESIAN_POINT('',(-66.,0.,248.));
#4821 = DIRECTION('',(-0.,-0.,-1.));
#4822 = DIRECTION('',(1.,0.,0.));
#4823 = ADVANCED_FACE('',(#4824),#4860,.F.);
#4824 = FACE_BOUND('',#4825,.F.);
#4825 = EDGE_LOOP('',(#4826,#4827,#4828,#4836,#4845,#4854));
#4826 = ORIENTED_EDGE('',*,*,#4787,.T.);
#4827 = ORIENTED_EDGE('',*,*,#4760,.T.);
#4828 = ORIENTED_EDGE('',*,*,#4829,.F.);
#4829 = EDGE_CURVE('',#4830,#4763,#4832,.T.);
#4830 = VERTEX_POINT('',#4831);
#4831 = CARTESIAN_POINT('',(-31.,46.249324319389,248.));
#4832 = LINE('',#4833,#4834);
#4833 = CARTESIAN_POINT('',(-31.,15.,248.));
#4834 = VECTOR('',#4835,1.);
#4835 = DIRECTION('',(0.,1.,0.));
#4836 = ORIENTED_EDGE('',*,*,#4837,.T.);
#4837 = EDGE_CURVE('',#4830,#4838,#4840,.T.);
#4838 = VERTEX_POINT('',#4839);
#4839 = CARTESIAN_POINT('',(-8.,-1.4E-14,248.));
#4840 = CIRCLE('',#4841,58.);
#4841 = AXIS2_PLACEMENT_3D('',#4842,#4843,#4844);
#4842 = CARTESIAN_POINT('',(-66.,0.,248.));
#4843 = DIRECTION('',(0.,0.,-1.));
#4844 = DIRECTION('',(1.,0.,0.));
#4845 = ORIENTED_EDGE('',*,*,#4846,.T.);
#4846 = EDGE_CURVE('',#4838,#4847,#4849,.T.);
#4847 = VERTEX_POINT('',#4848);
#4848 = CARTESIAN_POINT('',(-101.,46.249324319389,248.));
#4849 = CIRCLE('',#4850,58.);
#4850 = AXIS2_PLACEMENT_3D('',#4851,#4852,#4853);
#4851 = CARTESIAN_POINT('',(-66.,0.,248.));
#4852 = DIRECTION('',(0.,0.,-1.));
#4853 = DIRECTION('',(1.,0.,0.));
#4854 = ORIENTED_EDGE('',*,*,#4855,.T.);
#4855 = EDGE_CURVE('',#4847,#4788,#4856,.T.);
#4856 = LINE('',#4857,#4858);
#4857 = CARTESIAN_POINT('',(-101.,15.,248.));
#4858 = VECTOR('',#4859,1.);
#4859 = DIRECTION('',(0.,1.,0.));
#4860 = PLANE('',#4861);
#4861 = AXIS2_PLACEMENT_3D('',#4862,#4863,#4864);
#4862 = CARTESIAN_POINT('',(-66.,0.,248.));
#4863 = DIRECTION('',(0.,0.,1.));
#4864 = DIRECTION('',(1.,0.,0.));
#4865 = ADVANCED_FACE('',(#4866),#4884,.F.);
#4866 = FACE_BOUND('',#4867,.F.);
#4867 = EDGE_LOOP('',(#4868,#4876,#4882,#4883));
#4868 = ORIENTED_EDGE('',*,*,#4869,.F.);
#4869 = EDGE_CURVE('',#4870,#4805,#4872,.T.);
#4870 = VERTEX_POINT('',#4871);
#4871 = CARTESIAN_POINT('',(-31.,46.249324319389,252.));
#4872 = LINE('',#4873,#4874);
#4873 = CARTESIAN_POINT('',(-31.,30.,252.));
#4874 = VECTOR('',#4875,1.);
#4875 = DIRECTION('',(0.,1.,0.));
#4876 = ORIENTED_EDGE('',*,*,#4877,.T.);
#4877 = EDGE_CURVE('',#4870,#4830,#4878,.T.);
#4878 = LINE('',#4879,#4880);
#4879 = CARTESIAN_POINT('',(-31.,46.249324319389,247.));
#4880 = VECTOR('',#4881,1.);
#4881 = DIRECTION('',(-0.,-0.,-1.));
#4882 = ORIENTED_EDGE('',*,*,#4829,.T.);
#4883 = ORIENTED_EDGE('',*,*,#4813,.F.);
#4884 = PLANE('',#4885);
#4885 = AXIS2_PLACEMENT_3D('',#4886,#4887,#4888);
#4886 = CARTESIAN_POINT('',(-31.,30.,246.));
#4887 = DIRECTION('',(1.,0.,0.));
#4888 = DIRECTION('',(0.,0.,1.));
#4889 = ADVANCED_FACE('',(#4890),#4909,.F.);
#4890 = FACE_BOUND('',#4891,.F.);
#4891 = EDGE_LOOP('',(#4892,#4900,#4907,#4908));
#4892 = ORIENTED_EDGE('',*,*,#4893,.F.);
#4893 = EDGE_CURVE('',#4894,#4797,#4896,.T.);
#4894 = VERTEX_POINT('',#4895);
#4895 = CARTESIAN_POINT('',(-101.,46.249324319389,252.));
#4896 = LINE('',#4897,#4898);
#4897 = CARTESIAN_POINT('',(-101.,30.,252.));
#4898 = VECTOR('',#4899,1.);
#4899 = DIRECTION('',(0.,1.,0.));
#4900 = ORIENTED_EDGE('',*,*,#4901,.T.);
#4901 = EDGE_CURVE('',#4894,#4870,#4902,.T.);
#4902 = CIRCLE('',#4903,58.);
#4903 = AXIS2_PLACEMENT_3D('',#4904,#4905,#4906);
#4904 = CARTESIAN_POINT('',(-66.,0.,252.));
#4905 = DIRECTION('',(0.,0.,-1.));
#4906 = DIRECTION('',(1.,0.,0.));
#4907 = ORIENTED_EDGE('',*,*,#4869,.T.);
#4908 = ORIENTED_EDGE('',*,*,#4804,.F.);
#4909 = PLANE('',#4910);
#4910 = AXIS2_PLACEMENT_3D('',#4911,#4912,#4913);
#4911 = CARTESIAN_POINT('',(-101.,30.,252.));
#4912 = DIRECTION('',(0.,0.,1.));
#4913 = DIRECTION('',(1.,0.,0.));
#4914 = ADVANCED_FACE('',(#4915),#4926,.T.);
#4915 = FACE_BOUND('',#4916,.T.);
#4916 = EDGE_LOOP('',(#4917,#4918,#4924,#4925));
#4917 = ORIENTED_EDGE('',*,*,#4893,.F.);
#4918 = ORIENTED_EDGE('',*,*,#4919,.T.);
#4919 = EDGE_CURVE('',#4894,#4847,#4920,.T.);
#4920 = LINE('',#4921,#4922);
#4921 = CARTESIAN_POINT('',(-101.,46.249324319389,247.));
#4922 = VECTOR('',#4923,1.);
#4923 = DIRECTION('',(-0.,-0.,-1.));
#4924 = ORIENTED_EDGE('',*,*,#4855,.T.);
#4925 = ORIENTED_EDGE('',*,*,#4796,.F.);
#4926 = PLANE('',#4927);
#4927 = AXIS2_PLACEMENT_3D('',#4928,#4929,#4930);
#4928 = CARTESIAN_POINT('',(-101.,30.,246.));
#4929 = DIRECTION('',(1.,0.,0.));
#4930 = DIRECTION('',(0.,0.,1.));
#4931 = ADVANCED_FACE('',(#4932,#4935),#4946,.T.);
#4932 = FACE_BOUND('',#4933,.T.);
#4933 = EDGE_LOOP('',(#4934));
#4934 = ORIENTED_EDGE('',*,*,#4779,.T.);
#4935 = FACE_BOUND('',#4936,.T.);
#4936 = EDGE_LOOP('',(#4937));
#4937 = ORIENTED_EDGE('',*,*,#4938,.T.);
#4938 = EDGE_CURVE('',#4939,#4939,#4941,.T.);
#4939 = VERTEX_POINT('',#4940);
#4940 = CARTESIAN_POINT('',(-8.,-1.4E-14,252.25));
#4941 = CIRCLE('',#4942,58.);
#4942 = AXIS2_PLACEMENT_3D('',#4943,#4944,#4945);
#4943 = CARTESIAN_POINT('',(-66.,0.,252.25));
#4944 = DIRECTION('',(0.,0.,-1.));
#4945 = DIRECTION('',(1.,0.,0.));
#4946 = PLANE('',#4947);
#4947 = AXIS2_PLACEMENT_3D('',#4948,#4949,#4950);
#4948 = CARTESIAN_POINT('',(-66.,0.,252.25));
#4949 = DIRECTION('',(0.,0.,1.));
#4950 = DIRECTION('',(1.,0.,0.));
#4951 = ADVANCED_FACE('',(#4952),#4967,.F.);
#4952 = FACE_BOUND('',#4953,.T.);
#4953 = EDGE_LOOP('',(#4954,#4960,#4961,#4962,#4963,#4964,#4965,#4966));
#4954 = ORIENTED_EDGE('',*,*,#4955,.F.);
#4955 = EDGE_CURVE('',#4838,#4939,#4956,.T.);
#4956 = LINE('',#4957,#4958);
#4957 = CARTESIAN_POINT('',(-8.,-1.421E-14,247.));
#4958 = VECTOR('',#4959,1.);
#4959 = DIRECTION('',(0.,0.,1.));
#4960 = ORIENTED_EDGE('',*,*,#4846,.T.);
#4961 = ORIENTED_EDGE('',*,*,#4919,.F.);
#4962 = ORIENTED_EDGE('',*,*,#4901,.T.);
#4963 = ORIENTED_EDGE('',*,*,#4877,.T.);
#4964 = ORIENTED_EDGE('',*,*,#4837,.T.);
#4965 = ORIENTED_EDGE('',*,*,#4955,.T.);
#4966 = ORIENTED_EDGE('',*,*,#4938,.F.);
#4967 = CYLINDRICAL_SURFACE('',#4968,58.);
#4968 = AXIS2_PLACEMENT_3D('',#4969,#4970,#4971);
#4969 = CARTESIAN_POINT('',(-66.,0.,247.));
#4970 = DIRECTION('',(-0.,-0.,-1.));
#4971 = DIRECTION('',(1.,0.,0.));
#4972 = ( GEOMETRIC_REPRESENTATION_CONTEXT(3) 
GLOBAL_UNCERTAINTY_ASSIGNED_CONTEXT((#4976)) 
GLOBAL_UNIT_ASSIGNED_CONTEXT((#4973,#4974,#4975)) REPRESENTATION_CONTEXT
('Context #1','3D Context with UNIT and UNCERTAINTY') );
#4973 = ( LENGTH_UNIT() NAMED_UNIT(*) SI_UNIT(.MILLI.,.METRE.) );
#4974 = ( NAMED_UNIT(*) PLANE_ANGLE_UNIT() SI_UNIT($,.RADIAN.) );
#4975 = ( NAMED_UNIT(*) SI_UNIT($,.STERADIAN.) SOLID_ANGLE_UNIT() );
#4976 = UNCERTAINTY_MEASURE_WITH_UNIT(LENGTH_MEASURE(2.E-05),#4973,
  'distance_accuracy_value','confusion accuracy');
#4977 = CONTEXT_DEPENDENT_SHAPE_REPRESENTATION(#4978,#4980);
#4978 = ( REPRESENTATION_RELATIONSHIP('','',#4753,#10) 
REPRESENTATION_RELATIONSHIP_WITH_TRANSFORMATION(#4979) 
SHAPE_REPRESENTATION_RELATIONSHIP() );
#4979 = ITEM_DEFINED_TRANSFORMATION('','',#11,#43);
#4980 = PRODUCT_DEFINITION_SHAPE('Placement','Placement of an item',
  #4981);
#4981 = NEXT_ASSEMBLY_USAGE_OCCURRENCE('415','LAZY_SUSAN_LO','',#5,#4748
  ,$);
#4982 = PRODUCT_RELATED_PRODUCT_CATEGORY('part',$,(#4750));
#4983 = SHAPE_DEFINITION_REPRESENTATION(#4984,#4990);
#4984 = PRODUCT_DEFINITION_SHAPE('','',#4985);
#4985 = PRODUCT_DEFINITION('design','',#4986,#4989);
#4986 = PRODUCT_DEFINITION_FORMATION('','',#4987);
#4987 = PRODUCT('LAZY_SUSAN_HI','LAZY_SUSAN_HI','',(#4988));
#4988 = PRODUCT_CONTEXT('',#2,'mechanical');
#4989 = PRODUCT_DEFINITION_CONTEXT('part definition',#2,'design');
#4990 = ADVANCED_BREP_SHAPE_REPRESENTATION('',(#11,#4991),#5083);
#4991 = MANIFOLD_SOLID_BREP('',#4992);
#4992 = CLOSED_SHELL('',(#4993,#5026,#5046,#5066));
#4993 = ADVANCED_FACE('',(#4994),#5021,.T.);
#4994 = FACE_BOUND('',#4995,.F.);
#4995 = EDGE_LOOP('',(#4996,#5006,#5013,#5014));
#4996 = ORIENTED_EDGE('',*,*,#4997,.T.);
#4997 = EDGE_CURVE('',#4998,#5000,#5002,.T.);
#4998 = VERTEX_POINT('',#4999);
#4999 = CARTESIAN_POINT('',(0.,-1.6E-14,252.25));
#5000 = VERTEX_POINT('',#5001);
#5001 = CARTESIAN_POINT('',(0.,-1.6E-14,256.5));
#5002 = LINE('',#5003,#5004);
#5003 = CARTESIAN_POINT('',(0.,-1.617E-14,252.25));
#5004 = VECTOR('',#5005,1.);
#5005 = DIRECTION('',(0.,0.,1.));
#5006 = ORIENTED_EDGE('',*,*,#5007,.T.);
#5007 = EDGE_CURVE('',#5000,#5000,#5008,.T.);
#5008 = CIRCLE('',#5009,66.);
#5009 = AXIS2_PLACEMENT_3D('',#5010,#5011,#5012);
#5010 = CARTESIAN_POINT('',(-66.,0.,256.5));
#5011 = DIRECTION('',(0.,0.,1.));
#5012 = DIRECTION('',(1.,0.,0.));
#5013 = ORIENTED_EDGE('',*,*,#4997,.F.);
#5014 = ORIENTED_EDGE('',*,*,#5015,.F.);
#5015 = EDGE_CURVE('',#4998,#4998,#5016,.T.);
#5016 = CIRCLE('',#5017,66.);
#5017 = AXIS2_PLACEMENT_3D('',#5018,#5019,#5020);
#5018 = CARTESIAN_POINT('',(-66.,0.,252.25));
#5019 = DIRECTION('',(0.,0.,1.));
#5020 = DIRECTION('',(1.,0.,0.));
#5021 = CYLINDRICAL_SURFACE('',#5022,66.);
#5022 = AXIS2_PLACEMENT_3D('',#5023,#5024,#5025);
#5023 = CARTESIAN_POINT('',(-66.,0.,252.25));
#5024 = DIRECTION('',(-0.,-0.,-1.));
#5025 = DIRECTION('',(1.,0.,0.));
#5026 = ADVANCED_FACE('',(#5027,#5030),#5041,.F.);
#5027 = FACE_BOUND('',#5028,.F.);
#5028 = EDGE_LOOP('',(#5029));
#5029 = ORIENTED_EDGE('',*,*,#5015,.T.);
#5030 = FACE_BOUND('',#5031,.F.);
#5031 = EDGE_LOOP('',(#5032));
#5032 = ORIENTED_EDGE('',*,*,#5033,.T.);
#5033 = EDGE_CURVE('',#5034,#5034,#5036,.T.);
#5034 = VERTEX_POINT('',#5035);
#5035 = CARTESIAN_POINT('',(-8.,-1.4E-14,252.25));
#5036 = CIRCLE('',#5037,58.);
#5037 = AXIS2_PLACEMENT_3D('',#5038,#5039,#5040);
#5038 = CARTESIAN_POINT('',(-66.,0.,252.25));
#5039 = DIRECTION('',(0.,0.,-1.));
#5040 = DIRECTION('',(1.,0.,0.));
#5041 = PLANE('',#5042);
#5042 = AXIS2_PLACEMENT_3D('',#5043,#5044,#5045);
#5043 = CARTESIAN_POINT('',(-66.,0.,252.25));
#5044 = DIRECTION('',(0.,0.,1.));
#5045 = DIRECTION('',(1.,0.,0.));
#5046 = ADVANCED_FACE('',(#5047,#5050),#5061,.T.);
#5047 = FACE_BOUND('',#5048,.T.);
#5048 = EDGE_LOOP('',(#5049));
#5049 = ORIENTED_EDGE('',*,*,#5007,.T.);
#5050 = FACE_BOUND('',#5051,.T.);
#5051 = EDGE_LOOP('',(#5052));
#5052 = ORIENTED_EDGE('',*,*,#5053,.T.);
#5053 = EDGE_CURVE('',#5054,#5054,#5056,.T.);
#5054 = VERTEX_POINT('',#5055);
#5055 = CARTESIAN_POINT('',(-8.,-1.4E-14,256.5));
#5056 = CIRCLE('',#5057,58.);
#5057 = AXIS2_PLACEMENT_3D('',#5058,#5059,#5060);
#5058 = CARTESIAN_POINT('',(-66.,0.,256.5));
#5059 = DIRECTION('',(0.,0.,-1.));
#5060 = DIRECTION('',(1.,0.,0.));
#5061 = PLANE('',#5062);
#5062 = AXIS2_PLACEMENT_3D('',#5063,#5064,#5065);
#5063 = CARTESIAN_POINT('',(-66.,0.,256.5));
#5064 = DIRECTION('',(0.,0.,1.));
#5065 = DIRECTION('',(1.,0.,0.));
#5066 = ADVANCED_FACE('',(#5067),#5078,.F.);
#5067 = FACE_BOUND('',#5068,.T.);
#5068 = EDGE_LOOP('',(#5069,#5070,#5076,#5077));
#5069 = ORIENTED_EDGE('',*,*,#5033,.T.);
#5070 = ORIENTED_EDGE('',*,*,#5071,.T.);
#5071 = EDGE_CURVE('',#5034,#5054,#5072,.T.);
#5072 = LINE('',#5073,#5074);
#5073 = CARTESIAN_POINT('',(-8.,-1.421E-14,251.25));
#5074 = VECTOR('',#5075,1.);
#5075 = DIRECTION('',(0.,0.,1.));
#5076 = ORIENTED_EDGE('',*,*,#5053,.F.);
#5077 = ORIENTED_EDGE('',*,*,#5071,.F.);
#5078 = CYLINDRICAL_SURFACE('',#5079,58.);
#5079 = AXIS2_PLACEMENT_3D('',#5080,#5081,#5082);
#5080 = CARTESIAN_POINT('',(-66.,0.,251.25));
#5081 = DIRECTION('',(-0.,-0.,-1.));
#5082 = DIRECTION('',(1.,0.,0.));
#5083 = ( GEOMETRIC_REPRESENTATION_CONTEXT(3) 
GLOBAL_UNCERTAINTY_ASSIGNED_CONTEXT((#5087)) 
GLOBAL_UNIT_ASSIGNED_CONTEXT((#5084,#5085,#5086)) REPRESENTATION_CONTEXT
('Context #1','3D Context with UNIT and UNCERTAINTY') );
#5084 = ( LENGTH_UNIT() NAMED_UNIT(*) SI_UNIT(.MILLI.,.METRE.) );
#5085 = ( NAMED_UNIT(*) PLANE_ANGLE_UNIT() SI_UNIT($,.RADIAN.) );
#5086 = ( NAMED_UNIT(*) SI_UNIT($,.STERADIAN.) SOLID_ANGLE_UNIT() );
#5087 = UNCERTAINTY_MEASURE_WITH_UNIT(LENGTH_MEASURE(1.E-07),#5084,
  'distance_accuracy_value','confusion accuracy');
#5088 = CONTEXT_DEPENDENT_SHAPE_REPRESENTATION(#5089,#5091);
#5089 = ( REPRESENTATION_RELATIONSHIP('','',#4990,#10) 
REPRESENTATION_RELATIONSHIP_WITH_TRANSFORMATION(#5090) 
SHAPE_REPRESENTATION_RELATIONSHIP() );
#5090 = ITEM_DEFINED_TRANSFORMATION('','',#11,#47);
#5091 = PRODUCT_DEFINITION_SHAPE('Placement','Placement of an item',
  #5092);
#5092 = NEXT_ASSEMBLY_USAGE_OCCURRENCE('416','LAZY_SUSAN_HI','',#5,#4985
  ,$);
#5093 = PRODUCT_RELATED_PRODUCT_CATEGORY('part',$,(#4987));
#5094 = SHAPE_DEFINITION_REPRESENTATION(#5095,#5101);
#5095 = PRODUCT_DEFINITION_SHAPE('','',#5096);
#5096 = PRODUCT_DEFINITION('design','',#5097,#5100);
#5097 = PRODUCT_DEFINITION_FORMATION('','',#5098);
#5098 = PRODUCT('YAW_TRAY','YAW_TRAY','',(#5099));
#5099 = PRODUCT_CONTEXT('',#2,'mechanical');
#5100 = PRODUCT_DEFINITION_CONTEXT('part definition',#2,'design');
#5101 = ADVANCED_BREP_SHAPE_REPRESENTATION('',(#11,#5102),#5291);
#5102 = MANIFOLD_SOLID_BREP('',#5103);
#5103 = CLOSED_SHELL('',(#5104,#5144,#5175,#5210,#5234,#5262,#5274));
#5104 = ADVANCED_FACE('',(#5105),#5139,.F.);
#5105 = FACE_BOUND('',#5106,.F.);
#5106 = EDGE_LOOP('',(#5107,#5117,#5125,#5133));
#5107 = ORIENTED_EDGE('',*,*,#5108,.F.);
#5108 = EDGE_CURVE('',#5109,#5111,#5113,.T.);
#5109 = VERTEX_POINT('',#5110);
#5110 = CARTESIAN_POINT('',(-94.,-95.,241.));
#5111 = VERTEX_POINT('',#5112);
#5112 = CARTESIAN_POINT('',(-94.,-95.,244.));
#5113 = LINE('',#5114,#5115);
#5114 = CARTESIAN_POINT('',(-94.,-95.,241.));
#5115 = VECTOR('',#5116,1.);
#5116 = DIRECTION('',(0.,0.,1.));
#5117 = ORIENTED_EDGE('',*,*,#5118,.T.);
#5118 = EDGE_CURVE('',#5109,#5119,#5121,.T.);
#5119 = VERTEX_POINT('',#5120);
#5120 = CARTESIAN_POINT('',(-94.,-56.,241.));
#5121 = LINE('',#5122,#5123);
#5122 = CARTESIAN_POINT('',(-94.,-95.,241.));
#5123 = VECTOR('',#5124,1.);
#5124 = DIRECTION('',(0.,1.,0.));
#5125 = ORIENTED_EDGE('',*,*,#5126,.T.);
#5126 = EDGE_CURVE('',#5119,#5127,#5129,.T.);
#5127 = VERTEX_POINT('',#5128);
#5128 = CARTESIAN_POINT('',(-94.,-56.,244.));
#5129 = LINE('',#5130,#5131);
#5130 = CARTESIAN_POINT('',(-94.,-56.,241.));
#5131 = VECTOR('',#5132,1.);
#5132 = DIRECTION('',(0.,0.,1.));
#5133 = ORIENTED_EDGE('',*,*,#5134,.F.);
#5134 = EDGE_CURVE('',#5111,#5127,#5135,.T.);
#5135 = LINE('',#5136,#5137);
#5136 = CARTESIAN_POINT('',(-94.,-95.,244.));
#5137 = VECTOR('',#5138,1.);
#5138 = DIRECTION('',(0.,1.,0.));
#5139 = PLANE('',#5140);
#5140 = AXIS2_PLACEMENT_3D('',#5141,#5142,#5143);
#5141 = CARTESIAN_POINT('',(-94.,-95.,241.));
#5142 = DIRECTION('',(1.,0.,0.));
#5143 = DIRECTION('',(0.,0.,1.));
#5144 = ADVANCED_FACE('',(#5145),#5170,.F.);
#5145 = FACE_BOUND('',#5146,.F.);
#5146 = EDGE_LOOP('',(#5147,#5155,#5156,#5164));
#5147 = ORIENTED_EDGE('',*,*,#5148,.F.);
#5148 = EDGE_CURVE('',#5109,#5149,#5151,.T.);
#5149 = VERTEX_POINT('',#5150);
#5150 = CARTESIAN_POINT('',(-38.,-95.,241.));
#5151 = LINE('',#5152,#5153);
#5152 = CARTESIAN_POINT('',(-94.,-95.,241.));
#5153 = VECTOR('',#5154,1.);
#5154 = DIRECTION('',(1.,0.,0.));
#5155 = ORIENTED_EDGE('',*,*,#5108,.T.);
#5156 = ORIENTED_EDGE('',*,*,#5157,.T.);
#5157 = EDGE_CURVE('',#5111,#5158,#5160,.T.);
#5158 = VERTEX_POINT('',#5159);
#5159 = CARTESIAN_POINT('',(-38.,-95.,244.));
#5160 = LINE('',#5161,#5162);
#5161 = CARTESIAN_POINT('',(-94.,-95.,244.));
#5162 = VECTOR('',#5163,1.);
#5163 = DIRECTION('',(1.,0.,0.));
#5164 = ORIENTED_EDGE('',*,*,#5165,.F.);
#5165 = EDGE_CURVE('',#5149,#5158,#5166,.T.);
#5166 = LINE('',#5167,#5168);
#5167 = CARTESIAN_POINT('',(-38.,-95.,241.));
#5168 = VECTOR('',#5169,1.);
#5169 = DIRECTION('',(0.,0.,1.));
#5170 = PLANE('',#5171);
#5171 = AXIS2_PLACEMENT_3D('',#5172,#5173,#5174);
#5172 = CARTESIAN_POINT('',(-94.,-95.,241.));
#5173 = DIRECTION('',(0.,1.,0.));
#5174 = DIRECTION('',(0.,0.,1.));
#5175 = ADVANCED_FACE('',(#5176,#5194),#5205,.T.);
#5176 = FACE_BOUND('',#5177,.T.);
#5177 = EDGE_LOOP('',(#5178,#5179,#5180,#5188));
#5178 = ORIENTED_EDGE('',*,*,#5134,.F.);
#5179 = ORIENTED_EDGE('',*,*,#5157,.T.);
#5180 = ORIENTED_EDGE('',*,*,#5181,.T.);
#5181 = EDGE_CURVE('',#5158,#5182,#5184,.T.);
#5182 = VERTEX_POINT('',#5183);
#5183 = CARTESIAN_POINT('',(-38.,-56.,244.));
#5184 = LINE('',#5185,#5186);
#5185 = CARTESIAN_POINT('',(-38.,-95.,244.));
#5186 = VECTOR('',#5187,1.);
#5187 = DIRECTION('',(0.,1.,0.));
#5188 = ORIENTED_EDGE('',*,*,#5189,.F.);
#5189 = EDGE_CURVE('',#5127,#5182,#5190,.T.);
#5190 = LINE('',#5191,#5192);
#5191 = CARTESIAN_POINT('',(-94.,-56.,244.));
#5192 = VECTOR('',#5193,1.);
#5193 = DIRECTION('',(1.,0.,0.));
#5194 = FACE_BOUND('',#5195,.T.);
#5195 = EDGE_LOOP('',(#5196));
#5196 = ORIENTED_EDGE('',*,*,#5197,.T.);
#5197 = EDGE_CURVE('',#5198,#5198,#5200,.T.);
#5198 = VERTEX_POINT('',#5199);
#5199 = CARTESIAN_POINT('',(-59.8,-72.8,244.));
#5200 = CIRCLE('',#5201,6.2);
#5201 = AXIS2_PLACEMENT_3D('',#5202,#5203,#5204);
#5202 = CARTESIAN_POINT('',(-66.,-72.8,244.));
#5203 = DIRECTION('',(0.,0.,-1.));
#5204 = DIRECTION('',(1.,0.,0.));
#5205 = PLANE('',#5206);
#5206 = AXIS2_PLACEMENT_3D('',#5207,#5208,#5209);
#5207 = CARTESIAN_POINT('',(-94.,-95.,244.));
#5208 = DIRECTION('',(0.,0.,1.));
#5209 = DIRECTION('',(1.,0.,0.));
#5210 = ADVANCED_FACE('',(#5211),#5229,.T.);
#5211 = FACE_BOUND('',#5212,.T.);
#5212 = EDGE_LOOP('',(#5213,#5221,#5222,#5223));
#5213 = ORIENTED_EDGE('',*,*,#5214,.F.);
#5214 = EDGE_CURVE('',#5119,#5215,#5217,.T.);
#5215 = VERTEX_POINT('',#5216);
#5216 = CARTESIAN_POINT('',(-38.,-56.,241.));
#5217 = LINE('',#5218,#5219);
#5218 = CARTESIAN_POINT('',(-94.,-56.,241.));
#5219 = VECTOR('',#5220,1.);
#5220 = DIRECTION('',(1.,0.,0.));
#5221 = ORIENTED_EDGE('',*,*,#5126,.T.);
#5222 = ORIENTED_EDGE('',*,*,#5189,.T.);
#5223 = ORIENTED_EDGE('',*,*,#5224,.F.);
#5224 = EDGE_CURVE('',#5215,#5182,#5225,.T.);
#5225 = LINE('',#5226,#5227);
#5226 = CARTESIAN_POINT('',(-38.,-56.,241.));
#5227 = VECTOR('',#5228,1.);
#5228 = DIRECTION('',(0.,0.,1.));
#5229 = PLANE('',#5230);
#5230 = AXIS2_PLACEMENT_3D('',#5231,#5232,#5233);
#5231 = CARTESIAN_POINT('',(-94.,-56.,241.));
#5232 = DIRECTION('',(0.,1.,0.));
#5233 = DIRECTION('',(0.,0.,1.));
#5234 = ADVANCED_FACE('',(#5235,#5246),#5257,.F.);
#5235 = FACE_BOUND('',#5236,.F.);
#5236 = EDGE_LOOP('',(#5237,#5238,#5239,#5245));
#5237 = ORIENTED_EDGE('',*,*,#5118,.F.);
#5238 = ORIENTED_EDGE('',*,*,#5148,.T.);
#5239 = ORIENTED_EDGE('',*,*,#5240,.T.);
#5240 = EDGE_CURVE('',#5149,#5215,#5241,.T.);
#5241 = LINE('',#5242,#5243);
#5242 = CARTESIAN_POINT('',(-38.,-95.,241.));
#5243 = VECTOR('',#5244,1.);
#5244 = DIRECTION('',(0.,1.,0.));
#5245 = ORIENTED_EDGE('',*,*,#5214,.F.);
#5246 = FACE_BOUND('',#5247,.F.);
#5247 = EDGE_LOOP('',(#5248));
#5248 = ORIENTED_EDGE('',*,*,#5249,.T.);
#5249 = EDGE_CURVE('',#5250,#5250,#5252,.T.);
#5250 = VERTEX_POINT('',#5251);
#5251 = CARTESIAN_POINT('',(-59.8,-72.8,241.));
#5252 = CIRCLE('',#5253,6.2);
#5253 = AXIS2_PLACEMENT_3D('',#5254,#5255,#5256);
#5254 = CARTESIAN_POINT('',(-66.,-72.8,241.));
#5255 = DIRECTION('',(0.,0.,-1.));
#5256 = DIRECTION('',(1.,0.,0.));
#5257 = PLANE('',#5258);
#5258 = AXIS2_PLACEMENT_3D('',#5259,#5260,#5261);
#5259 = CARTESIAN_POINT('',(-94.,-95.,241.));
#5260 = DIRECTION('',(0.,0.,1.));
#5261 = DIRECTION('',(1.,0.,0.));
#5262 = ADVANCED_FACE('',(#5263),#5269,.T.);
#5263 = FACE_BOUND('',#5264,.T.);
#5264 = EDGE_LOOP('',(#5265,#5266,#5267,#5268));
#5265 = ORIENTED_EDGE('',*,*,#5165,.F.);
#5266 = ORIENTED_EDGE('',*,*,#5240,.T.);
#5267 = ORIENTED_EDGE('',*,*,#5224,.T.);
#5268 = ORIENTED_EDGE('',*,*,#5181,.F.);
#5269 = PLANE('',#5270);
#5270 = AXIS2_PLACEMENT_3D('',#5271,#5272,#5273);
#5271 = CARTESIAN_POINT('',(-38.,-95.,241.));
#5272 = DIRECTION('',(1.,0.,0.));
#5273 = DIRECTION('',(0.,0.,1.));
#5274 = ADVANCED_FACE('',(#5275),#5286,.F.);
#5275 = FACE_BOUND('',#5276,.T.);
#5276 = EDGE_LOOP('',(#5277,#5278,#5284,#5285));
#5277 = ORIENTED_EDGE('',*,*,#5249,.T.);
#5278 = ORIENTED_EDGE('',*,*,#5279,.T.);
#5279 = EDGE_CURVE('',#5250,#5198,#5280,.T.);
#5280 = LINE('',#5281,#5282);
#5281 = CARTESIAN_POINT('',(-59.8,-72.8,240.));
#5282 = VECTOR('',#5283,1.);
#5283 = DIRECTION('',(0.,0.,1.));
#5284 = ORIENTED_EDGE('',*,*,#5197,.F.);
#5285 = ORIENTED_EDGE('',*,*,#5279,.F.);
#5286 = CYLINDRICAL_SURFACE('',#5287,6.2);
#5287 = AXIS2_PLACEMENT_3D('',#5288,#5289,#5290);
#5288 = CARTESIAN_POINT('',(-66.,-72.8,240.));
#5289 = DIRECTION('',(-0.,-0.,-1.));
#5290 = DIRECTION('',(1.,0.,0.));
#5291 = ( GEOMETRIC_REPRESENTATION_CONTEXT(3) 
GLOBAL_UNCERTAINTY_ASSIGNED_CONTEXT((#5295)) 
GLOBAL_UNIT_ASSIGNED_CONTEXT((#5292,#5293,#5294)) REPRESENTATION_CONTEXT
('Context #1','3D Context with UNIT and UNCERTAINTY') );
#5292 = ( LENGTH_UNIT() NAMED_UNIT(*) SI_UNIT(.MILLI.,.METRE.) );
#5293 = ( NAMED_UNIT(*) PLANE_ANGLE_UNIT() SI_UNIT($,.RADIAN.) );
#5294 = ( NAMED_UNIT(*) SI_UNIT($,.STERADIAN.) SOLID_ANGLE_UNIT() );
#5295 = UNCERTAINTY_MEASURE_WITH_UNIT(LENGTH_MEASURE(1.E-07),#5292,
  'distance_accuracy_value','confusion accuracy');
#5296 = CONTEXT_DEPENDENT_SHAPE_REPRESENTATION(#5297,#5299);
#5297 = ( REPRESENTATION_RELATIONSHIP('','',#5101,#10) 
REPRESENTATION_RELATIONSHIP_WITH_TRANSFORMATION(#5298) 
SHAPE_REPRESENTATION_RELATIONSHIP() );
#5298 = ITEM_DEFINED_TRANSFORMATION('','',#11,#51);
#5299 = PRODUCT_DEFINITION_SHAPE('Placement','Placement of an item',
  #5300);
#5300 = NEXT_ASSEMBLY_USAGE_OCCURRENCE('417','YAW_TRAY','',#5,#5096,$);
#5301 = PRODUCT_RELATED_PRODUCT_CATEGORY('part',$,(#5098));
#5302 = SHAPE_DEFINITION_REPRESENTATION(#5303,#5309);
#5303 = PRODUCT_DEFINITION_SHAPE('','',#5304);
#5304 = PRODUCT_DEFINITION('design','',#5305,#5308);
#5305 = PRODUCT_DEFINITION_FORMATION('','',#5306);
#5306 = PRODUCT('YAW_SERVO_0','YAW_SERVO_0','',(#5307));
#5307 = PRODUCT_CONTEXT('',#2,'mechanical');
#5308 = PRODUCT_DEFINITION_CONTEXT('part definition',#2,'design');
#5309 = ADVANCED_BREP_SHAPE_REPRESENTATION('',(#11,#5310),#5993);
#5310 = BREP_WITH_VOIDS('',#5311,(#5777));
#5311 = CLOSED_SHELL('',(#5312,#5352,#5447,#5532,#5602,#5619,#5631,#5649
    ,#5659,#5677,#5687,#5705,#5723,#5748,#5758,#5768));
#5312 = ADVANCED_FACE('',(#5313),#5347,.F.);
#5313 = FACE_BOUND('',#5314,.F.);
#5314 = EDGE_LOOP('',(#5315,#5325,#5333,#5341));
#5315 = ORIENTED_EDGE('',*,*,#5316,.F.);
#5316 = EDGE_CURVE('',#5317,#5319,#5321,.T.);
#5317 = VERTEX_POINT('',#5318);
#5318 = CARTESIAN_POINT('',(-86.,-82.75,205.));
#5319 = VERTEX_POINT('',#5320);
#5320 = CARTESIAN_POINT('',(-86.,-82.75,239.));
#5321 = LINE('',#5322,#5323);
#5322 = CARTESIAN_POINT('',(-86.,-82.75,205.));
#5323 = VECTOR('',#5324,1.);
#5324 = DIRECTION('',(0.,0.,1.));
#5325 = ORIENTED_EDGE('',*,*,#5326,.T.);
#5326 = EDGE_CURVE('',#5317,#5327,#5329,.T.);
#5327 = VERTEX_POINT('',#5328);
#5328 = CARTESIAN_POINT('',(-86.,-62.25,205.));
#5329 = LINE('',#5330,#5331);
#5330 = CARTESIAN_POINT('',(-86.,-82.75,205.));
#5331 = VECTOR('',#5332,1.);
#5332 = DIRECTION('',(0.,1.,0.));
#5333 = ORIENTED_EDGE('',*,*,#5334,.T.);
#5334 = EDGE_CURVE('',#5327,#5335,#5337,.T.);
#5335 = VERTEX_POINT('',#5336);
#5336 = CARTESIAN_POINT('',(-86.,-62.25,239.));
#5337 = LINE('',#5338,#5339);
#5338 = CARTESIAN_POINT('',(-86.,-62.25,205.));
#5339 = VECTOR('',#5340,1.);
#5340 = DIRECTION('',(0.,0.,1.));
#5341 = ORIENTED_EDGE('',*,*,#5342,.F.);
#5342 = EDGE_CURVE('',#5319,#5335,#5343,.T.);
#5343 = LINE('',#5344,#5345);
#5344 = CARTESIAN_POINT('',(-86.,-82.75,239.));
#5345 = VECTOR('',#5346,1.);
#5346 = DIRECTION('',(0.,1.,0.));
#5347 = PLANE('',#5348);
#5348 = AXIS2_PLACEMENT_3D('',#5349,#5350,#5351);
#5349 = CARTESIAN_POINT('',(-86.,-82.75,205.));
#5350 = DIRECTION('',(1.,0.,0.));
#5351 = DIRECTION('',(0.,0.,1.));
#5352 = ADVANCED_FACE('',(#5353),#5442,.F.);
#5353 = FACE_BOUND('',#5354,.F.);
#5354 = EDGE_LOOP('',(#5355,#5365,#5371,#5372,#5380,#5388,#5396,#5404,
    #5412,#5420,#5428,#5436));
#5355 = ORIENTED_EDGE('',*,*,#5356,.F.);
#5356 = EDGE_CURVE('',#5357,#5359,#5361,.T.);
#5357 = VERTEX_POINT('',#5358);
#5358 = CARTESIAN_POINT('',(-46.,-82.75,205.));
#5359 = VERTEX_POINT('',#5360);
#5360 = CARTESIAN_POINT('',(-46.,-82.75,239.));
#5361 = LINE('',#5362,#5363);
#5362 = CARTESIAN_POINT('',(-46.,-82.75,205.));
#5363 = VECTOR('',#5364,1.);
#5364 = DIRECTION('',(0.,0.,1.));
#5365 = ORIENTED_EDGE('',*,*,#5366,.F.);
#5366 = EDGE_CURVE('',#5317,#5357,#5367,.T.);
#5367 = LINE('',#5368,#5369);
#5368 = CARTESIAN_POINT('',(-86.,-82.75,205.));
#5369 = VECTOR('',#5370,1.);
#5370 = DIRECTION('',(1.,0.,0.));
#5371 = ORIENTED_EDGE('',*,*,#5316,.T.);
#5372 = ORIENTED_EDGE('',*,*,#5373,.T.);
#5373 = EDGE_CURVE('',#5319,#5374,#5376,.T.);
#5374 = VERTEX_POINT('',#5375);
#5375 = CARTESIAN_POINT('',(-80.69821200219,-82.75,239.));
#5376 = LINE('',#5377,#5378);
#5377 = CARTESIAN_POINT('',(-86.,-82.75,239.));
#5378 = VECTOR('',#5379,1.);
#5379 = DIRECTION('',(1.,0.,0.));
#5380 = ORIENTED_EDGE('',*,*,#5381,.T.);
#5381 = EDGE_CURVE('',#5374,#5382,#5384,.T.);
#5382 = VERTEX_POINT('',#5383);
#5383 = CARTESIAN_POINT('',(-80.69821200218,-82.75,237.));
#5384 = LINE('',#5385,#5386);
#5385 = CARTESIAN_POINT('',(-80.69821200218,-82.75,237.));
#5386 = VECTOR('',#5387,1.);
#5387 = DIRECTION('',(-0.,-0.,-1.));
#5388 = ORIENTED_EDGE('',*,*,#5389,.T.);
#5389 = EDGE_CURVE('',#5382,#5390,#5392,.T.);
#5390 = VERTEX_POINT('',#5391);
#5391 = CARTESIAN_POINT('',(-79.30178799781,-82.75,237.));
#5392 = LINE('',#5393,#5394);
#5393 = CARTESIAN_POINT('',(-83.,-82.75,237.));
#5394 = VECTOR('',#5395,1.);
#5395 = DIRECTION('',(1.,0.,0.));
#5396 = ORIENTED_EDGE('',*,*,#5397,.F.);
#5397 = EDGE_CURVE('',#5398,#5390,#5400,.T.);
#5398 = VERTEX_POINT('',#5399);
#5399 = CARTESIAN_POINT('',(-79.3017879978,-82.75,239.));
#5400 = LINE('',#5401,#5402);
#5401 = CARTESIAN_POINT('',(-79.30178799781,-82.75,237.));
#5402 = VECTOR('',#5403,1.);
#5403 = DIRECTION('',(-0.,-0.,-1.));
#5404 = ORIENTED_EDGE('',*,*,#5405,.T.);
#5405 = EDGE_CURVE('',#5398,#5406,#5408,.T.);
#5406 = VERTEX_POINT('',#5407);
#5407 = CARTESIAN_POINT('',(-52.69821200219,-82.75,239.));
#5408 = LINE('',#5409,#5410);
#5409 = CARTESIAN_POINT('',(-86.,-82.75,239.));
#5410 = VECTOR('',#5411,1.);
#5411 = DIRECTION('',(1.,0.,0.));
#5412 = ORIENTED_EDGE('',*,*,#5413,.T.);
#5413 = EDGE_CURVE('',#5406,#5414,#5416,.T.);
#5414 = VERTEX_POINT('',#5415);
#5415 = CARTESIAN_POINT('',(-52.69821200218,-82.75,237.));
#5416 = LINE('',#5417,#5418);
#5417 = CARTESIAN_POINT('',(-52.69821200218,-82.75,237.));
#5418 = VECTOR('',#5419,1.);
#5419 = DIRECTION('',(-0.,-0.,-1.));
#5420 = ORIENTED_EDGE('',*,*,#5421,.T.);
#5421 = EDGE_CURVE('',#5414,#5422,#5424,.T.);
#5422 = VERTEX_POINT('',#5423);
#5423 = CARTESIAN_POINT('',(-51.30178799781,-82.75,237.));
#5424 = LINE('',#5425,#5426);
#5425 = CARTESIAN_POINT('',(-69.,-82.75,237.));
#5426 = VECTOR('',#5427,1.);
#5427 = DIRECTION('',(1.,0.,0.));
#5428 = ORIENTED_EDGE('',*,*,#5429,.F.);
#5429 = EDGE_CURVE('',#5430,#5422,#5432,.T.);
#5430 = VERTEX_POINT('',#5431);
#5431 = CARTESIAN_POINT('',(-51.3017879978,-82.75,239.));
#5432 = LINE('',#5433,#5434);
#5433 = CARTESIAN_POINT('',(-51.30178799781,-82.75,237.));
#5434 = VECTOR('',#5435,1.);
#5435 = DIRECTION('',(-0.,-0.,-1.));
#5436 = ORIENTED_EDGE('',*,*,#5437,.T.);
#5437 = EDGE_CURVE('',#5430,#5359,#5438,.T.);
#5438 = LINE('',#5439,#5440);
#5439 = CARTESIAN_POINT('',(-86.,-82.75,239.));
#5440 = VECTOR('',#5441,1.);
#5441 = DIRECTION('',(1.,0.,0.));
#5442 = PLANE('',#5443);
#5443 = AXIS2_PLACEMENT_3D('',#5444,#5445,#5446);
#5444 = CARTESIAN_POINT('',(-86.,-82.75,205.));
#5445 = DIRECTION('',(0.,1.,0.));
#5446 = DIRECTION('',(0.,0.,1.));
#5447 = ADVANCED_FACE('',(#5448,#5516),#5527,.T.);
#5448 = FACE_BOUND('',#5449,.T.);
#5449 = EDGE_LOOP('',(#5450,#5458,#5459,#5460,#5467,#5468,#5475,#5476,
    #5484,#5492,#5501,#5509));
#5450 = ORIENTED_EDGE('',*,*,#5451,.F.);
#5451 = EDGE_CURVE('',#5335,#5452,#5454,.T.);
#5452 = VERTEX_POINT('',#5453);
#5453 = CARTESIAN_POINT('',(-81.15217186218,-62.25,239.));
#5454 = LINE('',#5455,#5456);
#5455 = CARTESIAN_POINT('',(-86.,-62.25,239.));
#5456 = VECTOR('',#5457,1.);
#5457 = DIRECTION('',(1.,0.,0.));
#5458 = ORIENTED_EDGE('',*,*,#5342,.F.);
#5459 = ORIENTED_EDGE('',*,*,#5373,.T.);
#5460 = ORIENTED_EDGE('',*,*,#5461,.T.);
#5461 = EDGE_CURVE('',#5374,#5398,#5462,.T.);
#5462 = CIRCLE('',#5463,1.7);
#5463 = AXIS2_PLACEMENT_3D('',#5464,#5465,#5466);
#5464 = CARTESIAN_POINT('',(-80.,-84.3,239.));
#5465 = DIRECTION('',(0.,0.,-1.));
#5466 = DIRECTION('',(1.,0.,0.));
#5467 = ORIENTED_EDGE('',*,*,#5405,.T.);
#5468 = ORIENTED_EDGE('',*,*,#5469,.T.);
#5469 = EDGE_CURVE('',#5406,#5430,#5470,.T.);
#5470 = CIRCLE('',#5471,1.7);
#5471 = AXIS2_PLACEMENT_3D('',#5472,#5473,#5474);
#5472 = CARTESIAN_POINT('',(-52.,-84.3,239.));
#5473 = DIRECTION('',(0.,0.,-1.));
#5474 = DIRECTION('',(1.,0.,0.));
#5475 = ORIENTED_EDGE('',*,*,#5437,.T.);
#5476 = ORIENTED_EDGE('',*,*,#5477,.T.);
#5477 = EDGE_CURVE('',#5359,#5478,#5480,.T.);
#5478 = VERTEX_POINT('',#5479);
#5479 = CARTESIAN_POINT('',(-46.,-62.25,239.));
#5480 = LINE('',#5481,#5482);
#5481 = CARTESIAN_POINT('',(-46.,-82.75,239.));
#5482 = VECTOR('',#5483,1.);
#5483 = DIRECTION('',(0.,1.,0.));
#5484 = ORIENTED_EDGE('',*,*,#5485,.F.);
#5485 = EDGE_CURVE('',#5486,#5478,#5488,.T.);
#5486 = VERTEX_POINT('',#5487);
#5487 = CARTESIAN_POINT('',(-50.84782813782,-62.25,239.));
#5488 = LINE('',#5489,#5490);
#5489 = CARTESIAN_POINT('',(-86.,-62.25,239.));
#5490 = VECTOR('',#5491,1.);
#5491 = DIRECTION('',(1.,0.,0.));
#5492 = ORIENTED_EDGE('',*,*,#5493,.T.);
#5493 = EDGE_CURVE('',#5486,#5494,#5496,.T.);
#5494 = VERTEX_POINT('',#5495);
#5495 = CARTESIAN_POINT('',(-53.15217186218,-62.25,239.));
#5496 = CIRCLE('',#5497,1.7);
#5497 = AXIS2_PLACEMENT_3D('',#5498,#5499,#5500);
#5498 = CARTESIAN_POINT('',(-52.,-61.,239.));
#5499 = DIRECTION('',(0.,0.,-1.));
#5500 = DIRECTION('',(1.,0.,0.));
#5501 = ORIENTED_EDGE('',*,*,#5502,.F.);
#5502 = EDGE_CURVE('',#5503,#5494,#5505,.T.);
#5503 = VERTEX_POINT('',#5504);
#5504 = CARTESIAN_POINT('',(-78.84782813782,-62.25,239.));
#5505 = LINE('',#5506,#5507);
#5506 = CARTESIAN_POINT('',(-86.,-62.25,239.));
#5507 = VECTOR('',#5508,1.);
#5508 = DIRECTION('',(1.,0.,0.));
#5509 = ORIENTED_EDGE('',*,*,#5510,.T.);
#5510 = EDGE_CURVE('',#5503,#5452,#5511,.T.);
#5511 = CIRCLE('',#5512,1.7);
#5512 = AXIS2_PLACEMENT_3D('',#5513,#5514,#5515);
#5513 = CARTESIAN_POINT('',(-80.,-61.,239.));
#5514 = DIRECTION('',(0.,0.,-1.));
#5515 = DIRECTION('',(1.,0.,0.));
#5516 = FACE_BOUND('',#5517,.T.);
#5517 = EDGE_LOOP('',(#5518));
#5518 = ORIENTED_EDGE('',*,*,#5519,.F.);
#5519 = EDGE_CURVE('',#5520,#5520,#5522,.T.);
#5520 = VERTEX_POINT('',#5521);
#5521 = CARTESIAN_POINT('',(-60.,-72.8,239.));
#5522 = CIRCLE('',#5523,6.);
#5523 = AXIS2_PLACEMENT_3D('',#5524,#5525,#5526);
#5524 = CARTESIAN_POINT('',(-66.,-72.8,239.));
#5525 = DIRECTION('',(0.,0.,1.));
#5526 = DIRECTION('',(1.,0.,0.));
#5527 = PLANE('',#5528);
#5528 = AXIS2_PLACEMENT_3D('',#5529,#5530,#5531);
#5529 = CARTESIAN_POINT('',(-86.,-82.75,239.));
#5530 = DIRECTION('',(0.,0.,1.));
#5531 = DIRECTION('',(1.,0.,0.));
#5532 = ADVANCED_FACE('',(#5533),#5597,.T.);
#5533 = FACE_BOUND('',#5534,.T.);
#5534 = EDGE_LOOP('',(#5535,#5543,#5549,#5550,#5551,#5559,#5567,#5573,
    #5574,#5582,#5590,#5596));
#5535 = ORIENTED_EDGE('',*,*,#5536,.F.);
#5536 = EDGE_CURVE('',#5537,#5478,#5539,.T.);
#5537 = VERTEX_POINT('',#5538);
#5538 = CARTESIAN_POINT('',(-46.,-62.25,205.));
#5539 = LINE('',#5540,#5541);
#5540 = CARTESIAN_POINT('',(-46.,-62.25,205.));
#5541 = VECTOR('',#5542,1.);
#5542 = DIRECTION('',(0.,0.,1.));
#5543 = ORIENTED_EDGE('',*,*,#5544,.F.);
#5544 = EDGE_CURVE('',#5327,#5537,#5545,.T.);
#5545 = LINE('',#5546,#5547);
#5546 = CARTESIAN_POINT('',(-86.,-62.25,205.));
#5547 = VECTOR('',#5548,1.);
#5548 = DIRECTION('',(1.,0.,0.));
#5549 = ORIENTED_EDGE('',*,*,#5334,.T.);
#5550 = ORIENTED_EDGE('',*,*,#5451,.T.);
#5551 = ORIENTED_EDGE('',*,*,#5552,.T.);
#5552 = EDGE_CURVE('',#5452,#5553,#5555,.T.);
#5553 = VERTEX_POINT('',#5554);
#5554 = CARTESIAN_POINT('',(-81.15217186218,-62.25,237.));
#5555 = LINE('',#5556,#5557);
#5556 = CARTESIAN_POINT('',(-81.15217186218,-62.25,237.));
#5557 = VECTOR('',#5558,1.);
#5558 = DIRECTION('',(-0.,-0.,-1.));
#5559 = ORIENTED_EDGE('',*,*,#5560,.T.);
#5560 = EDGE_CURVE('',#5553,#5561,#5563,.T.);
#5561 = VERTEX_POINT('',#5562);
#5562 = CARTESIAN_POINT('',(-78.84782813782,-62.25,237.));
#5563 = LINE('',#5564,#5565);
#5564 = CARTESIAN_POINT('',(-83.,-62.25,237.));
#5565 = VECTOR('',#5566,1.);
#5566 = DIRECTION('',(1.,0.,0.));
#5567 = ORIENTED_EDGE('',*,*,#5568,.F.);
#5568 = EDGE_CURVE('',#5503,#5561,#5569,.T.);
#5569 = LINE('',#5570,#5571);
#5570 = CARTESIAN_POINT('',(-78.84782813782,-62.25,237.));
#5571 = VECTOR('',#5572,1.);
#5572 = DIRECTION('',(-0.,-0.,-1.));
#5573 = ORIENTED_EDGE('',*,*,#5502,.T.);
#5574 = ORIENTED_EDGE('',*,*,#5575,.T.);
#5575 = EDGE_CURVE('',#5494,#5576,#5578,.T.);
#5576 = VERTEX_POINT('',#5577);
#5577 = CARTESIAN_POINT('',(-53.15217186218,-62.25,237.));
#5578 = LINE('',#5579,#5580);
#5579 = CARTESIAN_POINT('',(-53.15217186218,-62.25,237.));
#5580 = VECTOR('',#5581,1.);
#5581 = DIRECTION('',(-0.,-0.,-1.));
#5582 = ORIENTED_EDGE('',*,*,#5583,.T.);
#5583 = EDGE_CURVE('',#5576,#5584,#5586,.T.);
#5584 = VERTEX_POINT('',#5585);
#5585 = CARTESIAN_POINT('',(-50.84782813782,-62.25,237.));
#5586 = LINE('',#5587,#5588);
#5587 = CARTESIAN_POINT('',(-69.,-62.25,237.));
#5588 = VECTOR('',#5589,1.);
#5589 = DIRECTION('',(1.,0.,0.));
#5590 = ORIENTED_EDGE('',*,*,#5591,.F.);
#5591 = EDGE_CURVE('',#5486,#5584,#5592,.T.);
#5592 = LINE('',#5593,#5594);
#5593 = CARTESIAN_POINT('',(-50.84782813782,-62.25,237.));
#5594 = VECTOR('',#5595,1.);
#5595 = DIRECTION('',(-0.,-0.,-1.));
#5596 = ORIENTED_EDGE('',*,*,#5485,.T.);
#5597 = PLANE('',#5598);
#5598 = AXIS2_PLACEMENT_3D('',#5599,#5600,#5601);
#5599 = CARTESIAN_POINT('',(-86.,-62.25,205.));
#5600 = DIRECTION('',(0.,1.,0.));
#5601 = DIRECTION('',(0.,0.,1.));
#5602 = ADVANCED_FACE('',(#5603),#5614,.F.);
#5603 = FACE_BOUND('',#5604,.F.);
#5604 = EDGE_LOOP('',(#5605,#5606,#5607,#5613));
#5605 = ORIENTED_EDGE('',*,*,#5326,.F.);
#5606 = ORIENTED_EDGE('',*,*,#5366,.T.);
#5607 = ORIENTED_EDGE('',*,*,#5608,.T.);
#5608 = EDGE_CURVE('',#5357,#5537,#5609,.T.);
#5609 = LINE('',#5610,#5611);
#5610 = CARTESIAN_POINT('',(-46.,-82.75,205.));
#5611 = VECTOR('',#5612,1.);
#5612 = DIRECTION('',(0.,1.,0.));
#5613 = ORIENTED_EDGE('',*,*,#5544,.F.);
#5614 = PLANE('',#5615);
#5615 = AXIS2_PLACEMENT_3D('',#5616,#5617,#5618);
#5616 = CARTESIAN_POINT('',(-86.,-82.75,205.));
#5617 = DIRECTION('',(0.,0.,1.));
#5618 = DIRECTION('',(1.,0.,0.));
#5619 = ADVANCED_FACE('',(#5620),#5626,.T.);
#5620 = FACE_BOUND('',#5621,.T.);
#5621 = EDGE_LOOP('',(#5622,#5623,#5624,#5625));
#5622 = ORIENTED_EDGE('',*,*,#5356,.F.);
#5623 = ORIENTED_EDGE('',*,*,#5608,.T.);
#5624 = ORIENTED_EDGE('',*,*,#5536,.T.);
#5625 = ORIENTED_EDGE('',*,*,#5477,.F.);
#5626 = PLANE('',#5627);
#5627 = AXIS2_PLACEMENT_3D('',#5628,#5629,#5630);
#5628 = CARTESIAN_POINT('',(-46.,-82.75,205.));
#5629 = DIRECTION('',(1.,0.,0.));
#5630 = DIRECTION('',(0.,0.,1.));
#5631 = ADVANCED_FACE('',(#5632),#5644,.F.);
#5632 = FACE_BOUND('',#5633,.T.);
#5633 = EDGE_LOOP('',(#5634,#5641,#5642,#5643));
#5634 = ORIENTED_EDGE('',*,*,#5635,.F.);
#5635 = EDGE_CURVE('',#5422,#5414,#5636,.T.);
#5636 = CIRCLE('',#5637,1.7);
#5637 = AXIS2_PLACEMENT_3D('',#5638,#5639,#5640);
#5638 = CARTESIAN_POINT('',(-52.,-84.3,237.));
#5639 = DIRECTION('',(0.,0.,1.));
#5640 = DIRECTION('',(1.,0.,0.));
#5641 = ORIENTED_EDGE('',*,*,#5429,.F.);
#5642 = ORIENTED_EDGE('',*,*,#5469,.F.);
#5643 = ORIENTED_EDGE('',*,*,#5413,.T.);
#5644 = CYLINDRICAL_SURFACE('',#5645,1.7);
#5645 = AXIS2_PLACEMENT_3D('',#5646,#5647,#5648);
#5646 = CARTESIAN_POINT('',(-52.,-84.3,237.));
#5647 = DIRECTION('',(-0.,-0.,-1.));
#5648 = DIRECTION('',(1.,0.,0.));
#5649 = ADVANCED_FACE('',(#5650),#5654,.T.);
#5650 = FACE_BOUND('',#5651,.T.);
#5651 = EDGE_LOOP('',(#5652,#5653));
#5652 = ORIENTED_EDGE('',*,*,#5421,.T.);
#5653 = ORIENTED_EDGE('',*,*,#5635,.T.);
#5654 = PLANE('',#5655);
#5655 = AXIS2_PLACEMENT_3D('',#5656,#5657,#5658);
#5656 = CARTESIAN_POINT('',(-52.,-84.3,237.));
#5657 = DIRECTION('',(0.,0.,1.));
#5658 = DIRECTION('',(1.,0.,0.));
#5659 = ADVANCED_FACE('',(#5660),#5672,.F.);
#5660 = FACE_BOUND('',#5661,.T.);
#5661 = EDGE_LOOP('',(#5662,#5669,#5670,#5671));
#5662 = ORIENTED_EDGE('',*,*,#5663,.F.);
#5663 = EDGE_CURVE('',#5390,#5382,#5664,.T.);
#5664 = CIRCLE('',#5665,1.7);
#5665 = AXIS2_PLACEMENT_3D('',#5666,#5667,#5668);
#5666 = CARTESIAN_POINT('',(-80.,-84.3,237.));
#5667 = DIRECTION('',(0.,0.,1.));
#5668 = DIRECTION('',(1.,0.,0.));
#5669 = ORIENTED_EDGE('',*,*,#5397,.F.);
#5670 = ORIENTED_EDGE('',*,*,#5461,.F.);
#5671 = ORIENTED_EDGE('',*,*,#5381,.T.);
#5672 = CYLINDRICAL_SURFACE('',#5673,1.7);
#5673 = AXIS2_PLACEMENT_3D('',#5674,#5675,#5676);
#5674 = CARTESIAN_POINT('',(-80.,-84.3,237.));
#5675 = DIRECTION('',(-0.,-0.,-1.));
#5676 = DIRECTION('',(1.,0.,0.));
#5677 = ADVANCED_FACE('',(#5678),#5682,.T.);
#5678 = FACE_BOUND('',#5679,.T.);
#5679 = EDGE_LOOP('',(#5680,#5681));
#5680 = ORIENTED_EDGE('',*,*,#5389,.T.);
#5681 = ORIENTED_EDGE('',*,*,#5663,.T.);
#5682 = PLANE('',#5683);
#5683 = AXIS2_PLACEMENT_3D('',#5684,#5685,#5686);
#5684 = CARTESIAN_POINT('',(-80.,-84.3,237.));
#5685 = DIRECTION('',(0.,0.,1.));
#5686 = DIRECTION('',(1.,0.,0.));
#5687 = ADVANCED_FACE('',(#5688),#5700,.F.);
#5688 = FACE_BOUND('',#5689,.T.);
#5689 = EDGE_LOOP('',(#5690,#5697,#5698,#5699));
#5690 = ORIENTED_EDGE('',*,*,#5691,.F.);
#5691 = EDGE_CURVE('',#5553,#5561,#5692,.T.);
#5692 = CIRCLE('',#5693,1.7);
#5693 = AXIS2_PLACEMENT_3D('',#5694,#5695,#5696);
#5694 = CARTESIAN_POINT('',(-80.,-61.,237.));
#5695 = DIRECTION('',(0.,0.,1.));
#5696 = DIRECTION('',(1.,0.,0.));
#5697 = ORIENTED_EDGE('',*,*,#5552,.F.);
#5698 = ORIENTED_EDGE('',*,*,#5510,.F.);
#5699 = ORIENTED_EDGE('',*,*,#5568,.T.);
#5700 = CYLINDRICAL_SURFACE('',#5701,1.7);
#5701 = AXIS2_PLACEMENT_3D('',#5702,#5703,#5704);
#5702 = CARTESIAN_POINT('',(-80.,-61.,237.));
#5703 = DIRECTION('',(-0.,-0.,-1.));
#5704 = DIRECTION('',(1.,0.,0.));
#5705 = ADVANCED_FACE('',(#5706),#5718,.F.);
#5706 = FACE_BOUND('',#5707,.T.);
#5707 = EDGE_LOOP('',(#5708,#5715,#5716,#5717));
#5708 = ORIENTED_EDGE('',*,*,#5709,.F.);
#5709 = EDGE_CURVE('',#5576,#5584,#5710,.T.);
#5710 = CIRCLE('',#5711,1.7);
#5711 = AXIS2_PLACEMENT_3D('',#5712,#5713,#5714);
#5712 = CARTESIAN_POINT('',(-52.,-61.,237.));
#5713 = DIRECTION('',(0.,0.,1.));
#5714 = DIRECTION('',(1.,0.,0.));
#5715 = ORIENTED_EDGE('',*,*,#5575,.F.);
#5716 = ORIENTED_EDGE('',*,*,#5493,.F.);
#5717 = ORIENTED_EDGE('',*,*,#5591,.T.);
#5718 = CYLINDRICAL_SURFACE('',#5719,1.7);
#5719 = AXIS2_PLACEMENT_3D('',#5720,#5721,#5722);
#5720 = CARTESIAN_POINT('',(-52.,-61.,237.));
#5721 = DIRECTION('',(-0.,-0.,-1.));
#5722 = DIRECTION('',(1.,0.,0.));
#5723 = ADVANCED_FACE('',(#5724),#5743,.T.);
#5724 = FACE_BOUND('',#5725,.F.);
#5725 = EDGE_LOOP('',(#5726,#5734,#5741,#5742));
#5726 = ORIENTED_EDGE('',*,*,#5727,.T.);
#5727 = EDGE_CURVE('',#5520,#5728,#5730,.T.);
#5728 = VERTEX_POINT('',#5729);
#5729 = CARTESIAN_POINT('',(-60.,-72.8,243.5));
#5730 = LINE('',#5731,#5732);
#5731 = CARTESIAN_POINT('',(-60.,-72.8,239.));
#5732 = VECTOR('',#5733,1.);
#5733 = DIRECTION('',(0.,0.,1.));
#5734 = ORIENTED_EDGE('',*,*,#5735,.T.);
#5735 = EDGE_CURVE('',#5728,#5728,#5736,.T.);
#5736 = CIRCLE('',#5737,6.);
#5737 = AXIS2_PLACEMENT_3D('',#5738,#5739,#5740);
#5738 = CARTESIAN_POINT('',(-66.,-72.8,243.5));
#5739 = DIRECTION('',(0.,0.,1.));
#5740 = DIRECTION('',(1.,0.,0.));
#5741 = ORIENTED_EDGE('',*,*,#5727,.F.);
#5742 = ORIENTED_EDGE('',*,*,#5519,.F.);
#5743 = CYLINDRICAL_SURFACE('',#5744,6.);
#5744 = AXIS2_PLACEMENT_3D('',#5745,#5746,#5747);
#5745 = CARTESIAN_POINT('',(-66.,-72.8,239.));
#5746 = DIRECTION('',(-0.,-0.,-1.));
#5747 = DIRECTION('',(1.,0.,0.));
#5748 = ADVANCED_FACE('',(#5749),#5753,.T.);
#5749 = FACE_BOUND('',#5750,.T.);
#5750 = EDGE_LOOP('',(#5751,#5752));
#5751 = ORIENTED_EDGE('',*,*,#5583,.F.);
#5752 = ORIENTED_EDGE('',*,*,#5709,.T.);
#5753 = PLANE('',#5754);
#5754 = AXIS2_PLACEMENT_3D('',#5755,#5756,#5757);
#5755 = CARTESIAN_POINT('',(-52.,-61.,237.));
#5756 = DIRECTION('',(0.,0.,1.));
#5757 = DIRECTION('',(1.,0.,0.));
#5758 = ADVANCED_FACE('',(#5759),#5763,.T.);
#5759 = FACE_BOUND('',#5760,.T.);
#5760 = EDGE_LOOP('',(#5761,#5762));
#5761 = ORIENTED_EDGE('',*,*,#5560,.F.);
#5762 = ORIENTED_EDGE('',*,*,#5691,.T.);
#5763 = PLANE('',#5764);
#5764 = AXIS2_PLACEMENT_3D('',#5765,#5766,#5767);
#5765 = CARTESIAN_POINT('',(-80.,-61.,237.));
#5766 = DIRECTION('',(0.,0.,1.));
#5767 = DIRECTION('',(1.,0.,0.));
#5768 = ADVANCED_FACE('',(#5769),#5772,.T.);
#5769 = FACE_BOUND('',#5770,.F.);
#5770 = EDGE_LOOP('',(#5771));
#5771 = ORIENTED_EDGE('',*,*,#5735,.F.);
#5772 = PLANE('',#5773);
#5773 = AXIS2_PLACEMENT_3D('',#5774,#5775,#5776);
#5774 = CARTESIAN_POINT('',(-66.,-72.8,243.5));
#5775 = DIRECTION('',(0.,0.,1.));
#5776 = DIRECTION('',(1.,0.,0.));
#5777 = ORIENTED_CLOSED_SHELL('',*,#5778,.F.);
#5778 = CLOSED_SHELL('',(#5779,#5819,#5850,#5881,#5914,#5947,#5964,#5981
    ));
#5779 = ADVANCED_FACE('',(#5780),#5814,.F.);
#5780 = FACE_BOUND('',#5781,.F.);
#5781 = EDGE_LOOP('',(#5782,#5792,#5800,#5808));
#5782 = ORIENTED_EDGE('',*,*,#5783,.T.);
#5783 = EDGE_CURVE('',#5784,#5786,#5788,.T.);
#5784 = VERTEX_POINT('',#5785);
#5785 = CARTESIAN_POINT('',(-61.96,-73.8,235.));
#5786 = VERTEX_POINT('',#5787);
#5787 = CARTESIAN_POINT('',(-61.96,-73.8,239.5));
#5788 = LINE('',#5789,#5790);
#5789 = CARTESIAN_POINT('',(-61.96,-73.8,235.));
#5790 = VECTOR('',#5791,1.);
#5791 = DIRECTION('',(0.,0.,1.));
#5792 = ORIENTED_EDGE('',*,*,#5793,.T.);
#5793 = EDGE_CURVE('',#5786,#5794,#5796,.T.);
#5794 = VERTEX_POINT('',#5795);
#5795 = CARTESIAN_POINT('',(-63.98,-70.30125736871,239.5));
#5796 = LINE('',#5797,#5798);
#5797 = CARTESIAN_POINT('',(-61.96,-73.8,239.5));
#5798 = VECTOR('',#5799,1.);
#5799 = DIRECTION('',(-0.5,0.866025403784,0.));
#5800 = ORIENTED_EDGE('',*,*,#5801,.F.);
#5801 = EDGE_CURVE('',#5802,#5794,#5804,.T.);
#5802 = VERTEX_POINT('',#5803);
#5803 = CARTESIAN_POINT('',(-63.98,-70.30125736871,235.));
#5804 = LINE('',#5805,#5806);
#5805 = CARTESIAN_POINT('',(-63.98,-70.30125736871,235.));
#5806 = VECTOR('',#5807,1.);
#5807 = DIRECTION('',(0.,0.,1.));
#5808 = ORIENTED_EDGE('',*,*,#5809,.F.);
#5809 = EDGE_CURVE('',#5784,#5802,#5810,.T.);
#5810 = LINE('',#5811,#5812);
#5811 = CARTESIAN_POINT('',(-61.96,-73.8,235.));
#5812 = VECTOR('',#5813,1.);
#5813 = DIRECTION('',(-0.5,0.866025403784,0.));
#5814 = PLANE('',#5815);
#5815 = AXIS2_PLACEMENT_3D('',#5816,#5817,#5818);
#5816 = CARTESIAN_POINT('',(-61.96,-73.8,235.));
#5817 = DIRECTION('',(-0.866025403784,-0.5,0.));
#5818 = DIRECTION('',(-0.5,0.866025403784,0.));
#5819 = ADVANCED_FACE('',(#5820),#5845,.F.);
#5820 = FACE_BOUND('',#5821,.F.);
#5821 = EDGE_LOOP('',(#5822,#5832,#5838,#5839));
#5822 = ORIENTED_EDGE('',*,*,#5823,.T.);
#5823 = EDGE_CURVE('',#5824,#5826,#5828,.T.);
#5824 = VERTEX_POINT('',#5825);
#5825 = CARTESIAN_POINT('',(-63.98,-77.29874263128,235.));
#5826 = VERTEX_POINT('',#5827);
#5827 = CARTESIAN_POINT('',(-63.98,-77.29874263128,239.5));
#5828 = LINE('',#5829,#5830);
#5829 = CARTESIAN_POINT('',(-63.98,-77.29874263128,235.));
#5830 = VECTOR('',#5831,1.);
#5831 = DIRECTION('',(0.,0.,1.));
#5832 = ORIENTED_EDGE('',*,*,#5833,.T.);
#5833 = EDGE_CURVE('',#5826,#5786,#5834,.T.);
#5834 = LINE('',#5835,#5836);
#5835 = CARTESIAN_POINT('',(-63.98,-77.29874263128,239.5));
#5836 = VECTOR('',#5837,1.);
#5837 = DIRECTION('',(0.5,0.866025403784,0.));
#5838 = ORIENTED_EDGE('',*,*,#5783,.F.);
#5839 = ORIENTED_EDGE('',*,*,#5840,.F.);
#5840 = EDGE_CURVE('',#5824,#5784,#5841,.T.);
#5841 = LINE('',#5842,#5843);
#5842 = CARTESIAN_POINT('',(-63.98,-77.29874263128,235.));
#5843 = VECTOR('',#5844,1.);
#5844 = DIRECTION('',(0.5,0.866025403784,0.));
#5845 = PLANE('',#5846);
#5846 = AXIS2_PLACEMENT_3D('',#5847,#5848,#5849);
#5847 = CARTESIAN_POINT('',(-63.98,-77.29874263128,235.));
#5848 = DIRECTION('',(-0.866025403784,0.5,0.));
#5849 = DIRECTION('',(0.5,0.866025403784,0.));
#5850 = ADVANCED_FACE('',(#5851),#5876,.F.);
#5851 = FACE_BOUND('',#5852,.F.);
#5852 = EDGE_LOOP('',(#5853,#5854,#5862,#5870));
#5853 = ORIENTED_EDGE('',*,*,#5801,.T.);
#5854 = ORIENTED_EDGE('',*,*,#5855,.T.);
#5855 = EDGE_CURVE('',#5794,#5856,#5858,.T.);
#5856 = VERTEX_POINT('',#5857);
#5857 = CARTESIAN_POINT('',(-68.02,-70.30125736871,239.5));
#5858 = LINE('',#5859,#5860);
#5859 = CARTESIAN_POINT('',(-63.98,-70.30125736871,239.5));
#5860 = VECTOR('',#5861,1.);
#5861 = DIRECTION('',(-1.,2.2E-16,0.));
#5862 = ORIENTED_EDGE('',*,*,#5863,.F.);
#5863 = EDGE_CURVE('',#5864,#5856,#5866,.T.);
#5864 = VERTEX_POINT('',#5865);
#5865 = CARTESIAN_POINT('',(-68.02,-70.30125736871,235.));
#5866 = LINE('',#5867,#5868);
#5867 = CARTESIAN_POINT('',(-68.02,-70.30125736871,235.));
#5868 = VECTOR('',#5869,1.);
#5869 = DIRECTION('',(0.,0.,1.));
#5870 = ORIENTED_EDGE('',*,*,#5871,.F.);
#5871 = EDGE_CURVE('',#5802,#5864,#5872,.T.);
#5872 = LINE('',#5873,#5874);
#5873 = CARTESIAN_POINT('',(-63.98,-70.30125736871,235.));
#5874 = VECTOR('',#5875,1.);
#5875 = DIRECTION('',(-1.,2.2E-16,0.));
#5876 = PLANE('',#5877);
#5877 = AXIS2_PLACEMENT_3D('',#5878,#5879,#5880);
#5878 = CARTESIAN_POINT('',(-63.98,-70.30125736871,235.));
#5879 = DIRECTION('',(-2.2E-16,-1.,0.));
#5880 = DIRECTION('',(-1.,2.2E-16,0.));
#5881 = ADVANCED_FACE('',(#5882),#5909,.F.);
#5882 = FACE_BOUND('',#5883,.F.);
#5883 = EDGE_LOOP('',(#5884,#5885,#5886,#5894,#5902,#5908));
#5884 = ORIENTED_EDGE('',*,*,#5809,.T.);
#5885 = ORIENTED_EDGE('',*,*,#5871,.T.);
#5886 = ORIENTED_EDGE('',*,*,#5887,.T.);
#5887 = EDGE_CURVE('',#5864,#5888,#5890,.T.);
#5888 = VERTEX_POINT('',#5889);
#5889 = CARTESIAN_POINT('',(-70.04,-73.8,235.));
#5890 = LINE('',#5891,#5892);
#5891 = CARTESIAN_POINT('',(-68.02,-70.30125736871,235.));
#5892 = VECTOR('',#5893,1.);
#5893 = DIRECTION('',(-0.5,-0.866025403784,0.));
#5894 = ORIENTED_EDGE('',*,*,#5895,.T.);
#5895 = EDGE_CURVE('',#5888,#5896,#5898,.T.);
#5896 = VERTEX_POINT('',#5897);
#5897 = CARTESIAN_POINT('',(-68.02,-77.29874263128,235.));
#5898 = LINE('',#5899,#5900);
#5899 = CARTESIAN_POINT('',(-70.04,-73.8,235.));
#5900 = VECTOR('',#5901,1.);
#5901 = DIRECTION('',(0.5,-0.866025403784,0.));
#5902 = ORIENTED_EDGE('',*,*,#5903,.T.);
#5903 = EDGE_CURVE('',#5896,#5824,#5904,.T.);
#5904 = LINE('',#5905,#5906);
#5905 = CARTESIAN_POINT('',(-68.02,-77.29874263128,235.));
#5906 = VECTOR('',#5907,1.);
#5907 = DIRECTION('',(1.,-5.5E-16,0.));
#5908 = ORIENTED_EDGE('',*,*,#5840,.T.);
#5909 = PLANE('',#5910);
#5910 = AXIS2_PLACEMENT_3D('',#5911,#5912,#5913);
#5911 = CARTESIAN_POINT('',(-66.,-73.8,235.));
#5912 = DIRECTION('',(0.,0.,1.));
#5913 = DIRECTION('',(1.,0.,0.));
#5914 = ADVANCED_FACE('',(#5915),#5942,.T.);
#5915 = FACE_BOUND('',#5916,.T.);
#5916 = EDGE_LOOP('',(#5917,#5918,#5919,#5927,#5935,#5941));
#5917 = ORIENTED_EDGE('',*,*,#5793,.T.);
#5918 = ORIENTED_EDGE('',*,*,#5855,.T.);
#5919 = ORIENTED_EDGE('',*,*,#5920,.T.);
#5920 = EDGE_CURVE('',#5856,#5921,#5923,.T.);
#5921 = VERTEX_POINT('',#5922);
#5922 = CARTESIAN_POINT('',(-70.04,-73.8,239.5));
#5923 = LINE('',#5924,#5925);
#5924 = CARTESIAN_POINT('',(-68.02,-70.30125736871,239.5));
#5925 = VECTOR('',#5926,1.);
#5926 = DIRECTION('',(-0.5,-0.866025403784,0.));
#5927 = ORIENTED_EDGE('',*,*,#5928,.T.);
#5928 = EDGE_CURVE('',#5921,#5929,#5931,.T.);
#5929 = VERTEX_POINT('',#5930);
#5930 = CARTESIAN_POINT('',(-68.02,-77.29874263128,239.5));
#5931 = LINE('',#5932,#5933);
#5932 = CARTESIAN_POINT('',(-70.04,-73.8,239.5));
#5933 = VECTOR('',#5934,1.);
#5934 = DIRECTION('',(0.5,-0.866025403784,0.));
#5935 = ORIENTED_EDGE('',*,*,#5936,.T.);
#5936 = EDGE_CURVE('',#5929,#5826,#5937,.T.);
#5937 = LINE('',#5938,#5939);
#5938 = CARTESIAN_POINT('',(-68.02,-77.29874263128,239.5));
#5939 = VECTOR('',#5940,1.);
#5940 = DIRECTION('',(1.,-5.5E-16,0.));
#5941 = ORIENTED_EDGE('',*,*,#5833,.T.);
#5942 = PLANE('',#5943);
#5943 = AXIS2_PLACEMENT_3D('',#5944,#5945,#5946);
#5944 = CARTESIAN_POINT('',(-66.,-73.8,239.5));
#5945 = DIRECTION('',(0.,0.,1.));
#5946 = DIRECTION('',(1.,0.,0.));
#5947 = ADVANCED_FACE('',(#5948),#5959,.F.);
#5948 = FACE_BOUND('',#5949,.F.);
#5949 = EDGE_LOOP('',(#5950,#5956,#5957,#5958));
#5950 = ORIENTED_EDGE('',*,*,#5951,.T.);
#5951 = EDGE_CURVE('',#5896,#5929,#5952,.T.);
#5952 = LINE('',#5953,#5954);
#5953 = CARTESIAN_POINT('',(-68.02,-77.29874263128,235.));
#5954 = VECTOR('',#5955,1.);
#5955 = DIRECTION('',(0.,0.,1.));
#5956 = ORIENTED_EDGE('',*,*,#5936,.T.);
#5957 = ORIENTED_EDGE('',*,*,#5823,.F.);
#5958 = ORIENTED_EDGE('',*,*,#5903,.F.);
#5959 = PLANE('',#5960);
#5960 = AXIS2_PLACEMENT_3D('',#5961,#5962,#5963);
#5961 = CARTESIAN_POINT('',(-68.02,-77.29874263128,235.));
#5962 = DIRECTION('',(5.5E-16,1.,0.));
#5963 = DIRECTION('',(1.,-5.5E-16,0.));
#5964 = ADVANCED_FACE('',(#5965),#5976,.F.);
#5965 = FACE_BOUND('',#5966,.F.);
#5966 = EDGE_LOOP('',(#5967,#5968,#5969,#5975));
#5967 = ORIENTED_EDGE('',*,*,#5863,.T.);
#5968 = ORIENTED_EDGE('',*,*,#5920,.T.);
#5969 = ORIENTED_EDGE('',*,*,#5970,.F.);
#5970 = EDGE_CURVE('',#5888,#5921,#5971,.T.);
#5971 = LINE('',#5972,#5973);
#5972 = CARTESIAN_POINT('',(-70.04,-73.8,235.));
#5973 = VECTOR('',#5974,1.);
#5974 = DIRECTION('',(0.,0.,1.));
#5975 = ORIENTED_EDGE('',*,*,#5887,.F.);
#5976 = PLANE('',#5977);
#5977 = AXIS2_PLACEMENT_3D('',#5978,#5979,#5980);
#5978 = CARTESIAN_POINT('',(-68.02,-70.30125736871,235.));
#5979 = DIRECTION('',(0.866025403784,-0.5,0.));
#5980 = DIRECTION('',(-0.5,-0.866025403784,0.));
#5981 = ADVANCED_FACE('',(#5982),#5988,.F.);
#5982 = FACE_BOUND('',#5983,.F.);
#5983 = EDGE_LOOP('',(#5984,#5985,#5986,#5987));
#5984 = ORIENTED_EDGE('',*,*,#5970,.T.);
#5985 = ORIENTED_EDGE('',*,*,#5928,.T.);
#5986 = ORIENTED_EDGE('',*,*,#5951,.F.);
#5987 = ORIENTED_EDGE('',*,*,#5895,.F.);
#5988 = PLANE('',#5989);
#5989 = AXIS2_PLACEMENT_3D('',#5990,#5991,#5992);
#5990 = CARTESIAN_POINT('',(-70.04,-73.8,235.));
#5991 = DIRECTION('',(0.866025403784,0.5,0.));
#5992 = DIRECTION('',(0.5,-0.866025403784,0.));
#5993 = ( GEOMETRIC_REPRESENTATION_CONTEXT(3) 
GLOBAL_UNCERTAINTY_ASSIGNED_CONTEXT((#5997)) 
GLOBAL_UNIT_ASSIGNED_CONTEXT((#5994,#5995,#5996)) REPRESENTATION_CONTEXT
('Context #1','3D Context with UNIT and UNCERTAINTY') );
#5994 = ( LENGTH_UNIT() NAMED_UNIT(*) SI_UNIT(.MILLI.,.METRE.) );
#5995 = ( NAMED_UNIT(*) PLANE_ANGLE_UNIT() SI_UNIT($,.RADIAN.) );
#5996 = ( NAMED_UNIT(*) SI_UNIT($,.STERADIAN.) SOLID_ANGLE_UNIT() );
#5997 = UNCERTAINTY_MEASURE_WITH_UNIT(LENGTH_MEASURE(5.E-06),#5994,
  'distance_accuracy_value','confusion accuracy');
#5998 = CONTEXT_DEPENDENT_SHAPE_REPRESENTATION(#5999,#6001);
#5999 = ( REPRESENTATION_RELATIONSHIP('','',#5309,#10) 
REPRESENTATION_RELATIONSHIP_WITH_TRANSFORMATION(#6000) 
SHAPE_REPRESENTATION_RELATIONSHIP() );
#6000 = ITEM_DEFINED_TRANSFORMATION('','',#11,#55);
#6001 = PRODUCT_DEFINITION_SHAPE('Placement','Placement of an item',
  #6002);
#6002 = NEXT_ASSEMBLY_USAGE_OCCURRENCE('418','YAW_SERVO_0','',#5,#5304,$
  );
#6003 = PRODUCT_RELATED_PRODUCT_CATEGORY('part',$,(#5306));
#6004 = SHAPE_DEFINITION_REPRESENTATION(#6005,#6011);
#6005 = PRODUCT_DEFINITION_SHAPE('','',#6006);
#6006 = PRODUCT_DEFINITION('design','',#6007,#6010);
#6007 = PRODUCT_DEFINITION_FORMATION('','',#6008);
#6008 = PRODUCT('YAW_SERVO_1','YAW_SERVO_1','',(#6009));
#6009 = PRODUCT_CONTEXT('',#2,'mechanical');
#6010 = PRODUCT_DEFINITION_CONTEXT('part definition',#2,'design');
#6011 = ADVANCED_BREP_SHAPE_REPRESENTATION('',(#11,#6012),#6164);
#6012 = MANIFOLD_SOLID_BREP('',#6013);
#6013 = CLOSED_SHELL('',(#6014,#6054,#6085,#6110,#6134,#6152));
#6014 = ADVANCED_FACE('',(#6015),#6049,.F.);
#6015 = FACE_BOUND('',#6016,.F.);
#6016 = EDGE_LOOP('',(#6017,#6027,#6035,#6043));
#6017 = ORIENTED_EDGE('',*,*,#6018,.F.);
#6018 = EDGE_CURVE('',#6019,#6021,#6023,.T.);
#6019 = VERTEX_POINT('',#6020);
#6020 = CARTESIAN_POINT('',(-86.,-85.5,238.));
#6021 = VERTEX_POINT('',#6022);
#6022 = CARTESIAN_POINT('',(-86.,-85.5,241.));
#6023 = LINE('',#6024,#6025);
#6024 = CARTESIAN_POINT('',(-86.,-85.5,238.));
#6025 = VECTOR('',#6026,1.);
#6026 = DIRECTION('',(0.,0.,1.));
#6027 = ORIENTED_EDGE('',*,*,#6028,.T.);
#6028 = EDGE_CURVE('',#6019,#6029,#6031,.T.);
#6029 = VERTEX_POINT('',#6030);
#6030 = CARTESIAN_POINT('',(-86.,-83.,238.));
#6031 = LINE('',#6032,#6033);
#6032 = CARTESIAN_POINT('',(-86.,-85.5,238.));
#6033 = VECTOR('',#6034,1.);
#6034 = DIRECTION('',(0.,1.,0.));
#6035 = ORIENTED_EDGE('',*,*,#6036,.T.);
#6036 = EDGE_CURVE('',#6029,#6037,#6039,.T.);
#6037 = VERTEX_POINT('',#6038);
#6038 = CARTESIAN_POINT('',(-86.,-83.,241.));
#6039 = LINE('',#6040,#6041);
#6040 = CARTESIAN_POINT('',(-86.,-83.,238.));
#6041 = VECTOR('',#6042,1.);
#6042 = DIRECTION('',(0.,0.,1.));
#6043 = ORIENTED_EDGE('',*,*,#6044,.F.);
#6044 = EDGE_CURVE('',#6021,#6037,#6045,.T.);
#6045 = LINE('',#6046,#6047);
#6046 = CARTESIAN_POINT('',(-86.,-85.5,241.));
#6047 = VECTOR('',#6048,1.);
#6048 = DIRECTION('',(0.,1.,0.));
#6049 = PLANE('',#6050);
#6050 = AXIS2_PLACEMENT_3D('',#6051,#6052,#6053);
#6051 = CARTESIAN_POINT('',(-86.,-85.5,238.));
#6052 = DIRECTION('',(1.,0.,0.));
#6053 = DIRECTION('',(0.,0.,1.));
#6054 = ADVANCED_FACE('',(#6055),#6080,.F.);
#6055 = FACE_BOUND('',#6056,.F.);
#6056 = EDGE_LOOP('',(#6057,#6065,#6066,#6074));
#6057 = ORIENTED_EDGE('',*,*,#6058,.F.);
#6058 = EDGE_CURVE('',#6019,#6059,#6061,.T.);
#6059 = VERTEX_POINT('',#6060);
#6060 = CARTESIAN_POINT('',(-81.20415945788,-85.5,238.));
#6061 = LINE('',#6062,#6063);
#6062 = CARTESIAN_POINT('',(-86.,-85.5,238.));
#6063 = VECTOR('',#6064,1.);
#6064 = DIRECTION('',(1.,0.,0.));
#6065 = ORIENTED_EDGE('',*,*,#6018,.T.);
#6066 = ORIENTED_EDGE('',*,*,#6067,.T.);
#6067 = EDGE_CURVE('',#6021,#6068,#6070,.T.);
#6068 = VERTEX_POINT('',#6069);
#6069 = CARTESIAN_POINT('',(-81.20415945788,-85.5,241.));
#6070 = LINE('',#6071,#6072);
#6071 = CARTESIAN_POINT('',(-86.,-85.5,241.));
#6072 = VECTOR('',#6073,1.);
#6073 = DIRECTION('',(1.,0.,0.));
#6074 = ORIENTED_EDGE('',*,*,#6075,.T.);
#6075 = EDGE_CURVE('',#6068,#6059,#6076,.T.);
#6076 = LINE('',#6077,#6078);
#6077 = CARTESIAN_POINT('',(-81.20415945787,-85.5,237.));
#6078 = VECTOR('',#6079,1.);
#6079 = DIRECTION('',(-0.,-0.,-1.));
#6080 = PLANE('',#6081);
#6081 = AXIS2_PLACEMENT_3D('',#6082,#6083,#6084);
#6082 = CARTESIAN_POINT('',(-86.,-85.5,238.));
#6083 = DIRECTION('',(0.,1.,0.));
#6084 = DIRECTION('',(0.,0.,1.));
#6085 = ADVANCED_FACE('',(#6086),#6105,.T.);
#6086 = FACE_BOUND('',#6087,.T.);
#6087 = EDGE_LOOP('',(#6088,#6096,#6097,#6098));
#6088 = ORIENTED_EDGE('',*,*,#6089,.F.);
#6089 = EDGE_CURVE('',#6037,#6090,#6092,.T.);
#6090 = VERTEX_POINT('',#6091);
#6091 = CARTESIAN_POINT('',(-81.09544511501,-83.,241.));
#6092 = LINE('',#6093,#6094);
#6093 = CARTESIAN_POINT('',(-86.,-83.,241.));
#6094 = VECTOR('',#6095,1.);
#6095 = DIRECTION('',(1.,0.,0.));
#6096 = ORIENTED_EDGE('',*,*,#6044,.F.);
#6097 = ORIENTED_EDGE('',*,*,#6067,.T.);
#6098 = ORIENTED_EDGE('',*,*,#6099,.T.);
#6099 = EDGE_CURVE('',#6068,#6090,#6100,.T.);
#6100 = CIRCLE('',#6101,1.7);
#6101 = AXIS2_PLACEMENT_3D('',#6102,#6103,#6104);
#6102 = CARTESIAN_POINT('',(-80.,-84.3,241.));
#6103 = DIRECTION('',(0.,0.,-1.));
#6104 = DIRECTION('',(1.,0.,0.));
#6105 = PLANE('',#6106);
#6106 = AXIS2_PLACEMENT_3D('',#6107,#6108,#6109);
#6107 = CARTESIAN_POINT('',(-86.,-85.5,241.));
#6108 = DIRECTION('',(0.,0.,1.));
#6109 = DIRECTION('',(1.,0.,0.));
#6110 = ADVANCED_FACE('',(#6111),#6129,.T.);
#6111 = FACE_BOUND('',#6112,.T.);
#6112 = EDGE_LOOP('',(#6113,#6121,#6122,#6123));
#6113 = ORIENTED_EDGE('',*,*,#6114,.F.);
#6114 = EDGE_CURVE('',#6029,#6115,#6117,.T.);
#6115 = VERTEX_POINT('',#6116);
#6116 = CARTESIAN_POINT('',(-81.09544511501,-83.,238.));
#6117 = LINE('',#6118,#6119);
#6118 = CARTESIAN_POINT('',(-86.,-83.,238.));
#6119 = VECTOR('',#6120,1.);
#6120 = DIRECTION('',(1.,0.,0.));
#6121 = ORIENTED_EDGE('',*,*,#6036,.T.);
#6122 = ORIENTED_EDGE('',*,*,#6089,.T.);
#6123 = ORIENTED_EDGE('',*,*,#6124,.T.);
#6124 = EDGE_CURVE('',#6090,#6115,#6125,.T.);
#6125 = LINE('',#6126,#6127);
#6126 = CARTESIAN_POINT('',(-81.09544511501,-83.,237.));
#6127 = VECTOR('',#6128,1.);
#6128 = DIRECTION('',(-0.,-0.,-1.));
#6129 = PLANE('',#6130);
#6130 = AXIS2_PLACEMENT_3D('',#6131,#6132,#6133);
#6131 = CARTESIAN_POINT('',(-86.,-83.,238.));
#6132 = DIRECTION('',(0.,1.,0.));
#6133 = DIRECTION('',(0.,0.,1.));
#6134 = ADVANCED_FACE('',(#6135),#6147,.F.);
#6135 = FACE_BOUND('',#6136,.F.);
#6136 = EDGE_LOOP('',(#6137,#6138,#6139,#6140));
#6137 = ORIENTED_EDGE('',*,*,#6114,.F.);
#6138 = ORIENTED_EDGE('',*,*,#6028,.F.);
#6139 = ORIENTED_EDGE('',*,*,#6058,.T.);
#6140 = ORIENTED_EDGE('',*,*,#6141,.T.);
#6141 = EDGE_CURVE('',#6059,#6115,#6142,.T.);
#6142 = CIRCLE('',#6143,1.7);
#6143 = AXIS2_PLACEMENT_3D('',#6144,#6145,#6146);
#6144 = CARTESIAN_POINT('',(-80.,-84.3,238.));
#6145 = DIRECTION('',(0.,0.,-1.));
#6146 = DIRECTION('',(1.,0.,0.));
#6147 = PLANE('',#6148);
#6148 = AXIS2_PLACEMENT_3D('',#6149,#6150,#6151);
#6149 = CARTESIAN_POINT('',(-86.,-85.5,238.));
#6150 = DIRECTION('',(0.,0.,1.));
#6151 = DIRECTION('',(1.,0.,0.));
#6152 = ADVANCED_FACE('',(#6153),#6159,.F.);
#6153 = FACE_BOUND('',#6154,.T.);
#6154 = EDGE_LOOP('',(#6155,#6156,#6157,#6158));
#6155 = ORIENTED_EDGE('',*,*,#6099,.F.);
#6156 = ORIENTED_EDGE('',*,*,#6075,.T.);
#6157 = ORIENTED_EDGE('',*,*,#6141,.T.);
#6158 = ORIENTED_EDGE('',*,*,#6124,.F.);
#6159 = CYLINDRICAL_SURFACE('',#6160,1.7);
#6160 = AXIS2_PLACEMENT_3D('',#6161,#6162,#6163);
#6161 = CARTESIAN_POINT('',(-80.,-84.3,237.));
#6162 = DIRECTION('',(-0.,-0.,-1.));
#6163 = DIRECTION('',(1.,0.,0.));
#6164 = ( GEOMETRIC_REPRESENTATION_CONTEXT(3) 
GLOBAL_UNCERTAINTY_ASSIGNED_CONTEXT((#6168)) 
GLOBAL_UNIT_ASSIGNED_CONTEXT((#6165,#6166,#6167)) REPRESENTATION_CONTEXT
('Context #1','3D Context with UNIT and UNCERTAINTY') );
#6165 = ( LENGTH_UNIT() NAMED_UNIT(*) SI_UNIT(.MILLI.,.METRE.) );
#6166 = ( NAMED_UNIT(*) PLANE_ANGLE_UNIT() SI_UNIT($,.RADIAN.) );
#6167 = ( NAMED_UNIT(*) SI_UNIT($,.STERADIAN.) SOLID_ANGLE_UNIT() );
#6168 = UNCERTAINTY_MEASURE_WITH_UNIT(LENGTH_MEASURE(1.E-07),#6165,
  'distance_accuracy_value','confusion accuracy');
#6169 = CONTEXT_DEPENDENT_SHAPE_REPRESENTATION(#6170,#6172);
#6170 = ( REPRESENTATION_RELATIONSHIP('','',#6011,#10) 
REPRESENTATION_RELATIONSHIP_WITH_TRANSFORMATION(#6171) 
SHAPE_REPRESENTATION_RELATIONSHIP() );
#6171 = ITEM_DEFINED_TRANSFORMATION('','',#11,#59);
#6172 = PRODUCT_DEFINITION_SHAPE('Placement','Placement of an item',
  #6173);
#6173 = NEXT_ASSEMBLY_USAGE_OCCURRENCE('419','YAW_SERVO_1','',#5,#6006,$
  );
#6174 = PRODUCT_RELATED_PRODUCT_CATEGORY('part',$,(#6008));
#6175 = SHAPE_DEFINITION_REPRESENTATION(#6176,#6182);
#6176 = PRODUCT_DEFINITION_SHAPE('','',#6177);
#6177 = PRODUCT_DEFINITION('design','',#6178,#6181);
#6178 = PRODUCT_DEFINITION_FORMATION('','',#6179);
#6179 = PRODUCT('YAW_SERVO_2','YAW_SERVO_2','',(#6180));
#6180 = PRODUCT_CONTEXT('',#2,'mechanical');
#6181 = PRODUCT_DEFINITION_CONTEXT('part definition',#2,'design');
#6182 = ADVANCED_BREP_SHAPE_REPRESENTATION('',(#11,#6183),#6357);
#6183 = MANIFOLD_SOLID_BREP('',#6184);
#6184 = CLOSED_SHELL('',(#6185,#6225,#6267,#6292,#6326,#6343));
#6185 = ADVANCED_FACE('',(#6186),#6220,.F.);
#6186 = FACE_BOUND('',#6187,.F.);
#6187 = EDGE_LOOP('',(#6188,#6198,#6206,#6214));
#6188 = ORIENTED_EDGE('',*,*,#6189,.F.);
#6189 = EDGE_CURVE('',#6190,#6192,#6194,.T.);
#6190 = VERTEX_POINT('',#6191);
#6191 = CARTESIAN_POINT('',(-78.79584054212,-85.5,238.));
#6192 = VERTEX_POINT('',#6193);
#6193 = CARTESIAN_POINT('',(-53.20415945788,-85.5,238.));
#6194 = LINE('',#6195,#6196);
#6195 = CARTESIAN_POINT('',(-86.,-85.5,238.));
#6196 = VECTOR('',#6197,1.);
#6197 = DIRECTION('',(1.,0.,0.));
#6198 = ORIENTED_EDGE('',*,*,#6199,.F.);
#6199 = EDGE_CURVE('',#6200,#6190,#6202,.T.);
#6200 = VERTEX_POINT('',#6201);
#6201 = CARTESIAN_POINT('',(-78.79584054212,-85.5,241.));
#6202 = LINE('',#6203,#6204);
#6203 = CARTESIAN_POINT('',(-78.79584054212,-85.5,237.));
#6204 = VECTOR('',#6205,1.);
#6205 = DIRECTION('',(-0.,-0.,-1.));
#6206 = ORIENTED_EDGE('',*,*,#6207,.T.);
#6207 = EDGE_CURVE('',#6200,#6208,#6210,.T.);
#6208 = VERTEX_POINT('',#6209);
#6209 = CARTESIAN_POINT('',(-53.20415945788,-85.5,241.));
#6210 = LINE('',#6211,#6212);
#6211 = CARTESIAN_POINT('',(-86.,-85.5,241.));
#6212 = VECTOR('',#6213,1.);
#6213 = DIRECTION('',(1.,0.,0.));
#6214 = ORIENTED_EDGE('',*,*,#6215,.T.);
#6215 = EDGE_CURVE('',#6208,#6192,#6216,.T.);
#6216 = LINE('',#6217,#6218);
#6217 = CARTESIAN_POINT('',(-53.20415945787,-85.5,237.));
#6218 = VECTOR('',#6219,1.);
#6219 = DIRECTION('',(-0.,-0.,-1.));
#6220 = PLANE('',#6221);
#6221 = AXIS2_PLACEMENT_3D('',#6222,#6223,#6224);
#6222 = CARTESIAN_POINT('',(-86.,-85.5,238.));
#6223 = DIRECTION('',(0.,1.,0.));
#6224 = DIRECTION('',(0.,0.,1.));
#6225 = ADVANCED_FACE('',(#6226),#6262,.F.);
#6226 = FACE_BOUND('',#6227,.F.);
#6227 = EDGE_LOOP('',(#6228,#6238,#6247,#6254,#6255));
#6228 = ORIENTED_EDGE('',*,*,#6229,.F.);
#6229 = EDGE_CURVE('',#6230,#6232,#6234,.T.);
#6230 = VERTEX_POINT('',#6231);
#6231 = CARTESIAN_POINT('',(-78.90455488498,-83.,238.));
#6232 = VERTEX_POINT('',#6233);
#6233 = CARTESIAN_POINT('',(-53.09544511501,-83.,238.));
#6234 = LINE('',#6235,#6236);
#6235 = CARTESIAN_POINT('',(-86.,-83.,238.));
#6236 = VECTOR('',#6237,1.);
#6237 = DIRECTION('',(1.,0.,0.));
#6238 = ORIENTED_EDGE('',*,*,#6239,.T.);
#6239 = EDGE_CURVE('',#6230,#6240,#6242,.T.);
#6240 = VERTEX_POINT('',#6241);
#6241 = CARTESIAN_POINT('',(-78.3,-84.3,238.));
#6242 = CIRCLE('',#6243,1.7);
#6243 = AXIS2_PLACEMENT_3D('',#6244,#6245,#6246);
#6244 = CARTESIAN_POINT('',(-80.,-84.3,238.));
#6245 = DIRECTION('',(0.,0.,-1.));
#6246 = DIRECTION('',(1.,0.,0.));
#6247 = ORIENTED_EDGE('',*,*,#6248,.T.);
#6248 = EDGE_CURVE('',#6240,#6190,#6249,.T.);
#6249 = CIRCLE('',#6250,1.7);
#6250 = AXIS2_PLACEMENT_3D('',#6251,#6252,#6253);
#6251 = CARTESIAN_POINT('',(-80.,-84.3,238.));
#6252 = DIRECTION('',(0.,0.,-1.));
#6253 = DIRECTION('',(1.,0.,0.));
#6254 = ORIENTED_EDGE('',*,*,#6189,.T.);
#6255 = ORIENTED_EDGE('',*,*,#6256,.T.);
#6256 = EDGE_CURVE('',#6192,#6232,#6257,.T.);
#6257 = CIRCLE('',#6258,1.7);
#6258 = AXIS2_PLACEMENT_3D('',#6259,#6260,#6261);
#6259 = CARTESIAN_POINT('',(-52.,-84.3,238.));
#6260 = DIRECTION('',(0.,0.,-1.));
#6261 = DIRECTION('',(1.,0.,0.));
#6262 = PLANE('',#6263);
#6263 = AXIS2_PLACEMENT_3D('',#6264,#6265,#6266);
#6264 = CARTESIAN_POINT('',(-86.,-85.5,238.));
#6265 = DIRECTION('',(0.,0.,1.));
#6266 = DIRECTION('',(1.,0.,0.));
#6267 = ADVANCED_FACE('',(#6268),#6287,.F.);
#6268 = FACE_BOUND('',#6269,.T.);
#6269 = EDGE_LOOP('',(#6270,#6279,#6280,#6281));
#6270 = ORIENTED_EDGE('',*,*,#6271,.F.);
#6271 = EDGE_CURVE('',#6208,#6272,#6274,.T.);
#6272 = VERTEX_POINT('',#6273);
#6273 = CARTESIAN_POINT('',(-53.09544511501,-83.,241.));
#6274 = CIRCLE('',#6275,1.7);
#6275 = AXIS2_PLACEMENT_3D('',#6276,#6277,#6278);
#6276 = CARTESIAN_POINT('',(-52.,-84.3,241.));
#6277 = DIRECTION('',(0.,0.,-1.));
#6278 = DIRECTION('',(1.,0.,0.));
#6279 = ORIENTED_EDGE('',*,*,#6215,.T.);
#6280 = ORIENTED_EDGE('',*,*,#6256,.T.);
#6281 = ORIENTED_EDGE('',*,*,#6282,.F.);
#6282 = EDGE_CURVE('',#6272,#6232,#6283,.T.);
#6283 = LINE('',#6284,#6285);
#6284 = CARTESIAN_POINT('',(-53.09544511501,-83.,237.));
#6285 = VECTOR('',#6286,1.);
#6286 = DIRECTION('',(-0.,-0.,-1.));
#6287 = CYLINDRICAL_SURFACE('',#6288,1.7);
#6288 = AXIS2_PLACEMENT_3D('',#6289,#6290,#6291);
#6289 = CARTESIAN_POINT('',(-52.,-84.3,237.));
#6290 = DIRECTION('',(-0.,-0.,-1.));
#6291 = DIRECTION('',(1.,0.,0.));
#6292 = ADVANCED_FACE('',(#6293),#6321,.T.);
#6293 = FACE_BOUND('',#6294,.T.);
#6294 = EDGE_LOOP('',(#6295,#6303,#6312,#6319,#6320));
#6295 = ORIENTED_EDGE('',*,*,#6296,.F.);
#6296 = EDGE_CURVE('',#6297,#6272,#6299,.T.);
#6297 = VERTEX_POINT('',#6298);
#6298 = CARTESIAN_POINT('',(-78.90455488498,-83.,241.));
#6299 = LINE('',#6300,#6301);
#6300 = CARTESIAN_POINT('',(-86.,-83.,241.));
#6301 = VECTOR('',#6302,1.);
#6302 = DIRECTION('',(1.,0.,0.));
#6303 = ORIENTED_EDGE('',*,*,#6304,.T.);
#6304 = EDGE_CURVE('',#6297,#6305,#6307,.T.);
#6305 = VERTEX_POINT('',#6306);
#6306 = CARTESIAN_POINT('',(-78.3,-84.3,241.));
#6307 = CIRCLE('',#6308,1.7);
#6308 = AXIS2_PLACEMENT_3D('',#6309,#6310,#6311);
#6309 = CARTESIAN_POINT('',(-80.,-84.3,241.));
#6310 = DIRECTION('',(0.,0.,-1.));
#6311 = DIRECTION('',(1.,0.,0.));
#6312 = ORIENTED_EDGE('',*,*,#6313,.T.);
#6313 = EDGE_CURVE('',#6305,#6200,#6314,.T.);
#6314 = CIRCLE('',#6315,1.7);
#6315 = AXIS2_PLACEMENT_3D('',#6316,#6317,#6318);
#6316 = CARTESIAN_POINT('',(-80.,-84.3,241.));
#6317 = DIRECTION('',(0.,0.,-1.));
#6318 = DIRECTION('',(1.,0.,0.));
#6319 = ORIENTED_EDGE('',*,*,#6207,.T.);
#6320 = ORIENTED_EDGE('',*,*,#6271,.T.);
#6321 = PLANE('',#6322);
#6322 = AXIS2_PLACEMENT_3D('',#6323,#6324,#6325);
#6323 = CARTESIAN_POINT('',(-86.,-85.5,241.));
#6324 = DIRECTION('',(0.,0.,1.));
#6325 = DIRECTION('',(1.,0.,0.));
#6326 = ADVANCED_FACE('',(#6327),#6338,.T.);
#6327 = FACE_BOUND('',#6328,.T.);
#6328 = EDGE_LOOP('',(#6329,#6330,#6336,#6337));
#6329 = ORIENTED_EDGE('',*,*,#6229,.F.);
#6330 = ORIENTED_EDGE('',*,*,#6331,.F.);
#6331 = EDGE_CURVE('',#6297,#6230,#6332,.T.);
#6332 = LINE('',#6333,#6334);
#6333 = CARTESIAN_POINT('',(-78.90455488499,-83.,237.));
#6334 = VECTOR('',#6335,1.);
#6335 = DIRECTION('',(-0.,-0.,-1.));
#6336 = ORIENTED_EDGE('',*,*,#6296,.T.);
#6337 = ORIENTED_EDGE('',*,*,#6282,.T.);
#6338 = PLANE('',#6339);
#6339 = AXIS2_PLACEMENT_3D('',#6340,#6341,#6342);
#6340 = CARTESIAN_POINT('',(-86.,-83.,238.));
#6341 = DIRECTION('',(0.,1.,0.));
#6342 = DIRECTION('',(0.,0.,1.));
#6343 = ADVANCED_FACE('',(#6344),#6352,.F.);
#6344 = FACE_BOUND('',#6345,.T.);
#6345 = EDGE_LOOP('',(#6346,#6347,#6348,#6349,#6350,#6351));
#6346 = ORIENTED_EDGE('',*,*,#6304,.F.);
#6347 = ORIENTED_EDGE('',*,*,#6331,.T.);
#6348 = ORIENTED_EDGE('',*,*,#6239,.T.);
#6349 = ORIENTED_EDGE('',*,*,#6248,.T.);
#6350 = ORIENTED_EDGE('',*,*,#6199,.F.);
#6351 = ORIENTED_EDGE('',*,*,#6313,.F.);
#6352 = CYLINDRICAL_SURFACE('',#6353,1.7);
#6353 = AXIS2_PLACEMENT_3D('',#6354,#6355,#6356);
#6354 = CARTESIAN_POINT('',(-80.,-84.3,237.));
#6355 = DIRECTION('',(-0.,-0.,-1.));
#6356 = DIRECTION('',(1.,0.,0.));
#6357 = ( GEOMETRIC_REPRESENTATION_CONTEXT(3) 
GLOBAL_UNCERTAINTY_ASSIGNED_CONTEXT((#6361)) 
GLOBAL_UNIT_ASSIGNED_CONTEXT((#6358,#6359,#6360)) REPRESENTATION_CONTEXT
('Context #1','3D Context with UNIT and UNCERTAINTY') );
#6358 = ( LENGTH_UNIT() NAMED_UNIT(*) SI_UNIT(.MILLI.,.METRE.) );
#6359 = ( NAMED_UNIT(*) PLANE_ANGLE_UNIT() SI_UNIT($,.RADIAN.) );
#6360 = ( NAMED_UNIT(*) SI_UNIT($,.STERADIAN.) SOLID_ANGLE_UNIT() );
#6361 = UNCERTAINTY_MEASURE_WITH_UNIT(LENGTH_MEASURE(1.E-07),#6358,
  'distance_accuracy_value','confusion accuracy');
#6362 = CONTEXT_DEPENDENT_SHAPE_REPRESENTATION(#6363,#6365);
#6363 = ( REPRESENTATION_RELATIONSHIP('','',#6182,#10) 
REPRESENTATION_RELATIONSHIP_WITH_TRANSFORMATION(#6364) 
SHAPE_REPRESENTATION_RELATIONSHIP() );
#6364 = ITEM_DEFINED_TRANSFORMATION('','',#11,#63);
#6365 = PRODUCT_DEFINITION_SHAPE('Placement','Placement of an item',
  #6366);
#6366 = NEXT_ASSEMBLY_USAGE_OCCURRENCE('420','YAW_SERVO_2','',#5,#6177,$
  );
#6367 = PRODUCT_RELATED_PRODUCT_CATEGORY('part',$,(#6179));
#6368 = SHAPE_DEFINITION_REPRESENTATION(#6369,#6375);
#6369 = PRODUCT_DEFINITION_SHAPE('','',#6370);
#6370 = PRODUCT_DEFINITION('design','',#6371,#6374);
#6371 = PRODUCT_DEFINITION_FORMATION('','',#6372);
#6372 = PRODUCT('YAW_SERVO_3','YAW_SERVO_3','',(#6373));
#6373 = PRODUCT_CONTEXT('',#2,'mechanical');
#6374 = PRODUCT_DEFINITION_CONTEXT('part definition',#2,'design');
#6375 = ADVANCED_BREP_SHAPE_REPRESENTATION('',(#11,#6376),#6548);
#6376 = MANIFOLD_SOLID_BREP('',#6377);
#6377 = CLOSED_SHELL('',(#6378,#6418,#6459,#6483,#6517,#6534));
#6378 = ADVANCED_FACE('',(#6379),#6413,.F.);
#6379 = FACE_BOUND('',#6380,.F.);
#6380 = EDGE_LOOP('',(#6381,#6391,#6399,#6407));
#6381 = ORIENTED_EDGE('',*,*,#6382,.F.);
#6382 = EDGE_CURVE('',#6383,#6385,#6387,.T.);
#6383 = VERTEX_POINT('',#6384);
#6384 = CARTESIAN_POINT('',(-50.79584054212,-85.5,238.));
#6385 = VERTEX_POINT('',#6386);
#6386 = CARTESIAN_POINT('',(-46.,-85.5,238.));
#6387 = LINE('',#6388,#6389);
#6388 = CARTESIAN_POINT('',(-86.,-85.5,238.));
#6389 = VECTOR('',#6390,1.);
#6390 = DIRECTION('',(1.,0.,0.));
#6391 = ORIENTED_EDGE('',*,*,#6392,.F.);
#6392 = EDGE_CURVE('',#6393,#6383,#6395,.T.);
#6393 = VERTEX_POINT('',#6394);
#6394 = CARTESIAN_POINT('',(-50.79584054212,-85.5,241.));
#6395 = LINE('',#6396,#6397);
#6396 = CARTESIAN_POINT('',(-50.79584054212,-85.5,237.));
#6397 = VECTOR('',#6398,1.);
#6398 = DIRECTION('',(-0.,-0.,-1.));
#6399 = ORIENTED_EDGE('',*,*,#6400,.T.);
#6400 = EDGE_CURVE('',#6393,#6401,#6403,.T.);
#6401 = VERTEX_POINT('',#6402);
#6402 = CARTESIAN_POINT('',(-46.,-85.5,241.));
#6403 = LINE('',#6404,#6405);
#6404 = CARTESIAN_POINT('',(-86.,-85.5,241.));
#6405 = VECTOR('',#6406,1.);
#6406 = DIRECTION('',(1.,0.,0.));
#6407 = ORIENTED_EDGE('',*,*,#6408,.F.);
#6408 = EDGE_CURVE('',#6385,#6401,#6409,.T.);
#6409 = LINE('',#6410,#6411);
#6410 = CARTESIAN_POINT('',(-46.,-85.5,238.));
#6411 = VECTOR('',#6412,1.);
#6412 = DIRECTION('',(0.,0.,1.));
#6413 = PLANE('',#6414);
#6414 = AXIS2_PLACEMENT_3D('',#6415,#6416,#6417);
#6415 = CARTESIAN_POINT('',(-86.,-85.5,238.));
#6416 = DIRECTION('',(0.,1.,0.));
#6417 = DIRECTION('',(0.,0.,1.));
#6418 = ADVANCED_FACE('',(#6419),#6454,.F.);
#6419 = FACE_BOUND('',#6420,.F.);
#6420 = EDGE_LOOP('',(#6421,#6431,#6440,#6447,#6448));
#6421 = ORIENTED_EDGE('',*,*,#6422,.F.);
#6422 = EDGE_CURVE('',#6423,#6425,#6427,.T.);
#6423 = VERTEX_POINT('',#6424);
#6424 = CARTESIAN_POINT('',(-50.90455488498,-83.,238.));
#6425 = VERTEX_POINT('',#6426);
#6426 = CARTESIAN_POINT('',(-46.,-83.,238.));
#6427 = LINE('',#6428,#6429);
#6428 = CARTESIAN_POINT('',(-86.,-83.,238.));
#6429 = VECTOR('',#6430,1.);
#6430 = DIRECTION('',(1.,0.,0.));
#6431 = ORIENTED_EDGE('',*,*,#6432,.T.);
#6432 = EDGE_CURVE('',#6423,#6433,#6435,.T.);
#6433 = VERTEX_POINT('',#6434);
#6434 = CARTESIAN_POINT('',(-50.3,-84.3,238.));
#6435 = CIRCLE('',#6436,1.7);
#6436 = AXIS2_PLACEMENT_3D('',#6437,#6438,#6439);
#6437 = CARTESIAN_POINT('',(-52.,-84.3,238.));
#6438 = DIRECTION('',(0.,0.,-1.));
#6439 = DIRECTION('',(1.,0.,0.));
#6440 = ORIENTED_EDGE('',*,*,#6441,.T.);
#6441 = EDGE_CURVE('',#6433,#6383,#6442,.T.);
#6442 = CIRCLE('',#6443,1.7);
#6443 = AXIS2_PLACEMENT_3D('',#6444,#6445,#6446);
#6444 = CARTESIAN_POINT('',(-52.,-84.3,238.));
#6445 = DIRECTION('',(0.,0.,-1.));
#6446 = DIRECTION('',(1.,0.,0.));
#6447 = ORIENTED_EDGE('',*,*,#6382,.T.);
#6448 = ORIENTED_EDGE('',*,*,#6449,.T.);
#6449 = EDGE_CURVE('',#6385,#6425,#6450,.T.);
#6450 = LINE('',#6451,#6452);
#6451 = CARTESIAN_POINT('',(-46.,-85.5,238.));
#6452 = VECTOR('',#6453,1.);
#6453 = DIRECTION('',(0.,1.,0.));
#6454 = PLANE('',#6455);
#6455 = AXIS2_PLACEMENT_3D('',#6456,#6457,#6458);
#6456 = CARTESIAN_POINT('',(-86.,-85.5,238.));
#6457 = DIRECTION('',(0.,0.,1.));
#6458 = DIRECTION('',(1.,0.,0.));
#6459 = ADVANCED_FACE('',(#6460),#6478,.T.);
#6460 = FACE_BOUND('',#6461,.T.);
#6461 = EDGE_LOOP('',(#6462,#6463,#6464,#6472));
#6462 = ORIENTED_EDGE('',*,*,#6408,.F.);
#6463 = ORIENTED_EDGE('',*,*,#6449,.T.);
#6464 = ORIENTED_EDGE('',*,*,#6465,.T.);
#6465 = EDGE_CURVE('',#6425,#6466,#6468,.T.);
#6466 = VERTEX_POINT('',#6467);
#6467 = CARTESIAN_POINT('',(-46.,-83.,241.));
#6468 = LINE('',#6469,#6470);
#6469 = CARTESIAN_POINT('',(-46.,-83.,238.));
#6470 = VECTOR('',#6471,1.);
#6471 = DIRECTION('',(0.,0.,1.));
#6472 = ORIENTED_EDGE('',*,*,#6473,.F.);
#6473 = EDGE_CURVE('',#6401,#6466,#6474,.T.);
#6474 = LINE('',#6475,#6476);
#6475 = CARTESIAN_POINT('',(-46.,-85.5,241.));
#6476 = VECTOR('',#6477,1.);
#6477 = DIRECTION('',(0.,1.,0.));
#6478 = PLANE('',#6479);
#6479 = AXIS2_PLACEMENT_3D('',#6480,#6481,#6482);
#6480 = CARTESIAN_POINT('',(-46.,-85.5,238.));
#6481 = DIRECTION('',(1.,0.,0.));
#6482 = DIRECTION('',(0.,0.,1.));
#6483 = ADVANCED_FACE('',(#6484),#6512,.T.);
#6484 = FACE_BOUND('',#6485,.T.);
#6485 = EDGE_LOOP('',(#6486,#6494,#6503,#6510,#6511));
#6486 = ORIENTED_EDGE('',*,*,#6487,.F.);
#6487 = EDGE_CURVE('',#6488,#6466,#6490,.T.);
#6488 = VERTEX_POINT('',#6489);
#6489 = CARTESIAN_POINT('',(-50.90455488498,-83.,241.));
#6490 = LINE('',#6491,#6492);
#6491 = CARTESIAN_POINT('',(-86.,-83.,241.));
#6492 = VECTOR('',#6493,1.);
#6493 = DIRECTION('',(1.,0.,0.));
#6494 = ORIENTED_EDGE('',*,*,#6495,.T.);
#6495 = EDGE_CURVE('',#6488,#6496,#6498,.T.);
#6496 = VERTEX_POINT('',#6497);
#6497 = CARTESIAN_POINT('',(-50.3,-84.3,241.));
#6498 = CIRCLE('',#6499,1.7);
#6499 = AXIS2_PLACEMENT_3D('',#6500,#6501,#6502);
#6500 = CARTESIAN_POINT('',(-52.,-84.3,241.));
#6501 = DIRECTION('',(0.,0.,-1.));
#6502 = DIRECTION('',(1.,0.,0.));
#6503 = ORIENTED_EDGE('',*,*,#6504,.T.);
#6504 = EDGE_CURVE('',#6496,#6393,#6505,.T.);
#6505 = CIRCLE('',#6506,1.7);
#6506 = AXIS2_PLACEMENT_3D('',#6507,#6508,#6509);
#6507 = CARTESIAN_POINT('',(-52.,-84.3,241.));
#6508 = DIRECTION('',(0.,0.,-1.));
#6509 = DIRECTION('',(1.,0.,0.));
#6510 = ORIENTED_EDGE('',*,*,#6400,.T.);
#6511 = ORIENTED_EDGE('',*,*,#6473,.T.);
#6512 = PLANE('',#6513);
#6513 = AXIS2_PLACEMENT_3D('',#6514,#6515,#6516);
#6514 = CARTESIAN_POINT('',(-86.,-85.5,241.));
#6515 = DIRECTION('',(0.,0.,1.));
#6516 = DIRECTION('',(1.,0.,0.));
#6517 = ADVANCED_FACE('',(#6518),#6529,.T.);
#6518 = FACE_BOUND('',#6519,.T.);
#6519 = EDGE_LOOP('',(#6520,#6521,#6527,#6528));
#6520 = ORIENTED_EDGE('',*,*,#6422,.F.);
#6521 = ORIENTED_EDGE('',*,*,#6522,.F.);
#6522 = EDGE_CURVE('',#6488,#6423,#6523,.T.);
#6523 = LINE('',#6524,#6525);
#6524 = CARTESIAN_POINT('',(-50.90455488499,-83.,237.));
#6525 = VECTOR('',#6526,1.);
#6526 = DIRECTION('',(-0.,-0.,-1.));
#6527 = ORIENTED_EDGE('',*,*,#6487,.T.);
#6528 = ORIENTED_EDGE('',*,*,#6465,.F.);
#6529 = PLANE('',#6530);
#6530 = AXIS2_PLACEMENT_3D('',#6531,#6532,#6533);
#6531 = CARTESIAN_POINT('',(-86.,-83.,238.));
#6532 = DIRECTION('',(0.,1.,0.));
#6533 = DIRECTION('',(0.,0.,1.));
#6534 = ADVANCED_FACE('',(#6535),#6543,.F.);
#6535 = FACE_BOUND('',#6536,.T.);
#6536 = EDGE_LOOP('',(#6537,#6538,#6539,#6540,#6541,#6542));
#6537 = ORIENTED_EDGE('',*,*,#6495,.F.);
#6538 = ORIENTED_EDGE('',*,*,#6522,.T.);
#6539 = ORIENTED_EDGE('',*,*,#6432,.T.);
#6540 = ORIENTED_EDGE('',*,*,#6441,.T.);
#6541 = ORIENTED_EDGE('',*,*,#6392,.F.);
#6542 = ORIENTED_EDGE('',*,*,#6504,.F.);
#6543 = CYLINDRICAL_SURFACE('',#6544,1.7);
#6544 = AXIS2_PLACEMENT_3D('',#6545,#6546,#6547);
#6545 = CARTESIAN_POINT('',(-52.,-84.3,237.));
#6546 = DIRECTION('',(-0.,-0.,-1.));
#6547 = DIRECTION('',(1.,0.,0.));
#6548 = ( GEOMETRIC_REPRESENTATION_CONTEXT(3) 
GLOBAL_UNCERTAINTY_ASSIGNED_CONTEXT((#6552)) 
GLOBAL_UNIT_ASSIGNED_CONTEXT((#6549,#6550,#6551)) REPRESENTATION_CONTEXT
('Context #1','3D Context with UNIT and UNCERTAINTY') );
#6549 = ( LENGTH_UNIT() NAMED_UNIT(*) SI_UNIT(.MILLI.,.METRE.) );
#6550 = ( NAMED_UNIT(*) PLANE_ANGLE_UNIT() SI_UNIT($,.RADIAN.) );
#6551 = ( NAMED_UNIT(*) SI_UNIT($,.STERADIAN.) SOLID_ANGLE_UNIT() );
#6552 = UNCERTAINTY_MEASURE_WITH_UNIT(LENGTH_MEASURE(1.E-07),#6549,
  'distance_accuracy_value','confusion accuracy');
#6553 = CONTEXT_DEPENDENT_SHAPE_REPRESENTATION(#6554,#6556);
#6554 = ( REPRESENTATION_RELATIONSHIP('','',#6375,#10) 
REPRESENTATION_RELATIONSHIP_WITH_TRANSFORMATION(#6555) 
SHAPE_REPRESENTATION_RELATIONSHIP() );
#6555 = ITEM_DEFINED_TRANSFORMATION('','',#11,#67);
#6556 = PRODUCT_DEFINITION_SHAPE('Placement','Placement of an item',
  #6557);
#6557 = NEXT_ASSEMBLY_USAGE_OCCURRENCE('421','YAW_SERVO_3','',#5,#6370,$
  );
#6558 = PRODUCT_RELATED_PRODUCT_CATEGORY('part',$,(#6372));
#6559 = SHAPE_DEFINITION_REPRESENTATION(#6560,#6566);
#6560 = PRODUCT_DEFINITION_SHAPE('','',#6561);
#6561 = PRODUCT_DEFINITION('design','',#6562,#6565);
#6562 = PRODUCT_DEFINITION_FORMATION('','',#6563);
#6563 = PRODUCT('YAW_SERVO_4','YAW_SERVO_4','',(#6564));
#6564 = PRODUCT_CONTEXT('',#2,'mechanical');
#6565 = PRODUCT_DEFINITION_CONTEXT('part definition',#2,'design');
#6566 = ADVANCED_BREP_SHAPE_REPRESENTATION('',(#11,#6567),#6719);
#6567 = MANIFOLD_SOLID_BREP('',#6568);
#6568 = CLOSED_SHELL('',(#6569,#6609,#6640,#6665,#6689,#6707));
#6569 = ADVANCED_FACE('',(#6570),#6604,.F.);
#6570 = FACE_BOUND('',#6571,.F.);
#6571 = EDGE_LOOP('',(#6572,#6582,#6590,#6598));
#6572 = ORIENTED_EDGE('',*,*,#6573,.F.);
#6573 = EDGE_CURVE('',#6574,#6576,#6578,.T.);
#6574 = VERTEX_POINT('',#6575);
#6575 = CARTESIAN_POINT('',(-86.,-62.,238.));
#6576 = VERTEX_POINT('',#6577);
#6577 = CARTESIAN_POINT('',(-86.,-62.,241.));
#6578 = LINE('',#6579,#6580);
#6579 = CARTESIAN_POINT('',(-86.,-62.,238.));
#6580 = VECTOR('',#6581,1.);
#6581 = DIRECTION('',(0.,0.,1.));
#6582 = ORIENTED_EDGE('',*,*,#6583,.T.);
#6583 = EDGE_CURVE('',#6574,#6584,#6586,.T.);
#6584 = VERTEX_POINT('',#6585);
#6585 = CARTESIAN_POINT('',(-86.,-59.5,238.));
#6586 = LINE('',#6587,#6588);
#6587 = CARTESIAN_POINT('',(-86.,-62.,238.));
#6588 = VECTOR('',#6589,1.);
#6589 = DIRECTION('',(0.,1.,0.));
#6590 = ORIENTED_EDGE('',*,*,#6591,.T.);
#6591 = EDGE_CURVE('',#6584,#6592,#6594,.T.);
#6592 = VERTEX_POINT('',#6593);
#6593 = CARTESIAN_POINT('',(-86.,-59.5,241.));
#6594 = LINE('',#6595,#6596);
#6595 = CARTESIAN_POINT('',(-86.,-59.5,238.));
#6596 = VECTOR('',#6597,1.);
#6597 = DIRECTION('',(0.,0.,1.));
#6598 = ORIENTED_EDGE('',*,*,#6599,.F.);
#6599 = EDGE_CURVE('',#6576,#6592,#6600,.T.);
#6600 = LINE('',#6601,#6602);
#6601 = CARTESIAN_POINT('',(-86.,-62.,241.));
#6602 = VECTOR('',#6603,1.);
#6603 = DIRECTION('',(0.,1.,0.));
#6604 = PLANE('',#6605);
#6605 = AXIS2_PLACEMENT_3D('',#6606,#6607,#6608);
#6606 = CARTESIAN_POINT('',(-86.,-62.,238.));
#6607 = DIRECTION('',(1.,0.,0.));
#6608 = DIRECTION('',(0.,0.,1.));
#6609 = ADVANCED_FACE('',(#6610),#6635,.F.);
#6610 = FACE_BOUND('',#6611,.F.);
#6611 = EDGE_LOOP('',(#6612,#6620,#6621,#6629));
#6612 = ORIENTED_EDGE('',*,*,#6613,.F.);
#6613 = EDGE_CURVE('',#6574,#6614,#6616,.T.);
#6614 = VERTEX_POINT('',#6615);
#6615 = CARTESIAN_POINT('',(-81.37477270848,-62.,238.));
#6616 = LINE('',#6617,#6618);
#6617 = CARTESIAN_POINT('',(-86.,-62.,238.));
#6618 = VECTOR('',#6619,1.);
#6619 = DIRECTION('',(1.,0.,0.));
#6620 = ORIENTED_EDGE('',*,*,#6573,.T.);
#6621 = ORIENTED_EDGE('',*,*,#6622,.T.);
#6622 = EDGE_CURVE('',#6576,#6623,#6625,.T.);
#6623 = VERTEX_POINT('',#6624);
#6624 = CARTESIAN_POINT('',(-81.37477270848,-62.,241.));
#6625 = LINE('',#6626,#6627);
#6626 = CARTESIAN_POINT('',(-86.,-62.,241.));
#6627 = VECTOR('',#6628,1.);
#6628 = DIRECTION('',(1.,0.,0.));
#6629 = ORIENTED_EDGE('',*,*,#6630,.T.);
#6630 = EDGE_CURVE('',#6623,#6614,#6631,.T.);
#6631 = LINE('',#6632,#6633);
#6632 = CARTESIAN_POINT('',(-81.37477270848,-62.,237.));
#6633 = VECTOR('',#6634,1.);
#6634 = DIRECTION('',(-0.,-0.,-1.));
#6635 = PLANE('',#6636);
#6636 = AXIS2_PLACEMENT_3D('',#6637,#6638,#6639);
#6637 = CARTESIAN_POINT('',(-86.,-62.,238.));
#6638 = DIRECTION('',(0.,1.,0.));
#6639 = DIRECTION('',(0.,0.,1.));
#6640 = ADVANCED_FACE('',(#6641),#6660,.T.);
#6641 = FACE_BOUND('',#6642,.T.);
#6642 = EDGE_LOOP('',(#6643,#6651,#6652,#6653));
#6643 = ORIENTED_EDGE('',*,*,#6644,.F.);
#6644 = EDGE_CURVE('',#6592,#6645,#6647,.T.);
#6645 = VERTEX_POINT('',#6646);
#6646 = CARTESIAN_POINT('',(-80.8,-59.5,241.));
#6647 = LINE('',#6648,#6649);
#6648 = CARTESIAN_POINT('',(-86.,-59.5,241.));
#6649 = VECTOR('',#6650,1.);
#6650 = DIRECTION('',(1.,0.,0.));
#6651 = ORIENTED_EDGE('',*,*,#6599,.F.);
#6652 = ORIENTED_EDGE('',*,*,#6622,.T.);
#6653 = ORIENTED_EDGE('',*,*,#6654,.T.);
#6654 = EDGE_CURVE('',#6623,#6645,#6655,.T.);
#6655 = CIRCLE('',#6656,1.7);
#6656 = AXIS2_PLACEMENT_3D('',#6657,#6658,#6659);
#6657 = CARTESIAN_POINT('',(-80.,-61.,241.));
#6658 = DIRECTION('',(0.,0.,-1.));
#6659 = DIRECTION('',(1.,0.,0.));
#6660 = PLANE('',#6661);
#6661 = AXIS2_PLACEMENT_3D('',#6662,#6663,#6664);
#6662 = CARTESIAN_POINT('',(-86.,-62.,241.));
#6663 = DIRECTION('',(0.,0.,1.));
#6664 = DIRECTION('',(1.,0.,0.));
#6665 = ADVANCED_FACE('',(#6666),#6684,.T.);
#6666 = FACE_BOUND('',#6667,.T.);
#6667 = EDGE_LOOP('',(#6668,#6676,#6677,#6678));
#6668 = ORIENTED_EDGE('',*,*,#6669,.F.);
#6669 = EDGE_CURVE('',#6584,#6670,#6672,.T.);
#6670 = VERTEX_POINT('',#6671);
#6671 = CARTESIAN_POINT('',(-80.8,-59.5,238.));
#6672 = LINE('',#6673,#6674);
#6673 = CARTESIAN_POINT('',(-86.,-59.5,238.));
#6674 = VECTOR('',#6675,1.);
#6675 = DIRECTION('',(1.,0.,0.));
#6676 = ORIENTED_EDGE('',*,*,#6591,.T.);
#6677 = ORIENTED_EDGE('',*,*,#6644,.T.);
#6678 = ORIENTED_EDGE('',*,*,#6679,.T.);
#6679 = EDGE_CURVE('',#6645,#6670,#6680,.T.);
#6680 = LINE('',#6681,#6682);
#6681 = CARTESIAN_POINT('',(-80.8,-59.5,237.));
#6682 = VECTOR('',#6683,1.);
#6683 = DIRECTION('',(-0.,-0.,-1.));
#6684 = PLANE('',#6685);
#6685 = AXIS2_PLACEMENT_3D('',#6686,#6687,#6688);
#6686 = CARTESIAN_POINT('',(-86.,-59.5,238.));
#6687 = DIRECTION('',(0.,1.,0.));
#6688 = DIRECTION('',(0.,0.,1.));
#6689 = ADVANCED_FACE('',(#6690),#6702,.F.);
#6690 = FACE_BOUND('',#6691,.F.);
#6691 = EDGE_LOOP('',(#6692,#6693,#6694,#6695));
#6692 = ORIENTED_EDGE('',*,*,#6669,.F.);
#6693 = ORIENTED_EDGE('',*,*,#6583,.F.);
#6694 = ORIENTED_EDGE('',*,*,#6613,.T.);
#6695 = ORIENTED_EDGE('',*,*,#6696,.T.);
#6696 = EDGE_CURVE('',#6614,#6670,#6697,.T.);
#6697 = CIRCLE('',#6698,1.7);
#6698 = AXIS2_PLACEMENT_3D('',#6699,#6700,#6701);
#6699 = CARTESIAN_POINT('',(-80.,-61.,238.));
#6700 = DIRECTION('',(0.,0.,-1.));
#6701 = DIRECTION('',(1.,0.,0.));
#6702 = PLANE('',#6703);
#6703 = AXIS2_PLACEMENT_3D('',#6704,#6705,#6706);
#6704 = CARTESIAN_POINT('',(-86.,-62.,238.));
#6705 = DIRECTION('',(0.,0.,1.));
#6706 = DIRECTION('',(1.,0.,0.));
#6707 = ADVANCED_FACE('',(#6708),#6714,.F.);
#6708 = FACE_BOUND('',#6709,.T.);
#6709 = EDGE_LOOP('',(#6710,#6711,#6712,#6713));
#6710 = ORIENTED_EDGE('',*,*,#6654,.F.);
#6711 = ORIENTED_EDGE('',*,*,#6630,.T.);
#6712 = ORIENTED_EDGE('',*,*,#6696,.T.);
#6713 = ORIENTED_EDGE('',*,*,#6679,.F.);
#6714 = CYLINDRICAL_SURFACE('',#6715,1.7);
#6715 = AXIS2_PLACEMENT_3D('',#6716,#6717,#6718);
#6716 = CARTESIAN_POINT('',(-80.,-61.,237.));
#6717 = DIRECTION('',(-0.,-0.,-1.));
#6718 = DIRECTION('',(1.,0.,0.));
#6719 = ( GEOMETRIC_REPRESENTATION_CONTEXT(3) 
GLOBAL_UNCERTAINTY_ASSIGNED_CONTEXT((#6723)) 
GLOBAL_UNIT_ASSIGNED_CONTEXT((#6720,#6721,#6722)) REPRESENTATION_CONTEXT
('Context #1','3D Context with UNIT and UNCERTAINTY') );
#6720 = ( LENGTH_UNIT() NAMED_UNIT(*) SI_UNIT(.MILLI.,.METRE.) );
#6721 = ( NAMED_UNIT(*) PLANE_ANGLE_UNIT() SI_UNIT($,.RADIAN.) );
#6722 = ( NAMED_UNIT(*) SI_UNIT($,.STERADIAN.) SOLID_ANGLE_UNIT() );
#6723 = UNCERTAINTY_MEASURE_WITH_UNIT(LENGTH_MEASURE(1.E-07),#6720,
  'distance_accuracy_value','confusion accuracy');
#6724 = CONTEXT_DEPENDENT_SHAPE_REPRESENTATION(#6725,#6727);
#6725 = ( REPRESENTATION_RELATIONSHIP('','',#6566,#10) 
REPRESENTATION_RELATIONSHIP_WITH_TRANSFORMATION(#6726) 
SHAPE_REPRESENTATION_RELATIONSHIP() );
#6726 = ITEM_DEFINED_TRANSFORMATION('','',#11,#71);
#6727 = PRODUCT_DEFINITION_SHAPE('Placement','Placement of an item',
  #6728);
#6728 = NEXT_ASSEMBLY_USAGE_OCCURRENCE('422','YAW_SERVO_4','',#5,#6561,$
  );
#6729 = PRODUCT_RELATED_PRODUCT_CATEGORY('part',$,(#6563));
#6730 = SHAPE_DEFINITION_REPRESENTATION(#6731,#6737);
#6731 = PRODUCT_DEFINITION_SHAPE('','',#6732);
#6732 = PRODUCT_DEFINITION('design','',#6733,#6736);
#6733 = PRODUCT_DEFINITION_FORMATION('','',#6734);
#6734 = PRODUCT('YAW_SERVO_5','YAW_SERVO_5','',(#6735));
#6735 = PRODUCT_CONTEXT('',#2,'mechanical');
#6736 = PRODUCT_DEFINITION_CONTEXT('part definition',#2,'design');
#6737 = ADVANCED_BREP_SHAPE_REPRESENTATION('',(#11,#6738),#6912);
#6738 = MANIFOLD_SOLID_BREP('',#6739);
#6739 = CLOSED_SHELL('',(#6740,#6780,#6822,#6847,#6881,#6898));
#6740 = ADVANCED_FACE('',(#6741),#6775,.F.);
#6741 = FACE_BOUND('',#6742,.F.);
#6742 = EDGE_LOOP('',(#6743,#6753,#6761,#6769));
#6743 = ORIENTED_EDGE('',*,*,#6744,.F.);
#6744 = EDGE_CURVE('',#6745,#6747,#6749,.T.);
#6745 = VERTEX_POINT('',#6746);
#6746 = CARTESIAN_POINT('',(-78.62522729151,-62.,238.));
#6747 = VERTEX_POINT('',#6748);
#6748 = CARTESIAN_POINT('',(-53.37477270848,-62.,238.));
#6749 = LINE('',#6750,#6751);
#6750 = CARTESIAN_POINT('',(-86.,-62.,238.));
#6751 = VECTOR('',#6752,1.);
#6752 = DIRECTION('',(1.,0.,0.));
#6753 = ORIENTED_EDGE('',*,*,#6754,.F.);
#6754 = EDGE_CURVE('',#6755,#6745,#6757,.T.);
#6755 = VERTEX_POINT('',#6756);
#6756 = CARTESIAN_POINT('',(-78.62522729151,-62.,241.));
#6757 = LINE('',#6758,#6759);
#6758 = CARTESIAN_POINT('',(-78.62522729151,-62.,237.));
#6759 = VECTOR('',#6760,1.);
#6760 = DIRECTION('',(-0.,-0.,-1.));
#6761 = ORIENTED_EDGE('',*,*,#6762,.T.);
#6762 = EDGE_CURVE('',#6755,#6763,#6765,.T.);
#6763 = VERTEX_POINT('',#6764);
#6764 = CARTESIAN_POINT('',(-53.37477270848,-62.,241.));
#6765 = LINE('',#6766,#6767);
#6766 = CARTESIAN_POINT('',(-86.,-62.,241.));
#6767 = VECTOR('',#6768,1.);
#6768 = DIRECTION('',(1.,0.,0.));
#6769 = ORIENTED_EDGE('',*,*,#6770,.T.);
#6770 = EDGE_CURVE('',#6763,#6747,#6771,.T.);
#6771 = LINE('',#6772,#6773);
#6772 = CARTESIAN_POINT('',(-53.37477270848,-62.,237.));
#6773 = VECTOR('',#6774,1.);
#6774 = DIRECTION('',(-0.,-0.,-1.));
#6775 = PLANE('',#6776);
#6776 = AXIS2_PLACEMENT_3D('',#6777,#6778,#6779);
#6777 = CARTESIAN_POINT('',(-86.,-62.,238.));
#6778 = DIRECTION('',(0.,1.,0.));
#6779 = DIRECTION('',(0.,0.,1.));
#6780 = ADVANCED_FACE('',(#6781),#6817,.F.);
#6781 = FACE_BOUND('',#6782,.F.);
#6782 = EDGE_LOOP('',(#6783,#6793,#6802,#6809,#6810));
#6783 = ORIENTED_EDGE('',*,*,#6784,.F.);
#6784 = EDGE_CURVE('',#6785,#6787,#6789,.T.);
#6785 = VERTEX_POINT('',#6786);
#6786 = CARTESIAN_POINT('',(-79.2,-59.5,238.));
#6787 = VERTEX_POINT('',#6788);
#6788 = CARTESIAN_POINT('',(-52.8,-59.5,238.));
#6789 = LINE('',#6790,#6791);
#6790 = CARTESIAN_POINT('',(-86.,-59.5,238.));
#6791 = VECTOR('',#6792,1.);
#6792 = DIRECTION('',(1.,0.,0.));
#6793 = ORIENTED_EDGE('',*,*,#6794,.T.);
#6794 = EDGE_CURVE('',#6785,#6795,#6797,.T.);
#6795 = VERTEX_POINT('',#6796);
#6796 = CARTESIAN_POINT('',(-78.3,-61.,238.));
#6797 = CIRCLE('',#6798,1.7);
#6798 = AXIS2_PLACEMENT_3D('',#6799,#6800,#6801);
#6799 = CARTESIAN_POINT('',(-80.,-61.,238.));
#6800 = DIRECTION('',(0.,0.,-1.));
#6801 = DIRECTION('',(1.,0.,0.));
#6802 = ORIENTED_EDGE('',*,*,#6803,.T.);
#6803 = EDGE_CURVE('',#6795,#6745,#6804,.T.);
#6804 = CIRCLE('',#6805,1.7);
#6805 = AXIS2_PLACEMENT_3D('',#6806,#6807,#6808);
#6806 = CARTESIAN_POINT('',(-80.,-61.,238.));
#6807 = DIRECTION('',(0.,0.,-1.));
#6808 = DIRECTION('',(1.,0.,0.));
#6809 = ORIENTED_EDGE('',*,*,#6744,.T.);
#6810 = ORIENTED_EDGE('',*,*,#6811,.T.);
#6811 = EDGE_CURVE('',#6747,#6787,#6812,.T.);
#6812 = CIRCLE('',#6813,1.7);
#6813 = AXIS2_PLACEMENT_3D('',#6814,#6815,#6816);
#6814 = CARTESIAN_POINT('',(-52.,-61.,238.));
#6815 = DIRECTION('',(0.,0.,-1.));
#6816 = DIRECTION('',(1.,0.,0.));
#6817 = PLANE('',#6818);
#6818 = AXIS2_PLACEMENT_3D('',#6819,#6820,#6821);
#6819 = CARTESIAN_POINT('',(-86.,-62.,238.));
#6820 = DIRECTION('',(0.,0.,1.));
#6821 = DIRECTION('',(1.,0.,0.));
#6822 = ADVANCED_FACE('',(#6823),#6842,.F.);
#6823 = FACE_BOUND('',#6824,.T.);
#6824 = EDGE_LOOP('',(#6825,#6834,#6835,#6836));
#6825 = ORIENTED_EDGE('',*,*,#6826,.F.);
#6826 = EDGE_CURVE('',#6763,#6827,#6829,.T.);
#6827 = VERTEX_POINT('',#6828);
#6828 = CARTESIAN_POINT('',(-52.8,-59.5,241.));
#6829 = CIRCLE('',#6830,1.7);
#6830 = AXIS2_PLACEMENT_3D('',#6831,#6832,#6833);
#6831 = CARTESIAN_POINT('',(-52.,-61.,241.));
#6832 = DIRECTION('',(0.,0.,-1.));
#6833 = DIRECTION('',(1.,0.,0.));
#6834 = ORIENTED_EDGE('',*,*,#6770,.T.);
#6835 = ORIENTED_EDGE('',*,*,#6811,.T.);
#6836 = ORIENTED_EDGE('',*,*,#6837,.F.);
#6837 = EDGE_CURVE('',#6827,#6787,#6838,.T.);
#6838 = LINE('',#6839,#6840);
#6839 = CARTESIAN_POINT('',(-52.8,-59.5,237.));
#6840 = VECTOR('',#6841,1.);
#6841 = DIRECTION('',(-0.,-0.,-1.));
#6842 = CYLINDRICAL_SURFACE('',#6843,1.7);
#6843 = AXIS2_PLACEMENT_3D('',#6844,#6845,#6846);
#6844 = CARTESIAN_POINT('',(-52.,-61.,237.));
#6845 = DIRECTION('',(-0.,-0.,-1.));
#6846 = DIRECTION('',(1.,0.,0.));
#6847 = ADVANCED_FACE('',(#6848),#6876,.T.);
#6848 = FACE_BOUND('',#6849,.T.);
#6849 = EDGE_LOOP('',(#6850,#6858,#6867,#6874,#6875));
#6850 = ORIENTED_EDGE('',*,*,#6851,.F.);
#6851 = EDGE_CURVE('',#6852,#6827,#6854,.T.);
#6852 = VERTEX_POINT('',#6853);
#6853 = CARTESIAN_POINT('',(-79.2,-59.5,241.));
#6854 = LINE('',#6855,#6856);
#6855 = CARTESIAN_POINT('',(-86.,-59.5,241.));
#6856 = VECTOR('',#6857,1.);
#6857 = DIRECTION('',(1.,0.,0.));
#6858 = ORIENTED_EDGE('',*,*,#6859,.T.);
#6859 = EDGE_CURVE('',#6852,#6860,#6862,.T.);
#6860 = VERTEX_POINT('',#6861);
#6861 = CARTESIAN_POINT('',(-78.3,-61.,241.));
#6862 = CIRCLE('',#6863,1.7);
#6863 = AXIS2_PLACEMENT_3D('',#6864,#6865,#6866);
#6864 = CARTESIAN_POINT('',(-80.,-61.,241.));
#6865 = DIRECTION('',(0.,0.,-1.));
#6866 = DIRECTION('',(1.,0.,0.));
#6867 = ORIENTED_EDGE('',*,*,#6868,.T.);
#6868 = EDGE_CURVE('',#6860,#6755,#6869,.T.);
#6869 = CIRCLE('',#6870,1.7);
#6870 = AXIS2_PLACEMENT_3D('',#6871,#6872,#6873);
#6871 = CARTESIAN_POINT('',(-80.,-61.,241.));
#6872 = DIRECTION('',(0.,0.,-1.));
#6873 = DIRECTION('',(1.,0.,0.));
#6874 = ORIENTED_EDGE('',*,*,#6762,.T.);
#6875 = ORIENTED_EDGE('',*,*,#6826,.T.);
#6876 = PLANE('',#6877);
#6877 = AXIS2_PLACEMENT_3D('',#6878,#6879,#6880);
#6878 = CARTESIAN_POINT('',(-86.,-62.,241.));
#6879 = DIRECTION('',(0.,0.,1.));
#6880 = DIRECTION('',(1.,0.,0.));
#6881 = ADVANCED_FACE('',(#6882),#6893,.T.);
#6882 = FACE_BOUND('',#6883,.T.);
#6883 = EDGE_LOOP('',(#6884,#6885,#6891,#6892));
#6884 = ORIENTED_EDGE('',*,*,#6784,.F.);
#6885 = ORIENTED_EDGE('',*,*,#6886,.F.);
#6886 = EDGE_CURVE('',#6852,#6785,#6887,.T.);
#6887 = LINE('',#6888,#6889);
#6888 = CARTESIAN_POINT('',(-79.2,-59.5,237.));
#6889 = VECTOR('',#6890,1.);
#6890 = DIRECTION('',(-0.,-0.,-1.));
#6891 = ORIENTED_EDGE('',*,*,#6851,.T.);
#6892 = ORIENTED_EDGE('',*,*,#6837,.T.);
#6893 = PLANE('',#6894);
#6894 = AXIS2_PLACEMENT_3D('',#6895,#6896,#6897);
#6895 = CARTESIAN_POINT('',(-86.,-59.5,238.));
#6896 = DIRECTION('',(0.,1.,0.));
#6897 = DIRECTION('',(0.,0.,1.));
#6898 = ADVANCED_FACE('',(#6899),#6907,.F.);
#6899 = FACE_BOUND('',#6900,.T.);
#6900 = EDGE_LOOP('',(#6901,#6902,#6903,#6904,#6905,#6906));
#6901 = ORIENTED_EDGE('',*,*,#6859,.F.);
#6902 = ORIENTED_EDGE('',*,*,#6886,.T.);
#6903 = ORIENTED_EDGE('',*,*,#6794,.T.);
#6904 = ORIENTED_EDGE('',*,*,#6803,.T.);
#6905 = ORIENTED_EDGE('',*,*,#6754,.F.);
#6906 = ORIENTED_EDGE('',*,*,#6868,.F.);
#6907 = CYLINDRICAL_SURFACE('',#6908,1.7);
#6908 = AXIS2_PLACEMENT_3D('',#6909,#6910,#6911);
#6909 = CARTESIAN_POINT('',(-80.,-61.,237.));
#6910 = DIRECTION('',(-0.,-0.,-1.));
#6911 = DIRECTION('',(1.,0.,0.));
#6912 = ( GEOMETRIC_REPRESENTATION_CONTEXT(3) 
GLOBAL_UNCERTAINTY_ASSIGNED_CONTEXT((#6916)) 
GLOBAL_UNIT_ASSIGNED_CONTEXT((#6913,#6914,#6915)) REPRESENTATION_CONTEXT
('Context #1','3D Context with UNIT and UNCERTAINTY') );
#6913 = ( LENGTH_UNIT() NAMED_UNIT(*) SI_UNIT(.MILLI.,.METRE.) );
#6914 = ( NAMED_UNIT(*) PLANE_ANGLE_UNIT() SI_UNIT($,.RADIAN.) );
#6915 = ( NAMED_UNIT(*) SI_UNIT($,.STERADIAN.) SOLID_ANGLE_UNIT() );
#6916 = UNCERTAINTY_MEASURE_WITH_UNIT(LENGTH_MEASURE(1.E-07),#6913,
  'distance_accuracy_value','confusion accuracy');
#6917 = CONTEXT_DEPENDENT_SHAPE_REPRESENTATION(#6918,#6920);
#6918 = ( REPRESENTATION_RELATIONSHIP('','',#6737,#10) 
REPRESENTATION_RELATIONSHIP_WITH_TRANSFORMATION(#6919) 
SHAPE_REPRESENTATION_RELATIONSHIP() );
#6919 = ITEM_DEFINED_TRANSFORMATION('','',#11,#75);
#6920 = PRODUCT_DEFINITION_SHAPE('Placement','Placement of an item',
  #6921);
#6921 = NEXT_ASSEMBLY_USAGE_OCCURRENCE('423','YAW_SERVO_5','',#5,#6732,$
  );
#6922 = PRODUCT_RELATED_PRODUCT_CATEGORY('part',$,(#6734));
#6923 = SHAPE_DEFINITION_REPRESENTATION(#6924,#6930);
#6924 = PRODUCT_DEFINITION_SHAPE('','',#6925);
#6925 = PRODUCT_DEFINITION('design','',#6926,#6929);
#6926 = PRODUCT_DEFINITION_FORMATION('','',#6927);
#6927 = PRODUCT('YAW_SERVO_6','YAW_SERVO_6','',(#6928));
#6928 = PRODUCT_CONTEXT('',#2,'mechanical');
#6929 = PRODUCT_DEFINITION_CONTEXT('part definition',#2,'design');
#6930 = ADVANCED_BREP_SHAPE_REPRESENTATION('',(#11,#6931),#7103);
#6931 = MANIFOLD_SOLID_BREP('',#6932);
#6932 = CLOSED_SHELL('',(#6933,#6973,#7014,#7038,#7072,#7089));
#6933 = ADVANCED_FACE('',(#6934),#6968,.F.);
#6934 = FACE_BOUND('',#6935,.F.);
#6935 = EDGE_LOOP('',(#6936,#6946,#6954,#6962));
#6936 = ORIENTED_EDGE('',*,*,#6937,.F.);
#6937 = EDGE_CURVE('',#6938,#6940,#6942,.T.);
#6938 = VERTEX_POINT('',#6939);
#6939 = CARTESIAN_POINT('',(-50.62522729151,-62.,238.));
#6940 = VERTEX_POINT('',#6941);
#6941 = CARTESIAN_POINT('',(-46.,-62.,238.));
#6942 = LINE('',#6943,#6944);
#6943 = CARTESIAN_POINT('',(-86.,-62.,238.));
#6944 = VECTOR('',#6945,1.);
#6945 = DIRECTION('',(1.,0.,0.));
#6946 = ORIENTED_EDGE('',*,*,#6947,.F.);
#6947 = EDGE_CURVE('',#6948,#6938,#6950,.T.);
#6948 = VERTEX_POINT('',#6949);
#6949 = CARTESIAN_POINT('',(-50.62522729151,-62.,241.));
#6950 = LINE('',#6951,#6952);
#6951 = CARTESIAN_POINT('',(-50.62522729151,-62.,237.));
#6952 = VECTOR('',#6953,1.);
#6953 = DIRECTION('',(-0.,-0.,-1.));
#6954 = ORIENTED_EDGE('',*,*,#6955,.T.);
#6955 = EDGE_CURVE('',#6948,#6956,#6958,.T.);
#6956 = VERTEX_POINT('',#6957);
#6957 = CARTESIAN_POINT('',(-46.,-62.,241.));
#6958 = LINE('',#6959,#6960);
#6959 = CARTESIAN_POINT('',(-86.,-62.,241.));
#6960 = VECTOR('',#6961,1.);
#6961 = DIRECTION('',(1.,0.,0.));
#6962 = ORIENTED_EDGE('',*,*,#6963,.F.);
#6963 = EDGE_CURVE('',#6940,#6956,#6964,.T.);
#6964 = LINE('',#6965,#6966);
#6965 = CARTESIAN_POINT('',(-46.,-62.,238.));
#6966 = VECTOR('',#6967,1.);
#6967 = DIRECTION('',(0.,0.,1.));
#6968 = PLANE('',#6969);
#6969 = AXIS2_PLACEMENT_3D('',#6970,#6971,#6972);
#6970 = CARTESIAN_POINT('',(-86.,-62.,238.));
#6971 = DIRECTION('',(0.,1.,0.));
#6972 = DIRECTION('',(0.,0.,1.));
#6973 = ADVANCED_FACE('',(#6974),#7009,.F.);
#6974 = FACE_BOUND('',#6975,.F.);
#6975 = EDGE_LOOP('',(#6976,#6986,#6995,#7002,#7003));
#6976 = ORIENTED_EDGE('',*,*,#6977,.F.);
#6977 = EDGE_CURVE('',#6978,#6980,#6982,.T.);
#6978 = VERTEX_POINT('',#6979);
#6979 = CARTESIAN_POINT('',(-51.2,-59.5,238.));
#6980 = VERTEX_POINT('',#6981);
#6981 = CARTESIAN_POINT('',(-46.,-59.5,238.));
#6982 = LINE('',#6983,#6984);
#6983 = CARTESIAN_POINT('',(-86.,-59.5,238.));
#6984 = VECTOR('',#6985,1.);
#6985 = DIRECTION('',(1.,0.,0.));
#6986 = ORIENTED_EDGE('',*,*,#6987,.T.);
#6987 = EDGE_CURVE('',#6978,#6988,#6990,.T.);
#6988 = VERTEX_POINT('',#6989);
#6989 = CARTESIAN_POINT('',(-50.3,-61.,238.));
#6990 = CIRCLE('',#6991,1.7);
#6991 = AXIS2_PLACEMENT_3D('',#6992,#6993,#6994);
#6992 = CARTESIAN_POINT('',(-52.,-61.,238.));
#6993 = DIRECTION('',(0.,0.,-1.));
#6994 = DIRECTION('',(1.,0.,0.));
#6995 = ORIENTED_EDGE('',*,*,#6996,.T.);
#6996 = EDGE_CURVE('',#6988,#6938,#6997,.T.);
#6997 = CIRCLE('',#6998,1.7);
#6998 = AXIS2_PLACEMENT_3D('',#6999,#7000,#7001);
#6999 = CARTESIAN_POINT('',(-52.,-61.,238.));
#7000 = DIRECTION('',(0.,0.,-1.));
#7001 = DIRECTION('',(1.,0.,0.));
#7002 = ORIENTED_EDGE('',*,*,#6937,.T.);
#7003 = ORIENTED_EDGE('',*,*,#7004,.T.);
#7004 = EDGE_CURVE('',#6940,#6980,#7005,.T.);
#7005 = LINE('',#7006,#7007);
#7006 = CARTESIAN_POINT('',(-46.,-62.,238.));
#7007 = VECTOR('',#7008,1.);
#7008 = DIRECTION('',(0.,1.,0.));
#7009 = PLANE('',#7010);
#7010 = AXIS2_PLACEMENT_3D('',#7011,#7012,#7013);
#7011 = CARTESIAN_POINT('',(-86.,-62.,238.));
#7012 = DIRECTION('',(0.,0.,1.));
#7013 = DIRECTION('',(1.,0.,0.));
#7014 = ADVANCED_FACE('',(#7015),#7033,.T.);
#7015 = FACE_BOUND('',#7016,.T.);
#7016 = EDGE_LOOP('',(#7017,#7018,#7019,#7027));
#7017 = ORIENTED_EDGE('',*,*,#6963,.F.);
#7018 = ORIENTED_EDGE('',*,*,#7004,.T.);
#7019 = ORIENTED_EDGE('',*,*,#7020,.T.);
#7020 = EDGE_CURVE('',#6980,#7021,#7023,.T.);
#7021 = VERTEX_POINT('',#7022);
#7022 = CARTESIAN_POINT('',(-46.,-59.5,241.));
#7023 = LINE('',#7024,#7025);
#7024 = CARTESIAN_POINT('',(-46.,-59.5,238.));
#7025 = VECTOR('',#7026,1.);
#7026 = DIRECTION('',(0.,0.,1.));
#7027 = ORIENTED_EDGE('',*,*,#7028,.F.);
#7028 = EDGE_CURVE('',#6956,#7021,#7029,.T.);
#7029 = LINE('',#7030,#7031);
#7030 = CARTESIAN_POINT('',(-46.,-62.,241.));
#7031 = VECTOR('',#7032,1.);
#7032 = DIRECTION('',(0.,1.,0.));
#7033 = PLANE('',#7034);
#7034 = AXIS2_PLACEMENT_3D('',#7035,#7036,#7037);
#7035 = CARTESIAN_POINT('',(-46.,-62.,238.));
#7036 = DIRECTION('',(1.,0.,0.));
#7037 = DIRECTION('',(0.,0.,1.));
#7038 = ADVANCED_FACE('',(#7039),#7067,.T.);
#7039 = FACE_BOUND('',#7040,.T.);
#7040 = EDGE_LOOP('',(#7041,#7049,#7058,#7065,#7066));
#7041 = ORIENTED_EDGE('',*,*,#7042,.F.);
#7042 = EDGE_CURVE('',#7043,#7021,#7045,.T.);
#7043 = VERTEX_POINT('',#7044);
#7044 = CARTESIAN_POINT('',(-51.2,-59.5,241.));
#7045 = LINE('',#7046,#7047);
#7046 = CARTESIAN_POINT('',(-86.,-59.5,241.));
#7047 = VECTOR('',#7048,1.);
#7048 = DIRECTION('',(1.,0.,0.));
#7049 = ORIENTED_EDGE('',*,*,#7050,.T.);
#7050 = EDGE_CURVE('',#7043,#7051,#7053,.T.);
#7051 = VERTEX_POINT('',#7052);
#7052 = CARTESIAN_POINT('',(-50.3,-61.,241.));
#7053 = CIRCLE('',#7054,1.7);
#7054 = AXIS2_PLACEMENT_3D('',#7055,#7056,#7057);
#7055 = CARTESIAN_POINT('',(-52.,-61.,241.));
#7056 = DIRECTION('',(0.,0.,-1.));
#7057 = DIRECTION('',(1.,0.,0.));
#7058 = ORIENTED_EDGE('',*,*,#7059,.T.);
#7059 = EDGE_CURVE('',#7051,#6948,#7060,.T.);
#7060 = CIRCLE('',#7061,1.7);
#7061 = AXIS2_PLACEMENT_3D('',#7062,#7063,#7064);
#7062 = CARTESIAN_POINT('',(-52.,-61.,241.));
#7063 = DIRECTION('',(0.,0.,-1.));
#7064 = DIRECTION('',(1.,0.,0.));
#7065 = ORIENTED_EDGE('',*,*,#6955,.T.);
#7066 = ORIENTED_EDGE('',*,*,#7028,.T.);
#7067 = PLANE('',#7068);
#7068 = AXIS2_PLACEMENT_3D('',#7069,#7070,#7071);
#7069 = CARTESIAN_POINT('',(-86.,-62.,241.));
#7070 = DIRECTION('',(0.,0.,1.));
#7071 = DIRECTION('',(1.,0.,0.));
#7072 = ADVANCED_FACE('',(#7073),#7084,.T.);
#7073 = FACE_BOUND('',#7074,.T.);
#7074 = EDGE_LOOP('',(#7075,#7076,#7082,#7083));
#7075 = ORIENTED_EDGE('',*,*,#6977,.F.);
#7076 = ORIENTED_EDGE('',*,*,#7077,.F.);
#7077 = EDGE_CURVE('',#7043,#6978,#7078,.T.);
#7078 = LINE('',#7079,#7080);
#7079 = CARTESIAN_POINT('',(-51.2,-59.5,237.));
#7080 = VECTOR('',#7081,1.);
#7081 = DIRECTION('',(-0.,-0.,-1.));
#7082 = ORIENTED_EDGE('',*,*,#7042,.T.);
#7083 = ORIENTED_EDGE('',*,*,#7020,.F.);
#7084 = PLANE('',#7085);
#7085 = AXIS2_PLACEMENT_3D('',#7086,#7087,#7088);
#7086 = CARTESIAN_POINT('',(-86.,-59.5,238.));
#7087 = DIRECTION('',(0.,1.,0.));
#7088 = DIRECTION('',(0.,0.,1.));
#7089 = ADVANCED_FACE('',(#7090),#7098,.F.);
#7090 = FACE_BOUND('',#7091,.T.);
#7091 = EDGE_LOOP('',(#7092,#7093,#7094,#7095,#7096,#7097));
#7092 = ORIENTED_EDGE('',*,*,#7050,.F.);
#7093 = ORIENTED_EDGE('',*,*,#7077,.T.);
#7094 = ORIENTED_EDGE('',*,*,#6987,.T.);
#7095 = ORIENTED_EDGE('',*,*,#6996,.T.);
#7096 = ORIENTED_EDGE('',*,*,#6947,.F.);
#7097 = ORIENTED_EDGE('',*,*,#7059,.F.);
#7098 = CYLINDRICAL_SURFACE('',#7099,1.7);
#7099 = AXIS2_PLACEMENT_3D('',#7100,#7101,#7102);
#7100 = CARTESIAN_POINT('',(-52.,-61.,237.));
#7101 = DIRECTION('',(-0.,-0.,-1.));
#7102 = DIRECTION('',(1.,0.,0.));
#7103 = ( GEOMETRIC_REPRESENTATION_CONTEXT(3) 
GLOBAL_UNCERTAINTY_ASSIGNED_CONTEXT((#7107)) 
GLOBAL_UNIT_ASSIGNED_CONTEXT((#7104,#7105,#7106)) REPRESENTATION_CONTEXT
('Context #1','3D Context with UNIT and UNCERTAINTY') );
#7104 = ( LENGTH_UNIT() NAMED_UNIT(*) SI_UNIT(.MILLI.,.METRE.) );
#7105 = ( NAMED_UNIT(*) PLANE_ANGLE_UNIT() SI_UNIT($,.RADIAN.) );
#7106 = ( NAMED_UNIT(*) SI_UNIT($,.STERADIAN.) SOLID_ANGLE_UNIT() );
#7107 = UNCERTAINTY_MEASURE_WITH_UNIT(LENGTH_MEASURE(1.E-07),#7104,
  'distance_accuracy_value','confusion accuracy');
#7108 = CONTEXT_DEPENDENT_SHAPE_REPRESENTATION(#7109,#7111);
#7109 = ( REPRESENTATION_RELATIONSHIP('','',#6930,#10) 
REPRESENTATION_RELATIONSHIP_WITH_TRANSFORMATION(#7110) 
SHAPE_REPRESENTATION_RELATIONSHIP() );
#7110 = ITEM_DEFINED_TRANSFORMATION('','',#11,#79);
#7111 = PRODUCT_DEFINITION_SHAPE('Placement','Placement of an item',
  #7112);
#7112 = NEXT_ASSEMBLY_USAGE_OCCURRENCE('424','YAW_SERVO_6','',#5,#6925,$
  );
#7113 = PRODUCT_RELATED_PRODUCT_CATEGORY('part',$,(#6927));
#7114 = SHAPE_DEFINITION_REPRESENTATION(#7115,#7121);
#7115 = PRODUCT_DEFINITION_SHAPE('','',#7116);
#7116 = PRODUCT_DEFINITION('design','',#7117,#7120);
#7117 = PRODUCT_DEFINITION_FORMATION('','',#7118);
#7118 = PRODUCT('YAW_SHAFT','YAW_SHAFT','',(#7119));
#7119 = PRODUCT_CONTEXT('',#2,'mechanical');
#7120 = PRODUCT_DEFINITION_CONTEXT('part definition',#2,'design');
#7121 = ADVANCED_BREP_SHAPE_REPRESENTATION('',(#11,#7122),#7175);
#7122 = MANIFOLD_SOLID_BREP('',#7123);
#7123 = CLOSED_SHELL('',(#7124,#7157,#7166));
#7124 = ADVANCED_FACE('',(#7125),#7152,.T.);
#7125 = FACE_BOUND('',#7126,.F.);
#7126 = EDGE_LOOP('',(#7127,#7137,#7144,#7145));
#7127 = ORIENTED_EDGE('',*,*,#7128,.T.);
#7128 = EDGE_CURVE('',#7129,#7131,#7133,.T.);
#7129 = VERTEX_POINT('',#7130);
#7130 = CARTESIAN_POINT('',(-62.,-72.8,230.));
#7131 = VERTEX_POINT('',#7132);
#7132 = CARTESIAN_POINT('',(-62.,-72.8,262.5));
#7133 = LINE('',#7134,#7135);
#7134 = CARTESIAN_POINT('',(-62.,-72.8,230.));
#7135 = VECTOR('',#7136,1.);
#7136 = DIRECTION('',(0.,0.,1.));
#7137 = ORIENTED_EDGE('',*,*,#7138,.T.);
#7138 = EDGE_CURVE('',#7131,#7131,#7139,.T.);
#7139 = CIRCLE('',#7140,4.);
#7140 = AXIS2_PLACEMENT_3D('',#7141,#7142,#7143);
#7141 = CARTESIAN_POINT('',(-66.,-72.8,262.5));
#7142 = DIRECTION('',(0.,0.,1.));
#7143 = DIRECTION('',(1.,0.,0.));
#7144 = ORIENTED_EDGE('',*,*,#7128,.F.);
#7145 = ORIENTED_EDGE('',*,*,#7146,.F.);
#7146 = EDGE_CURVE('',#7129,#7129,#7147,.T.);
#7147 = CIRCLE('',#7148,4.);
#7148 = AXIS2_PLACEMENT_3D('',#7149,#7150,#7151);
#7149 = CARTESIAN_POINT('',(-66.,-72.8,230.));
#7150 = DIRECTION('',(0.,0.,1.));
#7151 = DIRECTION('',(1.,0.,0.));
#7152 = CYLINDRICAL_SURFACE('',#7153,4.);
#7153 = AXIS2_PLACEMENT_3D('',#7154,#7155,#7156);
#7154 = CARTESIAN_POINT('',(-66.,-72.8,230.));
#7155 = DIRECTION('',(-0.,-0.,-1.));
#7156 = DIRECTION('',(1.,0.,0.));
#7157 = ADVANCED_FACE('',(#7158),#7161,.F.);
#7158 = FACE_BOUND('',#7159,.T.);
#7159 = EDGE_LOOP('',(#7160));
#7160 = ORIENTED_EDGE('',*,*,#7146,.F.);
#7161 = PLANE('',#7162);
#7162 = AXIS2_PLACEMENT_3D('',#7163,#7164,#7165);
#7163 = CARTESIAN_POINT('',(-66.,-72.8,230.));
#7164 = DIRECTION('',(0.,0.,1.));
#7165 = DIRECTION('',(1.,0.,0.));
#7166 = ADVANCED_FACE('',(#7167),#7170,.T.);
#7167 = FACE_BOUND('',#7168,.F.);
#7168 = EDGE_LOOP('',(#7169));
#7169 = ORIENTED_EDGE('',*,*,#7138,.F.);
#7170 = PLANE('',#7171);
#7171 = AXIS2_PLACEMENT_3D('',#7172,#7173,#7174);
#7172 = CARTESIAN_POINT('',(-66.,-72.8,262.5));
#7173 = DIRECTION('',(0.,0.,1.));
#7174 = DIRECTION('',(1.,0.,0.));
#7175 = ( GEOMETRIC_REPRESENTATION_CONTEXT(3) 
GLOBAL_UNCERTAINTY_ASSIGNED_CONTEXT((#7179)) 
GLOBAL_UNIT_ASSIGNED_CONTEXT((#7176,#7177,#7178)) REPRESENTATION_CONTEXT
('Context #1','3D Context with UNIT and UNCERTAINTY') );
#7176 = ( LENGTH_UNIT() NAMED_UNIT(*) SI_UNIT(.MILLI.,.METRE.) );
#7177 = ( NAMED_UNIT(*) PLANE_ANGLE_UNIT() SI_UNIT($,.RADIAN.) );
#7178 = ( NAMED_UNIT(*) SI_UNIT($,.STERADIAN.) SOLID_ANGLE_UNIT() );
#7179 = UNCERTAINTY_MEASURE_WITH_UNIT(LENGTH_MEASURE(1.E-07),#7176,
  'distance_accuracy_value','confusion accuracy');
#7180 = CONTEXT_DEPENDENT_SHAPE_REPRESENTATION(#7181,#7183);
#7181 = ( REPRESENTATION_RELATIONSHIP('','',#7121,#10) 
REPRESENTATION_RELATIONSHIP_WITH_TRANSFORMATION(#7182) 
SHAPE_REPRESENTATION_RELATIONSHIP() );
#7182 = ITEM_DEFINED_TRANSFORMATION('','',#11,#83);
#7183 = PRODUCT_DEFINITION_SHAPE('Placement','Placement of an item',
  #7184);
#7184 = NEXT_ASSEMBLY_USAGE_OCCURRENCE('425','YAW_SHAFT','',#5,#7116,$);
#7185 = PRODUCT_RELATED_PRODUCT_CATEGORY('part',$,(#7118));
#7186 = SHAPE_DEFINITION_REPRESENTATION(#7187,#7193);
#7187 = PRODUCT_DEFINITION_SHAPE('','',#7188);
#7188 = PRODUCT_DEFINITION('design','',#7189,#7192);
#7189 = PRODUCT_DEFINITION_FORMATION('','',#7190);
#7190 = PRODUCT('YAW_PINION','YAW_PINION','',(#7191));
#7191 = PRODUCT_CONTEXT('',#2,'mechanical');
#7192 = PRODUCT_DEFINITION_CONTEXT('part definition',#2,'design');
#7193 = ADVANCED_BREP_SHAPE_REPRESENTATION('',(#11,#7194),#7286);
#7194 = MANIFOLD_SOLID_BREP('',#7195);
#7195 = CLOSED_SHELL('',(#7196,#7229,#7249,#7269));
#7196 = ADVANCED_FACE('',(#7197),#7224,.T.);
#7197 = FACE_BOUND('',#7198,.F.);
#7198 = EDGE_LOOP('',(#7199,#7209,#7216,#7217));
#7199 = ORIENTED_EDGE('',*,*,#7200,.T.);
#7200 = EDGE_CURVE('',#7201,#7203,#7205,.T.);
#7201 = VERTEX_POINT('',#7202);
#7202 = CARTESIAN_POINT('',(-52.1,-72.8,256.9));
#7203 = VERTEX_POINT('',#7204);
#7204 = CARTESIAN_POINT('',(-52.1,-72.8,262.9));
#7205 = LINE('',#7206,#7207);
#7206 = CARTESIAN_POINT('',(-52.1,-72.8,256.9));
#7207 = VECTOR('',#7208,1.);
#7208 = DIRECTION('',(0.,0.,1.));
#7209 = ORIENTED_EDGE('',*,*,#7210,.T.);
#7210 = EDGE_CURVE('',#7203,#7203,#7211,.T.);
#7211 = CIRCLE('',#7212,13.9);
#7212 = AXIS2_PLACEMENT_3D('',#7213,#7214,#7215);
#7213 = CARTESIAN_POINT('',(-66.,-72.8,262.9));
#7214 = DIRECTION('',(0.,0.,1.));
#7215 = DIRECTION('',(1.,0.,0.));
#7216 = ORIENTED_EDGE('',*,*,#7200,.F.);
#7217 = ORIENTED_EDGE('',*,*,#7218,.F.);
#7218 = EDGE_CURVE('',#7201,#7201,#7219,.T.);
#7219 = CIRCLE('',#7220,13.9);
#7220 = AXIS2_PLACEMENT_3D('',#7221,#7222,#7223);
#7221 = CARTESIAN_POINT('',(-66.,-72.8,256.9));
#7222 = DIRECTION('',(0.,0.,1.));
#7223 = DIRECTION('',(1.,0.,0.));
#7224 = CYLINDRICAL_SURFACE('',#7225,13.9);
#7225 = AXIS2_PLACEMENT_3D('',#7226,#7227,#7228);
#7226 = CARTESIAN_POINT('',(-66.,-72.8,256.9));
#7227 = DIRECTION('',(-0.,-0.,-1.));
#7228 = DIRECTION('',(1.,0.,0.));
#7229 = ADVANCED_FACE('',(#7230,#7233),#7244,.F.);
#7230 = FACE_BOUND('',#7231,.F.);
#7231 = EDGE_LOOP('',(#7232));
#7232 = ORIENTED_EDGE('',*,*,#7218,.T.);
#7233 = FACE_BOUND('',#7234,.F.);
#7234 = EDGE_LOOP('',(#7235));
#7235 = ORIENTED_EDGE('',*,*,#7236,.T.);
#7236 = EDGE_CURVE('',#7237,#7237,#7239,.T.);
#7237 = VERTEX_POINT('',#7238);
#7238 = CARTESIAN_POINT('',(-62.5,-72.8,256.9));
#7239 = CIRCLE('',#7240,3.5);
#7240 = AXIS2_PLACEMENT_3D('',#7241,#7242,#7243);
#7241 = CARTESIAN_POINT('',(-66.,-72.8,256.9));
#7242 = DIRECTION('',(0.,0.,-1.));
#7243 = DIRECTION('',(1.,0.,0.));
#7244 = PLANE('',#7245);
#7245 = AXIS2_PLACEMENT_3D('',#7246,#7247,#7248);
#7246 = CARTESIAN_POINT('',(-66.,-72.8,256.9));
#7247 = DIRECTION('',(0.,0.,1.));
#7248 = DIRECTION('',(1.,0.,0.));
#7249 = ADVANCED_FACE('',(#7250,#7253),#7264,.T.);
#7250 = FACE_BOUND('',#7251,.T.);
#7251 = EDGE_LOOP('',(#7252));
#7252 = ORIENTED_EDGE('',*,*,#7210,.T.);
#7253 = FACE_BOUND('',#7254,.T.);
#7254 = EDGE_LOOP('',(#7255));
#7255 = ORIENTED_EDGE('',*,*,#7256,.T.);
#7256 = EDGE_CURVE('',#7257,#7257,#7259,.T.);
#7257 = VERTEX_POINT('',#7258);
#7258 = CARTESIAN_POINT('',(-62.5,-72.8,262.9));
#7259 = CIRCLE('',#7260,3.5);
#7260 = AXIS2_PLACEMENT_3D('',#7261,#7262,#7263);
#7261 = CARTESIAN_POINT('',(-66.,-72.8,262.9));
#7262 = DIRECTION('',(0.,0.,-1.));
#7263 = DIRECTION('',(1.,0.,0.));
#7264 = PLANE('',#7265);
#7265 = AXIS2_PLACEMENT_3D('',#7266,#7267,#7268);
#7266 = CARTESIAN_POINT('',(-66.,-72.8,262.9));
#7267 = DIRECTION('',(0.,0.,1.));
#7268 = DIRECTION('',(1.,0.,0.));
#7269 = ADVANCED_FACE('',(#7270),#7281,.F.);
#7270 = FACE_BOUND('',#7271,.T.);
#7271 = EDGE_LOOP('',(#7272,#7273,#7279,#7280));
#7272 = ORIENTED_EDGE('',*,*,#7236,.T.);
#7273 = ORIENTED_EDGE('',*,*,#7274,.T.);
#7274 = EDGE_CURVE('',#7237,#7257,#7275,.T.);
#7275 = LINE('',#7276,#7277);
#7276 = CARTESIAN_POINT('',(-62.5,-72.8,255.9));
#7277 = VECTOR('',#7278,1.);
#7278 = DIRECTION('',(0.,0.,1.));
#7279 = ORIENTED_EDGE('',*,*,#7256,.F.);
#7280 = ORIENTED_EDGE('',*,*,#7274,.F.);
#7281 = CYLINDRICAL_SURFACE('',#7282,3.5);
#7282 = AXIS2_PLACEMENT_3D('',#7283,#7284,#7285);
#7283 = CARTESIAN_POINT('',(-66.,-72.8,255.9));
#7284 = DIRECTION('',(-0.,-0.,-1.));
#7285 = DIRECTION('',(1.,0.,0.));
#7286 = ( GEOMETRIC_REPRESENTATION_CONTEXT(3) 
GLOBAL_UNCERTAINTY_ASSIGNED_CONTEXT((#7290)) 
GLOBAL_UNIT_ASSIGNED_CONTEXT((#7287,#7288,#7289)) REPRESENTATION_CONTEXT
('Context #1','3D Context with UNIT and UNCERTAINTY') );
#7287 = ( LENGTH_UNIT() NAMED_UNIT(*) SI_UNIT(.MILLI.,.METRE.) );
#7288 = ( NAMED_UNIT(*) PLANE_ANGLE_UNIT() SI_UNIT($,.RADIAN.) );
#7289 = ( NAMED_UNIT(*) SI_UNIT($,.STERADIAN.) SOLID_ANGLE_UNIT() );
#7290 = UNCERTAINTY_MEASURE_WITH_UNIT(LENGTH_MEASURE(1.E-07),#7287,
  'distance_accuracy_value','confusion accuracy');
#7291 = CONTEXT_DEPENDENT_SHAPE_REPRESENTATION(#7292,#7294);
#7292 = ( REPRESENTATION_RELATIONSHIP('','',#7193,#10) 
REPRESENTATION_RELATIONSHIP_WITH_TRANSFORMATION(#7293) 
SHAPE_REPRESENTATION_RELATIONSHIP() );
#7293 = ITEM_DEFINED_TRANSFORMATION('','',#11,#87);
#7294 = PRODUCT_DEFINITION_SHAPE('Placement','Placement of an item',
  #7295);
#7295 = NEXT_ASSEMBLY_USAGE_OCCURRENCE('426','YAW_PINION','',#5,#7188,$
  );
#7296 = PRODUCT_RELATED_PRODUCT_CATEGORY('part',$,(#7190));
#7297 = SHAPE_DEFINITION_REPRESENTATION(#7298,#7304);
#7298 = PRODUCT_DEFINITION_SHAPE('','',#7299);
#7299 = PRODUCT_DEFINITION('design','',#7300,#7303);
#7300 = PRODUCT_DEFINITION_FORMATION('','',#7301);
#7301 = PRODUCT('HALL_SNSR','HALL_SNSR','',(#7302));
#7302 = PRODUCT_CONTEXT('',#2,'mechanical');
#7303 = PRODUCT_DEFINITION_CONTEXT('part definition',#2,'design');
#7304 = ADVANCED_BREP_SHAPE_REPRESENTATION('',(#11,#7305),#7455);
#7305 = MANIFOLD_SOLID_BREP('',#7306);
#7306 = CLOSED_SHELL('',(#7307,#7347,#7387,#7409,#7431,#7443));
#7307 = ADVANCED_FACE('',(#7308),#7342,.F.);
#7308 = FACE_BOUND('',#7309,.F.);
#7309 = EDGE_LOOP('',(#7310,#7320,#7328,#7336));
#7310 = ORIENTED_EDGE('',*,*,#7311,.F.);
#7311 = EDGE_CURVE('',#7312,#7314,#7316,.T.);
#7312 = VERTEX_POINT('',#7313);
#7313 = CARTESIAN_POINT('',(-44.5,-77.,248.));
#7314 = VERTEX_POINT('',#7315);
#7315 = CARTESIAN_POINT('',(-44.5,-77.,253.));
#7316 = LINE('',#7317,#7318);
#7317 = CARTESIAN_POINT('',(-44.5,-77.,248.));
#7318 = VECTOR('',#7319,1.);
#7319 = DIRECTION('',(0.,0.,1.));
#7320 = ORIENTED_EDGE('',*,*,#7321,.T.);
#7321 = EDGE_CURVE('',#7312,#7322,#7324,.T.);
#7322 = VERTEX_POINT('',#7323);
#7323 = CARTESIAN_POINT('',(-44.5,-69.,248.));
#7324 = LINE('',#7325,#7326);
#7325 = CARTESIAN_POINT('',(-44.5,-77.,248.));
#7326 = VECTOR('',#7327,1.);
#7327 = DIRECTION('',(0.,1.,0.));
#7328 = ORIENTED_EDGE('',*,*,#7329,.T.);
#7329 = EDGE_CURVE('',#7322,#7330,#7332,.T.);
#7330 = VERTEX_POINT('',#7331);
#7331 = CARTESIAN_POINT('',(-44.5,-69.,253.));
#7332 = LINE('',#7333,#7334);
#7333 = CARTESIAN_POINT('',(-44.5,-69.,248.));
#7334 = VECTOR('',#7335,1.);
#7335 = DIRECTION('',(0.,0.,1.));
#7336 = ORIENTED_EDGE('',*,*,#7337,.F.);
#7337 = EDGE_CURVE('',#7314,#7330,#7338,.T.);
#7338 = LINE('',#7339,#7340);
#7339 = CARTESIAN_POINT('',(-44.5,-77.,253.));
#7340 = VECTOR('',#7341,1.);
#7341 = DIRECTION('',(0.,1.,0.));
#7342 = PLANE('',#7343);
#7343 = AXIS2_PLACEMENT_3D('',#7344,#7345,#7346);
#7344 = CARTESIAN_POINT('',(-44.5,-77.,248.));
#7345 = DIRECTION('',(1.,0.,0.));
#7346 = DIRECTION('',(0.,0.,1.));
#7347 = ADVANCED_FACE('',(#7348),#7382,.T.);
#7348 = FACE_BOUND('',#7349,.T.);
#7349 = EDGE_LOOP('',(#7350,#7360,#7368,#7376));
#7350 = ORIENTED_EDGE('',*,*,#7351,.F.);
#7351 = EDGE_CURVE('',#7352,#7354,#7356,.T.);
#7352 = VERTEX_POINT('',#7353);
#7353 = CARTESIAN_POINT('',(-28.5,-77.,248.));
#7354 = VERTEX_POINT('',#7355);
#7355 = CARTESIAN_POINT('',(-28.5,-77.,253.));
#7356 = LINE('',#7357,#7358);
#7357 = CARTESIAN_POINT('',(-28.5,-77.,248.));
#7358 = VECTOR('',#7359,1.);
#7359 = DIRECTION('',(0.,0.,1.));
#7360 = ORIENTED_EDGE('',*,*,#7361,.T.);
#7361 = EDGE_CURVE('',#7352,#7362,#7364,.T.);
#7362 = VERTEX_POINT('',#7363);
#7363 = CARTESIAN_POINT('',(-28.5,-69.,248.));
#7364 = LINE('',#7365,#7366);
#7365 = CARTESIAN_POINT('',(-28.5,-77.,248.));
#7366 = VECTOR('',#7367,1.);
#7367 = DIRECTION('',(0.,1.,0.));
#7368 = ORIENTED_EDGE('',*,*,#7369,.T.);
#7369 = EDGE_CURVE('',#7362,#7370,#7372,.T.);
#7370 = VERTEX_POINT('',#7371);
#7371 = CARTESIAN_POINT('',(-28.5,-69.,253.));
#7372 = LINE('',#7373,#7374);
#7373 = CARTESIAN_POINT('',(-28.5,-69.,248.));
#7374 = VECTOR('',#7375,1.);
#7375 = DIRECTION('',(0.,0.,1.));
#7376 = ORIENTED_EDGE('',*,*,#7377,.F.);
#7377 = EDGE_CURVE('',#7354,#7370,#7378,.T.);
#7378 = LINE('',#7379,#7380);
#7379 = CARTESIAN_POINT('',(-28.5,-77.,253.));
#7380 = VECTOR('',#7381,1.);
#7381 = DIRECTION('',(0.,1.,0.));
#7382 = PLANE('',#7383);
#7383 = AXIS2_PLACEMENT_3D('',#7384,#7385,#7386);
#7384 = CARTESIAN_POINT('',(-28.5,-77.,248.));
#7385 = DIRECTION('',(1.,0.,0.));
#7386 = DIRECTION('',(0.,0.,1.));
#7387 = ADVANCED_FACE('',(#7388),#7404,.F.);
#7388 = FACE_BOUND('',#7389,.F.);
#7389 = EDGE_LOOP('',(#7390,#7396,#7397,#7403));
#7390 = ORIENTED_EDGE('',*,*,#7391,.F.);
#7391 = EDGE_CURVE('',#7312,#7352,#7392,.T.);
#7392 = LINE('',#7393,#7394);
#7393 = CARTESIAN_POINT('',(-44.5,-77.,248.));
#7394 = VECTOR('',#7395,1.);
#7395 = DIRECTION('',(1.,0.,0.));
#7396 = ORIENTED_EDGE('',*,*,#7311,.T.);
#7397 = ORIENTED_EDGE('',*,*,#7398,.T.);
#7398 = EDGE_CURVE('',#7314,#7354,#7399,.T.);
#7399 = LINE('',#7400,#7401);
#7400 = CARTESIAN_POINT('',(-44.5,-77.,253.));
#7401 = VECTOR('',#7402,1.);
#7402 = DIRECTION('',(1.,0.,0.));
#7403 = ORIENTED_EDGE('',*,*,#7351,.F.);
#7404 = PLANE('',#7405);
#7405 = AXIS2_PLACEMENT_3D('',#7406,#7407,#7408);
#7406 = CARTESIAN_POINT('',(-44.5,-77.,248.));
#7407 = DIRECTION('',(0.,1.,0.));
#7408 = DIRECTION('',(0.,0.,1.));
#7409 = ADVANCED_FACE('',(#7410),#7426,.T.);
#7410 = FACE_BOUND('',#7411,.T.);
#7411 = EDGE_LOOP('',(#7412,#7418,#7419,#7425));
#7412 = ORIENTED_EDGE('',*,*,#7413,.F.);
#7413 = EDGE_CURVE('',#7322,#7362,#7414,.T.);
#7414 = LINE('',#7415,#7416);
#7415 = CARTESIAN_POINT('',(-44.5,-69.,248.));
#7416 = VECTOR('',#7417,1.);
#7417 = DIRECTION('',(1.,0.,0.));
#7418 = ORIENTED_EDGE('',*,*,#7329,.T.);
#7419 = ORIENTED_EDGE('',*,*,#7420,.T.);
#7420 = EDGE_CURVE('',#7330,#7370,#7421,.T.);
#7421 = LINE('',#7422,#7423);
#7422 = CARTESIAN_POINT('',(-44.5,-69.,253.));
#7423 = VECTOR('',#7424,1.);
#7424 = DIRECTION('',(1.,0.,0.));
#7425 = ORIENTED_EDGE('',*,*,#7369,.F.);
#7426 = PLANE('',#7427);
#7427 = AXIS2_PLACEMENT_3D('',#7428,#7429,#7430);
#7428 = CARTESIAN_POINT('',(-44.5,-69.,248.));
#7429 = DIRECTION('',(0.,1.,0.));
#7430 = DIRECTION('',(0.,0.,1.));
#7431 = ADVANCED_FACE('',(#7432),#7438,.F.);
#7432 = FACE_BOUND('',#7433,.F.);
#7433 = EDGE_LOOP('',(#7434,#7435,#7436,#7437));
#7434 = ORIENTED_EDGE('',*,*,#7321,.F.);
#7435 = ORIENTED_EDGE('',*,*,#7391,.T.);
#7436 = ORIENTED_EDGE('',*,*,#7361,.T.);
#7437 = ORIENTED_EDGE('',*,*,#7413,.F.);
#7438 = PLANE('',#7439);
#7439 = AXIS2_PLACEMENT_3D('',#7440,#7441,#7442);
#7440 = CARTESIAN_POINT('',(-44.5,-77.,248.));
#7441 = DIRECTION('',(0.,0.,1.));
#7442 = DIRECTION('',(1.,0.,0.));
#7443 = ADVANCED_FACE('',(#7444),#7450,.T.);
#7444 = FACE_BOUND('',#7445,.T.);
#7445 = EDGE_LOOP('',(#7446,#7447,#7448,#7449));
#7446 = ORIENTED_EDGE('',*,*,#7337,.F.);
#7447 = ORIENTED_EDGE('',*,*,#7398,.T.);
#7448 = ORIENTED_EDGE('',*,*,#7377,.T.);
#7449 = ORIENTED_EDGE('',*,*,#7420,.F.);
#7450 = PLANE('',#7451);
#7451 = AXIS2_PLACEMENT_3D('',#7452,#7453,#7454);
#7452 = CARTESIAN_POINT('',(-44.5,-77.,253.));
#7453 = DIRECTION('',(0.,0.,1.));
#7454 = DIRECTION('',(1.,0.,0.));
#7455 = ( GEOMETRIC_REPRESENTATION_CONTEXT(3) 
GLOBAL_UNCERTAINTY_ASSIGNED_CONTEXT((#7459)) 
GLOBAL_UNIT_ASSIGNED_CONTEXT((#7456,#7457,#7458)) REPRESENTATION_CONTEXT
('Context #1','3D Context with UNIT and UNCERTAINTY') );
#7456 = ( LENGTH_UNIT() NAMED_UNIT(*) SI_UNIT(.MILLI.,.METRE.) );
#7457 = ( NAMED_UNIT(*) PLANE_ANGLE_UNIT() SI_UNIT($,.RADIAN.) );
#7458 = ( NAMED_UNIT(*) SI_UNIT($,.STERADIAN.) SOLID_ANGLE_UNIT() );
#7459 = UNCERTAINTY_MEASURE_WITH_UNIT(LENGTH_MEASURE(1.E-07),#7456,
  'distance_accuracy_value','confusion accuracy');
#7460 = CONTEXT_DEPENDENT_SHAPE_REPRESENTATION(#7461,#7463);
#7461 = ( REPRESENTATION_RELATIONSHIP('','',#7304,#10) 
REPRESENTATION_RELATIONSHIP_WITH_TRANSFORMATION(#7462) 
SHAPE_REPRESENTATION_RELATIONSHIP() );
#7462 = ITEM_DEFINED_TRANSFORMATION('','',#11,#91);
#7463 = PRODUCT_DEFINITION_SHAPE('Placement','Placement of an item',
  #7464);
#7464 = NEXT_ASSEMBLY_USAGE_OCCURRENCE('427','HALL_SNSR','',#5,#7299,$);
#7465 = PRODUCT_RELATED_PRODUCT_CATEGORY('part',$,(#7301));
ENDSEC;
END-ISO-10303-21;
