ISO-10303-21;
HEADER;
FILE_DESCRIPTION(('FreeCAD Model'),'2;1');
FILE_NAME('Open CASCADE Shape Model','2026-10-02T02:50:37',('Author'),(
    ''),'Open CASCADE STEP processor 7.8','FreeCAD','Unknown');
FILE_SCHEMA(('AUTOMOTIVE_DESIGN { 1 0 10303 214 1 1 1 1 }'));
ENDSEC;
DATA;
#1 = APPLICATION_PROTOCOL_DEFINITION('international standard',
  'automotive_design',2000,#2);
#2 = APPLICATION_CONTEXT(
  'core data for automotive mechanical design processes');
#3 = SHAPE_DEFINITION_REPRESENTATION(#4,#10);
#4 = PRODUCT_DEFINITION_SHAPE('','',#5);
#5 = PRODUCT_DEFINITION('design','',#6,#9);
#6 = PRODUCT_DEFINITION_FORMATION('','',#7);
#7 = PRODUCT('master_robot','master_robot','',(#8));
#8 = PRODUCT_CONTEXT('',#2,'mechanical');
#9 = PRODUCT_DEFINITION_CONTEXT('part definition',#2,'design');
#10 = SHAPE_REPRESENTATION('',(#11,#15,#19,#23,#27,#31,#35,#39,#43,#47,
    #51,#55,#59,#63,#67,#71,#75,#79,#83,#87,#91,#95,#99,#103,#107,#111,
    #115,#119,#123,#127,#131,#135,#139,#143,#147,#151,#155,#159,#163,
    #167,#171,#175,#179,#183,#187,#191,#195,#199,#203,#207,#211,#215,
    #219,#223,#227,#231,#235,#239,#243,#247,#251,#255,#259,#263,#267,
    #271),#275);
#11 = AXIS2_PLACEMENT_3D('',#12,#13,#14);
#12 = CARTESIAN_POINT('',(0.,0.,0.));
#13 = DIRECTION('',(0.,0.,1.));
#14 = DIRECTION('',(1.,0.,-0.));
#15 = AXIS2_PLACEMENT_3D('',#16,#17,#18);
#16 = CARTESIAN_POINT('',(0.,0.,0.));
#17 = DIRECTION('',(0.,0.,1.));
#18 = DIRECTION('',(1.,0.,0.));
#19 = AXIS2_PLACEMENT_3D('',#20,#21,#22);
#20 = CARTESIAN_POINT('',(0.,0.,0.));
#21 = DIRECTION('',(0.,0.,1.));
#22 = DIRECTION('',(1.,0.,0.));
#23 = AXIS2_PLACEMENT_3D('',#24,#25,#26);
#24 = CARTESIAN_POINT('',(0.,0.,0.));
#25 = DIRECTION('',(0.,0.,1.));
#26 = DIRECTION('',(1.,0.,0.));
#27 = AXIS2_PLACEMENT_3D('',#28,#29,#30);
#28 = CARTESIAN_POINT('',(0.,0.,0.));
#29 = DIRECTION('',(0.,0.,1.));
#30 = DIRECTION('',(1.,0.,0.));
#31 = AXIS2_PLACEMENT_3D('',#32,#33,#34);
#32 = CARTESIAN_POINT('',(0.,0.,0.));
#33 = DIRECTION('',(0.,0.,1.));
#34 = DIRECTION('',(1.,0.,0.));
#35 = AXIS2_PLACEMENT_3D('',#36,#37,#38);
#36 = CARTESIAN_POINT('',(0.,0.,0.));
#37 = DIRECTION('',(0.,0.,1.));
#38 = DIRECTION('',(1.,0.,0.));
#39 = AXIS2_PLACEMENT_3D('',#40,#41,#42);
#40 = CARTESIAN_POINT('',(0.,0.,0.));
#41 = DIRECTION('',(0.,0.,1.));
#42 = DIRECTION('',(1.,0.,0.));
#43 = AXIS2_PLACEMENT_3D('',#44,#45,#46);
#44 = CARTESIAN_POINT('',(0.,0.,0.));
#45 = DIRECTION('',(0.,0.,1.));
#46 = DIRECTION('',(1.,0.,0.));
#47 = AXIS2_PLACEMENT_3D('',#48,#49,#50);
#48 = CARTESIAN_POINT('',(0.,0.,0.));
#49 = DIRECTION('',(0.,0.,1.));
#50 = DIRECTION('',(1.,0.,0.));
#51 = AXIS2_PLACEMENT_3D('',#52,#53,#54);
#52 = CARTESIAN_POINT('',(0.,0.,0.));
#53 = DIRECTION('',(0.,0.,1.));
#54 = DIRECTION('',(1.,0.,0.));
#55 = AXIS2_PLACEMENT_3D('',#56,#57,#58);
#56 = CARTESIAN_POINT('',(0.,0.,0.));
#57 = DIRECTION('',(0.,0.,1.));
#58 = DIRECTION('',(1.,0.,0.));
#59 = AXIS2_PLACEMENT_3D('',#60,#61,#62);
#60 = CARTESIAN_POINT('',(0.,0.,0.));
#61 = DIRECTION('',(0.,0.,1.));
#62 = DIRECTION('',(1.,0.,0.));
#63 = AXIS2_PLACEMENT_3D('',#64,#65,#66);
#64 = CARTESIAN_POINT('',(0.,0.,0.));
#65 = DIRECTION('',(0.,0.,1.));
#66 = DIRECTION('',(1.,0.,0.));
#67 = AXIS2_PLACEMENT_3D('',#68,#69,#70);
#68 = CARTESIAN_POINT('',(0.,0.,0.));
#69 = DIRECTION('',(0.,0.,1.));
#70 = DIRECTION('',(1.,0.,0.));
#71 = AXIS2_PLACEMENT_3D('',#72,#73,#74);
#72 = CARTESIAN_POINT('',(0.,0.,0.));
#73 = DIRECTION('',(0.,0.,1.));
#74 = DIRECTION('',(1.,0.,0.));
#75 = AXIS2_PLACEMENT_3D('',#76,#77,#78);
#76 = CARTESIAN_POINT('',(0.,0.,0.));
#77 = DIRECTION('',(0.,0.,1.));
#78 = DIRECTION('',(1.,0.,0.));
#79 = AXIS2_PLACEMENT_3D('',#80,#81,#82);
#80 = CARTESIAN_POINT('',(0.,0.,0.));
#81 = DIRECTION('',(0.,0.,1.));
#82 = DIRECTION('',(1.,0.,0.));
#83 = AXIS2_PLACEMENT_3D('',#84,#85,#86);
#84 = CARTESIAN_POINT('',(0.,0.,0.));
#85 = DIRECTION('',(0.,0.,1.));
#86 = DIRECTION('',(1.,0.,0.));
#87 = AXIS2_PLACEMENT_3D('',#88,#89,#90);
#88 = CARTESIAN_POINT('',(0.,0.,0.));
#89 = DIRECTION('',(0.,0.,1.));
#90 = DIRECTION('',(1.,0.,0.));
#91 = AXIS2_PLACEMENT_3D('',#92,#93,#94);
#92 = CARTESIAN_POINT('',(0.,0.,0.));
#93 = DIRECTION('',(0.,0.,1.));
#94 = DIRECTION('',(1.,0.,0.));
#95 = AXIS2_PLACEMENT_3D('',#96,#97,#98);
#96 = CARTESIAN_POINT('',(0.,0.,0.));
#97 = DIRECTION('',(0.,0.,1.));
#98 = DIRECTION('',(1.,0.,0.));
#99 = AXIS2_PLACEMENT_3D('',#100,#101,#102);
#100 = CARTESIAN_POINT('',(-157.6764346119,0.,20.767565568884));
#101 = DIRECTION('',(0.422618261741,-0.,0.906307787037));
#102 = DIRECTION('',(0.906307787037,0.,-0.422618261741));
#103 = AXIS2_PLACEMENT_3D('',#104,#105,#106);
#104 = CARTESIAN_POINT('',(0.,0.,0.));
#105 = DIRECTION('',(0.,0.,1.));
#106 = DIRECTION('',(1.,0.,0.));
#107 = AXIS2_PLACEMENT_3D('',#108,#109,#110);
#108 = CARTESIAN_POINT('',(0.,0.,0.));
#109 = DIRECTION('',(0.,0.,1.));
#110 = DIRECTION('',(1.,0.,0.));
#111 = AXIS2_PLACEMENT_3D('',#112,#113,#114);
#112 = CARTESIAN_POINT('',(0.,0.,0.));
#113 = DIRECTION('',(0.,0.,1.));
#114 = DIRECTION('',(1.,0.,0.));
#115 = AXIS2_PLACEMENT_3D('',#116,#117,#118);
#116 = CARTESIAN_POINT('',(0.,0.,0.));
#117 = DIRECTION('',(0.,0.,1.));
#118 = DIRECTION('',(1.,0.,0.));
#119 = AXIS2_PLACEMENT_3D('',#120,#121,#122);
#120 = CARTESIAN_POINT('',(0.,0.,0.));
#121 = DIRECTION('',(0.,0.,1.));
#122 = DIRECTION('',(1.,0.,0.));
#123 = AXIS2_PLACEMENT_3D('',#124,#125,#126);
#124 = CARTESIAN_POINT('',(0.,0.,0.));
#125 = DIRECTION('',(0.,0.,1.));
#126 = DIRECTION('',(1.,0.,0.));
#127 = AXIS2_PLACEMENT_3D('',#128,#129,#130);
#128 = CARTESIAN_POINT('',(0.,0.,0.));
#129 = DIRECTION('',(0.,0.,1.));
#130 = DIRECTION('',(1.,0.,0.));
#131 = AXIS2_PLACEMENT_3D('',#132,#133,#134);
#132 = CARTESIAN_POINT('',(0.,0.,0.));
#133 = DIRECTION('',(0.,0.,1.));
#134 = DIRECTION('',(1.,0.,0.));
#135 = AXIS2_PLACEMENT_3D('',#136,#137,#138);
#136 = CARTESIAN_POINT('',(0.,0.,0.));
#137 = DIRECTION('',(0.,0.,1.));
#138 = DIRECTION('',(1.,0.,0.));
#139 = AXIS2_PLACEMENT_3D('',#140,#141,#142);
#140 = CARTESIAN_POINT('',(0.,0.,0.));
#141 = DIRECTION('',(0.,0.,1.));
#142 = DIRECTION('',(1.,0.,0.));
#143 = AXIS2_PLACEMENT_3D('',#144,#145,#146);
#144 = CARTESIAN_POINT('',(0.,0.,0.));
#145 = DIRECTION('',(0.,0.,1.));
#146 = DIRECTION('',(1.,0.,0.));
#147 = AXIS2_PLACEMENT_3D('',#148,#149,#150);
#148 = CARTESIAN_POINT('',(0.,0.,0.));
#149 = DIRECTION('',(0.,0.,1.));
#150 = DIRECTION('',(1.,0.,0.));
#151 = AXIS2_PLACEMENT_3D('',#152,#153,#154);
#152 = CARTESIAN_POINT('',(0.,0.,0.));
#153 = DIRECTION('',(0.,0.,1.));
#154 = DIRECTION('',(1.,0.,0.));
#155 = AXIS2_PLACEMENT_3D('',#156,#157,#158);
#156 = CARTESIAN_POINT('',(0.,0.,0.));
#157 = DIRECTION('',(0.,0.,1.));
#158 = DIRECTION('',(1.,0.,0.));
#159 = AXIS2_PLACEMENT_3D('',#160,#161,#162);
#160 = CARTESIAN_POINT('',(0.,0.,0.));
#161 = DIRECTION('',(0.,0.,1.));
#162 = DIRECTION('',(1.,0.,0.));
#163 = AXIS2_PLACEMENT_3D('',#164,#165,#166);
#164 = CARTESIAN_POINT('',(-88.,62.,276.));
#165 = DIRECTION('',(-0.976344113459,-0.142383516546,-0.16272401891));
#166 = DIRECTION('',(-0.138510896544,-0.166032839079,0.976344113459));
#167 = AXIS2_PLACEMENT_3D('',#168,#169,#170);
#168 = CARTESIAN_POINT('',(-112.,58.5,272.));
#169 = DIRECTION('',(-0.99360525479,-0.112909688044,1.838806884535E-16)
  );
#170 = DIRECTION('',(1.274859765426E-02,-0.112187659357,0.99360525479));
#171 = AXIS2_PLACEMENT_3D('',#172,#173,#174);
#172 = CARTESIAN_POINT('',(-134.,56.,272.));
#173 = DIRECTION('',(0.,-1.,2.22044604925E-16));
#174 = DIRECTION('',(1.,0.,0.));
#175 = AXIS2_PLACEMENT_3D('',#176,#177,#178);
#176 = CARTESIAN_POINT('',(-134.,-48.,272.));
#177 = DIRECTION('',(-0.485642931179,0.,-0.874157276122));
#178 = DIRECTION('',(-0.874157276122,0.,0.485642931179));
#179 = AXIS2_PLACEMENT_3D('',#180,#181,#182);
#180 = CARTESIAN_POINT('',(-136.,-48.,268.4));
#181 = DIRECTION('',(-1.,0.,2.22044604925E-16));
#182 = DIRECTION('',(2.22044604925E-16,0.,1.));
#183 = AXIS2_PLACEMENT_3D('',#184,#185,#186);
#184 = CARTESIAN_POINT('',(-154.,-48.,268.4));
#185 = DIRECTION('',(0.,0.,-1.));
#186 = DIRECTION('',(-1.,0.,0.));
#187 = AXIS2_PLACEMENT_3D('',#188,#189,#190);
#188 = CARTESIAN_POINT('',(-154.,-48.,254.));
#189 = DIRECTION('',(0.971297311632,-0.237868729379,-4.857225732735E-17)
  );
#190 = DIRECTION('',(5.65815324165E-02,0.231041257367,-0.971297311632));
#191 = AXIS2_PLACEMENT_3D('',#192,#193,#194);
#192 = CARTESIAN_POINT('',(-105.,-60.,254.));
#193 = DIRECTION('',(0.828517156108,-0.552344770739,-9.205746178983E-02)
  );
#194 = DIRECTION('',(0.243960218761,0.504026520826,-0.828517156108));
#195 = AXIS2_PLACEMENT_3D('',#196,#197,#198);
#196 = CARTESIAN_POINT('',(0.,0.,0.));
#197 = DIRECTION('',(0.,0.,1.));
#198 = DIRECTION('',(1.,0.,0.));
#199 = AXIS2_PLACEMENT_3D('',#200,#201,#202);
#200 = CARTESIAN_POINT('',(0.,0.,0.));
#201 = DIRECTION('',(0.,0.,1.));
#202 = DIRECTION('',(1.,0.,0.));
#203 = AXIS2_PLACEMENT_3D('',#204,#205,#206);
#204 = CARTESIAN_POINT('',(-90.,-58.,276.));
#205 = DIRECTION('',(-0.986185714031,-2.054553570897E-02,-0.164364285672
    ));
#206 = DIRECTION('',(-0.163859138476,-2.424706538492E-02,0.986185714031)
  );
#207 = AXIS2_PLACEMENT_3D('',#208,#209,#210);
#208 = CARTESIAN_POINT('',(-115.,-51.,272.));
#209 = DIRECTION('',(0.,0.,-1.));
#210 = DIRECTION('',(-1.,0.,0.));
#211 = AXIS2_PLACEMENT_3D('',#212,#213,#214);
#212 = CARTESIAN_POINT('',(-115.,-51.,255.));
#213 = DIRECTION('',(0.75473190814,-0.654100987055,-5.031546054266E-02)
  );
#214 = DIRECTION('',(0.400200561873,0.51982617971,-0.75473190814));
#215 = AXIS2_PLACEMENT_3D('',#216,#217,#218);
#216 = CARTESIAN_POINT('',(-100.,-64.,254.));
#217 = DIRECTION('',(0.635000635001,-0.762000762001,-0.127000127));
#218 = DIRECTION('',(0.538114702049,0.554262357541,-0.635000635001));
#219 = AXIS2_PLACEMENT_3D('',#220,#221,#222);
#220 = CARTESIAN_POINT('',(0.,0.,0.));
#221 = DIRECTION('',(0.,0.,1.));
#222 = DIRECTION('',(1.,0.,0.));
#223 = AXIS2_PLACEMENT_3D('',#224,#225,#226);
#224 = CARTESIAN_POINT('',(-98.,-59.,274.));
#225 = DIRECTION('',(-0.991227900683,0.,-0.132163720091));
#226 = DIRECTION('',(-0.132163720091,0.,0.991227900683));
#227 = AXIS2_PLACEMENT_3D('',#228,#229,#230);
#228 = CARTESIAN_POINT('',(-113.,-59.,272.));
#229 = DIRECTION('',(-7.387168551531E-02,0.997267754457,
    3.556183125752E-17));
#230 = DIRECTION('',(0.994542974079,7.366984993179E-02,
    7.387168551531E-02));
#231 = AXIS2_PLACEMENT_3D('',#232,#233,#234);
#232 = CARTESIAN_POINT('',(-115.,-32.,272.));
#233 = DIRECTION('',(9.9503719021E-02,-0.99503719021,2.116362640692E-16)
  );
#234 = DIRECTION('',(0.990099009901,9.90099009901E-02,-9.9503719021E-02)
  );
#235 = AXIS2_PLACEMENT_3D('',#236,#237,#238);
#236 = CARTESIAN_POINT('',(-113.,-52.,272.));
#237 = DIRECTION('',(0.,0.,-1.));
#238 = DIRECTION('',(-1.,0.,0.));
#239 = AXIS2_PLACEMENT_3D('',#240,#241,#242);
#240 = CARTESIAN_POINT('',(-113.,-52.,255.));
#241 = DIRECTION('',(0.738271660735,-0.671156055214,-6.71156055214E-02)
  );
#242 = DIRECTION('',(0.415742134534,0.53114351406,-0.738271660735));
#243 = AXIS2_PLACEMENT_3D('',#244,#245,#246);
#244 = CARTESIAN_POINT('',(-102.,-62.,254.));
#245 = DIRECTION('',(0.549442255795,-0.824163383692,-0.137360563949));
#246 = DIRECTION('',(0.6500429034,0.524935644899,-0.549442255795));
#247 = AXIS2_PLACEMENT_3D('',#248,#249,#250);
#248 = CARTESIAN_POINT('',(0.,0.,0.));
#249 = DIRECTION('',(0.,0.,1.));
#250 = DIRECTION('',(1.,0.,0.));
#251 = AXIS2_PLACEMENT_3D('',#252,#253,#254);
#252 = CARTESIAN_POINT('',(-52.,-48.,272.));
#253 = DIRECTION('',(0.,-1.,2.22044604925E-16));
#254 = DIRECTION('',(1.,0.,0.));
#255 = AXIS2_PLACEMENT_3D('',#256,#257,#258);
#256 = CARTESIAN_POINT('',(-52.,-58.,272.));
#257 = DIRECTION('',(-0.999161228485,-4.09492306756E-02,
    1.316221437397E-16));
#258 = DIRECTION('',(1.676839492924E-03,-4.091488362734E-02,
    0.999161228485));
#259 = AXIS2_PLACEMENT_3D('',#260,#261,#262);
#260 = CARTESIAN_POINT('',(-113.,-60.5,272.));
#261 = DIRECTION('',(-8.662961636484E-02,0.996240588196,
    -6.071532165919E-17));
#262 = DIRECTION('',(0.992495309568,8.630393996248E-02,
    8.662961636484E-02));
#263 = AXIS2_PLACEMENT_3D('',#264,#265,#266);
#264 = CARTESIAN_POINT('',(-114.,-49.,272.));
#265 = DIRECTION('',(0.,0.,-1.));
#266 = DIRECTION('',(-1.,0.,0.));
#267 = AXIS2_PLACEMENT_3D('',#268,#269,#270);
#268 = CARTESIAN_POINT('',(-114.,-49.,255.));
#269 = DIRECTION('',(0.671156055214,-0.738271660735,-6.71156055214E-02)
  );
#270 = DIRECTION('',(0.517142259945,0.53114351406,-0.671156055214));
#271 = AXIS2_PLACEMENT_3D('',#272,#273,#274);
#272 = CARTESIAN_POINT('',(-104.,-60.,254.));
#273 = DIRECTION('',(0.702246883177,-0.702246883177,-0.117041147196));
#274 = DIRECTION('',(0.441479426402,0.558520573598,-0.702246883177));
#275 = ( GEOMETRIC_REPRESENTATION_CONTEXT(3) 
GLOBAL_UNCERTAINTY_ASSIGNED_CONTEXT((#279)) GLOBAL_UNIT_ASSIGNED_CONTEXT
((#276,#277,#278)) REPRESENTATION_CONTEXT('Context #1',
  '3D Context with UNIT and UNCERTAINTY') );
#276 = ( LENGTH_UNIT() NAMED_UNIT(*) SI_UNIT(.MILLI.,.METRE.) );
#277 = ( NAMED_UNIT(*) PLANE_ANGLE_UNIT() SI_UNIT($,.RADIAN.) );
#278 = ( NAMED_UNIT(*) SI_UNIT($,.STERADIAN.) SOLID_ANGLE_UNIT() );
#279 = UNCERTAINTY_MEASURE_WITH_UNIT(LENGTH_MEASURE(5.E-06),#276,
  'distance_accuracy_value','confusion accuracy');
#280 = PRODUCT_RELATED_PRODUCT_CATEGORY('part',$,(#7));
#281 = SHAPE_DEFINITION_REPRESENTATION(#282,#288);
#282 = PRODUCT_DEFINITION_SHAPE('','',#283);
#283 = PRODUCT_DEFINITION('design','',#284,#287);
#284 = PRODUCT_DEFINITION_FORMATION('','',#285);
#285 = PRODUCT('RING_GEAR','RING_GEAR','',(#286));
#286 = PRODUCT_CONTEXT('',#2,'mechanical');
#287 = PRODUCT_DEFINITION_CONTEXT('part definition',#2,'design');
#288 = ADVANCED_BREP_SHAPE_REPRESENTATION('',(#11,#289),#381);
#289 = MANIFOLD_SOLID_BREP('',#290);
#290 = CLOSED_SHELL('',(#291,#324,#344,#364));
#291 = ADVANCED_FACE('',(#292),#319,.T.);
#292 = FACE_BOUND('',#293,.F.);
#293 = EDGE_LOOP('',(#294,#304,#311,#312));
#294 = ORIENTED_EDGE('',*,*,#295,.T.);
#295 = EDGE_CURVE('',#296,#298,#300,.T.);
#296 = VERTEX_POINT('',#297);
#297 = CARTESIAN_POINT('',(-1.6,-1.6E-14,256.5));
#298 = VERTEX_POINT('',#299);
#299 = CARTESIAN_POINT('',(-1.6,-1.6E-14,263.));
#300 = LINE('',#301,#302);
#301 = CARTESIAN_POINT('',(-1.6,-1.577E-14,256.5));
#302 = VECTOR('',#303,1.);
#303 = DIRECTION('',(0.,0.,1.));
#304 = ORIENTED_EDGE('',*,*,#305,.T.);
#305 = EDGE_CURVE('',#298,#298,#306,.T.);
#306 = CIRCLE('',#307,64.4);
#307 = AXIS2_PLACEMENT_3D('',#308,#309,#310);
#308 = CARTESIAN_POINT('',(-66.,0.,263.));
#309 = DIRECTION('',(0.,0.,1.));
#310 = DIRECTION('',(1.,0.,0.));
#311 = ORIENTED_EDGE('',*,*,#295,.F.);
#312 = ORIENTED_EDGE('',*,*,#313,.F.);
#313 = EDGE_CURVE('',#296,#296,#314,.T.);
#314 = CIRCLE('',#315,64.4);
#315 = AXIS2_PLACEMENT_3D('',#316,#317,#318);
#316 = CARTESIAN_POINT('',(-66.,0.,256.5));
#317 = DIRECTION('',(0.,0.,1.));
#318 = DIRECTION('',(1.,0.,0.));
#319 = CYLINDRICAL_SURFACE('',#320,64.4);
#320 = AXIS2_PLACEMENT_3D('',#321,#322,#323);
#321 = CARTESIAN_POINT('',(-66.,0.,256.5));
#322 = DIRECTION('',(-0.,-0.,-1.));
#323 = DIRECTION('',(1.,0.,0.));
#324 = ADVANCED_FACE('',(#325,#328),#339,.F.);
#325 = FACE_BOUND('',#326,.F.);
#326 = EDGE_LOOP('',(#327));
#327 = ORIENTED_EDGE('',*,*,#313,.T.);
#328 = FACE_BOUND('',#329,.F.);
#329 = EDGE_LOOP('',(#330));
#330 = ORIENTED_EDGE('',*,*,#331,.T.);
#331 = EDGE_CURVE('',#332,#332,#334,.T.);
#332 = VERTEX_POINT('',#333);
#333 = CARTESIAN_POINT('',(-9.,-1.4E-14,256.5));
#334 = CIRCLE('',#335,57.);
#335 = AXIS2_PLACEMENT_3D('',#336,#337,#338);
#336 = CARTESIAN_POINT('',(-66.,0.,256.5));
#337 = DIRECTION('',(0.,0.,-1.));
#338 = DIRECTION('',(1.,0.,0.));
#339 = PLANE('',#340);
#340 = AXIS2_PLACEMENT_3D('',#341,#342,#343);
#341 = CARTESIAN_POINT('',(-66.,0.,256.5));
#342 = DIRECTION('',(0.,0.,1.));
#343 = DIRECTION('',(1.,0.,0.));
#344 = ADVANCED_FACE('',(#345,#348),#359,.T.);
#345 = FACE_BOUND('',#346,.T.);
#346 = EDGE_LOOP('',(#347));
#347 = ORIENTED_EDGE('',*,*,#305,.T.);
#348 = FACE_BOUND('',#349,.T.);
#349 = EDGE_LOOP('',(#350));
#350 = ORIENTED_EDGE('',*,*,#351,.T.);
#351 = EDGE_CURVE('',#352,#352,#354,.T.);
#352 = VERTEX_POINT('',#353);
#353 = CARTESIAN_POINT('',(-9.,-1.4E-14,263.));
#354 = CIRCLE('',#355,57.);
#355 = AXIS2_PLACEMENT_3D('',#356,#357,#358);
#356 = CARTESIAN_POINT('',(-66.,0.,263.));
#357 = DIRECTION('',(0.,0.,-1.));
#358 = DIRECTION('',(1.,0.,0.));
#359 = PLANE('',#360);
#360 = AXIS2_PLACEMENT_3D('',#361,#362,#363);
#361 = CARTESIAN_POINT('',(-66.,0.,263.));
#362 = DIRECTION('',(0.,0.,1.));
#363 = DIRECTION('',(1.,0.,0.));
#364 = ADVANCED_FACE('',(#365),#376,.F.);
#365 = FACE_BOUND('',#366,.T.);
#366 = EDGE_LOOP('',(#367,#368,#374,#375));
#367 = ORIENTED_EDGE('',*,*,#331,.T.);
#368 = ORIENTED_EDGE('',*,*,#369,.T.);
#369 = EDGE_CURVE('',#332,#352,#370,.T.);
#370 = LINE('',#371,#372);
#371 = CARTESIAN_POINT('',(-9.,-1.396E-14,255.5));
#372 = VECTOR('',#373,1.);
#373 = DIRECTION('',(0.,0.,1.));
#374 = ORIENTED_EDGE('',*,*,#351,.F.);
#375 = ORIENTED_EDGE('',*,*,#369,.F.);
#376 = CYLINDRICAL_SURFACE('',#377,57.);
#377 = AXIS2_PLACEMENT_3D('',#378,#379,#380);
#378 = CARTESIAN_POINT('',(-66.,0.,255.5));
#379 = DIRECTION('',(-0.,-0.,-1.));
#380 = DIRECTION('',(1.,0.,0.));
#381 = ( GEOMETRIC_REPRESENTATION_CONTEXT(3) 
GLOBAL_UNCERTAINTY_ASSIGNED_CONTEXT((#385)) GLOBAL_UNIT_ASSIGNED_CONTEXT
((#382,#383,#384)) REPRESENTATION_CONTEXT('Context #1',
  '3D Context with UNIT and UNCERTAINTY') );
#382 = ( LENGTH_UNIT() NAMED_UNIT(*) SI_UNIT(.MILLI.,.METRE.) );
#383 = ( NAMED_UNIT(*) PLANE_ANGLE_UNIT() SI_UNIT($,.RADIAN.) );
#384 = ( NAMED_UNIT(*) SI_UNIT($,.STERADIAN.) SOLID_ANGLE_UNIT() );
#385 = UNCERTAINTY_MEASURE_WITH_UNIT(LENGTH_MEASURE(1.E-07),#382,
  'distance_accuracy_value','confusion accuracy');
#386 = CONTEXT_DEPENDENT_SHAPE_REPRESENTATION(#387,#389);
#387 = ( REPRESENTATION_RELATIONSHIP('','',#288,#10) 
REPRESENTATION_RELATIONSHIP_WITH_TRANSFORMATION(#388) 
SHAPE_REPRESENTATION_RELATIONSHIP() );
#388 = ITEM_DEFINED_TRANSFORMATION('','',#11,#15);
#389 = PRODUCT_DEFINITION_SHAPE('Placement','Placement of an item',#390
  );
#390 = NEXT_ASSEMBLY_USAGE_OCCURRENCE('428','RING_GEAR','',#5,#283,$);
#391 = PRODUCT_RELATED_PRODUCT_CATEGORY('part',$,(#285));
#392 = SHAPE_DEFINITION_REPRESENTATION(#393,#399);
#393 = PRODUCT_DEFINITION_SHAPE('','',#394);
#394 = PRODUCT_DEFINITION('design','',#395,#398);
#395 = PRODUCT_DEFINITION_FORMATION('','',#396);
#396 = PRODUCT('TURRET_PLATE','TURRET_PLATE','',(#397));
#397 = PRODUCT_CONTEXT('',#2,'mechanical');
#398 = PRODUCT_DEFINITION_CONTEXT('part definition',#2,'design');
#399 = ADVANCED_BREP_SHAPE_REPRESENTATION('',(#11,#400),#1934);
#400 = MANIFOLD_SOLID_BREP('',#401);
#401 = CLOSED_SHELL('',(#402,#442,#857,#892,#1291,#1308,#1325,#1342,
    #1359,#1376,#1388,#1405,#1422,#1439,#1456,#1473,#1490,#1507,#1524,
    #1541,#1558,#1575,#1592,#1609,#1626,#1643,#1665,#1682,#1699,#1716,
    #1733,#1750,#1767,#1784,#1801,#1818,#1835,#1852,#1869,#1886,#1903,
    #1920));
#402 = ADVANCED_FACE('',(#403),#437,.T.);
#403 = FACE_BOUND('',#404,.T.);
#404 = EDGE_LOOP('',(#405,#415,#423,#431));
#405 = ORIENTED_EDGE('',*,*,#406,.F.);
#406 = EDGE_CURVE('',#407,#409,#411,.T.);
#407 = VERTEX_POINT('',#408);
#408 = CARTESIAN_POINT('',(-54.,-112.,267.));
#409 = VERTEX_POINT('',#410);
#410 = CARTESIAN_POINT('',(-54.,-84.14867794564,267.));
#411 = LINE('',#412,#413);
#412 = CARTESIAN_POINT('',(-54.,-112.,267.));
#413 = VECTOR('',#414,1.);
#414 = DIRECTION('',(0.,1.,0.));
#415 = ORIENTED_EDGE('',*,*,#416,.F.);
#416 = EDGE_CURVE('',#417,#407,#419,.T.);
#417 = VERTEX_POINT('',#418);
#418 = CARTESIAN_POINT('',(-54.,-112.,263.));
#419 = LINE('',#420,#421);
#420 = CARTESIAN_POINT('',(-54.,-112.,263.));
#421 = VECTOR('',#422,1.);
#422 = DIRECTION('',(0.,0.,1.));
#423 = ORIENTED_EDGE('',*,*,#424,.T.);
#424 = EDGE_CURVE('',#417,#425,#427,.T.);
#425 = VERTEX_POINT('',#426);
#426 = CARTESIAN_POINT('',(-54.,-84.14867794564,263.));
#427 = LINE('',#428,#429);
#428 = CARTESIAN_POINT('',(-54.,-112.,263.));
#429 = VECTOR('',#430,1.);
#430 = DIRECTION('',(0.,1.,0.));
#431 = ORIENTED_EDGE('',*,*,#432,.F.);
#432 = EDGE_CURVE('',#409,#425,#433,.T.);
#433 = LINE('',#434,#435);
#434 = CARTESIAN_POINT('',(-54.,-84.14867794564,263.));
#435 = VECTOR('',#436,1.);
#436 = DIRECTION('',(-0.,-0.,-1.));
#437 = PLANE('',#438);
#438 = AXIS2_PLACEMENT_3D('',#439,#440,#441);
#439 = CARTESIAN_POINT('',(-54.,-112.,263.));
#440 = DIRECTION('',(1.,0.,0.));
#441 = DIRECTION('',(0.,0.,1.));
#442 = ADVANCED_FACE('',(#443,#511,#522,#533,#544,#555,#566,#577,#588,
    #599,#610,#621,#632,#643,#654,#665,#676,#753,#764,#775,#786,#797,
    #808,#819,#830,#841),#852,.T.);
#443 = FACE_BOUND('',#444,.T.);
#444 = EDGE_LOOP('',(#445,#454,#463,#471,#479,#487,#496,#504,#510));
#445 = ORIENTED_EDGE('',*,*,#446,.T.);
#446 = EDGE_CURVE('',#409,#447,#449,.T.);
#447 = VERTEX_POINT('',#448);
#448 = CARTESIAN_POINT('',(19.,-2.1E-14,267.));
#449 = CIRCLE('',#450,85.);
#450 = AXIS2_PLACEMENT_3D('',#451,#452,#453);
#451 = CARTESIAN_POINT('',(-66.,0.,267.));
#452 = DIRECTION('',(0.,0.,1.));
#453 = DIRECTION('',(1.,0.,0.));
#454 = ORIENTED_EDGE('',*,*,#455,.T.);
#455 = EDGE_CURVE('',#447,#456,#458,.T.);
#456 = VERTEX_POINT('',#457);
#457 = CARTESIAN_POINT('',(-54.,84.148677945646,267.));
#458 = CIRCLE('',#459,85.);
#459 = AXIS2_PLACEMENT_3D('',#460,#461,#462);
#460 = CARTESIAN_POINT('',(-66.,0.,267.));
#461 = DIRECTION('',(0.,0.,1.));
#462 = DIRECTION('',(1.,0.,0.));
#463 = ORIENTED_EDGE('',*,*,#464,.T.);
#464 = EDGE_CURVE('',#456,#465,#467,.T.);
#465 = VERTEX_POINT('',#466);
#466 = CARTESIAN_POINT('',(-54.,112.,267.));
#467 = LINE('',#468,#469);
#468 = CARTESIAN_POINT('',(-54.,62.,267.));
#469 = VECTOR('',#470,1.);
#470 = DIRECTION('',(0.,1.,0.));
#471 = ORIENTED_EDGE('',*,*,#472,.F.);
#472 = EDGE_CURVE('',#473,#465,#475,.T.);
#473 = VERTEX_POINT('',#474);
#474 = CARTESIAN_POINT('',(-102.,112.,267.));
#475 = LINE('',#476,#477);
#476 = CARTESIAN_POINT('',(-102.,112.,267.));
#477 = VECTOR('',#478,1.);
#478 = DIRECTION('',(1.,0.,0.));
#479 = ORIENTED_EDGE('',*,*,#480,.F.);
#480 = EDGE_CURVE('',#481,#473,#483,.T.);
#481 = VERTEX_POINT('',#482);
#482 = CARTESIAN_POINT('',(-101.9999999999,77.000000000002,267.));
#483 = LINE('',#484,#485);
#484 = CARTESIAN_POINT('',(-102.,62.,267.));
#485 = VECTOR('',#486,1.);
#486 = DIRECTION('',(0.,1.,0.));
#487 = ORIENTED_EDGE('',*,*,#488,.T.);
#488 = EDGE_CURVE('',#481,#489,#491,.T.);
#489 = VERTEX_POINT('',#490);
#490 = CARTESIAN_POINT('',(-101.9999999999,-77.,267.));
#491 = CIRCLE('',#492,85.);
#492 = AXIS2_PLACEMENT_3D('',#493,#494,#495);
#493 = CARTESIAN_POINT('',(-66.,0.,267.));
#494 = DIRECTION('',(0.,0.,1.));
#495 = DIRECTION('',(1.,0.,0.));
#496 = ORIENTED_EDGE('',*,*,#497,.F.);
#497 = EDGE_CURVE('',#498,#489,#500,.T.);
#498 = VERTEX_POINT('',#499);
#499 = CARTESIAN_POINT('',(-102.,-112.,267.));
#500 = LINE('',#501,#502);
#501 = CARTESIAN_POINT('',(-102.,-112.,267.));
#502 = VECTOR('',#503,1.);
#503 = DIRECTION('',(0.,1.,0.));
#504 = ORIENTED_EDGE('',*,*,#505,.T.);
#505 = EDGE_CURVE('',#498,#407,#506,.T.);
#506 = LINE('',#507,#508);
#507 = CARTESIAN_POINT('',(-102.,-112.,267.));
#508 = VECTOR('',#509,1.);
#509 = DIRECTION('',(1.,0.,0.));
#510 = ORIENTED_EDGE('',*,*,#406,.T.);
#511 = FACE_BOUND('',#512,.T.);
#512 = EDGE_LOOP('',(#513));
#513 = ORIENTED_EDGE('',*,*,#514,.T.);
#514 = EDGE_CURVE('',#515,#515,#517,.T.);
#515 = VERTEX_POINT('',#516);
#516 = CARTESIAN_POINT('',(-110.,-50.,267.));
#517 = CIRCLE('',#518,5.);
#518 = AXIS2_PLACEMENT_3D('',#519,#520,#521);
#519 = CARTESIAN_POINT('',(-115.,-50.,267.));
#520 = DIRECTION('',(0.,0.,-1.));
#521 = DIRECTION('',(1.,0.,0.));
#522 = FACE_BOUND('',#523,.T.);
#523 = EDGE_LOOP('',(#524));
#524 = ORIENTED_EDGE('',*,*,#525,.T.);
#525 = EDGE_CURVE('',#526,#526,#528,.T.);
#526 = VERTEX_POINT('',#527);
#527 = CARTESIAN_POINT('',(-84.6,-95.,267.));
#528 = CIRCLE('',#529,2.4);
#529 = AXIS2_PLACEMENT_3D('',#530,#531,#532);
#530 = CARTESIAN_POINT('',(-87.,-95.,267.));
#531 = DIRECTION('',(0.,0.,-1.));
#532 = DIRECTION('',(1.,0.,0.));
#533 = FACE_BOUND('',#534,.T.);
#534 = EDGE_LOOP('',(#535));
#535 = ORIENTED_EDGE('',*,*,#536,.T.);
#536 = EDGE_CURVE('',#537,#537,#539,.T.);
#537 = VERTEX_POINT('',#538);
#538 = CARTESIAN_POINT('',(-85.6,-77.5,267.));
#539 = CIRCLE('',#540,2.4);
#540 = AXIS2_PLACEMENT_3D('',#541,#542,#543);
#541 = CARTESIAN_POINT('',(-88.,-77.5,267.));
#542 = DIRECTION('',(0.,0.,-1.));
#543 = DIRECTION('',(1.,0.,0.));
#544 = FACE_BOUND('',#545,.T.);
#545 = EDGE_LOOP('',(#546));
#546 = ORIENTED_EDGE('',*,*,#547,.T.);
#547 = EDGE_CURVE('',#548,#548,#550,.T.);
#548 = VERTEX_POINT('',#549);
#549 = CARTESIAN_POINT('',(-70.6,-95.,267.));
#550 = CIRCLE('',#551,2.4);
#551 = AXIS2_PLACEMENT_3D('',#552,#553,#554);
#552 = CARTESIAN_POINT('',(-73.,-95.,267.));
#553 = DIRECTION('',(0.,0.,-1.));
#554 = DIRECTION('',(1.,0.,0.));
#555 = FACE_BOUND('',#556,.T.);
#556 = EDGE_LOOP('',(#557));
#557 = ORIENTED_EDGE('',*,*,#558,.T.);
#558 = EDGE_CURVE('',#559,#559,#561,.T.);
#559 = VERTEX_POINT('',#560);
#560 = CARTESIAN_POINT('',(-62.9,-78.7,267.));
#561 = CIRCLE('',#562,3.1);
#562 = AXIS2_PLACEMENT_3D('',#563,#564,#565);
#563 = CARTESIAN_POINT('',(-66.,-78.7,267.));
#564 = DIRECTION('',(0.,0.,-1.));
#565 = DIRECTION('',(1.,0.,0.));
#566 = FACE_BOUND('',#567,.T.);
#567 = EDGE_LOOP('',(#568));
#568 = ORIENTED_EDGE('',*,*,#569,.T.);
#569 = EDGE_CURVE('',#570,#570,#572,.T.);
#570 = VERTEX_POINT('',#571);
#571 = CARTESIAN_POINT('',(-85.6,-71.5,267.));
#572 = CIRCLE('',#573,2.4);
#573 = AXIS2_PLACEMENT_3D('',#574,#575,#576);
#574 = CARTESIAN_POINT('',(-88.,-71.5,267.));
#575 = DIRECTION('',(0.,0.,-1.));
#576 = DIRECTION('',(1.,0.,0.));
#577 = FACE_BOUND('',#578,.T.);
#578 = EDGE_LOOP('',(#579));
#579 = ORIENTED_EDGE('',*,*,#580,.T.);
#580 = EDGE_CURVE('',#581,#581,#583,.T.);
#581 = VERTEX_POINT('',#582);
#582 = CARTESIAN_POINT('',(-119.89,-32.5,267.));
#583 = CIRCLE('',#584,2.4);
#584 = AXIS2_PLACEMENT_3D('',#585,#586,#587);
#585 = CARTESIAN_POINT('',(-122.29,-32.5,267.));
#586 = DIRECTION('',(0.,0.,-1.));
#587 = DIRECTION('',(1.,0.,0.));
#588 = FACE_BOUND('',#589,.T.);
#589 = EDGE_LOOP('',(#590));
#590 = ORIENTED_EDGE('',*,*,#591,.T.);
#591 = EDGE_CURVE('',#592,#592,#594,.T.);
#592 = VERTEX_POINT('',#593);
#593 = CARTESIAN_POINT('',(-106.8,-43.1,267.));
#594 = CIRCLE('',#595,2.4);
#595 = AXIS2_PLACEMENT_3D('',#596,#597,#598);
#596 = CARTESIAN_POINT('',(-109.2,-43.1,267.));
#597 = DIRECTION('',(0.,0.,-1.));
#598 = DIRECTION('',(1.,0.,0.));
#599 = FACE_BOUND('',#600,.T.);
#600 = EDGE_LOOP('',(#601));
#601 = ORIENTED_EDGE('',*,*,#602,.T.);
#602 = EDGE_CURVE('',#603,#603,#605,.T.);
#603 = VERTEX_POINT('',#604);
#604 = CARTESIAN_POINT('',(-56.6,-77.5,267.));
#605 = CIRCLE('',#606,2.4);
#606 = AXIS2_PLACEMENT_3D('',#607,#608,#609);
#607 = CARTESIAN_POINT('',(-59.,-77.5,267.));
#608 = DIRECTION('',(0.,0.,-1.));
#609 = DIRECTION('',(1.,0.,0.));
#610 = FACE_BOUND('',#611,.T.);
#611 = EDGE_LOOP('',(#612));
#612 = ORIENTED_EDGE('',*,*,#613,.T.);
#613 = EDGE_CURVE('',#614,#614,#616,.T.);
#614 = VERTEX_POINT('',#615);
#615 = CARTESIAN_POINT('',(-56.6,-71.5,267.));
#616 = CIRCLE('',#617,2.4);
#617 = AXIS2_PLACEMENT_3D('',#618,#619,#620);
#618 = CARTESIAN_POINT('',(-59.,-71.5,267.));
#619 = DIRECTION('',(0.,0.,-1.));
#620 = DIRECTION('',(1.,0.,0.));
#621 = FACE_BOUND('',#622,.T.);
#622 = EDGE_LOOP('',(#623));
#623 = ORIENTED_EDGE('',*,*,#624,.T.);
#624 = EDGE_CURVE('',#625,#625,#627,.T.);
#625 = VERTEX_POINT('',#626);
#626 = CARTESIAN_POINT('',(-20.4,-43.1,267.));
#627 = CIRCLE('',#628,2.4);
#628 = AXIS2_PLACEMENT_3D('',#629,#630,#631);
#629 = CARTESIAN_POINT('',(-22.8,-43.1,267.));
#630 = DIRECTION('',(0.,0.,-1.));
#631 = DIRECTION('',(1.,0.,0.));
#632 = FACE_BOUND('',#633,.T.);
#633 = EDGE_LOOP('',(#634));
#634 = ORIENTED_EDGE('',*,*,#635,.T.);
#635 = EDGE_CURVE('',#636,#636,#638,.T.);
#636 = VERTEX_POINT('',#637);
#637 = CARTESIAN_POINT('',(-7.31,-32.5,267.));
#638 = CIRCLE('',#639,2.4);
#639 = AXIS2_PLACEMENT_3D('',#640,#641,#642);
#640 = CARTESIAN_POINT('',(-9.71,-32.5,267.));
#641 = DIRECTION('',(0.,0.,-1.));
#642 = DIRECTION('',(1.,0.,0.));
#643 = FACE_BOUND('',#644,.T.);
#644 = EDGE_LOOP('',(#645));
#645 = ORIENTED_EDGE('',*,*,#646,.T.);
#646 = EDGE_CURVE('',#647,#647,#649,.T.);
#647 = VERTEX_POINT('',#648);
#648 = CARTESIAN_POINT('',(-2.6,-8.,267.));
#649 = CIRCLE('',#650,2.4);
#650 = AXIS2_PLACEMENT_3D('',#651,#652,#653);
#651 = CARTESIAN_POINT('',(-5.,-8.,267.));
#652 = DIRECTION('',(0.,0.,-1.));
#653 = DIRECTION('',(1.,0.,0.));
#654 = FACE_BOUND('',#655,.T.);
#655 = EDGE_LOOP('',(#656));
#656 = ORIENTED_EDGE('',*,*,#657,.T.);
#657 = EDGE_CURVE('',#658,#658,#660,.T.);
#658 = VERTEX_POINT('',#659);
#659 = CARTESIAN_POINT('',(-119.89,32.5,267.));
#660 = CIRCLE('',#661,2.4);
#661 = AXIS2_PLACEMENT_3D('',#662,#663,#664);
#662 = CARTESIAN_POINT('',(-122.29,32.5,267.));
#663 = DIRECTION('',(0.,0.,-1.));
#664 = DIRECTION('',(1.,0.,0.));
#665 = FACE_BOUND('',#666,.T.);
#666 = EDGE_LOOP('',(#667));
#667 = ORIENTED_EDGE('',*,*,#668,.T.);
#668 = EDGE_CURVE('',#669,#669,#671,.T.);
#669 = VERTEX_POINT('',#670);
#670 = CARTESIAN_POINT('',(-106.8,43.1,267.));
#671 = CIRCLE('',#672,2.4);
#672 = AXIS2_PLACEMENT_3D('',#673,#674,#675);
#673 = CARTESIAN_POINT('',(-109.2,43.1,267.));
#674 = DIRECTION('',(0.,0.,-1.));
#675 = DIRECTION('',(1.,0.,0.));
#676 = FACE_BOUND('',#677,.T.);
#677 = EDGE_LOOP('',(#678,#689,#698,#706,#714,#722,#731,#739,#747));
#678 = ORIENTED_EDGE('',*,*,#679,.T.);
#679 = EDGE_CURVE('',#680,#682,#684,.T.);
#680 = VERTEX_POINT('',#681);
#681 = CARTESIAN_POINT('',(-63.,56.920997883031,267.));
#682 = VERTEX_POINT('',#683);
#683 = CARTESIAN_POINT('',(-9.,-1.4E-14,267.));
#684 = CIRCLE('',#685,57.);
#685 = AXIS2_PLACEMENT_3D('',#686,#687,#688);
#686 = CARTESIAN_POINT('',(-66.,0.,267.));
#687 = DIRECTION('',(0.,0.,-1.));
#688 = DIRECTION('',(1.,0.,0.));
#689 = ORIENTED_EDGE('',*,*,#690,.T.);
#690 = EDGE_CURVE('',#682,#691,#693,.T.);
#691 = VERTEX_POINT('',#692);
#692 = CARTESIAN_POINT('',(-63.,-56.92099788303,267.));
#693 = CIRCLE('',#694,57.);
#694 = AXIS2_PLACEMENT_3D('',#695,#696,#697);
#695 = CARTESIAN_POINT('',(-66.,0.,267.));
#696 = DIRECTION('',(0.,0.,-1.));
#697 = DIRECTION('',(1.,0.,0.));
#698 = ORIENTED_EDGE('',*,*,#699,.F.);
#699 = EDGE_CURVE('',#700,#691,#702,.T.);
#700 = VERTEX_POINT('',#701);
#701 = CARTESIAN_POINT('',(-63.,-62.,267.));
#702 = LINE('',#703,#704);
#703 = CARTESIAN_POINT('',(-63.,-31.,267.));
#704 = VECTOR('',#705,1.);
#705 = DIRECTION('',(0.,1.,0.));
#706 = ORIENTED_EDGE('',*,*,#707,.T.);
#707 = EDGE_CURVE('',#700,#708,#710,.T.);
#708 = VERTEX_POINT('',#709);
#709 = CARTESIAN_POINT('',(-97.,-62.,267.));
#710 = LINE('',#711,#712);
#711 = CARTESIAN_POINT('',(-82.4753693138,-62.,267.));
#712 = VECTOR('',#713,1.);
#713 = DIRECTION('',(-1.,0.,0.));
#714 = ORIENTED_EDGE('',*,*,#715,.T.);
#715 = EDGE_CURVE('',#708,#716,#718,.T.);
#716 = VERTEX_POINT('',#717);
#717 = CARTESIAN_POINT('',(-97.,-47.8330429724,267.));
#718 = LINE('',#719,#720);
#719 = CARTESIAN_POINT('',(-97.,-31.,267.));
#720 = VECTOR('',#721,1.);
#721 = DIRECTION('',(0.,1.,0.));
#722 = ORIENTED_EDGE('',*,*,#723,.T.);
#723 = EDGE_CURVE('',#716,#724,#726,.T.);
#724 = VERTEX_POINT('',#725);
#725 = CARTESIAN_POINT('',(-97.,47.833042972406,267.));
#726 = CIRCLE('',#727,57.);
#727 = AXIS2_PLACEMENT_3D('',#728,#729,#730);
#728 = CARTESIAN_POINT('',(-66.,0.,267.));
#729 = DIRECTION('',(0.,0.,-1.));
#730 = DIRECTION('',(1.,0.,0.));
#731 = ORIENTED_EDGE('',*,*,#732,.T.);
#732 = EDGE_CURVE('',#724,#733,#735,.T.);
#733 = VERTEX_POINT('',#734);
#734 = CARTESIAN_POINT('',(-97.,62.,267.));
#735 = LINE('',#736,#737);
#736 = CARTESIAN_POINT('',(-97.,23.,267.));
#737 = VECTOR('',#738,1.);
#738 = DIRECTION('',(0.,1.,0.));
#739 = ORIENTED_EDGE('',*,*,#740,.F.);
#740 = EDGE_CURVE('',#741,#733,#743,.T.);
#741 = VERTEX_POINT('',#742);
#742 = CARTESIAN_POINT('',(-63.,62.,267.));
#743 = LINE('',#744,#745);
#744 = CARTESIAN_POINT('',(-82.4753693138,62.,267.));
#745 = VECTOR('',#746,1.);
#746 = DIRECTION('',(-1.,0.,0.));
#747 = ORIENTED_EDGE('',*,*,#748,.F.);
#748 = EDGE_CURVE('',#680,#741,#749,.T.);
#749 = LINE('',#750,#751);
#750 = CARTESIAN_POINT('',(-63.,23.,267.));
#751 = VECTOR('',#752,1.);
#752 = DIRECTION('',(0.,1.,0.));
#753 = FACE_BOUND('',#754,.T.);
#754 = EDGE_LOOP('',(#755));
#755 = ORIENTED_EDGE('',*,*,#756,.T.);
#756 = EDGE_CURVE('',#757,#757,#759,.T.);
#757 = VERTEX_POINT('',#758);
#758 = CARTESIAN_POINT('',(-85.6,71.5,267.));
#759 = CIRCLE('',#760,2.4);
#760 = AXIS2_PLACEMENT_3D('',#761,#762,#763);
#761 = CARTESIAN_POINT('',(-88.,71.5,267.));
#762 = DIRECTION('',(0.,0.,-1.));
#763 = DIRECTION('',(1.,0.,0.));
#764 = FACE_BOUND('',#765,.T.);
#765 = EDGE_LOOP('',(#766));
#766 = ORIENTED_EDGE('',*,*,#767,.T.);
#767 = EDGE_CURVE('',#768,#768,#770,.T.);
#768 = VERTEX_POINT('',#769);
#769 = CARTESIAN_POINT('',(-85.6,77.5,267.));
#770 = CIRCLE('',#771,2.4);
#771 = AXIS2_PLACEMENT_3D('',#772,#773,#774);
#772 = CARTESIAN_POINT('',(-88.,77.5,267.));
#773 = DIRECTION('',(0.,0.,-1.));
#774 = DIRECTION('',(1.,0.,0.));
#775 = FACE_BOUND('',#776,.T.);
#776 = EDGE_LOOP('',(#777));
#777 = ORIENTED_EDGE('',*,*,#778,.T.);
#778 = EDGE_CURVE('',#779,#779,#781,.T.);
#779 = VERTEX_POINT('',#780);
#780 = CARTESIAN_POINT('',(-84.6,95.,267.));
#781 = CIRCLE('',#782,2.4);
#782 = AXIS2_PLACEMENT_3D('',#783,#784,#785);
#783 = CARTESIAN_POINT('',(-87.,95.,267.));
#784 = DIRECTION('',(0.,0.,-1.));
#785 = DIRECTION('',(1.,0.,0.));
#786 = FACE_BOUND('',#787,.T.);
#787 = EDGE_LOOP('',(#788));
#788 = ORIENTED_EDGE('',*,*,#789,.T.);
#789 = EDGE_CURVE('',#790,#790,#792,.T.);
#790 = VERTEX_POINT('',#791);
#791 = CARTESIAN_POINT('',(-70.6,95.,267.));
#792 = CIRCLE('',#793,2.4);
#793 = AXIS2_PLACEMENT_3D('',#794,#795,#796);
#794 = CARTESIAN_POINT('',(-73.,95.,267.));
#795 = DIRECTION('',(0.,0.,-1.));
#796 = DIRECTION('',(1.,0.,0.));
#797 = FACE_BOUND('',#798,.T.);
#798 = EDGE_LOOP('',(#799));
#799 = ORIENTED_EDGE('',*,*,#800,.T.);
#800 = EDGE_CURVE('',#801,#801,#803,.T.);
#801 = VERTEX_POINT('',#802);
#802 = CARTESIAN_POINT('',(-2.6,8.,267.));
#803 = CIRCLE('',#804,2.4);
#804 = AXIS2_PLACEMENT_3D('',#805,#806,#807);
#805 = CARTESIAN_POINT('',(-5.,8.,267.));
#806 = DIRECTION('',(0.,0.,-1.));
#807 = DIRECTION('',(1.,0.,0.));
#808 = FACE_BOUND('',#809,.T.);
#809 = EDGE_LOOP('',(#810));
#810 = ORIENTED_EDGE('',*,*,#811,.T.);
#811 = EDGE_CURVE('',#812,#812,#814,.T.);
#812 = VERTEX_POINT('',#813);
#813 = CARTESIAN_POINT('',(-20.4,43.1,267.));
#814 = CIRCLE('',#815,2.4);
#815 = AXIS2_PLACEMENT_3D('',#816,#817,#818);
#816 = CARTESIAN_POINT('',(-22.8,43.1,267.));
#817 = DIRECTION('',(0.,0.,-1.));
#818 = DIRECTION('',(1.,0.,0.));
#819 = FACE_BOUND('',#820,.T.);
#820 = EDGE_LOOP('',(#821));
#821 = ORIENTED_EDGE('',*,*,#822,.T.);
#822 = EDGE_CURVE('',#823,#823,#825,.T.);
#823 = VERTEX_POINT('',#824);
#824 = CARTESIAN_POINT('',(-7.31,32.5,267.));
#825 = CIRCLE('',#826,2.4);
#826 = AXIS2_PLACEMENT_3D('',#827,#828,#829);
#827 = CARTESIAN_POINT('',(-9.71,32.5,267.));
#828 = DIRECTION('',(0.,0.,-1.));
#829 = DIRECTION('',(1.,0.,0.));
#830 = FACE_BOUND('',#831,.T.);
#831 = EDGE_LOOP('',(#832));
#832 = ORIENTED_EDGE('',*,*,#833,.T.);
#833 = EDGE_CURVE('',#834,#834,#836,.T.);
#834 = VERTEX_POINT('',#835);
#835 = CARTESIAN_POINT('',(-56.6,71.5,267.));
#836 = CIRCLE('',#837,2.4);
#837 = AXIS2_PLACEMENT_3D('',#838,#839,#840);
#838 = CARTESIAN_POINT('',(-59.,71.5,267.));
#839 = DIRECTION('',(0.,0.,-1.));
#840 = DIRECTION('',(1.,0.,0.));
#841 = FACE_BOUND('',#842,.T.);
#842 = EDGE_LOOP('',(#843));
#843 = ORIENTED_EDGE('',*,*,#844,.T.);
#844 = EDGE_CURVE('',#845,#845,#847,.T.);
#845 = VERTEX_POINT('',#846);
#846 = CARTESIAN_POINT('',(-56.6,77.5,267.));
#847 = CIRCLE('',#848,2.4);
#848 = AXIS2_PLACEMENT_3D('',#849,#850,#851);
#849 = CARTESIAN_POINT('',(-59.,77.5,267.));
#850 = DIRECTION('',(0.,0.,-1.));
#851 = DIRECTION('',(1.,0.,0.));
#852 = PLANE('',#853);
#853 = AXIS2_PLACEMENT_3D('',#854,#855,#856);
#854 = CARTESIAN_POINT('',(-67.95073862761,1.119E-14,267.));
#855 = DIRECTION('',(0.,0.,1.));
#856 = DIRECTION('',(1.,0.,0.));
#857 = ADVANCED_FACE('',(#858),#887,.T.);
#858 = FACE_BOUND('',#859,.F.);
#859 = EDGE_LOOP('',(#860,#861,#862,#863,#871,#880));
#860 = ORIENTED_EDGE('',*,*,#432,.F.);
#861 = ORIENTED_EDGE('',*,*,#446,.T.);
#862 = ORIENTED_EDGE('',*,*,#455,.T.);
#863 = ORIENTED_EDGE('',*,*,#864,.T.);
#864 = EDGE_CURVE('',#456,#865,#867,.T.);
#865 = VERTEX_POINT('',#866);
#866 = CARTESIAN_POINT('',(-54.,84.148677945646,263.));
#867 = LINE('',#868,#869);
#868 = CARTESIAN_POINT('',(-54.,84.148677945646,263.));
#869 = VECTOR('',#870,1.);
#870 = DIRECTION('',(-0.,-0.,-1.));
#871 = ORIENTED_EDGE('',*,*,#872,.F.);
#872 = EDGE_CURVE('',#873,#865,#875,.T.);
#873 = VERTEX_POINT('',#874);
#874 = CARTESIAN_POINT('',(19.,-2.1E-14,263.));
#875 = CIRCLE('',#876,85.);
#876 = AXIS2_PLACEMENT_3D('',#877,#878,#879);
#877 = CARTESIAN_POINT('',(-66.,0.,263.));
#878 = DIRECTION('',(0.,0.,1.));
#879 = DIRECTION('',(1.,0.,0.));
#880 = ORIENTED_EDGE('',*,*,#881,.F.);
#881 = EDGE_CURVE('',#425,#873,#882,.T.);
#882 = CIRCLE('',#883,85.);
#883 = AXIS2_PLACEMENT_3D('',#884,#885,#886);
#884 = CARTESIAN_POINT('',(-66.,0.,263.));
#885 = DIRECTION('',(0.,0.,1.));
#886 = DIRECTION('',(1.,0.,0.));
#887 = CYLINDRICAL_SURFACE('',#888,85.);
#888 = AXIS2_PLACEMENT_3D('',#889,#890,#891);
#889 = CARTESIAN_POINT('',(-66.,0.,263.));
#890 = DIRECTION('',(-0.,-0.,-1.));
#891 = DIRECTION('',(1.,0.,0.));
#892 = ADVANCED_FACE('',(#893,#945,#956,#967,#978,#989,#1000,#1011,#1022
    ,#1033,#1044,#1055,#1066,#1077,#1088,#1099,#1110,#1121,#1132,#1143,
    #1220,#1231,#1242,#1253,#1264,#1275),#1286,.T.);
#893 = FACE_BOUND('',#894,.T.);
#894 = EDGE_LOOP('',(#895,#896,#897,#905,#913,#922,#930,#938,#944));
#895 = ORIENTED_EDGE('',*,*,#881,.F.);
#896 = ORIENTED_EDGE('',*,*,#424,.F.);
#897 = ORIENTED_EDGE('',*,*,#898,.F.);
#898 = EDGE_CURVE('',#899,#417,#901,.T.);
#899 = VERTEX_POINT('',#900);
#900 = CARTESIAN_POINT('',(-102.,-112.,263.));
#901 = LINE('',#902,#903);
#902 = CARTESIAN_POINT('',(-102.,-112.,263.));
#903 = VECTOR('',#904,1.);
#904 = DIRECTION('',(1.,0.,0.));
#905 = ORIENTED_EDGE('',*,*,#906,.T.);
#906 = EDGE_CURVE('',#899,#907,#909,.T.);
#907 = VERTEX_POINT('',#908);
#908 = CARTESIAN_POINT('',(-101.9999999999,-77.,263.));
#909 = LINE('',#910,#911);
#910 = CARTESIAN_POINT('',(-102.,-112.,263.));
#911 = VECTOR('',#912,1.);
#912 = DIRECTION('',(0.,1.,0.));
#913 = ORIENTED_EDGE('',*,*,#914,.F.);
#914 = EDGE_CURVE('',#915,#907,#917,.T.);
#915 = VERTEX_POINT('',#916);
#916 = CARTESIAN_POINT('',(-101.9999999999,77.000000000002,263.));
#917 = CIRCLE('',#918,85.);
#918 = AXIS2_PLACEMENT_3D('',#919,#920,#921);
#919 = CARTESIAN_POINT('',(-66.,0.,263.));
#920 = DIRECTION('',(0.,0.,1.));
#921 = DIRECTION('',(1.,0.,0.));
#922 = ORIENTED_EDGE('',*,*,#923,.T.);
#923 = EDGE_CURVE('',#915,#924,#926,.T.);
#924 = VERTEX_POINT('',#925);
#925 = CARTESIAN_POINT('',(-102.,112.,263.));
#926 = LINE('',#927,#928);
#927 = CARTESIAN_POINT('',(-102.,62.,263.));
#928 = VECTOR('',#929,1.);
#929 = DIRECTION('',(0.,1.,0.));
#930 = ORIENTED_EDGE('',*,*,#931,.T.);
#931 = EDGE_CURVE('',#924,#932,#934,.T.);
#932 = VERTEX_POINT('',#933);
#933 = CARTESIAN_POINT('',(-54.,112.,263.));
#934 = LINE('',#935,#936);
#935 = CARTESIAN_POINT('',(-102.,112.,263.));
#936 = VECTOR('',#937,1.);
#937 = DIRECTION('',(1.,0.,0.));
#938 = ORIENTED_EDGE('',*,*,#939,.F.);
#939 = EDGE_CURVE('',#865,#932,#940,.T.);
#940 = LINE('',#941,#942);
#941 = CARTESIAN_POINT('',(-54.,62.,263.));
#942 = VECTOR('',#943,1.);
#943 = DIRECTION('',(0.,1.,0.));
#944 = ORIENTED_EDGE('',*,*,#872,.F.);
#945 = FACE_BOUND('',#946,.T.);
#946 = EDGE_LOOP('',(#947));
#947 = ORIENTED_EDGE('',*,*,#948,.F.);
#948 = EDGE_CURVE('',#949,#949,#951,.T.);
#949 = VERTEX_POINT('',#950);
#950 = CARTESIAN_POINT('',(-56.6,-77.5,263.));
#951 = CIRCLE('',#952,2.4);
#952 = AXIS2_PLACEMENT_3D('',#953,#954,#955);
#953 = CARTESIAN_POINT('',(-59.,-77.5,263.));
#954 = DIRECTION('',(0.,0.,-1.));
#955 = DIRECTION('',(1.,0.,0.));
#956 = FACE_BOUND('',#957,.T.);
#957 = EDGE_LOOP('',(#958));
#958 = ORIENTED_EDGE('',*,*,#959,.F.);
#959 = EDGE_CURVE('',#960,#960,#962,.T.);
#960 = VERTEX_POINT('',#961);
#961 = CARTESIAN_POINT('',(-56.6,-71.5,263.));
#962 = CIRCLE('',#963,2.4);
#963 = AXIS2_PLACEMENT_3D('',#964,#965,#966);
#964 = CARTESIAN_POINT('',(-59.,-71.5,263.));
#965 = DIRECTION('',(0.,0.,-1.));
#966 = DIRECTION('',(1.,0.,0.));
#967 = FACE_BOUND('',#968,.T.);
#968 = EDGE_LOOP('',(#969));
#969 = ORIENTED_EDGE('',*,*,#970,.F.);
#970 = EDGE_CURVE('',#971,#971,#973,.T.);
#971 = VERTEX_POINT('',#972);
#972 = CARTESIAN_POINT('',(-7.31,-32.5,263.));
#973 = CIRCLE('',#974,2.4);
#974 = AXIS2_PLACEMENT_3D('',#975,#976,#977);
#975 = CARTESIAN_POINT('',(-9.71,-32.5,263.));
#976 = DIRECTION('',(0.,0.,-1.));
#977 = DIRECTION('',(1.,0.,0.));
#978 = FACE_BOUND('',#979,.T.);
#979 = EDGE_LOOP('',(#980));
#980 = ORIENTED_EDGE('',*,*,#981,.F.);
#981 = EDGE_CURVE('',#982,#982,#984,.T.);
#982 = VERTEX_POINT('',#983);
#983 = CARTESIAN_POINT('',(-20.4,-43.1,263.));
#984 = CIRCLE('',#985,2.4);
#985 = AXIS2_PLACEMENT_3D('',#986,#987,#988);
#986 = CARTESIAN_POINT('',(-22.8,-43.1,263.));
#987 = DIRECTION('',(0.,0.,-1.));
#988 = DIRECTION('',(1.,0.,0.));
#989 = FACE_BOUND('',#990,.T.);
#990 = EDGE_LOOP('',(#991));
#991 = ORIENTED_EDGE('',*,*,#992,.F.);
#992 = EDGE_CURVE('',#993,#993,#995,.T.);
#993 = VERTEX_POINT('',#994);
#994 = CARTESIAN_POINT('',(-2.6,-8.,263.));
#995 = CIRCLE('',#996,2.4);
#996 = AXIS2_PLACEMENT_3D('',#997,#998,#999);
#997 = CARTESIAN_POINT('',(-5.,-8.,263.));
#998 = DIRECTION('',(0.,0.,-1.));
#999 = DIRECTION('',(1.,0.,0.));
#1000 = FACE_BOUND('',#1001,.T.);
#1001 = EDGE_LOOP('',(#1002));
#1002 = ORIENTED_EDGE('',*,*,#1003,.F.);
#1003 = EDGE_CURVE('',#1004,#1004,#1006,.T.);
#1004 = VERTEX_POINT('',#1005);
#1005 = CARTESIAN_POINT('',(-70.6,-95.,263.));
#1006 = CIRCLE('',#1007,2.4);
#1007 = AXIS2_PLACEMENT_3D('',#1008,#1009,#1010);
#1008 = CARTESIAN_POINT('',(-73.,-95.,263.));
#1009 = DIRECTION('',(0.,0.,-1.));
#1010 = DIRECTION('',(1.,0.,0.));
#1011 = FACE_BOUND('',#1012,.T.);
#1012 = EDGE_LOOP('',(#1013));
#1013 = ORIENTED_EDGE('',*,*,#1014,.F.);
#1014 = EDGE_CURVE('',#1015,#1015,#1017,.T.);
#1015 = VERTEX_POINT('',#1016);
#1016 = CARTESIAN_POINT('',(-62.9,-78.7,263.));
#1017 = CIRCLE('',#1018,3.1);
#1018 = AXIS2_PLACEMENT_3D('',#1019,#1020,#1021);
#1019 = CARTESIAN_POINT('',(-66.,-78.7,263.));
#1020 = DIRECTION('',(0.,0.,-1.));
#1021 = DIRECTION('',(1.,0.,0.));
#1022 = FACE_BOUND('',#1023,.T.);
#1023 = EDGE_LOOP('',(#1024));
#1024 = ORIENTED_EDGE('',*,*,#1025,.F.);
#1025 = EDGE_CURVE('',#1026,#1026,#1028,.T.);
#1026 = VERTEX_POINT('',#1027);
#1027 = CARTESIAN_POINT('',(-84.6,-95.,263.));
#1028 = CIRCLE('',#1029,2.4);
#1029 = AXIS2_PLACEMENT_3D('',#1030,#1031,#1032);
#1030 = CARTESIAN_POINT('',(-87.,-95.,263.));
#1031 = DIRECTION('',(0.,0.,-1.));
#1032 = DIRECTION('',(1.,0.,0.));
#1033 = FACE_BOUND('',#1034,.T.);
#1034 = EDGE_LOOP('',(#1035));
#1035 = ORIENTED_EDGE('',*,*,#1036,.F.);
#1036 = EDGE_CURVE('',#1037,#1037,#1039,.T.);
#1037 = VERTEX_POINT('',#1038);
#1038 = CARTESIAN_POINT('',(-85.6,-77.5,263.));
#1039 = CIRCLE('',#1040,2.4);
#1040 = AXIS2_PLACEMENT_3D('',#1041,#1042,#1043);
#1041 = CARTESIAN_POINT('',(-88.,-77.5,263.));
#1042 = DIRECTION('',(0.,0.,-1.));
#1043 = DIRECTION('',(1.,0.,0.));
#1044 = FACE_BOUND('',#1045,.T.);
#1045 = EDGE_LOOP('',(#1046));
#1046 = ORIENTED_EDGE('',*,*,#1047,.F.);
#1047 = EDGE_CURVE('',#1048,#1048,#1050,.T.);
#1048 = VERTEX_POINT('',#1049);
#1049 = CARTESIAN_POINT('',(-85.6,-71.5,263.));
#1050 = CIRCLE('',#1051,2.4);
#1051 = AXIS2_PLACEMENT_3D('',#1052,#1053,#1054);
#1052 = CARTESIAN_POINT('',(-88.,-71.5,263.));
#1053 = DIRECTION('',(0.,0.,-1.));
#1054 = DIRECTION('',(1.,0.,0.));
#1055 = FACE_BOUND('',#1056,.T.);
#1056 = EDGE_LOOP('',(#1057));
#1057 = ORIENTED_EDGE('',*,*,#1058,.F.);
#1058 = EDGE_CURVE('',#1059,#1059,#1061,.T.);
#1059 = VERTEX_POINT('',#1060);
#1060 = CARTESIAN_POINT('',(-110.,-50.,263.));
#1061 = CIRCLE('',#1062,5.);
#1062 = AXIS2_PLACEMENT_3D('',#1063,#1064,#1065);
#1063 = CARTESIAN_POINT('',(-115.,-50.,263.));
#1064 = DIRECTION('',(0.,0.,-1.));
#1065 = DIRECTION('',(1.,0.,0.));
#1066 = FACE_BOUND('',#1067,.T.);
#1067 = EDGE_LOOP('',(#1068));
#1068 = ORIENTED_EDGE('',*,*,#1069,.F.);
#1069 = EDGE_CURVE('',#1070,#1070,#1072,.T.);
#1070 = VERTEX_POINT('',#1071);
#1071 = CARTESIAN_POINT('',(-106.8,-43.1,263.));
#1072 = CIRCLE('',#1073,2.4);
#1073 = AXIS2_PLACEMENT_3D('',#1074,#1075,#1076);
#1074 = CARTESIAN_POINT('',(-109.2,-43.1,263.));
#1075 = DIRECTION('',(0.,0.,-1.));
#1076 = DIRECTION('',(1.,0.,0.));
#1077 = FACE_BOUND('',#1078,.T.);
#1078 = EDGE_LOOP('',(#1079));
#1079 = ORIENTED_EDGE('',*,*,#1080,.F.);
#1080 = EDGE_CURVE('',#1081,#1081,#1083,.T.);
#1081 = VERTEX_POINT('',#1082);
#1082 = CARTESIAN_POINT('',(-119.89,-32.5,263.));
#1083 = CIRCLE('',#1084,2.4);
#1084 = AXIS2_PLACEMENT_3D('',#1085,#1086,#1087);
#1085 = CARTESIAN_POINT('',(-122.29,-32.5,263.));
#1086 = DIRECTION('',(0.,0.,-1.));
#1087 = DIRECTION('',(1.,0.,0.));
#1088 = FACE_BOUND('',#1089,.T.);
#1089 = EDGE_LOOP('',(#1090));
#1090 = ORIENTED_EDGE('',*,*,#1091,.F.);
#1091 = EDGE_CURVE('',#1092,#1092,#1094,.T.);
#1092 = VERTEX_POINT('',#1093);
#1093 = CARTESIAN_POINT('',(-2.6,8.,263.));
#1094 = CIRCLE('',#1095,2.4);
#1095 = AXIS2_PLACEMENT_3D('',#1096,#1097,#1098);
#1096 = CARTESIAN_POINT('',(-5.,8.,263.));
#1097 = DIRECTION('',(0.,0.,-1.));
#1098 = DIRECTION('',(1.,0.,0.));
#1099 = FACE_BOUND('',#1100,.T.);
#1100 = EDGE_LOOP('',(#1101));
#1101 = ORIENTED_EDGE('',*,*,#1102,.F.);
#1102 = EDGE_CURVE('',#1103,#1103,#1105,.T.);
#1103 = VERTEX_POINT('',#1104);
#1104 = CARTESIAN_POINT('',(-7.31,32.5,263.));
#1105 = CIRCLE('',#1106,2.4);
#1106 = AXIS2_PLACEMENT_3D('',#1107,#1108,#1109);
#1107 = CARTESIAN_POINT('',(-9.71,32.5,263.));
#1108 = DIRECTION('',(0.,0.,-1.));
#1109 = DIRECTION('',(1.,0.,0.));
#1110 = FACE_BOUND('',#1111,.T.);
#1111 = EDGE_LOOP('',(#1112));
#1112 = ORIENTED_EDGE('',*,*,#1113,.F.);
#1113 = EDGE_CURVE('',#1114,#1114,#1116,.T.);
#1114 = VERTEX_POINT('',#1115);
#1115 = CARTESIAN_POINT('',(-20.4,43.1,263.));
#1116 = CIRCLE('',#1117,2.4);
#1117 = AXIS2_PLACEMENT_3D('',#1118,#1119,#1120);
#1118 = CARTESIAN_POINT('',(-22.8,43.1,263.));
#1119 = DIRECTION('',(0.,0.,-1.));
#1120 = DIRECTION('',(1.,0.,0.));
#1121 = FACE_BOUND('',#1122,.T.);
#1122 = EDGE_LOOP('',(#1123));
#1123 = ORIENTED_EDGE('',*,*,#1124,.F.);
#1124 = EDGE_CURVE('',#1125,#1125,#1127,.T.);
#1125 = VERTEX_POINT('',#1126);
#1126 = CARTESIAN_POINT('',(-56.6,71.5,263.));
#1127 = CIRCLE('',#1128,2.4);
#1128 = AXIS2_PLACEMENT_3D('',#1129,#1130,#1131);
#1129 = CARTESIAN_POINT('',(-59.,71.5,263.));
#1130 = DIRECTION('',(0.,0.,-1.));
#1131 = DIRECTION('',(1.,0.,0.));
#1132 = FACE_BOUND('',#1133,.T.);
#1133 = EDGE_LOOP('',(#1134));
#1134 = ORIENTED_EDGE('',*,*,#1135,.F.);
#1135 = EDGE_CURVE('',#1136,#1136,#1138,.T.);
#1136 = VERTEX_POINT('',#1137);
#1137 = CARTESIAN_POINT('',(-56.6,77.5,263.));
#1138 = CIRCLE('',#1139,2.4);
#1139 = AXIS2_PLACEMENT_3D('',#1140,#1141,#1142);
#1140 = CARTESIAN_POINT('',(-59.,77.5,263.));
#1141 = DIRECTION('',(0.,0.,-1.));
#1142 = DIRECTION('',(1.,0.,0.));
#1143 = FACE_BOUND('',#1144,.T.);
#1144 = EDGE_LOOP('',(#1145,#1156,#1165,#1173,#1181,#1189,#1198,#1206,
    #1214));
#1145 = ORIENTED_EDGE('',*,*,#1146,.F.);
#1146 = EDGE_CURVE('',#1147,#1149,#1151,.T.);
#1147 = VERTEX_POINT('',#1148);
#1148 = CARTESIAN_POINT('',(-9.,-1.4E-14,263.));
#1149 = VERTEX_POINT('',#1150);
#1150 = CARTESIAN_POINT('',(-63.,-56.92099788303,263.));
#1151 = CIRCLE('',#1152,57.);
#1152 = AXIS2_PLACEMENT_3D('',#1153,#1154,#1155);
#1153 = CARTESIAN_POINT('',(-66.,0.,263.));
#1154 = DIRECTION('',(0.,0.,-1.));
#1155 = DIRECTION('',(1.,0.,0.));
#1156 = ORIENTED_EDGE('',*,*,#1157,.F.);
#1157 = EDGE_CURVE('',#1158,#1147,#1160,.T.);
#1158 = VERTEX_POINT('',#1159);
#1159 = CARTESIAN_POINT('',(-63.,56.920997883031,263.));
#1160 = CIRCLE('',#1161,57.);
#1161 = AXIS2_PLACEMENT_3D('',#1162,#1163,#1164);
#1162 = CARTESIAN_POINT('',(-66.,0.,263.));
#1163 = DIRECTION('',(0.,0.,-1.));
#1164 = DIRECTION('',(1.,0.,0.));
#1165 = ORIENTED_EDGE('',*,*,#1166,.F.);
#1166 = EDGE_CURVE('',#1167,#1158,#1169,.T.);
#1167 = VERTEX_POINT('',#1168);
#1168 = CARTESIAN_POINT('',(-63.,62.,263.));
#1169 = LINE('',#1170,#1171);
#1170 = CARTESIAN_POINT('',(-63.,23.,263.));
#1171 = VECTOR('',#1172,1.);
#1172 = DIRECTION('',(0.,-1.,0.));
#1173 = ORIENTED_EDGE('',*,*,#1174,.F.);
#1174 = EDGE_CURVE('',#1175,#1167,#1177,.T.);
#1175 = VERTEX_POINT('',#1176);
#1176 = CARTESIAN_POINT('',(-97.,62.,263.));
#1177 = LINE('',#1178,#1179);
#1178 = CARTESIAN_POINT('',(-82.4753693138,62.,263.));
#1179 = VECTOR('',#1180,1.);
#1180 = DIRECTION('',(1.,0.,0.));
#1181 = ORIENTED_EDGE('',*,*,#1182,.T.);
#1182 = EDGE_CURVE('',#1175,#1183,#1185,.T.);
#1183 = VERTEX_POINT('',#1184);
#1184 = CARTESIAN_POINT('',(-97.,47.833042972406,263.));
#1185 = LINE('',#1186,#1187);
#1186 = CARTESIAN_POINT('',(-97.,23.,263.));
#1187 = VECTOR('',#1188,1.);
#1188 = DIRECTION('',(0.,-1.,0.));
#1189 = ORIENTED_EDGE('',*,*,#1190,.F.);
#1190 = EDGE_CURVE('',#1191,#1183,#1193,.T.);
#1191 = VERTEX_POINT('',#1192);
#1192 = CARTESIAN_POINT('',(-97.,-47.8330429724,263.));
#1193 = CIRCLE('',#1194,57.);
#1194 = AXIS2_PLACEMENT_3D('',#1195,#1196,#1197);
#1195 = CARTESIAN_POINT('',(-66.,0.,263.));
#1196 = DIRECTION('',(0.,0.,-1.));
#1197 = DIRECTION('',(1.,0.,0.));
#1198 = ORIENTED_EDGE('',*,*,#1199,.T.);
#1199 = EDGE_CURVE('',#1191,#1200,#1202,.T.);
#1200 = VERTEX_POINT('',#1201);
#1201 = CARTESIAN_POINT('',(-97.,-62.,263.));
#1202 = LINE('',#1203,#1204);
#1203 = CARTESIAN_POINT('',(-97.,-31.,263.));
#1204 = VECTOR('',#1205,1.);
#1205 = DIRECTION('',(0.,-1.,0.));
#1206 = ORIENTED_EDGE('',*,*,#1207,.T.);
#1207 = EDGE_CURVE('',#1200,#1208,#1210,.T.);
#1208 = VERTEX_POINT('',#1209);
#1209 = CARTESIAN_POINT('',(-63.,-62.,263.));
#1210 = LINE('',#1211,#1212);
#1211 = CARTESIAN_POINT('',(-82.4753693138,-62.,263.));
#1212 = VECTOR('',#1213,1.);
#1213 = DIRECTION('',(1.,0.,0.));
#1214 = ORIENTED_EDGE('',*,*,#1215,.F.);
#1215 = EDGE_CURVE('',#1149,#1208,#1216,.T.);
#1216 = LINE('',#1217,#1218);
#1217 = CARTESIAN_POINT('',(-63.,-31.,263.));
#1218 = VECTOR('',#1219,1.);
#1219 = DIRECTION('',(0.,-1.,0.));
#1220 = FACE_BOUND('',#1221,.T.);
#1221 = EDGE_LOOP('',(#1222));
#1222 = ORIENTED_EDGE('',*,*,#1223,.F.);
#1223 = EDGE_CURVE('',#1224,#1224,#1226,.T.);
#1224 = VERTEX_POINT('',#1225);
#1225 = CARTESIAN_POINT('',(-106.8,43.1,263.));
#1226 = CIRCLE('',#1227,2.4);
#1227 = AXIS2_PLACEMENT_3D('',#1228,#1229,#1230);
#1228 = CARTESIAN_POINT('',(-109.2,43.1,263.));
#1229 = DIRECTION('',(0.,0.,-1.));
#1230 = DIRECTION('',(1.,0.,0.));
#1231 = FACE_BOUND('',#1232,.T.);
#1232 = EDGE_LOOP('',(#1233));
#1233 = ORIENTED_EDGE('',*,*,#1234,.F.);
#1234 = EDGE_CURVE('',#1235,#1235,#1237,.T.);
#1235 = VERTEX_POINT('',#1236);
#1236 = CARTESIAN_POINT('',(-119.89,32.5,263.));
#1237 = CIRCLE('',#1238,2.4);
#1238 = AXIS2_PLACEMENT_3D('',#1239,#1240,#1241);
#1239 = CARTESIAN_POINT('',(-122.29,32.5,263.));
#1240 = DIRECTION('',(0.,0.,-1.));
#1241 = DIRECTION('',(1.,0.,0.));
#1242 = FACE_BOUND('',#1243,.T.);
#1243 = EDGE_LOOP('',(#1244));
#1244 = ORIENTED_EDGE('',*,*,#1245,.F.);
#1245 = EDGE_CURVE('',#1246,#1246,#1248,.T.);
#1246 = VERTEX_POINT('',#1247);
#1247 = CARTESIAN_POINT('',(-85.6,71.5,263.));
#1248 = CIRCLE('',#1249,2.4);
#1249 = AXIS2_PLACEMENT_3D('',#1250,#1251,#1252);
#1250 = CARTESIAN_POINT('',(-88.,71.5,263.));
#1251 = DIRECTION('',(0.,0.,-1.));
#1252 = DIRECTION('',(1.,0.,0.));
#1253 = FACE_BOUND('',#1254,.T.);
#1254 = EDGE_LOOP('',(#1255));
#1255 = ORIENTED_EDGE('',*,*,#1256,.F.);
#1256 = EDGE_CURVE('',#1257,#1257,#1259,.T.);
#1257 = VERTEX_POINT('',#1258);
#1258 = CARTESIAN_POINT('',(-70.6,95.,263.));
#1259 = CIRCLE('',#1260,2.4);
#1260 = AXIS2_PLACEMENT_3D('',#1261,#1262,#1263);
#1261 = CARTESIAN_POINT('',(-73.,95.,263.));
#1262 = DIRECTION('',(0.,0.,-1.));
#1263 = DIRECTION('',(1.,0.,0.));
#1264 = FACE_BOUND('',#1265,.T.);
#1265 = EDGE_LOOP('',(#1266));
#1266 = ORIENTED_EDGE('',*,*,#1267,.F.);
#1267 = EDGE_CURVE('',#1268,#1268,#1270,.T.);
#1268 = VERTEX_POINT('',#1269);
#1269 = CARTESIAN_POINT('',(-85.6,77.5,263.));
#1270 = CIRCLE('',#1271,2.4);
#1271 = AXIS2_PLACEMENT_3D('',#1272,#1273,#1274);
#1272 = CARTESIAN_POINT('',(-88.,77.5,263.));
#1273 = DIRECTION('',(0.,0.,-1.));
#1274 = DIRECTION('',(1.,0.,0.));
#1275 = FACE_BOUND('',#1276,.T.);
#1276 = EDGE_LOOP('',(#1277));
#1277 = ORIENTED_EDGE('',*,*,#1278,.F.);
#1278 = EDGE_CURVE('',#1279,#1279,#1281,.T.);
#1279 = VERTEX_POINT('',#1280);
#1280 = CARTESIAN_POINT('',(-84.6,95.,263.));
#1281 = CIRCLE('',#1282,2.4);
#1282 = AXIS2_PLACEMENT_3D('',#1283,#1284,#1285);
#1283 = CARTESIAN_POINT('',(-87.,95.,263.));
#1284 = DIRECTION('',(0.,0.,-1.));
#1285 = DIRECTION('',(1.,0.,0.));
#1286 = PLANE('',#1287);
#1287 = AXIS2_PLACEMENT_3D('',#1288,#1289,#1290);
#1288 = CARTESIAN_POINT('',(-67.95073862761,1.538E-14,263.));
#1289 = DIRECTION('',(-0.,-0.,-1.));
#1290 = DIRECTION('',(-1.,0.,0.));
#1291 = ADVANCED_FACE('',(#1292),#1303,.F.);
#1292 = FACE_BOUND('',#1293,.F.);
#1293 = EDGE_LOOP('',(#1294,#1295,#1301,#1302));
#1294 = ORIENTED_EDGE('',*,*,#898,.F.);
#1295 = ORIENTED_EDGE('',*,*,#1296,.T.);
#1296 = EDGE_CURVE('',#899,#498,#1297,.T.);
#1297 = LINE('',#1298,#1299);
#1298 = CARTESIAN_POINT('',(-102.,-112.,263.));
#1299 = VECTOR('',#1300,1.);
#1300 = DIRECTION('',(0.,0.,1.));
#1301 = ORIENTED_EDGE('',*,*,#505,.T.);
#1302 = ORIENTED_EDGE('',*,*,#416,.F.);
#1303 = PLANE('',#1304);
#1304 = AXIS2_PLACEMENT_3D('',#1305,#1306,#1307);
#1305 = CARTESIAN_POINT('',(-102.,-112.,263.));
#1306 = DIRECTION('',(0.,1.,0.));
#1307 = DIRECTION('',(0.,0.,1.));
#1308 = ADVANCED_FACE('',(#1309),#1320,.T.);
#1309 = FACE_BOUND('',#1310,.T.);
#1310 = EDGE_LOOP('',(#1311,#1312,#1313,#1319));
#1311 = ORIENTED_EDGE('',*,*,#864,.T.);
#1312 = ORIENTED_EDGE('',*,*,#939,.T.);
#1313 = ORIENTED_EDGE('',*,*,#1314,.T.);
#1314 = EDGE_CURVE('',#932,#465,#1315,.T.);
#1315 = LINE('',#1316,#1317);
#1316 = CARTESIAN_POINT('',(-54.,112.,263.));
#1317 = VECTOR('',#1318,1.);
#1318 = DIRECTION('',(0.,0.,1.));
#1319 = ORIENTED_EDGE('',*,*,#464,.F.);
#1320 = PLANE('',#1321);
#1321 = AXIS2_PLACEMENT_3D('',#1322,#1323,#1324);
#1322 = CARTESIAN_POINT('',(-54.,62.,263.));
#1323 = DIRECTION('',(1.,0.,0.));
#1324 = DIRECTION('',(0.,0.,1.));
#1325 = ADVANCED_FACE('',(#1326),#1337,.F.);
#1326 = FACE_BOUND('',#1327,.F.);
#1327 = EDGE_LOOP('',(#1328,#1329,#1330,#1331));
#1328 = ORIENTED_EDGE('',*,*,#497,.F.);
#1329 = ORIENTED_EDGE('',*,*,#1296,.F.);
#1330 = ORIENTED_EDGE('',*,*,#906,.T.);
#1331 = ORIENTED_EDGE('',*,*,#1332,.F.);
#1332 = EDGE_CURVE('',#489,#907,#1333,.T.);
#1333 = LINE('',#1334,#1335);
#1334 = CARTESIAN_POINT('',(-102.,-77.,263.));
#1335 = VECTOR('',#1336,1.);
#1336 = DIRECTION('',(-0.,-0.,-1.));
#1337 = PLANE('',#1338);
#1338 = AXIS2_PLACEMENT_3D('',#1339,#1340,#1341);
#1339 = CARTESIAN_POINT('',(-102.,-112.,263.));
#1340 = DIRECTION('',(1.,0.,0.));
#1341 = DIRECTION('',(0.,0.,1.));
#1342 = ADVANCED_FACE('',(#1343),#1354,.T.);
#1343 = FACE_BOUND('',#1344,.T.);
#1344 = EDGE_LOOP('',(#1345,#1346,#1352,#1353));
#1345 = ORIENTED_EDGE('',*,*,#931,.F.);
#1346 = ORIENTED_EDGE('',*,*,#1347,.T.);
#1347 = EDGE_CURVE('',#924,#473,#1348,.T.);
#1348 = LINE('',#1349,#1350);
#1349 = CARTESIAN_POINT('',(-102.,112.,263.));
#1350 = VECTOR('',#1351,1.);
#1351 = DIRECTION('',(0.,0.,1.));
#1352 = ORIENTED_EDGE('',*,*,#472,.T.);
#1353 = ORIENTED_EDGE('',*,*,#1314,.F.);
#1354 = PLANE('',#1355);
#1355 = AXIS2_PLACEMENT_3D('',#1356,#1357,#1358);
#1356 = CARTESIAN_POINT('',(-102.,112.,263.));
#1357 = DIRECTION('',(0.,1.,0.));
#1358 = DIRECTION('',(0.,0.,1.));
#1359 = ADVANCED_FACE('',(#1360),#1371,.T.);
#1360 = FACE_BOUND('',#1361,.F.);
#1361 = EDGE_LOOP('',(#1362,#1363,#1369,#1370));
#1362 = ORIENTED_EDGE('',*,*,#914,.F.);
#1363 = ORIENTED_EDGE('',*,*,#1364,.F.);
#1364 = EDGE_CURVE('',#481,#915,#1365,.T.);
#1365 = LINE('',#1366,#1367);
#1366 = CARTESIAN_POINT('',(-102.,77.,263.));
#1367 = VECTOR('',#1368,1.);
#1368 = DIRECTION('',(-0.,-0.,-1.));
#1369 = ORIENTED_EDGE('',*,*,#488,.T.);
#1370 = ORIENTED_EDGE('',*,*,#1332,.T.);
#1371 = CYLINDRICAL_SURFACE('',#1372,85.);
#1372 = AXIS2_PLACEMENT_3D('',#1373,#1374,#1375);
#1373 = CARTESIAN_POINT('',(-66.,0.,263.));
#1374 = DIRECTION('',(-0.,-0.,-1.));
#1375 = DIRECTION('',(1.,0.,0.));
#1376 = ADVANCED_FACE('',(#1377),#1383,.F.);
#1377 = FACE_BOUND('',#1378,.F.);
#1378 = EDGE_LOOP('',(#1379,#1380,#1381,#1382));
#1379 = ORIENTED_EDGE('',*,*,#1364,.T.);
#1380 = ORIENTED_EDGE('',*,*,#923,.T.);
#1381 = ORIENTED_EDGE('',*,*,#1347,.T.);
#1382 = ORIENTED_EDGE('',*,*,#480,.F.);
#1383 = PLANE('',#1384);
#1384 = AXIS2_PLACEMENT_3D('',#1385,#1386,#1387);
#1385 = CARTESIAN_POINT('',(-102.,62.,263.));
#1386 = DIRECTION('',(1.,0.,0.));
#1387 = DIRECTION('',(0.,0.,1.));
#1388 = ADVANCED_FACE('',(#1389),#1400,.F.);
#1389 = FACE_BOUND('',#1390,.T.);
#1390 = EDGE_LOOP('',(#1391,#1392,#1398,#1399));
#1391 = ORIENTED_EDGE('',*,*,#1058,.T.);
#1392 = ORIENTED_EDGE('',*,*,#1393,.T.);
#1393 = EDGE_CURVE('',#1059,#515,#1394,.T.);
#1394 = LINE('',#1395,#1396);
#1395 = CARTESIAN_POINT('',(-110.,-50.,262.));
#1396 = VECTOR('',#1397,1.);
#1397 = DIRECTION('',(0.,0.,1.));
#1398 = ORIENTED_EDGE('',*,*,#514,.F.);
#1399 = ORIENTED_EDGE('',*,*,#1393,.F.);
#1400 = CYLINDRICAL_SURFACE('',#1401,5.);
#1401 = AXIS2_PLACEMENT_3D('',#1402,#1403,#1404);
#1402 = CARTESIAN_POINT('',(-115.,-50.,262.));
#1403 = DIRECTION('',(-0.,-0.,-1.));
#1404 = DIRECTION('',(1.,0.,0.));
#1405 = ADVANCED_FACE('',(#1406),#1417,.F.);
#1406 = FACE_BOUND('',#1407,.T.);
#1407 = EDGE_LOOP('',(#1408,#1409,#1415,#1416));
#1408 = ORIENTED_EDGE('',*,*,#1025,.T.);
#1409 = ORIENTED_EDGE('',*,*,#1410,.T.);
#1410 = EDGE_CURVE('',#1026,#526,#1411,.T.);
#1411 = LINE('',#1412,#1413);
#1412 = CARTESIAN_POINT('',(-84.6,-95.,262.));
#1413 = VECTOR('',#1414,1.);
#1414 = DIRECTION('',(0.,0.,1.));
#1415 = ORIENTED_EDGE('',*,*,#525,.F.);
#1416 = ORIENTED_EDGE('',*,*,#1410,.F.);
#1417 = CYLINDRICAL_SURFACE('',#1418,2.4);
#1418 = AXIS2_PLACEMENT_3D('',#1419,#1420,#1421);
#1419 = CARTESIAN_POINT('',(-87.,-95.,262.));
#1420 = DIRECTION('',(-0.,-0.,-1.));
#1421 = DIRECTION('',(1.,0.,0.));
#1422 = ADVANCED_FACE('',(#1423),#1434,.F.);
#1423 = FACE_BOUND('',#1424,.T.);
#1424 = EDGE_LOOP('',(#1425,#1426,#1432,#1433));
#1425 = ORIENTED_EDGE('',*,*,#1036,.T.);
#1426 = ORIENTED_EDGE('',*,*,#1427,.T.);
#1427 = EDGE_CURVE('',#1037,#537,#1428,.T.);
#1428 = LINE('',#1429,#1430);
#1429 = CARTESIAN_POINT('',(-85.6,-77.5,262.));
#1430 = VECTOR('',#1431,1.);
#1431 = DIRECTION('',(0.,0.,1.));
#1432 = ORIENTED_EDGE('',*,*,#536,.F.);
#1433 = ORIENTED_EDGE('',*,*,#1427,.F.);
#1434 = CYLINDRICAL_SURFACE('',#1435,2.4);
#1435 = AXIS2_PLACEMENT_3D('',#1436,#1437,#1438);
#1436 = CARTESIAN_POINT('',(-88.,-77.5,262.));
#1437 = DIRECTION('',(-0.,-0.,-1.));
#1438 = DIRECTION('',(1.,0.,0.));
#1439 = ADVANCED_FACE('',(#1440),#1451,.F.);
#1440 = FACE_BOUND('',#1441,.T.);
#1441 = EDGE_LOOP('',(#1442,#1443,#1449,#1450));
#1442 = ORIENTED_EDGE('',*,*,#1003,.T.);
#1443 = ORIENTED_EDGE('',*,*,#1444,.T.);
#1444 = EDGE_CURVE('',#1004,#548,#1445,.T.);
#1445 = LINE('',#1446,#1447);
#1446 = CARTESIAN_POINT('',(-70.6,-95.,262.));
#1447 = VECTOR('',#1448,1.);
#1448 = DIRECTION('',(0.,0.,1.));
#1449 = ORIENTED_EDGE('',*,*,#547,.F.);
#1450 = ORIENTED_EDGE('',*,*,#1444,.F.);
#1451 = CYLINDRICAL_SURFACE('',#1452,2.4);
#1452 = AXIS2_PLACEMENT_3D('',#1453,#1454,#1455);
#1453 = CARTESIAN_POINT('',(-73.,-95.,262.));
#1454 = DIRECTION('',(-0.,-0.,-1.));
#1455 = DIRECTION('',(1.,0.,0.));
#1456 = ADVANCED_FACE('',(#1457),#1468,.F.);
#1457 = FACE_BOUND('',#1458,.T.);
#1458 = EDGE_LOOP('',(#1459,#1460,#1466,#1467));
#1459 = ORIENTED_EDGE('',*,*,#1014,.T.);
#1460 = ORIENTED_EDGE('',*,*,#1461,.T.);
#1461 = EDGE_CURVE('',#1015,#559,#1462,.T.);
#1462 = LINE('',#1463,#1464);
#1463 = CARTESIAN_POINT('',(-62.9,-78.7,262.));
#1464 = VECTOR('',#1465,1.);
#1465 = DIRECTION('',(0.,0.,1.));
#1466 = ORIENTED_EDGE('',*,*,#558,.F.);
#1467 = ORIENTED_EDGE('',*,*,#1461,.F.);
#1468 = CYLINDRICAL_SURFACE('',#1469,3.1);
#1469 = AXIS2_PLACEMENT_3D('',#1470,#1471,#1472);
#1470 = CARTESIAN_POINT('',(-66.,-78.7,262.));
#1471 = DIRECTION('',(-0.,-0.,-1.));
#1472 = DIRECTION('',(1.,0.,0.));
#1473 = ADVANCED_FACE('',(#1474),#1485,.F.);
#1474 = FACE_BOUND('',#1475,.T.);
#1475 = EDGE_LOOP('',(#1476,#1477,#1483,#1484));
#1476 = ORIENTED_EDGE('',*,*,#1047,.T.);
#1477 = ORIENTED_EDGE('',*,*,#1478,.T.);
#1478 = EDGE_CURVE('',#1048,#570,#1479,.T.);
#1479 = LINE('',#1480,#1481);
#1480 = CARTESIAN_POINT('',(-85.6,-71.5,262.));
#1481 = VECTOR('',#1482,1.);
#1482 = DIRECTION('',(0.,0.,1.));
#1483 = ORIENTED_EDGE('',*,*,#569,.F.);
#1484 = ORIENTED_EDGE('',*,*,#1478,.F.);
#1485 = CYLINDRICAL_SURFACE('',#1486,2.4);
#1486 = AXIS2_PLACEMENT_3D('',#1487,#1488,#1489);
#1487 = CARTESIAN_POINT('',(-88.,-71.5,262.));
#1488 = DIRECTION('',(-0.,-0.,-1.));
#1489 = DIRECTION('',(1.,0.,0.));
#1490 = ADVANCED_FACE('',(#1491),#1502,.F.);
#1491 = FACE_BOUND('',#1492,.T.);
#1492 = EDGE_LOOP('',(#1493,#1494,#1500,#1501));
#1493 = ORIENTED_EDGE('',*,*,#1080,.T.);
#1494 = ORIENTED_EDGE('',*,*,#1495,.T.);
#1495 = EDGE_CURVE('',#1081,#581,#1496,.T.);
#1496 = LINE('',#1497,#1498);
#1497 = CARTESIAN_POINT('',(-119.89,-32.5,262.));
#1498 = VECTOR('',#1499,1.);
#1499 = DIRECTION('',(0.,0.,1.));
#1500 = ORIENTED_EDGE('',*,*,#580,.F.);
#1501 = ORIENTED_EDGE('',*,*,#1495,.F.);
#1502 = CYLINDRICAL_SURFACE('',#1503,2.4);
#1503 = AXIS2_PLACEMENT_3D('',#1504,#1505,#1506);
#1504 = CARTESIAN_POINT('',(-122.29,-32.5,262.));
#1505 = DIRECTION('',(-0.,-0.,-1.));
#1506 = DIRECTION('',(1.,0.,0.));
#1507 = ADVANCED_FACE('',(#1508),#1519,.F.);
#1508 = FACE_BOUND('',#1509,.T.);
#1509 = EDGE_LOOP('',(#1510,#1511,#1517,#1518));
#1510 = ORIENTED_EDGE('',*,*,#1069,.T.);
#1511 = ORIENTED_EDGE('',*,*,#1512,.T.);
#1512 = EDGE_CURVE('',#1070,#592,#1513,.T.);
#1513 = LINE('',#1514,#1515);
#1514 = CARTESIAN_POINT('',(-106.8,-43.1,262.));
#1515 = VECTOR('',#1516,1.);
#1516 = DIRECTION('',(0.,0.,1.));
#1517 = ORIENTED_EDGE('',*,*,#591,.F.);
#1518 = ORIENTED_EDGE('',*,*,#1512,.F.);
#1519 = CYLINDRICAL_SURFACE('',#1520,2.4);
#1520 = AXIS2_PLACEMENT_3D('',#1521,#1522,#1523);
#1521 = CARTESIAN_POINT('',(-109.2,-43.1,262.));
#1522 = DIRECTION('',(-0.,-0.,-1.));
#1523 = DIRECTION('',(1.,0.,0.));
#1524 = ADVANCED_FACE('',(#1525),#1536,.F.);
#1525 = FACE_BOUND('',#1526,.T.);
#1526 = EDGE_LOOP('',(#1527,#1528,#1534,#1535));
#1527 = ORIENTED_EDGE('',*,*,#948,.T.);
#1528 = ORIENTED_EDGE('',*,*,#1529,.T.);
#1529 = EDGE_CURVE('',#949,#603,#1530,.T.);
#1530 = LINE('',#1531,#1532);
#1531 = CARTESIAN_POINT('',(-56.6,-77.5,262.));
#1532 = VECTOR('',#1533,1.);
#1533 = DIRECTION('',(0.,0.,1.));
#1534 = ORIENTED_EDGE('',*,*,#602,.F.);
#1535 = ORIENTED_EDGE('',*,*,#1529,.F.);
#1536 = CYLINDRICAL_SURFACE('',#1537,2.4);
#1537 = AXIS2_PLACEMENT_3D('',#1538,#1539,#1540);
#1538 = CARTESIAN_POINT('',(-59.,-77.5,262.));
#1539 = DIRECTION('',(-0.,-0.,-1.));
#1540 = DIRECTION('',(1.,0.,0.));
#1541 = ADVANCED_FACE('',(#1542),#1553,.F.);
#1542 = FACE_BOUND('',#1543,.T.);
#1543 = EDGE_LOOP('',(#1544,#1545,#1551,#1552));
#1544 = ORIENTED_EDGE('',*,*,#959,.T.);
#1545 = ORIENTED_EDGE('',*,*,#1546,.T.);
#1546 = EDGE_CURVE('',#960,#614,#1547,.T.);
#1547 = LINE('',#1548,#1549);
#1548 = CARTESIAN_POINT('',(-56.6,-71.5,262.));
#1549 = VECTOR('',#1550,1.);
#1550 = DIRECTION('',(0.,0.,1.));
#1551 = ORIENTED_EDGE('',*,*,#613,.F.);
#1552 = ORIENTED_EDGE('',*,*,#1546,.F.);
#1553 = CYLINDRICAL_SURFACE('',#1554,2.4);
#1554 = AXIS2_PLACEMENT_3D('',#1555,#1556,#1557);
#1555 = CARTESIAN_POINT('',(-59.,-71.5,262.));
#1556 = DIRECTION('',(-0.,-0.,-1.));
#1557 = DIRECTION('',(1.,0.,0.));
#1558 = ADVANCED_FACE('',(#1559),#1570,.F.);
#1559 = FACE_BOUND('',#1560,.T.);
#1560 = EDGE_LOOP('',(#1561,#1562,#1568,#1569));
#1561 = ORIENTED_EDGE('',*,*,#981,.T.);
#1562 = ORIENTED_EDGE('',*,*,#1563,.T.);
#1563 = EDGE_CURVE('',#982,#625,#1564,.T.);
#1564 = LINE('',#1565,#1566);
#1565 = CARTESIAN_POINT('',(-20.4,-43.1,262.));
#1566 = VECTOR('',#1567,1.);
#1567 = DIRECTION('',(0.,0.,1.));
#1568 = ORIENTED_EDGE('',*,*,#624,.F.);
#1569 = ORIENTED_EDGE('',*,*,#1563,.F.);
#1570 = CYLINDRICAL_SURFACE('',#1571,2.4);
#1571 = AXIS2_PLACEMENT_3D('',#1572,#1573,#1574);
#1572 = CARTESIAN_POINT('',(-22.8,-43.1,262.));
#1573 = DIRECTION('',(-0.,-0.,-1.));
#1574 = DIRECTION('',(1.,0.,0.));
#1575 = ADVANCED_FACE('',(#1576),#1587,.F.);
#1576 = FACE_BOUND('',#1577,.T.);
#1577 = EDGE_LOOP('',(#1578,#1579,#1585,#1586));
#1578 = ORIENTED_EDGE('',*,*,#970,.T.);
#1579 = ORIENTED_EDGE('',*,*,#1580,.T.);
#1580 = EDGE_CURVE('',#971,#636,#1581,.T.);
#1581 = LINE('',#1582,#1583);
#1582 = CARTESIAN_POINT('',(-7.31,-32.5,262.));
#1583 = VECTOR('',#1584,1.);
#1584 = DIRECTION('',(0.,0.,1.));
#1585 = ORIENTED_EDGE('',*,*,#635,.F.);
#1586 = ORIENTED_EDGE('',*,*,#1580,.F.);
#1587 = CYLINDRICAL_SURFACE('',#1588,2.4);
#1588 = AXIS2_PLACEMENT_3D('',#1589,#1590,#1591);
#1589 = CARTESIAN_POINT('',(-9.71,-32.5,262.));
#1590 = DIRECTION('',(-0.,-0.,-1.));
#1591 = DIRECTION('',(1.,0.,0.));
#1592 = ADVANCED_FACE('',(#1593),#1604,.F.);
#1593 = FACE_BOUND('',#1594,.T.);
#1594 = EDGE_LOOP('',(#1595,#1596,#1602,#1603));
#1595 = ORIENTED_EDGE('',*,*,#992,.T.);
#1596 = ORIENTED_EDGE('',*,*,#1597,.T.);
#1597 = EDGE_CURVE('',#993,#647,#1598,.T.);
#1598 = LINE('',#1599,#1600);
#1599 = CARTESIAN_POINT('',(-2.6,-8.,262.));
#1600 = VECTOR('',#1601,1.);
#1601 = DIRECTION('',(0.,0.,1.));
#1602 = ORIENTED_EDGE('',*,*,#646,.F.);
#1603 = ORIENTED_EDGE('',*,*,#1597,.F.);
#1604 = CYLINDRICAL_SURFACE('',#1605,2.4);
#1605 = AXIS2_PLACEMENT_3D('',#1606,#1607,#1608);
#1606 = CARTESIAN_POINT('',(-5.,-8.,262.));
#1607 = DIRECTION('',(-0.,-0.,-1.));
#1608 = DIRECTION('',(1.,0.,0.));
#1609 = ADVANCED_FACE('',(#1610),#1621,.F.);
#1610 = FACE_BOUND('',#1611,.T.);
#1611 = EDGE_LOOP('',(#1612,#1613,#1619,#1620));
#1612 = ORIENTED_EDGE('',*,*,#1234,.T.);
#1613 = ORIENTED_EDGE('',*,*,#1614,.T.);
#1614 = EDGE_CURVE('',#1235,#658,#1615,.T.);
#1615 = LINE('',#1616,#1617);
#1616 = CARTESIAN_POINT('',(-119.89,32.5,262.));
#1617 = VECTOR('',#1618,1.);
#1618 = DIRECTION('',(0.,0.,1.));
#1619 = ORIENTED_EDGE('',*,*,#657,.F.);
#1620 = ORIENTED_EDGE('',*,*,#1614,.F.);
#1621 = CYLINDRICAL_SURFACE('',#1622,2.4);
#1622 = AXIS2_PLACEMENT_3D('',#1623,#1624,#1625);
#1623 = CARTESIAN_POINT('',(-122.29,32.5,262.));
#1624 = DIRECTION('',(-0.,-0.,-1.));
#1625 = DIRECTION('',(1.,0.,0.));
#1626 = ADVANCED_FACE('',(#1627),#1638,.F.);
#1627 = FACE_BOUND('',#1628,.T.);
#1628 = EDGE_LOOP('',(#1629,#1630,#1636,#1637));
#1629 = ORIENTED_EDGE('',*,*,#1223,.T.);
#1630 = ORIENTED_EDGE('',*,*,#1631,.T.);
#1631 = EDGE_CURVE('',#1224,#669,#1632,.T.);
#1632 = LINE('',#1633,#1634);
#1633 = CARTESIAN_POINT('',(-106.8,43.1,262.));
#1634 = VECTOR('',#1635,1.);
#1635 = DIRECTION('',(0.,0.,1.));
#1636 = ORIENTED_EDGE('',*,*,#668,.F.);
#1637 = ORIENTED_EDGE('',*,*,#1631,.F.);
#1638 = CYLINDRICAL_SURFACE('',#1639,2.4);
#1639 = AXIS2_PLACEMENT_3D('',#1640,#1641,#1642);
#1640 = CARTESIAN_POINT('',(-109.2,43.1,262.));
#1641 = DIRECTION('',(-0.,-0.,-1.));
#1642 = DIRECTION('',(1.,0.,0.));
#1643 = ADVANCED_FACE('',(#1644),#1660,.F.);
#1644 = FACE_BOUND('',#1645,.F.);
#1645 = EDGE_LOOP('',(#1646,#1652,#1653,#1659));
#1646 = ORIENTED_EDGE('',*,*,#1647,.T.);
#1647 = EDGE_CURVE('',#1167,#741,#1648,.T.);
#1648 = LINE('',#1649,#1650);
#1649 = CARTESIAN_POINT('',(-63.,62.,261.5));
#1650 = VECTOR('',#1651,1.);
#1651 = DIRECTION('',(0.,0.,1.));
#1652 = ORIENTED_EDGE('',*,*,#748,.F.);
#1653 = ORIENTED_EDGE('',*,*,#1654,.T.);
#1654 = EDGE_CURVE('',#680,#1158,#1655,.T.);
#1655 = LINE('',#1656,#1657);
#1656 = CARTESIAN_POINT('',(-63.,56.920997883031,262.));
#1657 = VECTOR('',#1658,1.);
#1658 = DIRECTION('',(-0.,-0.,-1.));
#1659 = ORIENTED_EDGE('',*,*,#1166,.F.);
#1660 = PLANE('',#1661);
#1661 = AXIS2_PLACEMENT_3D('',#1662,#1663,#1664);
#1662 = CARTESIAN_POINT('',(-63.,46.,261.5));
#1663 = DIRECTION('',(1.,0.,0.));
#1664 = DIRECTION('',(0.,0.,1.));
#1665 = ADVANCED_FACE('',(#1666),#1677,.F.);
#1666 = FACE_BOUND('',#1667,.F.);
#1667 = EDGE_LOOP('',(#1668,#1669,#1670,#1676));
#1668 = ORIENTED_EDGE('',*,*,#1647,.F.);
#1669 = ORIENTED_EDGE('',*,*,#1174,.F.);
#1670 = ORIENTED_EDGE('',*,*,#1671,.T.);
#1671 = EDGE_CURVE('',#1175,#733,#1672,.T.);
#1672 = LINE('',#1673,#1674);
#1673 = CARTESIAN_POINT('',(-97.,62.,261.5));
#1674 = VECTOR('',#1675,1.);
#1675 = DIRECTION('',(0.,0.,1.));
#1676 = ORIENTED_EDGE('',*,*,#740,.F.);
#1677 = PLANE('',#1678);
#1678 = AXIS2_PLACEMENT_3D('',#1679,#1680,#1681);
#1679 = CARTESIAN_POINT('',(-97.,62.,261.5));
#1680 = DIRECTION('',(0.,1.,0.));
#1681 = DIRECTION('',(0.,0.,1.));
#1682 = ADVANCED_FACE('',(#1683),#1694,.T.);
#1683 = FACE_BOUND('',#1684,.T.);
#1684 = EDGE_LOOP('',(#1685,#1686,#1687,#1693));
#1685 = ORIENTED_EDGE('',*,*,#1671,.T.);
#1686 = ORIENTED_EDGE('',*,*,#732,.F.);
#1687 = ORIENTED_EDGE('',*,*,#1688,.T.);
#1688 = EDGE_CURVE('',#724,#1183,#1689,.T.);
#1689 = LINE('',#1690,#1691);
#1690 = CARTESIAN_POINT('',(-97.,47.833042972406,262.));
#1691 = VECTOR('',#1692,1.);
#1692 = DIRECTION('',(-0.,-0.,-1.));
#1693 = ORIENTED_EDGE('',*,*,#1182,.F.);
#1694 = PLANE('',#1695);
#1695 = AXIS2_PLACEMENT_3D('',#1696,#1697,#1698);
#1696 = CARTESIAN_POINT('',(-97.,46.,261.5));
#1697 = DIRECTION('',(1.,0.,0.));
#1698 = DIRECTION('',(0.,0.,1.));
#1699 = ADVANCED_FACE('',(#1700),#1711,.F.);
#1700 = FACE_BOUND('',#1701,.T.);
#1701 = EDGE_LOOP('',(#1702,#1708,#1709,#1710));
#1702 = ORIENTED_EDGE('',*,*,#1703,.T.);
#1703 = EDGE_CURVE('',#716,#1191,#1704,.T.);
#1704 = LINE('',#1705,#1706);
#1705 = CARTESIAN_POINT('',(-97.,-47.8330429724,262.));
#1706 = VECTOR('',#1707,1.);
#1707 = DIRECTION('',(-0.,-0.,-1.));
#1708 = ORIENTED_EDGE('',*,*,#1190,.T.);
#1709 = ORIENTED_EDGE('',*,*,#1688,.F.);
#1710 = ORIENTED_EDGE('',*,*,#723,.F.);
#1711 = CYLINDRICAL_SURFACE('',#1712,57.);
#1712 = AXIS2_PLACEMENT_3D('',#1713,#1714,#1715);
#1713 = CARTESIAN_POINT('',(-66.,0.,262.));
#1714 = DIRECTION('',(-0.,-0.,-1.));
#1715 = DIRECTION('',(1.,0.,0.));
#1716 = ADVANCED_FACE('',(#1717),#1728,.T.);
#1717 = FACE_BOUND('',#1718,.T.);
#1718 = EDGE_LOOP('',(#1719,#1725,#1726,#1727));
#1719 = ORIENTED_EDGE('',*,*,#1720,.F.);
#1720 = EDGE_CURVE('',#1200,#708,#1721,.T.);
#1721 = LINE('',#1722,#1723);
#1722 = CARTESIAN_POINT('',(-97.,-62.,261.5));
#1723 = VECTOR('',#1724,1.);
#1724 = DIRECTION('',(0.,0.,1.));
#1725 = ORIENTED_EDGE('',*,*,#1199,.F.);
#1726 = ORIENTED_EDGE('',*,*,#1703,.F.);
#1727 = ORIENTED_EDGE('',*,*,#715,.F.);
#1728 = PLANE('',#1729);
#1729 = AXIS2_PLACEMENT_3D('',#1730,#1731,#1732);
#1730 = CARTESIAN_POINT('',(-97.,-62.,261.5));
#1731 = DIRECTION('',(1.,0.,0.));
#1732 = DIRECTION('',(0.,0.,1.));
#1733 = ADVANCED_FACE('',(#1734),#1745,.T.);
#1734 = FACE_BOUND('',#1735,.T.);
#1735 = EDGE_LOOP('',(#1736,#1742,#1743,#1744));
#1736 = ORIENTED_EDGE('',*,*,#1737,.F.);
#1737 = EDGE_CURVE('',#1208,#700,#1738,.T.);
#1738 = LINE('',#1739,#1740);
#1739 = CARTESIAN_POINT('',(-63.,-62.,261.5));
#1740 = VECTOR('',#1741,1.);
#1741 = DIRECTION('',(0.,0.,1.));
#1742 = ORIENTED_EDGE('',*,*,#1207,.F.);
#1743 = ORIENTED_EDGE('',*,*,#1720,.T.);
#1744 = ORIENTED_EDGE('',*,*,#707,.F.);
#1745 = PLANE('',#1746);
#1746 = AXIS2_PLACEMENT_3D('',#1747,#1748,#1749);
#1747 = CARTESIAN_POINT('',(-97.,-62.,261.5));
#1748 = DIRECTION('',(0.,1.,0.));
#1749 = DIRECTION('',(0.,0.,1.));
#1750 = ADVANCED_FACE('',(#1751),#1762,.F.);
#1751 = FACE_BOUND('',#1752,.F.);
#1752 = EDGE_LOOP('',(#1753,#1754,#1755,#1761));
#1753 = ORIENTED_EDGE('',*,*,#1737,.F.);
#1754 = ORIENTED_EDGE('',*,*,#1215,.F.);
#1755 = ORIENTED_EDGE('',*,*,#1756,.F.);
#1756 = EDGE_CURVE('',#691,#1149,#1757,.T.);
#1757 = LINE('',#1758,#1759);
#1758 = CARTESIAN_POINT('',(-63.,-56.92099788303,262.));
#1759 = VECTOR('',#1760,1.);
#1760 = DIRECTION('',(-0.,-0.,-1.));
#1761 = ORIENTED_EDGE('',*,*,#699,.F.);
#1762 = PLANE('',#1763);
#1763 = AXIS2_PLACEMENT_3D('',#1764,#1765,#1766);
#1764 = CARTESIAN_POINT('',(-63.,-62.,261.5));
#1765 = DIRECTION('',(1.,0.,0.));
#1766 = DIRECTION('',(0.,0.,1.));
#1767 = ADVANCED_FACE('',(#1768),#1779,.F.);
#1768 = FACE_BOUND('',#1769,.T.);
#1769 = EDGE_LOOP('',(#1770,#1771,#1777,#1778));
#1770 = ORIENTED_EDGE('',*,*,#1245,.T.);
#1771 = ORIENTED_EDGE('',*,*,#1772,.T.);
#1772 = EDGE_CURVE('',#1246,#757,#1773,.T.);
#1773 = LINE('',#1774,#1775);
#1774 = CARTESIAN_POINT('',(-85.6,71.5,262.));
#1775 = VECTOR('',#1776,1.);
#1776 = DIRECTION('',(0.,0.,1.));
#1777 = ORIENTED_EDGE('',*,*,#756,.F.);
#1778 = ORIENTED_EDGE('',*,*,#1772,.F.);
#1779 = CYLINDRICAL_SURFACE('',#1780,2.4);
#1780 = AXIS2_PLACEMENT_3D('',#1781,#1782,#1783);
#1781 = CARTESIAN_POINT('',(-88.,71.5,262.));
#1782 = DIRECTION('',(-0.,-0.,-1.));
#1783 = DIRECTION('',(1.,0.,0.));
#1784 = ADVANCED_FACE('',(#1785),#1796,.F.);
#1785 = FACE_BOUND('',#1786,.T.);
#1786 = EDGE_LOOP('',(#1787,#1788,#1794,#1795));
#1787 = ORIENTED_EDGE('',*,*,#1267,.T.);
#1788 = ORIENTED_EDGE('',*,*,#1789,.T.);
#1789 = EDGE_CURVE('',#1268,#768,#1790,.T.);
#1790 = LINE('',#1791,#1792);
#1791 = CARTESIAN_POINT('',(-85.6,77.5,262.));
#1792 = VECTOR('',#1793,1.);
#1793 = DIRECTION('',(0.,0.,1.));
#1794 = ORIENTED_EDGE('',*,*,#767,.F.);
#1795 = ORIENTED_EDGE('',*,*,#1789,.F.);
#1796 = CYLINDRICAL_SURFACE('',#1797,2.4);
#1797 = AXIS2_PLACEMENT_3D('',#1798,#1799,#1800);
#1798 = CARTESIAN_POINT('',(-88.,77.5,262.));
#1799 = DIRECTION('',(-0.,-0.,-1.));
#1800 = DIRECTION('',(1.,0.,0.));
#1801 = ADVANCED_FACE('',(#1802),#1813,.F.);
#1802 = FACE_BOUND('',#1803,.T.);
#1803 = EDGE_LOOP('',(#1804,#1805,#1811,#1812));
#1804 = ORIENTED_EDGE('',*,*,#1278,.T.);
#1805 = ORIENTED_EDGE('',*,*,#1806,.T.);
#1806 = EDGE_CURVE('',#1279,#779,#1807,.T.);
#1807 = LINE('',#1808,#1809);
#1808 = CARTESIAN_POINT('',(-84.6,95.,262.));
#1809 = VECTOR('',#1810,1.);
#1810 = DIRECTION('',(0.,0.,1.));
#1811 = ORIENTED_EDGE('',*,*,#778,.F.);
#1812 = ORIENTED_EDGE('',*,*,#1806,.F.);
#1813 = CYLINDRICAL_SURFACE('',#1814,2.4);
#1814 = AXIS2_PLACEMENT_3D('',#1815,#1816,#1817);
#1815 = CARTESIAN_POINT('',(-87.,95.,262.));
#1816 = DIRECTION('',(-0.,-0.,-1.));
#1817 = DIRECTION('',(1.,0.,0.));
#1818 = ADVANCED_FACE('',(#1819),#1830,.F.);
#1819 = FACE_BOUND('',#1820,.T.);
#1820 = EDGE_LOOP('',(#1821,#1822,#1828,#1829));
#1821 = ORIENTED_EDGE('',*,*,#1256,.T.);
#1822 = ORIENTED_EDGE('',*,*,#1823,.T.);
#1823 = EDGE_CURVE('',#1257,#790,#1824,.T.);
#1824 = LINE('',#1825,#1826);
#1825 = CARTESIAN_POINT('',(-70.6,95.,262.));
#1826 = VECTOR('',#1827,1.);
#1827 = DIRECTION('',(0.,0.,1.));
#1828 = ORIENTED_EDGE('',*,*,#789,.F.);
#1829 = ORIENTED_EDGE('',*,*,#1823,.F.);
#1830 = CYLINDRICAL_SURFACE('',#1831,2.4);
#1831 = AXIS2_PLACEMENT_3D('',#1832,#1833,#1834);
#1832 = CARTESIAN_POINT('',(-73.,95.,262.));
#1833 = DIRECTION('',(-0.,-0.,-1.));
#1834 = DIRECTION('',(1.,0.,0.));
#1835 = ADVANCED_FACE('',(#1836),#1847,.F.);
#1836 = FACE_BOUND('',#1837,.T.);
#1837 = EDGE_LOOP('',(#1838,#1839,#1845,#1846));
#1838 = ORIENTED_EDGE('',*,*,#1091,.T.);
#1839 = ORIENTED_EDGE('',*,*,#1840,.T.);
#1840 = EDGE_CURVE('',#1092,#801,#1841,.T.);
#1841 = LINE('',#1842,#1843);
#1842 = CARTESIAN_POINT('',(-2.6,8.,262.));
#1843 = VECTOR('',#1844,1.);
#1844 = DIRECTION('',(0.,0.,1.));
#1845 = ORIENTED_EDGE('',*,*,#800,.F.);
#1846 = ORIENTED_EDGE('',*,*,#1840,.F.);
#1847 = CYLINDRICAL_SURFACE('',#1848,2.4);
#1848 = AXIS2_PLACEMENT_3D('',#1849,#1850,#1851);
#1849 = CARTESIAN_POINT('',(-5.,8.,262.));
#1850 = DIRECTION('',(-0.,-0.,-1.));
#1851 = DIRECTION('',(1.,0.,0.));
#1852 = ADVANCED_FACE('',(#1853),#1864,.F.);
#1853 = FACE_BOUND('',#1854,.T.);
#1854 = EDGE_LOOP('',(#1855,#1856,#1862,#1863));
#1855 = ORIENTED_EDGE('',*,*,#1113,.T.);
#1856 = ORIENTED_EDGE('',*,*,#1857,.T.);
#1857 = EDGE_CURVE('',#1114,#812,#1858,.T.);
#1858 = LINE('',#1859,#1860);
#1859 = CARTESIAN_POINT('',(-20.4,43.1,262.));
#1860 = VECTOR('',#1861,1.);
#1861 = DIRECTION('',(0.,0.,1.));
#1862 = ORIENTED_EDGE('',*,*,#811,.F.);
#1863 = ORIENTED_EDGE('',*,*,#1857,.F.);
#1864 = CYLINDRICAL_SURFACE('',#1865,2.4);
#1865 = AXIS2_PLACEMENT_3D('',#1866,#1867,#1868);
#1866 = CARTESIAN_POINT('',(-22.8,43.1,262.));
#1867 = DIRECTION('',(-0.,-0.,-1.));
#1868 = DIRECTION('',(1.,0.,0.));
#1869 = ADVANCED_FACE('',(#1870),#1881,.F.);
#1870 = FACE_BOUND('',#1871,.T.);
#1871 = EDGE_LOOP('',(#1872,#1873,#1879,#1880));
#1872 = ORIENTED_EDGE('',*,*,#1102,.T.);
#1873 = ORIENTED_EDGE('',*,*,#1874,.T.);
#1874 = EDGE_CURVE('',#1103,#823,#1875,.T.);
#1875 = LINE('',#1876,#1877);
#1876 = CARTESIAN_POINT('',(-7.31,32.5,262.));
#1877 = VECTOR('',#1878,1.);
#1878 = DIRECTION('',(0.,0.,1.));
#1879 = ORIENTED_EDGE('',*,*,#822,.F.);
#1880 = ORIENTED_EDGE('',*,*,#1874,.F.);
#1881 = CYLINDRICAL_SURFACE('',#1882,2.4);
#1882 = AXIS2_PLACEMENT_3D('',#1883,#1884,#1885);
#1883 = CARTESIAN_POINT('',(-9.71,32.5,262.));
#1884 = DIRECTION('',(-0.,-0.,-1.));
#1885 = DIRECTION('',(1.,0.,0.));
#1886 = ADVANCED_FACE('',(#1887),#1898,.F.);
#1887 = FACE_BOUND('',#1888,.T.);
#1888 = EDGE_LOOP('',(#1889,#1890,#1896,#1897));
#1889 = ORIENTED_EDGE('',*,*,#1124,.T.);
#1890 = ORIENTED_EDGE('',*,*,#1891,.T.);
#1891 = EDGE_CURVE('',#1125,#834,#1892,.T.);
#1892 = LINE('',#1893,#1894);
#1893 = CARTESIAN_POINT('',(-56.6,71.5,262.));
#1894 = VECTOR('',#1895,1.);
#1895 = DIRECTION('',(0.,0.,1.));
#1896 = ORIENTED_EDGE('',*,*,#833,.F.);
#1897 = ORIENTED_EDGE('',*,*,#1891,.F.);
#1898 = CYLINDRICAL_SURFACE('',#1899,2.4);
#1899 = AXIS2_PLACEMENT_3D('',#1900,#1901,#1902);
#1900 = CARTESIAN_POINT('',(-59.,71.5,262.));
#1901 = DIRECTION('',(-0.,-0.,-1.));
#1902 = DIRECTION('',(1.,0.,0.));
#1903 = ADVANCED_FACE('',(#1904),#1915,.F.);
#1904 = FACE_BOUND('',#1905,.T.);
#1905 = EDGE_LOOP('',(#1906,#1907,#1913,#1914));
#1906 = ORIENTED_EDGE('',*,*,#1135,.T.);
#1907 = ORIENTED_EDGE('',*,*,#1908,.T.);
#1908 = EDGE_CURVE('',#1136,#845,#1909,.T.);
#1909 = LINE('',#1910,#1911);
#1910 = CARTESIAN_POINT('',(-56.6,77.5,262.));
#1911 = VECTOR('',#1912,1.);
#1912 = DIRECTION('',(0.,0.,1.));
#1913 = ORIENTED_EDGE('',*,*,#844,.F.);
#1914 = ORIENTED_EDGE('',*,*,#1908,.F.);
#1915 = CYLINDRICAL_SURFACE('',#1916,2.4);
#1916 = AXIS2_PLACEMENT_3D('',#1917,#1918,#1919);
#1917 = CARTESIAN_POINT('',(-59.,77.5,262.));
#1918 = DIRECTION('',(-0.,-0.,-1.));
#1919 = DIRECTION('',(1.,0.,0.));
#1920 = ADVANCED_FACE('',(#1921),#1929,.F.);
#1921 = FACE_BOUND('',#1922,.T.);
#1922 = EDGE_LOOP('',(#1923,#1924,#1925,#1926,#1927,#1928));
#1923 = ORIENTED_EDGE('',*,*,#1146,.T.);
#1924 = ORIENTED_EDGE('',*,*,#1756,.F.);
#1925 = ORIENTED_EDGE('',*,*,#690,.F.);
#1926 = ORIENTED_EDGE('',*,*,#679,.F.);
#1927 = ORIENTED_EDGE('',*,*,#1654,.T.);
#1928 = ORIENTED_EDGE('',*,*,#1157,.T.);
#1929 = CYLINDRICAL_SURFACE('',#1930,57.);
#1930 = AXIS2_PLACEMENT_3D('',#1931,#1932,#1933);
#1931 = CARTESIAN_POINT('',(-66.,0.,262.));
#1932 = DIRECTION('',(-0.,-0.,-1.));
#1933 = DIRECTION('',(1.,0.,0.));
#1934 = ( GEOMETRIC_REPRESENTATION_CONTEXT(3) 
GLOBAL_UNCERTAINTY_ASSIGNED_CONTEXT((#1938)) 
GLOBAL_UNIT_ASSIGNED_CONTEXT((#1935,#1936,#1937)) REPRESENTATION_CONTEXT
('Context #1','3D Context with UNIT and UNCERTAINTY') );
#1935 = ( LENGTH_UNIT() NAMED_UNIT(*) SI_UNIT(.MILLI.,.METRE.) );
#1936 = ( NAMED_UNIT(*) PLANE_ANGLE_UNIT() SI_UNIT($,.RADIAN.) );
#1937 = ( NAMED_UNIT(*) SI_UNIT($,.STERADIAN.) SOLID_ANGLE_UNIT() );
#1938 = UNCERTAINTY_MEASURE_WITH_UNIT(LENGTH_MEASURE(2.E-05),#1935,
  'distance_accuracy_value','confusion accuracy');
#1939 = CONTEXT_DEPENDENT_SHAPE_REPRESENTATION(#1940,#1942);
#1940 = ( REPRESENTATION_RELATIONSHIP('','',#399,#10) 
REPRESENTATION_RELATIONSHIP_WITH_TRANSFORMATION(#1941) 
SHAPE_REPRESENTATION_RELATIONSHIP() );
#1941 = ITEM_DEFINED_TRANSFORMATION('','',#11,#19);
#1942 = PRODUCT_DEFINITION_SHAPE('Placement','Placement of an item',
  #1943);
#1943 = NEXT_ASSEMBLY_USAGE_OCCURRENCE('429','TURRET_PLATE','',#5,#394,$
  );
#1944 = PRODUCT_RELATED_PRODUCT_CATEGORY('part',$,(#396));
#1945 = SHAPE_DEFINITION_REPRESENTATION(#1946,#1952);
#1946 = PRODUCT_DEFINITION_SHAPE('','',#1947);
#1947 = PRODUCT_DEFINITION('design','',#1948,#1951);
#1948 = PRODUCT_DEFINITION_FORMATION('','',#1949);
#1949 = PRODUCT('LAUNCH_CHEEK_L','LAUNCH_CHEEK_L','',(#1950));
#1950 = PRODUCT_CONTEXT('',#2,'mechanical');
#1951 = PRODUCT_DEFINITION_CONTEXT('part definition',#2,'design');
#1952 = ADVANCED_BREP_SHAPE_REPRESENTATION('',(#11,#1953),#2508);
#1953 = MANIFOLD_SOLID_BREP('',#1954);
#1954 = CLOSED_SHELL('',(#1955,#1995,#2103,#2127,#2260,#2300,#2312,#2329
    ,#2346,#2363,#2380,#2397,#2414,#2431,#2455,#2479,#2496));
#1955 = ADVANCED_FACE('',(#1956),#1990,.F.);
#1956 = FACE_BOUND('',#1957,.F.);
#1957 = EDGE_LOOP('',(#1958,#1968,#1976,#1984));
#1958 = ORIENTED_EDGE('',*,*,#1959,.F.);
#1959 = EDGE_CURVE('',#1960,#1962,#1964,.T.);
#1960 = VERTEX_POINT('',#1961);
#1961 = CARTESIAN_POINT('',(-110.,64.,267.));
#1962 = VERTEX_POINT('',#1963);
#1963 = CARTESIAN_POINT('',(-110.,64.,379.));
#1964 = LINE('',#1965,#1966);
#1965 = CARTESIAN_POINT('',(-110.,64.,267.));
#1966 = VECTOR('',#1967,1.);
#1967 = DIRECTION('',(0.,0.,1.));
#1968 = ORIENTED_EDGE('',*,*,#1969,.T.);
#1969 = EDGE_CURVE('',#1960,#1970,#1972,.T.);
#1970 = VERTEX_POINT('',#1971);
#1971 = CARTESIAN_POINT('',(-110.,69.,267.));
#1972 = LINE('',#1973,#1974);
#1973 = CARTESIAN_POINT('',(-110.,64.,267.));
#1974 = VECTOR('',#1975,1.);
#1975 = DIRECTION('',(0.,1.,0.));
#1976 = ORIENTED_EDGE('',*,*,#1977,.T.);
#1977 = EDGE_CURVE('',#1970,#1978,#1980,.T.);
#1978 = VERTEX_POINT('',#1979);
#1979 = CARTESIAN_POINT('',(-110.,69.,379.));
#1980 = LINE('',#1981,#1982);
#1981 = CARTESIAN_POINT('',(-110.,69.,267.));
#1982 = VECTOR('',#1983,1.);
#1983 = DIRECTION('',(0.,0.,1.));
#1984 = ORIENTED_EDGE('',*,*,#1985,.F.);
#1985 = EDGE_CURVE('',#1962,#1978,#1986,.T.);
#1986 = LINE('',#1987,#1988);
#1987 = CARTESIAN_POINT('',(-110.,64.,379.));
#1988 = VECTOR('',#1989,1.);
#1989 = DIRECTION('',(0.,1.,0.));
#1990 = PLANE('',#1991);
#1991 = AXIS2_PLACEMENT_3D('',#1992,#1993,#1994);
#1992 = CARTESIAN_POINT('',(-110.,64.,267.));
#1993 = DIRECTION('',(1.,0.,0.));
#1994 = DIRECTION('',(0.,0.,1.));
#1995 = ADVANCED_FACE('',(#1996,#2021,#2032,#2043,#2054,#2065,#2076,
    #2087),#2098,.F.);
#1996 = FACE_BOUND('',#1997,.F.);
#1997 = EDGE_LOOP('',(#1998,#2006,#2007,#2015));
#1998 = ORIENTED_EDGE('',*,*,#1999,.F.);
#1999 = EDGE_CURVE('',#1960,#2000,#2002,.T.);
#2000 = VERTEX_POINT('',#2001);
#2001 = CARTESIAN_POINT('',(-34.,64.,267.));
#2002 = LINE('',#2003,#2004);
#2003 = CARTESIAN_POINT('',(-110.,64.,267.));
#2004 = VECTOR('',#2005,1.);
#2005 = DIRECTION('',(1.,0.,0.));
#2006 = ORIENTED_EDGE('',*,*,#1959,.T.);
#2007 = ORIENTED_EDGE('',*,*,#2008,.T.);
#2008 = EDGE_CURVE('',#1962,#2009,#2011,.T.);
#2009 = VERTEX_POINT('',#2010);
#2010 = CARTESIAN_POINT('',(-34.,64.,379.));
#2011 = LINE('',#2012,#2013);
#2012 = CARTESIAN_POINT('',(-110.,64.,379.));
#2013 = VECTOR('',#2014,1.);
#2014 = DIRECTION('',(1.,0.,0.));
#2015 = ORIENTED_EDGE('',*,*,#2016,.F.);
#2016 = EDGE_CURVE('',#2000,#2009,#2017,.T.);
#2017 = LINE('',#2018,#2019);
#2018 = CARTESIAN_POINT('',(-34.,64.,267.));
#2019 = VECTOR('',#2020,1.);
#2020 = DIRECTION('',(0.,0.,1.));
#2021 = FACE_BOUND('',#2022,.F.);
#2022 = EDGE_LOOP('',(#2023));
#2023 = ORIENTED_EDGE('',*,*,#2024,.T.);
#2024 = EDGE_CURVE('',#2025,#2025,#2027,.T.);
#2025 = VERTEX_POINT('',#2026);
#2026 = CARTESIAN_POINT('',(-93.3,64.,293.5));
#2027 = CIRCLE('',#2028,1.7);
#2028 = AXIS2_PLACEMENT_3D('',#2029,#2030,#2031);
#2029 = CARTESIAN_POINT('',(-95.,64.,293.5));
#2030 = DIRECTION('',(0.,-1.,2.2E-16));
#2031 = DIRECTION('',(1.,0.,0.));
#2032 = FACE_BOUND('',#2033,.F.);
#2033 = EDGE_LOOP('',(#2034));
#2034 = ORIENTED_EDGE('',*,*,#2035,.T.);
#2035 = EDGE_CURVE('',#2036,#2036,#2038,.T.);
#2036 = VERTEX_POINT('',#2037);
#2037 = CARTESIAN_POINT('',(-93.3,64.,323.5));
#2038 = CIRCLE('',#2039,1.7);
#2039 = AXIS2_PLACEMENT_3D('',#2040,#2041,#2042);
#2040 = CARTESIAN_POINT('',(-95.,64.,323.5));
#2041 = DIRECTION('',(0.,-1.,2.2E-16));
#2042 = DIRECTION('',(1.,0.,0.));
#2043 = FACE_BOUND('',#2044,.F.);
#2044 = EDGE_LOOP('',(#2045));
#2045 = ORIENTED_EDGE('',*,*,#2046,.T.);
#2046 = EDGE_CURVE('',#2047,#2047,#2049,.T.);
#2047 = VERTEX_POINT('',#2048);
#2048 = CARTESIAN_POINT('',(-101.6,64.,370.));
#2049 = CIRCLE('',#2050,2.4);
#2050 = AXIS2_PLACEMENT_3D('',#2051,#2052,#2053);
#2051 = CARTESIAN_POINT('',(-104.,64.,370.));
#2052 = DIRECTION('',(0.,-1.,2.2E-16));
#2053 = DIRECTION('',(1.,0.,0.));
#2054 = FACE_BOUND('',#2055,.F.);
#2055 = EDGE_LOOP('',(#2056));
#2056 = ORIENTED_EDGE('',*,*,#2057,.T.);
#2057 = EDGE_CURVE('',#2058,#2058,#2060,.T.);
#2058 = VERTEX_POINT('',#2059);
#2059 = CARTESIAN_POINT('',(-96.1,64.,359.));
#2060 = CIRCLE('',#2061,4.2);
#2061 = AXIS2_PLACEMENT_3D('',#2062,#2063,#2064);
#2062 = CARTESIAN_POINT('',(-100.3,64.,359.));
#2063 = DIRECTION('',(0.,-1.,2.2E-16));
#2064 = DIRECTION('',(1.,0.,0.));
#2065 = FACE_BOUND('',#2066,.F.);
#2066 = EDGE_LOOP('',(#2067));
#2067 = ORIENTED_EDGE('',*,*,#2068,.T.);
#2068 = EDGE_CURVE('',#2069,#2069,#2071,.T.);
#2069 = VERTEX_POINT('',#2070);
#2070 = CARTESIAN_POINT('',(-71.8,64.,308.5));
#2071 = CIRCLE('',#2072,8.2);
#2072 = AXIS2_PLACEMENT_3D('',#2073,#2074,#2075);
#2073 = CARTESIAN_POINT('',(-80.,64.,308.5));
#2074 = DIRECTION('',(0.,-1.,2.2E-16));
#2075 = DIRECTION('',(1.,0.,0.));
#2076 = FACE_BOUND('',#2077,.F.);
#2077 = EDGE_LOOP('',(#2078));
#2078 = ORIENTED_EDGE('',*,*,#2079,.T.);
#2079 = EDGE_CURVE('',#2080,#2080,#2082,.T.);
#2080 = VERTEX_POINT('',#2081);
#2081 = CARTESIAN_POINT('',(-63.3,64.,293.5));
#2082 = CIRCLE('',#2083,1.7);
#2083 = AXIS2_PLACEMENT_3D('',#2084,#2085,#2086);
#2084 = CARTESIAN_POINT('',(-65.,64.,293.5));
#2085 = DIRECTION('',(0.,-1.,2.2E-16));
#2086 = DIRECTION('',(1.,0.,0.));
#2087 = FACE_BOUND('',#2088,.F.);
#2088 = EDGE_LOOP('',(#2089));
#2089 = ORIENTED_EDGE('',*,*,#2090,.T.);
#2090 = EDGE_CURVE('',#2091,#2091,#2093,.T.);
#2091 = VERTEX_POINT('',#2092);
#2092 = CARTESIAN_POINT('',(-63.3,64.,323.5));
#2093 = CIRCLE('',#2094,1.7);
#2094 = AXIS2_PLACEMENT_3D('',#2095,#2096,#2097);
#2095 = CARTESIAN_POINT('',(-65.,64.,323.5));
#2096 = DIRECTION('',(0.,-1.,2.2E-16));
#2097 = DIRECTION('',(1.,0.,0.));
#2098 = PLANE('',#2099);
#2099 = AXIS2_PLACEMENT_3D('',#2100,#2101,#2102);
#2100 = CARTESIAN_POINT('',(-110.,64.,267.));
#2101 = DIRECTION('',(0.,1.,0.));
#2102 = DIRECTION('',(0.,0.,1.));
#2103 = ADVANCED_FACE('',(#2104),#2122,.T.);
#2104 = FACE_BOUND('',#2105,.T.);
#2105 = EDGE_LOOP('',(#2106,#2107,#2108,#2116));
#2106 = ORIENTED_EDGE('',*,*,#1985,.F.);
#2107 = ORIENTED_EDGE('',*,*,#2008,.T.);
#2108 = ORIENTED_EDGE('',*,*,#2109,.T.);
#2109 = EDGE_CURVE('',#2009,#2110,#2112,.T.);
#2110 = VERTEX_POINT('',#2111);
#2111 = CARTESIAN_POINT('',(-34.,69.,379.));
#2112 = LINE('',#2113,#2114);
#2113 = CARTESIAN_POINT('',(-34.,64.,379.));
#2114 = VECTOR('',#2115,1.);
#2115 = DIRECTION('',(0.,1.,0.));
#2116 = ORIENTED_EDGE('',*,*,#2117,.F.);
#2117 = EDGE_CURVE('',#1978,#2110,#2118,.T.);
#2118 = LINE('',#2119,#2120);
#2119 = CARTESIAN_POINT('',(-110.,69.,379.));
#2120 = VECTOR('',#2121,1.);
#2121 = DIRECTION('',(1.,0.,0.));
#2122 = PLANE('',#2123);
#2123 = AXIS2_PLACEMENT_3D('',#2124,#2125,#2126);
#2124 = CARTESIAN_POINT('',(-110.,64.,379.));
#2125 = DIRECTION('',(0.,0.,1.));
#2126 = DIRECTION('',(1.,0.,0.));
#2127 = ADVANCED_FACE('',(#2128,#2178,#2189,#2200,#2211,#2222,#2233,
    #2244),#2255,.T.);
#2128 = FACE_BOUND('',#2129,.T.);
#2129 = EDGE_LOOP('',(#2130,#2138,#2139,#2140,#2148,#2156,#2164,#2172));
#2130 = ORIENTED_EDGE('',*,*,#2131,.F.);
#2131 = EDGE_CURVE('',#1970,#2132,#2134,.T.);
#2132 = VERTEX_POINT('',#2133);
#2133 = CARTESIAN_POINT('',(-93.,69.,267.));
#2134 = LINE('',#2135,#2136);
#2135 = CARTESIAN_POINT('',(-110.,69.,267.));
#2136 = VECTOR('',#2137,1.);
#2137 = DIRECTION('',(1.,0.,0.));
#2138 = ORIENTED_EDGE('',*,*,#1977,.T.);
#2139 = ORIENTED_EDGE('',*,*,#2117,.T.);
#2140 = ORIENTED_EDGE('',*,*,#2141,.F.);
#2141 = EDGE_CURVE('',#2142,#2110,#2144,.T.);
#2142 = VERTEX_POINT('',#2143);
#2143 = CARTESIAN_POINT('',(-34.,69.,267.));
#2144 = LINE('',#2145,#2146);
#2145 = CARTESIAN_POINT('',(-34.,69.,267.));
#2146 = VECTOR('',#2147,1.);
#2147 = DIRECTION('',(0.,0.,1.));
#2148 = ORIENTED_EDGE('',*,*,#2149,.F.);
#2149 = EDGE_CURVE('',#2150,#2142,#2152,.T.);
#2150 = VERTEX_POINT('',#2151);
#2151 = CARTESIAN_POINT('',(-54.,69.,267.));
#2152 = LINE('',#2153,#2154);
#2153 = CARTESIAN_POINT('',(-110.,69.,267.));
#2154 = VECTOR('',#2155,1.);
#2155 = DIRECTION('',(1.,0.,0.));
#2156 = ORIENTED_EDGE('',*,*,#2157,.T.);
#2157 = EDGE_CURVE('',#2150,#2158,#2160,.T.);
#2158 = VERTEX_POINT('',#2159);
#2159 = CARTESIAN_POINT('',(-54.,69.,270.));
#2160 = LINE('',#2161,#2162);
#2161 = CARTESIAN_POINT('',(-54.,69.,267.));
#2162 = VECTOR('',#2163,1.);
#2163 = DIRECTION('',(0.,0.,1.));
#2164 = ORIENTED_EDGE('',*,*,#2165,.F.);
#2165 = EDGE_CURVE('',#2166,#2158,#2168,.T.);
#2166 = VERTEX_POINT('',#2167);
#2167 = CARTESIAN_POINT('',(-93.,69.,270.));
#2168 = LINE('',#2169,#2170);
#2169 = CARTESIAN_POINT('',(-93.,69.,270.));
#2170 = VECTOR('',#2171,1.);
#2171 = DIRECTION('',(1.,0.,0.));
#2172 = ORIENTED_EDGE('',*,*,#2173,.F.);
#2173 = EDGE_CURVE('',#2132,#2166,#2174,.T.);
#2174 = LINE('',#2175,#2176);
#2175 = CARTESIAN_POINT('',(-93.,69.,267.));
#2176 = VECTOR('',#2177,1.);
#2177 = DIRECTION('',(0.,0.,1.));
#2178 = FACE_BOUND('',#2179,.T.);
#2179 = EDGE_LOOP('',(#2180));
#2180 = ORIENTED_EDGE('',*,*,#2181,.T.);
#2181 = EDGE_CURVE('',#2182,#2182,#2184,.T.);
#2182 = VERTEX_POINT('',#2183);
#2183 = CARTESIAN_POINT('',(-93.3,69.,293.5));
#2184 = CIRCLE('',#2185,1.7);
#2185 = AXIS2_PLACEMENT_3D('',#2186,#2187,#2188);
#2186 = CARTESIAN_POINT('',(-95.,69.,293.5));
#2187 = DIRECTION('',(0.,-1.,2.2E-16));
#2188 = DIRECTION('',(1.,0.,0.));
#2189 = FACE_BOUND('',#2190,.T.);
#2190 = EDGE_LOOP('',(#2191));
#2191 = ORIENTED_EDGE('',*,*,#2192,.T.);
#2192 = EDGE_CURVE('',#2193,#2193,#2195,.T.);
#2193 = VERTEX_POINT('',#2194);
#2194 = CARTESIAN_POINT('',(-93.3,69.,323.5));
#2195 = CIRCLE('',#2196,1.7);
#2196 = AXIS2_PLACEMENT_3D('',#2197,#2198,#2199);
#2197 = CARTESIAN_POINT('',(-95.,69.,323.5));
#2198 = DIRECTION('',(0.,-1.,2.2E-16));
#2199 = DIRECTION('',(1.,0.,0.));
#2200 = FACE_BOUND('',#2201,.T.);
#2201 = EDGE_LOOP('',(#2202));
#2202 = ORIENTED_EDGE('',*,*,#2203,.T.);
#2203 = EDGE_CURVE('',#2204,#2204,#2206,.T.);
#2204 = VERTEX_POINT('',#2205);
#2205 = CARTESIAN_POINT('',(-101.6,69.,370.));
#2206 = CIRCLE('',#2207,2.4);
#2207 = AXIS2_PLACEMENT_3D('',#2208,#2209,#2210);
#2208 = CARTESIAN_POINT('',(-104.,69.,370.));
#2209 = DIRECTION('',(0.,-1.,2.2E-16));
#2210 = DIRECTION('',(1.,0.,0.));
#2211 = FACE_BOUND('',#2212,.T.);
#2212 = EDGE_LOOP('',(#2213));
#2213 = ORIENTED_EDGE('',*,*,#2214,.T.);
#2214 = EDGE_CURVE('',#2215,#2215,#2217,.T.);
#2215 = VERTEX_POINT('',#2216);
#2216 = CARTESIAN_POINT('',(-96.1,69.,359.));
#2217 = CIRCLE('',#2218,4.2);
#2218 = AXIS2_PLACEMENT_3D('',#2219,#2220,#2221);
#2219 = CARTESIAN_POINT('',(-100.3,69.,359.));
#2220 = DIRECTION('',(0.,-1.,2.2E-16));
#2221 = DIRECTION('',(1.,0.,0.));
#2222 = FACE_BOUND('',#2223,.T.);
#2223 = EDGE_LOOP('',(#2224));
#2224 = ORIENTED_EDGE('',*,*,#2225,.T.);
#2225 = EDGE_CURVE('',#2226,#2226,#2228,.T.);
#2226 = VERTEX_POINT('',#2227);
#2227 = CARTESIAN_POINT('',(-71.8,69.,308.5));
#2228 = CIRCLE('',#2229,8.2);
#2229 = AXIS2_PLACEMENT_3D('',#2230,#2231,#2232);
#2230 = CARTESIAN_POINT('',(-80.,69.,308.5));
#2231 = DIRECTION('',(0.,-1.,2.2E-16));
#2232 = DIRECTION('',(1.,0.,0.));
#2233 = FACE_BOUND('',#2234,.T.);
#2234 = EDGE_LOOP('',(#2235));
#2235 = ORIENTED_EDGE('',*,*,#2236,.T.);
#2236 = EDGE_CURVE('',#2237,#2237,#2239,.T.);
#2237 = VERTEX_POINT('',#2238);
#2238 = CARTESIAN_POINT('',(-63.3,69.,293.5));
#2239 = CIRCLE('',#2240,1.7);
#2240 = AXIS2_PLACEMENT_3D('',#2241,#2242,#2243);
#2241 = CARTESIAN_POINT('',(-65.,69.,293.5));
#2242 = DIRECTION('',(0.,-1.,2.2E-16));
#2243 = DIRECTION('',(1.,0.,0.));
#2244 = FACE_BOUND('',#2245,.T.);
#2245 = EDGE_LOOP('',(#2246));
#2246 = ORIENTED_EDGE('',*,*,#2247,.T.);
#2247 = EDGE_CURVE('',#2248,#2248,#2250,.T.);
#2248 = VERTEX_POINT('',#2249);
#2249 = CARTESIAN_POINT('',(-63.3,69.,323.5));
#2250 = CIRCLE('',#2251,1.7);
#2251 = AXIS2_PLACEMENT_3D('',#2252,#2253,#2254);
#2252 = CARTESIAN_POINT('',(-65.,69.,323.5));
#2253 = DIRECTION('',(0.,-1.,2.2E-16));
#2254 = DIRECTION('',(1.,0.,0.));
#2255 = PLANE('',#2256);
#2256 = AXIS2_PLACEMENT_3D('',#2257,#2258,#2259);
#2257 = CARTESIAN_POINT('',(-110.,69.,267.));
#2258 = DIRECTION('',(0.,1.,0.));
#2259 = DIRECTION('',(0.,0.,1.));
#2260 = ADVANCED_FACE('',(#2261),#2295,.T.);
#2261 = FACE_BOUND('',#2262,.T.);
#2262 = EDGE_LOOP('',(#2263,#2264,#2265,#2273,#2281,#2287,#2288,#2294));
#2263 = ORIENTED_EDGE('',*,*,#1969,.T.);
#2264 = ORIENTED_EDGE('',*,*,#2131,.T.);
#2265 = ORIENTED_EDGE('',*,*,#2266,.T.);
#2266 = EDGE_CURVE('',#2132,#2267,#2269,.T.);
#2267 = VERTEX_POINT('',#2268);
#2268 = CARTESIAN_POINT('',(-93.,79.,267.));
#2269 = LINE('',#2270,#2271);
#2270 = CARTESIAN_POINT('',(-93.,69.,267.));
#2271 = VECTOR('',#2272,1.);
#2272 = DIRECTION('',(0.,1.,0.));
#2273 = ORIENTED_EDGE('',*,*,#2274,.T.);
#2274 = EDGE_CURVE('',#2267,#2275,#2277,.T.);
#2275 = VERTEX_POINT('',#2276);
#2276 = CARTESIAN_POINT('',(-54.,79.,267.));
#2277 = LINE('',#2278,#2279);
#2278 = CARTESIAN_POINT('',(-93.,79.,267.));
#2279 = VECTOR('',#2280,1.);
#2280 = DIRECTION('',(1.,0.,0.));
#2281 = ORIENTED_EDGE('',*,*,#2282,.F.);
#2282 = EDGE_CURVE('',#2150,#2275,#2283,.T.);
#2283 = LINE('',#2284,#2285);
#2284 = CARTESIAN_POINT('',(-54.,69.,267.));
#2285 = VECTOR('',#2286,1.);
#2286 = DIRECTION('',(0.,1.,0.));
#2287 = ORIENTED_EDGE('',*,*,#2149,.T.);
#2288 = ORIENTED_EDGE('',*,*,#2289,.F.);
#2289 = EDGE_CURVE('',#2000,#2142,#2290,.T.);
#2290 = LINE('',#2291,#2292);
#2291 = CARTESIAN_POINT('',(-34.,64.,267.));
#2292 = VECTOR('',#2293,1.);
#2293 = DIRECTION('',(0.,1.,0.));
#2294 = ORIENTED_EDGE('',*,*,#1999,.F.);
#2295 = PLANE('',#2296);
#2296 = AXIS2_PLACEMENT_3D('',#2297,#2298,#2299);
#2297 = CARTESIAN_POINT('',(-72.16483516483,69.467032967033,267.));
#2298 = DIRECTION('',(-0.,-0.,-1.));
#2299 = DIRECTION('',(-1.,0.,0.));
#2300 = ADVANCED_FACE('',(#2301),#2307,.T.);
#2301 = FACE_BOUND('',#2302,.T.);
#2302 = EDGE_LOOP('',(#2303,#2304,#2305,#2306));
#2303 = ORIENTED_EDGE('',*,*,#2016,.F.);
#2304 = ORIENTED_EDGE('',*,*,#2289,.T.);
#2305 = ORIENTED_EDGE('',*,*,#2141,.T.);
#2306 = ORIENTED_EDGE('',*,*,#2109,.F.);
#2307 = PLANE('',#2308);
#2308 = AXIS2_PLACEMENT_3D('',#2309,#2310,#2311);
#2309 = CARTESIAN_POINT('',(-34.,64.,267.));
#2310 = DIRECTION('',(1.,0.,0.));
#2311 = DIRECTION('',(0.,0.,1.));
#2312 = ADVANCED_FACE('',(#2313),#2324,.F.);
#2313 = FACE_BOUND('',#2314,.T.);
#2314 = EDGE_LOOP('',(#2315,#2316,#2322,#2323));
#2315 = ORIENTED_EDGE('',*,*,#2024,.T.);
#2316 = ORIENTED_EDGE('',*,*,#2317,.T.);
#2317 = EDGE_CURVE('',#2025,#2182,#2318,.T.);
#2318 = LINE('',#2319,#2320);
#2319 = CARTESIAN_POINT('',(-93.3,63.,293.5));
#2320 = VECTOR('',#2321,1.);
#2321 = DIRECTION('',(0.,1.,0.));
#2322 = ORIENTED_EDGE('',*,*,#2181,.F.);
#2323 = ORIENTED_EDGE('',*,*,#2317,.F.);
#2324 = CYLINDRICAL_SURFACE('',#2325,1.7);
#2325 = AXIS2_PLACEMENT_3D('',#2326,#2327,#2328);
#2326 = CARTESIAN_POINT('',(-95.,63.,293.5));
#2327 = DIRECTION('',(-0.,-1.,0.));
#2328 = DIRECTION('',(1.,0.,0.));
#2329 = ADVANCED_FACE('',(#2330),#2341,.F.);
#2330 = FACE_BOUND('',#2331,.T.);
#2331 = EDGE_LOOP('',(#2332,#2333,#2339,#2340));
#2332 = ORIENTED_EDGE('',*,*,#2035,.T.);
#2333 = ORIENTED_EDGE('',*,*,#2334,.T.);
#2334 = EDGE_CURVE('',#2036,#2193,#2335,.T.);
#2335 = LINE('',#2336,#2337);
#2336 = CARTESIAN_POINT('',(-93.3,63.,323.5));
#2337 = VECTOR('',#2338,1.);
#2338 = DIRECTION('',(0.,1.,0.));
#2339 = ORIENTED_EDGE('',*,*,#2192,.F.);
#2340 = ORIENTED_EDGE('',*,*,#2334,.F.);
#2341 = CYLINDRICAL_SURFACE('',#2342,1.7);
#2342 = AXIS2_PLACEMENT_3D('',#2343,#2344,#2345);
#2343 = CARTESIAN_POINT('',(-95.,63.,323.5));
#2344 = DIRECTION('',(-0.,-1.,0.));
#2345 = DIRECTION('',(1.,0.,0.));
#2346 = ADVANCED_FACE('',(#2347),#2358,.F.);
#2347 = FACE_BOUND('',#2348,.T.);
#2348 = EDGE_LOOP('',(#2349,#2350,#2356,#2357));
#2349 = ORIENTED_EDGE('',*,*,#2046,.T.);
#2350 = ORIENTED_EDGE('',*,*,#2351,.T.);
#2351 = EDGE_CURVE('',#2047,#2204,#2352,.T.);
#2352 = LINE('',#2353,#2354);
#2353 = CARTESIAN_POINT('',(-101.6,63.,370.));
#2354 = VECTOR('',#2355,1.);
#2355 = DIRECTION('',(0.,1.,0.));
#2356 = ORIENTED_EDGE('',*,*,#2203,.F.);
#2357 = ORIENTED_EDGE('',*,*,#2351,.F.);
#2358 = CYLINDRICAL_SURFACE('',#2359,2.4);
#2359 = AXIS2_PLACEMENT_3D('',#2360,#2361,#2362);
#2360 = CARTESIAN_POINT('',(-104.,63.,370.));
#2361 = DIRECTION('',(-0.,-1.,0.));
#2362 = DIRECTION('',(1.,0.,0.));
#2363 = ADVANCED_FACE('',(#2364),#2375,.F.);
#2364 = FACE_BOUND('',#2365,.T.);
#2365 = EDGE_LOOP('',(#2366,#2367,#2373,#2374));
#2366 = ORIENTED_EDGE('',*,*,#2057,.T.);
#2367 = ORIENTED_EDGE('',*,*,#2368,.T.);
#2368 = EDGE_CURVE('',#2058,#2215,#2369,.T.);
#2369 = LINE('',#2370,#2371);
#2370 = CARTESIAN_POINT('',(-96.1,63.,359.));
#2371 = VECTOR('',#2372,1.);
#2372 = DIRECTION('',(0.,1.,0.));
#2373 = ORIENTED_EDGE('',*,*,#2214,.F.);
#2374 = ORIENTED_EDGE('',*,*,#2368,.F.);
#2375 = CYLINDRICAL_SURFACE('',#2376,4.2);
#2376 = AXIS2_PLACEMENT_3D('',#2377,#2378,#2379);
#2377 = CARTESIAN_POINT('',(-100.3,63.,359.));
#2378 = DIRECTION('',(-0.,-1.,0.));
#2379 = DIRECTION('',(1.,0.,0.));
#2380 = ADVANCED_FACE('',(#2381),#2392,.F.);
#2381 = FACE_BOUND('',#2382,.T.);
#2382 = EDGE_LOOP('',(#2383,#2384,#2390,#2391));
#2383 = ORIENTED_EDGE('',*,*,#2068,.T.);
#2384 = ORIENTED_EDGE('',*,*,#2385,.T.);
#2385 = EDGE_CURVE('',#2069,#2226,#2386,.T.);
#2386 = LINE('',#2387,#2388);
#2387 = CARTESIAN_POINT('',(-71.8,63.,308.5));
#2388 = VECTOR('',#2389,1.);
#2389 = DIRECTION('',(0.,1.,0.));
#2390 = ORIENTED_EDGE('',*,*,#2225,.F.);
#2391 = ORIENTED_EDGE('',*,*,#2385,.F.);
#2392 = CYLINDRICAL_SURFACE('',#2393,8.2);
#2393 = AXIS2_PLACEMENT_3D('',#2394,#2395,#2396);
#2394 = CARTESIAN_POINT('',(-80.,63.,308.5));
#2395 = DIRECTION('',(-0.,-1.,0.));
#2396 = DIRECTION('',(1.,0.,0.));
#2397 = ADVANCED_FACE('',(#2398),#2409,.F.);
#2398 = FACE_BOUND('',#2399,.T.);
#2399 = EDGE_LOOP('',(#2400,#2401,#2407,#2408));
#2400 = ORIENTED_EDGE('',*,*,#2079,.T.);
#2401 = ORIENTED_EDGE('',*,*,#2402,.T.);
#2402 = EDGE_CURVE('',#2080,#2237,#2403,.T.);
#2403 = LINE('',#2404,#2405);
#2404 = CARTESIAN_POINT('',(-63.3,63.,293.5));
#2405 = VECTOR('',#2406,1.);
#2406 = DIRECTION('',(0.,1.,0.));
#2407 = ORIENTED_EDGE('',*,*,#2236,.F.);
#2408 = ORIENTED_EDGE('',*,*,#2402,.F.);
#2409 = CYLINDRICAL_SURFACE('',#2410,1.7);
#2410 = AXIS2_PLACEMENT_3D('',#2411,#2412,#2413);
#2411 = CARTESIAN_POINT('',(-65.,63.,293.5));
#2412 = DIRECTION('',(-0.,-1.,0.));
#2413 = DIRECTION('',(1.,0.,0.));
#2414 = ADVANCED_FACE('',(#2415),#2426,.F.);
#2415 = FACE_BOUND('',#2416,.T.);
#2416 = EDGE_LOOP('',(#2417,#2418,#2424,#2425));
#2417 = ORIENTED_EDGE('',*,*,#2090,.T.);
#2418 = ORIENTED_EDGE('',*,*,#2419,.T.);
#2419 = EDGE_CURVE('',#2091,#2248,#2420,.T.);
#2420 = LINE('',#2421,#2422);
#2421 = CARTESIAN_POINT('',(-63.3,63.,323.5));
#2422 = VECTOR('',#2423,1.);
#2423 = DIRECTION('',(0.,1.,0.));
#2424 = ORIENTED_EDGE('',*,*,#2247,.F.);
#2425 = ORIENTED_EDGE('',*,*,#2419,.F.);
#2426 = CYLINDRICAL_SURFACE('',#2427,1.7);
#2427 = AXIS2_PLACEMENT_3D('',#2428,#2429,#2430);
#2428 = CARTESIAN_POINT('',(-65.,63.,323.5));
#2429 = DIRECTION('',(-0.,-1.,0.));
#2430 = DIRECTION('',(1.,0.,0.));
#2431 = ADVANCED_FACE('',(#2432),#2450,.F.);
#2432 = FACE_BOUND('',#2433,.F.);
#2433 = EDGE_LOOP('',(#2434,#2435,#2436,#2444));
#2434 = ORIENTED_EDGE('',*,*,#2173,.F.);
#2435 = ORIENTED_EDGE('',*,*,#2266,.T.);
#2436 = ORIENTED_EDGE('',*,*,#2437,.T.);
#2437 = EDGE_CURVE('',#2267,#2438,#2440,.T.);
#2438 = VERTEX_POINT('',#2439);
#2439 = CARTESIAN_POINT('',(-93.,79.,270.));
#2440 = LINE('',#2441,#2442);
#2441 = CARTESIAN_POINT('',(-93.,79.,267.));
#2442 = VECTOR('',#2443,1.);
#2443 = DIRECTION('',(0.,0.,1.));
#2444 = ORIENTED_EDGE('',*,*,#2445,.F.);
#2445 = EDGE_CURVE('',#2166,#2438,#2446,.T.);
#2446 = LINE('',#2447,#2448);
#2447 = CARTESIAN_POINT('',(-93.,69.,270.));
#2448 = VECTOR('',#2449,1.);
#2449 = DIRECTION('',(0.,1.,0.));
#2450 = PLANE('',#2451);
#2451 = AXIS2_PLACEMENT_3D('',#2452,#2453,#2454);
#2452 = CARTESIAN_POINT('',(-93.,69.,267.));
#2453 = DIRECTION('',(1.,0.,0.));
#2454 = DIRECTION('',(0.,0.,1.));
#2455 = ADVANCED_FACE('',(#2456),#2474,.T.);
#2456 = FACE_BOUND('',#2457,.T.);
#2457 = EDGE_LOOP('',(#2458,#2459,#2460,#2468));
#2458 = ORIENTED_EDGE('',*,*,#2445,.F.);
#2459 = ORIENTED_EDGE('',*,*,#2165,.T.);
#2460 = ORIENTED_EDGE('',*,*,#2461,.T.);
#2461 = EDGE_CURVE('',#2158,#2462,#2464,.T.);
#2462 = VERTEX_POINT('',#2463);
#2463 = CARTESIAN_POINT('',(-54.,79.,270.));
#2464 = LINE('',#2465,#2466);
#2465 = CARTESIAN_POINT('',(-54.,69.,270.));
#2466 = VECTOR('',#2467,1.);
#2467 = DIRECTION('',(0.,1.,0.));
#2468 = ORIENTED_EDGE('',*,*,#2469,.F.);
#2469 = EDGE_CURVE('',#2438,#2462,#2470,.T.);
#2470 = LINE('',#2471,#2472);
#2471 = CARTESIAN_POINT('',(-93.,79.,270.));
#2472 = VECTOR('',#2473,1.);
#2473 = DIRECTION('',(1.,0.,0.));
#2474 = PLANE('',#2475);
#2475 = AXIS2_PLACEMENT_3D('',#2476,#2477,#2478);
#2476 = CARTESIAN_POINT('',(-93.,69.,270.));
#2477 = DIRECTION('',(0.,0.,1.));
#2478 = DIRECTION('',(1.,0.,0.));
#2479 = ADVANCED_FACE('',(#2480),#2491,.T.);
#2480 = FACE_BOUND('',#2481,.T.);
#2481 = EDGE_LOOP('',(#2482,#2483,#2484,#2490));
#2482 = ORIENTED_EDGE('',*,*,#2157,.F.);
#2483 = ORIENTED_EDGE('',*,*,#2282,.T.);
#2484 = ORIENTED_EDGE('',*,*,#2485,.T.);
#2485 = EDGE_CURVE('',#2275,#2462,#2486,.T.);
#2486 = LINE('',#2487,#2488);
#2487 = CARTESIAN_POINT('',(-54.,79.,267.));
#2488 = VECTOR('',#2489,1.);
#2489 = DIRECTION('',(0.,0.,1.));
#2490 = ORIENTED_EDGE('',*,*,#2461,.F.);
#2491 = PLANE('',#2492);
#2492 = AXIS2_PLACEMENT_3D('',#2493,#2494,#2495);
#2493 = CARTESIAN_POINT('',(-54.,69.,267.));
#2494 = DIRECTION('',(1.,0.,0.));
#2495 = DIRECTION('',(0.,0.,1.));
#2496 = ADVANCED_FACE('',(#2497),#2503,.T.);
#2497 = FACE_BOUND('',#2498,.T.);
#2498 = EDGE_LOOP('',(#2499,#2500,#2501,#2502));
#2499 = ORIENTED_EDGE('',*,*,#2274,.F.);
#2500 = ORIENTED_EDGE('',*,*,#2437,.T.);
#2501 = ORIENTED_EDGE('',*,*,#2469,.T.);
#2502 = ORIENTED_EDGE('',*,*,#2485,.F.);
#2503 = PLANE('',#2504);
#2504 = AXIS2_PLACEMENT_3D('',#2505,#2506,#2507);
#2505 = CARTESIAN_POINT('',(-93.,79.,267.));
#2506 = DIRECTION('',(0.,1.,0.));
#2507 = DIRECTION('',(0.,0.,1.));
#2508 = ( GEOMETRIC_REPRESENTATION_CONTEXT(3) 
GLOBAL_UNCERTAINTY_ASSIGNED_CONTEXT((#2512)) 
GLOBAL_UNIT_ASSIGNED_CONTEXT((#2509,#2510,#2511)) REPRESENTATION_CONTEXT
('Context #1','3D Context with UNIT and UNCERTAINTY') );
#2509 = ( LENGTH_UNIT() NAMED_UNIT(*) SI_UNIT(.MILLI.,.METRE.) );
#2510 = ( NAMED_UNIT(*) PLANE_ANGLE_UNIT() SI_UNIT($,.RADIAN.) );
#2511 = ( NAMED_UNIT(*) SI_UNIT($,.STERADIAN.) SOLID_ANGLE_UNIT() );
#2512 = UNCERTAINTY_MEASURE_WITH_UNIT(LENGTH_MEASURE(1.E-07),#2509,
  'distance_accuracy_value','confusion accuracy');
#2513 = CONTEXT_DEPENDENT_SHAPE_REPRESENTATION(#2514,#2516);
#2514 = ( REPRESENTATION_RELATIONSHIP('','',#1952,#10) 
REPRESENTATION_RELATIONSHIP_WITH_TRANSFORMATION(#2515) 
SHAPE_REPRESENTATION_RELATIONSHIP() );
#2515 = ITEM_DEFINED_TRANSFORMATION('','',#11,#23);
#2516 = PRODUCT_DEFINITION_SHAPE('Placement','Placement of an item',
  #2517);
#2517 = NEXT_ASSEMBLY_USAGE_OCCURRENCE('430','LAUNCH_CHEEK_L','',#5,
  #1947,$);
#2518 = PRODUCT_RELATED_PRODUCT_CATEGORY('part',$,(#1949));
#2519 = SHAPE_DEFINITION_REPRESENTATION(#2520,#2526);
#2520 = PRODUCT_DEFINITION_SHAPE('','',#2521);
#2521 = PRODUCT_DEFINITION('design','',#2522,#2525);
#2522 = PRODUCT_DEFINITION_FORMATION('','',#2523);
#2523 = PRODUCT('LAUNCH_CHEEK_R','LAUNCH_CHEEK_R','',(#2524));
#2524 = PRODUCT_CONTEXT('',#2,'mechanical');
#2525 = PRODUCT_DEFINITION_CONTEXT('part definition',#2,'design');
#2526 = ADVANCED_BREP_SHAPE_REPRESENTATION('',(#11,#2527),#3082);
#2527 = MANIFOLD_SOLID_BREP('',#2528);
#2528 = CLOSED_SHELL('',(#2529,#2569,#2709,#2733,#2834,#2874,#2898,#2922
    ,#2934,#2951,#2968,#2985,#3002,#3019,#3036,#3053,#3070));
#2529 = ADVANCED_FACE('',(#2530),#2564,.F.);
#2530 = FACE_BOUND('',#2531,.F.);
#2531 = EDGE_LOOP('',(#2532,#2542,#2550,#2558));
#2532 = ORIENTED_EDGE('',*,*,#2533,.F.);
#2533 = EDGE_CURVE('',#2534,#2536,#2538,.T.);
#2534 = VERTEX_POINT('',#2535);
#2535 = CARTESIAN_POINT('',(-110.,-69.,267.));
#2536 = VERTEX_POINT('',#2537);
#2537 = CARTESIAN_POINT('',(-110.,-69.,379.));
#2538 = LINE('',#2539,#2540);
#2539 = CARTESIAN_POINT('',(-110.,-69.,267.));
#2540 = VECTOR('',#2541,1.);
#2541 = DIRECTION('',(0.,0.,1.));
#2542 = ORIENTED_EDGE('',*,*,#2543,.T.);
#2543 = EDGE_CURVE('',#2534,#2544,#2546,.T.);
#2544 = VERTEX_POINT('',#2545);
#2545 = CARTESIAN_POINT('',(-110.,-64.,267.));
#2546 = LINE('',#2547,#2548);
#2547 = CARTESIAN_POINT('',(-110.,-69.,267.));
#2548 = VECTOR('',#2549,1.);
#2549 = DIRECTION('',(0.,1.,0.));
#2550 = ORIENTED_EDGE('',*,*,#2551,.T.);
#2551 = EDGE_CURVE('',#2544,#2552,#2554,.T.);
#2552 = VERTEX_POINT('',#2553);
#2553 = CARTESIAN_POINT('',(-110.,-64.,379.));
#2554 = LINE('',#2555,#2556);
#2555 = CARTESIAN_POINT('',(-110.,-64.,267.));
#2556 = VECTOR('',#2557,1.);
#2557 = DIRECTION('',(0.,0.,1.));
#2558 = ORIENTED_EDGE('',*,*,#2559,.F.);
#2559 = EDGE_CURVE('',#2536,#2552,#2560,.T.);
#2560 = LINE('',#2561,#2562);
#2561 = CARTESIAN_POINT('',(-110.,-69.,379.));
#2562 = VECTOR('',#2563,1.);
#2563 = DIRECTION('',(0.,1.,0.));
#2564 = PLANE('',#2565);
#2565 = AXIS2_PLACEMENT_3D('',#2566,#2567,#2568);
#2566 = CARTESIAN_POINT('',(-110.,-69.,267.));
#2567 = DIRECTION('',(1.,0.,0.));
#2568 = DIRECTION('',(0.,0.,1.));
#2569 = ADVANCED_FACE('',(#2570,#2627,#2638,#2649,#2660,#2671,#2682,
    #2693),#2704,.F.);
#2570 = FACE_BOUND('',#2571,.F.);
#2571 = EDGE_LOOP('',(#2572,#2580,#2581,#2589,#2597,#2605,#2613,#2621));
#2572 = ORIENTED_EDGE('',*,*,#2573,.F.);
#2573 = EDGE_CURVE('',#2534,#2574,#2576,.T.);
#2574 = VERTEX_POINT('',#2575);
#2575 = CARTESIAN_POINT('',(-93.,-69.,267.));
#2576 = LINE('',#2577,#2578);
#2577 = CARTESIAN_POINT('',(-110.,-69.,267.));
#2578 = VECTOR('',#2579,1.);
#2579 = DIRECTION('',(1.,0.,0.));
#2580 = ORIENTED_EDGE('',*,*,#2533,.T.);
#2581 = ORIENTED_EDGE('',*,*,#2582,.T.);
#2582 = EDGE_CURVE('',#2536,#2583,#2585,.T.);
#2583 = VERTEX_POINT('',#2584);
#2584 = CARTESIAN_POINT('',(-34.,-69.,379.));
#2585 = LINE('',#2586,#2587);
#2586 = CARTESIAN_POINT('',(-110.,-69.,379.));
#2587 = VECTOR('',#2588,1.);
#2588 = DIRECTION('',(1.,0.,0.));
#2589 = ORIENTED_EDGE('',*,*,#2590,.F.);
#2590 = EDGE_CURVE('',#2591,#2583,#2593,.T.);
#2591 = VERTEX_POINT('',#2592);
#2592 = CARTESIAN_POINT('',(-34.,-69.,267.));
#2593 = LINE('',#2594,#2595);
#2594 = CARTESIAN_POINT('',(-34.,-69.,267.));
#2595 = VECTOR('',#2596,1.);
#2596 = DIRECTION('',(0.,0.,1.));
#2597 = ORIENTED_EDGE('',*,*,#2598,.F.);
#2598 = EDGE_CURVE('',#2599,#2591,#2601,.T.);
#2599 = VERTEX_POINT('',#2600);
#2600 = CARTESIAN_POINT('',(-54.,-69.,267.));
#2601 = LINE('',#2602,#2603);
#2602 = CARTESIAN_POINT('',(-110.,-69.,267.));
#2603 = VECTOR('',#2604,1.);
#2604 = DIRECTION('',(1.,0.,0.));
#2605 = ORIENTED_EDGE('',*,*,#2606,.T.);
#2606 = EDGE_CURVE('',#2599,#2607,#2609,.T.);
#2607 = VERTEX_POINT('',#2608);
#2608 = CARTESIAN_POINT('',(-54.,-69.,270.));
#2609 = LINE('',#2610,#2611);
#2610 = CARTESIAN_POINT('',(-54.,-69.,267.));
#2611 = VECTOR('',#2612,1.);
#2612 = DIRECTION('',(0.,0.,1.));
#2613 = ORIENTED_EDGE('',*,*,#2614,.F.);
#2614 = EDGE_CURVE('',#2615,#2607,#2617,.T.);
#2615 = VERTEX_POINT('',#2616);
#2616 = CARTESIAN_POINT('',(-93.,-69.,270.));
#2617 = LINE('',#2618,#2619);
#2618 = CARTESIAN_POINT('',(-93.,-69.,270.));
#2619 = VECTOR('',#2620,1.);
#2620 = DIRECTION('',(1.,0.,0.));
#2621 = ORIENTED_EDGE('',*,*,#2622,.F.);
#2622 = EDGE_CURVE('',#2574,#2615,#2623,.T.);
#2623 = LINE('',#2624,#2625);
#2624 = CARTESIAN_POINT('',(-93.,-69.,267.));
#2625 = VECTOR('',#2626,1.);
#2626 = DIRECTION('',(0.,0.,1.));
#2627 = FACE_BOUND('',#2628,.F.);
#2628 = EDGE_LOOP('',(#2629));
#2629 = ORIENTED_EDGE('',*,*,#2630,.T.);
#2630 = EDGE_CURVE('',#2631,#2631,#2633,.T.);
#2631 = VERTEX_POINT('',#2632);
#2632 = CARTESIAN_POINT('',(-93.3,-69.,293.5));
#2633 = CIRCLE('',#2634,1.7);
#2634 = AXIS2_PLACEMENT_3D('',#2635,#2636,#2637);
#2635 = CARTESIAN_POINT('',(-95.,-69.,293.5));
#2636 = DIRECTION('',(0.,-1.,2.2E-16));
#2637 = DIRECTION('',(1.,0.,0.));
#2638 = FACE_BOUND('',#2639,.F.);
#2639 = EDGE_LOOP('',(#2640));
#2640 = ORIENTED_EDGE('',*,*,#2641,.T.);
#2641 = EDGE_CURVE('',#2642,#2642,#2644,.T.);
#2642 = VERTEX_POINT('',#2643);
#2643 = CARTESIAN_POINT('',(-93.3,-69.,323.5));
#2644 = CIRCLE('',#2645,1.7);
#2645 = AXIS2_PLACEMENT_3D('',#2646,#2647,#2648);
#2646 = CARTESIAN_POINT('',(-95.,-69.,323.5));
#2647 = DIRECTION('',(0.,-1.,2.2E-16));
#2648 = DIRECTION('',(1.,0.,0.));
#2649 = FACE_BOUND('',#2650,.F.);
#2650 = EDGE_LOOP('',(#2651));
#2651 = ORIENTED_EDGE('',*,*,#2652,.T.);
#2652 = EDGE_CURVE('',#2653,#2653,#2655,.T.);
#2653 = VERTEX_POINT('',#2654);
#2654 = CARTESIAN_POINT('',(-101.6,-69.,370.));
#2655 = CIRCLE('',#2656,2.4);
#2656 = AXIS2_PLACEMENT_3D('',#2657,#2658,#2659);
#2657 = CARTESIAN_POINT('',(-104.,-69.,370.));
#2658 = DIRECTION('',(0.,-1.,2.2E-16));
#2659 = DIRECTION('',(1.,0.,0.));
#2660 = FACE_BOUND('',#2661,.F.);
#2661 = EDGE_LOOP('',(#2662));
#2662 = ORIENTED_EDGE('',*,*,#2663,.T.);
#2663 = EDGE_CURVE('',#2664,#2664,#2666,.T.);
#2664 = VERTEX_POINT('',#2665);
#2665 = CARTESIAN_POINT('',(-96.1,-69.,359.));
#2666 = CIRCLE('',#2667,4.2);
#2667 = AXIS2_PLACEMENT_3D('',#2668,#2669,#2670);
#2668 = CARTESIAN_POINT('',(-100.3,-69.,359.));
#2669 = DIRECTION('',(0.,-1.,2.2E-16));
#2670 = DIRECTION('',(1.,0.,0.));
#2671 = FACE_BOUND('',#2672,.F.);
#2672 = EDGE_LOOP('',(#2673));
#2673 = ORIENTED_EDGE('',*,*,#2674,.T.);
#2674 = EDGE_CURVE('',#2675,#2675,#2677,.T.);
#2675 = VERTEX_POINT('',#2676);
#2676 = CARTESIAN_POINT('',(-71.8,-69.,308.5));
#2677 = CIRCLE('',#2678,8.2);
#2678 = AXIS2_PLACEMENT_3D('',#2679,#2680,#2681);
#2679 = CARTESIAN_POINT('',(-80.,-69.,308.5));
#2680 = DIRECTION('',(0.,-1.,2.2E-16));
#2681 = DIRECTION('',(1.,0.,0.));
#2682 = FACE_BOUND('',#2683,.F.);
#2683 = EDGE_LOOP('',(#2684));
#2684 = ORIENTED_EDGE('',*,*,#2685,.T.);
#2685 = EDGE_CURVE('',#2686,#2686,#2688,.T.);
#2686 = VERTEX_POINT('',#2687);
#2687 = CARTESIAN_POINT('',(-63.3,-69.,293.5));
#2688 = CIRCLE('',#2689,1.7);
#2689 = AXIS2_PLACEMENT_3D('',#2690,#2691,#2692);
#2690 = CARTESIAN_POINT('',(-65.,-69.,293.5));
#2691 = DIRECTION('',(0.,-1.,2.2E-16));
#2692 = DIRECTION('',(1.,0.,0.));
#2693 = FACE_BOUND('',#2694,.F.);
#2694 = EDGE_LOOP('',(#2695));
#2695 = ORIENTED_EDGE('',*,*,#2696,.T.);
#2696 = EDGE_CURVE('',#2697,#2697,#2699,.T.);
#2697 = VERTEX_POINT('',#2698);
#2698 = CARTESIAN_POINT('',(-63.3,-69.,323.5));
#2699 = CIRCLE('',#2700,1.7);
#2700 = AXIS2_PLACEMENT_3D('',#2701,#2702,#2703);
#2701 = CARTESIAN_POINT('',(-65.,-69.,323.5));
#2702 = DIRECTION('',(0.,-1.,2.2E-16));
#2703 = DIRECTION('',(1.,0.,0.));
#2704 = PLANE('',#2705);
#2705 = AXIS2_PLACEMENT_3D('',#2706,#2707,#2708);
#2706 = CARTESIAN_POINT('',(-110.,-69.,267.));
#2707 = DIRECTION('',(0.,1.,0.));
#2708 = DIRECTION('',(0.,0.,1.));
#2709 = ADVANCED_FACE('',(#2710),#2728,.T.);
#2710 = FACE_BOUND('',#2711,.T.);
#2711 = EDGE_LOOP('',(#2712,#2713,#2714,#2722));
#2712 = ORIENTED_EDGE('',*,*,#2559,.F.);
#2713 = ORIENTED_EDGE('',*,*,#2582,.T.);
#2714 = ORIENTED_EDGE('',*,*,#2715,.T.);
#2715 = EDGE_CURVE('',#2583,#2716,#2718,.T.);
#2716 = VERTEX_POINT('',#2717);
#2717 = CARTESIAN_POINT('',(-34.,-64.,379.));
#2718 = LINE('',#2719,#2720);
#2719 = CARTESIAN_POINT('',(-34.,-69.,379.));
#2720 = VECTOR('',#2721,1.);
#2721 = DIRECTION('',(0.,1.,0.));
#2722 = ORIENTED_EDGE('',*,*,#2723,.F.);
#2723 = EDGE_CURVE('',#2552,#2716,#2724,.T.);
#2724 = LINE('',#2725,#2726);
#2725 = CARTESIAN_POINT('',(-110.,-64.,379.));
#2726 = VECTOR('',#2727,1.);
#2727 = DIRECTION('',(1.,0.,0.));
#2728 = PLANE('',#2729);
#2729 = AXIS2_PLACEMENT_3D('',#2730,#2731,#2732);
#2730 = CARTESIAN_POINT('',(-110.,-69.,379.));
#2731 = DIRECTION('',(0.,0.,1.));
#2732 = DIRECTION('',(1.,0.,0.));
#2733 = ADVANCED_FACE('',(#2734,#2752,#2763,#2774,#2785,#2796,#2807,
    #2818),#2829,.T.);
#2734 = FACE_BOUND('',#2735,.T.);
#2735 = EDGE_LOOP('',(#2736,#2744,#2745,#2746));
#2736 = ORIENTED_EDGE('',*,*,#2737,.F.);
#2737 = EDGE_CURVE('',#2544,#2738,#2740,.T.);
#2738 = VERTEX_POINT('',#2739);
#2739 = CARTESIAN_POINT('',(-34.,-64.,267.));
#2740 = LINE('',#2741,#2742);
#2741 = CARTESIAN_POINT('',(-110.,-64.,267.));
#2742 = VECTOR('',#2743,1.);
#2743 = DIRECTION('',(1.,0.,0.));
#2744 = ORIENTED_EDGE('',*,*,#2551,.T.);
#2745 = ORIENTED_EDGE('',*,*,#2723,.T.);
#2746 = ORIENTED_EDGE('',*,*,#2747,.F.);
#2747 = EDGE_CURVE('',#2738,#2716,#2748,.T.);
#2748 = LINE('',#2749,#2750);
#2749 = CARTESIAN_POINT('',(-34.,-64.,267.));
#2750 = VECTOR('',#2751,1.);
#2751 = DIRECTION('',(0.,0.,1.));
#2752 = FACE_BOUND('',#2753,.T.);
#2753 = EDGE_LOOP('',(#2754));
#2754 = ORIENTED_EDGE('',*,*,#2755,.T.);
#2755 = EDGE_CURVE('',#2756,#2756,#2758,.T.);
#2756 = VERTEX_POINT('',#2757);
#2757 = CARTESIAN_POINT('',(-93.3,-64.,293.5));
#2758 = CIRCLE('',#2759,1.7);
#2759 = AXIS2_PLACEMENT_3D('',#2760,#2761,#2762);
#2760 = CARTESIAN_POINT('',(-95.,-64.,293.5));
#2761 = DIRECTION('',(0.,-1.,2.2E-16));
#2762 = DIRECTION('',(1.,0.,0.));
#2763 = FACE_BOUND('',#2764,.T.);
#2764 = EDGE_LOOP('',(#2765));
#2765 = ORIENTED_EDGE('',*,*,#2766,.T.);
#2766 = EDGE_CURVE('',#2767,#2767,#2769,.T.);
#2767 = VERTEX_POINT('',#2768);
#2768 = CARTESIAN_POINT('',(-93.3,-64.,323.5));
#2769 = CIRCLE('',#2770,1.7);
#2770 = AXIS2_PLACEMENT_3D('',#2771,#2772,#2773);
#2771 = CARTESIAN_POINT('',(-95.,-64.,323.5));
#2772 = DIRECTION('',(0.,-1.,2.2E-16));
#2773 = DIRECTION('',(1.,0.,0.));
#2774 = FACE_BOUND('',#2775,.T.);
#2775 = EDGE_LOOP('',(#2776));
#2776 = ORIENTED_EDGE('',*,*,#2777,.T.);
#2777 = EDGE_CURVE('',#2778,#2778,#2780,.T.);
#2778 = VERTEX_POINT('',#2779);
#2779 = CARTESIAN_POINT('',(-101.6,-64.,370.));
#2780 = CIRCLE('',#2781,2.4);
#2781 = AXIS2_PLACEMENT_3D('',#2782,#2783,#2784);
#2782 = CARTESIAN_POINT('',(-104.,-64.,370.));
#2783 = DIRECTION('',(0.,-1.,2.2E-16));
#2784 = DIRECTION('',(1.,0.,0.));
#2785 = FACE_BOUND('',#2786,.T.);
#2786 = EDGE_LOOP('',(#2787));
#2787 = ORIENTED_EDGE('',*,*,#2788,.T.);
#2788 = EDGE_CURVE('',#2789,#2789,#2791,.T.);
#2789 = VERTEX_POINT('',#2790);
#2790 = CARTESIAN_POINT('',(-96.1,-64.,359.));
#2791 = CIRCLE('',#2792,4.2);
#2792 = AXIS2_PLACEMENT_3D('',#2793,#2794,#2795);
#2793 = CARTESIAN_POINT('',(-100.3,-64.,359.));
#2794 = DIRECTION('',(0.,-1.,2.2E-16));
#2795 = DIRECTION('',(1.,0.,0.));
#2796 = FACE_BOUND('',#2797,.T.);
#2797 = EDGE_LOOP('',(#2798));
#2798 = ORIENTED_EDGE('',*,*,#2799,.T.);
#2799 = EDGE_CURVE('',#2800,#2800,#2802,.T.);
#2800 = VERTEX_POINT('',#2801);
#2801 = CARTESIAN_POINT('',(-71.8,-64.,308.5));
#2802 = CIRCLE('',#2803,8.2);
#2803 = AXIS2_PLACEMENT_3D('',#2804,#2805,#2806);
#2804 = CARTESIAN_POINT('',(-80.,-64.,308.5));
#2805 = DIRECTION('',(0.,-1.,2.2E-16));
#2806 = DIRECTION('',(1.,0.,0.));
#2807 = FACE_BOUND('',#2808,.T.);
#2808 = EDGE_LOOP('',(#2809));
#2809 = ORIENTED_EDGE('',*,*,#2810,.T.);
#2810 = EDGE_CURVE('',#2811,#2811,#2813,.T.);
#2811 = VERTEX_POINT('',#2812);
#2812 = CARTESIAN_POINT('',(-63.3,-64.,293.5));
#2813 = CIRCLE('',#2814,1.7);
#2814 = AXIS2_PLACEMENT_3D('',#2815,#2816,#2817);
#2815 = CARTESIAN_POINT('',(-65.,-64.,293.5));
#2816 = DIRECTION('',(0.,-1.,2.2E-16));
#2817 = DIRECTION('',(1.,0.,0.));
#2818 = FACE_BOUND('',#2819,.T.);
#2819 = EDGE_LOOP('',(#2820));
#2820 = ORIENTED_EDGE('',*,*,#2821,.T.);
#2821 = EDGE_CURVE('',#2822,#2822,#2824,.T.);
#2822 = VERTEX_POINT('',#2823);
#2823 = CARTESIAN_POINT('',(-63.3,-64.,323.5));
#2824 = CIRCLE('',#2825,1.7);
#2825 = AXIS2_PLACEMENT_3D('',#2826,#2827,#2828);
#2826 = CARTESIAN_POINT('',(-65.,-64.,323.5));
#2827 = DIRECTION('',(0.,-1.,2.2E-16));
#2828 = DIRECTION('',(1.,0.,0.));
#2829 = PLANE('',#2830);
#2830 = AXIS2_PLACEMENT_3D('',#2831,#2832,#2833);
#2831 = CARTESIAN_POINT('',(-110.,-64.,267.));
#2832 = DIRECTION('',(0.,1.,0.));
#2833 = DIRECTION('',(0.,0.,1.));
#2834 = ADVANCED_FACE('',(#2835),#2869,.T.);
#2835 = FACE_BOUND('',#2836,.T.);
#2836 = EDGE_LOOP('',(#2837,#2838,#2839,#2845,#2846,#2854,#2862,#2868));
#2837 = ORIENTED_EDGE('',*,*,#2543,.T.);
#2838 = ORIENTED_EDGE('',*,*,#2737,.T.);
#2839 = ORIENTED_EDGE('',*,*,#2840,.F.);
#2840 = EDGE_CURVE('',#2591,#2738,#2841,.T.);
#2841 = LINE('',#2842,#2843);
#2842 = CARTESIAN_POINT('',(-34.,-69.,267.));
#2843 = VECTOR('',#2844,1.);
#2844 = DIRECTION('',(0.,1.,0.));
#2845 = ORIENTED_EDGE('',*,*,#2598,.F.);
#2846 = ORIENTED_EDGE('',*,*,#2847,.F.);
#2847 = EDGE_CURVE('',#2848,#2599,#2850,.T.);
#2848 = VERTEX_POINT('',#2849);
#2849 = CARTESIAN_POINT('',(-54.,-79.,267.));
#2850 = LINE('',#2851,#2852);
#2851 = CARTESIAN_POINT('',(-54.,-79.,267.));
#2852 = VECTOR('',#2853,1.);
#2853 = DIRECTION('',(0.,1.,0.));
#2854 = ORIENTED_EDGE('',*,*,#2855,.F.);
#2855 = EDGE_CURVE('',#2856,#2848,#2858,.T.);
#2856 = VERTEX_POINT('',#2857);
#2857 = CARTESIAN_POINT('',(-93.,-79.,267.));
#2858 = LINE('',#2859,#2860);
#2859 = CARTESIAN_POINT('',(-93.,-79.,267.));
#2860 = VECTOR('',#2861,1.);
#2861 = DIRECTION('',(1.,0.,0.));
#2862 = ORIENTED_EDGE('',*,*,#2863,.T.);
#2863 = EDGE_CURVE('',#2856,#2574,#2864,.T.);
#2864 = LINE('',#2865,#2866);
#2865 = CARTESIAN_POINT('',(-93.,-79.,267.));
#2866 = VECTOR('',#2867,1.);
#2867 = DIRECTION('',(0.,1.,0.));
#2868 = ORIENTED_EDGE('',*,*,#2573,.F.);
#2869 = PLANE('',#2870);
#2870 = AXIS2_PLACEMENT_3D('',#2871,#2872,#2873);
#2871 = CARTESIAN_POINT('',(-72.16483516483,-69.46703296703,267.));
#2872 = DIRECTION('',(-0.,-0.,-1.));
#2873 = DIRECTION('',(-1.,0.,0.));
#2874 = ADVANCED_FACE('',(#2875),#2893,.F.);
#2875 = FACE_BOUND('',#2876,.F.);
#2876 = EDGE_LOOP('',(#2877,#2885,#2886,#2887));
#2877 = ORIENTED_EDGE('',*,*,#2878,.F.);
#2878 = EDGE_CURVE('',#2856,#2879,#2881,.T.);
#2879 = VERTEX_POINT('',#2880);
#2880 = CARTESIAN_POINT('',(-93.,-79.,270.));
#2881 = LINE('',#2882,#2883);
#2882 = CARTESIAN_POINT('',(-93.,-79.,267.));
#2883 = VECTOR('',#2884,1.);
#2884 = DIRECTION('',(0.,0.,1.));
#2885 = ORIENTED_EDGE('',*,*,#2863,.T.);
#2886 = ORIENTED_EDGE('',*,*,#2622,.T.);
#2887 = ORIENTED_EDGE('',*,*,#2888,.F.);
#2888 = EDGE_CURVE('',#2879,#2615,#2889,.T.);
#2889 = LINE('',#2890,#2891);
#2890 = CARTESIAN_POINT('',(-93.,-79.,270.));
#2891 = VECTOR('',#2892,1.);
#2892 = DIRECTION('',(0.,1.,0.));
#2893 = PLANE('',#2894);
#2894 = AXIS2_PLACEMENT_3D('',#2895,#2896,#2897);
#2895 = CARTESIAN_POINT('',(-93.,-79.,267.));
#2896 = DIRECTION('',(1.,0.,0.));
#2897 = DIRECTION('',(0.,0.,1.));
#2898 = ADVANCED_FACE('',(#2899),#2917,.T.);
#2899 = FACE_BOUND('',#2900,.T.);
#2900 = EDGE_LOOP('',(#2901,#2902,#2910,#2916));
#2901 = ORIENTED_EDGE('',*,*,#2888,.F.);
#2902 = ORIENTED_EDGE('',*,*,#2903,.T.);
#2903 = EDGE_CURVE('',#2879,#2904,#2906,.T.);
#2904 = VERTEX_POINT('',#2905);
#2905 = CARTESIAN_POINT('',(-54.,-79.,270.));
#2906 = LINE('',#2907,#2908);
#2907 = CARTESIAN_POINT('',(-93.,-79.,270.));
#2908 = VECTOR('',#2909,1.);
#2909 = DIRECTION('',(1.,0.,0.));
#2910 = ORIENTED_EDGE('',*,*,#2911,.T.);
#2911 = EDGE_CURVE('',#2904,#2607,#2912,.T.);
#2912 = LINE('',#2913,#2914);
#2913 = CARTESIAN_POINT('',(-54.,-79.,270.));
#2914 = VECTOR('',#2915,1.);
#2915 = DIRECTION('',(0.,1.,0.));
#2916 = ORIENTED_EDGE('',*,*,#2614,.F.);
#2917 = PLANE('',#2918);
#2918 = AXIS2_PLACEMENT_3D('',#2919,#2920,#2921);
#2919 = CARTESIAN_POINT('',(-93.,-79.,270.));
#2920 = DIRECTION('',(0.,0.,1.));
#2921 = DIRECTION('',(1.,0.,0.));
#2922 = ADVANCED_FACE('',(#2923),#2929,.T.);
#2923 = FACE_BOUND('',#2924,.T.);
#2924 = EDGE_LOOP('',(#2925,#2926,#2927,#2928));
#2925 = ORIENTED_EDGE('',*,*,#2590,.F.);
#2926 = ORIENTED_EDGE('',*,*,#2840,.T.);
#2927 = ORIENTED_EDGE('',*,*,#2747,.T.);
#2928 = ORIENTED_EDGE('',*,*,#2715,.F.);
#2929 = PLANE('',#2930);
#2930 = AXIS2_PLACEMENT_3D('',#2931,#2932,#2933);
#2931 = CARTESIAN_POINT('',(-34.,-69.,267.));
#2932 = DIRECTION('',(1.,0.,0.));
#2933 = DIRECTION('',(0.,0.,1.));
#2934 = ADVANCED_FACE('',(#2935),#2946,.T.);
#2935 = FACE_BOUND('',#2936,.T.);
#2936 = EDGE_LOOP('',(#2937,#2943,#2944,#2945));
#2937 = ORIENTED_EDGE('',*,*,#2938,.F.);
#2938 = EDGE_CURVE('',#2848,#2904,#2939,.T.);
#2939 = LINE('',#2940,#2941);
#2940 = CARTESIAN_POINT('',(-54.,-79.,267.));
#2941 = VECTOR('',#2942,1.);
#2942 = DIRECTION('',(0.,0.,1.));
#2943 = ORIENTED_EDGE('',*,*,#2847,.T.);
#2944 = ORIENTED_EDGE('',*,*,#2606,.T.);
#2945 = ORIENTED_EDGE('',*,*,#2911,.F.);
#2946 = PLANE('',#2947);
#2947 = AXIS2_PLACEMENT_3D('',#2948,#2949,#2950);
#2948 = CARTESIAN_POINT('',(-54.,-79.,267.));
#2949 = DIRECTION('',(1.,0.,0.));
#2950 = DIRECTION('',(0.,0.,1.));
#2951 = ADVANCED_FACE('',(#2952),#2963,.F.);
#2952 = FACE_BOUND('',#2953,.T.);
#2953 = EDGE_LOOP('',(#2954,#2955,#2961,#2962));
#2954 = ORIENTED_EDGE('',*,*,#2630,.T.);
#2955 = ORIENTED_EDGE('',*,*,#2956,.T.);
#2956 = EDGE_CURVE('',#2631,#2756,#2957,.T.);
#2957 = LINE('',#2958,#2959);
#2958 = CARTESIAN_POINT('',(-93.3,-70.,293.5));
#2959 = VECTOR('',#2960,1.);
#2960 = DIRECTION('',(0.,1.,0.));
#2961 = ORIENTED_EDGE('',*,*,#2755,.F.);
#2962 = ORIENTED_EDGE('',*,*,#2956,.F.);
#2963 = CYLINDRICAL_SURFACE('',#2964,1.7);
#2964 = AXIS2_PLACEMENT_3D('',#2965,#2966,#2967);
#2965 = CARTESIAN_POINT('',(-95.,-70.,293.5));
#2966 = DIRECTION('',(-0.,-1.,0.));
#2967 = DIRECTION('',(1.,0.,0.));
#2968 = ADVANCED_FACE('',(#2969),#2980,.F.);
#2969 = FACE_BOUND('',#2970,.T.);
#2970 = EDGE_LOOP('',(#2971,#2972,#2978,#2979));
#2971 = ORIENTED_EDGE('',*,*,#2641,.T.);
#2972 = ORIENTED_EDGE('',*,*,#2973,.T.);
#2973 = EDGE_CURVE('',#2642,#2767,#2974,.T.);
#2974 = LINE('',#2975,#2976);
#2975 = CARTESIAN_POINT('',(-93.3,-70.,323.5));
#2976 = VECTOR('',#2977,1.);
#2977 = DIRECTION('',(0.,1.,0.));
#2978 = ORIENTED_EDGE('',*,*,#2766,.F.);
#2979 = ORIENTED_EDGE('',*,*,#2973,.F.);
#2980 = CYLINDRICAL_SURFACE('',#2981,1.7);
#2981 = AXIS2_PLACEMENT_3D('',#2982,#2983,#2984);
#2982 = CARTESIAN_POINT('',(-95.,-70.,323.5));
#2983 = DIRECTION('',(-0.,-1.,0.));
#2984 = DIRECTION('',(1.,0.,0.));
#2985 = ADVANCED_FACE('',(#2986),#2997,.F.);
#2986 = FACE_BOUND('',#2987,.T.);
#2987 = EDGE_LOOP('',(#2988,#2989,#2995,#2996));
#2988 = ORIENTED_EDGE('',*,*,#2652,.T.);
#2989 = ORIENTED_EDGE('',*,*,#2990,.T.);
#2990 = EDGE_CURVE('',#2653,#2778,#2991,.T.);
#2991 = LINE('',#2992,#2993);
#2992 = CARTESIAN_POINT('',(-101.6,-70.,370.));
#2993 = VECTOR('',#2994,1.);
#2994 = DIRECTION('',(0.,1.,0.));
#2995 = ORIENTED_EDGE('',*,*,#2777,.F.);
#2996 = ORIENTED_EDGE('',*,*,#2990,.F.);
#2997 = CYLINDRICAL_SURFACE('',#2998,2.4);
#2998 = AXIS2_PLACEMENT_3D('',#2999,#3000,#3001);
#2999 = CARTESIAN_POINT('',(-104.,-70.,370.));
#3000 = DIRECTION('',(-0.,-1.,0.));
#3001 = DIRECTION('',(1.,0.,0.));
#3002 = ADVANCED_FACE('',(#3003),#3014,.F.);
#3003 = FACE_BOUND('',#3004,.T.);
#3004 = EDGE_LOOP('',(#3005,#3006,#3012,#3013));
#3005 = ORIENTED_EDGE('',*,*,#2663,.T.);
#3006 = ORIENTED_EDGE('',*,*,#3007,.T.);
#3007 = EDGE_CURVE('',#2664,#2789,#3008,.T.);
#3008 = LINE('',#3009,#3010);
#3009 = CARTESIAN_POINT('',(-96.1,-70.,359.));
#3010 = VECTOR('',#3011,1.);
#3011 = DIRECTION('',(0.,1.,0.));
#3012 = ORIENTED_EDGE('',*,*,#2788,.F.);
#3013 = ORIENTED_EDGE('',*,*,#3007,.F.);
#3014 = CYLINDRICAL_SURFACE('',#3015,4.2);
#3015 = AXIS2_PLACEMENT_3D('',#3016,#3017,#3018);
#3016 = CARTESIAN_POINT('',(-100.3,-70.,359.));
#3017 = DIRECTION('',(-0.,-1.,0.));
#3018 = DIRECTION('',(1.,0.,0.));
#3019 = ADVANCED_FACE('',(#3020),#3031,.F.);
#3020 = FACE_BOUND('',#3021,.T.);
#3021 = EDGE_LOOP('',(#3022,#3023,#3029,#3030));
#3022 = ORIENTED_EDGE('',*,*,#2674,.T.);
#3023 = ORIENTED_EDGE('',*,*,#3024,.T.);
#3024 = EDGE_CURVE('',#2675,#2800,#3025,.T.);
#3025 = LINE('',#3026,#3027);
#3026 = CARTESIAN_POINT('',(-71.8,-70.,308.5));
#3027 = VECTOR('',#3028,1.);
#3028 = DIRECTION('',(0.,1.,0.));
#3029 = ORIENTED_EDGE('',*,*,#2799,.F.);
#3030 = ORIENTED_EDGE('',*,*,#3024,.F.);
#3031 = CYLINDRICAL_SURFACE('',#3032,8.2);
#3032 = AXIS2_PLACEMENT_3D('',#3033,#3034,#3035);
#3033 = CARTESIAN_POINT('',(-80.,-70.,308.5));
#3034 = DIRECTION('',(-0.,-1.,0.));
#3035 = DIRECTION('',(1.,0.,0.));
#3036 = ADVANCED_FACE('',(#3037),#3048,.F.);
#3037 = FACE_BOUND('',#3038,.T.);
#3038 = EDGE_LOOP('',(#3039,#3040,#3046,#3047));
#3039 = ORIENTED_EDGE('',*,*,#2685,.T.);
#3040 = ORIENTED_EDGE('',*,*,#3041,.T.);
#3041 = EDGE_CURVE('',#2686,#2811,#3042,.T.);
#3042 = LINE('',#3043,#3044);
#3043 = CARTESIAN_POINT('',(-63.3,-70.,293.5));
#3044 = VECTOR('',#3045,1.);
#3045 = DIRECTION('',(0.,1.,0.));
#3046 = ORIENTED_EDGE('',*,*,#2810,.F.);
#3047 = ORIENTED_EDGE('',*,*,#3041,.F.);
#3048 = CYLINDRICAL_SURFACE('',#3049,1.7);
#3049 = AXIS2_PLACEMENT_3D('',#3050,#3051,#3052);
#3050 = CARTESIAN_POINT('',(-65.,-70.,293.5));
#3051 = DIRECTION('',(-0.,-1.,0.));
#3052 = DIRECTION('',(1.,0.,0.));
#3053 = ADVANCED_FACE('',(#3054),#3065,.F.);
#3054 = FACE_BOUND('',#3055,.T.);
#3055 = EDGE_LOOP('',(#3056,#3057,#3063,#3064));
#3056 = ORIENTED_EDGE('',*,*,#2696,.T.);
#3057 = ORIENTED_EDGE('',*,*,#3058,.T.);
#3058 = EDGE_CURVE('',#2697,#2822,#3059,.T.);
#3059 = LINE('',#3060,#3061);
#3060 = CARTESIAN_POINT('',(-63.3,-70.,323.5));
#3061 = VECTOR('',#3062,1.);
#3062 = DIRECTION('',(0.,1.,0.));
#3063 = ORIENTED_EDGE('',*,*,#2821,.F.);
#3064 = ORIENTED_EDGE('',*,*,#3058,.F.);
#3065 = CYLINDRICAL_SURFACE('',#3066,1.7);
#3066 = AXIS2_PLACEMENT_3D('',#3067,#3068,#3069);
#3067 = CARTESIAN_POINT('',(-65.,-70.,323.5));
#3068 = DIRECTION('',(-0.,-1.,0.));
#3069 = DIRECTION('',(1.,0.,0.));
#3070 = ADVANCED_FACE('',(#3071),#3077,.F.);
#3071 = FACE_BOUND('',#3072,.F.);
#3072 = EDGE_LOOP('',(#3073,#3074,#3075,#3076));
#3073 = ORIENTED_EDGE('',*,*,#2855,.F.);
#3074 = ORIENTED_EDGE('',*,*,#2878,.T.);
#3075 = ORIENTED_EDGE('',*,*,#2903,.T.);
#3076 = ORIENTED_EDGE('',*,*,#2938,.F.);
#3077 = PLANE('',#3078);
#3078 = AXIS2_PLACEMENT_3D('',#3079,#3080,#3081);
#3079 = CARTESIAN_POINT('',(-93.,-79.,267.));
#3080 = DIRECTION('',(0.,1.,0.));
#3081 = DIRECTION('',(0.,0.,1.));
#3082 = ( GEOMETRIC_REPRESENTATION_CONTEXT(3) 
GLOBAL_UNCERTAINTY_ASSIGNED_CONTEXT((#3086)) 
GLOBAL_UNIT_ASSIGNED_CONTEXT((#3083,#3084,#3085)) REPRESENTATION_CONTEXT
('Context #1','3D Context with UNIT and UNCERTAINTY') );
#3083 = ( LENGTH_UNIT() NAMED_UNIT(*) SI_UNIT(.MILLI.,.METRE.) );
#3084 = ( NAMED_UNIT(*) PLANE_ANGLE_UNIT() SI_UNIT($,.RADIAN.) );
#3085 = ( NAMED_UNIT(*) SI_UNIT($,.STERADIAN.) SOLID_ANGLE_UNIT() );
#3086 = UNCERTAINTY_MEASURE_WITH_UNIT(LENGTH_MEASURE(1.E-07),#3083,
  'distance_accuracy_value','confusion accuracy');
#3087 = CONTEXT_DEPENDENT_SHAPE_REPRESENTATION(#3088,#3090);
#3088 = ( REPRESENTATION_RELATIONSHIP('','',#2526,#10) 
REPRESENTATION_RELATIONSHIP_WITH_TRANSFORMATION(#3089) 
SHAPE_REPRESENTATION_RELATIONSHIP() );
#3089 = ITEM_DEFINED_TRANSFORMATION('','',#11,#27);
#3090 = PRODUCT_DEFINITION_SHAPE('Placement','Placement of an item',
  #3091);
#3091 = NEXT_ASSEMBLY_USAGE_OCCURRENCE('431','LAUNCH_CHEEK_R','',#5,
  #2521,$);
#3092 = PRODUCT_RELATED_PRODUCT_CATEGORY('part',$,(#2523));
#3093 = SHAPE_DEFINITION_REPRESENTATION(#3094,#3100);
#3094 = PRODUCT_DEFINITION_SHAPE('','',#3095);
#3095 = PRODUCT_DEFINITION('design','',#3096,#3099);
#3096 = PRODUCT_DEFINITION_FORMATION('','',#3097);
#3097 = PRODUCT('FLYWHEEL_L','FLYWHEEL_L','',(#3098));
#3098 = PRODUCT_CONTEXT('',#2,'mechanical');
#3099 = PRODUCT_DEFINITION_CONTEXT('part definition',#2,'design');
#3100 = ADVANCED_BREP_SHAPE_REPRESENTATION('',(#11,#3101),#3238);
#3101 = MANIFOLD_SOLID_BREP('',#3102);
#3102 = CLOSED_SHELL('',(#3103,#3136,#3156,#3176,#3201,#3226));
#3103 = ADVANCED_FACE('',(#3104),#3131,.T.);
#3104 = FACE_BOUND('',#3105,.F.);
#3105 = EDGE_LOOP('',(#3106,#3116,#3123,#3124));
#3106 = ORIENTED_EDGE('',*,*,#3107,.T.);
#3107 = EDGE_CURVE('',#3108,#3110,#3112,.T.);
#3108 = VERTEX_POINT('',#3109);
#3109 = CARTESIAN_POINT('',(-35.55,36.85,308.5));
#3110 = VERTEX_POINT('',#3111);
#3111 = CARTESIAN_POINT('',(-35.55,55.15,308.5));
#3112 = LINE('',#3113,#3114);
#3113 = CARTESIAN_POINT('',(-35.55,36.85,308.5));
#3114 = VECTOR('',#3115,1.);
#3115 = DIRECTION('',(0.,1.,0.));
#3116 = ORIENTED_EDGE('',*,*,#3117,.T.);
#3117 = EDGE_CURVE('',#3110,#3110,#3118,.T.);
#3118 = CIRCLE('',#3119,44.45);
#3119 = AXIS2_PLACEMENT_3D('',#3120,#3121,#3122);
#3120 = CARTESIAN_POINT('',(-80.,55.15,308.5));
#3121 = DIRECTION('',(-0.,1.,0.));
#3122 = DIRECTION('',(1.,0.,0.));
#3123 = ORIENTED_EDGE('',*,*,#3107,.F.);
#3124 = ORIENTED_EDGE('',*,*,#3125,.F.);
#3125 = EDGE_CURVE('',#3108,#3108,#3126,.T.);
#3126 = CIRCLE('',#3127,44.45);
#3127 = AXIS2_PLACEMENT_3D('',#3128,#3129,#3130);
#3128 = CARTESIAN_POINT('',(-80.,36.85,308.5));
#3129 = DIRECTION('',(-0.,1.,0.));
#3130 = DIRECTION('',(1.,0.,0.));
#3131 = CYLINDRICAL_SURFACE('',#3132,44.45);
#3132 = AXIS2_PLACEMENT_3D('',#3133,#3134,#3135);
#3133 = CARTESIAN_POINT('',(-80.,36.85,308.5));
#3134 = DIRECTION('',(-0.,-1.,0.));
#3135 = DIRECTION('',(1.,0.,0.));
#3136 = ADVANCED_FACE('',(#3137,#3140),#3151,.F.);
#3137 = FACE_BOUND('',#3138,.F.);
#3138 = EDGE_LOOP('',(#3139));
#3139 = ORIENTED_EDGE('',*,*,#3125,.T.);
#3140 = FACE_BOUND('',#3141,.F.);
#3141 = EDGE_LOOP('',(#3142));
#3142 = ORIENTED_EDGE('',*,*,#3143,.T.);
#3143 = EDGE_CURVE('',#3144,#3144,#3146,.T.);
#3144 = VERTEX_POINT('',#3145);
#3145 = CARTESIAN_POINT('',(-76.5,36.85,308.5));
#3146 = CIRCLE('',#3147,3.5);
#3147 = AXIS2_PLACEMENT_3D('',#3148,#3149,#3150);
#3148 = CARTESIAN_POINT('',(-80.,36.85,308.5));
#3149 = DIRECTION('',(0.,-1.,2.2E-16));
#3150 = DIRECTION('',(1.,0.,0.));
#3151 = PLANE('',#3152);
#3152 = AXIS2_PLACEMENT_3D('',#3153,#3154,#3155);
#3153 = CARTESIAN_POINT('',(-80.,36.85,308.5));
#3154 = DIRECTION('',(0.,1.,0.));
#3155 = DIRECTION('',(1.,0.,0.));
#3156 = ADVANCED_FACE('',(#3157,#3160),#3171,.T.);
#3157 = FACE_BOUND('',#3158,.T.);
#3158 = EDGE_LOOP('',(#3159));
#3159 = ORIENTED_EDGE('',*,*,#3117,.T.);
#3160 = FACE_BOUND('',#3161,.T.);
#3161 = EDGE_LOOP('',(#3162));
#3162 = ORIENTED_EDGE('',*,*,#3163,.F.);
#3163 = EDGE_CURVE('',#3164,#3164,#3166,.T.);
#3164 = VERTEX_POINT('',#3165);
#3165 = CARTESIAN_POINT('',(-71.,55.15,308.5));
#3166 = CIRCLE('',#3167,9.);
#3167 = AXIS2_PLACEMENT_3D('',#3168,#3169,#3170);
#3168 = CARTESIAN_POINT('',(-80.,55.15,308.5));
#3169 = DIRECTION('',(-0.,1.,0.));
#3170 = DIRECTION('',(1.,0.,0.));
#3171 = PLANE('',#3172);
#3172 = AXIS2_PLACEMENT_3D('',#3173,#3174,#3175);
#3173 = CARTESIAN_POINT('',(-80.,55.15,308.5));
#3174 = DIRECTION('',(0.,1.,0.));
#3175 = DIRECTION('',(1.,0.,0.));
#3176 = ADVANCED_FACE('',(#3177),#3196,.F.);
#3177 = FACE_BOUND('',#3178,.T.);
#3178 = EDGE_LOOP('',(#3179,#3180,#3188,#3195));
#3179 = ORIENTED_EDGE('',*,*,#3143,.T.);
#3180 = ORIENTED_EDGE('',*,*,#3181,.T.);
#3181 = EDGE_CURVE('',#3144,#3182,#3184,.T.);
#3182 = VERTEX_POINT('',#3183);
#3183 = CARTESIAN_POINT('',(-76.5,49.15,308.5));
#3184 = LINE('',#3185,#3186);
#3185 = CARTESIAN_POINT('',(-76.5,35.85,308.5));
#3186 = VECTOR('',#3187,1.);
#3187 = DIRECTION('',(0.,1.,0.));
#3188 = ORIENTED_EDGE('',*,*,#3189,.F.);
#3189 = EDGE_CURVE('',#3182,#3182,#3190,.T.);
#3190 = CIRCLE('',#3191,3.5);
#3191 = AXIS2_PLACEMENT_3D('',#3192,#3193,#3194);
#3192 = CARTESIAN_POINT('',(-80.,49.15,308.5));
#3193 = DIRECTION('',(0.,-1.,2.2E-16));
#3194 = DIRECTION('',(1.,0.,0.));
#3195 = ORIENTED_EDGE('',*,*,#3181,.F.);
#3196 = CYLINDRICAL_SURFACE('',#3197,3.5);
#3197 = AXIS2_PLACEMENT_3D('',#3198,#3199,#3200);
#3198 = CARTESIAN_POINT('',(-80.,35.85,308.5));
#3199 = DIRECTION('',(-0.,-1.,0.));
#3200 = DIRECTION('',(1.,0.,0.));
#3201 = ADVANCED_FACE('',(#3202),#3221,.F.);
#3202 = FACE_BOUND('',#3203,.T.);
#3203 = EDGE_LOOP('',(#3204,#3212,#3213,#3214));
#3204 = ORIENTED_EDGE('',*,*,#3205,.T.);
#3205 = EDGE_CURVE('',#3206,#3164,#3208,.T.);
#3206 = VERTEX_POINT('',#3207);
#3207 = CARTESIAN_POINT('',(-71.,49.15,308.5));
#3208 = LINE('',#3209,#3210);
#3209 = CARTESIAN_POINT('',(-71.,49.15,308.5));
#3210 = VECTOR('',#3211,1.);
#3211 = DIRECTION('',(0.,1.,0.));
#3212 = ORIENTED_EDGE('',*,*,#3163,.T.);
#3213 = ORIENTED_EDGE('',*,*,#3205,.F.);
#3214 = ORIENTED_EDGE('',*,*,#3215,.F.);
#3215 = EDGE_CURVE('',#3206,#3206,#3216,.T.);
#3216 = CIRCLE('',#3217,9.);
#3217 = AXIS2_PLACEMENT_3D('',#3218,#3219,#3220);
#3218 = CARTESIAN_POINT('',(-80.,49.15,308.5));
#3219 = DIRECTION('',(-0.,1.,0.));
#3220 = DIRECTION('',(1.,0.,0.));
#3221 = CYLINDRICAL_SURFACE('',#3222,9.);
#3222 = AXIS2_PLACEMENT_3D('',#3223,#3224,#3225);
#3223 = CARTESIAN_POINT('',(-80.,49.15,308.5));
#3224 = DIRECTION('',(-0.,-1.,0.));
#3225 = DIRECTION('',(1.,0.,0.));
#3226 = ADVANCED_FACE('',(#3227,#3230),#3233,.T.);
#3227 = FACE_BOUND('',#3228,.T.);
#3228 = EDGE_LOOP('',(#3229));
#3229 = ORIENTED_EDGE('',*,*,#3215,.T.);
#3230 = FACE_BOUND('',#3231,.T.);
#3231 = EDGE_LOOP('',(#3232));
#3232 = ORIENTED_EDGE('',*,*,#3189,.T.);
#3233 = PLANE('',#3234);
#3234 = AXIS2_PLACEMENT_3D('',#3235,#3236,#3237);
#3235 = CARTESIAN_POINT('',(-80.,49.15,308.5));
#3236 = DIRECTION('',(0.,1.,0.));
#3237 = DIRECTION('',(1.,0.,0.));
#3238 = ( GEOMETRIC_REPRESENTATION_CONTEXT(3) 
GLOBAL_UNCERTAINTY_ASSIGNED_CONTEXT((#3242)) 
GLOBAL_UNIT_ASSIGNED_CONTEXT((#3239,#3240,#3241)) REPRESENTATION_CONTEXT
('Context #1','3D Context with UNIT and UNCERTAINTY') );
#3239 = ( LENGTH_UNIT() NAMED_UNIT(*) SI_UNIT(.MILLI.,.METRE.) );
#3240 = ( NAMED_UNIT(*) PLANE_ANGLE_UNIT() SI_UNIT($,.RADIAN.) );
#3241 = ( NAMED_UNIT(*) SI_UNIT($,.STERADIAN.) SOLID_ANGLE_UNIT() );
#3242 = UNCERTAINTY_MEASURE_WITH_UNIT(LENGTH_MEASURE(1.E-07),#3239,
  'distance_accuracy_value','confusion accuracy');
#3243 = CONTEXT_DEPENDENT_SHAPE_REPRESENTATION(#3244,#3246);
#3244 = ( REPRESENTATION_RELATIONSHIP('','',#3100,#10) 
REPRESENTATION_RELATIONSHIP_WITH_TRANSFORMATION(#3245) 
SHAPE_REPRESENTATION_RELATIONSHIP() );
#3245 = ITEM_DEFINED_TRANSFORMATION('','',#11,#31);
#3246 = PRODUCT_DEFINITION_SHAPE('Placement','Placement of an item',
  #3247);
#3247 = NEXT_ASSEMBLY_USAGE_OCCURRENCE('432','FLYWHEEL_L','',#5,#3095,$
  );
#3248 = PRODUCT_RELATED_PRODUCT_CATEGORY('part',$,(#3097));
#3249 = SHAPE_DEFINITION_REPRESENTATION(#3250,#3256);
#3250 = PRODUCT_DEFINITION_SHAPE('','',#3251);
#3251 = PRODUCT_DEFINITION('design','',#3252,#3255);
#3252 = PRODUCT_DEFINITION_FORMATION('','',#3253);
#3253 = PRODUCT('FLY_CLAMP_L','FLY_CLAMP_L','',(#3254));
#3254 = PRODUCT_CONTEXT('',#2,'mechanical');
#3255 = PRODUCT_DEFINITION_CONTEXT('part definition',#2,'design');
#3256 = ADVANCED_BREP_SHAPE_REPRESENTATION('',(#11,#3257),#3349);
#3257 = MANIFOLD_SOLID_BREP('',#3258);
#3258 = CLOSED_SHELL('',(#3259,#3292,#3312,#3332));
#3259 = ADVANCED_FACE('',(#3260),#3287,.T.);
#3260 = FACE_BOUND('',#3261,.F.);
#3261 = EDGE_LOOP('',(#3262,#3272,#3279,#3280));
#3262 = ORIENTED_EDGE('',*,*,#3263,.T.);
#3263 = EDGE_CURVE('',#3264,#3266,#3268,.T.);
#3264 = VERTEX_POINT('',#3265);
#3265 = CARTESIAN_POINT('',(-71.1,49.15,308.5));
#3266 = VERTEX_POINT('',#3267);
#3267 = CARTESIAN_POINT('',(-71.1,55.15,308.5));
#3268 = LINE('',#3269,#3270);
#3269 = CARTESIAN_POINT('',(-71.1,49.15,308.5));
#3270 = VECTOR('',#3271,1.);
#3271 = DIRECTION('',(0.,1.,0.));
#3272 = ORIENTED_EDGE('',*,*,#3273,.T.);
#3273 = EDGE_CURVE('',#3266,#3266,#3274,.T.);
#3274 = CIRCLE('',#3275,8.9);
#3275 = AXIS2_PLACEMENT_3D('',#3276,#3277,#3278);
#3276 = CARTESIAN_POINT('',(-80.,55.15,308.5));
#3277 = DIRECTION('',(-0.,1.,0.));
#3278 = DIRECTION('',(1.,0.,0.));
#3279 = ORIENTED_EDGE('',*,*,#3263,.F.);
#3280 = ORIENTED_EDGE('',*,*,#3281,.F.);
#3281 = EDGE_CURVE('',#3264,#3264,#3282,.T.);
#3282 = CIRCLE('',#3283,8.9);
#3283 = AXIS2_PLACEMENT_3D('',#3284,#3285,#3286);
#3284 = CARTESIAN_POINT('',(-80.,49.15,308.5));
#3285 = DIRECTION('',(-0.,1.,0.));
#3286 = DIRECTION('',(1.,0.,0.));
#3287 = CYLINDRICAL_SURFACE('',#3288,8.9);
#3288 = AXIS2_PLACEMENT_3D('',#3289,#3290,#3291);
#3289 = CARTESIAN_POINT('',(-80.,49.15,308.5));
#3290 = DIRECTION('',(-0.,-1.,0.));
#3291 = DIRECTION('',(1.,0.,0.));
#3292 = ADVANCED_FACE('',(#3293,#3296),#3307,.F.);
#3293 = FACE_BOUND('',#3294,.F.);
#3294 = EDGE_LOOP('',(#3295));
#3295 = ORIENTED_EDGE('',*,*,#3281,.T.);
#3296 = FACE_BOUND('',#3297,.F.);
#3297 = EDGE_LOOP('',(#3298));
#3298 = ORIENTED_EDGE('',*,*,#3299,.T.);
#3299 = EDGE_CURVE('',#3300,#3300,#3302,.T.);
#3300 = VERTEX_POINT('',#3301);
#3301 = CARTESIAN_POINT('',(-76.4,49.15,308.5));
#3302 = CIRCLE('',#3303,3.6);
#3303 = AXIS2_PLACEMENT_3D('',#3304,#3305,#3306);
#3304 = CARTESIAN_POINT('',(-80.,49.15,308.5));
#3305 = DIRECTION('',(0.,-1.,2.2E-16));
#3306 = DIRECTION('',(1.,0.,0.));
#3307 = PLANE('',#3308);
#3308 = AXIS2_PLACEMENT_3D('',#3309,#3310,#3311);
#3309 = CARTESIAN_POINT('',(-80.,49.15,308.5));
#3310 = DIRECTION('',(0.,1.,0.));
#3311 = DIRECTION('',(1.,0.,0.));
#3312 = ADVANCED_FACE('',(#3313,#3316),#3327,.T.);
#3313 = FACE_BOUND('',#3314,.T.);
#3314 = EDGE_LOOP('',(#3315));
#3315 = ORIENTED_EDGE('',*,*,#3273,.T.);
#3316 = FACE_BOUND('',#3317,.T.);
#3317 = EDGE_LOOP('',(#3318));
#3318 = ORIENTED_EDGE('',*,*,#3319,.T.);
#3319 = EDGE_CURVE('',#3320,#3320,#3322,.T.);
#3320 = VERTEX_POINT('',#3321);
#3321 = CARTESIAN_POINT('',(-76.4,55.15,308.5));
#3322 = CIRCLE('',#3323,3.6);
#3323 = AXIS2_PLACEMENT_3D('',#3324,#3325,#3326);
#3324 = CARTESIAN_POINT('',(-80.,55.15,308.5));
#3325 = DIRECTION('',(0.,-1.,2.2E-16));
#3326 = DIRECTION('',(1.,0.,0.));
#3327 = PLANE('',#3328);
#3328 = AXIS2_PLACEMENT_3D('',#3329,#3330,#3331);
#3329 = CARTESIAN_POINT('',(-80.,55.15,308.5));
#3330 = DIRECTION('',(0.,1.,0.));
#3331 = DIRECTION('',(1.,0.,0.));
#3332 = ADVANCED_FACE('',(#3333),#3344,.F.);
#3333 = FACE_BOUND('',#3334,.T.);
#3334 = EDGE_LOOP('',(#3335,#3336,#3342,#3343));
#3335 = ORIENTED_EDGE('',*,*,#3299,.T.);
#3336 = ORIENTED_EDGE('',*,*,#3337,.T.);
#3337 = EDGE_CURVE('',#3300,#3320,#3338,.T.);
#3338 = LINE('',#3339,#3340);
#3339 = CARTESIAN_POINT('',(-76.4,48.15,308.5));
#3340 = VECTOR('',#3341,1.);
#3341 = DIRECTION('',(0.,1.,0.));
#3342 = ORIENTED_EDGE('',*,*,#3319,.F.);
#3343 = ORIENTED_EDGE('',*,*,#3337,.F.);
#3344 = CYLINDRICAL_SURFACE('',#3345,3.6);
#3345 = AXIS2_PLACEMENT_3D('',#3346,#3347,#3348);
#3346 = CARTESIAN_POINT('',(-80.,48.15,308.5));
#3347 = DIRECTION('',(-0.,-1.,0.));
#3348 = DIRECTION('',(1.,0.,0.));
#3349 = ( GEOMETRIC_REPRESENTATION_CONTEXT(3) 
GLOBAL_UNCERTAINTY_ASSIGNED_CONTEXT((#3353)) 
GLOBAL_UNIT_ASSIGNED_CONTEXT((#3350,#3351,#3352)) REPRESENTATION_CONTEXT
('Context #1','3D Context with UNIT and UNCERTAINTY') );
#3350 = ( LENGTH_UNIT() NAMED_UNIT(*) SI_UNIT(.MILLI.,.METRE.) );
#3351 = ( NAMED_UNIT(*) PLANE_ANGLE_UNIT() SI_UNIT($,.RADIAN.) );
#3352 = ( NAMED_UNIT(*) SI_UNIT($,.STERADIAN.) SOLID_ANGLE_UNIT() );
#3353 = UNCERTAINTY_MEASURE_WITH_UNIT(LENGTH_MEASURE(1.E-07),#3350,
  'distance_accuracy_value','confusion accuracy');
#3354 = CONTEXT_DEPENDENT_SHAPE_REPRESENTATION(#3355,#3357);
#3355 = ( REPRESENTATION_RELATIONSHIP('','',#3256,#10) 
REPRESENTATION_RELATIONSHIP_WITH_TRANSFORMATION(#3356) 
SHAPE_REPRESENTATION_RELATIONSHIP() );
#3356 = ITEM_DEFINED_TRANSFORMATION('','',#11,#35);
#3357 = PRODUCT_DEFINITION_SHAPE('Placement','Placement of an item',
  #3358);
#3358 = NEXT_ASSEMBLY_USAGE_OCCURRENCE('433','FLY_CLAMP_L','',#5,#3251,$
  );
#3359 = PRODUCT_RELATED_PRODUCT_CATEGORY('part',$,(#3253));
#3360 = SHAPE_DEFINITION_REPRESENTATION(#3361,#3367);
#3361 = PRODUCT_DEFINITION_SHAPE('','',#3362);
#3362 = PRODUCT_DEFINITION('design','',#3363,#3366);
#3363 = PRODUCT_DEFINITION_FORMATION('','',#3364);
#3364 = PRODUCT('FLY_SHAFT_L','FLY_SHAFT_L','',(#3365));
#3365 = PRODUCT_CONTEXT('',#2,'mechanical');
#3366 = PRODUCT_DEFINITION_CONTEXT('part definition',#2,'design');
#3367 = ADVANCED_BREP_SHAPE_REPRESENTATION('',(#11,#3368),#3421);
#3368 = MANIFOLD_SOLID_BREP('',#3369);
#3369 = CLOSED_SHELL('',(#3370,#3403,#3412));
#3370 = ADVANCED_FACE('',(#3371),#3398,.T.);
#3371 = FACE_BOUND('',#3372,.F.);
#3372 = EDGE_LOOP('',(#3373,#3383,#3390,#3391));
#3373 = ORIENTED_EDGE('',*,*,#3374,.T.);
#3374 = EDGE_CURVE('',#3375,#3377,#3379,.T.);
#3375 = VERTEX_POINT('',#3376);
#3376 = CARTESIAN_POINT('',(-76.,44.,308.5));
#3377 = VERTEX_POINT('',#3378);
#3378 = CARTESIAN_POINT('',(-76.,67.,308.5));
#3379 = LINE('',#3380,#3381);
#3380 = CARTESIAN_POINT('',(-76.,44.,308.5));
#3381 = VECTOR('',#3382,1.);
#3382 = DIRECTION('',(0.,1.,-2.22044604925E-16));
#3383 = ORIENTED_EDGE('',*,*,#3384,.T.);
#3384 = EDGE_CURVE('',#3377,#3377,#3385,.T.);
#3385 = CIRCLE('',#3386,4.);
#3386 = AXIS2_PLACEMENT_3D('',#3387,#3388,#3389);
#3387 = CARTESIAN_POINT('',(-80.,67.,308.5));
#3388 = DIRECTION('',(0.,1.,-2.22044604925E-16));
#3389 = DIRECTION('',(1.,0.,0.));
#3390 = ORIENTED_EDGE('',*,*,#3374,.F.);
#3391 = ORIENTED_EDGE('',*,*,#3392,.F.);
#3392 = EDGE_CURVE('',#3375,#3375,#3393,.T.);
#3393 = CIRCLE('',#3394,4.);
#3394 = AXIS2_PLACEMENT_3D('',#3395,#3396,#3397);
#3395 = CARTESIAN_POINT('',(-80.,44.,308.5));
#3396 = DIRECTION('',(0.,1.,-2.22044604925E-16));
#3397 = DIRECTION('',(1.,0.,0.));
#3398 = CYLINDRICAL_SURFACE('',#3399,4.);
#3399 = AXIS2_PLACEMENT_3D('',#3400,#3401,#3402);
#3400 = CARTESIAN_POINT('',(-80.,44.,308.5));
#3401 = DIRECTION('',(-0.,-1.,2.22044604925E-16));
#3402 = DIRECTION('',(1.,0.,0.));
#3403 = ADVANCED_FACE('',(#3404),#3407,.F.);
#3404 = FACE_BOUND('',#3405,.T.);
#3405 = EDGE_LOOP('',(#3406));
#3406 = ORIENTED_EDGE('',*,*,#3392,.F.);
#3407 = PLANE('',#3408);
#3408 = AXIS2_PLACEMENT_3D('',#3409,#3410,#3411);
#3409 = CARTESIAN_POINT('',(-80.,44.,308.5));
#3410 = DIRECTION('',(0.,1.,-2.22044604925E-16));
#3411 = DIRECTION('',(1.,0.,0.));
#3412 = ADVANCED_FACE('',(#3413),#3416,.T.);
#3413 = FACE_BOUND('',#3414,.F.);
#3414 = EDGE_LOOP('',(#3415));
#3415 = ORIENTED_EDGE('',*,*,#3384,.F.);
#3416 = PLANE('',#3417);
#3417 = AXIS2_PLACEMENT_3D('',#3418,#3419,#3420);
#3418 = CARTESIAN_POINT('',(-80.,67.,308.5));
#3419 = DIRECTION('',(0.,1.,-2.22044604925E-16));
#3420 = DIRECTION('',(1.,0.,0.));
#3421 = ( GEOMETRIC_REPRESENTATION_CONTEXT(3) 
GLOBAL_UNCERTAINTY_ASSIGNED_CONTEXT((#3425)) 
GLOBAL_UNIT_ASSIGNED_CONTEXT((#3422,#3423,#3424)) REPRESENTATION_CONTEXT
('Context #1','3D Context with UNIT and UNCERTAINTY') );
#3422 = ( LENGTH_UNIT() NAMED_UNIT(*) SI_UNIT(.MILLI.,.METRE.) );
#3423 = ( NAMED_UNIT(*) PLANE_ANGLE_UNIT() SI_UNIT($,.RADIAN.) );
#3424 = ( NAMED_UNIT(*) SI_UNIT($,.STERADIAN.) SOLID_ANGLE_UNIT() );
#3425 = UNCERTAINTY_MEASURE_WITH_UNIT(LENGTH_MEASURE(1.E-07),#3422,
  'distance_accuracy_value','confusion accuracy');
#3426 = CONTEXT_DEPENDENT_SHAPE_REPRESENTATION(#3427,#3429);
#3427 = ( REPRESENTATION_RELATIONSHIP('','',#3367,#10) 
REPRESENTATION_RELATIONSHIP_WITH_TRANSFORMATION(#3428) 
SHAPE_REPRESENTATION_RELATIONSHIP() );
#3428 = ITEM_DEFINED_TRANSFORMATION('','',#11,#39);
#3429 = PRODUCT_DEFINITION_SHAPE('Placement','Placement of an item',
  #3430);
#3430 = NEXT_ASSEMBLY_USAGE_OCCURRENCE('434','FLY_SHAFT_L','',#5,#3362,$
  );
#3431 = PRODUCT_RELATED_PRODUCT_CATEGORY('part',$,(#3364));
#3432 = SHAPE_DEFINITION_REPRESENTATION(#3433,#3439);
#3433 = PRODUCT_DEFINITION_SHAPE('','',#3434);
#3434 = PRODUCT_DEFINITION('design','',#3435,#3438);
#3435 = PRODUCT_DEFINITION_FORMATION('','',#3436);
#3436 = PRODUCT('FLY_BRG_L','FLY_BRG_L','',(#3437));
#3437 = PRODUCT_CONTEXT('',#2,'mechanical');
#3438 = PRODUCT_DEFINITION_CONTEXT('part definition',#2,'design');
#3439 = ADVANCED_BREP_SHAPE_REPRESENTATION('',(#11,#3440),#3830);
#3440 = MANIFOLD_SOLID_BREP('',#3441);
#3441 = CLOSED_SHELL('',(#3442,#3482,#3568,#3592,#3671,#3688,#3700,#3717
    ,#3734,#3751,#3776,#3793,#3818));
#3442 = ADVANCED_FACE('',(#3443),#3477,.F.);
#3443 = FACE_BOUND('',#3444,.F.);
#3444 = EDGE_LOOP('',(#3445,#3455,#3463,#3471));
#3445 = ORIENTED_EDGE('',*,*,#3446,.F.);
#3446 = EDGE_CURVE('',#3447,#3449,#3451,.T.);
#3447 = VERTEX_POINT('',#3448);
#3448 = CARTESIAN_POINT('',(-92.,58.,296.5));
#3449 = VERTEX_POINT('',#3450);
#3450 = CARTESIAN_POINT('',(-92.,58.,320.5));
#3451 = LINE('',#3452,#3453);
#3452 = CARTESIAN_POINT('',(-92.,58.,296.5));
#3453 = VECTOR('',#3454,1.);
#3454 = DIRECTION('',(0.,0.,1.));
#3455 = ORIENTED_EDGE('',*,*,#3456,.T.);
#3456 = EDGE_CURVE('',#3447,#3457,#3459,.T.);
#3457 = VERTEX_POINT('',#3458);
#3458 = CARTESIAN_POINT('',(-92.,64.,296.5));
#3459 = LINE('',#3460,#3461);
#3460 = CARTESIAN_POINT('',(-92.,58.,296.5));
#3461 = VECTOR('',#3462,1.);
#3462 = DIRECTION('',(0.,1.,0.));
#3463 = ORIENTED_EDGE('',*,*,#3464,.T.);
#3464 = EDGE_CURVE('',#3457,#3465,#3467,.T.);
#3465 = VERTEX_POINT('',#3466);
#3466 = CARTESIAN_POINT('',(-92.,64.,320.5));
#3467 = LINE('',#3468,#3469);
#3468 = CARTESIAN_POINT('',(-92.,64.,296.5));
#3469 = VECTOR('',#3470,1.);
#3470 = DIRECTION('',(0.,0.,1.));
#3471 = ORIENTED_EDGE('',*,*,#3472,.F.);
#3472 = EDGE_CURVE('',#3449,#3465,#3473,.T.);
#3473 = LINE('',#3474,#3475);
#3474 = CARTESIAN_POINT('',(-92.,58.,320.5));
#3475 = VECTOR('',#3476,1.);
#3476 = DIRECTION('',(0.,1.,0.));
#3477 = PLANE('',#3478);
#3478 = AXIS2_PLACEMENT_3D('',#3479,#3480,#3481);
#3479 = CARTESIAN_POINT('',(-92.,58.,296.5));
#3480 = DIRECTION('',(1.,0.,0.));
#3481 = DIRECTION('',(0.,0.,1.));
#3482 = ADVANCED_FACE('',(#3483,#3508,#3519,#3530,#3541,#3552),#3563,.F.
  );
#3483 = FACE_BOUND('',#3484,.F.);
#3484 = EDGE_LOOP('',(#3485,#3493,#3494,#3502));
#3485 = ORIENTED_EDGE('',*,*,#3486,.F.);
#3486 = EDGE_CURVE('',#3447,#3487,#3489,.T.);
#3487 = VERTEX_POINT('',#3488);
#3488 = CARTESIAN_POINT('',(-68.,58.,296.5));
#3489 = LINE('',#3490,#3491);
#3490 = CARTESIAN_POINT('',(-92.,58.,296.5));
#3491 = VECTOR('',#3492,1.);
#3492 = DIRECTION('',(1.,0.,0.));
#3493 = ORIENTED_EDGE('',*,*,#3446,.T.);
#3494 = ORIENTED_EDGE('',*,*,#3495,.T.);
#3495 = EDGE_CURVE('',#3449,#3496,#3498,.T.);
#3496 = VERTEX_POINT('',#3497);
#3497 = CARTESIAN_POINT('',(-68.,58.,320.5));
#3498 = LINE('',#3499,#3500);
#3499 = CARTESIAN_POINT('',(-92.,58.,320.5));
#3500 = VECTOR('',#3501,1.);
#3501 = DIRECTION('',(1.,0.,0.));
#3502 = ORIENTED_EDGE('',*,*,#3503,.F.);
#3503 = EDGE_CURVE('',#3487,#3496,#3504,.T.);
#3504 = LINE('',#3505,#3506);
#3505 = CARTESIAN_POINT('',(-68.,58.,296.5));
#3506 = VECTOR('',#3507,1.);
#3507 = DIRECTION('',(0.,0.,1.));
#3508 = FACE_BOUND('',#3509,.F.);
#3509 = EDGE_LOOP('',(#3510));
#3510 = ORIENTED_EDGE('',*,*,#3511,.T.);
#3511 = EDGE_CURVE('',#3512,#3512,#3514,.T.);
#3512 = VERTEX_POINT('',#3513);
#3513 = CARTESIAN_POINT('',(-87.3,58.,299.5));
#3514 = CIRCLE('',#3515,1.7);
#3515 = AXIS2_PLACEMENT_3D('',#3516,#3517,#3518);
#3516 = CARTESIAN_POINT('',(-89.,58.,299.5));
#3517 = DIRECTION('',(0.,-1.,2.2E-16));
#3518 = DIRECTION('',(1.,0.,0.));
#3519 = FACE_BOUND('',#3520,.F.);
#3520 = EDGE_LOOP('',(#3521));
#3521 = ORIENTED_EDGE('',*,*,#3522,.T.);
#3522 = EDGE_CURVE('',#3523,#3523,#3525,.T.);
#3523 = VERTEX_POINT('',#3524);
#3524 = CARTESIAN_POINT('',(-87.3,58.,317.5));
#3525 = CIRCLE('',#3526,1.7);
#3526 = AXIS2_PLACEMENT_3D('',#3527,#3528,#3529);
#3527 = CARTESIAN_POINT('',(-89.,58.,317.5));
#3528 = DIRECTION('',(0.,-1.,2.2E-16));
#3529 = DIRECTION('',(1.,0.,0.));
#3530 = FACE_BOUND('',#3531,.F.);
#3531 = EDGE_LOOP('',(#3532));
#3532 = ORIENTED_EDGE('',*,*,#3533,.T.);
#3533 = EDGE_CURVE('',#3534,#3534,#3536,.T.);
#3534 = VERTEX_POINT('',#3535);
#3535 = CARTESIAN_POINT('',(-69.3,58.,299.5));
#3536 = CIRCLE('',#3537,1.7);
#3537 = AXIS2_PLACEMENT_3D('',#3538,#3539,#3540);
#3538 = CARTESIAN_POINT('',(-71.,58.,299.5));
#3539 = DIRECTION('',(0.,-1.,2.2E-16));
#3540 = DIRECTION('',(1.,0.,0.));
#3541 = FACE_BOUND('',#3542,.F.);
#3542 = EDGE_LOOP('',(#3543));
#3543 = ORIENTED_EDGE('',*,*,#3544,.T.);
#3544 = EDGE_CURVE('',#3545,#3545,#3547,.T.);
#3545 = VERTEX_POINT('',#3546);
#3546 = CARTESIAN_POINT('',(-75.75,58.,308.5));
#3547 = CIRCLE('',#3548,4.25);
#3548 = AXIS2_PLACEMENT_3D('',#3549,#3550,#3551);
#3549 = CARTESIAN_POINT('',(-80.,58.,308.5));
#3550 = DIRECTION('',(0.,-1.,2.2E-16));
#3551 = DIRECTION('',(1.,0.,0.));
#3552 = FACE_BOUND('',#3553,.F.);
#3553 = EDGE_LOOP('',(#3554));
#3554 = ORIENTED_EDGE('',*,*,#3555,.T.);
#3555 = EDGE_CURVE('',#3556,#3556,#3558,.T.);
#3556 = VERTEX_POINT('',#3557);
#3557 = CARTESIAN_POINT('',(-69.3,58.,317.5));
#3558 = CIRCLE('',#3559,1.7);
#3559 = AXIS2_PLACEMENT_3D('',#3560,#3561,#3562);
#3560 = CARTESIAN_POINT('',(-71.,58.,317.5));
#3561 = DIRECTION('',(0.,-1.,2.2E-16));
#3562 = DIRECTION('',(1.,0.,0.));
#3563 = PLANE('',#3564);
#3564 = AXIS2_PLACEMENT_3D('',#3565,#3566,#3567);
#3565 = CARTESIAN_POINT('',(-92.,58.,296.5));
#3566 = DIRECTION('',(0.,1.,0.));
#3567 = DIRECTION('',(0.,0.,1.));
#3568 = ADVANCED_FACE('',(#3569),#3587,.T.);
#3569 = FACE_BOUND('',#3570,.T.);
#3570 = EDGE_LOOP('',(#3571,#3572,#3573,#3581));
#3571 = ORIENTED_EDGE('',*,*,#3472,.F.);
#3572 = ORIENTED_EDGE('',*,*,#3495,.T.);
#3573 = ORIENTED_EDGE('',*,*,#3574,.T.);
#3574 = EDGE_CURVE('',#3496,#3575,#3577,.T.);
#3575 = VERTEX_POINT('',#3576);
#3576 = CARTESIAN_POINT('',(-68.,64.,320.5));
#3577 = LINE('',#3578,#3579);
#3578 = CARTESIAN_POINT('',(-68.,58.,320.5));
#3579 = VECTOR('',#3580,1.);
#3580 = DIRECTION('',(0.,1.,0.));
#3581 = ORIENTED_EDGE('',*,*,#3582,.F.);
#3582 = EDGE_CURVE('',#3465,#3575,#3583,.T.);
#3583 = LINE('',#3584,#3585);
#3584 = CARTESIAN_POINT('',(-92.,64.,320.5));
#3585 = VECTOR('',#3586,1.);
#3586 = DIRECTION('',(1.,0.,0.));
#3587 = PLANE('',#3588);
#3588 = AXIS2_PLACEMENT_3D('',#3589,#3590,#3591);
#3589 = CARTESIAN_POINT('',(-92.,58.,320.5));
#3590 = DIRECTION('',(0.,0.,1.));
#3591 = DIRECTION('',(1.,0.,0.));
#3592 = ADVANCED_FACE('',(#3593,#3611,#3622,#3633,#3644,#3655),#3666,.T.
  );
#3593 = FACE_BOUND('',#3594,.T.);
#3594 = EDGE_LOOP('',(#3595,#3603,#3604,#3605));
#3595 = ORIENTED_EDGE('',*,*,#3596,.F.);
#3596 = EDGE_CURVE('',#3457,#3597,#3599,.T.);
#3597 = VERTEX_POINT('',#3598);
#3598 = CARTESIAN_POINT('',(-68.,64.,296.5));
#3599 = LINE('',#3600,#3601);
#3600 = CARTESIAN_POINT('',(-92.,64.,296.5));
#3601 = VECTOR('',#3602,1.);
#3602 = DIRECTION('',(1.,0.,0.));
#3603 = ORIENTED_EDGE('',*,*,#3464,.T.);
#3604 = ORIENTED_EDGE('',*,*,#3582,.T.);
#3605 = ORIENTED_EDGE('',*,*,#3606,.F.);
#3606 = EDGE_CURVE('',#3597,#3575,#3607,.T.);
#3607 = LINE('',#3608,#3609);
#3608 = CARTESIAN_POINT('',(-68.,64.,296.5));
#3609 = VECTOR('',#3610,1.);
#3610 = DIRECTION('',(0.,0.,1.));
#3611 = FACE_BOUND('',#3612,.T.);
#3612 = EDGE_LOOP('',(#3613));
#3613 = ORIENTED_EDGE('',*,*,#3614,.T.);
#3614 = EDGE_CURVE('',#3615,#3615,#3617,.T.);
#3615 = VERTEX_POINT('',#3616);
#3616 = CARTESIAN_POINT('',(-87.3,64.,299.5));
#3617 = CIRCLE('',#3618,1.7);
#3618 = AXIS2_PLACEMENT_3D('',#3619,#3620,#3621);
#3619 = CARTESIAN_POINT('',(-89.,64.,299.5));
#3620 = DIRECTION('',(0.,-1.,2.2E-16));
#3621 = DIRECTION('',(1.,0.,0.));
#3622 = FACE_BOUND('',#3623,.T.);
#3623 = EDGE_LOOP('',(#3624));
#3624 = ORIENTED_EDGE('',*,*,#3625,.T.);
#3625 = EDGE_CURVE('',#3626,#3626,#3628,.T.);
#3626 = VERTEX_POINT('',#3627);
#3627 = CARTESIAN_POINT('',(-87.3,64.,317.5));
#3628 = CIRCLE('',#3629,1.7);
#3629 = AXIS2_PLACEMENT_3D('',#3630,#3631,#3632);
#3630 = CARTESIAN_POINT('',(-89.,64.,317.5));
#3631 = DIRECTION('',(0.,-1.,2.2E-16));
#3632 = DIRECTION('',(1.,0.,0.));
#3633 = FACE_BOUND('',#3634,.T.);
#3634 = EDGE_LOOP('',(#3635));
#3635 = ORIENTED_EDGE('',*,*,#3636,.T.);
#3636 = EDGE_CURVE('',#3637,#3637,#3639,.T.);
#3637 = VERTEX_POINT('',#3638);
#3638 = CARTESIAN_POINT('',(-69.3,64.,299.5));
#3639 = CIRCLE('',#3640,1.7);
#3640 = AXIS2_PLACEMENT_3D('',#3641,#3642,#3643);
#3641 = CARTESIAN_POINT('',(-71.,64.,299.5));
#3642 = DIRECTION('',(0.,-1.,2.2E-16));
#3643 = DIRECTION('',(1.,0.,0.));
#3644 = FACE_BOUND('',#3645,.T.);
#3645 = EDGE_LOOP('',(#3646));
#3646 = ORIENTED_EDGE('',*,*,#3647,.F.);
#3647 = EDGE_CURVE('',#3648,#3648,#3650,.T.);
#3648 = VERTEX_POINT('',#3649);
#3649 = CARTESIAN_POINT('',(-72.,64.,308.5));
#3650 = CIRCLE('',#3651,8.);
#3651 = AXIS2_PLACEMENT_3D('',#3652,#3653,#3654);
#3652 = CARTESIAN_POINT('',(-80.,64.,308.5));
#3653 = DIRECTION('',(-0.,1.,0.));
#3654 = DIRECTION('',(1.,0.,0.));
#3655 = FACE_BOUND('',#3656,.T.);
#3656 = EDGE_LOOP('',(#3657));
#3657 = ORIENTED_EDGE('',*,*,#3658,.T.);
#3658 = EDGE_CURVE('',#3659,#3659,#3661,.T.);
#3659 = VERTEX_POINT('',#3660);
#3660 = CARTESIAN_POINT('',(-69.3,64.,317.5));
#3661 = CIRCLE('',#3662,1.7);
#3662 = AXIS2_PLACEMENT_3D('',#3663,#3664,#3665);
#3663 = CARTESIAN_POINT('',(-71.,64.,317.5));
#3664 = DIRECTION('',(0.,-1.,2.2E-16));
#3665 = DIRECTION('',(1.,0.,0.));
#3666 = PLANE('',#3667);
#3667 = AXIS2_PLACEMENT_3D('',#3668,#3669,#3670);
#3668 = CARTESIAN_POINT('',(-92.,64.,296.5));
#3669 = DIRECTION('',(0.,1.,0.));
#3670 = DIRECTION('',(0.,0.,1.));
#3671 = ADVANCED_FACE('',(#3672),#3683,.F.);
#3672 = FACE_BOUND('',#3673,.F.);
#3673 = EDGE_LOOP('',(#3674,#3675,#3676,#3682));
#3674 = ORIENTED_EDGE('',*,*,#3456,.F.);
#3675 = ORIENTED_EDGE('',*,*,#3486,.T.);
#3676 = ORIENTED_EDGE('',*,*,#3677,.T.);
#3677 = EDGE_CURVE('',#3487,#3597,#3678,.T.);
#3678 = LINE('',#3679,#3680);
#3679 = CARTESIAN_POINT('',(-68.,58.,296.5));
#3680 = VECTOR('',#3681,1.);
#3681 = DIRECTION('',(0.,1.,0.));
#3682 = ORIENTED_EDGE('',*,*,#3596,.F.);
#3683 = PLANE('',#3684);
#3684 = AXIS2_PLACEMENT_3D('',#3685,#3686,#3687);
#3685 = CARTESIAN_POINT('',(-92.,58.,296.5));
#3686 = DIRECTION('',(0.,0.,1.));
#3687 = DIRECTION('',(1.,0.,0.));
#3688 = ADVANCED_FACE('',(#3689),#3695,.T.);
#3689 = FACE_BOUND('',#3690,.T.);
#3690 = EDGE_LOOP('',(#3691,#3692,#3693,#3694));
#3691 = ORIENTED_EDGE('',*,*,#3503,.F.);
#3692 = ORIENTED_EDGE('',*,*,#3677,.T.);
#3693 = ORIENTED_EDGE('',*,*,#3606,.T.);
#3694 = ORIENTED_EDGE('',*,*,#3574,.F.);
#3695 = PLANE('',#3696);
#3696 = AXIS2_PLACEMENT_3D('',#3697,#3698,#3699);
#3697 = CARTESIAN_POINT('',(-68.,58.,296.5));
#3698 = DIRECTION('',(1.,0.,0.));
#3699 = DIRECTION('',(0.,0.,1.));
#3700 = ADVANCED_FACE('',(#3701),#3712,.F.);
#3701 = FACE_BOUND('',#3702,.T.);
#3702 = EDGE_LOOP('',(#3703,#3704,#3710,#3711));
#3703 = ORIENTED_EDGE('',*,*,#3511,.T.);
#3704 = ORIENTED_EDGE('',*,*,#3705,.T.);
#3705 = EDGE_CURVE('',#3512,#3615,#3706,.T.);
#3706 = LINE('',#3707,#3708);
#3707 = CARTESIAN_POINT('',(-87.3,57.,299.5));
#3708 = VECTOR('',#3709,1.);
#3709 = DIRECTION('',(0.,1.,0.));
#3710 = ORIENTED_EDGE('',*,*,#3614,.F.);
#3711 = ORIENTED_EDGE('',*,*,#3705,.F.);
#3712 = CYLINDRICAL_SURFACE('',#3713,1.7);
#3713 = AXIS2_PLACEMENT_3D('',#3714,#3715,#3716);
#3714 = CARTESIAN_POINT('',(-89.,57.,299.5));
#3715 = DIRECTION('',(-0.,-1.,0.));
#3716 = DIRECTION('',(1.,0.,0.));
#3717 = ADVANCED_FACE('',(#3718),#3729,.F.);
#3718 = FACE_BOUND('',#3719,.T.);
#3719 = EDGE_LOOP('',(#3720,#3721,#3727,#3728));
#3720 = ORIENTED_EDGE('',*,*,#3522,.T.);
#3721 = ORIENTED_EDGE('',*,*,#3722,.T.);
#3722 = EDGE_CURVE('',#3523,#3626,#3723,.T.);
#3723 = LINE('',#3724,#3725);
#3724 = CARTESIAN_POINT('',(-87.3,57.,317.5));
#3725 = VECTOR('',#3726,1.);
#3726 = DIRECTION('',(0.,1.,0.));
#3727 = ORIENTED_EDGE('',*,*,#3625,.F.);
#3728 = ORIENTED_EDGE('',*,*,#3722,.F.);
#3729 = CYLINDRICAL_SURFACE('',#3730,1.7);
#3730 = AXIS2_PLACEMENT_3D('',#3731,#3732,#3733);
#3731 = CARTESIAN_POINT('',(-89.,57.,317.5));
#3732 = DIRECTION('',(-0.,-1.,0.));
#3733 = DIRECTION('',(1.,0.,0.));
#3734 = ADVANCED_FACE('',(#3735),#3746,.F.);
#3735 = FACE_BOUND('',#3736,.T.);
#3736 = EDGE_LOOP('',(#3737,#3738,#3744,#3745));
#3737 = ORIENTED_EDGE('',*,*,#3533,.T.);
#3738 = ORIENTED_EDGE('',*,*,#3739,.T.);
#3739 = EDGE_CURVE('',#3534,#3637,#3740,.T.);
#3740 = LINE('',#3741,#3742);
#3741 = CARTESIAN_POINT('',(-69.3,57.,299.5));
#3742 = VECTOR('',#3743,1.);
#3743 = DIRECTION('',(0.,1.,0.));
#3744 = ORIENTED_EDGE('',*,*,#3636,.F.);
#3745 = ORIENTED_EDGE('',*,*,#3739,.F.);
#3746 = CYLINDRICAL_SURFACE('',#3747,1.7);
#3747 = AXIS2_PLACEMENT_3D('',#3748,#3749,#3750);
#3748 = CARTESIAN_POINT('',(-71.,57.,299.5));
#3749 = DIRECTION('',(-0.,-1.,0.));
#3750 = DIRECTION('',(1.,0.,0.));
#3751 = ADVANCED_FACE('',(#3752),#3771,.F.);
#3752 = FACE_BOUND('',#3753,.T.);
#3753 = EDGE_LOOP('',(#3754,#3755,#3763,#3770));
#3754 = ORIENTED_EDGE('',*,*,#3544,.T.);
#3755 = ORIENTED_EDGE('',*,*,#3756,.T.);
#3756 = EDGE_CURVE('',#3545,#3757,#3759,.T.);
#3757 = VERTEX_POINT('',#3758);
#3758 = CARTESIAN_POINT('',(-75.75,68.,308.5));
#3759 = LINE('',#3760,#3761);
#3760 = CARTESIAN_POINT('',(-75.75,57.,308.5));
#3761 = VECTOR('',#3762,1.);
#3762 = DIRECTION('',(0.,1.,0.));
#3763 = ORIENTED_EDGE('',*,*,#3764,.F.);
#3764 = EDGE_CURVE('',#3757,#3757,#3765,.T.);
#3765 = CIRCLE('',#3766,4.25);
#3766 = AXIS2_PLACEMENT_3D('',#3767,#3768,#3769);
#3767 = CARTESIAN_POINT('',(-80.,68.,308.5));
#3768 = DIRECTION('',(0.,-1.,2.2E-16));
#3769 = DIRECTION('',(1.,0.,0.));
#3770 = ORIENTED_EDGE('',*,*,#3756,.F.);
#3771 = CYLINDRICAL_SURFACE('',#3772,4.25);
#3772 = AXIS2_PLACEMENT_3D('',#3773,#3774,#3775);
#3773 = CARTESIAN_POINT('',(-80.,57.,308.5));
#3774 = DIRECTION('',(-0.,-1.,0.));
#3775 = DIRECTION('',(1.,0.,0.));
#3776 = ADVANCED_FACE('',(#3777),#3788,.F.);
#3777 = FACE_BOUND('',#3778,.T.);
#3778 = EDGE_LOOP('',(#3779,#3780,#3786,#3787));
#3779 = ORIENTED_EDGE('',*,*,#3555,.T.);
#3780 = ORIENTED_EDGE('',*,*,#3781,.T.);
#3781 = EDGE_CURVE('',#3556,#3659,#3782,.T.);
#3782 = LINE('',#3783,#3784);
#3783 = CARTESIAN_POINT('',(-69.3,57.,317.5));
#3784 = VECTOR('',#3785,1.);
#3785 = DIRECTION('',(0.,1.,0.));
#3786 = ORIENTED_EDGE('',*,*,#3658,.F.);
#3787 = ORIENTED_EDGE('',*,*,#3781,.F.);
#3788 = CYLINDRICAL_SURFACE('',#3789,1.7);
#3789 = AXIS2_PLACEMENT_3D('',#3790,#3791,#3792);
#3790 = CARTESIAN_POINT('',(-71.,57.,317.5));
#3791 = DIRECTION('',(-0.,-1.,0.));
#3792 = DIRECTION('',(1.,0.,0.));
#3793 = ADVANCED_FACE('',(#3794),#3813,.T.);
#3794 = FACE_BOUND('',#3795,.F.);
#3795 = EDGE_LOOP('',(#3796,#3804,#3811,#3812));
#3796 = ORIENTED_EDGE('',*,*,#3797,.T.);
#3797 = EDGE_CURVE('',#3648,#3798,#3800,.T.);
#3798 = VERTEX_POINT('',#3799);
#3799 = CARTESIAN_POINT('',(-72.,68.,308.5));
#3800 = LINE('',#3801,#3802);
#3801 = CARTESIAN_POINT('',(-72.,64.,308.5));
#3802 = VECTOR('',#3803,1.);
#3803 = DIRECTION('',(0.,1.,0.));
#3804 = ORIENTED_EDGE('',*,*,#3805,.T.);
#3805 = EDGE_CURVE('',#3798,#3798,#3806,.T.);
#3806 = CIRCLE('',#3807,8.);
#3807 = AXIS2_PLACEMENT_3D('',#3808,#3809,#3810);
#3808 = CARTESIAN_POINT('',(-80.,68.,308.5));
#3809 = DIRECTION('',(-0.,1.,0.));
#3810 = DIRECTION('',(1.,0.,0.));
#3811 = ORIENTED_EDGE('',*,*,#3797,.F.);
#3812 = ORIENTED_EDGE('',*,*,#3647,.F.);
#3813 = CYLINDRICAL_SURFACE('',#3814,8.);
#3814 = AXIS2_PLACEMENT_3D('',#3815,#3816,#3817);
#3815 = CARTESIAN_POINT('',(-80.,64.,308.5));
#3816 = DIRECTION('',(-0.,-1.,0.));
#3817 = DIRECTION('',(1.,0.,0.));
#3818 = ADVANCED_FACE('',(#3819,#3822),#3825,.T.);
#3819 = FACE_BOUND('',#3820,.T.);
#3820 = EDGE_LOOP('',(#3821));
#3821 = ORIENTED_EDGE('',*,*,#3805,.T.);
#3822 = FACE_BOUND('',#3823,.T.);
#3823 = EDGE_LOOP('',(#3824));
#3824 = ORIENTED_EDGE('',*,*,#3764,.T.);
#3825 = PLANE('',#3826);
#3826 = AXIS2_PLACEMENT_3D('',#3827,#3828,#3829);
#3827 = CARTESIAN_POINT('',(-80.,68.,308.5));
#3828 = DIRECTION('',(0.,1.,0.));
#3829 = DIRECTION('',(1.,0.,0.));
#3830 = ( GEOMETRIC_REPRESENTATION_CONTEXT(3) 
GLOBAL_UNCERTAINTY_ASSIGNED_CONTEXT((#3834)) 
GLOBAL_UNIT_ASSIGNED_CONTEXT((#3831,#3832,#3833)) REPRESENTATION_CONTEXT
('Context #1','3D Context with UNIT and UNCERTAINTY') );
#3831 = ( LENGTH_UNIT() NAMED_UNIT(*) SI_UNIT(.MILLI.,.METRE.) );
#3832 = ( NAMED_UNIT(*) PLANE_ANGLE_UNIT() SI_UNIT($,.RADIAN.) );
#3833 = ( NAMED_UNIT(*) SI_UNIT($,.STERADIAN.) SOLID_ANGLE_UNIT() );
#3834 = UNCERTAINTY_MEASURE_WITH_UNIT(LENGTH_MEASURE(1.E-07),#3831,
  'distance_accuracy_value','confusion accuracy');
#3835 = CONTEXT_DEPENDENT_SHAPE_REPRESENTATION(#3836,#3838);
#3836 = ( REPRESENTATION_RELATIONSHIP('','',#3439,#10) 
REPRESENTATION_RELATIONSHIP_WITH_TRANSFORMATION(#3837) 
SHAPE_REPRESENTATION_RELATIONSHIP() );
#3837 = ITEM_DEFINED_TRANSFORMATION('','',#11,#43);
#3838 = PRODUCT_DEFINITION_SHAPE('Placement','Placement of an item',
  #3839);
#3839 = NEXT_ASSEMBLY_USAGE_OCCURRENCE('435','FLY_BRG_L','',#5,#3434,$);
#3840 = PRODUCT_RELATED_PRODUCT_CATEGORY('part',$,(#3436));
#3841 = SHAPE_DEFINITION_REPRESENTATION(#3842,#3848);
#3842 = PRODUCT_DEFINITION_SHAPE('','',#3843);
#3843 = PRODUCT_DEFINITION('design','',#3844,#3847);
#3844 = PRODUCT_DEFINITION_FORMATION('','',#3845);
#3845 = PRODUCT('FLY_MOTOR_L_0','FLY_MOTOR_L_0','',(#3846));
#3846 = PRODUCT_CONTEXT('',#2,'mechanical');
#3847 = PRODUCT_DEFINITION_CONTEXT('part definition',#2,'design');
#3848 = ADVANCED_BREP_SHAPE_REPRESENTATION('',(#11,#3849),#4127);
#3849 = MANIFOLD_SOLID_BREP('',#3850);
#3850 = CLOSED_SHELL('',(#3851,#3884,#3948,#3957,#3982,#4007,#4032,#4057
    ,#4082,#4091,#4100,#4109,#4118));
#3851 = ADVANCED_FACE('',(#3852),#3879,.T.);
#3852 = FACE_BOUND('',#3853,.F.);
#3853 = EDGE_LOOP('',(#3854,#3864,#3871,#3872));
#3854 = ORIENTED_EDGE('',*,*,#3855,.T.);
#3855 = EDGE_CURVE('',#3856,#3858,#3860,.T.);
#3856 = VERTEX_POINT('',#3857);
#3857 = CARTESIAN_POINT('',(-62.,71.,308.5));
#3858 = VERTEX_POINT('',#3859);
#3859 = CARTESIAN_POINT('',(-62.,103.,308.5));
#3860 = LINE('',#3861,#3862);
#3861 = CARTESIAN_POINT('',(-62.,71.,308.5));
#3862 = VECTOR('',#3863,1.);
#3863 = DIRECTION('',(0.,1.,0.));
#3864 = ORIENTED_EDGE('',*,*,#3865,.T.);
#3865 = EDGE_CURVE('',#3858,#3858,#3866,.T.);
#3866 = CIRCLE('',#3867,18.);
#3867 = AXIS2_PLACEMENT_3D('',#3868,#3869,#3870);
#3868 = CARTESIAN_POINT('',(-80.,103.,308.5));
#3869 = DIRECTION('',(-0.,1.,0.));
#3870 = DIRECTION('',(1.,0.,0.));
#3871 = ORIENTED_EDGE('',*,*,#3855,.F.);
#3872 = ORIENTED_EDGE('',*,*,#3873,.F.);
#3873 = EDGE_CURVE('',#3856,#3856,#3874,.T.);
#3874 = CIRCLE('',#3875,18.);
#3875 = AXIS2_PLACEMENT_3D('',#3876,#3877,#3878);
#3876 = CARTESIAN_POINT('',(-80.,71.,308.5));
#3877 = DIRECTION('',(-0.,1.,0.));
#3878 = DIRECTION('',(1.,0.,0.));
#3879 = CYLINDRICAL_SURFACE('',#3880,18.);
#3880 = AXIS2_PLACEMENT_3D('',#3881,#3882,#3883);
#3881 = CARTESIAN_POINT('',(-80.,71.,308.5));
#3882 = DIRECTION('',(-0.,-1.,0.));
#3883 = DIRECTION('',(1.,0.,0.));
#3884 = ADVANCED_FACE('',(#3885,#3888,#3899,#3910,#3921,#3932),#3943,.F.
  );
#3885 = FACE_BOUND('',#3886,.F.);
#3886 = EDGE_LOOP('',(#3887));
#3887 = ORIENTED_EDGE('',*,*,#3873,.T.);
#3888 = FACE_BOUND('',#3889,.F.);
#3889 = EDGE_LOOP('',(#3890));
#3890 = ORIENTED_EDGE('',*,*,#3891,.T.);
#3891 = EDGE_CURVE('',#3892,#3892,#3894,.T.);
#3892 = VERTEX_POINT('',#3893);
#3893 = CARTESIAN_POINT('',(-78.3,71.,324.5));
#3894 = CIRCLE('',#3895,1.7);
#3895 = AXIS2_PLACEMENT_3D('',#3896,#3897,#3898);
#3896 = CARTESIAN_POINT('',(-80.,71.,324.5));
#3897 = DIRECTION('',(0.,-1.,2.2E-16));
#3898 = DIRECTION('',(1.,0.,0.));
#3899 = FACE_BOUND('',#3900,.F.);
#3900 = EDGE_LOOP('',(#3901));
#3901 = ORIENTED_EDGE('',*,*,#3902,.T.);
#3902 = EDGE_CURVE('',#3903,#3903,#3905,.T.);
#3903 = VERTEX_POINT('',#3904);
#3904 = CARTESIAN_POINT('',(-94.3,71.,308.5));
#3905 = CIRCLE('',#3906,1.7);
#3906 = AXIS2_PLACEMENT_3D('',#3907,#3908,#3909);
#3907 = CARTESIAN_POINT('',(-96.,71.,308.5));
#3908 = DIRECTION('',(0.,-1.,2.2E-16));
#3909 = DIRECTION('',(1.,0.,0.));
#3910 = FACE_BOUND('',#3911,.F.);
#3911 = EDGE_LOOP('',(#3912));
#3912 = ORIENTED_EDGE('',*,*,#3913,.F.);
#3913 = EDGE_CURVE('',#3914,#3914,#3916,.T.);
#3914 = VERTEX_POINT('',#3915);
#3915 = CARTESIAN_POINT('',(-68.,71.,308.5));
#3916 = CIRCLE('',#3917,12.);
#3917 = AXIS2_PLACEMENT_3D('',#3918,#3919,#3920);
#3918 = CARTESIAN_POINT('',(-80.,71.,308.5));
#3919 = DIRECTION('',(-0.,1.,0.));
#3920 = DIRECTION('',(1.,0.,0.));
#3921 = FACE_BOUND('',#3922,.F.);
#3922 = EDGE_LOOP('',(#3923));
#3923 = ORIENTED_EDGE('',*,*,#3924,.T.);
#3924 = EDGE_CURVE('',#3925,#3925,#3927,.T.);
#3925 = VERTEX_POINT('',#3926);
#3926 = CARTESIAN_POINT('',(-62.3,71.,308.5));
#3927 = CIRCLE('',#3928,1.7);
#3928 = AXIS2_PLACEMENT_3D('',#3929,#3930,#3931);
#3929 = CARTESIAN_POINT('',(-64.,71.,308.5));
#3930 = DIRECTION('',(0.,-1.,2.2E-16));
#3931 = DIRECTION('',(1.,0.,0.));
#3932 = FACE_BOUND('',#3933,.F.);
#3933 = EDGE_LOOP('',(#3934));
#3934 = ORIENTED_EDGE('',*,*,#3935,.T.);
#3935 = EDGE_CURVE('',#3936,#3936,#3938,.T.);
#3936 = VERTEX_POINT('',#3937);
#3937 = CARTESIAN_POINT('',(-78.3,71.,292.5));
#3938 = CIRCLE('',#3939,1.7);
#3939 = AXIS2_PLACEMENT_3D('',#3940,#3941,#3942);
#3940 = CARTESIAN_POINT('',(-80.,71.,292.5));
#3941 = DIRECTION('',(0.,-1.,2.2E-16));
#3942 = DIRECTION('',(1.,0.,0.));
#3943 = PLANE('',#3944);
#3944 = AXIS2_PLACEMENT_3D('',#3945,#3946,#3947);
#3945 = CARTESIAN_POINT('',(-80.,71.,308.5));
#3946 = DIRECTION('',(0.,1.,0.));
#3947 = DIRECTION('',(1.,0.,0.));
#3948 = ADVANCED_FACE('',(#3949),#3952,.T.);
#3949 = FACE_BOUND('',#3950,.F.);
#3950 = EDGE_LOOP('',(#3951));
#3951 = ORIENTED_EDGE('',*,*,#3865,.F.);
#3952 = PLANE('',#3953);
#3953 = AXIS2_PLACEMENT_3D('',#3954,#3955,#3956);
#3954 = CARTESIAN_POINT('',(-80.,103.,308.5));
#3955 = DIRECTION('',(0.,1.,0.));
#3956 = DIRECTION('',(1.,0.,0.));
#3957 = ADVANCED_FACE('',(#3958),#3977,.F.);
#3958 = FACE_BOUND('',#3959,.T.);
#3959 = EDGE_LOOP('',(#3960,#3961,#3969,#3976));
#3960 = ORIENTED_EDGE('',*,*,#3891,.T.);
#3961 = ORIENTED_EDGE('',*,*,#3962,.T.);
#3962 = EDGE_CURVE('',#3892,#3963,#3965,.T.);
#3963 = VERTEX_POINT('',#3964);
#3964 = CARTESIAN_POINT('',(-78.3,76.5,324.5));
#3965 = LINE('',#3966,#3967);
#3966 = CARTESIAN_POINT('',(-78.3,68.,324.5));
#3967 = VECTOR('',#3968,1.);
#3968 = DIRECTION('',(0.,1.,0.));
#3969 = ORIENTED_EDGE('',*,*,#3970,.T.);
#3970 = EDGE_CURVE('',#3963,#3963,#3971,.T.);
#3971 = CIRCLE('',#3972,1.7);
#3972 = AXIS2_PLACEMENT_3D('',#3973,#3974,#3975);
#3973 = CARTESIAN_POINT('',(-80.,76.5,324.5));
#3974 = DIRECTION('',(-0.,1.,0.));
#3975 = DIRECTION('',(1.,0.,0.));
#3976 = ORIENTED_EDGE('',*,*,#3962,.F.);
#3977 = CYLINDRICAL_SURFACE('',#3978,1.7);
#3978 = AXIS2_PLACEMENT_3D('',#3979,#3980,#3981);
#3979 = CARTESIAN_POINT('',(-80.,68.,324.5));
#3980 = DIRECTION('',(-0.,-1.,0.));
#3981 = DIRECTION('',(1.,0.,0.));
#3982 = ADVANCED_FACE('',(#3983),#4002,.F.);
#3983 = FACE_BOUND('',#3984,.T.);
#3984 = EDGE_LOOP('',(#3985,#3986,#3994,#4001));
#3985 = ORIENTED_EDGE('',*,*,#3902,.T.);
#3986 = ORIENTED_EDGE('',*,*,#3987,.T.);
#3987 = EDGE_CURVE('',#3903,#3988,#3990,.T.);
#3988 = VERTEX_POINT('',#3989);
#3989 = CARTESIAN_POINT('',(-94.3,76.5,308.5));
#3990 = LINE('',#3991,#3992);
#3991 = CARTESIAN_POINT('',(-94.3,68.,308.5));
#3992 = VECTOR('',#3993,1.);
#3993 = DIRECTION('',(0.,1.,0.));
#3994 = ORIENTED_EDGE('',*,*,#3995,.T.);
#3995 = EDGE_CURVE('',#3988,#3988,#3996,.T.);
#3996 = CIRCLE('',#3997,1.7);
#3997 = AXIS2_PLACEMENT_3D('',#3998,#3999,#4000);
#3998 = CARTESIAN_POINT('',(-96.,76.5,308.5));
#3999 = DIRECTION('',(-0.,1.,0.));
#4000 = DIRECTION('',(1.,0.,0.));
#4001 = ORIENTED_EDGE('',*,*,#3987,.F.);
#4002 = CYLINDRICAL_SURFACE('',#4003,1.7);
#4003 = AXIS2_PLACEMENT_3D('',#4004,#4005,#4006);
#4004 = CARTESIAN_POINT('',(-96.,68.,308.5));
#4005 = DIRECTION('',(-0.,-1.,0.));
#4006 = DIRECTION('',(1.,0.,0.));
#4007 = ADVANCED_FACE('',(#4008),#4027,.T.);
#4008 = FACE_BOUND('',#4009,.F.);
#4009 = EDGE_LOOP('',(#4010,#4018,#4019,#4020));
#4010 = ORIENTED_EDGE('',*,*,#4011,.T.);
#4011 = EDGE_CURVE('',#4012,#3914,#4014,.T.);
#4012 = VERTEX_POINT('',#4013);
#4013 = CARTESIAN_POINT('',(-68.,69.,308.5));
#4014 = LINE('',#4015,#4016);
#4015 = CARTESIAN_POINT('',(-68.,69.,308.5));
#4016 = VECTOR('',#4017,1.);
#4017 = DIRECTION('',(0.,1.,0.));
#4018 = ORIENTED_EDGE('',*,*,#3913,.T.);
#4019 = ORIENTED_EDGE('',*,*,#4011,.F.);
#4020 = ORIENTED_EDGE('',*,*,#4021,.F.);
#4021 = EDGE_CURVE('',#4012,#4012,#4022,.T.);
#4022 = CIRCLE('',#4023,12.);
#4023 = AXIS2_PLACEMENT_3D('',#4024,#4025,#4026);
#4024 = CARTESIAN_POINT('',(-80.,69.,308.5));
#4025 = DIRECTION('',(-0.,1.,0.));
#4026 = DIRECTION('',(1.,0.,0.));
#4027 = CYLINDRICAL_SURFACE('',#4028,12.);
#4028 = AXIS2_PLACEMENT_3D('',#4029,#4030,#4031);
#4029 = CARTESIAN_POINT('',(-80.,69.,308.5));
#4030 = DIRECTION('',(-0.,-1.,0.));
#4031 = DIRECTION('',(1.,0.,0.));
#4032 = ADVANCED_FACE('',(#4033),#4052,.F.);
#4033 = FACE_BOUND('',#4034,.T.);
#4034 = EDGE_LOOP('',(#4035,#4036,#4044,#4051));
#4035 = ORIENTED_EDGE('',*,*,#3924,.T.);
#4036 = ORIENTED_EDGE('',*,*,#4037,.T.);
#4037 = EDGE_CURVE('',#3925,#4038,#4040,.T.);
#4038 = VERTEX_POINT('',#4039);
#4039 = CARTESIAN_POINT('',(-62.3,76.5,308.5));
#4040 = LINE('',#4041,#4042);
#4041 = CARTESIAN_POINT('',(-62.3,68.,308.5));
#4042 = VECTOR('',#4043,1.);
#4043 = DIRECTION('',(0.,1.,0.));
#4044 = ORIENTED_EDGE('',*,*,#4045,.T.);
#4045 = EDGE_CURVE('',#4038,#4038,#4046,.T.);
#4046 = CIRCLE('',#4047,1.7);
#4047 = AXIS2_PLACEMENT_3D('',#4048,#4049,#4050);
#4048 = CARTESIAN_POINT('',(-64.,76.5,308.5));
#4049 = DIRECTION('',(-0.,1.,0.));
#4050 = DIRECTION('',(1.,0.,0.));
#4051 = ORIENTED_EDGE('',*,*,#4037,.F.);
#4052 = CYLINDRICAL_SURFACE('',#4053,1.7);
#4053 = AXIS2_PLACEMENT_3D('',#4054,#4055,#4056);
#4054 = CARTESIAN_POINT('',(-64.,68.,308.5));
#4055 = DIRECTION('',(-0.,-1.,0.));
#4056 = DIRECTION('',(1.,0.,0.));
#4057 = ADVANCED_FACE('',(#4058),#4077,.F.);
#4058 = FACE_BOUND('',#4059,.T.);
#4059 = EDGE_LOOP('',(#4060,#4061,#4069,#4076));
#4060 = ORIENTED_EDGE('',*,*,#3935,.T.);
#4061 = ORIENTED_EDGE('',*,*,#4062,.T.);
#4062 = EDGE_CURVE('',#3936,#4063,#4065,.T.);
#4063 = VERTEX_POINT('',#4064);
#4064 = CARTESIAN_POINT('',(-78.3,76.5,292.5));
#4065 = LINE('',#4066,#4067);
#4066 = CARTESIAN_POINT('',(-78.3,68.,292.5));
#4067 = VECTOR('',#4068,1.);
#4068 = DIRECTION('',(0.,1.,0.));
#4069 = ORIENTED_EDGE('',*,*,#4070,.T.);
#4070 = EDGE_CURVE('',#4063,#4063,#4071,.T.);
#4071 = CIRCLE('',#4072,1.7);
#4072 = AXIS2_PLACEMENT_3D('',#4073,#4074,#4075);
#4073 = CARTESIAN_POINT('',(-80.,76.5,292.5));
#4074 = DIRECTION('',(-0.,1.,0.));
#4075 = DIRECTION('',(1.,0.,0.));
#4076 = ORIENTED_EDGE('',*,*,#4062,.F.);
#4077 = CYLINDRICAL_SURFACE('',#4078,1.7);
#4078 = AXIS2_PLACEMENT_3D('',#4079,#4080,#4081);
#4079 = CARTESIAN_POINT('',(-80.,68.,292.5));
#4080 = DIRECTION('',(-0.,-1.,0.));
#4081 = DIRECTION('',(1.,0.,0.));
#4082 = ADVANCED_FACE('',(#4083),#4086,.F.);
#4083 = FACE_BOUND('',#4084,.T.);
#4084 = EDGE_LOOP('',(#4085));
#4085 = ORIENTED_EDGE('',*,*,#3970,.F.);
#4086 = PLANE('',#4087);
#4087 = AXIS2_PLACEMENT_3D('',#4088,#4089,#4090);
#4088 = CARTESIAN_POINT('',(-80.,76.5,324.5));
#4089 = DIRECTION('',(0.,1.,0.));
#4090 = DIRECTION('',(1.,0.,0.));
#4091 = ADVANCED_FACE('',(#4092),#4095,.F.);
#4092 = FACE_BOUND('',#4093,.T.);
#4093 = EDGE_LOOP('',(#4094));
#4094 = ORIENTED_EDGE('',*,*,#3995,.F.);
#4095 = PLANE('',#4096);
#4096 = AXIS2_PLACEMENT_3D('',#4097,#4098,#4099);
#4097 = CARTESIAN_POINT('',(-96.,76.5,308.5));
#4098 = DIRECTION('',(0.,1.,0.));
#4099 = DIRECTION('',(1.,0.,0.));
#4100 = ADVANCED_FACE('',(#4101),#4104,.F.);
#4101 = FACE_BOUND('',#4102,.T.);
#4102 = EDGE_LOOP('',(#4103));
#4103 = ORIENTED_EDGE('',*,*,#4021,.F.);
#4104 = PLANE('',#4105);
#4105 = AXIS2_PLACEMENT_3D('',#4106,#4107,#4108);
#4106 = CARTESIAN_POINT('',(-80.,69.,308.5));
#4107 = DIRECTION('',(0.,1.,0.));
#4108 = DIRECTION('',(1.,0.,0.));
#4109 = ADVANCED_FACE('',(#4110),#4113,.F.);
#4110 = FACE_BOUND('',#4111,.T.);
#4111 = EDGE_LOOP('',(#4112));
#4112 = ORIENTED_EDGE('',*,*,#4045,.F.);
#4113 = PLANE('',#4114);
#4114 = AXIS2_PLACEMENT_3D('',#4115,#4116,#4117);
#4115 = CARTESIAN_POINT('',(-64.,76.5,308.5));
#4116 = DIRECTION('',(0.,1.,0.));
#4117 = DIRECTION('',(1.,0.,0.));
#4118 = ADVANCED_FACE('',(#4119),#4122,.F.);
#4119 = FACE_BOUND('',#4120,.T.);
#4120 = EDGE_LOOP('',(#4121));
#4121 = ORIENTED_EDGE('',*,*,#4070,.F.);
#4122 = PLANE('',#4123);
#4123 = AXIS2_PLACEMENT_3D('',#4124,#4125,#4126);
#4124 = CARTESIAN_POINT('',(-80.,76.5,292.5));
#4125 = DIRECTION('',(0.,1.,0.));
#4126 = DIRECTION('',(1.,0.,0.));
#4127 = ( GEOMETRIC_REPRESENTATION_CONTEXT(3) 
GLOBAL_UNCERTAINTY_ASSIGNED_CONTEXT((#4131)) 
GLOBAL_UNIT_ASSIGNED_CONTEXT((#4128,#4129,#4130)) REPRESENTATION_CONTEXT
('Context #1','3D Context with UNIT and UNCERTAINTY') );
#4128 = ( LENGTH_UNIT() NAMED_UNIT(*) SI_UNIT(.MILLI.,.METRE.) );
#4129 = ( NAMED_UNIT(*) PLANE_ANGLE_UNIT() SI_UNIT($,.RADIAN.) );
#4130 = ( NAMED_UNIT(*) SI_UNIT($,.STERADIAN.) SOLID_ANGLE_UNIT() );
#4131 = UNCERTAINTY_MEASURE_WITH_UNIT(LENGTH_MEASURE(1.E-07),#4128,
  'distance_accuracy_value','confusion accuracy');
#4132 = CONTEXT_DEPENDENT_SHAPE_REPRESENTATION(#4133,#4135);
#4133 = ( REPRESENTATION_RELATIONSHIP('','',#3848,#10) 
REPRESENTATION_RELATIONSHIP_WITH_TRANSFORMATION(#4134) 
SHAPE_REPRESENTATION_RELATIONSHIP() );
#4134 = ITEM_DEFINED_TRANSFORMATION('','',#11,#47);
#4135 = PRODUCT_DEFINITION_SHAPE('Placement','Placement of an item',
  #4136);
#4136 = NEXT_ASSEMBLY_USAGE_OCCURRENCE('436','FLY_MOTOR_L_0','',#5,#3843
  ,$);
#4137 = PRODUCT_RELATED_PRODUCT_CATEGORY('part',$,(#3845));
#4138 = SHAPE_DEFINITION_REPRESENTATION(#4139,#4145);
#4139 = PRODUCT_DEFINITION_SHAPE('','',#4140);
#4140 = PRODUCT_DEFINITION('design','',#4141,#4144);
#4141 = PRODUCT_DEFINITION_FORMATION('','',#4142);
#4142 = PRODUCT('FLY_MOTOR_L_1','FLY_MOTOR_L_1','',(#4143));
#4143 = PRODUCT_CONTEXT('',#2,'mechanical');
#4144 = PRODUCT_DEFINITION_CONTEXT('part definition',#2,'design');
#4145 = ADVANCED_BREP_SHAPE_REPRESENTATION('',(#11,#4146),#4199);
#4146 = MANIFOLD_SOLID_BREP('',#4147);
#4147 = CLOSED_SHELL('',(#4148,#4181,#4190));
#4148 = ADVANCED_FACE('',(#4149),#4176,.T.);
#4149 = FACE_BOUND('',#4150,.F.);
#4150 = EDGE_LOOP('',(#4151,#4160,#4168,#4175));
#4151 = ORIENTED_EDGE('',*,*,#4152,.F.);
#4152 = EDGE_CURVE('',#4153,#4153,#4155,.T.);
#4153 = VERTEX_POINT('',#4154);
#4154 = CARTESIAN_POINT('',(-77.,61.,308.5));
#4155 = CIRCLE('',#4156,3.);
#4156 = AXIS2_PLACEMENT_3D('',#4157,#4158,#4159);
#4157 = CARTESIAN_POINT('',(-80.,61.,308.5));
#4158 = DIRECTION('',(-0.,1.,0.));
#4159 = DIRECTION('',(1.,0.,0.));
#4160 = ORIENTED_EDGE('',*,*,#4161,.T.);
#4161 = EDGE_CURVE('',#4153,#4162,#4164,.T.);
#4162 = VERTEX_POINT('',#4163);
#4163 = CARTESIAN_POINT('',(-77.,62.,308.5));
#4164 = LINE('',#4165,#4166);
#4165 = CARTESIAN_POINT('',(-77.,61.,308.5));
#4166 = VECTOR('',#4167,1.);
#4167 = DIRECTION('',(0.,1.,0.));
#4168 = ORIENTED_EDGE('',*,*,#4169,.F.);
#4169 = EDGE_CURVE('',#4162,#4162,#4170,.T.);
#4170 = CIRCLE('',#4171,3.);
#4171 = AXIS2_PLACEMENT_3D('',#4172,#4173,#4174);
#4172 = CARTESIAN_POINT('',(-80.,62.,308.5));
#4173 = DIRECTION('',(0.,-1.,2.2E-16));
#4174 = DIRECTION('',(1.,0.,0.));
#4175 = ORIENTED_EDGE('',*,*,#4161,.F.);
#4176 = CYLINDRICAL_SURFACE('',#4177,3.);
#4177 = AXIS2_PLACEMENT_3D('',#4178,#4179,#4180);
#4178 = CARTESIAN_POINT('',(-80.,61.,308.5));
#4179 = DIRECTION('',(-0.,-1.,0.));
#4180 = DIRECTION('',(1.,0.,0.));
#4181 = ADVANCED_FACE('',(#4182),#4185,.F.);
#4182 = FACE_BOUND('',#4183,.T.);
#4183 = EDGE_LOOP('',(#4184));
#4184 = ORIENTED_EDGE('',*,*,#4152,.F.);
#4185 = PLANE('',#4186);
#4186 = AXIS2_PLACEMENT_3D('',#4187,#4188,#4189);
#4187 = CARTESIAN_POINT('',(-80.,61.,308.5));
#4188 = DIRECTION('',(0.,1.,0.));
#4189 = DIRECTION('',(1.,0.,0.));
#4190 = ADVANCED_FACE('',(#4191),#4194,.T.);
#4191 = FACE_BOUND('',#4192,.T.);
#4192 = EDGE_LOOP('',(#4193));
#4193 = ORIENTED_EDGE('',*,*,#4169,.F.);
#4194 = PLANE('',#4195);
#4195 = AXIS2_PLACEMENT_3D('',#4196,#4197,#4198);
#4196 = CARTESIAN_POINT('',(-80.,62.,308.5));
#4197 = DIRECTION('',(0.,1.,0.));
#4198 = DIRECTION('',(1.,0.,0.));
#4199 = ( GEOMETRIC_REPRESENTATION_CONTEXT(3) 
GLOBAL_UNCERTAINTY_ASSIGNED_CONTEXT((#4203)) 
GLOBAL_UNIT_ASSIGNED_CONTEXT((#4200,#4201,#4202)) REPRESENTATION_CONTEXT
('Context #1','3D Context with UNIT and UNCERTAINTY') );
#4200 = ( LENGTH_UNIT() NAMED_UNIT(*) SI_UNIT(.MILLI.,.METRE.) );
#4201 = ( NAMED_UNIT(*) PLANE_ANGLE_UNIT() SI_UNIT($,.RADIAN.) );
#4202 = ( NAMED_UNIT(*) SI_UNIT($,.STERADIAN.) SOLID_ANGLE_UNIT() );
#4203 = UNCERTAINTY_MEASURE_WITH_UNIT(LENGTH_MEASURE(1.E-07),#4200,
  'distance_accuracy_value','confusion accuracy');
#4204 = CONTEXT_DEPENDENT_SHAPE_REPRESENTATION(#4205,#4207);
#4205 = ( REPRESENTATION_RELATIONSHIP('','',#4145,#10) 
REPRESENTATION_RELATIONSHIP_WITH_TRANSFORMATION(#4206) 
SHAPE_REPRESENTATION_RELATIONSHIP() );
#4206 = ITEM_DEFINED_TRANSFORMATION('','',#11,#51);
#4207 = PRODUCT_DEFINITION_SHAPE('Placement','Placement of an item',
  #4208);
#4208 = NEXT_ASSEMBLY_USAGE_OCCURRENCE('437','FLY_MOTOR_L_1','',#5,#4140
  ,$);
#4209 = PRODUCT_RELATED_PRODUCT_CATEGORY('part',$,(#4142));
#4210 = SHAPE_DEFINITION_REPRESENTATION(#4211,#4217);
#4211 = PRODUCT_DEFINITION_SHAPE('','',#4212);
#4212 = PRODUCT_DEFINITION('design','',#4213,#4216);
#4213 = PRODUCT_DEFINITION_FORMATION('','',#4214);
#4214 = PRODUCT('FLY_MOTOR_L_2','FLY_MOTOR_L_2','',(#4215));
#4215 = PRODUCT_CONTEXT('',#2,'mechanical');
#4216 = PRODUCT_DEFINITION_CONTEXT('part definition',#2,'design');
#4217 = ADVANCED_BREP_SHAPE_REPRESENTATION('',(#11,#4218),#4271);
#4218 = MANIFOLD_SOLID_BREP('',#4219);
#4219 = CLOSED_SHELL('',(#4220,#4253,#4262));
#4220 = ADVANCED_FACE('',(#4221),#4248,.T.);
#4221 = FACE_BOUND('',#4222,.F.);
#4222 = EDGE_LOOP('',(#4223,#4232,#4240,#4247));
#4223 = ORIENTED_EDGE('',*,*,#4224,.T.);
#4224 = EDGE_CURVE('',#4225,#4225,#4227,.T.);
#4225 = VERTEX_POINT('',#4226);
#4226 = CARTESIAN_POINT('',(-77.,68.,308.5));
#4227 = CIRCLE('',#4228,3.);
#4228 = AXIS2_PLACEMENT_3D('',#4229,#4230,#4231);
#4229 = CARTESIAN_POINT('',(-80.,68.,308.5));
#4230 = DIRECTION('',(0.,-1.,2.2E-16));
#4231 = DIRECTION('',(1.,0.,0.));
#4232 = ORIENTED_EDGE('',*,*,#4233,.T.);
#4233 = EDGE_CURVE('',#4225,#4234,#4236,.T.);
#4234 = VERTEX_POINT('',#4235);
#4235 = CARTESIAN_POINT('',(-77.,69.,308.5));
#4236 = LINE('',#4237,#4238);
#4237 = CARTESIAN_POINT('',(-77.,61.,308.5));
#4238 = VECTOR('',#4239,1.);
#4239 = DIRECTION('',(0.,1.,0.));
#4240 = ORIENTED_EDGE('',*,*,#4241,.T.);
#4241 = EDGE_CURVE('',#4234,#4234,#4242,.T.);
#4242 = CIRCLE('',#4243,3.);
#4243 = AXIS2_PLACEMENT_3D('',#4244,#4245,#4246);
#4244 = CARTESIAN_POINT('',(-80.,69.,308.5));
#4245 = DIRECTION('',(-0.,1.,0.));
#4246 = DIRECTION('',(1.,0.,0.));
#4247 = ORIENTED_EDGE('',*,*,#4233,.F.);
#4248 = CYLINDRICAL_SURFACE('',#4249,3.);
#4249 = AXIS2_PLACEMENT_3D('',#4250,#4251,#4252);
#4250 = CARTESIAN_POINT('',(-80.,61.,308.5));
#4251 = DIRECTION('',(-0.,-1.,0.));
#4252 = DIRECTION('',(1.,0.,0.));
#4253 = ADVANCED_FACE('',(#4254),#4257,.F.);
#4254 = FACE_BOUND('',#4255,.F.);
#4255 = EDGE_LOOP('',(#4256));
#4256 = ORIENTED_EDGE('',*,*,#4224,.F.);
#4257 = PLANE('',#4258);
#4258 = AXIS2_PLACEMENT_3D('',#4259,#4260,#4261);
#4259 = CARTESIAN_POINT('',(-80.,68.,308.5));
#4260 = DIRECTION('',(0.,1.,0.));
#4261 = DIRECTION('',(1.,0.,0.));
#4262 = ADVANCED_FACE('',(#4263),#4266,.T.);
#4263 = FACE_BOUND('',#4264,.F.);
#4264 = EDGE_LOOP('',(#4265));
#4265 = ORIENTED_EDGE('',*,*,#4241,.F.);
#4266 = PLANE('',#4267);
#4267 = AXIS2_PLACEMENT_3D('',#4268,#4269,#4270);
#4268 = CARTESIAN_POINT('',(-80.,69.,308.5));
#4269 = DIRECTION('',(0.,1.,0.));
#4270 = DIRECTION('',(1.,0.,0.));
#4271 = ( GEOMETRIC_REPRESENTATION_CONTEXT(3) 
GLOBAL_UNCERTAINTY_ASSIGNED_CONTEXT((#4275)) 
GLOBAL_UNIT_ASSIGNED_CONTEXT((#4272,#4273,#4274)) REPRESENTATION_CONTEXT
('Context #1','3D Context with UNIT and UNCERTAINTY') );
#4272 = ( LENGTH_UNIT() NAMED_UNIT(*) SI_UNIT(.MILLI.,.METRE.) );
#4273 = ( NAMED_UNIT(*) PLANE_ANGLE_UNIT() SI_UNIT($,.RADIAN.) );
#4274 = ( NAMED_UNIT(*) SI_UNIT($,.STERADIAN.) SOLID_ANGLE_UNIT() );
#4275 = UNCERTAINTY_MEASURE_WITH_UNIT(LENGTH_MEASURE(1.E-07),#4272,
  'distance_accuracy_value','confusion accuracy');
#4276 = CONTEXT_DEPENDENT_SHAPE_REPRESENTATION(#4277,#4279);
#4277 = ( REPRESENTATION_RELATIONSHIP('','',#4217,#10) 
REPRESENTATION_RELATIONSHIP_WITH_TRANSFORMATION(#4278) 
SHAPE_REPRESENTATION_RELATIONSHIP() );
#4278 = ITEM_DEFINED_TRANSFORMATION('','',#11,#55);
#4279 = PRODUCT_DEFINITION_SHAPE('Placement','Placement of an item',
  #4280);
#4280 = NEXT_ASSEMBLY_USAGE_OCCURRENCE('438','FLY_MOTOR_L_2','',#5,#4212
  ,$);
#4281 = PRODUCT_RELATED_PRODUCT_CATEGORY('part',$,(#4214));
#4282 = SHAPE_DEFINITION_REPRESENTATION(#4283,#4289);
#4283 = PRODUCT_DEFINITION_SHAPE('','',#4284);
#4284 = PRODUCT_DEFINITION('design','',#4285,#4288);
#4285 = PRODUCT_DEFINITION_FORMATION('','',#4286);
#4286 = PRODUCT('FLY_MCLAMP_L','FLY_MCLAMP_L','',(#4287));
#4287 = PRODUCT_CONTEXT('',#2,'mechanical');
#4288 = PRODUCT_DEFINITION_CONTEXT('part definition',#2,'design');
#4289 = ADVANCED_BREP_SHAPE_REPRESENTATION('',(#11,#4290),#4508);
#4290 = MANIFOLD_SOLID_BREP('',#4291);
#4291 = CLOSED_SHELL('',(#4292,#4332,#4380,#4404,#4445,#4462,#4479,#4496
    ));
#4292 = ADVANCED_FACE('',(#4293),#4327,.F.);
#4293 = FACE_BOUND('',#4294,.F.);
#4294 = EDGE_LOOP('',(#4295,#4305,#4313,#4321));
#4295 = ORIENTED_EDGE('',*,*,#4296,.F.);
#4296 = EDGE_CURVE('',#4297,#4299,#4301,.T.);
#4297 = VERTEX_POINT('',#4298);
#4298 = CARTESIAN_POINT('',(-107.,84.,267.));
#4299 = VERTEX_POINT('',#4300);
#4300 = CARTESIAN_POINT('',(-107.,84.,291.));
#4301 = LINE('',#4302,#4303);
#4302 = CARTESIAN_POINT('',(-107.,84.,267.));
#4303 = VECTOR('',#4304,1.);
#4304 = DIRECTION('',(0.,0.,1.));
#4305 = ORIENTED_EDGE('',*,*,#4306,.T.);
#4306 = EDGE_CURVE('',#4297,#4307,#4309,.T.);
#4307 = VERTEX_POINT('',#4308);
#4308 = CARTESIAN_POINT('',(-107.,100.,267.));
#4309 = LINE('',#4310,#4311);
#4310 = CARTESIAN_POINT('',(-107.,84.,267.));
#4311 = VECTOR('',#4312,1.);
#4312 = DIRECTION('',(0.,1.,0.));
#4313 = ORIENTED_EDGE('',*,*,#4314,.T.);
#4314 = EDGE_CURVE('',#4307,#4315,#4317,.T.);
#4315 = VERTEX_POINT('',#4316);
#4316 = CARTESIAN_POINT('',(-107.,100.,291.));
#4317 = LINE('',#4318,#4319);
#4318 = CARTESIAN_POINT('',(-107.,100.,267.));
#4319 = VECTOR('',#4320,1.);
#4320 = DIRECTION('',(0.,0.,1.));
#4321 = ORIENTED_EDGE('',*,*,#4322,.F.);
#4322 = EDGE_CURVE('',#4299,#4315,#4323,.T.);
#4323 = LINE('',#4324,#4325);
#4324 = CARTESIAN_POINT('',(-107.,84.,291.));
#4325 = VECTOR('',#4326,1.);
#4326 = DIRECTION('',(0.,1.,0.));
#4327 = PLANE('',#4328);
#4328 = AXIS2_PLACEMENT_3D('',#4329,#4330,#4331);
#4329 = CARTESIAN_POINT('',(-107.,84.,267.));
#4330 = DIRECTION('',(1.,0.,0.));
#4331 = DIRECTION('',(0.,0.,1.));
#4332 = ADVANCED_FACE('',(#4333),#4375,.F.);
#4333 = FACE_BOUND('',#4334,.F.);
#4334 = EDGE_LOOP('',(#4335,#4345,#4351,#4352,#4360,#4369));
#4335 = ORIENTED_EDGE('',*,*,#4336,.F.);
#4336 = EDGE_CURVE('',#4337,#4339,#4341,.T.);
#4337 = VERTEX_POINT('',#4338);
#4338 = CARTESIAN_POINT('',(-53.,84.,267.));
#4339 = VERTEX_POINT('',#4340);
#4340 = CARTESIAN_POINT('',(-53.,84.,291.));
#4341 = LINE('',#4342,#4343);
#4342 = CARTESIAN_POINT('',(-53.,84.,267.));
#4343 = VECTOR('',#4344,1.);
#4344 = DIRECTION('',(0.,0.,1.));
#4345 = ORIENTED_EDGE('',*,*,#4346,.F.);
#4346 = EDGE_CURVE('',#4297,#4337,#4347,.T.);
#4347 = LINE('',#4348,#4349);
#4348 = CARTESIAN_POINT('',(-107.,84.,267.));
#4349 = VECTOR('',#4350,1.);
#4350 = DIRECTION('',(1.,0.,0.));
#4351 = ORIENTED_EDGE('',*,*,#4296,.T.);
#4352 = ORIENTED_EDGE('',*,*,#4353,.T.);
#4353 = EDGE_CURVE('',#4299,#4354,#4356,.T.);
#4354 = VERTEX_POINT('',#4355);
#4355 = CARTESIAN_POINT('',(-86.,84.,291.));
#4356 = LINE('',#4357,#4358);
#4357 = CARTESIAN_POINT('',(-107.,84.,291.));
#4358 = VECTOR('',#4359,1.);
#4359 = DIRECTION('',(1.,0.,0.));
#4360 = ORIENTED_EDGE('',*,*,#4361,.T.);
#4361 = EDGE_CURVE('',#4354,#4362,#4364,.T.);
#4362 = VERTEX_POINT('',#4363);
#4363 = CARTESIAN_POINT('',(-74.,84.,291.));
#4364 = CIRCLE('',#4365,18.5);
#4365 = AXIS2_PLACEMENT_3D('',#4366,#4367,#4368);
#4366 = CARTESIAN_POINT('',(-80.,84.,308.5));
#4367 = DIRECTION('',(0.,-1.,2.2E-16));
#4368 = DIRECTION('',(1.,0.,0.));
#4369 = ORIENTED_EDGE('',*,*,#4370,.T.);
#4370 = EDGE_CURVE('',#4362,#4339,#4371,.T.);
#4371 = LINE('',#4372,#4373);
#4372 = CARTESIAN_POINT('',(-107.,84.,291.));
#4373 = VECTOR('',#4374,1.);
#4374 = DIRECTION('',(1.,0.,0.));
#4375 = PLANE('',#4376);
#4376 = AXIS2_PLACEMENT_3D('',#4377,#4378,#4379);
#4377 = CARTESIAN_POINT('',(-107.,84.,267.));
#4378 = DIRECTION('',(0.,1.,0.));
#4379 = DIRECTION('',(0.,0.,1.));
#4380 = ADVANCED_FACE('',(#4381),#4399,.T.);
#4381 = FACE_BOUND('',#4382,.T.);
#4382 = EDGE_LOOP('',(#4383,#4391,#4392,#4393));
#4383 = ORIENTED_EDGE('',*,*,#4384,.F.);
#4384 = EDGE_CURVE('',#4315,#4385,#4387,.T.);
#4385 = VERTEX_POINT('',#4386);
#4386 = CARTESIAN_POINT('',(-86.,100.,291.));
#4387 = LINE('',#4388,#4389);
#4388 = CARTESIAN_POINT('',(-107.,100.,291.));
#4389 = VECTOR('',#4390,1.);
#4390 = DIRECTION('',(1.,0.,0.));
#4391 = ORIENTED_EDGE('',*,*,#4322,.F.);
#4392 = ORIENTED_EDGE('',*,*,#4353,.T.);
#4393 = ORIENTED_EDGE('',*,*,#4394,.F.);
#4394 = EDGE_CURVE('',#4385,#4354,#4395,.T.);
#4395 = LINE('',#4396,#4397);
#4396 = CARTESIAN_POINT('',(-86.,82.,291.));
#4397 = VECTOR('',#4398,1.);
#4398 = DIRECTION('',(0.,-1.,2.2E-16));
#4399 = PLANE('',#4400);
#4400 = AXIS2_PLACEMENT_3D('',#4401,#4402,#4403);
#4401 = CARTESIAN_POINT('',(-107.,84.,291.));
#4402 = DIRECTION('',(0.,0.,1.));
#4403 = DIRECTION('',(1.,0.,0.));
#4404 = ADVANCED_FACE('',(#4405),#4440,.T.);
#4405 = FACE_BOUND('',#4406,.T.);
#4406 = EDGE_LOOP('',(#4407,#4417,#4423,#4424,#4425,#4434));
#4407 = ORIENTED_EDGE('',*,*,#4408,.F.);
#4408 = EDGE_CURVE('',#4409,#4411,#4413,.T.);
#4409 = VERTEX_POINT('',#4410);
#4410 = CARTESIAN_POINT('',(-53.,100.,267.));
#4411 = VERTEX_POINT('',#4412);
#4412 = CARTESIAN_POINT('',(-53.,100.,291.));
#4413 = LINE('',#4414,#4415);
#4414 = CARTESIAN_POINT('',(-53.,100.,267.));
#4415 = VECTOR('',#4416,1.);
#4416 = DIRECTION('',(0.,0.,1.));
#4417 = ORIENTED_EDGE('',*,*,#4418,.F.);
#4418 = EDGE_CURVE('',#4307,#4409,#4419,.T.);
#4419 = LINE('',#4420,#4421);
#4420 = CARTESIAN_POINT('',(-107.,100.,267.));
#4421 = VECTOR('',#4422,1.);
#4422 = DIRECTION('',(1.,0.,0.));
#4423 = ORIENTED_EDGE('',*,*,#4314,.T.);
#4424 = ORIENTED_EDGE('',*,*,#4384,.T.);
#4425 = ORIENTED_EDGE('',*,*,#4426,.T.);
#4426 = EDGE_CURVE('',#4385,#4427,#4429,.T.);
#4427 = VERTEX_POINT('',#4428);
#4428 = CARTESIAN_POINT('',(-74.,100.,291.));
#4429 = CIRCLE('',#4430,18.5);
#4430 = AXIS2_PLACEMENT_3D('',#4431,#4432,#4433);
#4431 = CARTESIAN_POINT('',(-80.,100.,308.5));
#4432 = DIRECTION('',(0.,-1.,2.2E-16));
#4433 = DIRECTION('',(1.,0.,0.));
#4434 = ORIENTED_EDGE('',*,*,#4435,.T.);
#4435 = EDGE_CURVE('',#4427,#4411,#4436,.T.);
#4436 = LINE('',#4437,#4438);
#4437 = CARTESIAN_POINT('',(-107.,100.,291.));
#4438 = VECTOR('',#4439,1.);
#4439 = DIRECTION('',(1.,0.,0.));
#4440 = PLANE('',#4441);
#4441 = AXIS2_PLACEMENT_3D('',#4442,#4443,#4444);
#4442 = CARTESIAN_POINT('',(-107.,100.,267.));
#4443 = DIRECTION('',(0.,1.,0.));
#4444 = DIRECTION('',(0.,0.,1.));
#4445 = ADVANCED_FACE('',(#4446),#4457,.F.);
#4446 = FACE_BOUND('',#4447,.F.);
#4447 = EDGE_LOOP('',(#4448,#4449,#4450,#4456));
#4448 = ORIENTED_EDGE('',*,*,#4306,.F.);
#4449 = ORIENTED_EDGE('',*,*,#4346,.T.);
#4450 = ORIENTED_EDGE('',*,*,#4451,.T.);
#4451 = EDGE_CURVE('',#4337,#4409,#4452,.T.);
#4452 = LINE('',#4453,#4454);
#4453 = CARTESIAN_POINT('',(-53.,84.,267.));
#4454 = VECTOR('',#4455,1.);
#4455 = DIRECTION('',(0.,1.,0.));
#4456 = ORIENTED_EDGE('',*,*,#4418,.F.);
#4457 = PLANE('',#4458);
#4458 = AXIS2_PLACEMENT_3D('',#4459,#4460,#4461);
#4459 = CARTESIAN_POINT('',(-107.,84.,267.));
#4460 = DIRECTION('',(0.,0.,1.));
#4461 = DIRECTION('',(1.,0.,0.));
#4462 = ADVANCED_FACE('',(#4463),#4474,.T.);
#4463 = FACE_BOUND('',#4464,.T.);
#4464 = EDGE_LOOP('',(#4465,#4466,#4467,#4468));
#4465 = ORIENTED_EDGE('',*,*,#4336,.F.);
#4466 = ORIENTED_EDGE('',*,*,#4451,.T.);
#4467 = ORIENTED_EDGE('',*,*,#4408,.T.);
#4468 = ORIENTED_EDGE('',*,*,#4469,.F.);
#4469 = EDGE_CURVE('',#4339,#4411,#4470,.T.);
#4470 = LINE('',#4471,#4472);
#4471 = CARTESIAN_POINT('',(-53.,84.,291.));
#4472 = VECTOR('',#4473,1.);
#4473 = DIRECTION('',(0.,1.,0.));
#4474 = PLANE('',#4475);
#4475 = AXIS2_PLACEMENT_3D('',#4476,#4477,#4478);
#4476 = CARTESIAN_POINT('',(-53.,84.,267.));
#4477 = DIRECTION('',(1.,0.,0.));
#4478 = DIRECTION('',(0.,0.,1.));
#4479 = ADVANCED_FACE('',(#4480),#4491,.T.);
#4480 = FACE_BOUND('',#4481,.T.);
#4481 = EDGE_LOOP('',(#4482,#4483,#4489,#4490));
#4482 = ORIENTED_EDGE('',*,*,#4435,.F.);
#4483 = ORIENTED_EDGE('',*,*,#4484,.T.);
#4484 = EDGE_CURVE('',#4427,#4362,#4485,.T.);
#4485 = LINE('',#4486,#4487);
#4486 = CARTESIAN_POINT('',(-74.,82.,291.));
#4487 = VECTOR('',#4488,1.);
#4488 = DIRECTION('',(0.,-1.,2.2E-16));
#4489 = ORIENTED_EDGE('',*,*,#4370,.T.);
#4490 = ORIENTED_EDGE('',*,*,#4469,.T.);
#4491 = PLANE('',#4492);
#4492 = AXIS2_PLACEMENT_3D('',#4493,#4494,#4495);
#4493 = CARTESIAN_POINT('',(-107.,84.,291.));
#4494 = DIRECTION('',(0.,0.,1.));
#4495 = DIRECTION('',(1.,0.,0.));
#4496 = ADVANCED_FACE('',(#4497),#4503,.F.);
#4497 = FACE_BOUND('',#4498,.T.);
#4498 = EDGE_LOOP('',(#4499,#4500,#4501,#4502));
#4499 = ORIENTED_EDGE('',*,*,#4394,.T.);
#4500 = ORIENTED_EDGE('',*,*,#4361,.T.);
#4501 = ORIENTED_EDGE('',*,*,#4484,.F.);
#4502 = ORIENTED_EDGE('',*,*,#4426,.F.);
#4503 = CYLINDRICAL_SURFACE('',#4504,18.5);
#4504 = AXIS2_PLACEMENT_3D('',#4505,#4506,#4507);
#4505 = CARTESIAN_POINT('',(-80.,82.,308.5));
#4506 = DIRECTION('',(-0.,-1.,0.));
#4507 = DIRECTION('',(1.,0.,0.));
#4508 = ( GEOMETRIC_REPRESENTATION_CONTEXT(3) 
GLOBAL_UNCERTAINTY_ASSIGNED_CONTEXT((#4512)) 
GLOBAL_UNIT_ASSIGNED_CONTEXT((#4509,#4510,#4511)) REPRESENTATION_CONTEXT
('Context #1','3D Context with UNIT and UNCERTAINTY') );
#4509 = ( LENGTH_UNIT() NAMED_UNIT(*) SI_UNIT(.MILLI.,.METRE.) );
#4510 = ( NAMED_UNIT(*) PLANE_ANGLE_UNIT() SI_UNIT($,.RADIAN.) );
#4511 = ( NAMED_UNIT(*) SI_UNIT($,.STERADIAN.) SOLID_ANGLE_UNIT() );
#4512 = UNCERTAINTY_MEASURE_WITH_UNIT(LENGTH_MEASURE(1.E-07),#4509,
  'distance_accuracy_value','confusion accuracy');
#4513 = CONTEXT_DEPENDENT_SHAPE_REPRESENTATION(#4514,#4516);
#4514 = ( REPRESENTATION_RELATIONSHIP('','',#4289,#10) 
REPRESENTATION_RELATIONSHIP_WITH_TRANSFORMATION(#4515) 
SHAPE_REPRESENTATION_RELATIONSHIP() );
#4515 = ITEM_DEFINED_TRANSFORMATION('','',#11,#59);
#4516 = PRODUCT_DEFINITION_SHAPE('Placement','Placement of an item',
  #4517);
#4517 = NEXT_ASSEMBLY_USAGE_OCCURRENCE('439','FLY_MCLAMP_L','',#5,#4284,
  $);
#4518 = PRODUCT_RELATED_PRODUCT_CATEGORY('part',$,(#4286));
#4519 = SHAPE_DEFINITION_REPRESENTATION(#4520,#4526);
#4520 = PRODUCT_DEFINITION_SHAPE('','',#4521);
#4521 = PRODUCT_DEFINITION('design','',#4522,#4525);
#4522 = PRODUCT_DEFINITION_FORMATION('','',#4523);
#4523 = PRODUCT('FLYWHEEL_R','FLYWHEEL_R','',(#4524));
#4524 = PRODUCT_CONTEXT('',#2,'mechanical');
#4525 = PRODUCT_DEFINITION_CONTEXT('part definition',#2,'design');
#4526 = ADVANCED_BREP_SHAPE_REPRESENTATION('',(#11,#4527),#4664);
#4527 = MANIFOLD_SOLID_BREP('',#4528);
#4528 = CLOSED_SHELL('',(#4529,#4562,#4582,#4602,#4627,#4652));
#4529 = ADVANCED_FACE('',(#4530),#4557,.T.);
#4530 = FACE_BOUND('',#4531,.F.);
#4531 = EDGE_LOOP('',(#4532,#4542,#4549,#4550));
#4532 = ORIENTED_EDGE('',*,*,#4533,.T.);
#4533 = EDGE_CURVE('',#4534,#4536,#4538,.T.);
#4534 = VERTEX_POINT('',#4535);
#4535 = CARTESIAN_POINT('',(-35.55,-55.15,308.5));
#4536 = VERTEX_POINT('',#4537);
#4537 = CARTESIAN_POINT('',(-35.55,-36.85,308.5));
#4538 = LINE('',#4539,#4540);
#4539 = CARTESIAN_POINT('',(-35.55,-55.15,308.5));
#4540 = VECTOR('',#4541,1.);
#4541 = DIRECTION('',(0.,1.,0.));
#4542 = ORIENTED_EDGE('',*,*,#4543,.T.);
#4543 = EDGE_CURVE('',#4536,#4536,#4544,.T.);
#4544 = CIRCLE('',#4545,44.45);
#4545 = AXIS2_PLACEMENT_3D('',#4546,#4547,#4548);
#4546 = CARTESIAN_POINT('',(-80.,-36.85,308.5));
#4547 = DIRECTION('',(-0.,1.,0.));
#4548 = DIRECTION('',(1.,0.,0.));
#4549 = ORIENTED_EDGE('',*,*,#4533,.F.);
#4550 = ORIENTED_EDGE('',*,*,#4551,.F.);
#4551 = EDGE_CURVE('',#4534,#4534,#4552,.T.);
#4552 = CIRCLE('',#4553,44.45);
#4553 = AXIS2_PLACEMENT_3D('',#4554,#4555,#4556);
#4554 = CARTESIAN_POINT('',(-80.,-55.15,308.5));
#4555 = DIRECTION('',(-0.,1.,0.));
#4556 = DIRECTION('',(1.,0.,0.));
#4557 = CYLINDRICAL_SURFACE('',#4558,44.45);
#4558 = AXIS2_PLACEMENT_3D('',#4559,#4560,#4561);
#4559 = CARTESIAN_POINT('',(-80.,-55.15,308.5));
#4560 = DIRECTION('',(-0.,-1.,0.));
#4561 = DIRECTION('',(1.,0.,0.));
#4562 = ADVANCED_FACE('',(#4563,#4566),#4577,.F.);
#4563 = FACE_BOUND('',#4564,.F.);
#4564 = EDGE_LOOP('',(#4565));
#4565 = ORIENTED_EDGE('',*,*,#4551,.T.);
#4566 = FACE_BOUND('',#4567,.F.);
#4567 = EDGE_LOOP('',(#4568));
#4568 = ORIENTED_EDGE('',*,*,#4569,.F.);
#4569 = EDGE_CURVE('',#4570,#4570,#4572,.T.);
#4570 = VERTEX_POINT('',#4571);
#4571 = CARTESIAN_POINT('',(-71.,-55.15,308.5));
#4572 = CIRCLE('',#4573,9.);
#4573 = AXIS2_PLACEMENT_3D('',#4574,#4575,#4576);
#4574 = CARTESIAN_POINT('',(-80.,-55.15,308.5));
#4575 = DIRECTION('',(-0.,1.,0.));
#4576 = DIRECTION('',(1.,0.,0.));
#4577 = PLANE('',#4578);
#4578 = AXIS2_PLACEMENT_3D('',#4579,#4580,#4581);
#4579 = CARTESIAN_POINT('',(-80.,-55.15,308.5));
#4580 = DIRECTION('',(0.,1.,0.));
#4581 = DIRECTION('',(1.,0.,0.));
#4582 = ADVANCED_FACE('',(#4583,#4586),#4597,.T.);
#4583 = FACE_BOUND('',#4584,.T.);
#4584 = EDGE_LOOP('',(#4585));
#4585 = ORIENTED_EDGE('',*,*,#4543,.T.);
#4586 = FACE_BOUND('',#4587,.T.);
#4587 = EDGE_LOOP('',(#4588));
#4588 = ORIENTED_EDGE('',*,*,#4589,.T.);
#4589 = EDGE_CURVE('',#4590,#4590,#4592,.T.);
#4590 = VERTEX_POINT('',#4591);
#4591 = CARTESIAN_POINT('',(-76.5,-36.85,308.5));
#4592 = CIRCLE('',#4593,3.5);
#4593 = AXIS2_PLACEMENT_3D('',#4594,#4595,#4596);
#4594 = CARTESIAN_POINT('',(-80.,-36.85,308.5));
#4595 = DIRECTION('',(0.,-1.,2.2E-16));
#4596 = DIRECTION('',(1.,0.,0.));
#4597 = PLANE('',#4598);
#4598 = AXIS2_PLACEMENT_3D('',#4599,#4600,#4601);
#4599 = CARTESIAN_POINT('',(-80.,-36.85,308.5));
#4600 = DIRECTION('',(0.,1.,0.));
#4601 = DIRECTION('',(1.,0.,0.));
#4602 = ADVANCED_FACE('',(#4603),#4622,.F.);
#4603 = FACE_BOUND('',#4604,.T.);
#4604 = EDGE_LOOP('',(#4605,#4613,#4620,#4621));
#4605 = ORIENTED_EDGE('',*,*,#4606,.T.);
#4606 = EDGE_CURVE('',#4570,#4607,#4609,.T.);
#4607 = VERTEX_POINT('',#4608);
#4608 = CARTESIAN_POINT('',(-71.,-49.15,308.5));
#4609 = LINE('',#4610,#4611);
#4610 = CARTESIAN_POINT('',(-71.,-55.15,308.5));
#4611 = VECTOR('',#4612,1.);
#4612 = DIRECTION('',(0.,1.,0.));
#4613 = ORIENTED_EDGE('',*,*,#4614,.T.);
#4614 = EDGE_CURVE('',#4607,#4607,#4615,.T.);
#4615 = CIRCLE('',#4616,9.);
#4616 = AXIS2_PLACEMENT_3D('',#4617,#4618,#4619);
#4617 = CARTESIAN_POINT('',(-80.,-49.15,308.5));
#4618 = DIRECTION('',(-0.,1.,0.));
#4619 = DIRECTION('',(1.,0.,0.));
#4620 = ORIENTED_EDGE('',*,*,#4606,.F.);
#4621 = ORIENTED_EDGE('',*,*,#4569,.F.);
#4622 = CYLINDRICAL_SURFACE('',#4623,9.);
#4623 = AXIS2_PLACEMENT_3D('',#4624,#4625,#4626);
#4624 = CARTESIAN_POINT('',(-80.,-55.15,308.5));
#4625 = DIRECTION('',(-0.,-1.,0.));
#4626 = DIRECTION('',(1.,0.,0.));
#4627 = ADVANCED_FACE('',(#4628),#4647,.F.);
#4628 = FACE_BOUND('',#4629,.T.);
#4629 = EDGE_LOOP('',(#4630,#4638,#4645,#4646));
#4630 = ORIENTED_EDGE('',*,*,#4631,.F.);
#4631 = EDGE_CURVE('',#4632,#4590,#4634,.T.);
#4632 = VERTEX_POINT('',#4633);
#4633 = CARTESIAN_POINT('',(-76.5,-49.15,308.5));
#4634 = LINE('',#4635,#4636);
#4635 = CARTESIAN_POINT('',(-76.5,-56.15,308.5));
#4636 = VECTOR('',#4637,1.);
#4637 = DIRECTION('',(0.,1.,0.));
#4638 = ORIENTED_EDGE('',*,*,#4639,.T.);
#4639 = EDGE_CURVE('',#4632,#4632,#4640,.T.);
#4640 = CIRCLE('',#4641,3.5);
#4641 = AXIS2_PLACEMENT_3D('',#4642,#4643,#4644);
#4642 = CARTESIAN_POINT('',(-80.,-49.15,308.5));
#4643 = DIRECTION('',(0.,-1.,2.2E-16));
#4644 = DIRECTION('',(1.,0.,0.));
#4645 = ORIENTED_EDGE('',*,*,#4631,.T.);
#4646 = ORIENTED_EDGE('',*,*,#4589,.F.);
#4647 = CYLINDRICAL_SURFACE('',#4648,3.5);
#4648 = AXIS2_PLACEMENT_3D('',#4649,#4650,#4651);
#4649 = CARTESIAN_POINT('',(-80.,-56.15,308.5));
#4650 = DIRECTION('',(-0.,-1.,0.));
#4651 = DIRECTION('',(1.,0.,0.));
#4652 = ADVANCED_FACE('',(#4653,#4656),#4659,.F.);
#4653 = FACE_BOUND('',#4654,.F.);
#4654 = EDGE_LOOP('',(#4655));
#4655 = ORIENTED_EDGE('',*,*,#4614,.T.);
#4656 = FACE_BOUND('',#4657,.F.);
#4657 = EDGE_LOOP('',(#4658));
#4658 = ORIENTED_EDGE('',*,*,#4639,.T.);
#4659 = PLANE('',#4660);
#4660 = AXIS2_PLACEMENT_3D('',#4661,#4662,#4663);
#4661 = CARTESIAN_POINT('',(-80.,-49.15,308.5));
#4662 = DIRECTION('',(0.,1.,0.));
#4663 = DIRECTION('',(1.,0.,0.));
#4664 = ( GEOMETRIC_REPRESENTATION_CONTEXT(3) 
GLOBAL_UNCERTAINTY_ASSIGNED_CONTEXT((#4668)) 
GLOBAL_UNIT_ASSIGNED_CONTEXT((#4665,#4666,#4667)) REPRESENTATION_CONTEXT
('Context #1','3D Context with UNIT and UNCERTAINTY') );
#4665 = ( LENGTH_UNIT() NAMED_UNIT(*) SI_UNIT(.MILLI.,.METRE.) );
#4666 = ( NAMED_UNIT(*) PLANE_ANGLE_UNIT() SI_UNIT($,.RADIAN.) );
#4667 = ( NAMED_UNIT(*) SI_UNIT($,.STERADIAN.) SOLID_ANGLE_UNIT() );
#4668 = UNCERTAINTY_MEASURE_WITH_UNIT(LENGTH_MEASURE(1.E-07),#4665,
  'distance_accuracy_value','confusion accuracy');
#4669 = CONTEXT_DEPENDENT_SHAPE_REPRESENTATION(#4670,#4672);
#4670 = ( REPRESENTATION_RELATIONSHIP('','',#4526,#10) 
REPRESENTATION_RELATIONSHIP_WITH_TRANSFORMATION(#4671) 
SHAPE_REPRESENTATION_RELATIONSHIP() );
#4671 = ITEM_DEFINED_TRANSFORMATION('','',#11,#63);
#4672 = PRODUCT_DEFINITION_SHAPE('Placement','Placement of an item',
  #4673);
#4673 = NEXT_ASSEMBLY_USAGE_OCCURRENCE('440','FLYWHEEL_R','',#5,#4521,$
  );
#4674 = PRODUCT_RELATED_PRODUCT_CATEGORY('part',$,(#4523));
#4675 = SHAPE_DEFINITION_REPRESENTATION(#4676,#4682);
#4676 = PRODUCT_DEFINITION_SHAPE('','',#4677);
#4677 = PRODUCT_DEFINITION('design','',#4678,#4681);
#4678 = PRODUCT_DEFINITION_FORMATION('','',#4679);
#4679 = PRODUCT('FLY_CLAMP_R','FLY_CLAMP_R','',(#4680));
#4680 = PRODUCT_CONTEXT('',#2,'mechanical');
#4681 = PRODUCT_DEFINITION_CONTEXT('part definition',#2,'design');
#4682 = ADVANCED_BREP_SHAPE_REPRESENTATION('',(#11,#4683),#4775);
#4683 = MANIFOLD_SOLID_BREP('',#4684);
#4684 = CLOSED_SHELL('',(#4685,#4718,#4738,#4758));
#4685 = ADVANCED_FACE('',(#4686),#4713,.T.);
#4686 = FACE_BOUND('',#4687,.F.);
#4687 = EDGE_LOOP('',(#4688,#4698,#4705,#4706));
#4688 = ORIENTED_EDGE('',*,*,#4689,.T.);
#4689 = EDGE_CURVE('',#4690,#4692,#4694,.T.);
#4690 = VERTEX_POINT('',#4691);
#4691 = CARTESIAN_POINT('',(-71.1,-55.15,308.5));
#4692 = VERTEX_POINT('',#4693);
#4693 = CARTESIAN_POINT('',(-71.1,-49.15,308.5));
#4694 = LINE('',#4695,#4696);
#4695 = CARTESIAN_POINT('',(-71.1,-55.15,308.5));
#4696 = VECTOR('',#4697,1.);
#4697 = DIRECTION('',(0.,1.,0.));
#4698 = ORIENTED_EDGE('',*,*,#4699,.T.);
#4699 = EDGE_CURVE('',#4692,#4692,#4700,.T.);
#4700 = CIRCLE('',#4701,8.9);
#4701 = AXIS2_PLACEMENT_3D('',#4702,#4703,#4704);
#4702 = CARTESIAN_POINT('',(-80.,-49.15,308.5));
#4703 = DIRECTION('',(-0.,1.,0.));
#4704 = DIRECTION('',(1.,0.,0.));
#4705 = ORIENTED_EDGE('',*,*,#4689,.F.);
#4706 = ORIENTED_EDGE('',*,*,#4707,.F.);
#4707 = EDGE_CURVE('',#4690,#4690,#4708,.T.);
#4708 = CIRCLE('',#4709,8.9);
#4709 = AXIS2_PLACEMENT_3D('',#4710,#4711,#4712);
#4710 = CARTESIAN_POINT('',(-80.,-55.15,308.5));
#4711 = DIRECTION('',(-0.,1.,0.));
#4712 = DIRECTION('',(1.,0.,0.));
#4713 = CYLINDRICAL_SURFACE('',#4714,8.9);
#4714 = AXIS2_PLACEMENT_3D('',#4715,#4716,#4717);
#4715 = CARTESIAN_POINT('',(-80.,-55.15,308.5));
#4716 = DIRECTION('',(-0.,-1.,0.));
#4717 = DIRECTION('',(1.,0.,0.));
#4718 = ADVANCED_FACE('',(#4719,#4722),#4733,.F.);
#4719 = FACE_BOUND('',#4720,.F.);
#4720 = EDGE_LOOP('',(#4721));
#4721 = ORIENTED_EDGE('',*,*,#4707,.T.);
#4722 = FACE_BOUND('',#4723,.F.);
#4723 = EDGE_LOOP('',(#4724));
#4724 = ORIENTED_EDGE('',*,*,#4725,.T.);
#4725 = EDGE_CURVE('',#4726,#4726,#4728,.T.);
#4726 = VERTEX_POINT('',#4727);
#4727 = CARTESIAN_POINT('',(-76.4,-55.15,308.5));
#4728 = CIRCLE('',#4729,3.6);
#4729 = AXIS2_PLACEMENT_3D('',#4730,#4731,#4732);
#4730 = CARTESIAN_POINT('',(-80.,-55.15,308.5));
#4731 = DIRECTION('',(0.,-1.,2.2E-16));
#4732 = DIRECTION('',(1.,0.,0.));
#4733 = PLANE('',#4734);
#4734 = AXIS2_PLACEMENT_3D('',#4735,#4736,#4737);
#4735 = CARTESIAN_POINT('',(-80.,-55.15,308.5));
#4736 = DIRECTION('',(0.,1.,0.));
#4737 = DIRECTION('',(1.,0.,0.));
#4738 = ADVANCED_FACE('',(#4739,#4742),#4753,.T.);
#4739 = FACE_BOUND('',#4740,.T.);
#4740 = EDGE_LOOP('',(#4741));
#4741 = ORIENTED_EDGE('',*,*,#4699,.T.);
#4742 = FACE_BOUND('',#4743,.T.);
#4743 = EDGE_LOOP('',(#4744));
#4744 = ORIENTED_EDGE('',*,*,#4745,.T.);
#4745 = EDGE_CURVE('',#4746,#4746,#4748,.T.);
#4746 = VERTEX_POINT('',#4747);
#4747 = CARTESIAN_POINT('',(-76.4,-49.15,308.5));
#4748 = CIRCLE('',#4749,3.6);
#4749 = AXIS2_PLACEMENT_3D('',#4750,#4751,#4752);
#4750 = CARTESIAN_POINT('',(-80.,-49.15,308.5));
#4751 = DIRECTION('',(0.,-1.,2.2E-16));
#4752 = DIRECTION('',(1.,0.,0.));
#4753 = PLANE('',#4754);
#4754 = AXIS2_PLACEMENT_3D('',#4755,#4756,#4757);
#4755 = CARTESIAN_POINT('',(-80.,-49.15,308.5));
#4756 = DIRECTION('',(0.,1.,0.));
#4757 = DIRECTION('',(1.,0.,0.));
#4758 = ADVANCED_FACE('',(#4759),#4770,.F.);
#4759 = FACE_BOUND('',#4760,.T.);
#4760 = EDGE_LOOP('',(#4761,#4762,#4768,#4769));
#4761 = ORIENTED_EDGE('',*,*,#4725,.T.);
#4762 = ORIENTED_EDGE('',*,*,#4763,.T.);
#4763 = EDGE_CURVE('',#4726,#4746,#4764,.T.);
#4764 = LINE('',#4765,#4766);
#4765 = CARTESIAN_POINT('',(-76.4,-56.15,308.5));
#4766 = VECTOR('',#4767,1.);
#4767 = DIRECTION('',(0.,1.,0.));
#4768 = ORIENTED_EDGE('',*,*,#4745,.F.);
#4769 = ORIENTED_EDGE('',*,*,#4763,.F.);
#4770 = CYLINDRICAL_SURFACE('',#4771,3.6);
#4771 = AXIS2_PLACEMENT_3D('',#4772,#4773,#4774);
#4772 = CARTESIAN_POINT('',(-80.,-56.15,308.5));
#4773 = DIRECTION('',(-0.,-1.,0.));
#4774 = DIRECTION('',(1.,0.,0.));
#4775 = ( GEOMETRIC_REPRESENTATION_CONTEXT(3) 
GLOBAL_UNCERTAINTY_ASSIGNED_CONTEXT((#4779)) 
GLOBAL_UNIT_ASSIGNED_CONTEXT((#4776,#4777,#4778)) REPRESENTATION_CONTEXT
('Context #1','3D Context with UNIT and UNCERTAINTY') );
#4776 = ( LENGTH_UNIT() NAMED_UNIT(*) SI_UNIT(.MILLI.,.METRE.) );
#4777 = ( NAMED_UNIT(*) PLANE_ANGLE_UNIT() SI_UNIT($,.RADIAN.) );
#4778 = ( NAMED_UNIT(*) SI_UNIT($,.STERADIAN.) SOLID_ANGLE_UNIT() );
#4779 = UNCERTAINTY_MEASURE_WITH_UNIT(LENGTH_MEASURE(1.E-07),#4776,
  'distance_accuracy_value','confusion accuracy');
#4780 = CONTEXT_DEPENDENT_SHAPE_REPRESENTATION(#4781,#4783);
#4781 = ( REPRESENTATION_RELATIONSHIP('','',#4682,#10) 
REPRESENTATION_RELATIONSHIP_WITH_TRANSFORMATION(#4782) 
SHAPE_REPRESENTATION_RELATIONSHIP() );
#4782 = ITEM_DEFINED_TRANSFORMATION('','',#11,#67);
#4783 = PRODUCT_DEFINITION_SHAPE('Placement','Placement of an item',
  #4784);
#4784 = NEXT_ASSEMBLY_USAGE_OCCURRENCE('441','FLY_CLAMP_R','',#5,#4677,$
  );
#4785 = PRODUCT_RELATED_PRODUCT_CATEGORY('part',$,(#4679));
#4786 = SHAPE_DEFINITION_REPRESENTATION(#4787,#4793);
#4787 = PRODUCT_DEFINITION_SHAPE('','',#4788);
#4788 = PRODUCT_DEFINITION('design','',#4789,#4792);
#4789 = PRODUCT_DEFINITION_FORMATION('','',#4790);
#4790 = PRODUCT('FLY_SHAFT_R','FLY_SHAFT_R','',(#4791));
#4791 = PRODUCT_CONTEXT('',#2,'mechanical');
#4792 = PRODUCT_DEFINITION_CONTEXT('part definition',#2,'design');
#4793 = ADVANCED_BREP_SHAPE_REPRESENTATION('',(#11,#4794),#4847);
#4794 = MANIFOLD_SOLID_BREP('',#4795);
#4795 = CLOSED_SHELL('',(#4796,#4829,#4838));
#4796 = ADVANCED_FACE('',(#4797),#4824,.T.);
#4797 = FACE_BOUND('',#4798,.F.);
#4798 = EDGE_LOOP('',(#4799,#4809,#4816,#4817));
#4799 = ORIENTED_EDGE('',*,*,#4800,.T.);
#4800 = EDGE_CURVE('',#4801,#4803,#4805,.T.);
#4801 = VERTEX_POINT('',#4802);
#4802 = CARTESIAN_POINT('',(-76.,-67.,308.5));
#4803 = VERTEX_POINT('',#4804);
#4804 = CARTESIAN_POINT('',(-76.,-44.,308.5));
#4805 = LINE('',#4806,#4807);
#4806 = CARTESIAN_POINT('',(-76.,-67.,308.5));
#4807 = VECTOR('',#4808,1.);
#4808 = DIRECTION('',(0.,1.,-2.22044604925E-16));
#4809 = ORIENTED_EDGE('',*,*,#4810,.T.);
#4810 = EDGE_CURVE('',#4803,#4803,#4811,.T.);
#4811 = CIRCLE('',#4812,4.);
#4812 = AXIS2_PLACEMENT_3D('',#4813,#4814,#4815);
#4813 = CARTESIAN_POINT('',(-80.,-44.,308.5));
#4814 = DIRECTION('',(0.,1.,-2.22044604925E-16));
#4815 = DIRECTION('',(1.,0.,0.));
#4816 = ORIENTED_EDGE('',*,*,#4800,.F.);
#4817 = ORIENTED_EDGE('',*,*,#4818,.F.);
#4818 = EDGE_CURVE('',#4801,#4801,#4819,.T.);
#4819 = CIRCLE('',#4820,4.);
#4820 = AXIS2_PLACEMENT_3D('',#4821,#4822,#4823);
#4821 = CARTESIAN_POINT('',(-80.,-67.,308.5));
#4822 = DIRECTION('',(0.,1.,-2.22044604925E-16));
#4823 = DIRECTION('',(1.,0.,0.));
#4824 = CYLINDRICAL_SURFACE('',#4825,4.);
#4825 = AXIS2_PLACEMENT_3D('',#4826,#4827,#4828);
#4826 = CARTESIAN_POINT('',(-80.,-67.,308.5));
#4827 = DIRECTION('',(-0.,-1.,2.22044604925E-16));
#4828 = DIRECTION('',(1.,0.,0.));
#4829 = ADVANCED_FACE('',(#4830),#4833,.F.);
#4830 = FACE_BOUND('',#4831,.T.);
#4831 = EDGE_LOOP('',(#4832));
#4832 = ORIENTED_EDGE('',*,*,#4818,.F.);
#4833 = PLANE('',#4834);
#4834 = AXIS2_PLACEMENT_3D('',#4835,#4836,#4837);
#4835 = CARTESIAN_POINT('',(-80.,-67.,308.5));
#4836 = DIRECTION('',(0.,1.,-2.22044604925E-16));
#4837 = DIRECTION('',(1.,0.,0.));
#4838 = ADVANCED_FACE('',(#4839),#4842,.T.);
#4839 = FACE_BOUND('',#4840,.F.);
#4840 = EDGE_LOOP('',(#4841));
#4841 = ORIENTED_EDGE('',*,*,#4810,.F.);
#4842 = PLANE('',#4843);
#4843 = AXIS2_PLACEMENT_3D('',#4844,#4845,#4846);
#4844 = CARTESIAN_POINT('',(-80.,-44.,308.5));
#4845 = DIRECTION('',(0.,1.,-2.22044604925E-16));
#4846 = DIRECTION('',(1.,0.,0.));
#4847 = ( GEOMETRIC_REPRESENTATION_CONTEXT(3) 
GLOBAL_UNCERTAINTY_ASSIGNED_CONTEXT((#4851)) 
GLOBAL_UNIT_ASSIGNED_CONTEXT((#4848,#4849,#4850)) REPRESENTATION_CONTEXT
('Context #1','3D Context with UNIT and UNCERTAINTY') );
#4848 = ( LENGTH_UNIT() NAMED_UNIT(*) SI_UNIT(.MILLI.,.METRE.) );
#4849 = ( NAMED_UNIT(*) PLANE_ANGLE_UNIT() SI_UNIT($,.RADIAN.) );
#4850 = ( NAMED_UNIT(*) SI_UNIT($,.STERADIAN.) SOLID_ANGLE_UNIT() );
#4851 = UNCERTAINTY_MEASURE_WITH_UNIT(LENGTH_MEASURE(1.E-07),#4848,
  'distance_accuracy_value','confusion accuracy');
#4852 = CONTEXT_DEPENDENT_SHAPE_REPRESENTATION(#4853,#4855);
#4853 = ( REPRESENTATION_RELATIONSHIP('','',#4793,#10) 
REPRESENTATION_RELATIONSHIP_WITH_TRANSFORMATION(#4854) 
SHAPE_REPRESENTATION_RELATIONSHIP() );
#4854 = ITEM_DEFINED_TRANSFORMATION('','',#11,#71);
#4855 = PRODUCT_DEFINITION_SHAPE('Placement','Placement of an item',
  #4856);
#4856 = NEXT_ASSEMBLY_USAGE_OCCURRENCE('442','FLY_SHAFT_R','',#5,#4788,$
  );
#4857 = PRODUCT_RELATED_PRODUCT_CATEGORY('part',$,(#4790));
#4858 = SHAPE_DEFINITION_REPRESENTATION(#4859,#4865);
#4859 = PRODUCT_DEFINITION_SHAPE('','',#4860);
#4860 = PRODUCT_DEFINITION('design','',#4861,#4864);
#4861 = PRODUCT_DEFINITION_FORMATION('','',#4862);
#4862 = PRODUCT('FLY_BRG_R','FLY_BRG_R','',(#4863));
#4863 = PRODUCT_CONTEXT('',#2,'mechanical');
#4864 = PRODUCT_DEFINITION_CONTEXT('part definition',#2,'design');
#4865 = ADVANCED_BREP_SHAPE_REPRESENTATION('',(#11,#4866),#5256);
#4866 = MANIFOLD_SOLID_BREP('',#4867);
#4867 = CLOSED_SHELL('',(#4868,#4908,#4994,#5018,#5097,#5114,#5126,#5143
    ,#5160,#5177,#5202,#5219,#5244));
#4868 = ADVANCED_FACE('',(#4869),#4903,.F.);
#4869 = FACE_BOUND('',#4870,.F.);
#4870 = EDGE_LOOP('',(#4871,#4881,#4889,#4897));
#4871 = ORIENTED_EDGE('',*,*,#4872,.F.);
#4872 = EDGE_CURVE('',#4873,#4875,#4877,.T.);
#4873 = VERTEX_POINT('',#4874);
#4874 = CARTESIAN_POINT('',(-92.,-64.,296.5));
#4875 = VERTEX_POINT('',#4876);
#4876 = CARTESIAN_POINT('',(-92.,-64.,320.5));
#4877 = LINE('',#4878,#4879);
#4878 = CARTESIAN_POINT('',(-92.,-64.,296.5));
#4879 = VECTOR('',#4880,1.);
#4880 = DIRECTION('',(0.,0.,1.));
#4881 = ORIENTED_EDGE('',*,*,#4882,.T.);
#4882 = EDGE_CURVE('',#4873,#4883,#4885,.T.);
#4883 = VERTEX_POINT('',#4884);
#4884 = CARTESIAN_POINT('',(-92.,-58.,296.5));
#4885 = LINE('',#4886,#4887);
#4886 = CARTESIAN_POINT('',(-92.,-64.,296.5));
#4887 = VECTOR('',#4888,1.);
#4888 = DIRECTION('',(0.,1.,0.));
#4889 = ORIENTED_EDGE('',*,*,#4890,.T.);
#4890 = EDGE_CURVE('',#4883,#4891,#4893,.T.);
#4891 = VERTEX_POINT('',#4892);
#4892 = CARTESIAN_POINT('',(-92.,-58.,320.5));
#4893 = LINE('',#4894,#4895);
#4894 = CARTESIAN_POINT('',(-92.,-58.,296.5));
#4895 = VECTOR('',#4896,1.);
#4896 = DIRECTION('',(0.,0.,1.));
#4897 = ORIENTED_EDGE('',*,*,#4898,.F.);
#4898 = EDGE_CURVE('',#4875,#4891,#4899,.T.);
#4899 = LINE('',#4900,#4901);
#4900 = CARTESIAN_POINT('',(-92.,-64.,320.5));
#4901 = VECTOR('',#4902,1.);
#4902 = DIRECTION('',(0.,1.,0.));
#4903 = PLANE('',#4904);
#4904 = AXIS2_PLACEMENT_3D('',#4905,#4906,#4907);
#4905 = CARTESIAN_POINT('',(-92.,-64.,296.5));
#4906 = DIRECTION('',(1.,0.,0.));
#4907 = DIRECTION('',(0.,0.,1.));
#4908 = ADVANCED_FACE('',(#4909,#4934,#4945,#4956,#4967,#4978),#4989,.F.
  );
#4909 = FACE_BOUND('',#4910,.F.);
#4910 = EDGE_LOOP('',(#4911,#4919,#4920,#4928));
#4911 = ORIENTED_EDGE('',*,*,#4912,.F.);
#4912 = EDGE_CURVE('',#4873,#4913,#4915,.T.);
#4913 = VERTEX_POINT('',#4914);
#4914 = CARTESIAN_POINT('',(-68.,-64.,296.5));
#4915 = LINE('',#4916,#4917);
#4916 = CARTESIAN_POINT('',(-92.,-64.,296.5));
#4917 = VECTOR('',#4918,1.);
#4918 = DIRECTION('',(1.,0.,0.));
#4919 = ORIENTED_EDGE('',*,*,#4872,.T.);
#4920 = ORIENTED_EDGE('',*,*,#4921,.T.);
#4921 = EDGE_CURVE('',#4875,#4922,#4924,.T.);
#4922 = VERTEX_POINT('',#4923);
#4923 = CARTESIAN_POINT('',(-68.,-64.,320.5));
#4924 = LINE('',#4925,#4926);
#4925 = CARTESIAN_POINT('',(-92.,-64.,320.5));
#4926 = VECTOR('',#4927,1.);
#4927 = DIRECTION('',(1.,0.,0.));
#4928 = ORIENTED_EDGE('',*,*,#4929,.F.);
#4929 = EDGE_CURVE('',#4913,#4922,#4930,.T.);
#4930 = LINE('',#4931,#4932);
#4931 = CARTESIAN_POINT('',(-68.,-64.,296.5));
#4932 = VECTOR('',#4933,1.);
#4933 = DIRECTION('',(0.,0.,1.));
#4934 = FACE_BOUND('',#4935,.F.);
#4935 = EDGE_LOOP('',(#4936));
#4936 = ORIENTED_EDGE('',*,*,#4937,.T.);
#4937 = EDGE_CURVE('',#4938,#4938,#4940,.T.);
#4938 = VERTEX_POINT('',#4939);
#4939 = CARTESIAN_POINT('',(-87.3,-64.,299.5));
#4940 = CIRCLE('',#4941,1.7);
#4941 = AXIS2_PLACEMENT_3D('',#4942,#4943,#4944);
#4942 = CARTESIAN_POINT('',(-89.,-64.,299.5));
#4943 = DIRECTION('',(0.,-1.,2.2E-16));
#4944 = DIRECTION('',(1.,0.,0.));
#4945 = FACE_BOUND('',#4946,.F.);
#4946 = EDGE_LOOP('',(#4947));
#4947 = ORIENTED_EDGE('',*,*,#4948,.T.);
#4948 = EDGE_CURVE('',#4949,#4949,#4951,.T.);
#4949 = VERTEX_POINT('',#4950);
#4950 = CARTESIAN_POINT('',(-87.3,-64.,317.5));
#4951 = CIRCLE('',#4952,1.7);
#4952 = AXIS2_PLACEMENT_3D('',#4953,#4954,#4955);
#4953 = CARTESIAN_POINT('',(-89.,-64.,317.5));
#4954 = DIRECTION('',(0.,-1.,2.2E-16));
#4955 = DIRECTION('',(1.,0.,0.));
#4956 = FACE_BOUND('',#4957,.F.);
#4957 = EDGE_LOOP('',(#4958));
#4958 = ORIENTED_EDGE('',*,*,#4959,.T.);
#4959 = EDGE_CURVE('',#4960,#4960,#4962,.T.);
#4960 = VERTEX_POINT('',#4961);
#4961 = CARTESIAN_POINT('',(-69.3,-64.,299.5));
#4962 = CIRCLE('',#4963,1.7);
#4963 = AXIS2_PLACEMENT_3D('',#4964,#4965,#4966);
#4964 = CARTESIAN_POINT('',(-71.,-64.,299.5));
#4965 = DIRECTION('',(0.,-1.,2.2E-16));
#4966 = DIRECTION('',(1.,0.,0.));
#4967 = FACE_BOUND('',#4968,.F.);
#4968 = EDGE_LOOP('',(#4969));
#4969 = ORIENTED_EDGE('',*,*,#4970,.F.);
#4970 = EDGE_CURVE('',#4971,#4971,#4973,.T.);
#4971 = VERTEX_POINT('',#4972);
#4972 = CARTESIAN_POINT('',(-72.,-64.,308.5));
#4973 = CIRCLE('',#4974,8.);
#4974 = AXIS2_PLACEMENT_3D('',#4975,#4976,#4977);
#4975 = CARTESIAN_POINT('',(-80.,-64.,308.5));
#4976 = DIRECTION('',(-0.,1.,0.));
#4977 = DIRECTION('',(1.,0.,0.));
#4978 = FACE_BOUND('',#4979,.F.);
#4979 = EDGE_LOOP('',(#4980));
#4980 = ORIENTED_EDGE('',*,*,#4981,.T.);
#4981 = EDGE_CURVE('',#4982,#4982,#4984,.T.);
#4982 = VERTEX_POINT('',#4983);
#4983 = CARTESIAN_POINT('',(-69.3,-64.,317.5));
#4984 = CIRCLE('',#4985,1.7);
#4985 = AXIS2_PLACEMENT_3D('',#4986,#4987,#4988);
#4986 = CARTESIAN_POINT('',(-71.,-64.,317.5));
#4987 = DIRECTION('',(0.,-1.,2.2E-16));
#4988 = DIRECTION('',(1.,0.,0.));
#4989 = PLANE('',#4990);
#4990 = AXIS2_PLACEMENT_3D('',#4991,#4992,#4993);
#4991 = CARTESIAN_POINT('',(-92.,-64.,296.5));
#4992 = DIRECTION('',(0.,1.,0.));
#4993 = DIRECTION('',(0.,0.,1.));
#4994 = ADVANCED_FACE('',(#4995),#5013,.T.);
#4995 = FACE_BOUND('',#4996,.T.);
#4996 = EDGE_LOOP('',(#4997,#4998,#4999,#5007));
#4997 = ORIENTED_EDGE('',*,*,#4898,.F.);
#4998 = ORIENTED_EDGE('',*,*,#4921,.T.);
#4999 = ORIENTED_EDGE('',*,*,#5000,.T.);
#5000 = EDGE_CURVE('',#4922,#5001,#5003,.T.);
#5001 = VERTEX_POINT('',#5002);
#5002 = CARTESIAN_POINT('',(-68.,-58.,320.5));
#5003 = LINE('',#5004,#5005);
#5004 = CARTESIAN_POINT('',(-68.,-64.,320.5));
#5005 = VECTOR('',#5006,1.);
#5006 = DIRECTION('',(0.,1.,0.));
#5007 = ORIENTED_EDGE('',*,*,#5008,.F.);
#5008 = EDGE_CURVE('',#4891,#5001,#5009,.T.);
#5009 = LINE('',#5010,#5011);
#5010 = CARTESIAN_POINT('',(-92.,-58.,320.5));
#5011 = VECTOR('',#5012,1.);
#5012 = DIRECTION('',(1.,0.,0.));
#5013 = PLANE('',#5014);
#5014 = AXIS2_PLACEMENT_3D('',#5015,#5016,#5017);
#5015 = CARTESIAN_POINT('',(-92.,-64.,320.5));
#5016 = DIRECTION('',(0.,0.,1.));
#5017 = DIRECTION('',(1.,0.,0.));
#5018 = ADVANCED_FACE('',(#5019,#5037,#5048,#5059,#5070,#5081),#5092,.T.
  );
#5019 = FACE_BOUND('',#5020,.T.);
#5020 = EDGE_LOOP('',(#5021,#5029,#5030,#5031));
#5021 = ORIENTED_EDGE('',*,*,#5022,.F.);
#5022 = EDGE_CURVE('',#4883,#5023,#5025,.T.);
#5023 = VERTEX_POINT('',#5024);
#5024 = CARTESIAN_POINT('',(-68.,-58.,296.5));
#5025 = LINE('',#5026,#5027);
#5026 = CARTESIAN_POINT('',(-92.,-58.,296.5));
#5027 = VECTOR('',#5028,1.);
#5028 = DIRECTION('',(1.,0.,0.));
#5029 = ORIENTED_EDGE('',*,*,#4890,.T.);
#5030 = ORIENTED_EDGE('',*,*,#5008,.T.);
#5031 = ORIENTED_EDGE('',*,*,#5032,.F.);
#5032 = EDGE_CURVE('',#5023,#5001,#5033,.T.);
#5033 = LINE('',#5034,#5035);
#5034 = CARTESIAN_POINT('',(-68.,-58.,296.5));
#5035 = VECTOR('',#5036,1.);
#5036 = DIRECTION('',(0.,0.,1.));
#5037 = FACE_BOUND('',#5038,.T.);
#5038 = EDGE_LOOP('',(#5039));
#5039 = ORIENTED_EDGE('',*,*,#5040,.T.);
#5040 = EDGE_CURVE('',#5041,#5041,#5043,.T.);
#5041 = VERTEX_POINT('',#5042);
#5042 = CARTESIAN_POINT('',(-87.3,-58.,299.5));
#5043 = CIRCLE('',#5044,1.7);
#5044 = AXIS2_PLACEMENT_3D('',#5045,#5046,#5047);
#5045 = CARTESIAN_POINT('',(-89.,-58.,299.5));
#5046 = DIRECTION('',(0.,-1.,2.2E-16));
#5047 = DIRECTION('',(1.,0.,0.));
#5048 = FACE_BOUND('',#5049,.T.);
#5049 = EDGE_LOOP('',(#5050));
#5050 = ORIENTED_EDGE('',*,*,#5051,.T.);
#5051 = EDGE_CURVE('',#5052,#5052,#5054,.T.);
#5052 = VERTEX_POINT('',#5053);
#5053 = CARTESIAN_POINT('',(-87.3,-58.,317.5));
#5054 = CIRCLE('',#5055,1.7);
#5055 = AXIS2_PLACEMENT_3D('',#5056,#5057,#5058);
#5056 = CARTESIAN_POINT('',(-89.,-58.,317.5));
#5057 = DIRECTION('',(0.,-1.,2.2E-16));
#5058 = DIRECTION('',(1.,0.,0.));
#5059 = FACE_BOUND('',#5060,.T.);
#5060 = EDGE_LOOP('',(#5061));
#5061 = ORIENTED_EDGE('',*,*,#5062,.T.);
#5062 = EDGE_CURVE('',#5063,#5063,#5065,.T.);
#5063 = VERTEX_POINT('',#5064);
#5064 = CARTESIAN_POINT('',(-69.3,-58.,299.5));
#5065 = CIRCLE('',#5066,1.7);
#5066 = AXIS2_PLACEMENT_3D('',#5067,#5068,#5069);
#5067 = CARTESIAN_POINT('',(-71.,-58.,299.5));
#5068 = DIRECTION('',(0.,-1.,2.2E-16));
#5069 = DIRECTION('',(1.,0.,0.));
#5070 = FACE_BOUND('',#5071,.T.);
#5071 = EDGE_LOOP('',(#5072));
#5072 = ORIENTED_EDGE('',*,*,#5073,.T.);
#5073 = EDGE_CURVE('',#5074,#5074,#5076,.T.);
#5074 = VERTEX_POINT('',#5075);
#5075 = CARTESIAN_POINT('',(-75.75,-58.,308.5));
#5076 = CIRCLE('',#5077,4.25);
#5077 = AXIS2_PLACEMENT_3D('',#5078,#5079,#5080);
#5078 = CARTESIAN_POINT('',(-80.,-58.,308.5));
#5079 = DIRECTION('',(0.,-1.,2.2E-16));
#5080 = DIRECTION('',(1.,0.,0.));
#5081 = FACE_BOUND('',#5082,.T.);
#5082 = EDGE_LOOP('',(#5083));
#5083 = ORIENTED_EDGE('',*,*,#5084,.T.);
#5084 = EDGE_CURVE('',#5085,#5085,#5087,.T.);
#5085 = VERTEX_POINT('',#5086);
#5086 = CARTESIAN_POINT('',(-69.3,-58.,317.5));
#5087 = CIRCLE('',#5088,1.7);
#5088 = AXIS2_PLACEMENT_3D('',#5089,#5090,#5091);
#5089 = CARTESIAN_POINT('',(-71.,-58.,317.5));
#5090 = DIRECTION('',(0.,-1.,2.2E-16));
#5091 = DIRECTION('',(1.,0.,0.));
#5092 = PLANE('',#5093);
#5093 = AXIS2_PLACEMENT_3D('',#5094,#5095,#5096);
#5094 = CARTESIAN_POINT('',(-92.,-58.,296.5));
#5095 = DIRECTION('',(0.,1.,0.));
#5096 = DIRECTION('',(0.,0.,1.));
#5097 = ADVANCED_FACE('',(#5098),#5109,.F.);
#5098 = FACE_BOUND('',#5099,.F.);
#5099 = EDGE_LOOP('',(#5100,#5101,#5102,#5108));
#5100 = ORIENTED_EDGE('',*,*,#4882,.F.);
#5101 = ORIENTED_EDGE('',*,*,#4912,.T.);
#5102 = ORIENTED_EDGE('',*,*,#5103,.T.);
#5103 = EDGE_CURVE('',#4913,#5023,#5104,.T.);
#5104 = LINE('',#5105,#5106);
#5105 = CARTESIAN_POINT('',(-68.,-64.,296.5));
#5106 = VECTOR('',#5107,1.);
#5107 = DIRECTION('',(0.,1.,0.));
#5108 = ORIENTED_EDGE('',*,*,#5022,.F.);
#5109 = PLANE('',#5110);
#5110 = AXIS2_PLACEMENT_3D('',#5111,#5112,#5113);
#5111 = CARTESIAN_POINT('',(-92.,-64.,296.5));
#5112 = DIRECTION('',(0.,0.,1.));
#5113 = DIRECTION('',(1.,0.,0.));
#5114 = ADVANCED_FACE('',(#5115),#5121,.T.);
#5115 = FACE_BOUND('',#5116,.T.);
#5116 = EDGE_LOOP('',(#5117,#5118,#5119,#5120));
#5117 = ORIENTED_EDGE('',*,*,#4929,.F.);
#5118 = ORIENTED_EDGE('',*,*,#5103,.T.);
#5119 = ORIENTED_EDGE('',*,*,#5032,.T.);
#5120 = ORIENTED_EDGE('',*,*,#5000,.F.);
#5121 = PLANE('',#5122);
#5122 = AXIS2_PLACEMENT_3D('',#5123,#5124,#5125);
#5123 = CARTESIAN_POINT('',(-68.,-64.,296.5));
#5124 = DIRECTION('',(1.,0.,0.));
#5125 = DIRECTION('',(0.,0.,1.));
#5126 = ADVANCED_FACE('',(#5127),#5138,.F.);
#5127 = FACE_BOUND('',#5128,.T.);
#5128 = EDGE_LOOP('',(#5129,#5130,#5136,#5137));
#5129 = ORIENTED_EDGE('',*,*,#4937,.T.);
#5130 = ORIENTED_EDGE('',*,*,#5131,.T.);
#5131 = EDGE_CURVE('',#4938,#5041,#5132,.T.);
#5132 = LINE('',#5133,#5134);
#5133 = CARTESIAN_POINT('',(-87.3,-65.,299.5));
#5134 = VECTOR('',#5135,1.);
#5135 = DIRECTION('',(0.,1.,0.));
#5136 = ORIENTED_EDGE('',*,*,#5040,.F.);
#5137 = ORIENTED_EDGE('',*,*,#5131,.F.);
#5138 = CYLINDRICAL_SURFACE('',#5139,1.7);
#5139 = AXIS2_PLACEMENT_3D('',#5140,#5141,#5142);
#5140 = CARTESIAN_POINT('',(-89.,-65.,299.5));
#5141 = DIRECTION('',(-0.,-1.,0.));
#5142 = DIRECTION('',(1.,0.,0.));
#5143 = ADVANCED_FACE('',(#5144),#5155,.F.);
#5144 = FACE_BOUND('',#5145,.T.);
#5145 = EDGE_LOOP('',(#5146,#5147,#5153,#5154));
#5146 = ORIENTED_EDGE('',*,*,#4948,.T.);
#5147 = ORIENTED_EDGE('',*,*,#5148,.T.);
#5148 = EDGE_CURVE('',#4949,#5052,#5149,.T.);
#5149 = LINE('',#5150,#5151);
#5150 = CARTESIAN_POINT('',(-87.3,-65.,317.5));
#5151 = VECTOR('',#5152,1.);
#5152 = DIRECTION('',(0.,1.,0.));
#5153 = ORIENTED_EDGE('',*,*,#5051,.F.);
#5154 = ORIENTED_EDGE('',*,*,#5148,.F.);
#5155 = CYLINDRICAL_SURFACE('',#5156,1.7);
#5156 = AXIS2_PLACEMENT_3D('',#5157,#5158,#5159);
#5157 = CARTESIAN_POINT('',(-89.,-65.,317.5));
#5158 = DIRECTION('',(-0.,-1.,0.));
#5159 = DIRECTION('',(1.,0.,0.));
#5160 = ADVANCED_FACE('',(#5161),#5172,.F.);
#5161 = FACE_BOUND('',#5162,.T.);
#5162 = EDGE_LOOP('',(#5163,#5164,#5170,#5171));
#5163 = ORIENTED_EDGE('',*,*,#4959,.T.);
#5164 = ORIENTED_EDGE('',*,*,#5165,.T.);
#5165 = EDGE_CURVE('',#4960,#5063,#5166,.T.);
#5166 = LINE('',#5167,#5168);
#5167 = CARTESIAN_POINT('',(-69.3,-65.,299.5));
#5168 = VECTOR('',#5169,1.);
#5169 = DIRECTION('',(0.,1.,0.));
#5170 = ORIENTED_EDGE('',*,*,#5062,.F.);
#5171 = ORIENTED_EDGE('',*,*,#5165,.F.);
#5172 = CYLINDRICAL_SURFACE('',#5173,1.7);
#5173 = AXIS2_PLACEMENT_3D('',#5174,#5175,#5176);
#5174 = CARTESIAN_POINT('',(-71.,-65.,299.5));
#5175 = DIRECTION('',(-0.,-1.,0.));
#5176 = DIRECTION('',(1.,0.,0.));
#5177 = ADVANCED_FACE('',(#5178),#5197,.T.);
#5178 = FACE_BOUND('',#5179,.F.);
#5179 = EDGE_LOOP('',(#5180,#5188,#5189,#5190));
#5180 = ORIENTED_EDGE('',*,*,#5181,.T.);
#5181 = EDGE_CURVE('',#5182,#4971,#5184,.T.);
#5182 = VERTEX_POINT('',#5183);
#5183 = CARTESIAN_POINT('',(-72.,-68.,308.5));
#5184 = LINE('',#5185,#5186);
#5185 = CARTESIAN_POINT('',(-72.,-68.,308.5));
#5186 = VECTOR('',#5187,1.);
#5187 = DIRECTION('',(0.,1.,0.));
#5188 = ORIENTED_EDGE('',*,*,#4970,.T.);
#5189 = ORIENTED_EDGE('',*,*,#5181,.F.);
#5190 = ORIENTED_EDGE('',*,*,#5191,.F.);
#5191 = EDGE_CURVE('',#5182,#5182,#5192,.T.);
#5192 = CIRCLE('',#5193,8.);
#5193 = AXIS2_PLACEMENT_3D('',#5194,#5195,#5196);
#5194 = CARTESIAN_POINT('',(-80.,-68.,308.5));
#5195 = DIRECTION('',(-0.,1.,0.));
#5196 = DIRECTION('',(1.,0.,0.));
#5197 = CYLINDRICAL_SURFACE('',#5198,8.);
#5198 = AXIS2_PLACEMENT_3D('',#5199,#5200,#5201);
#5199 = CARTESIAN_POINT('',(-80.,-68.,308.5));
#5200 = DIRECTION('',(-0.,-1.,0.));
#5201 = DIRECTION('',(1.,0.,0.));
#5202 = ADVANCED_FACE('',(#5203),#5214,.F.);
#5203 = FACE_BOUND('',#5204,.T.);
#5204 = EDGE_LOOP('',(#5205,#5206,#5212,#5213));
#5205 = ORIENTED_EDGE('',*,*,#4981,.T.);
#5206 = ORIENTED_EDGE('',*,*,#5207,.T.);
#5207 = EDGE_CURVE('',#4982,#5085,#5208,.T.);
#5208 = LINE('',#5209,#5210);
#5209 = CARTESIAN_POINT('',(-69.3,-65.,317.5));
#5210 = VECTOR('',#5211,1.);
#5211 = DIRECTION('',(0.,1.,0.));
#5212 = ORIENTED_EDGE('',*,*,#5084,.F.);
#5213 = ORIENTED_EDGE('',*,*,#5207,.F.);
#5214 = CYLINDRICAL_SURFACE('',#5215,1.7);
#5215 = AXIS2_PLACEMENT_3D('',#5216,#5217,#5218);
#5216 = CARTESIAN_POINT('',(-71.,-65.,317.5));
#5217 = DIRECTION('',(-0.,-1.,0.));
#5218 = DIRECTION('',(1.,0.,0.));
#5219 = ADVANCED_FACE('',(#5220),#5239,.F.);
#5220 = FACE_BOUND('',#5221,.T.);
#5221 = EDGE_LOOP('',(#5222,#5231,#5237,#5238));
#5222 = ORIENTED_EDGE('',*,*,#5223,.T.);
#5223 = EDGE_CURVE('',#5224,#5224,#5226,.T.);
#5224 = VERTEX_POINT('',#5225);
#5225 = CARTESIAN_POINT('',(-75.75,-68.,308.5));
#5226 = CIRCLE('',#5227,4.25);
#5227 = AXIS2_PLACEMENT_3D('',#5228,#5229,#5230);
#5228 = CARTESIAN_POINT('',(-80.,-68.,308.5));
#5229 = DIRECTION('',(0.,-1.,2.2E-16));
#5230 = DIRECTION('',(1.,0.,0.));
#5231 = ORIENTED_EDGE('',*,*,#5232,.T.);
#5232 = EDGE_CURVE('',#5224,#5074,#5233,.T.);
#5233 = LINE('',#5234,#5235);
#5234 = CARTESIAN_POINT('',(-75.75,-69.,308.5));
#5235 = VECTOR('',#5236,1.);
#5236 = DIRECTION('',(0.,1.,0.));
#5237 = ORIENTED_EDGE('',*,*,#5073,.F.);
#5238 = ORIENTED_EDGE('',*,*,#5232,.F.);
#5239 = CYLINDRICAL_SURFACE('',#5240,4.25);
#5240 = AXIS2_PLACEMENT_3D('',#5241,#5242,#5243);
#5241 = CARTESIAN_POINT('',(-80.,-69.,308.5));
#5242 = DIRECTION('',(-0.,-1.,0.));
#5243 = DIRECTION('',(1.,0.,0.));
#5244 = ADVANCED_FACE('',(#5245,#5248),#5251,.F.);
#5245 = FACE_BOUND('',#5246,.F.);
#5246 = EDGE_LOOP('',(#5247));
#5247 = ORIENTED_EDGE('',*,*,#5191,.T.);
#5248 = FACE_BOUND('',#5249,.F.);
#5249 = EDGE_LOOP('',(#5250));
#5250 = ORIENTED_EDGE('',*,*,#5223,.T.);
#5251 = PLANE('',#5252);
#5252 = AXIS2_PLACEMENT_3D('',#5253,#5254,#5255);
#5253 = CARTESIAN_POINT('',(-80.,-68.,308.5));
#5254 = DIRECTION('',(0.,1.,0.));
#5255 = DIRECTION('',(1.,0.,0.));
#5256 = ( GEOMETRIC_REPRESENTATION_CONTEXT(3) 
GLOBAL_UNCERTAINTY_ASSIGNED_CONTEXT((#5260)) 
GLOBAL_UNIT_ASSIGNED_CONTEXT((#5257,#5258,#5259)) REPRESENTATION_CONTEXT
('Context #1','3D Context with UNIT and UNCERTAINTY') );
#5257 = ( LENGTH_UNIT() NAMED_UNIT(*) SI_UNIT(.MILLI.,.METRE.) );
#5258 = ( NAMED_UNIT(*) PLANE_ANGLE_UNIT() SI_UNIT($,.RADIAN.) );
#5259 = ( NAMED_UNIT(*) SI_UNIT($,.STERADIAN.) SOLID_ANGLE_UNIT() );
#5260 = UNCERTAINTY_MEASURE_WITH_UNIT(LENGTH_MEASURE(1.E-07),#5257,
  'distance_accuracy_value','confusion accuracy');
#5261 = CONTEXT_DEPENDENT_SHAPE_REPRESENTATION(#5262,#5264);
#5262 = ( REPRESENTATION_RELATIONSHIP('','',#4865,#10) 
REPRESENTATION_RELATIONSHIP_WITH_TRANSFORMATION(#5263) 
SHAPE_REPRESENTATION_RELATIONSHIP() );
#5263 = ITEM_DEFINED_TRANSFORMATION('','',#11,#75);
#5264 = PRODUCT_DEFINITION_SHAPE('Placement','Placement of an item',
  #5265);
#5265 = NEXT_ASSEMBLY_USAGE_OCCURRENCE('443','FLY_BRG_R','',#5,#4860,$);
#5266 = PRODUCT_RELATED_PRODUCT_CATEGORY('part',$,(#4862));
#5267 = SHAPE_DEFINITION_REPRESENTATION(#5268,#5274);
#5268 = PRODUCT_DEFINITION_SHAPE('','',#5269);
#5269 = PRODUCT_DEFINITION('design','',#5270,#5273);
#5270 = PRODUCT_DEFINITION_FORMATION('','',#5271);
#5271 = PRODUCT('FLY_MOTOR_R_0','FLY_MOTOR_R_0','',(#5272));
#5272 = PRODUCT_CONTEXT('',#2,'mechanical');
#5273 = PRODUCT_DEFINITION_CONTEXT('part definition',#2,'design');
#5274 = ADVANCED_BREP_SHAPE_REPRESENTATION('',(#11,#5275),#5373);
#5275 = MANIFOLD_SOLID_BREP('',#5276);
#5276 = CLOSED_SHELL('',(#5277,#5310,#5319,#5339,#5364));
#5277 = ADVANCED_FACE('',(#5278),#5305,.T.);
#5278 = FACE_BOUND('',#5279,.F.);
#5279 = EDGE_LOOP('',(#5280,#5290,#5297,#5298));
#5280 = ORIENTED_EDGE('',*,*,#5281,.T.);
#5281 = EDGE_CURVE('',#5282,#5284,#5286,.T.);
#5282 = VERTEX_POINT('',#5283);
#5283 = CARTESIAN_POINT('',(-62.,-103.,308.5));
#5284 = VERTEX_POINT('',#5285);
#5285 = CARTESIAN_POINT('',(-62.,-71.,308.5));
#5286 = LINE('',#5287,#5288);
#5287 = CARTESIAN_POINT('',(-62.,-103.,308.5));
#5288 = VECTOR('',#5289,1.);
#5289 = DIRECTION('',(0.,1.,0.));
#5290 = ORIENTED_EDGE('',*,*,#5291,.T.);
#5291 = EDGE_CURVE('',#5284,#5284,#5292,.T.);
#5292 = CIRCLE('',#5293,18.);
#5293 = AXIS2_PLACEMENT_3D('',#5294,#5295,#5296);
#5294 = CARTESIAN_POINT('',(-80.,-71.,308.5));
#5295 = DIRECTION('',(-0.,1.,0.));
#5296 = DIRECTION('',(1.,0.,0.));
#5297 = ORIENTED_EDGE('',*,*,#5281,.F.);
#5298 = ORIENTED_EDGE('',*,*,#5299,.F.);
#5299 = EDGE_CURVE('',#5282,#5282,#5300,.T.);
#5300 = CIRCLE('',#5301,18.);
#5301 = AXIS2_PLACEMENT_3D('',#5302,#5303,#5304);
#5302 = CARTESIAN_POINT('',(-80.,-103.,308.5));
#5303 = DIRECTION('',(-0.,1.,0.));
#5304 = DIRECTION('',(1.,0.,0.));
#5305 = CYLINDRICAL_SURFACE('',#5306,18.);
#5306 = AXIS2_PLACEMENT_3D('',#5307,#5308,#5309);
#5307 = CARTESIAN_POINT('',(-80.,-103.,308.5));
#5308 = DIRECTION('',(-0.,-1.,0.));
#5309 = DIRECTION('',(1.,0.,0.));
#5310 = ADVANCED_FACE('',(#5311),#5314,.F.);
#5311 = FACE_BOUND('',#5312,.T.);
#5312 = EDGE_LOOP('',(#5313));
#5313 = ORIENTED_EDGE('',*,*,#5299,.F.);
#5314 = PLANE('',#5315);
#5315 = AXIS2_PLACEMENT_3D('',#5316,#5317,#5318);
#5316 = CARTESIAN_POINT('',(-80.,-103.,308.5));
#5317 = DIRECTION('',(0.,1.,0.));
#5318 = DIRECTION('',(1.,0.,0.));
#5319 = ADVANCED_FACE('',(#5320,#5323),#5334,.T.);
#5320 = FACE_BOUND('',#5321,.T.);
#5321 = EDGE_LOOP('',(#5322));
#5322 = ORIENTED_EDGE('',*,*,#5291,.T.);
#5323 = FACE_BOUND('',#5324,.T.);
#5324 = EDGE_LOOP('',(#5325));
#5325 = ORIENTED_EDGE('',*,*,#5326,.F.);
#5326 = EDGE_CURVE('',#5327,#5327,#5329,.T.);
#5327 = VERTEX_POINT('',#5328);
#5328 = CARTESIAN_POINT('',(-68.,-71.,308.5));
#5329 = CIRCLE('',#5330,12.);
#5330 = AXIS2_PLACEMENT_3D('',#5331,#5332,#5333);
#5331 = CARTESIAN_POINT('',(-80.,-71.,308.5));
#5332 = DIRECTION('',(-0.,1.,0.));
#5333 = DIRECTION('',(1.,0.,0.));
#5334 = PLANE('',#5335);
#5335 = AXIS2_PLACEMENT_3D('',#5336,#5337,#5338);
#5336 = CARTESIAN_POINT('',(-80.,-71.,308.5));
#5337 = DIRECTION('',(0.,1.,0.));
#5338 = DIRECTION('',(1.,0.,0.));
#5339 = ADVANCED_FACE('',(#5340),#5359,.T.);
#5340 = FACE_BOUND('',#5341,.F.);
#5341 = EDGE_LOOP('',(#5342,#5350,#5357,#5358));
#5342 = ORIENTED_EDGE('',*,*,#5343,.T.);
#5343 = EDGE_CURVE('',#5327,#5344,#5346,.T.);
#5344 = VERTEX_POINT('',#5345);
#5345 = CARTESIAN_POINT('',(-68.,-69.,308.5));
#5346 = LINE('',#5347,#5348);
#5347 = CARTESIAN_POINT('',(-68.,-71.,308.5));
#5348 = VECTOR('',#5349,1.);
#5349 = DIRECTION('',(0.,1.,0.));
#5350 = ORIENTED_EDGE('',*,*,#5351,.T.);
#5351 = EDGE_CURVE('',#5344,#5344,#5352,.T.);
#5352 = CIRCLE('',#5353,12.);
#5353 = AXIS2_PLACEMENT_3D('',#5354,#5355,#5356);
#5354 = CARTESIAN_POINT('',(-80.,-69.,308.5));
#5355 = DIRECTION('',(-0.,1.,0.));
#5356 = DIRECTION('',(1.,0.,0.));
#5357 = ORIENTED_EDGE('',*,*,#5343,.F.);
#5358 = ORIENTED_EDGE('',*,*,#5326,.F.);
#5359 = CYLINDRICAL_SURFACE('',#5360,12.);
#5360 = AXIS2_PLACEMENT_3D('',#5361,#5362,#5363);
#5361 = CARTESIAN_POINT('',(-80.,-71.,308.5));
#5362 = DIRECTION('',(-0.,-1.,0.));
#5363 = DIRECTION('',(1.,0.,0.));
#5364 = ADVANCED_FACE('',(#5365),#5368,.T.);
#5365 = FACE_BOUND('',#5366,.F.);
#5366 = EDGE_LOOP('',(#5367));
#5367 = ORIENTED_EDGE('',*,*,#5351,.F.);
#5368 = PLANE('',#5369);
#5369 = AXIS2_PLACEMENT_3D('',#5370,#5371,#5372);
#5370 = CARTESIAN_POINT('',(-80.,-69.,308.5));
#5371 = DIRECTION('',(0.,1.,0.));
#5372 = DIRECTION('',(1.,0.,0.));
#5373 = ( GEOMETRIC_REPRESENTATION_CONTEXT(3) 
GLOBAL_UNCERTAINTY_ASSIGNED_CONTEXT((#5377)) 
GLOBAL_UNIT_ASSIGNED_CONTEXT((#5374,#5375,#5376)) REPRESENTATION_CONTEXT
('Context #1','3D Context with UNIT and UNCERTAINTY') );
#5374 = ( LENGTH_UNIT() NAMED_UNIT(*) SI_UNIT(.MILLI.,.METRE.) );
#5375 = ( NAMED_UNIT(*) PLANE_ANGLE_UNIT() SI_UNIT($,.RADIAN.) );
#5376 = ( NAMED_UNIT(*) SI_UNIT($,.STERADIAN.) SOLID_ANGLE_UNIT() );
#5377 = UNCERTAINTY_MEASURE_WITH_UNIT(LENGTH_MEASURE(1.E-07),#5374,
  'distance_accuracy_value','confusion accuracy');
#5378 = CONTEXT_DEPENDENT_SHAPE_REPRESENTATION(#5379,#5381);
#5379 = ( REPRESENTATION_RELATIONSHIP('','',#5274,#10) 
REPRESENTATION_RELATIONSHIP_WITH_TRANSFORMATION(#5380) 
SHAPE_REPRESENTATION_RELATIONSHIP() );
#5380 = ITEM_DEFINED_TRANSFORMATION('','',#11,#79);
#5381 = PRODUCT_DEFINITION_SHAPE('Placement','Placement of an item',
  #5382);
#5382 = NEXT_ASSEMBLY_USAGE_OCCURRENCE('444','FLY_MOTOR_R_0','',#5,#5269
  ,$);
#5383 = PRODUCT_RELATED_PRODUCT_CATEGORY('part',$,(#5271));
#5384 = SHAPE_DEFINITION_REPRESENTATION(#5385,#5391);
#5385 = PRODUCT_DEFINITION_SHAPE('','',#5386);
#5386 = PRODUCT_DEFINITION('design','',#5387,#5390);
#5387 = PRODUCT_DEFINITION_FORMATION('','',#5388);
#5388 = PRODUCT('FLY_MOTOR_R_1','FLY_MOTOR_R_1','',(#5389));
#5389 = PRODUCT_CONTEXT('',#2,'mechanical');
#5390 = PRODUCT_DEFINITION_CONTEXT('part definition',#2,'design');
#5391 = ADVANCED_BREP_SHAPE_REPRESENTATION('',(#11,#5392),#5445);
#5392 = MANIFOLD_SOLID_BREP('',#5393);
#5393 = CLOSED_SHELL('',(#5394,#5427,#5436));
#5394 = ADVANCED_FACE('',(#5395),#5422,.T.);
#5395 = FACE_BOUND('',#5396,.F.);
#5396 = EDGE_LOOP('',(#5397,#5406,#5414,#5421));
#5397 = ORIENTED_EDGE('',*,*,#5398,.F.);
#5398 = EDGE_CURVE('',#5399,#5399,#5401,.T.);
#5399 = VERTEX_POINT('',#5400);
#5400 = CARTESIAN_POINT('',(-77.,-69.,308.5));
#5401 = CIRCLE('',#5402,3.);
#5402 = AXIS2_PLACEMENT_3D('',#5403,#5404,#5405);
#5403 = CARTESIAN_POINT('',(-80.,-69.,308.5));
#5404 = DIRECTION('',(-0.,1.,0.));
#5405 = DIRECTION('',(1.,0.,0.));
#5406 = ORIENTED_EDGE('',*,*,#5407,.T.);
#5407 = EDGE_CURVE('',#5399,#5408,#5410,.T.);
#5408 = VERTEX_POINT('',#5409);
#5409 = CARTESIAN_POINT('',(-77.,-68.,308.5));
#5410 = LINE('',#5411,#5412);
#5411 = CARTESIAN_POINT('',(-77.,-69.,308.5));
#5412 = VECTOR('',#5413,1.);
#5413 = DIRECTION('',(0.,1.,0.));
#5414 = ORIENTED_EDGE('',*,*,#5415,.F.);
#5415 = EDGE_CURVE('',#5408,#5408,#5416,.T.);
#5416 = CIRCLE('',#5417,3.);
#5417 = AXIS2_PLACEMENT_3D('',#5418,#5419,#5420);
#5418 = CARTESIAN_POINT('',(-80.,-68.,308.5));
#5419 = DIRECTION('',(0.,-1.,2.2E-16));
#5420 = DIRECTION('',(1.,0.,0.));
#5421 = ORIENTED_EDGE('',*,*,#5407,.F.);
#5422 = CYLINDRICAL_SURFACE('',#5423,3.);
#5423 = AXIS2_PLACEMENT_3D('',#5424,#5425,#5426);
#5424 = CARTESIAN_POINT('',(-80.,-69.,308.5));
#5425 = DIRECTION('',(-0.,-1.,0.));
#5426 = DIRECTION('',(1.,0.,0.));
#5427 = ADVANCED_FACE('',(#5428),#5431,.F.);
#5428 = FACE_BOUND('',#5429,.T.);
#5429 = EDGE_LOOP('',(#5430));
#5430 = ORIENTED_EDGE('',*,*,#5398,.F.);
#5431 = PLANE('',#5432);
#5432 = AXIS2_PLACEMENT_3D('',#5433,#5434,#5435);
#5433 = CARTESIAN_POINT('',(-80.,-69.,308.5));
#5434 = DIRECTION('',(0.,1.,0.));
#5435 = DIRECTION('',(1.,0.,0.));
#5436 = ADVANCED_FACE('',(#5437),#5440,.T.);
#5437 = FACE_BOUND('',#5438,.T.);
#5438 = EDGE_LOOP('',(#5439));
#5439 = ORIENTED_EDGE('',*,*,#5415,.F.);
#5440 = PLANE('',#5441);
#5441 = AXIS2_PLACEMENT_3D('',#5442,#5443,#5444);
#5442 = CARTESIAN_POINT('',(-80.,-68.,308.5));
#5443 = DIRECTION('',(0.,1.,0.));
#5444 = DIRECTION('',(1.,0.,0.));
#5445 = ( GEOMETRIC_REPRESENTATION_CONTEXT(3) 
GLOBAL_UNCERTAINTY_ASSIGNED_CONTEXT((#5449)) 
GLOBAL_UNIT_ASSIGNED_CONTEXT((#5446,#5447,#5448)) REPRESENTATION_CONTEXT
('Context #1','3D Context with UNIT and UNCERTAINTY') );
#5446 = ( LENGTH_UNIT() NAMED_UNIT(*) SI_UNIT(.MILLI.,.METRE.) );
#5447 = ( NAMED_UNIT(*) PLANE_ANGLE_UNIT() SI_UNIT($,.RADIAN.) );
#5448 = ( NAMED_UNIT(*) SI_UNIT($,.STERADIAN.) SOLID_ANGLE_UNIT() );
#5449 = UNCERTAINTY_MEASURE_WITH_UNIT(LENGTH_MEASURE(1.E-07),#5446,
  'distance_accuracy_value','confusion accuracy');
#5450 = CONTEXT_DEPENDENT_SHAPE_REPRESENTATION(#5451,#5453);
#5451 = ( REPRESENTATION_RELATIONSHIP('','',#5391,#10) 
REPRESENTATION_RELATIONSHIP_WITH_TRANSFORMATION(#5452) 
SHAPE_REPRESENTATION_RELATIONSHIP() );
#5452 = ITEM_DEFINED_TRANSFORMATION('','',#11,#83);
#5453 = PRODUCT_DEFINITION_SHAPE('Placement','Placement of an item',
  #5454);
#5454 = NEXT_ASSEMBLY_USAGE_OCCURRENCE('445','FLY_MOTOR_R_1','',#5,#5386
  ,$);
#5455 = PRODUCT_RELATED_PRODUCT_CATEGORY('part',$,(#5388));
#5456 = SHAPE_DEFINITION_REPRESENTATION(#5457,#5463);
#5457 = PRODUCT_DEFINITION_SHAPE('','',#5458);
#5458 = PRODUCT_DEFINITION('design','',#5459,#5462);
#5459 = PRODUCT_DEFINITION_FORMATION('','',#5460);
#5460 = PRODUCT('FLY_MOTOR_R_2','FLY_MOTOR_R_2','',(#5461));
#5461 = PRODUCT_CONTEXT('',#2,'mechanical');
#5462 = PRODUCT_DEFINITION_CONTEXT('part definition',#2,'design');
#5463 = ADVANCED_BREP_SHAPE_REPRESENTATION('',(#11,#5464),#5517);
#5464 = MANIFOLD_SOLID_BREP('',#5465);
#5465 = CLOSED_SHELL('',(#5466,#5499,#5508));
#5466 = ADVANCED_FACE('',(#5467),#5494,.T.);
#5467 = FACE_BOUND('',#5468,.F.);
#5468 = EDGE_LOOP('',(#5469,#5478,#5486,#5493));
#5469 = ORIENTED_EDGE('',*,*,#5470,.T.);
#5470 = EDGE_CURVE('',#5471,#5471,#5473,.T.);
#5471 = VERTEX_POINT('',#5472);
#5472 = CARTESIAN_POINT('',(-77.,-62.,308.5));
#5473 = CIRCLE('',#5474,3.);
#5474 = AXIS2_PLACEMENT_3D('',#5475,#5476,#5477);
#5475 = CARTESIAN_POINT('',(-80.,-62.,308.5));
#5476 = DIRECTION('',(0.,-1.,2.2E-16));
#5477 = DIRECTION('',(1.,0.,0.));
#5478 = ORIENTED_EDGE('',*,*,#5479,.T.);
#5479 = EDGE_CURVE('',#5471,#5480,#5482,.T.);
#5480 = VERTEX_POINT('',#5481);
#5481 = CARTESIAN_POINT('',(-77.,-61.,308.5));
#5482 = LINE('',#5483,#5484);
#5483 = CARTESIAN_POINT('',(-77.,-69.,308.5));
#5484 = VECTOR('',#5485,1.);
#5485 = DIRECTION('',(0.,1.,0.));
#5486 = ORIENTED_EDGE('',*,*,#5487,.T.);
#5487 = EDGE_CURVE('',#5480,#5480,#5488,.T.);
#5488 = CIRCLE('',#5489,3.);
#5489 = AXIS2_PLACEMENT_3D('',#5490,#5491,#5492);
#5490 = CARTESIAN_POINT('',(-80.,-61.,308.5));
#5491 = DIRECTION('',(-0.,1.,0.));
#5492 = DIRECTION('',(1.,0.,0.));
#5493 = ORIENTED_EDGE('',*,*,#5479,.F.);
#5494 = CYLINDRICAL_SURFACE('',#5495,3.);
#5495 = AXIS2_PLACEMENT_3D('',#5496,#5497,#5498);
#5496 = CARTESIAN_POINT('',(-80.,-69.,308.5));
#5497 = DIRECTION('',(-0.,-1.,0.));
#5498 = DIRECTION('',(1.,0.,0.));
#5499 = ADVANCED_FACE('',(#5500),#5503,.F.);
#5500 = FACE_BOUND('',#5501,.F.);
#5501 = EDGE_LOOP('',(#5502));
#5502 = ORIENTED_EDGE('',*,*,#5470,.F.);
#5503 = PLANE('',#5504);
#5504 = AXIS2_PLACEMENT_3D('',#5505,#5506,#5507);
#5505 = CARTESIAN_POINT('',(-80.,-62.,308.5));
#5506 = DIRECTION('',(0.,1.,0.));
#5507 = DIRECTION('',(1.,0.,0.));
#5508 = ADVANCED_FACE('',(#5509),#5512,.T.);
#5509 = FACE_BOUND('',#5510,.F.);
#5510 = EDGE_LOOP('',(#5511));
#5511 = ORIENTED_EDGE('',*,*,#5487,.F.);
#5512 = PLANE('',#5513);
#5513 = AXIS2_PLACEMENT_3D('',#5514,#5515,#5516);
#5514 = CARTESIAN_POINT('',(-80.,-61.,308.5));
#5515 = DIRECTION('',(0.,1.,0.));
#5516 = DIRECTION('',(1.,0.,0.));
#5517 = ( GEOMETRIC_REPRESENTATION_CONTEXT(3) 
GLOBAL_UNCERTAINTY_ASSIGNED_CONTEXT((#5521)) 
GLOBAL_UNIT_ASSIGNED_CONTEXT((#5518,#5519,#5520)) REPRESENTATION_CONTEXT
('Context #1','3D Context with UNIT and UNCERTAINTY') );
#5518 = ( LENGTH_UNIT() NAMED_UNIT(*) SI_UNIT(.MILLI.,.METRE.) );
#5519 = ( NAMED_UNIT(*) PLANE_ANGLE_UNIT() SI_UNIT($,.RADIAN.) );
#5520 = ( NAMED_UNIT(*) SI_UNIT($,.STERADIAN.) SOLID_ANGLE_UNIT() );
#5521 = UNCERTAINTY_MEASURE_WITH_UNIT(LENGTH_MEASURE(1.E-07),#5518,
  'distance_accuracy_value','confusion accuracy');
#5522 = CONTEXT_DEPENDENT_SHAPE_REPRESENTATION(#5523,#5525);
#5523 = ( REPRESENTATION_RELATIONSHIP('','',#5463,#10) 
REPRESENTATION_RELATIONSHIP_WITH_TRANSFORMATION(#5524) 
SHAPE_REPRESENTATION_RELATIONSHIP() );
#5524 = ITEM_DEFINED_TRANSFORMATION('','',#11,#87);
#5525 = PRODUCT_DEFINITION_SHAPE('Placement','Placement of an item',
  #5526);
#5526 = NEXT_ASSEMBLY_USAGE_OCCURRENCE('446','FLY_MOTOR_R_2','',#5,#5458
  ,$);
#5527 = PRODUCT_RELATED_PRODUCT_CATEGORY('part',$,(#5460));
#5528 = SHAPE_DEFINITION_REPRESENTATION(#5529,#5535);
#5529 = PRODUCT_DEFINITION_SHAPE('','',#5530);
#5530 = PRODUCT_DEFINITION('design','',#5531,#5534);
#5531 = PRODUCT_DEFINITION_FORMATION('','',#5532);
#5532 = PRODUCT('FLY_MCLAMP_R','FLY_MCLAMP_R','',(#5533));
#5533 = PRODUCT_CONTEXT('',#2,'mechanical');
#5534 = PRODUCT_DEFINITION_CONTEXT('part definition',#2,'design');
#5535 = ADVANCED_BREP_SHAPE_REPRESENTATION('',(#11,#5536),#5754);
#5536 = MANIFOLD_SOLID_BREP('',#5537);
#5537 = CLOSED_SHELL('',(#5538,#5578,#5626,#5650,#5691,#5708,#5725,#5742
    ));
#5538 = ADVANCED_FACE('',(#5539),#5573,.F.);
#5539 = FACE_BOUND('',#5540,.F.);
#5540 = EDGE_LOOP('',(#5541,#5551,#5559,#5567));
#5541 = ORIENTED_EDGE('',*,*,#5542,.F.);
#5542 = EDGE_CURVE('',#5543,#5545,#5547,.T.);
#5543 = VERTEX_POINT('',#5544);
#5544 = CARTESIAN_POINT('',(-107.,-100.,267.));
#5545 = VERTEX_POINT('',#5546);
#5546 = CARTESIAN_POINT('',(-107.,-100.,291.));
#5547 = LINE('',#5548,#5549);
#5548 = CARTESIAN_POINT('',(-107.,-100.,267.));
#5549 = VECTOR('',#5550,1.);
#5550 = DIRECTION('',(0.,0.,1.));
#5551 = ORIENTED_EDGE('',*,*,#5552,.T.);
#5552 = EDGE_CURVE('',#5543,#5553,#5555,.T.);
#5553 = VERTEX_POINT('',#5554);
#5554 = CARTESIAN_POINT('',(-107.,-84.,267.));
#5555 = LINE('',#5556,#5557);
#5556 = CARTESIAN_POINT('',(-107.,-100.,267.));
#5557 = VECTOR('',#5558,1.);
#5558 = DIRECTION('',(0.,1.,0.));
#5559 = ORIENTED_EDGE('',*,*,#5560,.T.);
#5560 = EDGE_CURVE('',#5553,#5561,#5563,.T.);
#5561 = VERTEX_POINT('',#5562);
#5562 = CARTESIAN_POINT('',(-107.,-84.,291.));
#5563 = LINE('',#5564,#5565);
#5564 = CARTESIAN_POINT('',(-107.,-84.,267.));
#5565 = VECTOR('',#5566,1.);
#5566 = DIRECTION('',(0.,0.,1.));
#5567 = ORIENTED_EDGE('',*,*,#5568,.F.);
#5568 = EDGE_CURVE('',#5545,#5561,#5569,.T.);
#5569 = LINE('',#5570,#5571);
#5570 = CARTESIAN_POINT('',(-107.,-100.,291.));
#5571 = VECTOR('',#5572,1.);
#5572 = DIRECTION('',(0.,1.,0.));
#5573 = PLANE('',#5574);
#5574 = AXIS2_PLACEMENT_3D('',#5575,#5576,#5577);
#5575 = CARTESIAN_POINT('',(-107.,-100.,267.));
#5576 = DIRECTION('',(1.,0.,0.));
#5577 = DIRECTION('',(0.,0.,1.));
#5578 = ADVANCED_FACE('',(#5579),#5621,.F.);
#5579 = FACE_BOUND('',#5580,.F.);
#5580 = EDGE_LOOP('',(#5581,#5591,#5597,#5598,#5606,#5615));
#5581 = ORIENTED_EDGE('',*,*,#5582,.F.);
#5582 = EDGE_CURVE('',#5583,#5585,#5587,.T.);
#5583 = VERTEX_POINT('',#5584);
#5584 = CARTESIAN_POINT('',(-53.,-100.,267.));
#5585 = VERTEX_POINT('',#5586);
#5586 = CARTESIAN_POINT('',(-53.,-100.,291.));
#5587 = LINE('',#5588,#5589);
#5588 = CARTESIAN_POINT('',(-53.,-100.,267.));
#5589 = VECTOR('',#5590,1.);
#5590 = DIRECTION('',(0.,0.,1.));
#5591 = ORIENTED_EDGE('',*,*,#5592,.F.);
#5592 = EDGE_CURVE('',#5543,#5583,#5593,.T.);
#5593 = LINE('',#5594,#5595);
#5594 = CARTESIAN_POINT('',(-107.,-100.,267.));
#5595 = VECTOR('',#5596,1.);
#5596 = DIRECTION('',(1.,0.,0.));
#5597 = ORIENTED_EDGE('',*,*,#5542,.T.);
#5598 = ORIENTED_EDGE('',*,*,#5599,.T.);
#5599 = EDGE_CURVE('',#5545,#5600,#5602,.T.);
#5600 = VERTEX_POINT('',#5601);
#5601 = CARTESIAN_POINT('',(-86.,-100.,291.));
#5602 = LINE('',#5603,#5604);
#5603 = CARTESIAN_POINT('',(-107.,-100.,291.));
#5604 = VECTOR('',#5605,1.);
#5605 = DIRECTION('',(1.,0.,0.));
#5606 = ORIENTED_EDGE('',*,*,#5607,.T.);
#5607 = EDGE_CURVE('',#5600,#5608,#5610,.T.);
#5608 = VERTEX_POINT('',#5609);
#5609 = CARTESIAN_POINT('',(-74.,-100.,291.));
#5610 = CIRCLE('',#5611,18.5);
#5611 = AXIS2_PLACEMENT_3D('',#5612,#5613,#5614);
#5612 = CARTESIAN_POINT('',(-80.,-100.,308.5));
#5613 = DIRECTION('',(0.,-1.,2.2E-16));
#5614 = DIRECTION('',(1.,0.,0.));
#5615 = ORIENTED_EDGE('',*,*,#5616,.T.);
#5616 = EDGE_CURVE('',#5608,#5585,#5617,.T.);
#5617 = LINE('',#5618,#5619);
#5618 = CARTESIAN_POINT('',(-107.,-100.,291.));
#5619 = VECTOR('',#5620,1.);
#5620 = DIRECTION('',(1.,0.,0.));
#5621 = PLANE('',#5622);
#5622 = AXIS2_PLACEMENT_3D('',#5623,#5624,#5625);
#5623 = CARTESIAN_POINT('',(-107.,-100.,267.));
#5624 = DIRECTION('',(0.,1.,0.));
#5625 = DIRECTION('',(0.,0.,1.));
#5626 = ADVANCED_FACE('',(#5627),#5645,.T.);
#5627 = FACE_BOUND('',#5628,.T.);
#5628 = EDGE_LOOP('',(#5629,#5637,#5638,#5639));
#5629 = ORIENTED_EDGE('',*,*,#5630,.F.);
#5630 = EDGE_CURVE('',#5561,#5631,#5633,.T.);
#5631 = VERTEX_POINT('',#5632);
#5632 = CARTESIAN_POINT('',(-86.,-84.,291.));
#5633 = LINE('',#5634,#5635);
#5634 = CARTESIAN_POINT('',(-107.,-84.,291.));
#5635 = VECTOR('',#5636,1.);
#5636 = DIRECTION('',(1.,0.,0.));
#5637 = ORIENTED_EDGE('',*,*,#5568,.F.);
#5638 = ORIENTED_EDGE('',*,*,#5599,.T.);
#5639 = ORIENTED_EDGE('',*,*,#5640,.F.);
#5640 = EDGE_CURVE('',#5631,#5600,#5641,.T.);
#5641 = LINE('',#5642,#5643);
#5642 = CARTESIAN_POINT('',(-86.,-102.,291.));
#5643 = VECTOR('',#5644,1.);
#5644 = DIRECTION('',(0.,-1.,2.2E-16));
#5645 = PLANE('',#5646);
#5646 = AXIS2_PLACEMENT_3D('',#5647,#5648,#5649);
#5647 = CARTESIAN_POINT('',(-107.,-100.,291.));
#5648 = DIRECTION('',(0.,0.,1.));
#5649 = DIRECTION('',(1.,0.,0.));
#5650 = ADVANCED_FACE('',(#5651),#5686,.T.);
#5651 = FACE_BOUND('',#5652,.T.);
#5652 = EDGE_LOOP('',(#5653,#5663,#5669,#5670,#5671,#5680));
#5653 = ORIENTED_EDGE('',*,*,#5654,.F.);
#5654 = EDGE_CURVE('',#5655,#5657,#5659,.T.);
#5655 = VERTEX_POINT('',#5656);
#5656 = CARTESIAN_POINT('',(-53.,-84.,267.));
#5657 = VERTEX_POINT('',#5658);
#5658 = CARTESIAN_POINT('',(-53.,-84.,291.));
#5659 = LINE('',#5660,#5661);
#5660 = CARTESIAN_POINT('',(-53.,-84.,267.));
#5661 = VECTOR('',#5662,1.);
#5662 = DIRECTION('',(0.,0.,1.));
#5663 = ORIENTED_EDGE('',*,*,#5664,.F.);
#5664 = EDGE_CURVE('',#5553,#5655,#5665,.T.);
#5665 = LINE('',#5666,#5667);
#5666 = CARTESIAN_POINT('',(-107.,-84.,267.));
#5667 = VECTOR('',#5668,1.);
#5668 = DIRECTION('',(1.,0.,0.));
#5669 = ORIENTED_EDGE('',*,*,#5560,.T.);
#5670 = ORIENTED_EDGE('',*,*,#5630,.T.);
#5671 = ORIENTED_EDGE('',*,*,#5672,.T.);
#5672 = EDGE_CURVE('',#5631,#5673,#5675,.T.);
#5673 = VERTEX_POINT('',#5674);
#5674 = CARTESIAN_POINT('',(-74.,-84.,291.));
#5675 = CIRCLE('',#5676,18.5);
#5676 = AXIS2_PLACEMENT_3D('',#5677,#5678,#5679);
#5677 = CARTESIAN_POINT('',(-80.,-84.,308.5));
#5678 = DIRECTION('',(0.,-1.,2.2E-16));
#5679 = DIRECTION('',(1.,0.,0.));
#5680 = ORIENTED_EDGE('',*,*,#5681,.T.);
#5681 = EDGE_CURVE('',#5673,#5657,#5682,.T.);
#5682 = LINE('',#5683,#5684);
#5683 = CARTESIAN_POINT('',(-107.,-84.,291.));
#5684 = VECTOR('',#5685,1.);
#5685 = DIRECTION('',(1.,0.,0.));
#5686 = PLANE('',#5687);
#5687 = AXIS2_PLACEMENT_3D('',#5688,#5689,#5690);
#5688 = CARTESIAN_POINT('',(-107.,-84.,267.));
#5689 = DIRECTION('',(0.,1.,0.));
#5690 = DIRECTION('',(0.,0.,1.));
#5691 = ADVANCED_FACE('',(#5692),#5703,.F.);
#5692 = FACE_BOUND('',#5693,.F.);
#5693 = EDGE_LOOP('',(#5694,#5695,#5696,#5702));
#5694 = ORIENTED_EDGE('',*,*,#5552,.F.);
#5695 = ORIENTED_EDGE('',*,*,#5592,.T.);
#5696 = ORIENTED_EDGE('',*,*,#5697,.T.);
#5697 = EDGE_CURVE('',#5583,#5655,#5698,.T.);
#5698 = LINE('',#5699,#5700);
#5699 = CARTESIAN_POINT('',(-53.,-100.,267.));
#5700 = VECTOR('',#5701,1.);
#5701 = DIRECTION('',(0.,1.,0.));
#5702 = ORIENTED_EDGE('',*,*,#5664,.F.);
#5703 = PLANE('',#5704);
#5704 = AXIS2_PLACEMENT_3D('',#5705,#5706,#5707);
#5705 = CARTESIAN_POINT('',(-107.,-100.,267.));
#5706 = DIRECTION('',(0.,0.,1.));
#5707 = DIRECTION('',(1.,0.,0.));
#5708 = ADVANCED_FACE('',(#5709),#5720,.T.);
#5709 = FACE_BOUND('',#5710,.T.);
#5710 = EDGE_LOOP('',(#5711,#5712,#5713,#5714));
#5711 = ORIENTED_EDGE('',*,*,#5582,.F.);
#5712 = ORIENTED_EDGE('',*,*,#5697,.T.);
#5713 = ORIENTED_EDGE('',*,*,#5654,.T.);
#5714 = ORIENTED_EDGE('',*,*,#5715,.F.);
#5715 = EDGE_CURVE('',#5585,#5657,#5716,.T.);
#5716 = LINE('',#5717,#5718);
#5717 = CARTESIAN_POINT('',(-53.,-100.,291.));
#5718 = VECTOR('',#5719,1.);
#5719 = DIRECTION('',(0.,1.,0.));
#5720 = PLANE('',#5721);
#5721 = AXIS2_PLACEMENT_3D('',#5722,#5723,#5724);
#5722 = CARTESIAN_POINT('',(-53.,-100.,267.));
#5723 = DIRECTION('',(1.,0.,0.));
#5724 = DIRECTION('',(0.,0.,1.));
#5725 = ADVANCED_FACE('',(#5726),#5737,.T.);
#5726 = FACE_BOUND('',#5727,.T.);
#5727 = EDGE_LOOP('',(#5728,#5729,#5735,#5736));
#5728 = ORIENTED_EDGE('',*,*,#5681,.F.);
#5729 = ORIENTED_EDGE('',*,*,#5730,.T.);
#5730 = EDGE_CURVE('',#5673,#5608,#5731,.T.);
#5731 = LINE('',#5732,#5733);
#5732 = CARTESIAN_POINT('',(-74.,-102.,291.));
#5733 = VECTOR('',#5734,1.);
#5734 = DIRECTION('',(0.,-1.,2.2E-16));
#5735 = ORIENTED_EDGE('',*,*,#5616,.T.);
#5736 = ORIENTED_EDGE('',*,*,#5715,.T.);
#5737 = PLANE('',#5738);
#5738 = AXIS2_PLACEMENT_3D('',#5739,#5740,#5741);
#5739 = CARTESIAN_POINT('',(-107.,-100.,291.));
#5740 = DIRECTION('',(0.,0.,1.));
#5741 = DIRECTION('',(1.,0.,0.));
#5742 = ADVANCED_FACE('',(#5743),#5749,.F.);
#5743 = FACE_BOUND('',#5744,.T.);
#5744 = EDGE_LOOP('',(#5745,#5746,#5747,#5748));
#5745 = ORIENTED_EDGE('',*,*,#5640,.T.);
#5746 = ORIENTED_EDGE('',*,*,#5607,.T.);
#5747 = ORIENTED_EDGE('',*,*,#5730,.F.);
#5748 = ORIENTED_EDGE('',*,*,#5672,.F.);
#5749 = CYLINDRICAL_SURFACE('',#5750,18.5);
#5750 = AXIS2_PLACEMENT_3D('',#5751,#5752,#5753);
#5751 = CARTESIAN_POINT('',(-80.,-102.,308.5));
#5752 = DIRECTION('',(-0.,-1.,0.));
#5753 = DIRECTION('',(1.,0.,0.));
#5754 = ( GEOMETRIC_REPRESENTATION_CONTEXT(3) 
GLOBAL_UNCERTAINTY_ASSIGNED_CONTEXT((#5758)) 
GLOBAL_UNIT_ASSIGNED_CONTEXT((#5755,#5756,#5757)) REPRESENTATION_CONTEXT
('Context #1','3D Context with UNIT and UNCERTAINTY') );
#5755 = ( LENGTH_UNIT() NAMED_UNIT(*) SI_UNIT(.MILLI.,.METRE.) );
#5756 = ( NAMED_UNIT(*) PLANE_ANGLE_UNIT() SI_UNIT($,.RADIAN.) );
#5757 = ( NAMED_UNIT(*) SI_UNIT($,.STERADIAN.) SOLID_ANGLE_UNIT() );
#5758 = UNCERTAINTY_MEASURE_WITH_UNIT(LENGTH_MEASURE(1.E-07),#5755,
  'distance_accuracy_value','confusion accuracy');
#5759 = CONTEXT_DEPENDENT_SHAPE_REPRESENTATION(#5760,#5762);
#5760 = ( REPRESENTATION_RELATIONSHIP('','',#5535,#10) 
REPRESENTATION_RELATIONSHIP_WITH_TRANSFORMATION(#5761) 
SHAPE_REPRESENTATION_RELATIONSHIP() );
#5761 = ITEM_DEFINED_TRANSFORMATION('','',#11,#91);
#5762 = PRODUCT_DEFINITION_SHAPE('Placement','Placement of an item',
  #5763);
#5763 = NEXT_ASSEMBLY_USAGE_OCCURRENCE('447','FLY_MCLAMP_R','',#5,#5530,
  $);
#5764 = PRODUCT_RELATED_PRODUCT_CATEGORY('part',$,(#5532));
#5765 = SHAPE_DEFINITION_REPRESENTATION(#5766,#5772);
#5766 = PRODUCT_DEFINITION_SHAPE('','',#5767);
#5767 = PRODUCT_DEFINITION('design','',#5768,#5771);
#5768 = PRODUCT_DEFINITION_FORMATION('','',#5769);
#5769 = PRODUCT('HOOD_0','HOOD_0','',(#5770));
#5770 = PRODUCT_CONTEXT('',#2,'mechanical');
#5771 = PRODUCT_DEFINITION_CONTEXT('part definition',#2,'design');
#5772 = ADVANCED_BREP_SHAPE_REPRESENTATION('',(#11,#5773),#6751);
#5773 = MANIFOLD_SOLID_BREP('',#5774);
#5774 = CLOSED_SHELL('',(#5775,#5815,#5846,#5877,#5958,#5989,#6013,#6037
    ,#6068,#6099,#6130,#6161,#6203,#6245,#6276,#6301,#6332,#6357,#6415,
    #6446,#6477,#6508,#6539,#6562,#6585,#6608,#6631,#6657,#6682,#6691,
    #6717,#6742));
#5775 = ADVANCED_FACE('',(#5776),#5810,.F.);
#5776 = FACE_BOUND('',#5777,.F.);
#5777 = EDGE_LOOP('',(#5778,#5788,#5796,#5804));
#5778 = ORIENTED_EDGE('',*,*,#5779,.F.);
#5779 = EDGE_CURVE('',#5780,#5782,#5784,.T.);
#5780 = VERTEX_POINT('',#5781);
#5781 = CARTESIAN_POINT('',(-118.,-48.,369.));
#5782 = VERTEX_POINT('',#5783);
#5783 = CARTESIAN_POINT('',(-118.,-48.,371.));
#5784 = LINE('',#5785,#5786);
#5785 = CARTESIAN_POINT('',(-118.,-48.,369.));
#5786 = VECTOR('',#5787,1.);
#5787 = DIRECTION('',(0.,0.,1.));
#5788 = ORIENTED_EDGE('',*,*,#5789,.T.);
#5789 = EDGE_CURVE('',#5780,#5790,#5792,.T.);
#5790 = VERTEX_POINT('',#5791);
#5791 = CARTESIAN_POINT('',(-118.,48.,369.));
#5792 = LINE('',#5793,#5794);
#5793 = CARTESIAN_POINT('',(-118.,-48.,369.));
#5794 = VECTOR('',#5795,1.);
#5795 = DIRECTION('',(-0.,1.,0.));
#5796 = ORIENTED_EDGE('',*,*,#5797,.T.);
#5797 = EDGE_CURVE('',#5790,#5798,#5800,.T.);
#5798 = VERTEX_POINT('',#5799);
#5799 = CARTESIAN_POINT('',(-118.,48.,371.));
#5800 = LINE('',#5801,#5802);
#5801 = CARTESIAN_POINT('',(-118.,48.,369.));
#5802 = VECTOR('',#5803,1.);
#5803 = DIRECTION('',(0.,0.,1.));
#5804 = ORIENTED_EDGE('',*,*,#5805,.F.);
#5805 = EDGE_CURVE('',#5782,#5798,#5806,.T.);
#5806 = LINE('',#5807,#5808);
#5807 = CARTESIAN_POINT('',(-118.,-48.,371.));
#5808 = VECTOR('',#5809,1.);
#5809 = DIRECTION('',(-0.,1.,0.));
#5810 = PLANE('',#5811);
#5811 = AXIS2_PLACEMENT_3D('',#5812,#5813,#5814);
#5812 = CARTESIAN_POINT('',(-118.,-48.,369.));
#5813 = DIRECTION('',(1.,0.,-0.));
#5814 = DIRECTION('',(0.,0.,1.));
#5815 = ADVANCED_FACE('',(#5816),#5841,.F.);
#5816 = FACE_BOUND('',#5817,.F.);
#5817 = EDGE_LOOP('',(#5818,#5826,#5827,#5835));
#5818 = ORIENTED_EDGE('',*,*,#5819,.F.);
#5819 = EDGE_CURVE('',#5780,#5820,#5822,.T.);
#5820 = VERTEX_POINT('',#5821);
#5821 = CARTESIAN_POINT('',(-115.,-48.,369.));
#5822 = LINE('',#5823,#5824);
#5823 = CARTESIAN_POINT('',(-118.,-48.,369.));
#5824 = VECTOR('',#5825,1.);
#5825 = DIRECTION('',(1.,0.,-0.));
#5826 = ORIENTED_EDGE('',*,*,#5779,.T.);
#5827 = ORIENTED_EDGE('',*,*,#5828,.T.);
#5828 = EDGE_CURVE('',#5782,#5829,#5831,.T.);
#5829 = VERTEX_POINT('',#5830);
#5830 = CARTESIAN_POINT('',(-115.,-48.,371.));
#5831 = LINE('',#5832,#5833);
#5832 = CARTESIAN_POINT('',(-118.,-48.,371.));
#5833 = VECTOR('',#5834,1.);
#5834 = DIRECTION('',(1.,0.,-0.));
#5835 = ORIENTED_EDGE('',*,*,#5836,.T.);
#5836 = EDGE_CURVE('',#5829,#5820,#5837,.T.);
#5837 = LINE('',#5838,#5839);
#5838 = CARTESIAN_POINT('',(-115.,-48.,368.75));
#5839 = VECTOR('',#5840,1.);
#5840 = DIRECTION('',(-0.,0.,-1.));
#5841 = PLANE('',#5842);
#5842 = AXIS2_PLACEMENT_3D('',#5843,#5844,#5845);
#5843 = CARTESIAN_POINT('',(-118.,-48.,369.));
#5844 = DIRECTION('',(-0.,1.,0.));
#5845 = DIRECTION('',(0.,0.,1.));
#5846 = ADVANCED_FACE('',(#5847),#5872,.T.);
#5847 = FACE_BOUND('',#5848,.T.);
#5848 = EDGE_LOOP('',(#5849,#5857,#5858,#5866));
#5849 = ORIENTED_EDGE('',*,*,#5850,.F.);
#5850 = EDGE_CURVE('',#5790,#5851,#5853,.T.);
#5851 = VERTEX_POINT('',#5852);
#5852 = CARTESIAN_POINT('',(-115.,48.,369.));
#5853 = LINE('',#5854,#5855);
#5854 = CARTESIAN_POINT('',(-118.,48.,369.));
#5855 = VECTOR('',#5856,1.);
#5856 = DIRECTION('',(1.,0.,-0.));
#5857 = ORIENTED_EDGE('',*,*,#5797,.T.);
#5858 = ORIENTED_EDGE('',*,*,#5859,.T.);
#5859 = EDGE_CURVE('',#5798,#5860,#5862,.T.);
#5860 = VERTEX_POINT('',#5861);
#5861 = CARTESIAN_POINT('',(-115.,48.,371.));
#5862 = LINE('',#5863,#5864);
#5863 = CARTESIAN_POINT('',(-118.,48.,371.));
#5864 = VECTOR('',#5865,1.);
#5865 = DIRECTION('',(1.,0.,-0.));
#5866 = ORIENTED_EDGE('',*,*,#5867,.T.);
#5867 = EDGE_CURVE('',#5860,#5851,#5868,.T.);
#5868 = LINE('',#5869,#5870);
#5869 = CARTESIAN_POINT('',(-115.,48.,368.75));
#5870 = VECTOR('',#5871,1.);
#5871 = DIRECTION('',(-0.,0.,-1.));
#5872 = PLANE('',#5873);
#5873 = AXIS2_PLACEMENT_3D('',#5874,#5875,#5876);
#5874 = CARTESIAN_POINT('',(-118.,48.,369.));
#5875 = DIRECTION('',(-0.,1.,0.));
#5876 = DIRECTION('',(0.,0.,1.));
#5877 = ADVANCED_FACE('',(#5878),#5953,.F.);
#5878 = FACE_BOUND('',#5879,.F.);
#5879 = EDGE_LOOP('',(#5880,#5881,#5882,#5883,#5891,#5899,#5907,#5915,
    #5923,#5931,#5939,#5947));
#5880 = ORIENTED_EDGE('',*,*,#5850,.F.);
#5881 = ORIENTED_EDGE('',*,*,#5789,.F.);
#5882 = ORIENTED_EDGE('',*,*,#5819,.T.);
#5883 = ORIENTED_EDGE('',*,*,#5884,.T.);
#5884 = EDGE_CURVE('',#5820,#5885,#5887,.T.);
#5885 = VERTEX_POINT('',#5886);
#5886 = CARTESIAN_POINT('',(-115.,-45.,369.));
#5887 = LINE('',#5888,#5889);
#5888 = CARTESIAN_POINT('',(-115.,-61.,369.));
#5889 = VECTOR('',#5890,1.);
#5890 = DIRECTION('',(-0.,1.,0.));
#5891 = ORIENTED_EDGE('',*,*,#5892,.F.);
#5892 = EDGE_CURVE('',#5893,#5885,#5895,.T.);
#5893 = VERTEX_POINT('',#5894);
#5894 = CARTESIAN_POINT('',(-85.,-45.,369.));
#5895 = LINE('',#5896,#5897);
#5896 = CARTESIAN_POINT('',(-116.5,-45.,369.));
#5897 = VECTOR('',#5898,1.);
#5898 = DIRECTION('',(-1.,-0.,0.));
#5899 = ORIENTED_EDGE('',*,*,#5900,.F.);
#5900 = EDGE_CURVE('',#5901,#5893,#5903,.T.);
#5901 = VERTEX_POINT('',#5902);
#5902 = CARTESIAN_POINT('',(-85.,-48.,369.));
#5903 = LINE('',#5904,#5905);
#5904 = CARTESIAN_POINT('',(-85.,-61.,369.));
#5905 = VECTOR('',#5906,1.);
#5906 = DIRECTION('',(-0.,1.,0.));
#5907 = ORIENTED_EDGE('',*,*,#5908,.T.);
#5908 = EDGE_CURVE('',#5901,#5909,#5911,.T.);
#5909 = VERTEX_POINT('',#5910);
#5910 = CARTESIAN_POINT('',(-32.,-48.,369.));
#5911 = LINE('',#5912,#5913);
#5912 = CARTESIAN_POINT('',(-118.,-48.,369.));
#5913 = VECTOR('',#5914,1.);
#5914 = DIRECTION('',(1.,0.,-0.));
#5915 = ORIENTED_EDGE('',*,*,#5916,.T.);
#5916 = EDGE_CURVE('',#5909,#5917,#5919,.T.);
#5917 = VERTEX_POINT('',#5918);
#5918 = CARTESIAN_POINT('',(-32.,48.,369.));
#5919 = LINE('',#5920,#5921);
#5920 = CARTESIAN_POINT('',(-32.,-48.,369.));
#5921 = VECTOR('',#5922,1.);
#5922 = DIRECTION('',(-0.,1.,0.));
#5923 = ORIENTED_EDGE('',*,*,#5924,.F.);
#5924 = EDGE_CURVE('',#5925,#5917,#5927,.T.);
#5925 = VERTEX_POINT('',#5926);
#5926 = CARTESIAN_POINT('',(-85.,48.,369.));
#5927 = LINE('',#5928,#5929);
#5928 = CARTESIAN_POINT('',(-118.,48.,369.));
#5929 = VECTOR('',#5930,1.);
#5930 = DIRECTION('',(1.,0.,-0.));
#5931 = ORIENTED_EDGE('',*,*,#5932,.F.);
#5932 = EDGE_CURVE('',#5933,#5925,#5935,.T.);
#5933 = VERTEX_POINT('',#5934);
#5934 = CARTESIAN_POINT('',(-85.,45.,369.));
#5935 = LINE('',#5936,#5937);
#5936 = CARTESIAN_POINT('',(-85.,-1.5,369.));
#5937 = VECTOR('',#5938,1.);
#5938 = DIRECTION('',(-0.,1.,0.));
#5939 = ORIENTED_EDGE('',*,*,#5940,.T.);
#5940 = EDGE_CURVE('',#5933,#5941,#5943,.T.);
#5941 = VERTEX_POINT('',#5942);
#5942 = CARTESIAN_POINT('',(-115.,45.,369.));
#5943 = LINE('',#5944,#5945);
#5944 = CARTESIAN_POINT('',(-116.5,45.,369.));
#5945 = VECTOR('',#5946,1.);
#5946 = DIRECTION('',(-1.,-0.,0.));
#5947 = ORIENTED_EDGE('',*,*,#5948,.T.);
#5948 = EDGE_CURVE('',#5941,#5851,#5949,.T.);
#5949 = LINE('',#5950,#5951);
#5950 = CARTESIAN_POINT('',(-115.,-1.5,369.));
#5951 = VECTOR('',#5952,1.);
#5952 = DIRECTION('',(-0.,1.,0.));
#5953 = PLANE('',#5954);
#5954 = AXIS2_PLACEMENT_3D('',#5955,#5956,#5957);
#5955 = CARTESIAN_POINT('',(-118.,-48.,369.));
#5956 = DIRECTION('',(0.,0.,1.));
#5957 = DIRECTION('',(1.,0.,-0.));
#5958 = ADVANCED_FACE('',(#5959),#5984,.T.);
#5959 = FACE_BOUND('',#5960,.T.);
#5960 = EDGE_LOOP('',(#5961,#5962,#5970,#5978));
#5961 = ORIENTED_EDGE('',*,*,#5924,.F.);
#5962 = ORIENTED_EDGE('',*,*,#5963,.F.);
#5963 = EDGE_CURVE('',#5964,#5925,#5966,.T.);
#5964 = VERTEX_POINT('',#5965);
#5965 = CARTESIAN_POINT('',(-85.,48.,371.));
#5966 = LINE('',#5967,#5968);
#5967 = CARTESIAN_POINT('',(-85.,48.,368.75));
#5968 = VECTOR('',#5969,1.);
#5969 = DIRECTION('',(-0.,0.,-1.));
#5970 = ORIENTED_EDGE('',*,*,#5971,.T.);
#5971 = EDGE_CURVE('',#5964,#5972,#5974,.T.);
#5972 = VERTEX_POINT('',#5973);
#5973 = CARTESIAN_POINT('',(-32.,48.,371.));
#5974 = LINE('',#5975,#5976);
#5975 = CARTESIAN_POINT('',(-118.,48.,371.));
#5976 = VECTOR('',#5977,1.);
#5977 = DIRECTION('',(1.,0.,-0.));
#5978 = ORIENTED_EDGE('',*,*,#5979,.F.);
#5979 = EDGE_CURVE('',#5917,#5972,#5980,.T.);
#5980 = LINE('',#5981,#5982);
#5981 = CARTESIAN_POINT('',(-32.,48.,369.));
#5982 = VECTOR('',#5983,1.);
#5983 = DIRECTION('',(0.,0.,1.));
#5984 = PLANE('',#5985);
#5985 = AXIS2_PLACEMENT_3D('',#5986,#5987,#5988);
#5986 = CARTESIAN_POINT('',(-118.,48.,369.));
#5987 = DIRECTION('',(-0.,1.,0.));
#5988 = DIRECTION('',(0.,0.,1.));
#5989 = ADVANCED_FACE('',(#5990),#6008,.T.);
#5990 = FACE_BOUND('',#5991,.T.);
#5991 = EDGE_LOOP('',(#5992,#6000,#6001,#6002));
#5992 = ORIENTED_EDGE('',*,*,#5993,.F.);
#5993 = EDGE_CURVE('',#5909,#5994,#5996,.T.);
#5994 = VERTEX_POINT('',#5995);
#5995 = CARTESIAN_POINT('',(-32.,-48.,371.));
#5996 = LINE('',#5997,#5998);
#5997 = CARTESIAN_POINT('',(-32.,-48.,369.));
#5998 = VECTOR('',#5999,1.);
#5999 = DIRECTION('',(0.,0.,1.));
#6000 = ORIENTED_EDGE('',*,*,#5916,.T.);
#6001 = ORIENTED_EDGE('',*,*,#5979,.T.);
#6002 = ORIENTED_EDGE('',*,*,#6003,.F.);
#6003 = EDGE_CURVE('',#5994,#5972,#6004,.T.);
#6004 = LINE('',#6005,#6006);
#6005 = CARTESIAN_POINT('',(-32.,-48.,371.));
#6006 = VECTOR('',#6007,1.);
#6007 = DIRECTION('',(-0.,1.,0.));
#6008 = PLANE('',#6009);
#6009 = AXIS2_PLACEMENT_3D('',#6010,#6011,#6012);
#6010 = CARTESIAN_POINT('',(-32.,-48.,369.));
#6011 = DIRECTION('',(1.,0.,-0.));
#6012 = DIRECTION('',(0.,0.,1.));
#6013 = ADVANCED_FACE('',(#6014),#6032,.F.);
#6014 = FACE_BOUND('',#6015,.F.);
#6015 = EDGE_LOOP('',(#6016,#6017,#6025,#6031));
#6016 = ORIENTED_EDGE('',*,*,#5908,.F.);
#6017 = ORIENTED_EDGE('',*,*,#6018,.F.);
#6018 = EDGE_CURVE('',#6019,#5901,#6021,.T.);
#6019 = VERTEX_POINT('',#6020);
#6020 = CARTESIAN_POINT('',(-85.,-48.,371.));
#6021 = LINE('',#6022,#6023);
#6022 = CARTESIAN_POINT('',(-85.,-48.,368.75));
#6023 = VECTOR('',#6024,1.);
#6024 = DIRECTION('',(-0.,0.,-1.));
#6025 = ORIENTED_EDGE('',*,*,#6026,.T.);
#6026 = EDGE_CURVE('',#6019,#5994,#6027,.T.);
#6027 = LINE('',#6028,#6029);
#6028 = CARTESIAN_POINT('',(-118.,-48.,371.));
#6029 = VECTOR('',#6030,1.);
#6030 = DIRECTION('',(1.,0.,-0.));
#6031 = ORIENTED_EDGE('',*,*,#5993,.F.);
#6032 = PLANE('',#6033);
#6033 = AXIS2_PLACEMENT_3D('',#6034,#6035,#6036);
#6034 = CARTESIAN_POINT('',(-118.,-48.,369.));
#6035 = DIRECTION('',(-0.,1.,0.));
#6036 = DIRECTION('',(0.,0.,1.));
#6037 = ADVANCED_FACE('',(#6038),#6063,.F.);
#6038 = FACE_BOUND('',#6039,.F.);
#6039 = EDGE_LOOP('',(#6040,#6048,#6056,#6062));
#6040 = ORIENTED_EDGE('',*,*,#6041,.F.);
#6041 = EDGE_CURVE('',#6042,#5933,#6044,.T.);
#6042 = VERTEX_POINT('',#6043);
#6043 = CARTESIAN_POINT('',(-85.,45.,368.5));
#6044 = LINE('',#6045,#6046);
#6045 = CARTESIAN_POINT('',(-85.,45.,368.5));
#6046 = VECTOR('',#6047,1.);
#6047 = DIRECTION('',(0.,0.,1.));
#6048 = ORIENTED_EDGE('',*,*,#6049,.F.);
#6049 = EDGE_CURVE('',#6050,#6042,#6052,.T.);
#6050 = VERTEX_POINT('',#6051);
#6051 = CARTESIAN_POINT('',(-115.,45.,368.5));
#6052 = LINE('',#6053,#6054);
#6053 = CARTESIAN_POINT('',(-115.,45.,368.5));
#6054 = VECTOR('',#6055,1.);
#6055 = DIRECTION('',(1.,0.,-0.));
#6056 = ORIENTED_EDGE('',*,*,#6057,.T.);
#6057 = EDGE_CURVE('',#6050,#5941,#6058,.T.);
#6058 = LINE('',#6059,#6060);
#6059 = CARTESIAN_POINT('',(-115.,45.,368.5));
#6060 = VECTOR('',#6061,1.);
#6061 = DIRECTION('',(0.,0.,1.));
#6062 = ORIENTED_EDGE('',*,*,#5940,.F.);
#6063 = PLANE('',#6064);
#6064 = AXIS2_PLACEMENT_3D('',#6065,#6066,#6067);
#6065 = CARTESIAN_POINT('',(-115.,45.,368.5));
#6066 = DIRECTION('',(-0.,1.,0.));
#6067 = DIRECTION('',(0.,0.,1.));
#6068 = ADVANCED_FACE('',(#6069),#6094,.T.);
#6069 = FACE_BOUND('',#6070,.T.);
#6070 = EDGE_LOOP('',(#6071,#6079,#6087,#6093));
#6071 = ORIENTED_EDGE('',*,*,#6072,.F.);
#6072 = EDGE_CURVE('',#6073,#5893,#6075,.T.);
#6073 = VERTEX_POINT('',#6074);
#6074 = CARTESIAN_POINT('',(-85.,-45.,368.5));
#6075 = LINE('',#6076,#6077);
#6076 = CARTESIAN_POINT('',(-85.,-45.,368.5));
#6077 = VECTOR('',#6078,1.);
#6078 = DIRECTION('',(0.,0.,1.));
#6079 = ORIENTED_EDGE('',*,*,#6080,.F.);
#6080 = EDGE_CURVE('',#6081,#6073,#6083,.T.);
#6081 = VERTEX_POINT('',#6082);
#6082 = CARTESIAN_POINT('',(-115.,-45.,368.5));
#6083 = LINE('',#6084,#6085);
#6084 = CARTESIAN_POINT('',(-115.,-45.,368.5));
#6085 = VECTOR('',#6086,1.);
#6086 = DIRECTION('',(1.,0.,-0.));
#6087 = ORIENTED_EDGE('',*,*,#6088,.T.);
#6088 = EDGE_CURVE('',#6081,#5885,#6089,.T.);
#6089 = LINE('',#6090,#6091);
#6090 = CARTESIAN_POINT('',(-115.,-45.,368.5));
#6091 = VECTOR('',#6092,1.);
#6092 = DIRECTION('',(0.,0.,1.));
#6093 = ORIENTED_EDGE('',*,*,#5892,.F.);
#6094 = PLANE('',#6095);
#6095 = AXIS2_PLACEMENT_3D('',#6096,#6097,#6098);
#6096 = CARTESIAN_POINT('',(-115.,-45.,368.5));
#6097 = DIRECTION('',(-0.,1.,0.));
#6098 = DIRECTION('',(0.,0.,1.));
#6099 = ADVANCED_FACE('',(#6100),#6125,.F.);
#6100 = FACE_BOUND('',#6101,.F.);
#6101 = EDGE_LOOP('',(#6102,#6110,#6118,#6124));
#6102 = ORIENTED_EDGE('',*,*,#6103,.F.);
#6103 = EDGE_CURVE('',#6104,#6081,#6106,.T.);
#6104 = VERTEX_POINT('',#6105);
#6105 = CARTESIAN_POINT('',(-115.,-69.,368.5));
#6106 = LINE('',#6107,#6108);
#6107 = CARTESIAN_POINT('',(-115.,-74.,368.5));
#6108 = VECTOR('',#6109,1.);
#6109 = DIRECTION('',(-0.,1.,0.));
#6110 = ORIENTED_EDGE('',*,*,#6111,.F.);
#6111 = EDGE_CURVE('',#6112,#6104,#6114,.T.);
#6112 = VERTEX_POINT('',#6113);
#6113 = CARTESIAN_POINT('',(-85.,-69.,368.5));
#6114 = LINE('',#6115,#6116);
#6115 = CARTESIAN_POINT('',(-115.,-69.,368.5));
#6116 = VECTOR('',#6117,1.);
#6117 = DIRECTION('',(-1.,-0.,0.));
#6118 = ORIENTED_EDGE('',*,*,#6119,.T.);
#6119 = EDGE_CURVE('',#6112,#6073,#6120,.T.);
#6120 = LINE('',#6121,#6122);
#6121 = CARTESIAN_POINT('',(-85.,-74.,368.5));
#6122 = VECTOR('',#6123,1.);
#6123 = DIRECTION('',(-0.,1.,0.));
#6124 = ORIENTED_EDGE('',*,*,#6080,.F.);
#6125 = PLANE('',#6126);
#6126 = AXIS2_PLACEMENT_3D('',#6127,#6128,#6129);
#6127 = CARTESIAN_POINT('',(-115.,-74.,368.5));
#6128 = DIRECTION('',(0.,0.,1.));
#6129 = DIRECTION('',(1.,0.,-0.));
#6130 = ADVANCED_FACE('',(#6131),#6156,.F.);
#6131 = FACE_BOUND('',#6132,.F.);
#6132 = EDGE_LOOP('',(#6133,#6141,#6142,#6150));
#6133 = ORIENTED_EDGE('',*,*,#6134,.F.);
#6134 = EDGE_CURVE('',#6050,#6135,#6137,.T.);
#6135 = VERTEX_POINT('',#6136);
#6136 = CARTESIAN_POINT('',(-115.,69.,368.5));
#6137 = LINE('',#6138,#6139);
#6138 = CARTESIAN_POINT('',(-115.,45.,368.5));
#6139 = VECTOR('',#6140,1.);
#6140 = DIRECTION('',(-0.,1.,0.));
#6141 = ORIENTED_EDGE('',*,*,#6049,.T.);
#6142 = ORIENTED_EDGE('',*,*,#6143,.T.);
#6143 = EDGE_CURVE('',#6042,#6144,#6146,.T.);
#6144 = VERTEX_POINT('',#6145);
#6145 = CARTESIAN_POINT('',(-85.,69.,368.5));
#6146 = LINE('',#6147,#6148);
#6147 = CARTESIAN_POINT('',(-85.,45.,368.5));
#6148 = VECTOR('',#6149,1.);
#6149 = DIRECTION('',(-0.,1.,0.));
#6150 = ORIENTED_EDGE('',*,*,#6151,.T.);
#6151 = EDGE_CURVE('',#6144,#6135,#6152,.T.);
#6152 = LINE('',#6153,#6154);
#6153 = CARTESIAN_POINT('',(-115.,69.,368.5));
#6154 = VECTOR('',#6155,1.);
#6155 = DIRECTION('',(-1.,-0.,0.));
#6156 = PLANE('',#6157);
#6157 = AXIS2_PLACEMENT_3D('',#6158,#6159,#6160);
#6158 = CARTESIAN_POINT('',(-115.,45.,368.5));
#6159 = DIRECTION('',(0.,0.,1.));
#6160 = DIRECTION('',(1.,0.,-0.));
#6161 = ADVANCED_FACE('',(#6162,#6187),#6198,.T.);
#6162 = FACE_BOUND('',#6163,.T.);
#6163 = EDGE_LOOP('',(#6164,#6172,#6180,#6186));
#6164 = ORIENTED_EDGE('',*,*,#6165,.F.);
#6165 = EDGE_CURVE('',#6166,#6112,#6168,.T.);
#6166 = VERTEX_POINT('',#6167);
#6167 = CARTESIAN_POINT('',(-85.,-69.,344.));
#6168 = LINE('',#6169,#6170);
#6169 = CARTESIAN_POINT('',(-85.,-69.,344.));
#6170 = VECTOR('',#6171,1.);
#6171 = DIRECTION('',(0.,0.,1.));
#6172 = ORIENTED_EDGE('',*,*,#6173,.F.);
#6173 = EDGE_CURVE('',#6174,#6166,#6176,.T.);
#6174 = VERTEX_POINT('',#6175);
#6175 = CARTESIAN_POINT('',(-115.,-69.,344.));
#6176 = LINE('',#6177,#6178);
#6177 = CARTESIAN_POINT('',(-115.,-69.,344.));
#6178 = VECTOR('',#6179,1.);
#6179 = DIRECTION('',(1.,0.,-0.));
#6180 = ORIENTED_EDGE('',*,*,#6181,.T.);
#6181 = EDGE_CURVE('',#6174,#6104,#6182,.T.);
#6182 = LINE('',#6183,#6184);
#6183 = CARTESIAN_POINT('',(-115.,-69.,344.));
#6184 = VECTOR('',#6185,1.);
#6185 = DIRECTION('',(0.,0.,1.));
#6186 = ORIENTED_EDGE('',*,*,#6111,.F.);
#6187 = FACE_BOUND('',#6188,.T.);
#6188 = EDGE_LOOP('',(#6189));
#6189 = ORIENTED_EDGE('',*,*,#6190,.F.);
#6190 = EDGE_CURVE('',#6191,#6191,#6193,.T.);
#6191 = VERTEX_POINT('',#6192);
#6192 = CARTESIAN_POINT('',(-100.3,-69.,363.2));
#6193 = CIRCLE('',#6194,4.2);
#6194 = AXIS2_PLACEMENT_3D('',#6195,#6196,#6197);
#6195 = CARTESIAN_POINT('',(-100.3,-69.,359.));
#6196 = DIRECTION('',(0.,1.,0.));
#6197 = DIRECTION('',(0.,-0.,1.));
#6198 = PLANE('',#6199);
#6199 = AXIS2_PLACEMENT_3D('',#6200,#6201,#6202);
#6200 = CARTESIAN_POINT('',(-115.,-69.,344.));
#6201 = DIRECTION('',(-0.,1.,0.));
#6202 = DIRECTION('',(0.,0.,1.));
#6203 = ADVANCED_FACE('',(#6204,#6229),#6240,.F.);
#6204 = FACE_BOUND('',#6205,.F.);
#6205 = EDGE_LOOP('',(#6206,#6214,#6222,#6228));
#6206 = ORIENTED_EDGE('',*,*,#6207,.F.);
#6207 = EDGE_CURVE('',#6208,#6144,#6210,.T.);
#6208 = VERTEX_POINT('',#6209);
#6209 = CARTESIAN_POINT('',(-85.,69.,344.));
#6210 = LINE('',#6211,#6212);
#6211 = CARTESIAN_POINT('',(-85.,69.,344.));
#6212 = VECTOR('',#6213,1.);
#6213 = DIRECTION('',(0.,0.,1.));
#6214 = ORIENTED_EDGE('',*,*,#6215,.F.);
#6215 = EDGE_CURVE('',#6216,#6208,#6218,.T.);
#6216 = VERTEX_POINT('',#6217);
#6217 = CARTESIAN_POINT('',(-115.,69.,344.));
#6218 = LINE('',#6219,#6220);
#6219 = CARTESIAN_POINT('',(-115.,69.,344.));
#6220 = VECTOR('',#6221,1.);
#6221 = DIRECTION('',(1.,0.,-0.));
#6222 = ORIENTED_EDGE('',*,*,#6223,.T.);
#6223 = EDGE_CURVE('',#6216,#6135,#6224,.T.);
#6224 = LINE('',#6225,#6226);
#6225 = CARTESIAN_POINT('',(-115.,69.,344.));
#6226 = VECTOR('',#6227,1.);
#6227 = DIRECTION('',(0.,0.,1.));
#6228 = ORIENTED_EDGE('',*,*,#6151,.F.);
#6229 = FACE_BOUND('',#6230,.F.);
#6230 = EDGE_LOOP('',(#6231));
#6231 = ORIENTED_EDGE('',*,*,#6232,.F.);
#6232 = EDGE_CURVE('',#6233,#6233,#6235,.T.);
#6233 = VERTEX_POINT('',#6234);
#6234 = CARTESIAN_POINT('',(-100.3,69.,363.2));
#6235 = CIRCLE('',#6236,4.2);
#6236 = AXIS2_PLACEMENT_3D('',#6237,#6238,#6239);
#6237 = CARTESIAN_POINT('',(-100.3,69.,359.));
#6238 = DIRECTION('',(0.,1.,0.));
#6239 = DIRECTION('',(0.,-0.,1.));
#6240 = PLANE('',#6241);
#6241 = AXIS2_PLACEMENT_3D('',#6242,#6243,#6244);
#6242 = CARTESIAN_POINT('',(-115.,69.,344.));
#6243 = DIRECTION('',(-0.,1.,0.));
#6244 = DIRECTION('',(0.,0.,1.));
#6245 = ADVANCED_FACE('',(#6246),#6271,.F.);
#6246 = FACE_BOUND('',#6247,.F.);
#6247 = EDGE_LOOP('',(#6248,#6256,#6264,#6270));
#6248 = ORIENTED_EDGE('',*,*,#6249,.F.);
#6249 = EDGE_CURVE('',#6250,#6174,#6252,.T.);
#6250 = VERTEX_POINT('',#6251);
#6251 = CARTESIAN_POINT('',(-115.,-74.,344.));
#6252 = LINE('',#6253,#6254);
#6253 = CARTESIAN_POINT('',(-115.,-74.,344.));
#6254 = VECTOR('',#6255,1.);
#6255 = DIRECTION('',(-0.,1.,0.));
#6256 = ORIENTED_EDGE('',*,*,#6257,.T.);
#6257 = EDGE_CURVE('',#6250,#6258,#6260,.T.);
#6258 = VERTEX_POINT('',#6259);
#6259 = CARTESIAN_POINT('',(-85.,-74.,344.));
#6260 = LINE('',#6261,#6262);
#6261 = CARTESIAN_POINT('',(-115.,-74.,344.));
#6262 = VECTOR('',#6263,1.);
#6263 = DIRECTION('',(1.,0.,-0.));
#6264 = ORIENTED_EDGE('',*,*,#6265,.T.);
#6265 = EDGE_CURVE('',#6258,#6166,#6266,.T.);
#6266 = LINE('',#6267,#6268);
#6267 = CARTESIAN_POINT('',(-85.,-74.,344.));
#6268 = VECTOR('',#6269,1.);
#6269 = DIRECTION('',(-0.,1.,0.));
#6270 = ORIENTED_EDGE('',*,*,#6173,.F.);
#6271 = PLANE('',#6272);
#6272 = AXIS2_PLACEMENT_3D('',#6273,#6274,#6275);
#6273 = CARTESIAN_POINT('',(-115.,-74.,344.));
#6274 = DIRECTION('',(0.,0.,1.));
#6275 = DIRECTION('',(1.,0.,-0.));
#6276 = ADVANCED_FACE('',(#6277),#6296,.F.);
#6277 = FACE_BOUND('',#6278,.F.);
#6278 = EDGE_LOOP('',(#6279,#6280,#6288,#6295));
#6279 = ORIENTED_EDGE('',*,*,#6190,.F.);
#6280 = ORIENTED_EDGE('',*,*,#6281,.F.);
#6281 = EDGE_CURVE('',#6282,#6191,#6284,.T.);
#6282 = VERTEX_POINT('',#6283);
#6283 = CARTESIAN_POINT('',(-100.3,-74.,363.2));
#6284 = LINE('',#6285,#6286);
#6285 = CARTESIAN_POINT('',(-100.3,-75.,363.2));
#6286 = VECTOR('',#6287,1.);
#6287 = DIRECTION('',(0.,1.,0.));
#6288 = ORIENTED_EDGE('',*,*,#6289,.T.);
#6289 = EDGE_CURVE('',#6282,#6282,#6290,.T.);
#6290 = CIRCLE('',#6291,4.2);
#6291 = AXIS2_PLACEMENT_3D('',#6292,#6293,#6294);
#6292 = CARTESIAN_POINT('',(-100.3,-74.,359.));
#6293 = DIRECTION('',(0.,1.,0.));
#6294 = DIRECTION('',(0.,-0.,1.));
#6295 = ORIENTED_EDGE('',*,*,#6281,.T.);
#6296 = CYLINDRICAL_SURFACE('',#6297,4.2);
#6297 = AXIS2_PLACEMENT_3D('',#6298,#6299,#6300);
#6298 = CARTESIAN_POINT('',(-100.3,-75.,359.));
#6299 = DIRECTION('',(0.,1.,0.));
#6300 = DIRECTION('',(0.,-0.,1.));
#6301 = ADVANCED_FACE('',(#6302),#6327,.F.);
#6302 = FACE_BOUND('',#6303,.F.);
#6303 = EDGE_LOOP('',(#6304,#6312,#6313,#6321));
#6304 = ORIENTED_EDGE('',*,*,#6305,.F.);
#6305 = EDGE_CURVE('',#6216,#6306,#6308,.T.);
#6306 = VERTEX_POINT('',#6307);
#6307 = CARTESIAN_POINT('',(-115.,74.,344.));
#6308 = LINE('',#6309,#6310);
#6309 = CARTESIAN_POINT('',(-115.,69.,344.));
#6310 = VECTOR('',#6311,1.);
#6311 = DIRECTION('',(-0.,1.,0.));
#6312 = ORIENTED_EDGE('',*,*,#6215,.T.);
#6313 = ORIENTED_EDGE('',*,*,#6314,.T.);
#6314 = EDGE_CURVE('',#6208,#6315,#6317,.T.);
#6315 = VERTEX_POINT('',#6316);
#6316 = CARTESIAN_POINT('',(-85.,74.,344.));
#6317 = LINE('',#6318,#6319);
#6318 = CARTESIAN_POINT('',(-85.,69.,344.));
#6319 = VECTOR('',#6320,1.);
#6320 = DIRECTION('',(-0.,1.,0.));
#6321 = ORIENTED_EDGE('',*,*,#6322,.F.);
#6322 = EDGE_CURVE('',#6306,#6315,#6323,.T.);
#6323 = LINE('',#6324,#6325);
#6324 = CARTESIAN_POINT('',(-115.,74.,344.));
#6325 = VECTOR('',#6326,1.);
#6326 = DIRECTION('',(1.,0.,-0.));
#6327 = PLANE('',#6328);
#6328 = AXIS2_PLACEMENT_3D('',#6329,#6330,#6331);
#6329 = CARTESIAN_POINT('',(-115.,69.,344.));
#6330 = DIRECTION('',(0.,0.,1.));
#6331 = DIRECTION('',(1.,0.,-0.));
#6332 = ADVANCED_FACE('',(#6333),#6352,.F.);
#6333 = FACE_BOUND('',#6334,.F.);
#6334 = EDGE_LOOP('',(#6335,#6344,#6350,#6351));
#6335 = ORIENTED_EDGE('',*,*,#6336,.F.);
#6336 = EDGE_CURVE('',#6337,#6337,#6339,.T.);
#6337 = VERTEX_POINT('',#6338);
#6338 = CARTESIAN_POINT('',(-100.3,74.,363.2));
#6339 = CIRCLE('',#6340,4.2);
#6340 = AXIS2_PLACEMENT_3D('',#6341,#6342,#6343);
#6341 = CARTESIAN_POINT('',(-100.3,74.,359.));
#6342 = DIRECTION('',(0.,1.,0.));
#6343 = DIRECTION('',(0.,-0.,1.));
#6344 = ORIENTED_EDGE('',*,*,#6345,.F.);
#6345 = EDGE_CURVE('',#6233,#6337,#6346,.T.);
#6346 = LINE('',#6347,#6348);
#6347 = CARTESIAN_POINT('',(-100.3,68.,363.2));
#6348 = VECTOR('',#6349,1.);
#6349 = DIRECTION('',(0.,1.,0.));
#6350 = ORIENTED_EDGE('',*,*,#6232,.T.);
#6351 = ORIENTED_EDGE('',*,*,#6345,.T.);
#6352 = CYLINDRICAL_SURFACE('',#6353,4.2);
#6353 = AXIS2_PLACEMENT_3D('',#6354,#6355,#6356);
#6354 = CARTESIAN_POINT('',(-100.3,68.,359.));
#6355 = DIRECTION('',(0.,1.,0.));
#6356 = DIRECTION('',(0.,-0.,1.));
#6357 = ADVANCED_FACE('',(#6358),#6410,.T.);
#6358 = FACE_BOUND('',#6359,.T.);
#6359 = EDGE_LOOP('',(#6360,#6361,#6362,#6363,#6371,#6379,#6385,#6386,
    #6387,#6388,#6396,#6404));
#6360 = ORIENTED_EDGE('',*,*,#5859,.F.);
#6361 = ORIENTED_EDGE('',*,*,#5805,.F.);
#6362 = ORIENTED_EDGE('',*,*,#5828,.T.);
#6363 = ORIENTED_EDGE('',*,*,#6364,.F.);
#6364 = EDGE_CURVE('',#6365,#5829,#6367,.T.);
#6365 = VERTEX_POINT('',#6366);
#6366 = CARTESIAN_POINT('',(-115.,-69.,371.));
#6367 = LINE('',#6368,#6369);
#6368 = CARTESIAN_POINT('',(-115.,-74.,371.));
#6369 = VECTOR('',#6370,1.);
#6370 = DIRECTION('',(-0.,1.,0.));
#6371 = ORIENTED_EDGE('',*,*,#6372,.F.);
#6372 = EDGE_CURVE('',#6373,#6365,#6375,.T.);
#6373 = VERTEX_POINT('',#6374);
#6374 = CARTESIAN_POINT('',(-85.,-69.,371.));
#6375 = LINE('',#6376,#6377);
#6376 = CARTESIAN_POINT('',(-115.,-69.,371.));
#6377 = VECTOR('',#6378,1.);
#6378 = DIRECTION('',(-1.,-0.,0.));
#6379 = ORIENTED_EDGE('',*,*,#6380,.T.);
#6380 = EDGE_CURVE('',#6373,#6019,#6381,.T.);
#6381 = LINE('',#6382,#6383);
#6382 = CARTESIAN_POINT('',(-85.,-74.,371.));
#6383 = VECTOR('',#6384,1.);
#6384 = DIRECTION('',(-0.,1.,0.));
#6385 = ORIENTED_EDGE('',*,*,#6026,.T.);
#6386 = ORIENTED_EDGE('',*,*,#6003,.T.);
#6387 = ORIENTED_EDGE('',*,*,#5971,.F.);
#6388 = ORIENTED_EDGE('',*,*,#6389,.T.);
#6389 = EDGE_CURVE('',#5964,#6390,#6392,.T.);
#6390 = VERTEX_POINT('',#6391);
#6391 = CARTESIAN_POINT('',(-85.,69.,371.));
#6392 = LINE('',#6393,#6394);
#6393 = CARTESIAN_POINT('',(-85.,45.,371.));
#6394 = VECTOR('',#6395,1.);
#6395 = DIRECTION('',(-0.,1.,0.));
#6396 = ORIENTED_EDGE('',*,*,#6397,.T.);
#6397 = EDGE_CURVE('',#6390,#6398,#6400,.T.);
#6398 = VERTEX_POINT('',#6399);
#6399 = CARTESIAN_POINT('',(-115.,69.,371.));
#6400 = LINE('',#6401,#6402);
#6401 = CARTESIAN_POINT('',(-115.,69.,371.));
#6402 = VECTOR('',#6403,1.);
#6403 = DIRECTION('',(-1.,-0.,0.));
#6404 = ORIENTED_EDGE('',*,*,#6405,.F.);
#6405 = EDGE_CURVE('',#5860,#6398,#6406,.T.);
#6406 = LINE('',#6407,#6408);
#6407 = CARTESIAN_POINT('',(-115.,45.,371.));
#6408 = VECTOR('',#6409,1.);
#6409 = DIRECTION('',(-0.,1.,0.));
#6410 = PLANE('',#6411);
#6411 = AXIS2_PLACEMENT_3D('',#6412,#6413,#6414);
#6412 = CARTESIAN_POINT('',(-79.6875,0.,371.));
#6413 = DIRECTION('',(0.,0.,1.));
#6414 = DIRECTION('',(1.,0.,-0.));
#6415 = ADVANCED_FACE('',(#6416),#6441,.T.);
#6416 = FACE_BOUND('',#6417,.T.);
#6417 = EDGE_LOOP('',(#6418,#6426,#6427,#6435));
#6418 = ORIENTED_EDGE('',*,*,#6419,.F.);
#6419 = EDGE_CURVE('',#6373,#6420,#6422,.T.);
#6420 = VERTEX_POINT('',#6421);
#6421 = CARTESIAN_POINT('',(-85.,-69.,374.));
#6422 = LINE('',#6423,#6424);
#6423 = CARTESIAN_POINT('',(-85.,-69.,344.));
#6424 = VECTOR('',#6425,1.);
#6425 = DIRECTION('',(0.,0.,1.));
#6426 = ORIENTED_EDGE('',*,*,#6372,.T.);
#6427 = ORIENTED_EDGE('',*,*,#6428,.T.);
#6428 = EDGE_CURVE('',#6365,#6429,#6431,.T.);
#6429 = VERTEX_POINT('',#6430);
#6430 = CARTESIAN_POINT('',(-115.,-69.,374.));
#6431 = LINE('',#6432,#6433);
#6432 = CARTESIAN_POINT('',(-115.,-69.,344.));
#6433 = VECTOR('',#6434,1.);
#6434 = DIRECTION('',(0.,0.,1.));
#6435 = ORIENTED_EDGE('',*,*,#6436,.T.);
#6436 = EDGE_CURVE('',#6429,#6420,#6437,.T.);
#6437 = LINE('',#6438,#6439);
#6438 = CARTESIAN_POINT('',(-115.,-69.,374.));
#6439 = VECTOR('',#6440,1.);
#6440 = DIRECTION('',(1.,0.,-0.));
#6441 = PLANE('',#6442);
#6442 = AXIS2_PLACEMENT_3D('',#6443,#6444,#6445);
#6443 = CARTESIAN_POINT('',(-115.,-69.,344.));
#6444 = DIRECTION('',(-0.,1.,0.));
#6445 = DIRECTION('',(0.,0.,1.));
#6446 = ADVANCED_FACE('',(#6447),#6472,.T.);
#6447 = FACE_BOUND('',#6448,.T.);
#6448 = EDGE_LOOP('',(#6449,#6457,#6465,#6471));
#6449 = ORIENTED_EDGE('',*,*,#6450,.F.);
#6450 = EDGE_CURVE('',#6451,#6429,#6453,.T.);
#6451 = VERTEX_POINT('',#6452);
#6452 = CARTESIAN_POINT('',(-115.,-74.,374.));
#6453 = LINE('',#6454,#6455);
#6454 = CARTESIAN_POINT('',(-115.,-74.,374.));
#6455 = VECTOR('',#6456,1.);
#6456 = DIRECTION('',(-0.,1.,0.));
#6457 = ORIENTED_EDGE('',*,*,#6458,.T.);
#6458 = EDGE_CURVE('',#6451,#6459,#6461,.T.);
#6459 = VERTEX_POINT('',#6460);
#6460 = CARTESIAN_POINT('',(-85.,-74.,374.));
#6461 = LINE('',#6462,#6463);
#6462 = CARTESIAN_POINT('',(-115.,-74.,374.));
#6463 = VECTOR('',#6464,1.);
#6464 = DIRECTION('',(1.,0.,-0.));
#6465 = ORIENTED_EDGE('',*,*,#6466,.T.);
#6466 = EDGE_CURVE('',#6459,#6420,#6467,.T.);
#6467 = LINE('',#6468,#6469);
#6468 = CARTESIAN_POINT('',(-85.,-74.,374.));
#6469 = VECTOR('',#6470,1.);
#6470 = DIRECTION('',(-0.,1.,0.));
#6471 = ORIENTED_EDGE('',*,*,#6436,.F.);
#6472 = PLANE('',#6473);
#6473 = AXIS2_PLACEMENT_3D('',#6474,#6475,#6476);
#6474 = CARTESIAN_POINT('',(-115.,-74.,374.));
#6475 = DIRECTION('',(0.,0.,1.));
#6476 = DIRECTION('',(1.,0.,-0.));
#6477 = ADVANCED_FACE('',(#6478),#6503,.F.);
#6478 = FACE_BOUND('',#6479,.F.);
#6479 = EDGE_LOOP('',(#6480,#6488,#6489,#6497));
#6480 = ORIENTED_EDGE('',*,*,#6481,.F.);
#6481 = EDGE_CURVE('',#6390,#6482,#6484,.T.);
#6482 = VERTEX_POINT('',#6483);
#6483 = CARTESIAN_POINT('',(-85.,69.,374.));
#6484 = LINE('',#6485,#6486);
#6485 = CARTESIAN_POINT('',(-85.,69.,344.));
#6486 = VECTOR('',#6487,1.);
#6487 = DIRECTION('',(0.,0.,1.));
#6488 = ORIENTED_EDGE('',*,*,#6397,.T.);
#6489 = ORIENTED_EDGE('',*,*,#6490,.T.);
#6490 = EDGE_CURVE('',#6398,#6491,#6493,.T.);
#6491 = VERTEX_POINT('',#6492);
#6492 = CARTESIAN_POINT('',(-115.,69.,374.));
#6493 = LINE('',#6494,#6495);
#6494 = CARTESIAN_POINT('',(-115.,69.,344.));
#6495 = VECTOR('',#6496,1.);
#6496 = DIRECTION('',(0.,0.,1.));
#6497 = ORIENTED_EDGE('',*,*,#6498,.T.);
#6498 = EDGE_CURVE('',#6491,#6482,#6499,.T.);
#6499 = LINE('',#6500,#6501);
#6500 = CARTESIAN_POINT('',(-115.,69.,374.));
#6501 = VECTOR('',#6502,1.);
#6502 = DIRECTION('',(1.,0.,-0.));
#6503 = PLANE('',#6504);
#6504 = AXIS2_PLACEMENT_3D('',#6505,#6506,#6507);
#6505 = CARTESIAN_POINT('',(-115.,69.,344.));
#6506 = DIRECTION('',(-0.,1.,0.));
#6507 = DIRECTION('',(0.,0.,1.));
#6508 = ADVANCED_FACE('',(#6509),#6534,.T.);
#6509 = FACE_BOUND('',#6510,.T.);
#6510 = EDGE_LOOP('',(#6511,#6519,#6520,#6528));
#6511 = ORIENTED_EDGE('',*,*,#6512,.F.);
#6512 = EDGE_CURVE('',#6491,#6513,#6515,.T.);
#6513 = VERTEX_POINT('',#6514);
#6514 = CARTESIAN_POINT('',(-115.,74.,374.));
#6515 = LINE('',#6516,#6517);
#6516 = CARTESIAN_POINT('',(-115.,69.,374.));
#6517 = VECTOR('',#6518,1.);
#6518 = DIRECTION('',(-0.,1.,0.));
#6519 = ORIENTED_EDGE('',*,*,#6498,.T.);
#6520 = ORIENTED_EDGE('',*,*,#6521,.T.);
#6521 = EDGE_CURVE('',#6482,#6522,#6524,.T.);
#6522 = VERTEX_POINT('',#6523);
#6523 = CARTESIAN_POINT('',(-85.,74.,374.));
#6524 = LINE('',#6525,#6526);
#6525 = CARTESIAN_POINT('',(-85.,69.,374.));
#6526 = VECTOR('',#6527,1.);
#6527 = DIRECTION('',(-0.,1.,0.));
#6528 = ORIENTED_EDGE('',*,*,#6529,.F.);
#6529 = EDGE_CURVE('',#6513,#6522,#6530,.T.);
#6530 = LINE('',#6531,#6532);
#6531 = CARTESIAN_POINT('',(-115.,74.,374.));
#6532 = VECTOR('',#6533,1.);
#6533 = DIRECTION('',(1.,0.,-0.));
#6534 = PLANE('',#6535);
#6535 = AXIS2_PLACEMENT_3D('',#6536,#6537,#6538);
#6536 = CARTESIAN_POINT('',(-115.,69.,374.));
#6537 = DIRECTION('',(0.,0.,1.));
#6538 = DIRECTION('',(1.,0.,-0.));
#6539 = ADVANCED_FACE('',(#6540),#6557,.T.);
#6540 = FACE_BOUND('',#6541,.T.);
#6541 = EDGE_LOOP('',(#6542,#6543,#6544,#6545,#6546,#6547,#6548,#6549,
    #6555,#6556));
#6542 = ORIENTED_EDGE('',*,*,#6364,.T.);
#6543 = ORIENTED_EDGE('',*,*,#5836,.T.);
#6544 = ORIENTED_EDGE('',*,*,#5884,.T.);
#6545 = ORIENTED_EDGE('',*,*,#6088,.F.);
#6546 = ORIENTED_EDGE('',*,*,#6103,.F.);
#6547 = ORIENTED_EDGE('',*,*,#6181,.F.);
#6548 = ORIENTED_EDGE('',*,*,#6249,.F.);
#6549 = ORIENTED_EDGE('',*,*,#6550,.T.);
#6550 = EDGE_CURVE('',#6250,#6451,#6551,.T.);
#6551 = LINE('',#6552,#6553);
#6552 = CARTESIAN_POINT('',(-115.,-74.,344.));
#6553 = VECTOR('',#6554,1.);
#6554 = DIRECTION('',(0.,0.,1.));
#6555 = ORIENTED_EDGE('',*,*,#6450,.T.);
#6556 = ORIENTED_EDGE('',*,*,#6428,.F.);
#6557 = PLANE('',#6558);
#6558 = AXIS2_PLACEMENT_3D('',#6559,#6560,#6561);
#6559 = CARTESIAN_POINT('',(-115.,-65.14406779661,363.3220338983));
#6560 = DIRECTION('',(-1.,-0.,-0.));
#6561 = DIRECTION('',(0.,0.,-1.));
#6562 = ADVANCED_FACE('',(#6563),#6580,.T.);
#6563 = FACE_BOUND('',#6564,.T.);
#6564 = EDGE_LOOP('',(#6565,#6566,#6567,#6568,#6569,#6570,#6571,#6577,
    #6578,#6579));
#6565 = ORIENTED_EDGE('',*,*,#6057,.T.);
#6566 = ORIENTED_EDGE('',*,*,#5948,.T.);
#6567 = ORIENTED_EDGE('',*,*,#5867,.F.);
#6568 = ORIENTED_EDGE('',*,*,#6405,.T.);
#6569 = ORIENTED_EDGE('',*,*,#6490,.T.);
#6570 = ORIENTED_EDGE('',*,*,#6512,.T.);
#6571 = ORIENTED_EDGE('',*,*,#6572,.F.);
#6572 = EDGE_CURVE('',#6306,#6513,#6573,.T.);
#6573 = LINE('',#6574,#6575);
#6574 = CARTESIAN_POINT('',(-115.,74.,344.));
#6575 = VECTOR('',#6576,1.);
#6576 = DIRECTION('',(0.,0.,1.));
#6577 = ORIENTED_EDGE('',*,*,#6305,.F.);
#6578 = ORIENTED_EDGE('',*,*,#6223,.T.);
#6579 = ORIENTED_EDGE('',*,*,#6134,.F.);
#6580 = PLANE('',#6581);
#6581 = AXIS2_PLACEMENT_3D('',#6582,#6583,#6584);
#6582 = CARTESIAN_POINT('',(-115.,65.14406779661,363.3220338983));
#6583 = DIRECTION('',(-1.,-0.,-0.));
#6584 = DIRECTION('',(0.,0.,-1.));
#6585 = ADVANCED_FACE('',(#6586),#6603,.T.);
#6586 = FACE_BOUND('',#6587,.T.);
#6587 = EDGE_LOOP('',(#6588,#6589,#6590,#6591,#6592,#6598,#6599,#6600,
    #6601,#6602));
#6588 = ORIENTED_EDGE('',*,*,#6041,.F.);
#6589 = ORIENTED_EDGE('',*,*,#6143,.T.);
#6590 = ORIENTED_EDGE('',*,*,#6207,.F.);
#6591 = ORIENTED_EDGE('',*,*,#6314,.T.);
#6592 = ORIENTED_EDGE('',*,*,#6593,.T.);
#6593 = EDGE_CURVE('',#6315,#6522,#6594,.T.);
#6594 = LINE('',#6595,#6596);
#6595 = CARTESIAN_POINT('',(-85.,74.,344.));
#6596 = VECTOR('',#6597,1.);
#6597 = DIRECTION('',(0.,0.,1.));
#6598 = ORIENTED_EDGE('',*,*,#6521,.F.);
#6599 = ORIENTED_EDGE('',*,*,#6481,.F.);
#6600 = ORIENTED_EDGE('',*,*,#6389,.F.);
#6601 = ORIENTED_EDGE('',*,*,#5963,.T.);
#6602 = ORIENTED_EDGE('',*,*,#5932,.F.);
#6603 = PLANE('',#6604);
#6604 = AXIS2_PLACEMENT_3D('',#6605,#6606,#6607);
#6605 = CARTESIAN_POINT('',(-85.,65.14406779661,363.3220338983));
#6606 = DIRECTION('',(1.,0.,0.));
#6607 = DIRECTION('',(-0.,0.,1.));
#6608 = ADVANCED_FACE('',(#6609),#6626,.T.);
#6609 = FACE_BOUND('',#6610,.T.);
#6610 = EDGE_LOOP('',(#6611,#6612,#6613,#6614,#6620,#6621,#6622,#6623,
    #6624,#6625));
#6611 = ORIENTED_EDGE('',*,*,#6380,.F.);
#6612 = ORIENTED_EDGE('',*,*,#6419,.T.);
#6613 = ORIENTED_EDGE('',*,*,#6466,.F.);
#6614 = ORIENTED_EDGE('',*,*,#6615,.F.);
#6615 = EDGE_CURVE('',#6258,#6459,#6616,.T.);
#6616 = LINE('',#6617,#6618);
#6617 = CARTESIAN_POINT('',(-85.,-74.,344.));
#6618 = VECTOR('',#6619,1.);
#6619 = DIRECTION('',(0.,0.,1.));
#6620 = ORIENTED_EDGE('',*,*,#6265,.T.);
#6621 = ORIENTED_EDGE('',*,*,#6165,.T.);
#6622 = ORIENTED_EDGE('',*,*,#6119,.T.);
#6623 = ORIENTED_EDGE('',*,*,#6072,.T.);
#6624 = ORIENTED_EDGE('',*,*,#5900,.F.);
#6625 = ORIENTED_EDGE('',*,*,#6018,.F.);
#6626 = PLANE('',#6627);
#6627 = AXIS2_PLACEMENT_3D('',#6628,#6629,#6630);
#6628 = CARTESIAN_POINT('',(-85.,-65.14406779661,363.3220338983));
#6629 = DIRECTION('',(1.,0.,0.));
#6630 = DIRECTION('',(-0.,0.,1.));
#6631 = ADVANCED_FACE('',(#6632,#6638,#6641),#6652,.T.);
#6632 = FACE_BOUND('',#6633,.T.);
#6633 = EDGE_LOOP('',(#6634,#6635,#6636,#6637));
#6634 = ORIENTED_EDGE('',*,*,#6615,.T.);
#6635 = ORIENTED_EDGE('',*,*,#6458,.F.);
#6636 = ORIENTED_EDGE('',*,*,#6550,.F.);
#6637 = ORIENTED_EDGE('',*,*,#6257,.T.);
#6638 = FACE_BOUND('',#6639,.T.);
#6639 = EDGE_LOOP('',(#6640));
#6640 = ORIENTED_EDGE('',*,*,#6289,.T.);
#6641 = FACE_BOUND('',#6642,.T.);
#6642 = EDGE_LOOP('',(#6643));
#6643 = ORIENTED_EDGE('',*,*,#6644,.T.);
#6644 = EDGE_CURVE('',#6645,#6645,#6647,.T.);
#6645 = VERTEX_POINT('',#6646);
#6646 = CARTESIAN_POINT('',(-93.,-74.,352.6));
#6647 = CIRCLE('',#6648,1.6);
#6648 = AXIS2_PLACEMENT_3D('',#6649,#6650,#6651);
#6649 = CARTESIAN_POINT('',(-93.,-74.,351.));
#6650 = DIRECTION('',(0.,1.,0.));
#6651 = DIRECTION('',(0.,-0.,1.));
#6652 = PLANE('',#6653);
#6653 = AXIS2_PLACEMENT_3D('',#6654,#6655,#6656);
#6654 = CARTESIAN_POINT('',(-100.,-74.,359.));
#6655 = DIRECTION('',(-0.,-1.,-0.));
#6656 = DIRECTION('',(0.,0.,-1.));
#6657 = ADVANCED_FACE('',(#6658),#6677,.T.);
#6658 = FACE_BOUND('',#6659,.T.);
#6659 = EDGE_LOOP('',(#6660,#6661,#6669,#6676));
#6660 = ORIENTED_EDGE('',*,*,#6644,.F.);
#6661 = ORIENTED_EDGE('',*,*,#6662,.F.);
#6662 = EDGE_CURVE('',#6663,#6645,#6665,.T.);
#6663 = VERTEX_POINT('',#6664);
#6664 = CARTESIAN_POINT('',(-93.,-77.4,352.6));
#6665 = LINE('',#6666,#6667);
#6666 = CARTESIAN_POINT('',(-93.,-77.4,352.6));
#6667 = VECTOR('',#6668,1.);
#6668 = DIRECTION('',(0.,1.,0.));
#6669 = ORIENTED_EDGE('',*,*,#6670,.T.);
#6670 = EDGE_CURVE('',#6663,#6663,#6671,.T.);
#6671 = CIRCLE('',#6672,1.6);
#6672 = AXIS2_PLACEMENT_3D('',#6673,#6674,#6675);
#6673 = CARTESIAN_POINT('',(-93.,-77.4,351.));
#6674 = DIRECTION('',(0.,1.,0.));
#6675 = DIRECTION('',(0.,-0.,1.));
#6676 = ORIENTED_EDGE('',*,*,#6662,.T.);
#6677 = CYLINDRICAL_SURFACE('',#6678,1.6);
#6678 = AXIS2_PLACEMENT_3D('',#6679,#6680,#6681);
#6679 = CARTESIAN_POINT('',(-93.,-77.4,351.));
#6680 = DIRECTION('',(0.,1.,0.));
#6681 = DIRECTION('',(0.,-0.,1.));
#6682 = ADVANCED_FACE('',(#6683),#6686,.F.);
#6683 = FACE_BOUND('',#6684,.T.);
#6684 = EDGE_LOOP('',(#6685));
#6685 = ORIENTED_EDGE('',*,*,#6670,.F.);
#6686 = PLANE('',#6687);
#6687 = AXIS2_PLACEMENT_3D('',#6688,#6689,#6690);
#6688 = CARTESIAN_POINT('',(-93.,-77.4,351.));
#6689 = DIRECTION('',(0.,1.,0.));
#6690 = DIRECTION('',(0.,-0.,1.));
#6691 = ADVANCED_FACE('',(#6692,#6698,#6701),#6712,.T.);
#6692 = FACE_BOUND('',#6693,.T.);
#6693 = EDGE_LOOP('',(#6694,#6695,#6696,#6697));
#6694 = ORIENTED_EDGE('',*,*,#6593,.F.);
#6695 = ORIENTED_EDGE('',*,*,#6322,.F.);
#6696 = ORIENTED_EDGE('',*,*,#6572,.T.);
#6697 = ORIENTED_EDGE('',*,*,#6529,.T.);
#6698 = FACE_BOUND('',#6699,.T.);
#6699 = EDGE_LOOP('',(#6700));
#6700 = ORIENTED_EDGE('',*,*,#6336,.F.);
#6701 = FACE_BOUND('',#6702,.T.);
#6702 = EDGE_LOOP('',(#6703));
#6703 = ORIENTED_EDGE('',*,*,#6704,.F.);
#6704 = EDGE_CURVE('',#6705,#6705,#6707,.T.);
#6705 = VERTEX_POINT('',#6706);
#6706 = CARTESIAN_POINT('',(-93.,74.,352.6));
#6707 = CIRCLE('',#6708,1.6);
#6708 = AXIS2_PLACEMENT_3D('',#6709,#6710,#6711);
#6709 = CARTESIAN_POINT('',(-93.,74.,351.));
#6710 = DIRECTION('',(0.,1.,0.));
#6711 = DIRECTION('',(0.,-0.,1.));
#6712 = PLANE('',#6713);
#6713 = AXIS2_PLACEMENT_3D('',#6714,#6715,#6716);
#6714 = CARTESIAN_POINT('',(-100.,74.,359.));
#6715 = DIRECTION('',(0.,1.,0.));
#6716 = DIRECTION('',(0.,-0.,1.));
#6717 = ADVANCED_FACE('',(#6718),#6737,.T.);
#6718 = FACE_BOUND('',#6719,.T.);
#6719 = EDGE_LOOP('',(#6720,#6729,#6735,#6736));
#6720 = ORIENTED_EDGE('',*,*,#6721,.F.);
#6721 = EDGE_CURVE('',#6722,#6722,#6724,.T.);
#6722 = VERTEX_POINT('',#6723);
#6723 = CARTESIAN_POINT('',(-93.,77.4,352.6));
#6724 = CIRCLE('',#6725,1.6);
#6725 = AXIS2_PLACEMENT_3D('',#6726,#6727,#6728);
#6726 = CARTESIAN_POINT('',(-93.,77.4,351.));
#6727 = DIRECTION('',(0.,1.,0.));
#6728 = DIRECTION('',(0.,-0.,1.));
#6729 = ORIENTED_EDGE('',*,*,#6730,.F.);
#6730 = EDGE_CURVE('',#6705,#6722,#6731,.T.);
#6731 = LINE('',#6732,#6733);
#6732 = CARTESIAN_POINT('',(-93.,74.,352.6));
#6733 = VECTOR('',#6734,1.);
#6734 = DIRECTION('',(0.,1.,0.));
#6735 = ORIENTED_EDGE('',*,*,#6704,.T.);
#6736 = ORIENTED_EDGE('',*,*,#6730,.T.);
#6737 = CYLINDRICAL_SURFACE('',#6738,1.6);
#6738 = AXIS2_PLACEMENT_3D('',#6739,#6740,#6741);
#6739 = CARTESIAN_POINT('',(-93.,74.,351.));
#6740 = DIRECTION('',(0.,1.,0.));
#6741 = DIRECTION('',(0.,-0.,1.));
#6742 = ADVANCED_FACE('',(#6743),#6746,.T.);
#6743 = FACE_BOUND('',#6744,.T.);
#6744 = EDGE_LOOP('',(#6745));
#6745 = ORIENTED_EDGE('',*,*,#6721,.T.);
#6746 = PLANE('',#6747);
#6747 = AXIS2_PLACEMENT_3D('',#6748,#6749,#6750);
#6748 = CARTESIAN_POINT('',(-93.,77.4,351.));
#6749 = DIRECTION('',(0.,1.,0.));
#6750 = DIRECTION('',(0.,-0.,1.));
#6751 = ( GEOMETRIC_REPRESENTATION_CONTEXT(3) 
GLOBAL_UNCERTAINTY_ASSIGNED_CONTEXT((#6755)) 
GLOBAL_UNIT_ASSIGNED_CONTEXT((#6752,#6753,#6754)) REPRESENTATION_CONTEXT
('Context #1','3D Context with UNIT and UNCERTAINTY') );
#6752 = ( LENGTH_UNIT() NAMED_UNIT(*) SI_UNIT(.MILLI.,.METRE.) );
#6753 = ( NAMED_UNIT(*) PLANE_ANGLE_UNIT() SI_UNIT($,.RADIAN.) );
#6754 = ( NAMED_UNIT(*) SI_UNIT($,.STERADIAN.) SOLID_ANGLE_UNIT() );
#6755 = UNCERTAINTY_MEASURE_WITH_UNIT(LENGTH_MEASURE(2.E-07),#6752,
  'distance_accuracy_value','confusion accuracy');
#6756 = CONTEXT_DEPENDENT_SHAPE_REPRESENTATION(#6757,#6759);
#6757 = ( REPRESENTATION_RELATIONSHIP('','',#5772,#10) 
REPRESENTATION_RELATIONSHIP_WITH_TRANSFORMATION(#6758) 
SHAPE_REPRESENTATION_RELATIONSHIP() );
#6758 = ITEM_DEFINED_TRANSFORMATION('','',#11,#95);
#6759 = PRODUCT_DEFINITION_SHAPE('Placement','Placement of an item',
  #6760);
#6760 = NEXT_ASSEMBLY_USAGE_OCCURRENCE('448','HOOD_0','',#5,#5767,$);
#6761 = PRODUCT_RELATED_PRODUCT_CATEGORY('part',$,(#5769));
#6762 = SHAPE_DEFINITION_REPRESENTATION(#6763,#6769);
#6763 = PRODUCT_DEFINITION_SHAPE('','',#6764);
#6764 = PRODUCT_DEFINITION('design','',#6765,#6768);
#6765 = PRODUCT_DEFINITION_FORMATION('','',#6766);
#6766 = PRODUCT('HOOD_1','HOOD_1','',(#6767));
#6767 = PRODUCT_CONTEXT('',#2,'mechanical');
#6768 = PRODUCT_DEFINITION_CONTEXT('part definition',#2,'design');
#6769 = ADVANCED_BREP_SHAPE_REPRESENTATION('',(#11,#6770),#6920);
#6770 = MANIFOLD_SOLID_BREP('',#6771);
#6771 = CLOSED_SHELL('',(#6772,#6812,#6852,#6874,#6896,#6908));
#6772 = ADVANCED_FACE('',(#6773),#6807,.F.);
#6773 = FACE_BOUND('',#6774,.F.);
#6774 = EDGE_LOOP('',(#6775,#6785,#6793,#6801));
#6775 = ORIENTED_EDGE('',*,*,#6776,.F.);
#6776 = EDGE_CURVE('',#6777,#6779,#6781,.T.);
#6777 = VERTEX_POINT('',#6778);
#6778 = CARTESIAN_POINT('',(-32.,-48.,366.));
#6779 = VERTEX_POINT('',#6780);
#6780 = CARTESIAN_POINT('',(-32.,-48.,369.));
#6781 = LINE('',#6782,#6783);
#6782 = CARTESIAN_POINT('',(-32.,-48.,366.));
#6783 = VECTOR('',#6784,1.);
#6784 = DIRECTION('',(0.,0.,1.));
#6785 = ORIENTED_EDGE('',*,*,#6786,.T.);
#6786 = EDGE_CURVE('',#6777,#6787,#6789,.T.);
#6787 = VERTEX_POINT('',#6788);
#6788 = CARTESIAN_POINT('',(-32.,48.,366.));
#6789 = LINE('',#6790,#6791);
#6790 = CARTESIAN_POINT('',(-32.,-48.,366.));
#6791 = VECTOR('',#6792,1.);
#6792 = DIRECTION('',(-0.,1.,0.));
#6793 = ORIENTED_EDGE('',*,*,#6794,.T.);
#6794 = EDGE_CURVE('',#6787,#6795,#6797,.T.);
#6795 = VERTEX_POINT('',#6796);
#6796 = CARTESIAN_POINT('',(-32.,48.,369.));
#6797 = LINE('',#6798,#6799);
#6798 = CARTESIAN_POINT('',(-32.,48.,366.));
#6799 = VECTOR('',#6800,1.);
#6800 = DIRECTION('',(0.,0.,1.));
#6801 = ORIENTED_EDGE('',*,*,#6802,.F.);
#6802 = EDGE_CURVE('',#6779,#6795,#6803,.T.);
#6803 = LINE('',#6804,#6805);
#6804 = CARTESIAN_POINT('',(-32.,-48.,369.));
#6805 = VECTOR('',#6806,1.);
#6806 = DIRECTION('',(-0.,1.,0.));
#6807 = PLANE('',#6808);
#6808 = AXIS2_PLACEMENT_3D('',#6809,#6810,#6811);
#6809 = CARTESIAN_POINT('',(-32.,-48.,366.));
#6810 = DIRECTION('',(1.,0.,-0.));
#6811 = DIRECTION('',(0.,0.,1.));
#6812 = ADVANCED_FACE('',(#6813),#6847,.T.);
#6813 = FACE_BOUND('',#6814,.T.);
#6814 = EDGE_LOOP('',(#6815,#6825,#6833,#6841));
#6815 = ORIENTED_EDGE('',*,*,#6816,.F.);
#6816 = EDGE_CURVE('',#6817,#6819,#6821,.T.);
#6817 = VERTEX_POINT('',#6818);
#6818 = CARTESIAN_POINT('',(-2.,-48.,366.));
#6819 = VERTEX_POINT('',#6820);
#6820 = CARTESIAN_POINT('',(-2.,-48.,369.));
#6821 = LINE('',#6822,#6823);
#6822 = CARTESIAN_POINT('',(-2.,-48.,366.));
#6823 = VECTOR('',#6824,1.);
#6824 = DIRECTION('',(0.,0.,1.));
#6825 = ORIENTED_EDGE('',*,*,#6826,.T.);
#6826 = EDGE_CURVE('',#6817,#6827,#6829,.T.);
#6827 = VERTEX_POINT('',#6828);
#6828 = CARTESIAN_POINT('',(-2.,48.,366.));
#6829 = LINE('',#6830,#6831);
#6830 = CARTESIAN_POINT('',(-2.,-48.,366.));
#6831 = VECTOR('',#6832,1.);
#6832 = DIRECTION('',(-0.,1.,0.));
#6833 = ORIENTED_EDGE('',*,*,#6834,.T.);
#6834 = EDGE_CURVE('',#6827,#6835,#6837,.T.);
#6835 = VERTEX_POINT('',#6836);
#6836 = CARTESIAN_POINT('',(-2.,48.,369.));
#6837 = LINE('',#6838,#6839);
#6838 = CARTESIAN_POINT('',(-2.,48.,366.));
#6839 = VECTOR('',#6840,1.);
#6840 = DIRECTION('',(0.,0.,1.));
#6841 = ORIENTED_EDGE('',*,*,#6842,.F.);
#6842 = EDGE_CURVE('',#6819,#6835,#6843,.T.);
#6843 = LINE('',#6844,#6845);
#6844 = CARTESIAN_POINT('',(-2.,-48.,369.));
#6845 = VECTOR('',#6846,1.);
#6846 = DIRECTION('',(-0.,1.,0.));
#6847 = PLANE('',#6848);
#6848 = AXIS2_PLACEMENT_3D('',#6849,#6850,#6851);
#6849 = CARTESIAN_POINT('',(-2.,-48.,366.));
#6850 = DIRECTION('',(1.,0.,-0.));
#6851 = DIRECTION('',(0.,0.,1.));
#6852 = ADVANCED_FACE('',(#6853),#6869,.F.);
#6853 = FACE_BOUND('',#6854,.F.);
#6854 = EDGE_LOOP('',(#6855,#6861,#6862,#6868));
#6855 = ORIENTED_EDGE('',*,*,#6856,.F.);
#6856 = EDGE_CURVE('',#6777,#6817,#6857,.T.);
#6857 = LINE('',#6858,#6859);
#6858 = CARTESIAN_POINT('',(-32.,-48.,366.));
#6859 = VECTOR('',#6860,1.);
#6860 = DIRECTION('',(1.,0.,-0.));
#6861 = ORIENTED_EDGE('',*,*,#6776,.T.);
#6862 = ORIENTED_EDGE('',*,*,#6863,.T.);
#6863 = EDGE_CURVE('',#6779,#6819,#6864,.T.);
#6864 = LINE('',#6865,#6866);
#6865 = CARTESIAN_POINT('',(-32.,-48.,369.));
#6866 = VECTOR('',#6867,1.);
#6867 = DIRECTION('',(1.,0.,-0.));
#6868 = ORIENTED_EDGE('',*,*,#6816,.F.);
#6869 = PLANE('',#6870);
#6870 = AXIS2_PLACEMENT_3D('',#6871,#6872,#6873);
#6871 = CARTESIAN_POINT('',(-32.,-48.,366.));
#6872 = DIRECTION('',(-0.,1.,0.));
#6873 = DIRECTION('',(0.,0.,1.));
#6874 = ADVANCED_FACE('',(#6875),#6891,.T.);
#6875 = FACE_BOUND('',#6876,.T.);
#6876 = EDGE_LOOP('',(#6877,#6883,#6884,#6890));
#6877 = ORIENTED_EDGE('',*,*,#6878,.F.);
#6878 = EDGE_CURVE('',#6787,#6827,#6879,.T.);
#6879 = LINE('',#6880,#6881);
#6880 = CARTESIAN_POINT('',(-32.,48.,366.));
#6881 = VECTOR('',#6882,1.);
#6882 = DIRECTION('',(1.,0.,-0.));
#6883 = ORIENTED_EDGE('',*,*,#6794,.T.);
#6884 = ORIENTED_EDGE('',*,*,#6885,.T.);
#6885 = EDGE_CURVE('',#6795,#6835,#6886,.T.);
#6886 = LINE('',#6887,#6888);
#6887 = CARTESIAN_POINT('',(-32.,48.,369.));
#6888 = VECTOR('',#6889,1.);
#6889 = DIRECTION('',(1.,0.,-0.));
#6890 = ORIENTED_EDGE('',*,*,#6834,.F.);
#6891 = PLANE('',#6892);
#6892 = AXIS2_PLACEMENT_3D('',#6893,#6894,#6895);
#6893 = CARTESIAN_POINT('',(-32.,48.,366.));
#6894 = DIRECTION('',(-0.,1.,0.));
#6895 = DIRECTION('',(0.,0.,1.));
#6896 = ADVANCED_FACE('',(#6897),#6903,.F.);
#6897 = FACE_BOUND('',#6898,.F.);
#6898 = EDGE_LOOP('',(#6899,#6900,#6901,#6902));
#6899 = ORIENTED_EDGE('',*,*,#6786,.F.);
#6900 = ORIENTED_EDGE('',*,*,#6856,.T.);
#6901 = ORIENTED_EDGE('',*,*,#6826,.T.);
#6902 = ORIENTED_EDGE('',*,*,#6878,.F.);
#6903 = PLANE('',#6904);
#6904 = AXIS2_PLACEMENT_3D('',#6905,#6906,#6907);
#6905 = CARTESIAN_POINT('',(-32.,-48.,366.));
#6906 = DIRECTION('',(0.,0.,1.));
#6907 = DIRECTION('',(1.,0.,-0.));
#6908 = ADVANCED_FACE('',(#6909),#6915,.T.);
#6909 = FACE_BOUND('',#6910,.T.);
#6910 = EDGE_LOOP('',(#6911,#6912,#6913,#6914));
#6911 = ORIENTED_EDGE('',*,*,#6802,.F.);
#6912 = ORIENTED_EDGE('',*,*,#6863,.T.);
#6913 = ORIENTED_EDGE('',*,*,#6842,.T.);
#6914 = ORIENTED_EDGE('',*,*,#6885,.F.);
#6915 = PLANE('',#6916);
#6916 = AXIS2_PLACEMENT_3D('',#6917,#6918,#6919);
#6917 = CARTESIAN_POINT('',(-32.,-48.,369.));
#6918 = DIRECTION('',(0.,0.,1.));
#6919 = DIRECTION('',(1.,0.,-0.));
#6920 = ( GEOMETRIC_REPRESENTATION_CONTEXT(3) 
GLOBAL_UNCERTAINTY_ASSIGNED_CONTEXT((#6924)) 
GLOBAL_UNIT_ASSIGNED_CONTEXT((#6921,#6922,#6923)) REPRESENTATION_CONTEXT
('Context #1','3D Context with UNIT and UNCERTAINTY') );
#6921 = ( LENGTH_UNIT() NAMED_UNIT(*) SI_UNIT(.MILLI.,.METRE.) );
#6922 = ( NAMED_UNIT(*) PLANE_ANGLE_UNIT() SI_UNIT($,.RADIAN.) );
#6923 = ( NAMED_UNIT(*) SI_UNIT($,.STERADIAN.) SOLID_ANGLE_UNIT() );
#6924 = UNCERTAINTY_MEASURE_WITH_UNIT(LENGTH_MEASURE(1.E-07),#6921,
  'distance_accuracy_value','confusion accuracy');
#6925 = CONTEXT_DEPENDENT_SHAPE_REPRESENTATION(#6926,#6928);
#6926 = ( REPRESENTATION_RELATIONSHIP('','',#6769,#10) 
REPRESENTATION_RELATIONSHIP_WITH_TRANSFORMATION(#6927) 
SHAPE_REPRESENTATION_RELATIONSHIP() );
#6927 = ITEM_DEFINED_TRANSFORMATION('','',#11,#99);
#6928 = PRODUCT_DEFINITION_SHAPE('Placement','Placement of an item',
  #6929);
#6929 = NEXT_ASSEMBLY_USAGE_OCCURRENCE('449','HOOD_1','',#5,#6764,$);
#6930 = PRODUCT_RELATED_PRODUCT_CATEGORY('part',$,(#6766));
#6931 = SHAPE_DEFINITION_REPRESENTATION(#6932,#6938);
#6932 = PRODUCT_DEFINITION_SHAPE('','',#6933);
#6933 = PRODUCT_DEFINITION('design','',#6934,#6937);
#6934 = PRODUCT_DEFINITION_FORMATION('','',#6935);
#6935 = PRODUCT('HOOD_PIV_L','HOOD_PIV_L','',(#6936));
#6936 = PRODUCT_CONTEXT('',#2,'mechanical');
#6937 = PRODUCT_DEFINITION_CONTEXT('part definition',#2,'design');
#6938 = ADVANCED_BREP_SHAPE_REPRESENTATION('',(#11,#6939),#7329);
#6939 = MANIFOLD_SOLID_BREP('',#6940);
#6940 = CLOSED_SHELL('',(#6941,#6981,#7067,#7091,#7170,#7187,#7199,#7216
    ,#7233,#7250,#7275,#7292,#7317));
#6941 = ADVANCED_FACE('',(#6942),#6976,.F.);
#6942 = FACE_BOUND('',#6943,.F.);
#6943 = EDGE_LOOP('',(#6944,#6954,#6962,#6970));
#6944 = ORIENTED_EDGE('',*,*,#6945,.F.);
#6945 = EDGE_CURVE('',#6946,#6948,#6950,.T.);
#6946 = VERTEX_POINT('',#6947);
#6947 = CARTESIAN_POINT('',(-112.3,58.,347.));
#6948 = VERTEX_POINT('',#6949);
#6949 = CARTESIAN_POINT('',(-112.3,58.,371.));
#6950 = LINE('',#6951,#6952);
#6951 = CARTESIAN_POINT('',(-112.3,58.,347.));
#6952 = VECTOR('',#6953,1.);
#6953 = DIRECTION('',(0.,0.,1.));
#6954 = ORIENTED_EDGE('',*,*,#6955,.T.);
#6955 = EDGE_CURVE('',#6946,#6956,#6958,.T.);
#6956 = VERTEX_POINT('',#6957);
#6957 = CARTESIAN_POINT('',(-112.3,64.,347.));
#6958 = LINE('',#6959,#6960);
#6959 = CARTESIAN_POINT('',(-112.3,58.,347.));
#6960 = VECTOR('',#6961,1.);
#6961 = DIRECTION('',(0.,1.,0.));
#6962 = ORIENTED_EDGE('',*,*,#6963,.T.);
#6963 = EDGE_CURVE('',#6956,#6964,#6966,.T.);
#6964 = VERTEX_POINT('',#6965);
#6965 = CARTESIAN_POINT('',(-112.3,64.,371.));
#6966 = LINE('',#6967,#6968);
#6967 = CARTESIAN_POINT('',(-112.3,64.,347.));
#6968 = VECTOR('',#6969,1.);
#6969 = DIRECTION('',(0.,0.,1.));
#6970 = ORIENTED_EDGE('',*,*,#6971,.F.);
#6971 = EDGE_CURVE('',#6948,#6964,#6972,.T.);
#6972 = LINE('',#6973,#6974);
#6973 = CARTESIAN_POINT('',(-112.3,58.,371.));
#6974 = VECTOR('',#6975,1.);
#6975 = DIRECTION('',(0.,1.,0.));
#6976 = PLANE('',#6977);
#6977 = AXIS2_PLACEMENT_3D('',#6978,#6979,#6980);
#6978 = CARTESIAN_POINT('',(-112.3,58.,347.));
#6979 = DIRECTION('',(1.,0.,0.));
#6980 = DIRECTION('',(0.,0.,1.));
#6981 = ADVANCED_FACE('',(#6982,#7007,#7018,#7029,#7040,#7051),#7062,.F.
  );
#6982 = FACE_BOUND('',#6983,.F.);
#6983 = EDGE_LOOP('',(#6984,#6992,#6993,#7001));
#6984 = ORIENTED_EDGE('',*,*,#6985,.F.);
#6985 = EDGE_CURVE('',#6946,#6986,#6988,.T.);
#6986 = VERTEX_POINT('',#6987);
#6987 = CARTESIAN_POINT('',(-88.3,58.,347.));
#6988 = LINE('',#6989,#6990);
#6989 = CARTESIAN_POINT('',(-112.3,58.,347.));
#6990 = VECTOR('',#6991,1.);
#6991 = DIRECTION('',(1.,0.,0.));
#6992 = ORIENTED_EDGE('',*,*,#6945,.T.);
#6993 = ORIENTED_EDGE('',*,*,#6994,.T.);
#6994 = EDGE_CURVE('',#6948,#6995,#6997,.T.);
#6995 = VERTEX_POINT('',#6996);
#6996 = CARTESIAN_POINT('',(-88.3,58.,371.));
#6997 = LINE('',#6998,#6999);
#6998 = CARTESIAN_POINT('',(-112.3,58.,371.));
#6999 = VECTOR('',#7000,1.);
#7000 = DIRECTION('',(1.,0.,0.));
#7001 = ORIENTED_EDGE('',*,*,#7002,.F.);
#7002 = EDGE_CURVE('',#6986,#6995,#7003,.T.);
#7003 = LINE('',#7004,#7005);
#7004 = CARTESIAN_POINT('',(-88.3,58.,347.));
#7005 = VECTOR('',#7006,1.);
#7006 = DIRECTION('',(0.,0.,1.));
#7007 = FACE_BOUND('',#7008,.F.);
#7008 = EDGE_LOOP('',(#7009));
#7009 = ORIENTED_EDGE('',*,*,#7010,.T.);
#7010 = EDGE_CURVE('',#7011,#7011,#7013,.T.);
#7011 = VERTEX_POINT('',#7012);
#7012 = CARTESIAN_POINT('',(-107.6,58.,350.));
#7013 = CIRCLE('',#7014,1.7);
#7014 = AXIS2_PLACEMENT_3D('',#7015,#7016,#7017);
#7015 = CARTESIAN_POINT('',(-109.3,58.,350.));
#7016 = DIRECTION('',(0.,-1.,2.2E-16));
#7017 = DIRECTION('',(1.,0.,0.));
#7018 = FACE_BOUND('',#7019,.F.);
#7019 = EDGE_LOOP('',(#7020));
#7020 = ORIENTED_EDGE('',*,*,#7021,.T.);
#7021 = EDGE_CURVE('',#7022,#7022,#7024,.T.);
#7022 = VERTEX_POINT('',#7023);
#7023 = CARTESIAN_POINT('',(-107.6,58.,368.));
#7024 = CIRCLE('',#7025,1.7);
#7025 = AXIS2_PLACEMENT_3D('',#7026,#7027,#7028);
#7026 = CARTESIAN_POINT('',(-109.3,58.,368.));
#7027 = DIRECTION('',(0.,-1.,2.2E-16));
#7028 = DIRECTION('',(1.,0.,0.));
#7029 = FACE_BOUND('',#7030,.F.);
#7030 = EDGE_LOOP('',(#7031));
#7031 = ORIENTED_EDGE('',*,*,#7032,.T.);
#7032 = EDGE_CURVE('',#7033,#7033,#7035,.T.);
#7033 = VERTEX_POINT('',#7034);
#7034 = CARTESIAN_POINT('',(-89.6,58.,350.));
#7035 = CIRCLE('',#7036,1.7);
#7036 = AXIS2_PLACEMENT_3D('',#7037,#7038,#7039);
#7037 = CARTESIAN_POINT('',(-91.3,58.,350.));
#7038 = DIRECTION('',(0.,-1.,2.2E-16));
#7039 = DIRECTION('',(1.,0.,0.));
#7040 = FACE_BOUND('',#7041,.F.);
#7041 = EDGE_LOOP('',(#7042));
#7042 = ORIENTED_EDGE('',*,*,#7043,.T.);
#7043 = EDGE_CURVE('',#7044,#7044,#7046,.T.);
#7044 = VERTEX_POINT('',#7045);
#7045 = CARTESIAN_POINT('',(-96.05,58.,359.));
#7046 = CIRCLE('',#7047,4.25);
#7047 = AXIS2_PLACEMENT_3D('',#7048,#7049,#7050);
#7048 = CARTESIAN_POINT('',(-100.3,58.,359.));
#7049 = DIRECTION('',(0.,-1.,2.2E-16));
#7050 = DIRECTION('',(1.,0.,0.));
#7051 = FACE_BOUND('',#7052,.F.);
#7052 = EDGE_LOOP('',(#7053));
#7053 = ORIENTED_EDGE('',*,*,#7054,.T.);
#7054 = EDGE_CURVE('',#7055,#7055,#7057,.T.);
#7055 = VERTEX_POINT('',#7056);
#7056 = CARTESIAN_POINT('',(-89.6,58.,368.));
#7057 = CIRCLE('',#7058,1.7);
#7058 = AXIS2_PLACEMENT_3D('',#7059,#7060,#7061);
#7059 = CARTESIAN_POINT('',(-91.3,58.,368.));
#7060 = DIRECTION('',(0.,-1.,2.2E-16));
#7061 = DIRECTION('',(1.,0.,0.));
#7062 = PLANE('',#7063);
#7063 = AXIS2_PLACEMENT_3D('',#7064,#7065,#7066);
#7064 = CARTESIAN_POINT('',(-112.3,58.,347.));
#7065 = DIRECTION('',(0.,1.,0.));
#7066 = DIRECTION('',(0.,0.,1.));
#7067 = ADVANCED_FACE('',(#7068),#7086,.T.);
#7068 = FACE_BOUND('',#7069,.T.);
#7069 = EDGE_LOOP('',(#7070,#7071,#7072,#7080));
#7070 = ORIENTED_EDGE('',*,*,#6971,.F.);
#7071 = ORIENTED_EDGE('',*,*,#6994,.T.);
#7072 = ORIENTED_EDGE('',*,*,#7073,.T.);
#7073 = EDGE_CURVE('',#6995,#7074,#7076,.T.);
#7074 = VERTEX_POINT('',#7075);
#7075 = CARTESIAN_POINT('',(-88.3,64.,371.));
#7076 = LINE('',#7077,#7078);
#7077 = CARTESIAN_POINT('',(-88.3,58.,371.));
#7078 = VECTOR('',#7079,1.);
#7079 = DIRECTION('',(0.,1.,0.));
#7080 = ORIENTED_EDGE('',*,*,#7081,.F.);
#7081 = EDGE_CURVE('',#6964,#7074,#7082,.T.);
#7082 = LINE('',#7083,#7084);
#7083 = CARTESIAN_POINT('',(-112.3,64.,371.));
#7084 = VECTOR('',#7085,1.);
#7085 = DIRECTION('',(1.,0.,0.));
#7086 = PLANE('',#7087);
#7087 = AXIS2_PLACEMENT_3D('',#7088,#7089,#7090);
#7088 = CARTESIAN_POINT('',(-112.3,58.,371.));
#7089 = DIRECTION('',(0.,0.,1.));
#7090 = DIRECTION('',(1.,0.,0.));
#7091 = ADVANCED_FACE('',(#7092,#7110,#7121,#7132,#7143,#7154),#7165,.T.
  );
#7092 = FACE_BOUND('',#7093,.T.);
#7093 = EDGE_LOOP('',(#7094,#7102,#7103,#7104));
#7094 = ORIENTED_EDGE('',*,*,#7095,.F.);
#7095 = EDGE_CURVE('',#6956,#7096,#7098,.T.);
#7096 = VERTEX_POINT('',#7097);
#7097 = CARTESIAN_POINT('',(-88.3,64.,347.));
#7098 = LINE('',#7099,#7100);
#7099 = CARTESIAN_POINT('',(-112.3,64.,347.));
#7100 = VECTOR('',#7101,1.);
#7101 = DIRECTION('',(1.,0.,0.));
#7102 = ORIENTED_EDGE('',*,*,#6963,.T.);
#7103 = ORIENTED_EDGE('',*,*,#7081,.T.);
#7104 = ORIENTED_EDGE('',*,*,#7105,.F.);
#7105 = EDGE_CURVE('',#7096,#7074,#7106,.T.);
#7106 = LINE('',#7107,#7108);
#7107 = CARTESIAN_POINT('',(-88.3,64.,347.));
#7108 = VECTOR('',#7109,1.);
#7109 = DIRECTION('',(0.,0.,1.));
#7110 = FACE_BOUND('',#7111,.T.);
#7111 = EDGE_LOOP('',(#7112));
#7112 = ORIENTED_EDGE('',*,*,#7113,.T.);
#7113 = EDGE_CURVE('',#7114,#7114,#7116,.T.);
#7114 = VERTEX_POINT('',#7115);
#7115 = CARTESIAN_POINT('',(-107.6,64.,350.));
#7116 = CIRCLE('',#7117,1.7);
#7117 = AXIS2_PLACEMENT_3D('',#7118,#7119,#7120);
#7118 = CARTESIAN_POINT('',(-109.3,64.,350.));
#7119 = DIRECTION('',(0.,-1.,2.2E-16));
#7120 = DIRECTION('',(1.,0.,0.));
#7121 = FACE_BOUND('',#7122,.T.);
#7122 = EDGE_LOOP('',(#7123));
#7123 = ORIENTED_EDGE('',*,*,#7124,.T.);
#7124 = EDGE_CURVE('',#7125,#7125,#7127,.T.);
#7125 = VERTEX_POINT('',#7126);
#7126 = CARTESIAN_POINT('',(-107.6,64.,368.));
#7127 = CIRCLE('',#7128,1.7);
#7128 = AXIS2_PLACEMENT_3D('',#7129,#7130,#7131);
#7129 = CARTESIAN_POINT('',(-109.3,64.,368.));
#7130 = DIRECTION('',(0.,-1.,2.2E-16));
#7131 = DIRECTION('',(1.,0.,0.));
#7132 = FACE_BOUND('',#7133,.T.);
#7133 = EDGE_LOOP('',(#7134));
#7134 = ORIENTED_EDGE('',*,*,#7135,.T.);
#7135 = EDGE_CURVE('',#7136,#7136,#7138,.T.);
#7136 = VERTEX_POINT('',#7137);
#7137 = CARTESIAN_POINT('',(-89.6,64.,350.));
#7138 = CIRCLE('',#7139,1.7);
#7139 = AXIS2_PLACEMENT_3D('',#7140,#7141,#7142);
#7140 = CARTESIAN_POINT('',(-91.3,64.,350.));
#7141 = DIRECTION('',(0.,-1.,2.2E-16));
#7142 = DIRECTION('',(1.,0.,0.));
#7143 = FACE_BOUND('',#7144,.T.);
#7144 = EDGE_LOOP('',(#7145));
#7145 = ORIENTED_EDGE('',*,*,#7146,.F.);
#7146 = EDGE_CURVE('',#7147,#7147,#7149,.T.);
#7147 = VERTEX_POINT('',#7148);
#7148 = CARTESIAN_POINT('',(-93.3,64.,359.));
#7149 = CIRCLE('',#7150,7.);
#7150 = AXIS2_PLACEMENT_3D('',#7151,#7152,#7153);
#7151 = CARTESIAN_POINT('',(-100.3,64.,359.));
#7152 = DIRECTION('',(-0.,1.,0.));
#7153 = DIRECTION('',(1.,0.,0.));
#7154 = FACE_BOUND('',#7155,.T.);
#7155 = EDGE_LOOP('',(#7156));
#7156 = ORIENTED_EDGE('',*,*,#7157,.T.);
#7157 = EDGE_CURVE('',#7158,#7158,#7160,.T.);
#7158 = VERTEX_POINT('',#7159);
#7159 = CARTESIAN_POINT('',(-89.6,64.,368.));
#7160 = CIRCLE('',#7161,1.7);
#7161 = AXIS2_PLACEMENT_3D('',#7162,#7163,#7164);
#7162 = CARTESIAN_POINT('',(-91.3,64.,368.));
#7163 = DIRECTION('',(0.,-1.,2.2E-16));
#7164 = DIRECTION('',(1.,0.,0.));
#7165 = PLANE('',#7166);
#7166 = AXIS2_PLACEMENT_3D('',#7167,#7168,#7169);
#7167 = CARTESIAN_POINT('',(-112.3,64.,347.));
#7168 = DIRECTION('',(0.,1.,0.));
#7169 = DIRECTION('',(0.,0.,1.));
#7170 = ADVANCED_FACE('',(#7171),#7182,.F.);
#7171 = FACE_BOUND('',#7172,.F.);
#7172 = EDGE_LOOP('',(#7173,#7174,#7175,#7181));
#7173 = ORIENTED_EDGE('',*,*,#6955,.F.);
#7174 = ORIENTED_EDGE('',*,*,#6985,.T.);
#7175 = ORIENTED_EDGE('',*,*,#7176,.T.);
#7176 = EDGE_CURVE('',#6986,#7096,#7177,.T.);
#7177 = LINE('',#7178,#7179);
#7178 = CARTESIAN_POINT('',(-88.3,58.,347.));
#7179 = VECTOR('',#7180,1.);
#7180 = DIRECTION('',(0.,1.,0.));
#7181 = ORIENTED_EDGE('',*,*,#7095,.F.);
#7182 = PLANE('',#7183);
#7183 = AXIS2_PLACEMENT_3D('',#7184,#7185,#7186);
#7184 = CARTESIAN_POINT('',(-112.3,58.,347.));
#7185 = DIRECTION('',(0.,0.,1.));
#7186 = DIRECTION('',(1.,0.,0.));
#7187 = ADVANCED_FACE('',(#7188),#7194,.T.);
#7188 = FACE_BOUND('',#7189,.T.);
#7189 = EDGE_LOOP('',(#7190,#7191,#7192,#7193));
#7190 = ORIENTED_EDGE('',*,*,#7002,.F.);
#7191 = ORIENTED_EDGE('',*,*,#7176,.T.);
#7192 = ORIENTED_EDGE('',*,*,#7105,.T.);
#7193 = ORIENTED_EDGE('',*,*,#7073,.F.);
#7194 = PLANE('',#7195);
#7195 = AXIS2_PLACEMENT_3D('',#7196,#7197,#7198);
#7196 = CARTESIAN_POINT('',(-88.3,58.,347.));
#7197 = DIRECTION('',(1.,0.,0.));
#7198 = DIRECTION('',(0.,0.,1.));
#7199 = ADVANCED_FACE('',(#7200),#7211,.F.);
#7200 = FACE_BOUND('',#7201,.T.);
#7201 = EDGE_LOOP('',(#7202,#7203,#7209,#7210));
#7202 = ORIENTED_EDGE('',*,*,#7010,.T.);
#7203 = ORIENTED_EDGE('',*,*,#7204,.T.);
#7204 = EDGE_CURVE('',#7011,#7114,#7205,.T.);
#7205 = LINE('',#7206,#7207);
#7206 = CARTESIAN_POINT('',(-107.6,57.,350.));
#7207 = VECTOR('',#7208,1.);
#7208 = DIRECTION('',(0.,1.,0.));
#7209 = ORIENTED_EDGE('',*,*,#7113,.F.);
#7210 = ORIENTED_EDGE('',*,*,#7204,.F.);
#7211 = CYLINDRICAL_SURFACE('',#7212,1.7);
#7212 = AXIS2_PLACEMENT_3D('',#7213,#7214,#7215);
#7213 = CARTESIAN_POINT('',(-109.3,57.,350.));
#7214 = DIRECTION('',(-0.,-1.,0.));
#7215 = DIRECTION('',(1.,0.,0.));
#7216 = ADVANCED_FACE('',(#7217),#7228,.F.);
#7217 = FACE_BOUND('',#7218,.T.);
#7218 = EDGE_LOOP('',(#7219,#7220,#7226,#7227));
#7219 = ORIENTED_EDGE('',*,*,#7021,.T.);
#7220 = ORIENTED_EDGE('',*,*,#7221,.T.);
#7221 = EDGE_CURVE('',#7022,#7125,#7222,.T.);
#7222 = LINE('',#7223,#7224);
#7223 = CARTESIAN_POINT('',(-107.6,57.,368.));
#7224 = VECTOR('',#7225,1.);
#7225 = DIRECTION('',(0.,1.,0.));
#7226 = ORIENTED_EDGE('',*,*,#7124,.F.);
#7227 = ORIENTED_EDGE('',*,*,#7221,.F.);
#7228 = CYLINDRICAL_SURFACE('',#7229,1.7);
#7229 = AXIS2_PLACEMENT_3D('',#7230,#7231,#7232);
#7230 = CARTESIAN_POINT('',(-109.3,57.,368.));
#7231 = DIRECTION('',(-0.,-1.,0.));
#7232 = DIRECTION('',(1.,0.,0.));
#7233 = ADVANCED_FACE('',(#7234),#7245,.F.);
#7234 = FACE_BOUND('',#7235,.T.);
#7235 = EDGE_LOOP('',(#7236,#7237,#7243,#7244));
#7236 = ORIENTED_EDGE('',*,*,#7032,.T.);
#7237 = ORIENTED_EDGE('',*,*,#7238,.T.);
#7238 = EDGE_CURVE('',#7033,#7136,#7239,.T.);
#7239 = LINE('',#7240,#7241);
#7240 = CARTESIAN_POINT('',(-89.6,57.,350.));
#7241 = VECTOR('',#7242,1.);
#7242 = DIRECTION('',(0.,1.,0.));
#7243 = ORIENTED_EDGE('',*,*,#7135,.F.);
#7244 = ORIENTED_EDGE('',*,*,#7238,.F.);
#7245 = CYLINDRICAL_SURFACE('',#7246,1.7);
#7246 = AXIS2_PLACEMENT_3D('',#7247,#7248,#7249);
#7247 = CARTESIAN_POINT('',(-91.3,57.,350.));
#7248 = DIRECTION('',(-0.,-1.,0.));
#7249 = DIRECTION('',(1.,0.,0.));
#7250 = ADVANCED_FACE('',(#7251),#7270,.F.);
#7251 = FACE_BOUND('',#7252,.T.);
#7252 = EDGE_LOOP('',(#7253,#7254,#7262,#7269));
#7253 = ORIENTED_EDGE('',*,*,#7043,.T.);
#7254 = ORIENTED_EDGE('',*,*,#7255,.T.);
#7255 = EDGE_CURVE('',#7044,#7256,#7258,.T.);
#7256 = VERTEX_POINT('',#7257);
#7257 = CARTESIAN_POINT('',(-96.05,68.,359.));
#7258 = LINE('',#7259,#7260);
#7259 = CARTESIAN_POINT('',(-96.05,57.,359.));
#7260 = VECTOR('',#7261,1.);
#7261 = DIRECTION('',(0.,1.,0.));
#7262 = ORIENTED_EDGE('',*,*,#7263,.F.);
#7263 = EDGE_CURVE('',#7256,#7256,#7264,.T.);
#7264 = CIRCLE('',#7265,4.25);
#7265 = AXIS2_PLACEMENT_3D('',#7266,#7267,#7268);
#7266 = CARTESIAN_POINT('',(-100.3,68.,359.));
#7267 = DIRECTION('',(0.,-1.,2.2E-16));
#7268 = DIRECTION('',(1.,0.,0.));
#7269 = ORIENTED_EDGE('',*,*,#7255,.F.);
#7270 = CYLINDRICAL_SURFACE('',#7271,4.25);
#7271 = AXIS2_PLACEMENT_3D('',#7272,#7273,#7274);
#7272 = CARTESIAN_POINT('',(-100.3,57.,359.));
#7273 = DIRECTION('',(-0.,-1.,0.));
#7274 = DIRECTION('',(1.,0.,0.));
#7275 = ADVANCED_FACE('',(#7276),#7287,.F.);
#7276 = FACE_BOUND('',#7277,.T.);
#7277 = EDGE_LOOP('',(#7278,#7279,#7285,#7286));
#7278 = ORIENTED_EDGE('',*,*,#7054,.T.);
#7279 = ORIENTED_EDGE('',*,*,#7280,.T.);
#7280 = EDGE_CURVE('',#7055,#7158,#7281,.T.);
#7281 = LINE('',#7282,#7283);
#7282 = CARTESIAN_POINT('',(-89.6,57.,368.));
#7283 = VECTOR('',#7284,1.);
#7284 = DIRECTION('',(0.,1.,0.));
#7285 = ORIENTED_EDGE('',*,*,#7157,.F.);
#7286 = ORIENTED_EDGE('',*,*,#7280,.F.);
#7287 = CYLINDRICAL_SURFACE('',#7288,1.7);
#7288 = AXIS2_PLACEMENT_3D('',#7289,#7290,#7291);
#7289 = CARTESIAN_POINT('',(-91.3,57.,368.));
#7290 = DIRECTION('',(-0.,-1.,0.));
#7291 = DIRECTION('',(1.,0.,0.));
#7292 = ADVANCED_FACE('',(#7293),#7312,.T.);
#7293 = FACE_BOUND('',#7294,.F.);
#7294 = EDGE_LOOP('',(#7295,#7303,#7310,#7311));
#7295 = ORIENTED_EDGE('',*,*,#7296,.T.);
#7296 = EDGE_CURVE('',#7147,#7297,#7299,.T.);
#7297 = VERTEX_POINT('',#7298);
#7298 = CARTESIAN_POINT('',(-93.3,68.,359.));
#7299 = LINE('',#7300,#7301);
#7300 = CARTESIAN_POINT('',(-93.3,64.,359.));
#7301 = VECTOR('',#7302,1.);
#7302 = DIRECTION('',(0.,1.,0.));
#7303 = ORIENTED_EDGE('',*,*,#7304,.T.);
#7304 = EDGE_CURVE('',#7297,#7297,#7305,.T.);
#7305 = CIRCLE('',#7306,7.);
#7306 = AXIS2_PLACEMENT_3D('',#7307,#7308,#7309);
#7307 = CARTESIAN_POINT('',(-100.3,68.,359.));
#7308 = DIRECTION('',(-0.,1.,0.));
#7309 = DIRECTION('',(1.,0.,0.));
#7310 = ORIENTED_EDGE('',*,*,#7296,.F.);
#7311 = ORIENTED_EDGE('',*,*,#7146,.F.);
#7312 = CYLINDRICAL_SURFACE('',#7313,7.);
#7313 = AXIS2_PLACEMENT_3D('',#7314,#7315,#7316);
#7314 = CARTESIAN_POINT('',(-100.3,64.,359.));
#7315 = DIRECTION('',(-0.,-1.,0.));
#7316 = DIRECTION('',(1.,0.,0.));
#7317 = ADVANCED_FACE('',(#7318,#7321),#7324,.T.);
#7318 = FACE_BOUND('',#7319,.T.);
#7319 = EDGE_LOOP('',(#7320));
#7320 = ORIENTED_EDGE('',*,*,#7304,.T.);
#7321 = FACE_BOUND('',#7322,.T.);
#7322 = EDGE_LOOP('',(#7323));
#7323 = ORIENTED_EDGE('',*,*,#7263,.T.);
#7324 = PLANE('',#7325);
#7325 = AXIS2_PLACEMENT_3D('',#7326,#7327,#7328);
#7326 = CARTESIAN_POINT('',(-100.3,68.,359.));
#7327 = DIRECTION('',(0.,1.,0.));
#7328 = DIRECTION('',(1.,0.,0.));
#7329 = ( GEOMETRIC_REPRESENTATION_CONTEXT(3) 
GLOBAL_UNCERTAINTY_ASSIGNED_CONTEXT((#7333)) 
GLOBAL_UNIT_ASSIGNED_CONTEXT((#7330,#7331,#7332)) REPRESENTATION_CONTEXT
('Context #1','3D Context with UNIT and UNCERTAINTY') );
#7330 = ( LENGTH_UNIT() NAMED_UNIT(*) SI_UNIT(.MILLI.,.METRE.) );
#7331 = ( NAMED_UNIT(*) PLANE_ANGLE_UNIT() SI_UNIT($,.RADIAN.) );
#7332 = ( NAMED_UNIT(*) SI_UNIT($,.STERADIAN.) SOLID_ANGLE_UNIT() );
#7333 = UNCERTAINTY_MEASURE_WITH_UNIT(LENGTH_MEASURE(1.E-07),#7330,
  'distance_accuracy_value','confusion accuracy');
#7334 = CONTEXT_DEPENDENT_SHAPE_REPRESENTATION(#7335,#7337);
#7335 = ( REPRESENTATION_RELATIONSHIP('','',#6938,#10) 
REPRESENTATION_RELATIONSHIP_WITH_TRANSFORMATION(#7336) 
SHAPE_REPRESENTATION_RELATIONSHIP() );
#7336 = ITEM_DEFINED_TRANSFORMATION('','',#11,#103);
#7337 = PRODUCT_DEFINITION_SHAPE('Placement','Placement of an item',
  #7338);
#7338 = NEXT_ASSEMBLY_USAGE_OCCURRENCE('450','HOOD_PIV_L','',#5,#6933,$
  );
#7339 = PRODUCT_RELATED_PRODUCT_CATEGORY('part',$,(#6935));
#7340 = SHAPE_DEFINITION_REPRESENTATION(#7341,#7347);
#7341 = PRODUCT_DEFINITION_SHAPE('','',#7342);
#7342 = PRODUCT_DEFINITION('design','',#7343,#7346);
#7343 = PRODUCT_DEFINITION_FORMATION('','',#7344);
#7344 = PRODUCT('HOOD_PIN_L','HOOD_PIN_L','',(#7345));
#7345 = PRODUCT_CONTEXT('',#2,'mechanical');
#7346 = PRODUCT_DEFINITION_CONTEXT('part definition',#2,'design');
#7347 = ADVANCED_BREP_SHAPE_REPRESENTATION('',(#11,#7348),#7401);
#7348 = MANIFOLD_SOLID_BREP('',#7349);
#7349 = CLOSED_SHELL('',(#7350,#7383,#7392));
#7350 = ADVANCED_FACE('',(#7351),#7378,.T.);
#7351 = FACE_BOUND('',#7352,.F.);
#7352 = EDGE_LOOP('',(#7353,#7363,#7370,#7371));
#7353 = ORIENTED_EDGE('',*,*,#7354,.T.);
#7354 = EDGE_CURVE('',#7355,#7357,#7359,.T.);
#7355 = VERTEX_POINT('',#7356);
#7356 = CARTESIAN_POINT('',(-96.3,55.5,359.));
#7357 = VERTEX_POINT('',#7358);
#7358 = CARTESIAN_POINT('',(-96.3,79.,359.));
#7359 = LINE('',#7360,#7361);
#7360 = CARTESIAN_POINT('',(-96.3,55.5,359.));
#7361 = VECTOR('',#7362,1.);
#7362 = DIRECTION('',(0.,1.,-2.22044604925E-16));
#7363 = ORIENTED_EDGE('',*,*,#7364,.T.);
#7364 = EDGE_CURVE('',#7357,#7357,#7365,.T.);
#7365 = CIRCLE('',#7366,4.);
#7366 = AXIS2_PLACEMENT_3D('',#7367,#7368,#7369);
#7367 = CARTESIAN_POINT('',(-100.3,79.,359.));
#7368 = DIRECTION('',(0.,1.,-2.22044604925E-16));
#7369 = DIRECTION('',(1.,0.,0.));
#7370 = ORIENTED_EDGE('',*,*,#7354,.F.);
#7371 = ORIENTED_EDGE('',*,*,#7372,.F.);
#7372 = EDGE_CURVE('',#7355,#7355,#7373,.T.);
#7373 = CIRCLE('',#7374,4.);
#7374 = AXIS2_PLACEMENT_3D('',#7375,#7376,#7377);
#7375 = CARTESIAN_POINT('',(-100.3,55.5,359.));
#7376 = DIRECTION('',(0.,1.,-2.22044604925E-16));
#7377 = DIRECTION('',(1.,0.,0.));
#7378 = CYLINDRICAL_SURFACE('',#7379,4.);
#7379 = AXIS2_PLACEMENT_3D('',#7380,#7381,#7382);
#7380 = CARTESIAN_POINT('',(-100.3,55.5,359.));
#7381 = DIRECTION('',(-0.,-1.,2.22044604925E-16));
#7382 = DIRECTION('',(1.,0.,0.));
#7383 = ADVANCED_FACE('',(#7384),#7387,.F.);
#7384 = FACE_BOUND('',#7385,.T.);
#7385 = EDGE_LOOP('',(#7386));
#7386 = ORIENTED_EDGE('',*,*,#7372,.F.);
#7387 = PLANE('',#7388);
#7388 = AXIS2_PLACEMENT_3D('',#7389,#7390,#7391);
#7389 = CARTESIAN_POINT('',(-100.3,55.5,359.));
#7390 = DIRECTION('',(0.,1.,-2.22044604925E-16));
#7391 = DIRECTION('',(1.,0.,0.));
#7392 = ADVANCED_FACE('',(#7393),#7396,.T.);
#7393 = FACE_BOUND('',#7394,.F.);
#7394 = EDGE_LOOP('',(#7395));
#7395 = ORIENTED_EDGE('',*,*,#7364,.F.);
#7396 = PLANE('',#7397);
#7397 = AXIS2_PLACEMENT_3D('',#7398,#7399,#7400);
#7398 = CARTESIAN_POINT('',(-100.3,79.,359.));
#7399 = DIRECTION('',(0.,1.,-2.22044604925E-16));
#7400 = DIRECTION('',(1.,0.,0.));
#7401 = ( GEOMETRIC_REPRESENTATION_CONTEXT(3) 
GLOBAL_UNCERTAINTY_ASSIGNED_CONTEXT((#7405)) 
GLOBAL_UNIT_ASSIGNED_CONTEXT((#7402,#7403,#7404)) REPRESENTATION_CONTEXT
('Context #1','3D Context with UNIT and UNCERTAINTY') );
#7402 = ( LENGTH_UNIT() NAMED_UNIT(*) SI_UNIT(.MILLI.,.METRE.) );
#7403 = ( NAMED_UNIT(*) PLANE_ANGLE_UNIT() SI_UNIT($,.RADIAN.) );
#7404 = ( NAMED_UNIT(*) SI_UNIT($,.STERADIAN.) SOLID_ANGLE_UNIT() );
#7405 = UNCERTAINTY_MEASURE_WITH_UNIT(LENGTH_MEASURE(1.E-07),#7402,
  'distance_accuracy_value','confusion accuracy');
#7406 = CONTEXT_DEPENDENT_SHAPE_REPRESENTATION(#7407,#7409);
#7407 = ( REPRESENTATION_RELATIONSHIP('','',#7347,#10) 
REPRESENTATION_RELATIONSHIP_WITH_TRANSFORMATION(#7408) 
SHAPE_REPRESENTATION_RELATIONSHIP() );
#7408 = ITEM_DEFINED_TRANSFORMATION('','',#11,#107);
#7409 = PRODUCT_DEFINITION_SHAPE('Placement','Placement of an item',
  #7410);
#7410 = NEXT_ASSEMBLY_USAGE_OCCURRENCE('451','HOOD_PIN_L','',#5,#7342,$
  );
#7411 = PRODUCT_RELATED_PRODUCT_CATEGORY('part',$,(#7344));
#7412 = SHAPE_DEFINITION_REPRESENTATION(#7413,#7419);
#7413 = PRODUCT_DEFINITION_SHAPE('','',#7414);
#7414 = PRODUCT_DEFINITION('design','',#7415,#7418);
#7415 = PRODUCT_DEFINITION_FORMATION('','',#7416);
#7416 = PRODUCT('HOOD_COL_L','HOOD_COL_L','',(#7417));
#7417 = PRODUCT_CONTEXT('',#2,'mechanical');
#7418 = PRODUCT_DEFINITION_CONTEXT('part definition',#2,'design');
#7419 = ADVANCED_BREP_SHAPE_REPRESENTATION('',(#11,#7420),#7512);
#7420 = MANIFOLD_SOLID_BREP('',#7421);
#7421 = CLOSED_SHELL('',(#7422,#7455,#7475,#7495));
#7422 = ADVANCED_FACE('',(#7423),#7450,.T.);
#7423 = FACE_BOUND('',#7424,.F.);
#7424 = EDGE_LOOP('',(#7425,#7435,#7442,#7443));
#7425 = ORIENTED_EDGE('',*,*,#7426,.T.);
#7426 = EDGE_CURVE('',#7427,#7429,#7431,.T.);
#7427 = VERTEX_POINT('',#7428);
#7428 = CARTESIAN_POINT('',(-93.3,74.,359.));
#7429 = VERTEX_POINT('',#7430);
#7430 = CARTESIAN_POINT('',(-93.3,79.,359.));
#7431 = LINE('',#7432,#7433);
#7432 = CARTESIAN_POINT('',(-93.3,74.,359.));
#7433 = VECTOR('',#7434,1.);
#7434 = DIRECTION('',(0.,1.,0.));
#7435 = ORIENTED_EDGE('',*,*,#7436,.T.);
#7436 = EDGE_CURVE('',#7429,#7429,#7437,.T.);
#7437 = CIRCLE('',#7438,7.);
#7438 = AXIS2_PLACEMENT_3D('',#7439,#7440,#7441);
#7439 = CARTESIAN_POINT('',(-100.3,79.,359.));
#7440 = DIRECTION('',(-0.,1.,0.));
#7441 = DIRECTION('',(1.,0.,0.));
#7442 = ORIENTED_EDGE('',*,*,#7426,.F.);
#7443 = ORIENTED_EDGE('',*,*,#7444,.F.);
#7444 = EDGE_CURVE('',#7427,#7427,#7445,.T.);
#7445 = CIRCLE('',#7446,7.);
#7446 = AXIS2_PLACEMENT_3D('',#7447,#7448,#7449);
#7447 = CARTESIAN_POINT('',(-100.3,74.,359.));
#7448 = DIRECTION('',(-0.,1.,0.));
#7449 = DIRECTION('',(1.,0.,0.));
#7450 = CYLINDRICAL_SURFACE('',#7451,7.);
#7451 = AXIS2_PLACEMENT_3D('',#7452,#7453,#7454);
#7452 = CARTESIAN_POINT('',(-100.3,74.,359.));
#7453 = DIRECTION('',(-0.,-1.,0.));
#7454 = DIRECTION('',(1.,0.,0.));
#7455 = ADVANCED_FACE('',(#7456,#7459),#7470,.F.);
#7456 = FACE_BOUND('',#7457,.F.);
#7457 = EDGE_LOOP('',(#7458));
#7458 = ORIENTED_EDGE('',*,*,#7444,.T.);
#7459 = FACE_BOUND('',#7460,.F.);
#7460 = EDGE_LOOP('',(#7461));
#7461 = ORIENTED_EDGE('',*,*,#7462,.T.);
#7462 = EDGE_CURVE('',#7463,#7463,#7465,.T.);
#7463 = VERTEX_POINT('',#7464);
#7464 = CARTESIAN_POINT('',(-96.8,74.,359.));
#7465 = CIRCLE('',#7466,3.5);
#7466 = AXIS2_PLACEMENT_3D('',#7467,#7468,#7469);
#7467 = CARTESIAN_POINT('',(-100.3,74.,359.));
#7468 = DIRECTION('',(0.,-1.,2.2E-16));
#7469 = DIRECTION('',(1.,0.,0.));
#7470 = PLANE('',#7471);
#7471 = AXIS2_PLACEMENT_3D('',#7472,#7473,#7474);
#7472 = CARTESIAN_POINT('',(-100.3,74.,359.));
#7473 = DIRECTION('',(0.,1.,0.));
#7474 = DIRECTION('',(1.,0.,0.));
#7475 = ADVANCED_FACE('',(#7476,#7479),#7490,.T.);
#7476 = FACE_BOUND('',#7477,.T.);
#7477 = EDGE_LOOP('',(#7478));
#7478 = ORIENTED_EDGE('',*,*,#7436,.T.);
#7479 = FACE_BOUND('',#7480,.T.);
#7480 = EDGE_LOOP('',(#7481));
#7481 = ORIENTED_EDGE('',*,*,#7482,.T.);
#7482 = EDGE_CURVE('',#7483,#7483,#7485,.T.);
#7483 = VERTEX_POINT('',#7484);
#7484 = CARTESIAN_POINT('',(-96.8,79.,359.));
#7485 = CIRCLE('',#7486,3.5);
#7486 = AXIS2_PLACEMENT_3D('',#7487,#7488,#7489);
#7487 = CARTESIAN_POINT('',(-100.3,79.,359.));
#7488 = DIRECTION('',(0.,-1.,2.2E-16));
#7489 = DIRECTION('',(1.,0.,0.));
#7490 = PLANE('',#7491);
#7491 = AXIS2_PLACEMENT_3D('',#7492,#7493,#7494);
#7492 = CARTESIAN_POINT('',(-100.3,79.,359.));
#7493 = DIRECTION('',(0.,1.,0.));
#7494 = DIRECTION('',(1.,0.,0.));
#7495 = ADVANCED_FACE('',(#7496),#7507,.F.);
#7496 = FACE_BOUND('',#7497,.T.);
#7497 = EDGE_LOOP('',(#7498,#7499,#7505,#7506));
#7498 = ORIENTED_EDGE('',*,*,#7462,.T.);
#7499 = ORIENTED_EDGE('',*,*,#7500,.T.);
#7500 = EDGE_CURVE('',#7463,#7483,#7501,.T.);
#7501 = LINE('',#7502,#7503);
#7502 = CARTESIAN_POINT('',(-96.8,73.,359.));
#7503 = VECTOR('',#7504,1.);
#7504 = DIRECTION('',(0.,1.,0.));
#7505 = ORIENTED_EDGE('',*,*,#7482,.F.);
#7506 = ORIENTED_EDGE('',*,*,#7500,.F.);
#7507 = CYLINDRICAL_SURFACE('',#7508,3.5);
#7508 = AXIS2_PLACEMENT_3D('',#7509,#7510,#7511);
#7509 = CARTESIAN_POINT('',(-100.3,73.,359.));
#7510 = DIRECTION('',(-0.,-1.,0.));
#7511 = DIRECTION('',(1.,0.,0.));
#7512 = ( GEOMETRIC_REPRESENTATION_CONTEXT(3) 
GLOBAL_UNCERTAINTY_ASSIGNED_CONTEXT((#7516)) 
GLOBAL_UNIT_ASSIGNED_CONTEXT((#7513,#7514,#7515)) REPRESENTATION_CONTEXT
('Context #1','3D Context with UNIT and UNCERTAINTY') );
#7513 = ( LENGTH_UNIT() NAMED_UNIT(*) SI_UNIT(.MILLI.,.METRE.) );
#7514 = ( NAMED_UNIT(*) PLANE_ANGLE_UNIT() SI_UNIT($,.RADIAN.) );
#7515 = ( NAMED_UNIT(*) SI_UNIT($,.STERADIAN.) SOLID_ANGLE_UNIT() );
#7516 = UNCERTAINTY_MEASURE_WITH_UNIT(LENGTH_MEASURE(1.E-07),#7513,
  'distance_accuracy_value','confusion accuracy');
#7517 = CONTEXT_DEPENDENT_SHAPE_REPRESENTATION(#7518,#7520);
#7518 = ( REPRESENTATION_RELATIONSHIP('','',#7419,#10) 
REPRESENTATION_RELATIONSHIP_WITH_TRANSFORMATION(#7519) 
SHAPE_REPRESENTATION_RELATIONSHIP() );
#7519 = ITEM_DEFINED_TRANSFORMATION('','',#11,#111);
#7520 = PRODUCT_DEFINITION_SHAPE('Placement','Placement of an item',
  #7521);
#7521 = NEXT_ASSEMBLY_USAGE_OCCURRENCE('452','HOOD_COL_L','',#5,#7414,$
  );
#7522 = PRODUCT_RELATED_PRODUCT_CATEGORY('part',$,(#7416));
#7523 = SHAPE_DEFINITION_REPRESENTATION(#7524,#7530);
#7524 = PRODUCT_DEFINITION_SHAPE('','',#7525);
#7525 = PRODUCT_DEFINITION('design','',#7526,#7529);
#7526 = PRODUCT_DEFINITION_FORMATION('','',#7527);
#7527 = PRODUCT('HOOD_PIV_R','HOOD_PIV_R','',(#7528));
#7528 = PRODUCT_CONTEXT('',#2,'mechanical');
#7529 = PRODUCT_DEFINITION_CONTEXT('part definition',#2,'design');
#7530 = ADVANCED_BREP_SHAPE_REPRESENTATION('',(#11,#7531),#7921);
#7531 = MANIFOLD_SOLID_BREP('',#7532);
#7532 = CLOSED_SHELL('',(#7533,#7573,#7659,#7683,#7762,#7779,#7791,#7808
    ,#7825,#7842,#7867,#7884,#7909));
#7533 = ADVANCED_FACE('',(#7534),#7568,.F.);
#7534 = FACE_BOUND('',#7535,.F.);
#7535 = EDGE_LOOP('',(#7536,#7546,#7554,#7562));
#7536 = ORIENTED_EDGE('',*,*,#7537,.F.);
#7537 = EDGE_CURVE('',#7538,#7540,#7542,.T.);
#7538 = VERTEX_POINT('',#7539);
#7539 = CARTESIAN_POINT('',(-112.3,-64.,347.));
#7540 = VERTEX_POINT('',#7541);
#7541 = CARTESIAN_POINT('',(-112.3,-64.,371.));
#7542 = LINE('',#7543,#7544);
#7543 = CARTESIAN_POINT('',(-112.3,-64.,347.));
#7544 = VECTOR('',#7545,1.);
#7545 = DIRECTION('',(0.,0.,1.));
#7546 = ORIENTED_EDGE('',*,*,#7547,.T.);
#7547 = EDGE_CURVE('',#7538,#7548,#7550,.T.);
#7548 = VERTEX_POINT('',#7549);
#7549 = CARTESIAN_POINT('',(-112.3,-58.,347.));
#7550 = LINE('',#7551,#7552);
#7551 = CARTESIAN_POINT('',(-112.3,-64.,347.));
#7552 = VECTOR('',#7553,1.);
#7553 = DIRECTION('',(0.,1.,0.));
#7554 = ORIENTED_EDGE('',*,*,#7555,.T.);
#7555 = EDGE_CURVE('',#7548,#7556,#7558,.T.);
#7556 = VERTEX_POINT('',#7557);
#7557 = CARTESIAN_POINT('',(-112.3,-58.,371.));
#7558 = LINE('',#7559,#7560);
#7559 = CARTESIAN_POINT('',(-112.3,-58.,347.));
#7560 = VECTOR('',#7561,1.);
#7561 = DIRECTION('',(0.,0.,1.));
#7562 = ORIENTED_EDGE('',*,*,#7563,.F.);
#7563 = EDGE_CURVE('',#7540,#7556,#7564,.T.);
#7564 = LINE('',#7565,#7566);
#7565 = CARTESIAN_POINT('',(-112.3,-64.,371.));
#7566 = VECTOR('',#7567,1.);
#7567 = DIRECTION('',(0.,1.,0.));
#7568 = PLANE('',#7569);
#7569 = AXIS2_PLACEMENT_3D('',#7570,#7571,#7572);
#7570 = CARTESIAN_POINT('',(-112.3,-64.,347.));
#7571 = DIRECTION('',(1.,0.,0.));
#7572 = DIRECTION('',(0.,0.,1.));
#7573 = ADVANCED_FACE('',(#7574,#7599,#7610,#7621,#7632,#7643),#7654,.F.
  );
#7574 = FACE_BOUND('',#7575,.F.);
#7575 = EDGE_LOOP('',(#7576,#7584,#7585,#7593));
#7576 = ORIENTED_EDGE('',*,*,#7577,.F.);
#7577 = EDGE_CURVE('',#7538,#7578,#7580,.T.);
#7578 = VERTEX_POINT('',#7579);
#7579 = CARTESIAN_POINT('',(-88.3,-64.,347.));
#7580 = LINE('',#7581,#7582);
#7581 = CARTESIAN_POINT('',(-112.3,-64.,347.));
#7582 = VECTOR('',#7583,1.);
#7583 = DIRECTION('',(1.,0.,0.));
#7584 = ORIENTED_EDGE('',*,*,#7537,.T.);
#7585 = ORIENTED_EDGE('',*,*,#7586,.T.);
#7586 = EDGE_CURVE('',#7540,#7587,#7589,.T.);
#7587 = VERTEX_POINT('',#7588);
#7588 = CARTESIAN_POINT('',(-88.3,-64.,371.));
#7589 = LINE('',#7590,#7591);
#7590 = CARTESIAN_POINT('',(-112.3,-64.,371.));
#7591 = VECTOR('',#7592,1.);
#7592 = DIRECTION('',(1.,0.,0.));
#7593 = ORIENTED_EDGE('',*,*,#7594,.F.);
#7594 = EDGE_CURVE('',#7578,#7587,#7595,.T.);
#7595 = LINE('',#7596,#7597);
#7596 = CARTESIAN_POINT('',(-88.3,-64.,347.));
#7597 = VECTOR('',#7598,1.);
#7598 = DIRECTION('',(0.,0.,1.));
#7599 = FACE_BOUND('',#7600,.F.);
#7600 = EDGE_LOOP('',(#7601));
#7601 = ORIENTED_EDGE('',*,*,#7602,.T.);
#7602 = EDGE_CURVE('',#7603,#7603,#7605,.T.);
#7603 = VERTEX_POINT('',#7604);
#7604 = CARTESIAN_POINT('',(-107.6,-64.,350.));
#7605 = CIRCLE('',#7606,1.7);
#7606 = AXIS2_PLACEMENT_3D('',#7607,#7608,#7609);
#7607 = CARTESIAN_POINT('',(-109.3,-64.,350.));
#7608 = DIRECTION('',(0.,-1.,2.2E-16));
#7609 = DIRECTION('',(1.,0.,0.));
#7610 = FACE_BOUND('',#7611,.F.);
#7611 = EDGE_LOOP('',(#7612));
#7612 = ORIENTED_EDGE('',*,*,#7613,.T.);
#7613 = EDGE_CURVE('',#7614,#7614,#7616,.T.);
#7614 = VERTEX_POINT('',#7615);
#7615 = CARTESIAN_POINT('',(-107.6,-64.,368.));
#7616 = CIRCLE('',#7617,1.7);
#7617 = AXIS2_PLACEMENT_3D('',#7618,#7619,#7620);
#7618 = CARTESIAN_POINT('',(-109.3,-64.,368.));
#7619 = DIRECTION('',(0.,-1.,2.2E-16));
#7620 = DIRECTION('',(1.,0.,0.));
#7621 = FACE_BOUND('',#7622,.F.);
#7622 = EDGE_LOOP('',(#7623));
#7623 = ORIENTED_EDGE('',*,*,#7624,.T.);
#7624 = EDGE_CURVE('',#7625,#7625,#7627,.T.);
#7625 = VERTEX_POINT('',#7626);
#7626 = CARTESIAN_POINT('',(-89.6,-64.,350.));
#7627 = CIRCLE('',#7628,1.7);
#7628 = AXIS2_PLACEMENT_3D('',#7629,#7630,#7631);
#7629 = CARTESIAN_POINT('',(-91.3,-64.,350.));
#7630 = DIRECTION('',(0.,-1.,2.2E-16));
#7631 = DIRECTION('',(1.,0.,0.));
#7632 = FACE_BOUND('',#7633,.F.);
#7633 = EDGE_LOOP('',(#7634));
#7634 = ORIENTED_EDGE('',*,*,#7635,.F.);
#7635 = EDGE_CURVE('',#7636,#7636,#7638,.T.);
#7636 = VERTEX_POINT('',#7637);
#7637 = CARTESIAN_POINT('',(-93.3,-64.,359.));
#7638 = CIRCLE('',#7639,7.);
#7639 = AXIS2_PLACEMENT_3D('',#7640,#7641,#7642);
#7640 = CARTESIAN_POINT('',(-100.3,-64.,359.));
#7641 = DIRECTION('',(-0.,1.,0.));
#7642 = DIRECTION('',(1.,0.,0.));
#7643 = FACE_BOUND('',#7644,.F.);
#7644 = EDGE_LOOP('',(#7645));
#7645 = ORIENTED_EDGE('',*,*,#7646,.T.);
#7646 = EDGE_CURVE('',#7647,#7647,#7649,.T.);
#7647 = VERTEX_POINT('',#7648);
#7648 = CARTESIAN_POINT('',(-89.6,-64.,368.));
#7649 = CIRCLE('',#7650,1.7);
#7650 = AXIS2_PLACEMENT_3D('',#7651,#7652,#7653);
#7651 = CARTESIAN_POINT('',(-91.3,-64.,368.));
#7652 = DIRECTION('',(0.,-1.,2.2E-16));
#7653 = DIRECTION('',(1.,0.,0.));
#7654 = PLANE('',#7655);
#7655 = AXIS2_PLACEMENT_3D('',#7656,#7657,#7658);
#7656 = CARTESIAN_POINT('',(-112.3,-64.,347.));
#7657 = DIRECTION('',(0.,1.,0.));
#7658 = DIRECTION('',(0.,0.,1.));
#7659 = ADVANCED_FACE('',(#7660),#7678,.T.);
#7660 = FACE_BOUND('',#7661,.T.);
#7661 = EDGE_LOOP('',(#7662,#7663,#7664,#7672));
#7662 = ORIENTED_EDGE('',*,*,#7563,.F.);
#7663 = ORIENTED_EDGE('',*,*,#7586,.T.);
#7664 = ORIENTED_EDGE('',*,*,#7665,.T.);
#7665 = EDGE_CURVE('',#7587,#7666,#7668,.T.);
#7666 = VERTEX_POINT('',#7667);
#7667 = CARTESIAN_POINT('',(-88.3,-58.,371.));
#7668 = LINE('',#7669,#7670);
#7669 = CARTESIAN_POINT('',(-88.3,-64.,371.));
#7670 = VECTOR('',#7671,1.);
#7671 = DIRECTION('',(0.,1.,0.));
#7672 = ORIENTED_EDGE('',*,*,#7673,.F.);
#7673 = EDGE_CURVE('',#7556,#7666,#7674,.T.);
#7674 = LINE('',#7675,#7676);
#7675 = CARTESIAN_POINT('',(-112.3,-58.,371.));
#7676 = VECTOR('',#7677,1.);
#7677 = DIRECTION('',(1.,0.,0.));
#7678 = PLANE('',#7679);
#7679 = AXIS2_PLACEMENT_3D('',#7680,#7681,#7682);
#7680 = CARTESIAN_POINT('',(-112.3,-64.,371.));
#7681 = DIRECTION('',(0.,0.,1.));
#7682 = DIRECTION('',(1.,0.,0.));
#7683 = ADVANCED_FACE('',(#7684,#7702,#7713,#7724,#7735,#7746),#7757,.T.
  );
#7684 = FACE_BOUND('',#7685,.T.);
#7685 = EDGE_LOOP('',(#7686,#7694,#7695,#7696));
#7686 = ORIENTED_EDGE('',*,*,#7687,.F.);
#7687 = EDGE_CURVE('',#7548,#7688,#7690,.T.);
#7688 = VERTEX_POINT('',#7689);
#7689 = CARTESIAN_POINT('',(-88.3,-58.,347.));
#7690 = LINE('',#7691,#7692);
#7691 = CARTESIAN_POINT('',(-112.3,-58.,347.));
#7692 = VECTOR('',#7693,1.);
#7693 = DIRECTION('',(1.,0.,0.));
#7694 = ORIENTED_EDGE('',*,*,#7555,.T.);
#7695 = ORIENTED_EDGE('',*,*,#7673,.T.);
#7696 = ORIENTED_EDGE('',*,*,#7697,.F.);
#7697 = EDGE_CURVE('',#7688,#7666,#7698,.T.);
#7698 = LINE('',#7699,#7700);
#7699 = CARTESIAN_POINT('',(-88.3,-58.,347.));
#7700 = VECTOR('',#7701,1.);
#7701 = DIRECTION('',(0.,0.,1.));
#7702 = FACE_BOUND('',#7703,.T.);
#7703 = EDGE_LOOP('',(#7704));
#7704 = ORIENTED_EDGE('',*,*,#7705,.T.);
#7705 = EDGE_CURVE('',#7706,#7706,#7708,.T.);
#7706 = VERTEX_POINT('',#7707);
#7707 = CARTESIAN_POINT('',(-107.6,-58.,350.));
#7708 = CIRCLE('',#7709,1.7);
#7709 = AXIS2_PLACEMENT_3D('',#7710,#7711,#7712);
#7710 = CARTESIAN_POINT('',(-109.3,-58.,350.));
#7711 = DIRECTION('',(0.,-1.,2.2E-16));
#7712 = DIRECTION('',(1.,0.,0.));
#7713 = FACE_BOUND('',#7714,.T.);
#7714 = EDGE_LOOP('',(#7715));
#7715 = ORIENTED_EDGE('',*,*,#7716,.T.);
#7716 = EDGE_CURVE('',#7717,#7717,#7719,.T.);
#7717 = VERTEX_POINT('',#7718);
#7718 = CARTESIAN_POINT('',(-107.6,-58.,368.));
#7719 = CIRCLE('',#7720,1.7);
#7720 = AXIS2_PLACEMENT_3D('',#7721,#7722,#7723);
#7721 = CARTESIAN_POINT('',(-109.3,-58.,368.));
#7722 = DIRECTION('',(0.,-1.,2.2E-16));
#7723 = DIRECTION('',(1.,0.,0.));
#7724 = FACE_BOUND('',#7725,.T.);
#7725 = EDGE_LOOP('',(#7726));
#7726 = ORIENTED_EDGE('',*,*,#7727,.T.);
#7727 = EDGE_CURVE('',#7728,#7728,#7730,.T.);
#7728 = VERTEX_POINT('',#7729);
#7729 = CARTESIAN_POINT('',(-89.6,-58.,350.));
#7730 = CIRCLE('',#7731,1.7);
#7731 = AXIS2_PLACEMENT_3D('',#7732,#7733,#7734);
#7732 = CARTESIAN_POINT('',(-91.3,-58.,350.));
#7733 = DIRECTION('',(0.,-1.,2.2E-16));
#7734 = DIRECTION('',(1.,0.,0.));
#7735 = FACE_BOUND('',#7736,.T.);
#7736 = EDGE_LOOP('',(#7737));
#7737 = ORIENTED_EDGE('',*,*,#7738,.T.);
#7738 = EDGE_CURVE('',#7739,#7739,#7741,.T.);
#7739 = VERTEX_POINT('',#7740);
#7740 = CARTESIAN_POINT('',(-96.05,-58.,359.));
#7741 = CIRCLE('',#7742,4.25);
#7742 = AXIS2_PLACEMENT_3D('',#7743,#7744,#7745);
#7743 = CARTESIAN_POINT('',(-100.3,-58.,359.));
#7744 = DIRECTION('',(0.,-1.,2.2E-16));
#7745 = DIRECTION('',(1.,0.,0.));
#7746 = FACE_BOUND('',#7747,.T.);
#7747 = EDGE_LOOP('',(#7748));
#7748 = ORIENTED_EDGE('',*,*,#7749,.T.);
#7749 = EDGE_CURVE('',#7750,#7750,#7752,.T.);
#7750 = VERTEX_POINT('',#7751);
#7751 = CARTESIAN_POINT('',(-89.6,-58.,368.));
#7752 = CIRCLE('',#7753,1.7);
#7753 = AXIS2_PLACEMENT_3D('',#7754,#7755,#7756);
#7754 = CARTESIAN_POINT('',(-91.3,-58.,368.));
#7755 = DIRECTION('',(0.,-1.,2.2E-16));
#7756 = DIRECTION('',(1.,0.,0.));
#7757 = PLANE('',#7758);
#7758 = AXIS2_PLACEMENT_3D('',#7759,#7760,#7761);
#7759 = CARTESIAN_POINT('',(-112.3,-58.,347.));
#7760 = DIRECTION('',(0.,1.,0.));
#7761 = DIRECTION('',(0.,0.,1.));
#7762 = ADVANCED_FACE('',(#7763),#7774,.F.);
#7763 = FACE_BOUND('',#7764,.F.);
#7764 = EDGE_LOOP('',(#7765,#7766,#7767,#7773));
#7765 = ORIENTED_EDGE('',*,*,#7547,.F.);
#7766 = ORIENTED_EDGE('',*,*,#7577,.T.);
#7767 = ORIENTED_EDGE('',*,*,#7768,.T.);
#7768 = EDGE_CURVE('',#7578,#7688,#7769,.T.);
#7769 = LINE('',#7770,#7771);
#7770 = CARTESIAN_POINT('',(-88.3,-64.,347.));
#7771 = VECTOR('',#7772,1.);
#7772 = DIRECTION('',(0.,1.,0.));
#7773 = ORIENTED_EDGE('',*,*,#7687,.F.);
#7774 = PLANE('',#7775);
#7775 = AXIS2_PLACEMENT_3D('',#7776,#7777,#7778);
#7776 = CARTESIAN_POINT('',(-112.3,-64.,347.));
#7777 = DIRECTION('',(0.,0.,1.));
#7778 = DIRECTION('',(1.,0.,0.));
#7779 = ADVANCED_FACE('',(#7780),#7786,.T.);
#7780 = FACE_BOUND('',#7781,.T.);
#7781 = EDGE_LOOP('',(#7782,#7783,#7784,#7785));
#7782 = ORIENTED_EDGE('',*,*,#7594,.F.);
#7783 = ORIENTED_EDGE('',*,*,#7768,.T.);
#7784 = ORIENTED_EDGE('',*,*,#7697,.T.);
#7785 = ORIENTED_EDGE('',*,*,#7665,.F.);
#7786 = PLANE('',#7787);
#7787 = AXIS2_PLACEMENT_3D('',#7788,#7789,#7790);
#7788 = CARTESIAN_POINT('',(-88.3,-64.,347.));
#7789 = DIRECTION('',(1.,0.,0.));
#7790 = DIRECTION('',(0.,0.,1.));
#7791 = ADVANCED_FACE('',(#7792),#7803,.F.);
#7792 = FACE_BOUND('',#7793,.T.);
#7793 = EDGE_LOOP('',(#7794,#7795,#7801,#7802));
#7794 = ORIENTED_EDGE('',*,*,#7602,.T.);
#7795 = ORIENTED_EDGE('',*,*,#7796,.T.);
#7796 = EDGE_CURVE('',#7603,#7706,#7797,.T.);
#7797 = LINE('',#7798,#7799);
#7798 = CARTESIAN_POINT('',(-107.6,-65.,350.));
#7799 = VECTOR('',#7800,1.);
#7800 = DIRECTION('',(0.,1.,0.));
#7801 = ORIENTED_EDGE('',*,*,#7705,.F.);
#7802 = ORIENTED_EDGE('',*,*,#7796,.F.);
#7803 = CYLINDRICAL_SURFACE('',#7804,1.7);
#7804 = AXIS2_PLACEMENT_3D('',#7805,#7806,#7807);
#7805 = CARTESIAN_POINT('',(-109.3,-65.,350.));
#7806 = DIRECTION('',(-0.,-1.,0.));
#7807 = DIRECTION('',(1.,0.,0.));
#7808 = ADVANCED_FACE('',(#7809),#7820,.F.);
#7809 = FACE_BOUND('',#7810,.T.);
#7810 = EDGE_LOOP('',(#7811,#7812,#7818,#7819));
#7811 = ORIENTED_EDGE('',*,*,#7613,.T.);
#7812 = ORIENTED_EDGE('',*,*,#7813,.T.);
#7813 = EDGE_CURVE('',#7614,#7717,#7814,.T.);
#7814 = LINE('',#7815,#7816);
#7815 = CARTESIAN_POINT('',(-107.6,-65.,368.));
#7816 = VECTOR('',#7817,1.);
#7817 = DIRECTION('',(0.,1.,0.));
#7818 = ORIENTED_EDGE('',*,*,#7716,.F.);
#7819 = ORIENTED_EDGE('',*,*,#7813,.F.);
#7820 = CYLINDRICAL_SURFACE('',#7821,1.7);
#7821 = AXIS2_PLACEMENT_3D('',#7822,#7823,#7824);
#7822 = CARTESIAN_POINT('',(-109.3,-65.,368.));
#7823 = DIRECTION('',(-0.,-1.,0.));
#7824 = DIRECTION('',(1.,0.,0.));
#7825 = ADVANCED_FACE('',(#7826),#7837,.F.);
#7826 = FACE_BOUND('',#7827,.T.);
#7827 = EDGE_LOOP('',(#7828,#7829,#7835,#7836));
#7828 = ORIENTED_EDGE('',*,*,#7624,.T.);
#7829 = ORIENTED_EDGE('',*,*,#7830,.T.);
#7830 = EDGE_CURVE('',#7625,#7728,#7831,.T.);
#7831 = LINE('',#7832,#7833);
#7832 = CARTESIAN_POINT('',(-89.6,-65.,350.));
#7833 = VECTOR('',#7834,1.);
#7834 = DIRECTION('',(0.,1.,0.));
#7835 = ORIENTED_EDGE('',*,*,#7727,.F.);
#7836 = ORIENTED_EDGE('',*,*,#7830,.F.);
#7837 = CYLINDRICAL_SURFACE('',#7838,1.7);
#7838 = AXIS2_PLACEMENT_3D('',#7839,#7840,#7841);
#7839 = CARTESIAN_POINT('',(-91.3,-65.,350.));
#7840 = DIRECTION('',(-0.,-1.,0.));
#7841 = DIRECTION('',(1.,0.,0.));
#7842 = ADVANCED_FACE('',(#7843),#7862,.T.);
#7843 = FACE_BOUND('',#7844,.F.);
#7844 = EDGE_LOOP('',(#7845,#7853,#7854,#7855));
#7845 = ORIENTED_EDGE('',*,*,#7846,.T.);
#7846 = EDGE_CURVE('',#7847,#7636,#7849,.T.);
#7847 = VERTEX_POINT('',#7848);
#7848 = CARTESIAN_POINT('',(-93.3,-68.,359.));
#7849 = LINE('',#7850,#7851);
#7850 = CARTESIAN_POINT('',(-93.3,-68.,359.));
#7851 = VECTOR('',#7852,1.);
#7852 = DIRECTION('',(0.,1.,0.));
#7853 = ORIENTED_EDGE('',*,*,#7635,.T.);
#7854 = ORIENTED_EDGE('',*,*,#7846,.F.);
#7855 = ORIENTED_EDGE('',*,*,#7856,.F.);
#7856 = EDGE_CURVE('',#7847,#7847,#7857,.T.);
#7857 = CIRCLE('',#7858,7.);
#7858 = AXIS2_PLACEMENT_3D('',#7859,#7860,#7861);
#7859 = CARTESIAN_POINT('',(-100.3,-68.,359.));
#7860 = DIRECTION('',(-0.,1.,0.));
#7861 = DIRECTION('',(1.,0.,0.));
#7862 = CYLINDRICAL_SURFACE('',#7863,7.);
#7863 = AXIS2_PLACEMENT_3D('',#7864,#7865,#7866);
#7864 = CARTESIAN_POINT('',(-100.3,-68.,359.));
#7865 = DIRECTION('',(-0.,-1.,0.));
#7866 = DIRECTION('',(1.,0.,0.));
#7867 = ADVANCED_FACE('',(#7868),#7879,.F.);
#7868 = FACE_BOUND('',#7869,.T.);
#7869 = EDGE_LOOP('',(#7870,#7871,#7877,#7878));
#7870 = ORIENTED_EDGE('',*,*,#7646,.T.);
#7871 = ORIENTED_EDGE('',*,*,#7872,.T.);
#7872 = EDGE_CURVE('',#7647,#7750,#7873,.T.);
#7873 = LINE('',#7874,#7875);
#7874 = CARTESIAN_POINT('',(-89.6,-65.,368.));
#7875 = VECTOR('',#7876,1.);
#7876 = DIRECTION('',(0.,1.,0.));
#7877 = ORIENTED_EDGE('',*,*,#7749,.F.);
#7878 = ORIENTED_EDGE('',*,*,#7872,.F.);
#7879 = CYLINDRICAL_SURFACE('',#7880,1.7);
#7880 = AXIS2_PLACEMENT_3D('',#7881,#7882,#7883);
#7881 = CARTESIAN_POINT('',(-91.3,-65.,368.));
#7882 = DIRECTION('',(-0.,-1.,0.));
#7883 = DIRECTION('',(1.,0.,0.));
#7884 = ADVANCED_FACE('',(#7885),#7904,.F.);
#7885 = FACE_BOUND('',#7886,.T.);
#7886 = EDGE_LOOP('',(#7887,#7896,#7902,#7903));
#7887 = ORIENTED_EDGE('',*,*,#7888,.T.);
#7888 = EDGE_CURVE('',#7889,#7889,#7891,.T.);
#7889 = VERTEX_POINT('',#7890);
#7890 = CARTESIAN_POINT('',(-96.05,-68.,359.));
#7891 = CIRCLE('',#7892,4.25);
#7892 = AXIS2_PLACEMENT_3D('',#7893,#7894,#7895);
#7893 = CARTESIAN_POINT('',(-100.3,-68.,359.));
#7894 = DIRECTION('',(0.,-1.,2.2E-16));
#7895 = DIRECTION('',(1.,0.,0.));
#7896 = ORIENTED_EDGE('',*,*,#7897,.T.);
#7897 = EDGE_CURVE('',#7889,#7739,#7898,.T.);
#7898 = LINE('',#7899,#7900);
#7899 = CARTESIAN_POINT('',(-96.05,-69.,359.));
#7900 = VECTOR('',#7901,1.);
#7901 = DIRECTION('',(0.,1.,0.));
#7902 = ORIENTED_EDGE('',*,*,#7738,.F.);
#7903 = ORIENTED_EDGE('',*,*,#7897,.F.);
#7904 = CYLINDRICAL_SURFACE('',#7905,4.25);
#7905 = AXIS2_PLACEMENT_3D('',#7906,#7907,#7908);
#7906 = CARTESIAN_POINT('',(-100.3,-69.,359.));
#7907 = DIRECTION('',(-0.,-1.,0.));
#7908 = DIRECTION('',(1.,0.,0.));
#7909 = ADVANCED_FACE('',(#7910,#7913),#7916,.F.);
#7910 = FACE_BOUND('',#7911,.F.);
#7911 = EDGE_LOOP('',(#7912));
#7912 = ORIENTED_EDGE('',*,*,#7856,.T.);
#7913 = FACE_BOUND('',#7914,.F.);
#7914 = EDGE_LOOP('',(#7915));
#7915 = ORIENTED_EDGE('',*,*,#7888,.T.);
#7916 = PLANE('',#7917);
#7917 = AXIS2_PLACEMENT_3D('',#7918,#7919,#7920);
#7918 = CARTESIAN_POINT('',(-100.3,-68.,359.));
#7919 = DIRECTION('',(0.,1.,0.));
#7920 = DIRECTION('',(1.,0.,0.));
#7921 = ( GEOMETRIC_REPRESENTATION_CONTEXT(3) 
GLOBAL_UNCERTAINTY_ASSIGNED_CONTEXT((#7925)) 
GLOBAL_UNIT_ASSIGNED_CONTEXT((#7922,#7923,#7924)) REPRESENTATION_CONTEXT
('Context #1','3D Context with UNIT and UNCERTAINTY') );
#7922 = ( LENGTH_UNIT() NAMED_UNIT(*) SI_UNIT(.MILLI.,.METRE.) );
#7923 = ( NAMED_UNIT(*) PLANE_ANGLE_UNIT() SI_UNIT($,.RADIAN.) );
#7924 = ( NAMED_UNIT(*) SI_UNIT($,.STERADIAN.) SOLID_ANGLE_UNIT() );
#7925 = UNCERTAINTY_MEASURE_WITH_UNIT(LENGTH_MEASURE(1.E-07),#7922,
  'distance_accuracy_value','confusion accuracy');
#7926 = CONTEXT_DEPENDENT_SHAPE_REPRESENTATION(#7927,#7929);
#7927 = ( REPRESENTATION_RELATIONSHIP('','',#7530,#10) 
REPRESENTATION_RELATIONSHIP_WITH_TRANSFORMATION(#7928) 
SHAPE_REPRESENTATION_RELATIONSHIP() );
#7928 = ITEM_DEFINED_TRANSFORMATION('','',#11,#115);
#7929 = PRODUCT_DEFINITION_SHAPE('Placement','Placement of an item',
  #7930);
#7930 = NEXT_ASSEMBLY_USAGE_OCCURRENCE('453','HOOD_PIV_R','',#5,#7525,$
  );
#7931 = PRODUCT_RELATED_PRODUCT_CATEGORY('part',$,(#7527));
#7932 = SHAPE_DEFINITION_REPRESENTATION(#7933,#7939);
#7933 = PRODUCT_DEFINITION_SHAPE('','',#7934);
#7934 = PRODUCT_DEFINITION('design','',#7935,#7938);
#7935 = PRODUCT_DEFINITION_FORMATION('','',#7936);
#7936 = PRODUCT('HOOD_PIN_R','HOOD_PIN_R','',(#7937));
#7937 = PRODUCT_CONTEXT('',#2,'mechanical');
#7938 = PRODUCT_DEFINITION_CONTEXT('part definition',#2,'design');
#7939 = ADVANCED_BREP_SHAPE_REPRESENTATION('',(#11,#7940),#7993);
#7940 = MANIFOLD_SOLID_BREP('',#7941);
#7941 = CLOSED_SHELL('',(#7942,#7975,#7984));
#7942 = ADVANCED_FACE('',(#7943),#7970,.T.);
#7943 = FACE_BOUND('',#7944,.F.);
#7944 = EDGE_LOOP('',(#7945,#7955,#7962,#7963));
#7945 = ORIENTED_EDGE('',*,*,#7946,.T.);
#7946 = EDGE_CURVE('',#7947,#7949,#7951,.T.);
#7947 = VERTEX_POINT('',#7948);
#7948 = CARTESIAN_POINT('',(-96.3,-79.,359.));
#7949 = VERTEX_POINT('',#7950);
#7950 = CARTESIAN_POINT('',(-96.3,-55.5,359.));
#7951 = LINE('',#7952,#7953);
#7952 = CARTESIAN_POINT('',(-96.3,-79.,359.));
#7953 = VECTOR('',#7954,1.);
#7954 = DIRECTION('',(0.,1.,-2.22044604925E-16));
#7955 = ORIENTED_EDGE('',*,*,#7956,.T.);
#7956 = EDGE_CURVE('',#7949,#7949,#7957,.T.);
#7957 = CIRCLE('',#7958,4.);
#7958 = AXIS2_PLACEMENT_3D('',#7959,#7960,#7961);
#7959 = CARTESIAN_POINT('',(-100.3,-55.5,359.));
#7960 = DIRECTION('',(0.,1.,-2.22044604925E-16));
#7961 = DIRECTION('',(1.,0.,0.));
#7962 = ORIENTED_EDGE('',*,*,#7946,.F.);
#7963 = ORIENTED_EDGE('',*,*,#7964,.F.);
#7964 = EDGE_CURVE('',#7947,#7947,#7965,.T.);
#7965 = CIRCLE('',#7966,4.);
#7966 = AXIS2_PLACEMENT_3D('',#7967,#7968,#7969);
#7967 = CARTESIAN_POINT('',(-100.3,-79.,359.));
#7968 = DIRECTION('',(0.,1.,-2.22044604925E-16));
#7969 = DIRECTION('',(1.,0.,0.));
#7970 = CYLINDRICAL_SURFACE('',#7971,4.);
#7971 = AXIS2_PLACEMENT_3D('',#7972,#7973,#7974);
#7972 = CARTESIAN_POINT('',(-100.3,-79.,359.));
#7973 = DIRECTION('',(-0.,-1.,2.22044604925E-16));
#7974 = DIRECTION('',(1.,0.,0.));
#7975 = ADVANCED_FACE('',(#7976),#7979,.F.);
#7976 = FACE_BOUND('',#7977,.T.);
#7977 = EDGE_LOOP('',(#7978));
#7978 = ORIENTED_EDGE('',*,*,#7964,.F.);
#7979 = PLANE('',#7980);
#7980 = AXIS2_PLACEMENT_3D('',#7981,#7982,#7983);
#7981 = CARTESIAN_POINT('',(-100.3,-79.,359.));
#7982 = DIRECTION('',(0.,1.,-2.22044604925E-16));
#7983 = DIRECTION('',(1.,0.,0.));
#7984 = ADVANCED_FACE('',(#7985),#7988,.T.);
#7985 = FACE_BOUND('',#7986,.F.);
#7986 = EDGE_LOOP('',(#7987));
#7987 = ORIENTED_EDGE('',*,*,#7956,.F.);
#7988 = PLANE('',#7989);
#7989 = AXIS2_PLACEMENT_3D('',#7990,#7991,#7992);
#7990 = CARTESIAN_POINT('',(-100.3,-55.5,359.));
#7991 = DIRECTION('',(0.,1.,-2.22044604925E-16));
#7992 = DIRECTION('',(1.,0.,0.));
#7993 = ( GEOMETRIC_REPRESENTATION_CONTEXT(3) 
GLOBAL_UNCERTAINTY_ASSIGNED_CONTEXT((#7997)) 
GLOBAL_UNIT_ASSIGNED_CONTEXT((#7994,#7995,#7996)) REPRESENTATION_CONTEXT
('Context #1','3D Context with UNIT and UNCERTAINTY') );
#7994 = ( LENGTH_UNIT() NAMED_UNIT(*) SI_UNIT(.MILLI.,.METRE.) );
#7995 = ( NAMED_UNIT(*) PLANE_ANGLE_UNIT() SI_UNIT($,.RADIAN.) );
#7996 = ( NAMED_UNIT(*) SI_UNIT($,.STERADIAN.) SOLID_ANGLE_UNIT() );
#7997 = UNCERTAINTY_MEASURE_WITH_UNIT(LENGTH_MEASURE(1.E-07),#7994,
  'distance_accuracy_value','confusion accuracy');
#7998 = CONTEXT_DEPENDENT_SHAPE_REPRESENTATION(#7999,#8001);
#7999 = ( REPRESENTATION_RELATIONSHIP('','',#7939,#10) 
REPRESENTATION_RELATIONSHIP_WITH_TRANSFORMATION(#8000) 
SHAPE_REPRESENTATION_RELATIONSHIP() );
#8000 = ITEM_DEFINED_TRANSFORMATION('','',#11,#119);
#8001 = PRODUCT_DEFINITION_SHAPE('Placement','Placement of an item',
  #8002);
#8002 = NEXT_ASSEMBLY_USAGE_OCCURRENCE('454','HOOD_PIN_R','',#5,#7934,$
  );
#8003 = PRODUCT_RELATED_PRODUCT_CATEGORY('part',$,(#7936));
#8004 = SHAPE_DEFINITION_REPRESENTATION(#8005,#8011);
#8005 = PRODUCT_DEFINITION_SHAPE('','',#8006);
#8006 = PRODUCT_DEFINITION('design','',#8007,#8010);
#8007 = PRODUCT_DEFINITION_FORMATION('','',#8008);
#8008 = PRODUCT('HOOD_COL_R','HOOD_COL_R','',(#8009));
#8009 = PRODUCT_CONTEXT('',#2,'mechanical');
#8010 = PRODUCT_DEFINITION_CONTEXT('part definition',#2,'design');
#8011 = ADVANCED_BREP_SHAPE_REPRESENTATION('',(#11,#8012),#8104);
#8012 = MANIFOLD_SOLID_BREP('',#8013);
#8013 = CLOSED_SHELL('',(#8014,#8047,#8067,#8087));
#8014 = ADVANCED_FACE('',(#8015),#8042,.T.);
#8015 = FACE_BOUND('',#8016,.F.);
#8016 = EDGE_LOOP('',(#8017,#8027,#8034,#8035));
#8017 = ORIENTED_EDGE('',*,*,#8018,.T.);
#8018 = EDGE_CURVE('',#8019,#8021,#8023,.T.);
#8019 = VERTEX_POINT('',#8020);
#8020 = CARTESIAN_POINT('',(-93.3,-79.,359.));
#8021 = VERTEX_POINT('',#8022);
#8022 = CARTESIAN_POINT('',(-93.3,-74.,359.));
#8023 = LINE('',#8024,#8025);
#8024 = CARTESIAN_POINT('',(-93.3,-79.,359.));
#8025 = VECTOR('',#8026,1.);
#8026 = DIRECTION('',(0.,1.,0.));
#8027 = ORIENTED_EDGE('',*,*,#8028,.T.);
#8028 = EDGE_CURVE('',#8021,#8021,#8029,.T.);
#8029 = CIRCLE('',#8030,7.);
#8030 = AXIS2_PLACEMENT_3D('',#8031,#8032,#8033);
#8031 = CARTESIAN_POINT('',(-100.3,-74.,359.));
#8032 = DIRECTION('',(-0.,1.,0.));
#8033 = DIRECTION('',(1.,0.,0.));
#8034 = ORIENTED_EDGE('',*,*,#8018,.F.);
#8035 = ORIENTED_EDGE('',*,*,#8036,.F.);
#8036 = EDGE_CURVE('',#8019,#8019,#8037,.T.);
#8037 = CIRCLE('',#8038,7.);
#8038 = AXIS2_PLACEMENT_3D('',#8039,#8040,#8041);
#8039 = CARTESIAN_POINT('',(-100.3,-79.,359.));
#8040 = DIRECTION('',(-0.,1.,0.));
#8041 = DIRECTION('',(1.,0.,0.));
#8042 = CYLINDRICAL_SURFACE('',#8043,7.);
#8043 = AXIS2_PLACEMENT_3D('',#8044,#8045,#8046);
#8044 = CARTESIAN_POINT('',(-100.3,-79.,359.));
#8045 = DIRECTION('',(-0.,-1.,0.));
#8046 = DIRECTION('',(1.,0.,0.));
#8047 = ADVANCED_FACE('',(#8048,#8051),#8062,.F.);
#8048 = FACE_BOUND('',#8049,.F.);
#8049 = EDGE_LOOP('',(#8050));
#8050 = ORIENTED_EDGE('',*,*,#8036,.T.);
#8051 = FACE_BOUND('',#8052,.F.);
#8052 = EDGE_LOOP('',(#8053));
#8053 = ORIENTED_EDGE('',*,*,#8054,.T.);
#8054 = EDGE_CURVE('',#8055,#8055,#8057,.T.);
#8055 = VERTEX_POINT('',#8056);
#8056 = CARTESIAN_POINT('',(-96.8,-79.,359.));
#8057 = CIRCLE('',#8058,3.5);
#8058 = AXIS2_PLACEMENT_3D('',#8059,#8060,#8061);
#8059 = CARTESIAN_POINT('',(-100.3,-79.,359.));
#8060 = DIRECTION('',(0.,-1.,2.2E-16));
#8061 = DIRECTION('',(1.,0.,0.));
#8062 = PLANE('',#8063);
#8063 = AXIS2_PLACEMENT_3D('',#8064,#8065,#8066);
#8064 = CARTESIAN_POINT('',(-100.3,-79.,359.));
#8065 = DIRECTION('',(0.,1.,0.));
#8066 = DIRECTION('',(1.,0.,0.));
#8067 = ADVANCED_FACE('',(#8068,#8071),#8082,.T.);
#8068 = FACE_BOUND('',#8069,.T.);
#8069 = EDGE_LOOP('',(#8070));
#8070 = ORIENTED_EDGE('',*,*,#8028,.T.);
#8071 = FACE_BOUND('',#8072,.T.);
#8072 = EDGE_LOOP('',(#8073));
#8073 = ORIENTED_EDGE('',*,*,#8074,.T.);
#8074 = EDGE_CURVE('',#8075,#8075,#8077,.T.);
#8075 = VERTEX_POINT('',#8076);
#8076 = CARTESIAN_POINT('',(-96.8,-74.,359.));
#8077 = CIRCLE('',#8078,3.5);
#8078 = AXIS2_PLACEMENT_3D('',#8079,#8080,#8081);
#8079 = CARTESIAN_POINT('',(-100.3,-74.,359.));
#8080 = DIRECTION('',(0.,-1.,2.2E-16));
#8081 = DIRECTION('',(1.,0.,0.));
#8082 = PLANE('',#8083);
#8083 = AXIS2_PLACEMENT_3D('',#8084,#8085,#8086);
#8084 = CARTESIAN_POINT('',(-100.3,-74.,359.));
#8085 = DIRECTION('',(0.,1.,0.));
#8086 = DIRECTION('',(1.,0.,0.));
#8087 = ADVANCED_FACE('',(#8088),#8099,.F.);
#8088 = FACE_BOUND('',#8089,.T.);
#8089 = EDGE_LOOP('',(#8090,#8091,#8097,#8098));
#8090 = ORIENTED_EDGE('',*,*,#8054,.T.);
#8091 = ORIENTED_EDGE('',*,*,#8092,.T.);
#8092 = EDGE_CURVE('',#8055,#8075,#8093,.T.);
#8093 = LINE('',#8094,#8095);
#8094 = CARTESIAN_POINT('',(-96.8,-80.,359.));
#8095 = VECTOR('',#8096,1.);
#8096 = DIRECTION('',(0.,1.,0.));
#8097 = ORIENTED_EDGE('',*,*,#8074,.F.);
#8098 = ORIENTED_EDGE('',*,*,#8092,.F.);
#8099 = CYLINDRICAL_SURFACE('',#8100,3.5);
#8100 = AXIS2_PLACEMENT_3D('',#8101,#8102,#8103);
#8101 = CARTESIAN_POINT('',(-100.3,-80.,359.));
#8102 = DIRECTION('',(-0.,-1.,0.));
#8103 = DIRECTION('',(1.,0.,0.));
#8104 = ( GEOMETRIC_REPRESENTATION_CONTEXT(3) 
GLOBAL_UNCERTAINTY_ASSIGNED_CONTEXT((#8108)) 
GLOBAL_UNIT_ASSIGNED_CONTEXT((#8105,#8106,#8107)) REPRESENTATION_CONTEXT
('Context #1','3D Context with UNIT and UNCERTAINTY') );
#8105 = ( LENGTH_UNIT() NAMED_UNIT(*) SI_UNIT(.MILLI.,.METRE.) );
#8106 = ( NAMED_UNIT(*) PLANE_ANGLE_UNIT() SI_UNIT($,.RADIAN.) );
#8107 = ( NAMED_UNIT(*) SI_UNIT($,.STERADIAN.) SOLID_ANGLE_UNIT() );
#8108 = UNCERTAINTY_MEASURE_WITH_UNIT(LENGTH_MEASURE(1.E-07),#8105,
  'distance_accuracy_value','confusion accuracy');
#8109 = CONTEXT_DEPENDENT_SHAPE_REPRESENTATION(#8110,#8112);
#8110 = ( REPRESENTATION_RELATIONSHIP('','',#8011,#10) 
REPRESENTATION_RELATIONSHIP_WITH_TRANSFORMATION(#8111) 
SHAPE_REPRESENTATION_RELATIONSHIP() );
#8111 = ITEM_DEFINED_TRANSFORMATION('','',#11,#123);
#8112 = PRODUCT_DEFINITION_SHAPE('Placement','Placement of an item',
  #8113);
#8113 = NEXT_ASSEMBLY_USAGE_OCCURRENCE('455','HOOD_COL_R','',#5,#8006,$
  );
#8114 = PRODUCT_RELATED_PRODUCT_CATEGORY('part',$,(#8008));
#8115 = SHAPE_DEFINITION_REPRESENTATION(#8116,#8122);
#8116 = PRODUCT_DEFINITION_SHAPE('','',#8117);
#8117 = PRODUCT_DEFINITION('design','',#8118,#8121);
#8118 = PRODUCT_DEFINITION_FORMATION('','',#8119);
#8119 = PRODUCT('HOOD_SERVO','HOOD_SERVO','',(#8120));
#8120 = PRODUCT_CONTEXT('',#2,'mechanical');
#8121 = PRODUCT_DEFINITION_CONTEXT('part definition',#2,'design');
#8122 = ADVANCED_BREP_SHAPE_REPRESENTATION('',(#11,#8123),#8376);
#8123 = MANIFOLD_SOLID_BREP('',#8124);
#8124 = CLOSED_SHELL('',(#8125,#8165,#8222,#8269,#8293,#8310,#8322,#8357
    ,#8367));
#8125 = ADVANCED_FACE('',(#8126),#8160,.F.);
#8126 = FACE_BOUND('',#8127,.F.);
#8127 = EDGE_LOOP('',(#8128,#8138,#8146,#8154));
#8128 = ORIENTED_EDGE('',*,*,#8129,.F.);
#8129 = EDGE_CURVE('',#8130,#8132,#8134,.T.);
#8130 = VERTEX_POINT('',#8131);
#8131 = CARTESIAN_POINT('',(-95.,-81.,328.));
#8132 = VERTEX_POINT('',#8133);
#8133 = CARTESIAN_POINT('',(-95.,-81.,358.));
#8134 = LINE('',#8135,#8136);
#8135 = CARTESIAN_POINT('',(-95.,-81.,328.));
#8136 = VECTOR('',#8137,1.);
#8137 = DIRECTION('',(0.,0.,1.));
#8138 = ORIENTED_EDGE('',*,*,#8139,.T.);
#8139 = EDGE_CURVE('',#8130,#8140,#8142,.T.);
#8140 = VERTEX_POINT('',#8141);
#8141 = CARTESIAN_POINT('',(-95.,-69.,328.));
#8142 = LINE('',#8143,#8144);
#8143 = CARTESIAN_POINT('',(-95.,-81.,328.));
#8144 = VECTOR('',#8145,1.);
#8145 = DIRECTION('',(0.,1.,0.));
#8146 = ORIENTED_EDGE('',*,*,#8147,.T.);
#8147 = EDGE_CURVE('',#8140,#8148,#8150,.T.);
#8148 = VERTEX_POINT('',#8149);
#8149 = CARTESIAN_POINT('',(-95.,-69.,358.));
#8150 = LINE('',#8151,#8152);
#8151 = CARTESIAN_POINT('',(-95.,-69.,328.));
#8152 = VECTOR('',#8153,1.);
#8153 = DIRECTION('',(0.,0.,1.));
#8154 = ORIENTED_EDGE('',*,*,#8155,.F.);
#8155 = EDGE_CURVE('',#8132,#8148,#8156,.T.);
#8156 = LINE('',#8157,#8158);
#8157 = CARTESIAN_POINT('',(-95.,-81.,358.));
#8158 = VECTOR('',#8159,1.);
#8159 = DIRECTION('',(0.,1.,0.));
#8160 = PLANE('',#8161);
#8161 = AXIS2_PLACEMENT_3D('',#8162,#8163,#8164);
#8162 = CARTESIAN_POINT('',(-95.,-81.,328.));
#8163 = DIRECTION('',(1.,0.,0.));
#8164 = DIRECTION('',(0.,0.,1.));
#8165 = ADVANCED_FACE('',(#8166),#8217,.F.);
#8166 = FACE_BOUND('',#8167,.F.);
#8167 = EDGE_LOOP('',(#8168,#8178,#8184,#8185,#8193,#8202,#8211));
#8168 = ORIENTED_EDGE('',*,*,#8169,.F.);
#8169 = EDGE_CURVE('',#8170,#8172,#8174,.T.);
#8170 = VERTEX_POINT('',#8171);
#8171 = CARTESIAN_POINT('',(-72.,-81.,328.));
#8172 = VERTEX_POINT('',#8173);
#8173 = CARTESIAN_POINT('',(-72.,-81.,358.));
#8174 = LINE('',#8175,#8176);
#8175 = CARTESIAN_POINT('',(-72.,-81.,328.));
#8176 = VECTOR('',#8177,1.);
#8177 = DIRECTION('',(0.,0.,1.));
#8178 = ORIENTED_EDGE('',*,*,#8179,.F.);
#8179 = EDGE_CURVE('',#8130,#8170,#8180,.T.);
#8180 = LINE('',#8181,#8182);
#8181 = CARTESIAN_POINT('',(-95.,-81.,328.));
#8182 = VECTOR('',#8183,1.);
#8183 = DIRECTION('',(1.,0.,0.));
#8184 = ORIENTED_EDGE('',*,*,#8129,.T.);
#8185 = ORIENTED_EDGE('',*,*,#8186,.T.);
#8186 = EDGE_CURVE('',#8132,#8187,#8189,.T.);
#8187 = VERTEX_POINT('',#8188);
#8188 = CARTESIAN_POINT('',(-87.8729833462,-81.,358.));
#8189 = LINE('',#8190,#8191);
#8190 = CARTESIAN_POINT('',(-95.,-81.,358.));
#8191 = VECTOR('',#8192,1.);
#8192 = DIRECTION('',(1.,0.,0.));
#8193 = ORIENTED_EDGE('',*,*,#8194,.T.);
#8194 = EDGE_CURVE('',#8187,#8195,#8197,.T.);
#8195 = VERTEX_POINT('',#8196);
#8196 = CARTESIAN_POINT('',(-80.,-81.,357.));
#8197 = CIRCLE('',#8198,4.);
#8198 = AXIS2_PLACEMENT_3D('',#8199,#8200,#8201);
#8199 = CARTESIAN_POINT('',(-84.,-81.,357.));
#8200 = DIRECTION('',(0.,-1.,2.2E-16));
#8201 = DIRECTION('',(1.,0.,0.));
#8202 = ORIENTED_EDGE('',*,*,#8203,.T.);
#8203 = EDGE_CURVE('',#8195,#8204,#8206,.T.);
#8204 = VERTEX_POINT('',#8205);
#8205 = CARTESIAN_POINT('',(-80.12701665379,-81.,358.));
#8206 = CIRCLE('',#8207,4.);
#8207 = AXIS2_PLACEMENT_3D('',#8208,#8209,#8210);
#8208 = CARTESIAN_POINT('',(-84.,-81.,357.));
#8209 = DIRECTION('',(0.,-1.,2.2E-16));
#8210 = DIRECTION('',(1.,0.,0.));
#8211 = ORIENTED_EDGE('',*,*,#8212,.T.);
#8212 = EDGE_CURVE('',#8204,#8172,#8213,.T.);
#8213 = LINE('',#8214,#8215);
#8214 = CARTESIAN_POINT('',(-95.,-81.,358.));
#8215 = VECTOR('',#8216,1.);
#8216 = DIRECTION('',(1.,0.,0.));
#8217 = PLANE('',#8218);
#8218 = AXIS2_PLACEMENT_3D('',#8219,#8220,#8221);
#8219 = CARTESIAN_POINT('',(-95.,-81.,328.));
#8220 = DIRECTION('',(0.,1.,0.));
#8221 = DIRECTION('',(0.,0.,1.));
#8222 = ADVANCED_FACE('',(#8223),#8264,.T.);
#8223 = FACE_BOUND('',#8224,.T.);
#8224 = EDGE_LOOP('',(#8225,#8233,#8234,#8235,#8243,#8251,#8257,#8258));
#8225 = ORIENTED_EDGE('',*,*,#8226,.F.);
#8226 = EDGE_CURVE('',#8148,#8227,#8229,.T.);
#8227 = VERTEX_POINT('',#8228);
#8228 = CARTESIAN_POINT('',(-72.,-69.,358.));
#8229 = LINE('',#8230,#8231);
#8230 = CARTESIAN_POINT('',(-95.,-69.,358.));
#8231 = VECTOR('',#8232,1.);
#8232 = DIRECTION('',(1.,0.,0.));
#8233 = ORIENTED_EDGE('',*,*,#8155,.F.);
#8234 = ORIENTED_EDGE('',*,*,#8186,.T.);
#8235 = ORIENTED_EDGE('',*,*,#8236,.F.);
#8236 = EDGE_CURVE('',#8237,#8187,#8239,.T.);
#8237 = VERTEX_POINT('',#8238);
#8238 = CARTESIAN_POINT('',(-87.8729833462,-79.,358.));
#8239 = LINE('',#8240,#8241);
#8240 = CARTESIAN_POINT('',(-87.8729833462,-83.,358.));
#8241 = VECTOR('',#8242,1.);
#8242 = DIRECTION('',(0.,-1.,2.2E-16));
#8243 = ORIENTED_EDGE('',*,*,#8244,.F.);
#8244 = EDGE_CURVE('',#8245,#8237,#8247,.T.);
#8245 = VERTEX_POINT('',#8246);
#8246 = CARTESIAN_POINT('',(-80.12701665379,-79.,358.));
#8247 = LINE('',#8248,#8249);
#8248 = CARTESIAN_POINT('',(-89.5,-79.,358.));
#8249 = VECTOR('',#8250,1.);
#8250 = DIRECTION('',(-1.,0.,0.));
#8251 = ORIENTED_EDGE('',*,*,#8252,.T.);
#8252 = EDGE_CURVE('',#8245,#8204,#8253,.T.);
#8253 = LINE('',#8254,#8255);
#8254 = CARTESIAN_POINT('',(-80.12701665379,-83.,358.));
#8255 = VECTOR('',#8256,1.);
#8256 = DIRECTION('',(0.,-1.,2.2E-16));
#8257 = ORIENTED_EDGE('',*,*,#8212,.T.);
#8258 = ORIENTED_EDGE('',*,*,#8259,.T.);
#8259 = EDGE_CURVE('',#8172,#8227,#8260,.T.);
#8260 = LINE('',#8261,#8262);
#8261 = CARTESIAN_POINT('',(-72.,-81.,358.));
#8262 = VECTOR('',#8263,1.);
#8263 = DIRECTION('',(0.,1.,0.));
#8264 = PLANE('',#8265);
#8265 = AXIS2_PLACEMENT_3D('',#8266,#8267,#8268);
#8266 = CARTESIAN_POINT('',(-95.,-81.,358.));
#8267 = DIRECTION('',(0.,0.,1.));
#8268 = DIRECTION('',(1.,0.,0.));
#8269 = ADVANCED_FACE('',(#8270),#8288,.T.);
#8270 = FACE_BOUND('',#8271,.T.);
#8271 = EDGE_LOOP('',(#8272,#8280,#8281,#8282));
#8272 = ORIENTED_EDGE('',*,*,#8273,.F.);
#8273 = EDGE_CURVE('',#8140,#8274,#8276,.T.);
#8274 = VERTEX_POINT('',#8275);
#8275 = CARTESIAN_POINT('',(-72.,-69.,328.));
#8276 = LINE('',#8277,#8278);
#8277 = CARTESIAN_POINT('',(-95.,-69.,328.));
#8278 = VECTOR('',#8279,1.);
#8279 = DIRECTION('',(1.,0.,0.));
#8280 = ORIENTED_EDGE('',*,*,#8147,.T.);
#8281 = ORIENTED_EDGE('',*,*,#8226,.T.);
#8282 = ORIENTED_EDGE('',*,*,#8283,.F.);
#8283 = EDGE_CURVE('',#8274,#8227,#8284,.T.);
#8284 = LINE('',#8285,#8286);
#8285 = CARTESIAN_POINT('',(-72.,-69.,328.));
#8286 = VECTOR('',#8287,1.);
#8287 = DIRECTION('',(0.,0.,1.));
#8288 = PLANE('',#8289);
#8289 = AXIS2_PLACEMENT_3D('',#8290,#8291,#8292);
#8290 = CARTESIAN_POINT('',(-95.,-69.,328.));
#8291 = DIRECTION('',(0.,1.,0.));
#8292 = DIRECTION('',(0.,0.,1.));
#8293 = ADVANCED_FACE('',(#8294),#8305,.F.);
#8294 = FACE_BOUND('',#8295,.F.);
#8295 = EDGE_LOOP('',(#8296,#8297,#8298,#8304));
#8296 = ORIENTED_EDGE('',*,*,#8139,.F.);
#8297 = ORIENTED_EDGE('',*,*,#8179,.T.);
#8298 = ORIENTED_EDGE('',*,*,#8299,.T.);
#8299 = EDGE_CURVE('',#8170,#8274,#8300,.T.);
#8300 = LINE('',#8301,#8302);
#8301 = CARTESIAN_POINT('',(-72.,-81.,328.));
#8302 = VECTOR('',#8303,1.);
#8303 = DIRECTION('',(0.,1.,0.));
#8304 = ORIENTED_EDGE('',*,*,#8273,.F.);
#8305 = PLANE('',#8306);
#8306 = AXIS2_PLACEMENT_3D('',#8307,#8308,#8309);
#8307 = CARTESIAN_POINT('',(-95.,-81.,328.));
#8308 = DIRECTION('',(0.,0.,1.));
#8309 = DIRECTION('',(1.,0.,0.));
#8310 = ADVANCED_FACE('',(#8311),#8317,.T.);
#8311 = FACE_BOUND('',#8312,.T.);
#8312 = EDGE_LOOP('',(#8313,#8314,#8315,#8316));
#8313 = ORIENTED_EDGE('',*,*,#8169,.F.);
#8314 = ORIENTED_EDGE('',*,*,#8299,.T.);
#8315 = ORIENTED_EDGE('',*,*,#8283,.T.);
#8316 = ORIENTED_EDGE('',*,*,#8259,.F.);
#8317 = PLANE('',#8318);
#8318 = AXIS2_PLACEMENT_3D('',#8319,#8320,#8321);
#8319 = CARTESIAN_POINT('',(-72.,-81.,328.));
#8320 = DIRECTION('',(1.,0.,0.));
#8321 = DIRECTION('',(0.,0.,1.));
#8322 = ADVANCED_FACE('',(#8323),#8352,.T.);
#8323 = FACE_BOUND('',#8324,.F.);
#8324 = EDGE_LOOP('',(#8325,#8334,#8340,#8341,#8342,#8349,#8350,#8351));
#8325 = ORIENTED_EDGE('',*,*,#8326,.F.);
#8326 = EDGE_CURVE('',#8327,#8327,#8329,.T.);
#8327 = VERTEX_POINT('',#8328);
#8328 = CARTESIAN_POINT('',(-80.,-83.,357.));
#8329 = CIRCLE('',#8330,4.);
#8330 = AXIS2_PLACEMENT_3D('',#8331,#8332,#8333);
#8331 = CARTESIAN_POINT('',(-84.,-83.,357.));
#8332 = DIRECTION('',(-0.,1.,0.));
#8333 = DIRECTION('',(1.,0.,0.));
#8334 = ORIENTED_EDGE('',*,*,#8335,.T.);
#8335 = EDGE_CURVE('',#8327,#8195,#8336,.T.);
#8336 = LINE('',#8337,#8338);
#8337 = CARTESIAN_POINT('',(-80.,-83.,357.));
#8338 = VECTOR('',#8339,1.);
#8339 = DIRECTION('',(0.,1.,0.));
#8340 = ORIENTED_EDGE('',*,*,#8194,.F.);
#8341 = ORIENTED_EDGE('',*,*,#8236,.F.);
#8342 = ORIENTED_EDGE('',*,*,#8343,.T.);
#8343 = EDGE_CURVE('',#8237,#8245,#8344,.T.);
#8344 = CIRCLE('',#8345,4.);
#8345 = AXIS2_PLACEMENT_3D('',#8346,#8347,#8348);
#8346 = CARTESIAN_POINT('',(-84.,-79.,357.));
#8347 = DIRECTION('',(-0.,1.,0.));
#8348 = DIRECTION('',(1.,0.,0.));
#8349 = ORIENTED_EDGE('',*,*,#8252,.T.);
#8350 = ORIENTED_EDGE('',*,*,#8203,.F.);
#8351 = ORIENTED_EDGE('',*,*,#8335,.F.);
#8352 = CYLINDRICAL_SURFACE('',#8353,4.);
#8353 = AXIS2_PLACEMENT_3D('',#8354,#8355,#8356);
#8354 = CARTESIAN_POINT('',(-84.,-83.,357.));
#8355 = DIRECTION('',(-0.,-1.,0.));
#8356 = DIRECTION('',(1.,0.,0.));
#8357 = ADVANCED_FACE('',(#8358),#8362,.T.);
#8358 = FACE_BOUND('',#8359,.T.);
#8359 = EDGE_LOOP('',(#8360,#8361));
#8360 = ORIENTED_EDGE('',*,*,#8244,.T.);
#8361 = ORIENTED_EDGE('',*,*,#8343,.T.);
#8362 = PLANE('',#8363);
#8363 = AXIS2_PLACEMENT_3D('',#8364,#8365,#8366);
#8364 = CARTESIAN_POINT('',(-84.,-79.,357.));
#8365 = DIRECTION('',(0.,1.,0.));
#8366 = DIRECTION('',(1.,0.,0.));
#8367 = ADVANCED_FACE('',(#8368),#8371,.F.);
#8368 = FACE_BOUND('',#8369,.T.);
#8369 = EDGE_LOOP('',(#8370));
#8370 = ORIENTED_EDGE('',*,*,#8326,.F.);
#8371 = PLANE('',#8372);
#8372 = AXIS2_PLACEMENT_3D('',#8373,#8374,#8375);
#8373 = CARTESIAN_POINT('',(-84.,-83.,357.));
#8374 = DIRECTION('',(0.,1.,0.));
#8375 = DIRECTION('',(1.,0.,0.));
#8376 = ( GEOMETRIC_REPRESENTATION_CONTEXT(3) 
GLOBAL_UNCERTAINTY_ASSIGNED_CONTEXT((#8380)) 
GLOBAL_UNIT_ASSIGNED_CONTEXT((#8377,#8378,#8379)) REPRESENTATION_CONTEXT
('Context #1','3D Context with UNIT and UNCERTAINTY') );
#8377 = ( LENGTH_UNIT() NAMED_UNIT(*) SI_UNIT(.MILLI.,.METRE.) );
#8378 = ( NAMED_UNIT(*) PLANE_ANGLE_UNIT() SI_UNIT($,.RADIAN.) );
#8379 = ( NAMED_UNIT(*) SI_UNIT($,.STERADIAN.) SOLID_ANGLE_UNIT() );
#8380 = UNCERTAINTY_MEASURE_WITH_UNIT(LENGTH_MEASURE(2.E-06),#8377,
  'distance_accuracy_value','confusion accuracy');
#8381 = CONTEXT_DEPENDENT_SHAPE_REPRESENTATION(#8382,#8384);
#8382 = ( REPRESENTATION_RELATIONSHIP('','',#8122,#10) 
REPRESENTATION_RELATIONSHIP_WITH_TRANSFORMATION(#8383) 
SHAPE_REPRESENTATION_RELATIONSHIP() );
#8383 = ITEM_DEFINED_TRANSFORMATION('','',#11,#127);
#8384 = PRODUCT_DEFINITION_SHAPE('Placement','Placement of an item',
  #8385);
#8385 = NEXT_ASSEMBLY_USAGE_OCCURRENCE('456','HOOD_SERVO','',#5,#8117,$
  );
#8386 = PRODUCT_RELATED_PRODUCT_CATEGORY('part',$,(#8119));
#8387 = SHAPE_DEFINITION_REPRESENTATION(#8388,#8394);
#8388 = PRODUCT_DEFINITION_SHAPE('','',#8389);
#8389 = PRODUCT_DEFINITION('design','',#8390,#8393);
#8390 = PRODUCT_DEFINITION_FORMATION('','',#8391);
#8391 = PRODUCT('HOOD_LINK','HOOD_LINK','',(#8392));
#8392 = PRODUCT_CONTEXT('',#2,'mechanical');
#8393 = PRODUCT_DEFINITION_CONTEXT('part definition',#2,'design');
#8394 = ADVANCED_BREP_SHAPE_REPRESENTATION('',(#11,#8395),#8448);
#8395 = MANIFOLD_SOLID_BREP('',#8396);
#8396 = CLOSED_SHELL('',(#8397,#8430,#8439));
#8397 = ADVANCED_FACE('',(#8398),#8425,.T.);
#8398 = FACE_BOUND('',#8399,.T.);
#8399 = EDGE_LOOP('',(#8400,#8409,#8417,#8424));
#8400 = ORIENTED_EDGE('',*,*,#8401,.F.);
#8401 = EDGE_CURVE('',#8402,#8402,#8404,.T.);
#8402 = VERTEX_POINT('',#8403);
#8403 = CARTESIAN_POINT('',(-95.87687579201,-75.18533675356,
    349.76494616496));
#8404 = CIRCLE('',#8405,1.6);
#8405 = AXIS2_PLACEMENT_3D('',#8406,#8407,#8408);
#8406 = CARTESIAN_POINT('',(-94.85258075254,-73.95618270621,
    349.76494616496));
#8407 = DIRECTION('',(-0.683763458758,0.569802882298,-0.455842305839));
#8408 = DIRECTION('',(-0.640184399664,-0.768221279597,
    -2.775557561563E-17));
#8409 = ORIENTED_EDGE('',*,*,#8410,.F.);
#8410 = EDGE_CURVE('',#8411,#8402,#8413,.T.);
#8411 = VERTEX_POINT('',#8412);
#8412 = CARTESIAN_POINT('',(-82.77429503946,-86.10415404735,358.5));
#8413 = LINE('',#8414,#8415);
#8414 = CARTESIAN_POINT('',(-82.77429503946,-86.10415404735,358.5));
#8415 = VECTOR('',#8416,1.);
#8416 = DIRECTION('',(-0.683763458758,0.569802882298,-0.455842305839));
#8417 = ORIENTED_EDGE('',*,*,#8418,.T.);
#8418 = EDGE_CURVE('',#8411,#8411,#8419,.T.);
#8419 = CIRCLE('',#8420,1.6);
#8420 = AXIS2_PLACEMENT_3D('',#8421,#8422,#8423);
#8421 = CARTESIAN_POINT('',(-81.75,-84.875,358.5));
#8422 = DIRECTION('',(-0.683763458758,0.569802882298,-0.455842305839));
#8423 = DIRECTION('',(-0.640184399664,-0.768221279597,
    -2.775557561563E-17));
#8424 = ORIENTED_EDGE('',*,*,#8410,.T.);
#8425 = CYLINDRICAL_SURFACE('',#8426,1.6);
#8426 = AXIS2_PLACEMENT_3D('',#8427,#8428,#8429);
#8427 = CARTESIAN_POINT('',(-81.75,-84.875,358.5));
#8428 = DIRECTION('',(-0.683763458758,0.569802882298,-0.455842305839));
#8429 = DIRECTION('',(-0.640184399664,-0.768221279597,
    -2.775557561563E-17));
#8430 = ADVANCED_FACE('',(#8431),#8434,.T.);
#8431 = FACE_BOUND('',#8432,.T.);
#8432 = EDGE_LOOP('',(#8433));
#8433 = ORIENTED_EDGE('',*,*,#8401,.T.);
#8434 = PLANE('',#8435);
#8435 = AXIS2_PLACEMENT_3D('',#8436,#8437,#8438);
#8436 = CARTESIAN_POINT('',(-94.85258075254,-73.95618270621,
    349.76494616496));
#8437 = DIRECTION('',(-0.683763458758,0.569802882298,-0.455842305839));
#8438 = DIRECTION('',(-0.640184399664,-0.768221279597,
    -2.775557561563E-17));
#8439 = ADVANCED_FACE('',(#8440),#8443,.F.);
#8440 = FACE_BOUND('',#8441,.T.);
#8441 = EDGE_LOOP('',(#8442));
#8442 = ORIENTED_EDGE('',*,*,#8418,.F.);
#8443 = PLANE('',#8444);
#8444 = AXIS2_PLACEMENT_3D('',#8445,#8446,#8447);
#8445 = CARTESIAN_POINT('',(-81.75,-84.875,358.5));
#8446 = DIRECTION('',(-0.683763458758,0.569802882298,-0.455842305839));
#8447 = DIRECTION('',(-0.640184399664,-0.768221279597,
    -2.775557561563E-17));
#8448 = ( GEOMETRIC_REPRESENTATION_CONTEXT(3) 
GLOBAL_UNCERTAINTY_ASSIGNED_CONTEXT((#8452)) 
GLOBAL_UNIT_ASSIGNED_CONTEXT((#8449,#8450,#8451)) REPRESENTATION_CONTEXT
('Context #1','3D Context with UNIT and UNCERTAINTY') );
#8449 = ( LENGTH_UNIT() NAMED_UNIT(*) SI_UNIT(.MILLI.,.METRE.) );
#8450 = ( NAMED_UNIT(*) PLANE_ANGLE_UNIT() SI_UNIT($,.RADIAN.) );
#8451 = ( NAMED_UNIT(*) SI_UNIT($,.STERADIAN.) SOLID_ANGLE_UNIT() );
#8452 = UNCERTAINTY_MEASURE_WITH_UNIT(LENGTH_MEASURE(1.E-07),#8449,
  'distance_accuracy_value','confusion accuracy');
#8453 = CONTEXT_DEPENDENT_SHAPE_REPRESENTATION(#8454,#8456);
#8454 = ( REPRESENTATION_RELATIONSHIP('','',#8394,#10) 
REPRESENTATION_RELATIONSHIP_WITH_TRANSFORMATION(#8455) 
SHAPE_REPRESENTATION_RELATIONSHIP() );
#8455 = ITEM_DEFINED_TRANSFORMATION('','',#11,#131);
#8456 = PRODUCT_DEFINITION_SHAPE('Placement','Placement of an item',
  #8457);
#8457 = NEXT_ASSEMBLY_USAGE_OCCURRENCE('457','HOOD_LINK','',#5,#8389,$);
#8458 = PRODUCT_RELATED_PRODUCT_CATEGORY('part',$,(#8391));
#8459 = SHAPE_DEFINITION_REPRESENTATION(#8460,#8466);
#8460 = PRODUCT_DEFINITION_SHAPE('','',#8461);
#8461 = PRODUCT_DEFINITION('design','',#8462,#8465);
#8462 = PRODUCT_DEFINITION_FORMATION('','',#8463);
#8463 = PRODUCT('NIP_BACKPLATE','NIP_BACKPLATE','',(#8464));
#8464 = PRODUCT_CONTEXT('',#2,'mechanical');
#8465 = PRODUCT_DEFINITION_CONTEXT('part definition',#2,'design');
#8466 = ADVANCED_BREP_SHAPE_REPRESENTATION('',(#11,#8467),#9013);
#8467 = MANIFOLD_SOLID_BREP('',#8468);
#8468 = CLOSED_SHELL('',(#8469,#8541,#8572,#8628,#8652,#8683,#8739,#8763
    ,#8780,#8815,#8846,#8870,#8887,#8904,#8928,#8952,#8976,#8993));
#8469 = ADVANCED_FACE('',(#8470),#8536,.F.);
#8470 = FACE_BOUND('',#8471,.F.);
#8471 = EDGE_LOOP('',(#8472,#8482,#8490,#8498,#8506,#8514,#8522,#8530));
#8472 = ORIENTED_EDGE('',*,*,#8473,.T.);
#8473 = EDGE_CURVE('',#8474,#8476,#8478,.T.);
#8474 = VERTEX_POINT('',#8475);
#8475 = CARTESIAN_POINT('',(-129.,38.,272.));
#8476 = VERTEX_POINT('',#8477);
#8477 = CARTESIAN_POINT('',(-129.,38.,316.));
#8478 = LINE('',#8479,#8480);
#8479 = CARTESIAN_POINT('',(-129.,38.,267.));
#8480 = VECTOR('',#8481,1.);
#8481 = DIRECTION('',(0.,0.,1.));
#8482 = ORIENTED_EDGE('',*,*,#8483,.F.);
#8483 = EDGE_CURVE('',#8484,#8476,#8486,.T.);
#8484 = VERTEX_POINT('',#8485);
#8485 = CARTESIAN_POINT('',(-129.,-38.,316.));
#8486 = LINE('',#8487,#8488);
#8487 = CARTESIAN_POINT('',(-129.,-38.,316.));
#8488 = VECTOR('',#8489,1.);
#8489 = DIRECTION('',(0.,1.,0.));
#8490 = ORIENTED_EDGE('',*,*,#8491,.F.);
#8491 = EDGE_CURVE('',#8492,#8484,#8494,.T.);
#8492 = VERTEX_POINT('',#8493);
#8493 = CARTESIAN_POINT('',(-129.,-38.,272.));
#8494 = LINE('',#8495,#8496);
#8495 = CARTESIAN_POINT('',(-129.,-38.,267.));
#8496 = VECTOR('',#8497,1.);
#8497 = DIRECTION('',(0.,0.,1.));
#8498 = ORIENTED_EDGE('',*,*,#8499,.F.);
#8499 = EDGE_CURVE('',#8500,#8492,#8502,.T.);
#8500 = VERTEX_POINT('',#8501);
#8501 = CARTESIAN_POINT('',(-129.,-36.,272.));
#8502 = LINE('',#8503,#8504);
#8503 = CARTESIAN_POINT('',(-129.,-46.,272.));
#8504 = VECTOR('',#8505,1.);
#8505 = DIRECTION('',(0.,-1.,0.));
#8506 = ORIENTED_EDGE('',*,*,#8507,.F.);
#8507 = EDGE_CURVE('',#8508,#8500,#8510,.T.);
#8508 = VERTEX_POINT('',#8509);
#8509 = CARTESIAN_POINT('',(-129.,-36.,267.));
#8510 = LINE('',#8511,#8512);
#8511 = CARTESIAN_POINT('',(-129.,-36.,267.));
#8512 = VECTOR('',#8513,1.);
#8513 = DIRECTION('',(0.,0.,1.));
#8514 = ORIENTED_EDGE('',*,*,#8515,.T.);
#8515 = EDGE_CURVE('',#8508,#8516,#8518,.T.);
#8516 = VERTEX_POINT('',#8517);
#8517 = CARTESIAN_POINT('',(-129.,36.,267.));
#8518 = LINE('',#8519,#8520);
#8519 = CARTESIAN_POINT('',(-129.,-38.,267.));
#8520 = VECTOR('',#8521,1.);
#8521 = DIRECTION('',(0.,1.,0.));
#8522 = ORIENTED_EDGE('',*,*,#8523,.T.);
#8523 = EDGE_CURVE('',#8516,#8524,#8526,.T.);
#8524 = VERTEX_POINT('',#8525);
#8525 = CARTESIAN_POINT('',(-129.,36.,272.));
#8526 = LINE('',#8527,#8528);
#8527 = CARTESIAN_POINT('',(-129.,36.,267.));
#8528 = VECTOR('',#8529,1.);
#8529 = DIRECTION('',(0.,0.,1.));
#8530 = ORIENTED_EDGE('',*,*,#8531,.F.);
#8531 = EDGE_CURVE('',#8474,#8524,#8532,.T.);
#8532 = LINE('',#8533,#8534);
#8533 = CARTESIAN_POINT('',(-129.,-1.,272.));
#8534 = VECTOR('',#8535,1.);
#8535 = DIRECTION('',(0.,-1.,0.));
#8536 = PLANE('',#8537);
#8537 = AXIS2_PLACEMENT_3D('',#8538,#8539,#8540);
#8538 = CARTESIAN_POINT('',(-129.,-38.,267.));
#8539 = DIRECTION('',(1.,0.,0.));
#8540 = DIRECTION('',(0.,0.,1.));
#8541 = ADVANCED_FACE('',(#8542),#8567,.T.);
#8542 = FACE_BOUND('',#8543,.T.);
#8543 = EDGE_LOOP('',(#8544,#8552,#8553,#8561));
#8544 = ORIENTED_EDGE('',*,*,#8545,.F.);
#8545 = EDGE_CURVE('',#8474,#8546,#8548,.T.);
#8546 = VERTEX_POINT('',#8547);
#8547 = CARTESIAN_POINT('',(-126.,38.,272.));
#8548 = LINE('',#8549,#8550);
#8549 = CARTESIAN_POINT('',(-130.,38.,272.));
#8550 = VECTOR('',#8551,1.);
#8551 = DIRECTION('',(1.,0.,0.));
#8552 = ORIENTED_EDGE('',*,*,#8473,.T.);
#8553 = ORIENTED_EDGE('',*,*,#8554,.T.);
#8554 = EDGE_CURVE('',#8476,#8555,#8557,.T.);
#8555 = VERTEX_POINT('',#8556);
#8556 = CARTESIAN_POINT('',(-126.,38.,316.));
#8557 = LINE('',#8558,#8559);
#8558 = CARTESIAN_POINT('',(-129.,38.,316.));
#8559 = VECTOR('',#8560,1.);
#8560 = DIRECTION('',(1.,0.,0.));
#8561 = ORIENTED_EDGE('',*,*,#8562,.F.);
#8562 = EDGE_CURVE('',#8546,#8555,#8563,.T.);
#8563 = LINE('',#8564,#8565);
#8564 = CARTESIAN_POINT('',(-126.,38.,267.));
#8565 = VECTOR('',#8566,1.);
#8566 = DIRECTION('',(0.,0.,1.));
#8567 = PLANE('',#8568);
#8568 = AXIS2_PLACEMENT_3D('',#8569,#8570,#8571);
#8569 = CARTESIAN_POINT('',(-129.,38.,267.));
#8570 = DIRECTION('',(0.,1.,0.));
#8571 = DIRECTION('',(0.,0.,1.));
#8572 = ADVANCED_FACE('',(#8573),#8623,.T.);
#8573 = FACE_BOUND('',#8574,.T.);
#8574 = EDGE_LOOP('',(#8575,#8585,#8593,#8599,#8600,#8601,#8609,#8617));
#8575 = ORIENTED_EDGE('',*,*,#8576,.F.);
#8576 = EDGE_CURVE('',#8577,#8579,#8581,.T.);
#8577 = VERTEX_POINT('',#8578);
#8578 = CARTESIAN_POINT('',(-131.,54.,272.));
#8579 = VERTEX_POINT('',#8580);
#8580 = CARTESIAN_POINT('',(-117.,54.,272.));
#8581 = LINE('',#8582,#8583);
#8582 = CARTESIAN_POINT('',(-131.,54.,272.));
#8583 = VECTOR('',#8584,1.);
#8584 = DIRECTION('',(1.,0.,0.));
#8585 = ORIENTED_EDGE('',*,*,#8586,.F.);
#8586 = EDGE_CURVE('',#8587,#8577,#8589,.T.);
#8587 = VERTEX_POINT('',#8588);
#8588 = CARTESIAN_POINT('',(-131.,36.,272.));
#8589 = LINE('',#8590,#8591);
#8590 = CARTESIAN_POINT('',(-131.,36.,272.));
#8591 = VECTOR('',#8592,1.);
#8592 = DIRECTION('',(0.,1.,0.));
#8593 = ORIENTED_EDGE('',*,*,#8594,.T.);
#8594 = EDGE_CURVE('',#8587,#8524,#8595,.T.);
#8595 = LINE('',#8596,#8597);
#8596 = CARTESIAN_POINT('',(-131.,36.,272.));
#8597 = VECTOR('',#8598,1.);
#8598 = DIRECTION('',(1.,0.,0.));
#8599 = ORIENTED_EDGE('',*,*,#8531,.F.);
#8600 = ORIENTED_EDGE('',*,*,#8545,.T.);
#8601 = ORIENTED_EDGE('',*,*,#8602,.T.);
#8602 = EDGE_CURVE('',#8546,#8603,#8605,.T.);
#8603 = VERTEX_POINT('',#8604);
#8604 = CARTESIAN_POINT('',(-126.,36.,272.));
#8605 = LINE('',#8606,#8607);
#8606 = CARTESIAN_POINT('',(-126.,-1.,272.));
#8607 = VECTOR('',#8608,1.);
#8608 = DIRECTION('',(0.,-1.,0.));
#8609 = ORIENTED_EDGE('',*,*,#8610,.T.);
#8610 = EDGE_CURVE('',#8603,#8611,#8613,.T.);
#8611 = VERTEX_POINT('',#8612);
#8612 = CARTESIAN_POINT('',(-117.,36.,272.));
#8613 = LINE('',#8614,#8615);
#8614 = CARTESIAN_POINT('',(-131.,36.,272.));
#8615 = VECTOR('',#8616,1.);
#8616 = DIRECTION('',(1.,0.,0.));
#8617 = ORIENTED_EDGE('',*,*,#8618,.T.);
#8618 = EDGE_CURVE('',#8611,#8579,#8619,.T.);
#8619 = LINE('',#8620,#8621);
#8620 = CARTESIAN_POINT('',(-117.,36.,272.));
#8621 = VECTOR('',#8622,1.);
#8622 = DIRECTION('',(0.,1.,0.));
#8623 = PLANE('',#8624);
#8624 = AXIS2_PLACEMENT_3D('',#8625,#8626,#8627);
#8625 = CARTESIAN_POINT('',(-131.,36.,272.));
#8626 = DIRECTION('',(0.,0.,1.));
#8627 = DIRECTION('',(1.,0.,0.));
#8628 = ADVANCED_FACE('',(#8629),#8647,.F.);
#8629 = FACE_BOUND('',#8630,.F.);
#8630 = EDGE_LOOP('',(#8631,#8639,#8645,#8646));
#8631 = ORIENTED_EDGE('',*,*,#8632,.F.);
#8632 = EDGE_CURVE('',#8633,#8516,#8635,.T.);
#8633 = VERTEX_POINT('',#8634);
#8634 = CARTESIAN_POINT('',(-131.,36.,267.));
#8635 = LINE('',#8636,#8637);
#8636 = CARTESIAN_POINT('',(-131.,36.,267.));
#8637 = VECTOR('',#8638,1.);
#8638 = DIRECTION('',(1.,0.,0.));
#8639 = ORIENTED_EDGE('',*,*,#8640,.T.);
#8640 = EDGE_CURVE('',#8633,#8587,#8641,.T.);
#8641 = LINE('',#8642,#8643);
#8642 = CARTESIAN_POINT('',(-131.,36.,267.));
#8643 = VECTOR('',#8644,1.);
#8644 = DIRECTION('',(0.,0.,1.));
#8645 = ORIENTED_EDGE('',*,*,#8594,.T.);
#8646 = ORIENTED_EDGE('',*,*,#8523,.F.);
#8647 = PLANE('',#8648);
#8648 = AXIS2_PLACEMENT_3D('',#8649,#8650,#8651);
#8649 = CARTESIAN_POINT('',(-131.,36.,267.));
#8650 = DIRECTION('',(0.,1.,0.));
#8651 = DIRECTION('',(0.,0.,1.));
#8652 = ADVANCED_FACE('',(#8653),#8678,.T.);
#8653 = FACE_BOUND('',#8654,.T.);
#8654 = EDGE_LOOP('',(#8655,#8663,#8671,#8677));
#8655 = ORIENTED_EDGE('',*,*,#8656,.F.);
#8656 = EDGE_CURVE('',#8657,#8508,#8659,.T.);
#8657 = VERTEX_POINT('',#8658);
#8658 = CARTESIAN_POINT('',(-131.,-36.,267.));
#8659 = LINE('',#8660,#8661);
#8660 = CARTESIAN_POINT('',(-131.,-36.,267.));
#8661 = VECTOR('',#8662,1.);
#8662 = DIRECTION('',(1.,0.,0.));
#8663 = ORIENTED_EDGE('',*,*,#8664,.T.);
#8664 = EDGE_CURVE('',#8657,#8665,#8667,.T.);
#8665 = VERTEX_POINT('',#8666);
#8666 = CARTESIAN_POINT('',(-131.,-36.,272.));
#8667 = LINE('',#8668,#8669);
#8668 = CARTESIAN_POINT('',(-131.,-36.,267.));
#8669 = VECTOR('',#8670,1.);
#8670 = DIRECTION('',(0.,0.,1.));
#8671 = ORIENTED_EDGE('',*,*,#8672,.T.);
#8672 = EDGE_CURVE('',#8665,#8500,#8673,.T.);
#8673 = LINE('',#8674,#8675);
#8674 = CARTESIAN_POINT('',(-131.,-36.,272.));
#8675 = VECTOR('',#8676,1.);
#8676 = DIRECTION('',(1.,0.,0.));
#8677 = ORIENTED_EDGE('',*,*,#8507,.F.);
#8678 = PLANE('',#8679);
#8679 = AXIS2_PLACEMENT_3D('',#8680,#8681,#8682);
#8680 = CARTESIAN_POINT('',(-131.,-36.,267.));
#8681 = DIRECTION('',(0.,1.,0.));
#8682 = DIRECTION('',(0.,0.,1.));
#8683 = ADVANCED_FACE('',(#8684),#8734,.T.);
#8684 = FACE_BOUND('',#8685,.T.);
#8685 = EDGE_LOOP('',(#8686,#8687,#8695,#8703,#8711,#8719,#8727,#8733));
#8686 = ORIENTED_EDGE('',*,*,#8672,.F.);
#8687 = ORIENTED_EDGE('',*,*,#8688,.F.);
#8688 = EDGE_CURVE('',#8689,#8665,#8691,.T.);
#8689 = VERTEX_POINT('',#8690);
#8690 = CARTESIAN_POINT('',(-131.,-54.,272.));
#8691 = LINE('',#8692,#8693);
#8692 = CARTESIAN_POINT('',(-131.,-54.,272.));
#8693 = VECTOR('',#8694,1.);
#8694 = DIRECTION('',(0.,1.,0.));
#8695 = ORIENTED_EDGE('',*,*,#8696,.T.);
#8696 = EDGE_CURVE('',#8689,#8697,#8699,.T.);
#8697 = VERTEX_POINT('',#8698);
#8698 = CARTESIAN_POINT('',(-117.,-54.,272.));
#8699 = LINE('',#8700,#8701);
#8700 = CARTESIAN_POINT('',(-131.,-54.,272.));
#8701 = VECTOR('',#8702,1.);
#8702 = DIRECTION('',(1.,0.,0.));
#8703 = ORIENTED_EDGE('',*,*,#8704,.T.);
#8704 = EDGE_CURVE('',#8697,#8705,#8707,.T.);
#8705 = VERTEX_POINT('',#8706);
#8706 = CARTESIAN_POINT('',(-117.,-36.,272.));
#8707 = LINE('',#8708,#8709);
#8708 = CARTESIAN_POINT('',(-117.,-54.,272.));
#8709 = VECTOR('',#8710,1.);
#8710 = DIRECTION('',(0.,1.,0.));
#8711 = ORIENTED_EDGE('',*,*,#8712,.F.);
#8712 = EDGE_CURVE('',#8713,#8705,#8715,.T.);
#8713 = VERTEX_POINT('',#8714);
#8714 = CARTESIAN_POINT('',(-126.,-36.,272.));
#8715 = LINE('',#8716,#8717);
#8716 = CARTESIAN_POINT('',(-131.,-36.,272.));
#8717 = VECTOR('',#8718,1.);
#8718 = DIRECTION('',(1.,0.,0.));
#8719 = ORIENTED_EDGE('',*,*,#8720,.T.);
#8720 = EDGE_CURVE('',#8713,#8721,#8723,.T.);
#8721 = VERTEX_POINT('',#8722);
#8722 = CARTESIAN_POINT('',(-126.,-38.,272.));
#8723 = LINE('',#8724,#8725);
#8724 = CARTESIAN_POINT('',(-126.,-46.,272.));
#8725 = VECTOR('',#8726,1.);
#8726 = DIRECTION('',(0.,-1.,0.));
#8727 = ORIENTED_EDGE('',*,*,#8728,.F.);
#8728 = EDGE_CURVE('',#8492,#8721,#8729,.T.);
#8729 = LINE('',#8730,#8731);
#8730 = CARTESIAN_POINT('',(-130.,-38.,272.));
#8731 = VECTOR('',#8732,1.);
#8732 = DIRECTION('',(1.,0.,0.));
#8733 = ORIENTED_EDGE('',*,*,#8499,.F.);
#8734 = PLANE('',#8735);
#8735 = AXIS2_PLACEMENT_3D('',#8736,#8737,#8738);
#8736 = CARTESIAN_POINT('',(-131.,-54.,272.));
#8737 = DIRECTION('',(0.,0.,1.));
#8738 = DIRECTION('',(1.,0.,0.));
#8739 = ADVANCED_FACE('',(#8740),#8758,.F.);
#8740 = FACE_BOUND('',#8741,.F.);
#8741 = EDGE_LOOP('',(#8742,#8743,#8744,#8752));
#8742 = ORIENTED_EDGE('',*,*,#8728,.F.);
#8743 = ORIENTED_EDGE('',*,*,#8491,.T.);
#8744 = ORIENTED_EDGE('',*,*,#8745,.T.);
#8745 = EDGE_CURVE('',#8484,#8746,#8748,.T.);
#8746 = VERTEX_POINT('',#8747);
#8747 = CARTESIAN_POINT('',(-126.,-38.,316.));
#8748 = LINE('',#8749,#8750);
#8749 = CARTESIAN_POINT('',(-129.,-38.,316.));
#8750 = VECTOR('',#8751,1.);
#8751 = DIRECTION('',(1.,0.,0.));
#8752 = ORIENTED_EDGE('',*,*,#8753,.F.);
#8753 = EDGE_CURVE('',#8721,#8746,#8754,.T.);
#8754 = LINE('',#8755,#8756);
#8755 = CARTESIAN_POINT('',(-126.,-38.,267.));
#8756 = VECTOR('',#8757,1.);
#8757 = DIRECTION('',(0.,0.,1.));
#8758 = PLANE('',#8759);
#8759 = AXIS2_PLACEMENT_3D('',#8760,#8761,#8762);
#8760 = CARTESIAN_POINT('',(-129.,-38.,267.));
#8761 = DIRECTION('',(0.,1.,0.));
#8762 = DIRECTION('',(0.,0.,1.));
#8763 = ADVANCED_FACE('',(#8764),#8775,.T.);
#8764 = FACE_BOUND('',#8765,.T.);
#8765 = EDGE_LOOP('',(#8766,#8767,#8768,#8774));
#8766 = ORIENTED_EDGE('',*,*,#8483,.F.);
#8767 = ORIENTED_EDGE('',*,*,#8745,.T.);
#8768 = ORIENTED_EDGE('',*,*,#8769,.T.);
#8769 = EDGE_CURVE('',#8746,#8555,#8770,.T.);
#8770 = LINE('',#8771,#8772);
#8771 = CARTESIAN_POINT('',(-126.,-38.,316.));
#8772 = VECTOR('',#8773,1.);
#8773 = DIRECTION('',(0.,1.,0.));
#8774 = ORIENTED_EDGE('',*,*,#8554,.F.);
#8775 = PLANE('',#8776);
#8776 = AXIS2_PLACEMENT_3D('',#8777,#8778,#8779);
#8777 = CARTESIAN_POINT('',(-129.,-38.,316.));
#8778 = DIRECTION('',(0.,0.,1.));
#8779 = DIRECTION('',(1.,0.,0.));
#8780 = ADVANCED_FACE('',(#8781),#8810,.T.);
#8781 = FACE_BOUND('',#8782,.T.);
#8782 = EDGE_LOOP('',(#8783,#8784,#8785,#8786,#8787,#8795,#8803,#8809));
#8783 = ORIENTED_EDGE('',*,*,#8562,.T.);
#8784 = ORIENTED_EDGE('',*,*,#8769,.F.);
#8785 = ORIENTED_EDGE('',*,*,#8753,.F.);
#8786 = ORIENTED_EDGE('',*,*,#8720,.F.);
#8787 = ORIENTED_EDGE('',*,*,#8788,.F.);
#8788 = EDGE_CURVE('',#8789,#8713,#8791,.T.);
#8789 = VERTEX_POINT('',#8790);
#8790 = CARTESIAN_POINT('',(-126.,-36.,267.));
#8791 = LINE('',#8792,#8793);
#8792 = CARTESIAN_POINT('',(-126.,-36.,267.));
#8793 = VECTOR('',#8794,1.);
#8794 = DIRECTION('',(0.,0.,1.));
#8795 = ORIENTED_EDGE('',*,*,#8796,.T.);
#8796 = EDGE_CURVE('',#8789,#8797,#8799,.T.);
#8797 = VERTEX_POINT('',#8798);
#8798 = CARTESIAN_POINT('',(-126.,36.,267.));
#8799 = LINE('',#8800,#8801);
#8800 = CARTESIAN_POINT('',(-126.,-38.,267.));
#8801 = VECTOR('',#8802,1.);
#8802 = DIRECTION('',(0.,1.,0.));
#8803 = ORIENTED_EDGE('',*,*,#8804,.T.);
#8804 = EDGE_CURVE('',#8797,#8603,#8805,.T.);
#8805 = LINE('',#8806,#8807);
#8806 = CARTESIAN_POINT('',(-126.,36.,267.));
#8807 = VECTOR('',#8808,1.);
#8808 = DIRECTION('',(0.,0.,1.));
#8809 = ORIENTED_EDGE('',*,*,#8602,.F.);
#8810 = PLANE('',#8811);
#8811 = AXIS2_PLACEMENT_3D('',#8812,#8813,#8814);
#8812 = CARTESIAN_POINT('',(-126.,-38.,267.));
#8813 = DIRECTION('',(1.,0.,0.));
#8814 = DIRECTION('',(0.,0.,1.));
#8815 = ADVANCED_FACE('',(#8816),#8841,.T.);
#8816 = FACE_BOUND('',#8817,.T.);
#8817 = EDGE_LOOP('',(#8818,#8828,#8834,#8835));
#8818 = ORIENTED_EDGE('',*,*,#8819,.F.);
#8819 = EDGE_CURVE('',#8820,#8822,#8824,.T.);
#8820 = VERTEX_POINT('',#8821);
#8821 = CARTESIAN_POINT('',(-131.,54.,267.));
#8822 = VERTEX_POINT('',#8823);
#8823 = CARTESIAN_POINT('',(-117.,54.,267.));
#8824 = LINE('',#8825,#8826);
#8825 = CARTESIAN_POINT('',(-131.,54.,267.));
#8826 = VECTOR('',#8827,1.);
#8827 = DIRECTION('',(1.,0.,0.));
#8828 = ORIENTED_EDGE('',*,*,#8829,.T.);
#8829 = EDGE_CURVE('',#8820,#8577,#8830,.T.);
#8830 = LINE('',#8831,#8832);
#8831 = CARTESIAN_POINT('',(-131.,54.,267.));
#8832 = VECTOR('',#8833,1.);
#8833 = DIRECTION('',(0.,0.,1.));
#8834 = ORIENTED_EDGE('',*,*,#8576,.T.);
#8835 = ORIENTED_EDGE('',*,*,#8836,.F.);
#8836 = EDGE_CURVE('',#8822,#8579,#8837,.T.);
#8837 = LINE('',#8838,#8839);
#8838 = CARTESIAN_POINT('',(-117.,54.,267.));
#8839 = VECTOR('',#8840,1.);
#8840 = DIRECTION('',(0.,0.,1.));
#8841 = PLANE('',#8842);
#8842 = AXIS2_PLACEMENT_3D('',#8843,#8844,#8845);
#8843 = CARTESIAN_POINT('',(-131.,54.,267.));
#8844 = DIRECTION('',(0.,1.,0.));
#8845 = DIRECTION('',(0.,0.,1.));
#8846 = ADVANCED_FACE('',(#8847),#8865,.T.);
#8847 = FACE_BOUND('',#8848,.T.);
#8848 = EDGE_LOOP('',(#8849,#8857,#8863,#8864));
#8849 = ORIENTED_EDGE('',*,*,#8850,.F.);
#8850 = EDGE_CURVE('',#8851,#8611,#8853,.T.);
#8851 = VERTEX_POINT('',#8852);
#8852 = CARTESIAN_POINT('',(-117.,36.,267.));
#8853 = LINE('',#8854,#8855);
#8854 = CARTESIAN_POINT('',(-117.,36.,267.));
#8855 = VECTOR('',#8856,1.);
#8856 = DIRECTION('',(0.,0.,1.));
#8857 = ORIENTED_EDGE('',*,*,#8858,.T.);
#8858 = EDGE_CURVE('',#8851,#8822,#8859,.T.);
#8859 = LINE('',#8860,#8861);
#8860 = CARTESIAN_POINT('',(-117.,36.,267.));
#8861 = VECTOR('',#8862,1.);
#8862 = DIRECTION('',(0.,1.,0.));
#8863 = ORIENTED_EDGE('',*,*,#8836,.T.);
#8864 = ORIENTED_EDGE('',*,*,#8618,.F.);
#8865 = PLANE('',#8866);
#8866 = AXIS2_PLACEMENT_3D('',#8867,#8868,#8869);
#8867 = CARTESIAN_POINT('',(-117.,36.,267.));
#8868 = DIRECTION('',(1.,0.,0.));
#8869 = DIRECTION('',(0.,0.,1.));
#8870 = ADVANCED_FACE('',(#8871),#8882,.F.);
#8871 = FACE_BOUND('',#8872,.F.);
#8872 = EDGE_LOOP('',(#8873,#8879,#8880,#8881));
#8873 = ORIENTED_EDGE('',*,*,#8874,.F.);
#8874 = EDGE_CURVE('',#8797,#8851,#8875,.T.);
#8875 = LINE('',#8876,#8877);
#8876 = CARTESIAN_POINT('',(-131.,36.,267.));
#8877 = VECTOR('',#8878,1.);
#8878 = DIRECTION('',(1.,0.,0.));
#8879 = ORIENTED_EDGE('',*,*,#8804,.T.);
#8880 = ORIENTED_EDGE('',*,*,#8610,.T.);
#8881 = ORIENTED_EDGE('',*,*,#8850,.F.);
#8882 = PLANE('',#8883);
#8883 = AXIS2_PLACEMENT_3D('',#8884,#8885,#8886);
#8884 = CARTESIAN_POINT('',(-131.,36.,267.));
#8885 = DIRECTION('',(0.,1.,0.));
#8886 = DIRECTION('',(0.,0.,1.));
#8887 = ADVANCED_FACE('',(#8888),#8899,.F.);
#8888 = FACE_BOUND('',#8889,.F.);
#8889 = EDGE_LOOP('',(#8890,#8891,#8897,#8898));
#8890 = ORIENTED_EDGE('',*,*,#8640,.F.);
#8891 = ORIENTED_EDGE('',*,*,#8892,.T.);
#8892 = EDGE_CURVE('',#8633,#8820,#8893,.T.);
#8893 = LINE('',#8894,#8895);
#8894 = CARTESIAN_POINT('',(-131.,36.,267.));
#8895 = VECTOR('',#8896,1.);
#8896 = DIRECTION('',(0.,1.,0.));
#8897 = ORIENTED_EDGE('',*,*,#8829,.T.);
#8898 = ORIENTED_EDGE('',*,*,#8586,.F.);
#8899 = PLANE('',#8900);
#8900 = AXIS2_PLACEMENT_3D('',#8901,#8902,#8903);
#8901 = CARTESIAN_POINT('',(-131.,36.,267.));
#8902 = DIRECTION('',(1.,0.,0.));
#8903 = DIRECTION('',(0.,0.,1.));
#8904 = ADVANCED_FACE('',(#8905),#8923,.F.);
#8905 = FACE_BOUND('',#8906,.F.);
#8906 = EDGE_LOOP('',(#8907,#8915,#8921,#8922));
#8907 = ORIENTED_EDGE('',*,*,#8908,.F.);
#8908 = EDGE_CURVE('',#8909,#8689,#8911,.T.);
#8909 = VERTEX_POINT('',#8910);
#8910 = CARTESIAN_POINT('',(-131.,-54.,267.));
#8911 = LINE('',#8912,#8913);
#8912 = CARTESIAN_POINT('',(-131.,-54.,267.));
#8913 = VECTOR('',#8914,1.);
#8914 = DIRECTION('',(0.,0.,1.));
#8915 = ORIENTED_EDGE('',*,*,#8916,.T.);
#8916 = EDGE_CURVE('',#8909,#8657,#8917,.T.);
#8917 = LINE('',#8918,#8919);
#8918 = CARTESIAN_POINT('',(-131.,-54.,267.));
#8919 = VECTOR('',#8920,1.);
#8920 = DIRECTION('',(0.,1.,0.));
#8921 = ORIENTED_EDGE('',*,*,#8664,.T.);
#8922 = ORIENTED_EDGE('',*,*,#8688,.F.);
#8923 = PLANE('',#8924);
#8924 = AXIS2_PLACEMENT_3D('',#8925,#8926,#8927);
#8925 = CARTESIAN_POINT('',(-131.,-54.,267.));
#8926 = DIRECTION('',(1.,0.,0.));
#8927 = DIRECTION('',(0.,0.,1.));
#8928 = ADVANCED_FACE('',(#8929),#8947,.T.);
#8929 = FACE_BOUND('',#8930,.T.);
#8930 = EDGE_LOOP('',(#8931,#8939,#8940,#8941));
#8931 = ORIENTED_EDGE('',*,*,#8932,.F.);
#8932 = EDGE_CURVE('',#8789,#8933,#8935,.T.);
#8933 = VERTEX_POINT('',#8934);
#8934 = CARTESIAN_POINT('',(-117.,-36.,267.));
#8935 = LINE('',#8936,#8937);
#8936 = CARTESIAN_POINT('',(-131.,-36.,267.));
#8937 = VECTOR('',#8938,1.);
#8938 = DIRECTION('',(1.,0.,0.));
#8939 = ORIENTED_EDGE('',*,*,#8788,.T.);
#8940 = ORIENTED_EDGE('',*,*,#8712,.T.);
#8941 = ORIENTED_EDGE('',*,*,#8942,.F.);
#8942 = EDGE_CURVE('',#8933,#8705,#8943,.T.);
#8943 = LINE('',#8944,#8945);
#8944 = CARTESIAN_POINT('',(-117.,-36.,267.));
#8945 = VECTOR('',#8946,1.);
#8946 = DIRECTION('',(0.,0.,1.));
#8947 = PLANE('',#8948);
#8948 = AXIS2_PLACEMENT_3D('',#8949,#8950,#8951);
#8949 = CARTESIAN_POINT('',(-131.,-36.,267.));
#8950 = DIRECTION('',(0.,1.,0.));
#8951 = DIRECTION('',(0.,0.,1.));
#8952 = ADVANCED_FACE('',(#8953),#8971,.T.);
#8953 = FACE_BOUND('',#8954,.T.);
#8954 = EDGE_LOOP('',(#8955,#8963,#8969,#8970));
#8955 = ORIENTED_EDGE('',*,*,#8956,.F.);
#8956 = EDGE_CURVE('',#8957,#8697,#8959,.T.);
#8957 = VERTEX_POINT('',#8958);
#8958 = CARTESIAN_POINT('',(-117.,-54.,267.));
#8959 = LINE('',#8960,#8961);
#8960 = CARTESIAN_POINT('',(-117.,-54.,267.));
#8961 = VECTOR('',#8962,1.);
#8962 = DIRECTION('',(0.,0.,1.));
#8963 = ORIENTED_EDGE('',*,*,#8964,.T.);
#8964 = EDGE_CURVE('',#8957,#8933,#8965,.T.);
#8965 = LINE('',#8966,#8967);
#8966 = CARTESIAN_POINT('',(-117.,-54.,267.));
#8967 = VECTOR('',#8968,1.);
#8968 = DIRECTION('',(0.,1.,0.));
#8969 = ORIENTED_EDGE('',*,*,#8942,.T.);
#8970 = ORIENTED_EDGE('',*,*,#8704,.F.);
#8971 = PLANE('',#8972);
#8972 = AXIS2_PLACEMENT_3D('',#8973,#8974,#8975);
#8973 = CARTESIAN_POINT('',(-117.,-54.,267.));
#8974 = DIRECTION('',(1.,0.,0.));
#8975 = DIRECTION('',(0.,0.,1.));
#8976 = ADVANCED_FACE('',(#8977),#8988,.F.);
#8977 = FACE_BOUND('',#8978,.F.);
#8978 = EDGE_LOOP('',(#8979,#8985,#8986,#8987));
#8979 = ORIENTED_EDGE('',*,*,#8980,.F.);
#8980 = EDGE_CURVE('',#8909,#8957,#8981,.T.);
#8981 = LINE('',#8982,#8983);
#8982 = CARTESIAN_POINT('',(-131.,-54.,267.));
#8983 = VECTOR('',#8984,1.);
#8984 = DIRECTION('',(1.,0.,0.));
#8985 = ORIENTED_EDGE('',*,*,#8908,.T.);
#8986 = ORIENTED_EDGE('',*,*,#8696,.T.);
#8987 = ORIENTED_EDGE('',*,*,#8956,.F.);
#8988 = PLANE('',#8989);
#8989 = AXIS2_PLACEMENT_3D('',#8990,#8991,#8992);
#8990 = CARTESIAN_POINT('',(-131.,-54.,267.));
#8991 = DIRECTION('',(0.,1.,0.));
#8992 = DIRECTION('',(0.,0.,1.));
#8993 = ADVANCED_FACE('',(#8994),#9008,.T.);
#8994 = FACE_BOUND('',#8995,.T.);
#8995 = EDGE_LOOP('',(#8996,#8997,#8998,#8999,#9000,#9001,#9002,#9003,
    #9004,#9005,#9006,#9007));
#8996 = ORIENTED_EDGE('',*,*,#8515,.T.);
#8997 = ORIENTED_EDGE('',*,*,#8632,.F.);
#8998 = ORIENTED_EDGE('',*,*,#8892,.T.);
#8999 = ORIENTED_EDGE('',*,*,#8819,.T.);
#9000 = ORIENTED_EDGE('',*,*,#8858,.F.);
#9001 = ORIENTED_EDGE('',*,*,#8874,.F.);
#9002 = ORIENTED_EDGE('',*,*,#8796,.F.);
#9003 = ORIENTED_EDGE('',*,*,#8932,.T.);
#9004 = ORIENTED_EDGE('',*,*,#8964,.F.);
#9005 = ORIENTED_EDGE('',*,*,#8980,.F.);
#9006 = ORIENTED_EDGE('',*,*,#8916,.T.);
#9007 = ORIENTED_EDGE('',*,*,#8656,.T.);
#9008 = PLANE('',#9009);
#9009 = AXIS2_PLACEMENT_3D('',#9010,#9011,#9012);
#9010 = CARTESIAN_POINT('',(-125.8157894736,0.,267.));
#9011 = DIRECTION('',(-0.,-0.,-1.));
#9012 = DIRECTION('',(-1.,0.,0.));
#9013 = ( GEOMETRIC_REPRESENTATION_CONTEXT(3) 
GLOBAL_UNCERTAINTY_ASSIGNED_CONTEXT((#9017)) 
GLOBAL_UNIT_ASSIGNED_CONTEXT((#9014,#9015,#9016)) REPRESENTATION_CONTEXT
('Context #1','3D Context with UNIT and UNCERTAINTY') );
#9014 = ( LENGTH_UNIT() NAMED_UNIT(*) SI_UNIT(.MILLI.,.METRE.) );
#9015 = ( NAMED_UNIT(*) PLANE_ANGLE_UNIT() SI_UNIT($,.RADIAN.) );
#9016 = ( NAMED_UNIT(*) SI_UNIT($,.STERADIAN.) SOLID_ANGLE_UNIT() );
#9017 = UNCERTAINTY_MEASURE_WITH_UNIT(LENGTH_MEASURE(1.E-07),#9014,
  'distance_accuracy_value','confusion accuracy');
#9018 = CONTEXT_DEPENDENT_SHAPE_REPRESENTATION(#9019,#9021);
#9019 = ( REPRESENTATION_RELATIONSHIP('','',#8466,#10) 
REPRESENTATION_RELATIONSHIP_WITH_TRANSFORMATION(#9020) 
SHAPE_REPRESENTATION_RELATIONSHIP() );
#9020 = ITEM_DEFINED_TRANSFORMATION('','',#11,#135);
#9021 = PRODUCT_DEFINITION_SHAPE('Placement','Placement of an item',
  #9022);
#9022 = NEXT_ASSEMBLY_USAGE_OCCURRENCE('458','NIP_BACKPLATE','',#5,#8461
  ,$);
#9023 = PRODUCT_RELATED_PRODUCT_CATEGORY('part',$,(#8463));
#9024 = SHAPE_DEFINITION_REPRESENTATION(#9025,#9031);
#9025 = PRODUCT_DEFINITION_SHAPE('','',#9026);
#9026 = PRODUCT_DEFINITION('design','',#9027,#9030);
#9027 = PRODUCT_DEFINITION_FORMATION('','',#9028);
#9028 = PRODUCT('TURRET_TOP_BRACE','TURRET_TOP_BRACE','',(#9029));
#9029 = PRODUCT_CONTEXT('',#2,'mechanical');
#9030 = PRODUCT_DEFINITION_CONTEXT('part definition',#2,'design');
#9031 = ADVANCED_BREP_SHAPE_REPRESENTATION('',(#11,#9032),#9182);
#9032 = MANIFOLD_SOLID_BREP('',#9033);
#9033 = CLOSED_SHELL('',(#9034,#9074,#9114,#9136,#9158,#9170));
#9034 = ADVANCED_FACE('',(#9035),#9069,.F.);
#9035 = FACE_BOUND('',#9036,.F.);
#9036 = EDGE_LOOP('',(#9037,#9047,#9055,#9063));
#9037 = ORIENTED_EDGE('',*,*,#9038,.F.);
#9038 = EDGE_CURVE('',#9039,#9041,#9043,.T.);
#9039 = VERTEX_POINT('',#9040);
#9040 = CARTESIAN_POINT('',(-46.,-64.,372.5));
#9041 = VERTEX_POINT('',#9042);
#9042 = CARTESIAN_POINT('',(-46.,-64.,377.));
#9043 = LINE('',#9044,#9045);
#9044 = CARTESIAN_POINT('',(-46.,-64.,372.5));
#9045 = VECTOR('',#9046,1.);
#9046 = DIRECTION('',(0.,0.,1.));
#9047 = ORIENTED_EDGE('',*,*,#9048,.T.);
#9048 = EDGE_CURVE('',#9039,#9049,#9051,.T.);
#9049 = VERTEX_POINT('',#9050);
#9050 = CARTESIAN_POINT('',(-46.,64.,372.5));
#9051 = LINE('',#9052,#9053);
#9052 = CARTESIAN_POINT('',(-46.,-64.,372.5));
#9053 = VECTOR('',#9054,1.);
#9054 = DIRECTION('',(0.,1.,0.));
#9055 = ORIENTED_EDGE('',*,*,#9056,.T.);
#9056 = EDGE_CURVE('',#9049,#9057,#9059,.T.);
#9057 = VERTEX_POINT('',#9058);
#9058 = CARTESIAN_POINT('',(-46.,64.,377.));
#9059 = LINE('',#9060,#9061);
#9060 = CARTESIAN_POINT('',(-46.,64.,372.5));
#9061 = VECTOR('',#9062,1.);
#9062 = DIRECTION('',(0.,0.,1.));
#9063 = ORIENTED_EDGE('',*,*,#9064,.F.);
#9064 = EDGE_CURVE('',#9041,#9057,#9065,.T.);
#9065 = LINE('',#9066,#9067);
#9066 = CARTESIAN_POINT('',(-46.,-64.,377.));
#9067 = VECTOR('',#9068,1.);
#9068 = DIRECTION('',(0.,1.,0.));
#9069 = PLANE('',#9070);
#9070 = AXIS2_PLACEMENT_3D('',#9071,#9072,#9073);
#9071 = CARTESIAN_POINT('',(-46.,-64.,372.5));
#9072 = DIRECTION('',(1.,0.,0.));
#9073 = DIRECTION('',(0.,0.,1.));
#9074 = ADVANCED_FACE('',(#9075),#9109,.T.);
#9075 = FACE_BOUND('',#9076,.T.);
#9076 = EDGE_LOOP('',(#9077,#9087,#9095,#9103));
#9077 = ORIENTED_EDGE('',*,*,#9078,.F.);
#9078 = EDGE_CURVE('',#9079,#9081,#9083,.T.);
#9079 = VERTEX_POINT('',#9080);
#9080 = CARTESIAN_POINT('',(-38.,-64.,372.5));
#9081 = VERTEX_POINT('',#9082);
#9082 = CARTESIAN_POINT('',(-38.,-64.,377.));
#9083 = LINE('',#9084,#9085);
#9084 = CARTESIAN_POINT('',(-38.,-64.,372.5));
#9085 = VECTOR('',#9086,1.);
#9086 = DIRECTION('',(0.,0.,1.));
#9087 = ORIENTED_EDGE('',*,*,#9088,.T.);
#9088 = EDGE_CURVE('',#9079,#9089,#9091,.T.);
#9089 = VERTEX_POINT('',#9090);
#9090 = CARTESIAN_POINT('',(-38.,64.,372.5));
#9091 = LINE('',#9092,#9093);
#9092 = CARTESIAN_POINT('',(-38.,-64.,372.5));
#9093 = VECTOR('',#9094,1.);
#9094 = DIRECTION('',(0.,1.,0.));
#9095 = ORIENTED_EDGE('',*,*,#9096,.T.);
#9096 = EDGE_CURVE('',#9089,#9097,#9099,.T.);
#9097 = VERTEX_POINT('',#9098);
#9098 = CARTESIAN_POINT('',(-38.,64.,377.));
#9099 = LINE('',#9100,#9101);
#9100 = CARTESIAN_POINT('',(-38.,64.,372.5));
#9101 = VECTOR('',#9102,1.);
#9102 = DIRECTION('',(0.,0.,1.));
#9103 = ORIENTED_EDGE('',*,*,#9104,.F.);
#9104 = EDGE_CURVE('',#9081,#9097,#9105,.T.);
#9105 = LINE('',#9106,#9107);
#9106 = CARTESIAN_POINT('',(-38.,-64.,377.));
#9107 = VECTOR('',#9108,1.);
#9108 = DIRECTION('',(0.,1.,0.));
#9109 = PLANE('',#9110);
#9110 = AXIS2_PLACEMENT_3D('',#9111,#9112,#9113);
#9111 = CARTESIAN_POINT('',(-38.,-64.,372.5));
#9112 = DIRECTION('',(1.,0.,0.));
#9113 = DIRECTION('',(0.,0.,1.));
#9114 = ADVANCED_FACE('',(#9115),#9131,.F.);
#9115 = FACE_BOUND('',#9116,.F.);
#9116 = EDGE_LOOP('',(#9117,#9123,#9124,#9130));
#9117 = ORIENTED_EDGE('',*,*,#9118,.F.);
#9118 = EDGE_CURVE('',#9039,#9079,#9119,.T.);
#9119 = LINE('',#9120,#9121);
#9120 = CARTESIAN_POINT('',(-46.,-64.,372.5));
#9121 = VECTOR('',#9122,1.);
#9122 = DIRECTION('',(1.,0.,0.));
#9123 = ORIENTED_EDGE('',*,*,#9038,.T.);
#9124 = ORIENTED_EDGE('',*,*,#9125,.T.);
#9125 = EDGE_CURVE('',#9041,#9081,#9126,.T.);
#9126 = LINE('',#9127,#9128);
#9127 = CARTESIAN_POINT('',(-46.,-64.,377.));
#9128 = VECTOR('',#9129,1.);
#9129 = DIRECTION('',(1.,0.,0.));
#9130 = ORIENTED_EDGE('',*,*,#9078,.F.);
#9131 = PLANE('',#9132);
#9132 = AXIS2_PLACEMENT_3D('',#9133,#9134,#9135);
#9133 = CARTESIAN_POINT('',(-46.,-64.,372.5));
#9134 = DIRECTION('',(0.,1.,0.));
#9135 = DIRECTION('',(0.,0.,1.));
#9136 = ADVANCED_FACE('',(#9137),#9153,.T.);
#9137 = FACE_BOUND('',#9138,.T.);
#9138 = EDGE_LOOP('',(#9139,#9145,#9146,#9152));
#9139 = ORIENTED_EDGE('',*,*,#9140,.F.);
#9140 = EDGE_CURVE('',#9049,#9089,#9141,.T.);
#9141 = LINE('',#9142,#9143);
#9142 = CARTESIAN_POINT('',(-46.,64.,372.5));
#9143 = VECTOR('',#9144,1.);
#9144 = DIRECTION('',(1.,0.,0.));
#9145 = ORIENTED_EDGE('',*,*,#9056,.T.);
#9146 = ORIENTED_EDGE('',*,*,#9147,.T.);
#9147 = EDGE_CURVE('',#9057,#9097,#9148,.T.);
#9148 = LINE('',#9149,#9150);
#9149 = CARTESIAN_POINT('',(-46.,64.,377.));
#9150 = VECTOR('',#9151,1.);
#9151 = DIRECTION('',(1.,0.,0.));
#9152 = ORIENTED_EDGE('',*,*,#9096,.F.);
#9153 = PLANE('',#9154);
#9154 = AXIS2_PLACEMENT_3D('',#9155,#9156,#9157);
#9155 = CARTESIAN_POINT('',(-46.,64.,372.5));
#9156 = DIRECTION('',(0.,1.,0.));
#9157 = DIRECTION('',(0.,0.,1.));
#9158 = ADVANCED_FACE('',(#9159),#9165,.F.);
#9159 = FACE_BOUND('',#9160,.F.);
#9160 = EDGE_LOOP('',(#9161,#9162,#9163,#9164));
#9161 = ORIENTED_EDGE('',*,*,#9048,.F.);
#9162 = ORIENTED_EDGE('',*,*,#9118,.T.);
#9163 = ORIENTED_EDGE('',*,*,#9088,.T.);
#9164 = ORIENTED_EDGE('',*,*,#9140,.F.);
#9165 = PLANE('',#9166);
#9166 = AXIS2_PLACEMENT_3D('',#9167,#9168,#9169);
#9167 = CARTESIAN_POINT('',(-46.,-64.,372.5));
#9168 = DIRECTION('',(0.,0.,1.));
#9169 = DIRECTION('',(1.,0.,0.));
#9170 = ADVANCED_FACE('',(#9171),#9177,.T.);
#9171 = FACE_BOUND('',#9172,.T.);
#9172 = EDGE_LOOP('',(#9173,#9174,#9175,#9176));
#9173 = ORIENTED_EDGE('',*,*,#9064,.F.);
#9174 = ORIENTED_EDGE('',*,*,#9125,.T.);
#9175 = ORIENTED_EDGE('',*,*,#9104,.T.);
#9176 = ORIENTED_EDGE('',*,*,#9147,.F.);
#9177 = PLANE('',#9178);
#9178 = AXIS2_PLACEMENT_3D('',#9179,#9180,#9181);
#9179 = CARTESIAN_POINT('',(-46.,-64.,377.));
#9180 = DIRECTION('',(0.,0.,1.));
#9181 = DIRECTION('',(1.,0.,0.));
#9182 = ( GEOMETRIC_REPRESENTATION_CONTEXT(3) 
GLOBAL_UNCERTAINTY_ASSIGNED_CONTEXT((#9186)) 
GLOBAL_UNIT_ASSIGNED_CONTEXT((#9183,#9184,#9185)) REPRESENTATION_CONTEXT
('Context #1','3D Context with UNIT and UNCERTAINTY') );
#9183 = ( LENGTH_UNIT() NAMED_UNIT(*) SI_UNIT(.MILLI.,.METRE.) );
#9184 = ( NAMED_UNIT(*) PLANE_ANGLE_UNIT() SI_UNIT($,.RADIAN.) );
#9185 = ( NAMED_UNIT(*) SI_UNIT($,.STERADIAN.) SOLID_ANGLE_UNIT() );
#9186 = UNCERTAINTY_MEASURE_WITH_UNIT(LENGTH_MEASURE(1.E-07),#9183,
  'distance_accuracy_value','confusion accuracy');
#9187 = CONTEXT_DEPENDENT_SHAPE_REPRESENTATION(#9188,#9190);
#9188 = ( REPRESENTATION_RELATIONSHIP('','',#9031,#10) 
REPRESENTATION_RELATIONSHIP_WITH_TRANSFORMATION(#9189) 
SHAPE_REPRESENTATION_RELATIONSHIP() );
#9189 = ITEM_DEFINED_TRANSFORMATION('','',#11,#139);
#9190 = PRODUCT_DEFINITION_SHAPE('Placement','Placement of an item',
  #9191);
#9191 = NEXT_ASSEMBLY_USAGE_OCCURRENCE('459','TURRET_TOP_BRACE','',#5,
  #9026,$);
#9192 = PRODUCT_RELATED_PRODUCT_CATEGORY('part',$,(#9028));
#9193 = SHAPE_DEFINITION_REPRESENTATION(#9194,#9200);
#9194 = PRODUCT_DEFINITION_SHAPE('','',#9195);
#9195 = PRODUCT_DEFINITION('design','',#9196,#9199);
#9196 = PRODUCT_DEFINITION_FORMATION('','',#9197);
#9197 = PRODUCT('CAM_MOUNT','CAM_MOUNT','',(#9198));
#9198 = PRODUCT_CONTEXT('',#2,'mechanical');
#9199 = PRODUCT_DEFINITION_CONTEXT('part definition',#2,'design');
#9200 = ADVANCED_BREP_SHAPE_REPRESENTATION('',(#11,#9201),#9351);
#9201 = MANIFOLD_SOLID_BREP('',#9202);
#9202 = CLOSED_SHELL('',(#9203,#9243,#9283,#9305,#9327,#9339));
#9203 = ADVANCED_FACE('',(#9204),#9238,.F.);
#9204 = FACE_BOUND('',#9205,.F.);
#9205 = EDGE_LOOP('',(#9206,#9216,#9224,#9232));
#9206 = ORIENTED_EDGE('',*,*,#9207,.F.);
#9207 = EDGE_CURVE('',#9208,#9210,#9212,.T.);
#9208 = VERTEX_POINT('',#9209);
#9209 = CARTESIAN_POINT('',(-6.,-10.,267.));
#9210 = VERTEX_POINT('',#9211);
#9211 = CARTESIAN_POINT('',(-6.,-10.,281.));
#9212 = LINE('',#9213,#9214);
#9213 = CARTESIAN_POINT('',(-6.,-10.,267.));
#9214 = VECTOR('',#9215,1.);
#9215 = DIRECTION('',(0.,0.,1.));
#9216 = ORIENTED_EDGE('',*,*,#9217,.T.);
#9217 = EDGE_CURVE('',#9208,#9218,#9220,.T.);
#9218 = VERTEX_POINT('',#9219);
#9219 = CARTESIAN_POINT('',(-6.,10.,267.));
#9220 = LINE('',#9221,#9222);
#9221 = CARTESIAN_POINT('',(-6.,-10.,267.));
#9222 = VECTOR('',#9223,1.);
#9223 = DIRECTION('',(0.,1.,0.));
#9224 = ORIENTED_EDGE('',*,*,#9225,.T.);
#9225 = EDGE_CURVE('',#9218,#9226,#9228,.T.);
#9226 = VERTEX_POINT('',#9227);
#9227 = CARTESIAN_POINT('',(-6.,10.,281.));
#9228 = LINE('',#9229,#9230);
#9229 = CARTESIAN_POINT('',(-6.,10.,267.));
#9230 = VECTOR('',#9231,1.);
#9231 = DIRECTION('',(0.,0.,1.));
#9232 = ORIENTED_EDGE('',*,*,#9233,.F.);
#9233 = EDGE_CURVE('',#9210,#9226,#9234,.T.);
#9234 = LINE('',#9235,#9236);
#9235 = CARTESIAN_POINT('',(-6.,-10.,281.));
#9236 = VECTOR('',#9237,1.);
#9237 = DIRECTION('',(0.,1.,0.));
#9238 = PLANE('',#9239);
#9239 = AXIS2_PLACEMENT_3D('',#9240,#9241,#9242);
#9240 = CARTESIAN_POINT('',(-6.,-10.,267.));
#9241 = DIRECTION('',(1.,0.,0.));
#9242 = DIRECTION('',(0.,0.,1.));
#9243 = ADVANCED_FACE('',(#9244),#9278,.T.);
#9244 = FACE_BOUND('',#9245,.T.);
#9245 = EDGE_LOOP('',(#9246,#9256,#9264,#9272));
#9246 = ORIENTED_EDGE('',*,*,#9247,.F.);
#9247 = EDGE_CURVE('',#9248,#9250,#9252,.T.);
#9248 = VERTEX_POINT('',#9249);
#9249 = CARTESIAN_POINT('',(17.,-10.,267.));
#9250 = VERTEX_POINT('',#9251);
#9251 = CARTESIAN_POINT('',(17.,-10.,281.));
#9252 = LINE('',#9253,#9254);
#9253 = CARTESIAN_POINT('',(17.,-10.,267.));
#9254 = VECTOR('',#9255,1.);
#9255 = DIRECTION('',(0.,0.,1.));
#9256 = ORIENTED_EDGE('',*,*,#9257,.T.);
#9257 = EDGE_CURVE('',#9248,#9258,#9260,.T.);
#9258 = VERTEX_POINT('',#9259);
#9259 = CARTESIAN_POINT('',(17.,10.,267.));
#9260 = LINE('',#9261,#9262);
#9261 = CARTESIAN_POINT('',(17.,-10.,267.));
#9262 = VECTOR('',#9263,1.);
#9263 = DIRECTION('',(0.,1.,0.));
#9264 = ORIENTED_EDGE('',*,*,#9265,.T.);
#9265 = EDGE_CURVE('',#9258,#9266,#9268,.T.);
#9266 = VERTEX_POINT('',#9267);
#9267 = CARTESIAN_POINT('',(17.,10.,281.));
#9268 = LINE('',#9269,#9270);
#9269 = CARTESIAN_POINT('',(17.,10.,267.));
#9270 = VECTOR('',#9271,1.);
#9271 = DIRECTION('',(0.,0.,1.));
#9272 = ORIENTED_EDGE('',*,*,#9273,.F.);
#9273 = EDGE_CURVE('',#9250,#9266,#9274,.T.);
#9274 = LINE('',#9275,#9276);
#9275 = CARTESIAN_POINT('',(17.,-10.,281.));
#9276 = VECTOR('',#9277,1.);
#9277 = DIRECTION('',(0.,1.,0.));
#9278 = PLANE('',#9279);
#9279 = AXIS2_PLACEMENT_3D('',#9280,#9281,#9282);
#9280 = CARTESIAN_POINT('',(17.,-10.,267.));
#9281 = DIRECTION('',(1.,0.,0.));
#9282 = DIRECTION('',(0.,0.,1.));
#9283 = ADVANCED_FACE('',(#9284),#9300,.F.);
#9284 = FACE_BOUND('',#9285,.F.);
#9285 = EDGE_LOOP('',(#9286,#9292,#9293,#9299));
#9286 = ORIENTED_EDGE('',*,*,#9287,.F.);
#9287 = EDGE_CURVE('',#9208,#9248,#9288,.T.);
#9288 = LINE('',#9289,#9290);
#9289 = CARTESIAN_POINT('',(-6.,-10.,267.));
#9290 = VECTOR('',#9291,1.);
#9291 = DIRECTION('',(1.,0.,0.));
#9292 = ORIENTED_EDGE('',*,*,#9207,.T.);
#9293 = ORIENTED_EDGE('',*,*,#9294,.T.);
#9294 = EDGE_CURVE('',#9210,#9250,#9295,.T.);
#9295 = LINE('',#9296,#9297);
#9296 = CARTESIAN_POINT('',(-6.,-10.,281.));
#9297 = VECTOR('',#9298,1.);
#9298 = DIRECTION('',(1.,0.,0.));
#9299 = ORIENTED_EDGE('',*,*,#9247,.F.);
#9300 = PLANE('',#9301);
#9301 = AXIS2_PLACEMENT_3D('',#9302,#9303,#9304);
#9302 = CARTESIAN_POINT('',(-6.,-10.,267.));
#9303 = DIRECTION('',(0.,1.,0.));
#9304 = DIRECTION('',(0.,0.,1.));
#9305 = ADVANCED_FACE('',(#9306),#9322,.T.);
#9306 = FACE_BOUND('',#9307,.T.);
#9307 = EDGE_LOOP('',(#9308,#9314,#9315,#9321));
#9308 = ORIENTED_EDGE('',*,*,#9309,.F.);
#9309 = EDGE_CURVE('',#9218,#9258,#9310,.T.);
#9310 = LINE('',#9311,#9312);
#9311 = CARTESIAN_POINT('',(-6.,10.,267.));
#9312 = VECTOR('',#9313,1.);
#9313 = DIRECTION('',(1.,0.,0.));
#9314 = ORIENTED_EDGE('',*,*,#9225,.T.);
#9315 = ORIENTED_EDGE('',*,*,#9316,.T.);
#9316 = EDGE_CURVE('',#9226,#9266,#9317,.T.);
#9317 = LINE('',#9318,#9319);
#9318 = CARTESIAN_POINT('',(-6.,10.,281.));
#9319 = VECTOR('',#9320,1.);
#9320 = DIRECTION('',(1.,0.,0.));
#9321 = ORIENTED_EDGE('',*,*,#9265,.F.);
#9322 = PLANE('',#9323);
#9323 = AXIS2_PLACEMENT_3D('',#9324,#9325,#9326);
#9324 = CARTESIAN_POINT('',(-6.,10.,267.));
#9325 = DIRECTION('',(0.,1.,0.));
#9326 = DIRECTION('',(0.,0.,1.));
#9327 = ADVANCED_FACE('',(#9328),#9334,.F.);
#9328 = FACE_BOUND('',#9329,.F.);
#9329 = EDGE_LOOP('',(#9330,#9331,#9332,#9333));
#9330 = ORIENTED_EDGE('',*,*,#9217,.F.);
#9331 = ORIENTED_EDGE('',*,*,#9287,.T.);
#9332 = ORIENTED_EDGE('',*,*,#9257,.T.);
#9333 = ORIENTED_EDGE('',*,*,#9309,.F.);
#9334 = PLANE('',#9335);
#9335 = AXIS2_PLACEMENT_3D('',#9336,#9337,#9338);
#9336 = CARTESIAN_POINT('',(-6.,-10.,267.));
#9337 = DIRECTION('',(0.,0.,1.));
#9338 = DIRECTION('',(1.,0.,0.));
#9339 = ADVANCED_FACE('',(#9340),#9346,.T.);
#9340 = FACE_BOUND('',#9341,.T.);
#9341 = EDGE_LOOP('',(#9342,#9343,#9344,#9345));
#9342 = ORIENTED_EDGE('',*,*,#9233,.F.);
#9343 = ORIENTED_EDGE('',*,*,#9294,.T.);
#9344 = ORIENTED_EDGE('',*,*,#9273,.T.);
#9345 = ORIENTED_EDGE('',*,*,#9316,.F.);
#9346 = PLANE('',#9347);
#9347 = AXIS2_PLACEMENT_3D('',#9348,#9349,#9350);
#9348 = CARTESIAN_POINT('',(-6.,-10.,281.));
#9349 = DIRECTION('',(0.,0.,1.));
#9350 = DIRECTION('',(1.,0.,0.));
#9351 = ( GEOMETRIC_REPRESENTATION_CONTEXT(3) 
GLOBAL_UNCERTAINTY_ASSIGNED_CONTEXT((#9355)) 
GLOBAL_UNIT_ASSIGNED_CONTEXT((#9352,#9353,#9354)) REPRESENTATION_CONTEXT
('Context #1','3D Context with UNIT and UNCERTAINTY') );
#9352 = ( LENGTH_UNIT() NAMED_UNIT(*) SI_UNIT(.MILLI.,.METRE.) );
#9353 = ( NAMED_UNIT(*) PLANE_ANGLE_UNIT() SI_UNIT($,.RADIAN.) );
#9354 = ( NAMED_UNIT(*) SI_UNIT($,.STERADIAN.) SOLID_ANGLE_UNIT() );
#9355 = UNCERTAINTY_MEASURE_WITH_UNIT(LENGTH_MEASURE(1.E-07),#9352,
  'distance_accuracy_value','confusion accuracy');
#9356 = CONTEXT_DEPENDENT_SHAPE_REPRESENTATION(#9357,#9359);
#9357 = ( REPRESENTATION_RELATIONSHIP('','',#9200,#10) 
REPRESENTATION_RELATIONSHIP_WITH_TRANSFORMATION(#9358) 
SHAPE_REPRESENTATION_RELATIONSHIP() );
#9358 = ITEM_DEFINED_TRANSFORMATION('','',#11,#143);
#9359 = PRODUCT_DEFINITION_SHAPE('Placement','Placement of an item',
  #9360);
#9360 = NEXT_ASSEMBLY_USAGE_OCCURRENCE('460','CAM_MOUNT','',#5,#9195,$);
#9361 = PRODUCT_RELATED_PRODUCT_CATEGORY('part',$,(#9197));
#9362 = SHAPE_DEFINITION_REPRESENTATION(#9363,#9369);
#9363 = PRODUCT_DEFINITION_SHAPE('','',#9364);
#9364 = PRODUCT_DEFINITION('design','',#9365,#9368);
#9365 = PRODUCT_DEFINITION_FORMATION('','',#9366);
#9366 = PRODUCT('VSN_CAM','VSN_CAM','',(#9367));
#9367 = PRODUCT_CONTEXT('',#2,'mechanical');
#9368 = PRODUCT_DEFINITION_CONTEXT('part definition',#2,'design');
#9369 = ADVANCED_BREP_SHAPE_REPRESENTATION('',(#11,#9370),#9520);
#9370 = MANIFOLD_SOLID_BREP('',#9371);
#9371 = CLOSED_SHELL('',(#9372,#9412,#9452,#9474,#9496,#9508));
#9372 = ADVANCED_FACE('',(#9373),#9407,.F.);
#9373 = FACE_BOUND('',#9374,.F.);
#9374 = EDGE_LOOP('',(#9375,#9385,#9393,#9401));
#9375 = ORIENTED_EDGE('',*,*,#9376,.F.);
#9376 = EDGE_CURVE('',#9377,#9379,#9381,.T.);
#9377 = VERTEX_POINT('',#9378);
#9378 = CARTESIAN_POINT('',(-20.,-14.,281.));
#9379 = VERTEX_POINT('',#9380);
#9380 = CARTESIAN_POINT('',(-20.,-14.,295.));
#9381 = LINE('',#9382,#9383);
#9382 = CARTESIAN_POINT('',(-20.,-14.,281.));
#9383 = VECTOR('',#9384,1.);
#9384 = DIRECTION('',(0.,0.,1.));
#9385 = ORIENTED_EDGE('',*,*,#9386,.T.);
#9386 = EDGE_CURVE('',#9377,#9387,#9389,.T.);
#9387 = VERTEX_POINT('',#9388);
#9388 = CARTESIAN_POINT('',(-20.,14.,281.));
#9389 = LINE('',#9390,#9391);
#9390 = CARTESIAN_POINT('',(-20.,-14.,281.));
#9391 = VECTOR('',#9392,1.);
#9392 = DIRECTION('',(0.,1.,0.));
#9393 = ORIENTED_EDGE('',*,*,#9394,.T.);
#9394 = EDGE_CURVE('',#9387,#9395,#9397,.T.);
#9395 = VERTEX_POINT('',#9396);
#9396 = CARTESIAN_POINT('',(-20.,14.,295.));
#9397 = LINE('',#9398,#9399);
#9398 = CARTESIAN_POINT('',(-20.,14.,281.));
#9399 = VECTOR('',#9400,1.);
#9400 = DIRECTION('',(0.,0.,1.));
#9401 = ORIENTED_EDGE('',*,*,#9402,.F.);
#9402 = EDGE_CURVE('',#9379,#9395,#9403,.T.);
#9403 = LINE('',#9404,#9405);
#9404 = CARTESIAN_POINT('',(-20.,-14.,295.));
#9405 = VECTOR('',#9406,1.);
#9406 = DIRECTION('',(0.,1.,0.));
#9407 = PLANE('',#9408);
#9408 = AXIS2_PLACEMENT_3D('',#9409,#9410,#9411);
#9409 = CARTESIAN_POINT('',(-20.,-14.,281.));
#9410 = DIRECTION('',(1.,0.,0.));
#9411 = DIRECTION('',(0.,0.,1.));
#9412 = ADVANCED_FACE('',(#9413),#9447,.T.);
#9413 = FACE_BOUND('',#9414,.T.);
#9414 = EDGE_LOOP('',(#9415,#9425,#9433,#9441));
#9415 = ORIENTED_EDGE('',*,*,#9416,.F.);
#9416 = EDGE_CURVE('',#9417,#9419,#9421,.T.);
#9417 = VERTEX_POINT('',#9418);
#9418 = CARTESIAN_POINT('',(8.,-14.,281.));
#9419 = VERTEX_POINT('',#9420);
#9420 = CARTESIAN_POINT('',(8.,-14.,295.));
#9421 = LINE('',#9422,#9423);
#9422 = CARTESIAN_POINT('',(8.,-14.,281.));
#9423 = VECTOR('',#9424,1.);
#9424 = DIRECTION('',(0.,0.,1.));
#9425 = ORIENTED_EDGE('',*,*,#9426,.T.);
#9426 = EDGE_CURVE('',#9417,#9427,#9429,.T.);
#9427 = VERTEX_POINT('',#9428);
#9428 = CARTESIAN_POINT('',(8.,14.,281.));
#9429 = LINE('',#9430,#9431);
#9430 = CARTESIAN_POINT('',(8.,-14.,281.));
#9431 = VECTOR('',#9432,1.);
#9432 = DIRECTION('',(0.,1.,0.));
#9433 = ORIENTED_EDGE('',*,*,#9434,.T.);
#9434 = EDGE_CURVE('',#9427,#9435,#9437,.T.);
#9435 = VERTEX_POINT('',#9436);
#9436 = CARTESIAN_POINT('',(8.,14.,295.));
#9437 = LINE('',#9438,#9439);
#9438 = CARTESIAN_POINT('',(8.,14.,281.));
#9439 = VECTOR('',#9440,1.);
#9440 = DIRECTION('',(0.,0.,1.));
#9441 = ORIENTED_EDGE('',*,*,#9442,.F.);
#9442 = EDGE_CURVE('',#9419,#9435,#9443,.T.);
#9443 = LINE('',#9444,#9445);
#9444 = CARTESIAN_POINT('',(8.,-14.,295.));
#9445 = VECTOR('',#9446,1.);
#9446 = DIRECTION('',(0.,1.,0.));
#9447 = PLANE('',#9448);
#9448 = AXIS2_PLACEMENT_3D('',#9449,#9450,#9451);
#9449 = CARTESIAN_POINT('',(8.,-14.,281.));
#9450 = DIRECTION('',(1.,0.,0.));
#9451 = DIRECTION('',(0.,0.,1.));
#9452 = ADVANCED_FACE('',(#9453),#9469,.F.);
#9453 = FACE_BOUND('',#9454,.F.);
#9454 = EDGE_LOOP('',(#9455,#9461,#9462,#9468));
#9455 = ORIENTED_EDGE('',*,*,#9456,.F.);
#9456 = EDGE_CURVE('',#9377,#9417,#9457,.T.);
#9457 = LINE('',#9458,#9459);
#9458 = CARTESIAN_POINT('',(-20.,-14.,281.));
#9459 = VECTOR('',#9460,1.);
#9460 = DIRECTION('',(1.,0.,0.));
#9461 = ORIENTED_EDGE('',*,*,#9376,.T.);
#9462 = ORIENTED_EDGE('',*,*,#9463,.T.);
#9463 = EDGE_CURVE('',#9379,#9419,#9464,.T.);
#9464 = LINE('',#9465,#9466);
#9465 = CARTESIAN_POINT('',(-20.,-14.,295.));
#9466 = VECTOR('',#9467,1.);
#9467 = DIRECTION('',(1.,0.,0.));
#9468 = ORIENTED_EDGE('',*,*,#9416,.F.);
#9469 = PLANE('',#9470);
#9470 = AXIS2_PLACEMENT_3D('',#9471,#9472,#9473);
#9471 = CARTESIAN_POINT('',(-20.,-14.,281.));
#9472 = DIRECTION('',(0.,1.,0.));
#9473 = DIRECTION('',(0.,0.,1.));
#9474 = ADVANCED_FACE('',(#9475),#9491,.T.);
#9475 = FACE_BOUND('',#9476,.T.);
#9476 = EDGE_LOOP('',(#9477,#9483,#9484,#9490));
#9477 = ORIENTED_EDGE('',*,*,#9478,.F.);
#9478 = EDGE_CURVE('',#9387,#9427,#9479,.T.);
#9479 = LINE('',#9480,#9481);
#9480 = CARTESIAN_POINT('',(-20.,14.,281.));
#9481 = VECTOR('',#9482,1.);
#9482 = DIRECTION('',(1.,0.,0.));
#9483 = ORIENTED_EDGE('',*,*,#9394,.T.);
#9484 = ORIENTED_EDGE('',*,*,#9485,.T.);
#9485 = EDGE_CURVE('',#9395,#9435,#9486,.T.);
#9486 = LINE('',#9487,#9488);
#9487 = CARTESIAN_POINT('',(-20.,14.,295.));
#9488 = VECTOR('',#9489,1.);
#9489 = DIRECTION('',(1.,0.,0.));
#9490 = ORIENTED_EDGE('',*,*,#9434,.F.);
#9491 = PLANE('',#9492);
#9492 = AXIS2_PLACEMENT_3D('',#9493,#9494,#9495);
#9493 = CARTESIAN_POINT('',(-20.,14.,281.));
#9494 = DIRECTION('',(0.,1.,0.));
#9495 = DIRECTION('',(0.,0.,1.));
#9496 = ADVANCED_FACE('',(#9497),#9503,.F.);
#9497 = FACE_BOUND('',#9498,.F.);
#9498 = EDGE_LOOP('',(#9499,#9500,#9501,#9502));
#9499 = ORIENTED_EDGE('',*,*,#9386,.F.);
#9500 = ORIENTED_EDGE('',*,*,#9456,.T.);
#9501 = ORIENTED_EDGE('',*,*,#9426,.T.);
#9502 = ORIENTED_EDGE('',*,*,#9478,.F.);
#9503 = PLANE('',#9504);
#9504 = AXIS2_PLACEMENT_3D('',#9505,#9506,#9507);
#9505 = CARTESIAN_POINT('',(-20.,-14.,281.));
#9506 = DIRECTION('',(0.,0.,1.));
#9507 = DIRECTION('',(1.,0.,0.));
#9508 = ADVANCED_FACE('',(#9509),#9515,.T.);
#9509 = FACE_BOUND('',#9510,.T.);
#9510 = EDGE_LOOP('',(#9511,#9512,#9513,#9514));
#9511 = ORIENTED_EDGE('',*,*,#9402,.F.);
#9512 = ORIENTED_EDGE('',*,*,#9463,.T.);
#9513 = ORIENTED_EDGE('',*,*,#9442,.T.);
#9514 = ORIENTED_EDGE('',*,*,#9485,.F.);
#9515 = PLANE('',#9516);
#9516 = AXIS2_PLACEMENT_3D('',#9517,#9518,#9519);
#9517 = CARTESIAN_POINT('',(-20.,-14.,295.));
#9518 = DIRECTION('',(0.,0.,1.));
#9519 = DIRECTION('',(1.,0.,0.));
#9520 = ( GEOMETRIC_REPRESENTATION_CONTEXT(3) 
GLOBAL_UNCERTAINTY_ASSIGNED_CONTEXT((#9524)) 
GLOBAL_UNIT_ASSIGNED_CONTEXT((#9521,#9522,#9523)) REPRESENTATION_CONTEXT
('Context #1','3D Context with UNIT and UNCERTAINTY') );
#9521 = ( LENGTH_UNIT() NAMED_UNIT(*) SI_UNIT(.MILLI.,.METRE.) );
#9522 = ( NAMED_UNIT(*) PLANE_ANGLE_UNIT() SI_UNIT($,.RADIAN.) );
#9523 = ( NAMED_UNIT(*) SI_UNIT($,.STERADIAN.) SOLID_ANGLE_UNIT() );
#9524 = UNCERTAINTY_MEASURE_WITH_UNIT(LENGTH_MEASURE(1.E-07),#9521,
  'distance_accuracy_value','confusion accuracy');
#9525 = CONTEXT_DEPENDENT_SHAPE_REPRESENTATION(#9526,#9528);
#9526 = ( REPRESENTATION_RELATIONSHIP('','',#9369,#10) 
REPRESENTATION_RELATIONSHIP_WITH_TRANSFORMATION(#9527) 
SHAPE_REPRESENTATION_RELATIONSHIP() );
#9527 = ITEM_DEFINED_TRANSFORMATION('','',#11,#147);
#9528 = PRODUCT_DEFINITION_SHAPE('Placement','Placement of an item',
  #9529);
#9529 = NEXT_ASSEMBLY_USAGE_OCCURRENCE('461','VSN_CAM','',#5,#9364,$);
#9530 = PRODUCT_RELATED_PRODUCT_CATEGORY('part',$,(#9366));
#9531 = SHAPE_DEFINITION_REPRESENTATION(#9532,#9538);
#9532 = PRODUCT_DEFINITION_SHAPE('','',#9533);
#9533 = PRODUCT_DEFINITION('design','',#9534,#9537);
#9534 = PRODUCT_DEFINITION_FORMATION('','',#9535);
#9535 = PRODUCT('CAM_LED','CAM_LED','',(#9536));
#9536 = PRODUCT_CONTEXT('',#2,'mechanical');
#9537 = PRODUCT_DEFINITION_CONTEXT('part definition',#2,'design');
#9538 = ADVANCED_BREP_SHAPE_REPRESENTATION('',(#11,#9539),#9689);
#9539 = MANIFOLD_SOLID_BREP('',#9540);
#9540 = CLOSED_SHELL('',(#9541,#9581,#9621,#9643,#9665,#9677));
#9541 = ADVANCED_FACE('',(#9542),#9576,.F.);
#9542 = FACE_BOUND('',#9543,.F.);
#9543 = EDGE_LOOP('',(#9544,#9554,#9562,#9570));
#9544 = ORIENTED_EDGE('',*,*,#9545,.F.);
#9545 = EDGE_CURVE('',#9546,#9548,#9550,.T.);
#9546 = VERTEX_POINT('',#9547);
#9547 = CARTESIAN_POINT('',(-16.,-2.,295.));
#9548 = VERTEX_POINT('',#9549);
#9549 = CARTESIAN_POINT('',(-16.,-2.,297.));
#9550 = LINE('',#9551,#9552);
#9551 = CARTESIAN_POINT('',(-16.,-2.,295.));
#9552 = VECTOR('',#9553,1.);
#9553 = DIRECTION('',(0.,0.,1.));
#9554 = ORIENTED_EDGE('',*,*,#9555,.T.);
#9555 = EDGE_CURVE('',#9546,#9556,#9558,.T.);
#9556 = VERTEX_POINT('',#9557);
#9557 = CARTESIAN_POINT('',(-16.,2.,295.));
#9558 = LINE('',#9559,#9560);
#9559 = CARTESIAN_POINT('',(-16.,-2.,295.));
#9560 = VECTOR('',#9561,1.);
#9561 = DIRECTION('',(0.,1.,0.));
#9562 = ORIENTED_EDGE('',*,*,#9563,.T.);
#9563 = EDGE_CURVE('',#9556,#9564,#9566,.T.);
#9564 = VERTEX_POINT('',#9565);
#9565 = CARTESIAN_POINT('',(-16.,2.,297.));
#9566 = LINE('',#9567,#9568);
#9567 = CARTESIAN_POINT('',(-16.,2.,295.));
#9568 = VECTOR('',#9569,1.);
#9569 = DIRECTION('',(0.,0.,1.));
#9570 = ORIENTED_EDGE('',*,*,#9571,.F.);
#9571 = EDGE_CURVE('',#9548,#9564,#9572,.T.);
#9572 = LINE('',#9573,#9574);
#9573 = CARTESIAN_POINT('',(-16.,-2.,297.));
#9574 = VECTOR('',#9575,1.);
#9575 = DIRECTION('',(0.,1.,0.));
#9576 = PLANE('',#9577);
#9577 = AXIS2_PLACEMENT_3D('',#9578,#9579,#9580);
#9578 = CARTESIAN_POINT('',(-16.,-2.,295.));
#9579 = DIRECTION('',(1.,0.,0.));
#9580 = DIRECTION('',(0.,0.,1.));
#9581 = ADVANCED_FACE('',(#9582),#9616,.T.);
#9582 = FACE_BOUND('',#9583,.T.);
#9583 = EDGE_LOOP('',(#9584,#9594,#9602,#9610));
#9584 = ORIENTED_EDGE('',*,*,#9585,.F.);
#9585 = EDGE_CURVE('',#9586,#9588,#9590,.T.);
#9586 = VERTEX_POINT('',#9587);
#9587 = CARTESIAN_POINT('',(-10.,-2.,295.));
#9588 = VERTEX_POINT('',#9589);
#9589 = CARTESIAN_POINT('',(-10.,-2.,297.));
#9590 = LINE('',#9591,#9592);
#9591 = CARTESIAN_POINT('',(-10.,-2.,295.));
#9592 = VECTOR('',#9593,1.);
#9593 = DIRECTION('',(0.,0.,1.));
#9594 = ORIENTED_EDGE('',*,*,#9595,.T.);
#9595 = EDGE_CURVE('',#9586,#9596,#9598,.T.);
#9596 = VERTEX_POINT('',#9597);
#9597 = CARTESIAN_POINT('',(-10.,2.,295.));
#9598 = LINE('',#9599,#9600);
#9599 = CARTESIAN_POINT('',(-10.,-2.,295.));
#9600 = VECTOR('',#9601,1.);
#9601 = DIRECTION('',(0.,1.,0.));
#9602 = ORIENTED_EDGE('',*,*,#9603,.T.);
#9603 = EDGE_CURVE('',#9596,#9604,#9606,.T.);
#9604 = VERTEX_POINT('',#9605);
#9605 = CARTESIAN_POINT('',(-10.,2.,297.));
#9606 = LINE('',#9607,#9608);
#9607 = CARTESIAN_POINT('',(-10.,2.,295.));
#9608 = VECTOR('',#9609,1.);
#9609 = DIRECTION('',(0.,0.,1.));
#9610 = ORIENTED_EDGE('',*,*,#9611,.F.);
#9611 = EDGE_CURVE('',#9588,#9604,#9612,.T.);
#9612 = LINE('',#9613,#9614);
#9613 = CARTESIAN_POINT('',(-10.,-2.,297.));
#9614 = VECTOR('',#9615,1.);
#9615 = DIRECTION('',(0.,1.,0.));
#9616 = PLANE('',#9617);
#9617 = AXIS2_PLACEMENT_3D('',#9618,#9619,#9620);
#9618 = CARTESIAN_POINT('',(-10.,-2.,295.));
#9619 = DIRECTION('',(1.,0.,0.));
#9620 = DIRECTION('',(0.,0.,1.));
#9621 = ADVANCED_FACE('',(#9622),#9638,.F.);
#9622 = FACE_BOUND('',#9623,.F.);
#9623 = EDGE_LOOP('',(#9624,#9630,#9631,#9637));
#9624 = ORIENTED_EDGE('',*,*,#9625,.F.);
#9625 = EDGE_CURVE('',#9546,#9586,#9626,.T.);
#9626 = LINE('',#9627,#9628);
#9627 = CARTESIAN_POINT('',(-16.,-2.,295.));
#9628 = VECTOR('',#9629,1.);
#9629 = DIRECTION('',(1.,0.,0.));
#9630 = ORIENTED_EDGE('',*,*,#9545,.T.);
#9631 = ORIENTED_EDGE('',*,*,#9632,.T.);
#9632 = EDGE_CURVE('',#9548,#9588,#9633,.T.);
#9633 = LINE('',#9634,#9635);
#9634 = CARTESIAN_POINT('',(-16.,-2.,297.));
#9635 = VECTOR('',#9636,1.);
#9636 = DIRECTION('',(1.,0.,0.));
#9637 = ORIENTED_EDGE('',*,*,#9585,.F.);
#9638 = PLANE('',#9639);
#9639 = AXIS2_PLACEMENT_3D('',#9640,#9641,#9642);
#9640 = CARTESIAN_POINT('',(-16.,-2.,295.));
#9641 = DIRECTION('',(0.,1.,0.));
#9642 = DIRECTION('',(0.,0.,1.));
#9643 = ADVANCED_FACE('',(#9644),#9660,.T.);
#9644 = FACE_BOUND('',#9645,.T.);
#9645 = EDGE_LOOP('',(#9646,#9652,#9653,#9659));
#9646 = ORIENTED_EDGE('',*,*,#9647,.F.);
#9647 = EDGE_CURVE('',#9556,#9596,#9648,.T.);
#9648 = LINE('',#9649,#9650);
#9649 = CARTESIAN_POINT('',(-16.,2.,295.));
#9650 = VECTOR('',#9651,1.);
#9651 = DIRECTION('',(1.,0.,0.));
#9652 = ORIENTED_EDGE('',*,*,#9563,.T.);
#9653 = ORIENTED_EDGE('',*,*,#9654,.T.);
#9654 = EDGE_CURVE('',#9564,#9604,#9655,.T.);
#9655 = LINE('',#9656,#9657);
#9656 = CARTESIAN_POINT('',(-16.,2.,297.));
#9657 = VECTOR('',#9658,1.);
#9658 = DIRECTION('',(1.,0.,0.));
#9659 = ORIENTED_EDGE('',*,*,#9603,.F.);
#9660 = PLANE('',#9661);
#9661 = AXIS2_PLACEMENT_3D('',#9662,#9663,#9664);
#9662 = CARTESIAN_POINT('',(-16.,2.,295.));
#9663 = DIRECTION('',(0.,1.,0.));
#9664 = DIRECTION('',(0.,0.,1.));
#9665 = ADVANCED_FACE('',(#9666),#9672,.F.);
#9666 = FACE_BOUND('',#9667,.F.);
#9667 = EDGE_LOOP('',(#9668,#9669,#9670,#9671));
#9668 = ORIENTED_EDGE('',*,*,#9555,.F.);
#9669 = ORIENTED_EDGE('',*,*,#9625,.T.);
#9670 = ORIENTED_EDGE('',*,*,#9595,.T.);
#9671 = ORIENTED_EDGE('',*,*,#9647,.F.);
#9672 = PLANE('',#9673);
#9673 = AXIS2_PLACEMENT_3D('',#9674,#9675,#9676);
#9674 = CARTESIAN_POINT('',(-16.,-2.,295.));
#9675 = DIRECTION('',(0.,0.,1.));
#9676 = DIRECTION('',(1.,0.,0.));
#9677 = ADVANCED_FACE('',(#9678),#9684,.T.);
#9678 = FACE_BOUND('',#9679,.T.);
#9679 = EDGE_LOOP('',(#9680,#9681,#9682,#9683));
#9680 = ORIENTED_EDGE('',*,*,#9571,.F.);
#9681 = ORIENTED_EDGE('',*,*,#9632,.T.);
#9682 = ORIENTED_EDGE('',*,*,#9611,.T.);
#9683 = ORIENTED_EDGE('',*,*,#9654,.F.);
#9684 = PLANE('',#9685);
#9685 = AXIS2_PLACEMENT_3D('',#9686,#9687,#9688);
#9686 = CARTESIAN_POINT('',(-16.,-2.,297.));
#9687 = DIRECTION('',(0.,0.,1.));
#9688 = DIRECTION('',(1.,0.,0.));
#9689 = ( GEOMETRIC_REPRESENTATION_CONTEXT(3) 
GLOBAL_UNCERTAINTY_ASSIGNED_CONTEXT((#9693)) 
GLOBAL_UNIT_ASSIGNED_CONTEXT((#9690,#9691,#9692)) REPRESENTATION_CONTEXT
('Context #1','3D Context with UNIT and UNCERTAINTY') );
#9690 = ( LENGTH_UNIT() NAMED_UNIT(*) SI_UNIT(.MILLI.,.METRE.) );
#9691 = ( NAMED_UNIT(*) PLANE_ANGLE_UNIT() SI_UNIT($,.RADIAN.) );
#9692 = ( NAMED_UNIT(*) SI_UNIT($,.STERADIAN.) SOLID_ANGLE_UNIT() );
#9693 = UNCERTAINTY_MEASURE_WITH_UNIT(LENGTH_MEASURE(1.E-07),#9690,
  'distance_accuracy_value','confusion accuracy');
#9694 = CONTEXT_DEPENDENT_SHAPE_REPRESENTATION(#9695,#9697);
#9695 = ( REPRESENTATION_RELATIONSHIP('','',#9538,#10) 
REPRESENTATION_RELATIONSHIP_WITH_TRANSFORMATION(#9696) 
SHAPE_REPRESENTATION_RELATIONSHIP() );
#9696 = ITEM_DEFINED_TRANSFORMATION('','',#11,#151);
#9697 = PRODUCT_DEFINITION_SHAPE('Placement','Placement of an item',
  #9698);
#9698 = NEXT_ASSEMBLY_USAGE_OCCURRENCE('462','CAM_LED','',#5,#9533,$);
#9699 = PRODUCT_RELATED_PRODUCT_CATEGORY('part',$,(#9535));
#9700 = SHAPE_DEFINITION_REPRESENTATION(#9701,#9707);
#9701 = PRODUCT_DEFINITION_SHAPE('','',#9702);
#9702 = PRODUCT_DEFINITION('design','',#9703,#9706);
#9703 = PRODUCT_DEFINITION_FORMATION('','',#9704);
#9704 = PRODUCT('YAW_MAGNET','YAW_MAGNET','',(#9705));
#9705 = PRODUCT_CONTEXT('',#2,'mechanical');
#9706 = PRODUCT_DEFINITION_CONTEXT('part definition',#2,'design');
#9707 = ADVANCED_BREP_SHAPE_REPRESENTATION('',(#11,#9708),#9761);
#9708 = MANIFOLD_SOLID_BREP('',#9709);
#9709 = CLOSED_SHELL('',(#9710,#9743,#9752));
#9710 = ADVANCED_FACE('',(#9711),#9738,.T.);
#9711 = FACE_BOUND('',#9712,.F.);
#9712 = EDGE_LOOP('',(#9713,#9723,#9730,#9731));
#9713 = ORIENTED_EDGE('',*,*,#9714,.T.);
#9714 = EDGE_CURVE('',#9715,#9717,#9719,.T.);
#9715 = VERTEX_POINT('',#9716);
#9716 = CARTESIAN_POINT('',(-33.5,-73.,253.5));
#9717 = VERTEX_POINT('',#9718);
#9718 = CARTESIAN_POINT('',(-33.5,-73.,267.));
#9719 = LINE('',#9720,#9721);
#9720 = CARTESIAN_POINT('',(-33.5,-73.,253.5));
#9721 = VECTOR('',#9722,1.);
#9722 = DIRECTION('',(0.,0.,1.));
#9723 = ORIENTED_EDGE('',*,*,#9724,.T.);
#9724 = EDGE_CURVE('',#9717,#9717,#9725,.T.);
#9725 = CIRCLE('',#9726,3.);
#9726 = AXIS2_PLACEMENT_3D('',#9727,#9728,#9729);
#9727 = CARTESIAN_POINT('',(-36.5,-73.,267.));
#9728 = DIRECTION('',(0.,0.,1.));
#9729 = DIRECTION('',(1.,0.,0.));
#9730 = ORIENTED_EDGE('',*,*,#9714,.F.);
#9731 = ORIENTED_EDGE('',*,*,#9732,.F.);
#9732 = EDGE_CURVE('',#9715,#9715,#9733,.T.);
#9733 = CIRCLE('',#9734,3.);
#9734 = AXIS2_PLACEMENT_3D('',#9735,#9736,#9737);
#9735 = CARTESIAN_POINT('',(-36.5,-73.,253.5));
#9736 = DIRECTION('',(0.,0.,1.));
#9737 = DIRECTION('',(1.,0.,0.));
#9738 = CYLINDRICAL_SURFACE('',#9739,3.);
#9739 = AXIS2_PLACEMENT_3D('',#9740,#9741,#9742);
#9740 = CARTESIAN_POINT('',(-36.5,-73.,253.5));
#9741 = DIRECTION('',(-0.,-0.,-1.));
#9742 = DIRECTION('',(1.,0.,0.));
#9743 = ADVANCED_FACE('',(#9744),#9747,.F.);
#9744 = FACE_BOUND('',#9745,.T.);
#9745 = EDGE_LOOP('',(#9746));
#9746 = ORIENTED_EDGE('',*,*,#9732,.F.);
#9747 = PLANE('',#9748);
#9748 = AXIS2_PLACEMENT_3D('',#9749,#9750,#9751);
#9749 = CARTESIAN_POINT('',(-36.5,-73.,253.5));
#9750 = DIRECTION('',(0.,0.,1.));
#9751 = DIRECTION('',(1.,0.,0.));
#9752 = ADVANCED_FACE('',(#9753),#9756,.T.);
#9753 = FACE_BOUND('',#9754,.F.);
#9754 = EDGE_LOOP('',(#9755));
#9755 = ORIENTED_EDGE('',*,*,#9724,.F.);
#9756 = PLANE('',#9757);
#9757 = AXIS2_PLACEMENT_3D('',#9758,#9759,#9760);
#9758 = CARTESIAN_POINT('',(-36.5,-73.,267.));
#9759 = DIRECTION('',(0.,0.,1.));
#9760 = DIRECTION('',(1.,0.,0.));
#9761 = ( GEOMETRIC_REPRESENTATION_CONTEXT(3) 
GLOBAL_UNCERTAINTY_ASSIGNED_CONTEXT((#9765)) 
GLOBAL_UNIT_ASSIGNED_CONTEXT((#9762,#9763,#9764)) REPRESENTATION_CONTEXT
('Context #1','3D Context with UNIT and UNCERTAINTY') );
#9762 = ( LENGTH_UNIT() NAMED_UNIT(*) SI_UNIT(.MILLI.,.METRE.) );
#9763 = ( NAMED_UNIT(*) PLANE_ANGLE_UNIT() SI_UNIT($,.RADIAN.) );
#9764 = ( NAMED_UNIT(*) SI_UNIT($,.STERADIAN.) SOLID_ANGLE_UNIT() );
#9765 = UNCERTAINTY_MEASURE_WITH_UNIT(LENGTH_MEASURE(1.E-07),#9762,
  'distance_accuracy_value','confusion accuracy');
#9766 = CONTEXT_DEPENDENT_SHAPE_REPRESENTATION(#9767,#9769);
#9767 = ( REPRESENTATION_RELATIONSHIP('','',#9707,#10) 
REPRESENTATION_RELATIONSHIP_WITH_TRANSFORMATION(#9768) 
SHAPE_REPRESENTATION_RELATIONSHIP() );
#9768 = ITEM_DEFINED_TRANSFORMATION('','',#11,#155);
#9769 = PRODUCT_DEFINITION_SHAPE('Placement','Placement of an item',
  #9770);
#9770 = NEXT_ASSEMBLY_USAGE_OCCURRENCE('463','YAW_MAGNET','',#5,#9702,$
  );
#9771 = PRODUCT_RELATED_PRODUCT_CATEGORY('part',$,(#9704));
#9772 = SHAPE_DEFINITION_REPRESENTATION(#9773,#9779);
#9773 = PRODUCT_DEFINITION_SHAPE('','',#9774);
#9774 = PRODUCT_DEFINITION('design','',#9775,#9778);
#9775 = PRODUCT_DEFINITION_FORMATION('','',#9776);
#9776 = PRODUCT('WIRE_FLY_L_0','WIRE_FLY_L_0','',(#9777));
#9777 = PRODUCT_CONTEXT('',#2,'mechanical');
#9778 = PRODUCT_DEFINITION_CONTEXT('part definition',#2,'design');
#9779 = ADVANCED_BREP_SHAPE_REPRESENTATION('',(#11,#9780),#9929);
#9780 = MANIFOLD_SOLID_BREP('',#9781);
#9781 = CLOSED_SHELL('',(#9782,#9842,#9851,#9867,#9909,#9920));
#9782 = ADVANCED_FACE('',(#9783),#9837,.T.);
#9783 = FACE_BOUND('',#9784,.F.);
#9784 = EDGE_LOOP('',(#9785,#9794,#9802,#9811,#9820,#9829,#9836));
#9785 = ORIENTED_EDGE('',*,*,#9786,.F.);
#9786 = EDGE_CURVE('',#9787,#9787,#9789,.T.);
#9787 = VERTEX_POINT('',#9788);
#9788 = CARTESIAN_POINT('',(-78.76522015467,102.84018837595,
    302.11081055179));
#9789 = CIRCLE('',#9790,1.25);
#9790 = AXIS2_PLACEMENT_3D('',#9791,#9792,#9793);
#9791 = CARTESIAN_POINT('',(-80.,103.,302.));
#9792 = DIRECTION('',(-8.864844143559E-02,-0.930808635074,
    -0.354593765742));
#9793 = DIRECTION('',(0.987823876263,-0.127849299239,8.864844143559E-02)
  );
#9794 = ORIENTED_EDGE('',*,*,#9795,.T.);
#9795 = EDGE_CURVE('',#9787,#9796,#9798,.T.);
#9796 = VERTEX_POINT('',#9797);
#9797 = CARTESIAN_POINT('',(-80.76522015467,81.840188375952,
    294.11081055179));
#9798 = LINE('',#9799,#9800);
#9799 = CARTESIAN_POINT('',(-78.76522015467,102.84018837595,
    302.11081055179));
#9800 = VECTOR('',#9801,1.);
#9801 = DIRECTION('',(-8.864844143559E-02,-0.930808635074,
    -0.354593765742));
#9802 = ORIENTED_EDGE('',*,*,#9803,.T.);
#9803 = EDGE_CURVE('',#9796,#9804,#9806,.T.);
#9804 = VERTEX_POINT('',#9805);
#9805 = CARTESIAN_POINT('',(-83.16126845347,81.936076965864,
    294.45811507797));
#9806 = CIRCLE('',#9807,1.25);
#9807 = AXIS2_PLACEMENT_3D('',#9808,#9809,#9810);
#9808 = CARTESIAN_POINT('',(-82.,82.,294.));
#9809 = DIRECTION('',(-8.864844143559E-02,-0.930808635074,
    -0.354593765742));
#9810 = DIRECTION('',(0.987823876263,-0.127849299239,8.864844143559E-02)
  );
#9811 = ORIENTED_EDGE('',*,*,#9812,.F.);
#9812 = EDGE_CURVE('',#9813,#9804,#9815,.T.);
#9813 = VERTEX_POINT('',#9814);
#9814 = CARTESIAN_POINT('',(-82.42737861956,82.680298124423,
    293.01157021428));
#9815 = ELLIPSE('',#9816,1.273754868036,1.25);
#9816 = AXIS2_PLACEMENT_3D('',#9817,#9818,#9819);
#9817 = CARTESIAN_POINT('',(-82.,82.,294.));
#9818 = DIRECTION('',(0.156056022156,0.843880374143,0.513334619996));
#9819 = DIRECTION('',(-0.335526583872,0.534088733629,-0.775996866054));
#9820 = ORIENTED_EDGE('',*,*,#9821,.F.);
#9821 = EDGE_CURVE('',#9822,#9813,#9824,.T.);
#9822 = VERTEX_POINT('',#9823);
#9823 = CARTESIAN_POINT('',(-80.83873154652,82.063923034136,
    293.54188492202));
#9824 = ELLIPSE('',#9825,1.273754868036,1.25);
#9825 = AXIS2_PLACEMENT_3D('',#9826,#9827,#9828);
#9826 = CARTESIAN_POINT('',(-82.,82.,294.));
#9827 = DIRECTION('',(0.156056022156,0.843880374143,0.513334619996));
#9828 = DIRECTION('',(-0.335526583872,0.534088733629,-0.775996866054));
#9829 = ORIENTED_EDGE('',*,*,#9830,.T.);
#9830 = EDGE_CURVE('',#9822,#9796,#9831,.T.);
#9831 = CIRCLE('',#9832,1.25);
#9832 = AXIS2_PLACEMENT_3D('',#9833,#9834,#9835);
#9833 = CARTESIAN_POINT('',(-82.,82.,294.));
#9834 = DIRECTION('',(-8.864844143559E-02,-0.930808635074,
    -0.354593765742));
#9835 = DIRECTION('',(0.987823876263,-0.127849299239,8.864844143559E-02)
  );
#9836 = ORIENTED_EDGE('',*,*,#9795,.F.);
#9837 = CYLINDRICAL_SURFACE('',#9838,1.25);
#9838 = AXIS2_PLACEMENT_3D('',#9839,#9840,#9841);
#9839 = CARTESIAN_POINT('',(-80.,103.,302.));
#9840 = DIRECTION('',(8.864844143559E-02,0.930808635074,0.354593765742)
  );
#9841 = DIRECTION('',(0.987823876263,-0.127849299239,8.864844143559E-02)
  );
#9842 = ADVANCED_FACE('',(#9843),#9846,.F.);
#9843 = FACE_BOUND('',#9844,.T.);
#9844 = EDGE_LOOP('',(#9845));
#9845 = ORIENTED_EDGE('',*,*,#9786,.F.);
#9846 = PLANE('',#9847);
#9847 = AXIS2_PLACEMENT_3D('',#9848,#9849,#9850);
#9848 = CARTESIAN_POINT('',(-80.,103.,302.));
#9849 = DIRECTION('',(-8.864844143559E-02,-0.930808635074,
    -0.354593765742));
#9850 = DIRECTION('',(0.987823876263,-0.127849299239,8.864844143559E-02)
  );
#9851 = ADVANCED_FACE('',(#9852),#9862,.T.);
#9852 = FACE_BOUND('',#9853,.T.);
#9853 = EDGE_LOOP('',(#9854,#9855,#9856));
#9854 = ORIENTED_EDGE('',*,*,#9830,.T.);
#9855 = ORIENTED_EDGE('',*,*,#9803,.T.);
#9856 = ORIENTED_EDGE('',*,*,#9857,.T.);
#9857 = EDGE_CURVE('',#9804,#9822,#9858,.T.);
#9858 = LINE('',#9859,#9860);
#9859 = CARTESIAN_POINT('',(-82.,82.,294.));
#9860 = VECTOR('',#9861,1.);
#9861 = DIRECTION('',(0.92901476278,5.113842730901E-02,-0.366492062381)
  );
#9862 = PLANE('',#9863);
#9863 = AXIS2_PLACEMENT_3D('',#9864,#9865,#9866);
#9864 = CARTESIAN_POINT('',(-82.,82.,294.));
#9865 = DIRECTION('',(-8.864844143559E-02,-0.930808635074,
    -0.354593765742));
#9866 = DIRECTION('',(0.987823876263,-0.127849299239,8.864844143559E-02)
  );
#9867 = ADVANCED_FACE('',(#9868),#9904,.T.);
#9868 = FACE_BOUND('',#9869,.F.);
#9869 = EDGE_LOOP('',(#9870,#9879,#9887,#9894,#9895,#9902,#9903));
#9870 = ORIENTED_EDGE('',*,*,#9871,.F.);
#9871 = EDGE_CURVE('',#9872,#9804,#9874,.T.);
#9872 = VERTEX_POINT('',#9873);
#9873 = CARTESIAN_POINT('',(-80.92060043149,81.431331895035,
    294.27205359379));
#9874 = CIRCLE('',#9875,1.25);
#9875 = AXIS2_PLACEMENT_3D('',#9876,#9877,#9878);
#9876 = CARTESIAN_POINT('',(-82.,82.,294.));
#9877 = DIRECTION('',(-0.217642875033,-0.72547625011,-0.652928625099));
#9878 = DIRECTION('',(0.863519654808,-0.454934483972,0.217642875033));
#9879 = ORIENTED_EDGE('',*,*,#9880,.T.);
#9880 = EDGE_CURVE('',#9872,#9881,#9883,.T.);
#9881 = VERTEX_POINT('',#9882);
#9882 = CARTESIAN_POINT('',(-86.92060043149,61.431331895035,
    276.27205359379));
#9883 = LINE('',#9884,#9885);
#9884 = CARTESIAN_POINT('',(-80.92060043149,81.431331895035,
    294.27205359379));
#9885 = VECTOR('',#9886,1.);
#9886 = DIRECTION('',(-0.217642875033,-0.72547625011,-0.652928625099));
#9887 = ORIENTED_EDGE('',*,*,#9888,.T.);
#9888 = EDGE_CURVE('',#9881,#9881,#9889,.T.);
#9889 = CIRCLE('',#9890,1.25);
#9890 = AXIS2_PLACEMENT_3D('',#9891,#9892,#9893);
#9891 = CARTESIAN_POINT('',(-88.,62.,276.));
#9892 = DIRECTION('',(-0.217642875033,-0.72547625011,-0.652928625099));
#9893 = DIRECTION('',(0.863519654808,-0.454934483972,0.217642875033));
#9894 = ORIENTED_EDGE('',*,*,#9880,.F.);
#9895 = ORIENTED_EDGE('',*,*,#9896,.F.);
#9896 = EDGE_CURVE('',#9822,#9872,#9897,.T.);
#9897 = CIRCLE('',#9898,1.25);
#9898 = AXIS2_PLACEMENT_3D('',#9899,#9900,#9901);
#9899 = CARTESIAN_POINT('',(-82.,82.,294.));
#9900 = DIRECTION('',(-0.217642875033,-0.72547625011,-0.652928625099));
#9901 = DIRECTION('',(0.863519654808,-0.454934483972,0.217642875033));
#9902 = ORIENTED_EDGE('',*,*,#9821,.T.);
#9903 = ORIENTED_EDGE('',*,*,#9812,.T.);
#9904 = CYLINDRICAL_SURFACE('',#9905,1.25);
#9905 = AXIS2_PLACEMENT_3D('',#9906,#9907,#9908);
#9906 = CARTESIAN_POINT('',(-82.,82.,294.));
#9907 = DIRECTION('',(0.217642875033,0.72547625011,0.652928625099));
#9908 = DIRECTION('',(0.863519654808,-0.454934483972,0.217642875033));
#9909 = ADVANCED_FACE('',(#9910),#9915,.F.);
#9910 = FACE_BOUND('',#9911,.F.);
#9911 = EDGE_LOOP('',(#9912,#9913,#9914));
#9912 = ORIENTED_EDGE('',*,*,#9896,.T.);
#9913 = ORIENTED_EDGE('',*,*,#9871,.T.);
#9914 = ORIENTED_EDGE('',*,*,#9857,.T.);
#9915 = PLANE('',#9916);
#9916 = AXIS2_PLACEMENT_3D('',#9917,#9918,#9919);
#9917 = CARTESIAN_POINT('',(-82.,82.,294.));
#9918 = DIRECTION('',(-0.217642875033,-0.72547625011,-0.652928625099));
#9919 = DIRECTION('',(0.863519654808,-0.454934483972,0.217642875033));
#9920 = ADVANCED_FACE('',(#9921),#9924,.T.);
#9921 = FACE_BOUND('',#9922,.F.);
#9922 = EDGE_LOOP('',(#9923));
#9923 = ORIENTED_EDGE('',*,*,#9888,.F.);
#9924 = PLANE('',#9925);
#9925 = AXIS2_PLACEMENT_3D('',#9926,#9927,#9928);
#9926 = CARTESIAN_POINT('',(-88.,62.,276.));
#9927 = DIRECTION('',(-0.217642875033,-0.72547625011,-0.652928625099));
#9928 = DIRECTION('',(0.863519654808,-0.454934483972,0.217642875033));
#9929 = ( GEOMETRIC_REPRESENTATION_CONTEXT(3) 
GLOBAL_UNCERTAINTY_ASSIGNED_CONTEXT((#9933)) 
GLOBAL_UNIT_ASSIGNED_CONTEXT((#9930,#9931,#9932)) REPRESENTATION_CONTEXT
('Context #1','3D Context with UNIT and UNCERTAINTY') );
#9930 = ( LENGTH_UNIT() NAMED_UNIT(*) SI_UNIT(.MILLI.,.METRE.) );
#9931 = ( NAMED_UNIT(*) PLANE_ANGLE_UNIT() SI_UNIT($,.RADIAN.) );
#9932 = ( NAMED_UNIT(*) SI_UNIT($,.STERADIAN.) SOLID_ANGLE_UNIT() );
#9933 = UNCERTAINTY_MEASURE_WITH_UNIT(LENGTH_MEASURE(2.E-05),#9930,
  'distance_accuracy_value','confusion accuracy');
#9934 = CONTEXT_DEPENDENT_SHAPE_REPRESENTATION(#9935,#9937);
#9935 = ( REPRESENTATION_RELATIONSHIP('','',#9779,#10) 
REPRESENTATION_RELATIONSHIP_WITH_TRANSFORMATION(#9936) 
SHAPE_REPRESENTATION_RELATIONSHIP() );
#9936 = ITEM_DEFINED_TRANSFORMATION('','',#11,#159);
#9937 = PRODUCT_DEFINITION_SHAPE('Placement','Placement of an item',
  #9938);
#9938 = NEXT_ASSEMBLY_USAGE_OCCURRENCE('464','WIRE_FLY_L_0','',#5,#9774,
  $);
#9939 = PRODUCT_RELATED_PRODUCT_CATEGORY('part',$,(#9776));
#9940 = SHAPE_DEFINITION_REPRESENTATION(#9941,#9947);
#9941 = PRODUCT_DEFINITION_SHAPE('','',#9942);
#9942 = PRODUCT_DEFINITION('design','',#9943,#9946);
#9943 = PRODUCT_DEFINITION_FORMATION('','',#9944);
#9944 = PRODUCT('WIRE_FLY_L_1','WIRE_FLY_L_1','',(#9945));
#9945 = PRODUCT_CONTEXT('',#2,'mechanical');
#9946 = PRODUCT_DEFINITION_CONTEXT('part definition',#2,'design');
#9947 = ADVANCED_BREP_SHAPE_REPRESENTATION('',(#11,#9948),#10001);
#9948 = MANIFOLD_SOLID_BREP('',#9949);
#9949 = CLOSED_SHELL('',(#9950,#9983,#9992));
#9950 = ADVANCED_FACE('',(#9951),#9978,.T.);
#9951 = FACE_BOUND('',#9952,.F.);
#9952 = EDGE_LOOP('',(#9953,#9963,#9970,#9971));
#9953 = ORIENTED_EDGE('',*,*,#9954,.T.);
#9954 = EDGE_CURVE('',#9955,#9957,#9959,.T.);
#9955 = VERTEX_POINT('',#9956);
#9956 = CARTESIAN_POINT('',(1.25,0.,-7.105427357601E-15));
#9957 = VERTEX_POINT('',#9958);
#9958 = CARTESIAN_POINT('',(1.25,0.,24.581497106564));
#9959 = LINE('',#9960,#9961);
#9960 = CARTESIAN_POINT('',(1.25,-3.1E-16,0.));
#9961 = VECTOR('',#9962,1.);
#9962 = DIRECTION('',(0.,0.,1.));
#9963 = ORIENTED_EDGE('',*,*,#9964,.T.);
#9964 = EDGE_CURVE('',#9957,#9957,#9965,.T.);
#9965 = CIRCLE('',#9966,1.25);
#9966 = AXIS2_PLACEMENT_3D('',#9967,#9968,#9969);
#9967 = CARTESIAN_POINT('',(0.,0.,24.581497106564));
#9968 = DIRECTION('',(0.,0.,1.));
#9969 = DIRECTION('',(1.,0.,0.));
#9970 = ORIENTED_EDGE('',*,*,#9954,.F.);
#9971 = ORIENTED_EDGE('',*,*,#9972,.F.);
#9972 = EDGE_CURVE('',#9955,#9955,#9973,.T.);
#9973 = CIRCLE('',#9974,1.25);
#9974 = AXIS2_PLACEMENT_3D('',#9975,#9976,#9977);
#9975 = CARTESIAN_POINT('',(0.,0.,0.));
#9976 = DIRECTION('',(0.,0.,1.));
#9977 = DIRECTION('',(1.,0.,-0.));
#9978 = CYLINDRICAL_SURFACE('',#9979,1.25);
#9979 = AXIS2_PLACEMENT_3D('',#9980,#9981,#9982);
#9980 = CARTESIAN_POINT('',(0.,0.,0.));
#9981 = DIRECTION('',(-0.,-0.,-1.));
#9982 = DIRECTION('',(1.,0.,-0.));
#9983 = ADVANCED_FACE('',(#9984),#9987,.F.);
#9984 = FACE_BOUND('',#9985,.T.);
#9985 = EDGE_LOOP('',(#9986));
#9986 = ORIENTED_EDGE('',*,*,#9972,.F.);
#9987 = PLANE('',#9988);
#9988 = AXIS2_PLACEMENT_3D('',#9989,#9990,#9991);
#9989 = CARTESIAN_POINT('',(0.,0.,0.));
#9990 = DIRECTION('',(0.,0.,1.));
#9991 = DIRECTION('',(1.,0.,-0.));
#9992 = ADVANCED_FACE('',(#9993),#9996,.T.);
#9993 = FACE_BOUND('',#9994,.F.);
#9994 = EDGE_LOOP('',(#9995));
#9995 = ORIENTED_EDGE('',*,*,#9964,.F.);
#9996 = PLANE('',#9997);
#9997 = AXIS2_PLACEMENT_3D('',#9998,#9999,#10000);
#9998 = CARTESIAN_POINT('',(0.,0.,24.581497106564));
#9999 = DIRECTION('',(0.,0.,1.));
#10000 = DIRECTION('',(1.,0.,0.));
#10001 = ( GEOMETRIC_REPRESENTATION_CONTEXT(3) 
GLOBAL_UNCERTAINTY_ASSIGNED_CONTEXT((#10005)) 
GLOBAL_UNIT_ASSIGNED_CONTEXT((#10002,#10003,#10004)) 
REPRESENTATION_CONTEXT('Context #1',
  '3D Context with UNIT and UNCERTAINTY') );
#10002 = ( LENGTH_UNIT() NAMED_UNIT(*) SI_UNIT(.MILLI.,.METRE.) );
#10003 = ( NAMED_UNIT(*) PLANE_ANGLE_UNIT() SI_UNIT($,.RADIAN.) );
#10004 = ( NAMED_UNIT(*) SI_UNIT($,.STERADIAN.) SOLID_ANGLE_UNIT() );
#10005 = UNCERTAINTY_MEASURE_WITH_UNIT(LENGTH_MEASURE(1.E-07),#10002,
  'distance_accuracy_value','confusion accuracy');
#10006 = CONTEXT_DEPENDENT_SHAPE_REPRESENTATION(#10007,#10009);
#10007 = ( REPRESENTATION_RELATIONSHIP('','',#9947,#10) 
REPRESENTATION_RELATIONSHIP_WITH_TRANSFORMATION(#10008) 
SHAPE_REPRESENTATION_RELATIONSHIP() );
#10008 = ITEM_DEFINED_TRANSFORMATION('','',#11,#163);
#10009 = PRODUCT_DEFINITION_SHAPE('Placement','Placement of an item',
  #10010);
#10010 = NEXT_ASSEMBLY_USAGE_OCCURRENCE('465','WIRE_FLY_L_1','',#5,#9942
  ,$);
#10011 = PRODUCT_RELATED_PRODUCT_CATEGORY('part',$,(#9944));
#10012 = SHAPE_DEFINITION_REPRESENTATION(#10013,#10019);
#10013 = PRODUCT_DEFINITION_SHAPE('','',#10014);
#10014 = PRODUCT_DEFINITION('design','',#10015,#10018);
#10015 = PRODUCT_DEFINITION_FORMATION('','',#10016);
#10016 = PRODUCT('WIRE_FLY_L_2','WIRE_FLY_L_2','',(#10017));
#10017 = PRODUCT_CONTEXT('',#2,'mechanical');
#10018 = PRODUCT_DEFINITION_CONTEXT('part definition',#2,'design');
#10019 = ADVANCED_BREP_SHAPE_REPRESENTATION('',(#11,#10020),#10073);
#10020 = MANIFOLD_SOLID_BREP('',#10021);
#10021 = CLOSED_SHELL('',(#10022,#10055,#10064));
#10022 = ADVANCED_FACE('',(#10023),#10050,.T.);
#10023 = FACE_BOUND('',#10024,.F.);
#10024 = EDGE_LOOP('',(#10025,#10035,#10042,#10043));
#10025 = ORIENTED_EDGE('',*,*,#10026,.T.);
#10026 = EDGE_CURVE('',#10027,#10029,#10031,.T.);
#10027 = VERTEX_POINT('',#10028);
#10028 = CARTESIAN_POINT('',(1.25,0.,-1.42108547152E-14));
#10029 = VERTEX_POINT('',#10030);
#10030 = CARTESIAN_POINT('',(1.25,0.,22.141589825485));
#10031 = LINE('',#10032,#10033);
#10032 = CARTESIAN_POINT('',(1.25,-3.1E-16,0.));
#10033 = VECTOR('',#10034,1.);
#10034 = DIRECTION('',(0.,0.,1.));
#10035 = ORIENTED_EDGE('',*,*,#10036,.T.);
#10036 = EDGE_CURVE('',#10029,#10029,#10037,.T.);
#10037 = CIRCLE('',#10038,1.25);
#10038 = AXIS2_PLACEMENT_3D('',#10039,#10040,#10041);
#10039 = CARTESIAN_POINT('',(0.,0.,22.141589825485));
#10040 = DIRECTION('',(0.,0.,1.));
#10041 = DIRECTION('',(1.,0.,0.));
#10042 = ORIENTED_EDGE('',*,*,#10026,.F.);
#10043 = ORIENTED_EDGE('',*,*,#10044,.F.);
#10044 = EDGE_CURVE('',#10027,#10027,#10045,.T.);
#10045 = CIRCLE('',#10046,1.25);
#10046 = AXIS2_PLACEMENT_3D('',#10047,#10048,#10049);
#10047 = CARTESIAN_POINT('',(0.,0.,0.));
#10048 = DIRECTION('',(0.,0.,1.));
#10049 = DIRECTION('',(1.,0.,-0.));
#10050 = CYLINDRICAL_SURFACE('',#10051,1.25);
#10051 = AXIS2_PLACEMENT_3D('',#10052,#10053,#10054);
#10052 = CARTESIAN_POINT('',(0.,0.,0.));
#10053 = DIRECTION('',(-0.,-0.,-1.));
#10054 = DIRECTION('',(1.,0.,-0.));
#10055 = ADVANCED_FACE('',(#10056),#10059,.F.);
#10056 = FACE_BOUND('',#10057,.T.);
#10057 = EDGE_LOOP('',(#10058));
#10058 = ORIENTED_EDGE('',*,*,#10044,.F.);
#10059 = PLANE('',#10060);
#10060 = AXIS2_PLACEMENT_3D('',#10061,#10062,#10063);
#10061 = CARTESIAN_POINT('',(0.,0.,0.));
#10062 = DIRECTION('',(0.,0.,1.));
#10063 = DIRECTION('',(1.,0.,-0.));
#10064 = ADVANCED_FACE('',(#10065),#10068,.T.);
#10065 = FACE_BOUND('',#10066,.F.);
#10066 = EDGE_LOOP('',(#10067));
#10067 = ORIENTED_EDGE('',*,*,#10036,.F.);
#10068 = PLANE('',#10069);
#10069 = AXIS2_PLACEMENT_3D('',#10070,#10071,#10072);
#10070 = CARTESIAN_POINT('',(0.,0.,22.141589825485));
#10071 = DIRECTION('',(0.,0.,1.));
#10072 = DIRECTION('',(1.,0.,0.));
#10073 = ( GEOMETRIC_REPRESENTATION_CONTEXT(3) 
GLOBAL_UNCERTAINTY_ASSIGNED_CONTEXT((#10077)) 
GLOBAL_UNIT_ASSIGNED_CONTEXT((#10074,#10075,#10076)) 
REPRESENTATION_CONTEXT('Context #1',
  '3D Context with UNIT and UNCERTAINTY') );
#10074 = ( LENGTH_UNIT() NAMED_UNIT(*) SI_UNIT(.MILLI.,.METRE.) );
#10075 = ( NAMED_UNIT(*) PLANE_ANGLE_UNIT() SI_UNIT($,.RADIAN.) );
#10076 = ( NAMED_UNIT(*) SI_UNIT($,.STERADIAN.) SOLID_ANGLE_UNIT() );
#10077 = UNCERTAINTY_MEASURE_WITH_UNIT(LENGTH_MEASURE(1.E-07),#10074,
  'distance_accuracy_value','confusion accuracy');
#10078 = CONTEXT_DEPENDENT_SHAPE_REPRESENTATION(#10079,#10081);
#10079 = ( REPRESENTATION_RELATIONSHIP('','',#10019,#10) 
REPRESENTATION_RELATIONSHIP_WITH_TRANSFORMATION(#10080) 
SHAPE_REPRESENTATION_RELATIONSHIP() );
#10080 = ITEM_DEFINED_TRANSFORMATION('','',#11,#167);
#10081 = PRODUCT_DEFINITION_SHAPE('Placement','Placement of an item',
  #10082);
#10082 = NEXT_ASSEMBLY_USAGE_OCCURRENCE('466','WIRE_FLY_L_2','',#5,
  #10014,$);
#10083 = PRODUCT_RELATED_PRODUCT_CATEGORY('part',$,(#10016));
#10084 = SHAPE_DEFINITION_REPRESENTATION(#10085,#10091);
#10085 = PRODUCT_DEFINITION_SHAPE('','',#10086);
#10086 = PRODUCT_DEFINITION('design','',#10087,#10090);
#10087 = PRODUCT_DEFINITION_FORMATION('','',#10088);
#10088 = PRODUCT('WIRE_FLY_L_3','WIRE_FLY_L_3','',(#10089));
#10089 = PRODUCT_CONTEXT('',#2,'mechanical');
#10090 = PRODUCT_DEFINITION_CONTEXT('part definition',#2,'design');
#10091 = ADVANCED_BREP_SHAPE_REPRESENTATION('',(#11,#10092),#10145);
#10092 = MANIFOLD_SOLID_BREP('',#10093);
#10093 = CLOSED_SHELL('',(#10094,#10127,#10136));
#10094 = ADVANCED_FACE('',(#10095),#10122,.T.);
#10095 = FACE_BOUND('',#10096,.F.);
#10096 = EDGE_LOOP('',(#10097,#10107,#10114,#10115));
#10097 = ORIENTED_EDGE('',*,*,#10098,.T.);
#10098 = EDGE_CURVE('',#10099,#10101,#10103,.T.);
#10099 = VERTEX_POINT('',#10100);
#10100 = CARTESIAN_POINT('',(1.25,0.,0.));
#10101 = VERTEX_POINT('',#10102);
#10102 = CARTESIAN_POINT('',(1.25,0.,104.));
#10103 = LINE('',#10104,#10105);
#10104 = CARTESIAN_POINT('',(1.25,-3.1E-16,0.));
#10105 = VECTOR('',#10106,1.);
#10106 = DIRECTION('',(0.,0.,1.));
#10107 = ORIENTED_EDGE('',*,*,#10108,.T.);
#10108 = EDGE_CURVE('',#10101,#10101,#10109,.T.);
#10109 = CIRCLE('',#10110,1.25);
#10110 = AXIS2_PLACEMENT_3D('',#10111,#10112,#10113);
#10111 = CARTESIAN_POINT('',(0.,0.,104.));
#10112 = DIRECTION('',(0.,0.,1.));
#10113 = DIRECTION('',(1.,0.,0.));
#10114 = ORIENTED_EDGE('',*,*,#10098,.F.);
#10115 = ORIENTED_EDGE('',*,*,#10116,.F.);
#10116 = EDGE_CURVE('',#10099,#10099,#10117,.T.);
#10117 = CIRCLE('',#10118,1.25);
#10118 = AXIS2_PLACEMENT_3D('',#10119,#10120,#10121);
#10119 = CARTESIAN_POINT('',(0.,0.,0.));
#10120 = DIRECTION('',(0.,0.,1.));
#10121 = DIRECTION('',(1.,0.,-0.));
#10122 = CYLINDRICAL_SURFACE('',#10123,1.25);
#10123 = AXIS2_PLACEMENT_3D('',#10124,#10125,#10126);
#10124 = CARTESIAN_POINT('',(0.,0.,0.));
#10125 = DIRECTION('',(-0.,-0.,-1.));
#10126 = DIRECTION('',(1.,0.,-0.));
#10127 = ADVANCED_FACE('',(#10128),#10131,.F.);
#10128 = FACE_BOUND('',#10129,.T.);
#10129 = EDGE_LOOP('',(#10130));
#10130 = ORIENTED_EDGE('',*,*,#10116,.F.);
#10131 = PLANE('',#10132);
#10132 = AXIS2_PLACEMENT_3D('',#10133,#10134,#10135);
#10133 = CARTESIAN_POINT('',(0.,0.,0.));
#10134 = DIRECTION('',(0.,0.,1.));
#10135 = DIRECTION('',(1.,0.,-0.));
#10136 = ADVANCED_FACE('',(#10137),#10140,.T.);
#10137 = FACE_BOUND('',#10138,.F.);
#10138 = EDGE_LOOP('',(#10139));
#10139 = ORIENTED_EDGE('',*,*,#10108,.F.);
#10140 = PLANE('',#10141);
#10141 = AXIS2_PLACEMENT_3D('',#10142,#10143,#10144);
#10142 = CARTESIAN_POINT('',(0.,0.,104.));
#10143 = DIRECTION('',(0.,0.,1.));
#10144 = DIRECTION('',(1.,0.,0.));
#10145 = ( GEOMETRIC_REPRESENTATION_CONTEXT(3) 
GLOBAL_UNCERTAINTY_ASSIGNED_CONTEXT((#10149)) 
GLOBAL_UNIT_ASSIGNED_CONTEXT((#10146,#10147,#10148)) 
REPRESENTATION_CONTEXT('Context #1',
  '3D Context with UNIT and UNCERTAINTY') );
#10146 = ( LENGTH_UNIT() NAMED_UNIT(*) SI_UNIT(.MILLI.,.METRE.) );
#10147 = ( NAMED_UNIT(*) PLANE_ANGLE_UNIT() SI_UNIT($,.RADIAN.) );
#10148 = ( NAMED_UNIT(*) SI_UNIT($,.STERADIAN.) SOLID_ANGLE_UNIT() );
#10149 = UNCERTAINTY_MEASURE_WITH_UNIT(LENGTH_MEASURE(1.E-07),#10146,
  'distance_accuracy_value','confusion accuracy');
#10150 = CONTEXT_DEPENDENT_SHAPE_REPRESENTATION(#10151,#10153);
#10151 = ( REPRESENTATION_RELATIONSHIP('','',#10091,#10) 
REPRESENTATION_RELATIONSHIP_WITH_TRANSFORMATION(#10152) 
SHAPE_REPRESENTATION_RELATIONSHIP() );
#10152 = ITEM_DEFINED_TRANSFORMATION('','',#11,#171);
#10153 = PRODUCT_DEFINITION_SHAPE('Placement','Placement of an item',
  #10154);
#10154 = NEXT_ASSEMBLY_USAGE_OCCURRENCE('467','WIRE_FLY_L_3','',#5,
  #10086,$);
#10155 = PRODUCT_RELATED_PRODUCT_CATEGORY('part',$,(#10088));
#10156 = SHAPE_DEFINITION_REPRESENTATION(#10157,#10163);
#10157 = PRODUCT_DEFINITION_SHAPE('','',#10158);
#10158 = PRODUCT_DEFINITION('design','',#10159,#10162);
#10159 = PRODUCT_DEFINITION_FORMATION('','',#10160);
#10160 = PRODUCT('WIRE_FLY_L_4','WIRE_FLY_L_4','',(#10161));
#10161 = PRODUCT_CONTEXT('',#2,'mechanical');
#10162 = PRODUCT_DEFINITION_CONTEXT('part definition',#2,'design');
#10163 = ADVANCED_BREP_SHAPE_REPRESENTATION('',(#11,#10164),#10217);
#10164 = MANIFOLD_SOLID_BREP('',#10165);
#10165 = CLOSED_SHELL('',(#10166,#10199,#10208));
#10166 = ADVANCED_FACE('',(#10167),#10194,.T.);
#10167 = FACE_BOUND('',#10168,.F.);
#10168 = EDGE_LOOP('',(#10169,#10179,#10186,#10187));
#10169 = ORIENTED_EDGE('',*,*,#10170,.T.);
#10170 = EDGE_CURVE('',#10171,#10173,#10175,.T.);
#10171 = VERTEX_POINT('',#10172);
#10172 = CARTESIAN_POINT('',(1.25,0.,0.));
#10173 = VERTEX_POINT('',#10174);
#10174 = CARTESIAN_POINT('',(1.25,0.,4.118252056395));
#10175 = LINE('',#10176,#10177);
#10176 = CARTESIAN_POINT('',(1.25,-3.1E-16,0.));
#10177 = VECTOR('',#10178,1.);
#10178 = DIRECTION('',(0.,0.,1.));
#10179 = ORIENTED_EDGE('',*,*,#10180,.T.);
#10180 = EDGE_CURVE('',#10173,#10173,#10181,.T.);
#10181 = CIRCLE('',#10182,1.25);
#10182 = AXIS2_PLACEMENT_3D('',#10183,#10184,#10185);
#10183 = CARTESIAN_POINT('',(0.,0.,4.118252056395));
#10184 = DIRECTION('',(0.,0.,1.));
#10185 = DIRECTION('',(1.,0.,0.));
#10186 = ORIENTED_EDGE('',*,*,#10170,.F.);
#10187 = ORIENTED_EDGE('',*,*,#10188,.F.);
#10188 = EDGE_CURVE('',#10171,#10171,#10189,.T.);
#10189 = CIRCLE('',#10190,1.25);
#10190 = AXIS2_PLACEMENT_3D('',#10191,#10192,#10193);
#10191 = CARTESIAN_POINT('',(0.,0.,0.));
#10192 = DIRECTION('',(0.,0.,1.));
#10193 = DIRECTION('',(1.,0.,-0.));
#10194 = CYLINDRICAL_SURFACE('',#10195,1.25);
#10195 = AXIS2_PLACEMENT_3D('',#10196,#10197,#10198);
#10196 = CARTESIAN_POINT('',(0.,0.,0.));
#10197 = DIRECTION('',(-0.,-0.,-1.));
#10198 = DIRECTION('',(1.,0.,-0.));
#10199 = ADVANCED_FACE('',(#10200),#10203,.F.);
#10200 = FACE_BOUND('',#10201,.T.);
#10201 = EDGE_LOOP('',(#10202));
#10202 = ORIENTED_EDGE('',*,*,#10188,.F.);
#10203 = PLANE('',#10204);
#10204 = AXIS2_PLACEMENT_3D('',#10205,#10206,#10207);
#10205 = CARTESIAN_POINT('',(0.,0.,0.));
#10206 = DIRECTION('',(0.,0.,1.));
#10207 = DIRECTION('',(1.,0.,-0.));
#10208 = ADVANCED_FACE('',(#10209),#10212,.T.);
#10209 = FACE_BOUND('',#10210,.F.);
#10210 = EDGE_LOOP('',(#10211));
#10211 = ORIENTED_EDGE('',*,*,#10180,.F.);
#10212 = PLANE('',#10213);
#10213 = AXIS2_PLACEMENT_3D('',#10214,#10215,#10216);
#10214 = CARTESIAN_POINT('',(0.,0.,4.118252056395));
#10215 = DIRECTION('',(0.,0.,1.));
#10216 = DIRECTION('',(1.,0.,0.));
#10217 = ( GEOMETRIC_REPRESENTATION_CONTEXT(3) 
GLOBAL_UNCERTAINTY_ASSIGNED_CONTEXT((#10221)) 
GLOBAL_UNIT_ASSIGNED_CONTEXT((#10218,#10219,#10220)) 
REPRESENTATION_CONTEXT('Context #1',
  '3D Context with UNIT and UNCERTAINTY') );
#10218 = ( LENGTH_UNIT() NAMED_UNIT(*) SI_UNIT(.MILLI.,.METRE.) );
#10219 = ( NAMED_UNIT(*) PLANE_ANGLE_UNIT() SI_UNIT($,.RADIAN.) );
#10220 = ( NAMED_UNIT(*) SI_UNIT($,.STERADIAN.) SOLID_ANGLE_UNIT() );
#10221 = UNCERTAINTY_MEASURE_WITH_UNIT(LENGTH_MEASURE(1.E-07),#10218,
  'distance_accuracy_value','confusion accuracy');
#10222 = CONTEXT_DEPENDENT_SHAPE_REPRESENTATION(#10223,#10225);
#10223 = ( REPRESENTATION_RELATIONSHIP('','',#10163,#10) 
REPRESENTATION_RELATIONSHIP_WITH_TRANSFORMATION(#10224) 
SHAPE_REPRESENTATION_RELATIONSHIP() );
#10224 = ITEM_DEFINED_TRANSFORMATION('','',#11,#175);
#10225 = PRODUCT_DEFINITION_SHAPE('Placement','Placement of an item',
  #10226);
#10226 = NEXT_ASSEMBLY_USAGE_OCCURRENCE('468','WIRE_FLY_L_4','',#5,
  #10158,$);
#10227 = PRODUCT_RELATED_PRODUCT_CATEGORY('part',$,(#10160));
#10228 = SHAPE_DEFINITION_REPRESENTATION(#10229,#10235);
#10229 = PRODUCT_DEFINITION_SHAPE('','',#10230);
#10230 = PRODUCT_DEFINITION('design','',#10231,#10234);
#10231 = PRODUCT_DEFINITION_FORMATION('','',#10232);
#10232 = PRODUCT('WIRE_FLY_L_5','WIRE_FLY_L_5','',(#10233));
#10233 = PRODUCT_CONTEXT('',#2,'mechanical');
#10234 = PRODUCT_DEFINITION_CONTEXT('part definition',#2,'design');
#10235 = ADVANCED_BREP_SHAPE_REPRESENTATION('',(#11,#10236),#10289);
#10236 = MANIFOLD_SOLID_BREP('',#10237);
#10237 = CLOSED_SHELL('',(#10238,#10271,#10280));
#10238 = ADVANCED_FACE('',(#10239),#10266,.T.);
#10239 = FACE_BOUND('',#10240,.F.);
#10240 = EDGE_LOOP('',(#10241,#10251,#10258,#10259));
#10241 = ORIENTED_EDGE('',*,*,#10242,.T.);
#10242 = EDGE_CURVE('',#10243,#10245,#10247,.T.);
#10243 = VERTEX_POINT('',#10244);
#10244 = CARTESIAN_POINT('',(1.25,0.,0.));
#10245 = VERTEX_POINT('',#10246);
#10246 = CARTESIAN_POINT('',(1.25,0.,18.));
#10247 = LINE('',#10248,#10249);
#10248 = CARTESIAN_POINT('',(1.25,-3.1E-16,0.));
#10249 = VECTOR('',#10250,1.);
#10250 = DIRECTION('',(0.,0.,1.));
#10251 = ORIENTED_EDGE('',*,*,#10252,.T.);
#10252 = EDGE_CURVE('',#10245,#10245,#10253,.T.);
#10253 = CIRCLE('',#10254,1.25);
#10254 = AXIS2_PLACEMENT_3D('',#10255,#10256,#10257);
#10255 = CARTESIAN_POINT('',(0.,0.,18.));
#10256 = DIRECTION('',(0.,0.,1.));
#10257 = DIRECTION('',(1.,0.,0.));
#10258 = ORIENTED_EDGE('',*,*,#10242,.F.);
#10259 = ORIENTED_EDGE('',*,*,#10260,.F.);
#10260 = EDGE_CURVE('',#10243,#10243,#10261,.T.);
#10261 = CIRCLE('',#10262,1.25);
#10262 = AXIS2_PLACEMENT_3D('',#10263,#10264,#10265);
#10263 = CARTESIAN_POINT('',(0.,0.,0.));
#10264 = DIRECTION('',(0.,0.,1.));
#10265 = DIRECTION('',(1.,0.,-0.));
#10266 = CYLINDRICAL_SURFACE('',#10267,1.25);
#10267 = AXIS2_PLACEMENT_3D('',#10268,#10269,#10270);
#10268 = CARTESIAN_POINT('',(0.,0.,0.));
#10269 = DIRECTION('',(-0.,-0.,-1.));
#10270 = DIRECTION('',(1.,0.,-0.));
#10271 = ADVANCED_FACE('',(#10272),#10275,.F.);
#10272 = FACE_BOUND('',#10273,.T.);
#10273 = EDGE_LOOP('',(#10274));
#10274 = ORIENTED_EDGE('',*,*,#10260,.F.);
#10275 = PLANE('',#10276);
#10276 = AXIS2_PLACEMENT_3D('',#10277,#10278,#10279);
#10277 = CARTESIAN_POINT('',(0.,0.,0.));
#10278 = DIRECTION('',(0.,0.,1.));
#10279 = DIRECTION('',(1.,0.,-0.));
#10280 = ADVANCED_FACE('',(#10281),#10284,.T.);
#10281 = FACE_BOUND('',#10282,.F.);
#10282 = EDGE_LOOP('',(#10283));
#10283 = ORIENTED_EDGE('',*,*,#10252,.F.);
#10284 = PLANE('',#10285);
#10285 = AXIS2_PLACEMENT_3D('',#10286,#10287,#10288);
#10286 = CARTESIAN_POINT('',(0.,0.,18.));
#10287 = DIRECTION('',(0.,0.,1.));
#10288 = DIRECTION('',(1.,0.,0.));
#10289 = ( GEOMETRIC_REPRESENTATION_CONTEXT(3) 
GLOBAL_UNCERTAINTY_ASSIGNED_CONTEXT((#10293)) 
GLOBAL_UNIT_ASSIGNED_CONTEXT((#10290,#10291,#10292)) 
REPRESENTATION_CONTEXT('Context #1',
  '3D Context with UNIT and UNCERTAINTY') );
#10290 = ( LENGTH_UNIT() NAMED_UNIT(*) SI_UNIT(.MILLI.,.METRE.) );
#10291 = ( NAMED_UNIT(*) PLANE_ANGLE_UNIT() SI_UNIT($,.RADIAN.) );
#10292 = ( NAMED_UNIT(*) SI_UNIT($,.STERADIAN.) SOLID_ANGLE_UNIT() );
#10293 = UNCERTAINTY_MEASURE_WITH_UNIT(LENGTH_MEASURE(1.E-07),#10290,
  'distance_accuracy_value','confusion accuracy');
#10294 = CONTEXT_DEPENDENT_SHAPE_REPRESENTATION(#10295,#10297);
#10295 = ( REPRESENTATION_RELATIONSHIP('','',#10235,#10) 
REPRESENTATION_RELATIONSHIP_WITH_TRANSFORMATION(#10296) 
SHAPE_REPRESENTATION_RELATIONSHIP() );
#10296 = ITEM_DEFINED_TRANSFORMATION('','',#11,#179);
#10297 = PRODUCT_DEFINITION_SHAPE('Placement','Placement of an item',
  #10298);
#10298 = NEXT_ASSEMBLY_USAGE_OCCURRENCE('469','WIRE_FLY_L_5','',#5,
  #10230,$);
#10299 = PRODUCT_RELATED_PRODUCT_CATEGORY('part',$,(#10232));
#10300 = SHAPE_DEFINITION_REPRESENTATION(#10301,#10307);
#10301 = PRODUCT_DEFINITION_SHAPE('','',#10302);
#10302 = PRODUCT_DEFINITION('design','',#10303,#10306);
#10303 = PRODUCT_DEFINITION_FORMATION('','',#10304);
#10304 = PRODUCT('WIRE_FLY_L_6','WIRE_FLY_L_6','',(#10305));
#10305 = PRODUCT_CONTEXT('',#2,'mechanical');
#10306 = PRODUCT_DEFINITION_CONTEXT('part definition',#2,'design');
#10307 = ADVANCED_BREP_SHAPE_REPRESENTATION('',(#11,#10308),#10361);
#10308 = MANIFOLD_SOLID_BREP('',#10309);
#10309 = CLOSED_SHELL('',(#10310,#10343,#10352));
#10310 = ADVANCED_FACE('',(#10311),#10338,.T.);
#10311 = FACE_BOUND('',#10312,.F.);
#10312 = EDGE_LOOP('',(#10313,#10323,#10330,#10331));
#10313 = ORIENTED_EDGE('',*,*,#10314,.T.);
#10314 = EDGE_CURVE('',#10315,#10317,#10319,.T.);
#10315 = VERTEX_POINT('',#10316);
#10316 = CARTESIAN_POINT('',(1.25,0.,0.));
#10317 = VERTEX_POINT('',#10318);
#10318 = CARTESIAN_POINT('',(1.25,0.,14.4));
#10319 = LINE('',#10320,#10321);
#10320 = CARTESIAN_POINT('',(1.25,-3.1E-16,0.));
#10321 = VECTOR('',#10322,1.);
#10322 = DIRECTION('',(0.,0.,1.));
#10323 = ORIENTED_EDGE('',*,*,#10324,.T.);
#10324 = EDGE_CURVE('',#10317,#10317,#10325,.T.);
#10325 = CIRCLE('',#10326,1.25);
#10326 = AXIS2_PLACEMENT_3D('',#10327,#10328,#10329);
#10327 = CARTESIAN_POINT('',(0.,0.,14.4));
#10328 = DIRECTION('',(0.,0.,1.));
#10329 = DIRECTION('',(1.,0.,0.));
#10330 = ORIENTED_EDGE('',*,*,#10314,.F.);
#10331 = ORIENTED_EDGE('',*,*,#10332,.F.);
#10332 = EDGE_CURVE('',#10315,#10315,#10333,.T.);
#10333 = CIRCLE('',#10334,1.25);
#10334 = AXIS2_PLACEMENT_3D('',#10335,#10336,#10337);
#10335 = CARTESIAN_POINT('',(0.,0.,0.));
#10336 = DIRECTION('',(0.,0.,1.));
#10337 = DIRECTION('',(1.,0.,-0.));
#10338 = CYLINDRICAL_SURFACE('',#10339,1.25);
#10339 = AXIS2_PLACEMENT_3D('',#10340,#10341,#10342);
#10340 = CARTESIAN_POINT('',(0.,0.,0.));
#10341 = DIRECTION('',(-0.,-0.,-1.));
#10342 = DIRECTION('',(1.,0.,-0.));
#10343 = ADVANCED_FACE('',(#10344),#10347,.F.);
#10344 = FACE_BOUND('',#10345,.T.);
#10345 = EDGE_LOOP('',(#10346));
#10346 = ORIENTED_EDGE('',*,*,#10332,.F.);
#10347 = PLANE('',#10348);
#10348 = AXIS2_PLACEMENT_3D('',#10349,#10350,#10351);
#10349 = CARTESIAN_POINT('',(0.,0.,0.));
#10350 = DIRECTION('',(0.,0.,1.));
#10351 = DIRECTION('',(1.,0.,-0.));
#10352 = ADVANCED_FACE('',(#10353),#10356,.T.);
#10353 = FACE_BOUND('',#10354,.F.);
#10354 = EDGE_LOOP('',(#10355));
#10355 = ORIENTED_EDGE('',*,*,#10324,.F.);
#10356 = PLANE('',#10357);
#10357 = AXIS2_PLACEMENT_3D('',#10358,#10359,#10360);
#10358 = CARTESIAN_POINT('',(0.,0.,14.4));
#10359 = DIRECTION('',(0.,0.,1.));
#10360 = DIRECTION('',(1.,0.,0.));
#10361 = ( GEOMETRIC_REPRESENTATION_CONTEXT(3) 
GLOBAL_UNCERTAINTY_ASSIGNED_CONTEXT((#10365)) 
GLOBAL_UNIT_ASSIGNED_CONTEXT((#10362,#10363,#10364)) 
REPRESENTATION_CONTEXT('Context #1',
  '3D Context with UNIT and UNCERTAINTY') );
#10362 = ( LENGTH_UNIT() NAMED_UNIT(*) SI_UNIT(.MILLI.,.METRE.) );
#10363 = ( NAMED_UNIT(*) PLANE_ANGLE_UNIT() SI_UNIT($,.RADIAN.) );
#10364 = ( NAMED_UNIT(*) SI_UNIT($,.STERADIAN.) SOLID_ANGLE_UNIT() );
#10365 = UNCERTAINTY_MEASURE_WITH_UNIT(LENGTH_MEASURE(1.E-07),#10362,
  'distance_accuracy_value','confusion accuracy');
#10366 = CONTEXT_DEPENDENT_SHAPE_REPRESENTATION(#10367,#10369);
#10367 = ( REPRESENTATION_RELATIONSHIP('','',#10307,#10) 
REPRESENTATION_RELATIONSHIP_WITH_TRANSFORMATION(#10368) 
SHAPE_REPRESENTATION_RELATIONSHIP() );
#10368 = ITEM_DEFINED_TRANSFORMATION('','',#11,#183);
#10369 = PRODUCT_DEFINITION_SHAPE('Placement','Placement of an item',
  #10370);
#10370 = NEXT_ASSEMBLY_USAGE_OCCURRENCE('470','WIRE_FLY_L_6','',#5,
  #10302,$);
#10371 = PRODUCT_RELATED_PRODUCT_CATEGORY('part',$,(#10304));
#10372 = SHAPE_DEFINITION_REPRESENTATION(#10373,#10379);
#10373 = PRODUCT_DEFINITION_SHAPE('','',#10374);
#10374 = PRODUCT_DEFINITION('design','',#10375,#10378);
#10375 = PRODUCT_DEFINITION_FORMATION('','',#10376);
#10376 = PRODUCT('WIRE_FLY_L_7','WIRE_FLY_L_7','',(#10377));
#10377 = PRODUCT_CONTEXT('',#2,'mechanical');
#10378 = PRODUCT_DEFINITION_CONTEXT('part definition',#2,'design');
#10379 = ADVANCED_BREP_SHAPE_REPRESENTATION('',(#11,#10380),#10433);
#10380 = MANIFOLD_SOLID_BREP('',#10381);
#10381 = CLOSED_SHELL('',(#10382,#10415,#10424));
#10382 = ADVANCED_FACE('',(#10383),#10410,.T.);
#10383 = FACE_BOUND('',#10384,.F.);
#10384 = EDGE_LOOP('',(#10385,#10395,#10402,#10403));
#10385 = ORIENTED_EDGE('',*,*,#10386,.T.);
#10386 = EDGE_CURVE('',#10387,#10389,#10391,.T.);
#10387 = VERTEX_POINT('',#10388);
#10388 = CARTESIAN_POINT('',(1.25,-7.105427357601E-15,-2.84217094304E-14
    ));
#10389 = VERTEX_POINT('',#10390);
#10390 = CARTESIAN_POINT('',(1.25,-7.105427357601E-15,50.447993022518));
#10391 = LINE('',#10392,#10393);
#10392 = CARTESIAN_POINT('',(1.25,-3.1E-16,0.));
#10393 = VECTOR('',#10394,1.);
#10394 = DIRECTION('',(0.,0.,1.));
#10395 = ORIENTED_EDGE('',*,*,#10396,.T.);
#10396 = EDGE_CURVE('',#10389,#10389,#10397,.T.);
#10397 = CIRCLE('',#10398,1.25);
#10398 = AXIS2_PLACEMENT_3D('',#10399,#10400,#10401);
#10399 = CARTESIAN_POINT('',(0.,0.,50.447993022518));
#10400 = DIRECTION('',(0.,0.,1.));
#10401 = DIRECTION('',(1.,0.,0.));
#10402 = ORIENTED_EDGE('',*,*,#10386,.F.);
#10403 = ORIENTED_EDGE('',*,*,#10404,.F.);
#10404 = EDGE_CURVE('',#10387,#10387,#10405,.T.);
#10405 = CIRCLE('',#10406,1.25);
#10406 = AXIS2_PLACEMENT_3D('',#10407,#10408,#10409);
#10407 = CARTESIAN_POINT('',(0.,0.,0.));
#10408 = DIRECTION('',(0.,0.,1.));
#10409 = DIRECTION('',(1.,0.,-0.));
#10410 = CYLINDRICAL_SURFACE('',#10411,1.25);
#10411 = AXIS2_PLACEMENT_3D('',#10412,#10413,#10414);
#10412 = CARTESIAN_POINT('',(0.,0.,0.));
#10413 = DIRECTION('',(-0.,-0.,-1.));
#10414 = DIRECTION('',(1.,0.,-0.));
#10415 = ADVANCED_FACE('',(#10416),#10419,.F.);
#10416 = FACE_BOUND('',#10417,.T.);
#10417 = EDGE_LOOP('',(#10418));
#10418 = ORIENTED_EDGE('',*,*,#10404,.F.);
#10419 = PLANE('',#10420);
#10420 = AXIS2_PLACEMENT_3D('',#10421,#10422,#10423);
#10421 = CARTESIAN_POINT('',(0.,0.,0.));
#10422 = DIRECTION('',(0.,0.,1.));
#10423 = DIRECTION('',(1.,0.,-0.));
#10424 = ADVANCED_FACE('',(#10425),#10428,.T.);
#10425 = FACE_BOUND('',#10426,.F.);
#10426 = EDGE_LOOP('',(#10427));
#10427 = ORIENTED_EDGE('',*,*,#10396,.F.);
#10428 = PLANE('',#10429);
#10429 = AXIS2_PLACEMENT_3D('',#10430,#10431,#10432);
#10430 = CARTESIAN_POINT('',(0.,0.,50.447993022518));
#10431 = DIRECTION('',(0.,0.,1.));
#10432 = DIRECTION('',(1.,0.,0.));
#10433 = ( GEOMETRIC_REPRESENTATION_CONTEXT(3) 
GLOBAL_UNCERTAINTY_ASSIGNED_CONTEXT((#10437)) 
GLOBAL_UNIT_ASSIGNED_CONTEXT((#10434,#10435,#10436)) 
REPRESENTATION_CONTEXT('Context #1',
  '3D Context with UNIT and UNCERTAINTY') );
#10434 = ( LENGTH_UNIT() NAMED_UNIT(*) SI_UNIT(.MILLI.,.METRE.) );
#10435 = ( NAMED_UNIT(*) PLANE_ANGLE_UNIT() SI_UNIT($,.RADIAN.) );
#10436 = ( NAMED_UNIT(*) SI_UNIT($,.STERADIAN.) SOLID_ANGLE_UNIT() );
#10437 = UNCERTAINTY_MEASURE_WITH_UNIT(LENGTH_MEASURE(1.E-07),#10434,
  'distance_accuracy_value','confusion accuracy');
#10438 = CONTEXT_DEPENDENT_SHAPE_REPRESENTATION(#10439,#10441);
#10439 = ( REPRESENTATION_RELATIONSHIP('','',#10379,#10) 
REPRESENTATION_RELATIONSHIP_WITH_TRANSFORMATION(#10440) 
SHAPE_REPRESENTATION_RELATIONSHIP() );
#10440 = ITEM_DEFINED_TRANSFORMATION('','',#11,#187);
#10441 = PRODUCT_DEFINITION_SHAPE('Placement','Placement of an item',
  #10442);
#10442 = NEXT_ASSEMBLY_USAGE_OCCURRENCE('471','WIRE_FLY_L_7','',#5,
  #10374,$);
#10443 = PRODUCT_RELATED_PRODUCT_CATEGORY('part',$,(#10376));
#10444 = SHAPE_DEFINITION_REPRESENTATION(#10445,#10451);
#10445 = PRODUCT_DEFINITION_SHAPE('','',#10446);
#10446 = PRODUCT_DEFINITION('design','',#10447,#10450);
#10447 = PRODUCT_DEFINITION_FORMATION('','',#10448);
#10448 = PRODUCT('WIRE_FLY_L_8','WIRE_FLY_L_8','',(#10449));
#10449 = PRODUCT_CONTEXT('',#2,'mechanical');
#10450 = PRODUCT_DEFINITION_CONTEXT('part definition',#2,'design');
#10451 = ADVANCED_BREP_SHAPE_REPRESENTATION('',(#11,#10452),#10505);
#10452 = MANIFOLD_SOLID_BREP('',#10453);
#10453 = CLOSED_SHELL('',(#10454,#10487,#10496));
#10454 = ADVANCED_FACE('',(#10455),#10482,.T.);
#10455 = FACE_BOUND('',#10456,.F.);
#10456 = EDGE_LOOP('',(#10457,#10467,#10474,#10475));
#10457 = ORIENTED_EDGE('',*,*,#10458,.T.);
#10458 = EDGE_CURVE('',#10459,#10461,#10463,.T.);
#10459 = VERTEX_POINT('',#10460);
#10460 = CARTESIAN_POINT('',(1.25,0.,1.42108547152E-14));
#10461 = VERTEX_POINT('',#10462);
#10462 = CARTESIAN_POINT('',(1.25,-1.42108547152E-14,10.8627804912));
#10463 = LINE('',#10464,#10465);
#10464 = CARTESIAN_POINT('',(1.25,-3.1E-16,0.));
#10465 = VECTOR('',#10466,1.);
#10466 = DIRECTION('',(0.,0.,1.));
#10467 = ORIENTED_EDGE('',*,*,#10468,.T.);
#10468 = EDGE_CURVE('',#10461,#10461,#10469,.T.);
#10469 = CIRCLE('',#10470,1.25);
#10470 = AXIS2_PLACEMENT_3D('',#10471,#10472,#10473);
#10471 = CARTESIAN_POINT('',(0.,0.,10.8627804912));
#10472 = DIRECTION('',(0.,0.,1.));
#10473 = DIRECTION('',(1.,0.,0.));
#10474 = ORIENTED_EDGE('',*,*,#10458,.F.);
#10475 = ORIENTED_EDGE('',*,*,#10476,.F.);
#10476 = EDGE_CURVE('',#10459,#10459,#10477,.T.);
#10477 = CIRCLE('',#10478,1.25);
#10478 = AXIS2_PLACEMENT_3D('',#10479,#10480,#10481);
#10479 = CARTESIAN_POINT('',(0.,0.,0.));
#10480 = DIRECTION('',(0.,0.,1.));
#10481 = DIRECTION('',(1.,0.,-0.));
#10482 = CYLINDRICAL_SURFACE('',#10483,1.25);
#10483 = AXIS2_PLACEMENT_3D('',#10484,#10485,#10486);
#10484 = CARTESIAN_POINT('',(0.,0.,0.));
#10485 = DIRECTION('',(-0.,-0.,-1.));
#10486 = DIRECTION('',(1.,0.,-0.));
#10487 = ADVANCED_FACE('',(#10488),#10491,.F.);
#10488 = FACE_BOUND('',#10489,.T.);
#10489 = EDGE_LOOP('',(#10490));
#10490 = ORIENTED_EDGE('',*,*,#10476,.F.);
#10491 = PLANE('',#10492);
#10492 = AXIS2_PLACEMENT_3D('',#10493,#10494,#10495);
#10493 = CARTESIAN_POINT('',(0.,0.,0.));
#10494 = DIRECTION('',(0.,0.,1.));
#10495 = DIRECTION('',(1.,0.,-0.));
#10496 = ADVANCED_FACE('',(#10497),#10500,.T.);
#10497 = FACE_BOUND('',#10498,.F.);
#10498 = EDGE_LOOP('',(#10499));
#10499 = ORIENTED_EDGE('',*,*,#10468,.F.);
#10500 = PLANE('',#10501);
#10501 = AXIS2_PLACEMENT_3D('',#10502,#10503,#10504);
#10502 = CARTESIAN_POINT('',(0.,0.,10.8627804912));
#10503 = DIRECTION('',(0.,0.,1.));
#10504 = DIRECTION('',(1.,0.,0.));
#10505 = ( GEOMETRIC_REPRESENTATION_CONTEXT(3) 
GLOBAL_UNCERTAINTY_ASSIGNED_CONTEXT((#10509)) 
GLOBAL_UNIT_ASSIGNED_CONTEXT((#10506,#10507,#10508)) 
REPRESENTATION_CONTEXT('Context #1',
  '3D Context with UNIT and UNCERTAINTY') );
#10506 = ( LENGTH_UNIT() NAMED_UNIT(*) SI_UNIT(.MILLI.,.METRE.) );
#10507 = ( NAMED_UNIT(*) PLANE_ANGLE_UNIT() SI_UNIT($,.RADIAN.) );
#10508 = ( NAMED_UNIT(*) SI_UNIT($,.STERADIAN.) SOLID_ANGLE_UNIT() );
#10509 = UNCERTAINTY_MEASURE_WITH_UNIT(LENGTH_MEASURE(1.E-07),#10506,
  'distance_accuracy_value','confusion accuracy');
#10510 = CONTEXT_DEPENDENT_SHAPE_REPRESENTATION(#10511,#10513);
#10511 = ( REPRESENTATION_RELATIONSHIP('','',#10451,#10) 
REPRESENTATION_RELATIONSHIP_WITH_TRANSFORMATION(#10512) 
SHAPE_REPRESENTATION_RELATIONSHIP() );
#10512 = ITEM_DEFINED_TRANSFORMATION('','',#11,#191);
#10513 = PRODUCT_DEFINITION_SHAPE('Placement','Placement of an item',
  #10514);
#10514 = NEXT_ASSEMBLY_USAGE_OCCURRENCE('472','WIRE_FLY_L_8','',#5,
  #10446,$);
#10515 = PRODUCT_RELATED_PRODUCT_CATEGORY('part',$,(#10448));
#10516 = SHAPE_DEFINITION_REPRESENTATION(#10517,#10523);
#10517 = PRODUCT_DEFINITION_SHAPE('','',#10518);
#10518 = PRODUCT_DEFINITION('design','',#10519,#10522);
#10519 = PRODUCT_DEFINITION_FORMATION('','',#10520);
#10520 = PRODUCT('WIRE_FLY_R_0','WIRE_FLY_R_0','',(#10521));
#10521 = PRODUCT_CONTEXT('',#2,'mechanical');
#10522 = PRODUCT_DEFINITION_CONTEXT('part definition',#2,'design');
#10523 = ADVANCED_BREP_SHAPE_REPRESENTATION('',(#11,#10524),#10673);
#10524 = MANIFOLD_SOLID_BREP('',#10525);
#10525 = CLOSED_SHELL('',(#10526,#10586,#10595,#10611,#10653,#10664));
#10526 = ADVANCED_FACE('',(#10527),#10581,.T.);
#10527 = FACE_BOUND('',#10528,.F.);
#10528 = EDGE_LOOP('',(#10529,#10538,#10546,#10555,#10564,#10573,#10580)
  );
#10529 = ORIENTED_EDGE('',*,*,#10530,.F.);
#10530 = EDGE_CURVE('',#10531,#10531,#10533,.T.);
#10531 = VERTEX_POINT('',#10532);
#10532 = CARTESIAN_POINT('',(-78.76245232836,-102.8567982238,
    302.10231818863));
#10533 = CIRCLE('',#10534,1.25);
#10534 = AXIS2_PLACEMENT_3D('',#10535,#10536,#10537);
#10535 = CARTESIAN_POINT('',(-80.,-103.,302.));
#10536 = DIRECTION('',(-8.185455090701E-02,0.941327335431,
    -0.327418203628));
#10537 = DIRECTION('',(0.990038137309,0.114561420951,8.185455090701E-02)
  );
#10538 = ORIENTED_EDGE('',*,*,#10539,.T.);
#10539 = EDGE_CURVE('',#10531,#10540,#10542,.T.);
#10540 = VERTEX_POINT('',#10541);
#10541 = CARTESIAN_POINT('',(-80.76245232836,-79.85679822381,
    294.10231818863));
#10542 = LINE('',#10543,#10544);
#10543 = CARTESIAN_POINT('',(-78.76245232836,-102.8567982238,
    302.10231818863));
#10544 = VECTOR('',#10545,1.);
#10545 = DIRECTION('',(-8.185455090701E-02,0.941327335431,
    -0.327418203628));
#10546 = ORIENTED_EDGE('',*,*,#10547,.T.);
#10547 = EDGE_CURVE('',#10540,#10548,#10550,.T.);
#10548 = VERTEX_POINT('',#10549);
#10549 = CARTESIAN_POINT('',(-80.92807929635,-80.12610831807,
    293.36945840961));
#10550 = CIRCLE('',#10551,1.25);
#10551 = AXIS2_PLACEMENT_3D('',#10552,#10553,#10554);
#10552 = CARTESIAN_POINT('',(-82.,-80.,294.));
#10553 = DIRECTION('',(-8.185455090701E-02,0.941327335431,
    -0.327418203628));
#10554 = DIRECTION('',(0.990038137309,0.114561420951,8.185455090701E-02)
  );
#10555 = ORIENTED_EDGE('',*,*,#10556,.F.);
#10556 = EDGE_CURVE('',#10557,#10548,#10559,.T.);
#10557 = VERTEX_POINT('',#10558);
#10558 = CARTESIAN_POINT('',(-82.614369889,-80.63794155876,
    293.08315950044));
#10559 = ELLIPSE('',#10560,1.274761269624,1.25);
#10560 = AXIS2_PLACEMENT_3D('',#10561,#10562,#10563);
#10561 = CARTESIAN_POINT('',(-82.,-80.,294.));
#10562 = DIRECTION('',(0.179878368459,-0.859873052598,0.4777678369));
#10563 = DIRECTION('',(-0.481948976363,-0.500440022747,-0.719225255268)
  );
#10564 = ORIENTED_EDGE('',*,*,#10565,.F.);
#10565 = EDGE_CURVE('',#10566,#10557,#10568,.T.);
#10566 = VERTEX_POINT('',#10567);
#10567 = CARTESIAN_POINT('',(-83.07192070364,-79.87389168192,
    294.63054159038));
#10568 = ELLIPSE('',#10569,1.274761269624,1.25);
#10569 = AXIS2_PLACEMENT_3D('',#10570,#10571,#10572);
#10570 = CARTESIAN_POINT('',(-82.,-80.,294.));
#10571 = DIRECTION('',(0.179878368459,-0.859873052598,0.4777678369));
#10572 = DIRECTION('',(-0.481948976363,-0.500440022747,-0.719225255268)
  );
#10573 = ORIENTED_EDGE('',*,*,#10574,.T.);
#10574 = EDGE_CURVE('',#10566,#10540,#10575,.T.);
#10575 = CIRCLE('',#10576,1.25);
#10576 = AXIS2_PLACEMENT_3D('',#10577,#10578,#10579);
#10577 = CARTESIAN_POINT('',(-82.,-80.,294.));
#10578 = DIRECTION('',(-8.185455090701E-02,0.941327335431,
    -0.327418203628));
#10579 = DIRECTION('',(0.990038137309,0.114561420951,8.185455090701E-02)
  );
#10580 = ORIENTED_EDGE('',*,*,#10539,.F.);
#10581 = CYLINDRICAL_SURFACE('',#10582,1.25);
#10582 = AXIS2_PLACEMENT_3D('',#10583,#10584,#10585);
#10583 = CARTESIAN_POINT('',(-80.,-103.,302.));
#10584 = DIRECTION('',(8.185455090701E-02,-0.941327335431,0.327418203628
    ));
#10585 = DIRECTION('',(0.990038137309,0.114561420951,8.185455090701E-02)
  );
#10586 = ADVANCED_FACE('',(#10587),#10590,.F.);
#10587 = FACE_BOUND('',#10588,.T.);
#10588 = EDGE_LOOP('',(#10589));
#10589 = ORIENTED_EDGE('',*,*,#10530,.F.);
#10590 = PLANE('',#10591);
#10591 = AXIS2_PLACEMENT_3D('',#10592,#10593,#10594);
#10592 = CARTESIAN_POINT('',(-80.,-103.,302.));
#10593 = DIRECTION('',(-8.185455090701E-02,0.941327335431,
    -0.327418203628));
#10594 = DIRECTION('',(0.990038137309,0.114561420951,8.185455090701E-02)
  );
#10595 = ADVANCED_FACE('',(#10596),#10606,.T.);
#10596 = FACE_BOUND('',#10597,.T.);
#10597 = EDGE_LOOP('',(#10598,#10599,#10600));
#10598 = ORIENTED_EDGE('',*,*,#10574,.T.);
#10599 = ORIENTED_EDGE('',*,*,#10547,.T.);
#10600 = ORIENTED_EDGE('',*,*,#10601,.T.);
#10601 = EDGE_CURVE('',#10548,#10566,#10602,.T.);
#10602 = LINE('',#10603,#10604);
#10603 = CARTESIAN_POINT('',(-82.,-80.,294.));
#10604 = VECTOR('',#10605,1.);
#10605 = DIRECTION('',(-0.857536562919,0.100886654461,0.504433272305));
#10606 = PLANE('',#10607);
#10607 = AXIS2_PLACEMENT_3D('',#10608,#10609,#10610);
#10608 = CARTESIAN_POINT('',(-82.,-80.,294.));
#10609 = DIRECTION('',(-8.185455090701E-02,0.941327335431,
    -0.327418203628));
#10610 = DIRECTION('',(0.990038137309,0.114561420951,8.185455090701E-02)
  );
#10611 = ADVANCED_FACE('',(#10612),#10648,.T.);
#10612 = FACE_BOUND('',#10613,.F.);
#10613 = EDGE_LOOP('',(#10614,#10623,#10631,#10638,#10639,#10646,#10647)
  );
#10614 = ORIENTED_EDGE('',*,*,#10615,.F.);
#10615 = EDGE_CURVE('',#10616,#10548,#10618,.T.);
#10616 = VERTEX_POINT('',#10617);
#10617 = CARTESIAN_POINT('',(-80.98497181245,-79.35382751574,
    294.33864273073));
#10618 = CIRCLE('',#10619,1.25);
#10619 = AXIS2_PLACEMENT_3D('',#10620,#10621,#10622);
#10620 = CARTESIAN_POINT('',(-82.,-80.,294.));
#10621 = DIRECTION('',(-0.270914184591,0.745014007626,-0.609556915331));
#10622 = DIRECTION('',(0.812022550034,0.516937987405,0.270914184591));
#10623 = ORIENTED_EDGE('',*,*,#10624,.T.);
#10624 = EDGE_CURVE('',#10616,#10625,#10627,.T.);
#10625 = VERTEX_POINT('',#10626);
#10626 = CARTESIAN_POINT('',(-88.98497181245,-57.35382751574,
    276.33864273073));
#10627 = LINE('',#10628,#10629);
#10628 = CARTESIAN_POINT('',(-80.98497181245,-79.35382751574,
    294.33864273073));
#10629 = VECTOR('',#10630,1.);
#10630 = DIRECTION('',(-0.270914184591,0.745014007626,-0.609556915331));
#10631 = ORIENTED_EDGE('',*,*,#10632,.T.);
#10632 = EDGE_CURVE('',#10625,#10625,#10633,.T.);
#10633 = CIRCLE('',#10634,1.25);
#10634 = AXIS2_PLACEMENT_3D('',#10635,#10636,#10637);
#10635 = CARTESIAN_POINT('',(-90.,-58.,276.));
#10636 = DIRECTION('',(-0.270914184591,0.745014007626,-0.609556915331));
#10637 = DIRECTION('',(0.812022550034,0.516937987405,0.270914184591));
#10638 = ORIENTED_EDGE('',*,*,#10624,.F.);
#10639 = ORIENTED_EDGE('',*,*,#10640,.F.);
#10640 = EDGE_CURVE('',#10566,#10616,#10641,.T.);
#10641 = CIRCLE('',#10642,1.25);
#10642 = AXIS2_PLACEMENT_3D('',#10643,#10644,#10645);
#10643 = CARTESIAN_POINT('',(-82.,-80.,294.));
#10644 = DIRECTION('',(-0.270914184591,0.745014007626,-0.609556915331));
#10645 = DIRECTION('',(0.812022550034,0.516937987405,0.270914184591));
#10646 = ORIENTED_EDGE('',*,*,#10565,.T.);
#10647 = ORIENTED_EDGE('',*,*,#10556,.T.);
#10648 = CYLINDRICAL_SURFACE('',#10649,1.25);
#10649 = AXIS2_PLACEMENT_3D('',#10650,#10651,#10652);
#10650 = CARTESIAN_POINT('',(-82.,-80.,294.));
#10651 = DIRECTION('',(0.270914184591,-0.745014007626,0.609556915331));
#10652 = DIRECTION('',(0.812022550034,0.516937987405,0.270914184591));
#10653 = ADVANCED_FACE('',(#10654),#10659,.F.);
#10654 = FACE_BOUND('',#10655,.F.);
#10655 = EDGE_LOOP('',(#10656,#10657,#10658));
#10656 = ORIENTED_EDGE('',*,*,#10640,.T.);
#10657 = ORIENTED_EDGE('',*,*,#10615,.T.);
#10658 = ORIENTED_EDGE('',*,*,#10601,.T.);
#10659 = PLANE('',#10660);
#10660 = AXIS2_PLACEMENT_3D('',#10661,#10662,#10663);
#10661 = CARTESIAN_POINT('',(-82.,-80.,294.));
#10662 = DIRECTION('',(-0.270914184591,0.745014007626,-0.609556915331));
#10663 = DIRECTION('',(0.812022550034,0.516937987405,0.270914184591));
#10664 = ADVANCED_FACE('',(#10665),#10668,.T.);
#10665 = FACE_BOUND('',#10666,.F.);
#10666 = EDGE_LOOP('',(#10667));
#10667 = ORIENTED_EDGE('',*,*,#10632,.F.);
#10668 = PLANE('',#10669);
#10669 = AXIS2_PLACEMENT_3D('',#10670,#10671,#10672);
#10670 = CARTESIAN_POINT('',(-90.,-58.,276.));
#10671 = DIRECTION('',(-0.270914184591,0.745014007626,-0.609556915331));
#10672 = DIRECTION('',(0.812022550034,0.516937987405,0.270914184591));
#10673 = ( GEOMETRIC_REPRESENTATION_CONTEXT(3) 
GLOBAL_UNCERTAINTY_ASSIGNED_CONTEXT((#10677)) 
GLOBAL_UNIT_ASSIGNED_CONTEXT((#10674,#10675,#10676)) 
REPRESENTATION_CONTEXT('Context #1',
  '3D Context with UNIT and UNCERTAINTY') );
#10674 = ( LENGTH_UNIT() NAMED_UNIT(*) SI_UNIT(.MILLI.,.METRE.) );
#10675 = ( NAMED_UNIT(*) PLANE_ANGLE_UNIT() SI_UNIT($,.RADIAN.) );
#10676 = ( NAMED_UNIT(*) SI_UNIT($,.STERADIAN.) SOLID_ANGLE_UNIT() );
#10677 = UNCERTAINTY_MEASURE_WITH_UNIT(LENGTH_MEASURE(1.E-05),#10674,
  'distance_accuracy_value','confusion accuracy');
#10678 = CONTEXT_DEPENDENT_SHAPE_REPRESENTATION(#10679,#10681);
#10679 = ( REPRESENTATION_RELATIONSHIP('','',#10523,#10) 
REPRESENTATION_RELATIONSHIP_WITH_TRANSFORMATION(#10680) 
SHAPE_REPRESENTATION_RELATIONSHIP() );
#10680 = ITEM_DEFINED_TRANSFORMATION('','',#11,#195);
#10681 = PRODUCT_DEFINITION_SHAPE('Placement','Placement of an item',
  #10682);
#10682 = NEXT_ASSEMBLY_USAGE_OCCURRENCE('473','WIRE_FLY_R_0','',#5,
  #10518,$);
#10683 = PRODUCT_RELATED_PRODUCT_CATEGORY('part',$,(#10520));
#10684 = SHAPE_DEFINITION_REPRESENTATION(#10685,#10691);
#10685 = PRODUCT_DEFINITION_SHAPE('','',#10686);
#10686 = PRODUCT_DEFINITION('design','',#10687,#10690);
#10687 = PRODUCT_DEFINITION_FORMATION('','',#10688);
#10688 = PRODUCT('WIRE_FLY_R_1','WIRE_FLY_R_1','',(#10689));
#10689 = PRODUCT_CONTEXT('',#2,'mechanical');
#10690 = PRODUCT_DEFINITION_CONTEXT('part definition',#2,'design');
#10691 = ADVANCED_BREP_SHAPE_REPRESENTATION('',(#11,#10692),#10745);
#10692 = MANIFOLD_SOLID_BREP('',#10693);
#10693 = CLOSED_SHELL('',(#10694,#10727,#10736));
#10694 = ADVANCED_FACE('',(#10695),#10722,.T.);
#10695 = FACE_BOUND('',#10696,.F.);
#10696 = EDGE_LOOP('',(#10697,#10707,#10714,#10715));
#10697 = ORIENTED_EDGE('',*,*,#10698,.T.);
#10698 = EDGE_CURVE('',#10699,#10701,#10703,.T.);
#10699 = VERTEX_POINT('',#10700);
#10700 = CARTESIAN_POINT('',(-112.7553518865,-58.41838373026,
    272.0817915532));
#10701 = VERTEX_POINT('',#10702);
#10702 = CARTESIAN_POINT('',(-114.7553518865,-27.91838373026,
    272.0817915532));
#10703 = LINE('',#10704,#10705);
#10704 = CARTESIAN_POINT('',(-112.7553518865,-58.41838373026,
    272.0817915532));
#10705 = VECTOR('',#10706,1.);
#10706 = DIRECTION('',(-6.543324256068E-02,0.99785694905,
    -2.406523823688E-16));
#10707 = ORIENTED_EDGE('',*,*,#10708,.T.);
#10708 = EDGE_CURVE('',#10701,#10701,#10709,.T.);
#10709 = CIRCLE('',#10710,1.25);
#10710 = AXIS2_PLACEMENT_3D('',#10711,#10712,#10713);
#10711 = CARTESIAN_POINT('',(-116.,-28.,272.));
#10712 = DIRECTION('',(-6.543324256068E-02,0.99785694905,
    -2.402592014228E-16));
#10713 = DIRECTION('',(0.995718490768,6.529301578806E-02,
    6.543324256068E-02));
#10714 = ORIENTED_EDGE('',*,*,#10698,.F.);
#10715 = ORIENTED_EDGE('',*,*,#10716,.F.);
#10716 = EDGE_CURVE('',#10699,#10699,#10717,.T.);
#10717 = CIRCLE('',#10718,1.25);
#10718 = AXIS2_PLACEMENT_3D('',#10719,#10720,#10721);
#10719 = CARTESIAN_POINT('',(-114.,-58.5,272.));
#10720 = DIRECTION('',(-6.543324256068E-02,0.99785694905,
    -2.402592014228E-16));
#10721 = DIRECTION('',(0.995718490768,6.529301578806E-02,
    6.543324256068E-02));
#10722 = CYLINDRICAL_SURFACE('',#10723,1.25);
#10723 = AXIS2_PLACEMENT_3D('',#10724,#10725,#10726);
#10724 = CARTESIAN_POINT('',(-114.,-58.5,272.));
#10725 = DIRECTION('',(6.543324256068E-02,-0.99785694905,
    2.406523823688E-16));
#10726 = DIRECTION('',(0.995718490768,6.529301578806E-02,
    6.543324256068E-02));
#10727 = ADVANCED_FACE('',(#10728),#10731,.F.);
#10728 = FACE_BOUND('',#10729,.T.);
#10729 = EDGE_LOOP('',(#10730));
#10730 = ORIENTED_EDGE('',*,*,#10716,.F.);
#10731 = PLANE('',#10732);
#10732 = AXIS2_PLACEMENT_3D('',#10733,#10734,#10735);
#10733 = CARTESIAN_POINT('',(-114.,-58.5,272.));
#10734 = DIRECTION('',(-6.543324256068E-02,0.99785694905,
    -2.406523823688E-16));
#10735 = DIRECTION('',(0.995718490768,6.529301578806E-02,
    6.543324256068E-02));
#10736 = ADVANCED_FACE('',(#10737),#10740,.T.);
#10737 = FACE_BOUND('',#10738,.F.);
#10738 = EDGE_LOOP('',(#10739));
#10739 = ORIENTED_EDGE('',*,*,#10708,.F.);
#10740 = PLANE('',#10741);
#10741 = AXIS2_PLACEMENT_3D('',#10742,#10743,#10744);
#10742 = CARTESIAN_POINT('',(-116.,-28.,272.));
#10743 = DIRECTION('',(-6.543324256068E-02,0.99785694905,
    -2.406523823688E-16));
#10744 = DIRECTION('',(0.995718490768,6.529301578806E-02,
    6.543324256068E-02));
#10745 = ( GEOMETRIC_REPRESENTATION_CONTEXT(3) 
GLOBAL_UNCERTAINTY_ASSIGNED_CONTEXT((#10749)) 
GLOBAL_UNIT_ASSIGNED_CONTEXT((#10746,#10747,#10748)) 
REPRESENTATION_CONTEXT('Context #1',
  '3D Context with UNIT and UNCERTAINTY') );
#10746 = ( LENGTH_UNIT() NAMED_UNIT(*) SI_UNIT(.MILLI.,.METRE.) );
#10747 = ( NAMED_UNIT(*) PLANE_ANGLE_UNIT() SI_UNIT($,.RADIAN.) );
#10748 = ( NAMED_UNIT(*) SI_UNIT($,.STERADIAN.) SOLID_ANGLE_UNIT() );
#10749 = UNCERTAINTY_MEASURE_WITH_UNIT(LENGTH_MEASURE(1.E-07),#10746,
  'distance_accuracy_value','confusion accuracy');
#10750 = CONTEXT_DEPENDENT_SHAPE_REPRESENTATION(#10751,#10753);
#10751 = ( REPRESENTATION_RELATIONSHIP('','',#10691,#10) 
REPRESENTATION_RELATIONSHIP_WITH_TRANSFORMATION(#10752) 
SHAPE_REPRESENTATION_RELATIONSHIP() );
#10752 = ITEM_DEFINED_TRANSFORMATION('','',#11,#199);
#10753 = PRODUCT_DEFINITION_SHAPE('Placement','Placement of an item',
  #10754);
#10754 = NEXT_ASSEMBLY_USAGE_OCCURRENCE('474','WIRE_FLY_R_1','',#5,
  #10686,$);
#10755 = PRODUCT_RELATED_PRODUCT_CATEGORY('part',$,(#10688));
#10756 = SHAPE_DEFINITION_REPRESENTATION(#10757,#10763);
#10757 = PRODUCT_DEFINITION_SHAPE('','',#10758);
#10758 = PRODUCT_DEFINITION('design','',#10759,#10762);
#10759 = PRODUCT_DEFINITION_FORMATION('','',#10760);
#10760 = PRODUCT('WIRE_FLY_R_2','WIRE_FLY_R_2','',(#10761));
#10761 = PRODUCT_CONTEXT('',#2,'mechanical');
#10762 = PRODUCT_DEFINITION_CONTEXT('part definition',#2,'design');
#10763 = ADVANCED_BREP_SHAPE_REPRESENTATION('',(#11,#10764),#10817);
#10764 = MANIFOLD_SOLID_BREP('',#10765);
#10765 = CLOSED_SHELL('',(#10766,#10799,#10808));
#10766 = ADVANCED_FACE('',(#10767),#10794,.T.);
#10767 = FACE_BOUND('',#10768,.F.);
#10768 = EDGE_LOOP('',(#10769,#10779,#10786,#10787));
#10769 = ORIENTED_EDGE('',*,*,#10770,.T.);
#10770 = EDGE_CURVE('',#10771,#10773,#10775,.T.);
#10771 = VERTEX_POINT('',#10772);
#10772 = CARTESIAN_POINT('',(1.25,0.,0.));
#10773 = VERTEX_POINT('',#10774);
#10774 = CARTESIAN_POINT('',(1.25,-7.105427357601E-15,24.336187047276));
#10775 = LINE('',#10776,#10777);
#10776 = CARTESIAN_POINT('',(1.25,-3.1E-16,0.));
#10777 = VECTOR('',#10778,1.);
#10778 = DIRECTION('',(0.,0.,1.));
#10779 = ORIENTED_EDGE('',*,*,#10780,.T.);
#10780 = EDGE_CURVE('',#10773,#10773,#10781,.T.);
#10781 = CIRCLE('',#10782,1.25);
#10782 = AXIS2_PLACEMENT_3D('',#10783,#10784,#10785);
#10783 = CARTESIAN_POINT('',(0.,0.,24.336187047276));
#10784 = DIRECTION('',(0.,0.,1.));
#10785 = DIRECTION('',(1.,0.,0.));
#10786 = ORIENTED_EDGE('',*,*,#10770,.F.);
#10787 = ORIENTED_EDGE('',*,*,#10788,.F.);
#10788 = EDGE_CURVE('',#10771,#10771,#10789,.T.);
#10789 = CIRCLE('',#10790,1.25);
#10790 = AXIS2_PLACEMENT_3D('',#10791,#10792,#10793);
#10791 = CARTESIAN_POINT('',(0.,0.,0.));
#10792 = DIRECTION('',(0.,0.,1.));
#10793 = DIRECTION('',(1.,0.,-0.));
#10794 = CYLINDRICAL_SURFACE('',#10795,1.25);
#10795 = AXIS2_PLACEMENT_3D('',#10796,#10797,#10798);
#10796 = CARTESIAN_POINT('',(0.,0.,0.));
#10797 = DIRECTION('',(-0.,-0.,-1.));
#10798 = DIRECTION('',(1.,0.,-0.));
#10799 = ADVANCED_FACE('',(#10800),#10803,.F.);
#10800 = FACE_BOUND('',#10801,.T.);
#10801 = EDGE_LOOP('',(#10802));
#10802 = ORIENTED_EDGE('',*,*,#10788,.F.);
#10803 = PLANE('',#10804);
#10804 = AXIS2_PLACEMENT_3D('',#10805,#10806,#10807);
#10805 = CARTESIAN_POINT('',(0.,0.,0.));
#10806 = DIRECTION('',(0.,0.,1.));
#10807 = DIRECTION('',(1.,0.,-0.));
#10808 = ADVANCED_FACE('',(#10809),#10812,.T.);
#10809 = FACE_BOUND('',#10810,.F.);
#10810 = EDGE_LOOP('',(#10811));
#10811 = ORIENTED_EDGE('',*,*,#10780,.F.);
#10812 = PLANE('',#10813);
#10813 = AXIS2_PLACEMENT_3D('',#10814,#10815,#10816);
#10814 = CARTESIAN_POINT('',(0.,0.,24.336187047276));
#10815 = DIRECTION('',(0.,0.,1.));
#10816 = DIRECTION('',(1.,0.,0.));
#10817 = ( GEOMETRIC_REPRESENTATION_CONTEXT(3) 
GLOBAL_UNCERTAINTY_ASSIGNED_CONTEXT((#10821)) 
GLOBAL_UNIT_ASSIGNED_CONTEXT((#10818,#10819,#10820)) 
REPRESENTATION_CONTEXT('Context #1',
  '3D Context with UNIT and UNCERTAINTY') );
#10818 = ( LENGTH_UNIT() NAMED_UNIT(*) SI_UNIT(.MILLI.,.METRE.) );
#10819 = ( NAMED_UNIT(*) PLANE_ANGLE_UNIT() SI_UNIT($,.RADIAN.) );
#10820 = ( NAMED_UNIT(*) SI_UNIT($,.STERADIAN.) SOLID_ANGLE_UNIT() );
#10821 = UNCERTAINTY_MEASURE_WITH_UNIT(LENGTH_MEASURE(1.E-07),#10818,
  'distance_accuracy_value','confusion accuracy');
#10822 = CONTEXT_DEPENDENT_SHAPE_REPRESENTATION(#10823,#10825);
#10823 = ( REPRESENTATION_RELATIONSHIP('','',#10763,#10) 
REPRESENTATION_RELATIONSHIP_WITH_TRANSFORMATION(#10824) 
SHAPE_REPRESENTATION_RELATIONSHIP() );
#10824 = ITEM_DEFINED_TRANSFORMATION('','',#11,#203);
#10825 = PRODUCT_DEFINITION_SHAPE('Placement','Placement of an item',
  #10826);
#10826 = NEXT_ASSEMBLY_USAGE_OCCURRENCE('475','WIRE_FLY_R_2','',#5,
  #10758,$);
#10827 = PRODUCT_RELATED_PRODUCT_CATEGORY('part',$,(#10760));
#10828 = SHAPE_DEFINITION_REPRESENTATION(#10829,#10835);
#10829 = PRODUCT_DEFINITION_SHAPE('','',#10830);
#10830 = PRODUCT_DEFINITION('design','',#10831,#10834);
#10831 = PRODUCT_DEFINITION_FORMATION('','',#10832);
#10832 = PRODUCT('WIRE_FLY_R_3','WIRE_FLY_R_3','',(#10833));
#10833 = PRODUCT_CONTEXT('',#2,'mechanical');
#10834 = PRODUCT_DEFINITION_CONTEXT('part definition',#2,'design');
#10835 = ADVANCED_BREP_SHAPE_REPRESENTATION('',(#11,#10836),#10889);
#10836 = MANIFOLD_SOLID_BREP('',#10837);
#10837 = CLOSED_SHELL('',(#10838,#10871,#10880));
#10838 = ADVANCED_FACE('',(#10839),#10866,.T.);
#10839 = FACE_BOUND('',#10840,.F.);
#10840 = EDGE_LOOP('',(#10841,#10851,#10858,#10859));
#10841 = ORIENTED_EDGE('',*,*,#10842,.T.);
#10842 = EDGE_CURVE('',#10843,#10845,#10847,.T.);
#10843 = VERTEX_POINT('',#10844);
#10844 = CARTESIAN_POINT('',(1.25,0.,0.));
#10845 = VERTEX_POINT('',#10846);
#10846 = CARTESIAN_POINT('',(1.25,0.,17.));
#10847 = LINE('',#10848,#10849);
#10848 = CARTESIAN_POINT('',(1.25,-3.1E-16,0.));
#10849 = VECTOR('',#10850,1.);
#10850 = DIRECTION('',(0.,0.,1.));
#10851 = ORIENTED_EDGE('',*,*,#10852,.T.);
#10852 = EDGE_CURVE('',#10845,#10845,#10853,.T.);
#10853 = CIRCLE('',#10854,1.25);
#10854 = AXIS2_PLACEMENT_3D('',#10855,#10856,#10857);
#10855 = CARTESIAN_POINT('',(0.,0.,17.));
#10856 = DIRECTION('',(0.,0.,1.));
#10857 = DIRECTION('',(1.,0.,0.));
#10858 = ORIENTED_EDGE('',*,*,#10842,.F.);
#10859 = ORIENTED_EDGE('',*,*,#10860,.F.);
#10860 = EDGE_CURVE('',#10843,#10843,#10861,.T.);
#10861 = CIRCLE('',#10862,1.25);
#10862 = AXIS2_PLACEMENT_3D('',#10863,#10864,#10865);
#10863 = CARTESIAN_POINT('',(0.,0.,0.));
#10864 = DIRECTION('',(0.,0.,1.));
#10865 = DIRECTION('',(1.,0.,-0.));
#10866 = CYLINDRICAL_SURFACE('',#10867,1.25);
#10867 = AXIS2_PLACEMENT_3D('',#10868,#10869,#10870);
#10868 = CARTESIAN_POINT('',(0.,0.,0.));
#10869 = DIRECTION('',(-0.,-0.,-1.));
#10870 = DIRECTION('',(1.,0.,-0.));
#10871 = ADVANCED_FACE('',(#10872),#10875,.F.);
#10872 = FACE_BOUND('',#10873,.T.);
#10873 = EDGE_LOOP('',(#10874));
#10874 = ORIENTED_EDGE('',*,*,#10860,.F.);
#10875 = PLANE('',#10876);
#10876 = AXIS2_PLACEMENT_3D('',#10877,#10878,#10879);
#10877 = CARTESIAN_POINT('',(0.,0.,0.));
#10878 = DIRECTION('',(0.,0.,1.));
#10879 = DIRECTION('',(1.,0.,-0.));
#10880 = ADVANCED_FACE('',(#10881),#10884,.T.);
#10881 = FACE_BOUND('',#10882,.F.);
#10882 = EDGE_LOOP('',(#10883));
#10883 = ORIENTED_EDGE('',*,*,#10852,.F.);
#10884 = PLANE('',#10885);
#10885 = AXIS2_PLACEMENT_3D('',#10886,#10887,#10888);
#10886 = CARTESIAN_POINT('',(0.,0.,17.));
#10887 = DIRECTION('',(0.,0.,1.));
#10888 = DIRECTION('',(1.,0.,0.));
#10889 = ( GEOMETRIC_REPRESENTATION_CONTEXT(3) 
GLOBAL_UNCERTAINTY_ASSIGNED_CONTEXT((#10893)) 
GLOBAL_UNIT_ASSIGNED_CONTEXT((#10890,#10891,#10892)) 
REPRESENTATION_CONTEXT('Context #1',
  '3D Context with UNIT and UNCERTAINTY') );
#10890 = ( LENGTH_UNIT() NAMED_UNIT(*) SI_UNIT(.MILLI.,.METRE.) );
#10891 = ( NAMED_UNIT(*) PLANE_ANGLE_UNIT() SI_UNIT($,.RADIAN.) );
#10892 = ( NAMED_UNIT(*) SI_UNIT($,.STERADIAN.) SOLID_ANGLE_UNIT() );
#10893 = UNCERTAINTY_MEASURE_WITH_UNIT(LENGTH_MEASURE(1.E-07),#10890,
  'distance_accuracy_value','confusion accuracy');
#10894 = CONTEXT_DEPENDENT_SHAPE_REPRESENTATION(#10895,#10897);
#10895 = ( REPRESENTATION_RELATIONSHIP('','',#10835,#10) 
REPRESENTATION_RELATIONSHIP_WITH_TRANSFORMATION(#10896) 
SHAPE_REPRESENTATION_RELATIONSHIP() );
#10896 = ITEM_DEFINED_TRANSFORMATION('','',#11,#207);
#10897 = PRODUCT_DEFINITION_SHAPE('Placement','Placement of an item',
  #10898);
#10898 = NEXT_ASSEMBLY_USAGE_OCCURRENCE('476','WIRE_FLY_R_3','',#5,
  #10830,$);
#10899 = PRODUCT_RELATED_PRODUCT_CATEGORY('part',$,(#10832));
#10900 = SHAPE_DEFINITION_REPRESENTATION(#10901,#10907);
#10901 = PRODUCT_DEFINITION_SHAPE('','',#10902);
#10902 = PRODUCT_DEFINITION('design','',#10903,#10906);
#10903 = PRODUCT_DEFINITION_FORMATION('','',#10904);
#10904 = PRODUCT('WIRE_FLY_R_4','WIRE_FLY_R_4','',(#10905));
#10905 = PRODUCT_CONTEXT('',#2,'mechanical');
#10906 = PRODUCT_DEFINITION_CONTEXT('part definition',#2,'design');
#10907 = ADVANCED_BREP_SHAPE_REPRESENTATION('',(#11,#10908),#10961);
#10908 = MANIFOLD_SOLID_BREP('',#10909);
#10909 = CLOSED_SHELL('',(#10910,#10943,#10952));
#10910 = ADVANCED_FACE('',(#10911),#10938,.T.);
#10911 = FACE_BOUND('',#10912,.F.);
#10912 = EDGE_LOOP('',(#10913,#10923,#10930,#10931));
#10913 = ORIENTED_EDGE('',*,*,#10914,.T.);
#10914 = EDGE_CURVE('',#10915,#10917,#10919,.T.);
#10915 = VERTEX_POINT('',#10916);
#10916 = CARTESIAN_POINT('',(1.25,2.84217094304E-14,0.));
#10917 = VERTEX_POINT('',#10918);
#10918 = CARTESIAN_POINT('',(1.25,2.84217094304E-14,19.874606914352));
#10919 = LINE('',#10920,#10921);
#10920 = CARTESIAN_POINT('',(1.25,-3.1E-16,0.));
#10921 = VECTOR('',#10922,1.);
#10922 = DIRECTION('',(0.,0.,1.));
#10923 = ORIENTED_EDGE('',*,*,#10924,.T.);
#10924 = EDGE_CURVE('',#10917,#10917,#10925,.T.);
#10925 = CIRCLE('',#10926,1.25);
#10926 = AXIS2_PLACEMENT_3D('',#10927,#10928,#10929);
#10927 = CARTESIAN_POINT('',(0.,0.,19.874606914352));
#10928 = DIRECTION('',(0.,0.,1.));
#10929 = DIRECTION('',(1.,0.,0.));
#10930 = ORIENTED_EDGE('',*,*,#10914,.F.);
#10931 = ORIENTED_EDGE('',*,*,#10932,.F.);
#10932 = EDGE_CURVE('',#10915,#10915,#10933,.T.);
#10933 = CIRCLE('',#10934,1.25);
#10934 = AXIS2_PLACEMENT_3D('',#10935,#10936,#10937);
#10935 = CARTESIAN_POINT('',(0.,0.,0.));
#10936 = DIRECTION('',(0.,0.,1.));
#10937 = DIRECTION('',(1.,0.,-0.));
#10938 = CYLINDRICAL_SURFACE('',#10939,1.25);
#10939 = AXIS2_PLACEMENT_3D('',#10940,#10941,#10942);
#10940 = CARTESIAN_POINT('',(0.,0.,0.));
#10941 = DIRECTION('',(-0.,-0.,-1.));
#10942 = DIRECTION('',(1.,0.,-0.));
#10943 = ADVANCED_FACE('',(#10944),#10947,.F.);
#10944 = FACE_BOUND('',#10945,.T.);
#10945 = EDGE_LOOP('',(#10946));
#10946 = ORIENTED_EDGE('',*,*,#10932,.F.);
#10947 = PLANE('',#10948);
#10948 = AXIS2_PLACEMENT_3D('',#10949,#10950,#10951);
#10949 = CARTESIAN_POINT('',(0.,0.,0.));
#10950 = DIRECTION('',(0.,0.,1.));
#10951 = DIRECTION('',(1.,0.,-0.));
#10952 = ADVANCED_FACE('',(#10953),#10956,.T.);
#10953 = FACE_BOUND('',#10954,.F.);
#10954 = EDGE_LOOP('',(#10955));
#10955 = ORIENTED_EDGE('',*,*,#10924,.F.);
#10956 = PLANE('',#10957);
#10957 = AXIS2_PLACEMENT_3D('',#10958,#10959,#10960);
#10958 = CARTESIAN_POINT('',(0.,0.,19.874606914352));
#10959 = DIRECTION('',(0.,0.,1.));
#10960 = DIRECTION('',(1.,0.,0.));
#10961 = ( GEOMETRIC_REPRESENTATION_CONTEXT(3) 
GLOBAL_UNCERTAINTY_ASSIGNED_CONTEXT((#10965)) 
GLOBAL_UNIT_ASSIGNED_CONTEXT((#10962,#10963,#10964)) 
REPRESENTATION_CONTEXT('Context #1',
  '3D Context with UNIT and UNCERTAINTY') );
#10962 = ( LENGTH_UNIT() NAMED_UNIT(*) SI_UNIT(.MILLI.,.METRE.) );
#10963 = ( NAMED_UNIT(*) PLANE_ANGLE_UNIT() SI_UNIT($,.RADIAN.) );
#10964 = ( NAMED_UNIT(*) SI_UNIT($,.STERADIAN.) SOLID_ANGLE_UNIT() );
#10965 = UNCERTAINTY_MEASURE_WITH_UNIT(LENGTH_MEASURE(1.E-07),#10962,
  'distance_accuracy_value','confusion accuracy');
#10966 = CONTEXT_DEPENDENT_SHAPE_REPRESENTATION(#10967,#10969);
#10967 = ( REPRESENTATION_RELATIONSHIP('','',#10907,#10) 
REPRESENTATION_RELATIONSHIP_WITH_TRANSFORMATION(#10968) 
SHAPE_REPRESENTATION_RELATIONSHIP() );
#10968 = ITEM_DEFINED_TRANSFORMATION('','',#11,#211);
#10969 = PRODUCT_DEFINITION_SHAPE('Placement','Placement of an item',
  #10970);
#10970 = NEXT_ASSEMBLY_USAGE_OCCURRENCE('477','WIRE_FLY_R_4','',#5,
  #10902,$);
#10971 = PRODUCT_RELATED_PRODUCT_CATEGORY('part',$,(#10904));
#10972 = SHAPE_DEFINITION_REPRESENTATION(#10973,#10979);
#10973 = PRODUCT_DEFINITION_SHAPE('','',#10974);
#10974 = PRODUCT_DEFINITION('design','',#10975,#10978);
#10975 = PRODUCT_DEFINITION_FORMATION('','',#10976);
#10976 = PRODUCT('WIRE_FLY_R_5','WIRE_FLY_R_5','',(#10977));
#10977 = PRODUCT_CONTEXT('',#2,'mechanical');
#10978 = PRODUCT_DEFINITION_CONTEXT('part definition',#2,'design');
#10979 = ADVANCED_BREP_SHAPE_REPRESENTATION('',(#11,#10980),#11033);
#10980 = MANIFOLD_SOLID_BREP('',#10981);
#10981 = CLOSED_SHELL('',(#10982,#11015,#11024));
#10982 = ADVANCED_FACE('',(#10983),#11010,.T.);
#10983 = FACE_BOUND('',#10984,.F.);
#10984 = EDGE_LOOP('',(#10985,#10995,#11002,#11003));
#10985 = ORIENTED_EDGE('',*,*,#10986,.T.);
#10986 = EDGE_CURVE('',#10987,#10989,#10991,.T.);
#10987 = VERTEX_POINT('',#10988);
#10988 = CARTESIAN_POINT('',(1.25,-2.84217094304E-14,0.));
#10989 = VERTEX_POINT('',#10990);
#10990 = CARTESIAN_POINT('',(1.25,-2.84217094304E-14,7.874007874012));
#10991 = LINE('',#10992,#10993);
#10992 = CARTESIAN_POINT('',(1.25,-3.1E-16,0.));
#10993 = VECTOR('',#10994,1.);
#10994 = DIRECTION('',(0.,0.,1.));
#10995 = ORIENTED_EDGE('',*,*,#10996,.T.);
#10996 = EDGE_CURVE('',#10989,#10989,#10997,.T.);
#10997 = CIRCLE('',#10998,1.25);
#10998 = AXIS2_PLACEMENT_3D('',#10999,#11000,#11001);
#10999 = CARTESIAN_POINT('',(0.,0.,7.874007874012));
#11000 = DIRECTION('',(0.,0.,1.));
#11001 = DIRECTION('',(1.,0.,0.));
#11002 = ORIENTED_EDGE('',*,*,#10986,.F.);
#11003 = ORIENTED_EDGE('',*,*,#11004,.F.);
#11004 = EDGE_CURVE('',#10987,#10987,#11005,.T.);
#11005 = CIRCLE('',#11006,1.25);
#11006 = AXIS2_PLACEMENT_3D('',#11007,#11008,#11009);
#11007 = CARTESIAN_POINT('',(0.,0.,0.));
#11008 = DIRECTION('',(0.,0.,1.));
#11009 = DIRECTION('',(1.,0.,-0.));
#11010 = CYLINDRICAL_SURFACE('',#11011,1.25);
#11011 = AXIS2_PLACEMENT_3D('',#11012,#11013,#11014);
#11012 = CARTESIAN_POINT('',(0.,0.,0.));
#11013 = DIRECTION('',(-0.,-0.,-1.));
#11014 = DIRECTION('',(1.,0.,-0.));
#11015 = ADVANCED_FACE('',(#11016),#11019,.F.);
#11016 = FACE_BOUND('',#11017,.T.);
#11017 = EDGE_LOOP('',(#11018));
#11018 = ORIENTED_EDGE('',*,*,#11004,.F.);
#11019 = PLANE('',#11020);
#11020 = AXIS2_PLACEMENT_3D('',#11021,#11022,#11023);
#11021 = CARTESIAN_POINT('',(0.,0.,0.));
#11022 = DIRECTION('',(0.,0.,1.));
#11023 = DIRECTION('',(1.,0.,-0.));
#11024 = ADVANCED_FACE('',(#11025),#11028,.T.);
#11025 = FACE_BOUND('',#11026,.F.);
#11026 = EDGE_LOOP('',(#11027));
#11027 = ORIENTED_EDGE('',*,*,#10996,.F.);
#11028 = PLANE('',#11029);
#11029 = AXIS2_PLACEMENT_3D('',#11030,#11031,#11032);
#11030 = CARTESIAN_POINT('',(0.,0.,7.874007874012));
#11031 = DIRECTION('',(0.,0.,1.));
#11032 = DIRECTION('',(1.,0.,0.));
#11033 = ( GEOMETRIC_REPRESENTATION_CONTEXT(3) 
GLOBAL_UNCERTAINTY_ASSIGNED_CONTEXT((#11037)) 
GLOBAL_UNIT_ASSIGNED_CONTEXT((#11034,#11035,#11036)) 
REPRESENTATION_CONTEXT('Context #1',
  '3D Context with UNIT and UNCERTAINTY') );
#11034 = ( LENGTH_UNIT() NAMED_UNIT(*) SI_UNIT(.MILLI.,.METRE.) );
#11035 = ( NAMED_UNIT(*) PLANE_ANGLE_UNIT() SI_UNIT($,.RADIAN.) );
#11036 = ( NAMED_UNIT(*) SI_UNIT($,.STERADIAN.) SOLID_ANGLE_UNIT() );
#11037 = UNCERTAINTY_MEASURE_WITH_UNIT(LENGTH_MEASURE(1.E-07),#11034,
  'distance_accuracy_value','confusion accuracy');
#11038 = CONTEXT_DEPENDENT_SHAPE_REPRESENTATION(#11039,#11041);
#11039 = ( REPRESENTATION_RELATIONSHIP('','',#10979,#10) 
REPRESENTATION_RELATIONSHIP_WITH_TRANSFORMATION(#11040) 
SHAPE_REPRESENTATION_RELATIONSHIP() );
#11040 = ITEM_DEFINED_TRANSFORMATION('','',#11,#215);
#11041 = PRODUCT_DEFINITION_SHAPE('Placement','Placement of an item',
  #11042);
#11042 = NEXT_ASSEMBLY_USAGE_OCCURRENCE('478','WIRE_FLY_R_5','',#5,
  #10974,$);
#11043 = PRODUCT_RELATED_PRODUCT_CATEGORY('part',$,(#10976));
#11044 = SHAPE_DEFINITION_REPRESENTATION(#11045,#11051);
#11045 = PRODUCT_DEFINITION_SHAPE('','',#11046);
#11046 = PRODUCT_DEFINITION('design','',#11047,#11050);
#11047 = PRODUCT_DEFINITION_FORMATION('','',#11048);
#11048 = PRODUCT('WIRE_HOOD_SV_0','WIRE_HOOD_SV_0','',(#11049));
#11049 = PRODUCT_CONTEXT('',#2,'mechanical');
#11050 = PRODUCT_DEFINITION_CONTEXT('part definition',#2,'design');
#11051 = ADVANCED_BREP_SHAPE_REPRESENTATION('',(#11,#11052),#11201);
#11052 = MANIFOLD_SOLID_BREP('',#11053);
#11053 = CLOSED_SHELL('',(#11054,#11114,#11123,#11139,#11181,#11192));
#11054 = ADVANCED_FACE('',(#11055),#11109,.T.);
#11055 = FACE_BOUND('',#11056,.F.);
#11056 = EDGE_LOOP('',(#11057,#11066,#11074,#11083,#11092,#11101,#11108)
  );
#11057 = ORIENTED_EDGE('',*,*,#11058,.F.);
#11058 = EDGE_CURVE('',#11059,#11059,#11061,.T.);
#11059 = VERTEX_POINT('',#11060);
#11060 = CARTESIAN_POINT('',(-83.37177950029,-79.25644099941,
    330.22903933372));
#11061 = CIRCLE('',#11062,1.);
#11062 = AXIS2_PLACEMENT_3D('',#11063,#11064,#11065);
#11063 = CARTESIAN_POINT('',(-84.,-80.,330.));
#11064 = DIRECTION('',(-0.229039333726,0.458078667451,-0.858897501471));
#11065 = DIRECTION('',(0.628220499706,0.743559000588,0.229039333726));
#11066 = ORIENTED_EDGE('',*,*,#11067,.T.);
#11067 = EDGE_CURVE('',#11059,#11068,#11070,.T.);
#11068 = VERTEX_POINT('',#11069);
#11069 = CARTESIAN_POINT('',(-91.37177950029,-63.25644099941,
    300.22903933372));
#11070 = LINE('',#11071,#11072);
#11071 = CARTESIAN_POINT('',(-83.37177950029,-79.25644099941,
    330.22903933372));
#11072 = VECTOR('',#11073,1.);
#11073 = DIRECTION('',(-0.229039333726,0.458078667451,-0.858897501471));
#11074 = ORIENTED_EDGE('',*,*,#11075,.T.);
#11075 = EDGE_CURVE('',#11068,#11076,#11078,.T.);
#11076 = VERTEX_POINT('',#11077);
#11077 = CARTESIAN_POINT('',(-91.0266005128,-63.89753689608,
    299.79507379216));
#11078 = CIRCLE('',#11079,1.);
#11079 = AXIS2_PLACEMENT_3D('',#11080,#11081,#11082);
#11080 = CARTESIAN_POINT('',(-92.,-64.,300.));
#11081 = DIRECTION('',(-0.229039333726,0.458078667451,-0.858897501471));
#11082 = DIRECTION('',(0.628220499706,0.743559000588,0.229039333726));
#11083 = ORIENTED_EDGE('',*,*,#11084,.F.);
#11084 = EDGE_CURVE('',#11085,#11076,#11087,.T.);
#11085 = VERTEX_POINT('',#11086);
#11086 = CARTESIAN_POINT('',(-91.9721484754,-64.95042363931,
    299.65708292218));
#11087 = ELLIPSE('',#11088,1.010778375239,1.);
#11088 = AXIS2_PLACEMENT_3D('',#11089,#11090,#11091);
#11089 = CARTESIAN_POINT('',(-92.,-64.,300.));
#11090 = DIRECTION('',(0.227451502771,-0.324589255581,0.918100010374));
#11091 = DIRECTION('',(2.75545315188E-02,-0.940288853224,-0.339260401898
    ));
#11092 = ORIENTED_EDGE('',*,*,#11093,.F.);
#11093 = EDGE_CURVE('',#11094,#11085,#11096,.T.);
#11094 = VERTEX_POINT('',#11095);
#11095 = CARTESIAN_POINT('',(-92.97339948719,-64.10246310391,
    300.20492620783));
#11096 = ELLIPSE('',#11097,1.010778375239,1.);
#11097 = AXIS2_PLACEMENT_3D('',#11098,#11099,#11100);
#11098 = CARTESIAN_POINT('',(-92.,-64.,300.));
#11099 = DIRECTION('',(0.227451502771,-0.324589255581,0.918100010374));
#11100 = DIRECTION('',(2.75545315188E-02,-0.940288853224,-0.339260401898
    ));
#11101 = ORIENTED_EDGE('',*,*,#11102,.T.);
#11102 = EDGE_CURVE('',#11094,#11068,#11103,.T.);
#11103 = CIRCLE('',#11104,1.);
#11104 = AXIS2_PLACEMENT_3D('',#11105,#11106,#11107);
#11105 = CARTESIAN_POINT('',(-92.,-64.,300.));
#11106 = DIRECTION('',(-0.229039333726,0.458078667451,-0.858897501471));
#11107 = DIRECTION('',(0.628220499706,0.743559000588,0.229039333726));
#11108 = ORIENTED_EDGE('',*,*,#11067,.F.);
#11109 = CYLINDRICAL_SURFACE('',#11110,1.);
#11110 = AXIS2_PLACEMENT_3D('',#11111,#11112,#11113);
#11111 = CARTESIAN_POINT('',(-84.,-80.,330.));
#11112 = DIRECTION('',(0.229039333726,-0.458078667451,0.858897501471));
#11113 = DIRECTION('',(0.628220499706,0.743559000588,0.229039333726));
#11114 = ADVANCED_FACE('',(#11115),#11118,.F.);
#11115 = FACE_BOUND('',#11116,.T.);
#11116 = EDGE_LOOP('',(#11117));
#11117 = ORIENTED_EDGE('',*,*,#11058,.F.);
#11118 = PLANE('',#11119);
#11119 = AXIS2_PLACEMENT_3D('',#11120,#11121,#11122);
#11120 = CARTESIAN_POINT('',(-84.,-80.,330.));
#11121 = DIRECTION('',(-0.229039333726,0.458078667451,-0.858897501471));
#11122 = DIRECTION('',(0.628220499706,0.743559000588,0.229039333726));
#11123 = ADVANCED_FACE('',(#11124),#11134,.T.);
#11124 = FACE_BOUND('',#11125,.T.);
#11125 = EDGE_LOOP('',(#11126,#11127,#11128));
#11126 = ORIENTED_EDGE('',*,*,#11102,.T.);
#11127 = ORIENTED_EDGE('',*,*,#11075,.T.);
#11128 = ORIENTED_EDGE('',*,*,#11129,.T.);
#11129 = EDGE_CURVE('',#11076,#11094,#11130,.T.);
#11130 = LINE('',#11131,#11132);
#11131 = CARTESIAN_POINT('',(-92.,-64.,300.));
#11132 = VECTOR('',#11133,1.);
#11133 = DIRECTION('',(-0.973399487199,-0.102463103916,0.204926207831));
#11134 = PLANE('',#11135);
#11135 = AXIS2_PLACEMENT_3D('',#11136,#11137,#11138);
#11136 = CARTESIAN_POINT('',(-92.,-64.,300.));
#11137 = DIRECTION('',(-0.229039333726,0.458078667451,-0.858897501471));
#11138 = DIRECTION('',(0.628220499706,0.743559000588,0.229039333726));
#11139 = ADVANCED_FACE('',(#11140),#11176,.T.);
#11140 = FACE_BOUND('',#11141,.F.);
#11141 = EDGE_LOOP('',(#11142,#11151,#11159,#11166,#11167,#11174,#11175)
  );
#11142 = ORIENTED_EDGE('',*,*,#11143,.F.);
#11143 = EDGE_CURVE('',#11144,#11076,#11146,.T.);
#11144 = VERTEX_POINT('',#11145);
#11145 = CARTESIAN_POINT('',(-92.15537710056,-63.03718574953,
    300.2210128406));
#11146 = CIRCLE('',#11147,1.);
#11147 = AXIS2_PLACEMENT_3D('',#11148,#11149,#11150);
#11148 = CARTESIAN_POINT('',(-92.,-64.,300.));
#11149 = DIRECTION('',(-0.221012840605,0.184177367171,-0.957722309289));
#11150 = DIRECTION('',(-0.155377100564,0.96281425047,0.221012840605));
#11151 = ORIENTED_EDGE('',*,*,#11152,.T.);
#11152 = EDGE_CURVE('',#11144,#11153,#11155,.T.);
#11153 = VERTEX_POINT('',#11154);
#11154 = CARTESIAN_POINT('',(-98.15537710056,-58.03718574953,
    274.2210128406));
#11155 = LINE('',#11156,#11157);
#11156 = CARTESIAN_POINT('',(-92.15537710056,-63.03718574953,
    300.2210128406));
#11157 = VECTOR('',#11158,1.);
#11158 = DIRECTION('',(-0.221012840605,0.184177367171,-0.957722309289));
#11159 = ORIENTED_EDGE('',*,*,#11160,.T.);
#11160 = EDGE_CURVE('',#11153,#11153,#11161,.T.);
#11161 = CIRCLE('',#11162,1.);
#11162 = AXIS2_PLACEMENT_3D('',#11163,#11164,#11165);
#11163 = CARTESIAN_POINT('',(-98.,-59.,274.));
#11164 = DIRECTION('',(-0.221012840605,0.184177367171,-0.957722309289));
#11165 = DIRECTION('',(-0.155377100564,0.96281425047,0.221012840605));
#11166 = ORIENTED_EDGE('',*,*,#11152,.F.);
#11167 = ORIENTED_EDGE('',*,*,#11168,.F.);
#11168 = EDGE_CURVE('',#11094,#11144,#11169,.T.);
#11169 = CIRCLE('',#11170,1.);
#11170 = AXIS2_PLACEMENT_3D('',#11171,#11172,#11173);
#11171 = CARTESIAN_POINT('',(-92.,-64.,300.));
#11172 = DIRECTION('',(-0.221012840605,0.184177367171,-0.957722309289));
#11173 = DIRECTION('',(-0.155377100564,0.96281425047,0.221012840605));
#11174 = ORIENTED_EDGE('',*,*,#11093,.T.);
#11175 = ORIENTED_EDGE('',*,*,#11084,.T.);
#11176 = CYLINDRICAL_SURFACE('',#11177,1.);
#11177 = AXIS2_PLACEMENT_3D('',#11178,#11179,#11180);
#11178 = CARTESIAN_POINT('',(-92.,-64.,300.));
#11179 = DIRECTION('',(0.221012840605,-0.184177367171,0.957722309289));
#11180 = DIRECTION('',(-0.155377100564,0.96281425047,0.221012840605));
#11181 = ADVANCED_FACE('',(#11182),#11187,.F.);
#11182 = FACE_BOUND('',#11183,.F.);
#11183 = EDGE_LOOP('',(#11184,#11185,#11186));
#11184 = ORIENTED_EDGE('',*,*,#11168,.T.);
#11185 = ORIENTED_EDGE('',*,*,#11143,.T.);
#11186 = ORIENTED_EDGE('',*,*,#11129,.T.);
#11187 = PLANE('',#11188);
#11188 = AXIS2_PLACEMENT_3D('',#11189,#11190,#11191);
#11189 = CARTESIAN_POINT('',(-92.,-64.,300.));
#11190 = DIRECTION('',(-0.221012840605,0.184177367171,-0.957722309289));
#11191 = DIRECTION('',(-0.155377100564,0.96281425047,0.221012840605));
#11192 = ADVANCED_FACE('',(#11193),#11196,.T.);
#11193 = FACE_BOUND('',#11194,.F.);
#11194 = EDGE_LOOP('',(#11195));
#11195 = ORIENTED_EDGE('',*,*,#11160,.F.);
#11196 = PLANE('',#11197);
#11197 = AXIS2_PLACEMENT_3D('',#11198,#11199,#11200);
#11198 = CARTESIAN_POINT('',(-98.,-59.,274.));
#11199 = DIRECTION('',(-0.221012840605,0.184177367171,-0.957722309289));
#11200 = DIRECTION('',(-0.155377100564,0.96281425047,0.221012840605));
#11201 = ( GEOMETRIC_REPRESENTATION_CONTEXT(3) 
GLOBAL_UNCERTAINTY_ASSIGNED_CONTEXT((#11205)) 
GLOBAL_UNIT_ASSIGNED_CONTEXT((#11202,#11203,#11204)) 
REPRESENTATION_CONTEXT('Context #1',
  '3D Context with UNIT and UNCERTAINTY') );
#11202 = ( LENGTH_UNIT() NAMED_UNIT(*) SI_UNIT(.MILLI.,.METRE.) );
#11203 = ( NAMED_UNIT(*) PLANE_ANGLE_UNIT() SI_UNIT($,.RADIAN.) );
#11204 = ( NAMED_UNIT(*) SI_UNIT($,.STERADIAN.) SOLID_ANGLE_UNIT() );
#11205 = UNCERTAINTY_MEASURE_WITH_UNIT(LENGTH_MEASURE(1.E-05),#11202,
  'distance_accuracy_value','confusion accuracy');
#11206 = CONTEXT_DEPENDENT_SHAPE_REPRESENTATION(#11207,#11209);
#11207 = ( REPRESENTATION_RELATIONSHIP('','',#11051,#10) 
REPRESENTATION_RELATIONSHIP_WITH_TRANSFORMATION(#11208) 
SHAPE_REPRESENTATION_RELATIONSHIP() );
#11208 = ITEM_DEFINED_TRANSFORMATION('','',#11,#219);
#11209 = PRODUCT_DEFINITION_SHAPE('Placement','Placement of an item',
  #11210);
#11210 = NEXT_ASSEMBLY_USAGE_OCCURRENCE('479','WIRE_HOOD_SV_0','',#5,
  #11046,$);
#11211 = PRODUCT_RELATED_PRODUCT_CATEGORY('part',$,(#11048));
#11212 = SHAPE_DEFINITION_REPRESENTATION(#11213,#11219);
#11213 = PRODUCT_DEFINITION_SHAPE('','',#11214);
#11214 = PRODUCT_DEFINITION('design','',#11215,#11218);
#11215 = PRODUCT_DEFINITION_FORMATION('','',#11216);
#11216 = PRODUCT('WIRE_HOOD_SV_1','WIRE_HOOD_SV_1','',(#11217));
#11217 = PRODUCT_CONTEXT('',#2,'mechanical');
#11218 = PRODUCT_DEFINITION_CONTEXT('part definition',#2,'design');
#11219 = ADVANCED_BREP_SHAPE_REPRESENTATION('',(#11,#11220),#11273);
#11220 = MANIFOLD_SOLID_BREP('',#11221);
#11221 = CLOSED_SHELL('',(#11222,#11255,#11264));
#11222 = ADVANCED_FACE('',(#11223),#11250,.T.);
#11223 = FACE_BOUND('',#11224,.F.);
#11224 = EDGE_LOOP('',(#11225,#11235,#11242,#11243));
#11225 = ORIENTED_EDGE('',*,*,#11226,.T.);
#11226 = EDGE_CURVE('',#11227,#11229,#11231,.T.);
#11227 = VERTEX_POINT('',#11228);
#11228 = CARTESIAN_POINT('',(1.,0.,-7.105427357601E-15));
#11229 = VERTEX_POINT('',#11230);
#11230 = CARTESIAN_POINT('',(1.,0.,15.132745950422));
#11231 = LINE('',#11232,#11233);
#11232 = CARTESIAN_POINT('',(1.,-2.4E-16,0.));
#11233 = VECTOR('',#11234,1.);
#11234 = DIRECTION('',(0.,0.,1.));
#11235 = ORIENTED_EDGE('',*,*,#11236,.T.);
#11236 = EDGE_CURVE('',#11229,#11229,#11237,.T.);
#11237 = CIRCLE('',#11238,1.);
#11238 = AXIS2_PLACEMENT_3D('',#11239,#11240,#11241);
#11239 = CARTESIAN_POINT('',(0.,0.,15.132745950422));
#11240 = DIRECTION('',(0.,0.,1.));
#11241 = DIRECTION('',(1.,0.,0.));
#11242 = ORIENTED_EDGE('',*,*,#11226,.F.);
#11243 = ORIENTED_EDGE('',*,*,#11244,.F.);
#11244 = EDGE_CURVE('',#11227,#11227,#11245,.T.);
#11245 = CIRCLE('',#11246,1.);
#11246 = AXIS2_PLACEMENT_3D('',#11247,#11248,#11249);
#11247 = CARTESIAN_POINT('',(0.,0.,0.));
#11248 = DIRECTION('',(0.,0.,1.));
#11249 = DIRECTION('',(1.,0.,-0.));
#11250 = CYLINDRICAL_SURFACE('',#11251,1.);
#11251 = AXIS2_PLACEMENT_3D('',#11252,#11253,#11254);
#11252 = CARTESIAN_POINT('',(0.,0.,0.));
#11253 = DIRECTION('',(-0.,-0.,-1.));
#11254 = DIRECTION('',(1.,0.,-0.));
#11255 = ADVANCED_FACE('',(#11256),#11259,.F.);
#11256 = FACE_BOUND('',#11257,.T.);
#11257 = EDGE_LOOP('',(#11258));
#11258 = ORIENTED_EDGE('',*,*,#11244,.F.);
#11259 = PLANE('',#11260);
#11260 = AXIS2_PLACEMENT_3D('',#11261,#11262,#11263);
#11261 = CARTESIAN_POINT('',(0.,0.,0.));
#11262 = DIRECTION('',(0.,0.,1.));
#11263 = DIRECTION('',(1.,0.,-0.));
#11264 = ADVANCED_FACE('',(#11265),#11268,.T.);
#11265 = FACE_BOUND('',#11266,.F.);
#11266 = EDGE_LOOP('',(#11267));
#11267 = ORIENTED_EDGE('',*,*,#11236,.F.);
#11268 = PLANE('',#11269);
#11269 = AXIS2_PLACEMENT_3D('',#11270,#11271,#11272);
#11270 = CARTESIAN_POINT('',(0.,0.,15.132745950422));
#11271 = DIRECTION('',(0.,0.,1.));
#11272 = DIRECTION('',(1.,0.,0.));
#11273 = ( GEOMETRIC_REPRESENTATION_CONTEXT(3) 
GLOBAL_UNCERTAINTY_ASSIGNED_CONTEXT((#11277)) 
GLOBAL_UNIT_ASSIGNED_CONTEXT((#11274,#11275,#11276)) 
REPRESENTATION_CONTEXT('Context #1',
  '3D Context with UNIT and UNCERTAINTY') );
#11274 = ( LENGTH_UNIT() NAMED_UNIT(*) SI_UNIT(.MILLI.,.METRE.) );
#11275 = ( NAMED_UNIT(*) PLANE_ANGLE_UNIT() SI_UNIT($,.RADIAN.) );
#11276 = ( NAMED_UNIT(*) SI_UNIT($,.STERADIAN.) SOLID_ANGLE_UNIT() );
#11277 = UNCERTAINTY_MEASURE_WITH_UNIT(LENGTH_MEASURE(1.E-07),#11274,
  'distance_accuracy_value','confusion accuracy');
#11278 = CONTEXT_DEPENDENT_SHAPE_REPRESENTATION(#11279,#11281);
#11279 = ( REPRESENTATION_RELATIONSHIP('','',#11219,#10) 
REPRESENTATION_RELATIONSHIP_WITH_TRANSFORMATION(#11280) 
SHAPE_REPRESENTATION_RELATIONSHIP() );
#11280 = ITEM_DEFINED_TRANSFORMATION('','',#11,#223);
#11281 = PRODUCT_DEFINITION_SHAPE('Placement','Placement of an item',
  #11282);
#11282 = NEXT_ASSEMBLY_USAGE_OCCURRENCE('480','WIRE_HOOD_SV_1','',#5,
  #11214,$);
#11283 = PRODUCT_RELATED_PRODUCT_CATEGORY('part',$,(#11216));
#11284 = SHAPE_DEFINITION_REPRESENTATION(#11285,#11291);
#11285 = PRODUCT_DEFINITION_SHAPE('','',#11286);
#11286 = PRODUCT_DEFINITION('design','',#11287,#11290);
#11287 = PRODUCT_DEFINITION_FORMATION('','',#11288);
#11288 = PRODUCT('WIRE_HOOD_SV_2','WIRE_HOOD_SV_2','',(#11289));
#11289 = PRODUCT_CONTEXT('',#2,'mechanical');
#11290 = PRODUCT_DEFINITION_CONTEXT('part definition',#2,'design');
#11291 = ADVANCED_BREP_SHAPE_REPRESENTATION('',(#11,#11292),#11345);
#11292 = MANIFOLD_SOLID_BREP('',#11293);
#11293 = CLOSED_SHELL('',(#11294,#11327,#11336));
#11294 = ADVANCED_FACE('',(#11295),#11322,.T.);
#11295 = FACE_BOUND('',#11296,.F.);
#11296 = EDGE_LOOP('',(#11297,#11307,#11314,#11315));
#11297 = ORIENTED_EDGE('',*,*,#11298,.T.);
#11298 = EDGE_CURVE('',#11299,#11301,#11303,.T.);
#11299 = VERTEX_POINT('',#11300);
#11300 = CARTESIAN_POINT('',(1.,0.,0.));
#11301 = VERTEX_POINT('',#11302);
#11302 = CARTESIAN_POINT('',(1.,0.,27.073972741362));
#11303 = LINE('',#11304,#11305);
#11304 = CARTESIAN_POINT('',(1.,-2.4E-16,0.));
#11305 = VECTOR('',#11306,1.);
#11306 = DIRECTION('',(0.,0.,1.));
#11307 = ORIENTED_EDGE('',*,*,#11308,.T.);
#11308 = EDGE_CURVE('',#11301,#11301,#11309,.T.);
#11309 = CIRCLE('',#11310,1.);
#11310 = AXIS2_PLACEMENT_3D('',#11311,#11312,#11313);
#11311 = CARTESIAN_POINT('',(0.,0.,27.073972741362));
#11312 = DIRECTION('',(0.,0.,1.));
#11313 = DIRECTION('',(1.,0.,0.));
#11314 = ORIENTED_EDGE('',*,*,#11298,.F.);
#11315 = ORIENTED_EDGE('',*,*,#11316,.F.);
#11316 = EDGE_CURVE('',#11299,#11299,#11317,.T.);
#11317 = CIRCLE('',#11318,1.);
#11318 = AXIS2_PLACEMENT_3D('',#11319,#11320,#11321);
#11319 = CARTESIAN_POINT('',(0.,0.,0.));
#11320 = DIRECTION('',(0.,0.,1.));
#11321 = DIRECTION('',(1.,0.,-0.));
#11322 = CYLINDRICAL_SURFACE('',#11323,1.);
#11323 = AXIS2_PLACEMENT_3D('',#11324,#11325,#11326);
#11324 = CARTESIAN_POINT('',(0.,0.,0.));
#11325 = DIRECTION('',(-0.,-0.,-1.));
#11326 = DIRECTION('',(1.,0.,-0.));
#11327 = ADVANCED_FACE('',(#11328),#11331,.F.);
#11328 = FACE_BOUND('',#11329,.T.);
#11329 = EDGE_LOOP('',(#11330));
#11330 = ORIENTED_EDGE('',*,*,#11316,.F.);
#11331 = PLANE('',#11332);
#11332 = AXIS2_PLACEMENT_3D('',#11333,#11334,#11335);
#11333 = CARTESIAN_POINT('',(0.,0.,0.));
#11334 = DIRECTION('',(0.,0.,1.));
#11335 = DIRECTION('',(1.,0.,-0.));
#11336 = ADVANCED_FACE('',(#11337),#11340,.T.);
#11337 = FACE_BOUND('',#11338,.F.);
#11338 = EDGE_LOOP('',(#11339));
#11339 = ORIENTED_EDGE('',*,*,#11308,.F.);
#11340 = PLANE('',#11341);
#11341 = AXIS2_PLACEMENT_3D('',#11342,#11343,#11344);
#11342 = CARTESIAN_POINT('',(0.,0.,27.073972741362));
#11343 = DIRECTION('',(0.,0.,1.));
#11344 = DIRECTION('',(1.,0.,0.));
#11345 = ( GEOMETRIC_REPRESENTATION_CONTEXT(3) 
GLOBAL_UNCERTAINTY_ASSIGNED_CONTEXT((#11349)) 
GLOBAL_UNIT_ASSIGNED_CONTEXT((#11346,#11347,#11348)) 
REPRESENTATION_CONTEXT('Context #1',
  '3D Context with UNIT and UNCERTAINTY') );
#11346 = ( LENGTH_UNIT() NAMED_UNIT(*) SI_UNIT(.MILLI.,.METRE.) );
#11347 = ( NAMED_UNIT(*) PLANE_ANGLE_UNIT() SI_UNIT($,.RADIAN.) );
#11348 = ( NAMED_UNIT(*) SI_UNIT($,.STERADIAN.) SOLID_ANGLE_UNIT() );
#11349 = UNCERTAINTY_MEASURE_WITH_UNIT(LENGTH_MEASURE(1.E-07),#11346,
  'distance_accuracy_value','confusion accuracy');
#11350 = CONTEXT_DEPENDENT_SHAPE_REPRESENTATION(#11351,#11353);
#11351 = ( REPRESENTATION_RELATIONSHIP('','',#11291,#10) 
REPRESENTATION_RELATIONSHIP_WITH_TRANSFORMATION(#11352) 
SHAPE_REPRESENTATION_RELATIONSHIP() );
#11352 = ITEM_DEFINED_TRANSFORMATION('','',#11,#227);
#11353 = PRODUCT_DEFINITION_SHAPE('Placement','Placement of an item',
  #11354);
#11354 = NEXT_ASSEMBLY_USAGE_OCCURRENCE('481','WIRE_HOOD_SV_2','',#5,
  #11286,$);
#11355 = PRODUCT_RELATED_PRODUCT_CATEGORY('part',$,(#11288));
#11356 = SHAPE_DEFINITION_REPRESENTATION(#11357,#11363);
#11357 = PRODUCT_DEFINITION_SHAPE('','',#11358);
#11358 = PRODUCT_DEFINITION('design','',#11359,#11362);
#11359 = PRODUCT_DEFINITION_FORMATION('','',#11360);
#11360 = PRODUCT('WIRE_HOOD_SV_3','WIRE_HOOD_SV_3','',(#11361));
#11361 = PRODUCT_CONTEXT('',#2,'mechanical');
#11362 = PRODUCT_DEFINITION_CONTEXT('part definition',#2,'design');
#11363 = ADVANCED_BREP_SHAPE_REPRESENTATION('',(#11,#11364),#11417);
#11364 = MANIFOLD_SOLID_BREP('',#11365);
#11365 = CLOSED_SHELL('',(#11366,#11399,#11408));
#11366 = ADVANCED_FACE('',(#11367),#11394,.T.);
#11367 = FACE_BOUND('',#11368,.F.);
#11368 = EDGE_LOOP('',(#11369,#11379,#11386,#11387));
#11369 = ORIENTED_EDGE('',*,*,#11370,.T.);
#11370 = EDGE_CURVE('',#11371,#11373,#11375,.T.);
#11371 = VERTEX_POINT('',#11372);
#11372 = CARTESIAN_POINT('',(1.,0.,0.));
#11373 = VERTEX_POINT('',#11374);
#11374 = CARTESIAN_POINT('',(1.,0.,20.099751242242));
#11375 = LINE('',#11376,#11377);
#11376 = CARTESIAN_POINT('',(1.,-2.4E-16,0.));
#11377 = VECTOR('',#11378,1.);
#11378 = DIRECTION('',(0.,0.,1.));
#11379 = ORIENTED_EDGE('',*,*,#11380,.T.);
#11380 = EDGE_CURVE('',#11373,#11373,#11381,.T.);
#11381 = CIRCLE('',#11382,1.);
#11382 = AXIS2_PLACEMENT_3D('',#11383,#11384,#11385);
#11383 = CARTESIAN_POINT('',(0.,0.,20.099751242242));
#11384 = DIRECTION('',(0.,0.,1.));
#11385 = DIRECTION('',(1.,0.,0.));
#11386 = ORIENTED_EDGE('',*,*,#11370,.F.);
#11387 = ORIENTED_EDGE('',*,*,#11388,.F.);
#11388 = EDGE_CURVE('',#11371,#11371,#11389,.T.);
#11389 = CIRCLE('',#11390,1.);
#11390 = AXIS2_PLACEMENT_3D('',#11391,#11392,#11393);
#11391 = CARTESIAN_POINT('',(0.,0.,0.));
#11392 = DIRECTION('',(0.,0.,1.));
#11393 = DIRECTION('',(1.,0.,-0.));
#11394 = CYLINDRICAL_SURFACE('',#11395,1.);
#11395 = AXIS2_PLACEMENT_3D('',#11396,#11397,#11398);
#11396 = CARTESIAN_POINT('',(0.,0.,0.));
#11397 = DIRECTION('',(-0.,-0.,-1.));
#11398 = DIRECTION('',(1.,0.,-0.));
#11399 = ADVANCED_FACE('',(#11400),#11403,.F.);
#11400 = FACE_BOUND('',#11401,.T.);
#11401 = EDGE_LOOP('',(#11402));
#11402 = ORIENTED_EDGE('',*,*,#11388,.F.);
#11403 = PLANE('',#11404);
#11404 = AXIS2_PLACEMENT_3D('',#11405,#11406,#11407);
#11405 = CARTESIAN_POINT('',(0.,0.,0.));
#11406 = DIRECTION('',(0.,0.,1.));
#11407 = DIRECTION('',(1.,0.,-0.));
#11408 = ADVANCED_FACE('',(#11409),#11412,.T.);
#11409 = FACE_BOUND('',#11410,.F.);
#11410 = EDGE_LOOP('',(#11411));
#11411 = ORIENTED_EDGE('',*,*,#11380,.F.);
#11412 = PLANE('',#11413);
#11413 = AXIS2_PLACEMENT_3D('',#11414,#11415,#11416);
#11414 = CARTESIAN_POINT('',(0.,0.,20.099751242242));
#11415 = DIRECTION('',(0.,0.,1.));
#11416 = DIRECTION('',(1.,0.,0.));
#11417 = ( GEOMETRIC_REPRESENTATION_CONTEXT(3) 
GLOBAL_UNCERTAINTY_ASSIGNED_CONTEXT((#11421)) 
GLOBAL_UNIT_ASSIGNED_CONTEXT((#11418,#11419,#11420)) 
REPRESENTATION_CONTEXT('Context #1',
  '3D Context with UNIT and UNCERTAINTY') );
#11418 = ( LENGTH_UNIT() NAMED_UNIT(*) SI_UNIT(.MILLI.,.METRE.) );
#11419 = ( NAMED_UNIT(*) PLANE_ANGLE_UNIT() SI_UNIT($,.RADIAN.) );
#11420 = ( NAMED_UNIT(*) SI_UNIT($,.STERADIAN.) SOLID_ANGLE_UNIT() );
#11421 = UNCERTAINTY_MEASURE_WITH_UNIT(LENGTH_MEASURE(1.E-07),#11418,
  'distance_accuracy_value','confusion accuracy');
#11422 = CONTEXT_DEPENDENT_SHAPE_REPRESENTATION(#11423,#11425);
#11423 = ( REPRESENTATION_RELATIONSHIP('','',#11363,#10) 
REPRESENTATION_RELATIONSHIP_WITH_TRANSFORMATION(#11424) 
SHAPE_REPRESENTATION_RELATIONSHIP() );
#11424 = ITEM_DEFINED_TRANSFORMATION('','',#11,#231);
#11425 = PRODUCT_DEFINITION_SHAPE('Placement','Placement of an item',
  #11426);
#11426 = NEXT_ASSEMBLY_USAGE_OCCURRENCE('482','WIRE_HOOD_SV_3','',#5,
  #11358,$);
#11427 = PRODUCT_RELATED_PRODUCT_CATEGORY('part',$,(#11360));
#11428 = SHAPE_DEFINITION_REPRESENTATION(#11429,#11435);
#11429 = PRODUCT_DEFINITION_SHAPE('','',#11430);
#11430 = PRODUCT_DEFINITION('design','',#11431,#11434);
#11431 = PRODUCT_DEFINITION_FORMATION('','',#11432);
#11432 = PRODUCT('WIRE_HOOD_SV_4','WIRE_HOOD_SV_4','',(#11433));
#11433 = PRODUCT_CONTEXT('',#2,'mechanical');
#11434 = PRODUCT_DEFINITION_CONTEXT('part definition',#2,'design');
#11435 = ADVANCED_BREP_SHAPE_REPRESENTATION('',(#11,#11436),#11489);
#11436 = MANIFOLD_SOLID_BREP('',#11437);
#11437 = CLOSED_SHELL('',(#11438,#11471,#11480));
#11438 = ADVANCED_FACE('',(#11439),#11466,.T.);
#11439 = FACE_BOUND('',#11440,.F.);
#11440 = EDGE_LOOP('',(#11441,#11451,#11458,#11459));
#11441 = ORIENTED_EDGE('',*,*,#11442,.T.);
#11442 = EDGE_CURVE('',#11443,#11445,#11447,.T.);
#11443 = VERTEX_POINT('',#11444);
#11444 = CARTESIAN_POINT('',(1.,0.,0.));
#11445 = VERTEX_POINT('',#11446);
#11446 = CARTESIAN_POINT('',(1.,0.,17.));
#11447 = LINE('',#11448,#11449);
#11448 = CARTESIAN_POINT('',(1.,-2.4E-16,0.));
#11449 = VECTOR('',#11450,1.);
#11450 = DIRECTION('',(0.,0.,1.));
#11451 = ORIENTED_EDGE('',*,*,#11452,.T.);
#11452 = EDGE_CURVE('',#11445,#11445,#11453,.T.);
#11453 = CIRCLE('',#11454,1.);
#11454 = AXIS2_PLACEMENT_3D('',#11455,#11456,#11457);
#11455 = CARTESIAN_POINT('',(0.,0.,17.));
#11456 = DIRECTION('',(0.,0.,1.));
#11457 = DIRECTION('',(1.,0.,0.));
#11458 = ORIENTED_EDGE('',*,*,#11442,.F.);
#11459 = ORIENTED_EDGE('',*,*,#11460,.F.);
#11460 = EDGE_CURVE('',#11443,#11443,#11461,.T.);
#11461 = CIRCLE('',#11462,1.);
#11462 = AXIS2_PLACEMENT_3D('',#11463,#11464,#11465);
#11463 = CARTESIAN_POINT('',(0.,0.,0.));
#11464 = DIRECTION('',(0.,0.,1.));
#11465 = DIRECTION('',(1.,0.,-0.));
#11466 = CYLINDRICAL_SURFACE('',#11467,1.);
#11467 = AXIS2_PLACEMENT_3D('',#11468,#11469,#11470);
#11468 = CARTESIAN_POINT('',(0.,0.,0.));
#11469 = DIRECTION('',(-0.,-0.,-1.));
#11470 = DIRECTION('',(1.,0.,-0.));
#11471 = ADVANCED_FACE('',(#11472),#11475,.F.);
#11472 = FACE_BOUND('',#11473,.T.);
#11473 = EDGE_LOOP('',(#11474));
#11474 = ORIENTED_EDGE('',*,*,#11460,.F.);
#11475 = PLANE('',#11476);
#11476 = AXIS2_PLACEMENT_3D('',#11477,#11478,#11479);
#11477 = CARTESIAN_POINT('',(0.,0.,0.));
#11478 = DIRECTION('',(0.,0.,1.));
#11479 = DIRECTION('',(1.,0.,-0.));
#11480 = ADVANCED_FACE('',(#11481),#11484,.T.);
#11481 = FACE_BOUND('',#11482,.F.);
#11482 = EDGE_LOOP('',(#11483));
#11483 = ORIENTED_EDGE('',*,*,#11452,.F.);
#11484 = PLANE('',#11485);
#11485 = AXIS2_PLACEMENT_3D('',#11486,#11487,#11488);
#11486 = CARTESIAN_POINT('',(0.,0.,17.));
#11487 = DIRECTION('',(0.,0.,1.));
#11488 = DIRECTION('',(1.,0.,0.));
#11489 = ( GEOMETRIC_REPRESENTATION_CONTEXT(3) 
GLOBAL_UNCERTAINTY_ASSIGNED_CONTEXT((#11493)) 
GLOBAL_UNIT_ASSIGNED_CONTEXT((#11490,#11491,#11492)) 
REPRESENTATION_CONTEXT('Context #1',
  '3D Context with UNIT and UNCERTAINTY') );
#11490 = ( LENGTH_UNIT() NAMED_UNIT(*) SI_UNIT(.MILLI.,.METRE.) );
#11491 = ( NAMED_UNIT(*) PLANE_ANGLE_UNIT() SI_UNIT($,.RADIAN.) );
#11492 = ( NAMED_UNIT(*) SI_UNIT($,.STERADIAN.) SOLID_ANGLE_UNIT() );
#11493 = UNCERTAINTY_MEASURE_WITH_UNIT(LENGTH_MEASURE(1.E-07),#11490,
  'distance_accuracy_value','confusion accuracy');
#11494 = CONTEXT_DEPENDENT_SHAPE_REPRESENTATION(#11495,#11497);
#11495 = ( REPRESENTATION_RELATIONSHIP('','',#11435,#10) 
REPRESENTATION_RELATIONSHIP_WITH_TRANSFORMATION(#11496) 
SHAPE_REPRESENTATION_RELATIONSHIP() );
#11496 = ITEM_DEFINED_TRANSFORMATION('','',#11,#235);
#11497 = PRODUCT_DEFINITION_SHAPE('Placement','Placement of an item',
  #11498);
#11498 = NEXT_ASSEMBLY_USAGE_OCCURRENCE('483','WIRE_HOOD_SV_4','',#5,
  #11430,$);
#11499 = PRODUCT_RELATED_PRODUCT_CATEGORY('part',$,(#11432));
#11500 = SHAPE_DEFINITION_REPRESENTATION(#11501,#11507);
#11501 = PRODUCT_DEFINITION_SHAPE('','',#11502);
#11502 = PRODUCT_DEFINITION('design','',#11503,#11506);
#11503 = PRODUCT_DEFINITION_FORMATION('','',#11504);
#11504 = PRODUCT('WIRE_HOOD_SV_5','WIRE_HOOD_SV_5','',(#11505));
#11505 = PRODUCT_CONTEXT('',#2,'mechanical');
#11506 = PRODUCT_DEFINITION_CONTEXT('part definition',#2,'design');
#11507 = ADVANCED_BREP_SHAPE_REPRESENTATION('',(#11,#11508),#11561);
#11508 = MANIFOLD_SOLID_BREP('',#11509);
#11509 = CLOSED_SHELL('',(#11510,#11543,#11552));
#11510 = ADVANCED_FACE('',(#11511),#11538,.T.);
#11511 = FACE_BOUND('',#11512,.F.);
#11512 = EDGE_LOOP('',(#11513,#11523,#11530,#11531));
#11513 = ORIENTED_EDGE('',*,*,#11514,.T.);
#11514 = EDGE_CURVE('',#11515,#11517,#11519,.T.);
#11515 = VERTEX_POINT('',#11516);
#11516 = CARTESIAN_POINT('',(1.,1.42108547152E-14,0.));
#11517 = VERTEX_POINT('',#11518);
#11518 = CARTESIAN_POINT('',(1.,1.42108547152E-14,14.899664425751));
#11519 = LINE('',#11520,#11521);
#11520 = CARTESIAN_POINT('',(1.,-2.4E-16,0.));
#11521 = VECTOR('',#11522,1.);
#11522 = DIRECTION('',(0.,0.,1.));
#11523 = ORIENTED_EDGE('',*,*,#11524,.T.);
#11524 = EDGE_CURVE('',#11517,#11517,#11525,.T.);
#11525 = CIRCLE('',#11526,1.);
#11526 = AXIS2_PLACEMENT_3D('',#11527,#11528,#11529);
#11527 = CARTESIAN_POINT('',(0.,0.,14.899664425751));
#11528 = DIRECTION('',(0.,0.,1.));
#11529 = DIRECTION('',(1.,0.,0.));
#11530 = ORIENTED_EDGE('',*,*,#11514,.F.);
#11531 = ORIENTED_EDGE('',*,*,#11532,.F.);
#11532 = EDGE_CURVE('',#11515,#11515,#11533,.T.);
#11533 = CIRCLE('',#11534,1.);
#11534 = AXIS2_PLACEMENT_3D('',#11535,#11536,#11537);
#11535 = CARTESIAN_POINT('',(0.,0.,0.));
#11536 = DIRECTION('',(0.,0.,1.));
#11537 = DIRECTION('',(1.,0.,-0.));
#11538 = CYLINDRICAL_SURFACE('',#11539,1.);
#11539 = AXIS2_PLACEMENT_3D('',#11540,#11541,#11542);
#11540 = CARTESIAN_POINT('',(0.,0.,0.));
#11541 = DIRECTION('',(-0.,-0.,-1.));
#11542 = DIRECTION('',(1.,0.,-0.));
#11543 = ADVANCED_FACE('',(#11544),#11547,.F.);
#11544 = FACE_BOUND('',#11545,.T.);
#11545 = EDGE_LOOP('',(#11546));
#11546 = ORIENTED_EDGE('',*,*,#11532,.F.);
#11547 = PLANE('',#11548);
#11548 = AXIS2_PLACEMENT_3D('',#11549,#11550,#11551);
#11549 = CARTESIAN_POINT('',(0.,0.,0.));
#11550 = DIRECTION('',(0.,0.,1.));
#11551 = DIRECTION('',(1.,0.,-0.));
#11552 = ADVANCED_FACE('',(#11553),#11556,.T.);
#11553 = FACE_BOUND('',#11554,.F.);
#11554 = EDGE_LOOP('',(#11555));
#11555 = ORIENTED_EDGE('',*,*,#11524,.F.);
#11556 = PLANE('',#11557);
#11557 = AXIS2_PLACEMENT_3D('',#11558,#11559,#11560);
#11558 = CARTESIAN_POINT('',(0.,0.,14.899664425751));
#11559 = DIRECTION('',(0.,0.,1.));
#11560 = DIRECTION('',(1.,0.,0.));
#11561 = ( GEOMETRIC_REPRESENTATION_CONTEXT(3) 
GLOBAL_UNCERTAINTY_ASSIGNED_CONTEXT((#11565)) 
GLOBAL_UNIT_ASSIGNED_CONTEXT((#11562,#11563,#11564)) 
REPRESENTATION_CONTEXT('Context #1',
  '3D Context with UNIT and UNCERTAINTY') );
#11562 = ( LENGTH_UNIT() NAMED_UNIT(*) SI_UNIT(.MILLI.,.METRE.) );
#11563 = ( NAMED_UNIT(*) PLANE_ANGLE_UNIT() SI_UNIT($,.RADIAN.) );
#11564 = ( NAMED_UNIT(*) SI_UNIT($,.STERADIAN.) SOLID_ANGLE_UNIT() );
#11565 = UNCERTAINTY_MEASURE_WITH_UNIT(LENGTH_MEASURE(1.E-07),#11562,
  'distance_accuracy_value','confusion accuracy');
#11566 = CONTEXT_DEPENDENT_SHAPE_REPRESENTATION(#11567,#11569);
#11567 = ( REPRESENTATION_RELATIONSHIP('','',#11507,#10) 
REPRESENTATION_RELATIONSHIP_WITH_TRANSFORMATION(#11568) 
SHAPE_REPRESENTATION_RELATIONSHIP() );
#11568 = ITEM_DEFINED_TRANSFORMATION('','',#11,#239);
#11569 = PRODUCT_DEFINITION_SHAPE('Placement','Placement of an item',
  #11570);
#11570 = NEXT_ASSEMBLY_USAGE_OCCURRENCE('484','WIRE_HOOD_SV_5','',#5,
  #11502,$);
#11571 = PRODUCT_RELATED_PRODUCT_CATEGORY('part',$,(#11504));
#11572 = SHAPE_DEFINITION_REPRESENTATION(#11573,#11579);
#11573 = PRODUCT_DEFINITION_SHAPE('','',#11574);
#11574 = PRODUCT_DEFINITION('design','',#11575,#11578);
#11575 = PRODUCT_DEFINITION_FORMATION('','',#11576);
#11576 = PRODUCT('WIRE_HOOD_SV_6','WIRE_HOOD_SV_6','',(#11577));
#11577 = PRODUCT_CONTEXT('',#2,'mechanical');
#11578 = PRODUCT_DEFINITION_CONTEXT('part definition',#2,'design');
#11579 = ADVANCED_BREP_SHAPE_REPRESENTATION('',(#11,#11580),#11633);
#11580 = MANIFOLD_SOLID_BREP('',#11581);
#11581 = CLOSED_SHELL('',(#11582,#11615,#11624));
#11582 = ADVANCED_FACE('',(#11583),#11610,.T.);
#11583 = FACE_BOUND('',#11584,.F.);
#11584 = EDGE_LOOP('',(#11585,#11595,#11602,#11603));
#11585 = ORIENTED_EDGE('',*,*,#11586,.T.);
#11586 = EDGE_CURVE('',#11587,#11589,#11591,.T.);
#11587 = VERTEX_POINT('',#11588);
#11588 = CARTESIAN_POINT('',(1.,0.,0.));
#11589 = VERTEX_POINT('',#11590);
#11590 = CARTESIAN_POINT('',(1.,0.,7.280109889281));
#11591 = LINE('',#11592,#11593);
#11592 = CARTESIAN_POINT('',(1.,-2.4E-16,0.));
#11593 = VECTOR('',#11594,1.);
#11594 = DIRECTION('',(0.,0.,1.));
#11595 = ORIENTED_EDGE('',*,*,#11596,.T.);
#11596 = EDGE_CURVE('',#11589,#11589,#11597,.T.);
#11597 = CIRCLE('',#11598,1.);
#11598 = AXIS2_PLACEMENT_3D('',#11599,#11600,#11601);
#11599 = CARTESIAN_POINT('',(0.,0.,7.280109889281));
#11600 = DIRECTION('',(0.,0.,1.));
#11601 = DIRECTION('',(1.,0.,0.));
#11602 = ORIENTED_EDGE('',*,*,#11586,.F.);
#11603 = ORIENTED_EDGE('',*,*,#11604,.F.);
#11604 = EDGE_CURVE('',#11587,#11587,#11605,.T.);
#11605 = CIRCLE('',#11606,1.);
#11606 = AXIS2_PLACEMENT_3D('',#11607,#11608,#11609);
#11607 = CARTESIAN_POINT('',(0.,0.,0.));
#11608 = DIRECTION('',(0.,0.,1.));
#11609 = DIRECTION('',(1.,0.,-0.));
#11610 = CYLINDRICAL_SURFACE('',#11611,1.);
#11611 = AXIS2_PLACEMENT_3D('',#11612,#11613,#11614);
#11612 = CARTESIAN_POINT('',(0.,0.,0.));
#11613 = DIRECTION('',(-0.,-0.,-1.));
#11614 = DIRECTION('',(1.,0.,-0.));
#11615 = ADVANCED_FACE('',(#11616),#11619,.F.);
#11616 = FACE_BOUND('',#11617,.T.);
#11617 = EDGE_LOOP('',(#11618));
#11618 = ORIENTED_EDGE('',*,*,#11604,.F.);
#11619 = PLANE('',#11620);
#11620 = AXIS2_PLACEMENT_3D('',#11621,#11622,#11623);
#11621 = CARTESIAN_POINT('',(0.,0.,0.));
#11622 = DIRECTION('',(0.,0.,1.));
#11623 = DIRECTION('',(1.,0.,-0.));
#11624 = ADVANCED_FACE('',(#11625),#11628,.T.);
#11625 = FACE_BOUND('',#11626,.F.);
#11626 = EDGE_LOOP('',(#11627));
#11627 = ORIENTED_EDGE('',*,*,#11596,.F.);
#11628 = PLANE('',#11629);
#11629 = AXIS2_PLACEMENT_3D('',#11630,#11631,#11632);
#11630 = CARTESIAN_POINT('',(0.,0.,7.280109889281));
#11631 = DIRECTION('',(0.,0.,1.));
#11632 = DIRECTION('',(1.,0.,0.));
#11633 = ( GEOMETRIC_REPRESENTATION_CONTEXT(3) 
GLOBAL_UNCERTAINTY_ASSIGNED_CONTEXT((#11637)) 
GLOBAL_UNIT_ASSIGNED_CONTEXT((#11634,#11635,#11636)) 
REPRESENTATION_CONTEXT('Context #1',
  '3D Context with UNIT and UNCERTAINTY') );
#11634 = ( LENGTH_UNIT() NAMED_UNIT(*) SI_UNIT(.MILLI.,.METRE.) );
#11635 = ( NAMED_UNIT(*) PLANE_ANGLE_UNIT() SI_UNIT($,.RADIAN.) );
#11636 = ( NAMED_UNIT(*) SI_UNIT($,.STERADIAN.) SOLID_ANGLE_UNIT() );
#11637 = UNCERTAINTY_MEASURE_WITH_UNIT(LENGTH_MEASURE(1.E-07),#11634,
  'distance_accuracy_value','confusion accuracy');
#11638 = CONTEXT_DEPENDENT_SHAPE_REPRESENTATION(#11639,#11641);
#11639 = ( REPRESENTATION_RELATIONSHIP('','',#11579,#10) 
REPRESENTATION_RELATIONSHIP_WITH_TRANSFORMATION(#11640) 
SHAPE_REPRESENTATION_RELATIONSHIP() );
#11640 = ITEM_DEFINED_TRANSFORMATION('','',#11,#243);
#11641 = PRODUCT_DEFINITION_SHAPE('Placement','Placement of an item',
  #11642);
#11642 = NEXT_ASSEMBLY_USAGE_OCCURRENCE('485','WIRE_HOOD_SV_6','',#5,
  #11574,$);
#11643 = PRODUCT_RELATED_PRODUCT_CATEGORY('part',$,(#11576));
#11644 = SHAPE_DEFINITION_REPRESENTATION(#11645,#11651);
#11645 = PRODUCT_DEFINITION_SHAPE('','',#11646);
#11646 = PRODUCT_DEFINITION('design','',#11647,#11650);
#11647 = PRODUCT_DEFINITION_FORMATION('','',#11648);
#11648 = PRODUCT('WIRE_CAM_USB_0','WIRE_CAM_USB_0','',(#11649));
#11649 = PRODUCT_CONTEXT('',#2,'mechanical');
#11650 = PRODUCT_DEFINITION_CONTEXT('part definition',#2,'design');
#11651 = ADVANCED_BREP_SHAPE_REPRESENTATION('',(#11,#11652),#11801);
#11652 = MANIFOLD_SOLID_BREP('',#11653);
#11653 = CLOSED_SHELL('',(#11654,#11714,#11723,#11739,#11781,#11792));
#11654 = ADVANCED_FACE('',(#11655),#11709,.T.);
#11655 = FACE_BOUND('',#11656,.F.);
#11656 = EDGE_LOOP('',(#11657,#11666,#11674,#11683,#11692,#11701,#11708)
  );
#11657 = ORIENTED_EDGE('',*,*,#11658,.F.);
#11658 = EDGE_CURVE('',#11659,#11659,#11661,.T.);
#11659 = VERTEX_POINT('',#11660);
#11660 = CARTESIAN_POINT('',(-7.079815808731,-0.847423105068,
    288.82772890195));
#11661 = CIRCLE('',#11662,1.5);
#11662 = AXIS2_PLACEMENT_3D('',#11663,#11664,#11665);
#11663 = CARTESIAN_POINT('',(-8.,0.,288.));
#11664 = DIRECTION('',(-0.551819267971,-0.806505083958,-0.212238179989)
  );
#11665 = DIRECTION('',(0.613456127513,-0.564948736712,0.551819267971));
#11666 = ORIENTED_EDGE('',*,*,#11667,.T.);
#11667 = EDGE_CURVE('',#11659,#11668,#11670,.T.);
#11668 = VERTEX_POINT('',#11669);
#11669 = CARTESIAN_POINT('',(-33.07981580873,-38.84742310506,
    278.82772890195));
#11670 = LINE('',#11671,#11672);
#11671 = CARTESIAN_POINT('',(-7.079815808731,-0.847423105068,
    288.82772890195));
#11672 = VECTOR('',#11673,1.);
#11673 = DIRECTION('',(-0.551819267971,-0.806505083958,-0.212238179989)
  );
#11674 = ORIENTED_EDGE('',*,*,#11675,.T.);
#11675 = EDGE_CURVE('',#11668,#11676,#11678,.T.);
#11676 = VERTEX_POINT('',#11677);
#11677 = CARTESIAN_POINT('',(-34.43287181602,-38.0811634655,
    279.43388789058));
#11678 = CIRCLE('',#11679,1.5);
#11679 = AXIS2_PLACEMENT_3D('',#11680,#11681,#11682);
#11680 = CARTESIAN_POINT('',(-34.,-38.,278.));
#11681 = DIRECTION('',(-0.551819267971,-0.806505083958,-0.212238179989)
  );
#11682 = DIRECTION('',(0.613456127513,-0.564948736712,0.551819267971));
#11683 = ORIENTED_EDGE('',*,*,#11684,.F.);
#11684 = EDGE_CURVE('',#11685,#11676,#11687,.T.);
#11685 = VERTEX_POINT('',#11686);
#11686 = CARTESIAN_POINT('',(-34.98230076659,-36.83719658664,
    277.76927543348));
#11687 = ELLIPSE('',#11688,1.539565003416,1.5);
#11688 = AXIS2_PLACEMENT_3D('',#11689,#11690,#11691);
#11689 = CARTESIAN_POINT('',(-34.,-38.,278.));
#11690 = DIRECTION('',(0.713882741545,0.653164295494,0.252483334928));
#11691 = DIRECTION('',(-0.638037864209,0.755280492069,-0.149863478323));
#11692 = ORIENTED_EDGE('',*,*,#11693,.F.);
#11693 = EDGE_CURVE('',#11694,#11685,#11696,.T.);
#11694 = VERTEX_POINT('',#11695);
#11695 = CARTESIAN_POINT('',(-33.56712818397,-37.91883653449,
    276.56611210941));
#11696 = ELLIPSE('',#11697,1.539565003416,1.5);
#11697 = AXIS2_PLACEMENT_3D('',#11698,#11699,#11700);
#11698 = CARTESIAN_POINT('',(-34.,-38.,278.));
#11699 = DIRECTION('',(0.713882741545,0.653164295494,0.252483334928));
#11700 = DIRECTION('',(-0.638037864209,0.755280492069,-0.149863478323));
#11701 = ORIENTED_EDGE('',*,*,#11702,.T.);
#11702 = EDGE_CURVE('',#11694,#11668,#11703,.T.);
#11703 = CIRCLE('',#11704,1.5);
#11704 = AXIS2_PLACEMENT_3D('',#11705,#11706,#11707);
#11705 = CARTESIAN_POINT('',(-34.,-38.,278.));
#11706 = DIRECTION('',(-0.551819267971,-0.806505083958,-0.212238179989)
  );
#11707 = DIRECTION('',(0.613456127513,-0.564948736712,0.551819267971));
#11708 = ORIENTED_EDGE('',*,*,#11667,.F.);
#11709 = CYLINDRICAL_SURFACE('',#11710,1.5);
#11710 = AXIS2_PLACEMENT_3D('',#11711,#11712,#11713);
#11711 = CARTESIAN_POINT('',(-8.,0.,288.));
#11712 = DIRECTION('',(0.551819267971,0.806505083958,0.212238179989));
#11713 = DIRECTION('',(0.613456127513,-0.564948736712,0.551819267971));
#11714 = ADVANCED_FACE('',(#11715),#11718,.F.);
#11715 = FACE_BOUND('',#11716,.T.);
#11716 = EDGE_LOOP('',(#11717));
#11717 = ORIENTED_EDGE('',*,*,#11658,.F.);
#11718 = PLANE('',#11719);
#11719 = AXIS2_PLACEMENT_3D('',#11720,#11721,#11722);
#11720 = CARTESIAN_POINT('',(-8.,0.,288.));
#11721 = DIRECTION('',(-0.551819267971,-0.806505083958,-0.212238179989)
  );
#11722 = DIRECTION('',(0.613456127513,-0.564948736712,0.551819267971));
#11723 = ADVANCED_FACE('',(#11724),#11734,.T.);
#11724 = FACE_BOUND('',#11725,.T.);
#11725 = EDGE_LOOP('',(#11726,#11727,#11728));
#11726 = ORIENTED_EDGE('',*,*,#11702,.T.);
#11727 = ORIENTED_EDGE('',*,*,#11675,.T.);
#11728 = ORIENTED_EDGE('',*,*,#11729,.T.);
#11729 = EDGE_CURVE('',#11676,#11694,#11730,.T.);
#11730 = LINE('',#11731,#11732);
#11731 = CARTESIAN_POINT('',(-34.,-38.,278.));
#11732 = VECTOR('',#11733,1.);
#11733 = DIRECTION('',(0.288581210683,5.410897700311E-02,-0.955925260388
    ));
#11734 = PLANE('',#11735);
#11735 = AXIS2_PLACEMENT_3D('',#11736,#11737,#11738);
#11736 = CARTESIAN_POINT('',(-34.,-38.,278.));
#11737 = DIRECTION('',(-0.551819267971,-0.806505083958,-0.212238179989)
  );
#11738 = DIRECTION('',(0.613456127513,-0.564948736712,0.551819267971));
#11739 = ADVANCED_FACE('',(#11740),#11776,.T.);
#11740 = FACE_BOUND('',#11741,.F.);
#11741 = EDGE_LOOP('',(#11742,#11751,#11759,#11766,#11767,#11774,#11775)
  );
#11742 = ORIENTED_EDGE('',*,*,#11743,.F.);
#11743 = EDGE_CURVE('',#11744,#11676,#11746,.T.);
#11744 = VERTEX_POINT('',#11745);
#11745 = CARTESIAN_POINT('',(-33.96688490811,-38.81493606006,
    279.25888149112));
#11746 = CIRCLE('',#11747,1.5);
#11747 = AXIS2_PLACEMENT_3D('',#11748,#11749,#11750);
#11748 = CARTESIAN_POINT('',(-34.,-38.,278.));
#11749 = DIRECTION('',(-0.839254327416,-0.46625240412,-0.279751442472));
#11750 = DIRECTION('',(2.207672792227E-02,-0.54329070671,0.839254327416)
  );
#11751 = ORIENTED_EDGE('',*,*,#11752,.T.);
#11752 = EDGE_CURVE('',#11744,#11753,#11755,.T.);
#11753 = VERTEX_POINT('',#11754);
#11754 = CARTESIAN_POINT('',(-51.96688490811,-48.81493606006,
    273.25888149112));
#11755 = LINE('',#11756,#11757);
#11756 = CARTESIAN_POINT('',(-33.96688490811,-38.81493606006,
    279.25888149112));
#11757 = VECTOR('',#11758,1.);
#11758 = DIRECTION('',(-0.839254327416,-0.46625240412,-0.279751442472));
#11759 = ORIENTED_EDGE('',*,*,#11760,.T.);
#11760 = EDGE_CURVE('',#11753,#11753,#11761,.T.);
#11761 = CIRCLE('',#11762,1.5);
#11762 = AXIS2_PLACEMENT_3D('',#11763,#11764,#11765);
#11763 = CARTESIAN_POINT('',(-52.,-48.,272.));
#11764 = DIRECTION('',(-0.839254327416,-0.46625240412,-0.279751442472));
#11765 = DIRECTION('',(2.207672792227E-02,-0.54329070671,0.839254327416)
  );
#11766 = ORIENTED_EDGE('',*,*,#11752,.F.);
#11767 = ORIENTED_EDGE('',*,*,#11768,.F.);
#11768 = EDGE_CURVE('',#11694,#11744,#11769,.T.);
#11769 = CIRCLE('',#11770,1.5);
#11770 = AXIS2_PLACEMENT_3D('',#11771,#11772,#11773);
#11771 = CARTESIAN_POINT('',(-34.,-38.,278.));
#11772 = DIRECTION('',(-0.839254327416,-0.46625240412,-0.279751442472));
#11773 = DIRECTION('',(2.207672792227E-02,-0.54329070671,0.839254327416)
  );
#11774 = ORIENTED_EDGE('',*,*,#11693,.T.);
#11775 = ORIENTED_EDGE('',*,*,#11684,.T.);
#11776 = CYLINDRICAL_SURFACE('',#11777,1.5);
#11777 = AXIS2_PLACEMENT_3D('',#11778,#11779,#11780);
#11778 = CARTESIAN_POINT('',(-34.,-38.,278.));
#11779 = DIRECTION('',(0.839254327416,0.46625240412,0.279751442472));
#11780 = DIRECTION('',(2.207672792227E-02,-0.54329070671,0.839254327416)
  );
#11781 = ADVANCED_FACE('',(#11782),#11787,.F.);
#11782 = FACE_BOUND('',#11783,.F.);
#11783 = EDGE_LOOP('',(#11784,#11785,#11786));
#11784 = ORIENTED_EDGE('',*,*,#11768,.T.);
#11785 = ORIENTED_EDGE('',*,*,#11743,.T.);
#11786 = ORIENTED_EDGE('',*,*,#11729,.T.);
#11787 = PLANE('',#11788);
#11788 = AXIS2_PLACEMENT_3D('',#11789,#11790,#11791);
#11789 = CARTESIAN_POINT('',(-34.,-38.,278.));
#11790 = DIRECTION('',(-0.839254327416,-0.46625240412,-0.279751442472));
#11791 = DIRECTION('',(2.207672792227E-02,-0.54329070671,0.839254327416)
  );
#11792 = ADVANCED_FACE('',(#11793),#11796,.T.);
#11793 = FACE_BOUND('',#11794,.F.);
#11794 = EDGE_LOOP('',(#11795));
#11795 = ORIENTED_EDGE('',*,*,#11760,.F.);
#11796 = PLANE('',#11797);
#11797 = AXIS2_PLACEMENT_3D('',#11798,#11799,#11800);
#11798 = CARTESIAN_POINT('',(-52.,-48.,272.));
#11799 = DIRECTION('',(-0.839254327416,-0.46625240412,-0.279751442472));
#11800 = DIRECTION('',(2.207672792227E-02,-0.54329070671,0.839254327416)
  );
#11801 = ( GEOMETRIC_REPRESENTATION_CONTEXT(3) 
GLOBAL_UNCERTAINTY_ASSIGNED_CONTEXT((#11805)) 
GLOBAL_UNIT_ASSIGNED_CONTEXT((#11802,#11803,#11804)) 
REPRESENTATION_CONTEXT('Context #1',
  '3D Context with UNIT and UNCERTAINTY') );
#11802 = ( LENGTH_UNIT() NAMED_UNIT(*) SI_UNIT(.MILLI.,.METRE.) );
#11803 = ( NAMED_UNIT(*) PLANE_ANGLE_UNIT() SI_UNIT($,.RADIAN.) );
#11804 = ( NAMED_UNIT(*) SI_UNIT($,.STERADIAN.) SOLID_ANGLE_UNIT() );
#11805 = UNCERTAINTY_MEASURE_WITH_UNIT(LENGTH_MEASURE(2.E-05),#11802,
  'distance_accuracy_value','confusion accuracy');
#11806 = CONTEXT_DEPENDENT_SHAPE_REPRESENTATION(#11807,#11809);
#11807 = ( REPRESENTATION_RELATIONSHIP('','',#11651,#10) 
REPRESENTATION_RELATIONSHIP_WITH_TRANSFORMATION(#11808) 
SHAPE_REPRESENTATION_RELATIONSHIP() );
#11808 = ITEM_DEFINED_TRANSFORMATION('','',#11,#247);
#11809 = PRODUCT_DEFINITION_SHAPE('Placement','Placement of an item',
  #11810);
#11810 = NEXT_ASSEMBLY_USAGE_OCCURRENCE('486','WIRE_CAM_USB_0','',#5,
  #11646,$);
#11811 = PRODUCT_RELATED_PRODUCT_CATEGORY('part',$,(#11648));
#11812 = SHAPE_DEFINITION_REPRESENTATION(#11813,#11819);
#11813 = PRODUCT_DEFINITION_SHAPE('','',#11814);
#11814 = PRODUCT_DEFINITION('design','',#11815,#11818);
#11815 = PRODUCT_DEFINITION_FORMATION('','',#11816);
#11816 = PRODUCT('WIRE_CAM_USB_1','WIRE_CAM_USB_1','',(#11817));
#11817 = PRODUCT_CONTEXT('',#2,'mechanical');
#11818 = PRODUCT_DEFINITION_CONTEXT('part definition',#2,'design');
#11819 = ADVANCED_BREP_SHAPE_REPRESENTATION('',(#11,#11820),#11873);
#11820 = MANIFOLD_SOLID_BREP('',#11821);
#11821 = CLOSED_SHELL('',(#11822,#11855,#11864));
#11822 = ADVANCED_FACE('',(#11823),#11850,.T.);
#11823 = FACE_BOUND('',#11824,.F.);
#11824 = EDGE_LOOP('',(#11825,#11835,#11842,#11843));
#11825 = ORIENTED_EDGE('',*,*,#11826,.T.);
#11826 = EDGE_CURVE('',#11827,#11829,#11831,.T.);
#11827 = VERTEX_POINT('',#11828);
#11828 = CARTESIAN_POINT('',(1.5,0.,0.));
#11829 = VERTEX_POINT('',#11830);
#11830 = CARTESIAN_POINT('',(1.5,0.,10.));
#11831 = LINE('',#11832,#11833);
#11832 = CARTESIAN_POINT('',(1.5,-3.7E-16,0.));
#11833 = VECTOR('',#11834,1.);
#11834 = DIRECTION('',(0.,0.,1.));
#11835 = ORIENTED_EDGE('',*,*,#11836,.T.);
#11836 = EDGE_CURVE('',#11829,#11829,#11837,.T.);
#11837 = CIRCLE('',#11838,1.5);
#11838 = AXIS2_PLACEMENT_3D('',#11839,#11840,#11841);
#11839 = CARTESIAN_POINT('',(0.,0.,10.));
#11840 = DIRECTION('',(0.,0.,1.));
#11841 = DIRECTION('',(1.,0.,0.));
#11842 = ORIENTED_EDGE('',*,*,#11826,.F.);
#11843 = ORIENTED_EDGE('',*,*,#11844,.F.);
#11844 = EDGE_CURVE('',#11827,#11827,#11845,.T.);
#11845 = CIRCLE('',#11846,1.5);
#11846 = AXIS2_PLACEMENT_3D('',#11847,#11848,#11849);
#11847 = CARTESIAN_POINT('',(0.,0.,0.));
#11848 = DIRECTION('',(0.,0.,1.));
#11849 = DIRECTION('',(1.,0.,-0.));
#11850 = CYLINDRICAL_SURFACE('',#11851,1.5);
#11851 = AXIS2_PLACEMENT_3D('',#11852,#11853,#11854);
#11852 = CARTESIAN_POINT('',(0.,0.,0.));
#11853 = DIRECTION('',(-0.,-0.,-1.));
#11854 = DIRECTION('',(1.,0.,-0.));
#11855 = ADVANCED_FACE('',(#11856),#11859,.F.);
#11856 = FACE_BOUND('',#11857,.T.);
#11857 = EDGE_LOOP('',(#11858));
#11858 = ORIENTED_EDGE('',*,*,#11844,.F.);
#11859 = PLANE('',#11860);
#11860 = AXIS2_PLACEMENT_3D('',#11861,#11862,#11863);
#11861 = CARTESIAN_POINT('',(0.,0.,0.));
#11862 = DIRECTION('',(0.,0.,1.));
#11863 = DIRECTION('',(1.,0.,-0.));
#11864 = ADVANCED_FACE('',(#11865),#11868,.T.);
#11865 = FACE_BOUND('',#11866,.F.);
#11866 = EDGE_LOOP('',(#11867));
#11867 = ORIENTED_EDGE('',*,*,#11836,.F.);
#11868 = PLANE('',#11869);
#11869 = AXIS2_PLACEMENT_3D('',#11870,#11871,#11872);
#11870 = CARTESIAN_POINT('',(0.,0.,10.));
#11871 = DIRECTION('',(0.,0.,1.));
#11872 = DIRECTION('',(1.,0.,0.));
#11873 = ( GEOMETRIC_REPRESENTATION_CONTEXT(3) 
GLOBAL_UNCERTAINTY_ASSIGNED_CONTEXT((#11877)) 
GLOBAL_UNIT_ASSIGNED_CONTEXT((#11874,#11875,#11876)) 
REPRESENTATION_CONTEXT('Context #1',
  '3D Context with UNIT and UNCERTAINTY') );
#11874 = ( LENGTH_UNIT() NAMED_UNIT(*) SI_UNIT(.MILLI.,.METRE.) );
#11875 = ( NAMED_UNIT(*) PLANE_ANGLE_UNIT() SI_UNIT($,.RADIAN.) );
#11876 = ( NAMED_UNIT(*) SI_UNIT($,.STERADIAN.) SOLID_ANGLE_UNIT() );
#11877 = UNCERTAINTY_MEASURE_WITH_UNIT(LENGTH_MEASURE(1.E-07),#11874,
  'distance_accuracy_value','confusion accuracy');
#11878 = CONTEXT_DEPENDENT_SHAPE_REPRESENTATION(#11879,#11881);
#11879 = ( REPRESENTATION_RELATIONSHIP('','',#11819,#10) 
REPRESENTATION_RELATIONSHIP_WITH_TRANSFORMATION(#11880) 
SHAPE_REPRESENTATION_RELATIONSHIP() );
#11880 = ITEM_DEFINED_TRANSFORMATION('','',#11,#251);
#11881 = PRODUCT_DEFINITION_SHAPE('Placement','Placement of an item',
  #11882);
#11882 = NEXT_ASSEMBLY_USAGE_OCCURRENCE('487','WIRE_CAM_USB_1','',#5,
  #11814,$);
#11883 = PRODUCT_RELATED_PRODUCT_CATEGORY('part',$,(#11816));
#11884 = SHAPE_DEFINITION_REPRESENTATION(#11885,#11891);
#11885 = PRODUCT_DEFINITION_SHAPE('','',#11886);
#11886 = PRODUCT_DEFINITION('design','',#11887,#11890);
#11887 = PRODUCT_DEFINITION_FORMATION('','',#11888);
#11888 = PRODUCT('WIRE_CAM_USB_2','WIRE_CAM_USB_2','',(#11889));
#11889 = PRODUCT_CONTEXT('',#2,'mechanical');
#11890 = PRODUCT_DEFINITION_CONTEXT('part definition',#2,'design');
#11891 = ADVANCED_BREP_SHAPE_REPRESENTATION('',(#11,#11892),#11945);
#11892 = MANIFOLD_SOLID_BREP('',#11893);
#11893 = CLOSED_SHELL('',(#11894,#11927,#11936));
#11894 = ADVANCED_FACE('',(#11895),#11922,.T.);
#11895 = FACE_BOUND('',#11896,.F.);
#11896 = EDGE_LOOP('',(#11897,#11907,#11914,#11915));
#11897 = ORIENTED_EDGE('',*,*,#11898,.T.);
#11898 = EDGE_CURVE('',#11899,#11901,#11903,.T.);
#11899 = VERTEX_POINT('',#11900);
#11900 = CARTESIAN_POINT('',(1.5,0.,0.));
#11901 = VERTEX_POINT('',#11902);
#11902 = CARTESIAN_POINT('',(1.5,0.,61.051208014256));
#11903 = LINE('',#11904,#11905);
#11904 = CARTESIAN_POINT('',(1.5,-3.7E-16,0.));
#11905 = VECTOR('',#11906,1.);
#11906 = DIRECTION('',(0.,0.,1.));
#11907 = ORIENTED_EDGE('',*,*,#11908,.T.);
#11908 = EDGE_CURVE('',#11901,#11901,#11909,.T.);
#11909 = CIRCLE('',#11910,1.5);
#11910 = AXIS2_PLACEMENT_3D('',#11911,#11912,#11913);
#11911 = CARTESIAN_POINT('',(0.,0.,61.051208014256));
#11912 = DIRECTION('',(0.,0.,1.));
#11913 = DIRECTION('',(1.,0.,0.));
#11914 = ORIENTED_EDGE('',*,*,#11898,.F.);
#11915 = ORIENTED_EDGE('',*,*,#11916,.F.);
#11916 = EDGE_CURVE('',#11899,#11899,#11917,.T.);
#11917 = CIRCLE('',#11918,1.5);
#11918 = AXIS2_PLACEMENT_3D('',#11919,#11920,#11921);
#11919 = CARTESIAN_POINT('',(0.,0.,0.));
#11920 = DIRECTION('',(0.,0.,1.));
#11921 = DIRECTION('',(1.,0.,-0.));
#11922 = CYLINDRICAL_SURFACE('',#11923,1.5);
#11923 = AXIS2_PLACEMENT_3D('',#11924,#11925,#11926);
#11924 = CARTESIAN_POINT('',(0.,0.,0.));
#11925 = DIRECTION('',(-0.,-0.,-1.));
#11926 = DIRECTION('',(1.,0.,-0.));
#11927 = ADVANCED_FACE('',(#11928),#11931,.F.);
#11928 = FACE_BOUND('',#11929,.T.);
#11929 = EDGE_LOOP('',(#11930));
#11930 = ORIENTED_EDGE('',*,*,#11916,.F.);
#11931 = PLANE('',#11932);
#11932 = AXIS2_PLACEMENT_3D('',#11933,#11934,#11935);
#11933 = CARTESIAN_POINT('',(0.,0.,0.));
#11934 = DIRECTION('',(0.,0.,1.));
#11935 = DIRECTION('',(1.,0.,-0.));
#11936 = ADVANCED_FACE('',(#11937),#11940,.T.);
#11937 = FACE_BOUND('',#11938,.F.);
#11938 = EDGE_LOOP('',(#11939));
#11939 = ORIENTED_EDGE('',*,*,#11908,.F.);
#11940 = PLANE('',#11941);
#11941 = AXIS2_PLACEMENT_3D('',#11942,#11943,#11944);
#11942 = CARTESIAN_POINT('',(0.,0.,61.051208014256));
#11943 = DIRECTION('',(0.,0.,1.));
#11944 = DIRECTION('',(1.,0.,0.));
#11945 = ( GEOMETRIC_REPRESENTATION_CONTEXT(3) 
GLOBAL_UNCERTAINTY_ASSIGNED_CONTEXT((#11949)) 
GLOBAL_UNIT_ASSIGNED_CONTEXT((#11946,#11947,#11948)) 
REPRESENTATION_CONTEXT('Context #1',
  '3D Context with UNIT and UNCERTAINTY') );
#11946 = ( LENGTH_UNIT() NAMED_UNIT(*) SI_UNIT(.MILLI.,.METRE.) );
#11947 = ( NAMED_UNIT(*) PLANE_ANGLE_UNIT() SI_UNIT($,.RADIAN.) );
#11948 = ( NAMED_UNIT(*) SI_UNIT($,.STERADIAN.) SOLID_ANGLE_UNIT() );
#11949 = UNCERTAINTY_MEASURE_WITH_UNIT(LENGTH_MEASURE(1.E-07),#11946,
  'distance_accuracy_value','confusion accuracy');
#11950 = CONTEXT_DEPENDENT_SHAPE_REPRESENTATION(#11951,#11953);
#11951 = ( REPRESENTATION_RELATIONSHIP('','',#11891,#10) 
REPRESENTATION_RELATIONSHIP_WITH_TRANSFORMATION(#11952) 
SHAPE_REPRESENTATION_RELATIONSHIP() );
#11952 = ITEM_DEFINED_TRANSFORMATION('','',#11,#255);
#11953 = PRODUCT_DEFINITION_SHAPE('Placement','Placement of an item',
  #11954);
#11954 = NEXT_ASSEMBLY_USAGE_OCCURRENCE('488','WIRE_CAM_USB_2','',#5,
  #11886,$);
#11955 = PRODUCT_RELATED_PRODUCT_CATEGORY('part',$,(#11888));
#11956 = SHAPE_DEFINITION_REPRESENTATION(#11957,#11963);
#11957 = PRODUCT_DEFINITION_SHAPE('','',#11958);
#11958 = PRODUCT_DEFINITION('design','',#11959,#11962);
#11959 = PRODUCT_DEFINITION_FORMATION('','',#11960);
#11960 = PRODUCT('WIRE_CAM_USB_3','WIRE_CAM_USB_3','',(#11961));
#11961 = PRODUCT_CONTEXT('',#2,'mechanical');
#11962 = PRODUCT_DEFINITION_CONTEXT('part definition',#2,'design');
#11963 = ADVANCED_BREP_SHAPE_REPRESENTATION('',(#11,#11964),#12017);
#11964 = MANIFOLD_SOLID_BREP('',#11965);
#11965 = CLOSED_SHELL('',(#11966,#11999,#12008));
#11966 = ADVANCED_FACE('',(#11967),#11994,.T.);
#11967 = FACE_BOUND('',#11968,.F.);
#11968 = EDGE_LOOP('',(#11969,#11979,#11986,#11987));
#11969 = ORIENTED_EDGE('',*,*,#11970,.T.);
#11970 = EDGE_CURVE('',#11971,#11973,#11975,.T.);
#11971 = VERTEX_POINT('',#11972);
#11972 = CARTESIAN_POINT('',(1.5,0.,-1.42108547152E-14));
#11973 = VERTEX_POINT('',#11974);
#11974 = CARTESIAN_POINT('',(1.5,0.,11.543396380615));
#11975 = LINE('',#11976,#11977);
#11976 = CARTESIAN_POINT('',(1.5,-3.7E-16,0.));
#11977 = VECTOR('',#11978,1.);
#11978 = DIRECTION('',(0.,0.,1.));
#11979 = ORIENTED_EDGE('',*,*,#11980,.T.);
#11980 = EDGE_CURVE('',#11973,#11973,#11981,.T.);
#11981 = CIRCLE('',#11982,1.5);
#11982 = AXIS2_PLACEMENT_3D('',#11983,#11984,#11985);
#11983 = CARTESIAN_POINT('',(0.,0.,11.543396380615));
#11984 = DIRECTION('',(0.,0.,1.));
#11985 = DIRECTION('',(1.,0.,0.));
#11986 = ORIENTED_EDGE('',*,*,#11970,.F.);
#11987 = ORIENTED_EDGE('',*,*,#11988,.F.);
#11988 = EDGE_CURVE('',#11971,#11971,#11989,.T.);
#11989 = CIRCLE('',#11990,1.5);
#11990 = AXIS2_PLACEMENT_3D('',#11991,#11992,#11993);
#11991 = CARTESIAN_POINT('',(0.,0.,0.));
#11992 = DIRECTION('',(0.,0.,1.));
#11993 = DIRECTION('',(1.,0.,-0.));
#11994 = CYLINDRICAL_SURFACE('',#11995,1.5);
#11995 = AXIS2_PLACEMENT_3D('',#11996,#11997,#11998);
#11996 = CARTESIAN_POINT('',(0.,0.,0.));
#11997 = DIRECTION('',(-0.,-0.,-1.));
#11998 = DIRECTION('',(1.,0.,-0.));
#11999 = ADVANCED_FACE('',(#12000),#12003,.F.);
#12000 = FACE_BOUND('',#12001,.T.);
#12001 = EDGE_LOOP('',(#12002));
#12002 = ORIENTED_EDGE('',*,*,#11988,.F.);
#12003 = PLANE('',#12004);
#12004 = AXIS2_PLACEMENT_3D('',#12005,#12006,#12007);
#12005 = CARTESIAN_POINT('',(0.,0.,0.));
#12006 = DIRECTION('',(0.,0.,1.));
#12007 = DIRECTION('',(1.,0.,-0.));
#12008 = ADVANCED_FACE('',(#12009),#12012,.T.);
#12009 = FACE_BOUND('',#12010,.F.);
#12010 = EDGE_LOOP('',(#12011));
#12011 = ORIENTED_EDGE('',*,*,#11980,.F.);
#12012 = PLANE('',#12013);
#12013 = AXIS2_PLACEMENT_3D('',#12014,#12015,#12016);
#12014 = CARTESIAN_POINT('',(0.,0.,11.543396380615));
#12015 = DIRECTION('',(0.,0.,1.));
#12016 = DIRECTION('',(1.,0.,0.));
#12017 = ( GEOMETRIC_REPRESENTATION_CONTEXT(3) 
GLOBAL_UNCERTAINTY_ASSIGNED_CONTEXT((#12021)) 
GLOBAL_UNIT_ASSIGNED_CONTEXT((#12018,#12019,#12020)) 
REPRESENTATION_CONTEXT('Context #1',
  '3D Context with UNIT and UNCERTAINTY') );
#12018 = ( LENGTH_UNIT() NAMED_UNIT(*) SI_UNIT(.MILLI.,.METRE.) );
#12019 = ( NAMED_UNIT(*) PLANE_ANGLE_UNIT() SI_UNIT($,.RADIAN.) );
#12020 = ( NAMED_UNIT(*) SI_UNIT($,.STERADIAN.) SOLID_ANGLE_UNIT() );
#12021 = UNCERTAINTY_MEASURE_WITH_UNIT(LENGTH_MEASURE(1.E-07),#12018,
  'distance_accuracy_value','confusion accuracy');
#12022 = CONTEXT_DEPENDENT_SHAPE_REPRESENTATION(#12023,#12025);
#12023 = ( REPRESENTATION_RELATIONSHIP('','',#11963,#10) 
REPRESENTATION_RELATIONSHIP_WITH_TRANSFORMATION(#12024) 
SHAPE_REPRESENTATION_RELATIONSHIP() );
#12024 = ITEM_DEFINED_TRANSFORMATION('','',#11,#259);
#12025 = PRODUCT_DEFINITION_SHAPE('Placement','Placement of an item',
  #12026);
#12026 = NEXT_ASSEMBLY_USAGE_OCCURRENCE('489','WIRE_CAM_USB_3','',#5,
  #11958,$);
#12027 = PRODUCT_RELATED_PRODUCT_CATEGORY('part',$,(#11960));
#12028 = SHAPE_DEFINITION_REPRESENTATION(#12029,#12035);
#12029 = PRODUCT_DEFINITION_SHAPE('','',#12030);
#12030 = PRODUCT_DEFINITION('design','',#12031,#12034);
#12031 = PRODUCT_DEFINITION_FORMATION('','',#12032);
#12032 = PRODUCT('WIRE_CAM_USB_4','WIRE_CAM_USB_4','',(#12033));
#12033 = PRODUCT_CONTEXT('',#2,'mechanical');
#12034 = PRODUCT_DEFINITION_CONTEXT('part definition',#2,'design');
#12035 = ADVANCED_BREP_SHAPE_REPRESENTATION('',(#11,#12036),#12089);
#12036 = MANIFOLD_SOLID_BREP('',#12037);
#12037 = CLOSED_SHELL('',(#12038,#12071,#12080));
#12038 = ADVANCED_FACE('',(#12039),#12066,.T.);
#12039 = FACE_BOUND('',#12040,.F.);
#12040 = EDGE_LOOP('',(#12041,#12051,#12058,#12059));
#12041 = ORIENTED_EDGE('',*,*,#12042,.T.);
#12042 = EDGE_CURVE('',#12043,#12045,#12047,.T.);
#12043 = VERTEX_POINT('',#12044);
#12044 = CARTESIAN_POINT('',(1.5,0.,0.));
#12045 = VERTEX_POINT('',#12046);
#12046 = CARTESIAN_POINT('',(1.5,0.,17.));
#12047 = LINE('',#12048,#12049);
#12048 = CARTESIAN_POINT('',(1.5,-3.7E-16,0.));
#12049 = VECTOR('',#12050,1.);
#12050 = DIRECTION('',(0.,0.,1.));
#12051 = ORIENTED_EDGE('',*,*,#12052,.T.);
#12052 = EDGE_CURVE('',#12045,#12045,#12053,.T.);
#12053 = CIRCLE('',#12054,1.5);
#12054 = AXIS2_PLACEMENT_3D('',#12055,#12056,#12057);
#12055 = CARTESIAN_POINT('',(0.,0.,17.));
#12056 = DIRECTION('',(0.,0.,1.));
#12057 = DIRECTION('',(1.,0.,0.));
#12058 = ORIENTED_EDGE('',*,*,#12042,.F.);
#12059 = ORIENTED_EDGE('',*,*,#12060,.F.);
#12060 = EDGE_CURVE('',#12043,#12043,#12061,.T.);
#12061 = CIRCLE('',#12062,1.5);
#12062 = AXIS2_PLACEMENT_3D('',#12063,#12064,#12065);
#12063 = CARTESIAN_POINT('',(0.,0.,0.));
#12064 = DIRECTION('',(0.,0.,1.));
#12065 = DIRECTION('',(1.,0.,-0.));
#12066 = CYLINDRICAL_SURFACE('',#12067,1.5);
#12067 = AXIS2_PLACEMENT_3D('',#12068,#12069,#12070);
#12068 = CARTESIAN_POINT('',(0.,0.,0.));
#12069 = DIRECTION('',(-0.,-0.,-1.));
#12070 = DIRECTION('',(1.,0.,-0.));
#12071 = ADVANCED_FACE('',(#12072),#12075,.F.);
#12072 = FACE_BOUND('',#12073,.T.);
#12073 = EDGE_LOOP('',(#12074));
#12074 = ORIENTED_EDGE('',*,*,#12060,.F.);
#12075 = PLANE('',#12076);
#12076 = AXIS2_PLACEMENT_3D('',#12077,#12078,#12079);
#12077 = CARTESIAN_POINT('',(0.,0.,0.));
#12078 = DIRECTION('',(0.,0.,1.));
#12079 = DIRECTION('',(1.,0.,-0.));
#12080 = ADVANCED_FACE('',(#12081),#12084,.T.);
#12081 = FACE_BOUND('',#12082,.F.);
#12082 = EDGE_LOOP('',(#12083));
#12083 = ORIENTED_EDGE('',*,*,#12052,.F.);
#12084 = PLANE('',#12085);
#12085 = AXIS2_PLACEMENT_3D('',#12086,#12087,#12088);
#12086 = CARTESIAN_POINT('',(0.,0.,17.));
#12087 = DIRECTION('',(0.,0.,1.));
#12088 = DIRECTION('',(1.,0.,0.));
#12089 = ( GEOMETRIC_REPRESENTATION_CONTEXT(3) 
GLOBAL_UNCERTAINTY_ASSIGNED_CONTEXT((#12093)) 
GLOBAL_UNIT_ASSIGNED_CONTEXT((#12090,#12091,#12092)) 
REPRESENTATION_CONTEXT('Context #1',
  '3D Context with UNIT and UNCERTAINTY') );
#12090 = ( LENGTH_UNIT() NAMED_UNIT(*) SI_UNIT(.MILLI.,.METRE.) );
#12091 = ( NAMED_UNIT(*) PLANE_ANGLE_UNIT() SI_UNIT($,.RADIAN.) );
#12092 = ( NAMED_UNIT(*) SI_UNIT($,.STERADIAN.) SOLID_ANGLE_UNIT() );
#12093 = UNCERTAINTY_MEASURE_WITH_UNIT(LENGTH_MEASURE(1.E-07),#12090,
  'distance_accuracy_value','confusion accuracy');
#12094 = CONTEXT_DEPENDENT_SHAPE_REPRESENTATION(#12095,#12097);
#12095 = ( REPRESENTATION_RELATIONSHIP('','',#12035,#10) 
REPRESENTATION_RELATIONSHIP_WITH_TRANSFORMATION(#12096) 
SHAPE_REPRESENTATION_RELATIONSHIP() );
#12096 = ITEM_DEFINED_TRANSFORMATION('','',#11,#263);
#12097 = PRODUCT_DEFINITION_SHAPE('Placement','Placement of an item',
  #12098);
#12098 = NEXT_ASSEMBLY_USAGE_OCCURRENCE('490','WIRE_CAM_USB_4','',#5,
  #12030,$);
#12099 = PRODUCT_RELATED_PRODUCT_CATEGORY('part',$,(#12032));
#12100 = SHAPE_DEFINITION_REPRESENTATION(#12101,#12107);
#12101 = PRODUCT_DEFINITION_SHAPE('','',#12102);
#12102 = PRODUCT_DEFINITION('design','',#12103,#12106);
#12103 = PRODUCT_DEFINITION_FORMATION('','',#12104);
#12104 = PRODUCT('WIRE_CAM_USB_5','WIRE_CAM_USB_5','',(#12105));
#12105 = PRODUCT_CONTEXT('',#2,'mechanical');
#12106 = PRODUCT_DEFINITION_CONTEXT('part definition',#2,'design');
#12107 = ADVANCED_BREP_SHAPE_REPRESENTATION('',(#11,#12108),#12161);
#12108 = MANIFOLD_SOLID_BREP('',#12109);
#12109 = CLOSED_SHELL('',(#12110,#12143,#12152));
#12110 = ADVANCED_FACE('',(#12111),#12138,.T.);
#12111 = FACE_BOUND('',#12112,.F.);
#12112 = EDGE_LOOP('',(#12113,#12123,#12130,#12131));
#12113 = ORIENTED_EDGE('',*,*,#12114,.T.);
#12114 = EDGE_CURVE('',#12115,#12117,#12119,.T.);
#12115 = VERTEX_POINT('',#12116);
#12116 = CARTESIAN_POINT('',(1.5,-1.42108547152E-14,7.105427357601E-15)
  );
#12117 = VERTEX_POINT('',#12118);
#12118 = CARTESIAN_POINT('',(1.5,0.,14.899664425751));
#12119 = LINE('',#12120,#12121);
#12120 = CARTESIAN_POINT('',(1.5,-3.7E-16,0.));
#12121 = VECTOR('',#12122,1.);
#12122 = DIRECTION('',(0.,0.,1.));
#12123 = ORIENTED_EDGE('',*,*,#12124,.T.);
#12124 = EDGE_CURVE('',#12117,#12117,#12125,.T.);
#12125 = CIRCLE('',#12126,1.5);
#12126 = AXIS2_PLACEMENT_3D('',#12127,#12128,#12129);
#12127 = CARTESIAN_POINT('',(0.,0.,14.899664425751));
#12128 = DIRECTION('',(0.,0.,1.));
#12129 = DIRECTION('',(1.,0.,0.));
#12130 = ORIENTED_EDGE('',*,*,#12114,.F.);
#12131 = ORIENTED_EDGE('',*,*,#12132,.F.);
#12132 = EDGE_CURVE('',#12115,#12115,#12133,.T.);
#12133 = CIRCLE('',#12134,1.5);
#12134 = AXIS2_PLACEMENT_3D('',#12135,#12136,#12137);
#12135 = CARTESIAN_POINT('',(0.,0.,0.));
#12136 = DIRECTION('',(0.,0.,1.));
#12137 = DIRECTION('',(1.,0.,-0.));
#12138 = CYLINDRICAL_SURFACE('',#12139,1.5);
#12139 = AXIS2_PLACEMENT_3D('',#12140,#12141,#12142);
#12140 = CARTESIAN_POINT('',(0.,0.,0.));
#12141 = DIRECTION('',(-0.,-0.,-1.));
#12142 = DIRECTION('',(1.,0.,-0.));
#12143 = ADVANCED_FACE('',(#12144),#12147,.F.);
#12144 = FACE_BOUND('',#12145,.T.);
#12145 = EDGE_LOOP('',(#12146));
#12146 = ORIENTED_EDGE('',*,*,#12132,.F.);
#12147 = PLANE('',#12148);
#12148 = AXIS2_PLACEMENT_3D('',#12149,#12150,#12151);
#12149 = CARTESIAN_POINT('',(0.,0.,0.));
#12150 = DIRECTION('',(0.,0.,1.));
#12151 = DIRECTION('',(1.,0.,-0.));
#12152 = ADVANCED_FACE('',(#12153),#12156,.T.);
#12153 = FACE_BOUND('',#12154,.F.);
#12154 = EDGE_LOOP('',(#12155));
#12155 = ORIENTED_EDGE('',*,*,#12124,.F.);
#12156 = PLANE('',#12157);
#12157 = AXIS2_PLACEMENT_3D('',#12158,#12159,#12160);
#12158 = CARTESIAN_POINT('',(0.,0.,14.899664425751));
#12159 = DIRECTION('',(0.,0.,1.));
#12160 = DIRECTION('',(1.,0.,0.));
#12161 = ( GEOMETRIC_REPRESENTATION_CONTEXT(3) 
GLOBAL_UNCERTAINTY_ASSIGNED_CONTEXT((#12165)) 
GLOBAL_UNIT_ASSIGNED_CONTEXT((#12162,#12163,#12164)) 
REPRESENTATION_CONTEXT('Context #1',
  '3D Context with UNIT and UNCERTAINTY') );
#12162 = ( LENGTH_UNIT() NAMED_UNIT(*) SI_UNIT(.MILLI.,.METRE.) );
#12163 = ( NAMED_UNIT(*) PLANE_ANGLE_UNIT() SI_UNIT($,.RADIAN.) );
#12164 = ( NAMED_UNIT(*) SI_UNIT($,.STERADIAN.) SOLID_ANGLE_UNIT() );
#12165 = UNCERTAINTY_MEASURE_WITH_UNIT(LENGTH_MEASURE(1.E-07),#12162,
  'distance_accuracy_value','confusion accuracy');
#12166 = CONTEXT_DEPENDENT_SHAPE_REPRESENTATION(#12167,#12169);
#12167 = ( REPRESENTATION_RELATIONSHIP('','',#12107,#10) 
REPRESENTATION_RELATIONSHIP_WITH_TRANSFORMATION(#12168) 
SHAPE_REPRESENTATION_RELATIONSHIP() );
#12168 = ITEM_DEFINED_TRANSFORMATION('','',#11,#267);
#12169 = PRODUCT_DEFINITION_SHAPE('Placement','Placement of an item',
  #12170);
#12170 = NEXT_ASSEMBLY_USAGE_OCCURRENCE('491','WIRE_CAM_USB_5','',#5,
  #12102,$);
#12171 = PRODUCT_RELATED_PRODUCT_CATEGORY('part',$,(#12104));
#12172 = SHAPE_DEFINITION_REPRESENTATION(#12173,#12179);
#12173 = PRODUCT_DEFINITION_SHAPE('','',#12174);
#12174 = PRODUCT_DEFINITION('design','',#12175,#12178);
#12175 = PRODUCT_DEFINITION_FORMATION('','',#12176);
#12176 = PRODUCT('WIRE_CAM_USB_6','WIRE_CAM_USB_6','',(#12177));
#12177 = PRODUCT_CONTEXT('',#2,'mechanical');
#12178 = PRODUCT_DEFINITION_CONTEXT('part definition',#2,'design');
#12179 = ADVANCED_BREP_SHAPE_REPRESENTATION('',(#11,#12180),#12233);
#12180 = MANIFOLD_SOLID_BREP('',#12181);
#12181 = CLOSED_SHELL('',(#12182,#12215,#12224));
#12182 = ADVANCED_FACE('',(#12183),#12210,.T.);
#12183 = FACE_BOUND('',#12184,.F.);
#12184 = EDGE_LOOP('',(#12185,#12195,#12202,#12203));
#12185 = ORIENTED_EDGE('',*,*,#12186,.T.);
#12186 = EDGE_CURVE('',#12187,#12189,#12191,.T.);
#12187 = VERTEX_POINT('',#12188);
#12188 = CARTESIAN_POINT('',(1.5,0.,1.42108547152E-14));
#12189 = VERTEX_POINT('',#12190);
#12190 = CARTESIAN_POINT('',(1.5,1.42108547152E-14,8.544003745318));
#12191 = LINE('',#12192,#12193);
#12192 = CARTESIAN_POINT('',(1.5,-3.7E-16,0.));
#12193 = VECTOR('',#12194,1.);
#12194 = DIRECTION('',(0.,0.,1.));
#12195 = ORIENTED_EDGE('',*,*,#12196,.T.);
#12196 = EDGE_CURVE('',#12189,#12189,#12197,.T.);
#12197 = CIRCLE('',#12198,1.5);
#12198 = AXIS2_PLACEMENT_3D('',#12199,#12200,#12201);
#12199 = CARTESIAN_POINT('',(0.,0.,8.544003745318));
#12200 = DIRECTION('',(0.,0.,1.));
#12201 = DIRECTION('',(1.,0.,0.));
#12202 = ORIENTED_EDGE('',*,*,#12186,.F.);
#12203 = ORIENTED_EDGE('',*,*,#12204,.F.);
#12204 = EDGE_CURVE('',#12187,#12187,#12205,.T.);
#12205 = CIRCLE('',#12206,1.5);
#12206 = AXIS2_PLACEMENT_3D('',#12207,#12208,#12209);
#12207 = CARTESIAN_POINT('',(0.,0.,0.));
#12208 = DIRECTION('',(0.,0.,1.));
#12209 = DIRECTION('',(1.,0.,-0.));
#12210 = CYLINDRICAL_SURFACE('',#12211,1.5);
#12211 = AXIS2_PLACEMENT_3D('',#12212,#12213,#12214);
#12212 = CARTESIAN_POINT('',(0.,0.,0.));
#12213 = DIRECTION('',(-0.,-0.,-1.));
#12214 = DIRECTION('',(1.,0.,-0.));
#12215 = ADVANCED_FACE('',(#12216),#12219,.F.);
#12216 = FACE_BOUND('',#12217,.T.);
#12217 = EDGE_LOOP('',(#12218));
#12218 = ORIENTED_EDGE('',*,*,#12204,.F.);
#12219 = PLANE('',#12220);
#12220 = AXIS2_PLACEMENT_3D('',#12221,#12222,#12223);
#12221 = CARTESIAN_POINT('',(0.,0.,0.));
#12222 = DIRECTION('',(0.,0.,1.));
#12223 = DIRECTION('',(1.,0.,-0.));
#12224 = ADVANCED_FACE('',(#12225),#12228,.T.);
#12225 = FACE_BOUND('',#12226,.F.);
#12226 = EDGE_LOOP('',(#12227));
#12227 = ORIENTED_EDGE('',*,*,#12196,.F.);
#12228 = PLANE('',#12229);
#12229 = AXIS2_PLACEMENT_3D('',#12230,#12231,#12232);
#12230 = CARTESIAN_POINT('',(0.,0.,8.544003745318));
#12231 = DIRECTION('',(0.,0.,1.));
#12232 = DIRECTION('',(1.,0.,0.));
#12233 = ( GEOMETRIC_REPRESENTATION_CONTEXT(3) 
GLOBAL_UNCERTAINTY_ASSIGNED_CONTEXT((#12237)) 
GLOBAL_UNIT_ASSIGNED_CONTEXT((#12234,#12235,#12236)) 
REPRESENTATION_CONTEXT('Context #1',
  '3D Context with UNIT and UNCERTAINTY') );
#12234 = ( LENGTH_UNIT() NAMED_UNIT(*) SI_UNIT(.MILLI.,.METRE.) );
#12235 = ( NAMED_UNIT(*) PLANE_ANGLE_UNIT() SI_UNIT($,.RADIAN.) );
#12236 = ( NAMED_UNIT(*) SI_UNIT($,.STERADIAN.) SOLID_ANGLE_UNIT() );
#12237 = UNCERTAINTY_MEASURE_WITH_UNIT(LENGTH_MEASURE(1.E-07),#12234,
  'distance_accuracy_value','confusion accuracy');
#12238 = CONTEXT_DEPENDENT_SHAPE_REPRESENTATION(#12239,#12241);
#12239 = ( REPRESENTATION_RELATIONSHIP('','',#12179,#10) 
REPRESENTATION_RELATIONSHIP_WITH_TRANSFORMATION(#12240) 
SHAPE_REPRESENTATION_RELATIONSHIP() );
#12240 = ITEM_DEFINED_TRANSFORMATION('','',#11,#271);
#12241 = PRODUCT_DEFINITION_SHAPE('Placement','Placement of an item',
  #12242);
#12242 = NEXT_ASSEMBLY_USAGE_OCCURRENCE('492','WIRE_CAM_USB_6','',#5,
  #12174,$);
#12243 = PRODUCT_RELATED_PRODUCT_CATEGORY('part',$,(#12176));
ENDSEC;
END-ISO-10303-21;
