ISO-10303-21;
HEADER;
FILE_DESCRIPTION(('FreeCAD Model'),'2;1');
FILE_NAME('Open CASCADE Shape Model','2026-09-29T03:47:53',('Author'),(
    ''),'Open CASCADE STEP processor 7.8','FreeCAD','Unknown');
FILE_SCHEMA(('AUTOMOTIVE_DESIGN { 1 0 10303 214 1 1 1 1 }'));
ENDSEC;
DATA;
#1 = APPLICATION_PROTOCOL_DEFINITION('international standard',
  'automotive_design',2000,#2);
#2 = APPLICATION_CONTEXT(
  'core data for automotive mechanical design processes');
#3 = SHAPE_DEFINITION_REPRESENTATION(#4,#10);
#4 = PRODUCT_DEFINITION_SHAPE('','',#5);
#5 = PRODUCT_DEFINITION('design','',#6,#9);
#6 = PRODUCT_DEFINITION_FORMATION('','',#7);
#7 = PRODUCT('master_robot','master_robot','',(#8));
#8 = PRODUCT_CONTEXT('',#2,'mechanical');
#9 = PRODUCT_DEFINITION_CONTEXT('part definition',#2,'design');
#10 = SHAPE_REPRESENTATION('',(#11,#15,#19,#23,#27,#31,#35,#39,#43,#47,
    #51,#55,#59,#63,#67,#71,#75,#79,#83,#87,#91,#95,#99,#103,#107,#111,
    #115,#119,#123,#127,#131,#135,#139,#143,#147,#151,#155,#159,#163,
    #167,#171,#175,#179,#183,#187,#191,#195,#199,#203,#207,#211,#215,
    #219,#223,#227,#231,#235,#239,#243,#247,#251,#255,#259,#263),#267);
#11 = AXIS2_PLACEMENT_3D('',#12,#13,#14);
#12 = CARTESIAN_POINT('',(0.,0.,0.));
#13 = DIRECTION('',(0.,0.,1.));
#14 = DIRECTION('',(1.,0.,-0.));
#15 = AXIS2_PLACEMENT_3D('',#16,#17,#18);
#16 = CARTESIAN_POINT('',(0.,0.,0.));
#17 = DIRECTION('',(0.,0.,1.));
#18 = DIRECTION('',(1.,0.,0.));
#19 = AXIS2_PLACEMENT_3D('',#20,#21,#22);
#20 = CARTESIAN_POINT('',(0.,0.,0.));
#21 = DIRECTION('',(0.,0.,1.));
#22 = DIRECTION('',(1.,0.,0.));
#23 = AXIS2_PLACEMENT_3D('',#24,#25,#26);
#24 = CARTESIAN_POINT('',(0.,0.,0.));
#25 = DIRECTION('',(0.,0.,1.));
#26 = DIRECTION('',(1.,0.,0.));
#27 = AXIS2_PLACEMENT_3D('',#28,#29,#30);
#28 = CARTESIAN_POINT('',(0.,0.,0.));
#29 = DIRECTION('',(0.,0.,1.));
#30 = DIRECTION('',(1.,0.,0.));
#31 = AXIS2_PLACEMENT_3D('',#32,#33,#34);
#32 = CARTESIAN_POINT('',(0.,0.,0.));
#33 = DIRECTION('',(0.,0.,1.));
#34 = DIRECTION('',(1.,0.,0.));
#35 = AXIS2_PLACEMENT_3D('',#36,#37,#38);
#36 = CARTESIAN_POINT('',(0.,0.,0.));
#37 = DIRECTION('',(0.,0.,1.));
#38 = DIRECTION('',(1.,0.,0.));
#39 = AXIS2_PLACEMENT_3D('',#40,#41,#42);
#40 = CARTESIAN_POINT('',(0.,0.,0.));
#41 = DIRECTION('',(0.,0.,1.));
#42 = DIRECTION('',(1.,0.,0.));
#43 = AXIS2_PLACEMENT_3D('',#44,#45,#46);
#44 = CARTESIAN_POINT('',(0.,0.,0.));
#45 = DIRECTION('',(0.,0.,1.));
#46 = DIRECTION('',(1.,0.,0.));
#47 = AXIS2_PLACEMENT_3D('',#48,#49,#50);
#48 = CARTESIAN_POINT('',(0.,0.,0.));
#49 = DIRECTION('',(0.,0.,1.));
#50 = DIRECTION('',(1.,0.,0.));
#51 = AXIS2_PLACEMENT_3D('',#52,#53,#54);
#52 = CARTESIAN_POINT('',(0.,0.,0.));
#53 = DIRECTION('',(0.,0.,1.));
#54 = DIRECTION('',(1.,0.,0.));
#55 = AXIS2_PLACEMENT_3D('',#56,#57,#58);
#56 = CARTESIAN_POINT('',(0.,0.,0.));
#57 = DIRECTION('',(0.,0.,1.));
#58 = DIRECTION('',(1.,0.,0.));
#59 = AXIS2_PLACEMENT_3D('',#60,#61,#62);
#60 = CARTESIAN_POINT('',(0.,0.,0.));
#61 = DIRECTION('',(0.,0.,1.));
#62 = DIRECTION('',(1.,0.,0.));
#63 = AXIS2_PLACEMENT_3D('',#64,#65,#66);
#64 = CARTESIAN_POINT('',(0.,0.,0.));
#65 = DIRECTION('',(0.,0.,1.));
#66 = DIRECTION('',(1.,0.,0.));
#67 = AXIS2_PLACEMENT_3D('',#68,#69,#70);
#68 = CARTESIAN_POINT('',(0.,0.,0.));
#69 = DIRECTION('',(0.,0.,1.));
#70 = DIRECTION('',(1.,0.,0.));
#71 = AXIS2_PLACEMENT_3D('',#72,#73,#74);
#72 = CARTESIAN_POINT('',(0.,0.,0.));
#73 = DIRECTION('',(0.,0.,1.));
#74 = DIRECTION('',(1.,0.,0.));
#75 = AXIS2_PLACEMENT_3D('',#76,#77,#78);
#76 = CARTESIAN_POINT('',(0.,0.,0.));
#77 = DIRECTION('',(0.,0.,1.));
#78 = DIRECTION('',(1.,0.,0.));
#79 = AXIS2_PLACEMENT_3D('',#80,#81,#82);
#80 = CARTESIAN_POINT('',(0.,0.,0.));
#81 = DIRECTION('',(0.,0.,1.));
#82 = DIRECTION('',(1.,0.,0.));
#83 = AXIS2_PLACEMENT_3D('',#84,#85,#86);
#84 = CARTESIAN_POINT('',(0.,0.,0.));
#85 = DIRECTION('',(0.,0.,1.));
#86 = DIRECTION('',(1.,0.,0.));
#87 = AXIS2_PLACEMENT_3D('',#88,#89,#90);
#88 = CARTESIAN_POINT('',(0.,0.,0.));
#89 = DIRECTION('',(0.,0.,1.));
#90 = DIRECTION('',(1.,0.,0.));
#91 = AXIS2_PLACEMENT_3D('',#92,#93,#94);
#92 = CARTESIAN_POINT('',(0.,0.,0.));
#93 = DIRECTION('',(0.,0.,1.));
#94 = DIRECTION('',(1.,0.,0.));
#95 = AXIS2_PLACEMENT_3D('',#96,#97,#98);
#96 = CARTESIAN_POINT('',(0.,0.,0.));
#97 = DIRECTION('',(0.,0.,1.));
#98 = DIRECTION('',(1.,0.,0.));
#99 = AXIS2_PLACEMENT_3D('',#100,#101,#102);
#100 = CARTESIAN_POINT('',(0.,0.,0.));
#101 = DIRECTION('',(0.,0.,1.));
#102 = DIRECTION('',(1.,0.,0.));
#103 = AXIS2_PLACEMENT_3D('',#104,#105,#106);
#104 = CARTESIAN_POINT('',(0.,0.,0.));
#105 = DIRECTION('',(0.,0.,1.));
#106 = DIRECTION('',(1.,0.,0.));
#107 = AXIS2_PLACEMENT_3D('',#108,#109,#110);
#108 = CARTESIAN_POINT('',(0.,0.,0.));
#109 = DIRECTION('',(0.,0.,1.));
#110 = DIRECTION('',(1.,0.,0.));
#111 = AXIS2_PLACEMENT_3D('',#112,#113,#114);
#112 = CARTESIAN_POINT('',(0.,0.,0.));
#113 = DIRECTION('',(0.,0.,1.));
#114 = DIRECTION('',(1.,0.,0.));
#115 = AXIS2_PLACEMENT_3D('',#116,#117,#118);
#116 = CARTESIAN_POINT('',(0.,0.,0.));
#117 = DIRECTION('',(0.,0.,1.));
#118 = DIRECTION('',(1.,0.,0.));
#119 = AXIS2_PLACEMENT_3D('',#120,#121,#122);
#120 = CARTESIAN_POINT('',(0.,0.,0.));
#121 = DIRECTION('',(0.,0.,1.));
#122 = DIRECTION('',(1.,0.,0.));
#123 = AXIS2_PLACEMENT_3D('',#124,#125,#126);
#124 = CARTESIAN_POINT('',(0.,0.,0.));
#125 = DIRECTION('',(0.,0.,1.));
#126 = DIRECTION('',(1.,0.,0.));
#127 = AXIS2_PLACEMENT_3D('',#128,#129,#130);
#128 = CARTESIAN_POINT('',(0.,0.,0.));
#129 = DIRECTION('',(0.,0.,1.));
#130 = DIRECTION('',(1.,0.,0.));
#131 = AXIS2_PLACEMENT_3D('',#132,#133,#134);
#132 = CARTESIAN_POINT('',(0.,0.,0.));
#133 = DIRECTION('',(0.,0.,1.));
#134 = DIRECTION('',(1.,0.,0.));
#135 = AXIS2_PLACEMENT_3D('',#136,#137,#138);
#136 = CARTESIAN_POINT('',(0.,0.,0.));
#137 = DIRECTION('',(0.,0.,1.));
#138 = DIRECTION('',(1.,0.,0.));
#139 = AXIS2_PLACEMENT_3D('',#140,#141,#142);
#140 = CARTESIAN_POINT('',(0.,0.,0.));
#141 = DIRECTION('',(0.,0.,1.));
#142 = DIRECTION('',(1.,0.,0.));
#143 = AXIS2_PLACEMENT_3D('',#144,#145,#146);
#144 = CARTESIAN_POINT('',(0.,0.,0.));
#145 = DIRECTION('',(0.,0.,1.));
#146 = DIRECTION('',(1.,0.,0.));
#147 = AXIS2_PLACEMENT_3D('',#148,#149,#150);
#148 = CARTESIAN_POINT('',(0.,0.,0.));
#149 = DIRECTION('',(0.,0.,1.));
#150 = DIRECTION('',(1.,0.,0.));
#151 = AXIS2_PLACEMENT_3D('',#152,#153,#154);
#152 = CARTESIAN_POINT('',(0.,0.,0.));
#153 = DIRECTION('',(0.,0.,1.));
#154 = DIRECTION('',(1.,0.,0.));
#155 = AXIS2_PLACEMENT_3D('',#156,#157,#158);
#156 = CARTESIAN_POINT('',(-186.,162.,312.));
#157 = DIRECTION('',(0.,0.,1.));
#158 = DIRECTION('',(1.,0.,0.));
#159 = AXIS2_PLACEMENT_3D('',#160,#161,#162);
#160 = CARTESIAN_POINT('',(-186.,162.,331.));
#161 = DIRECTION('',(-0.178174161275,8.908708063747E-02,-0.979957887012)
  );
#162 = DIRECTION('',(-0.58396630961,0.791983154805,0.178174161275));
#163 = AXIS2_PLACEMENT_3D('',#164,#165,#166);
#164 = CARTESIAN_POINT('',(-188.,163.,320.));
#165 = DIRECTION('',(0.,0.,-1.));
#166 = DIRECTION('',(-1.,0.,0.));
#167 = AXIS2_PLACEMENT_3D('',#168,#169,#170);
#168 = CARTESIAN_POINT('',(0.,0.,0.));
#169 = DIRECTION('',(0.,0.,1.));
#170 = DIRECTION('',(1.,0.,0.));
#171 = AXIS2_PLACEMENT_3D('',#172,#173,#174);
#172 = CARTESIAN_POINT('',(-186.,165.,336.));
#173 = DIRECTION('',(0.635000635001,0.127000127,-0.762000762001));
#174 = DIRECTION('',(-0.694231501924,-0.338846300385,-0.635000635001));
#175 = AXIS2_PLACEMENT_3D('',#176,#177,#178);
#176 = CARTESIAN_POINT('',(-181.,166.,330.));
#177 = DIRECTION('',(0.304775727104,0.,-0.952424147199));
#178 = DIRECTION('',(-0.952424147199,0.,-0.304775727104));
#179 = AXIS2_PLACEMENT_3D('',#180,#181,#182);
#180 = CARTESIAN_POINT('',(0.,0.,0.));
#181 = DIRECTION('',(0.,0.,1.));
#182 = DIRECTION('',(1.,0.,0.));
#183 = AXIS2_PLACEMENT_3D('',#184,#185,#186);
#184 = CARTESIAN_POINT('',(0.,0.,0.));
#185 = DIRECTION('',(0.,0.,1.));
#186 = DIRECTION('',(1.,0.,0.));
#187 = AXIS2_PLACEMENT_3D('',#188,#189,#190);
#188 = CARTESIAN_POINT('',(0.,0.,0.));
#189 = DIRECTION('',(0.,0.,1.));
#190 = DIRECTION('',(1.,0.,0.));
#191 = AXIS2_PLACEMENT_3D('',#192,#193,#194);
#192 = CARTESIAN_POINT('',(0.,0.,0.));
#193 = DIRECTION('',(0.,0.,1.));
#194 = DIRECTION('',(1.,0.,0.));
#195 = AXIS2_PLACEMENT_3D('',#196,#197,#198);
#196 = CARTESIAN_POINT('',(0.,0.,0.));
#197 = DIRECTION('',(0.,0.,1.));
#198 = DIRECTION('',(1.,0.,0.));
#199 = AXIS2_PLACEMENT_3D('',#200,#201,#202);
#200 = CARTESIAN_POINT('',(0.,0.,0.));
#201 = DIRECTION('',(0.,0.,1.));
#202 = DIRECTION('',(1.,0.,0.));
#203 = AXIS2_PLACEMENT_3D('',#204,#205,#206);
#204 = CARTESIAN_POINT('',(0.,0.,0.));
#205 = DIRECTION('',(0.,0.,1.));
#206 = DIRECTION('',(1.,0.,0.));
#207 = AXIS2_PLACEMENT_3D('',#208,#209,#210);
#208 = CARTESIAN_POINT('',(0.,0.,0.));
#209 = DIRECTION('',(0.,0.,1.));
#210 = DIRECTION('',(1.,0.,0.));
#211 = AXIS2_PLACEMENT_3D('',#212,#213,#214);
#212 = CARTESIAN_POINT('',(0.,0.,0.));
#213 = DIRECTION('',(0.,0.,1.));
#214 = DIRECTION('',(1.,0.,0.));
#215 = AXIS2_PLACEMENT_3D('',#216,#217,#218);
#216 = CARTESIAN_POINT('',(-148.,128.,60.));
#217 = DIRECTION('',(0.5366563146,-0.7155417528,-0.4472135955));
#218 = DIRECTION('',(0.47900310562,0.69466252584,-0.5366563146));
#219 = AXIS2_PLACEMENT_3D('',#220,#221,#222);
#220 = CARTESIAN_POINT('',(-136.,112.,50.));
#221 = DIRECTION('',(0.737308728467,-0.655385536415,-0.163846384104));
#222 = DIRECTION('',(0.349851330259,0.577909928658,-0.737308728467));
#223 = AXIS2_PLACEMENT_3D('',#224,#225,#226);
#224 = CARTESIAN_POINT('',(-118.,96.,46.));
#225 = DIRECTION('',(0.832050294338,-0.554700196225,-3.885780586188E-16)
  );
#226 = DIRECTION('',(0.307692307692,0.461538461538,-0.832050294338));
#227 = AXIS2_PLACEMENT_3D('',#228,#229,#230);
#228 = CARTESIAN_POINT('',(0.,0.,0.));
#229 = DIRECTION('',(0.,0.,1.));
#230 = DIRECTION('',(1.,0.,0.));
#231 = AXIS2_PLACEMENT_3D('',#232,#233,#234);
#232 = CARTESIAN_POINT('',(-170.,170.,300.));
#233 = DIRECTION('',(-0.315597201549,-6.311944030978E-02,0.946791604647)
  );
#234 = DIRECTION('',(0.948838081391,-1.023238372179E-02,0.315597201549)
  );
#235 = AXIS2_PLACEMENT_3D('',#236,#237,#238);
#236 = CARTESIAN_POINT('',(-180.,168.,330.));
#237 = DIRECTION('',(7.954062720036E-02,-7.158656448033E-02,
    -0.994257840005));
#238 = DIRECTION('',(-0.101799911605,0.991619920444,-7.954062720036E-02)
  );
#239 = AXIS2_PLACEMENT_3D('',#240,#241,#242);
#240 = CARTESIAN_POINT('',(-160.,150.,80.));
#241 = DIRECTION('',(0.624695047554,-0.624695047554,-0.468521285666));
#242 = DIRECTION('',(0.265739357167,0.734260642833,-0.624695047554));
#243 = AXIS2_PLACEMENT_3D('',#244,#245,#246);
#244 = CARTESIAN_POINT('',(-120.,110.,50.));
#245 = DIRECTION('',(0.635000635001,-0.762000762001,-0.127000127));
#246 = DIRECTION('',(0.538114702049,0.554262357541,-0.635000635001));
#247 = AXIS2_PLACEMENT_3D('',#248,#249,#250);
#248 = CARTESIAN_POINT('',(0.,0.,0.));
#249 = DIRECTION('',(0.,0.,1.));
#250 = DIRECTION('',(1.,0.,0.));
#251 = AXIS2_PLACEMENT_3D('',#252,#253,#254);
#252 = CARTESIAN_POINT('',(-112.,-62.,150.));
#253 = DIRECTION('',(-0.371134809513,3.711348095126E-02,-0.927837023782)
  );
#254 = DIRECTION('',(-0.908749528497,0.19087495285,0.371134809513));
#255 = AXIS2_PLACEMENT_3D('',#256,#257,#258);
#256 = CARTESIAN_POINT('',(-132.,-60.,100.));
#257 = DIRECTION('',(0.186907725406,-0.420542382164,-0.88781169568));
#258 = DIRECTION('',(0.688608380094,0.700631144789,-0.186907725406));
#259 = AXIS2_PLACEMENT_3D('',#260,#261,#262);
#260 = CARTESIAN_POINT('',(-124.,-78.,62.));
#261 = DIRECTION('',(0.76028592127,-0.228085776381,-0.608228737016));
#262 = DIRECTION('',(-0.475439208271,0.442631762481,-0.76028592127));
#263 = AXIS2_PLACEMENT_3D('',#264,#265,#266);
#264 = CARTESIAN_POINT('',(-104.,-84.,46.));
#265 = DIRECTION('',(0.942809041582,-0.235702260396,-0.235702260396));
#266 = DIRECTION('',(-0.163013892137,0.290753473034,-0.942809041582));
#267 = ( GEOMETRIC_REPRESENTATION_CONTEXT(3) 
GLOBAL_UNCERTAINTY_ASSIGNED_CONTEXT((#271)) GLOBAL_UNIT_ASSIGNED_CONTEXT
((#268,#269,#270)) REPRESENTATION_CONTEXT('Context #1',
  '3D Context with UNIT and UNCERTAINTY') );
#268 = ( LENGTH_UNIT() NAMED_UNIT(*) SI_UNIT(.MILLI.,.METRE.) );
#269 = ( NAMED_UNIT(*) PLANE_ANGLE_UNIT() SI_UNIT($,.RADIAN.) );
#270 = ( NAMED_UNIT(*) SI_UNIT($,.STERADIAN.) SOLID_ANGLE_UNIT() );
#271 = UNCERTAINTY_MEASURE_WITH_UNIT(LENGTH_MEASURE(1.E-05),#268,
  'distance_accuracy_value','confusion accuracy');
#272 = PRODUCT_RELATED_PRODUCT_CATEGORY('part',$,(#7));
#273 = SHAPE_DEFINITION_REPRESENTATION(#274,#280);
#274 = PRODUCT_DEFINITION_SHAPE('','',#275);
#275 = PRODUCT_DEFINITION('design','',#276,#279);
#276 = PRODUCT_DEFINITION_FORMATION('','',#277);
#277 = PRODUCT('LIFT_BASE','LIFT_BASE','',(#278));
#278 = PRODUCT_CONTEXT('',#2,'mechanical');
#279 = PRODUCT_DEFINITION_CONTEXT('part definition',#2,'design');
#280 = ADVANCED_BREP_SHAPE_REPRESENTATION('',(#11,#281),#497);
#281 = MANIFOLD_SOLID_BREP('',#282);
#282 = CLOSED_SHELL('',(#283,#323,#370,#394,#434,#451,#468,#485));
#283 = ADVANCED_FACE('',(#284),#318,.F.);
#284 = FACE_BOUND('',#285,.F.);
#285 = EDGE_LOOP('',(#286,#296,#304,#312));
#286 = ORIENTED_EDGE('',*,*,#287,.F.);
#287 = EDGE_CURVE('',#288,#290,#292,.T.);
#288 = VERTEX_POINT('',#289);
#289 = CARTESIAN_POINT('',(-183.,166.,66.75));
#290 = VERTEX_POINT('',#291);
#291 = CARTESIAN_POINT('',(-183.,185.,66.75));
#292 = LINE('',#293,#294);
#293 = CARTESIAN_POINT('',(-183.,137.,66.75));
#294 = VECTOR('',#295,1.);
#295 = DIRECTION('',(0.,1.,0.));
#296 = ORIENTED_EDGE('',*,*,#297,.F.);
#297 = EDGE_CURVE('',#298,#288,#300,.T.);
#298 = VERTEX_POINT('',#299);
#299 = CARTESIAN_POINT('',(-183.,166.,63.75));
#300 = LINE('',#301,#302);
#301 = CARTESIAN_POINT('',(-183.,166.,62.75));
#302 = VECTOR('',#303,1.);
#303 = DIRECTION('',(0.,0.,1.));
#304 = ORIENTED_EDGE('',*,*,#305,.T.);
#305 = EDGE_CURVE('',#298,#306,#308,.T.);
#306 = VERTEX_POINT('',#307);
#307 = CARTESIAN_POINT('',(-183.,185.,63.75));
#308 = LINE('',#309,#310);
#309 = CARTESIAN_POINT('',(-183.,137.,63.75));
#310 = VECTOR('',#311,1.);
#311 = DIRECTION('',(0.,1.,0.));
#312 = ORIENTED_EDGE('',*,*,#313,.T.);
#313 = EDGE_CURVE('',#306,#290,#314,.T.);
#314 = LINE('',#315,#316);
#315 = CARTESIAN_POINT('',(-183.,185.,63.75));
#316 = VECTOR('',#317,1.);
#317 = DIRECTION('',(0.,0.,1.));
#318 = PLANE('',#319);
#319 = AXIS2_PLACEMENT_3D('',#320,#321,#322);
#320 = CARTESIAN_POINT('',(-183.,137.,63.75));
#321 = DIRECTION('',(1.,0.,0.));
#322 = DIRECTION('',(0.,0.,1.));
#323 = ADVANCED_FACE('',(#324),#365,.T.);
#324 = FACE_BOUND('',#325,.T.);
#325 = EDGE_LOOP('',(#326,#327,#335,#343,#351,#359));
#326 = ORIENTED_EDGE('',*,*,#287,.F.);
#327 = ORIENTED_EDGE('',*,*,#328,.F.);
#328 = EDGE_CURVE('',#329,#288,#331,.T.);
#329 = VERTEX_POINT('',#330);
#330 = CARTESIAN_POINT('',(-176.,166.,66.75));
#331 = LINE('',#332,#333);
#332 = CARTESIAN_POINT('',(-184.5,166.,66.75));
#333 = VECTOR('',#334,1.);
#334 = DIRECTION('',(-1.,0.,0.));
#335 = ORIENTED_EDGE('',*,*,#336,.F.);
#336 = EDGE_CURVE('',#337,#329,#339,.T.);
#337 = VERTEX_POINT('',#338);
#338 = CARTESIAN_POINT('',(-176.,137.,66.75));
#339 = LINE('',#340,#341);
#340 = CARTESIAN_POINT('',(-176.,136.5,66.75));
#341 = VECTOR('',#342,1.);
#342 = DIRECTION('',(0.,1.,0.));
#343 = ORIENTED_EDGE('',*,*,#344,.T.);
#344 = EDGE_CURVE('',#337,#345,#347,.T.);
#345 = VERTEX_POINT('',#346);
#346 = CARTESIAN_POINT('',(-140.,137.,66.75));
#347 = LINE('',#348,#349);
#348 = CARTESIAN_POINT('',(-183.,137.,66.75));
#349 = VECTOR('',#350,1.);
#350 = DIRECTION('',(1.,0.,0.));
#351 = ORIENTED_EDGE('',*,*,#352,.T.);
#352 = EDGE_CURVE('',#345,#353,#355,.T.);
#353 = VERTEX_POINT('',#354);
#354 = CARTESIAN_POINT('',(-140.,185.,66.75));
#355 = LINE('',#356,#357);
#356 = CARTESIAN_POINT('',(-140.,137.,66.75));
#357 = VECTOR('',#358,1.);
#358 = DIRECTION('',(0.,1.,0.));
#359 = ORIENTED_EDGE('',*,*,#360,.F.);
#360 = EDGE_CURVE('',#290,#353,#361,.T.);
#361 = LINE('',#362,#363);
#362 = CARTESIAN_POINT('',(-183.,185.,66.75));
#363 = VECTOR('',#364,1.);
#364 = DIRECTION('',(1.,0.,0.));
#365 = PLANE('',#366);
#366 = AXIS2_PLACEMENT_3D('',#367,#368,#369);
#367 = CARTESIAN_POINT('',(-183.,137.,66.75));
#368 = DIRECTION('',(0.,0.,1.));
#369 = DIRECTION('',(1.,0.,0.));
#370 = ADVANCED_FACE('',(#371),#389,.T.);
#371 = FACE_BOUND('',#372,.T.);
#372 = EDGE_LOOP('',(#373,#381,#382,#383));
#373 = ORIENTED_EDGE('',*,*,#374,.F.);
#374 = EDGE_CURVE('',#306,#375,#377,.T.);
#375 = VERTEX_POINT('',#376);
#376 = CARTESIAN_POINT('',(-140.,185.,63.75));
#377 = LINE('',#378,#379);
#378 = CARTESIAN_POINT('',(-183.,185.,63.75));
#379 = VECTOR('',#380,1.);
#380 = DIRECTION('',(1.,0.,0.));
#381 = ORIENTED_EDGE('',*,*,#313,.T.);
#382 = ORIENTED_EDGE('',*,*,#360,.T.);
#383 = ORIENTED_EDGE('',*,*,#384,.F.);
#384 = EDGE_CURVE('',#375,#353,#385,.T.);
#385 = LINE('',#386,#387);
#386 = CARTESIAN_POINT('',(-140.,185.,63.75));
#387 = VECTOR('',#388,1.);
#388 = DIRECTION('',(0.,0.,1.));
#389 = PLANE('',#390);
#390 = AXIS2_PLACEMENT_3D('',#391,#392,#393);
#391 = CARTESIAN_POINT('',(-183.,185.,63.75));
#392 = DIRECTION('',(0.,1.,0.));
#393 = DIRECTION('',(0.,0.,1.));
#394 = ADVANCED_FACE('',(#395),#429,.F.);
#395 = FACE_BOUND('',#396,.F.);
#396 = EDGE_LOOP('',(#397,#398,#406,#414,#422,#428));
#397 = ORIENTED_EDGE('',*,*,#305,.F.);
#398 = ORIENTED_EDGE('',*,*,#399,.F.);
#399 = EDGE_CURVE('',#400,#298,#402,.T.);
#400 = VERTEX_POINT('',#401);
#401 = CARTESIAN_POINT('',(-176.,166.,63.75));
#402 = LINE('',#403,#404);
#403 = CARTESIAN_POINT('',(-184.5,166.,63.75));
#404 = VECTOR('',#405,1.);
#405 = DIRECTION('',(-1.,0.,0.));
#406 = ORIENTED_EDGE('',*,*,#407,.F.);
#407 = EDGE_CURVE('',#408,#400,#410,.T.);
#408 = VERTEX_POINT('',#409);
#409 = CARTESIAN_POINT('',(-176.,137.,63.75));
#410 = LINE('',#411,#412);
#411 = CARTESIAN_POINT('',(-176.,136.5,63.75));
#412 = VECTOR('',#413,1.);
#413 = DIRECTION('',(0.,1.,0.));
#414 = ORIENTED_EDGE('',*,*,#415,.T.);
#415 = EDGE_CURVE('',#408,#416,#418,.T.);
#416 = VERTEX_POINT('',#417);
#417 = CARTESIAN_POINT('',(-140.,137.,63.75));
#418 = LINE('',#419,#420);
#419 = CARTESIAN_POINT('',(-183.,137.,63.75));
#420 = VECTOR('',#421,1.);
#421 = DIRECTION('',(1.,0.,0.));
#422 = ORIENTED_EDGE('',*,*,#423,.T.);
#423 = EDGE_CURVE('',#416,#375,#424,.T.);
#424 = LINE('',#425,#426);
#425 = CARTESIAN_POINT('',(-140.,137.,63.75));
#426 = VECTOR('',#427,1.);
#427 = DIRECTION('',(0.,1.,0.));
#428 = ORIENTED_EDGE('',*,*,#374,.F.);
#429 = PLANE('',#430);
#430 = AXIS2_PLACEMENT_3D('',#431,#432,#433);
#431 = CARTESIAN_POINT('',(-183.,137.,63.75));
#432 = DIRECTION('',(0.,0.,1.));
#433 = DIRECTION('',(1.,0.,0.));
#434 = ADVANCED_FACE('',(#435),#446,.F.);
#435 = FACE_BOUND('',#436,.F.);
#436 = EDGE_LOOP('',(#437,#443,#444,#445));
#437 = ORIENTED_EDGE('',*,*,#438,.F.);
#438 = EDGE_CURVE('',#400,#329,#439,.T.);
#439 = LINE('',#440,#441);
#440 = CARTESIAN_POINT('',(-176.,166.,61.75));
#441 = VECTOR('',#442,1.);
#442 = DIRECTION('',(0.,0.,1.));
#443 = ORIENTED_EDGE('',*,*,#399,.T.);
#444 = ORIENTED_EDGE('',*,*,#297,.T.);
#445 = ORIENTED_EDGE('',*,*,#328,.F.);
#446 = PLANE('',#447);
#447 = AXIS2_PLACEMENT_3D('',#448,#449,#450);
#448 = CARTESIAN_POINT('',(-186.,166.,61.75));
#449 = DIRECTION('',(0.,1.,0.));
#450 = DIRECTION('',(0.,0.,1.));
#451 = ADVANCED_FACE('',(#452),#463,.T.);
#452 = FACE_BOUND('',#453,.T.);
#453 = EDGE_LOOP('',(#454,#460,#461,#462));
#454 = ORIENTED_EDGE('',*,*,#455,.F.);
#455 = EDGE_CURVE('',#416,#345,#456,.T.);
#456 = LINE('',#457,#458);
#457 = CARTESIAN_POINT('',(-140.,137.,63.75));
#458 = VECTOR('',#459,1.);
#459 = DIRECTION('',(0.,0.,1.));
#460 = ORIENTED_EDGE('',*,*,#423,.T.);
#461 = ORIENTED_EDGE('',*,*,#384,.T.);
#462 = ORIENTED_EDGE('',*,*,#352,.F.);
#463 = PLANE('',#464);
#464 = AXIS2_PLACEMENT_3D('',#465,#466,#467);
#465 = CARTESIAN_POINT('',(-140.,137.,63.75));
#466 = DIRECTION('',(1.,0.,0.));
#467 = DIRECTION('',(0.,0.,1.));
#468 = ADVANCED_FACE('',(#469),#480,.F.);
#469 = FACE_BOUND('',#470,.F.);
#470 = EDGE_LOOP('',(#471,#472,#478,#479));
#471 = ORIENTED_EDGE('',*,*,#415,.F.);
#472 = ORIENTED_EDGE('',*,*,#473,.F.);
#473 = EDGE_CURVE('',#337,#408,#474,.T.);
#474 = LINE('',#475,#476);
#475 = CARTESIAN_POINT('',(-176.,137.,62.75));
#476 = VECTOR('',#477,1.);
#477 = DIRECTION('',(0.,0.,-1.));
#478 = ORIENTED_EDGE('',*,*,#344,.T.);
#479 = ORIENTED_EDGE('',*,*,#455,.F.);
#480 = PLANE('',#481);
#481 = AXIS2_PLACEMENT_3D('',#482,#483,#484);
#482 = CARTESIAN_POINT('',(-183.,137.,63.75));
#483 = DIRECTION('',(0.,1.,0.));
#484 = DIRECTION('',(0.,0.,1.));
#485 = ADVANCED_FACE('',(#486),#492,.F.);
#486 = FACE_BOUND('',#487,.F.);
#487 = EDGE_LOOP('',(#488,#489,#490,#491));
#488 = ORIENTED_EDGE('',*,*,#438,.T.);
#489 = ORIENTED_EDGE('',*,*,#336,.F.);
#490 = ORIENTED_EDGE('',*,*,#473,.T.);
#491 = ORIENTED_EDGE('',*,*,#407,.T.);
#492 = PLANE('',#493);
#493 = AXIS2_PLACEMENT_3D('',#494,#495,#496);
#494 = CARTESIAN_POINT('',(-176.,136.,61.75));
#495 = DIRECTION('',(1.,0.,0.));
#496 = DIRECTION('',(0.,0.,1.));
#497 = ( GEOMETRIC_REPRESENTATION_CONTEXT(3) 
GLOBAL_UNCERTAINTY_ASSIGNED_CONTEXT((#501)) GLOBAL_UNIT_ASSIGNED_CONTEXT
((#498,#499,#500)) REPRESENTATION_CONTEXT('Context #1',
  '3D Context with UNIT and UNCERTAINTY') );
#498 = ( LENGTH_UNIT() NAMED_UNIT(*) SI_UNIT(.MILLI.,.METRE.) );
#499 = ( NAMED_UNIT(*) PLANE_ANGLE_UNIT() SI_UNIT($,.RADIAN.) );
#500 = ( NAMED_UNIT(*) SI_UNIT($,.STERADIAN.) SOLID_ANGLE_UNIT() );
#501 = UNCERTAINTY_MEASURE_WITH_UNIT(LENGTH_MEASURE(2.E-05),#498,
  'distance_accuracy_value','confusion accuracy');
#502 = CONTEXT_DEPENDENT_SHAPE_REPRESENTATION(#503,#505);
#503 = ( REPRESENTATION_RELATIONSHIP('','',#280,#10) 
REPRESENTATION_RELATIONSHIP_WITH_TRANSFORMATION(#504) 
SHAPE_REPRESENTATION_RELATIONSHIP() );
#504 = ITEM_DEFINED_TRANSFORMATION('','',#11,#15);
#505 = PRODUCT_DEFINITION_SHAPE('Placement','Placement of an item',#506
  );
#506 = NEXT_ASSEMBLY_USAGE_OCCURRENCE('465','LIFT_BASE','',#5,#275,$);
#507 = PRODUCT_RELATED_PRODUCT_CATEGORY('part',$,(#277));
#508 = SHAPE_DEFINITION_REPRESENTATION(#509,#515);
#509 = PRODUCT_DEFINITION_SHAPE('','',#510);
#510 = PRODUCT_DEFINITION('design','',#511,#514);
#511 = PRODUCT_DEFINITION_FORMATION('','',#512);
#512 = PRODUCT('LIFT_RAIL_L','LIFT_RAIL_L','',(#513));
#513 = PRODUCT_CONTEXT('',#2,'mechanical');
#514 = PRODUCT_DEFINITION_CONTEXT('part definition',#2,'design');
#515 = ADVANCED_BREP_SHAPE_REPRESENTATION('',(#11,#516),#765);
#516 = MANIFOLD_SOLID_BREP('',#517);
#517 = CLOSED_SHELL('',(#518,#574,#605,#645,#669,#693,#724,#741,#753));
#518 = ADVANCED_FACE('',(#519),#569,.F.);
#519 = FACE_BOUND('',#520,.F.);
#520 = EDGE_LOOP('',(#521,#531,#539,#547,#555,#563));
#521 = ORIENTED_EDGE('',*,*,#522,.F.);
#522 = EDGE_CURVE('',#523,#525,#527,.T.);
#523 = VERTEX_POINT('',#524);
#524 = CARTESIAN_POINT('',(-192.4,137.,335.75));
#525 = VERTEX_POINT('',#526);
#526 = CARTESIAN_POINT('',(-192.4,151.,335.75));
#527 = LINE('',#528,#529);
#528 = CARTESIAN_POINT('',(-192.4,137.,335.75));
#529 = VECTOR('',#530,1.);
#530 = DIRECTION('',(0.,1.,0.));
#531 = ORIENTED_EDGE('',*,*,#532,.F.);
#532 = EDGE_CURVE('',#533,#523,#535,.T.);
#533 = VERTEX_POINT('',#534);
#534 = CARTESIAN_POINT('',(-192.4,137.,66.75));
#535 = LINE('',#536,#537);
#536 = CARTESIAN_POINT('',(-192.4,137.,66.75));
#537 = VECTOR('',#538,1.);
#538 = DIRECTION('',(0.,0.,1.));
#539 = ORIENTED_EDGE('',*,*,#540,.T.);
#540 = EDGE_CURVE('',#533,#541,#543,.T.);
#541 = VERTEX_POINT('',#542);
#542 = CARTESIAN_POINT('',(-192.4,145.,66.75));
#543 = LINE('',#544,#545);
#544 = CARTESIAN_POINT('',(-192.4,137.,66.75));
#545 = VECTOR('',#546,1.);
#546 = DIRECTION('',(0.,1.,0.));
#547 = ORIENTED_EDGE('',*,*,#548,.T.);
#548 = EDGE_CURVE('',#541,#549,#551,.T.);
#549 = VERTEX_POINT('',#550);
#550 = CARTESIAN_POINT('',(-192.4,145.,69.75));
#551 = LINE('',#552,#553);
#552 = CARTESIAN_POINT('',(-192.4,145.,66.25));
#553 = VECTOR('',#554,1.);
#554 = DIRECTION('',(0.,0.,1.));
#555 = ORIENTED_EDGE('',*,*,#556,.F.);
#556 = EDGE_CURVE('',#557,#549,#559,.T.);
#557 = VERTEX_POINT('',#558);
#558 = CARTESIAN_POINT('',(-192.4,151.,69.75));
#559 = LINE('',#560,#561);
#560 = CARTESIAN_POINT('',(-192.4,141.,69.75));
#561 = VECTOR('',#562,1.);
#562 = DIRECTION('',(0.,-1.,0.));
#563 = ORIENTED_EDGE('',*,*,#564,.T.);
#564 = EDGE_CURVE('',#557,#525,#565,.T.);
#565 = LINE('',#566,#567);
#566 = CARTESIAN_POINT('',(-192.4,151.,66.75));
#567 = VECTOR('',#568,1.);
#568 = DIRECTION('',(0.,0.,1.));
#569 = PLANE('',#570);
#570 = AXIS2_PLACEMENT_3D('',#571,#572,#573);
#571 = CARTESIAN_POINT('',(-192.4,137.,66.75));
#572 = DIRECTION('',(1.,0.,0.));
#573 = DIRECTION('',(0.,0.,1.));
#574 = ADVANCED_FACE('',(#575),#600,.T.);
#575 = FACE_BOUND('',#576,.T.);
#576 = EDGE_LOOP('',(#577,#578,#586,#594));
#577 = ORIENTED_EDGE('',*,*,#522,.F.);
#578 = ORIENTED_EDGE('',*,*,#579,.T.);
#579 = EDGE_CURVE('',#523,#580,#582,.T.);
#580 = VERTEX_POINT('',#581);
#581 = CARTESIAN_POINT('',(-178.4,137.,335.75));
#582 = LINE('',#583,#584);
#583 = CARTESIAN_POINT('',(-192.4,137.,335.75));
#584 = VECTOR('',#585,1.);
#585 = DIRECTION('',(1.,0.,0.));
#586 = ORIENTED_EDGE('',*,*,#587,.T.);
#587 = EDGE_CURVE('',#580,#588,#590,.T.);
#588 = VERTEX_POINT('',#589);
#589 = CARTESIAN_POINT('',(-178.4,151.,335.75));
#590 = LINE('',#591,#592);
#591 = CARTESIAN_POINT('',(-178.4,137.,335.75));
#592 = VECTOR('',#593,1.);
#593 = DIRECTION('',(0.,1.,0.));
#594 = ORIENTED_EDGE('',*,*,#595,.F.);
#595 = EDGE_CURVE('',#525,#588,#596,.T.);
#596 = LINE('',#597,#598);
#597 = CARTESIAN_POINT('',(-192.4,151.,335.75));
#598 = VECTOR('',#599,1.);
#599 = DIRECTION('',(1.,0.,0.));
#600 = PLANE('',#601);
#601 = AXIS2_PLACEMENT_3D('',#602,#603,#604);
#602 = CARTESIAN_POINT('',(-192.4,137.,335.75));
#603 = DIRECTION('',(0.,0.,1.));
#604 = DIRECTION('',(1.,0.,0.));
#605 = ADVANCED_FACE('',(#606),#640,.T.);
#606 = FACE_BOUND('',#607,.T.);
#607 = EDGE_LOOP('',(#608,#618,#626,#632,#633,#634));
#608 = ORIENTED_EDGE('',*,*,#609,.F.);
#609 = EDGE_CURVE('',#610,#612,#614,.T.);
#610 = VERTEX_POINT('',#611);
#611 = CARTESIAN_POINT('',(-179.,151.,66.75));
#612 = VERTEX_POINT('',#613);
#613 = CARTESIAN_POINT('',(-178.4,151.,66.75));
#614 = LINE('',#615,#616);
#615 = CARTESIAN_POINT('',(-192.4,151.,66.75));
#616 = VECTOR('',#617,1.);
#617 = DIRECTION('',(1.,0.,0.));
#618 = ORIENTED_EDGE('',*,*,#619,.F.);
#619 = EDGE_CURVE('',#620,#610,#622,.T.);
#620 = VERTEX_POINT('',#621);
#621 = CARTESIAN_POINT('',(-179.,151.,69.75));
#622 = LINE('',#623,#624);
#623 = CARTESIAN_POINT('',(-179.,151.,66.25));
#624 = VECTOR('',#625,1.);
#625 = DIRECTION('',(0.,0.,-1.));
#626 = ORIENTED_EDGE('',*,*,#627,.F.);
#627 = EDGE_CURVE('',#557,#620,#628,.T.);
#628 = LINE('',#629,#630);
#629 = CARTESIAN_POINT('',(-192.7,151.,69.75));
#630 = VECTOR('',#631,1.);
#631 = DIRECTION('',(1.,0.,0.));
#632 = ORIENTED_EDGE('',*,*,#564,.T.);
#633 = ORIENTED_EDGE('',*,*,#595,.T.);
#634 = ORIENTED_EDGE('',*,*,#635,.F.);
#635 = EDGE_CURVE('',#612,#588,#636,.T.);
#636 = LINE('',#637,#638);
#637 = CARTESIAN_POINT('',(-178.4,151.,66.75));
#638 = VECTOR('',#639,1.);
#639 = DIRECTION('',(0.,0.,1.));
#640 = PLANE('',#641);
#641 = AXIS2_PLACEMENT_3D('',#642,#643,#644);
#642 = CARTESIAN_POINT('',(-192.4,151.,66.75));
#643 = DIRECTION('',(0.,1.,0.));
#644 = DIRECTION('',(0.,0.,1.));
#645 = ADVANCED_FACE('',(#646),#664,.F.);
#646 = FACE_BOUND('',#647,.F.);
#647 = EDGE_LOOP('',(#648,#649,#657,#663));
#648 = ORIENTED_EDGE('',*,*,#556,.T.);
#649 = ORIENTED_EDGE('',*,*,#650,.T.);
#650 = EDGE_CURVE('',#549,#651,#653,.T.);
#651 = VERTEX_POINT('',#652);
#652 = CARTESIAN_POINT('',(-179.,145.,69.75));
#653 = LINE('',#654,#655);
#654 = CARTESIAN_POINT('',(-193.,145.,69.75));
#655 = VECTOR('',#656,1.);
#656 = DIRECTION('',(1.,0.,0.));
#657 = ORIENTED_EDGE('',*,*,#658,.T.);
#658 = EDGE_CURVE('',#651,#620,#659,.T.);
#659 = LINE('',#660,#661);
#660 = CARTESIAN_POINT('',(-179.,145.,69.75));
#661 = VECTOR('',#662,1.);
#662 = DIRECTION('',(0.,1.,0.));
#663 = ORIENTED_EDGE('',*,*,#627,.F.);
#664 = PLANE('',#665);
#665 = AXIS2_PLACEMENT_3D('',#666,#667,#668);
#666 = CARTESIAN_POINT('',(-193.,145.,69.75));
#667 = DIRECTION('',(0.,0.,1.));
#668 = DIRECTION('',(1.,0.,0.));
#669 = ADVANCED_FACE('',(#670),#688,.T.);
#670 = FACE_BOUND('',#671,.T.);
#671 = EDGE_LOOP('',(#672,#680,#686,#687));
#672 = ORIENTED_EDGE('',*,*,#673,.F.);
#673 = EDGE_CURVE('',#674,#651,#676,.T.);
#674 = VERTEX_POINT('',#675);
#675 = CARTESIAN_POINT('',(-179.,145.,66.75));
#676 = LINE('',#677,#678);
#677 = CARTESIAN_POINT('',(-179.,145.,65.75));
#678 = VECTOR('',#679,1.);
#679 = DIRECTION('',(0.,0.,1.));
#680 = ORIENTED_EDGE('',*,*,#681,.T.);
#681 = EDGE_CURVE('',#674,#541,#682,.T.);
#682 = LINE('',#683,#684);
#683 = CARTESIAN_POINT('',(-192.7,145.,66.75));
#684 = VECTOR('',#685,1.);
#685 = DIRECTION('',(-1.,0.,0.));
#686 = ORIENTED_EDGE('',*,*,#548,.T.);
#687 = ORIENTED_EDGE('',*,*,#650,.T.);
#688 = PLANE('',#689);
#689 = AXIS2_PLACEMENT_3D('',#690,#691,#692);
#690 = CARTESIAN_POINT('',(-193.,145.,65.75));
#691 = DIRECTION('',(0.,1.,0.));
#692 = DIRECTION('',(0.,0.,1.));
#693 = ADVANCED_FACE('',(#694),#719,.F.);
#694 = FACE_BOUND('',#695,.F.);
#695 = EDGE_LOOP('',(#696,#697,#705,#711,#712,#718));
#696 = ORIENTED_EDGE('',*,*,#540,.F.);
#697 = ORIENTED_EDGE('',*,*,#698,.T.);
#698 = EDGE_CURVE('',#533,#699,#701,.T.);
#699 = VERTEX_POINT('',#700);
#700 = CARTESIAN_POINT('',(-178.4,137.,66.75));
#701 = LINE('',#702,#703);
#702 = CARTESIAN_POINT('',(-192.4,137.,66.75));
#703 = VECTOR('',#704,1.);
#704 = DIRECTION('',(1.,0.,0.));
#705 = ORIENTED_EDGE('',*,*,#706,.T.);
#706 = EDGE_CURVE('',#699,#612,#707,.T.);
#707 = LINE('',#708,#709);
#708 = CARTESIAN_POINT('',(-178.4,137.,66.75));
#709 = VECTOR('',#710,1.);
#710 = DIRECTION('',(0.,1.,0.));
#711 = ORIENTED_EDGE('',*,*,#609,.F.);
#712 = ORIENTED_EDGE('',*,*,#713,.F.);
#713 = EDGE_CURVE('',#674,#610,#714,.T.);
#714 = LINE('',#715,#716);
#715 = CARTESIAN_POINT('',(-179.,141.,66.75));
#716 = VECTOR('',#717,1.);
#717 = DIRECTION('',(0.,1.,0.));
#718 = ORIENTED_EDGE('',*,*,#681,.T.);
#719 = PLANE('',#720);
#720 = AXIS2_PLACEMENT_3D('',#721,#722,#723);
#721 = CARTESIAN_POINT('',(-192.4,137.,66.75));
#722 = DIRECTION('',(0.,0.,1.));
#723 = DIRECTION('',(1.,0.,0.));
#724 = ADVANCED_FACE('',(#725),#736,.F.);
#725 = FACE_BOUND('',#726,.F.);
#726 = EDGE_LOOP('',(#727,#728,#729,#730));
#727 = ORIENTED_EDGE('',*,*,#698,.F.);
#728 = ORIENTED_EDGE('',*,*,#532,.T.);
#729 = ORIENTED_EDGE('',*,*,#579,.T.);
#730 = ORIENTED_EDGE('',*,*,#731,.F.);
#731 = EDGE_CURVE('',#699,#580,#732,.T.);
#732 = LINE('',#733,#734);
#733 = CARTESIAN_POINT('',(-178.4,137.,66.75));
#734 = VECTOR('',#735,1.);
#735 = DIRECTION('',(0.,0.,1.));
#736 = PLANE('',#737);
#737 = AXIS2_PLACEMENT_3D('',#738,#739,#740);
#738 = CARTESIAN_POINT('',(-192.4,137.,66.75));
#739 = DIRECTION('',(0.,1.,0.));
#740 = DIRECTION('',(0.,0.,1.));
#741 = ADVANCED_FACE('',(#742),#748,.T.);
#742 = FACE_BOUND('',#743,.T.);
#743 = EDGE_LOOP('',(#744,#745,#746,#747));
#744 = ORIENTED_EDGE('',*,*,#731,.F.);
#745 = ORIENTED_EDGE('',*,*,#706,.T.);
#746 = ORIENTED_EDGE('',*,*,#635,.T.);
#747 = ORIENTED_EDGE('',*,*,#587,.F.);
#748 = PLANE('',#749);
#749 = AXIS2_PLACEMENT_3D('',#750,#751,#752);
#750 = CARTESIAN_POINT('',(-178.4,137.,66.75));
#751 = DIRECTION('',(1.,0.,0.));
#752 = DIRECTION('',(0.,0.,1.));
#753 = ADVANCED_FACE('',(#754),#760,.F.);
#754 = FACE_BOUND('',#755,.F.);
#755 = EDGE_LOOP('',(#756,#757,#758,#759));
#756 = ORIENTED_EDGE('',*,*,#673,.F.);
#757 = ORIENTED_EDGE('',*,*,#713,.T.);
#758 = ORIENTED_EDGE('',*,*,#619,.F.);
#759 = ORIENTED_EDGE('',*,*,#658,.F.);
#760 = PLANE('',#761);
#761 = AXIS2_PLACEMENT_3D('',#762,#763,#764);
#762 = CARTESIAN_POINT('',(-179.,145.,65.75));
#763 = DIRECTION('',(1.,0.,0.));
#764 = DIRECTION('',(0.,0.,1.));
#765 = ( GEOMETRIC_REPRESENTATION_CONTEXT(3) 
GLOBAL_UNCERTAINTY_ASSIGNED_CONTEXT((#769)) GLOBAL_UNIT_ASSIGNED_CONTEXT
((#766,#767,#768)) REPRESENTATION_CONTEXT('Context #1',
  '3D Context with UNIT and UNCERTAINTY') );
#766 = ( LENGTH_UNIT() NAMED_UNIT(*) SI_UNIT(.MILLI.,.METRE.) );
#767 = ( NAMED_UNIT(*) PLANE_ANGLE_UNIT() SI_UNIT($,.RADIAN.) );
#768 = ( NAMED_UNIT(*) SI_UNIT($,.STERADIAN.) SOLID_ANGLE_UNIT() );
#769 = UNCERTAINTY_MEASURE_WITH_UNIT(LENGTH_MEASURE(5.E-05),#766,
  'distance_accuracy_value','confusion accuracy');
#770 = CONTEXT_DEPENDENT_SHAPE_REPRESENTATION(#771,#773);
#771 = ( REPRESENTATION_RELATIONSHIP('','',#515,#10) 
REPRESENTATION_RELATIONSHIP_WITH_TRANSFORMATION(#772) 
SHAPE_REPRESENTATION_RELATIONSHIP() );
#772 = ITEM_DEFINED_TRANSFORMATION('','',#11,#19);
#773 = PRODUCT_DEFINITION_SHAPE('Placement','Placement of an item',#774
  );
#774 = NEXT_ASSEMBLY_USAGE_OCCURRENCE('466','LIFT_RAIL_L','',#5,#510,$);
#775 = PRODUCT_RELATED_PRODUCT_CATEGORY('part',$,(#512));
#776 = SHAPE_DEFINITION_REPRESENTATION(#777,#783);
#777 = PRODUCT_DEFINITION_SHAPE('','',#778);
#778 = PRODUCT_DEFINITION('design','',#779,#782);
#779 = PRODUCT_DEFINITION_FORMATION('','',#780);
#780 = PRODUCT('LIFT_FOOT_L','LIFT_FOOT_L','',(#781));
#781 = PRODUCT_CONTEXT('',#2,'mechanical');
#782 = PRODUCT_DEFINITION_CONTEXT('part definition',#2,'design');
#783 = ADVANCED_BREP_SHAPE_REPRESENTATION('',(#11,#784),#934);
#784 = MANIFOLD_SOLID_BREP('',#785);
#785 = CLOSED_SHELL('',(#786,#826,#866,#888,#910,#922));
#786 = ADVANCED_FACE('',(#787),#821,.F.);
#787 = FACE_BOUND('',#788,.F.);
#788 = EDGE_LOOP('',(#789,#799,#807,#815));
#789 = ORIENTED_EDGE('',*,*,#790,.F.);
#790 = EDGE_CURVE('',#791,#793,#795,.T.);
#791 = VERTEX_POINT('',#792);
#792 = CARTESIAN_POINT('',(-178.4,137.,66.75));
#793 = VERTEX_POINT('',#794);
#794 = CARTESIAN_POINT('',(-178.4,137.,69.75));
#795 = LINE('',#796,#797);
#796 = CARTESIAN_POINT('',(-178.4,137.,66.75));
#797 = VECTOR('',#798,1.);
#798 = DIRECTION('',(0.,0.,1.));
#799 = ORIENTED_EDGE('',*,*,#800,.T.);
#800 = EDGE_CURVE('',#791,#801,#803,.T.);
#801 = VERTEX_POINT('',#802);
#802 = CARTESIAN_POINT('',(-178.4,151.,66.75));
#803 = LINE('',#804,#805);
#804 = CARTESIAN_POINT('',(-178.4,137.,66.75));
#805 = VECTOR('',#806,1.);
#806 = DIRECTION('',(0.,1.,0.));
#807 = ORIENTED_EDGE('',*,*,#808,.T.);
#808 = EDGE_CURVE('',#801,#809,#811,.T.);
#809 = VERTEX_POINT('',#810);
#810 = CARTESIAN_POINT('',(-178.4,151.,69.75));
#811 = LINE('',#812,#813);
#812 = CARTESIAN_POINT('',(-178.4,151.,66.75));
#813 = VECTOR('',#814,1.);
#814 = DIRECTION('',(0.,0.,1.));
#815 = ORIENTED_EDGE('',*,*,#816,.F.);
#816 = EDGE_CURVE('',#793,#809,#817,.T.);
#817 = LINE('',#818,#819);
#818 = CARTESIAN_POINT('',(-178.4,137.,69.75));
#819 = VECTOR('',#820,1.);
#820 = DIRECTION('',(0.,1.,0.));
#821 = PLANE('',#822);
#822 = AXIS2_PLACEMENT_3D('',#823,#824,#825);
#823 = CARTESIAN_POINT('',(-178.4,137.,66.75));
#824 = DIRECTION('',(1.,0.,0.));
#825 = DIRECTION('',(0.,0.,1.));
#826 = ADVANCED_FACE('',(#827),#861,.T.);
#827 = FACE_BOUND('',#828,.T.);
#828 = EDGE_LOOP('',(#829,#839,#847,#855));
#829 = ORIENTED_EDGE('',*,*,#830,.F.);
#830 = EDGE_CURVE('',#831,#833,#835,.T.);
#831 = VERTEX_POINT('',#832);
#832 = CARTESIAN_POINT('',(-164.,137.,66.75));
#833 = VERTEX_POINT('',#834);
#834 = CARTESIAN_POINT('',(-164.,137.,69.75));
#835 = LINE('',#836,#837);
#836 = CARTESIAN_POINT('',(-164.,137.,66.75));
#837 = VECTOR('',#838,1.);
#838 = DIRECTION('',(0.,0.,1.));
#839 = ORIENTED_EDGE('',*,*,#840,.T.);
#840 = EDGE_CURVE('',#831,#841,#843,.T.);
#841 = VERTEX_POINT('',#842);
#842 = CARTESIAN_POINT('',(-164.,151.,66.75));
#843 = LINE('',#844,#845);
#844 = CARTESIAN_POINT('',(-164.,137.,66.75));
#845 = VECTOR('',#846,1.);
#846 = DIRECTION('',(0.,1.,0.));
#847 = ORIENTED_EDGE('',*,*,#848,.T.);
#848 = EDGE_CURVE('',#841,#849,#851,.T.);
#849 = VERTEX_POINT('',#850);
#850 = CARTESIAN_POINT('',(-164.,151.,69.75));
#851 = LINE('',#852,#853);
#852 = CARTESIAN_POINT('',(-164.,151.,66.75));
#853 = VECTOR('',#854,1.);
#854 = DIRECTION('',(0.,0.,1.));
#855 = ORIENTED_EDGE('',*,*,#856,.F.);
#856 = EDGE_CURVE('',#833,#849,#857,.T.);
#857 = LINE('',#858,#859);
#858 = CARTESIAN_POINT('',(-164.,137.,69.75));
#859 = VECTOR('',#860,1.);
#860 = DIRECTION('',(0.,1.,0.));
#861 = PLANE('',#862);
#862 = AXIS2_PLACEMENT_3D('',#863,#864,#865);
#863 = CARTESIAN_POINT('',(-164.,137.,66.75));
#864 = DIRECTION('',(1.,0.,0.));
#865 = DIRECTION('',(0.,0.,1.));
#866 = ADVANCED_FACE('',(#867),#883,.F.);
#867 = FACE_BOUND('',#868,.F.);
#868 = EDGE_LOOP('',(#869,#875,#876,#882));
#869 = ORIENTED_EDGE('',*,*,#870,.F.);
#870 = EDGE_CURVE('',#791,#831,#871,.T.);
#871 = LINE('',#872,#873);
#872 = CARTESIAN_POINT('',(-178.4,137.,66.75));
#873 = VECTOR('',#874,1.);
#874 = DIRECTION('',(1.,0.,0.));
#875 = ORIENTED_EDGE('',*,*,#790,.T.);
#876 = ORIENTED_EDGE('',*,*,#877,.T.);
#877 = EDGE_CURVE('',#793,#833,#878,.T.);
#878 = LINE('',#879,#880);
#879 = CARTESIAN_POINT('',(-178.4,137.,69.75));
#880 = VECTOR('',#881,1.);
#881 = DIRECTION('',(1.,0.,0.));
#882 = ORIENTED_EDGE('',*,*,#830,.F.);
#883 = PLANE('',#884);
#884 = AXIS2_PLACEMENT_3D('',#885,#886,#887);
#885 = CARTESIAN_POINT('',(-178.4,137.,66.75));
#886 = DIRECTION('',(0.,1.,0.));
#887 = DIRECTION('',(0.,0.,1.));
#888 = ADVANCED_FACE('',(#889),#905,.T.);
#889 = FACE_BOUND('',#890,.T.);
#890 = EDGE_LOOP('',(#891,#897,#898,#904));
#891 = ORIENTED_EDGE('',*,*,#892,.F.);
#892 = EDGE_CURVE('',#801,#841,#893,.T.);
#893 = LINE('',#894,#895);
#894 = CARTESIAN_POINT('',(-178.4,151.,66.75));
#895 = VECTOR('',#896,1.);
#896 = DIRECTION('',(1.,0.,0.));
#897 = ORIENTED_EDGE('',*,*,#808,.T.);
#898 = ORIENTED_EDGE('',*,*,#899,.T.);
#899 = EDGE_CURVE('',#809,#849,#900,.T.);
#900 = LINE('',#901,#902);
#901 = CARTESIAN_POINT('',(-178.4,151.,69.75));
#902 = VECTOR('',#903,1.);
#903 = DIRECTION('',(1.,0.,0.));
#904 = ORIENTED_EDGE('',*,*,#848,.F.);
#905 = PLANE('',#906);
#906 = AXIS2_PLACEMENT_3D('',#907,#908,#909);
#907 = CARTESIAN_POINT('',(-178.4,151.,66.75));
#908 = DIRECTION('',(0.,1.,0.));
#909 = DIRECTION('',(0.,0.,1.));
#910 = ADVANCED_FACE('',(#911),#917,.F.);
#911 = FACE_BOUND('',#912,.F.);
#912 = EDGE_LOOP('',(#913,#914,#915,#916));
#913 = ORIENTED_EDGE('',*,*,#800,.F.);
#914 = ORIENTED_EDGE('',*,*,#870,.T.);
#915 = ORIENTED_EDGE('',*,*,#840,.T.);
#916 = ORIENTED_EDGE('',*,*,#892,.F.);
#917 = PLANE('',#918);
#918 = AXIS2_PLACEMENT_3D('',#919,#920,#921);
#919 = CARTESIAN_POINT('',(-178.4,137.,66.75));
#920 = DIRECTION('',(0.,0.,1.));
#921 = DIRECTION('',(1.,0.,0.));
#922 = ADVANCED_FACE('',(#923),#929,.T.);
#923 = FACE_BOUND('',#924,.T.);
#924 = EDGE_LOOP('',(#925,#926,#927,#928));
#925 = ORIENTED_EDGE('',*,*,#816,.F.);
#926 = ORIENTED_EDGE('',*,*,#877,.T.);
#927 = ORIENTED_EDGE('',*,*,#856,.T.);
#928 = ORIENTED_EDGE('',*,*,#899,.F.);
#929 = PLANE('',#930);
#930 = AXIS2_PLACEMENT_3D('',#931,#932,#933);
#931 = CARTESIAN_POINT('',(-178.4,137.,69.75));
#932 = DIRECTION('',(0.,0.,1.));
#933 = DIRECTION('',(1.,0.,0.));
#934 = ( GEOMETRIC_REPRESENTATION_CONTEXT(3) 
GLOBAL_UNCERTAINTY_ASSIGNED_CONTEXT((#938)) GLOBAL_UNIT_ASSIGNED_CONTEXT
((#935,#936,#937)) REPRESENTATION_CONTEXT('Context #1',
  '3D Context with UNIT and UNCERTAINTY') );
#935 = ( LENGTH_UNIT() NAMED_UNIT(*) SI_UNIT(.MILLI.,.METRE.) );
#936 = ( NAMED_UNIT(*) PLANE_ANGLE_UNIT() SI_UNIT($,.RADIAN.) );
#937 = ( NAMED_UNIT(*) SI_UNIT($,.STERADIAN.) SOLID_ANGLE_UNIT() );
#938 = UNCERTAINTY_MEASURE_WITH_UNIT(LENGTH_MEASURE(1.E-07),#935,
  'distance_accuracy_value','confusion accuracy');
#939 = CONTEXT_DEPENDENT_SHAPE_REPRESENTATION(#940,#942);
#940 = ( REPRESENTATION_RELATIONSHIP('','',#783,#10) 
REPRESENTATION_RELATIONSHIP_WITH_TRANSFORMATION(#941) 
SHAPE_REPRESENTATION_RELATIONSHIP() );
#941 = ITEM_DEFINED_TRANSFORMATION('','',#11,#23);
#942 = PRODUCT_DEFINITION_SHAPE('Placement','Placement of an item',#943
  );
#943 = NEXT_ASSEMBLY_USAGE_OCCURRENCE('467','LIFT_FOOT_L','',#5,#778,$);
#944 = PRODUCT_RELATED_PRODUCT_CATEGORY('part',$,(#780));
#945 = SHAPE_DEFINITION_REPRESENTATION(#946,#952);
#946 = PRODUCT_DEFINITION_SHAPE('','',#947);
#947 = PRODUCT_DEFINITION('design','',#948,#951);
#948 = PRODUCT_DEFINITION_FORMATION('','',#949);
#949 = PRODUCT('LIFT_RAIL_R','LIFT_RAIL_R','',(#950));
#950 = PRODUCT_CONTEXT('',#2,'mechanical');
#951 = PRODUCT_DEFINITION_CONTEXT('part definition',#2,'design');
#952 = ADVANCED_BREP_SHAPE_REPRESENTATION('',(#11,#953),#1103);
#953 = MANIFOLD_SOLID_BREP('',#954);
#954 = CLOSED_SHELL('',(#955,#995,#1035,#1057,#1079,#1091));
#955 = ADVANCED_FACE('',(#956),#990,.F.);
#956 = FACE_BOUND('',#957,.F.);
#957 = EDGE_LOOP('',(#958,#968,#976,#984));
#958 = ORIENTED_EDGE('',*,*,#959,.F.);
#959 = EDGE_CURVE('',#960,#962,#964,.T.);
#960 = VERTEX_POINT('',#961);
#961 = CARTESIAN_POINT('',(-192.4,173.,66.75));
#962 = VERTEX_POINT('',#963);
#963 = CARTESIAN_POINT('',(-192.4,173.,335.75));
#964 = LINE('',#965,#966);
#965 = CARTESIAN_POINT('',(-192.4,173.,66.75));
#966 = VECTOR('',#967,1.);
#967 = DIRECTION('',(0.,0.,1.));
#968 = ORIENTED_EDGE('',*,*,#969,.T.);
#969 = EDGE_CURVE('',#960,#970,#972,.T.);
#970 = VERTEX_POINT('',#971);
#971 = CARTESIAN_POINT('',(-192.4,187.,66.75));
#972 = LINE('',#973,#974);
#973 = CARTESIAN_POINT('',(-192.4,173.,66.75));
#974 = VECTOR('',#975,1.);
#975 = DIRECTION('',(0.,1.,0.));
#976 = ORIENTED_EDGE('',*,*,#977,.T.);
#977 = EDGE_CURVE('',#970,#978,#980,.T.);
#978 = VERTEX_POINT('',#979);
#979 = CARTESIAN_POINT('',(-192.4,187.,335.75));
#980 = LINE('',#981,#982);
#981 = CARTESIAN_POINT('',(-192.4,187.,66.75));
#982 = VECTOR('',#983,1.);
#983 = DIRECTION('',(0.,0.,1.));
#984 = ORIENTED_EDGE('',*,*,#985,.F.);
#985 = EDGE_CURVE('',#962,#978,#986,.T.);
#986 = LINE('',#987,#988);
#987 = CARTESIAN_POINT('',(-192.4,173.,335.75));
#988 = VECTOR('',#989,1.);
#989 = DIRECTION('',(0.,1.,0.));
#990 = PLANE('',#991);
#991 = AXIS2_PLACEMENT_3D('',#992,#993,#994);
#992 = CARTESIAN_POINT('',(-192.4,173.,66.75));
#993 = DIRECTION('',(1.,0.,0.));
#994 = DIRECTION('',(0.,0.,1.));
#995 = ADVANCED_FACE('',(#996),#1030,.T.);
#996 = FACE_BOUND('',#997,.T.);
#997 = EDGE_LOOP('',(#998,#1008,#1016,#1024));
#998 = ORIENTED_EDGE('',*,*,#999,.F.);
#999 = EDGE_CURVE('',#1000,#1002,#1004,.T.);
#1000 = VERTEX_POINT('',#1001);
#1001 = CARTESIAN_POINT('',(-178.4,173.,66.75));
#1002 = VERTEX_POINT('',#1003);
#1003 = CARTESIAN_POINT('',(-178.4,173.,335.75));
#1004 = LINE('',#1005,#1006);
#1005 = CARTESIAN_POINT('',(-178.4,173.,66.75));
#1006 = VECTOR('',#1007,1.);
#1007 = DIRECTION('',(0.,0.,1.));
#1008 = ORIENTED_EDGE('',*,*,#1009,.T.);
#1009 = EDGE_CURVE('',#1000,#1010,#1012,.T.);
#1010 = VERTEX_POINT('',#1011);
#1011 = CARTESIAN_POINT('',(-178.4,187.,66.75));
#1012 = LINE('',#1013,#1014);
#1013 = CARTESIAN_POINT('',(-178.4,173.,66.75));
#1014 = VECTOR('',#1015,1.);
#1015 = DIRECTION('',(0.,1.,0.));
#1016 = ORIENTED_EDGE('',*,*,#1017,.T.);
#1017 = EDGE_CURVE('',#1010,#1018,#1020,.T.);
#1018 = VERTEX_POINT('',#1019);
#1019 = CARTESIAN_POINT('',(-178.4,187.,335.75));
#1020 = LINE('',#1021,#1022);
#1021 = CARTESIAN_POINT('',(-178.4,187.,66.75));
#1022 = VECTOR('',#1023,1.);
#1023 = DIRECTION('',(0.,0.,1.));
#1024 = ORIENTED_EDGE('',*,*,#1025,.F.);
#1025 = EDGE_CURVE('',#1002,#1018,#1026,.T.);
#1026 = LINE('',#1027,#1028);
#1027 = CARTESIAN_POINT('',(-178.4,173.,335.75));
#1028 = VECTOR('',#1029,1.);
#1029 = DIRECTION('',(0.,1.,0.));
#1030 = PLANE('',#1031);
#1031 = AXIS2_PLACEMENT_3D('',#1032,#1033,#1034);
#1032 = CARTESIAN_POINT('',(-178.4,173.,66.75));
#1033 = DIRECTION('',(1.,0.,0.));
#1034 = DIRECTION('',(0.,0.,1.));
#1035 = ADVANCED_FACE('',(#1036),#1052,.F.);
#1036 = FACE_BOUND('',#1037,.F.);
#1037 = EDGE_LOOP('',(#1038,#1044,#1045,#1051));
#1038 = ORIENTED_EDGE('',*,*,#1039,.F.);
#1039 = EDGE_CURVE('',#960,#1000,#1040,.T.);
#1040 = LINE('',#1041,#1042);
#1041 = CARTESIAN_POINT('',(-192.4,173.,66.75));
#1042 = VECTOR('',#1043,1.);
#1043 = DIRECTION('',(1.,0.,0.));
#1044 = ORIENTED_EDGE('',*,*,#959,.T.);
#1045 = ORIENTED_EDGE('',*,*,#1046,.T.);
#1046 = EDGE_CURVE('',#962,#1002,#1047,.T.);
#1047 = LINE('',#1048,#1049);
#1048 = CARTESIAN_POINT('',(-192.4,173.,335.75));
#1049 = VECTOR('',#1050,1.);
#1050 = DIRECTION('',(1.,0.,0.));
#1051 = ORIENTED_EDGE('',*,*,#999,.F.);
#1052 = PLANE('',#1053);
#1053 = AXIS2_PLACEMENT_3D('',#1054,#1055,#1056);
#1054 = CARTESIAN_POINT('',(-192.4,173.,66.75));
#1055 = DIRECTION('',(0.,1.,0.));
#1056 = DIRECTION('',(0.,0.,1.));
#1057 = ADVANCED_FACE('',(#1058),#1074,.T.);
#1058 = FACE_BOUND('',#1059,.T.);
#1059 = EDGE_LOOP('',(#1060,#1066,#1067,#1073));
#1060 = ORIENTED_EDGE('',*,*,#1061,.F.);
#1061 = EDGE_CURVE('',#970,#1010,#1062,.T.);
#1062 = LINE('',#1063,#1064);
#1063 = CARTESIAN_POINT('',(-192.4,187.,66.75));
#1064 = VECTOR('',#1065,1.);
#1065 = DIRECTION('',(1.,0.,0.));
#1066 = ORIENTED_EDGE('',*,*,#977,.T.);
#1067 = ORIENTED_EDGE('',*,*,#1068,.T.);
#1068 = EDGE_CURVE('',#978,#1018,#1069,.T.);
#1069 = LINE('',#1070,#1071);
#1070 = CARTESIAN_POINT('',(-192.4,187.,335.75));
#1071 = VECTOR('',#1072,1.);
#1072 = DIRECTION('',(1.,0.,0.));
#1073 = ORIENTED_EDGE('',*,*,#1017,.F.);
#1074 = PLANE('',#1075);
#1075 = AXIS2_PLACEMENT_3D('',#1076,#1077,#1078);
#1076 = CARTESIAN_POINT('',(-192.4,187.,66.75));
#1077 = DIRECTION('',(0.,1.,0.));
#1078 = DIRECTION('',(0.,0.,1.));
#1079 = ADVANCED_FACE('',(#1080),#1086,.F.);
#1080 = FACE_BOUND('',#1081,.F.);
#1081 = EDGE_LOOP('',(#1082,#1083,#1084,#1085));
#1082 = ORIENTED_EDGE('',*,*,#969,.F.);
#1083 = ORIENTED_EDGE('',*,*,#1039,.T.);
#1084 = ORIENTED_EDGE('',*,*,#1009,.T.);
#1085 = ORIENTED_EDGE('',*,*,#1061,.F.);
#1086 = PLANE('',#1087);
#1087 = AXIS2_PLACEMENT_3D('',#1088,#1089,#1090);
#1088 = CARTESIAN_POINT('',(-192.4,173.,66.75));
#1089 = DIRECTION('',(0.,0.,1.));
#1090 = DIRECTION('',(1.,0.,0.));
#1091 = ADVANCED_FACE('',(#1092),#1098,.T.);
#1092 = FACE_BOUND('',#1093,.T.);
#1093 = EDGE_LOOP('',(#1094,#1095,#1096,#1097));
#1094 = ORIENTED_EDGE('',*,*,#985,.F.);
#1095 = ORIENTED_EDGE('',*,*,#1046,.T.);
#1096 = ORIENTED_EDGE('',*,*,#1025,.T.);
#1097 = ORIENTED_EDGE('',*,*,#1068,.F.);
#1098 = PLANE('',#1099);
#1099 = AXIS2_PLACEMENT_3D('',#1100,#1101,#1102);
#1100 = CARTESIAN_POINT('',(-192.4,173.,335.75));
#1101 = DIRECTION('',(0.,0.,1.));
#1102 = DIRECTION('',(1.,0.,0.));
#1103 = ( GEOMETRIC_REPRESENTATION_CONTEXT(3) 
GLOBAL_UNCERTAINTY_ASSIGNED_CONTEXT((#1107)) 
GLOBAL_UNIT_ASSIGNED_CONTEXT((#1104,#1105,#1106)) REPRESENTATION_CONTEXT
('Context #1','3D Context with UNIT and UNCERTAINTY') );
#1104 = ( LENGTH_UNIT() NAMED_UNIT(*) SI_UNIT(.MILLI.,.METRE.) );
#1105 = ( NAMED_UNIT(*) PLANE_ANGLE_UNIT() SI_UNIT($,.RADIAN.) );
#1106 = ( NAMED_UNIT(*) SI_UNIT($,.STERADIAN.) SOLID_ANGLE_UNIT() );
#1107 = UNCERTAINTY_MEASURE_WITH_UNIT(LENGTH_MEASURE(1.E-07),#1104,
  'distance_accuracy_value','confusion accuracy');
#1108 = CONTEXT_DEPENDENT_SHAPE_REPRESENTATION(#1109,#1111);
#1109 = ( REPRESENTATION_RELATIONSHIP('','',#952,#10) 
REPRESENTATION_RELATIONSHIP_WITH_TRANSFORMATION(#1110) 
SHAPE_REPRESENTATION_RELATIONSHIP() );
#1110 = ITEM_DEFINED_TRANSFORMATION('','',#11,#27);
#1111 = PRODUCT_DEFINITION_SHAPE('Placement','Placement of an item',
  #1112);
#1112 = NEXT_ASSEMBLY_USAGE_OCCURRENCE('468','LIFT_RAIL_R','',#5,#947,$
  );
#1113 = PRODUCT_RELATED_PRODUCT_CATEGORY('part',$,(#949));
#1114 = SHAPE_DEFINITION_REPRESENTATION(#1115,#1121);
#1115 = PRODUCT_DEFINITION_SHAPE('','',#1116);
#1116 = PRODUCT_DEFINITION('design','',#1117,#1120);
#1117 = PRODUCT_DEFINITION_FORMATION('','',#1118);
#1118 = PRODUCT('LIFT_FOOT_R','LIFT_FOOT_R','',(#1119));
#1119 = PRODUCT_CONTEXT('',#2,'mechanical');
#1120 = PRODUCT_DEFINITION_CONTEXT('part definition',#2,'design');
#1121 = ADVANCED_BREP_SHAPE_REPRESENTATION('',(#11,#1122),#1272);
#1122 = MANIFOLD_SOLID_BREP('',#1123);
#1123 = CLOSED_SHELL('',(#1124,#1164,#1204,#1226,#1248,#1260));
#1124 = ADVANCED_FACE('',(#1125),#1159,.F.);
#1125 = FACE_BOUND('',#1126,.F.);
#1126 = EDGE_LOOP('',(#1127,#1137,#1145,#1153));
#1127 = ORIENTED_EDGE('',*,*,#1128,.F.);
#1128 = EDGE_CURVE('',#1129,#1131,#1133,.T.);
#1129 = VERTEX_POINT('',#1130);
#1130 = CARTESIAN_POINT('',(-178.4,173.,66.75));
#1131 = VERTEX_POINT('',#1132);
#1132 = CARTESIAN_POINT('',(-178.4,173.,69.75));
#1133 = LINE('',#1134,#1135);
#1134 = CARTESIAN_POINT('',(-178.4,173.,66.75));
#1135 = VECTOR('',#1136,1.);
#1136 = DIRECTION('',(0.,0.,1.));
#1137 = ORIENTED_EDGE('',*,*,#1138,.T.);
#1138 = EDGE_CURVE('',#1129,#1139,#1141,.T.);
#1139 = VERTEX_POINT('',#1140);
#1140 = CARTESIAN_POINT('',(-178.4,184.,66.75));
#1141 = LINE('',#1142,#1143);
#1142 = CARTESIAN_POINT('',(-178.4,173.,66.75));
#1143 = VECTOR('',#1144,1.);
#1144 = DIRECTION('',(0.,1.,0.));
#1145 = ORIENTED_EDGE('',*,*,#1146,.T.);
#1146 = EDGE_CURVE('',#1139,#1147,#1149,.T.);
#1147 = VERTEX_POINT('',#1148);
#1148 = CARTESIAN_POINT('',(-178.4,184.,69.75));
#1149 = LINE('',#1150,#1151);
#1150 = CARTESIAN_POINT('',(-178.4,184.,66.75));
#1151 = VECTOR('',#1152,1.);
#1152 = DIRECTION('',(0.,0.,1.));
#1153 = ORIENTED_EDGE('',*,*,#1154,.F.);
#1154 = EDGE_CURVE('',#1131,#1147,#1155,.T.);
#1155 = LINE('',#1156,#1157);
#1156 = CARTESIAN_POINT('',(-178.4,173.,69.75));
#1157 = VECTOR('',#1158,1.);
#1158 = DIRECTION('',(0.,1.,0.));
#1159 = PLANE('',#1160);
#1160 = AXIS2_PLACEMENT_3D('',#1161,#1162,#1163);
#1161 = CARTESIAN_POINT('',(-178.4,173.,66.75));
#1162 = DIRECTION('',(1.,0.,0.));
#1163 = DIRECTION('',(0.,0.,1.));
#1164 = ADVANCED_FACE('',(#1165),#1199,.T.);
#1165 = FACE_BOUND('',#1166,.T.);
#1166 = EDGE_LOOP('',(#1167,#1177,#1185,#1193));
#1167 = ORIENTED_EDGE('',*,*,#1168,.F.);
#1168 = EDGE_CURVE('',#1169,#1171,#1173,.T.);
#1169 = VERTEX_POINT('',#1170);
#1170 = CARTESIAN_POINT('',(-164.,173.,66.75));
#1171 = VERTEX_POINT('',#1172);
#1172 = CARTESIAN_POINT('',(-164.,173.,69.75));
#1173 = LINE('',#1174,#1175);
#1174 = CARTESIAN_POINT('',(-164.,173.,66.75));
#1175 = VECTOR('',#1176,1.);
#1176 = DIRECTION('',(0.,0.,1.));
#1177 = ORIENTED_EDGE('',*,*,#1178,.T.);
#1178 = EDGE_CURVE('',#1169,#1179,#1181,.T.);
#1179 = VERTEX_POINT('',#1180);
#1180 = CARTESIAN_POINT('',(-164.,184.,66.75));
#1181 = LINE('',#1182,#1183);
#1182 = CARTESIAN_POINT('',(-164.,173.,66.75));
#1183 = VECTOR('',#1184,1.);
#1184 = DIRECTION('',(0.,1.,0.));
#1185 = ORIENTED_EDGE('',*,*,#1186,.T.);
#1186 = EDGE_CURVE('',#1179,#1187,#1189,.T.);
#1187 = VERTEX_POINT('',#1188);
#1188 = CARTESIAN_POINT('',(-164.,184.,69.75));
#1189 = LINE('',#1190,#1191);
#1190 = CARTESIAN_POINT('',(-164.,184.,66.75));
#1191 = VECTOR('',#1192,1.);
#1192 = DIRECTION('',(0.,0.,1.));
#1193 = ORIENTED_EDGE('',*,*,#1194,.F.);
#1194 = EDGE_CURVE('',#1171,#1187,#1195,.T.);
#1195 = LINE('',#1196,#1197);
#1196 = CARTESIAN_POINT('',(-164.,173.,69.75));
#1197 = VECTOR('',#1198,1.);
#1198 = DIRECTION('',(0.,1.,0.));
#1199 = PLANE('',#1200);
#1200 = AXIS2_PLACEMENT_3D('',#1201,#1202,#1203);
#1201 = CARTESIAN_POINT('',(-164.,173.,66.75));
#1202 = DIRECTION('',(1.,0.,0.));
#1203 = DIRECTION('',(0.,0.,1.));
#1204 = ADVANCED_FACE('',(#1205),#1221,.F.);
#1205 = FACE_BOUND('',#1206,.F.);
#1206 = EDGE_LOOP('',(#1207,#1213,#1214,#1220));
#1207 = ORIENTED_EDGE('',*,*,#1208,.F.);
#1208 = EDGE_CURVE('',#1129,#1169,#1209,.T.);
#1209 = LINE('',#1210,#1211);
#1210 = CARTESIAN_POINT('',(-178.4,173.,66.75));
#1211 = VECTOR('',#1212,1.);
#1212 = DIRECTION('',(1.,0.,0.));
#1213 = ORIENTED_EDGE('',*,*,#1128,.T.);
#1214 = ORIENTED_EDGE('',*,*,#1215,.T.);
#1215 = EDGE_CURVE('',#1131,#1171,#1216,.T.);
#1216 = LINE('',#1217,#1218);
#1217 = CARTESIAN_POINT('',(-178.4,173.,69.75));
#1218 = VECTOR('',#1219,1.);
#1219 = DIRECTION('',(1.,0.,0.));
#1220 = ORIENTED_EDGE('',*,*,#1168,.F.);
#1221 = PLANE('',#1222);
#1222 = AXIS2_PLACEMENT_3D('',#1223,#1224,#1225);
#1223 = CARTESIAN_POINT('',(-178.4,173.,66.75));
#1224 = DIRECTION('',(0.,1.,0.));
#1225 = DIRECTION('',(0.,0.,1.));
#1226 = ADVANCED_FACE('',(#1227),#1243,.T.);
#1227 = FACE_BOUND('',#1228,.T.);
#1228 = EDGE_LOOP('',(#1229,#1235,#1236,#1242));
#1229 = ORIENTED_EDGE('',*,*,#1230,.F.);
#1230 = EDGE_CURVE('',#1139,#1179,#1231,.T.);
#1231 = LINE('',#1232,#1233);
#1232 = CARTESIAN_POINT('',(-178.4,184.,66.75));
#1233 = VECTOR('',#1234,1.);
#1234 = DIRECTION('',(1.,0.,0.));
#1235 = ORIENTED_EDGE('',*,*,#1146,.T.);
#1236 = ORIENTED_EDGE('',*,*,#1237,.T.);
#1237 = EDGE_CURVE('',#1147,#1187,#1238,.T.);
#1238 = LINE('',#1239,#1240);
#1239 = CARTESIAN_POINT('',(-178.4,184.,69.75));
#1240 = VECTOR('',#1241,1.);
#1241 = DIRECTION('',(1.,0.,0.));
#1242 = ORIENTED_EDGE('',*,*,#1186,.F.);
#1243 = PLANE('',#1244);
#1244 = AXIS2_PLACEMENT_3D('',#1245,#1246,#1247);
#1245 = CARTESIAN_POINT('',(-178.4,184.,66.75));
#1246 = DIRECTION('',(0.,1.,0.));
#1247 = DIRECTION('',(0.,0.,1.));
#1248 = ADVANCED_FACE('',(#1249),#1255,.F.);
#1249 = FACE_BOUND('',#1250,.F.);
#1250 = EDGE_LOOP('',(#1251,#1252,#1253,#1254));
#1251 = ORIENTED_EDGE('',*,*,#1138,.F.);
#1252 = ORIENTED_EDGE('',*,*,#1208,.T.);
#1253 = ORIENTED_EDGE('',*,*,#1178,.T.);
#1254 = ORIENTED_EDGE('',*,*,#1230,.F.);
#1255 = PLANE('',#1256);
#1256 = AXIS2_PLACEMENT_3D('',#1257,#1258,#1259);
#1257 = CARTESIAN_POINT('',(-178.4,173.,66.75));
#1258 = DIRECTION('',(0.,0.,1.));
#1259 = DIRECTION('',(1.,0.,0.));
#1260 = ADVANCED_FACE('',(#1261),#1267,.T.);
#1261 = FACE_BOUND('',#1262,.T.);
#1262 = EDGE_LOOP('',(#1263,#1264,#1265,#1266));
#1263 = ORIENTED_EDGE('',*,*,#1154,.F.);
#1264 = ORIENTED_EDGE('',*,*,#1215,.T.);
#1265 = ORIENTED_EDGE('',*,*,#1194,.T.);
#1266 = ORIENTED_EDGE('',*,*,#1237,.F.);
#1267 = PLANE('',#1268);
#1268 = AXIS2_PLACEMENT_3D('',#1269,#1270,#1271);
#1269 = CARTESIAN_POINT('',(-178.4,173.,69.75));
#1270 = DIRECTION('',(0.,0.,1.));
#1271 = DIRECTION('',(1.,0.,0.));
#1272 = ( GEOMETRIC_REPRESENTATION_CONTEXT(3) 
GLOBAL_UNCERTAINTY_ASSIGNED_CONTEXT((#1276)) 
GLOBAL_UNIT_ASSIGNED_CONTEXT((#1273,#1274,#1275)) REPRESENTATION_CONTEXT
('Context #1','3D Context with UNIT and UNCERTAINTY') );
#1273 = ( LENGTH_UNIT() NAMED_UNIT(*) SI_UNIT(.MILLI.,.METRE.) );
#1274 = ( NAMED_UNIT(*) PLANE_ANGLE_UNIT() SI_UNIT($,.RADIAN.) );
#1275 = ( NAMED_UNIT(*) SI_UNIT($,.STERADIAN.) SOLID_ANGLE_UNIT() );
#1276 = UNCERTAINTY_MEASURE_WITH_UNIT(LENGTH_MEASURE(1.E-07),#1273,
  'distance_accuracy_value','confusion accuracy');
#1277 = CONTEXT_DEPENDENT_SHAPE_REPRESENTATION(#1278,#1280);
#1278 = ( REPRESENTATION_RELATIONSHIP('','',#1121,#10) 
REPRESENTATION_RELATIONSHIP_WITH_TRANSFORMATION(#1279) 
SHAPE_REPRESENTATION_RELATIONSHIP() );
#1279 = ITEM_DEFINED_TRANSFORMATION('','',#11,#31);
#1280 = PRODUCT_DEFINITION_SHAPE('Placement','Placement of an item',
  #1281);
#1281 = NEXT_ASSEMBLY_USAGE_OCCURRENCE('469','LIFT_FOOT_R','',#5,#1116,$
  );
#1282 = PRODUCT_RELATED_PRODUCT_CATEGORY('part',$,(#1118));
#1283 = SHAPE_DEFINITION_REPRESENTATION(#1284,#1290);
#1284 = PRODUCT_DEFINITION_SHAPE('','',#1285);
#1285 = PRODUCT_DEFINITION('design','',#1286,#1289);
#1286 = PRODUCT_DEFINITION_FORMATION('','',#1287);
#1287 = PRODUCT('LIFT_TOP_TIE','LIFT_TOP_TIE','',(#1288));
#1288 = PRODUCT_CONTEXT('',#2,'mechanical');
#1289 = PRODUCT_DEFINITION_CONTEXT('part definition',#2,'design');
#1290 = ADVANCED_BREP_SHAPE_REPRESENTATION('',(#11,#1291),#1725);
#1291 = MANIFOLD_SOLID_BREP('',#1292);
#1292 = CLOSED_SHELL('',(#1293,#1333,#1364,#1388,#1412,#1497,#1509,#1540
    ,#1564,#1588,#1605,#1636,#1660,#1684,#1701,#1713));
#1293 = ADVANCED_FACE('',(#1294),#1328,.F.);
#1294 = FACE_BOUND('',#1295,.F.);
#1295 = EDGE_LOOP('',(#1296,#1306,#1314,#1322));
#1296 = ORIENTED_EDGE('',*,*,#1297,.F.);
#1297 = EDGE_CURVE('',#1298,#1300,#1302,.T.);
#1298 = VERTEX_POINT('',#1299);
#1299 = CARTESIAN_POINT('',(-194.,151.,326.));
#1300 = VERTEX_POINT('',#1301);
#1301 = CARTESIAN_POINT('',(-194.,151.,334.));
#1302 = LINE('',#1303,#1304);
#1303 = CARTESIAN_POINT('',(-194.,151.,326.));
#1304 = VECTOR('',#1305,1.);
#1305 = DIRECTION('',(0.,0.,1.));
#1306 = ORIENTED_EDGE('',*,*,#1307,.T.);
#1307 = EDGE_CURVE('',#1298,#1308,#1310,.T.);
#1308 = VERTEX_POINT('',#1309);
#1309 = CARTESIAN_POINT('',(-194.,173.,326.));
#1310 = LINE('',#1311,#1312);
#1311 = CARTESIAN_POINT('',(-194.,151.,326.));
#1312 = VECTOR('',#1313,1.);
#1313 = DIRECTION('',(0.,1.,0.));
#1314 = ORIENTED_EDGE('',*,*,#1315,.T.);
#1315 = EDGE_CURVE('',#1308,#1316,#1318,.T.);
#1316 = VERTEX_POINT('',#1317);
#1317 = CARTESIAN_POINT('',(-194.,173.,334.));
#1318 = LINE('',#1319,#1320);
#1319 = CARTESIAN_POINT('',(-194.,173.,326.));
#1320 = VECTOR('',#1321,1.);
#1321 = DIRECTION('',(0.,0.,1.));
#1322 = ORIENTED_EDGE('',*,*,#1323,.F.);
#1323 = EDGE_CURVE('',#1300,#1316,#1324,.T.);
#1324 = LINE('',#1325,#1326);
#1325 = CARTESIAN_POINT('',(-194.,151.,334.));
#1326 = VECTOR('',#1327,1.);
#1327 = DIRECTION('',(0.,1.,0.));
#1328 = PLANE('',#1329);
#1329 = AXIS2_PLACEMENT_3D('',#1330,#1331,#1332);
#1330 = CARTESIAN_POINT('',(-194.,151.,326.));
#1331 = DIRECTION('',(1.,0.,0.));
#1332 = DIRECTION('',(0.,0.,1.));
#1333 = ADVANCED_FACE('',(#1334),#1359,.F.);
#1334 = FACE_BOUND('',#1335,.F.);
#1335 = EDGE_LOOP('',(#1336,#1344,#1345,#1353));
#1336 = ORIENTED_EDGE('',*,*,#1337,.F.);
#1337 = EDGE_CURVE('',#1298,#1338,#1340,.T.);
#1338 = VERTEX_POINT('',#1339);
#1339 = CARTESIAN_POINT('',(-177.,151.,326.));
#1340 = LINE('',#1341,#1342);
#1341 = CARTESIAN_POINT('',(-194.,151.,326.));
#1342 = VECTOR('',#1343,1.);
#1343 = DIRECTION('',(1.,0.,0.));
#1344 = ORIENTED_EDGE('',*,*,#1297,.T.);
#1345 = ORIENTED_EDGE('',*,*,#1346,.T.);
#1346 = EDGE_CURVE('',#1300,#1347,#1349,.T.);
#1347 = VERTEX_POINT('',#1348);
#1348 = CARTESIAN_POINT('',(-177.,151.,334.));
#1349 = LINE('',#1350,#1351);
#1350 = CARTESIAN_POINT('',(-194.,151.,334.));
#1351 = VECTOR('',#1352,1.);
#1352 = DIRECTION('',(1.,0.,0.));
#1353 = ORIENTED_EDGE('',*,*,#1354,.F.);
#1354 = EDGE_CURVE('',#1338,#1347,#1355,.T.);
#1355 = LINE('',#1356,#1357);
#1356 = CARTESIAN_POINT('',(-177.,151.,326.));
#1357 = VECTOR('',#1358,1.);
#1358 = DIRECTION('',(0.,0.,1.));
#1359 = PLANE('',#1360);
#1360 = AXIS2_PLACEMENT_3D('',#1361,#1362,#1363);
#1361 = CARTESIAN_POINT('',(-194.,151.,326.));
#1362 = DIRECTION('',(0.,1.,0.));
#1363 = DIRECTION('',(0.,0.,1.));
#1364 = ADVANCED_FACE('',(#1365),#1383,.T.);
#1365 = FACE_BOUND('',#1366,.T.);
#1366 = EDGE_LOOP('',(#1367,#1368,#1369,#1377));
#1367 = ORIENTED_EDGE('',*,*,#1323,.F.);
#1368 = ORIENTED_EDGE('',*,*,#1346,.T.);
#1369 = ORIENTED_EDGE('',*,*,#1370,.T.);
#1370 = EDGE_CURVE('',#1347,#1371,#1373,.T.);
#1371 = VERTEX_POINT('',#1372);
#1372 = CARTESIAN_POINT('',(-177.,173.,334.));
#1373 = LINE('',#1374,#1375);
#1374 = CARTESIAN_POINT('',(-177.,151.,334.));
#1375 = VECTOR('',#1376,1.);
#1376 = DIRECTION('',(0.,1.,0.));
#1377 = ORIENTED_EDGE('',*,*,#1378,.F.);
#1378 = EDGE_CURVE('',#1316,#1371,#1379,.T.);
#1379 = LINE('',#1380,#1381);
#1380 = CARTESIAN_POINT('',(-194.,173.,334.));
#1381 = VECTOR('',#1382,1.);
#1382 = DIRECTION('',(1.,0.,0.));
#1383 = PLANE('',#1384);
#1384 = AXIS2_PLACEMENT_3D('',#1385,#1386,#1387);
#1385 = CARTESIAN_POINT('',(-194.,151.,334.));
#1386 = DIRECTION('',(0.,0.,1.));
#1387 = DIRECTION('',(1.,0.,0.));
#1388 = ADVANCED_FACE('',(#1389),#1407,.T.);
#1389 = FACE_BOUND('',#1390,.T.);
#1390 = EDGE_LOOP('',(#1391,#1399,#1400,#1401));
#1391 = ORIENTED_EDGE('',*,*,#1392,.F.);
#1392 = EDGE_CURVE('',#1308,#1393,#1395,.T.);
#1393 = VERTEX_POINT('',#1394);
#1394 = CARTESIAN_POINT('',(-177.,173.,326.));
#1395 = LINE('',#1396,#1397);
#1396 = CARTESIAN_POINT('',(-194.,173.,326.));
#1397 = VECTOR('',#1398,1.);
#1398 = DIRECTION('',(1.,0.,0.));
#1399 = ORIENTED_EDGE('',*,*,#1315,.T.);
#1400 = ORIENTED_EDGE('',*,*,#1378,.T.);
#1401 = ORIENTED_EDGE('',*,*,#1402,.F.);
#1402 = EDGE_CURVE('',#1393,#1371,#1403,.T.);
#1403 = LINE('',#1404,#1405);
#1404 = CARTESIAN_POINT('',(-177.,173.,326.));
#1405 = VECTOR('',#1406,1.);
#1406 = DIRECTION('',(0.,0.,1.));
#1407 = PLANE('',#1408);
#1408 = AXIS2_PLACEMENT_3D('',#1409,#1410,#1411);
#1409 = CARTESIAN_POINT('',(-194.,173.,326.));
#1410 = DIRECTION('',(0.,1.,0.));
#1411 = DIRECTION('',(0.,0.,1.));
#1412 = ADVANCED_FACE('',(#1413,#1424,#1458),#1492,.F.);
#1413 = FACE_BOUND('',#1414,.F.);
#1414 = EDGE_LOOP('',(#1415,#1416,#1417,#1423));
#1415 = ORIENTED_EDGE('',*,*,#1307,.F.);
#1416 = ORIENTED_EDGE('',*,*,#1337,.T.);
#1417 = ORIENTED_EDGE('',*,*,#1418,.T.);
#1418 = EDGE_CURVE('',#1338,#1393,#1419,.T.);
#1419 = LINE('',#1420,#1421);
#1420 = CARTESIAN_POINT('',(-177.,151.,326.));
#1421 = VECTOR('',#1422,1.);
#1422 = DIRECTION('',(0.,1.,0.));
#1423 = ORIENTED_EDGE('',*,*,#1392,.F.);
#1424 = FACE_BOUND('',#1425,.F.);
#1425 = EDGE_LOOP('',(#1426,#1436,#1444,#1452));
#1426 = ORIENTED_EDGE('',*,*,#1427,.T.);
#1427 = EDGE_CURVE('',#1428,#1430,#1432,.T.);
#1428 = VERTEX_POINT('',#1429);
#1429 = CARTESIAN_POINT('',(-183.,157.,326.));
#1430 = VERTEX_POINT('',#1431);
#1431 = CARTESIAN_POINT('',(-189.,157.,326.));
#1432 = LINE('',#1433,#1434);
#1433 = CARTESIAN_POINT('',(-191.5,157.,326.));
#1434 = VECTOR('',#1435,1.);
#1435 = DIRECTION('',(-1.,0.,0.));
#1436 = ORIENTED_EDGE('',*,*,#1437,.T.);
#1437 = EDGE_CURVE('',#1430,#1438,#1440,.T.);
#1438 = VERTEX_POINT('',#1439);
#1439 = CARTESIAN_POINT('',(-189.,159.,326.));
#1440 = LINE('',#1441,#1442);
#1441 = CARTESIAN_POINT('',(-189.,154.,326.));
#1442 = VECTOR('',#1443,1.);
#1443 = DIRECTION('',(0.,1.,0.));
#1444 = ORIENTED_EDGE('',*,*,#1445,.F.);
#1445 = EDGE_CURVE('',#1446,#1438,#1448,.T.);
#1446 = VERTEX_POINT('',#1447);
#1447 = CARTESIAN_POINT('',(-183.,159.,326.));
#1448 = LINE('',#1449,#1450);
#1449 = CARTESIAN_POINT('',(-191.5,159.,326.));
#1450 = VECTOR('',#1451,1.);
#1451 = DIRECTION('',(-1.,0.,0.));
#1452 = ORIENTED_EDGE('',*,*,#1453,.F.);
#1453 = EDGE_CURVE('',#1428,#1446,#1454,.T.);
#1454 = LINE('',#1455,#1456);
#1455 = CARTESIAN_POINT('',(-183.,154.,326.));
#1456 = VECTOR('',#1457,1.);
#1457 = DIRECTION('',(0.,1.,0.));
#1458 = FACE_BOUND('',#1459,.F.);
#1459 = EDGE_LOOP('',(#1460,#1470,#1478,#1486));
#1460 = ORIENTED_EDGE('',*,*,#1461,.T.);
#1461 = EDGE_CURVE('',#1462,#1464,#1466,.T.);
#1462 = VERTEX_POINT('',#1463);
#1463 = CARTESIAN_POINT('',(-183.,166.,326.));
#1464 = VERTEX_POINT('',#1465);
#1465 = CARTESIAN_POINT('',(-189.,166.,326.));
#1466 = LINE('',#1467,#1468);
#1467 = CARTESIAN_POINT('',(-191.5,166.,326.));
#1468 = VECTOR('',#1469,1.);
#1469 = DIRECTION('',(-1.,0.,0.));
#1470 = ORIENTED_EDGE('',*,*,#1471,.T.);
#1471 = EDGE_CURVE('',#1464,#1472,#1474,.T.);
#1472 = VERTEX_POINT('',#1473);
#1473 = CARTESIAN_POINT('',(-189.,168.,326.));
#1474 = LINE('',#1475,#1476);
#1475 = CARTESIAN_POINT('',(-189.,158.5,326.));
#1476 = VECTOR('',#1477,1.);
#1477 = DIRECTION('',(0.,1.,0.));
#1478 = ORIENTED_EDGE('',*,*,#1479,.F.);
#1479 = EDGE_CURVE('',#1480,#1472,#1482,.T.);
#1480 = VERTEX_POINT('',#1481);
#1481 = CARTESIAN_POINT('',(-183.,168.,326.));
#1482 = LINE('',#1483,#1484);
#1483 = CARTESIAN_POINT('',(-191.5,168.,326.));
#1484 = VECTOR('',#1485,1.);
#1485 = DIRECTION('',(-1.,0.,0.));
#1486 = ORIENTED_EDGE('',*,*,#1487,.F.);
#1487 = EDGE_CURVE('',#1462,#1480,#1488,.T.);
#1488 = LINE('',#1489,#1490);
#1489 = CARTESIAN_POINT('',(-183.,158.5,326.));
#1490 = VECTOR('',#1491,1.);
#1491 = DIRECTION('',(0.,1.,0.));
#1492 = PLANE('',#1493);
#1493 = AXIS2_PLACEMENT_3D('',#1494,#1495,#1496);
#1494 = CARTESIAN_POINT('',(-194.,151.,326.));
#1495 = DIRECTION('',(0.,0.,1.));
#1496 = DIRECTION('',(1.,0.,0.));
#1497 = ADVANCED_FACE('',(#1498),#1504,.T.);
#1498 = FACE_BOUND('',#1499,.T.);
#1499 = EDGE_LOOP('',(#1500,#1501,#1502,#1503));
#1500 = ORIENTED_EDGE('',*,*,#1354,.F.);
#1501 = ORIENTED_EDGE('',*,*,#1418,.T.);
#1502 = ORIENTED_EDGE('',*,*,#1402,.T.);
#1503 = ORIENTED_EDGE('',*,*,#1370,.F.);
#1504 = PLANE('',#1505);
#1505 = AXIS2_PLACEMENT_3D('',#1506,#1507,#1508);
#1506 = CARTESIAN_POINT('',(-177.,151.,326.));
#1507 = DIRECTION('',(1.,0.,0.));
#1508 = DIRECTION('',(0.,0.,1.));
#1509 = ADVANCED_FACE('',(#1510),#1535,.F.);
#1510 = FACE_BOUND('',#1511,.F.);
#1511 = EDGE_LOOP('',(#1512,#1520,#1528,#1534));
#1512 = ORIENTED_EDGE('',*,*,#1513,.F.);
#1513 = EDGE_CURVE('',#1514,#1428,#1516,.T.);
#1514 = VERTEX_POINT('',#1515);
#1515 = CARTESIAN_POINT('',(-183.,157.,317.));
#1516 = LINE('',#1517,#1518);
#1517 = CARTESIAN_POINT('',(-183.,157.,317.));
#1518 = VECTOR('',#1519,1.);
#1519 = DIRECTION('',(0.,0.,1.));
#1520 = ORIENTED_EDGE('',*,*,#1521,.F.);
#1521 = EDGE_CURVE('',#1522,#1514,#1524,.T.);
#1522 = VERTEX_POINT('',#1523);
#1523 = CARTESIAN_POINT('',(-189.,157.,317.));
#1524 = LINE('',#1525,#1526);
#1525 = CARTESIAN_POINT('',(-189.,157.,317.));
#1526 = VECTOR('',#1527,1.);
#1527 = DIRECTION('',(1.,0.,0.));
#1528 = ORIENTED_EDGE('',*,*,#1529,.T.);
#1529 = EDGE_CURVE('',#1522,#1430,#1530,.T.);
#1530 = LINE('',#1531,#1532);
#1531 = CARTESIAN_POINT('',(-189.,157.,317.));
#1532 = VECTOR('',#1533,1.);
#1533 = DIRECTION('',(0.,0.,1.));
#1534 = ORIENTED_EDGE('',*,*,#1427,.F.);
#1535 = PLANE('',#1536);
#1536 = AXIS2_PLACEMENT_3D('',#1537,#1538,#1539);
#1537 = CARTESIAN_POINT('',(-189.,157.,317.));
#1538 = DIRECTION('',(0.,1.,0.));
#1539 = DIRECTION('',(0.,0.,1.));
#1540 = ADVANCED_FACE('',(#1541),#1559,.T.);
#1541 = FACE_BOUND('',#1542,.T.);
#1542 = EDGE_LOOP('',(#1543,#1544,#1552,#1558));
#1543 = ORIENTED_EDGE('',*,*,#1513,.F.);
#1544 = ORIENTED_EDGE('',*,*,#1545,.T.);
#1545 = EDGE_CURVE('',#1514,#1546,#1548,.T.);
#1546 = VERTEX_POINT('',#1547);
#1547 = CARTESIAN_POINT('',(-183.,159.,317.));
#1548 = LINE('',#1549,#1550);
#1549 = CARTESIAN_POINT('',(-183.,157.,317.));
#1550 = VECTOR('',#1551,1.);
#1551 = DIRECTION('',(0.,1.,0.));
#1552 = ORIENTED_EDGE('',*,*,#1553,.T.);
#1553 = EDGE_CURVE('',#1546,#1446,#1554,.T.);
#1554 = LINE('',#1555,#1556);
#1555 = CARTESIAN_POINT('',(-183.,159.,317.));
#1556 = VECTOR('',#1557,1.);
#1557 = DIRECTION('',(0.,0.,1.));
#1558 = ORIENTED_EDGE('',*,*,#1453,.F.);
#1559 = PLANE('',#1560);
#1560 = AXIS2_PLACEMENT_3D('',#1561,#1562,#1563);
#1561 = CARTESIAN_POINT('',(-183.,157.,317.));
#1562 = DIRECTION('',(1.,0.,0.));
#1563 = DIRECTION('',(0.,0.,1.));
#1564 = ADVANCED_FACE('',(#1565),#1583,.T.);
#1565 = FACE_BOUND('',#1566,.T.);
#1566 = EDGE_LOOP('',(#1567,#1568,#1576,#1582));
#1567 = ORIENTED_EDGE('',*,*,#1553,.F.);
#1568 = ORIENTED_EDGE('',*,*,#1569,.F.);
#1569 = EDGE_CURVE('',#1570,#1546,#1572,.T.);
#1570 = VERTEX_POINT('',#1571);
#1571 = CARTESIAN_POINT('',(-189.,159.,317.));
#1572 = LINE('',#1573,#1574);
#1573 = CARTESIAN_POINT('',(-189.,159.,317.));
#1574 = VECTOR('',#1575,1.);
#1575 = DIRECTION('',(1.,0.,0.));
#1576 = ORIENTED_EDGE('',*,*,#1577,.T.);
#1577 = EDGE_CURVE('',#1570,#1438,#1578,.T.);
#1578 = LINE('',#1579,#1580);
#1579 = CARTESIAN_POINT('',(-189.,159.,317.));
#1580 = VECTOR('',#1581,1.);
#1581 = DIRECTION('',(0.,0.,1.));
#1582 = ORIENTED_EDGE('',*,*,#1445,.F.);
#1583 = PLANE('',#1584);
#1584 = AXIS2_PLACEMENT_3D('',#1585,#1586,#1587);
#1585 = CARTESIAN_POINT('',(-189.,159.,317.));
#1586 = DIRECTION('',(0.,1.,0.));
#1587 = DIRECTION('',(0.,0.,1.));
#1588 = ADVANCED_FACE('',(#1589),#1600,.F.);
#1589 = FACE_BOUND('',#1590,.F.);
#1590 = EDGE_LOOP('',(#1591,#1592,#1598,#1599));
#1591 = ORIENTED_EDGE('',*,*,#1529,.F.);
#1592 = ORIENTED_EDGE('',*,*,#1593,.T.);
#1593 = EDGE_CURVE('',#1522,#1570,#1594,.T.);
#1594 = LINE('',#1595,#1596);
#1595 = CARTESIAN_POINT('',(-189.,157.,317.));
#1596 = VECTOR('',#1597,1.);
#1597 = DIRECTION('',(0.,1.,0.));
#1598 = ORIENTED_EDGE('',*,*,#1577,.T.);
#1599 = ORIENTED_EDGE('',*,*,#1437,.F.);
#1600 = PLANE('',#1601);
#1601 = AXIS2_PLACEMENT_3D('',#1602,#1603,#1604);
#1602 = CARTESIAN_POINT('',(-189.,157.,317.));
#1603 = DIRECTION('',(1.,0.,0.));
#1604 = DIRECTION('',(0.,0.,1.));
#1605 = ADVANCED_FACE('',(#1606),#1631,.F.);
#1606 = FACE_BOUND('',#1607,.F.);
#1607 = EDGE_LOOP('',(#1608,#1616,#1624,#1630));
#1608 = ORIENTED_EDGE('',*,*,#1609,.F.);
#1609 = EDGE_CURVE('',#1610,#1462,#1612,.T.);
#1610 = VERTEX_POINT('',#1611);
#1611 = CARTESIAN_POINT('',(-183.,166.,317.));
#1612 = LINE('',#1613,#1614);
#1613 = CARTESIAN_POINT('',(-183.,166.,317.));
#1614 = VECTOR('',#1615,1.);
#1615 = DIRECTION('',(0.,0.,1.));
#1616 = ORIENTED_EDGE('',*,*,#1617,.F.);
#1617 = EDGE_CURVE('',#1618,#1610,#1620,.T.);
#1618 = VERTEX_POINT('',#1619);
#1619 = CARTESIAN_POINT('',(-189.,166.,317.));
#1620 = LINE('',#1621,#1622);
#1621 = CARTESIAN_POINT('',(-189.,166.,317.));
#1622 = VECTOR('',#1623,1.);
#1623 = DIRECTION('',(1.,0.,0.));
#1624 = ORIENTED_EDGE('',*,*,#1625,.T.);
#1625 = EDGE_CURVE('',#1618,#1464,#1626,.T.);
#1626 = LINE('',#1627,#1628);
#1627 = CARTESIAN_POINT('',(-189.,166.,317.));
#1628 = VECTOR('',#1629,1.);
#1629 = DIRECTION('',(0.,0.,1.));
#1630 = ORIENTED_EDGE('',*,*,#1461,.F.);
#1631 = PLANE('',#1632);
#1632 = AXIS2_PLACEMENT_3D('',#1633,#1634,#1635);
#1633 = CARTESIAN_POINT('',(-189.,166.,317.));
#1634 = DIRECTION('',(0.,1.,0.));
#1635 = DIRECTION('',(0.,0.,1.));
#1636 = ADVANCED_FACE('',(#1637),#1655,.T.);
#1637 = FACE_BOUND('',#1638,.T.);
#1638 = EDGE_LOOP('',(#1639,#1640,#1648,#1654));
#1639 = ORIENTED_EDGE('',*,*,#1609,.F.);
#1640 = ORIENTED_EDGE('',*,*,#1641,.T.);
#1641 = EDGE_CURVE('',#1610,#1642,#1644,.T.);
#1642 = VERTEX_POINT('',#1643);
#1643 = CARTESIAN_POINT('',(-183.,168.,317.));
#1644 = LINE('',#1645,#1646);
#1645 = CARTESIAN_POINT('',(-183.,166.,317.));
#1646 = VECTOR('',#1647,1.);
#1647 = DIRECTION('',(0.,1.,0.));
#1648 = ORIENTED_EDGE('',*,*,#1649,.T.);
#1649 = EDGE_CURVE('',#1642,#1480,#1650,.T.);
#1650 = LINE('',#1651,#1652);
#1651 = CARTESIAN_POINT('',(-183.,168.,317.));
#1652 = VECTOR('',#1653,1.);
#1653 = DIRECTION('',(0.,0.,1.));
#1654 = ORIENTED_EDGE('',*,*,#1487,.F.);
#1655 = PLANE('',#1656);
#1656 = AXIS2_PLACEMENT_3D('',#1657,#1658,#1659);
#1657 = CARTESIAN_POINT('',(-183.,166.,317.));
#1658 = DIRECTION('',(1.,0.,0.));
#1659 = DIRECTION('',(0.,0.,1.));
#1660 = ADVANCED_FACE('',(#1661),#1679,.T.);
#1661 = FACE_BOUND('',#1662,.T.);
#1662 = EDGE_LOOP('',(#1663,#1664,#1672,#1678));
#1663 = ORIENTED_EDGE('',*,*,#1649,.F.);
#1664 = ORIENTED_EDGE('',*,*,#1665,.F.);
#1665 = EDGE_CURVE('',#1666,#1642,#1668,.T.);
#1666 = VERTEX_POINT('',#1667);
#1667 = CARTESIAN_POINT('',(-189.,168.,317.));
#1668 = LINE('',#1669,#1670);
#1669 = CARTESIAN_POINT('',(-189.,168.,317.));
#1670 = VECTOR('',#1671,1.);
#1671 = DIRECTION('',(1.,0.,0.));
#1672 = ORIENTED_EDGE('',*,*,#1673,.T.);
#1673 = EDGE_CURVE('',#1666,#1472,#1674,.T.);
#1674 = LINE('',#1675,#1676);
#1675 = CARTESIAN_POINT('',(-189.,168.,317.));
#1676 = VECTOR('',#1677,1.);
#1677 = DIRECTION('',(0.,0.,1.));
#1678 = ORIENTED_EDGE('',*,*,#1479,.F.);
#1679 = PLANE('',#1680);
#1680 = AXIS2_PLACEMENT_3D('',#1681,#1682,#1683);
#1681 = CARTESIAN_POINT('',(-189.,168.,317.));
#1682 = DIRECTION('',(0.,1.,0.));
#1683 = DIRECTION('',(0.,0.,1.));
#1684 = ADVANCED_FACE('',(#1685),#1696,.F.);
#1685 = FACE_BOUND('',#1686,.F.);
#1686 = EDGE_LOOP('',(#1687,#1688,#1694,#1695));
#1687 = ORIENTED_EDGE('',*,*,#1625,.F.);
#1688 = ORIENTED_EDGE('',*,*,#1689,.T.);
#1689 = EDGE_CURVE('',#1618,#1666,#1690,.T.);
#1690 = LINE('',#1691,#1692);
#1691 = CARTESIAN_POINT('',(-189.,166.,317.));
#1692 = VECTOR('',#1693,1.);
#1693 = DIRECTION('',(0.,1.,0.));
#1694 = ORIENTED_EDGE('',*,*,#1673,.T.);
#1695 = ORIENTED_EDGE('',*,*,#1471,.F.);
#1696 = PLANE('',#1697);
#1697 = AXIS2_PLACEMENT_3D('',#1698,#1699,#1700);
#1698 = CARTESIAN_POINT('',(-189.,166.,317.));
#1699 = DIRECTION('',(1.,0.,0.));
#1700 = DIRECTION('',(0.,0.,1.));
#1701 = ADVANCED_FACE('',(#1702),#1708,.F.);
#1702 = FACE_BOUND('',#1703,.F.);
#1703 = EDGE_LOOP('',(#1704,#1705,#1706,#1707));
#1704 = ORIENTED_EDGE('',*,*,#1593,.F.);
#1705 = ORIENTED_EDGE('',*,*,#1521,.T.);
#1706 = ORIENTED_EDGE('',*,*,#1545,.T.);
#1707 = ORIENTED_EDGE('',*,*,#1569,.F.);
#1708 = PLANE('',#1709);
#1709 = AXIS2_PLACEMENT_3D('',#1710,#1711,#1712);
#1710 = CARTESIAN_POINT('',(-189.,157.,317.));
#1711 = DIRECTION('',(0.,0.,1.));
#1712 = DIRECTION('',(1.,0.,0.));
#1713 = ADVANCED_FACE('',(#1714),#1720,.F.);
#1714 = FACE_BOUND('',#1715,.F.);
#1715 = EDGE_LOOP('',(#1716,#1717,#1718,#1719));
#1716 = ORIENTED_EDGE('',*,*,#1689,.F.);
#1717 = ORIENTED_EDGE('',*,*,#1617,.T.);
#1718 = ORIENTED_EDGE('',*,*,#1641,.T.);
#1719 = ORIENTED_EDGE('',*,*,#1665,.F.);
#1720 = PLANE('',#1721);
#1721 = AXIS2_PLACEMENT_3D('',#1722,#1723,#1724);
#1722 = CARTESIAN_POINT('',(-189.,166.,317.));
#1723 = DIRECTION('',(0.,0.,1.));
#1724 = DIRECTION('',(1.,0.,0.));
#1725 = ( GEOMETRIC_REPRESENTATION_CONTEXT(3) 
GLOBAL_UNCERTAINTY_ASSIGNED_CONTEXT((#1729)) 
GLOBAL_UNIT_ASSIGNED_CONTEXT((#1726,#1727,#1728)) REPRESENTATION_CONTEXT
('Context #1','3D Context with UNIT and UNCERTAINTY') );
#1726 = ( LENGTH_UNIT() NAMED_UNIT(*) SI_UNIT(.MILLI.,.METRE.) );
#1727 = ( NAMED_UNIT(*) PLANE_ANGLE_UNIT() SI_UNIT($,.RADIAN.) );
#1728 = ( NAMED_UNIT(*) SI_UNIT($,.STERADIAN.) SOLID_ANGLE_UNIT() );
#1729 = UNCERTAINTY_MEASURE_WITH_UNIT(LENGTH_MEASURE(5.E-06),#1726,
  'distance_accuracy_value','confusion accuracy');
#1730 = CONTEXT_DEPENDENT_SHAPE_REPRESENTATION(#1731,#1733);
#1731 = ( REPRESENTATION_RELATIONSHIP('','',#1290,#10) 
REPRESENTATION_RELATIONSHIP_WITH_TRANSFORMATION(#1732) 
SHAPE_REPRESENTATION_RELATIONSHIP() );
#1732 = ITEM_DEFINED_TRANSFORMATION('','',#11,#35);
#1733 = PRODUCT_DEFINITION_SHAPE('Placement','Placement of an item',
  #1734);
#1734 = NEXT_ASSEMBLY_USAGE_OCCURRENCE('470','LIFT_TOP_TIE','',#5,#1285,
  $);
#1735 = PRODUCT_RELATED_PRODUCT_CATEGORY('part',$,(#1287));
#1736 = SHAPE_DEFINITION_REPRESENTATION(#1737,#1743);
#1737 = PRODUCT_DEFINITION_SHAPE('','',#1738);
#1738 = PRODUCT_DEFINITION('design','',#1739,#1742);
#1739 = PRODUCT_DEFINITION_FORMATION('','',#1740);
#1740 = PRODUCT('LIFT_TPIN','LIFT_TPIN','',(#1741));
#1741 = PRODUCT_CONTEXT('',#2,'mechanical');
#1742 = PRODUCT_DEFINITION_CONTEXT('part definition',#2,'design');
#1743 = ADVANCED_BREP_SHAPE_REPRESENTATION('',(#11,#1744),#1797);
#1744 = MANIFOLD_SOLID_BREP('',#1745);
#1745 = CLOSED_SHELL('',(#1746,#1779,#1788));
#1746 = ADVANCED_FACE('',(#1747),#1774,.T.);
#1747 = FACE_BOUND('',#1748,.F.);
#1748 = EDGE_LOOP('',(#1749,#1759,#1766,#1767));
#1749 = ORIENTED_EDGE('',*,*,#1750,.T.);
#1750 = EDGE_CURVE('',#1751,#1753,#1755,.T.);
#1751 = VERTEX_POINT('',#1752);
#1752 = CARTESIAN_POINT('',(-183.,157.,321.5));
#1753 = VERTEX_POINT('',#1754);
#1754 = CARTESIAN_POINT('',(-183.,169.,321.5));
#1755 = LINE('',#1756,#1757);
#1756 = CARTESIAN_POINT('',(-183.,157.,321.5));
#1757 = VECTOR('',#1758,1.);
#1758 = DIRECTION('',(0.,1.,-2.22044604925E-16));
#1759 = ORIENTED_EDGE('',*,*,#1760,.T.);
#1760 = EDGE_CURVE('',#1753,#1753,#1761,.T.);
#1761 = CIRCLE('',#1762,3.);
#1762 = AXIS2_PLACEMENT_3D('',#1763,#1764,#1765);
#1763 = CARTESIAN_POINT('',(-186.,169.,321.5));
#1764 = DIRECTION('',(0.,1.,-2.22044604925E-16));
#1765 = DIRECTION('',(1.,0.,0.));
#1766 = ORIENTED_EDGE('',*,*,#1750,.F.);
#1767 = ORIENTED_EDGE('',*,*,#1768,.F.);
#1768 = EDGE_CURVE('',#1751,#1751,#1769,.T.);
#1769 = CIRCLE('',#1770,3.);
#1770 = AXIS2_PLACEMENT_3D('',#1771,#1772,#1773);
#1771 = CARTESIAN_POINT('',(-186.,157.,321.5));
#1772 = DIRECTION('',(0.,1.,-2.22044604925E-16));
#1773 = DIRECTION('',(1.,0.,0.));
#1774 = CYLINDRICAL_SURFACE('',#1775,3.);
#1775 = AXIS2_PLACEMENT_3D('',#1776,#1777,#1778);
#1776 = CARTESIAN_POINT('',(-186.,157.,321.5));
#1777 = DIRECTION('',(-0.,-1.,2.22044604925E-16));
#1778 = DIRECTION('',(1.,0.,0.));
#1779 = ADVANCED_FACE('',(#1780),#1783,.F.);
#1780 = FACE_BOUND('',#1781,.T.);
#1781 = EDGE_LOOP('',(#1782));
#1782 = ORIENTED_EDGE('',*,*,#1768,.F.);
#1783 = PLANE('',#1784);
#1784 = AXIS2_PLACEMENT_3D('',#1785,#1786,#1787);
#1785 = CARTESIAN_POINT('',(-186.,157.,321.5));
#1786 = DIRECTION('',(0.,1.,-2.22044604925E-16));
#1787 = DIRECTION('',(1.,0.,0.));
#1788 = ADVANCED_FACE('',(#1789),#1792,.T.);
#1789 = FACE_BOUND('',#1790,.F.);
#1790 = EDGE_LOOP('',(#1791));
#1791 = ORIENTED_EDGE('',*,*,#1760,.F.);
#1792 = PLANE('',#1793);
#1793 = AXIS2_PLACEMENT_3D('',#1794,#1795,#1796);
#1794 = CARTESIAN_POINT('',(-186.,169.,321.5));
#1795 = DIRECTION('',(0.,1.,-2.22044604925E-16));
#1796 = DIRECTION('',(1.,0.,0.));
#1797 = ( GEOMETRIC_REPRESENTATION_CONTEXT(3) 
GLOBAL_UNCERTAINTY_ASSIGNED_CONTEXT((#1801)) 
GLOBAL_UNIT_ASSIGNED_CONTEXT((#1798,#1799,#1800)) REPRESENTATION_CONTEXT
('Context #1','3D Context with UNIT and UNCERTAINTY') );
#1798 = ( LENGTH_UNIT() NAMED_UNIT(*) SI_UNIT(.MILLI.,.METRE.) );
#1799 = ( NAMED_UNIT(*) PLANE_ANGLE_UNIT() SI_UNIT($,.RADIAN.) );
#1800 = ( NAMED_UNIT(*) SI_UNIT($,.STERADIAN.) SOLID_ANGLE_UNIT() );
#1801 = UNCERTAINTY_MEASURE_WITH_UNIT(LENGTH_MEASURE(1.E-07),#1798,
  'distance_accuracy_value','confusion accuracy');
#1802 = CONTEXT_DEPENDENT_SHAPE_REPRESENTATION(#1803,#1805);
#1803 = ( REPRESENTATION_RELATIONSHIP('','',#1743,#10) 
REPRESENTATION_RELATIONSHIP_WITH_TRANSFORMATION(#1804) 
SHAPE_REPRESENTATION_RELATIONSHIP() );
#1804 = ITEM_DEFINED_TRANSFORMATION('','',#11,#39);
#1805 = PRODUCT_DEFINITION_SHAPE('Placement','Placement of an item',
  #1806);
#1806 = NEXT_ASSEMBLY_USAGE_OCCURRENCE('471','LIFT_TPIN','',#5,#1738,$);
#1807 = PRODUCT_RELATED_PRODUCT_CATEGORY('part',$,(#1740));
#1808 = SHAPE_DEFINITION_REPRESENTATION(#1809,#1815);
#1809 = PRODUCT_DEFINITION_SHAPE('','',#1810);
#1810 = PRODUCT_DEFINITION('design','',#1811,#1814);
#1811 = PRODUCT_DEFINITION_FORMATION('','',#1812);
#1812 = PRODUCT('LIFT_TOP_PULLEY','LIFT_TOP_PULLEY','',(#1813));
#1813 = PRODUCT_CONTEXT('',#2,'mechanical');
#1814 = PRODUCT_DEFINITION_CONTEXT('part definition',#2,'design');
#1815 = ADVANCED_BREP_SHAPE_REPRESENTATION('',(#11,#1816),#1908);
#1816 = MANIFOLD_SOLID_BREP('',#1817);
#1817 = CLOSED_SHELL('',(#1818,#1851,#1871,#1891));
#1818 = ADVANCED_FACE('',(#1819),#1846,.T.);
#1819 = FACE_BOUND('',#1820,.F.);
#1820 = EDGE_LOOP('',(#1821,#1831,#1838,#1839));
#1821 = ORIENTED_EDGE('',*,*,#1822,.T.);
#1822 = EDGE_CURVE('',#1823,#1825,#1827,.T.);
#1823 = VERTEX_POINT('',#1824);
#1824 = CARTESIAN_POINT('',(-176.,159.5,321.5));
#1825 = VERTEX_POINT('',#1826);
#1826 = CARTESIAN_POINT('',(-176.,166.,321.5));
#1827 = LINE('',#1828,#1829);
#1828 = CARTESIAN_POINT('',(-176.,159.5,321.5));
#1829 = VECTOR('',#1830,1.);
#1830 = DIRECTION('',(0.,1.,0.));
#1831 = ORIENTED_EDGE('',*,*,#1832,.T.);
#1832 = EDGE_CURVE('',#1825,#1825,#1833,.T.);
#1833 = CIRCLE('',#1834,10.);
#1834 = AXIS2_PLACEMENT_3D('',#1835,#1836,#1837);
#1835 = CARTESIAN_POINT('',(-186.,166.,321.5));
#1836 = DIRECTION('',(-0.,1.,0.));
#1837 = DIRECTION('',(1.,0.,0.));
#1838 = ORIENTED_EDGE('',*,*,#1822,.F.);
#1839 = ORIENTED_EDGE('',*,*,#1840,.F.);
#1840 = EDGE_CURVE('',#1823,#1823,#1841,.T.);
#1841 = CIRCLE('',#1842,10.);
#1842 = AXIS2_PLACEMENT_3D('',#1843,#1844,#1845);
#1843 = CARTESIAN_POINT('',(-186.,159.5,321.5));
#1844 = DIRECTION('',(-0.,1.,0.));
#1845 = DIRECTION('',(1.,0.,0.));
#1846 = CYLINDRICAL_SURFACE('',#1847,10.);
#1847 = AXIS2_PLACEMENT_3D('',#1848,#1849,#1850);
#1848 = CARTESIAN_POINT('',(-186.,159.5,321.5));
#1849 = DIRECTION('',(-0.,-1.,0.));
#1850 = DIRECTION('',(1.,0.,0.));
#1851 = ADVANCED_FACE('',(#1852,#1855),#1866,.F.);
#1852 = FACE_BOUND('',#1853,.F.);
#1853 = EDGE_LOOP('',(#1854));
#1854 = ORIENTED_EDGE('',*,*,#1840,.T.);
#1855 = FACE_BOUND('',#1856,.F.);
#1856 = EDGE_LOOP('',(#1857));
#1857 = ORIENTED_EDGE('',*,*,#1858,.T.);
#1858 = EDGE_CURVE('',#1859,#1859,#1861,.T.);
#1859 = VERTEX_POINT('',#1860);
#1860 = CARTESIAN_POINT('',(-182.75,159.5,321.5));
#1861 = CIRCLE('',#1862,3.25);
#1862 = AXIS2_PLACEMENT_3D('',#1863,#1864,#1865);
#1863 = CARTESIAN_POINT('',(-186.,159.5,321.5));
#1864 = DIRECTION('',(0.,-1.,2.2E-16));
#1865 = DIRECTION('',(1.,0.,0.));
#1866 = PLANE('',#1867);
#1867 = AXIS2_PLACEMENT_3D('',#1868,#1869,#1870);
#1868 = CARTESIAN_POINT('',(-186.,159.5,321.5));
#1869 = DIRECTION('',(0.,1.,0.));
#1870 = DIRECTION('',(1.,0.,0.));
#1871 = ADVANCED_FACE('',(#1872,#1875),#1886,.T.);
#1872 = FACE_BOUND('',#1873,.T.);
#1873 = EDGE_LOOP('',(#1874));
#1874 = ORIENTED_EDGE('',*,*,#1832,.T.);
#1875 = FACE_BOUND('',#1876,.T.);
#1876 = EDGE_LOOP('',(#1877));
#1877 = ORIENTED_EDGE('',*,*,#1878,.T.);
#1878 = EDGE_CURVE('',#1879,#1879,#1881,.T.);
#1879 = VERTEX_POINT('',#1880);
#1880 = CARTESIAN_POINT('',(-182.75,166.,321.5));
#1881 = CIRCLE('',#1882,3.25);
#1882 = AXIS2_PLACEMENT_3D('',#1883,#1884,#1885);
#1883 = CARTESIAN_POINT('',(-186.,166.,321.5));
#1884 = DIRECTION('',(0.,-1.,2.2E-16));
#1885 = DIRECTION('',(1.,0.,0.));
#1886 = PLANE('',#1887);
#1887 = AXIS2_PLACEMENT_3D('',#1888,#1889,#1890);
#1888 = CARTESIAN_POINT('',(-186.,166.,321.5));
#1889 = DIRECTION('',(0.,1.,0.));
#1890 = DIRECTION('',(1.,0.,0.));
#1891 = ADVANCED_FACE('',(#1892),#1903,.F.);
#1892 = FACE_BOUND('',#1893,.T.);
#1893 = EDGE_LOOP('',(#1894,#1895,#1901,#1902));
#1894 = ORIENTED_EDGE('',*,*,#1858,.T.);
#1895 = ORIENTED_EDGE('',*,*,#1896,.T.);
#1896 = EDGE_CURVE('',#1859,#1879,#1897,.T.);
#1897 = LINE('',#1898,#1899);
#1898 = CARTESIAN_POINT('',(-182.75,158.5,321.5));
#1899 = VECTOR('',#1900,1.);
#1900 = DIRECTION('',(0.,1.,0.));
#1901 = ORIENTED_EDGE('',*,*,#1878,.F.);
#1902 = ORIENTED_EDGE('',*,*,#1896,.F.);
#1903 = CYLINDRICAL_SURFACE('',#1904,3.25);
#1904 = AXIS2_PLACEMENT_3D('',#1905,#1906,#1907);
#1905 = CARTESIAN_POINT('',(-186.,158.5,321.5));
#1906 = DIRECTION('',(-0.,-1.,0.));
#1907 = DIRECTION('',(1.,0.,0.));
#1908 = ( GEOMETRIC_REPRESENTATION_CONTEXT(3) 
GLOBAL_UNCERTAINTY_ASSIGNED_CONTEXT((#1912)) 
GLOBAL_UNIT_ASSIGNED_CONTEXT((#1909,#1910,#1911)) REPRESENTATION_CONTEXT
('Context #1','3D Context with UNIT and UNCERTAINTY') );
#1909 = ( LENGTH_UNIT() NAMED_UNIT(*) SI_UNIT(.MILLI.,.METRE.) );
#1910 = ( NAMED_UNIT(*) PLANE_ANGLE_UNIT() SI_UNIT($,.RADIAN.) );
#1911 = ( NAMED_UNIT(*) SI_UNIT($,.STERADIAN.) SOLID_ANGLE_UNIT() );
#1912 = UNCERTAINTY_MEASURE_WITH_UNIT(LENGTH_MEASURE(1.E-07),#1909,
  'distance_accuracy_value','confusion accuracy');
#1913 = CONTEXT_DEPENDENT_SHAPE_REPRESENTATION(#1914,#1916);
#1914 = ( REPRESENTATION_RELATIONSHIP('','',#1815,#10) 
REPRESENTATION_RELATIONSHIP_WITH_TRANSFORMATION(#1915) 
SHAPE_REPRESENTATION_RELATIONSHIP() );
#1915 = ITEM_DEFINED_TRANSFORMATION('','',#11,#43);
#1916 = PRODUCT_DEFINITION_SHAPE('Placement','Placement of an item',
  #1917);
#1917 = NEXT_ASSEMBLY_USAGE_OCCURRENCE('472','LIFT_TOP_PULLEY','',#5,
  #1810,$);
#1918 = PRODUCT_RELATED_PRODUCT_CATEGORY('part',$,(#1812));
#1919 = SHAPE_DEFINITION_REPRESENTATION(#1920,#1926);
#1920 = PRODUCT_DEFINITION_SHAPE('','',#1921);
#1921 = PRODUCT_DEFINITION('design','',#1922,#1925);
#1922 = PRODUCT_DEFINITION_FORMATION('','',#1923);
#1923 = PRODUCT('ROPE_GUIDE','ROPE_GUIDE','',(#1924));
#1924 = PRODUCT_CONTEXT('',#2,'mechanical');
#1925 = PRODUCT_DEFINITION_CONTEXT('part definition',#2,'design');
#1926 = ADVANCED_BREP_SHAPE_REPRESENTATION('',(#11,#1927),#2019);
#1927 = MANIFOLD_SOLID_BREP('',#1928);
#1928 = CLOSED_SHELL('',(#1929,#1962,#1982,#2002));
#1929 = ADVANCED_FACE('',(#1930),#1957,.T.);
#1930 = FACE_BOUND('',#1931,.F.);
#1931 = EDGE_LOOP('',(#1932,#1942,#1949,#1950));
#1932 = ORIENTED_EDGE('',*,*,#1933,.T.);
#1933 = EDGE_CURVE('',#1934,#1936,#1938,.T.);
#1934 = VERTEX_POINT('',#1935);
#1935 = CARTESIAN_POINT('',(-180.,170.,330.));
#1936 = VERTEX_POINT('',#1937);
#1937 = CARTESIAN_POINT('',(-180.,173.,330.));
#1938 = LINE('',#1939,#1940);
#1939 = CARTESIAN_POINT('',(-180.,170.,330.));
#1940 = VECTOR('',#1941,1.);
#1941 = DIRECTION('',(0.,1.,0.));
#1942 = ORIENTED_EDGE('',*,*,#1943,.T.);
#1943 = EDGE_CURVE('',#1936,#1936,#1944,.T.);
#1944 = CIRCLE('',#1945,6.);
#1945 = AXIS2_PLACEMENT_3D('',#1946,#1947,#1948);
#1946 = CARTESIAN_POINT('',(-186.,173.,330.));
#1947 = DIRECTION('',(-0.,1.,0.));
#1948 = DIRECTION('',(1.,0.,0.));
#1949 = ORIENTED_EDGE('',*,*,#1933,.F.);
#1950 = ORIENTED_EDGE('',*,*,#1951,.F.);
#1951 = EDGE_CURVE('',#1934,#1934,#1952,.T.);
#1952 = CIRCLE('',#1953,6.);
#1953 = AXIS2_PLACEMENT_3D('',#1954,#1955,#1956);
#1954 = CARTESIAN_POINT('',(-186.,170.,330.));
#1955 = DIRECTION('',(-0.,1.,0.));
#1956 = DIRECTION('',(1.,0.,0.));
#1957 = CYLINDRICAL_SURFACE('',#1958,6.);
#1958 = AXIS2_PLACEMENT_3D('',#1959,#1960,#1961);
#1959 = CARTESIAN_POINT('',(-186.,170.,330.));
#1960 = DIRECTION('',(-0.,-1.,0.));
#1961 = DIRECTION('',(1.,0.,0.));
#1962 = ADVANCED_FACE('',(#1963,#1966),#1977,.F.);
#1963 = FACE_BOUND('',#1964,.F.);
#1964 = EDGE_LOOP('',(#1965));
#1965 = ORIENTED_EDGE('',*,*,#1951,.T.);
#1966 = FACE_BOUND('',#1967,.F.);
#1967 = EDGE_LOOP('',(#1968));
#1968 = ORIENTED_EDGE('',*,*,#1969,.T.);
#1969 = EDGE_CURVE('',#1970,#1970,#1972,.T.);
#1970 = VERTEX_POINT('',#1971);
#1971 = CARTESIAN_POINT('',(-182.,170.,330.));
#1972 = CIRCLE('',#1973,4.);
#1973 = AXIS2_PLACEMENT_3D('',#1974,#1975,#1976);
#1974 = CARTESIAN_POINT('',(-186.,170.,330.));
#1975 = DIRECTION('',(0.,-1.,2.2E-16));
#1976 = DIRECTION('',(1.,0.,0.));
#1977 = PLANE('',#1978);
#1978 = AXIS2_PLACEMENT_3D('',#1979,#1980,#1981);
#1979 = CARTESIAN_POINT('',(-186.,170.,330.));
#1980 = DIRECTION('',(0.,1.,0.));
#1981 = DIRECTION('',(1.,0.,0.));
#1982 = ADVANCED_FACE('',(#1983,#1986),#1997,.T.);
#1983 = FACE_BOUND('',#1984,.T.);
#1984 = EDGE_LOOP('',(#1985));
#1985 = ORIENTED_EDGE('',*,*,#1943,.T.);
#1986 = FACE_BOUND('',#1987,.T.);
#1987 = EDGE_LOOP('',(#1988));
#1988 = ORIENTED_EDGE('',*,*,#1989,.T.);
#1989 = EDGE_CURVE('',#1990,#1990,#1992,.T.);
#1990 = VERTEX_POINT('',#1991);
#1991 = CARTESIAN_POINT('',(-182.,173.,330.));
#1992 = CIRCLE('',#1993,4.);
#1993 = AXIS2_PLACEMENT_3D('',#1994,#1995,#1996);
#1994 = CARTESIAN_POINT('',(-186.,173.,330.));
#1995 = DIRECTION('',(0.,-1.,2.2E-16));
#1996 = DIRECTION('',(1.,0.,0.));
#1997 = PLANE('',#1998);
#1998 = AXIS2_PLACEMENT_3D('',#1999,#2000,#2001);
#1999 = CARTESIAN_POINT('',(-186.,173.,330.));
#2000 = DIRECTION('',(0.,1.,0.));
#2001 = DIRECTION('',(1.,0.,0.));
#2002 = ADVANCED_FACE('',(#2003),#2014,.F.);
#2003 = FACE_BOUND('',#2004,.T.);
#2004 = EDGE_LOOP('',(#2005,#2006,#2012,#2013));
#2005 = ORIENTED_EDGE('',*,*,#1969,.T.);
#2006 = ORIENTED_EDGE('',*,*,#2007,.T.);
#2007 = EDGE_CURVE('',#1970,#1990,#2008,.T.);
#2008 = LINE('',#2009,#2010);
#2009 = CARTESIAN_POINT('',(-182.,169.,330.));
#2010 = VECTOR('',#2011,1.);
#2011 = DIRECTION('',(0.,1.,0.));
#2012 = ORIENTED_EDGE('',*,*,#1989,.F.);
#2013 = ORIENTED_EDGE('',*,*,#2007,.F.);
#2014 = CYLINDRICAL_SURFACE('',#2015,4.);
#2015 = AXIS2_PLACEMENT_3D('',#2016,#2017,#2018);
#2016 = CARTESIAN_POINT('',(-186.,169.,330.));
#2017 = DIRECTION('',(-0.,-1.,0.));
#2018 = DIRECTION('',(1.,0.,0.));
#2019 = ( GEOMETRIC_REPRESENTATION_CONTEXT(3) 
GLOBAL_UNCERTAINTY_ASSIGNED_CONTEXT((#2023)) 
GLOBAL_UNIT_ASSIGNED_CONTEXT((#2020,#2021,#2022)) REPRESENTATION_CONTEXT
('Context #1','3D Context with UNIT and UNCERTAINTY') );
#2020 = ( LENGTH_UNIT() NAMED_UNIT(*) SI_UNIT(.MILLI.,.METRE.) );
#2021 = ( NAMED_UNIT(*) PLANE_ANGLE_UNIT() SI_UNIT($,.RADIAN.) );
#2022 = ( NAMED_UNIT(*) SI_UNIT($,.STERADIAN.) SOLID_ANGLE_UNIT() );
#2023 = UNCERTAINTY_MEASURE_WITH_UNIT(LENGTH_MEASURE(1.E-07),#2020,
  'distance_accuracy_value','confusion accuracy');
#2024 = CONTEXT_DEPENDENT_SHAPE_REPRESENTATION(#2025,#2027);
#2025 = ( REPRESENTATION_RELATIONSHIP('','',#1926,#10) 
REPRESENTATION_RELATIONSHIP_WITH_TRANSFORMATION(#2026) 
SHAPE_REPRESENTATION_RELATIONSHIP() );
#2026 = ITEM_DEFINED_TRANSFORMATION('','',#11,#47);
#2027 = PRODUCT_DEFINITION_SHAPE('Placement','Placement of an item',
  #2028);
#2028 = NEXT_ASSEMBLY_USAGE_OCCURRENCE('473','ROPE_GUIDE','',#5,#1921,$
  );
#2029 = PRODUCT_RELATED_PRODUCT_CATEGORY('part',$,(#1923));
#2030 = SHAPE_DEFINITION_REPRESENTATION(#2031,#2037);
#2031 = PRODUCT_DEFINITION_SHAPE('','',#2032);
#2032 = PRODUCT_DEFINITION('design','',#2033,#2036);
#2033 = PRODUCT_DEFINITION_FORMATION('','',#2034);
#2034 = PRODUCT('STOP_COLLAR_L','STOP_COLLAR_L','',(#2035));
#2035 = PRODUCT_CONTEXT('',#2,'mechanical');
#2036 = PRODUCT_DEFINITION_CONTEXT('part definition',#2,'design');
#2037 = ADVANCED_BREP_SHAPE_REPRESENTATION('',(#11,#2038),#2324);
#2038 = MANIFOLD_SOLID_BREP('',#2039);
#2039 = CLOSED_SHELL('',(#2040,#2080,#2111,#2169,#2193,#2244,#2256,#2278
    ,#2295,#2312));
#2040 = ADVANCED_FACE('',(#2041),#2075,.F.);
#2041 = FACE_BOUND('',#2042,.F.);
#2042 = EDGE_LOOP('',(#2043,#2053,#2061,#2069));
#2043 = ORIENTED_EDGE('',*,*,#2044,.F.);
#2044 = EDGE_CURVE('',#2045,#2047,#2049,.T.);
#2045 = VERTEX_POINT('',#2046);
#2046 = CARTESIAN_POINT('',(-194.9,136.,318.));
#2047 = VERTEX_POINT('',#2048);
#2048 = CARTESIAN_POINT('',(-194.9,136.,326.));
#2049 = LINE('',#2050,#2051);
#2050 = CARTESIAN_POINT('',(-194.9,136.,318.));
#2051 = VECTOR('',#2052,1.);
#2052 = DIRECTION('',(0.,0.,1.));
#2053 = ORIENTED_EDGE('',*,*,#2054,.T.);
#2054 = EDGE_CURVE('',#2045,#2055,#2057,.T.);
#2055 = VERTEX_POINT('',#2056);
#2056 = CARTESIAN_POINT('',(-194.9,152.,318.));
#2057 = LINE('',#2058,#2059);
#2058 = CARTESIAN_POINT('',(-194.9,136.,318.));
#2059 = VECTOR('',#2060,1.);
#2060 = DIRECTION('',(0.,1.,0.));
#2061 = ORIENTED_EDGE('',*,*,#2062,.T.);
#2062 = EDGE_CURVE('',#2055,#2063,#2065,.T.);
#2063 = VERTEX_POINT('',#2064);
#2064 = CARTESIAN_POINT('',(-194.9,152.,326.));
#2065 = LINE('',#2066,#2067);
#2066 = CARTESIAN_POINT('',(-194.9,152.,318.));
#2067 = VECTOR('',#2068,1.);
#2068 = DIRECTION('',(0.,0.,1.));
#2069 = ORIENTED_EDGE('',*,*,#2070,.F.);
#2070 = EDGE_CURVE('',#2047,#2063,#2071,.T.);
#2071 = LINE('',#2072,#2073);
#2072 = CARTESIAN_POINT('',(-194.9,136.,326.));
#2073 = VECTOR('',#2074,1.);
#2074 = DIRECTION('',(0.,1.,0.));
#2075 = PLANE('',#2076);
#2076 = AXIS2_PLACEMENT_3D('',#2077,#2078,#2079);
#2077 = CARTESIAN_POINT('',(-194.9,136.,318.));
#2078 = DIRECTION('',(1.,0.,0.));
#2079 = DIRECTION('',(0.,0.,1.));
#2080 = ADVANCED_FACE('',(#2081),#2106,.F.);
#2081 = FACE_BOUND('',#2082,.F.);
#2082 = EDGE_LOOP('',(#2083,#2091,#2092,#2100));
#2083 = ORIENTED_EDGE('',*,*,#2084,.F.);
#2084 = EDGE_CURVE('',#2045,#2085,#2087,.T.);
#2085 = VERTEX_POINT('',#2086);
#2086 = CARTESIAN_POINT('',(-175.,136.,318.));
#2087 = LINE('',#2088,#2089);
#2088 = CARTESIAN_POINT('',(-194.9,136.,318.));
#2089 = VECTOR('',#2090,1.);
#2090 = DIRECTION('',(1.,0.,0.));
#2091 = ORIENTED_EDGE('',*,*,#2044,.T.);
#2092 = ORIENTED_EDGE('',*,*,#2093,.T.);
#2093 = EDGE_CURVE('',#2047,#2094,#2096,.T.);
#2094 = VERTEX_POINT('',#2095);
#2095 = CARTESIAN_POINT('',(-175.,136.,326.));
#2096 = LINE('',#2097,#2098);
#2097 = CARTESIAN_POINT('',(-194.9,136.,326.));
#2098 = VECTOR('',#2099,1.);
#2099 = DIRECTION('',(1.,0.,0.));
#2100 = ORIENTED_EDGE('',*,*,#2101,.F.);
#2101 = EDGE_CURVE('',#2085,#2094,#2102,.T.);
#2102 = LINE('',#2103,#2104);
#2103 = CARTESIAN_POINT('',(-175.,136.,318.));
#2104 = VECTOR('',#2105,1.);
#2105 = DIRECTION('',(0.,0.,1.));
#2106 = PLANE('',#2107);
#2107 = AXIS2_PLACEMENT_3D('',#2108,#2109,#2110);
#2108 = CARTESIAN_POINT('',(-194.9,136.,318.));
#2109 = DIRECTION('',(0.,1.,0.));
#2110 = DIRECTION('',(0.,0.,1.));
#2111 = ADVANCED_FACE('',(#2112,#2130),#2164,.T.);
#2112 = FACE_BOUND('',#2113,.T.);
#2113 = EDGE_LOOP('',(#2114,#2115,#2116,#2124));
#2114 = ORIENTED_EDGE('',*,*,#2070,.F.);
#2115 = ORIENTED_EDGE('',*,*,#2093,.T.);
#2116 = ORIENTED_EDGE('',*,*,#2117,.T.);
#2117 = EDGE_CURVE('',#2094,#2118,#2120,.T.);
#2118 = VERTEX_POINT('',#2119);
#2119 = CARTESIAN_POINT('',(-175.,152.,326.));
#2120 = LINE('',#2121,#2122);
#2121 = CARTESIAN_POINT('',(-175.,136.,326.));
#2122 = VECTOR('',#2123,1.);
#2123 = DIRECTION('',(0.,1.,0.));
#2124 = ORIENTED_EDGE('',*,*,#2125,.F.);
#2125 = EDGE_CURVE('',#2063,#2118,#2126,.T.);
#2126 = LINE('',#2127,#2128);
#2127 = CARTESIAN_POINT('',(-194.9,152.,326.));
#2128 = VECTOR('',#2129,1.);
#2129 = DIRECTION('',(1.,0.,0.));
#2130 = FACE_BOUND('',#2131,.T.);
#2131 = EDGE_LOOP('',(#2132,#2142,#2150,#2158));
#2132 = ORIENTED_EDGE('',*,*,#2133,.T.);
#2133 = EDGE_CURVE('',#2134,#2136,#2138,.T.);
#2134 = VERTEX_POINT('',#2135);
#2135 = CARTESIAN_POINT('',(-178.15,136.75,326.));
#2136 = VERTEX_POINT('',#2137);
#2137 = CARTESIAN_POINT('',(-192.65,136.75,326.));
#2138 = LINE('',#2139,#2140);
#2139 = CARTESIAN_POINT('',(-193.775,136.75,326.));
#2140 = VECTOR('',#2141,1.);
#2141 = DIRECTION('',(-1.,0.,0.));
#2142 = ORIENTED_EDGE('',*,*,#2143,.T.);
#2143 = EDGE_CURVE('',#2136,#2144,#2146,.T.);
#2144 = VERTEX_POINT('',#2145);
#2145 = CARTESIAN_POINT('',(-192.65,151.25,326.));
#2146 = LINE('',#2147,#2148);
#2147 = CARTESIAN_POINT('',(-192.65,136.375,326.));
#2148 = VECTOR('',#2149,1.);
#2149 = DIRECTION('',(0.,1.,0.));
#2150 = ORIENTED_EDGE('',*,*,#2151,.F.);
#2151 = EDGE_CURVE('',#2152,#2144,#2154,.T.);
#2152 = VERTEX_POINT('',#2153);
#2153 = CARTESIAN_POINT('',(-178.15,151.25,326.));
#2154 = LINE('',#2155,#2156);
#2155 = CARTESIAN_POINT('',(-193.775,151.25,326.));
#2156 = VECTOR('',#2157,1.);
#2157 = DIRECTION('',(-1.,0.,0.));
#2158 = ORIENTED_EDGE('',*,*,#2159,.F.);
#2159 = EDGE_CURVE('',#2134,#2152,#2160,.T.);
#2160 = LINE('',#2161,#2162);
#2161 = CARTESIAN_POINT('',(-178.15,136.375,326.));
#2162 = VECTOR('',#2163,1.);
#2163 = DIRECTION('',(0.,1.,0.));
#2164 = PLANE('',#2165);
#2165 = AXIS2_PLACEMENT_3D('',#2166,#2167,#2168);
#2166 = CARTESIAN_POINT('',(-194.9,136.,326.));
#2167 = DIRECTION('',(0.,0.,1.));
#2168 = DIRECTION('',(1.,0.,0.));
#2169 = ADVANCED_FACE('',(#2170),#2188,.T.);
#2170 = FACE_BOUND('',#2171,.T.);
#2171 = EDGE_LOOP('',(#2172,#2180,#2181,#2182));
#2172 = ORIENTED_EDGE('',*,*,#2173,.F.);
#2173 = EDGE_CURVE('',#2055,#2174,#2176,.T.);
#2174 = VERTEX_POINT('',#2175);
#2175 = CARTESIAN_POINT('',(-175.,152.,318.));
#2176 = LINE('',#2177,#2178);
#2177 = CARTESIAN_POINT('',(-194.9,152.,318.));
#2178 = VECTOR('',#2179,1.);
#2179 = DIRECTION('',(1.,0.,0.));
#2180 = ORIENTED_EDGE('',*,*,#2062,.T.);
#2181 = ORIENTED_EDGE('',*,*,#2125,.T.);
#2182 = ORIENTED_EDGE('',*,*,#2183,.F.);
#2183 = EDGE_CURVE('',#2174,#2118,#2184,.T.);
#2184 = LINE('',#2185,#2186);
#2185 = CARTESIAN_POINT('',(-175.,152.,318.));
#2186 = VECTOR('',#2187,1.);
#2187 = DIRECTION('',(0.,0.,1.));
#2188 = PLANE('',#2189);
#2189 = AXIS2_PLACEMENT_3D('',#2190,#2191,#2192);
#2190 = CARTESIAN_POINT('',(-194.9,152.,318.));
#2191 = DIRECTION('',(0.,1.,0.));
#2192 = DIRECTION('',(0.,0.,1.));
#2193 = ADVANCED_FACE('',(#2194,#2205),#2239,.F.);
#2194 = FACE_BOUND('',#2195,.F.);
#2195 = EDGE_LOOP('',(#2196,#2197,#2198,#2204));
#2196 = ORIENTED_EDGE('',*,*,#2054,.F.);
#2197 = ORIENTED_EDGE('',*,*,#2084,.T.);
#2198 = ORIENTED_EDGE('',*,*,#2199,.T.);
#2199 = EDGE_CURVE('',#2085,#2174,#2200,.T.);
#2200 = LINE('',#2201,#2202);
#2201 = CARTESIAN_POINT('',(-175.,136.,318.));
#2202 = VECTOR('',#2203,1.);
#2203 = DIRECTION('',(0.,1.,0.));
#2204 = ORIENTED_EDGE('',*,*,#2173,.F.);
#2205 = FACE_BOUND('',#2206,.F.);
#2206 = EDGE_LOOP('',(#2207,#2217,#2225,#2233));
#2207 = ORIENTED_EDGE('',*,*,#2208,.T.);
#2208 = EDGE_CURVE('',#2209,#2211,#2213,.T.);
#2209 = VERTEX_POINT('',#2210);
#2210 = CARTESIAN_POINT('',(-178.15,136.75,318.));
#2211 = VERTEX_POINT('',#2212);
#2212 = CARTESIAN_POINT('',(-192.65,136.75,318.));
#2213 = LINE('',#2214,#2215);
#2214 = CARTESIAN_POINT('',(-193.775,136.75,318.));
#2215 = VECTOR('',#2216,1.);
#2216 = DIRECTION('',(-1.,0.,0.));
#2217 = ORIENTED_EDGE('',*,*,#2218,.T.);
#2218 = EDGE_CURVE('',#2211,#2219,#2221,.T.);
#2219 = VERTEX_POINT('',#2220);
#2220 = CARTESIAN_POINT('',(-192.65,151.25,318.));
#2221 = LINE('',#2222,#2223);
#2222 = CARTESIAN_POINT('',(-192.65,136.375,318.));
#2223 = VECTOR('',#2224,1.);
#2224 = DIRECTION('',(0.,1.,0.));
#2225 = ORIENTED_EDGE('',*,*,#2226,.F.);
#2226 = EDGE_CURVE('',#2227,#2219,#2229,.T.);
#2227 = VERTEX_POINT('',#2228);
#2228 = CARTESIAN_POINT('',(-178.15,151.25,318.));
#2229 = LINE('',#2230,#2231);
#2230 = CARTESIAN_POINT('',(-193.775,151.25,318.));
#2231 = VECTOR('',#2232,1.);
#2232 = DIRECTION('',(-1.,0.,0.));
#2233 = ORIENTED_EDGE('',*,*,#2234,.F.);
#2234 = EDGE_CURVE('',#2209,#2227,#2235,.T.);
#2235 = LINE('',#2236,#2237);
#2236 = CARTESIAN_POINT('',(-178.15,136.375,318.));
#2237 = VECTOR('',#2238,1.);
#2238 = DIRECTION('',(0.,1.,0.));
#2239 = PLANE('',#2240);
#2240 = AXIS2_PLACEMENT_3D('',#2241,#2242,#2243);
#2241 = CARTESIAN_POINT('',(-194.9,136.,318.));
#2242 = DIRECTION('',(0.,0.,1.));
#2243 = DIRECTION('',(1.,0.,0.));
#2244 = ADVANCED_FACE('',(#2245),#2251,.T.);
#2245 = FACE_BOUND('',#2246,.T.);
#2246 = EDGE_LOOP('',(#2247,#2248,#2249,#2250));
#2247 = ORIENTED_EDGE('',*,*,#2101,.F.);
#2248 = ORIENTED_EDGE('',*,*,#2199,.T.);
#2249 = ORIENTED_EDGE('',*,*,#2183,.T.);
#2250 = ORIENTED_EDGE('',*,*,#2117,.F.);
#2251 = PLANE('',#2252);
#2252 = AXIS2_PLACEMENT_3D('',#2253,#2254,#2255);
#2253 = CARTESIAN_POINT('',(-175.,136.,318.));
#2254 = DIRECTION('',(1.,0.,0.));
#2255 = DIRECTION('',(0.,0.,1.));
#2256 = ADVANCED_FACE('',(#2257),#2273,.T.);
#2257 = FACE_BOUND('',#2258,.T.);
#2258 = EDGE_LOOP('',(#2259,#2265,#2266,#2272));
#2259 = ORIENTED_EDGE('',*,*,#2260,.F.);
#2260 = EDGE_CURVE('',#2209,#2134,#2261,.T.);
#2261 = LINE('',#2262,#2263);
#2262 = CARTESIAN_POINT('',(-178.15,136.75,317.));
#2263 = VECTOR('',#2264,1.);
#2264 = DIRECTION('',(0.,0.,1.));
#2265 = ORIENTED_EDGE('',*,*,#2208,.T.);
#2266 = ORIENTED_EDGE('',*,*,#2267,.T.);
#2267 = EDGE_CURVE('',#2211,#2136,#2268,.T.);
#2268 = LINE('',#2269,#2270);
#2269 = CARTESIAN_POINT('',(-192.65,136.75,317.));
#2270 = VECTOR('',#2271,1.);
#2271 = DIRECTION('',(0.,0.,1.));
#2272 = ORIENTED_EDGE('',*,*,#2133,.F.);
#2273 = PLANE('',#2274);
#2274 = AXIS2_PLACEMENT_3D('',#2275,#2276,#2277);
#2275 = CARTESIAN_POINT('',(-192.65,136.75,317.));
#2276 = DIRECTION('',(0.,1.,0.));
#2277 = DIRECTION('',(0.,0.,1.));
#2278 = ADVANCED_FACE('',(#2279),#2290,.F.);
#2279 = FACE_BOUND('',#2280,.F.);
#2280 = EDGE_LOOP('',(#2281,#2282,#2283,#2289));
#2281 = ORIENTED_EDGE('',*,*,#2260,.F.);
#2282 = ORIENTED_EDGE('',*,*,#2234,.T.);
#2283 = ORIENTED_EDGE('',*,*,#2284,.T.);
#2284 = EDGE_CURVE('',#2227,#2152,#2285,.T.);
#2285 = LINE('',#2286,#2287);
#2286 = CARTESIAN_POINT('',(-178.15,151.25,317.));
#2287 = VECTOR('',#2288,1.);
#2288 = DIRECTION('',(0.,0.,1.));
#2289 = ORIENTED_EDGE('',*,*,#2159,.F.);
#2290 = PLANE('',#2291);
#2291 = AXIS2_PLACEMENT_3D('',#2292,#2293,#2294);
#2292 = CARTESIAN_POINT('',(-178.15,136.75,317.));
#2293 = DIRECTION('',(1.,0.,0.));
#2294 = DIRECTION('',(0.,0.,1.));
#2295 = ADVANCED_FACE('',(#2296),#2307,.F.);
#2296 = FACE_BOUND('',#2297,.F.);
#2297 = EDGE_LOOP('',(#2298,#2299,#2300,#2306));
#2298 = ORIENTED_EDGE('',*,*,#2284,.F.);
#2299 = ORIENTED_EDGE('',*,*,#2226,.T.);
#2300 = ORIENTED_EDGE('',*,*,#2301,.T.);
#2301 = EDGE_CURVE('',#2219,#2144,#2302,.T.);
#2302 = LINE('',#2303,#2304);
#2303 = CARTESIAN_POINT('',(-192.65,151.25,317.));
#2304 = VECTOR('',#2305,1.);
#2305 = DIRECTION('',(0.,0.,1.));
#2306 = ORIENTED_EDGE('',*,*,#2151,.F.);
#2307 = PLANE('',#2308);
#2308 = AXIS2_PLACEMENT_3D('',#2309,#2310,#2311);
#2309 = CARTESIAN_POINT('',(-192.65,151.25,317.));
#2310 = DIRECTION('',(0.,1.,0.));
#2311 = DIRECTION('',(0.,0.,1.));
#2312 = ADVANCED_FACE('',(#2313),#2319,.T.);
#2313 = FACE_BOUND('',#2314,.T.);
#2314 = EDGE_LOOP('',(#2315,#2316,#2317,#2318));
#2315 = ORIENTED_EDGE('',*,*,#2267,.F.);
#2316 = ORIENTED_EDGE('',*,*,#2218,.T.);
#2317 = ORIENTED_EDGE('',*,*,#2301,.T.);
#2318 = ORIENTED_EDGE('',*,*,#2143,.F.);
#2319 = PLANE('',#2320);
#2320 = AXIS2_PLACEMENT_3D('',#2321,#2322,#2323);
#2321 = CARTESIAN_POINT('',(-192.65,136.75,317.));
#2322 = DIRECTION('',(1.,0.,0.));
#2323 = DIRECTION('',(0.,0.,1.));
#2324 = ( GEOMETRIC_REPRESENTATION_CONTEXT(3) 
GLOBAL_UNCERTAINTY_ASSIGNED_CONTEXT((#2328)) 
GLOBAL_UNIT_ASSIGNED_CONTEXT((#2325,#2326,#2327)) REPRESENTATION_CONTEXT
('Context #1','3D Context with UNIT and UNCERTAINTY') );
#2325 = ( LENGTH_UNIT() NAMED_UNIT(*) SI_UNIT(.MILLI.,.METRE.) );
#2326 = ( NAMED_UNIT(*) PLANE_ANGLE_UNIT() SI_UNIT($,.RADIAN.) );
#2327 = ( NAMED_UNIT(*) SI_UNIT($,.STERADIAN.) SOLID_ANGLE_UNIT() );
#2328 = UNCERTAINTY_MEASURE_WITH_UNIT(LENGTH_MEASURE(5.E-06),#2325,
  'distance_accuracy_value','confusion accuracy');
#2329 = CONTEXT_DEPENDENT_SHAPE_REPRESENTATION(#2330,#2332);
#2330 = ( REPRESENTATION_RELATIONSHIP('','',#2037,#10) 
REPRESENTATION_RELATIONSHIP_WITH_TRANSFORMATION(#2331) 
SHAPE_REPRESENTATION_RELATIONSHIP() );
#2331 = ITEM_DEFINED_TRANSFORMATION('','',#11,#51);
#2332 = PRODUCT_DEFINITION_SHAPE('Placement','Placement of an item',
  #2333);
#2333 = NEXT_ASSEMBLY_USAGE_OCCURRENCE('474','STOP_COLLAR_L','',#5,#2032
  ,$);
#2334 = PRODUCT_RELATED_PRODUCT_CATEGORY('part',$,(#2034));
#2335 = SHAPE_DEFINITION_REPRESENTATION(#2336,#2342);
#2336 = PRODUCT_DEFINITION_SHAPE('','',#2337);
#2337 = PRODUCT_DEFINITION('design','',#2338,#2341);
#2338 = PRODUCT_DEFINITION_FORMATION('','',#2339);
#2339 = PRODUCT('STOP_COLLAR_R','STOP_COLLAR_R','',(#2340));
#2340 = PRODUCT_CONTEXT('',#2,'mechanical');
#2341 = PRODUCT_DEFINITION_CONTEXT('part definition',#2,'design');
#2342 = ADVANCED_BREP_SHAPE_REPRESENTATION('',(#11,#2343),#2629);
#2343 = MANIFOLD_SOLID_BREP('',#2344);
#2344 = CLOSED_SHELL('',(#2345,#2385,#2416,#2474,#2498,#2549,#2561,#2583
    ,#2600,#2617));
#2345 = ADVANCED_FACE('',(#2346),#2380,.F.);
#2346 = FACE_BOUND('',#2347,.F.);
#2347 = EDGE_LOOP('',(#2348,#2358,#2366,#2374));
#2348 = ORIENTED_EDGE('',*,*,#2349,.F.);
#2349 = EDGE_CURVE('',#2350,#2352,#2354,.T.);
#2350 = VERTEX_POINT('',#2351);
#2351 = CARTESIAN_POINT('',(-194.9,172.,318.));
#2352 = VERTEX_POINT('',#2353);
#2353 = CARTESIAN_POINT('',(-194.9,172.,326.));
#2354 = LINE('',#2355,#2356);
#2355 = CARTESIAN_POINT('',(-194.9,172.,318.));
#2356 = VECTOR('',#2357,1.);
#2357 = DIRECTION('',(0.,0.,1.));
#2358 = ORIENTED_EDGE('',*,*,#2359,.T.);
#2359 = EDGE_CURVE('',#2350,#2360,#2362,.T.);
#2360 = VERTEX_POINT('',#2361);
#2361 = CARTESIAN_POINT('',(-194.9,188.,318.));
#2362 = LINE('',#2363,#2364);
#2363 = CARTESIAN_POINT('',(-194.9,172.,318.));
#2364 = VECTOR('',#2365,1.);
#2365 = DIRECTION('',(0.,1.,0.));
#2366 = ORIENTED_EDGE('',*,*,#2367,.T.);
#2367 = EDGE_CURVE('',#2360,#2368,#2370,.T.);
#2368 = VERTEX_POINT('',#2369);
#2369 = CARTESIAN_POINT('',(-194.9,188.,326.));
#2370 = LINE('',#2371,#2372);
#2371 = CARTESIAN_POINT('',(-194.9,188.,318.));
#2372 = VECTOR('',#2373,1.);
#2373 = DIRECTION('',(0.,0.,1.));
#2374 = ORIENTED_EDGE('',*,*,#2375,.F.);
#2375 = EDGE_CURVE('',#2352,#2368,#2376,.T.);
#2376 = LINE('',#2377,#2378);
#2377 = CARTESIAN_POINT('',(-194.9,172.,326.));
#2378 = VECTOR('',#2379,1.);
#2379 = DIRECTION('',(0.,1.,0.));
#2380 = PLANE('',#2381);
#2381 = AXIS2_PLACEMENT_3D('',#2382,#2383,#2384);
#2382 = CARTESIAN_POINT('',(-194.9,172.,318.));
#2383 = DIRECTION('',(1.,0.,0.));
#2384 = DIRECTION('',(0.,0.,1.));
#2385 = ADVANCED_FACE('',(#2386),#2411,.F.);
#2386 = FACE_BOUND('',#2387,.F.);
#2387 = EDGE_LOOP('',(#2388,#2396,#2397,#2405));
#2388 = ORIENTED_EDGE('',*,*,#2389,.F.);
#2389 = EDGE_CURVE('',#2350,#2390,#2392,.T.);
#2390 = VERTEX_POINT('',#2391);
#2391 = CARTESIAN_POINT('',(-175.,172.,318.));
#2392 = LINE('',#2393,#2394);
#2393 = CARTESIAN_POINT('',(-194.9,172.,318.));
#2394 = VECTOR('',#2395,1.);
#2395 = DIRECTION('',(1.,0.,0.));
#2396 = ORIENTED_EDGE('',*,*,#2349,.T.);
#2397 = ORIENTED_EDGE('',*,*,#2398,.T.);
#2398 = EDGE_CURVE('',#2352,#2399,#2401,.T.);
#2399 = VERTEX_POINT('',#2400);
#2400 = CARTESIAN_POINT('',(-175.,172.,326.));
#2401 = LINE('',#2402,#2403);
#2402 = CARTESIAN_POINT('',(-194.9,172.,326.));
#2403 = VECTOR('',#2404,1.);
#2404 = DIRECTION('',(1.,0.,0.));
#2405 = ORIENTED_EDGE('',*,*,#2406,.F.);
#2406 = EDGE_CURVE('',#2390,#2399,#2407,.T.);
#2407 = LINE('',#2408,#2409);
#2408 = CARTESIAN_POINT('',(-175.,172.,318.));
#2409 = VECTOR('',#2410,1.);
#2410 = DIRECTION('',(0.,0.,1.));
#2411 = PLANE('',#2412);
#2412 = AXIS2_PLACEMENT_3D('',#2413,#2414,#2415);
#2413 = CARTESIAN_POINT('',(-194.9,172.,318.));
#2414 = DIRECTION('',(0.,1.,0.));
#2415 = DIRECTION('',(0.,0.,1.));
#2416 = ADVANCED_FACE('',(#2417,#2435),#2469,.T.);
#2417 = FACE_BOUND('',#2418,.T.);
#2418 = EDGE_LOOP('',(#2419,#2420,#2421,#2429));
#2419 = ORIENTED_EDGE('',*,*,#2375,.F.);
#2420 = ORIENTED_EDGE('',*,*,#2398,.T.);
#2421 = ORIENTED_EDGE('',*,*,#2422,.T.);
#2422 = EDGE_CURVE('',#2399,#2423,#2425,.T.);
#2423 = VERTEX_POINT('',#2424);
#2424 = CARTESIAN_POINT('',(-175.,188.,326.));
#2425 = LINE('',#2426,#2427);
#2426 = CARTESIAN_POINT('',(-175.,172.,326.));
#2427 = VECTOR('',#2428,1.);
#2428 = DIRECTION('',(0.,1.,0.));
#2429 = ORIENTED_EDGE('',*,*,#2430,.F.);
#2430 = EDGE_CURVE('',#2368,#2423,#2431,.T.);
#2431 = LINE('',#2432,#2433);
#2432 = CARTESIAN_POINT('',(-194.9,188.,326.));
#2433 = VECTOR('',#2434,1.);
#2434 = DIRECTION('',(1.,0.,0.));
#2435 = FACE_BOUND('',#2436,.T.);
#2436 = EDGE_LOOP('',(#2437,#2447,#2455,#2463));
#2437 = ORIENTED_EDGE('',*,*,#2438,.T.);
#2438 = EDGE_CURVE('',#2439,#2441,#2443,.T.);
#2439 = VERTEX_POINT('',#2440);
#2440 = CARTESIAN_POINT('',(-178.15,172.75,326.));
#2441 = VERTEX_POINT('',#2442);
#2442 = CARTESIAN_POINT('',(-192.65,172.75,326.));
#2443 = LINE('',#2444,#2445);
#2444 = CARTESIAN_POINT('',(-193.775,172.75,326.));
#2445 = VECTOR('',#2446,1.);
#2446 = DIRECTION('',(-1.,0.,0.));
#2447 = ORIENTED_EDGE('',*,*,#2448,.T.);
#2448 = EDGE_CURVE('',#2441,#2449,#2451,.T.);
#2449 = VERTEX_POINT('',#2450);
#2450 = CARTESIAN_POINT('',(-192.65,187.25,326.));
#2451 = LINE('',#2452,#2453);
#2452 = CARTESIAN_POINT('',(-192.65,172.375,326.));
#2453 = VECTOR('',#2454,1.);
#2454 = DIRECTION('',(0.,1.,0.));
#2455 = ORIENTED_EDGE('',*,*,#2456,.F.);
#2456 = EDGE_CURVE('',#2457,#2449,#2459,.T.);
#2457 = VERTEX_POINT('',#2458);
#2458 = CARTESIAN_POINT('',(-178.15,187.25,326.));
#2459 = LINE('',#2460,#2461);
#2460 = CARTESIAN_POINT('',(-193.775,187.25,326.));
#2461 = VECTOR('',#2462,1.);
#2462 = DIRECTION('',(-1.,0.,0.));
#2463 = ORIENTED_EDGE('',*,*,#2464,.F.);
#2464 = EDGE_CURVE('',#2439,#2457,#2465,.T.);
#2465 = LINE('',#2466,#2467);
#2466 = CARTESIAN_POINT('',(-178.15,172.375,326.));
#2467 = VECTOR('',#2468,1.);
#2468 = DIRECTION('',(0.,1.,0.));
#2469 = PLANE('',#2470);
#2470 = AXIS2_PLACEMENT_3D('',#2471,#2472,#2473);
#2471 = CARTESIAN_POINT('',(-194.9,172.,326.));
#2472 = DIRECTION('',(0.,0.,1.));
#2473 = DIRECTION('',(1.,0.,0.));
#2474 = ADVANCED_FACE('',(#2475),#2493,.T.);
#2475 = FACE_BOUND('',#2476,.T.);
#2476 = EDGE_LOOP('',(#2477,#2485,#2486,#2487));
#2477 = ORIENTED_EDGE('',*,*,#2478,.F.);
#2478 = EDGE_CURVE('',#2360,#2479,#2481,.T.);
#2479 = VERTEX_POINT('',#2480);
#2480 = CARTESIAN_POINT('',(-175.,188.,318.));
#2481 = LINE('',#2482,#2483);
#2482 = CARTESIAN_POINT('',(-194.9,188.,318.));
#2483 = VECTOR('',#2484,1.);
#2484 = DIRECTION('',(1.,0.,0.));
#2485 = ORIENTED_EDGE('',*,*,#2367,.T.);
#2486 = ORIENTED_EDGE('',*,*,#2430,.T.);
#2487 = ORIENTED_EDGE('',*,*,#2488,.F.);
#2488 = EDGE_CURVE('',#2479,#2423,#2489,.T.);
#2489 = LINE('',#2490,#2491);
#2490 = CARTESIAN_POINT('',(-175.,188.,318.));
#2491 = VECTOR('',#2492,1.);
#2492 = DIRECTION('',(0.,0.,1.));
#2493 = PLANE('',#2494);
#2494 = AXIS2_PLACEMENT_3D('',#2495,#2496,#2497);
#2495 = CARTESIAN_POINT('',(-194.9,188.,318.));
#2496 = DIRECTION('',(0.,1.,0.));
#2497 = DIRECTION('',(0.,0.,1.));
#2498 = ADVANCED_FACE('',(#2499,#2510),#2544,.F.);
#2499 = FACE_BOUND('',#2500,.F.);
#2500 = EDGE_LOOP('',(#2501,#2502,#2503,#2509));
#2501 = ORIENTED_EDGE('',*,*,#2359,.F.);
#2502 = ORIENTED_EDGE('',*,*,#2389,.T.);
#2503 = ORIENTED_EDGE('',*,*,#2504,.T.);
#2504 = EDGE_CURVE('',#2390,#2479,#2505,.T.);
#2505 = LINE('',#2506,#2507);
#2506 = CARTESIAN_POINT('',(-175.,172.,318.));
#2507 = VECTOR('',#2508,1.);
#2508 = DIRECTION('',(0.,1.,0.));
#2509 = ORIENTED_EDGE('',*,*,#2478,.F.);
#2510 = FACE_BOUND('',#2511,.F.);
#2511 = EDGE_LOOP('',(#2512,#2522,#2530,#2538));
#2512 = ORIENTED_EDGE('',*,*,#2513,.T.);
#2513 = EDGE_CURVE('',#2514,#2516,#2518,.T.);
#2514 = VERTEX_POINT('',#2515);
#2515 = CARTESIAN_POINT('',(-178.15,172.75,318.));
#2516 = VERTEX_POINT('',#2517);
#2517 = CARTESIAN_POINT('',(-192.65,172.75,318.));
#2518 = LINE('',#2519,#2520);
#2519 = CARTESIAN_POINT('',(-193.775,172.75,318.));
#2520 = VECTOR('',#2521,1.);
#2521 = DIRECTION('',(-1.,0.,0.));
#2522 = ORIENTED_EDGE('',*,*,#2523,.T.);
#2523 = EDGE_CURVE('',#2516,#2524,#2526,.T.);
#2524 = VERTEX_POINT('',#2525);
#2525 = CARTESIAN_POINT('',(-192.65,187.25,318.));
#2526 = LINE('',#2527,#2528);
#2527 = CARTESIAN_POINT('',(-192.65,172.375,318.));
#2528 = VECTOR('',#2529,1.);
#2529 = DIRECTION('',(0.,1.,0.));
#2530 = ORIENTED_EDGE('',*,*,#2531,.F.);
#2531 = EDGE_CURVE('',#2532,#2524,#2534,.T.);
#2532 = VERTEX_POINT('',#2533);
#2533 = CARTESIAN_POINT('',(-178.15,187.25,318.));
#2534 = LINE('',#2535,#2536);
#2535 = CARTESIAN_POINT('',(-193.775,187.25,318.));
#2536 = VECTOR('',#2537,1.);
#2537 = DIRECTION('',(-1.,0.,0.));
#2538 = ORIENTED_EDGE('',*,*,#2539,.F.);
#2539 = EDGE_CURVE('',#2514,#2532,#2540,.T.);
#2540 = LINE('',#2541,#2542);
#2541 = CARTESIAN_POINT('',(-178.15,172.375,318.));
#2542 = VECTOR('',#2543,1.);
#2543 = DIRECTION('',(0.,1.,0.));
#2544 = PLANE('',#2545);
#2545 = AXIS2_PLACEMENT_3D('',#2546,#2547,#2548);
#2546 = CARTESIAN_POINT('',(-194.9,172.,318.));
#2547 = DIRECTION('',(0.,0.,1.));
#2548 = DIRECTION('',(1.,0.,0.));
#2549 = ADVANCED_FACE('',(#2550),#2556,.T.);
#2550 = FACE_BOUND('',#2551,.T.);
#2551 = EDGE_LOOP('',(#2552,#2553,#2554,#2555));
#2552 = ORIENTED_EDGE('',*,*,#2406,.F.);
#2553 = ORIENTED_EDGE('',*,*,#2504,.T.);
#2554 = ORIENTED_EDGE('',*,*,#2488,.T.);
#2555 = ORIENTED_EDGE('',*,*,#2422,.F.);
#2556 = PLANE('',#2557);
#2557 = AXIS2_PLACEMENT_3D('',#2558,#2559,#2560);
#2558 = CARTESIAN_POINT('',(-175.,172.,318.));
#2559 = DIRECTION('',(1.,0.,0.));
#2560 = DIRECTION('',(0.,0.,1.));
#2561 = ADVANCED_FACE('',(#2562),#2578,.T.);
#2562 = FACE_BOUND('',#2563,.T.);
#2563 = EDGE_LOOP('',(#2564,#2570,#2571,#2577));
#2564 = ORIENTED_EDGE('',*,*,#2565,.F.);
#2565 = EDGE_CURVE('',#2514,#2439,#2566,.T.);
#2566 = LINE('',#2567,#2568);
#2567 = CARTESIAN_POINT('',(-178.15,172.75,317.));
#2568 = VECTOR('',#2569,1.);
#2569 = DIRECTION('',(0.,0.,1.));
#2570 = ORIENTED_EDGE('',*,*,#2513,.T.);
#2571 = ORIENTED_EDGE('',*,*,#2572,.T.);
#2572 = EDGE_CURVE('',#2516,#2441,#2573,.T.);
#2573 = LINE('',#2574,#2575);
#2574 = CARTESIAN_POINT('',(-192.65,172.75,317.));
#2575 = VECTOR('',#2576,1.);
#2576 = DIRECTION('',(0.,0.,1.));
#2577 = ORIENTED_EDGE('',*,*,#2438,.F.);
#2578 = PLANE('',#2579);
#2579 = AXIS2_PLACEMENT_3D('',#2580,#2581,#2582);
#2580 = CARTESIAN_POINT('',(-192.65,172.75,317.));
#2581 = DIRECTION('',(0.,1.,0.));
#2582 = DIRECTION('',(0.,0.,1.));
#2583 = ADVANCED_FACE('',(#2584),#2595,.F.);
#2584 = FACE_BOUND('',#2585,.F.);
#2585 = EDGE_LOOP('',(#2586,#2587,#2588,#2594));
#2586 = ORIENTED_EDGE('',*,*,#2565,.F.);
#2587 = ORIENTED_EDGE('',*,*,#2539,.T.);
#2588 = ORIENTED_EDGE('',*,*,#2589,.T.);
#2589 = EDGE_CURVE('',#2532,#2457,#2590,.T.);
#2590 = LINE('',#2591,#2592);
#2591 = CARTESIAN_POINT('',(-178.15,187.25,317.));
#2592 = VECTOR('',#2593,1.);
#2593 = DIRECTION('',(0.,0.,1.));
#2594 = ORIENTED_EDGE('',*,*,#2464,.F.);
#2595 = PLANE('',#2596);
#2596 = AXIS2_PLACEMENT_3D('',#2597,#2598,#2599);
#2597 = CARTESIAN_POINT('',(-178.15,172.75,317.));
#2598 = DIRECTION('',(1.,0.,0.));
#2599 = DIRECTION('',(0.,0.,1.));
#2600 = ADVANCED_FACE('',(#2601),#2612,.F.);
#2601 = FACE_BOUND('',#2602,.F.);
#2602 = EDGE_LOOP('',(#2603,#2604,#2605,#2611));
#2603 = ORIENTED_EDGE('',*,*,#2589,.F.);
#2604 = ORIENTED_EDGE('',*,*,#2531,.T.);
#2605 = ORIENTED_EDGE('',*,*,#2606,.T.);
#2606 = EDGE_CURVE('',#2524,#2449,#2607,.T.);
#2607 = LINE('',#2608,#2609);
#2608 = CARTESIAN_POINT('',(-192.65,187.25,317.));
#2609 = VECTOR('',#2610,1.);
#2610 = DIRECTION('',(0.,0.,1.));
#2611 = ORIENTED_EDGE('',*,*,#2456,.F.);
#2612 = PLANE('',#2613);
#2613 = AXIS2_PLACEMENT_3D('',#2614,#2615,#2616);
#2614 = CARTESIAN_POINT('',(-192.65,187.25,317.));
#2615 = DIRECTION('',(0.,1.,0.));
#2616 = DIRECTION('',(0.,0.,1.));
#2617 = ADVANCED_FACE('',(#2618),#2624,.T.);
#2618 = FACE_BOUND('',#2619,.T.);
#2619 = EDGE_LOOP('',(#2620,#2621,#2622,#2623));
#2620 = ORIENTED_EDGE('',*,*,#2572,.F.);
#2621 = ORIENTED_EDGE('',*,*,#2523,.T.);
#2622 = ORIENTED_EDGE('',*,*,#2606,.T.);
#2623 = ORIENTED_EDGE('',*,*,#2448,.F.);
#2624 = PLANE('',#2625);
#2625 = AXIS2_PLACEMENT_3D('',#2626,#2627,#2628);
#2626 = CARTESIAN_POINT('',(-192.65,172.75,317.));
#2627 = DIRECTION('',(1.,0.,0.));
#2628 = DIRECTION('',(0.,0.,1.));
#2629 = ( GEOMETRIC_REPRESENTATION_CONTEXT(3) 
GLOBAL_UNCERTAINTY_ASSIGNED_CONTEXT((#2633)) 
GLOBAL_UNIT_ASSIGNED_CONTEXT((#2630,#2631,#2632)) REPRESENTATION_CONTEXT
('Context #1','3D Context with UNIT and UNCERTAINTY') );
#2630 = ( LENGTH_UNIT() NAMED_UNIT(*) SI_UNIT(.MILLI.,.METRE.) );
#2631 = ( NAMED_UNIT(*) PLANE_ANGLE_UNIT() SI_UNIT($,.RADIAN.) );
#2632 = ( NAMED_UNIT(*) SI_UNIT($,.STERADIAN.) SOLID_ANGLE_UNIT() );
#2633 = UNCERTAINTY_MEASURE_WITH_UNIT(LENGTH_MEASURE(5.E-06),#2630,
  'distance_accuracy_value','confusion accuracy');
#2634 = CONTEXT_DEPENDENT_SHAPE_REPRESENTATION(#2635,#2637);
#2635 = ( REPRESENTATION_RELATIONSHIP('','',#2342,#10) 
REPRESENTATION_RELATIONSHIP_WITH_TRANSFORMATION(#2636) 
SHAPE_REPRESENTATION_RELATIONSHIP() );
#2636 = ITEM_DEFINED_TRANSFORMATION('','',#11,#55);
#2637 = PRODUCT_DEFINITION_SHAPE('Placement','Placement of an item',
  #2638);
#2638 = NEXT_ASSEMBLY_USAGE_OCCURRENCE('475','STOP_COLLAR_R','',#5,#2337
  ,$);
#2639 = PRODUCT_RELATED_PRODUCT_CATEGORY('part',$,(#2339));
#2640 = SHAPE_DEFINITION_REPRESENTATION(#2641,#2647);
#2641 = PRODUCT_DEFINITION_SHAPE('','',#2642);
#2642 = PRODUCT_DEFINITION('design','',#2643,#2646);
#2643 = PRODUCT_DEFINITION_FORMATION('','',#2644);
#2644 = PRODUCT('LIFT_S1_TRUCK_L0','LIFT_S1_TRUCK_L0','',(#2645));
#2645 = PRODUCT_CONTEXT('',#2,'mechanical');
#2646 = PRODUCT_DEFINITION_CONTEXT('part definition',#2,'design');
#2647 = ADVANCED_BREP_SHAPE_REPRESENTATION('',(#11,#2648),#2930);
#2648 = MANIFOLD_SOLID_BREP('',#2649);
#2649 = CLOSED_SHELL('',(#2650,#2690,#2721,#2761,#2792,#2823,#2854,#2876
    ,#2897,#2914));
#2650 = ADVANCED_FACE('',(#2651),#2685,.T.);
#2651 = FACE_BOUND('',#2652,.T.);
#2652 = EDGE_LOOP('',(#2653,#2663,#2671,#2679));
#2653 = ORIENTED_EDGE('',*,*,#2654,.F.);
#2654 = EDGE_CURVE('',#2655,#2657,#2659,.T.);
#2655 = VERTEX_POINT('',#2656);
#2656 = CARTESIAN_POINT('',(-174.,137.,80.));
#2657 = VERTEX_POINT('',#2658);
#2658 = CARTESIAN_POINT('',(-174.,137.,100.));
#2659 = LINE('',#2660,#2661);
#2660 = CARTESIAN_POINT('',(-174.,137.,80.));
#2661 = VECTOR('',#2662,1.);
#2662 = DIRECTION('',(0.,0.,1.));
#2663 = ORIENTED_EDGE('',*,*,#2664,.T.);
#2664 = EDGE_CURVE('',#2655,#2665,#2667,.T.);
#2665 = VERTEX_POINT('',#2666);
#2666 = CARTESIAN_POINT('',(-174.,155.,80.));
#2667 = LINE('',#2668,#2669);
#2668 = CARTESIAN_POINT('',(-174.,137.,80.));
#2669 = VECTOR('',#2670,1.);
#2670 = DIRECTION('',(0.,1.,0.));
#2671 = ORIENTED_EDGE('',*,*,#2672,.T.);
#2672 = EDGE_CURVE('',#2665,#2673,#2675,.T.);
#2673 = VERTEX_POINT('',#2674);
#2674 = CARTESIAN_POINT('',(-174.,155.,100.));
#2675 = LINE('',#2676,#2677);
#2676 = CARTESIAN_POINT('',(-174.,155.,80.));
#2677 = VECTOR('',#2678,1.);
#2678 = DIRECTION('',(0.,0.,1.));
#2679 = ORIENTED_EDGE('',*,*,#2680,.F.);
#2680 = EDGE_CURVE('',#2657,#2673,#2681,.T.);
#2681 = LINE('',#2682,#2683);
#2682 = CARTESIAN_POINT('',(-174.,137.,100.));
#2683 = VECTOR('',#2684,1.);
#2684 = DIRECTION('',(0.,1.,0.));
#2685 = PLANE('',#2686);
#2686 = AXIS2_PLACEMENT_3D('',#2687,#2688,#2689);
#2687 = CARTESIAN_POINT('',(-174.,137.,80.));
#2688 = DIRECTION('',(1.,0.,0.));
#2689 = DIRECTION('',(0.,0.,1.));
#2690 = ADVANCED_FACE('',(#2691),#2716,.F.);
#2691 = FACE_BOUND('',#2692,.F.);
#2692 = EDGE_LOOP('',(#2693,#2701,#2709,#2715));
#2693 = ORIENTED_EDGE('',*,*,#2694,.F.);
#2694 = EDGE_CURVE('',#2695,#2655,#2697,.T.);
#2695 = VERTEX_POINT('',#2696);
#2696 = CARTESIAN_POINT('',(-178.4,137.,80.));
#2697 = LINE('',#2698,#2699);
#2698 = CARTESIAN_POINT('',(-178.4,137.,80.));
#2699 = VECTOR('',#2700,1.);
#2700 = DIRECTION('',(1.,0.,0.));
#2701 = ORIENTED_EDGE('',*,*,#2702,.T.);
#2702 = EDGE_CURVE('',#2695,#2703,#2705,.T.);
#2703 = VERTEX_POINT('',#2704);
#2704 = CARTESIAN_POINT('',(-178.4,137.,100.));
#2705 = LINE('',#2706,#2707);
#2706 = CARTESIAN_POINT('',(-178.4,137.,80.));
#2707 = VECTOR('',#2708,1.);
#2708 = DIRECTION('',(0.,0.,1.));
#2709 = ORIENTED_EDGE('',*,*,#2710,.T.);
#2710 = EDGE_CURVE('',#2703,#2657,#2711,.T.);
#2711 = LINE('',#2712,#2713);
#2712 = CARTESIAN_POINT('',(-178.4,137.,100.));
#2713 = VECTOR('',#2714,1.);
#2714 = DIRECTION('',(1.,0.,0.));
#2715 = ORIENTED_EDGE('',*,*,#2654,.F.);
#2716 = PLANE('',#2717);
#2717 = AXIS2_PLACEMENT_3D('',#2718,#2719,#2720);
#2718 = CARTESIAN_POINT('',(-178.4,137.,80.));
#2719 = DIRECTION('',(0.,1.,0.));
#2720 = DIRECTION('',(0.,0.,1.));
#2721 = ADVANCED_FACE('',(#2722),#2756,.T.);
#2722 = FACE_BOUND('',#2723,.T.);
#2723 = EDGE_LOOP('',(#2724,#2734,#2742,#2750));
#2724 = ORIENTED_EDGE('',*,*,#2725,.F.);
#2725 = EDGE_CURVE('',#2726,#2728,#2730,.T.);
#2726 = VERTEX_POINT('',#2727);
#2727 = CARTESIAN_POINT('',(-192.4,137.,100.));
#2728 = VERTEX_POINT('',#2729);
#2729 = CARTESIAN_POINT('',(-192.4,151.,100.));
#2730 = LINE('',#2731,#2732);
#2731 = CARTESIAN_POINT('',(-192.4,137.,100.));
#2732 = VECTOR('',#2733,1.);
#2733 = DIRECTION('',(0.,1.,0.));
#2734 = ORIENTED_EDGE('',*,*,#2735,.F.);
#2735 = EDGE_CURVE('',#2736,#2726,#2738,.T.);
#2736 = VERTEX_POINT('',#2737);
#2737 = CARTESIAN_POINT('',(-192.4,137.,80.));
#2738 = LINE('',#2739,#2740);
#2739 = CARTESIAN_POINT('',(-192.4,137.,80.));
#2740 = VECTOR('',#2741,1.);
#2741 = DIRECTION('',(0.,0.,1.));
#2742 = ORIENTED_EDGE('',*,*,#2743,.T.);
#2743 = EDGE_CURVE('',#2736,#2744,#2746,.T.);
#2744 = VERTEX_POINT('',#2745);
#2745 = CARTESIAN_POINT('',(-192.4,151.,80.));
#2746 = LINE('',#2747,#2748);
#2747 = CARTESIAN_POINT('',(-192.4,137.,80.));
#2748 = VECTOR('',#2749,1.);
#2749 = DIRECTION('',(0.,1.,0.));
#2750 = ORIENTED_EDGE('',*,*,#2751,.F.);
#2751 = EDGE_CURVE('',#2728,#2744,#2752,.T.);
#2752 = LINE('',#2753,#2754);
#2753 = CARTESIAN_POINT('',(-192.4,151.,80.));
#2754 = VECTOR('',#2755,1.);
#2755 = DIRECTION('',(0.,0.,-1.));
#2756 = PLANE('',#2757);
#2757 = AXIS2_PLACEMENT_3D('',#2758,#2759,#2760);
#2758 = CARTESIAN_POINT('',(-192.4,137.,80.));
#2759 = DIRECTION('',(1.,0.,0.));
#2760 = DIRECTION('',(0.,0.,1.));
#2761 = ADVANCED_FACE('',(#2762),#2787,.F.);
#2762 = FACE_BOUND('',#2763,.F.);
#2763 = EDGE_LOOP('',(#2764,#2772,#2780,#2786));
#2764 = ORIENTED_EDGE('',*,*,#2765,.F.);
#2765 = EDGE_CURVE('',#2766,#2736,#2768,.T.);
#2766 = VERTEX_POINT('',#2767);
#2767 = CARTESIAN_POINT('',(-197.4,137.,80.));
#2768 = LINE('',#2769,#2770);
#2769 = CARTESIAN_POINT('',(-197.4,137.,80.));
#2770 = VECTOR('',#2771,1.);
#2771 = DIRECTION('',(1.,0.,0.));
#2772 = ORIENTED_EDGE('',*,*,#2773,.T.);
#2773 = EDGE_CURVE('',#2766,#2774,#2776,.T.);
#2774 = VERTEX_POINT('',#2775);
#2775 = CARTESIAN_POINT('',(-197.4,137.,100.));
#2776 = LINE('',#2777,#2778);
#2777 = CARTESIAN_POINT('',(-197.4,137.,80.));
#2778 = VECTOR('',#2779,1.);
#2779 = DIRECTION('',(0.,0.,1.));
#2780 = ORIENTED_EDGE('',*,*,#2781,.T.);
#2781 = EDGE_CURVE('',#2774,#2726,#2782,.T.);
#2782 = LINE('',#2783,#2784);
#2783 = CARTESIAN_POINT('',(-197.4,137.,100.));
#2784 = VECTOR('',#2785,1.);
#2785 = DIRECTION('',(1.,0.,0.));
#2786 = ORIENTED_EDGE('',*,*,#2735,.F.);
#2787 = PLANE('',#2788);
#2788 = AXIS2_PLACEMENT_3D('',#2789,#2790,#2791);
#2789 = CARTESIAN_POINT('',(-197.4,137.,80.));
#2790 = DIRECTION('',(0.,1.,0.));
#2791 = DIRECTION('',(0.,0.,1.));
#2792 = ADVANCED_FACE('',(#2793),#2818,.F.);
#2793 = FACE_BOUND('',#2794,.F.);
#2794 = EDGE_LOOP('',(#2795,#2796,#2804,#2812));
#2795 = ORIENTED_EDGE('',*,*,#2773,.F.);
#2796 = ORIENTED_EDGE('',*,*,#2797,.T.);
#2797 = EDGE_CURVE('',#2766,#2798,#2800,.T.);
#2798 = VERTEX_POINT('',#2799);
#2799 = CARTESIAN_POINT('',(-197.4,155.,80.));
#2800 = LINE('',#2801,#2802);
#2801 = CARTESIAN_POINT('',(-197.4,137.,80.));
#2802 = VECTOR('',#2803,1.);
#2803 = DIRECTION('',(0.,1.,0.));
#2804 = ORIENTED_EDGE('',*,*,#2805,.T.);
#2805 = EDGE_CURVE('',#2798,#2806,#2808,.T.);
#2806 = VERTEX_POINT('',#2807);
#2807 = CARTESIAN_POINT('',(-197.4,155.,100.));
#2808 = LINE('',#2809,#2810);
#2809 = CARTESIAN_POINT('',(-197.4,155.,80.));
#2810 = VECTOR('',#2811,1.);
#2811 = DIRECTION('',(0.,0.,1.));
#2812 = ORIENTED_EDGE('',*,*,#2813,.F.);
#2813 = EDGE_CURVE('',#2774,#2806,#2814,.T.);
#2814 = LINE('',#2815,#2816);
#2815 = CARTESIAN_POINT('',(-197.4,137.,100.));
#2816 = VECTOR('',#2817,1.);
#2817 = DIRECTION('',(0.,1.,0.));
#2818 = PLANE('',#2819);
#2819 = AXIS2_PLACEMENT_3D('',#2820,#2821,#2822);
#2820 = CARTESIAN_POINT('',(-197.4,137.,80.));
#2821 = DIRECTION('',(1.,0.,0.));
#2822 = DIRECTION('',(0.,0.,1.));
#2823 = ADVANCED_FACE('',(#2824),#2849,.F.);
#2824 = FACE_BOUND('',#2825,.F.);
#2825 = EDGE_LOOP('',(#2826,#2834,#2835,#2843));
#2826 = ORIENTED_EDGE('',*,*,#2827,.F.);
#2827 = EDGE_CURVE('',#2744,#2828,#2830,.T.);
#2828 = VERTEX_POINT('',#2829);
#2829 = CARTESIAN_POINT('',(-178.4,151.,80.));
#2830 = LINE('',#2831,#2832);
#2831 = CARTESIAN_POINT('',(-193.,151.,80.));
#2832 = VECTOR('',#2833,1.);
#2833 = DIRECTION('',(1.,0.,0.));
#2834 = ORIENTED_EDGE('',*,*,#2751,.F.);
#2835 = ORIENTED_EDGE('',*,*,#2836,.T.);
#2836 = EDGE_CURVE('',#2728,#2837,#2839,.T.);
#2837 = VERTEX_POINT('',#2838);
#2838 = CARTESIAN_POINT('',(-178.4,151.,100.));
#2839 = LINE('',#2840,#2841);
#2840 = CARTESIAN_POINT('',(-193.,151.,100.));
#2841 = VECTOR('',#2842,1.);
#2842 = DIRECTION('',(1.,0.,0.));
#2843 = ORIENTED_EDGE('',*,*,#2844,.T.);
#2844 = EDGE_CURVE('',#2837,#2828,#2845,.T.);
#2845 = LINE('',#2846,#2847);
#2846 = CARTESIAN_POINT('',(-178.4,151.,80.));
#2847 = VECTOR('',#2848,1.);
#2848 = DIRECTION('',(0.,0.,-1.));
#2849 = PLANE('',#2850);
#2850 = AXIS2_PLACEMENT_3D('',#2851,#2852,#2853);
#2851 = CARTESIAN_POINT('',(-193.,151.,80.));
#2852 = DIRECTION('',(0.,1.,0.));
#2853 = DIRECTION('',(0.,0.,1.));
#2854 = ADVANCED_FACE('',(#2855),#2871,.F.);
#2855 = FACE_BOUND('',#2856,.F.);
#2856 = EDGE_LOOP('',(#2857,#2863,#2864,#2870));
#2857 = ORIENTED_EDGE('',*,*,#2858,.F.);
#2858 = EDGE_CURVE('',#2703,#2837,#2859,.T.);
#2859 = LINE('',#2860,#2861);
#2860 = CARTESIAN_POINT('',(-178.4,137.,100.));
#2861 = VECTOR('',#2862,1.);
#2862 = DIRECTION('',(0.,1.,0.));
#2863 = ORIENTED_EDGE('',*,*,#2702,.F.);
#2864 = ORIENTED_EDGE('',*,*,#2865,.T.);
#2865 = EDGE_CURVE('',#2695,#2828,#2866,.T.);
#2866 = LINE('',#2867,#2868);
#2867 = CARTESIAN_POINT('',(-178.4,137.,80.));
#2868 = VECTOR('',#2869,1.);
#2869 = DIRECTION('',(0.,1.,0.));
#2870 = ORIENTED_EDGE('',*,*,#2844,.F.);
#2871 = PLANE('',#2872);
#2872 = AXIS2_PLACEMENT_3D('',#2873,#2874,#2875);
#2873 = CARTESIAN_POINT('',(-178.4,137.,80.));
#2874 = DIRECTION('',(1.,0.,0.));
#2875 = DIRECTION('',(0.,0.,1.));
#2876 = ADVANCED_FACE('',(#2877),#2892,.T.);
#2877 = FACE_BOUND('',#2878,.T.);
#2878 = EDGE_LOOP('',(#2879,#2880,#2881,#2882,#2883,#2884,#2885,#2886));
#2879 = ORIENTED_EDGE('',*,*,#2813,.F.);
#2880 = ORIENTED_EDGE('',*,*,#2781,.T.);
#2881 = ORIENTED_EDGE('',*,*,#2725,.T.);
#2882 = ORIENTED_EDGE('',*,*,#2836,.T.);
#2883 = ORIENTED_EDGE('',*,*,#2858,.F.);
#2884 = ORIENTED_EDGE('',*,*,#2710,.T.);
#2885 = ORIENTED_EDGE('',*,*,#2680,.T.);
#2886 = ORIENTED_EDGE('',*,*,#2887,.F.);
#2887 = EDGE_CURVE('',#2806,#2673,#2888,.T.);
#2888 = LINE('',#2889,#2890);
#2889 = CARTESIAN_POINT('',(-178.4,155.,100.));
#2890 = VECTOR('',#2891,1.);
#2891 = DIRECTION('',(1.,0.,0.));
#2892 = PLANE('',#2893);
#2893 = AXIS2_PLACEMENT_3D('',#2894,#2895,#2896);
#2894 = CARTESIAN_POINT('',(-185.6241877256,147.26353790613,100.));
#2895 = DIRECTION('',(0.,0.,1.));
#2896 = DIRECTION('',(1.,0.,0.));
#2897 = ADVANCED_FACE('',(#2898),#2909,.T.);
#2898 = FACE_BOUND('',#2899,.T.);
#2899 = EDGE_LOOP('',(#2900,#2901,#2902,#2903));
#2900 = ORIENTED_EDGE('',*,*,#2805,.T.);
#2901 = ORIENTED_EDGE('',*,*,#2887,.T.);
#2902 = ORIENTED_EDGE('',*,*,#2672,.F.);
#2903 = ORIENTED_EDGE('',*,*,#2904,.F.);
#2904 = EDGE_CURVE('',#2798,#2665,#2905,.T.);
#2905 = LINE('',#2906,#2907);
#2906 = CARTESIAN_POINT('',(-178.4,155.,80.));
#2907 = VECTOR('',#2908,1.);
#2908 = DIRECTION('',(1.,0.,0.));
#2909 = PLANE('',#2910);
#2910 = AXIS2_PLACEMENT_3D('',#2911,#2912,#2913);
#2911 = CARTESIAN_POINT('',(-185.7,155.,90.));
#2912 = DIRECTION('',(0.,1.,0.));
#2913 = DIRECTION('',(0.,0.,1.));
#2914 = ADVANCED_FACE('',(#2915),#2925,.T.);
#2915 = FACE_BOUND('',#2916,.T.);
#2916 = EDGE_LOOP('',(#2917,#2918,#2919,#2920,#2921,#2922,#2923,#2924));
#2917 = ORIENTED_EDGE('',*,*,#2904,.T.);
#2918 = ORIENTED_EDGE('',*,*,#2664,.F.);
#2919 = ORIENTED_EDGE('',*,*,#2694,.F.);
#2920 = ORIENTED_EDGE('',*,*,#2865,.T.);
#2921 = ORIENTED_EDGE('',*,*,#2827,.F.);
#2922 = ORIENTED_EDGE('',*,*,#2743,.F.);
#2923 = ORIENTED_EDGE('',*,*,#2765,.F.);
#2924 = ORIENTED_EDGE('',*,*,#2797,.T.);
#2925 = PLANE('',#2926);
#2926 = AXIS2_PLACEMENT_3D('',#2927,#2928,#2929);
#2927 = CARTESIAN_POINT('',(-185.6241877256,147.26353790613,80.));
#2928 = DIRECTION('',(-0.,-0.,-1.));
#2929 = DIRECTION('',(-1.,0.,0.));
#2930 = ( GEOMETRIC_REPRESENTATION_CONTEXT(3) 
GLOBAL_UNCERTAINTY_ASSIGNED_CONTEXT((#2934)) 
GLOBAL_UNIT_ASSIGNED_CONTEXT((#2931,#2932,#2933)) REPRESENTATION_CONTEXT
('Context #1','3D Context with UNIT and UNCERTAINTY') );
#2931 = ( LENGTH_UNIT() NAMED_UNIT(*) SI_UNIT(.MILLI.,.METRE.) );
#2932 = ( NAMED_UNIT(*) PLANE_ANGLE_UNIT() SI_UNIT($,.RADIAN.) );
#2933 = ( NAMED_UNIT(*) SI_UNIT($,.STERADIAN.) SOLID_ANGLE_UNIT() );
#2934 = UNCERTAINTY_MEASURE_WITH_UNIT(LENGTH_MEASURE(5.E-06),#2931,
  'distance_accuracy_value','confusion accuracy');
#2935 = CONTEXT_DEPENDENT_SHAPE_REPRESENTATION(#2936,#2938);
#2936 = ( REPRESENTATION_RELATIONSHIP('','',#2647,#10) 
REPRESENTATION_RELATIONSHIP_WITH_TRANSFORMATION(#2937) 
SHAPE_REPRESENTATION_RELATIONSHIP() );
#2937 = ITEM_DEFINED_TRANSFORMATION('','',#11,#59);
#2938 = PRODUCT_DEFINITION_SHAPE('Placement','Placement of an item',
  #2939);
#2939 = NEXT_ASSEMBLY_USAGE_OCCURRENCE('476','LIFT_S1_TRUCK_L0','',#5,
  #2642,$);
#2940 = PRODUCT_RELATED_PRODUCT_CATEGORY('part',$,(#2644));
#2941 = SHAPE_DEFINITION_REPRESENTATION(#2942,#2948);
#2942 = PRODUCT_DEFINITION_SHAPE('','',#2943);
#2943 = PRODUCT_DEFINITION('design','',#2944,#2947);
#2944 = PRODUCT_DEFINITION_FORMATION('','',#2945);
#2945 = PRODUCT('LIFT_S1_TRUCK_L1','LIFT_S1_TRUCK_L1','',(#2946));
#2946 = PRODUCT_CONTEXT('',#2,'mechanical');
#2947 = PRODUCT_DEFINITION_CONTEXT('part definition',#2,'design');
#2948 = ADVANCED_BREP_SHAPE_REPRESENTATION('',(#11,#2949),#3231);
#2949 = MANIFOLD_SOLID_BREP('',#2950);
#2950 = CLOSED_SHELL('',(#2951,#2991,#3022,#3062,#3093,#3124,#3155,#3177
    ,#3198,#3215));
#2951 = ADVANCED_FACE('',(#2952),#2986,.T.);
#2952 = FACE_BOUND('',#2953,.T.);
#2953 = EDGE_LOOP('',(#2954,#2964,#2972,#2980));
#2954 = ORIENTED_EDGE('',*,*,#2955,.F.);
#2955 = EDGE_CURVE('',#2956,#2958,#2960,.T.);
#2956 = VERTEX_POINT('',#2957);
#2957 = CARTESIAN_POINT('',(-174.,137.,104.));
#2958 = VERTEX_POINT('',#2959);
#2959 = CARTESIAN_POINT('',(-174.,137.,124.));
#2960 = LINE('',#2961,#2962);
#2961 = CARTESIAN_POINT('',(-174.,137.,104.));
#2962 = VECTOR('',#2963,1.);
#2963 = DIRECTION('',(0.,0.,1.));
#2964 = ORIENTED_EDGE('',*,*,#2965,.T.);
#2965 = EDGE_CURVE('',#2956,#2966,#2968,.T.);
#2966 = VERTEX_POINT('',#2967);
#2967 = CARTESIAN_POINT('',(-174.,155.,104.));
#2968 = LINE('',#2969,#2970);
#2969 = CARTESIAN_POINT('',(-174.,137.,104.));
#2970 = VECTOR('',#2971,1.);
#2971 = DIRECTION('',(0.,1.,0.));
#2972 = ORIENTED_EDGE('',*,*,#2973,.T.);
#2973 = EDGE_CURVE('',#2966,#2974,#2976,.T.);
#2974 = VERTEX_POINT('',#2975);
#2975 = CARTESIAN_POINT('',(-174.,155.,124.));
#2976 = LINE('',#2977,#2978);
#2977 = CARTESIAN_POINT('',(-174.,155.,104.));
#2978 = VECTOR('',#2979,1.);
#2979 = DIRECTION('',(0.,0.,1.));
#2980 = ORIENTED_EDGE('',*,*,#2981,.F.);
#2981 = EDGE_CURVE('',#2958,#2974,#2982,.T.);
#2982 = LINE('',#2983,#2984);
#2983 = CARTESIAN_POINT('',(-174.,137.,124.));
#2984 = VECTOR('',#2985,1.);
#2985 = DIRECTION('',(0.,1.,0.));
#2986 = PLANE('',#2987);
#2987 = AXIS2_PLACEMENT_3D('',#2988,#2989,#2990);
#2988 = CARTESIAN_POINT('',(-174.,137.,104.));
#2989 = DIRECTION('',(1.,0.,0.));
#2990 = DIRECTION('',(0.,0.,1.));
#2991 = ADVANCED_FACE('',(#2992),#3017,.F.);
#2992 = FACE_BOUND('',#2993,.F.);
#2993 = EDGE_LOOP('',(#2994,#3002,#3010,#3016));
#2994 = ORIENTED_EDGE('',*,*,#2995,.F.);
#2995 = EDGE_CURVE('',#2996,#2956,#2998,.T.);
#2996 = VERTEX_POINT('',#2997);
#2997 = CARTESIAN_POINT('',(-178.4,137.,104.));
#2998 = LINE('',#2999,#3000);
#2999 = CARTESIAN_POINT('',(-178.4,137.,104.));
#3000 = VECTOR('',#3001,1.);
#3001 = DIRECTION('',(1.,0.,0.));
#3002 = ORIENTED_EDGE('',*,*,#3003,.T.);
#3003 = EDGE_CURVE('',#2996,#3004,#3006,.T.);
#3004 = VERTEX_POINT('',#3005);
#3005 = CARTESIAN_POINT('',(-178.4,137.,124.));
#3006 = LINE('',#3007,#3008);
#3007 = CARTESIAN_POINT('',(-178.4,137.,104.));
#3008 = VECTOR('',#3009,1.);
#3009 = DIRECTION('',(0.,0.,1.));
#3010 = ORIENTED_EDGE('',*,*,#3011,.T.);
#3011 = EDGE_CURVE('',#3004,#2958,#3012,.T.);
#3012 = LINE('',#3013,#3014);
#3013 = CARTESIAN_POINT('',(-178.4,137.,124.));
#3014 = VECTOR('',#3015,1.);
#3015 = DIRECTION('',(1.,0.,0.));
#3016 = ORIENTED_EDGE('',*,*,#2955,.F.);
#3017 = PLANE('',#3018);
#3018 = AXIS2_PLACEMENT_3D('',#3019,#3020,#3021);
#3019 = CARTESIAN_POINT('',(-178.4,137.,104.));
#3020 = DIRECTION('',(0.,1.,0.));
#3021 = DIRECTION('',(0.,0.,1.));
#3022 = ADVANCED_FACE('',(#3023),#3057,.T.);
#3023 = FACE_BOUND('',#3024,.T.);
#3024 = EDGE_LOOP('',(#3025,#3035,#3043,#3051));
#3025 = ORIENTED_EDGE('',*,*,#3026,.F.);
#3026 = EDGE_CURVE('',#3027,#3029,#3031,.T.);
#3027 = VERTEX_POINT('',#3028);
#3028 = CARTESIAN_POINT('',(-192.4,137.,124.));
#3029 = VERTEX_POINT('',#3030);
#3030 = CARTESIAN_POINT('',(-192.4,151.,124.));
#3031 = LINE('',#3032,#3033);
#3032 = CARTESIAN_POINT('',(-192.4,137.,124.));
#3033 = VECTOR('',#3034,1.);
#3034 = DIRECTION('',(0.,1.,0.));
#3035 = ORIENTED_EDGE('',*,*,#3036,.F.);
#3036 = EDGE_CURVE('',#3037,#3027,#3039,.T.);
#3037 = VERTEX_POINT('',#3038);
#3038 = CARTESIAN_POINT('',(-192.4,137.,104.));
#3039 = LINE('',#3040,#3041);
#3040 = CARTESIAN_POINT('',(-192.4,137.,104.));
#3041 = VECTOR('',#3042,1.);
#3042 = DIRECTION('',(0.,0.,1.));
#3043 = ORIENTED_EDGE('',*,*,#3044,.T.);
#3044 = EDGE_CURVE('',#3037,#3045,#3047,.T.);
#3045 = VERTEX_POINT('',#3046);
#3046 = CARTESIAN_POINT('',(-192.4,151.,104.));
#3047 = LINE('',#3048,#3049);
#3048 = CARTESIAN_POINT('',(-192.4,137.,104.));
#3049 = VECTOR('',#3050,1.);
#3050 = DIRECTION('',(0.,1.,0.));
#3051 = ORIENTED_EDGE('',*,*,#3052,.F.);
#3052 = EDGE_CURVE('',#3029,#3045,#3053,.T.);
#3053 = LINE('',#3054,#3055);
#3054 = CARTESIAN_POINT('',(-192.4,151.,104.));
#3055 = VECTOR('',#3056,1.);
#3056 = DIRECTION('',(0.,0.,-1.));
#3057 = PLANE('',#3058);
#3058 = AXIS2_PLACEMENT_3D('',#3059,#3060,#3061);
#3059 = CARTESIAN_POINT('',(-192.4,137.,104.));
#3060 = DIRECTION('',(1.,0.,0.));
#3061 = DIRECTION('',(0.,0.,1.));
#3062 = ADVANCED_FACE('',(#3063),#3088,.F.);
#3063 = FACE_BOUND('',#3064,.F.);
#3064 = EDGE_LOOP('',(#3065,#3073,#3081,#3087));
#3065 = ORIENTED_EDGE('',*,*,#3066,.F.);
#3066 = EDGE_CURVE('',#3067,#3037,#3069,.T.);
#3067 = VERTEX_POINT('',#3068);
#3068 = CARTESIAN_POINT('',(-197.4,137.,104.));
#3069 = LINE('',#3070,#3071);
#3070 = CARTESIAN_POINT('',(-197.4,137.,104.));
#3071 = VECTOR('',#3072,1.);
#3072 = DIRECTION('',(1.,0.,0.));
#3073 = ORIENTED_EDGE('',*,*,#3074,.T.);
#3074 = EDGE_CURVE('',#3067,#3075,#3077,.T.);
#3075 = VERTEX_POINT('',#3076);
#3076 = CARTESIAN_POINT('',(-197.4,137.,124.));
#3077 = LINE('',#3078,#3079);
#3078 = CARTESIAN_POINT('',(-197.4,137.,104.));
#3079 = VECTOR('',#3080,1.);
#3080 = DIRECTION('',(0.,0.,1.));
#3081 = ORIENTED_EDGE('',*,*,#3082,.T.);
#3082 = EDGE_CURVE('',#3075,#3027,#3083,.T.);
#3083 = LINE('',#3084,#3085);
#3084 = CARTESIAN_POINT('',(-197.4,137.,124.));
#3085 = VECTOR('',#3086,1.);
#3086 = DIRECTION('',(1.,0.,0.));
#3087 = ORIENTED_EDGE('',*,*,#3036,.F.);
#3088 = PLANE('',#3089);
#3089 = AXIS2_PLACEMENT_3D('',#3090,#3091,#3092);
#3090 = CARTESIAN_POINT('',(-197.4,137.,104.));
#3091 = DIRECTION('',(0.,1.,0.));
#3092 = DIRECTION('',(0.,0.,1.));
#3093 = ADVANCED_FACE('',(#3094),#3119,.F.);
#3094 = FACE_BOUND('',#3095,.F.);
#3095 = EDGE_LOOP('',(#3096,#3097,#3105,#3113));
#3096 = ORIENTED_EDGE('',*,*,#3074,.F.);
#3097 = ORIENTED_EDGE('',*,*,#3098,.T.);
#3098 = EDGE_CURVE('',#3067,#3099,#3101,.T.);
#3099 = VERTEX_POINT('',#3100);
#3100 = CARTESIAN_POINT('',(-197.4,155.,104.));
#3101 = LINE('',#3102,#3103);
#3102 = CARTESIAN_POINT('',(-197.4,137.,104.));
#3103 = VECTOR('',#3104,1.);
#3104 = DIRECTION('',(0.,1.,0.));
#3105 = ORIENTED_EDGE('',*,*,#3106,.T.);
#3106 = EDGE_CURVE('',#3099,#3107,#3109,.T.);
#3107 = VERTEX_POINT('',#3108);
#3108 = CARTESIAN_POINT('',(-197.4,155.,124.));
#3109 = LINE('',#3110,#3111);
#3110 = CARTESIAN_POINT('',(-197.4,155.,104.));
#3111 = VECTOR('',#3112,1.);
#3112 = DIRECTION('',(0.,0.,1.));
#3113 = ORIENTED_EDGE('',*,*,#3114,.F.);
#3114 = EDGE_CURVE('',#3075,#3107,#3115,.T.);
#3115 = LINE('',#3116,#3117);
#3116 = CARTESIAN_POINT('',(-197.4,137.,124.));
#3117 = VECTOR('',#3118,1.);
#3118 = DIRECTION('',(0.,1.,0.));
#3119 = PLANE('',#3120);
#3120 = AXIS2_PLACEMENT_3D('',#3121,#3122,#3123);
#3121 = CARTESIAN_POINT('',(-197.4,137.,104.));
#3122 = DIRECTION('',(1.,0.,0.));
#3123 = DIRECTION('',(0.,0.,1.));
#3124 = ADVANCED_FACE('',(#3125),#3150,.F.);
#3125 = FACE_BOUND('',#3126,.F.);
#3126 = EDGE_LOOP('',(#3127,#3135,#3136,#3144));
#3127 = ORIENTED_EDGE('',*,*,#3128,.F.);
#3128 = EDGE_CURVE('',#3045,#3129,#3131,.T.);
#3129 = VERTEX_POINT('',#3130);
#3130 = CARTESIAN_POINT('',(-178.4,151.,104.));
#3131 = LINE('',#3132,#3133);
#3132 = CARTESIAN_POINT('',(-193.,151.,104.));
#3133 = VECTOR('',#3134,1.);
#3134 = DIRECTION('',(1.,0.,0.));
#3135 = ORIENTED_EDGE('',*,*,#3052,.F.);
#3136 = ORIENTED_EDGE('',*,*,#3137,.T.);
#3137 = EDGE_CURVE('',#3029,#3138,#3140,.T.);
#3138 = VERTEX_POINT('',#3139);
#3139 = CARTESIAN_POINT('',(-178.4,151.,124.));
#3140 = LINE('',#3141,#3142);
#3141 = CARTESIAN_POINT('',(-193.,151.,124.));
#3142 = VECTOR('',#3143,1.);
#3143 = DIRECTION('',(1.,0.,0.));
#3144 = ORIENTED_EDGE('',*,*,#3145,.T.);
#3145 = EDGE_CURVE('',#3138,#3129,#3146,.T.);
#3146 = LINE('',#3147,#3148);
#3147 = CARTESIAN_POINT('',(-178.4,151.,104.));
#3148 = VECTOR('',#3149,1.);
#3149 = DIRECTION('',(0.,0.,-1.));
#3150 = PLANE('',#3151);
#3151 = AXIS2_PLACEMENT_3D('',#3152,#3153,#3154);
#3152 = CARTESIAN_POINT('',(-193.,151.,104.));
#3153 = DIRECTION('',(0.,1.,0.));
#3154 = DIRECTION('',(0.,0.,1.));
#3155 = ADVANCED_FACE('',(#3156),#3172,.F.);
#3156 = FACE_BOUND('',#3157,.F.);
#3157 = EDGE_LOOP('',(#3158,#3164,#3165,#3171));
#3158 = ORIENTED_EDGE('',*,*,#3159,.F.);
#3159 = EDGE_CURVE('',#3004,#3138,#3160,.T.);
#3160 = LINE('',#3161,#3162);
#3161 = CARTESIAN_POINT('',(-178.4,137.,124.));
#3162 = VECTOR('',#3163,1.);
#3163 = DIRECTION('',(0.,1.,0.));
#3164 = ORIENTED_EDGE('',*,*,#3003,.F.);
#3165 = ORIENTED_EDGE('',*,*,#3166,.T.);
#3166 = EDGE_CURVE('',#2996,#3129,#3167,.T.);
#3167 = LINE('',#3168,#3169);
#3168 = CARTESIAN_POINT('',(-178.4,137.,104.));
#3169 = VECTOR('',#3170,1.);
#3170 = DIRECTION('',(0.,1.,0.));
#3171 = ORIENTED_EDGE('',*,*,#3145,.F.);
#3172 = PLANE('',#3173);
#3173 = AXIS2_PLACEMENT_3D('',#3174,#3175,#3176);
#3174 = CARTESIAN_POINT('',(-178.4,137.,104.));
#3175 = DIRECTION('',(1.,0.,0.));
#3176 = DIRECTION('',(0.,0.,1.));
#3177 = ADVANCED_FACE('',(#3178),#3193,.T.);
#3178 = FACE_BOUND('',#3179,.T.);
#3179 = EDGE_LOOP('',(#3180,#3181,#3182,#3183,#3184,#3185,#3186,#3187));
#3180 = ORIENTED_EDGE('',*,*,#3114,.F.);
#3181 = ORIENTED_EDGE('',*,*,#3082,.T.);
#3182 = ORIENTED_EDGE('',*,*,#3026,.T.);
#3183 = ORIENTED_EDGE('',*,*,#3137,.T.);
#3184 = ORIENTED_EDGE('',*,*,#3159,.F.);
#3185 = ORIENTED_EDGE('',*,*,#3011,.T.);
#3186 = ORIENTED_EDGE('',*,*,#2981,.T.);
#3187 = ORIENTED_EDGE('',*,*,#3188,.F.);
#3188 = EDGE_CURVE('',#3107,#2974,#3189,.T.);
#3189 = LINE('',#3190,#3191);
#3190 = CARTESIAN_POINT('',(-178.4,155.,124.));
#3191 = VECTOR('',#3192,1.);
#3192 = DIRECTION('',(1.,0.,0.));
#3193 = PLANE('',#3194);
#3194 = AXIS2_PLACEMENT_3D('',#3195,#3196,#3197);
#3195 = CARTESIAN_POINT('',(-185.6241877256,147.26353790613,124.));
#3196 = DIRECTION('',(0.,0.,1.));
#3197 = DIRECTION('',(1.,0.,0.));
#3198 = ADVANCED_FACE('',(#3199),#3210,.T.);
#3199 = FACE_BOUND('',#3200,.T.);
#3200 = EDGE_LOOP('',(#3201,#3202,#3203,#3204));
#3201 = ORIENTED_EDGE('',*,*,#3106,.T.);
#3202 = ORIENTED_EDGE('',*,*,#3188,.T.);
#3203 = ORIENTED_EDGE('',*,*,#2973,.F.);
#3204 = ORIENTED_EDGE('',*,*,#3205,.F.);
#3205 = EDGE_CURVE('',#3099,#2966,#3206,.T.);
#3206 = LINE('',#3207,#3208);
#3207 = CARTESIAN_POINT('',(-178.4,155.,104.));
#3208 = VECTOR('',#3209,1.);
#3209 = DIRECTION('',(1.,0.,0.));
#3210 = PLANE('',#3211);
#3211 = AXIS2_PLACEMENT_3D('',#3212,#3213,#3214);
#3212 = CARTESIAN_POINT('',(-185.7,155.,114.));
#3213 = DIRECTION('',(0.,1.,0.));
#3214 = DIRECTION('',(0.,0.,1.));
#3215 = ADVANCED_FACE('',(#3216),#3226,.T.);
#3216 = FACE_BOUND('',#3217,.T.);
#3217 = EDGE_LOOP('',(#3218,#3219,#3220,#3221,#3222,#3223,#3224,#3225));
#3218 = ORIENTED_EDGE('',*,*,#3205,.T.);
#3219 = ORIENTED_EDGE('',*,*,#2965,.F.);
#3220 = ORIENTED_EDGE('',*,*,#2995,.F.);
#3221 = ORIENTED_EDGE('',*,*,#3166,.T.);
#3222 = ORIENTED_EDGE('',*,*,#3128,.F.);
#3223 = ORIENTED_EDGE('',*,*,#3044,.F.);
#3224 = ORIENTED_EDGE('',*,*,#3066,.F.);
#3225 = ORIENTED_EDGE('',*,*,#3098,.T.);
#3226 = PLANE('',#3227);
#3227 = AXIS2_PLACEMENT_3D('',#3228,#3229,#3230);
#3228 = CARTESIAN_POINT('',(-185.6241877256,147.26353790613,104.));
#3229 = DIRECTION('',(-0.,-0.,-1.));
#3230 = DIRECTION('',(-1.,0.,0.));
#3231 = ( GEOMETRIC_REPRESENTATION_CONTEXT(3) 
GLOBAL_UNCERTAINTY_ASSIGNED_CONTEXT((#3235)) 
GLOBAL_UNIT_ASSIGNED_CONTEXT((#3232,#3233,#3234)) REPRESENTATION_CONTEXT
('Context #1','3D Context with UNIT and UNCERTAINTY') );
#3232 = ( LENGTH_UNIT() NAMED_UNIT(*) SI_UNIT(.MILLI.,.METRE.) );
#3233 = ( NAMED_UNIT(*) PLANE_ANGLE_UNIT() SI_UNIT($,.RADIAN.) );
#3234 = ( NAMED_UNIT(*) SI_UNIT($,.STERADIAN.) SOLID_ANGLE_UNIT() );
#3235 = UNCERTAINTY_MEASURE_WITH_UNIT(LENGTH_MEASURE(5.E-06),#3232,
  'distance_accuracy_value','confusion accuracy');
#3236 = CONTEXT_DEPENDENT_SHAPE_REPRESENTATION(#3237,#3239);
#3237 = ( REPRESENTATION_RELATIONSHIP('','',#2948,#10) 
REPRESENTATION_RELATIONSHIP_WITH_TRANSFORMATION(#3238) 
SHAPE_REPRESENTATION_RELATIONSHIP() );
#3238 = ITEM_DEFINED_TRANSFORMATION('','',#11,#63);
#3239 = PRODUCT_DEFINITION_SHAPE('Placement','Placement of an item',
  #3240);
#3240 = NEXT_ASSEMBLY_USAGE_OCCURRENCE('477','LIFT_S1_TRUCK_L1','',#5,
  #2943,$);
#3241 = PRODUCT_RELATED_PRODUCT_CATEGORY('part',$,(#2945));
#3242 = SHAPE_DEFINITION_REPRESENTATION(#3243,#3249);
#3243 = PRODUCT_DEFINITION_SHAPE('','',#3244);
#3244 = PRODUCT_DEFINITION('design','',#3245,#3248);
#3245 = PRODUCT_DEFINITION_FORMATION('','',#3246);
#3246 = PRODUCT('LIFT_S1_BAR_L','LIFT_S1_BAR_L','',(#3247));
#3247 = PRODUCT_CONTEXT('',#2,'mechanical');
#3248 = PRODUCT_DEFINITION_CONTEXT('part definition',#2,'design');
#3249 = ADVANCED_BREP_SHAPE_REPRESENTATION('',(#11,#3250),#3532);
#3250 = MANIFOLD_SOLID_BREP('',#3251);
#3251 = CLOSED_SHELL('',(#3252,#3292,#3323,#3347,#3403,#3420,#3455,#3479
    ,#3503,#3520));
#3252 = ADVANCED_FACE('',(#3253),#3287,.F.);
#3253 = FACE_BOUND('',#3254,.F.);
#3254 = EDGE_LOOP('',(#3255,#3265,#3273,#3281));
#3255 = ORIENTED_EDGE('',*,*,#3256,.F.);
#3256 = EDGE_CURVE('',#3257,#3259,#3261,.T.);
#3257 = VERTEX_POINT('',#3258);
#3258 = CARTESIAN_POINT('',(-190.,155.,74.));
#3259 = VERTEX_POINT('',#3260);
#3260 = CARTESIAN_POINT('',(-190.,155.,313.));
#3261 = LINE('',#3262,#3263);
#3262 = CARTESIAN_POINT('',(-190.,155.,74.));
#3263 = VECTOR('',#3264,1.);
#3264 = DIRECTION('',(0.,0.,1.));
#3265 = ORIENTED_EDGE('',*,*,#3266,.T.);
#3266 = EDGE_CURVE('',#3257,#3267,#3269,.T.);
#3267 = VERTEX_POINT('',#3268);
#3268 = CARTESIAN_POINT('',(-190.,159.5,74.));
#3269 = LINE('',#3270,#3271);
#3270 = CARTESIAN_POINT('',(-190.,155.,74.));
#3271 = VECTOR('',#3272,1.);
#3272 = DIRECTION('',(0.,1.,0.));
#3273 = ORIENTED_EDGE('',*,*,#3274,.T.);
#3274 = EDGE_CURVE('',#3267,#3275,#3277,.T.);
#3275 = VERTEX_POINT('',#3276);
#3276 = CARTESIAN_POINT('',(-190.,159.5,313.));
#3277 = LINE('',#3278,#3279);
#3278 = CARTESIAN_POINT('',(-190.,159.5,74.));
#3279 = VECTOR('',#3280,1.);
#3280 = DIRECTION('',(0.,0.,1.));
#3281 = ORIENTED_EDGE('',*,*,#3282,.F.);
#3282 = EDGE_CURVE('',#3259,#3275,#3283,.T.);
#3283 = LINE('',#3284,#3285);
#3284 = CARTESIAN_POINT('',(-190.,155.,313.));
#3285 = VECTOR('',#3286,1.);
#3286 = DIRECTION('',(0.,1.,0.));
#3287 = PLANE('',#3288);
#3288 = AXIS2_PLACEMENT_3D('',#3289,#3290,#3291);
#3289 = CARTESIAN_POINT('',(-190.,155.,74.));
#3290 = DIRECTION('',(1.,0.,0.));
#3291 = DIRECTION('',(0.,0.,1.));
#3292 = ADVANCED_FACE('',(#3293),#3318,.F.);
#3293 = FACE_BOUND('',#3294,.F.);
#3294 = EDGE_LOOP('',(#3295,#3303,#3304,#3312));
#3295 = ORIENTED_EDGE('',*,*,#3296,.F.);
#3296 = EDGE_CURVE('',#3257,#3297,#3299,.T.);
#3297 = VERTEX_POINT('',#3298);
#3298 = CARTESIAN_POINT('',(-180.,155.,74.));
#3299 = LINE('',#3300,#3301);
#3300 = CARTESIAN_POINT('',(-190.,155.,74.));
#3301 = VECTOR('',#3302,1.);
#3302 = DIRECTION('',(1.,0.,0.));
#3303 = ORIENTED_EDGE('',*,*,#3256,.T.);
#3304 = ORIENTED_EDGE('',*,*,#3305,.T.);
#3305 = EDGE_CURVE('',#3259,#3306,#3308,.T.);
#3306 = VERTEX_POINT('',#3307);
#3307 = CARTESIAN_POINT('',(-180.,155.,313.));
#3308 = LINE('',#3309,#3310);
#3309 = CARTESIAN_POINT('',(-190.,155.,313.));
#3310 = VECTOR('',#3311,1.);
#3311 = DIRECTION('',(1.,0.,0.));
#3312 = ORIENTED_EDGE('',*,*,#3313,.F.);
#3313 = EDGE_CURVE('',#3297,#3306,#3314,.T.);
#3314 = LINE('',#3315,#3316);
#3315 = CARTESIAN_POINT('',(-180.,155.,74.));
#3316 = VECTOR('',#3317,1.);
#3317 = DIRECTION('',(0.,0.,1.));
#3318 = PLANE('',#3319);
#3319 = AXIS2_PLACEMENT_3D('',#3320,#3321,#3322);
#3320 = CARTESIAN_POINT('',(-190.,155.,74.));
#3321 = DIRECTION('',(0.,1.,0.));
#3322 = DIRECTION('',(0.,0.,1.));
#3323 = ADVANCED_FACE('',(#3324),#3342,.T.);
#3324 = FACE_BOUND('',#3325,.T.);
#3325 = EDGE_LOOP('',(#3326,#3327,#3328,#3336));
#3326 = ORIENTED_EDGE('',*,*,#3282,.F.);
#3327 = ORIENTED_EDGE('',*,*,#3305,.T.);
#3328 = ORIENTED_EDGE('',*,*,#3329,.T.);
#3329 = EDGE_CURVE('',#3306,#3330,#3332,.T.);
#3330 = VERTEX_POINT('',#3331);
#3331 = CARTESIAN_POINT('',(-180.,159.5,313.));
#3332 = LINE('',#3333,#3334);
#3333 = CARTESIAN_POINT('',(-180.,155.,313.));
#3334 = VECTOR('',#3335,1.);
#3335 = DIRECTION('',(0.,1.,0.));
#3336 = ORIENTED_EDGE('',*,*,#3337,.F.);
#3337 = EDGE_CURVE('',#3275,#3330,#3338,.T.);
#3338 = LINE('',#3339,#3340);
#3339 = CARTESIAN_POINT('',(-190.,159.5,313.));
#3340 = VECTOR('',#3341,1.);
#3341 = DIRECTION('',(1.,0.,0.));
#3342 = PLANE('',#3343);
#3343 = AXIS2_PLACEMENT_3D('',#3344,#3345,#3346);
#3344 = CARTESIAN_POINT('',(-190.,155.,313.));
#3345 = DIRECTION('',(0.,0.,1.));
#3346 = DIRECTION('',(1.,0.,0.));
#3347 = ADVANCED_FACE('',(#3348),#3398,.T.);
#3348 = FACE_BOUND('',#3349,.T.);
#3349 = EDGE_LOOP('',(#3350,#3360,#3366,#3367,#3368,#3376,#3384,#3392));
#3350 = ORIENTED_EDGE('',*,*,#3351,.F.);
#3351 = EDGE_CURVE('',#3352,#3354,#3356,.T.);
#3352 = VERTEX_POINT('',#3353);
#3353 = CARTESIAN_POINT('',(-180.,159.5,74.));
#3354 = VERTEX_POINT('',#3355);
#3355 = CARTESIAN_POINT('',(-180.,159.5,78.));
#3356 = LINE('',#3357,#3358);
#3357 = CARTESIAN_POINT('',(-180.,159.5,74.));
#3358 = VECTOR('',#3359,1.);
#3359 = DIRECTION('',(0.,0.,1.));
#3360 = ORIENTED_EDGE('',*,*,#3361,.F.);
#3361 = EDGE_CURVE('',#3267,#3352,#3362,.T.);
#3362 = LINE('',#3363,#3364);
#3363 = CARTESIAN_POINT('',(-190.,159.5,74.));
#3364 = VECTOR('',#3365,1.);
#3365 = DIRECTION('',(1.,0.,0.));
#3366 = ORIENTED_EDGE('',*,*,#3274,.T.);
#3367 = ORIENTED_EDGE('',*,*,#3337,.T.);
#3368 = ORIENTED_EDGE('',*,*,#3369,.F.);
#3369 = EDGE_CURVE('',#3370,#3330,#3372,.T.);
#3370 = VERTEX_POINT('',#3371);
#3371 = CARTESIAN_POINT('',(-180.,159.5,300.));
#3372 = LINE('',#3373,#3374);
#3373 = CARTESIAN_POINT('',(-180.,159.5,74.));
#3374 = VECTOR('',#3375,1.);
#3375 = DIRECTION('',(0.,0.,1.));
#3376 = ORIENTED_EDGE('',*,*,#3377,.F.);
#3377 = EDGE_CURVE('',#3378,#3370,#3380,.T.);
#3378 = VERTEX_POINT('',#3379);
#3379 = CARTESIAN_POINT('',(-185.,159.5,300.));
#3380 = LINE('',#3381,#3382);
#3381 = CARTESIAN_POINT('',(-187.5,159.5,300.));
#3382 = VECTOR('',#3383,1.);
#3383 = DIRECTION('',(1.,0.,0.));
#3384 = ORIENTED_EDGE('',*,*,#3385,.T.);
#3385 = EDGE_CURVE('',#3378,#3386,#3388,.T.);
#3386 = VERTEX_POINT('',#3387);
#3387 = CARTESIAN_POINT('',(-185.,159.5,78.));
#3388 = LINE('',#3389,#3390);
#3389 = CARTESIAN_POINT('',(-185.,159.5,76.));
#3390 = VECTOR('',#3391,1.);
#3391 = DIRECTION('',(0.,0.,-1.));
#3392 = ORIENTED_EDGE('',*,*,#3393,.T.);
#3393 = EDGE_CURVE('',#3386,#3354,#3394,.T.);
#3394 = LINE('',#3395,#3396);
#3395 = CARTESIAN_POINT('',(-187.5,159.5,78.));
#3396 = VECTOR('',#3397,1.);
#3397 = DIRECTION('',(1.,0.,0.));
#3398 = PLANE('',#3399);
#3399 = AXIS2_PLACEMENT_3D('',#3400,#3401,#3402);
#3400 = CARTESIAN_POINT('',(-190.,159.5,74.));
#3401 = DIRECTION('',(0.,1.,0.));
#3402 = DIRECTION('',(0.,0.,1.));
#3403 = ADVANCED_FACE('',(#3404),#3415,.F.);
#3404 = FACE_BOUND('',#3405,.F.);
#3405 = EDGE_LOOP('',(#3406,#3407,#3408,#3414));
#3406 = ORIENTED_EDGE('',*,*,#3266,.F.);
#3407 = ORIENTED_EDGE('',*,*,#3296,.T.);
#3408 = ORIENTED_EDGE('',*,*,#3409,.T.);
#3409 = EDGE_CURVE('',#3297,#3352,#3410,.T.);
#3410 = LINE('',#3411,#3412);
#3411 = CARTESIAN_POINT('',(-180.,155.,74.));
#3412 = VECTOR('',#3413,1.);
#3413 = DIRECTION('',(0.,1.,0.));
#3414 = ORIENTED_EDGE('',*,*,#3361,.F.);
#3415 = PLANE('',#3416);
#3416 = AXIS2_PLACEMENT_3D('',#3417,#3418,#3419);
#3417 = CARTESIAN_POINT('',(-190.,155.,74.));
#3418 = DIRECTION('',(0.,0.,1.));
#3419 = DIRECTION('',(1.,0.,0.));
#3420 = ADVANCED_FACE('',(#3421),#3450,.T.);
#3421 = FACE_BOUND('',#3422,.T.);
#3422 = EDGE_LOOP('',(#3423,#3424,#3425,#3426,#3427,#3435,#3443,#3449));
#3423 = ORIENTED_EDGE('',*,*,#3329,.F.);
#3424 = ORIENTED_EDGE('',*,*,#3313,.F.);
#3425 = ORIENTED_EDGE('',*,*,#3409,.T.);
#3426 = ORIENTED_EDGE('',*,*,#3351,.T.);
#3427 = ORIENTED_EDGE('',*,*,#3428,.F.);
#3428 = EDGE_CURVE('',#3429,#3354,#3431,.T.);
#3429 = VERTEX_POINT('',#3430);
#3430 = CARTESIAN_POINT('',(-180.,158.,78.));
#3431 = LINE('',#3432,#3433);
#3432 = CARTESIAN_POINT('',(-180.,158.,78.));
#3433 = VECTOR('',#3434,1.);
#3434 = DIRECTION('',(0.,1.,0.));
#3435 = ORIENTED_EDGE('',*,*,#3436,.T.);
#3436 = EDGE_CURVE('',#3429,#3437,#3439,.T.);
#3437 = VERTEX_POINT('',#3438);
#3438 = CARTESIAN_POINT('',(-180.,158.,300.));
#3439 = LINE('',#3440,#3441);
#3440 = CARTESIAN_POINT('',(-180.,158.,78.));
#3441 = VECTOR('',#3442,1.);
#3442 = DIRECTION('',(0.,0.,1.));
#3443 = ORIENTED_EDGE('',*,*,#3444,.T.);
#3444 = EDGE_CURVE('',#3437,#3370,#3445,.T.);
#3445 = LINE('',#3446,#3447);
#3446 = CARTESIAN_POINT('',(-180.,158.,300.));
#3447 = VECTOR('',#3448,1.);
#3448 = DIRECTION('',(0.,1.,0.));
#3449 = ORIENTED_EDGE('',*,*,#3369,.T.);
#3450 = PLANE('',#3451);
#3451 = AXIS2_PLACEMENT_3D('',#3452,#3453,#3454);
#3452 = CARTESIAN_POINT('',(-180.,155.,74.));
#3453 = DIRECTION('',(1.,0.,0.));
#3454 = DIRECTION('',(0.,0.,1.));
#3455 = ADVANCED_FACE('',(#3456),#3474,.T.);
#3456 = FACE_BOUND('',#3457,.T.);
#3457 = EDGE_LOOP('',(#3458,#3466,#3472,#3473));
#3458 = ORIENTED_EDGE('',*,*,#3459,.F.);
#3459 = EDGE_CURVE('',#3460,#3386,#3462,.T.);
#3460 = VERTEX_POINT('',#3461);
#3461 = CARTESIAN_POINT('',(-185.,158.,78.));
#3462 = LINE('',#3463,#3464);
#3463 = CARTESIAN_POINT('',(-185.,158.,78.));
#3464 = VECTOR('',#3465,1.);
#3465 = DIRECTION('',(0.,1.,0.));
#3466 = ORIENTED_EDGE('',*,*,#3467,.T.);
#3467 = EDGE_CURVE('',#3460,#3429,#3468,.T.);
#3468 = LINE('',#3469,#3470);
#3469 = CARTESIAN_POINT('',(-185.,158.,78.));
#3470 = VECTOR('',#3471,1.);
#3471 = DIRECTION('',(1.,0.,0.));
#3472 = ORIENTED_EDGE('',*,*,#3428,.T.);
#3473 = ORIENTED_EDGE('',*,*,#3393,.F.);
#3474 = PLANE('',#3475);
#3475 = AXIS2_PLACEMENT_3D('',#3476,#3477,#3478);
#3476 = CARTESIAN_POINT('',(-185.,158.,78.));
#3477 = DIRECTION('',(0.,0.,1.));
#3478 = DIRECTION('',(1.,0.,0.));
#3479 = ADVANCED_FACE('',(#3480),#3498,.T.);
#3480 = FACE_BOUND('',#3481,.T.);
#3481 = EDGE_LOOP('',(#3482,#3490,#3496,#3497));
#3482 = ORIENTED_EDGE('',*,*,#3483,.F.);
#3483 = EDGE_CURVE('',#3484,#3378,#3486,.T.);
#3484 = VERTEX_POINT('',#3485);
#3485 = CARTESIAN_POINT('',(-185.,158.,300.));
#3486 = LINE('',#3487,#3488);
#3487 = CARTESIAN_POINT('',(-185.,158.,300.));
#3488 = VECTOR('',#3489,1.);
#3489 = DIRECTION('',(0.,1.,0.));
#3490 = ORIENTED_EDGE('',*,*,#3491,.F.);
#3491 = EDGE_CURVE('',#3460,#3484,#3492,.T.);
#3492 = LINE('',#3493,#3494);
#3493 = CARTESIAN_POINT('',(-185.,158.,78.));
#3494 = VECTOR('',#3495,1.);
#3495 = DIRECTION('',(0.,0.,1.));
#3496 = ORIENTED_EDGE('',*,*,#3459,.T.);
#3497 = ORIENTED_EDGE('',*,*,#3385,.F.);
#3498 = PLANE('',#3499);
#3499 = AXIS2_PLACEMENT_3D('',#3500,#3501,#3502);
#3500 = CARTESIAN_POINT('',(-185.,158.,78.));
#3501 = DIRECTION('',(1.,0.,0.));
#3502 = DIRECTION('',(0.,0.,1.));
#3503 = ADVANCED_FACE('',(#3504),#3515,.F.);
#3504 = FACE_BOUND('',#3505,.F.);
#3505 = EDGE_LOOP('',(#3506,#3507,#3513,#3514));
#3506 = ORIENTED_EDGE('',*,*,#3483,.F.);
#3507 = ORIENTED_EDGE('',*,*,#3508,.T.);
#3508 = EDGE_CURVE('',#3484,#3437,#3509,.T.);
#3509 = LINE('',#3510,#3511);
#3510 = CARTESIAN_POINT('',(-185.,158.,300.));
#3511 = VECTOR('',#3512,1.);
#3512 = DIRECTION('',(1.,0.,0.));
#3513 = ORIENTED_EDGE('',*,*,#3444,.T.);
#3514 = ORIENTED_EDGE('',*,*,#3377,.F.);
#3515 = PLANE('',#3516);
#3516 = AXIS2_PLACEMENT_3D('',#3517,#3518,#3519);
#3517 = CARTESIAN_POINT('',(-185.,158.,300.));
#3518 = DIRECTION('',(0.,0.,1.));
#3519 = DIRECTION('',(1.,0.,0.));
#3520 = ADVANCED_FACE('',(#3521),#3527,.T.);
#3521 = FACE_BOUND('',#3522,.T.);
#3522 = EDGE_LOOP('',(#3523,#3524,#3525,#3526));
#3523 = ORIENTED_EDGE('',*,*,#3467,.F.);
#3524 = ORIENTED_EDGE('',*,*,#3491,.T.);
#3525 = ORIENTED_EDGE('',*,*,#3508,.T.);
#3526 = ORIENTED_EDGE('',*,*,#3436,.F.);
#3527 = PLANE('',#3528);
#3528 = AXIS2_PLACEMENT_3D('',#3529,#3530,#3531);
#3529 = CARTESIAN_POINT('',(-185.,158.,78.));
#3530 = DIRECTION('',(0.,1.,0.));
#3531 = DIRECTION('',(0.,0.,1.));
#3532 = ( GEOMETRIC_REPRESENTATION_CONTEXT(3) 
GLOBAL_UNCERTAINTY_ASSIGNED_CONTEXT((#3536)) 
GLOBAL_UNIT_ASSIGNED_CONTEXT((#3533,#3534,#3535)) REPRESENTATION_CONTEXT
('Context #1','3D Context with UNIT and UNCERTAINTY') );
#3533 = ( LENGTH_UNIT() NAMED_UNIT(*) SI_UNIT(.MILLI.,.METRE.) );
#3534 = ( NAMED_UNIT(*) PLANE_ANGLE_UNIT() SI_UNIT($,.RADIAN.) );
#3535 = ( NAMED_UNIT(*) SI_UNIT($,.STERADIAN.) SOLID_ANGLE_UNIT() );
#3536 = UNCERTAINTY_MEASURE_WITH_UNIT(LENGTH_MEASURE(2.E-05),#3533,
  'distance_accuracy_value','confusion accuracy');
#3537 = CONTEXT_DEPENDENT_SHAPE_REPRESENTATION(#3538,#3540);
#3538 = ( REPRESENTATION_RELATIONSHIP('','',#3249,#10) 
REPRESENTATION_RELATIONSHIP_WITH_TRANSFORMATION(#3539) 
SHAPE_REPRESENTATION_RELATIONSHIP() );
#3539 = ITEM_DEFINED_TRANSFORMATION('','',#11,#67);
#3540 = PRODUCT_DEFINITION_SHAPE('Placement','Placement of an item',
  #3541);
#3541 = NEXT_ASSEMBLY_USAGE_OCCURRENCE('478','LIFT_S1_BAR_L','',#5,#3244
  ,$);
#3542 = PRODUCT_RELATED_PRODUCT_CATEGORY('part',$,(#3246));
#3543 = SHAPE_DEFINITION_REPRESENTATION(#3544,#3550);
#3544 = PRODUCT_DEFINITION_SHAPE('','',#3545);
#3545 = PRODUCT_DEFINITION('design','',#3546,#3549);
#3546 = PRODUCT_DEFINITION_FORMATION('','',#3547);
#3547 = PRODUCT('LIFT_S1_TRUCK_R0','LIFT_S1_TRUCK_R0','',(#3548));
#3548 = PRODUCT_CONTEXT('',#2,'mechanical');
#3549 = PRODUCT_DEFINITION_CONTEXT('part definition',#2,'design');
#3550 = ADVANCED_BREP_SHAPE_REPRESENTATION('',(#11,#3551),#3833);
#3551 = MANIFOLD_SOLID_BREP('',#3552);
#3552 = CLOSED_SHELL('',(#3553,#3593,#3624,#3664,#3695,#3726,#3757,#3779
    ,#3801,#3817));
#3553 = ADVANCED_FACE('',(#3554),#3588,.T.);
#3554 = FACE_BOUND('',#3555,.T.);
#3555 = EDGE_LOOP('',(#3556,#3566,#3574,#3582));
#3556 = ORIENTED_EDGE('',*,*,#3557,.F.);
#3557 = EDGE_CURVE('',#3558,#3560,#3562,.T.);
#3558 = VERTEX_POINT('',#3559);
#3559 = CARTESIAN_POINT('',(-174.,169.,80.));
#3560 = VERTEX_POINT('',#3561);
#3561 = CARTESIAN_POINT('',(-174.,169.,100.));
#3562 = LINE('',#3563,#3564);
#3563 = CARTESIAN_POINT('',(-174.,169.,80.));
#3564 = VECTOR('',#3565,1.);
#3565 = DIRECTION('',(0.,0.,1.));
#3566 = ORIENTED_EDGE('',*,*,#3567,.T.);
#3567 = EDGE_CURVE('',#3558,#3568,#3570,.T.);
#3568 = VERTEX_POINT('',#3569);
#3569 = CARTESIAN_POINT('',(-174.,187.,80.));
#3570 = LINE('',#3571,#3572);
#3571 = CARTESIAN_POINT('',(-174.,169.,80.));
#3572 = VECTOR('',#3573,1.);
#3573 = DIRECTION('',(0.,1.,0.));
#3574 = ORIENTED_EDGE('',*,*,#3575,.T.);
#3575 = EDGE_CURVE('',#3568,#3576,#3578,.T.);
#3576 = VERTEX_POINT('',#3577);
#3577 = CARTESIAN_POINT('',(-174.,187.,100.));
#3578 = LINE('',#3579,#3580);
#3579 = CARTESIAN_POINT('',(-174.,187.,80.));
#3580 = VECTOR('',#3581,1.);
#3581 = DIRECTION('',(0.,0.,1.));
#3582 = ORIENTED_EDGE('',*,*,#3583,.F.);
#3583 = EDGE_CURVE('',#3560,#3576,#3584,.T.);
#3584 = LINE('',#3585,#3586);
#3585 = CARTESIAN_POINT('',(-174.,169.,100.));
#3586 = VECTOR('',#3587,1.);
#3587 = DIRECTION('',(0.,1.,0.));
#3588 = PLANE('',#3589);
#3589 = AXIS2_PLACEMENT_3D('',#3590,#3591,#3592);
#3590 = CARTESIAN_POINT('',(-174.,169.,80.));
#3591 = DIRECTION('',(1.,0.,0.));
#3592 = DIRECTION('',(0.,0.,1.));
#3593 = ADVANCED_FACE('',(#3594),#3619,.T.);
#3594 = FACE_BOUND('',#3595,.T.);
#3595 = EDGE_LOOP('',(#3596,#3604,#3612,#3618));
#3596 = ORIENTED_EDGE('',*,*,#3597,.F.);
#3597 = EDGE_CURVE('',#3598,#3568,#3600,.T.);
#3598 = VERTEX_POINT('',#3599);
#3599 = CARTESIAN_POINT('',(-178.4,187.,80.));
#3600 = LINE('',#3601,#3602);
#3601 = CARTESIAN_POINT('',(-178.4,187.,80.));
#3602 = VECTOR('',#3603,1.);
#3603 = DIRECTION('',(1.,0.,0.));
#3604 = ORIENTED_EDGE('',*,*,#3605,.T.);
#3605 = EDGE_CURVE('',#3598,#3606,#3608,.T.);
#3606 = VERTEX_POINT('',#3607);
#3607 = CARTESIAN_POINT('',(-178.4,187.,100.));
#3608 = LINE('',#3609,#3610);
#3609 = CARTESIAN_POINT('',(-178.4,187.,80.));
#3610 = VECTOR('',#3611,1.);
#3611 = DIRECTION('',(0.,0.,1.));
#3612 = ORIENTED_EDGE('',*,*,#3613,.T.);
#3613 = EDGE_CURVE('',#3606,#3576,#3614,.T.);
#3614 = LINE('',#3615,#3616);
#3615 = CARTESIAN_POINT('',(-178.4,187.,100.));
#3616 = VECTOR('',#3617,1.);
#3617 = DIRECTION('',(1.,0.,0.));
#3618 = ORIENTED_EDGE('',*,*,#3575,.F.);
#3619 = PLANE('',#3620);
#3620 = AXIS2_PLACEMENT_3D('',#3621,#3622,#3623);
#3621 = CARTESIAN_POINT('',(-178.4,187.,80.));
#3622 = DIRECTION('',(0.,1.,0.));
#3623 = DIRECTION('',(0.,0.,1.));
#3624 = ADVANCED_FACE('',(#3625),#3659,.F.);
#3625 = FACE_BOUND('',#3626,.F.);
#3626 = EDGE_LOOP('',(#3627,#3637,#3645,#3653));
#3627 = ORIENTED_EDGE('',*,*,#3628,.F.);
#3628 = EDGE_CURVE('',#3629,#3631,#3633,.T.);
#3629 = VERTEX_POINT('',#3630);
#3630 = CARTESIAN_POINT('',(-197.4,169.,80.));
#3631 = VERTEX_POINT('',#3632);
#3632 = CARTESIAN_POINT('',(-197.4,169.,100.));
#3633 = LINE('',#3634,#3635);
#3634 = CARTESIAN_POINT('',(-197.4,169.,80.));
#3635 = VECTOR('',#3636,1.);
#3636 = DIRECTION('',(0.,0.,1.));
#3637 = ORIENTED_EDGE('',*,*,#3638,.T.);
#3638 = EDGE_CURVE('',#3629,#3639,#3641,.T.);
#3639 = VERTEX_POINT('',#3640);
#3640 = CARTESIAN_POINT('',(-197.4,187.,80.));
#3641 = LINE('',#3642,#3643);
#3642 = CARTESIAN_POINT('',(-197.4,169.,80.));
#3643 = VECTOR('',#3644,1.);
#3644 = DIRECTION('',(0.,1.,0.));
#3645 = ORIENTED_EDGE('',*,*,#3646,.T.);
#3646 = EDGE_CURVE('',#3639,#3647,#3649,.T.);
#3647 = VERTEX_POINT('',#3648);
#3648 = CARTESIAN_POINT('',(-197.4,187.,100.));
#3649 = LINE('',#3650,#3651);
#3650 = CARTESIAN_POINT('',(-197.4,187.,80.));
#3651 = VECTOR('',#3652,1.);
#3652 = DIRECTION('',(0.,0.,1.));
#3653 = ORIENTED_EDGE('',*,*,#3654,.F.);
#3654 = EDGE_CURVE('',#3631,#3647,#3655,.T.);
#3655 = LINE('',#3656,#3657);
#3656 = CARTESIAN_POINT('',(-197.4,169.,100.));
#3657 = VECTOR('',#3658,1.);
#3658 = DIRECTION('',(0.,1.,0.));
#3659 = PLANE('',#3660);
#3660 = AXIS2_PLACEMENT_3D('',#3661,#3662,#3663);
#3661 = CARTESIAN_POINT('',(-197.4,169.,80.));
#3662 = DIRECTION('',(1.,0.,0.));
#3663 = DIRECTION('',(0.,0.,1.));
#3664 = ADVANCED_FACE('',(#3665),#3690,.T.);
#3665 = FACE_BOUND('',#3666,.T.);
#3666 = EDGE_LOOP('',(#3667,#3675,#3676,#3684));
#3667 = ORIENTED_EDGE('',*,*,#3668,.F.);
#3668 = EDGE_CURVE('',#3639,#3669,#3671,.T.);
#3669 = VERTEX_POINT('',#3670);
#3670 = CARTESIAN_POINT('',(-192.4,187.,80.));
#3671 = LINE('',#3672,#3673);
#3672 = CARTESIAN_POINT('',(-197.4,187.,80.));
#3673 = VECTOR('',#3674,1.);
#3674 = DIRECTION('',(1.,0.,0.));
#3675 = ORIENTED_EDGE('',*,*,#3646,.T.);
#3676 = ORIENTED_EDGE('',*,*,#3677,.T.);
#3677 = EDGE_CURVE('',#3647,#3678,#3680,.T.);
#3678 = VERTEX_POINT('',#3679);
#3679 = CARTESIAN_POINT('',(-192.4,187.,100.));
#3680 = LINE('',#3681,#3682);
#3681 = CARTESIAN_POINT('',(-197.4,187.,100.));
#3682 = VECTOR('',#3683,1.);
#3683 = DIRECTION('',(1.,0.,0.));
#3684 = ORIENTED_EDGE('',*,*,#3685,.F.);
#3685 = EDGE_CURVE('',#3669,#3678,#3686,.T.);
#3686 = LINE('',#3687,#3688);
#3687 = CARTESIAN_POINT('',(-192.4,187.,80.));
#3688 = VECTOR('',#3689,1.);
#3689 = DIRECTION('',(0.,0.,1.));
#3690 = PLANE('',#3691);
#3691 = AXIS2_PLACEMENT_3D('',#3692,#3693,#3694);
#3692 = CARTESIAN_POINT('',(-197.4,187.,80.));
#3693 = DIRECTION('',(0.,1.,0.));
#3694 = DIRECTION('',(0.,0.,1.));
#3695 = ADVANCED_FACE('',(#3696),#3721,.T.);
#3696 = FACE_BOUND('',#3697,.T.);
#3697 = EDGE_LOOP('',(#3698,#3708,#3714,#3715));
#3698 = ORIENTED_EDGE('',*,*,#3699,.T.);
#3699 = EDGE_CURVE('',#3700,#3702,#3704,.T.);
#3700 = VERTEX_POINT('',#3701);
#3701 = CARTESIAN_POINT('',(-192.4,173.,100.));
#3702 = VERTEX_POINT('',#3703);
#3703 = CARTESIAN_POINT('',(-192.4,173.,80.));
#3704 = LINE('',#3705,#3706);
#3705 = CARTESIAN_POINT('',(-192.4,173.,80.));
#3706 = VECTOR('',#3707,1.);
#3707 = DIRECTION('',(0.,0.,-1.));
#3708 = ORIENTED_EDGE('',*,*,#3709,.T.);
#3709 = EDGE_CURVE('',#3702,#3669,#3710,.T.);
#3710 = LINE('',#3711,#3712);
#3711 = CARTESIAN_POINT('',(-192.4,169.,80.));
#3712 = VECTOR('',#3713,1.);
#3713 = DIRECTION('',(0.,1.,0.));
#3714 = ORIENTED_EDGE('',*,*,#3685,.T.);
#3715 = ORIENTED_EDGE('',*,*,#3716,.F.);
#3716 = EDGE_CURVE('',#3700,#3678,#3717,.T.);
#3717 = LINE('',#3718,#3719);
#3718 = CARTESIAN_POINT('',(-192.4,169.,100.));
#3719 = VECTOR('',#3720,1.);
#3720 = DIRECTION('',(0.,1.,0.));
#3721 = PLANE('',#3722);
#3722 = AXIS2_PLACEMENT_3D('',#3723,#3724,#3725);
#3723 = CARTESIAN_POINT('',(-192.4,169.,80.));
#3724 = DIRECTION('',(1.,0.,0.));
#3725 = DIRECTION('',(0.,0.,1.));
#3726 = ADVANCED_FACE('',(#3727),#3752,.T.);
#3727 = FACE_BOUND('',#3728,.T.);
#3728 = EDGE_LOOP('',(#3729,#3737,#3738,#3746));
#3729 = ORIENTED_EDGE('',*,*,#3730,.F.);
#3730 = EDGE_CURVE('',#3702,#3731,#3733,.T.);
#3731 = VERTEX_POINT('',#3732);
#3732 = CARTESIAN_POINT('',(-178.4,173.,80.));
#3733 = LINE('',#3734,#3735);
#3734 = CARTESIAN_POINT('',(-193.,173.,80.));
#3735 = VECTOR('',#3736,1.);
#3736 = DIRECTION('',(1.,0.,0.));
#3737 = ORIENTED_EDGE('',*,*,#3699,.F.);
#3738 = ORIENTED_EDGE('',*,*,#3739,.T.);
#3739 = EDGE_CURVE('',#3700,#3740,#3742,.T.);
#3740 = VERTEX_POINT('',#3741);
#3741 = CARTESIAN_POINT('',(-178.4,173.,100.));
#3742 = LINE('',#3743,#3744);
#3743 = CARTESIAN_POINT('',(-193.,173.,100.));
#3744 = VECTOR('',#3745,1.);
#3745 = DIRECTION('',(1.,0.,0.));
#3746 = ORIENTED_EDGE('',*,*,#3747,.T.);
#3747 = EDGE_CURVE('',#3740,#3731,#3748,.T.);
#3748 = LINE('',#3749,#3750);
#3749 = CARTESIAN_POINT('',(-178.4,173.,80.));
#3750 = VECTOR('',#3751,1.);
#3751 = DIRECTION('',(0.,0.,-1.));
#3752 = PLANE('',#3753);
#3753 = AXIS2_PLACEMENT_3D('',#3754,#3755,#3756);
#3754 = CARTESIAN_POINT('',(-193.,173.,80.));
#3755 = DIRECTION('',(0.,1.,0.));
#3756 = DIRECTION('',(0.,0.,1.));
#3757 = ADVANCED_FACE('',(#3758),#3774,.F.);
#3758 = FACE_BOUND('',#3759,.F.);
#3759 = EDGE_LOOP('',(#3760,#3761,#3767,#3768));
#3760 = ORIENTED_EDGE('',*,*,#3747,.T.);
#3761 = ORIENTED_EDGE('',*,*,#3762,.T.);
#3762 = EDGE_CURVE('',#3731,#3598,#3763,.T.);
#3763 = LINE('',#3764,#3765);
#3764 = CARTESIAN_POINT('',(-178.4,169.,80.));
#3765 = VECTOR('',#3766,1.);
#3766 = DIRECTION('',(0.,1.,0.));
#3767 = ORIENTED_EDGE('',*,*,#3605,.T.);
#3768 = ORIENTED_EDGE('',*,*,#3769,.F.);
#3769 = EDGE_CURVE('',#3740,#3606,#3770,.T.);
#3770 = LINE('',#3771,#3772);
#3771 = CARTESIAN_POINT('',(-178.4,169.,100.));
#3772 = VECTOR('',#3773,1.);
#3773 = DIRECTION('',(0.,1.,0.));
#3774 = PLANE('',#3775);
#3775 = AXIS2_PLACEMENT_3D('',#3776,#3777,#3778);
#3776 = CARTESIAN_POINT('',(-178.4,169.,80.));
#3777 = DIRECTION('',(1.,0.,0.));
#3778 = DIRECTION('',(0.,0.,1.));
#3779 = ADVANCED_FACE('',(#3780),#3796,.T.);
#3780 = FACE_BOUND('',#3781,.T.);
#3781 = EDGE_LOOP('',(#3782,#3783,#3789,#3790));
#3782 = ORIENTED_EDGE('',*,*,#3557,.T.);
#3783 = ORIENTED_EDGE('',*,*,#3784,.F.);
#3784 = EDGE_CURVE('',#3631,#3560,#3785,.T.);
#3785 = LINE('',#3786,#3787);
#3786 = CARTESIAN_POINT('',(-178.4,169.,100.));
#3787 = VECTOR('',#3788,1.);
#3788 = DIRECTION('',(1.,0.,0.));
#3789 = ORIENTED_EDGE('',*,*,#3628,.F.);
#3790 = ORIENTED_EDGE('',*,*,#3791,.T.);
#3791 = EDGE_CURVE('',#3629,#3558,#3792,.T.);
#3792 = LINE('',#3793,#3794);
#3793 = CARTESIAN_POINT('',(-197.4,169.,80.));
#3794 = VECTOR('',#3795,1.);
#3795 = DIRECTION('',(1.,0.,0.));
#3796 = PLANE('',#3797);
#3797 = AXIS2_PLACEMENT_3D('',#3798,#3799,#3800);
#3798 = CARTESIAN_POINT('',(-185.7,169.,90.));
#3799 = DIRECTION('',(-0.,-1.,-0.));
#3800 = DIRECTION('',(0.,0.,-1.));
#3801 = ADVANCED_FACE('',(#3802),#3812,.T.);
#3802 = FACE_BOUND('',#3803,.T.);
#3803 = EDGE_LOOP('',(#3804,#3805,#3806,#3807,#3808,#3809,#3810,#3811));
#3804 = ORIENTED_EDGE('',*,*,#3791,.F.);
#3805 = ORIENTED_EDGE('',*,*,#3638,.T.);
#3806 = ORIENTED_EDGE('',*,*,#3668,.T.);
#3807 = ORIENTED_EDGE('',*,*,#3709,.F.);
#3808 = ORIENTED_EDGE('',*,*,#3730,.T.);
#3809 = ORIENTED_EDGE('',*,*,#3762,.T.);
#3810 = ORIENTED_EDGE('',*,*,#3597,.T.);
#3811 = ORIENTED_EDGE('',*,*,#3567,.F.);
#3812 = PLANE('',#3813);
#3813 = AXIS2_PLACEMENT_3D('',#3814,#3815,#3816);
#3814 = CARTESIAN_POINT('',(-185.6241877256,176.73646209386,80.));
#3815 = DIRECTION('',(-0.,-0.,-1.));
#3816 = DIRECTION('',(-1.,0.,0.));
#3817 = ADVANCED_FACE('',(#3818),#3828,.T.);
#3818 = FACE_BOUND('',#3819,.T.);
#3819 = EDGE_LOOP('',(#3820,#3821,#3822,#3823,#3824,#3825,#3826,#3827));
#3820 = ORIENTED_EDGE('',*,*,#3784,.T.);
#3821 = ORIENTED_EDGE('',*,*,#3583,.T.);
#3822 = ORIENTED_EDGE('',*,*,#3613,.F.);
#3823 = ORIENTED_EDGE('',*,*,#3769,.F.);
#3824 = ORIENTED_EDGE('',*,*,#3739,.F.);
#3825 = ORIENTED_EDGE('',*,*,#3716,.T.);
#3826 = ORIENTED_EDGE('',*,*,#3677,.F.);
#3827 = ORIENTED_EDGE('',*,*,#3654,.F.);
#3828 = PLANE('',#3829);
#3829 = AXIS2_PLACEMENT_3D('',#3830,#3831,#3832);
#3830 = CARTESIAN_POINT('',(-185.6241877256,176.73646209386,100.));
#3831 = DIRECTION('',(0.,0.,1.));
#3832 = DIRECTION('',(1.,0.,0.));
#3833 = ( GEOMETRIC_REPRESENTATION_CONTEXT(3) 
GLOBAL_UNCERTAINTY_ASSIGNED_CONTEXT((#3837)) 
GLOBAL_UNIT_ASSIGNED_CONTEXT((#3834,#3835,#3836)) REPRESENTATION_CONTEXT
('Context #1','3D Context with UNIT and UNCERTAINTY') );
#3834 = ( LENGTH_UNIT() NAMED_UNIT(*) SI_UNIT(.MILLI.,.METRE.) );
#3835 = ( NAMED_UNIT(*) PLANE_ANGLE_UNIT() SI_UNIT($,.RADIAN.) );
#3836 = ( NAMED_UNIT(*) SI_UNIT($,.STERADIAN.) SOLID_ANGLE_UNIT() );
#3837 = UNCERTAINTY_MEASURE_WITH_UNIT(LENGTH_MEASURE(5.E-06),#3834,
  'distance_accuracy_value','confusion accuracy');
#3838 = CONTEXT_DEPENDENT_SHAPE_REPRESENTATION(#3839,#3841);
#3839 = ( REPRESENTATION_RELATIONSHIP('','',#3550,#10) 
REPRESENTATION_RELATIONSHIP_WITH_TRANSFORMATION(#3840) 
SHAPE_REPRESENTATION_RELATIONSHIP() );
#3840 = ITEM_DEFINED_TRANSFORMATION('','',#11,#71);
#3841 = PRODUCT_DEFINITION_SHAPE('Placement','Placement of an item',
  #3842);
#3842 = NEXT_ASSEMBLY_USAGE_OCCURRENCE('479','LIFT_S1_TRUCK_R0','',#5,
  #3545,$);
#3843 = PRODUCT_RELATED_PRODUCT_CATEGORY('part',$,(#3547));
#3844 = SHAPE_DEFINITION_REPRESENTATION(#3845,#3851);
#3845 = PRODUCT_DEFINITION_SHAPE('','',#3846);
#3846 = PRODUCT_DEFINITION('design','',#3847,#3850);
#3847 = PRODUCT_DEFINITION_FORMATION('','',#3848);
#3848 = PRODUCT('LIFT_S1_TRUCK_R1','LIFT_S1_TRUCK_R1','',(#3849));
#3849 = PRODUCT_CONTEXT('',#2,'mechanical');
#3850 = PRODUCT_DEFINITION_CONTEXT('part definition',#2,'design');
#3851 = ADVANCED_BREP_SHAPE_REPRESENTATION('',(#11,#3852),#4134);
#3852 = MANIFOLD_SOLID_BREP('',#3853);
#3853 = CLOSED_SHELL('',(#3854,#3894,#3925,#3965,#3996,#4027,#4058,#4080
    ,#4102,#4118));
#3854 = ADVANCED_FACE('',(#3855),#3889,.T.);
#3855 = FACE_BOUND('',#3856,.T.);
#3856 = EDGE_LOOP('',(#3857,#3867,#3875,#3883));
#3857 = ORIENTED_EDGE('',*,*,#3858,.F.);
#3858 = EDGE_CURVE('',#3859,#3861,#3863,.T.);
#3859 = VERTEX_POINT('',#3860);
#3860 = CARTESIAN_POINT('',(-174.,169.,104.));
#3861 = VERTEX_POINT('',#3862);
#3862 = CARTESIAN_POINT('',(-174.,169.,124.));
#3863 = LINE('',#3864,#3865);
#3864 = CARTESIAN_POINT('',(-174.,169.,104.));
#3865 = VECTOR('',#3866,1.);
#3866 = DIRECTION('',(0.,0.,1.));
#3867 = ORIENTED_EDGE('',*,*,#3868,.T.);
#3868 = EDGE_CURVE('',#3859,#3869,#3871,.T.);
#3869 = VERTEX_POINT('',#3870);
#3870 = CARTESIAN_POINT('',(-174.,187.,104.));
#3871 = LINE('',#3872,#3873);
#3872 = CARTESIAN_POINT('',(-174.,169.,104.));
#3873 = VECTOR('',#3874,1.);
#3874 = DIRECTION('',(0.,1.,0.));
#3875 = ORIENTED_EDGE('',*,*,#3876,.T.);
#3876 = EDGE_CURVE('',#3869,#3877,#3879,.T.);
#3877 = VERTEX_POINT('',#3878);
#3878 = CARTESIAN_POINT('',(-174.,187.,124.));
#3879 = LINE('',#3880,#3881);
#3880 = CARTESIAN_POINT('',(-174.,187.,104.));
#3881 = VECTOR('',#3882,1.);
#3882 = DIRECTION('',(0.,0.,1.));
#3883 = ORIENTED_EDGE('',*,*,#3884,.F.);
#3884 = EDGE_CURVE('',#3861,#3877,#3885,.T.);
#3885 = LINE('',#3886,#3887);
#3886 = CARTESIAN_POINT('',(-174.,169.,124.));
#3887 = VECTOR('',#3888,1.);
#3888 = DIRECTION('',(0.,1.,0.));
#3889 = PLANE('',#3890);
#3890 = AXIS2_PLACEMENT_3D('',#3891,#3892,#3893);
#3891 = CARTESIAN_POINT('',(-174.,169.,104.));
#3892 = DIRECTION('',(1.,0.,0.));
#3893 = DIRECTION('',(0.,0.,1.));
#3894 = ADVANCED_FACE('',(#3895),#3920,.T.);
#3895 = FACE_BOUND('',#3896,.T.);
#3896 = EDGE_LOOP('',(#3897,#3905,#3913,#3919));
#3897 = ORIENTED_EDGE('',*,*,#3898,.F.);
#3898 = EDGE_CURVE('',#3899,#3869,#3901,.T.);
#3899 = VERTEX_POINT('',#3900);
#3900 = CARTESIAN_POINT('',(-178.4,187.,104.));
#3901 = LINE('',#3902,#3903);
#3902 = CARTESIAN_POINT('',(-178.4,187.,104.));
#3903 = VECTOR('',#3904,1.);
#3904 = DIRECTION('',(1.,0.,0.));
#3905 = ORIENTED_EDGE('',*,*,#3906,.T.);
#3906 = EDGE_CURVE('',#3899,#3907,#3909,.T.);
#3907 = VERTEX_POINT('',#3908);
#3908 = CARTESIAN_POINT('',(-178.4,187.,124.));
#3909 = LINE('',#3910,#3911);
#3910 = CARTESIAN_POINT('',(-178.4,187.,104.));
#3911 = VECTOR('',#3912,1.);
#3912 = DIRECTION('',(0.,0.,1.));
#3913 = ORIENTED_EDGE('',*,*,#3914,.T.);
#3914 = EDGE_CURVE('',#3907,#3877,#3915,.T.);
#3915 = LINE('',#3916,#3917);
#3916 = CARTESIAN_POINT('',(-178.4,187.,124.));
#3917 = VECTOR('',#3918,1.);
#3918 = DIRECTION('',(1.,0.,0.));
#3919 = ORIENTED_EDGE('',*,*,#3876,.F.);
#3920 = PLANE('',#3921);
#3921 = AXIS2_PLACEMENT_3D('',#3922,#3923,#3924);
#3922 = CARTESIAN_POINT('',(-178.4,187.,104.));
#3923 = DIRECTION('',(0.,1.,0.));
#3924 = DIRECTION('',(0.,0.,1.));
#3925 = ADVANCED_FACE('',(#3926),#3960,.F.);
#3926 = FACE_BOUND('',#3927,.F.);
#3927 = EDGE_LOOP('',(#3928,#3938,#3946,#3954));
#3928 = ORIENTED_EDGE('',*,*,#3929,.F.);
#3929 = EDGE_CURVE('',#3930,#3932,#3934,.T.);
#3930 = VERTEX_POINT('',#3931);
#3931 = CARTESIAN_POINT('',(-197.4,169.,104.));
#3932 = VERTEX_POINT('',#3933);
#3933 = CARTESIAN_POINT('',(-197.4,169.,124.));
#3934 = LINE('',#3935,#3936);
#3935 = CARTESIAN_POINT('',(-197.4,169.,104.));
#3936 = VECTOR('',#3937,1.);
#3937 = DIRECTION('',(0.,0.,1.));
#3938 = ORIENTED_EDGE('',*,*,#3939,.T.);
#3939 = EDGE_CURVE('',#3930,#3940,#3942,.T.);
#3940 = VERTEX_POINT('',#3941);
#3941 = CARTESIAN_POINT('',(-197.4,187.,104.));
#3942 = LINE('',#3943,#3944);
#3943 = CARTESIAN_POINT('',(-197.4,169.,104.));
#3944 = VECTOR('',#3945,1.);
#3945 = DIRECTION('',(0.,1.,0.));
#3946 = ORIENTED_EDGE('',*,*,#3947,.T.);
#3947 = EDGE_CURVE('',#3940,#3948,#3950,.T.);
#3948 = VERTEX_POINT('',#3949);
#3949 = CARTESIAN_POINT('',(-197.4,187.,124.));
#3950 = LINE('',#3951,#3952);
#3951 = CARTESIAN_POINT('',(-197.4,187.,104.));
#3952 = VECTOR('',#3953,1.);
#3953 = DIRECTION('',(0.,0.,1.));
#3954 = ORIENTED_EDGE('',*,*,#3955,.F.);
#3955 = EDGE_CURVE('',#3932,#3948,#3956,.T.);
#3956 = LINE('',#3957,#3958);
#3957 = CARTESIAN_POINT('',(-197.4,169.,124.));
#3958 = VECTOR('',#3959,1.);
#3959 = DIRECTION('',(0.,1.,0.));
#3960 = PLANE('',#3961);
#3961 = AXIS2_PLACEMENT_3D('',#3962,#3963,#3964);
#3962 = CARTESIAN_POINT('',(-197.4,169.,104.));
#3963 = DIRECTION('',(1.,0.,0.));
#3964 = DIRECTION('',(0.,0.,1.));
#3965 = ADVANCED_FACE('',(#3966),#3991,.T.);
#3966 = FACE_BOUND('',#3967,.T.);
#3967 = EDGE_LOOP('',(#3968,#3976,#3977,#3985));
#3968 = ORIENTED_EDGE('',*,*,#3969,.F.);
#3969 = EDGE_CURVE('',#3940,#3970,#3972,.T.);
#3970 = VERTEX_POINT('',#3971);
#3971 = CARTESIAN_POINT('',(-192.4,187.,104.));
#3972 = LINE('',#3973,#3974);
#3973 = CARTESIAN_POINT('',(-197.4,187.,104.));
#3974 = VECTOR('',#3975,1.);
#3975 = DIRECTION('',(1.,0.,0.));
#3976 = ORIENTED_EDGE('',*,*,#3947,.T.);
#3977 = ORIENTED_EDGE('',*,*,#3978,.T.);
#3978 = EDGE_CURVE('',#3948,#3979,#3981,.T.);
#3979 = VERTEX_POINT('',#3980);
#3980 = CARTESIAN_POINT('',(-192.4,187.,124.));
#3981 = LINE('',#3982,#3983);
#3982 = CARTESIAN_POINT('',(-197.4,187.,124.));
#3983 = VECTOR('',#3984,1.);
#3984 = DIRECTION('',(1.,0.,0.));
#3985 = ORIENTED_EDGE('',*,*,#3986,.F.);
#3986 = EDGE_CURVE('',#3970,#3979,#3987,.T.);
#3987 = LINE('',#3988,#3989);
#3988 = CARTESIAN_POINT('',(-192.4,187.,104.));
#3989 = VECTOR('',#3990,1.);
#3990 = DIRECTION('',(0.,0.,1.));
#3991 = PLANE('',#3992);
#3992 = AXIS2_PLACEMENT_3D('',#3993,#3994,#3995);
#3993 = CARTESIAN_POINT('',(-197.4,187.,104.));
#3994 = DIRECTION('',(0.,1.,0.));
#3995 = DIRECTION('',(0.,0.,1.));
#3996 = ADVANCED_FACE('',(#3997),#4022,.T.);
#3997 = FACE_BOUND('',#3998,.T.);
#3998 = EDGE_LOOP('',(#3999,#4009,#4015,#4016));
#3999 = ORIENTED_EDGE('',*,*,#4000,.T.);
#4000 = EDGE_CURVE('',#4001,#4003,#4005,.T.);
#4001 = VERTEX_POINT('',#4002);
#4002 = CARTESIAN_POINT('',(-192.4,173.,124.));
#4003 = VERTEX_POINT('',#4004);
#4004 = CARTESIAN_POINT('',(-192.4,173.,104.));
#4005 = LINE('',#4006,#4007);
#4006 = CARTESIAN_POINT('',(-192.4,173.,104.));
#4007 = VECTOR('',#4008,1.);
#4008 = DIRECTION('',(0.,0.,-1.));
#4009 = ORIENTED_EDGE('',*,*,#4010,.T.);
#4010 = EDGE_CURVE('',#4003,#3970,#4011,.T.);
#4011 = LINE('',#4012,#4013);
#4012 = CARTESIAN_POINT('',(-192.4,169.,104.));
#4013 = VECTOR('',#4014,1.);
#4014 = DIRECTION('',(0.,1.,0.));
#4015 = ORIENTED_EDGE('',*,*,#3986,.T.);
#4016 = ORIENTED_EDGE('',*,*,#4017,.F.);
#4017 = EDGE_CURVE('',#4001,#3979,#4018,.T.);
#4018 = LINE('',#4019,#4020);
#4019 = CARTESIAN_POINT('',(-192.4,169.,124.));
#4020 = VECTOR('',#4021,1.);
#4021 = DIRECTION('',(0.,1.,0.));
#4022 = PLANE('',#4023);
#4023 = AXIS2_PLACEMENT_3D('',#4024,#4025,#4026);
#4024 = CARTESIAN_POINT('',(-192.4,169.,104.));
#4025 = DIRECTION('',(1.,0.,0.));
#4026 = DIRECTION('',(0.,0.,1.));
#4027 = ADVANCED_FACE('',(#4028),#4053,.T.);
#4028 = FACE_BOUND('',#4029,.T.);
#4029 = EDGE_LOOP('',(#4030,#4038,#4039,#4047));
#4030 = ORIENTED_EDGE('',*,*,#4031,.F.);
#4031 = EDGE_CURVE('',#4003,#4032,#4034,.T.);
#4032 = VERTEX_POINT('',#4033);
#4033 = CARTESIAN_POINT('',(-178.4,173.,104.));
#4034 = LINE('',#4035,#4036);
#4035 = CARTESIAN_POINT('',(-193.,173.,104.));
#4036 = VECTOR('',#4037,1.);
#4037 = DIRECTION('',(1.,0.,0.));
#4038 = ORIENTED_EDGE('',*,*,#4000,.F.);
#4039 = ORIENTED_EDGE('',*,*,#4040,.T.);
#4040 = EDGE_CURVE('',#4001,#4041,#4043,.T.);
#4041 = VERTEX_POINT('',#4042);
#4042 = CARTESIAN_POINT('',(-178.4,173.,124.));
#4043 = LINE('',#4044,#4045);
#4044 = CARTESIAN_POINT('',(-193.,173.,124.));
#4045 = VECTOR('',#4046,1.);
#4046 = DIRECTION('',(1.,0.,0.));
#4047 = ORIENTED_EDGE('',*,*,#4048,.T.);
#4048 = EDGE_CURVE('',#4041,#4032,#4049,.T.);
#4049 = LINE('',#4050,#4051);
#4050 = CARTESIAN_POINT('',(-178.4,173.,104.));
#4051 = VECTOR('',#4052,1.);
#4052 = DIRECTION('',(0.,0.,-1.));
#4053 = PLANE('',#4054);
#4054 = AXIS2_PLACEMENT_3D('',#4055,#4056,#4057);
#4055 = CARTESIAN_POINT('',(-193.,173.,104.));
#4056 = DIRECTION('',(0.,1.,0.));
#4057 = DIRECTION('',(0.,0.,1.));
#4058 = ADVANCED_FACE('',(#4059),#4075,.F.);
#4059 = FACE_BOUND('',#4060,.F.);
#4060 = EDGE_LOOP('',(#4061,#4062,#4068,#4069));
#4061 = ORIENTED_EDGE('',*,*,#4048,.T.);
#4062 = ORIENTED_EDGE('',*,*,#4063,.T.);
#4063 = EDGE_CURVE('',#4032,#3899,#4064,.T.);
#4064 = LINE('',#4065,#4066);
#4065 = CARTESIAN_POINT('',(-178.4,169.,104.));
#4066 = VECTOR('',#4067,1.);
#4067 = DIRECTION('',(0.,1.,0.));
#4068 = ORIENTED_EDGE('',*,*,#3906,.T.);
#4069 = ORIENTED_EDGE('',*,*,#4070,.F.);
#4070 = EDGE_CURVE('',#4041,#3907,#4071,.T.);
#4071 = LINE('',#4072,#4073);
#4072 = CARTESIAN_POINT('',(-178.4,169.,124.));
#4073 = VECTOR('',#4074,1.);
#4074 = DIRECTION('',(0.,1.,0.));
#4075 = PLANE('',#4076);
#4076 = AXIS2_PLACEMENT_3D('',#4077,#4078,#4079);
#4077 = CARTESIAN_POINT('',(-178.4,169.,104.));
#4078 = DIRECTION('',(1.,0.,0.));
#4079 = DIRECTION('',(0.,0.,1.));
#4080 = ADVANCED_FACE('',(#4081),#4097,.T.);
#4081 = FACE_BOUND('',#4082,.T.);
#4082 = EDGE_LOOP('',(#4083,#4084,#4090,#4091));
#4083 = ORIENTED_EDGE('',*,*,#3858,.T.);
#4084 = ORIENTED_EDGE('',*,*,#4085,.F.);
#4085 = EDGE_CURVE('',#3932,#3861,#4086,.T.);
#4086 = LINE('',#4087,#4088);
#4087 = CARTESIAN_POINT('',(-178.4,169.,124.));
#4088 = VECTOR('',#4089,1.);
#4089 = DIRECTION('',(1.,0.,0.));
#4090 = ORIENTED_EDGE('',*,*,#3929,.F.);
#4091 = ORIENTED_EDGE('',*,*,#4092,.T.);
#4092 = EDGE_CURVE('',#3930,#3859,#4093,.T.);
#4093 = LINE('',#4094,#4095);
#4094 = CARTESIAN_POINT('',(-197.4,169.,104.));
#4095 = VECTOR('',#4096,1.);
#4096 = DIRECTION('',(1.,0.,0.));
#4097 = PLANE('',#4098);
#4098 = AXIS2_PLACEMENT_3D('',#4099,#4100,#4101);
#4099 = CARTESIAN_POINT('',(-185.7,169.,114.));
#4100 = DIRECTION('',(-0.,-1.,-0.));
#4101 = DIRECTION('',(0.,0.,-1.));
#4102 = ADVANCED_FACE('',(#4103),#4113,.T.);
#4103 = FACE_BOUND('',#4104,.T.);
#4104 = EDGE_LOOP('',(#4105,#4106,#4107,#4108,#4109,#4110,#4111,#4112));
#4105 = ORIENTED_EDGE('',*,*,#4092,.F.);
#4106 = ORIENTED_EDGE('',*,*,#3939,.T.);
#4107 = ORIENTED_EDGE('',*,*,#3969,.T.);
#4108 = ORIENTED_EDGE('',*,*,#4010,.F.);
#4109 = ORIENTED_EDGE('',*,*,#4031,.T.);
#4110 = ORIENTED_EDGE('',*,*,#4063,.T.);
#4111 = ORIENTED_EDGE('',*,*,#3898,.T.);
#4112 = ORIENTED_EDGE('',*,*,#3868,.F.);
#4113 = PLANE('',#4114);
#4114 = AXIS2_PLACEMENT_3D('',#4115,#4116,#4117);
#4115 = CARTESIAN_POINT('',(-185.6241877256,176.73646209386,104.));
#4116 = DIRECTION('',(-0.,-0.,-1.));
#4117 = DIRECTION('',(-1.,0.,0.));
#4118 = ADVANCED_FACE('',(#4119),#4129,.T.);
#4119 = FACE_BOUND('',#4120,.T.);
#4120 = EDGE_LOOP('',(#4121,#4122,#4123,#4124,#4125,#4126,#4127,#4128));
#4121 = ORIENTED_EDGE('',*,*,#4085,.T.);
#4122 = ORIENTED_EDGE('',*,*,#3884,.T.);
#4123 = ORIENTED_EDGE('',*,*,#3914,.F.);
#4124 = ORIENTED_EDGE('',*,*,#4070,.F.);
#4125 = ORIENTED_EDGE('',*,*,#4040,.F.);
#4126 = ORIENTED_EDGE('',*,*,#4017,.T.);
#4127 = ORIENTED_EDGE('',*,*,#3978,.F.);
#4128 = ORIENTED_EDGE('',*,*,#3955,.F.);
#4129 = PLANE('',#4130);
#4130 = AXIS2_PLACEMENT_3D('',#4131,#4132,#4133);
#4131 = CARTESIAN_POINT('',(-185.6241877256,176.73646209386,124.));
#4132 = DIRECTION('',(0.,0.,1.));
#4133 = DIRECTION('',(1.,0.,0.));
#4134 = ( GEOMETRIC_REPRESENTATION_CONTEXT(3) 
GLOBAL_UNCERTAINTY_ASSIGNED_CONTEXT((#4138)) 
GLOBAL_UNIT_ASSIGNED_CONTEXT((#4135,#4136,#4137)) REPRESENTATION_CONTEXT
('Context #1','3D Context with UNIT and UNCERTAINTY') );
#4135 = ( LENGTH_UNIT() NAMED_UNIT(*) SI_UNIT(.MILLI.,.METRE.) );
#4136 = ( NAMED_UNIT(*) PLANE_ANGLE_UNIT() SI_UNIT($,.RADIAN.) );
#4137 = ( NAMED_UNIT(*) SI_UNIT($,.STERADIAN.) SOLID_ANGLE_UNIT() );
#4138 = UNCERTAINTY_MEASURE_WITH_UNIT(LENGTH_MEASURE(5.E-06),#4135,
  'distance_accuracy_value','confusion accuracy');
#4139 = CONTEXT_DEPENDENT_SHAPE_REPRESENTATION(#4140,#4142);
#4140 = ( REPRESENTATION_RELATIONSHIP('','',#3851,#10) 
REPRESENTATION_RELATIONSHIP_WITH_TRANSFORMATION(#4141) 
SHAPE_REPRESENTATION_RELATIONSHIP() );
#4141 = ITEM_DEFINED_TRANSFORMATION('','',#11,#75);
#4142 = PRODUCT_DEFINITION_SHAPE('Placement','Placement of an item',
  #4143);
#4143 = NEXT_ASSEMBLY_USAGE_OCCURRENCE('480','LIFT_S1_TRUCK_R1','',#5,
  #3846,$);
#4144 = PRODUCT_RELATED_PRODUCT_CATEGORY('part',$,(#3848));
#4145 = SHAPE_DEFINITION_REPRESENTATION(#4146,#4152);
#4146 = PRODUCT_DEFINITION_SHAPE('','',#4147);
#4147 = PRODUCT_DEFINITION('design','',#4148,#4151);
#4148 = PRODUCT_DEFINITION_FORMATION('','',#4149);
#4149 = PRODUCT('LIFT_S1_BAR_R','LIFT_S1_BAR_R','',(#4150));
#4150 = PRODUCT_CONTEXT('',#2,'mechanical');
#4151 = PRODUCT_DEFINITION_CONTEXT('part definition',#2,'design');
#4152 = ADVANCED_BREP_SHAPE_REPRESENTATION('',(#11,#4153),#4435);
#4153 = MANIFOLD_SOLID_BREP('',#4154);
#4154 = CLOSED_SHELL('',(#4155,#4195,#4258,#4282,#4306,#4323,#4358,#4382
    ,#4406,#4423));
#4155 = ADVANCED_FACE('',(#4156),#4190,.F.);
#4156 = FACE_BOUND('',#4157,.F.);
#4157 = EDGE_LOOP('',(#4158,#4168,#4176,#4184));
#4158 = ORIENTED_EDGE('',*,*,#4159,.F.);
#4159 = EDGE_CURVE('',#4160,#4162,#4164,.T.);
#4160 = VERTEX_POINT('',#4161);
#4161 = CARTESIAN_POINT('',(-190.,164.5,74.));
#4162 = VERTEX_POINT('',#4163);
#4163 = CARTESIAN_POINT('',(-190.,164.5,313.));
#4164 = LINE('',#4165,#4166);
#4165 = CARTESIAN_POINT('',(-190.,164.5,74.));
#4166 = VECTOR('',#4167,1.);
#4167 = DIRECTION('',(0.,0.,1.));
#4168 = ORIENTED_EDGE('',*,*,#4169,.T.);
#4169 = EDGE_CURVE('',#4160,#4170,#4172,.T.);
#4170 = VERTEX_POINT('',#4171);
#4171 = CARTESIAN_POINT('',(-190.,169.,74.));
#4172 = LINE('',#4173,#4174);
#4173 = CARTESIAN_POINT('',(-190.,164.5,74.));
#4174 = VECTOR('',#4175,1.);
#4175 = DIRECTION('',(0.,1.,0.));
#4176 = ORIENTED_EDGE('',*,*,#4177,.T.);
#4177 = EDGE_CURVE('',#4170,#4178,#4180,.T.);
#4178 = VERTEX_POINT('',#4179);
#4179 = CARTESIAN_POINT('',(-190.,169.,313.));
#4180 = LINE('',#4181,#4182);
#4181 = CARTESIAN_POINT('',(-190.,169.,74.));
#4182 = VECTOR('',#4183,1.);
#4183 = DIRECTION('',(0.,0.,1.));
#4184 = ORIENTED_EDGE('',*,*,#4185,.F.);
#4185 = EDGE_CURVE('',#4162,#4178,#4186,.T.);
#4186 = LINE('',#4187,#4188);
#4187 = CARTESIAN_POINT('',(-190.,164.5,313.));
#4188 = VECTOR('',#4189,1.);
#4189 = DIRECTION('',(0.,1.,0.));
#4190 = PLANE('',#4191);
#4191 = AXIS2_PLACEMENT_3D('',#4192,#4193,#4194);
#4192 = CARTESIAN_POINT('',(-190.,164.5,74.));
#4193 = DIRECTION('',(1.,0.,0.));
#4194 = DIRECTION('',(0.,0.,1.));
#4195 = ADVANCED_FACE('',(#4196),#4253,.F.);
#4196 = FACE_BOUND('',#4197,.F.);
#4197 = EDGE_LOOP('',(#4198,#4208,#4214,#4215,#4223,#4231,#4239,#4247));
#4198 = ORIENTED_EDGE('',*,*,#4199,.F.);
#4199 = EDGE_CURVE('',#4200,#4202,#4204,.T.);
#4200 = VERTEX_POINT('',#4201);
#4201 = CARTESIAN_POINT('',(-180.,164.5,74.));
#4202 = VERTEX_POINT('',#4203);
#4203 = CARTESIAN_POINT('',(-180.,164.5,78.));
#4204 = LINE('',#4205,#4206);
#4205 = CARTESIAN_POINT('',(-180.,164.5,74.));
#4206 = VECTOR('',#4207,1.);
#4207 = DIRECTION('',(0.,0.,1.));
#4208 = ORIENTED_EDGE('',*,*,#4209,.F.);
#4209 = EDGE_CURVE('',#4160,#4200,#4210,.T.);
#4210 = LINE('',#4211,#4212);
#4211 = CARTESIAN_POINT('',(-190.,164.5,74.));
#4212 = VECTOR('',#4213,1.);
#4213 = DIRECTION('',(1.,0.,0.));
#4214 = ORIENTED_EDGE('',*,*,#4159,.T.);
#4215 = ORIENTED_EDGE('',*,*,#4216,.T.);
#4216 = EDGE_CURVE('',#4162,#4217,#4219,.T.);
#4217 = VERTEX_POINT('',#4218);
#4218 = CARTESIAN_POINT('',(-180.,164.5,313.));
#4219 = LINE('',#4220,#4221);
#4220 = CARTESIAN_POINT('',(-190.,164.5,313.));
#4221 = VECTOR('',#4222,1.);
#4222 = DIRECTION('',(1.,0.,0.));
#4223 = ORIENTED_EDGE('',*,*,#4224,.F.);
#4224 = EDGE_CURVE('',#4225,#4217,#4227,.T.);
#4225 = VERTEX_POINT('',#4226);
#4226 = CARTESIAN_POINT('',(-180.,164.5,300.));
#4227 = LINE('',#4228,#4229);
#4228 = CARTESIAN_POINT('',(-180.,164.5,74.));
#4229 = VECTOR('',#4230,1.);
#4230 = DIRECTION('',(0.,0.,1.));
#4231 = ORIENTED_EDGE('',*,*,#4232,.F.);
#4232 = EDGE_CURVE('',#4233,#4225,#4235,.T.);
#4233 = VERTEX_POINT('',#4234);
#4234 = CARTESIAN_POINT('',(-185.,164.5,300.));
#4235 = LINE('',#4236,#4237);
#4236 = CARTESIAN_POINT('',(-187.5,164.5,300.));
#4237 = VECTOR('',#4238,1.);
#4238 = DIRECTION('',(1.,0.,0.));
#4239 = ORIENTED_EDGE('',*,*,#4240,.T.);
#4240 = EDGE_CURVE('',#4233,#4241,#4243,.T.);
#4241 = VERTEX_POINT('',#4242);
#4242 = CARTESIAN_POINT('',(-185.,164.5,78.));
#4243 = LINE('',#4244,#4245);
#4244 = CARTESIAN_POINT('',(-185.,164.5,76.));
#4245 = VECTOR('',#4246,1.);
#4246 = DIRECTION('',(0.,0.,-1.));
#4247 = ORIENTED_EDGE('',*,*,#4248,.T.);
#4248 = EDGE_CURVE('',#4241,#4202,#4249,.T.);
#4249 = LINE('',#4250,#4251);
#4250 = CARTESIAN_POINT('',(-187.5,164.5,78.));
#4251 = VECTOR('',#4252,1.);
#4252 = DIRECTION('',(1.,0.,0.));
#4253 = PLANE('',#4254);
#4254 = AXIS2_PLACEMENT_3D('',#4255,#4256,#4257);
#4255 = CARTESIAN_POINT('',(-190.,164.5,74.));
#4256 = DIRECTION('',(0.,1.,0.));
#4257 = DIRECTION('',(0.,0.,1.));
#4258 = ADVANCED_FACE('',(#4259),#4277,.T.);
#4259 = FACE_BOUND('',#4260,.T.);
#4260 = EDGE_LOOP('',(#4261,#4262,#4263,#4271));
#4261 = ORIENTED_EDGE('',*,*,#4185,.F.);
#4262 = ORIENTED_EDGE('',*,*,#4216,.T.);
#4263 = ORIENTED_EDGE('',*,*,#4264,.T.);
#4264 = EDGE_CURVE('',#4217,#4265,#4267,.T.);
#4265 = VERTEX_POINT('',#4266);
#4266 = CARTESIAN_POINT('',(-180.,169.,313.));
#4267 = LINE('',#4268,#4269);
#4268 = CARTESIAN_POINT('',(-180.,164.5,313.));
#4269 = VECTOR('',#4270,1.);
#4270 = DIRECTION('',(0.,1.,0.));
#4271 = ORIENTED_EDGE('',*,*,#4272,.F.);
#4272 = EDGE_CURVE('',#4178,#4265,#4273,.T.);
#4273 = LINE('',#4274,#4275);
#4274 = CARTESIAN_POINT('',(-190.,169.,313.));
#4275 = VECTOR('',#4276,1.);
#4276 = DIRECTION('',(1.,0.,0.));
#4277 = PLANE('',#4278);
#4278 = AXIS2_PLACEMENT_3D('',#4279,#4280,#4281);
#4279 = CARTESIAN_POINT('',(-190.,164.5,313.));
#4280 = DIRECTION('',(0.,0.,1.));
#4281 = DIRECTION('',(1.,0.,0.));
#4282 = ADVANCED_FACE('',(#4283),#4301,.T.);
#4283 = FACE_BOUND('',#4284,.T.);
#4284 = EDGE_LOOP('',(#4285,#4293,#4294,#4295));
#4285 = ORIENTED_EDGE('',*,*,#4286,.F.);
#4286 = EDGE_CURVE('',#4170,#4287,#4289,.T.);
#4287 = VERTEX_POINT('',#4288);
#4288 = CARTESIAN_POINT('',(-180.,169.,74.));
#4289 = LINE('',#4290,#4291);
#4290 = CARTESIAN_POINT('',(-190.,169.,74.));
#4291 = VECTOR('',#4292,1.);
#4292 = DIRECTION('',(1.,0.,0.));
#4293 = ORIENTED_EDGE('',*,*,#4177,.T.);
#4294 = ORIENTED_EDGE('',*,*,#4272,.T.);
#4295 = ORIENTED_EDGE('',*,*,#4296,.F.);
#4296 = EDGE_CURVE('',#4287,#4265,#4297,.T.);
#4297 = LINE('',#4298,#4299);
#4298 = CARTESIAN_POINT('',(-180.,169.,74.));
#4299 = VECTOR('',#4300,1.);
#4300 = DIRECTION('',(0.,0.,1.));
#4301 = PLANE('',#4302);
#4302 = AXIS2_PLACEMENT_3D('',#4303,#4304,#4305);
#4303 = CARTESIAN_POINT('',(-190.,169.,74.));
#4304 = DIRECTION('',(0.,1.,0.));
#4305 = DIRECTION('',(0.,0.,1.));
#4306 = ADVANCED_FACE('',(#4307),#4318,.F.);
#4307 = FACE_BOUND('',#4308,.F.);
#4308 = EDGE_LOOP('',(#4309,#4310,#4311,#4317));
#4309 = ORIENTED_EDGE('',*,*,#4169,.F.);
#4310 = ORIENTED_EDGE('',*,*,#4209,.T.);
#4311 = ORIENTED_EDGE('',*,*,#4312,.T.);
#4312 = EDGE_CURVE('',#4200,#4287,#4313,.T.);
#4313 = LINE('',#4314,#4315);
#4314 = CARTESIAN_POINT('',(-180.,164.5,74.));
#4315 = VECTOR('',#4316,1.);
#4316 = DIRECTION('',(0.,1.,0.));
#4317 = ORIENTED_EDGE('',*,*,#4286,.F.);
#4318 = PLANE('',#4319);
#4319 = AXIS2_PLACEMENT_3D('',#4320,#4321,#4322);
#4320 = CARTESIAN_POINT('',(-190.,164.5,74.));
#4321 = DIRECTION('',(0.,0.,1.));
#4322 = DIRECTION('',(1.,0.,0.));
#4323 = ADVANCED_FACE('',(#4324),#4353,.T.);
#4324 = FACE_BOUND('',#4325,.T.);
#4325 = EDGE_LOOP('',(#4326,#4327,#4328,#4329,#4330,#4331,#4339,#4347));
#4326 = ORIENTED_EDGE('',*,*,#4199,.F.);
#4327 = ORIENTED_EDGE('',*,*,#4312,.T.);
#4328 = ORIENTED_EDGE('',*,*,#4296,.T.);
#4329 = ORIENTED_EDGE('',*,*,#4264,.F.);
#4330 = ORIENTED_EDGE('',*,*,#4224,.F.);
#4331 = ORIENTED_EDGE('',*,*,#4332,.T.);
#4332 = EDGE_CURVE('',#4225,#4333,#4335,.T.);
#4333 = VERTEX_POINT('',#4334);
#4334 = CARTESIAN_POINT('',(-180.,166.,300.));
#4335 = LINE('',#4336,#4337);
#4336 = CARTESIAN_POINT('',(-180.,158.,300.));
#4337 = VECTOR('',#4338,1.);
#4338 = DIRECTION('',(0.,1.,0.));
#4339 = ORIENTED_EDGE('',*,*,#4340,.F.);
#4340 = EDGE_CURVE('',#4341,#4333,#4343,.T.);
#4341 = VERTEX_POINT('',#4342);
#4342 = CARTESIAN_POINT('',(-180.,166.,78.));
#4343 = LINE('',#4344,#4345);
#4344 = CARTESIAN_POINT('',(-180.,166.,78.));
#4345 = VECTOR('',#4346,1.);
#4346 = DIRECTION('',(0.,0.,1.));
#4347 = ORIENTED_EDGE('',*,*,#4348,.F.);
#4348 = EDGE_CURVE('',#4202,#4341,#4349,.T.);
#4349 = LINE('',#4350,#4351);
#4350 = CARTESIAN_POINT('',(-180.,158.,78.));
#4351 = VECTOR('',#4352,1.);
#4352 = DIRECTION('',(0.,1.,0.));
#4353 = PLANE('',#4354);
#4354 = AXIS2_PLACEMENT_3D('',#4355,#4356,#4357);
#4355 = CARTESIAN_POINT('',(-180.,164.5,74.));
#4356 = DIRECTION('',(1.,0.,0.));
#4357 = DIRECTION('',(0.,0.,1.));
#4358 = ADVANCED_FACE('',(#4359),#4377,.T.);
#4359 = FACE_BOUND('',#4360,.T.);
#4360 = EDGE_LOOP('',(#4361,#4369,#4370,#4371));
#4361 = ORIENTED_EDGE('',*,*,#4362,.F.);
#4362 = EDGE_CURVE('',#4241,#4363,#4365,.T.);
#4363 = VERTEX_POINT('',#4364);
#4364 = CARTESIAN_POINT('',(-185.,166.,78.));
#4365 = LINE('',#4366,#4367);
#4366 = CARTESIAN_POINT('',(-185.,158.,78.));
#4367 = VECTOR('',#4368,1.);
#4368 = DIRECTION('',(0.,1.,0.));
#4369 = ORIENTED_EDGE('',*,*,#4248,.T.);
#4370 = ORIENTED_EDGE('',*,*,#4348,.T.);
#4371 = ORIENTED_EDGE('',*,*,#4372,.F.);
#4372 = EDGE_CURVE('',#4363,#4341,#4373,.T.);
#4373 = LINE('',#4374,#4375);
#4374 = CARTESIAN_POINT('',(-185.,166.,78.));
#4375 = VECTOR('',#4376,1.);
#4376 = DIRECTION('',(1.,0.,0.));
#4377 = PLANE('',#4378);
#4378 = AXIS2_PLACEMENT_3D('',#4379,#4380,#4381);
#4379 = CARTESIAN_POINT('',(-185.,158.,78.));
#4380 = DIRECTION('',(0.,0.,1.));
#4381 = DIRECTION('',(1.,0.,0.));
#4382 = ADVANCED_FACE('',(#4383),#4401,.T.);
#4383 = FACE_BOUND('',#4384,.T.);
#4384 = EDGE_LOOP('',(#4385,#4393,#4394,#4395));
#4385 = ORIENTED_EDGE('',*,*,#4386,.F.);
#4386 = EDGE_CURVE('',#4233,#4387,#4389,.T.);
#4387 = VERTEX_POINT('',#4388);
#4388 = CARTESIAN_POINT('',(-185.,166.,300.));
#4389 = LINE('',#4390,#4391);
#4390 = CARTESIAN_POINT('',(-185.,158.,300.));
#4391 = VECTOR('',#4392,1.);
#4392 = DIRECTION('',(0.,1.,0.));
#4393 = ORIENTED_EDGE('',*,*,#4240,.T.);
#4394 = ORIENTED_EDGE('',*,*,#4362,.T.);
#4395 = ORIENTED_EDGE('',*,*,#4396,.T.);
#4396 = EDGE_CURVE('',#4363,#4387,#4397,.T.);
#4397 = LINE('',#4398,#4399);
#4398 = CARTESIAN_POINT('',(-185.,166.,78.));
#4399 = VECTOR('',#4400,1.);
#4400 = DIRECTION('',(0.,0.,1.));
#4401 = PLANE('',#4402);
#4402 = AXIS2_PLACEMENT_3D('',#4403,#4404,#4405);
#4403 = CARTESIAN_POINT('',(-185.,158.,78.));
#4404 = DIRECTION('',(1.,0.,0.));
#4405 = DIRECTION('',(0.,0.,1.));
#4406 = ADVANCED_FACE('',(#4407),#4418,.F.);
#4407 = FACE_BOUND('',#4408,.F.);
#4408 = EDGE_LOOP('',(#4409,#4410,#4411,#4412));
#4409 = ORIENTED_EDGE('',*,*,#4386,.F.);
#4410 = ORIENTED_EDGE('',*,*,#4232,.T.);
#4411 = ORIENTED_EDGE('',*,*,#4332,.T.);
#4412 = ORIENTED_EDGE('',*,*,#4413,.F.);
#4413 = EDGE_CURVE('',#4387,#4333,#4414,.T.);
#4414 = LINE('',#4415,#4416);
#4415 = CARTESIAN_POINT('',(-185.,166.,300.));
#4416 = VECTOR('',#4417,1.);
#4417 = DIRECTION('',(1.,0.,0.));
#4418 = PLANE('',#4419);
#4419 = AXIS2_PLACEMENT_3D('',#4420,#4421,#4422);
#4420 = CARTESIAN_POINT('',(-185.,158.,300.));
#4421 = DIRECTION('',(0.,0.,1.));
#4422 = DIRECTION('',(1.,0.,0.));
#4423 = ADVANCED_FACE('',(#4424),#4430,.F.);
#4424 = FACE_BOUND('',#4425,.F.);
#4425 = EDGE_LOOP('',(#4426,#4427,#4428,#4429));
#4426 = ORIENTED_EDGE('',*,*,#4372,.F.);
#4427 = ORIENTED_EDGE('',*,*,#4396,.T.);
#4428 = ORIENTED_EDGE('',*,*,#4413,.T.);
#4429 = ORIENTED_EDGE('',*,*,#4340,.F.);
#4430 = PLANE('',#4431);
#4431 = AXIS2_PLACEMENT_3D('',#4432,#4433,#4434);
#4432 = CARTESIAN_POINT('',(-185.,166.,78.));
#4433 = DIRECTION('',(0.,1.,0.));
#4434 = DIRECTION('',(0.,0.,1.));
#4435 = ( GEOMETRIC_REPRESENTATION_CONTEXT(3) 
GLOBAL_UNCERTAINTY_ASSIGNED_CONTEXT((#4439)) 
GLOBAL_UNIT_ASSIGNED_CONTEXT((#4436,#4437,#4438)) REPRESENTATION_CONTEXT
('Context #1','3D Context with UNIT and UNCERTAINTY') );
#4436 = ( LENGTH_UNIT() NAMED_UNIT(*) SI_UNIT(.MILLI.,.METRE.) );
#4437 = ( NAMED_UNIT(*) PLANE_ANGLE_UNIT() SI_UNIT($,.RADIAN.) );
#4438 = ( NAMED_UNIT(*) SI_UNIT($,.STERADIAN.) SOLID_ANGLE_UNIT() );
#4439 = UNCERTAINTY_MEASURE_WITH_UNIT(LENGTH_MEASURE(2.E-05),#4436,
  'distance_accuracy_value','confusion accuracy');
#4440 = CONTEXT_DEPENDENT_SHAPE_REPRESENTATION(#4441,#4443);
#4441 = ( REPRESENTATION_RELATIONSHIP('','',#4152,#10) 
REPRESENTATION_RELATIONSHIP_WITH_TRANSFORMATION(#4442) 
SHAPE_REPRESENTATION_RELATIONSHIP() );
#4442 = ITEM_DEFINED_TRANSFORMATION('','',#11,#79);
#4443 = PRODUCT_DEFINITION_SHAPE('Placement','Placement of an item',
  #4444);
#4444 = NEXT_ASSEMBLY_USAGE_OCCURRENCE('481','LIFT_S1_BAR_R','',#5,#4147
  ,$);
#4445 = PRODUCT_RELATED_PRODUCT_CATEGORY('part',$,(#4149));
#4446 = SHAPE_DEFINITION_REPRESENTATION(#4447,#4453);
#4447 = PRODUCT_DEFINITION_SHAPE('','',#4448);
#4448 = PRODUCT_DEFINITION('design','',#4449,#4452);
#4449 = PRODUCT_DEFINITION_FORMATION('','',#4450);
#4450 = PRODUCT('LIFT_S1_TIE','LIFT_S1_TIE','',(#4451));
#4451 = PRODUCT_CONTEXT('',#2,'mechanical');
#4452 = PRODUCT_DEFINITION_CONTEXT('part definition',#2,'design');
#4453 = ADVANCED_BREP_SHAPE_REPRESENTATION('',(#11,#4454),#4888);
#4454 = MANIFOLD_SOLID_BREP('',#4455);
#4455 = CLOSED_SHELL('',(#4456,#4496,#4527,#4619,#4643,#4660,#4672,#4703
    ,#4727,#4751,#4768,#4799,#4823,#4847,#4864,#4876));
#4456 = ADVANCED_FACE('',(#4457),#4491,.F.);
#4457 = FACE_BOUND('',#4458,.F.);
#4458 = EDGE_LOOP('',(#4459,#4469,#4477,#4485));
#4459 = ORIENTED_EDGE('',*,*,#4460,.F.);
#4460 = EDGE_CURVE('',#4461,#4463,#4465,.T.);
#4461 = VERTEX_POINT('',#4462);
#4462 = CARTESIAN_POINT('',(-191.,153.,313.));
#4463 = VERTEX_POINT('',#4464);
#4464 = CARTESIAN_POINT('',(-191.,153.,321.));
#4465 = LINE('',#4466,#4467);
#4466 = CARTESIAN_POINT('',(-191.,153.,313.));
#4467 = VECTOR('',#4468,1.);
#4468 = DIRECTION('',(0.,0.,1.));
#4469 = ORIENTED_EDGE('',*,*,#4470,.T.);
#4470 = EDGE_CURVE('',#4461,#4471,#4473,.T.);
#4471 = VERTEX_POINT('',#4472);
#4472 = CARTESIAN_POINT('',(-191.,171.,313.));
#4473 = LINE('',#4474,#4475);
#4474 = CARTESIAN_POINT('',(-191.,153.,313.));
#4475 = VECTOR('',#4476,1.);
#4476 = DIRECTION('',(0.,1.,0.));
#4477 = ORIENTED_EDGE('',*,*,#4478,.T.);
#4478 = EDGE_CURVE('',#4471,#4479,#4481,.T.);
#4479 = VERTEX_POINT('',#4480);
#4480 = CARTESIAN_POINT('',(-191.,171.,321.));
#4481 = LINE('',#4482,#4483);
#4482 = CARTESIAN_POINT('',(-191.,171.,313.));
#4483 = VECTOR('',#4484,1.);
#4484 = DIRECTION('',(0.,0.,1.));
#4485 = ORIENTED_EDGE('',*,*,#4486,.F.);
#4486 = EDGE_CURVE('',#4463,#4479,#4487,.T.);
#4487 = LINE('',#4488,#4489);
#4488 = CARTESIAN_POINT('',(-191.,153.,321.));
#4489 = VECTOR('',#4490,1.);
#4490 = DIRECTION('',(0.,1.,0.));
#4491 = PLANE('',#4492);
#4492 = AXIS2_PLACEMENT_3D('',#4493,#4494,#4495);
#4493 = CARTESIAN_POINT('',(-191.,153.,313.));
#4494 = DIRECTION('',(1.,0.,0.));
#4495 = DIRECTION('',(0.,0.,1.));
#4496 = ADVANCED_FACE('',(#4497),#4522,.F.);
#4497 = FACE_BOUND('',#4498,.F.);
#4498 = EDGE_LOOP('',(#4499,#4507,#4508,#4516));
#4499 = ORIENTED_EDGE('',*,*,#4500,.F.);
#4500 = EDGE_CURVE('',#4461,#4501,#4503,.T.);
#4501 = VERTEX_POINT('',#4502);
#4502 = CARTESIAN_POINT('',(-179.,153.,313.));
#4503 = LINE('',#4504,#4505);
#4504 = CARTESIAN_POINT('',(-191.,153.,313.));
#4505 = VECTOR('',#4506,1.);
#4506 = DIRECTION('',(1.,0.,0.));
#4507 = ORIENTED_EDGE('',*,*,#4460,.T.);
#4508 = ORIENTED_EDGE('',*,*,#4509,.T.);
#4509 = EDGE_CURVE('',#4463,#4510,#4512,.T.);
#4510 = VERTEX_POINT('',#4511);
#4511 = CARTESIAN_POINT('',(-179.,153.,321.));
#4512 = LINE('',#4513,#4514);
#4513 = CARTESIAN_POINT('',(-191.,153.,321.));
#4514 = VECTOR('',#4515,1.);
#4515 = DIRECTION('',(1.,0.,0.));
#4516 = ORIENTED_EDGE('',*,*,#4517,.F.);
#4517 = EDGE_CURVE('',#4501,#4510,#4518,.T.);
#4518 = LINE('',#4519,#4520);
#4519 = CARTESIAN_POINT('',(-179.,153.,313.));
#4520 = VECTOR('',#4521,1.);
#4521 = DIRECTION('',(0.,0.,1.));
#4522 = PLANE('',#4523);
#4523 = AXIS2_PLACEMENT_3D('',#4524,#4525,#4526);
#4524 = CARTESIAN_POINT('',(-191.,153.,313.));
#4525 = DIRECTION('',(0.,1.,0.));
#4526 = DIRECTION('',(0.,0.,1.));
#4527 = ADVANCED_FACE('',(#4528,#4546,#4580),#4614,.T.);
#4528 = FACE_BOUND('',#4529,.T.);
#4529 = EDGE_LOOP('',(#4530,#4531,#4532,#4540));
#4530 = ORIENTED_EDGE('',*,*,#4486,.F.);
#4531 = ORIENTED_EDGE('',*,*,#4509,.T.);
#4532 = ORIENTED_EDGE('',*,*,#4533,.T.);
#4533 = EDGE_CURVE('',#4510,#4534,#4536,.T.);
#4534 = VERTEX_POINT('',#4535);
#4535 = CARTESIAN_POINT('',(-179.,171.,321.));
#4536 = LINE('',#4537,#4538);
#4537 = CARTESIAN_POINT('',(-179.,153.,321.));
#4538 = VECTOR('',#4539,1.);
#4539 = DIRECTION('',(0.,1.,0.));
#4540 = ORIENTED_EDGE('',*,*,#4541,.F.);
#4541 = EDGE_CURVE('',#4479,#4534,#4542,.T.);
#4542 = LINE('',#4543,#4544);
#4543 = CARTESIAN_POINT('',(-191.,171.,321.));
#4544 = VECTOR('',#4545,1.);
#4545 = DIRECTION('',(1.,0.,0.));
#4546 = FACE_BOUND('',#4547,.T.);
#4547 = EDGE_LOOP('',(#4548,#4558,#4566,#4574));
#4548 = ORIENTED_EDGE('',*,*,#4549,.F.);
#4549 = EDGE_CURVE('',#4550,#4552,#4554,.T.);
#4550 = VERTEX_POINT('',#4551);
#4551 = CARTESIAN_POINT('',(-189.,157.,321.));
#4552 = VERTEX_POINT('',#4553);
#4553 = CARTESIAN_POINT('',(-183.,157.,321.));
#4554 = LINE('',#4555,#4556);
#4555 = CARTESIAN_POINT('',(-189.,157.,321.));
#4556 = VECTOR('',#4557,1.);
#4557 = DIRECTION('',(1.,0.,0.));
#4558 = ORIENTED_EDGE('',*,*,#4559,.T.);
#4559 = EDGE_CURVE('',#4550,#4560,#4562,.T.);
#4560 = VERTEX_POINT('',#4561);
#4561 = CARTESIAN_POINT('',(-189.,159.,321.));
#4562 = LINE('',#4563,#4564);
#4563 = CARTESIAN_POINT('',(-189.,157.,321.));
#4564 = VECTOR('',#4565,1.);
#4565 = DIRECTION('',(0.,1.,0.));
#4566 = ORIENTED_EDGE('',*,*,#4567,.T.);
#4567 = EDGE_CURVE('',#4560,#4568,#4570,.T.);
#4568 = VERTEX_POINT('',#4569);
#4569 = CARTESIAN_POINT('',(-183.,159.,321.));
#4570 = LINE('',#4571,#4572);
#4571 = CARTESIAN_POINT('',(-189.,159.,321.));
#4572 = VECTOR('',#4573,1.);
#4573 = DIRECTION('',(1.,0.,0.));
#4574 = ORIENTED_EDGE('',*,*,#4575,.F.);
#4575 = EDGE_CURVE('',#4552,#4568,#4576,.T.);
#4576 = LINE('',#4577,#4578);
#4577 = CARTESIAN_POINT('',(-183.,157.,321.));
#4578 = VECTOR('',#4579,1.);
#4579 = DIRECTION('',(0.,1.,0.));
#4580 = FACE_BOUND('',#4581,.T.);
#4581 = EDGE_LOOP('',(#4582,#4592,#4600,#4608));
#4582 = ORIENTED_EDGE('',*,*,#4583,.F.);
#4583 = EDGE_CURVE('',#4584,#4586,#4588,.T.);
#4584 = VERTEX_POINT('',#4585);
#4585 = CARTESIAN_POINT('',(-189.,166.,321.));
#4586 = VERTEX_POINT('',#4587);
#4587 = CARTESIAN_POINT('',(-183.,166.,321.));
#4588 = LINE('',#4589,#4590);
#4589 = CARTESIAN_POINT('',(-189.,166.,321.));
#4590 = VECTOR('',#4591,1.);
#4591 = DIRECTION('',(1.,0.,0.));
#4592 = ORIENTED_EDGE('',*,*,#4593,.T.);
#4593 = EDGE_CURVE('',#4584,#4594,#4596,.T.);
#4594 = VERTEX_POINT('',#4595);
#4595 = CARTESIAN_POINT('',(-189.,168.,321.));
#4596 = LINE('',#4597,#4598);
#4597 = CARTESIAN_POINT('',(-189.,166.,321.));
#4598 = VECTOR('',#4599,1.);
#4599 = DIRECTION('',(0.,1.,0.));
#4600 = ORIENTED_EDGE('',*,*,#4601,.T.);
#4601 = EDGE_CURVE('',#4594,#4602,#4604,.T.);
#4602 = VERTEX_POINT('',#4603);
#4603 = CARTESIAN_POINT('',(-183.,168.,321.));
#4604 = LINE('',#4605,#4606);
#4605 = CARTESIAN_POINT('',(-189.,168.,321.));
#4606 = VECTOR('',#4607,1.);
#4607 = DIRECTION('',(1.,0.,0.));
#4608 = ORIENTED_EDGE('',*,*,#4609,.F.);
#4609 = EDGE_CURVE('',#4586,#4602,#4610,.T.);
#4610 = LINE('',#4611,#4612);
#4611 = CARTESIAN_POINT('',(-183.,166.,321.));
#4612 = VECTOR('',#4613,1.);
#4613 = DIRECTION('',(0.,1.,0.));
#4614 = PLANE('',#4615);
#4615 = AXIS2_PLACEMENT_3D('',#4616,#4617,#4618);
#4616 = CARTESIAN_POINT('',(-191.,153.,321.));
#4617 = DIRECTION('',(0.,0.,1.));
#4618 = DIRECTION('',(1.,0.,0.));
#4619 = ADVANCED_FACE('',(#4620),#4638,.T.);
#4620 = FACE_BOUND('',#4621,.T.);
#4621 = EDGE_LOOP('',(#4622,#4630,#4631,#4632));
#4622 = ORIENTED_EDGE('',*,*,#4623,.F.);
#4623 = EDGE_CURVE('',#4471,#4624,#4626,.T.);
#4624 = VERTEX_POINT('',#4625);
#4625 = CARTESIAN_POINT('',(-179.,171.,313.));
#4626 = LINE('',#4627,#4628);
#4627 = CARTESIAN_POINT('',(-191.,171.,313.));
#4628 = VECTOR('',#4629,1.);
#4629 = DIRECTION('',(1.,0.,0.));
#4630 = ORIENTED_EDGE('',*,*,#4478,.T.);
#4631 = ORIENTED_EDGE('',*,*,#4541,.T.);
#4632 = ORIENTED_EDGE('',*,*,#4633,.F.);
#4633 = EDGE_CURVE('',#4624,#4534,#4634,.T.);
#4634 = LINE('',#4635,#4636);
#4635 = CARTESIAN_POINT('',(-179.,171.,313.));
#4636 = VECTOR('',#4637,1.);
#4637 = DIRECTION('',(0.,0.,1.));
#4638 = PLANE('',#4639);
#4639 = AXIS2_PLACEMENT_3D('',#4640,#4641,#4642);
#4640 = CARTESIAN_POINT('',(-191.,171.,313.));
#4641 = DIRECTION('',(0.,1.,0.));
#4642 = DIRECTION('',(0.,0.,1.));
#4643 = ADVANCED_FACE('',(#4644),#4655,.F.);
#4644 = FACE_BOUND('',#4645,.F.);
#4645 = EDGE_LOOP('',(#4646,#4647,#4648,#4654));
#4646 = ORIENTED_EDGE('',*,*,#4470,.F.);
#4647 = ORIENTED_EDGE('',*,*,#4500,.T.);
#4648 = ORIENTED_EDGE('',*,*,#4649,.T.);
#4649 = EDGE_CURVE('',#4501,#4624,#4650,.T.);
#4650 = LINE('',#4651,#4652);
#4651 = CARTESIAN_POINT('',(-179.,153.,313.));
#4652 = VECTOR('',#4653,1.);
#4653 = DIRECTION('',(0.,1.,0.));
#4654 = ORIENTED_EDGE('',*,*,#4623,.F.);
#4655 = PLANE('',#4656);
#4656 = AXIS2_PLACEMENT_3D('',#4657,#4658,#4659);
#4657 = CARTESIAN_POINT('',(-191.,153.,313.));
#4658 = DIRECTION('',(0.,0.,1.));
#4659 = DIRECTION('',(1.,0.,0.));
#4660 = ADVANCED_FACE('',(#4661),#4667,.T.);
#4661 = FACE_BOUND('',#4662,.T.);
#4662 = EDGE_LOOP('',(#4663,#4664,#4665,#4666));
#4663 = ORIENTED_EDGE('',*,*,#4517,.F.);
#4664 = ORIENTED_EDGE('',*,*,#4649,.T.);
#4665 = ORIENTED_EDGE('',*,*,#4633,.T.);
#4666 = ORIENTED_EDGE('',*,*,#4533,.F.);
#4667 = PLANE('',#4668);
#4668 = AXIS2_PLACEMENT_3D('',#4669,#4670,#4671);
#4669 = CARTESIAN_POINT('',(-179.,153.,313.));
#4670 = DIRECTION('',(1.,0.,0.));
#4671 = DIRECTION('',(0.,0.,1.));
#4672 = ADVANCED_FACE('',(#4673),#4698,.F.);
#4673 = FACE_BOUND('',#4674,.F.);
#4674 = EDGE_LOOP('',(#4675,#4676,#4684,#4692));
#4675 = ORIENTED_EDGE('',*,*,#4549,.F.);
#4676 = ORIENTED_EDGE('',*,*,#4677,.T.);
#4677 = EDGE_CURVE('',#4550,#4678,#4680,.T.);
#4678 = VERTEX_POINT('',#4679);
#4679 = CARTESIAN_POINT('',(-189.,157.,329.));
#4680 = LINE('',#4681,#4682);
#4681 = CARTESIAN_POINT('',(-189.,157.,321.));
#4682 = VECTOR('',#4683,1.);
#4683 = DIRECTION('',(0.,0.,1.));
#4684 = ORIENTED_EDGE('',*,*,#4685,.T.);
#4685 = EDGE_CURVE('',#4678,#4686,#4688,.T.);
#4686 = VERTEX_POINT('',#4687);
#4687 = CARTESIAN_POINT('',(-183.,157.,329.));
#4688 = LINE('',#4689,#4690);
#4689 = CARTESIAN_POINT('',(-189.,157.,329.));
#4690 = VECTOR('',#4691,1.);
#4691 = DIRECTION('',(1.,0.,0.));
#4692 = ORIENTED_EDGE('',*,*,#4693,.F.);
#4693 = EDGE_CURVE('',#4552,#4686,#4694,.T.);
#4694 = LINE('',#4695,#4696);
#4695 = CARTESIAN_POINT('',(-183.,157.,321.));
#4696 = VECTOR('',#4697,1.);
#4697 = DIRECTION('',(0.,0.,1.));
#4698 = PLANE('',#4699);
#4699 = AXIS2_PLACEMENT_3D('',#4700,#4701,#4702);
#4700 = CARTESIAN_POINT('',(-189.,157.,321.));
#4701 = DIRECTION('',(0.,1.,0.));
#4702 = DIRECTION('',(0.,0.,1.));
#4703 = ADVANCED_FACE('',(#4704),#4722,.T.);
#4704 = FACE_BOUND('',#4705,.T.);
#4705 = EDGE_LOOP('',(#4706,#4707,#4708,#4716));
#4706 = ORIENTED_EDGE('',*,*,#4693,.F.);
#4707 = ORIENTED_EDGE('',*,*,#4575,.T.);
#4708 = ORIENTED_EDGE('',*,*,#4709,.T.);
#4709 = EDGE_CURVE('',#4568,#4710,#4712,.T.);
#4710 = VERTEX_POINT('',#4711);
#4711 = CARTESIAN_POINT('',(-183.,159.,329.));
#4712 = LINE('',#4713,#4714);
#4713 = CARTESIAN_POINT('',(-183.,159.,321.));
#4714 = VECTOR('',#4715,1.);
#4715 = DIRECTION('',(0.,0.,1.));
#4716 = ORIENTED_EDGE('',*,*,#4717,.F.);
#4717 = EDGE_CURVE('',#4686,#4710,#4718,.T.);
#4718 = LINE('',#4719,#4720);
#4719 = CARTESIAN_POINT('',(-183.,157.,329.));
#4720 = VECTOR('',#4721,1.);
#4721 = DIRECTION('',(0.,1.,0.));
#4722 = PLANE('',#4723);
#4723 = AXIS2_PLACEMENT_3D('',#4724,#4725,#4726);
#4724 = CARTESIAN_POINT('',(-183.,157.,321.));
#4725 = DIRECTION('',(1.,0.,0.));
#4726 = DIRECTION('',(0.,0.,1.));
#4727 = ADVANCED_FACE('',(#4728),#4746,.T.);
#4728 = FACE_BOUND('',#4729,.T.);
#4729 = EDGE_LOOP('',(#4730,#4731,#4739,#4745));
#4730 = ORIENTED_EDGE('',*,*,#4567,.F.);
#4731 = ORIENTED_EDGE('',*,*,#4732,.T.);
#4732 = EDGE_CURVE('',#4560,#4733,#4735,.T.);
#4733 = VERTEX_POINT('',#4734);
#4734 = CARTESIAN_POINT('',(-189.,159.,329.));
#4735 = LINE('',#4736,#4737);
#4736 = CARTESIAN_POINT('',(-189.,159.,321.));
#4737 = VECTOR('',#4738,1.);
#4738 = DIRECTION('',(0.,0.,1.));
#4739 = ORIENTED_EDGE('',*,*,#4740,.T.);
#4740 = EDGE_CURVE('',#4733,#4710,#4741,.T.);
#4741 = LINE('',#4742,#4743);
#4742 = CARTESIAN_POINT('',(-189.,159.,329.));
#4743 = VECTOR('',#4744,1.);
#4744 = DIRECTION('',(1.,0.,0.));
#4745 = ORIENTED_EDGE('',*,*,#4709,.F.);
#4746 = PLANE('',#4747);
#4747 = AXIS2_PLACEMENT_3D('',#4748,#4749,#4750);
#4748 = CARTESIAN_POINT('',(-189.,159.,321.));
#4749 = DIRECTION('',(0.,1.,0.));
#4750 = DIRECTION('',(0.,0.,1.));
#4751 = ADVANCED_FACE('',(#4752),#4763,.F.);
#4752 = FACE_BOUND('',#4753,.F.);
#4753 = EDGE_LOOP('',(#4754,#4755,#4756,#4757));
#4754 = ORIENTED_EDGE('',*,*,#4677,.F.);
#4755 = ORIENTED_EDGE('',*,*,#4559,.T.);
#4756 = ORIENTED_EDGE('',*,*,#4732,.T.);
#4757 = ORIENTED_EDGE('',*,*,#4758,.F.);
#4758 = EDGE_CURVE('',#4678,#4733,#4759,.T.);
#4759 = LINE('',#4760,#4761);
#4760 = CARTESIAN_POINT('',(-189.,157.,329.));
#4761 = VECTOR('',#4762,1.);
#4762 = DIRECTION('',(0.,1.,0.));
#4763 = PLANE('',#4764);
#4764 = AXIS2_PLACEMENT_3D('',#4765,#4766,#4767);
#4765 = CARTESIAN_POINT('',(-189.,157.,321.));
#4766 = DIRECTION('',(1.,0.,0.));
#4767 = DIRECTION('',(0.,0.,1.));
#4768 = ADVANCED_FACE('',(#4769),#4794,.F.);
#4769 = FACE_BOUND('',#4770,.F.);
#4770 = EDGE_LOOP('',(#4771,#4772,#4780,#4788));
#4771 = ORIENTED_EDGE('',*,*,#4583,.F.);
#4772 = ORIENTED_EDGE('',*,*,#4773,.T.);
#4773 = EDGE_CURVE('',#4584,#4774,#4776,.T.);
#4774 = VERTEX_POINT('',#4775);
#4775 = CARTESIAN_POINT('',(-189.,166.,329.));
#4776 = LINE('',#4777,#4778);
#4777 = CARTESIAN_POINT('',(-189.,166.,321.));
#4778 = VECTOR('',#4779,1.);
#4779 = DIRECTION('',(0.,0.,1.));
#4780 = ORIENTED_EDGE('',*,*,#4781,.T.);
#4781 = EDGE_CURVE('',#4774,#4782,#4784,.T.);
#4782 = VERTEX_POINT('',#4783);
#4783 = CARTESIAN_POINT('',(-183.,166.,329.));
#4784 = LINE('',#4785,#4786);
#4785 = CARTESIAN_POINT('',(-189.,166.,329.));
#4786 = VECTOR('',#4787,1.);
#4787 = DIRECTION('',(1.,0.,0.));
#4788 = ORIENTED_EDGE('',*,*,#4789,.F.);
#4789 = EDGE_CURVE('',#4586,#4782,#4790,.T.);
#4790 = LINE('',#4791,#4792);
#4791 = CARTESIAN_POINT('',(-183.,166.,321.));
#4792 = VECTOR('',#4793,1.);
#4793 = DIRECTION('',(0.,0.,1.));
#4794 = PLANE('',#4795);
#4795 = AXIS2_PLACEMENT_3D('',#4796,#4797,#4798);
#4796 = CARTESIAN_POINT('',(-189.,166.,321.));
#4797 = DIRECTION('',(0.,1.,0.));
#4798 = DIRECTION('',(0.,0.,1.));
#4799 = ADVANCED_FACE('',(#4800),#4818,.T.);
#4800 = FACE_BOUND('',#4801,.T.);
#4801 = EDGE_LOOP('',(#4802,#4803,#4804,#4812));
#4802 = ORIENTED_EDGE('',*,*,#4789,.F.);
#4803 = ORIENTED_EDGE('',*,*,#4609,.T.);
#4804 = ORIENTED_EDGE('',*,*,#4805,.T.);
#4805 = EDGE_CURVE('',#4602,#4806,#4808,.T.);
#4806 = VERTEX_POINT('',#4807);
#4807 = CARTESIAN_POINT('',(-183.,168.,329.));
#4808 = LINE('',#4809,#4810);
#4809 = CARTESIAN_POINT('',(-183.,168.,321.));
#4810 = VECTOR('',#4811,1.);
#4811 = DIRECTION('',(0.,0.,1.));
#4812 = ORIENTED_EDGE('',*,*,#4813,.F.);
#4813 = EDGE_CURVE('',#4782,#4806,#4814,.T.);
#4814 = LINE('',#4815,#4816);
#4815 = CARTESIAN_POINT('',(-183.,166.,329.));
#4816 = VECTOR('',#4817,1.);
#4817 = DIRECTION('',(0.,1.,0.));
#4818 = PLANE('',#4819);
#4819 = AXIS2_PLACEMENT_3D('',#4820,#4821,#4822);
#4820 = CARTESIAN_POINT('',(-183.,166.,321.));
#4821 = DIRECTION('',(1.,0.,0.));
#4822 = DIRECTION('',(0.,0.,1.));
#4823 = ADVANCED_FACE('',(#4824),#4842,.T.);
#4824 = FACE_BOUND('',#4825,.T.);
#4825 = EDGE_LOOP('',(#4826,#4827,#4835,#4841));
#4826 = ORIENTED_EDGE('',*,*,#4601,.F.);
#4827 = ORIENTED_EDGE('',*,*,#4828,.T.);
#4828 = EDGE_CURVE('',#4594,#4829,#4831,.T.);
#4829 = VERTEX_POINT('',#4830);
#4830 = CARTESIAN_POINT('',(-189.,168.,329.));
#4831 = LINE('',#4832,#4833);
#4832 = CARTESIAN_POINT('',(-189.,168.,321.));
#4833 = VECTOR('',#4834,1.);
#4834 = DIRECTION('',(0.,0.,1.));
#4835 = ORIENTED_EDGE('',*,*,#4836,.T.);
#4836 = EDGE_CURVE('',#4829,#4806,#4837,.T.);
#4837 = LINE('',#4838,#4839);
#4838 = CARTESIAN_POINT('',(-189.,168.,329.));
#4839 = VECTOR('',#4840,1.);
#4840 = DIRECTION('',(1.,0.,0.));
#4841 = ORIENTED_EDGE('',*,*,#4805,.F.);
#4842 = PLANE('',#4843);
#4843 = AXIS2_PLACEMENT_3D('',#4844,#4845,#4846);
#4844 = CARTESIAN_POINT('',(-189.,168.,321.));
#4845 = DIRECTION('',(0.,1.,0.));
#4846 = DIRECTION('',(0.,0.,1.));
#4847 = ADVANCED_FACE('',(#4848),#4859,.F.);
#4848 = FACE_BOUND('',#4849,.F.);
#4849 = EDGE_LOOP('',(#4850,#4851,#4852,#4853));
#4850 = ORIENTED_EDGE('',*,*,#4773,.F.);
#4851 = ORIENTED_EDGE('',*,*,#4593,.T.);
#4852 = ORIENTED_EDGE('',*,*,#4828,.T.);
#4853 = ORIENTED_EDGE('',*,*,#4854,.F.);
#4854 = EDGE_CURVE('',#4774,#4829,#4855,.T.);
#4855 = LINE('',#4856,#4857);
#4856 = CARTESIAN_POINT('',(-189.,166.,329.));
#4857 = VECTOR('',#4858,1.);
#4858 = DIRECTION('',(0.,1.,0.));
#4859 = PLANE('',#4860);
#4860 = AXIS2_PLACEMENT_3D('',#4861,#4862,#4863);
#4861 = CARTESIAN_POINT('',(-189.,166.,321.));
#4862 = DIRECTION('',(1.,0.,0.));
#4863 = DIRECTION('',(0.,0.,1.));
#4864 = ADVANCED_FACE('',(#4865),#4871,.T.);
#4865 = FACE_BOUND('',#4866,.T.);
#4866 = EDGE_LOOP('',(#4867,#4868,#4869,#4870));
#4867 = ORIENTED_EDGE('',*,*,#4758,.F.);
#4868 = ORIENTED_EDGE('',*,*,#4685,.T.);
#4869 = ORIENTED_EDGE('',*,*,#4717,.T.);
#4870 = ORIENTED_EDGE('',*,*,#4740,.F.);
#4871 = PLANE('',#4872);
#4872 = AXIS2_PLACEMENT_3D('',#4873,#4874,#4875);
#4873 = CARTESIAN_POINT('',(-189.,157.,329.));
#4874 = DIRECTION('',(0.,0.,1.));
#4875 = DIRECTION('',(1.,0.,0.));
#4876 = ADVANCED_FACE('',(#4877),#4883,.T.);
#4877 = FACE_BOUND('',#4878,.T.);
#4878 = EDGE_LOOP('',(#4879,#4880,#4881,#4882));
#4879 = ORIENTED_EDGE('',*,*,#4854,.F.);
#4880 = ORIENTED_EDGE('',*,*,#4781,.T.);
#4881 = ORIENTED_EDGE('',*,*,#4813,.T.);
#4882 = ORIENTED_EDGE('',*,*,#4836,.F.);
#4883 = PLANE('',#4884);
#4884 = AXIS2_PLACEMENT_3D('',#4885,#4886,#4887);
#4885 = CARTESIAN_POINT('',(-189.,166.,329.));
#4886 = DIRECTION('',(0.,0.,1.));
#4887 = DIRECTION('',(1.,0.,0.));
#4888 = ( GEOMETRIC_REPRESENTATION_CONTEXT(3) 
GLOBAL_UNCERTAINTY_ASSIGNED_CONTEXT((#4892)) 
GLOBAL_UNIT_ASSIGNED_CONTEXT((#4889,#4890,#4891)) REPRESENTATION_CONTEXT
('Context #1','3D Context with UNIT and UNCERTAINTY') );
#4889 = ( LENGTH_UNIT() NAMED_UNIT(*) SI_UNIT(.MILLI.,.METRE.) );
#4890 = ( NAMED_UNIT(*) PLANE_ANGLE_UNIT() SI_UNIT($,.RADIAN.) );
#4891 = ( NAMED_UNIT(*) SI_UNIT($,.STERADIAN.) SOLID_ANGLE_UNIT() );
#4892 = UNCERTAINTY_MEASURE_WITH_UNIT(LENGTH_MEASURE(1.E-07),#4889,
  'distance_accuracy_value','confusion accuracy');
#4893 = CONTEXT_DEPENDENT_SHAPE_REPRESENTATION(#4894,#4896);
#4894 = ( REPRESENTATION_RELATIONSHIP('','',#4453,#10) 
REPRESENTATION_RELATIONSHIP_WITH_TRANSFORMATION(#4895) 
SHAPE_REPRESENTATION_RELATIONSHIP() );
#4895 = ITEM_DEFINED_TRANSFORMATION('','',#11,#83);
#4896 = PRODUCT_DEFINITION_SHAPE('Placement','Placement of an item',
  #4897);
#4897 = NEXT_ASSEMBLY_USAGE_OCCURRENCE('482','LIFT_S1_TIE','',#5,#4448,$
  );
#4898 = PRODUCT_RELATED_PRODUCT_CATEGORY('part',$,(#4450));
#4899 = SHAPE_DEFINITION_REPRESENTATION(#4900,#4906);
#4900 = PRODUCT_DEFINITION_SHAPE('','',#4901);
#4901 = PRODUCT_DEFINITION('design','',#4902,#4905);
#4902 = PRODUCT_DEFINITION_FORMATION('','',#4903);
#4903 = PRODUCT('S1_PPIN','S1_PPIN','',(#4904));
#4904 = PRODUCT_CONTEXT('',#2,'mechanical');
#4905 = PRODUCT_DEFINITION_CONTEXT('part definition',#2,'design');
#4906 = ADVANCED_BREP_SHAPE_REPRESENTATION('',(#11,#4907),#4960);
#4907 = MANIFOLD_SOLID_BREP('',#4908);
#4908 = CLOSED_SHELL('',(#4909,#4942,#4951));
#4909 = ADVANCED_FACE('',(#4910),#4937,.T.);
#4910 = FACE_BOUND('',#4911,.F.);
#4911 = EDGE_LOOP('',(#4912,#4922,#4929,#4930));
#4912 = ORIENTED_EDGE('',*,*,#4913,.T.);
#4913 = EDGE_CURVE('',#4914,#4916,#4918,.T.);
#4914 = VERTEX_POINT('',#4915);
#4915 = CARTESIAN_POINT('',(-183.,157.,324.));
#4916 = VERTEX_POINT('',#4917);
#4917 = CARTESIAN_POINT('',(-183.,169.,324.));
#4918 = LINE('',#4919,#4920);
#4919 = CARTESIAN_POINT('',(-183.,157.,324.));
#4920 = VECTOR('',#4921,1.);
#4921 = DIRECTION('',(0.,1.,-2.22044604925E-16));
#4922 = ORIENTED_EDGE('',*,*,#4923,.T.);
#4923 = EDGE_CURVE('',#4916,#4916,#4924,.T.);
#4924 = CIRCLE('',#4925,3.);
#4925 = AXIS2_PLACEMENT_3D('',#4926,#4927,#4928);
#4926 = CARTESIAN_POINT('',(-186.,169.,324.));
#4927 = DIRECTION('',(0.,1.,-2.22044604925E-16));
#4928 = DIRECTION('',(1.,0.,0.));
#4929 = ORIENTED_EDGE('',*,*,#4913,.F.);
#4930 = ORIENTED_EDGE('',*,*,#4931,.F.);
#4931 = EDGE_CURVE('',#4914,#4914,#4932,.T.);
#4932 = CIRCLE('',#4933,3.);
#4933 = AXIS2_PLACEMENT_3D('',#4934,#4935,#4936);
#4934 = CARTESIAN_POINT('',(-186.,157.,324.));
#4935 = DIRECTION('',(0.,1.,-2.22044604925E-16));
#4936 = DIRECTION('',(1.,0.,0.));
#4937 = CYLINDRICAL_SURFACE('',#4938,3.);
#4938 = AXIS2_PLACEMENT_3D('',#4939,#4940,#4941);
#4939 = CARTESIAN_POINT('',(-186.,157.,324.));
#4940 = DIRECTION('',(-0.,-1.,2.22044604925E-16));
#4941 = DIRECTION('',(1.,0.,0.));
#4942 = ADVANCED_FACE('',(#4943),#4946,.F.);
#4943 = FACE_BOUND('',#4944,.T.);
#4944 = EDGE_LOOP('',(#4945));
#4945 = ORIENTED_EDGE('',*,*,#4931,.F.);
#4946 = PLANE('',#4947);
#4947 = AXIS2_PLACEMENT_3D('',#4948,#4949,#4950);
#4948 = CARTESIAN_POINT('',(-186.,157.,324.));
#4949 = DIRECTION('',(0.,1.,-2.22044604925E-16));
#4950 = DIRECTION('',(1.,0.,0.));
#4951 = ADVANCED_FACE('',(#4952),#4955,.T.);
#4952 = FACE_BOUND('',#4953,.F.);
#4953 = EDGE_LOOP('',(#4954));
#4954 = ORIENTED_EDGE('',*,*,#4923,.F.);
#4955 = PLANE('',#4956);
#4956 = AXIS2_PLACEMENT_3D('',#4957,#4958,#4959);
#4957 = CARTESIAN_POINT('',(-186.,169.,324.));
#4958 = DIRECTION('',(0.,1.,-2.22044604925E-16));
#4959 = DIRECTION('',(1.,0.,0.));
#4960 = ( GEOMETRIC_REPRESENTATION_CONTEXT(3) 
GLOBAL_UNCERTAINTY_ASSIGNED_CONTEXT((#4964)) 
GLOBAL_UNIT_ASSIGNED_CONTEXT((#4961,#4962,#4963)) REPRESENTATION_CONTEXT
('Context #1','3D Context with UNIT and UNCERTAINTY') );
#4961 = ( LENGTH_UNIT() NAMED_UNIT(*) SI_UNIT(.MILLI.,.METRE.) );
#4962 = ( NAMED_UNIT(*) PLANE_ANGLE_UNIT() SI_UNIT($,.RADIAN.) );
#4963 = ( NAMED_UNIT(*) SI_UNIT($,.STERADIAN.) SOLID_ANGLE_UNIT() );
#4964 = UNCERTAINTY_MEASURE_WITH_UNIT(LENGTH_MEASURE(1.E-07),#4961,
  'distance_accuracy_value','confusion accuracy');
#4965 = CONTEXT_DEPENDENT_SHAPE_REPRESENTATION(#4966,#4968);
#4966 = ( REPRESENTATION_RELATIONSHIP('','',#4906,#10) 
REPRESENTATION_RELATIONSHIP_WITH_TRANSFORMATION(#4967) 
SHAPE_REPRESENTATION_RELATIONSHIP() );
#4967 = ITEM_DEFINED_TRANSFORMATION('','',#11,#87);
#4968 = PRODUCT_DEFINITION_SHAPE('Placement','Placement of an item',
  #4969);
#4969 = NEXT_ASSEMBLY_USAGE_OCCURRENCE('483','S1_PPIN','',#5,#4901,$);
#4970 = PRODUCT_RELATED_PRODUCT_CATEGORY('part',$,(#4903));
#4971 = SHAPE_DEFINITION_REPRESENTATION(#4972,#4978);
#4972 = PRODUCT_DEFINITION_SHAPE('','',#4973);
#4973 = PRODUCT_DEFINITION('design','',#4974,#4977);
#4974 = PRODUCT_DEFINITION_FORMATION('','',#4975);
#4975 = PRODUCT('LIFT_PULLEY','LIFT_PULLEY','',(#4976));
#4976 = PRODUCT_CONTEXT('',#2,'mechanical');
#4977 = PRODUCT_DEFINITION_CONTEXT('part definition',#2,'design');
#4978 = ADVANCED_BREP_SHAPE_REPRESENTATION('',(#11,#4979),#5071);
#4979 = MANIFOLD_SOLID_BREP('',#4980);
#4980 = CLOSED_SHELL('',(#4981,#5014,#5034,#5054));
#4981 = ADVANCED_FACE('',(#4982),#5009,.T.);
#4982 = FACE_BOUND('',#4983,.F.);
#4983 = EDGE_LOOP('',(#4984,#4994,#5001,#5002));
#4984 = ORIENTED_EDGE('',*,*,#4985,.T.);
#4985 = EDGE_CURVE('',#4986,#4988,#4990,.T.);
#4986 = VERTEX_POINT('',#4987);
#4987 = CARTESIAN_POINT('',(-176.,159.5,324.));
#4988 = VERTEX_POINT('',#4989);
#4989 = CARTESIAN_POINT('',(-176.,166.,324.));
#4990 = LINE('',#4991,#4992);
#4991 = CARTESIAN_POINT('',(-176.,159.5,324.));
#4992 = VECTOR('',#4993,1.);
#4993 = DIRECTION('',(0.,1.,0.));
#4994 = ORIENTED_EDGE('',*,*,#4995,.T.);
#4995 = EDGE_CURVE('',#4988,#4988,#4996,.T.);
#4996 = CIRCLE('',#4997,10.);
#4997 = AXIS2_PLACEMENT_3D('',#4998,#4999,#5000);
#4998 = CARTESIAN_POINT('',(-186.,166.,324.));
#4999 = DIRECTION('',(-0.,1.,0.));
#5000 = DIRECTION('',(1.,0.,0.));
#5001 = ORIENTED_EDGE('',*,*,#4985,.F.);
#5002 = ORIENTED_EDGE('',*,*,#5003,.F.);
#5003 = EDGE_CURVE('',#4986,#4986,#5004,.T.);
#5004 = CIRCLE('',#5005,10.);
#5005 = AXIS2_PLACEMENT_3D('',#5006,#5007,#5008);
#5006 = CARTESIAN_POINT('',(-186.,159.5,324.));
#5007 = DIRECTION('',(-0.,1.,0.));
#5008 = DIRECTION('',(1.,0.,0.));
#5009 = CYLINDRICAL_SURFACE('',#5010,10.);
#5010 = AXIS2_PLACEMENT_3D('',#5011,#5012,#5013);
#5011 = CARTESIAN_POINT('',(-186.,159.5,324.));
#5012 = DIRECTION('',(-0.,-1.,0.));
#5013 = DIRECTION('',(1.,0.,0.));
#5014 = ADVANCED_FACE('',(#5015,#5018),#5029,.F.);
#5015 = FACE_BOUND('',#5016,.F.);
#5016 = EDGE_LOOP('',(#5017));
#5017 = ORIENTED_EDGE('',*,*,#5003,.T.);
#5018 = FACE_BOUND('',#5019,.F.);
#5019 = EDGE_LOOP('',(#5020));
#5020 = ORIENTED_EDGE('',*,*,#5021,.T.);
#5021 = EDGE_CURVE('',#5022,#5022,#5024,.T.);
#5022 = VERTEX_POINT('',#5023);
#5023 = CARTESIAN_POINT('',(-182.75,159.5,324.));
#5024 = CIRCLE('',#5025,3.25);
#5025 = AXIS2_PLACEMENT_3D('',#5026,#5027,#5028);
#5026 = CARTESIAN_POINT('',(-186.,159.5,324.));
#5027 = DIRECTION('',(0.,-1.,2.2E-16));
#5028 = DIRECTION('',(1.,0.,0.));
#5029 = PLANE('',#5030);
#5030 = AXIS2_PLACEMENT_3D('',#5031,#5032,#5033);
#5031 = CARTESIAN_POINT('',(-186.,159.5,324.));
#5032 = DIRECTION('',(0.,1.,0.));
#5033 = DIRECTION('',(1.,0.,0.));
#5034 = ADVANCED_FACE('',(#5035,#5038),#5049,.T.);
#5035 = FACE_BOUND('',#5036,.T.);
#5036 = EDGE_LOOP('',(#5037));
#5037 = ORIENTED_EDGE('',*,*,#4995,.T.);
#5038 = FACE_BOUND('',#5039,.T.);
#5039 = EDGE_LOOP('',(#5040));
#5040 = ORIENTED_EDGE('',*,*,#5041,.T.);
#5041 = EDGE_CURVE('',#5042,#5042,#5044,.T.);
#5042 = VERTEX_POINT('',#5043);
#5043 = CARTESIAN_POINT('',(-182.75,166.,324.));
#5044 = CIRCLE('',#5045,3.25);
#5045 = AXIS2_PLACEMENT_3D('',#5046,#5047,#5048);
#5046 = CARTESIAN_POINT('',(-186.,166.,324.));
#5047 = DIRECTION('',(0.,-1.,2.2E-16));
#5048 = DIRECTION('',(1.,0.,0.));
#5049 = PLANE('',#5050);
#5050 = AXIS2_PLACEMENT_3D('',#5051,#5052,#5053);
#5051 = CARTESIAN_POINT('',(-186.,166.,324.));
#5052 = DIRECTION('',(0.,1.,0.));
#5053 = DIRECTION('',(1.,0.,0.));
#5054 = ADVANCED_FACE('',(#5055),#5066,.F.);
#5055 = FACE_BOUND('',#5056,.T.);
#5056 = EDGE_LOOP('',(#5057,#5058,#5064,#5065));
#5057 = ORIENTED_EDGE('',*,*,#5021,.T.);
#5058 = ORIENTED_EDGE('',*,*,#5059,.T.);
#5059 = EDGE_CURVE('',#5022,#5042,#5060,.T.);
#5060 = LINE('',#5061,#5062);
#5061 = CARTESIAN_POINT('',(-182.75,158.5,324.));
#5062 = VECTOR('',#5063,1.);
#5063 = DIRECTION('',(0.,1.,0.));
#5064 = ORIENTED_EDGE('',*,*,#5041,.F.);
#5065 = ORIENTED_EDGE('',*,*,#5059,.F.);
#5066 = CYLINDRICAL_SURFACE('',#5067,3.25);
#5067 = AXIS2_PLACEMENT_3D('',#5068,#5069,#5070);
#5068 = CARTESIAN_POINT('',(-186.,158.5,324.));
#5069 = DIRECTION('',(-0.,-1.,0.));
#5070 = DIRECTION('',(1.,0.,0.));
#5071 = ( GEOMETRIC_REPRESENTATION_CONTEXT(3) 
GLOBAL_UNCERTAINTY_ASSIGNED_CONTEXT((#5075)) 
GLOBAL_UNIT_ASSIGNED_CONTEXT((#5072,#5073,#5074)) REPRESENTATION_CONTEXT
('Context #1','3D Context with UNIT and UNCERTAINTY') );
#5072 = ( LENGTH_UNIT() NAMED_UNIT(*) SI_UNIT(.MILLI.,.METRE.) );
#5073 = ( NAMED_UNIT(*) PLANE_ANGLE_UNIT() SI_UNIT($,.RADIAN.) );
#5074 = ( NAMED_UNIT(*) SI_UNIT($,.STERADIAN.) SOLID_ANGLE_UNIT() );
#5075 = UNCERTAINTY_MEASURE_WITH_UNIT(LENGTH_MEASURE(1.E-07),#5072,
  'distance_accuracy_value','confusion accuracy');
#5076 = CONTEXT_DEPENDENT_SHAPE_REPRESENTATION(#5077,#5079);
#5077 = ( REPRESENTATION_RELATIONSHIP('','',#4978,#10) 
REPRESENTATION_RELATIONSHIP_WITH_TRANSFORMATION(#5078) 
SHAPE_REPRESENTATION_RELATIONSHIP() );
#5078 = ITEM_DEFINED_TRANSFORMATION('','',#11,#91);
#5079 = PRODUCT_DEFINITION_SHAPE('Placement','Placement of an item',
  #5080);
#5080 = NEXT_ASSEMBLY_USAGE_OCCURRENCE('484','LIFT_PULLEY','',#5,#4973,$
  );
#5081 = PRODUCT_RELATED_PRODUCT_CATEGORY('part',$,(#4975));
#5082 = SHAPE_DEFINITION_REPRESENTATION(#5083,#5089);
#5083 = PRODUCT_DEFINITION_SHAPE('','',#5084);
#5084 = PRODUCT_DEFINITION('design','',#5085,#5088);
#5085 = PRODUCT_DEFINITION_FORMATION('','',#5086);
#5086 = PRODUCT('LIFT_S2_BAR','LIFT_S2_BAR','',(#5087));
#5087 = PRODUCT_CONTEXT('',#2,'mechanical');
#5088 = PRODUCT_DEFINITION_CONTEXT('part definition',#2,'design');
#5089 = ADVANCED_BREP_SHAPE_REPRESENTATION('',(#11,#5090),#5240);
#5090 = MANIFOLD_SOLID_BREP('',#5091);
#5091 = CLOSED_SHELL('',(#5092,#5132,#5172,#5194,#5216,#5228));
#5092 = ADVANCED_FACE('',(#5093),#5127,.F.);
#5093 = FACE_BOUND('',#5094,.F.);
#5094 = EDGE_LOOP('',(#5095,#5105,#5113,#5121));
#5095 = ORIENTED_EDGE('',*,*,#5096,.F.);
#5096 = EDGE_CURVE('',#5097,#5099,#5101,.T.);
#5097 = VERTEX_POINT('',#5098);
#5098 = CARTESIAN_POINT('',(-175.8,154.,82.));
#5099 = VERTEX_POINT('',#5100);
#5100 = CARTESIAN_POINT('',(-175.8,154.,300.));
#5101 = LINE('',#5102,#5103);
#5102 = CARTESIAN_POINT('',(-175.8,154.,82.));
#5103 = VECTOR('',#5104,1.);
#5104 = DIRECTION('',(0.,0.,1.));
#5105 = ORIENTED_EDGE('',*,*,#5106,.T.);
#5106 = EDGE_CURVE('',#5097,#5107,#5109,.T.);
#5107 = VERTEX_POINT('',#5108);
#5108 = CARTESIAN_POINT('',(-175.8,170.,82.));
#5109 = LINE('',#5110,#5111);
#5110 = CARTESIAN_POINT('',(-175.8,154.,82.));
#5111 = VECTOR('',#5112,1.);
#5112 = DIRECTION('',(0.,1.,0.));
#5113 = ORIENTED_EDGE('',*,*,#5114,.T.);
#5114 = EDGE_CURVE('',#5107,#5115,#5117,.T.);
#5115 = VERTEX_POINT('',#5116);
#5116 = CARTESIAN_POINT('',(-175.8,170.,300.));
#5117 = LINE('',#5118,#5119);
#5118 = CARTESIAN_POINT('',(-175.8,170.,82.));
#5119 = VECTOR('',#5120,1.);
#5120 = DIRECTION('',(0.,0.,1.));
#5121 = ORIENTED_EDGE('',*,*,#5122,.F.);
#5122 = EDGE_CURVE('',#5099,#5115,#5123,.T.);
#5123 = LINE('',#5124,#5125);
#5124 = CARTESIAN_POINT('',(-175.8,154.,300.));
#5125 = VECTOR('',#5126,1.);
#5126 = DIRECTION('',(0.,1.,0.));
#5127 = PLANE('',#5128);
#5128 = AXIS2_PLACEMENT_3D('',#5129,#5130,#5131);
#5129 = CARTESIAN_POINT('',(-175.8,154.,82.));
#5130 = DIRECTION('',(1.,0.,0.));
#5131 = DIRECTION('',(0.,0.,1.));
#5132 = ADVANCED_FACE('',(#5133),#5167,.T.);
#5133 = FACE_BOUND('',#5134,.T.);
#5134 = EDGE_LOOP('',(#5135,#5145,#5153,#5161));
#5135 = ORIENTED_EDGE('',*,*,#5136,.F.);
#5136 = EDGE_CURVE('',#5137,#5139,#5141,.T.);
#5137 = VERTEX_POINT('',#5138);
#5138 = CARTESIAN_POINT('',(-169.8,154.,82.));
#5139 = VERTEX_POINT('',#5140);
#5140 = CARTESIAN_POINT('',(-169.8,154.,300.));
#5141 = LINE('',#5142,#5143);
#5142 = CARTESIAN_POINT('',(-169.8,154.,82.));
#5143 = VECTOR('',#5144,1.);
#5144 = DIRECTION('',(0.,0.,1.));
#5145 = ORIENTED_EDGE('',*,*,#5146,.T.);
#5146 = EDGE_CURVE('',#5137,#5147,#5149,.T.);
#5147 = VERTEX_POINT('',#5148);
#5148 = CARTESIAN_POINT('',(-169.8,170.,82.));
#5149 = LINE('',#5150,#5151);
#5150 = CARTESIAN_POINT('',(-169.8,154.,82.));
#5151 = VECTOR('',#5152,1.);
#5152 = DIRECTION('',(0.,1.,0.));
#5153 = ORIENTED_EDGE('',*,*,#5154,.T.);
#5154 = EDGE_CURVE('',#5147,#5155,#5157,.T.);
#5155 = VERTEX_POINT('',#5156);
#5156 = CARTESIAN_POINT('',(-169.8,170.,300.));
#5157 = LINE('',#5158,#5159);
#5158 = CARTESIAN_POINT('',(-169.8,170.,82.));
#5159 = VECTOR('',#5160,1.);
#5160 = DIRECTION('',(0.,0.,1.));
#5161 = ORIENTED_EDGE('',*,*,#5162,.F.);
#5162 = EDGE_CURVE('',#5139,#5155,#5163,.T.);
#5163 = LINE('',#5164,#5165);
#5164 = CARTESIAN_POINT('',(-169.8,154.,300.));
#5165 = VECTOR('',#5166,1.);
#5166 = DIRECTION('',(0.,1.,0.));
#5167 = PLANE('',#5168);
#5168 = AXIS2_PLACEMENT_3D('',#5169,#5170,#5171);
#5169 = CARTESIAN_POINT('',(-169.8,154.,82.));
#5170 = DIRECTION('',(1.,0.,0.));
#5171 = DIRECTION('',(0.,0.,1.));
#5172 = ADVANCED_FACE('',(#5173),#5189,.F.);
#5173 = FACE_BOUND('',#5174,.F.);
#5174 = EDGE_LOOP('',(#5175,#5181,#5182,#5188));
#5175 = ORIENTED_EDGE('',*,*,#5176,.F.);
#5176 = EDGE_CURVE('',#5097,#5137,#5177,.T.);
#5177 = LINE('',#5178,#5179);
#5178 = CARTESIAN_POINT('',(-175.8,154.,82.));
#5179 = VECTOR('',#5180,1.);
#5180 = DIRECTION('',(1.,0.,0.));
#5181 = ORIENTED_EDGE('',*,*,#5096,.T.);
#5182 = ORIENTED_EDGE('',*,*,#5183,.T.);
#5183 = EDGE_CURVE('',#5099,#5139,#5184,.T.);
#5184 = LINE('',#5185,#5186);
#5185 = CARTESIAN_POINT('',(-175.8,154.,300.));
#5186 = VECTOR('',#5187,1.);
#5187 = DIRECTION('',(1.,0.,0.));
#5188 = ORIENTED_EDGE('',*,*,#5136,.F.);
#5189 = PLANE('',#5190);
#5190 = AXIS2_PLACEMENT_3D('',#5191,#5192,#5193);
#5191 = CARTESIAN_POINT('',(-175.8,154.,82.));
#5192 = DIRECTION('',(0.,1.,0.));
#5193 = DIRECTION('',(0.,0.,1.));
#5194 = ADVANCED_FACE('',(#5195),#5211,.T.);
#5195 = FACE_BOUND('',#5196,.T.);
#5196 = EDGE_LOOP('',(#5197,#5203,#5204,#5210));
#5197 = ORIENTED_EDGE('',*,*,#5198,.F.);
#5198 = EDGE_CURVE('',#5107,#5147,#5199,.T.);
#5199 = LINE('',#5200,#5201);
#5200 = CARTESIAN_POINT('',(-175.8,170.,82.));
#5201 = VECTOR('',#5202,1.);
#5202 = DIRECTION('',(1.,0.,0.));
#5203 = ORIENTED_EDGE('',*,*,#5114,.T.);
#5204 = ORIENTED_EDGE('',*,*,#5205,.T.);
#5205 = EDGE_CURVE('',#5115,#5155,#5206,.T.);
#5206 = LINE('',#5207,#5208);
#5207 = CARTESIAN_POINT('',(-175.8,170.,300.));
#5208 = VECTOR('',#5209,1.);
#5209 = DIRECTION('',(1.,0.,0.));
#5210 = ORIENTED_EDGE('',*,*,#5154,.F.);
#5211 = PLANE('',#5212);
#5212 = AXIS2_PLACEMENT_3D('',#5213,#5214,#5215);
#5213 = CARTESIAN_POINT('',(-175.8,170.,82.));
#5214 = DIRECTION('',(0.,1.,0.));
#5215 = DIRECTION('',(0.,0.,1.));
#5216 = ADVANCED_FACE('',(#5217),#5223,.F.);
#5217 = FACE_BOUND('',#5218,.F.);
#5218 = EDGE_LOOP('',(#5219,#5220,#5221,#5222));
#5219 = ORIENTED_EDGE('',*,*,#5106,.F.);
#5220 = ORIENTED_EDGE('',*,*,#5176,.T.);
#5221 = ORIENTED_EDGE('',*,*,#5146,.T.);
#5222 = ORIENTED_EDGE('',*,*,#5198,.F.);
#5223 = PLANE('',#5224);
#5224 = AXIS2_PLACEMENT_3D('',#5225,#5226,#5227);
#5225 = CARTESIAN_POINT('',(-175.8,154.,82.));
#5226 = DIRECTION('',(0.,0.,1.));
#5227 = DIRECTION('',(1.,0.,0.));
#5228 = ADVANCED_FACE('',(#5229),#5235,.T.);
#5229 = FACE_BOUND('',#5230,.T.);
#5230 = EDGE_LOOP('',(#5231,#5232,#5233,#5234));
#5231 = ORIENTED_EDGE('',*,*,#5122,.F.);
#5232 = ORIENTED_EDGE('',*,*,#5183,.T.);
#5233 = ORIENTED_EDGE('',*,*,#5162,.T.);
#5234 = ORIENTED_EDGE('',*,*,#5205,.F.);
#5235 = PLANE('',#5236);
#5236 = AXIS2_PLACEMENT_3D('',#5237,#5238,#5239);
#5237 = CARTESIAN_POINT('',(-175.8,154.,300.));
#5238 = DIRECTION('',(0.,0.,1.));
#5239 = DIRECTION('',(1.,0.,0.));
#5240 = ( GEOMETRIC_REPRESENTATION_CONTEXT(3) 
GLOBAL_UNCERTAINTY_ASSIGNED_CONTEXT((#5244)) 
GLOBAL_UNIT_ASSIGNED_CONTEXT((#5241,#5242,#5243)) REPRESENTATION_CONTEXT
('Context #1','3D Context with UNIT and UNCERTAINTY') );
#5241 = ( LENGTH_UNIT() NAMED_UNIT(*) SI_UNIT(.MILLI.,.METRE.) );
#5242 = ( NAMED_UNIT(*) PLANE_ANGLE_UNIT() SI_UNIT($,.RADIAN.) );
#5243 = ( NAMED_UNIT(*) SI_UNIT($,.STERADIAN.) SOLID_ANGLE_UNIT() );
#5244 = UNCERTAINTY_MEASURE_WITH_UNIT(LENGTH_MEASURE(1.E-07),#5241,
  'distance_accuracy_value','confusion accuracy');
#5245 = CONTEXT_DEPENDENT_SHAPE_REPRESENTATION(#5246,#5248);
#5246 = ( REPRESENTATION_RELATIONSHIP('','',#5089,#10) 
REPRESENTATION_RELATIONSHIP_WITH_TRANSFORMATION(#5247) 
SHAPE_REPRESENTATION_RELATIONSHIP() );
#5247 = ITEM_DEFINED_TRANSFORMATION('','',#11,#95);
#5248 = PRODUCT_DEFINITION_SHAPE('Placement','Placement of an item',
  #5249);
#5249 = NEXT_ASSEMBLY_USAGE_OCCURRENCE('485','LIFT_S2_BAR','',#5,#5084,$
  );
#5250 = PRODUCT_RELATED_PRODUCT_CATEGORY('part',$,(#5086));
#5251 = SHAPE_DEFINITION_REPRESENTATION(#5252,#5258);
#5252 = PRODUCT_DEFINITION_SHAPE('','',#5253);
#5253 = PRODUCT_DEFINITION('design','',#5254,#5257);
#5254 = PRODUCT_DEFINITION_FORMATION('','',#5255);
#5255 = PRODUCT('LIFT_S2_TRUCK_0','LIFT_S2_TRUCK_0','',(#5256));
#5256 = PRODUCT_CONTEXT('',#2,'mechanical');
#5257 = PRODUCT_DEFINITION_CONTEXT('part definition',#2,'design');
#5258 = ADVANCED_BREP_SHAPE_REPRESENTATION('',(#11,#5259),#5541);
#5259 = MANIFOLD_SOLID_BREP('',#5260);
#5260 = CLOSED_SHELL('',(#5261,#5301,#5332,#5363,#5394,#5425,#5456,#5487
    ,#5509,#5525));
#5261 = ADVANCED_FACE('',(#5262),#5296,.F.);
#5262 = FACE_BOUND('',#5263,.F.);
#5263 = EDGE_LOOP('',(#5264,#5274,#5282,#5290));
#5264 = ORIENTED_EDGE('',*,*,#5265,.F.);
#5265 = EDGE_CURVE('',#5266,#5268,#5270,.T.);
#5266 = VERTEX_POINT('',#5267);
#5267 = CARTESIAN_POINT('',(-184.3,158.5,88.));
#5268 = VERTEX_POINT('',#5269);
#5269 = CARTESIAN_POINT('',(-184.3,158.5,108.));
#5270 = LINE('',#5271,#5272);
#5271 = CARTESIAN_POINT('',(-184.3,158.5,88.));
#5272 = VECTOR('',#5273,1.);
#5273 = DIRECTION('',(0.,0.,1.));
#5274 = ORIENTED_EDGE('',*,*,#5275,.T.);
#5275 = EDGE_CURVE('',#5266,#5276,#5278,.T.);
#5276 = VERTEX_POINT('',#5277);
#5277 = CARTESIAN_POINT('',(-184.3,165.5,88.));
#5278 = LINE('',#5279,#5280);
#5279 = CARTESIAN_POINT('',(-184.3,158.5,88.));
#5280 = VECTOR('',#5281,1.);
#5281 = DIRECTION('',(0.,1.,0.));
#5282 = ORIENTED_EDGE('',*,*,#5283,.T.);
#5283 = EDGE_CURVE('',#5276,#5284,#5286,.T.);
#5284 = VERTEX_POINT('',#5285);
#5285 = CARTESIAN_POINT('',(-184.3,165.5,108.));
#5286 = LINE('',#5287,#5288);
#5287 = CARTESIAN_POINT('',(-184.3,165.5,88.));
#5288 = VECTOR('',#5289,1.);
#5289 = DIRECTION('',(0.,0.,1.));
#5290 = ORIENTED_EDGE('',*,*,#5291,.F.);
#5291 = EDGE_CURVE('',#5268,#5284,#5292,.T.);
#5292 = LINE('',#5293,#5294);
#5293 = CARTESIAN_POINT('',(-184.3,158.5,108.));
#5294 = VECTOR('',#5295,1.);
#5295 = DIRECTION('',(0.,1.,0.));
#5296 = PLANE('',#5297);
#5297 = AXIS2_PLACEMENT_3D('',#5298,#5299,#5300);
#5298 = CARTESIAN_POINT('',(-184.3,158.5,88.));
#5299 = DIRECTION('',(1.,0.,0.));
#5300 = DIRECTION('',(0.,0.,1.));
#5301 = ADVANCED_FACE('',(#5302),#5327,.F.);
#5302 = FACE_BOUND('',#5303,.F.);
#5303 = EDGE_LOOP('',(#5304,#5312,#5313,#5321));
#5304 = ORIENTED_EDGE('',*,*,#5305,.F.);
#5305 = EDGE_CURVE('',#5266,#5306,#5308,.T.);
#5306 = VERTEX_POINT('',#5307);
#5307 = CARTESIAN_POINT('',(-179.8,158.5,88.));
#5308 = LINE('',#5309,#5310);
#5309 = CARTESIAN_POINT('',(-184.3,158.5,88.));
#5310 = VECTOR('',#5311,1.);
#5311 = DIRECTION('',(1.,0.,0.));
#5312 = ORIENTED_EDGE('',*,*,#5265,.T.);
#5313 = ORIENTED_EDGE('',*,*,#5314,.T.);
#5314 = EDGE_CURVE('',#5268,#5315,#5317,.T.);
#5315 = VERTEX_POINT('',#5316);
#5316 = CARTESIAN_POINT('',(-179.8,158.5,108.));
#5317 = LINE('',#5318,#5319);
#5318 = CARTESIAN_POINT('',(-184.3,158.5,108.));
#5319 = VECTOR('',#5320,1.);
#5320 = DIRECTION('',(1.,0.,0.));
#5321 = ORIENTED_EDGE('',*,*,#5322,.F.);
#5322 = EDGE_CURVE('',#5306,#5315,#5323,.T.);
#5323 = LINE('',#5324,#5325);
#5324 = CARTESIAN_POINT('',(-179.8,158.5,88.));
#5325 = VECTOR('',#5326,1.);
#5326 = DIRECTION('',(0.,0.,1.));
#5327 = PLANE('',#5328);
#5328 = AXIS2_PLACEMENT_3D('',#5329,#5330,#5331);
#5329 = CARTESIAN_POINT('',(-184.3,158.5,88.));
#5330 = DIRECTION('',(0.,1.,0.));
#5331 = DIRECTION('',(0.,0.,1.));
#5332 = ADVANCED_FACE('',(#5333),#5358,.T.);
#5333 = FACE_BOUND('',#5334,.T.);
#5334 = EDGE_LOOP('',(#5335,#5343,#5344,#5352));
#5335 = ORIENTED_EDGE('',*,*,#5336,.F.);
#5336 = EDGE_CURVE('',#5276,#5337,#5339,.T.);
#5337 = VERTEX_POINT('',#5338);
#5338 = CARTESIAN_POINT('',(-179.8,165.5,88.));
#5339 = LINE('',#5340,#5341);
#5340 = CARTESIAN_POINT('',(-184.3,165.5,88.));
#5341 = VECTOR('',#5342,1.);
#5342 = DIRECTION('',(1.,0.,0.));
#5343 = ORIENTED_EDGE('',*,*,#5283,.T.);
#5344 = ORIENTED_EDGE('',*,*,#5345,.T.);
#5345 = EDGE_CURVE('',#5284,#5346,#5348,.T.);
#5346 = VERTEX_POINT('',#5347);
#5347 = CARTESIAN_POINT('',(-179.8,165.5,108.));
#5348 = LINE('',#5349,#5350);
#5349 = CARTESIAN_POINT('',(-184.3,165.5,108.));
#5350 = VECTOR('',#5351,1.);
#5351 = DIRECTION('',(1.,0.,0.));
#5352 = ORIENTED_EDGE('',*,*,#5353,.F.);
#5353 = EDGE_CURVE('',#5337,#5346,#5354,.T.);
#5354 = LINE('',#5355,#5356);
#5355 = CARTESIAN_POINT('',(-179.8,165.5,88.));
#5356 = VECTOR('',#5357,1.);
#5357 = DIRECTION('',(0.,0.,1.));
#5358 = PLANE('',#5359);
#5359 = AXIS2_PLACEMENT_3D('',#5360,#5361,#5362);
#5360 = CARTESIAN_POINT('',(-184.3,165.5,88.));
#5361 = DIRECTION('',(0.,1.,0.));
#5362 = DIRECTION('',(0.,0.,1.));
#5363 = ADVANCED_FACE('',(#5364),#5389,.F.);
#5364 = FACE_BOUND('',#5365,.F.);
#5365 = EDGE_LOOP('',(#5366,#5374,#5382,#5388));
#5366 = ORIENTED_EDGE('',*,*,#5367,.F.);
#5367 = EDGE_CURVE('',#5368,#5315,#5370,.T.);
#5368 = VERTEX_POINT('',#5369);
#5369 = CARTESIAN_POINT('',(-179.8,153.,108.));
#5370 = LINE('',#5371,#5372);
#5371 = CARTESIAN_POINT('',(-179.8,153.,108.));
#5372 = VECTOR('',#5373,1.);
#5373 = DIRECTION('',(0.,1.,0.));
#5374 = ORIENTED_EDGE('',*,*,#5375,.F.);
#5375 = EDGE_CURVE('',#5376,#5368,#5378,.T.);
#5376 = VERTEX_POINT('',#5377);
#5377 = CARTESIAN_POINT('',(-179.8,153.,88.));
#5378 = LINE('',#5379,#5380);
#5379 = CARTESIAN_POINT('',(-179.8,153.,88.));
#5380 = VECTOR('',#5381,1.);
#5381 = DIRECTION('',(0.,0.,1.));
#5382 = ORIENTED_EDGE('',*,*,#5383,.T.);
#5383 = EDGE_CURVE('',#5376,#5306,#5384,.T.);
#5384 = LINE('',#5385,#5386);
#5385 = CARTESIAN_POINT('',(-179.8,153.,88.));
#5386 = VECTOR('',#5387,1.);
#5387 = DIRECTION('',(0.,1.,0.));
#5388 = ORIENTED_EDGE('',*,*,#5322,.T.);
#5389 = PLANE('',#5390);
#5390 = AXIS2_PLACEMENT_3D('',#5391,#5392,#5393);
#5391 = CARTESIAN_POINT('',(-179.8,153.,88.));
#5392 = DIRECTION('',(1.,0.,0.));
#5393 = DIRECTION('',(0.,0.,1.));
#5394 = ADVANCED_FACE('',(#5395),#5420,.F.);
#5395 = FACE_BOUND('',#5396,.F.);
#5396 = EDGE_LOOP('',(#5397,#5405,#5406,#5414));
#5397 = ORIENTED_EDGE('',*,*,#5398,.F.);
#5398 = EDGE_CURVE('',#5346,#5399,#5401,.T.);
#5399 = VERTEX_POINT('',#5400);
#5400 = CARTESIAN_POINT('',(-179.8,171.,108.));
#5401 = LINE('',#5402,#5403);
#5402 = CARTESIAN_POINT('',(-179.8,153.,108.));
#5403 = VECTOR('',#5404,1.);
#5404 = DIRECTION('',(0.,1.,0.));
#5405 = ORIENTED_EDGE('',*,*,#5353,.F.);
#5406 = ORIENTED_EDGE('',*,*,#5407,.T.);
#5407 = EDGE_CURVE('',#5337,#5408,#5410,.T.);
#5408 = VERTEX_POINT('',#5409);
#5409 = CARTESIAN_POINT('',(-179.8,171.,88.));
#5410 = LINE('',#5411,#5412);
#5411 = CARTESIAN_POINT('',(-179.8,153.,88.));
#5412 = VECTOR('',#5413,1.);
#5413 = DIRECTION('',(0.,1.,0.));
#5414 = ORIENTED_EDGE('',*,*,#5415,.T.);
#5415 = EDGE_CURVE('',#5408,#5399,#5416,.T.);
#5416 = LINE('',#5417,#5418);
#5417 = CARTESIAN_POINT('',(-179.8,171.,88.));
#5418 = VECTOR('',#5419,1.);
#5419 = DIRECTION('',(0.,0.,1.));
#5420 = PLANE('',#5421);
#5421 = AXIS2_PLACEMENT_3D('',#5422,#5423,#5424);
#5422 = CARTESIAN_POINT('',(-179.8,153.,88.));
#5423 = DIRECTION('',(1.,0.,0.));
#5424 = DIRECTION('',(0.,0.,1.));
#5425 = ADVANCED_FACE('',(#5426),#5451,.F.);
#5426 = FACE_BOUND('',#5427,.F.);
#5427 = EDGE_LOOP('',(#5428,#5436,#5437,#5445));
#5428 = ORIENTED_EDGE('',*,*,#5429,.F.);
#5429 = EDGE_CURVE('',#5376,#5430,#5432,.T.);
#5430 = VERTEX_POINT('',#5431);
#5431 = CARTESIAN_POINT('',(-175.8,153.,88.));
#5432 = LINE('',#5433,#5434);
#5433 = CARTESIAN_POINT('',(-179.8,153.,88.));
#5434 = VECTOR('',#5435,1.);
#5435 = DIRECTION('',(1.,0.,0.));
#5436 = ORIENTED_EDGE('',*,*,#5375,.T.);
#5437 = ORIENTED_EDGE('',*,*,#5438,.T.);
#5438 = EDGE_CURVE('',#5368,#5439,#5441,.T.);
#5439 = VERTEX_POINT('',#5440);
#5440 = CARTESIAN_POINT('',(-175.8,153.,108.));
#5441 = LINE('',#5442,#5443);
#5442 = CARTESIAN_POINT('',(-179.8,153.,108.));
#5443 = VECTOR('',#5444,1.);
#5444 = DIRECTION('',(1.,0.,0.));
#5445 = ORIENTED_EDGE('',*,*,#5446,.F.);
#5446 = EDGE_CURVE('',#5430,#5439,#5447,.T.);
#5447 = LINE('',#5448,#5449);
#5448 = CARTESIAN_POINT('',(-175.8,153.,88.));
#5449 = VECTOR('',#5450,1.);
#5450 = DIRECTION('',(0.,0.,1.));
#5451 = PLANE('',#5452);
#5452 = AXIS2_PLACEMENT_3D('',#5453,#5454,#5455);
#5453 = CARTESIAN_POINT('',(-179.8,153.,88.));
#5454 = DIRECTION('',(0.,1.,0.));
#5455 = DIRECTION('',(0.,0.,1.));
#5456 = ADVANCED_FACE('',(#5457),#5482,.T.);
#5457 = FACE_BOUND('',#5458,.T.);
#5458 = EDGE_LOOP('',(#5459,#5467,#5468,#5476));
#5459 = ORIENTED_EDGE('',*,*,#5460,.F.);
#5460 = EDGE_CURVE('',#5408,#5461,#5463,.T.);
#5461 = VERTEX_POINT('',#5462);
#5462 = CARTESIAN_POINT('',(-175.8,171.,88.));
#5463 = LINE('',#5464,#5465);
#5464 = CARTESIAN_POINT('',(-179.8,171.,88.));
#5465 = VECTOR('',#5466,1.);
#5466 = DIRECTION('',(1.,0.,0.));
#5467 = ORIENTED_EDGE('',*,*,#5415,.T.);
#5468 = ORIENTED_EDGE('',*,*,#5469,.T.);
#5469 = EDGE_CURVE('',#5399,#5470,#5472,.T.);
#5470 = VERTEX_POINT('',#5471);
#5471 = CARTESIAN_POINT('',(-175.8,171.,108.));
#5472 = LINE('',#5473,#5474);
#5473 = CARTESIAN_POINT('',(-179.8,171.,108.));
#5474 = VECTOR('',#5475,1.);
#5475 = DIRECTION('',(1.,0.,0.));
#5476 = ORIENTED_EDGE('',*,*,#5477,.F.);
#5477 = EDGE_CURVE('',#5461,#5470,#5478,.T.);
#5478 = LINE('',#5479,#5480);
#5479 = CARTESIAN_POINT('',(-175.8,171.,88.));
#5480 = VECTOR('',#5481,1.);
#5481 = DIRECTION('',(0.,0.,1.));
#5482 = PLANE('',#5483);
#5483 = AXIS2_PLACEMENT_3D('',#5484,#5485,#5486);
#5484 = CARTESIAN_POINT('',(-179.8,171.,88.));
#5485 = DIRECTION('',(0.,1.,0.));
#5486 = DIRECTION('',(0.,0.,1.));
#5487 = ADVANCED_FACE('',(#5488),#5504,.T.);
#5488 = FACE_BOUND('',#5489,.T.);
#5489 = EDGE_LOOP('',(#5490,#5491,#5497,#5498));
#5490 = ORIENTED_EDGE('',*,*,#5446,.F.);
#5491 = ORIENTED_EDGE('',*,*,#5492,.T.);
#5492 = EDGE_CURVE('',#5430,#5461,#5493,.T.);
#5493 = LINE('',#5494,#5495);
#5494 = CARTESIAN_POINT('',(-175.8,153.,88.));
#5495 = VECTOR('',#5496,1.);
#5496 = DIRECTION('',(0.,1.,0.));
#5497 = ORIENTED_EDGE('',*,*,#5477,.T.);
#5498 = ORIENTED_EDGE('',*,*,#5499,.F.);
#5499 = EDGE_CURVE('',#5439,#5470,#5500,.T.);
#5500 = LINE('',#5501,#5502);
#5501 = CARTESIAN_POINT('',(-175.8,153.,108.));
#5502 = VECTOR('',#5503,1.);
#5503 = DIRECTION('',(0.,1.,0.));
#5504 = PLANE('',#5505);
#5505 = AXIS2_PLACEMENT_3D('',#5506,#5507,#5508);
#5506 = CARTESIAN_POINT('',(-175.8,153.,88.));
#5507 = DIRECTION('',(1.,0.,0.));
#5508 = DIRECTION('',(0.,0.,1.));
#5509 = ADVANCED_FACE('',(#5510),#5520,.T.);
#5510 = FACE_BOUND('',#5511,.T.);
#5511 = EDGE_LOOP('',(#5512,#5513,#5514,#5515,#5516,#5517,#5518,#5519));
#5512 = ORIENTED_EDGE('',*,*,#5291,.F.);
#5513 = ORIENTED_EDGE('',*,*,#5314,.T.);
#5514 = ORIENTED_EDGE('',*,*,#5367,.F.);
#5515 = ORIENTED_EDGE('',*,*,#5438,.T.);
#5516 = ORIENTED_EDGE('',*,*,#5499,.T.);
#5517 = ORIENTED_EDGE('',*,*,#5469,.F.);
#5518 = ORIENTED_EDGE('',*,*,#5398,.F.);
#5519 = ORIENTED_EDGE('',*,*,#5345,.F.);
#5520 = PLANE('',#5521);
#5521 = AXIS2_PLACEMENT_3D('',#5522,#5523,#5524);
#5522 = CARTESIAN_POINT('',(-179.1160377358,162.,108.));
#5523 = DIRECTION('',(0.,0.,1.));
#5524 = DIRECTION('',(1.,0.,0.));
#5525 = ADVANCED_FACE('',(#5526),#5536,.T.);
#5526 = FACE_BOUND('',#5527,.T.);
#5527 = EDGE_LOOP('',(#5528,#5529,#5530,#5531,#5532,#5533,#5534,#5535));
#5528 = ORIENTED_EDGE('',*,*,#5275,.T.);
#5529 = ORIENTED_EDGE('',*,*,#5336,.T.);
#5530 = ORIENTED_EDGE('',*,*,#5407,.T.);
#5531 = ORIENTED_EDGE('',*,*,#5460,.T.);
#5532 = ORIENTED_EDGE('',*,*,#5492,.F.);
#5533 = ORIENTED_EDGE('',*,*,#5429,.F.);
#5534 = ORIENTED_EDGE('',*,*,#5383,.T.);
#5535 = ORIENTED_EDGE('',*,*,#5305,.F.);
#5536 = PLANE('',#5537);
#5537 = AXIS2_PLACEMENT_3D('',#5538,#5539,#5540);
#5538 = CARTESIAN_POINT('',(-179.1160377358,162.,88.));
#5539 = DIRECTION('',(-0.,-0.,-1.));
#5540 = DIRECTION('',(-1.,0.,0.));
#5541 = ( GEOMETRIC_REPRESENTATION_CONTEXT(3) 
GLOBAL_UNCERTAINTY_ASSIGNED_CONTEXT((#5545)) 
GLOBAL_UNIT_ASSIGNED_CONTEXT((#5542,#5543,#5544)) REPRESENTATION_CONTEXT
('Context #1','3D Context with UNIT and UNCERTAINTY') );
#5542 = ( LENGTH_UNIT() NAMED_UNIT(*) SI_UNIT(.MILLI.,.METRE.) );
#5543 = ( NAMED_UNIT(*) PLANE_ANGLE_UNIT() SI_UNIT($,.RADIAN.) );
#5544 = ( NAMED_UNIT(*) SI_UNIT($,.STERADIAN.) SOLID_ANGLE_UNIT() );
#5545 = UNCERTAINTY_MEASURE_WITH_UNIT(LENGTH_MEASURE(1.E-07),#5542,
  'distance_accuracy_value','confusion accuracy');
#5546 = CONTEXT_DEPENDENT_SHAPE_REPRESENTATION(#5547,#5549);
#5547 = ( REPRESENTATION_RELATIONSHIP('','',#5258,#10) 
REPRESENTATION_RELATIONSHIP_WITH_TRANSFORMATION(#5548) 
SHAPE_REPRESENTATION_RELATIONSHIP() );
#5548 = ITEM_DEFINED_TRANSFORMATION('','',#11,#99);
#5549 = PRODUCT_DEFINITION_SHAPE('Placement','Placement of an item',
  #5550);
#5550 = NEXT_ASSEMBLY_USAGE_OCCURRENCE('486','LIFT_S2_TRUCK_0','',#5,
  #5253,$);
#5551 = PRODUCT_RELATED_PRODUCT_CATEGORY('part',$,(#5255));
#5552 = SHAPE_DEFINITION_REPRESENTATION(#5553,#5559);
#5553 = PRODUCT_DEFINITION_SHAPE('','',#5554);
#5554 = PRODUCT_DEFINITION('design','',#5555,#5558);
#5555 = PRODUCT_DEFINITION_FORMATION('','',#5556);
#5556 = PRODUCT('LIFT_S2_TRUCK_1','LIFT_S2_TRUCK_1','',(#5557));
#5557 = PRODUCT_CONTEXT('',#2,'mechanical');
#5558 = PRODUCT_DEFINITION_CONTEXT('part definition',#2,'design');
#5559 = ADVANCED_BREP_SHAPE_REPRESENTATION('',(#11,#5560),#5842);
#5560 = MANIFOLD_SOLID_BREP('',#5561);
#5561 = CLOSED_SHELL('',(#5562,#5602,#5633,#5664,#5695,#5726,#5757,#5788
    ,#5810,#5826));
#5562 = ADVANCED_FACE('',(#5563),#5597,.F.);
#5563 = FACE_BOUND('',#5564,.F.);
#5564 = EDGE_LOOP('',(#5565,#5575,#5583,#5591));
#5565 = ORIENTED_EDGE('',*,*,#5566,.F.);
#5566 = EDGE_CURVE('',#5567,#5569,#5571,.T.);
#5567 = VERTEX_POINT('',#5568);
#5568 = CARTESIAN_POINT('',(-184.3,158.5,112.));
#5569 = VERTEX_POINT('',#5570);
#5570 = CARTESIAN_POINT('',(-184.3,158.5,132.));
#5571 = LINE('',#5572,#5573);
#5572 = CARTESIAN_POINT('',(-184.3,158.5,112.));
#5573 = VECTOR('',#5574,1.);
#5574 = DIRECTION('',(0.,0.,1.));
#5575 = ORIENTED_EDGE('',*,*,#5576,.T.);
#5576 = EDGE_CURVE('',#5567,#5577,#5579,.T.);
#5577 = VERTEX_POINT('',#5578);
#5578 = CARTESIAN_POINT('',(-184.3,165.5,112.));
#5579 = LINE('',#5580,#5581);
#5580 = CARTESIAN_POINT('',(-184.3,158.5,112.));
#5581 = VECTOR('',#5582,1.);
#5582 = DIRECTION('',(0.,1.,0.));
#5583 = ORIENTED_EDGE('',*,*,#5584,.T.);
#5584 = EDGE_CURVE('',#5577,#5585,#5587,.T.);
#5585 = VERTEX_POINT('',#5586);
#5586 = CARTESIAN_POINT('',(-184.3,165.5,132.));
#5587 = LINE('',#5588,#5589);
#5588 = CARTESIAN_POINT('',(-184.3,165.5,112.));
#5589 = VECTOR('',#5590,1.);
#5590 = DIRECTION('',(0.,0.,1.));
#5591 = ORIENTED_EDGE('',*,*,#5592,.F.);
#5592 = EDGE_CURVE('',#5569,#5585,#5593,.T.);
#5593 = LINE('',#5594,#5595);
#5594 = CARTESIAN_POINT('',(-184.3,158.5,132.));
#5595 = VECTOR('',#5596,1.);
#5596 = DIRECTION('',(0.,1.,0.));
#5597 = PLANE('',#5598);
#5598 = AXIS2_PLACEMENT_3D('',#5599,#5600,#5601);
#5599 = CARTESIAN_POINT('',(-184.3,158.5,112.));
#5600 = DIRECTION('',(1.,0.,0.));
#5601 = DIRECTION('',(0.,0.,1.));
#5602 = ADVANCED_FACE('',(#5603),#5628,.F.);
#5603 = FACE_BOUND('',#5604,.F.);
#5604 = EDGE_LOOP('',(#5605,#5613,#5614,#5622));
#5605 = ORIENTED_EDGE('',*,*,#5606,.F.);
#5606 = EDGE_CURVE('',#5567,#5607,#5609,.T.);
#5607 = VERTEX_POINT('',#5608);
#5608 = CARTESIAN_POINT('',(-179.8,158.5,112.));
#5609 = LINE('',#5610,#5611);
#5610 = CARTESIAN_POINT('',(-184.3,158.5,112.));
#5611 = VECTOR('',#5612,1.);
#5612 = DIRECTION('',(1.,0.,0.));
#5613 = ORIENTED_EDGE('',*,*,#5566,.T.);
#5614 = ORIENTED_EDGE('',*,*,#5615,.T.);
#5615 = EDGE_CURVE('',#5569,#5616,#5618,.T.);
#5616 = VERTEX_POINT('',#5617);
#5617 = CARTESIAN_POINT('',(-179.8,158.5,132.));
#5618 = LINE('',#5619,#5620);
#5619 = CARTESIAN_POINT('',(-184.3,158.5,132.));
#5620 = VECTOR('',#5621,1.);
#5621 = DIRECTION('',(1.,0.,0.));
#5622 = ORIENTED_EDGE('',*,*,#5623,.F.);
#5623 = EDGE_CURVE('',#5607,#5616,#5624,.T.);
#5624 = LINE('',#5625,#5626);
#5625 = CARTESIAN_POINT('',(-179.8,158.5,112.));
#5626 = VECTOR('',#5627,1.);
#5627 = DIRECTION('',(0.,0.,1.));
#5628 = PLANE('',#5629);
#5629 = AXIS2_PLACEMENT_3D('',#5630,#5631,#5632);
#5630 = CARTESIAN_POINT('',(-184.3,158.5,112.));
#5631 = DIRECTION('',(0.,1.,0.));
#5632 = DIRECTION('',(0.,0.,1.));
#5633 = ADVANCED_FACE('',(#5634),#5659,.T.);
#5634 = FACE_BOUND('',#5635,.T.);
#5635 = EDGE_LOOP('',(#5636,#5644,#5645,#5653));
#5636 = ORIENTED_EDGE('',*,*,#5637,.F.);
#5637 = EDGE_CURVE('',#5577,#5638,#5640,.T.);
#5638 = VERTEX_POINT('',#5639);
#5639 = CARTESIAN_POINT('',(-179.8,165.5,112.));
#5640 = LINE('',#5641,#5642);
#5641 = CARTESIAN_POINT('',(-184.3,165.5,112.));
#5642 = VECTOR('',#5643,1.);
#5643 = DIRECTION('',(1.,0.,0.));
#5644 = ORIENTED_EDGE('',*,*,#5584,.T.);
#5645 = ORIENTED_EDGE('',*,*,#5646,.T.);
#5646 = EDGE_CURVE('',#5585,#5647,#5649,.T.);
#5647 = VERTEX_POINT('',#5648);
#5648 = CARTESIAN_POINT('',(-179.8,165.5,132.));
#5649 = LINE('',#5650,#5651);
#5650 = CARTESIAN_POINT('',(-184.3,165.5,132.));
#5651 = VECTOR('',#5652,1.);
#5652 = DIRECTION('',(1.,0.,0.));
#5653 = ORIENTED_EDGE('',*,*,#5654,.F.);
#5654 = EDGE_CURVE('',#5638,#5647,#5655,.T.);
#5655 = LINE('',#5656,#5657);
#5656 = CARTESIAN_POINT('',(-179.8,165.5,112.));
#5657 = VECTOR('',#5658,1.);
#5658 = DIRECTION('',(0.,0.,1.));
#5659 = PLANE('',#5660);
#5660 = AXIS2_PLACEMENT_3D('',#5661,#5662,#5663);
#5661 = CARTESIAN_POINT('',(-184.3,165.5,112.));
#5662 = DIRECTION('',(0.,1.,0.));
#5663 = DIRECTION('',(0.,0.,1.));
#5664 = ADVANCED_FACE('',(#5665),#5690,.F.);
#5665 = FACE_BOUND('',#5666,.F.);
#5666 = EDGE_LOOP('',(#5667,#5675,#5683,#5689));
#5667 = ORIENTED_EDGE('',*,*,#5668,.F.);
#5668 = EDGE_CURVE('',#5669,#5616,#5671,.T.);
#5669 = VERTEX_POINT('',#5670);
#5670 = CARTESIAN_POINT('',(-179.8,153.,132.));
#5671 = LINE('',#5672,#5673);
#5672 = CARTESIAN_POINT('',(-179.8,153.,132.));
#5673 = VECTOR('',#5674,1.);
#5674 = DIRECTION('',(0.,1.,0.));
#5675 = ORIENTED_EDGE('',*,*,#5676,.F.);
#5676 = EDGE_CURVE('',#5677,#5669,#5679,.T.);
#5677 = VERTEX_POINT('',#5678);
#5678 = CARTESIAN_POINT('',(-179.8,153.,112.));
#5679 = LINE('',#5680,#5681);
#5680 = CARTESIAN_POINT('',(-179.8,153.,112.));
#5681 = VECTOR('',#5682,1.);
#5682 = DIRECTION('',(0.,0.,1.));
#5683 = ORIENTED_EDGE('',*,*,#5684,.T.);
#5684 = EDGE_CURVE('',#5677,#5607,#5685,.T.);
#5685 = LINE('',#5686,#5687);
#5686 = CARTESIAN_POINT('',(-179.8,153.,112.));
#5687 = VECTOR('',#5688,1.);
#5688 = DIRECTION('',(0.,1.,0.));
#5689 = ORIENTED_EDGE('',*,*,#5623,.T.);
#5690 = PLANE('',#5691);
#5691 = AXIS2_PLACEMENT_3D('',#5692,#5693,#5694);
#5692 = CARTESIAN_POINT('',(-179.8,153.,112.));
#5693 = DIRECTION('',(1.,0.,0.));
#5694 = DIRECTION('',(0.,0.,1.));
#5695 = ADVANCED_FACE('',(#5696),#5721,.F.);
#5696 = FACE_BOUND('',#5697,.F.);
#5697 = EDGE_LOOP('',(#5698,#5706,#5707,#5715));
#5698 = ORIENTED_EDGE('',*,*,#5699,.F.);
#5699 = EDGE_CURVE('',#5647,#5700,#5702,.T.);
#5700 = VERTEX_POINT('',#5701);
#5701 = CARTESIAN_POINT('',(-179.8,171.,132.));
#5702 = LINE('',#5703,#5704);
#5703 = CARTESIAN_POINT('',(-179.8,153.,132.));
#5704 = VECTOR('',#5705,1.);
#5705 = DIRECTION('',(0.,1.,0.));
#5706 = ORIENTED_EDGE('',*,*,#5654,.F.);
#5707 = ORIENTED_EDGE('',*,*,#5708,.T.);
#5708 = EDGE_CURVE('',#5638,#5709,#5711,.T.);
#5709 = VERTEX_POINT('',#5710);
#5710 = CARTESIAN_POINT('',(-179.8,171.,112.));
#5711 = LINE('',#5712,#5713);
#5712 = CARTESIAN_POINT('',(-179.8,153.,112.));
#5713 = VECTOR('',#5714,1.);
#5714 = DIRECTION('',(0.,1.,0.));
#5715 = ORIENTED_EDGE('',*,*,#5716,.T.);
#5716 = EDGE_CURVE('',#5709,#5700,#5717,.T.);
#5717 = LINE('',#5718,#5719);
#5718 = CARTESIAN_POINT('',(-179.8,171.,112.));
#5719 = VECTOR('',#5720,1.);
#5720 = DIRECTION('',(0.,0.,1.));
#5721 = PLANE('',#5722);
#5722 = AXIS2_PLACEMENT_3D('',#5723,#5724,#5725);
#5723 = CARTESIAN_POINT('',(-179.8,153.,112.));
#5724 = DIRECTION('',(1.,0.,0.));
#5725 = DIRECTION('',(0.,0.,1.));
#5726 = ADVANCED_FACE('',(#5727),#5752,.F.);
#5727 = FACE_BOUND('',#5728,.F.);
#5728 = EDGE_LOOP('',(#5729,#5737,#5738,#5746));
#5729 = ORIENTED_EDGE('',*,*,#5730,.F.);
#5730 = EDGE_CURVE('',#5677,#5731,#5733,.T.);
#5731 = VERTEX_POINT('',#5732);
#5732 = CARTESIAN_POINT('',(-175.8,153.,112.));
#5733 = LINE('',#5734,#5735);
#5734 = CARTESIAN_POINT('',(-179.8,153.,112.));
#5735 = VECTOR('',#5736,1.);
#5736 = DIRECTION('',(1.,0.,0.));
#5737 = ORIENTED_EDGE('',*,*,#5676,.T.);
#5738 = ORIENTED_EDGE('',*,*,#5739,.T.);
#5739 = EDGE_CURVE('',#5669,#5740,#5742,.T.);
#5740 = VERTEX_POINT('',#5741);
#5741 = CARTESIAN_POINT('',(-175.8,153.,132.));
#5742 = LINE('',#5743,#5744);
#5743 = CARTESIAN_POINT('',(-179.8,153.,132.));
#5744 = VECTOR('',#5745,1.);
#5745 = DIRECTION('',(1.,0.,0.));
#5746 = ORIENTED_EDGE('',*,*,#5747,.F.);
#5747 = EDGE_CURVE('',#5731,#5740,#5748,.T.);
#5748 = LINE('',#5749,#5750);
#5749 = CARTESIAN_POINT('',(-175.8,153.,112.));
#5750 = VECTOR('',#5751,1.);
#5751 = DIRECTION('',(0.,0.,1.));
#5752 = PLANE('',#5753);
#5753 = AXIS2_PLACEMENT_3D('',#5754,#5755,#5756);
#5754 = CARTESIAN_POINT('',(-179.8,153.,112.));
#5755 = DIRECTION('',(0.,1.,0.));
#5756 = DIRECTION('',(0.,0.,1.));
#5757 = ADVANCED_FACE('',(#5758),#5783,.T.);
#5758 = FACE_BOUND('',#5759,.T.);
#5759 = EDGE_LOOP('',(#5760,#5768,#5769,#5777));
#5760 = ORIENTED_EDGE('',*,*,#5761,.F.);
#5761 = EDGE_CURVE('',#5709,#5762,#5764,.T.);
#5762 = VERTEX_POINT('',#5763);
#5763 = CARTESIAN_POINT('',(-175.8,171.,112.));
#5764 = LINE('',#5765,#5766);
#5765 = CARTESIAN_POINT('',(-179.8,171.,112.));
#5766 = VECTOR('',#5767,1.);
#5767 = DIRECTION('',(1.,0.,0.));
#5768 = ORIENTED_EDGE('',*,*,#5716,.T.);
#5769 = ORIENTED_EDGE('',*,*,#5770,.T.);
#5770 = EDGE_CURVE('',#5700,#5771,#5773,.T.);
#5771 = VERTEX_POINT('',#5772);
#5772 = CARTESIAN_POINT('',(-175.8,171.,132.));
#5773 = LINE('',#5774,#5775);
#5774 = CARTESIAN_POINT('',(-179.8,171.,132.));
#5775 = VECTOR('',#5776,1.);
#5776 = DIRECTION('',(1.,0.,0.));
#5777 = ORIENTED_EDGE('',*,*,#5778,.F.);
#5778 = EDGE_CURVE('',#5762,#5771,#5779,.T.);
#5779 = LINE('',#5780,#5781);
#5780 = CARTESIAN_POINT('',(-175.8,171.,112.));
#5781 = VECTOR('',#5782,1.);
#5782 = DIRECTION('',(0.,0.,1.));
#5783 = PLANE('',#5784);
#5784 = AXIS2_PLACEMENT_3D('',#5785,#5786,#5787);
#5785 = CARTESIAN_POINT('',(-179.8,171.,112.));
#5786 = DIRECTION('',(0.,1.,0.));
#5787 = DIRECTION('',(0.,0.,1.));
#5788 = ADVANCED_FACE('',(#5789),#5805,.T.);
#5789 = FACE_BOUND('',#5790,.T.);
#5790 = EDGE_LOOP('',(#5791,#5792,#5798,#5799));
#5791 = ORIENTED_EDGE('',*,*,#5747,.F.);
#5792 = ORIENTED_EDGE('',*,*,#5793,.T.);
#5793 = EDGE_CURVE('',#5731,#5762,#5794,.T.);
#5794 = LINE('',#5795,#5796);
#5795 = CARTESIAN_POINT('',(-175.8,153.,112.));
#5796 = VECTOR('',#5797,1.);
#5797 = DIRECTION('',(0.,1.,0.));
#5798 = ORIENTED_EDGE('',*,*,#5778,.T.);
#5799 = ORIENTED_EDGE('',*,*,#5800,.F.);
#5800 = EDGE_CURVE('',#5740,#5771,#5801,.T.);
#5801 = LINE('',#5802,#5803);
#5802 = CARTESIAN_POINT('',(-175.8,153.,132.));
#5803 = VECTOR('',#5804,1.);
#5804 = DIRECTION('',(0.,1.,0.));
#5805 = PLANE('',#5806);
#5806 = AXIS2_PLACEMENT_3D('',#5807,#5808,#5809);
#5807 = CARTESIAN_POINT('',(-175.8,153.,112.));
#5808 = DIRECTION('',(1.,0.,0.));
#5809 = DIRECTION('',(0.,0.,1.));
#5810 = ADVANCED_FACE('',(#5811),#5821,.T.);
#5811 = FACE_BOUND('',#5812,.T.);
#5812 = EDGE_LOOP('',(#5813,#5814,#5815,#5816,#5817,#5818,#5819,#5820));
#5813 = ORIENTED_EDGE('',*,*,#5592,.F.);
#5814 = ORIENTED_EDGE('',*,*,#5615,.T.);
#5815 = ORIENTED_EDGE('',*,*,#5668,.F.);
#5816 = ORIENTED_EDGE('',*,*,#5739,.T.);
#5817 = ORIENTED_EDGE('',*,*,#5800,.T.);
#5818 = ORIENTED_EDGE('',*,*,#5770,.F.);
#5819 = ORIENTED_EDGE('',*,*,#5699,.F.);
#5820 = ORIENTED_EDGE('',*,*,#5646,.F.);
#5821 = PLANE('',#5822);
#5822 = AXIS2_PLACEMENT_3D('',#5823,#5824,#5825);
#5823 = CARTESIAN_POINT('',(-179.1160377358,162.,132.));
#5824 = DIRECTION('',(0.,0.,1.));
#5825 = DIRECTION('',(1.,0.,0.));
#5826 = ADVANCED_FACE('',(#5827),#5837,.T.);
#5827 = FACE_BOUND('',#5828,.T.);
#5828 = EDGE_LOOP('',(#5829,#5830,#5831,#5832,#5833,#5834,#5835,#5836));
#5829 = ORIENTED_EDGE('',*,*,#5576,.T.);
#5830 = ORIENTED_EDGE('',*,*,#5637,.T.);
#5831 = ORIENTED_EDGE('',*,*,#5708,.T.);
#5832 = ORIENTED_EDGE('',*,*,#5761,.T.);
#5833 = ORIENTED_EDGE('',*,*,#5793,.F.);
#5834 = ORIENTED_EDGE('',*,*,#5730,.F.);
#5835 = ORIENTED_EDGE('',*,*,#5684,.T.);
#5836 = ORIENTED_EDGE('',*,*,#5606,.F.);
#5837 = PLANE('',#5838);
#5838 = AXIS2_PLACEMENT_3D('',#5839,#5840,#5841);
#5839 = CARTESIAN_POINT('',(-179.1160377358,162.,112.));
#5840 = DIRECTION('',(-0.,-0.,-1.));
#5841 = DIRECTION('',(-1.,0.,0.));
#5842 = ( GEOMETRIC_REPRESENTATION_CONTEXT(3) 
GLOBAL_UNCERTAINTY_ASSIGNED_CONTEXT((#5846)) 
GLOBAL_UNIT_ASSIGNED_CONTEXT((#5843,#5844,#5845)) REPRESENTATION_CONTEXT
('Context #1','3D Context with UNIT and UNCERTAINTY') );
#5843 = ( LENGTH_UNIT() NAMED_UNIT(*) SI_UNIT(.MILLI.,.METRE.) );
#5844 = ( NAMED_UNIT(*) PLANE_ANGLE_UNIT() SI_UNIT($,.RADIAN.) );
#5845 = ( NAMED_UNIT(*) SI_UNIT($,.STERADIAN.) SOLID_ANGLE_UNIT() );
#5846 = UNCERTAINTY_MEASURE_WITH_UNIT(LENGTH_MEASURE(1.E-07),#5843,
  'distance_accuracy_value','confusion accuracy');
#5847 = CONTEXT_DEPENDENT_SHAPE_REPRESENTATION(#5848,#5850);
#5848 = ( REPRESENTATION_RELATIONSHIP('','',#5559,#10) 
REPRESENTATION_RELATIONSHIP_WITH_TRANSFORMATION(#5849) 
SHAPE_REPRESENTATION_RELATIONSHIP() );
#5849 = ITEM_DEFINED_TRANSFORMATION('','',#11,#103);
#5850 = PRODUCT_DEFINITION_SHAPE('Placement','Placement of an item',
  #5851);
#5851 = NEXT_ASSEMBLY_USAGE_OCCURRENCE('487','LIFT_S2_TRUCK_1','',#5,
  #5554,$);
#5852 = PRODUCT_RELATED_PRODUCT_CATEGORY('part',$,(#5556));
#5853 = SHAPE_DEFINITION_REPRESENTATION(#5854,#5860);
#5854 = PRODUCT_DEFINITION_SHAPE('','',#5855);
#5855 = PRODUCT_DEFINITION('design','',#5856,#5859);
#5856 = PRODUCT_DEFINITION_FORMATION('','',#5857);
#5857 = PRODUCT('LIFT_S2_TIE','LIFT_S2_TIE','',(#5858));
#5858 = PRODUCT_CONTEXT('',#2,'mechanical');
#5859 = PRODUCT_DEFINITION_CONTEXT('part definition',#2,'design');
#5860 = ADVANCED_BREP_SHAPE_REPRESENTATION('',(#11,#5861),#6011);
#5861 = MANIFOLD_SOLID_BREP('',#5862);
#5862 = CLOSED_SHELL('',(#5863,#5903,#5943,#5965,#5987,#5999));
#5863 = ADVANCED_FACE('',(#5864),#5898,.F.);
#5864 = FACE_BOUND('',#5865,.F.);
#5865 = EDGE_LOOP('',(#5866,#5876,#5884,#5892));
#5866 = ORIENTED_EDGE('',*,*,#5867,.F.);
#5867 = EDGE_CURVE('',#5868,#5870,#5872,.T.);
#5868 = VERTEX_POINT('',#5869);
#5869 = CARTESIAN_POINT('',(-177.,152.,300.));
#5870 = VERTEX_POINT('',#5871);
#5871 = CARTESIAN_POINT('',(-177.,152.,308.));
#5872 = LINE('',#5873,#5874);
#5873 = CARTESIAN_POINT('',(-177.,152.,300.));
#5874 = VECTOR('',#5875,1.);
#5875 = DIRECTION('',(0.,0.,1.));
#5876 = ORIENTED_EDGE('',*,*,#5877,.T.);
#5877 = EDGE_CURVE('',#5868,#5878,#5880,.T.);
#5878 = VERTEX_POINT('',#5879);
#5879 = CARTESIAN_POINT('',(-177.,172.,300.));
#5880 = LINE('',#5881,#5882);
#5881 = CARTESIAN_POINT('',(-177.,152.,300.));
#5882 = VECTOR('',#5883,1.);
#5883 = DIRECTION('',(0.,1.,0.));
#5884 = ORIENTED_EDGE('',*,*,#5885,.T.);
#5885 = EDGE_CURVE('',#5878,#5886,#5888,.T.);
#5886 = VERTEX_POINT('',#5887);
#5887 = CARTESIAN_POINT('',(-177.,172.,308.));
#5888 = LINE('',#5889,#5890);
#5889 = CARTESIAN_POINT('',(-177.,172.,300.));
#5890 = VECTOR('',#5891,1.);
#5891 = DIRECTION('',(0.,0.,1.));
#5892 = ORIENTED_EDGE('',*,*,#5893,.F.);
#5893 = EDGE_CURVE('',#5870,#5886,#5894,.T.);
#5894 = LINE('',#5895,#5896);
#5895 = CARTESIAN_POINT('',(-177.,152.,308.));
#5896 = VECTOR('',#5897,1.);
#5897 = DIRECTION('',(0.,1.,0.));
#5898 = PLANE('',#5899);
#5899 = AXIS2_PLACEMENT_3D('',#5900,#5901,#5902);
#5900 = CARTESIAN_POINT('',(-177.,152.,300.));
#5901 = DIRECTION('',(1.,0.,0.));
#5902 = DIRECTION('',(0.,0.,1.));
#5903 = ADVANCED_FACE('',(#5904),#5938,.T.);
#5904 = FACE_BOUND('',#5905,.T.);
#5905 = EDGE_LOOP('',(#5906,#5916,#5924,#5932));
#5906 = ORIENTED_EDGE('',*,*,#5907,.F.);
#5907 = EDGE_CURVE('',#5908,#5910,#5912,.T.);
#5908 = VERTEX_POINT('',#5909);
#5909 = CARTESIAN_POINT('',(-167.,152.,300.));
#5910 = VERTEX_POINT('',#5911);
#5911 = CARTESIAN_POINT('',(-167.,152.,308.));
#5912 = LINE('',#5913,#5914);
#5913 = CARTESIAN_POINT('',(-167.,152.,300.));
#5914 = VECTOR('',#5915,1.);
#5915 = DIRECTION('',(0.,0.,1.));
#5916 = ORIENTED_EDGE('',*,*,#5917,.T.);
#5917 = EDGE_CURVE('',#5908,#5918,#5920,.T.);
#5918 = VERTEX_POINT('',#5919);
#5919 = CARTESIAN_POINT('',(-167.,172.,300.));
#5920 = LINE('',#5921,#5922);
#5921 = CARTESIAN_POINT('',(-167.,152.,300.));
#5922 = VECTOR('',#5923,1.);
#5923 = DIRECTION('',(0.,1.,0.));
#5924 = ORIENTED_EDGE('',*,*,#5925,.T.);
#5925 = EDGE_CURVE('',#5918,#5926,#5928,.T.);
#5926 = VERTEX_POINT('',#5927);
#5927 = CARTESIAN_POINT('',(-167.,172.,308.));
#5928 = LINE('',#5929,#5930);
#5929 = CARTESIAN_POINT('',(-167.,172.,300.));
#5930 = VECTOR('',#5931,1.);
#5931 = DIRECTION('',(0.,0.,1.));
#5932 = ORIENTED_EDGE('',*,*,#5933,.F.);
#5933 = EDGE_CURVE('',#5910,#5926,#5934,.T.);
#5934 = LINE('',#5935,#5936);
#5935 = CARTESIAN_POINT('',(-167.,152.,308.));
#5936 = VECTOR('',#5937,1.);
#5937 = DIRECTION('',(0.,1.,0.));
#5938 = PLANE('',#5939);
#5939 = AXIS2_PLACEMENT_3D('',#5940,#5941,#5942);
#5940 = CARTESIAN_POINT('',(-167.,152.,300.));
#5941 = DIRECTION('',(1.,0.,0.));
#5942 = DIRECTION('',(0.,0.,1.));
#5943 = ADVANCED_FACE('',(#5944),#5960,.F.);
#5944 = FACE_BOUND('',#5945,.F.);
#5945 = EDGE_LOOP('',(#5946,#5952,#5953,#5959));
#5946 = ORIENTED_EDGE('',*,*,#5947,.F.);
#5947 = EDGE_CURVE('',#5868,#5908,#5948,.T.);
#5948 = LINE('',#5949,#5950);
#5949 = CARTESIAN_POINT('',(-177.,152.,300.));
#5950 = VECTOR('',#5951,1.);
#5951 = DIRECTION('',(1.,0.,0.));
#5952 = ORIENTED_EDGE('',*,*,#5867,.T.);
#5953 = ORIENTED_EDGE('',*,*,#5954,.T.);
#5954 = EDGE_CURVE('',#5870,#5910,#5955,.T.);
#5955 = LINE('',#5956,#5957);
#5956 = CARTESIAN_POINT('',(-177.,152.,308.));
#5957 = VECTOR('',#5958,1.);
#5958 = DIRECTION('',(1.,0.,0.));
#5959 = ORIENTED_EDGE('',*,*,#5907,.F.);
#5960 = PLANE('',#5961);
#5961 = AXIS2_PLACEMENT_3D('',#5962,#5963,#5964);
#5962 = CARTESIAN_POINT('',(-177.,152.,300.));
#5963 = DIRECTION('',(0.,1.,0.));
#5964 = DIRECTION('',(0.,0.,1.));
#5965 = ADVANCED_FACE('',(#5966),#5982,.T.);
#5966 = FACE_BOUND('',#5967,.T.);
#5967 = EDGE_LOOP('',(#5968,#5974,#5975,#5981));
#5968 = ORIENTED_EDGE('',*,*,#5969,.F.);
#5969 = EDGE_CURVE('',#5878,#5918,#5970,.T.);
#5970 = LINE('',#5971,#5972);
#5971 = CARTESIAN_POINT('',(-177.,172.,300.));
#5972 = VECTOR('',#5973,1.);
#5973 = DIRECTION('',(1.,0.,0.));
#5974 = ORIENTED_EDGE('',*,*,#5885,.T.);
#5975 = ORIENTED_EDGE('',*,*,#5976,.T.);
#5976 = EDGE_CURVE('',#5886,#5926,#5977,.T.);
#5977 = LINE('',#5978,#5979);
#5978 = CARTESIAN_POINT('',(-177.,172.,308.));
#5979 = VECTOR('',#5980,1.);
#5980 = DIRECTION('',(1.,0.,0.));
#5981 = ORIENTED_EDGE('',*,*,#5925,.F.);
#5982 = PLANE('',#5983);
#5983 = AXIS2_PLACEMENT_3D('',#5984,#5985,#5986);
#5984 = CARTESIAN_POINT('',(-177.,172.,300.));
#5985 = DIRECTION('',(0.,1.,0.));
#5986 = DIRECTION('',(0.,0.,1.));
#5987 = ADVANCED_FACE('',(#5988),#5994,.F.);
#5988 = FACE_BOUND('',#5989,.F.);
#5989 = EDGE_LOOP('',(#5990,#5991,#5992,#5993));
#5990 = ORIENTED_EDGE('',*,*,#5877,.F.);
#5991 = ORIENTED_EDGE('',*,*,#5947,.T.);
#5992 = ORIENTED_EDGE('',*,*,#5917,.T.);
#5993 = ORIENTED_EDGE('',*,*,#5969,.F.);
#5994 = PLANE('',#5995);
#5995 = AXIS2_PLACEMENT_3D('',#5996,#5997,#5998);
#5996 = CARTESIAN_POINT('',(-177.,152.,300.));
#5997 = DIRECTION('',(0.,0.,1.));
#5998 = DIRECTION('',(1.,0.,0.));
#5999 = ADVANCED_FACE('',(#6000),#6006,.T.);
#6000 = FACE_BOUND('',#6001,.T.);
#6001 = EDGE_LOOP('',(#6002,#6003,#6004,#6005));
#6002 = ORIENTED_EDGE('',*,*,#5893,.F.);
#6003 = ORIENTED_EDGE('',*,*,#5954,.T.);
#6004 = ORIENTED_EDGE('',*,*,#5933,.T.);
#6005 = ORIENTED_EDGE('',*,*,#5976,.F.);
#6006 = PLANE('',#6007);
#6007 = AXIS2_PLACEMENT_3D('',#6008,#6009,#6010);
#6008 = CARTESIAN_POINT('',(-177.,152.,308.));
#6009 = DIRECTION('',(0.,0.,1.));
#6010 = DIRECTION('',(1.,0.,0.));
#6011 = ( GEOMETRIC_REPRESENTATION_CONTEXT(3) 
GLOBAL_UNCERTAINTY_ASSIGNED_CONTEXT((#6015)) 
GLOBAL_UNIT_ASSIGNED_CONTEXT((#6012,#6013,#6014)) REPRESENTATION_CONTEXT
('Context #1','3D Context with UNIT and UNCERTAINTY') );
#6012 = ( LENGTH_UNIT() NAMED_UNIT(*) SI_UNIT(.MILLI.,.METRE.) );
#6013 = ( NAMED_UNIT(*) PLANE_ANGLE_UNIT() SI_UNIT($,.RADIAN.) );
#6014 = ( NAMED_UNIT(*) SI_UNIT($,.STERADIAN.) SOLID_ANGLE_UNIT() );
#6015 = UNCERTAINTY_MEASURE_WITH_UNIT(LENGTH_MEASURE(1.E-07),#6012,
  'distance_accuracy_value','confusion accuracy');
#6016 = CONTEXT_DEPENDENT_SHAPE_REPRESENTATION(#6017,#6019);
#6017 = ( REPRESENTATION_RELATIONSHIP('','',#5860,#10) 
REPRESENTATION_RELATIONSHIP_WITH_TRANSFORMATION(#6018) 
SHAPE_REPRESENTATION_RELATIONSHIP() );
#6018 = ITEM_DEFINED_TRANSFORMATION('','',#11,#107);
#6019 = PRODUCT_DEFINITION_SHAPE('Placement','Placement of an item',
  #6020);
#6020 = NEXT_ASSEMBLY_USAGE_OCCURRENCE('488','LIFT_S2_TIE','',#5,#5855,$
  );
#6021 = PRODUCT_RELATED_PRODUCT_CATEGORY('part',$,(#5857));
#6022 = SHAPE_DEFINITION_REPRESENTATION(#6023,#6029);
#6023 = PRODUCT_DEFINITION_SHAPE('','',#6024);
#6024 = PRODUCT_DEFINITION('design','',#6025,#6028);
#6025 = PRODUCT_DEFINITION_FORMATION('','',#6026);
#6026 = PRODUCT('CRADLE_ARM','CRADLE_ARM','',(#6027));
#6027 = PRODUCT_CONTEXT('',#2,'mechanical');
#6028 = PRODUCT_DEFINITION_CONTEXT('part definition',#2,'design');
#6029 = ADVANCED_BREP_SHAPE_REPRESENTATION('',(#11,#6030),#6576);
#6030 = MANIFOLD_SOLID_BREP('',#6031);
#6031 = CLOSED_SHELL('',(#6032,#6072,#6103,#6127,#6167,#6200,#6226,#6282
    ,#6315,#6341,#6365,#6421,#6468,#6485,#6499,#6530,#6547,#6564));
#6032 = ADVANCED_FACE('',(#6033),#6067,.F.);
#6033 = FACE_BOUND('',#6034,.F.);
#6034 = EDGE_LOOP('',(#6035,#6045,#6053,#6061));
#6035 = ORIENTED_EDGE('',*,*,#6036,.F.);
#6036 = EDGE_CURVE('',#6037,#6039,#6041,.T.);
#6037 = VERTEX_POINT('',#6038);
#6038 = CARTESIAN_POINT('',(-172.,160.,308.));
#6039 = VERTEX_POINT('',#6040);
#6040 = CARTESIAN_POINT('',(-172.,160.,313.));
#6041 = LINE('',#6042,#6043);
#6042 = CARTESIAN_POINT('',(-172.,160.,308.));
#6043 = VECTOR('',#6044,1.);
#6044 = DIRECTION('',(0.,0.,1.));
#6045 = ORIENTED_EDGE('',*,*,#6046,.T.);
#6046 = EDGE_CURVE('',#6037,#6047,#6049,.T.);
#6047 = VERTEX_POINT('',#6048);
#6048 = CARTESIAN_POINT('',(-172.,176.,308.));
#6049 = LINE('',#6050,#6051);
#6050 = CARTESIAN_POINT('',(-172.,160.,308.));
#6051 = VECTOR('',#6052,1.);
#6052 = DIRECTION('',(0.,1.,0.));
#6053 = ORIENTED_EDGE('',*,*,#6054,.T.);
#6054 = EDGE_CURVE('',#6047,#6055,#6057,.T.);
#6055 = VERTEX_POINT('',#6056);
#6056 = CARTESIAN_POINT('',(-172.,176.,313.));
#6057 = LINE('',#6058,#6059);
#6058 = CARTESIAN_POINT('',(-172.,176.,308.));
#6059 = VECTOR('',#6060,1.);
#6060 = DIRECTION('',(0.,0.,1.));
#6061 = ORIENTED_EDGE('',*,*,#6062,.F.);
#6062 = EDGE_CURVE('',#6039,#6055,#6063,.T.);
#6063 = LINE('',#6064,#6065);
#6064 = CARTESIAN_POINT('',(-172.,160.,313.));
#6065 = VECTOR('',#6066,1.);
#6066 = DIRECTION('',(0.,1.,0.));
#6067 = PLANE('',#6068);
#6068 = AXIS2_PLACEMENT_3D('',#6069,#6070,#6071);
#6069 = CARTESIAN_POINT('',(-172.,160.,308.));
#6070 = DIRECTION('',(1.,0.,0.));
#6071 = DIRECTION('',(0.,0.,1.));
#6072 = ADVANCED_FACE('',(#6073),#6098,.F.);
#6073 = FACE_BOUND('',#6074,.F.);
#6074 = EDGE_LOOP('',(#6075,#6083,#6084,#6092));
#6075 = ORIENTED_EDGE('',*,*,#6076,.F.);
#6076 = EDGE_CURVE('',#6037,#6077,#6079,.T.);
#6077 = VERTEX_POINT('',#6078);
#6078 = CARTESIAN_POINT('',(-162.,160.,308.));
#6079 = LINE('',#6080,#6081);
#6080 = CARTESIAN_POINT('',(-172.,160.,308.));
#6081 = VECTOR('',#6082,1.);
#6082 = DIRECTION('',(1.,0.,0.));
#6083 = ORIENTED_EDGE('',*,*,#6036,.T.);
#6084 = ORIENTED_EDGE('',*,*,#6085,.T.);
#6085 = EDGE_CURVE('',#6039,#6086,#6088,.T.);
#6086 = VERTEX_POINT('',#6087);
#6087 = CARTESIAN_POINT('',(-162.,160.,313.));
#6088 = LINE('',#6089,#6090);
#6089 = CARTESIAN_POINT('',(-172.,160.,313.));
#6090 = VECTOR('',#6091,1.);
#6091 = DIRECTION('',(1.,0.,0.));
#6092 = ORIENTED_EDGE('',*,*,#6093,.F.);
#6093 = EDGE_CURVE('',#6077,#6086,#6094,.T.);
#6094 = LINE('',#6095,#6096);
#6095 = CARTESIAN_POINT('',(-162.,160.,308.));
#6096 = VECTOR('',#6097,1.);
#6097 = DIRECTION('',(0.,0.,1.));
#6098 = PLANE('',#6099);
#6099 = AXIS2_PLACEMENT_3D('',#6100,#6101,#6102);
#6100 = CARTESIAN_POINT('',(-172.,160.,308.));
#6101 = DIRECTION('',(0.,1.,0.));
#6102 = DIRECTION('',(0.,0.,1.));
#6103 = ADVANCED_FACE('',(#6104),#6122,.T.);
#6104 = FACE_BOUND('',#6105,.T.);
#6105 = EDGE_LOOP('',(#6106,#6107,#6108,#6116));
#6106 = ORIENTED_EDGE('',*,*,#6062,.F.);
#6107 = ORIENTED_EDGE('',*,*,#6085,.T.);
#6108 = ORIENTED_EDGE('',*,*,#6109,.T.);
#6109 = EDGE_CURVE('',#6086,#6110,#6112,.T.);
#6110 = VERTEX_POINT('',#6111);
#6111 = CARTESIAN_POINT('',(-162.,176.,313.));
#6112 = LINE('',#6113,#6114);
#6113 = CARTESIAN_POINT('',(-162.,160.,313.));
#6114 = VECTOR('',#6115,1.);
#6115 = DIRECTION('',(0.,1.,0.));
#6116 = ORIENTED_EDGE('',*,*,#6117,.F.);
#6117 = EDGE_CURVE('',#6055,#6110,#6118,.T.);
#6118 = LINE('',#6119,#6120);
#6119 = CARTESIAN_POINT('',(-172.,176.,313.));
#6120 = VECTOR('',#6121,1.);
#6121 = DIRECTION('',(1.,0.,0.));
#6122 = PLANE('',#6123);
#6123 = AXIS2_PLACEMENT_3D('',#6124,#6125,#6126);
#6124 = CARTESIAN_POINT('',(-172.,160.,313.));
#6125 = DIRECTION('',(0.,0.,1.));
#6126 = DIRECTION('',(1.,0.,0.));
#6127 = ADVANCED_FACE('',(#6128),#6162,.T.);
#6128 = FACE_BOUND('',#6129,.T.);
#6129 = EDGE_LOOP('',(#6130,#6138,#6139,#6140,#6148,#6156));
#6130 = ORIENTED_EDGE('',*,*,#6131,.F.);
#6131 = EDGE_CURVE('',#6047,#6132,#6134,.T.);
#6132 = VERTEX_POINT('',#6133);
#6133 = CARTESIAN_POINT('',(-165.6300887676,176.,308.));
#6134 = LINE('',#6135,#6136);
#6135 = CARTESIAN_POINT('',(-172.,176.,308.));
#6136 = VECTOR('',#6137,1.);
#6137 = DIRECTION('',(1.,0.,0.));
#6138 = ORIENTED_EDGE('',*,*,#6054,.T.);
#6139 = ORIENTED_EDGE('',*,*,#6117,.T.);
#6140 = ORIENTED_EDGE('',*,*,#6141,.F.);
#6141 = EDGE_CURVE('',#6142,#6110,#6144,.T.);
#6142 = VERTEX_POINT('',#6143);
#6143 = CARTESIAN_POINT('',(-162.,176.,310.47964492924));
#6144 = LINE('',#6145,#6146);
#6145 = CARTESIAN_POINT('',(-162.,176.,308.));
#6146 = VECTOR('',#6147,1.);
#6147 = DIRECTION('',(0.,0.,1.));
#6148 = ORIENTED_EDGE('',*,*,#6149,.T.);
#6149 = EDGE_CURVE('',#6142,#6150,#6152,.T.);
#6150 = VERTEX_POINT('',#6151);
#6151 = CARTESIAN_POINT('',(-166.,176.,309.));
#6152 = LINE('',#6153,#6154);
#6153 = CARTESIAN_POINT('',(-168.8016005153,176.,307.96365650093));
#6154 = VECTOR('',#6155,1.);
#6155 = DIRECTION('',(-0.937888934612,0.,-0.346935651573));
#6156 = ORIENTED_EDGE('',*,*,#6157,.T.);
#6157 = EDGE_CURVE('',#6150,#6132,#6158,.T.);
#6158 = LINE('',#6159,#6160);
#6159 = CARTESIAN_POINT('',(-166.1983994846,176.,309.53634349906));
#6160 = VECTOR('',#6161,1.);
#6161 = DIRECTION('',(0.346935651573,0.,-0.937888934612));
#6162 = PLANE('',#6163);
#6163 = AXIS2_PLACEMENT_3D('',#6164,#6165,#6166);
#6164 = CARTESIAN_POINT('',(-172.,176.,308.));
#6165 = DIRECTION('',(0.,1.,0.));
#6166 = DIRECTION('',(0.,0.,1.));
#6167 = ADVANCED_FACE('',(#6168),#6195,.F.);
#6168 = FACE_BOUND('',#6169,.F.);
#6169 = EDGE_LOOP('',(#6170,#6171,#6172,#6173,#6181,#6189));
#6170 = ORIENTED_EDGE('',*,*,#6131,.F.);
#6171 = ORIENTED_EDGE('',*,*,#6046,.F.);
#6172 = ORIENTED_EDGE('',*,*,#6076,.T.);
#6173 = ORIENTED_EDGE('',*,*,#6174,.T.);
#6174 = EDGE_CURVE('',#6077,#6175,#6177,.T.);
#6175 = VERTEX_POINT('',#6176);
#6176 = CARTESIAN_POINT('',(-162.,161.,308.));
#6177 = LINE('',#6178,#6179);
#6178 = CARTESIAN_POINT('',(-162.,160.,308.));
#6179 = VECTOR('',#6180,1.);
#6180 = DIRECTION('',(0.,1.,0.));
#6181 = ORIENTED_EDGE('',*,*,#6182,.T.);
#6182 = EDGE_CURVE('',#6175,#6183,#6185,.T.);
#6183 = VERTEX_POINT('',#6184);
#6184 = CARTESIAN_POINT('',(-165.6300887676,161.,308.));
#6185 = LINE('',#6186,#6187);
#6186 = CARTESIAN_POINT('',(-169.,161.,308.));
#6187 = VECTOR('',#6188,1.);
#6188 = DIRECTION('',(-1.,0.,0.));
#6189 = ORIENTED_EDGE('',*,*,#6190,.T.);
#6190 = EDGE_CURVE('',#6183,#6132,#6191,.T.);
#6191 = LINE('',#6192,#6193);
#6192 = CARTESIAN_POINT('',(-165.6300887676,160.5,308.));
#6193 = VECTOR('',#6194,1.);
#6194 = DIRECTION('',(0.,1.,0.));
#6195 = PLANE('',#6196);
#6196 = AXIS2_PLACEMENT_3D('',#6197,#6198,#6199);
#6197 = CARTESIAN_POINT('',(-172.,160.,308.));
#6198 = DIRECTION('',(0.,0.,1.));
#6199 = DIRECTION('',(1.,0.,0.));
#6200 = ADVANCED_FACE('',(#6201),#6221,.T.);
#6201 = FACE_BOUND('',#6202,.T.);
#6202 = EDGE_LOOP('',(#6203,#6204,#6205,#6206,#6214,#6220));
#6203 = ORIENTED_EDGE('',*,*,#6109,.F.);
#6204 = ORIENTED_EDGE('',*,*,#6093,.F.);
#6205 = ORIENTED_EDGE('',*,*,#6174,.T.);
#6206 = ORIENTED_EDGE('',*,*,#6207,.T.);
#6207 = EDGE_CURVE('',#6175,#6208,#6210,.T.);
#6208 = VERTEX_POINT('',#6209);
#6209 = CARTESIAN_POINT('',(-162.,161.,310.47964492924));
#6210 = LINE('',#6211,#6212);
#6211 = CARTESIAN_POINT('',(-162.,161.,308.5));
#6212 = VECTOR('',#6213,1.);
#6213 = DIRECTION('',(0.,0.,1.));
#6214 = ORIENTED_EDGE('',*,*,#6215,.T.);
#6215 = EDGE_CURVE('',#6208,#6142,#6216,.T.);
#6216 = LINE('',#6217,#6218);
#6217 = CARTESIAN_POINT('',(-162.,160.5,310.47964492924));
#6218 = VECTOR('',#6219,1.);
#6219 = DIRECTION('',(0.,1.,0.));
#6220 = ORIENTED_EDGE('',*,*,#6141,.T.);
#6221 = PLANE('',#6222);
#6222 = AXIS2_PLACEMENT_3D('',#6223,#6224,#6225);
#6223 = CARTESIAN_POINT('',(-162.,160.,308.));
#6224 = DIRECTION('',(1.,0.,0.));
#6225 = DIRECTION('',(0.,0.,1.));
#6226 = ADVANCED_FACE('',(#6227),#6277,.F.);
#6227 = FACE_BOUND('',#6228,.F.);
#6228 = EDGE_LOOP('',(#6229,#6237,#6238,#6239,#6247,#6255,#6263,#6271));
#6229 = ORIENTED_EDGE('',*,*,#6230,.F.);
#6230 = EDGE_CURVE('',#6150,#6231,#6233,.T.);
#6231 = VERTEX_POINT('',#6232);
#6232 = CARTESIAN_POINT('',(-166.,177.,309.));
#6233 = LINE('',#6234,#6235);
#6234 = CARTESIAN_POINT('',(-166.,161.,309.));
#6235 = VECTOR('',#6236,1.);
#6236 = DIRECTION('',(0.,1.,0.));
#6237 = ORIENTED_EDGE('',*,*,#6157,.T.);
#6238 = ORIENTED_EDGE('',*,*,#6190,.F.);
#6239 = ORIENTED_EDGE('',*,*,#6240,.T.);
#6240 = EDGE_CURVE('',#6183,#6241,#6243,.T.);
#6241 = VERTEX_POINT('',#6242);
#6242 = CARTESIAN_POINT('',(-121.9391722501,161.,189.88810530428));
#6243 = LINE('',#6244,#6245);
#6244 = CARTESIAN_POINT('',(-166.,161.,309.));
#6245 = VECTOR('',#6246,1.);
#6246 = DIRECTION('',(0.346935651573,0.,-0.937888934612));
#6247 = ORIENTED_EDGE('',*,*,#6248,.T.);
#6248 = EDGE_CURVE('',#6241,#6249,#6251,.T.);
#6249 = VERTEX_POINT('',#6250);
#6250 = CARTESIAN_POINT('',(-121.9391722501,168.,189.88810530428));
#6251 = LINE('',#6252,#6253);
#6252 = CARTESIAN_POINT('',(-121.9391722501,161.,189.88810530428));
#6253 = VECTOR('',#6254,1.);
#6254 = DIRECTION('',(0.,1.,0.));
#6255 = ORIENTED_EDGE('',*,*,#6256,.T.);
#6256 = EDGE_CURVE('',#6249,#6257,#6259,.T.);
#6257 = VERTEX_POINT('',#6258);
#6258 = CARTESIAN_POINT('',(-124.2000307488,168.,196.));
#6259 = LINE('',#6260,#6261);
#6260 = CARTESIAN_POINT('',(-143.6171118227,168.,248.49119079902));
#6261 = VECTOR('',#6262,1.);
#6262 = DIRECTION('',(-0.346935651573,0.,0.937888934612));
#6263 = ORIENTED_EDGE('',*,*,#6264,.F.);
#6264 = EDGE_CURVE('',#6265,#6257,#6267,.T.);
#6265 = VERTEX_POINT('',#6266);
#6266 = CARTESIAN_POINT('',(-124.2000307488,177.,196.));
#6267 = LINE('',#6268,#6269);
#6268 = CARTESIAN_POINT('',(-124.2000307488,164.5,196.));
#6269 = VECTOR('',#6270,1.);
#6270 = DIRECTION('',(0.,-1.,0.));
#6271 = ORIENTED_EDGE('',*,*,#6272,.F.);
#6272 = EDGE_CURVE('',#6231,#6265,#6273,.T.);
#6273 = LINE('',#6274,#6275);
#6274 = CARTESIAN_POINT('',(-166.,177.,309.));
#6275 = VECTOR('',#6276,1.);
#6276 = DIRECTION('',(0.346935651573,0.,-0.937888934612));
#6277 = PLANE('',#6278);
#6278 = AXIS2_PLACEMENT_3D('',#6279,#6280,#6281);
#6279 = CARTESIAN_POINT('',(-166.,161.,309.));
#6280 = DIRECTION('',(0.937888934612,0.,0.346935651573));
#6281 = DIRECTION('',(0.346935651573,0.,-0.937888934612));
#6282 = ADVANCED_FACE('',(#6283),#6310,.F.);
#6283 = FACE_BOUND('',#6284,.F.);
#6284 = EDGE_LOOP('',(#6285,#6293,#6294,#6295,#6296,#6304));
#6285 = ORIENTED_EDGE('',*,*,#6286,.F.);
#6286 = EDGE_CURVE('',#6208,#6287,#6289,.T.);
#6287 = VERTEX_POINT('',#6288);
#6288 = CARTESIAN_POINT('',(-161.3105553269,161.,310.73467825786));
#6289 = LINE('',#6290,#6291);
#6290 = CARTESIAN_POINT('',(-166.,161.,309.));
#6291 = VECTOR('',#6292,1.);
#6292 = DIRECTION('',(0.937888934612,0.,0.346935651573));
#6293 = ORIENTED_EDGE('',*,*,#6215,.T.);
#6294 = ORIENTED_EDGE('',*,*,#6149,.T.);
#6295 = ORIENTED_EDGE('',*,*,#6230,.T.);
#6296 = ORIENTED_EDGE('',*,*,#6297,.T.);
#6297 = EDGE_CURVE('',#6231,#6298,#6300,.T.);
#6298 = VERTEX_POINT('',#6299);
#6299 = CARTESIAN_POINT('',(-161.3105553269,177.,310.73467825786));
#6300 = LINE('',#6301,#6302);
#6301 = CARTESIAN_POINT('',(-166.,177.,309.));
#6302 = VECTOR('',#6303,1.);
#6303 = DIRECTION('',(0.937888934612,0.,0.346935651573));
#6304 = ORIENTED_EDGE('',*,*,#6305,.F.);
#6305 = EDGE_CURVE('',#6287,#6298,#6306,.T.);
#6306 = LINE('',#6307,#6308);
#6307 = CARTESIAN_POINT('',(-161.3105553269,161.,310.73467825786));
#6308 = VECTOR('',#6309,1.);
#6309 = DIRECTION('',(0.,1.,0.));
#6310 = PLANE('',#6311);
#6311 = AXIS2_PLACEMENT_3D('',#6312,#6313,#6314);
#6312 = CARTESIAN_POINT('',(-166.,161.,309.));
#6313 = DIRECTION('',(0.346935651573,0.,-0.937888934612));
#6314 = DIRECTION('',(0.937888934612,0.,0.346935651573));
#6315 = ADVANCED_FACE('',(#6316),#6336,.F.);
#6316 = FACE_BOUND('',#6317,.F.);
#6317 = EDGE_LOOP('',(#6318,#6319,#6320,#6321,#6322,#6330));
#6318 = ORIENTED_EDGE('',*,*,#6240,.F.);
#6319 = ORIENTED_EDGE('',*,*,#6182,.F.);
#6320 = ORIENTED_EDGE('',*,*,#6207,.T.);
#6321 = ORIENTED_EDGE('',*,*,#6286,.T.);
#6322 = ORIENTED_EDGE('',*,*,#6323,.T.);
#6323 = EDGE_CURVE('',#6287,#6324,#6326,.T.);
#6324 = VERTEX_POINT('',#6325);
#6325 = CARTESIAN_POINT('',(-117.2497275771,161.,191.62278356215));
#6326 = LINE('',#6327,#6328);
#6327 = CARTESIAN_POINT('',(-161.3105553269,161.,310.73467825786));
#6328 = VECTOR('',#6329,1.);
#6329 = DIRECTION('',(0.346935651573,0.,-0.937888934612));
#6330 = ORIENTED_EDGE('',*,*,#6331,.F.);
#6331 = EDGE_CURVE('',#6241,#6324,#6332,.T.);
#6332 = LINE('',#6333,#6334);
#6333 = CARTESIAN_POINT('',(-121.9391722501,161.,189.88810530428));
#6334 = VECTOR('',#6335,1.);
#6335 = DIRECTION('',(0.937888934612,0.,0.346935651573));
#6336 = PLANE('',#6337);
#6337 = AXIS2_PLACEMENT_3D('',#6338,#6339,#6340);
#6338 = CARTESIAN_POINT('',(-166.,161.,309.));
#6339 = DIRECTION('',(0.,1.,0.));
#6340 = DIRECTION('',(0.937888934612,0.,0.346935651573));
#6341 = ADVANCED_FACE('',(#6342),#6360,.T.);
#6342 = FACE_BOUND('',#6343,.T.);
#6343 = EDGE_LOOP('',(#6344,#6345,#6346,#6354));
#6344 = ORIENTED_EDGE('',*,*,#6272,.F.);
#6345 = ORIENTED_EDGE('',*,*,#6297,.T.);
#6346 = ORIENTED_EDGE('',*,*,#6347,.T.);
#6347 = EDGE_CURVE('',#6298,#6348,#6350,.T.);
#6348 = VERTEX_POINT('',#6349);
#6349 = CARTESIAN_POINT('',(-118.8689091037,177.,196.));
#6350 = LINE('',#6351,#6352);
#6351 = CARTESIAN_POINT('',(-161.3105553269,177.,310.73467825786));
#6352 = VECTOR('',#6353,1.);
#6353 = DIRECTION('',(0.346935651573,0.,-0.937888934612));
#6354 = ORIENTED_EDGE('',*,*,#6355,.F.);
#6355 = EDGE_CURVE('',#6265,#6348,#6356,.T.);
#6356 = LINE('',#6357,#6358);
#6357 = CARTESIAN_POINT('',(-149.,177.,196.));
#6358 = VECTOR('',#6359,1.);
#6359 = DIRECTION('',(1.,0.,0.));
#6360 = PLANE('',#6361);
#6361 = AXIS2_PLACEMENT_3D('',#6362,#6363,#6364);
#6362 = CARTESIAN_POINT('',(-166.,177.,309.));
#6363 = DIRECTION('',(0.,1.,0.));
#6364 = DIRECTION('',(0.937888934612,0.,0.346935651573));
#6365 = ADVANCED_FACE('',(#6366),#6416,.T.);
#6366 = FACE_BOUND('',#6367,.T.);
#6367 = EDGE_LOOP('',(#6368,#6378,#6386,#6392,#6393,#6394,#6402,#6410));
#6368 = ORIENTED_EDGE('',*,*,#6369,.F.);
#6369 = EDGE_CURVE('',#6370,#6372,#6374,.T.);
#6370 = VERTEX_POINT('',#6371);
#6371 = CARTESIAN_POINT('',(-132.,186.,196.));
#6372 = VERTEX_POINT('',#6373);
#6373 = CARTESIAN_POINT('',(-112.,186.,196.));
#6374 = LINE('',#6375,#6376);
#6375 = CARTESIAN_POINT('',(-132.,186.,196.));
#6376 = VECTOR('',#6377,1.);
#6377 = DIRECTION('',(1.,0.,0.));
#6378 = ORIENTED_EDGE('',*,*,#6379,.F.);
#6379 = EDGE_CURVE('',#6380,#6370,#6382,.T.);
#6380 = VERTEX_POINT('',#6381);
#6381 = CARTESIAN_POINT('',(-132.,168.,196.));
#6382 = LINE('',#6383,#6384);
#6383 = CARTESIAN_POINT('',(-132.,168.,196.));
#6384 = VECTOR('',#6385,1.);
#6385 = DIRECTION('',(0.,1.,0.));
#6386 = ORIENTED_EDGE('',*,*,#6387,.T.);
#6387 = EDGE_CURVE('',#6380,#6257,#6388,.T.);
#6388 = LINE('',#6389,#6390);
#6389 = CARTESIAN_POINT('',(-132.,168.,196.));
#6390 = VECTOR('',#6391,1.);
#6391 = DIRECTION('',(1.,0.,0.));
#6392 = ORIENTED_EDGE('',*,*,#6264,.F.);
#6393 = ORIENTED_EDGE('',*,*,#6355,.T.);
#6394 = ORIENTED_EDGE('',*,*,#6395,.T.);
#6395 = EDGE_CURVE('',#6348,#6396,#6398,.T.);
#6396 = VERTEX_POINT('',#6397);
#6397 = CARTESIAN_POINT('',(-118.8689091037,168.,196.));
#6398 = LINE('',#6399,#6400);
#6399 = CARTESIAN_POINT('',(-118.8689091037,164.5,196.));
#6400 = VECTOR('',#6401,1.);
#6401 = DIRECTION('',(0.,-1.,0.));
#6402 = ORIENTED_EDGE('',*,*,#6403,.T.);
#6403 = EDGE_CURVE('',#6396,#6404,#6406,.T.);
#6404 = VERTEX_POINT('',#6405);
#6405 = CARTESIAN_POINT('',(-112.,168.,196.));
#6406 = LINE('',#6407,#6408);
#6407 = CARTESIAN_POINT('',(-132.,168.,196.));
#6408 = VECTOR('',#6409,1.);
#6409 = DIRECTION('',(1.,0.,0.));
#6410 = ORIENTED_EDGE('',*,*,#6411,.T.);
#6411 = EDGE_CURVE('',#6404,#6372,#6412,.T.);
#6412 = LINE('',#6413,#6414);
#6413 = CARTESIAN_POINT('',(-112.,168.,196.));
#6414 = VECTOR('',#6415,1.);
#6415 = DIRECTION('',(0.,1.,0.));
#6416 = PLANE('',#6417);
#6417 = AXIS2_PLACEMENT_3D('',#6418,#6419,#6420);
#6418 = CARTESIAN_POINT('',(-132.,168.,196.));
#6419 = DIRECTION('',(0.,0.,1.));
#6420 = DIRECTION('',(1.,0.,0.));
#6421 = ADVANCED_FACE('',(#6422),#6463,.F.);
#6422 = FACE_BOUND('',#6423,.F.);
#6423 = EDGE_LOOP('',(#6424,#6432,#6440,#6446,#6447,#6448,#6456,#6462));
#6424 = ORIENTED_EDGE('',*,*,#6425,.F.);
#6425 = EDGE_CURVE('',#6426,#6404,#6428,.T.);
#6426 = VERTEX_POINT('',#6427);
#6427 = CARTESIAN_POINT('',(-112.,168.,184.));
#6428 = LINE('',#6429,#6430);
#6429 = CARTESIAN_POINT('',(-112.,168.,184.));
#6430 = VECTOR('',#6431,1.);
#6431 = DIRECTION('',(0.,0.,1.));
#6432 = ORIENTED_EDGE('',*,*,#6433,.F.);
#6433 = EDGE_CURVE('',#6434,#6426,#6436,.T.);
#6434 = VERTEX_POINT('',#6435);
#6435 = CARTESIAN_POINT('',(-132.,168.,184.));
#6436 = LINE('',#6437,#6438);
#6437 = CARTESIAN_POINT('',(-132.,168.,184.));
#6438 = VECTOR('',#6439,1.);
#6439 = DIRECTION('',(1.,0.,0.));
#6440 = ORIENTED_EDGE('',*,*,#6441,.T.);
#6441 = EDGE_CURVE('',#6434,#6380,#6442,.T.);
#6442 = LINE('',#6443,#6444);
#6443 = CARTESIAN_POINT('',(-132.,168.,184.));
#6444 = VECTOR('',#6445,1.);
#6445 = DIRECTION('',(0.,0.,1.));
#6446 = ORIENTED_EDGE('',*,*,#6387,.T.);
#6447 = ORIENTED_EDGE('',*,*,#6256,.F.);
#6448 = ORIENTED_EDGE('',*,*,#6449,.T.);
#6449 = EDGE_CURVE('',#6249,#6450,#6452,.T.);
#6450 = VERTEX_POINT('',#6451);
#6451 = CARTESIAN_POINT('',(-117.2497275771,168.,191.62278356215));
#6452 = LINE('',#6453,#6454);
#6453 = CARTESIAN_POINT('',(-127.3220604274,168.,187.89691450526));
#6454 = VECTOR('',#6455,1.);
#6455 = DIRECTION('',(0.937888934612,0.,0.346935651573));
#6456 = ORIENTED_EDGE('',*,*,#6457,.T.);
#6457 = EDGE_CURVE('',#6450,#6396,#6458,.T.);
#6458 = LINE('',#6459,#6460);
#6459 = CARTESIAN_POINT('',(-138.9276671497,168.,250.22586905689));
#6460 = VECTOR('',#6461,1.);
#6461 = DIRECTION('',(-0.346935651573,0.,0.937888934612));
#6462 = ORIENTED_EDGE('',*,*,#6403,.T.);
#6463 = PLANE('',#6464);
#6464 = AXIS2_PLACEMENT_3D('',#6465,#6466,#6467);
#6465 = CARTESIAN_POINT('',(-132.,168.,184.));
#6466 = DIRECTION('',(0.,1.,0.));
#6467 = DIRECTION('',(0.,0.,1.));
#6468 = ADVANCED_FACE('',(#6469),#6480,.T.);
#6469 = FACE_BOUND('',#6470,.T.);
#6470 = EDGE_LOOP('',(#6471,#6477,#6478,#6479));
#6471 = ORIENTED_EDGE('',*,*,#6472,.F.);
#6472 = EDGE_CURVE('',#6324,#6450,#6473,.T.);
#6473 = LINE('',#6474,#6475);
#6474 = CARTESIAN_POINT('',(-117.2497275771,161.,191.62278356215));
#6475 = VECTOR('',#6476,1.);
#6476 = DIRECTION('',(0.,1.,0.));
#6477 = ORIENTED_EDGE('',*,*,#6331,.F.);
#6478 = ORIENTED_EDGE('',*,*,#6248,.T.);
#6479 = ORIENTED_EDGE('',*,*,#6449,.T.);
#6480 = PLANE('',#6481);
#6481 = AXIS2_PLACEMENT_3D('',#6482,#6483,#6484);
#6482 = CARTESIAN_POINT('',(-121.9391722501,161.,189.88810530428));
#6483 = DIRECTION('',(0.346935651573,0.,-0.937888934612));
#6484 = DIRECTION('',(0.937888934612,0.,0.346935651573));
#6485 = ADVANCED_FACE('',(#6486),#6494,.T.);
#6486 = FACE_BOUND('',#6487,.T.);
#6487 = EDGE_LOOP('',(#6488,#6489,#6490,#6491,#6492,#6493));
#6488 = ORIENTED_EDGE('',*,*,#6347,.F.);
#6489 = ORIENTED_EDGE('',*,*,#6305,.F.);
#6490 = ORIENTED_EDGE('',*,*,#6323,.T.);
#6491 = ORIENTED_EDGE('',*,*,#6472,.T.);
#6492 = ORIENTED_EDGE('',*,*,#6457,.T.);
#6493 = ORIENTED_EDGE('',*,*,#6395,.F.);
#6494 = PLANE('',#6495);
#6495 = AXIS2_PLACEMENT_3D('',#6496,#6497,#6498);
#6496 = CARTESIAN_POINT('',(-161.3105553269,161.,310.73467825786));
#6497 = DIRECTION('',(0.937888934612,0.,0.346935651573));
#6498 = DIRECTION('',(0.346935651573,0.,-0.937888934612));
#6499 = ADVANCED_FACE('',(#6500),#6525,.T.);
#6500 = FACE_BOUND('',#6501,.T.);
#6501 = EDGE_LOOP('',(#6502,#6512,#6518,#6519));
#6502 = ORIENTED_EDGE('',*,*,#6503,.F.);
#6503 = EDGE_CURVE('',#6504,#6506,#6508,.T.);
#6504 = VERTEX_POINT('',#6505);
#6505 = CARTESIAN_POINT('',(-132.,186.,184.));
#6506 = VERTEX_POINT('',#6507);
#6507 = CARTESIAN_POINT('',(-112.,186.,184.));
#6508 = LINE('',#6509,#6510);
#6509 = CARTESIAN_POINT('',(-132.,186.,184.));
#6510 = VECTOR('',#6511,1.);
#6511 = DIRECTION('',(1.,0.,0.));
#6512 = ORIENTED_EDGE('',*,*,#6513,.T.);
#6513 = EDGE_CURVE('',#6504,#6370,#6514,.T.);
#6514 = LINE('',#6515,#6516);
#6515 = CARTESIAN_POINT('',(-132.,186.,184.));
#6516 = VECTOR('',#6517,1.);
#6517 = DIRECTION('',(0.,0.,1.));
#6518 = ORIENTED_EDGE('',*,*,#6369,.T.);
#6519 = ORIENTED_EDGE('',*,*,#6520,.F.);
#6520 = EDGE_CURVE('',#6506,#6372,#6521,.T.);
#6521 = LINE('',#6522,#6523);
#6522 = CARTESIAN_POINT('',(-112.,186.,184.));
#6523 = VECTOR('',#6524,1.);
#6524 = DIRECTION('',(0.,0.,1.));
#6525 = PLANE('',#6526);
#6526 = AXIS2_PLACEMENT_3D('',#6527,#6528,#6529);
#6527 = CARTESIAN_POINT('',(-132.,186.,184.));
#6528 = DIRECTION('',(0.,1.,0.));
#6529 = DIRECTION('',(0.,0.,1.));
#6530 = ADVANCED_FACE('',(#6531),#6542,.T.);
#6531 = FACE_BOUND('',#6532,.T.);
#6532 = EDGE_LOOP('',(#6533,#6534,#6540,#6541));
#6533 = ORIENTED_EDGE('',*,*,#6425,.F.);
#6534 = ORIENTED_EDGE('',*,*,#6535,.T.);
#6535 = EDGE_CURVE('',#6426,#6506,#6536,.T.);
#6536 = LINE('',#6537,#6538);
#6537 = CARTESIAN_POINT('',(-112.,168.,184.));
#6538 = VECTOR('',#6539,1.);
#6539 = DIRECTION('',(0.,1.,0.));
#6540 = ORIENTED_EDGE('',*,*,#6520,.T.);
#6541 = ORIENTED_EDGE('',*,*,#6411,.F.);
#6542 = PLANE('',#6543);
#6543 = AXIS2_PLACEMENT_3D('',#6544,#6545,#6546);
#6544 = CARTESIAN_POINT('',(-112.,168.,184.));
#6545 = DIRECTION('',(1.,0.,0.));
#6546 = DIRECTION('',(0.,0.,1.));
#6547 = ADVANCED_FACE('',(#6548),#6559,.F.);
#6548 = FACE_BOUND('',#6549,.F.);
#6549 = EDGE_LOOP('',(#6550,#6551,#6557,#6558));
#6550 = ORIENTED_EDGE('',*,*,#6441,.F.);
#6551 = ORIENTED_EDGE('',*,*,#6552,.T.);
#6552 = EDGE_CURVE('',#6434,#6504,#6553,.T.);
#6553 = LINE('',#6554,#6555);
#6554 = CARTESIAN_POINT('',(-132.,168.,184.));
#6555 = VECTOR('',#6556,1.);
#6556 = DIRECTION('',(0.,1.,0.));
#6557 = ORIENTED_EDGE('',*,*,#6513,.T.);
#6558 = ORIENTED_EDGE('',*,*,#6379,.F.);
#6559 = PLANE('',#6560);
#6560 = AXIS2_PLACEMENT_3D('',#6561,#6562,#6563);
#6561 = CARTESIAN_POINT('',(-132.,168.,184.));
#6562 = DIRECTION('',(1.,0.,0.));
#6563 = DIRECTION('',(0.,0.,1.));
#6564 = ADVANCED_FACE('',(#6565),#6571,.F.);
#6565 = FACE_BOUND('',#6566,.F.);
#6566 = EDGE_LOOP('',(#6567,#6568,#6569,#6570));
#6567 = ORIENTED_EDGE('',*,*,#6552,.F.);
#6568 = ORIENTED_EDGE('',*,*,#6433,.T.);
#6569 = ORIENTED_EDGE('',*,*,#6535,.T.);
#6570 = ORIENTED_EDGE('',*,*,#6503,.F.);
#6571 = PLANE('',#6572);
#6572 = AXIS2_PLACEMENT_3D('',#6573,#6574,#6575);
#6573 = CARTESIAN_POINT('',(-132.,168.,184.));
#6574 = DIRECTION('',(0.,0.,1.));
#6575 = DIRECTION('',(1.,0.,0.));
#6576 = ( GEOMETRIC_REPRESENTATION_CONTEXT(3) 
GLOBAL_UNCERTAINTY_ASSIGNED_CONTEXT((#6580)) 
GLOBAL_UNIT_ASSIGNED_CONTEXT((#6577,#6578,#6579)) REPRESENTATION_CONTEXT
('Context #1','3D Context with UNIT and UNCERTAINTY') );
#6577 = ( LENGTH_UNIT() NAMED_UNIT(*) SI_UNIT(.MILLI.,.METRE.) );
#6578 = ( NAMED_UNIT(*) PLANE_ANGLE_UNIT() SI_UNIT($,.RADIAN.) );
#6579 = ( NAMED_UNIT(*) SI_UNIT($,.STERADIAN.) SOLID_ANGLE_UNIT() );
#6580 = UNCERTAINTY_MEASURE_WITH_UNIT(LENGTH_MEASURE(1.E-07),#6577,
  'distance_accuracy_value','confusion accuracy');
#6581 = CONTEXT_DEPENDENT_SHAPE_REPRESENTATION(#6582,#6584);
#6582 = ( REPRESENTATION_RELATIONSHIP('','',#6029,#10) 
REPRESENTATION_RELATIONSHIP_WITH_TRANSFORMATION(#6583) 
SHAPE_REPRESENTATION_RELATIONSHIP() );
#6583 = ITEM_DEFINED_TRANSFORMATION('','',#11,#111);
#6584 = PRODUCT_DEFINITION_SHAPE('Placement','Placement of an item',
  #6585);
#6585 = NEXT_ASSEMBLY_USAGE_OCCURRENCE('489','CRADLE_ARM','',#5,#6024,$
  );
#6586 = PRODUCT_RELATED_PRODUCT_CATEGORY('part',$,(#6026));
#6587 = SHAPE_DEFINITION_REPRESENTATION(#6588,#6594);
#6588 = PRODUCT_DEFINITION_SHAPE('','',#6589);
#6589 = PRODUCT_DEFINITION('design','',#6590,#6593);
#6590 = PRODUCT_DEFINITION_FORMATION('','',#6591);
#6591 = PRODUCT('CRADLE_CUP','CRADLE_CUP','',(#6592));
#6592 = PRODUCT_CONTEXT('',#2,'mechanical');
#6593 = PRODUCT_DEFINITION_CONTEXT('part definition',#2,'design');
#6594 = ADVANCED_BREP_SHAPE_REPRESENTATION('',(#11,#6595),#6871);
#6595 = MANIFOLD_SOLID_BREP('',#6596);
#6596 = CLOSED_SHELL('',(#6597,#6648,#6672,#6703,#6743,#6767,#6800,#6830
    ,#6857));
#6597 = ADVANCED_FACE('',(#6598,#6609),#6643,.T.);
#6598 = FACE_BOUND('',#6599,.T.);
#6599 = EDGE_LOOP('',(#6600));
#6600 = ORIENTED_EDGE('',*,*,#6601,.T.);
#6601 = EDGE_CURVE('',#6602,#6602,#6604,.T.);
#6602 = VERTEX_POINT('',#6603);
#6603 = CARTESIAN_POINT('',(-67.,192.,143.));
#6604 = CIRCLE('',#6605,55.);
#6605 = AXIS2_PLACEMENT_3D('',#6606,#6607,#6608);
#6606 = CARTESIAN_POINT('',(-122.,192.,143.));
#6607 = DIRECTION('',(0.,1.,-2.2E-16));
#6608 = DIRECTION('',(1.,0.,0.));
#6609 = FACE_BOUND('',#6610,.T.);
#6610 = EDGE_LOOP('',(#6611,#6621,#6629,#6637));
#6611 = ORIENTED_EDGE('',*,*,#6612,.F.);
#6612 = EDGE_CURVE('',#6613,#6615,#6617,.T.);
#6613 = VERTEX_POINT('',#6614);
#6614 = CARTESIAN_POINT('',(-132.,192.,197.));
#6615 = VERTEX_POINT('',#6616);
#6616 = CARTESIAN_POINT('',(-112.,192.,197.));
#6617 = LINE('',#6618,#6619);
#6618 = CARTESIAN_POINT('',(-127.,192.,197.));
#6619 = VECTOR('',#6620,1.);
#6620 = DIRECTION('',(1.,0.,0.));
#6621 = ORIENTED_EDGE('',*,*,#6622,.T.);
#6622 = EDGE_CURVE('',#6613,#6623,#6625,.T.);
#6623 = VERTEX_POINT('',#6624);
#6624 = CARTESIAN_POINT('',(-132.,192.,167.));
#6625 = LINE('',#6626,#6627);
#6626 = CARTESIAN_POINT('',(-132.,192.,155.));
#6627 = VECTOR('',#6628,1.);
#6628 = DIRECTION('',(0.,-2.2E-16,-1.));
#6629 = ORIENTED_EDGE('',*,*,#6630,.T.);
#6630 = EDGE_CURVE('',#6623,#6631,#6633,.T.);
#6631 = VERTEX_POINT('',#6632);
#6632 = CARTESIAN_POINT('',(-112.,192.,167.));
#6633 = LINE('',#6634,#6635);
#6634 = CARTESIAN_POINT('',(-127.,192.,167.));
#6635 = VECTOR('',#6636,1.);
#6636 = DIRECTION('',(1.,0.,0.));
#6637 = ORIENTED_EDGE('',*,*,#6638,.F.);
#6638 = EDGE_CURVE('',#6615,#6631,#6639,.T.);
#6639 = LINE('',#6640,#6641);
#6640 = CARTESIAN_POINT('',(-112.,192.,155.));
#6641 = VECTOR('',#6642,1.);
#6642 = DIRECTION('',(0.,-2.2E-16,-1.));
#6643 = PLANE('',#6644);
#6644 = AXIS2_PLACEMENT_3D('',#6645,#6646,#6647);
#6645 = CARTESIAN_POINT('',(-122.,192.,143.));
#6646 = DIRECTION('',(0.,1.,0.));
#6647 = DIRECTION('',(1.,0.,0.));
#6648 = ADVANCED_FACE('',(#6649),#6667,.T.);
#6649 = FACE_BOUND('',#6650,.F.);
#6650 = EDGE_LOOP('',(#6651,#6652,#6659,#6666));
#6651 = ORIENTED_EDGE('',*,*,#6601,.T.);
#6652 = ORIENTED_EDGE('',*,*,#6653,.T.);
#6653 = EDGE_CURVE('',#6602,#6654,#6656,.T.);
#6654 = VERTEX_POINT('',#6655);
#6655 = CARTESIAN_POINT('',(-67.,174.,143.));
#6656 = B_SPLINE_CURVE_WITH_KNOTS('',1,(#6657,#6658),.UNSPECIFIED.,.F.,
  .F.,(2,2),(-18.,0.),.PIECEWISE_BEZIER_KNOTS.);
#6657 = CARTESIAN_POINT('',(-67.,192.,143.));
#6658 = CARTESIAN_POINT('',(-67.,174.,143.));
#6659 = ORIENTED_EDGE('',*,*,#6660,.F.);
#6660 = EDGE_CURVE('',#6654,#6654,#6661,.T.);
#6661 = CIRCLE('',#6662,55.);
#6662 = AXIS2_PLACEMENT_3D('',#6663,#6664,#6665);
#6663 = CARTESIAN_POINT('',(-122.,174.,143.));
#6664 = DIRECTION('',(0.,1.,-2.2E-16));
#6665 = DIRECTION('',(1.,0.,0.));
#6666 = ORIENTED_EDGE('',*,*,#6653,.F.);
#6667 = CYLINDRICAL_SURFACE('',#6668,55.);
#6668 = AXIS2_PLACEMENT_3D('',#6669,#6670,#6671);
#6669 = CARTESIAN_POINT('',(-122.,174.,143.));
#6670 = DIRECTION('',(0.,-1.,2.2E-16));
#6671 = DIRECTION('',(1.,0.,0.));
#6672 = ADVANCED_FACE('',(#6673),#6698,.F.);
#6673 = FACE_BOUND('',#6674,.F.);
#6674 = EDGE_LOOP('',(#6675,#6683,#6691,#6697));
#6675 = ORIENTED_EDGE('',*,*,#6676,.F.);
#6676 = EDGE_CURVE('',#6677,#6613,#6679,.T.);
#6677 = VERTEX_POINT('',#6678);
#6678 = CARTESIAN_POINT('',(-132.,174.,197.));
#6679 = LINE('',#6680,#6681);
#6680 = CARTESIAN_POINT('',(-132.,170.,197.));
#6681 = VECTOR('',#6682,1.);
#6682 = DIRECTION('',(0.,1.,0.));
#6683 = ORIENTED_EDGE('',*,*,#6684,.T.);
#6684 = EDGE_CURVE('',#6677,#6685,#6687,.T.);
#6685 = VERTEX_POINT('',#6686);
#6686 = CARTESIAN_POINT('',(-112.,174.,197.));
#6687 = LINE('',#6688,#6689);
#6688 = CARTESIAN_POINT('',(-127.,174.,197.));
#6689 = VECTOR('',#6690,1.);
#6690 = DIRECTION('',(1.,0.,0.));
#6691 = ORIENTED_EDGE('',*,*,#6692,.T.);
#6692 = EDGE_CURVE('',#6685,#6615,#6693,.T.);
#6693 = LINE('',#6694,#6695);
#6694 = CARTESIAN_POINT('',(-112.,170.,197.));
#6695 = VECTOR('',#6696,1.);
#6696 = DIRECTION('',(0.,1.,0.));
#6697 = ORIENTED_EDGE('',*,*,#6612,.F.);
#6698 = PLANE('',#6699);
#6699 = AXIS2_PLACEMENT_3D('',#6700,#6701,#6702);
#6700 = CARTESIAN_POINT('',(-132.,170.,197.));
#6701 = DIRECTION('',(0.,0.,1.));
#6702 = DIRECTION('',(1.,0.,0.));
#6703 = ADVANCED_FACE('',(#6704),#6738,.F.);
#6704 = FACE_BOUND('',#6705,.F.);
#6705 = EDGE_LOOP('',(#6706,#6707,#6715,#6723,#6731,#6737));
#6706 = ORIENTED_EDGE('',*,*,#6692,.F.);
#6707 = ORIENTED_EDGE('',*,*,#6708,.T.);
#6708 = EDGE_CURVE('',#6685,#6709,#6711,.T.);
#6709 = VERTEX_POINT('',#6710);
#6710 = CARTESIAN_POINT('',(-112.,174.,191.4793770587));
#6711 = LINE('',#6712,#6713);
#6712 = CARTESIAN_POINT('',(-112.,174.,155.));
#6713 = VECTOR('',#6714,1.);
#6714 = DIRECTION('',(0.,-2.2E-16,-1.));
#6715 = ORIENTED_EDGE('',*,*,#6716,.F.);
#6716 = EDGE_CURVE('',#6717,#6709,#6719,.T.);
#6717 = VERTEX_POINT('',#6718);
#6718 = CARTESIAN_POINT('',(-112.,189.,191.4793770587));
#6719 = LINE('',#6720,#6721);
#6720 = CARTESIAN_POINT('',(-112.,173.,191.4793770587));
#6721 = VECTOR('',#6722,1.);
#6722 = DIRECTION('',(0.,-1.,2.2E-16));
#6723 = ORIENTED_EDGE('',*,*,#6724,.T.);
#6724 = EDGE_CURVE('',#6717,#6725,#6727,.T.);
#6725 = VERTEX_POINT('',#6726);
#6726 = CARTESIAN_POINT('',(-112.,189.,167.));
#6727 = LINE('',#6728,#6729);
#6728 = CARTESIAN_POINT('',(-112.,189.,155.));
#6729 = VECTOR('',#6730,1.);
#6730 = DIRECTION('',(0.,-2.2E-16,-1.));
#6731 = ORIENTED_EDGE('',*,*,#6732,.T.);
#6732 = EDGE_CURVE('',#6725,#6631,#6733,.T.);
#6733 = LINE('',#6734,#6735);
#6734 = CARTESIAN_POINT('',(-112.,170.,167.));
#6735 = VECTOR('',#6736,1.);
#6736 = DIRECTION('',(0.,1.,0.));
#6737 = ORIENTED_EDGE('',*,*,#6638,.F.);
#6738 = PLANE('',#6739);
#6739 = AXIS2_PLACEMENT_3D('',#6740,#6741,#6742);
#6740 = CARTESIAN_POINT('',(-112.,170.,167.));
#6741 = DIRECTION('',(1.,0.,0.));
#6742 = DIRECTION('',(0.,0.,1.));
#6743 = ADVANCED_FACE('',(#6744),#6762,.T.);
#6744 = FACE_BOUND('',#6745,.T.);
#6745 = EDGE_LOOP('',(#6746,#6754,#6760,#6761));
#6746 = ORIENTED_EDGE('',*,*,#6747,.F.);
#6747 = EDGE_CURVE('',#6748,#6623,#6750,.T.);
#6748 = VERTEX_POINT('',#6749);
#6749 = CARTESIAN_POINT('',(-132.,189.,167.));
#6750 = LINE('',#6751,#6752);
#6751 = CARTESIAN_POINT('',(-132.,170.,167.));
#6752 = VECTOR('',#6753,1.);
#6753 = DIRECTION('',(0.,1.,0.));
#6754 = ORIENTED_EDGE('',*,*,#6755,.T.);
#6755 = EDGE_CURVE('',#6748,#6725,#6756,.T.);
#6756 = LINE('',#6757,#6758);
#6757 = CARTESIAN_POINT('',(-127.,189.,167.));
#6758 = VECTOR('',#6759,1.);
#6759 = DIRECTION('',(1.,0.,0.));
#6760 = ORIENTED_EDGE('',*,*,#6732,.T.);
#6761 = ORIENTED_EDGE('',*,*,#6630,.F.);
#6762 = PLANE('',#6763);
#6763 = AXIS2_PLACEMENT_3D('',#6764,#6765,#6766);
#6764 = CARTESIAN_POINT('',(-132.,170.,167.));
#6765 = DIRECTION('',(0.,0.,1.));
#6766 = DIRECTION('',(1.,0.,0.));
#6767 = ADVANCED_FACE('',(#6768),#6795,.T.);
#6768 = FACE_BOUND('',#6769,.T.);
#6769 = EDGE_LOOP('',(#6770,#6771,#6779,#6787,#6793,#6794));
#6770 = ORIENTED_EDGE('',*,*,#6676,.F.);
#6771 = ORIENTED_EDGE('',*,*,#6772,.T.);
#6772 = EDGE_CURVE('',#6677,#6773,#6775,.T.);
#6773 = VERTEX_POINT('',#6774);
#6774 = CARTESIAN_POINT('',(-132.,174.,191.4793770587));
#6775 = LINE('',#6776,#6777);
#6776 = CARTESIAN_POINT('',(-132.,174.,155.));
#6777 = VECTOR('',#6778,1.);
#6778 = DIRECTION('',(0.,-2.2E-16,-1.));
#6779 = ORIENTED_EDGE('',*,*,#6780,.F.);
#6780 = EDGE_CURVE('',#6781,#6773,#6783,.T.);
#6781 = VERTEX_POINT('',#6782);
#6782 = CARTESIAN_POINT('',(-132.,189.,191.4793770587));
#6783 = LINE('',#6784,#6785);
#6784 = CARTESIAN_POINT('',(-132.,173.,191.4793770587));
#6785 = VECTOR('',#6786,1.);
#6786 = DIRECTION('',(0.,-1.,2.2E-16));
#6787 = ORIENTED_EDGE('',*,*,#6788,.T.);
#6788 = EDGE_CURVE('',#6781,#6748,#6789,.T.);
#6789 = LINE('',#6790,#6791);
#6790 = CARTESIAN_POINT('',(-132.,189.,155.));
#6791 = VECTOR('',#6792,1.);
#6792 = DIRECTION('',(0.,-2.2E-16,-1.));
#6793 = ORIENTED_EDGE('',*,*,#6747,.T.);
#6794 = ORIENTED_EDGE('',*,*,#6622,.F.);
#6795 = PLANE('',#6796);
#6796 = AXIS2_PLACEMENT_3D('',#6797,#6798,#6799);
#6797 = CARTESIAN_POINT('',(-132.,170.,167.));
#6798 = DIRECTION('',(1.,0.,0.));
#6799 = DIRECTION('',(0.,0.,1.));
#6800 = ADVANCED_FACE('',(#6801,#6804),#6825,.F.);
#6801 = FACE_BOUND('',#6802,.F.);
#6802 = EDGE_LOOP('',(#6803));
#6803 = ORIENTED_EDGE('',*,*,#6660,.T.);
#6804 = FACE_BOUND('',#6805,.F.);
#6805 = EDGE_LOOP('',(#6806,#6815,#6822,#6823,#6824));
#6806 = ORIENTED_EDGE('',*,*,#6807,.T.);
#6807 = EDGE_CURVE('',#6773,#6808,#6810,.T.);
#6808 = VERTEX_POINT('',#6809);
#6809 = CARTESIAN_POINT('',(-72.5,174.,143.));
#6810 = CIRCLE('',#6811,49.5);
#6811 = AXIS2_PLACEMENT_3D('',#6812,#6813,#6814);
#6812 = CARTESIAN_POINT('',(-122.,174.,143.));
#6813 = DIRECTION('',(0.,-1.,2.2E-16));
#6814 = DIRECTION('',(1.,0.,0.));
#6815 = ORIENTED_EDGE('',*,*,#6816,.T.);
#6816 = EDGE_CURVE('',#6808,#6709,#6817,.T.);
#6817 = CIRCLE('',#6818,49.5);
#6818 = AXIS2_PLACEMENT_3D('',#6819,#6820,#6821);
#6819 = CARTESIAN_POINT('',(-122.,174.,143.));
#6820 = DIRECTION('',(0.,-1.,2.2E-16));
#6821 = DIRECTION('',(1.,0.,0.));
#6822 = ORIENTED_EDGE('',*,*,#6708,.F.);
#6823 = ORIENTED_EDGE('',*,*,#6684,.F.);
#6824 = ORIENTED_EDGE('',*,*,#6772,.T.);
#6825 = PLANE('',#6826);
#6826 = AXIS2_PLACEMENT_3D('',#6827,#6828,#6829);
#6827 = CARTESIAN_POINT('',(-122.,174.,143.));
#6828 = DIRECTION('',(0.,1.,0.));
#6829 = DIRECTION('',(1.,0.,0.));
#6830 = ADVANCED_FACE('',(#6831),#6852,.F.);
#6831 = FACE_BOUND('',#6832,.F.);
#6832 = EDGE_LOOP('',(#6833,#6842,#6849,#6850,#6851));
#6833 = ORIENTED_EDGE('',*,*,#6834,.F.);
#6834 = EDGE_CURVE('',#6835,#6717,#6837,.T.);
#6835 = VERTEX_POINT('',#6836);
#6836 = CARTESIAN_POINT('',(-72.5,189.,143.));
#6837 = CIRCLE('',#6838,49.5);
#6838 = AXIS2_PLACEMENT_3D('',#6839,#6840,#6841);
#6839 = CARTESIAN_POINT('',(-122.,189.,143.));
#6840 = DIRECTION('',(0.,-1.,2.2E-16));
#6841 = DIRECTION('',(1.,0.,0.));
#6842 = ORIENTED_EDGE('',*,*,#6843,.F.);
#6843 = EDGE_CURVE('',#6781,#6835,#6844,.T.);
#6844 = CIRCLE('',#6845,49.5);
#6845 = AXIS2_PLACEMENT_3D('',#6846,#6847,#6848);
#6846 = CARTESIAN_POINT('',(-122.,189.,143.));
#6847 = DIRECTION('',(0.,-1.,2.2E-16));
#6848 = DIRECTION('',(1.,0.,0.));
#6849 = ORIENTED_EDGE('',*,*,#6788,.T.);
#6850 = ORIENTED_EDGE('',*,*,#6755,.T.);
#6851 = ORIENTED_EDGE('',*,*,#6724,.F.);
#6852 = PLANE('',#6853);
#6853 = AXIS2_PLACEMENT_3D('',#6854,#6855,#6856);
#6854 = CARTESIAN_POINT('',(-122.,189.,143.));
#6855 = DIRECTION('',(0.,1.,0.));
#6856 = DIRECTION('',(1.,0.,0.));
#6857 = ADVANCED_FACE('',(#6858),#6866,.F.);
#6858 = FACE_BOUND('',#6859,.T.);
#6859 = EDGE_LOOP('',(#6860,#6861,#6862,#6863,#6864,#6865));
#6860 = ORIENTED_EDGE('',*,*,#6843,.F.);
#6861 = ORIENTED_EDGE('',*,*,#6780,.T.);
#6862 = ORIENTED_EDGE('',*,*,#6807,.T.);
#6863 = ORIENTED_EDGE('',*,*,#6816,.T.);
#6864 = ORIENTED_EDGE('',*,*,#6716,.F.);
#6865 = ORIENTED_EDGE('',*,*,#6834,.F.);
#6866 = CYLINDRICAL_SURFACE('',#6867,49.5);
#6867 = AXIS2_PLACEMENT_3D('',#6868,#6869,#6870);
#6868 = CARTESIAN_POINT('',(-122.,173.,143.));
#6869 = DIRECTION('',(0.,-1.,2.2E-16));
#6870 = DIRECTION('',(1.,0.,0.));
#6871 = ( GEOMETRIC_REPRESENTATION_CONTEXT(3) 
GLOBAL_UNCERTAINTY_ASSIGNED_CONTEXT((#6875)) 
GLOBAL_UNIT_ASSIGNED_CONTEXT((#6872,#6873,#6874)) REPRESENTATION_CONTEXT
('Context #1','3D Context with UNIT and UNCERTAINTY') );
#6872 = ( LENGTH_UNIT() NAMED_UNIT(*) SI_UNIT(.MILLI.,.METRE.) );
#6873 = ( NAMED_UNIT(*) PLANE_ANGLE_UNIT() SI_UNIT($,.RADIAN.) );
#6874 = ( NAMED_UNIT(*) SI_UNIT($,.STERADIAN.) SOLID_ANGLE_UNIT() );
#6875 = UNCERTAINTY_MEASURE_WITH_UNIT(LENGTH_MEASURE(5.E-05),#6872,
  'distance_accuracy_value','confusion accuracy');
#6876 = CONTEXT_DEPENDENT_SHAPE_REPRESENTATION(#6877,#6879);
#6877 = ( REPRESENTATION_RELATIONSHIP('','',#6594,#10) 
REPRESENTATION_RELATIONSHIP_WITH_TRANSFORMATION(#6878) 
SHAPE_REPRESENTATION_RELATIONSHIP() );
#6878 = ITEM_DEFINED_TRANSFORMATION('','',#11,#115);
#6879 = PRODUCT_DEFINITION_SHAPE('Placement','Placement of an item',
  #6880);
#6880 = NEXT_ASSEMBLY_USAGE_OCCURRENCE('490','CRADLE_CUP','',#5,#6589,$
  );
#6881 = PRODUCT_RELATED_PRODUCT_CATEGORY('part',$,(#6591));
#6882 = SHAPE_DEFINITION_REPRESENTATION(#6883,#6889);
#6883 = PRODUCT_DEFINITION_SHAPE('','',#6884);
#6884 = PRODUCT_DEFINITION('design','',#6885,#6888);
#6885 = PRODUCT_DEFINITION_FORMATION('','',#6886);
#6886 = PRODUCT('CRADLE_FOAM','CRADLE_FOAM','',(#6887));
#6887 = PRODUCT_CONTEXT('',#2,'mechanical');
#6888 = PRODUCT_DEFINITION_CONTEXT('part definition',#2,'design');
#6889 = ADVANCED_BREP_SHAPE_REPRESENTATION('',(#11,#6890),#6982);
#6890 = MANIFOLD_SOLID_BREP('',#6891);
#6891 = CLOSED_SHELL('',(#6892,#6925,#6945,#6965));
#6892 = ADVANCED_FACE('',(#6893),#6920,.T.);
#6893 = FACE_BOUND('',#6894,.F.);
#6894 = EDGE_LOOP('',(#6895,#6905,#6912,#6913));
#6895 = ORIENTED_EDGE('',*,*,#6896,.T.);
#6896 = EDGE_CURVE('',#6897,#6899,#6901,.T.);
#6897 = VERTEX_POINT('',#6898);
#6898 = CARTESIAN_POINT('',(-73.,175.,143.));
#6899 = VERTEX_POINT('',#6900);
#6900 = CARTESIAN_POINT('',(-73.,190.,143.));
#6901 = LINE('',#6902,#6903);
#6902 = CARTESIAN_POINT('',(-73.,175.,143.));
#6903 = VECTOR('',#6904,1.);
#6904 = DIRECTION('',(0.,1.,0.));
#6905 = ORIENTED_EDGE('',*,*,#6906,.T.);
#6906 = EDGE_CURVE('',#6899,#6899,#6907,.T.);
#6907 = CIRCLE('',#6908,49.);
#6908 = AXIS2_PLACEMENT_3D('',#6909,#6910,#6911);
#6909 = CARTESIAN_POINT('',(-122.,190.,143.));
#6910 = DIRECTION('',(-0.,1.,0.));
#6911 = DIRECTION('',(1.,0.,0.));
#6912 = ORIENTED_EDGE('',*,*,#6896,.F.);
#6913 = ORIENTED_EDGE('',*,*,#6914,.F.);
#6914 = EDGE_CURVE('',#6897,#6897,#6915,.T.);
#6915 = CIRCLE('',#6916,49.);
#6916 = AXIS2_PLACEMENT_3D('',#6917,#6918,#6919);
#6917 = CARTESIAN_POINT('',(-122.,175.,143.));
#6918 = DIRECTION('',(-0.,1.,0.));
#6919 = DIRECTION('',(1.,0.,0.));
#6920 = CYLINDRICAL_SURFACE('',#6921,49.);
#6921 = AXIS2_PLACEMENT_3D('',#6922,#6923,#6924);
#6922 = CARTESIAN_POINT('',(-122.,175.,143.));
#6923 = DIRECTION('',(-0.,-1.,0.));
#6924 = DIRECTION('',(1.,0.,0.));
#6925 = ADVANCED_FACE('',(#6926,#6929),#6940,.F.);
#6926 = FACE_BOUND('',#6927,.F.);
#6927 = EDGE_LOOP('',(#6928));
#6928 = ORIENTED_EDGE('',*,*,#6914,.T.);
#6929 = FACE_BOUND('',#6930,.F.);
#6930 = EDGE_LOOP('',(#6931));
#6931 = ORIENTED_EDGE('',*,*,#6932,.T.);
#6932 = EDGE_CURVE('',#6933,#6933,#6935,.T.);
#6933 = VERTEX_POINT('',#6934);
#6934 = CARTESIAN_POINT('',(-76.,175.,143.));
#6935 = CIRCLE('',#6936,46.);
#6936 = AXIS2_PLACEMENT_3D('',#6937,#6938,#6939);
#6937 = CARTESIAN_POINT('',(-122.,175.,143.));
#6938 = DIRECTION('',(0.,-1.,2.2E-16));
#6939 = DIRECTION('',(1.,0.,0.));
#6940 = PLANE('',#6941);
#6941 = AXIS2_PLACEMENT_3D('',#6942,#6943,#6944);
#6942 = CARTESIAN_POINT('',(-122.,175.,143.));
#6943 = DIRECTION('',(0.,1.,0.));
#6944 = DIRECTION('',(1.,0.,0.));
#6945 = ADVANCED_FACE('',(#6946,#6949),#6960,.T.);
#6946 = FACE_BOUND('',#6947,.T.);
#6947 = EDGE_LOOP('',(#6948));
#6948 = ORIENTED_EDGE('',*,*,#6906,.T.);
#6949 = FACE_BOUND('',#6950,.T.);
#6950 = EDGE_LOOP('',(#6951));
#6951 = ORIENTED_EDGE('',*,*,#6952,.T.);
#6952 = EDGE_CURVE('',#6953,#6953,#6955,.T.);
#6953 = VERTEX_POINT('',#6954);
#6954 = CARTESIAN_POINT('',(-76.,190.,143.));
#6955 = CIRCLE('',#6956,46.);
#6956 = AXIS2_PLACEMENT_3D('',#6957,#6958,#6959);
#6957 = CARTESIAN_POINT('',(-122.,190.,143.));
#6958 = DIRECTION('',(0.,-1.,2.2E-16));
#6959 = DIRECTION('',(1.,0.,0.));
#6960 = PLANE('',#6961);
#6961 = AXIS2_PLACEMENT_3D('',#6962,#6963,#6964);
#6962 = CARTESIAN_POINT('',(-122.,190.,143.));
#6963 = DIRECTION('',(0.,1.,0.));
#6964 = DIRECTION('',(1.,0.,0.));
#6965 = ADVANCED_FACE('',(#6966),#6977,.F.);
#6966 = FACE_BOUND('',#6967,.T.);
#6967 = EDGE_LOOP('',(#6968,#6969,#6975,#6976));
#6968 = ORIENTED_EDGE('',*,*,#6932,.T.);
#6969 = ORIENTED_EDGE('',*,*,#6970,.T.);
#6970 = EDGE_CURVE('',#6933,#6953,#6971,.T.);
#6971 = LINE('',#6972,#6973);
#6972 = CARTESIAN_POINT('',(-76.,174.,143.));
#6973 = VECTOR('',#6974,1.);
#6974 = DIRECTION('',(0.,1.,0.));
#6975 = ORIENTED_EDGE('',*,*,#6952,.F.);
#6976 = ORIENTED_EDGE('',*,*,#6970,.F.);
#6977 = CYLINDRICAL_SURFACE('',#6978,46.);
#6978 = AXIS2_PLACEMENT_3D('',#6979,#6980,#6981);
#6979 = CARTESIAN_POINT('',(-122.,174.,143.));
#6980 = DIRECTION('',(-0.,-1.,0.));
#6981 = DIRECTION('',(1.,0.,0.));
#6982 = ( GEOMETRIC_REPRESENTATION_CONTEXT(3) 
GLOBAL_UNCERTAINTY_ASSIGNED_CONTEXT((#6986)) 
GLOBAL_UNIT_ASSIGNED_CONTEXT((#6983,#6984,#6985)) REPRESENTATION_CONTEXT
('Context #1','3D Context with UNIT and UNCERTAINTY') );
#6983 = ( LENGTH_UNIT() NAMED_UNIT(*) SI_UNIT(.MILLI.,.METRE.) );
#6984 = ( NAMED_UNIT(*) PLANE_ANGLE_UNIT() SI_UNIT($,.RADIAN.) );
#6985 = ( NAMED_UNIT(*) SI_UNIT($,.STERADIAN.) SOLID_ANGLE_UNIT() );
#6986 = UNCERTAINTY_MEASURE_WITH_UNIT(LENGTH_MEASURE(1.E-07),#6983,
  'distance_accuracy_value','confusion accuracy');
#6987 = CONTEXT_DEPENDENT_SHAPE_REPRESENTATION(#6988,#6990);
#6988 = ( REPRESENTATION_RELATIONSHIP('','',#6889,#10) 
REPRESENTATION_RELATIONSHIP_WITH_TRANSFORMATION(#6989) 
SHAPE_REPRESENTATION_RELATIONSHIP() );
#6989 = ITEM_DEFINED_TRANSFORMATION('','',#11,#119);
#6990 = PRODUCT_DEFINITION_SHAPE('Placement','Placement of an item',
  #6991);
#6991 = NEXT_ASSEMBLY_USAGE_OCCURRENCE('491','CRADLE_FOAM','',#5,#6884,$
  );
#6992 = PRODUCT_RELATED_PRODUCT_CATEGORY('part',$,(#6886));
#6993 = SHAPE_DEFINITION_REPRESENTATION(#6994,#7000);
#6994 = PRODUCT_DEFINITION_SHAPE('','',#6995);
#6995 = PRODUCT_DEFINITION('design','',#6996,#6999);
#6996 = PRODUCT_DEFINITION_FORMATION('','',#6997);
#6997 = PRODUCT('CRADLE_PIV','CRADLE_PIV','',(#6998));
#6998 = PRODUCT_CONTEXT('',#2,'mechanical');
#6999 = PRODUCT_DEFINITION_CONTEXT('part definition',#2,'design');
#7000 = ADVANCED_BREP_SHAPE_REPRESENTATION('',(#11,#7001),#7054);
#7001 = MANIFOLD_SOLID_BREP('',#7002);
#7002 = CLOSED_SHELL('',(#7003,#7036,#7045));
#7003 = ADVANCED_FACE('',(#7004),#7031,.T.);
#7004 = FACE_BOUND('',#7005,.F.);
#7005 = EDGE_LOOP('',(#7006,#7016,#7023,#7024));
#7006 = ORIENTED_EDGE('',*,*,#7007,.T.);
#7007 = EDGE_CURVE('',#7008,#7010,#7012,.T.);
#7008 = VERTEX_POINT('',#7009);
#7009 = CARTESIAN_POINT('',(-148.,183.,187.));
#7010 = VERTEX_POINT('',#7011);
#7011 = CARTESIAN_POINT('',(-91.,183.,187.));
#7012 = LINE('',#7013,#7014);
#7013 = CARTESIAN_POINT('',(-148.,183.,187.));
#7014 = VECTOR('',#7015,1.);
#7015 = DIRECTION('',(1.,0.,-2.22044604925E-16));
#7016 = ORIENTED_EDGE('',*,*,#7017,.T.);
#7017 = EDGE_CURVE('',#7010,#7010,#7018,.T.);
#7018 = CIRCLE('',#7019,4.);
#7019 = AXIS2_PLACEMENT_3D('',#7020,#7021,#7022);
#7020 = CARTESIAN_POINT('',(-91.,183.,191.));
#7021 = DIRECTION('',(1.,0.,-2.22044604925E-16));
#7022 = DIRECTION('',(-2.22044604925E-16,0.,-1.));
#7023 = ORIENTED_EDGE('',*,*,#7007,.F.);
#7024 = ORIENTED_EDGE('',*,*,#7025,.F.);
#7025 = EDGE_CURVE('',#7008,#7008,#7026,.T.);
#7026 = CIRCLE('',#7027,4.);
#7027 = AXIS2_PLACEMENT_3D('',#7028,#7029,#7030);
#7028 = CARTESIAN_POINT('',(-148.,183.,191.));
#7029 = DIRECTION('',(1.,0.,-2.22044604925E-16));
#7030 = DIRECTION('',(-2.22044604925E-16,0.,-1.));
#7031 = CYLINDRICAL_SURFACE('',#7032,4.);
#7032 = AXIS2_PLACEMENT_3D('',#7033,#7034,#7035);
#7033 = CARTESIAN_POINT('',(-148.,183.,191.));
#7034 = DIRECTION('',(-1.,-0.,2.22044604925E-16));
#7035 = DIRECTION('',(-2.22044604925E-16,0.,-1.));
#7036 = ADVANCED_FACE('',(#7037),#7040,.F.);
#7037 = FACE_BOUND('',#7038,.T.);
#7038 = EDGE_LOOP('',(#7039));
#7039 = ORIENTED_EDGE('',*,*,#7025,.F.);
#7040 = PLANE('',#7041);
#7041 = AXIS2_PLACEMENT_3D('',#7042,#7043,#7044);
#7042 = CARTESIAN_POINT('',(-148.,183.,191.));
#7043 = DIRECTION('',(1.,0.,-2.22044604925E-16));
#7044 = DIRECTION('',(-2.22044604925E-16,0.,-1.));
#7045 = ADVANCED_FACE('',(#7046),#7049,.T.);
#7046 = FACE_BOUND('',#7047,.F.);
#7047 = EDGE_LOOP('',(#7048));
#7048 = ORIENTED_EDGE('',*,*,#7017,.F.);
#7049 = PLANE('',#7050);
#7050 = AXIS2_PLACEMENT_3D('',#7051,#7052,#7053);
#7051 = CARTESIAN_POINT('',(-91.,183.,191.));
#7052 = DIRECTION('',(1.,0.,-2.22044604925E-16));
#7053 = DIRECTION('',(-2.22044604925E-16,0.,-1.));
#7054 = ( GEOMETRIC_REPRESENTATION_CONTEXT(3) 
GLOBAL_UNCERTAINTY_ASSIGNED_CONTEXT((#7058)) 
GLOBAL_UNIT_ASSIGNED_CONTEXT((#7055,#7056,#7057)) REPRESENTATION_CONTEXT
('Context #1','3D Context with UNIT and UNCERTAINTY') );
#7055 = ( LENGTH_UNIT() NAMED_UNIT(*) SI_UNIT(.MILLI.,.METRE.) );
#7056 = ( NAMED_UNIT(*) PLANE_ANGLE_UNIT() SI_UNIT($,.RADIAN.) );
#7057 = ( NAMED_UNIT(*) SI_UNIT($,.STERADIAN.) SOLID_ANGLE_UNIT() );
#7058 = UNCERTAINTY_MEASURE_WITH_UNIT(LENGTH_MEASURE(1.E-07),#7055,
  'distance_accuracy_value','confusion accuracy');
#7059 = CONTEXT_DEPENDENT_SHAPE_REPRESENTATION(#7060,#7062);
#7060 = ( REPRESENTATION_RELATIONSHIP('','',#7000,#10) 
REPRESENTATION_RELATIONSHIP_WITH_TRANSFORMATION(#7061) 
SHAPE_REPRESENTATION_RELATIONSHIP() );
#7061 = ITEM_DEFINED_TRANSFORMATION('','',#11,#123);
#7062 = PRODUCT_DEFINITION_SHAPE('Placement','Placement of an item',
  #7063);
#7063 = NEXT_ASSEMBLY_USAGE_OCCURRENCE('492','CRADLE_PIV','',#5,#6995,$
  );
#7064 = PRODUCT_RELATED_PRODUCT_CATEGORY('part',$,(#6997));
#7065 = SHAPE_DEFINITION_REPRESENTATION(#7066,#7072);
#7066 = PRODUCT_DEFINITION_SHAPE('','',#7067);
#7067 = PRODUCT_DEFINITION('design','',#7068,#7071);
#7068 = PRODUCT_DEFINITION_FORMATION('','',#7069);
#7069 = PRODUCT('CRADLE_COL_0','CRADLE_COL_0','',(#7070));
#7070 = PRODUCT_CONTEXT('',#2,'mechanical');
#7071 = PRODUCT_DEFINITION_CONTEXT('part definition',#2,'design');
#7072 = ADVANCED_BREP_SHAPE_REPRESENTATION('',(#11,#7073),#7165);
#7073 = MANIFOLD_SOLID_BREP('',#7074);
#7074 = CLOSED_SHELL('',(#7075,#7108,#7128,#7148));
#7075 = ADVANCED_FACE('',(#7076),#7103,.T.);
#7076 = FACE_BOUND('',#7077,.F.);
#7077 = EDGE_LOOP('',(#7078,#7088,#7095,#7096));
#7078 = ORIENTED_EDGE('',*,*,#7079,.T.);
#7079 = EDGE_CURVE('',#7080,#7082,#7084,.T.);
#7080 = VERTEX_POINT('',#7081);
#7081 = CARTESIAN_POINT('',(-153.,183.,184.));
#7082 = VERTEX_POINT('',#7083);
#7083 = CARTESIAN_POINT('',(-148.,183.,184.));
#7084 = LINE('',#7085,#7086);
#7085 = CARTESIAN_POINT('',(-153.,183.,184.));
#7086 = VECTOR('',#7087,1.);
#7087 = DIRECTION('',(1.,0.,0.));
#7088 = ORIENTED_EDGE('',*,*,#7089,.T.);
#7089 = EDGE_CURVE('',#7082,#7082,#7090,.T.);
#7090 = CIRCLE('',#7091,7.);
#7091 = AXIS2_PLACEMENT_3D('',#7092,#7093,#7094);
#7092 = CARTESIAN_POINT('',(-148.,183.,191.));
#7093 = DIRECTION('',(1.,-0.,0.));
#7094 = DIRECTION('',(0.,0.,-1.));
#7095 = ORIENTED_EDGE('',*,*,#7079,.F.);
#7096 = ORIENTED_EDGE('',*,*,#7097,.F.);
#7097 = EDGE_CURVE('',#7080,#7080,#7098,.T.);
#7098 = CIRCLE('',#7099,7.);
#7099 = AXIS2_PLACEMENT_3D('',#7100,#7101,#7102);
#7100 = CARTESIAN_POINT('',(-153.,183.,191.));
#7101 = DIRECTION('',(1.,-0.,0.));
#7102 = DIRECTION('',(0.,0.,-1.));
#7103 = CYLINDRICAL_SURFACE('',#7104,7.);
#7104 = AXIS2_PLACEMENT_3D('',#7105,#7106,#7107);
#7105 = CARTESIAN_POINT('',(-153.,183.,191.));
#7106 = DIRECTION('',(-1.,-0.,0.));
#7107 = DIRECTION('',(0.,0.,-1.));
#7108 = ADVANCED_FACE('',(#7109,#7112),#7123,.F.);
#7109 = FACE_BOUND('',#7110,.F.);
#7110 = EDGE_LOOP('',(#7111));
#7111 = ORIENTED_EDGE('',*,*,#7097,.T.);
#7112 = FACE_BOUND('',#7113,.F.);
#7113 = EDGE_LOOP('',(#7114));
#7114 = ORIENTED_EDGE('',*,*,#7115,.T.);
#7115 = EDGE_CURVE('',#7116,#7116,#7118,.T.);
#7116 = VERTEX_POINT('',#7117);
#7117 = CARTESIAN_POINT('',(-153.,183.,186.75));
#7118 = CIRCLE('',#7119,4.25);
#7119 = AXIS2_PLACEMENT_3D('',#7120,#7121,#7122);
#7120 = CARTESIAN_POINT('',(-153.,183.,191.));
#7121 = DIRECTION('',(-1.,0.,2.2E-16));
#7122 = DIRECTION('',(-2.2E-16,0.,-1.));
#7123 = PLANE('',#7124);
#7124 = AXIS2_PLACEMENT_3D('',#7125,#7126,#7127);
#7125 = CARTESIAN_POINT('',(-153.,183.,191.));
#7126 = DIRECTION('',(1.,0.,0.));
#7127 = DIRECTION('',(0.,0.,-1.));
#7128 = ADVANCED_FACE('',(#7129,#7132),#7143,.T.);
#7129 = FACE_BOUND('',#7130,.T.);
#7130 = EDGE_LOOP('',(#7131));
#7131 = ORIENTED_EDGE('',*,*,#7089,.T.);
#7132 = FACE_BOUND('',#7133,.T.);
#7133 = EDGE_LOOP('',(#7134));
#7134 = ORIENTED_EDGE('',*,*,#7135,.T.);
#7135 = EDGE_CURVE('',#7136,#7136,#7138,.T.);
#7136 = VERTEX_POINT('',#7137);
#7137 = CARTESIAN_POINT('',(-148.,183.,186.75));
#7138 = CIRCLE('',#7139,4.25);
#7139 = AXIS2_PLACEMENT_3D('',#7140,#7141,#7142);
#7140 = CARTESIAN_POINT('',(-148.,183.,191.));
#7141 = DIRECTION('',(-1.,0.,2.2E-16));
#7142 = DIRECTION('',(-2.2E-16,0.,-1.));
#7143 = PLANE('',#7144);
#7144 = AXIS2_PLACEMENT_3D('',#7145,#7146,#7147);
#7145 = CARTESIAN_POINT('',(-148.,183.,191.));
#7146 = DIRECTION('',(1.,0.,0.));
#7147 = DIRECTION('',(0.,0.,-1.));
#7148 = ADVANCED_FACE('',(#7149),#7160,.F.);
#7149 = FACE_BOUND('',#7150,.T.);
#7150 = EDGE_LOOP('',(#7151,#7152,#7158,#7159));
#7151 = ORIENTED_EDGE('',*,*,#7115,.T.);
#7152 = ORIENTED_EDGE('',*,*,#7153,.T.);
#7153 = EDGE_CURVE('',#7116,#7136,#7154,.T.);
#7154 = LINE('',#7155,#7156);
#7155 = CARTESIAN_POINT('',(-154.,183.,186.75));
#7156 = VECTOR('',#7157,1.);
#7157 = DIRECTION('',(1.,0.,0.));
#7158 = ORIENTED_EDGE('',*,*,#7135,.F.);
#7159 = ORIENTED_EDGE('',*,*,#7153,.F.);
#7160 = CYLINDRICAL_SURFACE('',#7161,4.25);
#7161 = AXIS2_PLACEMENT_3D('',#7162,#7163,#7164);
#7162 = CARTESIAN_POINT('',(-154.,183.,191.));
#7163 = DIRECTION('',(-1.,-0.,0.));
#7164 = DIRECTION('',(0.,0.,-1.));
#7165 = ( GEOMETRIC_REPRESENTATION_CONTEXT(3) 
GLOBAL_UNCERTAINTY_ASSIGNED_CONTEXT((#7169)) 
GLOBAL_UNIT_ASSIGNED_CONTEXT((#7166,#7167,#7168)) REPRESENTATION_CONTEXT
('Context #1','3D Context with UNIT and UNCERTAINTY') );
#7166 = ( LENGTH_UNIT() NAMED_UNIT(*) SI_UNIT(.MILLI.,.METRE.) );
#7167 = ( NAMED_UNIT(*) PLANE_ANGLE_UNIT() SI_UNIT($,.RADIAN.) );
#7168 = ( NAMED_UNIT(*) SI_UNIT($,.STERADIAN.) SOLID_ANGLE_UNIT() );
#7169 = UNCERTAINTY_MEASURE_WITH_UNIT(LENGTH_MEASURE(1.E-07),#7166,
  'distance_accuracy_value','confusion accuracy');
#7170 = CONTEXT_DEPENDENT_SHAPE_REPRESENTATION(#7171,#7173);
#7171 = ( REPRESENTATION_RELATIONSHIP('','',#7072,#10) 
REPRESENTATION_RELATIONSHIP_WITH_TRANSFORMATION(#7172) 
SHAPE_REPRESENTATION_RELATIONSHIP() );
#7172 = ITEM_DEFINED_TRANSFORMATION('','',#11,#127);
#7173 = PRODUCT_DEFINITION_SHAPE('Placement','Placement of an item',
  #7174);
#7174 = NEXT_ASSEMBLY_USAGE_OCCURRENCE('493','CRADLE_COL_0','',#5,#7067,
  $);
#7175 = PRODUCT_RELATED_PRODUCT_CATEGORY('part',$,(#7069));
#7176 = SHAPE_DEFINITION_REPRESENTATION(#7177,#7183);
#7177 = PRODUCT_DEFINITION_SHAPE('','',#7178);
#7178 = PRODUCT_DEFINITION('design','',#7179,#7182);
#7179 = PRODUCT_DEFINITION_FORMATION('','',#7180);
#7180 = PRODUCT('CRADLE_COL_1','CRADLE_COL_1','',(#7181));
#7181 = PRODUCT_CONTEXT('',#2,'mechanical');
#7182 = PRODUCT_DEFINITION_CONTEXT('part definition',#2,'design');
#7183 = ADVANCED_BREP_SHAPE_REPRESENTATION('',(#11,#7184),#7276);
#7184 = MANIFOLD_SOLID_BREP('',#7185);
#7185 = CLOSED_SHELL('',(#7186,#7219,#7239,#7259));
#7186 = ADVANCED_FACE('',(#7187),#7214,.T.);
#7187 = FACE_BOUND('',#7188,.F.);
#7188 = EDGE_LOOP('',(#7189,#7199,#7206,#7207));
#7189 = ORIENTED_EDGE('',*,*,#7190,.T.);
#7190 = EDGE_CURVE('',#7191,#7193,#7195,.T.);
#7191 = VERTEX_POINT('',#7192);
#7192 = CARTESIAN_POINT('',(-94.,183.,184.));
#7193 = VERTEX_POINT('',#7194);
#7194 = CARTESIAN_POINT('',(-89.,183.,184.));
#7195 = LINE('',#7196,#7197);
#7196 = CARTESIAN_POINT('',(-94.,183.,184.));
#7197 = VECTOR('',#7198,1.);
#7198 = DIRECTION('',(1.,0.,0.));
#7199 = ORIENTED_EDGE('',*,*,#7200,.T.);
#7200 = EDGE_CURVE('',#7193,#7193,#7201,.T.);
#7201 = CIRCLE('',#7202,7.);
#7202 = AXIS2_PLACEMENT_3D('',#7203,#7204,#7205);
#7203 = CARTESIAN_POINT('',(-89.,183.,191.));
#7204 = DIRECTION('',(1.,-0.,0.));
#7205 = DIRECTION('',(0.,0.,-1.));
#7206 = ORIENTED_EDGE('',*,*,#7190,.F.);
#7207 = ORIENTED_EDGE('',*,*,#7208,.F.);
#7208 = EDGE_CURVE('',#7191,#7191,#7209,.T.);
#7209 = CIRCLE('',#7210,7.);
#7210 = AXIS2_PLACEMENT_3D('',#7211,#7212,#7213);
#7211 = CARTESIAN_POINT('',(-94.,183.,191.));
#7212 = DIRECTION('',(1.,-0.,0.));
#7213 = DIRECTION('',(0.,0.,-1.));
#7214 = CYLINDRICAL_SURFACE('',#7215,7.);
#7215 = AXIS2_PLACEMENT_3D('',#7216,#7217,#7218);
#7216 = CARTESIAN_POINT('',(-94.,183.,191.));
#7217 = DIRECTION('',(-1.,-0.,0.));
#7218 = DIRECTION('',(0.,0.,-1.));
#7219 = ADVANCED_FACE('',(#7220,#7223),#7234,.F.);
#7220 = FACE_BOUND('',#7221,.F.);
#7221 = EDGE_LOOP('',(#7222));
#7222 = ORIENTED_EDGE('',*,*,#7208,.T.);
#7223 = FACE_BOUND('',#7224,.F.);
#7224 = EDGE_LOOP('',(#7225));
#7225 = ORIENTED_EDGE('',*,*,#7226,.T.);
#7226 = EDGE_CURVE('',#7227,#7227,#7229,.T.);
#7227 = VERTEX_POINT('',#7228);
#7228 = CARTESIAN_POINT('',(-94.,183.,186.75));
#7229 = CIRCLE('',#7230,4.25);
#7230 = AXIS2_PLACEMENT_3D('',#7231,#7232,#7233);
#7231 = CARTESIAN_POINT('',(-94.,183.,191.));
#7232 = DIRECTION('',(-1.,0.,2.2E-16));
#7233 = DIRECTION('',(-2.2E-16,0.,-1.));
#7234 = PLANE('',#7235);
#7235 = AXIS2_PLACEMENT_3D('',#7236,#7237,#7238);
#7236 = CARTESIAN_POINT('',(-94.,183.,191.));
#7237 = DIRECTION('',(1.,0.,0.));
#7238 = DIRECTION('',(0.,0.,-1.));
#7239 = ADVANCED_FACE('',(#7240,#7243),#7254,.T.);
#7240 = FACE_BOUND('',#7241,.T.);
#7241 = EDGE_LOOP('',(#7242));
#7242 = ORIENTED_EDGE('',*,*,#7200,.T.);
#7243 = FACE_BOUND('',#7244,.T.);
#7244 = EDGE_LOOP('',(#7245));
#7245 = ORIENTED_EDGE('',*,*,#7246,.T.);
#7246 = EDGE_CURVE('',#7247,#7247,#7249,.T.);
#7247 = VERTEX_POINT('',#7248);
#7248 = CARTESIAN_POINT('',(-89.,183.,186.75));
#7249 = CIRCLE('',#7250,4.25);
#7250 = AXIS2_PLACEMENT_3D('',#7251,#7252,#7253);
#7251 = CARTESIAN_POINT('',(-89.,183.,191.));
#7252 = DIRECTION('',(-1.,0.,2.2E-16));
#7253 = DIRECTION('',(-2.2E-16,0.,-1.));
#7254 = PLANE('',#7255);
#7255 = AXIS2_PLACEMENT_3D('',#7256,#7257,#7258);
#7256 = CARTESIAN_POINT('',(-89.,183.,191.));
#7257 = DIRECTION('',(1.,0.,0.));
#7258 = DIRECTION('',(0.,0.,-1.));
#7259 = ADVANCED_FACE('',(#7260),#7271,.F.);
#7260 = FACE_BOUND('',#7261,.T.);
#7261 = EDGE_LOOP('',(#7262,#7263,#7269,#7270));
#7262 = ORIENTED_EDGE('',*,*,#7226,.T.);
#7263 = ORIENTED_EDGE('',*,*,#7264,.T.);
#7264 = EDGE_CURVE('',#7227,#7247,#7265,.T.);
#7265 = LINE('',#7266,#7267);
#7266 = CARTESIAN_POINT('',(-95.,183.,186.75));
#7267 = VECTOR('',#7268,1.);
#7268 = DIRECTION('',(1.,0.,0.));
#7269 = ORIENTED_EDGE('',*,*,#7246,.F.);
#7270 = ORIENTED_EDGE('',*,*,#7264,.F.);
#7271 = CYLINDRICAL_SURFACE('',#7272,4.25);
#7272 = AXIS2_PLACEMENT_3D('',#7273,#7274,#7275);
#7273 = CARTESIAN_POINT('',(-95.,183.,191.));
#7274 = DIRECTION('',(-1.,-0.,0.));
#7275 = DIRECTION('',(0.,0.,-1.));
#7276 = ( GEOMETRIC_REPRESENTATION_CONTEXT(3) 
GLOBAL_UNCERTAINTY_ASSIGNED_CONTEXT((#7280)) 
GLOBAL_UNIT_ASSIGNED_CONTEXT((#7277,#7278,#7279)) REPRESENTATION_CONTEXT
('Context #1','3D Context with UNIT and UNCERTAINTY') );
#7277 = ( LENGTH_UNIT() NAMED_UNIT(*) SI_UNIT(.MILLI.,.METRE.) );
#7278 = ( NAMED_UNIT(*) PLANE_ANGLE_UNIT() SI_UNIT($,.RADIAN.) );
#7279 = ( NAMED_UNIT(*) SI_UNIT($,.STERADIAN.) SOLID_ANGLE_UNIT() );
#7280 = UNCERTAINTY_MEASURE_WITH_UNIT(LENGTH_MEASURE(1.E-07),#7277,
  'distance_accuracy_value','confusion accuracy');
#7281 = CONTEXT_DEPENDENT_SHAPE_REPRESENTATION(#7282,#7284);
#7282 = ( REPRESENTATION_RELATIONSHIP('','',#7183,#10) 
REPRESENTATION_RELATIONSHIP_WITH_TRANSFORMATION(#7283) 
SHAPE_REPRESENTATION_RELATIONSHIP() );
#7283 = ITEM_DEFINED_TRANSFORMATION('','',#11,#131);
#7284 = PRODUCT_DEFINITION_SHAPE('Placement','Placement of an item',
  #7285);
#7285 = NEXT_ASSEMBLY_USAGE_OCCURRENCE('494','CRADLE_COL_1','',#5,#7178,
  $);
#7286 = PRODUCT_RELATED_PRODUCT_CATEGORY('part',$,(#7180));
#7287 = SHAPE_DEFINITION_REPRESENTATION(#7288,#7294);
#7288 = PRODUCT_DEFINITION_SHAPE('','',#7289);
#7289 = PRODUCT_DEFINITION('design','',#7290,#7293);
#7290 = PRODUCT_DEFINITION_FORMATION('','',#7291);
#7291 = PRODUCT('TILT_SERVO','TILT_SERVO','',(#7292));
#7292 = PRODUCT_CONTEXT('',#2,'mechanical');
#7293 = PRODUCT_DEFINITION_CONTEXT('part definition',#2,'design');
#7294 = ADVANCED_BREP_SHAPE_REPRESENTATION('',(#11,#7295),#7645);
#7295 = MANIFOLD_SOLID_BREP('',#7296);
#7296 = CLOSED_SHELL('',(#7297,#7337,#7368,#7392,#7480,#7497,#7526,#7561
    ,#7579,#7622,#7633));
#7297 = ADVANCED_FACE('',(#7298),#7332,.F.);
#7298 = FACE_BOUND('',#7299,.F.);
#7299 = EDGE_LOOP('',(#7300,#7310,#7318,#7326));
#7300 = ORIENTED_EDGE('',*,*,#7301,.F.);
#7301 = EDGE_CURVE('',#7302,#7304,#7306,.T.);
#7302 = VERTEX_POINT('',#7303);
#7303 = CARTESIAN_POINT('',(-112.,170.,183.));
#7304 = VERTEX_POINT('',#7305);
#7305 = CARTESIAN_POINT('',(-112.,170.,199.));
#7306 = LINE('',#7307,#7308);
#7307 = CARTESIAN_POINT('',(-112.,170.,183.));
#7308 = VECTOR('',#7309,1.);
#7309 = DIRECTION('',(0.,0.,1.));
#7310 = ORIENTED_EDGE('',*,*,#7311,.T.);
#7311 = EDGE_CURVE('',#7302,#7312,#7314,.T.);
#7312 = VERTEX_POINT('',#7313);
#7313 = CARTESIAN_POINT('',(-112.,184.,183.));
#7314 = LINE('',#7315,#7316);
#7315 = CARTESIAN_POINT('',(-112.,170.,183.));
#7316 = VECTOR('',#7317,1.);
#7317 = DIRECTION('',(0.,1.,0.));
#7318 = ORIENTED_EDGE('',*,*,#7319,.T.);
#7319 = EDGE_CURVE('',#7312,#7320,#7322,.T.);
#7320 = VERTEX_POINT('',#7321);
#7321 = CARTESIAN_POINT('',(-112.,184.,199.));
#7322 = LINE('',#7323,#7324);
#7323 = CARTESIAN_POINT('',(-112.,184.,183.));
#7324 = VECTOR('',#7325,1.);
#7325 = DIRECTION('',(0.,0.,1.));
#7326 = ORIENTED_EDGE('',*,*,#7327,.F.);
#7327 = EDGE_CURVE('',#7304,#7320,#7328,.T.);
#7328 = LINE('',#7329,#7330);
#7329 = CARTESIAN_POINT('',(-112.,170.,199.));
#7330 = VECTOR('',#7331,1.);
#7331 = DIRECTION('',(0.,1.,0.));
#7332 = PLANE('',#7333);
#7333 = AXIS2_PLACEMENT_3D('',#7334,#7335,#7336);
#7334 = CARTESIAN_POINT('',(-112.,170.,183.));
#7335 = DIRECTION('',(1.,0.,0.));
#7336 = DIRECTION('',(0.,0.,1.));
#7337 = ADVANCED_FACE('',(#7338),#7363,.F.);
#7338 = FACE_BOUND('',#7339,.F.);
#7339 = EDGE_LOOP('',(#7340,#7348,#7349,#7357));
#7340 = ORIENTED_EDGE('',*,*,#7341,.F.);
#7341 = EDGE_CURVE('',#7302,#7342,#7344,.T.);
#7342 = VERTEX_POINT('',#7343);
#7343 = CARTESIAN_POINT('',(-100.,170.,183.));
#7344 = LINE('',#7345,#7346);
#7345 = CARTESIAN_POINT('',(-112.,170.,183.));
#7346 = VECTOR('',#7347,1.);
#7347 = DIRECTION('',(1.,0.,0.));
#7348 = ORIENTED_EDGE('',*,*,#7301,.T.);
#7349 = ORIENTED_EDGE('',*,*,#7350,.T.);
#7350 = EDGE_CURVE('',#7304,#7351,#7353,.T.);
#7351 = VERTEX_POINT('',#7352);
#7352 = CARTESIAN_POINT('',(-100.,170.,199.));
#7353 = LINE('',#7354,#7355);
#7354 = CARTESIAN_POINT('',(-112.,170.,199.));
#7355 = VECTOR('',#7356,1.);
#7356 = DIRECTION('',(1.,0.,0.));
#7357 = ORIENTED_EDGE('',*,*,#7358,.F.);
#7358 = EDGE_CURVE('',#7342,#7351,#7359,.T.);
#7359 = LINE('',#7360,#7361);
#7360 = CARTESIAN_POINT('',(-100.,170.,183.));
#7361 = VECTOR('',#7362,1.);
#7362 = DIRECTION('',(0.,0.,1.));
#7363 = PLANE('',#7364);
#7364 = AXIS2_PLACEMENT_3D('',#7365,#7366,#7367);
#7365 = CARTESIAN_POINT('',(-112.,170.,183.));
#7366 = DIRECTION('',(0.,1.,0.));
#7367 = DIRECTION('',(0.,0.,1.));
#7368 = ADVANCED_FACE('',(#7369),#7387,.T.);
#7369 = FACE_BOUND('',#7370,.T.);
#7370 = EDGE_LOOP('',(#7371,#7372,#7373,#7381));
#7371 = ORIENTED_EDGE('',*,*,#7327,.F.);
#7372 = ORIENTED_EDGE('',*,*,#7350,.T.);
#7373 = ORIENTED_EDGE('',*,*,#7374,.T.);
#7374 = EDGE_CURVE('',#7351,#7375,#7377,.T.);
#7375 = VERTEX_POINT('',#7376);
#7376 = CARTESIAN_POINT('',(-100.,184.,199.));
#7377 = LINE('',#7378,#7379);
#7378 = CARTESIAN_POINT('',(-100.,170.,199.));
#7379 = VECTOR('',#7380,1.);
#7380 = DIRECTION('',(0.,1.,0.));
#7381 = ORIENTED_EDGE('',*,*,#7382,.F.);
#7382 = EDGE_CURVE('',#7320,#7375,#7383,.T.);
#7383 = LINE('',#7384,#7385);
#7384 = CARTESIAN_POINT('',(-112.,184.,199.));
#7385 = VECTOR('',#7386,1.);
#7386 = DIRECTION('',(1.,0.,0.));
#7387 = PLANE('',#7388);
#7388 = AXIS2_PLACEMENT_3D('',#7389,#7390,#7391);
#7389 = CARTESIAN_POINT('',(-112.,170.,199.));
#7390 = DIRECTION('',(0.,0.,1.));
#7391 = DIRECTION('',(1.,0.,0.));
#7392 = ADVANCED_FACE('',(#7393),#7475,.T.);
#7393 = FACE_BOUND('',#7394,.T.);
#7394 = EDGE_LOOP('',(#7395,#7405,#7411,#7412,#7413,#7421,#7429,#7437,
    #7445,#7453,#7461,#7469));
#7395 = ORIENTED_EDGE('',*,*,#7396,.F.);
#7396 = EDGE_CURVE('',#7397,#7399,#7401,.T.);
#7397 = VERTEX_POINT('',#7398);
#7398 = CARTESIAN_POINT('',(-100.,184.,183.));
#7399 = VERTEX_POINT('',#7400);
#7400 = CARTESIAN_POINT('',(-100.,184.,184.07179676972));
#7401 = LINE('',#7402,#7403);
#7402 = CARTESIAN_POINT('',(-100.,184.,183.));
#7403 = VECTOR('',#7404,1.);
#7404 = DIRECTION('',(0.,0.,1.));
#7405 = ORIENTED_EDGE('',*,*,#7406,.F.);
#7406 = EDGE_CURVE('',#7312,#7397,#7407,.T.);
#7407 = LINE('',#7408,#7409);
#7408 = CARTESIAN_POINT('',(-112.,184.,183.));
#7409 = VECTOR('',#7410,1.);
#7410 = DIRECTION('',(1.,0.,0.));
#7411 = ORIENTED_EDGE('',*,*,#7319,.T.);
#7412 = ORIENTED_EDGE('',*,*,#7382,.T.);
#7413 = ORIENTED_EDGE('',*,*,#7414,.F.);
#7414 = EDGE_CURVE('',#7415,#7375,#7417,.T.);
#7415 = VERTEX_POINT('',#7416);
#7416 = CARTESIAN_POINT('',(-100.,184.,197.92820323027));
#7417 = LINE('',#7418,#7419);
#7418 = CARTESIAN_POINT('',(-100.,184.,183.));
#7419 = VECTOR('',#7420,1.);
#7420 = DIRECTION('',(0.,0.,1.));
#7421 = ORIENTED_EDGE('',*,*,#7422,.T.);
#7422 = EDGE_CURVE('',#7415,#7423,#7425,.T.);
#7423 = VERTEX_POINT('',#7424);
#7424 = CARTESIAN_POINT('',(-103.,184.,197.92820323027));
#7425 = LINE('',#7426,#7427);
#7426 = CARTESIAN_POINT('',(-103.,184.,197.92820323027));
#7427 = VECTOR('',#7428,1.);
#7428 = DIRECTION('',(-1.,0.,2.2E-16));
#7429 = ORIENTED_EDGE('',*,*,#7430,.T.);
#7430 = EDGE_CURVE('',#7423,#7431,#7433,.T.);
#7431 = VERTEX_POINT('',#7432);
#7432 = CARTESIAN_POINT('',(-103.,184.,195.13067791046));
#7433 = LINE('',#7434,#7435);
#7434 = CARTESIAN_POINT('',(-103.,184.,187.));
#7435 = VECTOR('',#7436,1.);
#7436 = DIRECTION('',(-2.2E-16,0.,-1.));
#7437 = ORIENTED_EDGE('',*,*,#7438,.F.);
#7438 = EDGE_CURVE('',#7439,#7431,#7441,.T.);
#7439 = VERTEX_POINT('',#7440);
#7440 = CARTESIAN_POINT('',(-100.,184.,195.13067791046));
#7441 = LINE('',#7442,#7443);
#7442 = CARTESIAN_POINT('',(-104.,184.,195.13067791046));
#7443 = VECTOR('',#7444,1.);
#7444 = DIRECTION('',(-1.,0.,2.2E-16));
#7445 = ORIENTED_EDGE('',*,*,#7446,.F.);
#7446 = EDGE_CURVE('',#7447,#7439,#7449,.T.);
#7447 = VERTEX_POINT('',#7448);
#7448 = CARTESIAN_POINT('',(-100.,184.,186.86932208953));
#7449 = LINE('',#7450,#7451);
#7450 = CARTESIAN_POINT('',(-100.,184.,183.));
#7451 = VECTOR('',#7452,1.);
#7452 = DIRECTION('',(0.,0.,1.));
#7453 = ORIENTED_EDGE('',*,*,#7454,.T.);
#7454 = EDGE_CURVE('',#7447,#7455,#7457,.T.);
#7455 = VERTEX_POINT('',#7456);
#7456 = CARTESIAN_POINT('',(-103.,184.,186.86932208953));
#7457 = LINE('',#7458,#7459);
#7458 = CARTESIAN_POINT('',(-104.,184.,186.86932208953));
#7459 = VECTOR('',#7460,1.);
#7460 = DIRECTION('',(-1.,0.,2.2E-16));
#7461 = ORIENTED_EDGE('',*,*,#7462,.T.);
#7462 = EDGE_CURVE('',#7455,#7463,#7465,.T.);
#7463 = VERTEX_POINT('',#7464);
#7464 = CARTESIAN_POINT('',(-103.,184.,184.07179676972));
#7465 = LINE('',#7466,#7467);
#7466 = CARTESIAN_POINT('',(-103.,184.,187.));
#7467 = VECTOR('',#7468,1.);
#7468 = DIRECTION('',(-2.2E-16,0.,-1.));
#7469 = ORIENTED_EDGE('',*,*,#7470,.F.);
#7470 = EDGE_CURVE('',#7399,#7463,#7471,.T.);
#7471 = LINE('',#7472,#7473);
#7472 = CARTESIAN_POINT('',(-103.,184.,184.07179676972));
#7473 = VECTOR('',#7474,1.);
#7474 = DIRECTION('',(-1.,0.,2.2E-16));
#7475 = PLANE('',#7476);
#7476 = AXIS2_PLACEMENT_3D('',#7477,#7478,#7479);
#7477 = CARTESIAN_POINT('',(-112.,184.,183.));
#7478 = DIRECTION('',(0.,1.,0.));
#7479 = DIRECTION('',(0.,0.,1.));
#7480 = ADVANCED_FACE('',(#7481),#7492,.F.);
#7481 = FACE_BOUND('',#7482,.F.);
#7482 = EDGE_LOOP('',(#7483,#7484,#7485,#7491));
#7483 = ORIENTED_EDGE('',*,*,#7311,.F.);
#7484 = ORIENTED_EDGE('',*,*,#7341,.T.);
#7485 = ORIENTED_EDGE('',*,*,#7486,.T.);
#7486 = EDGE_CURVE('',#7342,#7397,#7487,.T.);
#7487 = LINE('',#7488,#7489);
#7488 = CARTESIAN_POINT('',(-100.,170.,183.));
#7489 = VECTOR('',#7490,1.);
#7490 = DIRECTION('',(0.,1.,0.));
#7491 = ORIENTED_EDGE('',*,*,#7406,.F.);
#7492 = PLANE('',#7493);
#7493 = AXIS2_PLACEMENT_3D('',#7494,#7495,#7496);
#7494 = CARTESIAN_POINT('',(-112.,170.,183.));
#7495 = DIRECTION('',(0.,0.,1.));
#7496 = DIRECTION('',(1.,0.,0.));
#7497 = ADVANCED_FACE('',(#7498),#7521,.T.);
#7498 = FACE_BOUND('',#7499,.T.);
#7499 = EDGE_LOOP('',(#7500,#7501,#7502,#7503,#7504,#7513,#7520));
#7500 = ORIENTED_EDGE('',*,*,#7374,.F.);
#7501 = ORIENTED_EDGE('',*,*,#7358,.F.);
#7502 = ORIENTED_EDGE('',*,*,#7486,.T.);
#7503 = ORIENTED_EDGE('',*,*,#7396,.T.);
#7504 = ORIENTED_EDGE('',*,*,#7505,.T.);
#7505 = EDGE_CURVE('',#7399,#7506,#7508,.T.);
#7506 = VERTEX_POINT('',#7507);
#7507 = CARTESIAN_POINT('',(-100.,183.,184.));
#7508 = CIRCLE('',#7509,7.);
#7509 = AXIS2_PLACEMENT_3D('',#7510,#7511,#7512);
#7510 = CARTESIAN_POINT('',(-100.,183.,191.));
#7511 = DIRECTION('',(-1.,0.,2.2E-16));
#7512 = DIRECTION('',(-2.2E-16,0.,-1.));
#7513 = ORIENTED_EDGE('',*,*,#7514,.T.);
#7514 = EDGE_CURVE('',#7506,#7415,#7515,.T.);
#7515 = CIRCLE('',#7516,7.);
#7516 = AXIS2_PLACEMENT_3D('',#7517,#7518,#7519);
#7517 = CARTESIAN_POINT('',(-100.,183.,191.));
#7518 = DIRECTION('',(-1.,0.,2.2E-16));
#7519 = DIRECTION('',(-2.2E-16,0.,-1.));
#7520 = ORIENTED_EDGE('',*,*,#7414,.T.);
#7521 = PLANE('',#7522);
#7522 = AXIS2_PLACEMENT_3D('',#7523,#7524,#7525);
#7523 = CARTESIAN_POINT('',(-100.,170.,183.));
#7524 = DIRECTION('',(1.,0.,0.));
#7525 = DIRECTION('',(0.,0.,1.));
#7526 = ADVANCED_FACE('',(#7527),#7556,.T.);
#7527 = FACE_BOUND('',#7528,.F.);
#7528 = EDGE_LOOP('',(#7529,#7530,#7538,#7545,#7546,#7547,#7548,#7555));
#7529 = ORIENTED_EDGE('',*,*,#7505,.T.);
#7530 = ORIENTED_EDGE('',*,*,#7531,.T.);
#7531 = EDGE_CURVE('',#7506,#7532,#7534,.T.);
#7532 = VERTEX_POINT('',#7533);
#7533 = CARTESIAN_POINT('',(-98.,183.,184.));
#7534 = LINE('',#7535,#7536);
#7535 = CARTESIAN_POINT('',(-103.,183.,184.));
#7536 = VECTOR('',#7537,1.);
#7537 = DIRECTION('',(1.,0.,0.));
#7538 = ORIENTED_EDGE('',*,*,#7539,.T.);
#7539 = EDGE_CURVE('',#7532,#7532,#7540,.T.);
#7540 = CIRCLE('',#7541,7.);
#7541 = AXIS2_PLACEMENT_3D('',#7542,#7543,#7544);
#7542 = CARTESIAN_POINT('',(-98.,183.,191.));
#7543 = DIRECTION('',(1.,-0.,0.));
#7544 = DIRECTION('',(0.,0.,-1.));
#7545 = ORIENTED_EDGE('',*,*,#7531,.F.);
#7546 = ORIENTED_EDGE('',*,*,#7514,.T.);
#7547 = ORIENTED_EDGE('',*,*,#7422,.T.);
#7548 = ORIENTED_EDGE('',*,*,#7549,.F.);
#7549 = EDGE_CURVE('',#7463,#7423,#7550,.T.);
#7550 = CIRCLE('',#7551,7.);
#7551 = AXIS2_PLACEMENT_3D('',#7552,#7553,#7554);
#7552 = CARTESIAN_POINT('',(-103.,183.,191.));
#7553 = DIRECTION('',(1.,-0.,0.));
#7554 = DIRECTION('',(0.,0.,-1.));
#7555 = ORIENTED_EDGE('',*,*,#7470,.F.);
#7556 = CYLINDRICAL_SURFACE('',#7557,7.);
#7557 = AXIS2_PLACEMENT_3D('',#7558,#7559,#7560);
#7558 = CARTESIAN_POINT('',(-103.,183.,191.));
#7559 = DIRECTION('',(-1.,-0.,0.));
#7560 = DIRECTION('',(0.,0.,-1.));
#7561 = ADVANCED_FACE('',(#7562),#7574,.F.);
#7562 = FACE_BOUND('',#7563,.F.);
#7563 = EDGE_LOOP('',(#7564,#7565,#7566,#7567));
#7564 = ORIENTED_EDGE('',*,*,#7462,.T.);
#7565 = ORIENTED_EDGE('',*,*,#7549,.T.);
#7566 = ORIENTED_EDGE('',*,*,#7430,.T.);
#7567 = ORIENTED_EDGE('',*,*,#7568,.T.);
#7568 = EDGE_CURVE('',#7431,#7455,#7569,.T.);
#7569 = CIRCLE('',#7570,4.25);
#7570 = AXIS2_PLACEMENT_3D('',#7571,#7572,#7573);
#7571 = CARTESIAN_POINT('',(-103.,183.,191.));
#7572 = DIRECTION('',(-1.,0.,2.2E-16));
#7573 = DIRECTION('',(-2.2E-16,0.,-1.));
#7574 = PLANE('',#7575);
#7575 = AXIS2_PLACEMENT_3D('',#7576,#7577,#7578);
#7576 = CARTESIAN_POINT('',(-103.,183.,191.));
#7577 = DIRECTION('',(1.,0.,0.));
#7578 = DIRECTION('',(0.,0.,-1.));
#7579 = ADVANCED_FACE('',(#7580),#7617,.F.);
#7580 = FACE_BOUND('',#7581,.T.);
#7581 = EDGE_LOOP('',(#7582,#7583,#7584,#7585,#7594,#7602,#7609,#7610));
#7582 = ORIENTED_EDGE('',*,*,#7438,.T.);
#7583 = ORIENTED_EDGE('',*,*,#7568,.T.);
#7584 = ORIENTED_EDGE('',*,*,#7454,.F.);
#7585 = ORIENTED_EDGE('',*,*,#7586,.T.);
#7586 = EDGE_CURVE('',#7447,#7587,#7589,.T.);
#7587 = VERTEX_POINT('',#7588);
#7588 = CARTESIAN_POINT('',(-100.,183.,186.75));
#7589 = CIRCLE('',#7590,4.25);
#7590 = AXIS2_PLACEMENT_3D('',#7591,#7592,#7593);
#7591 = CARTESIAN_POINT('',(-100.,183.,191.));
#7592 = DIRECTION('',(-1.,0.,2.2E-16));
#7593 = DIRECTION('',(-2.2E-16,0.,-1.));
#7594 = ORIENTED_EDGE('',*,*,#7595,.T.);
#7595 = EDGE_CURVE('',#7587,#7596,#7598,.T.);
#7596 = VERTEX_POINT('',#7597);
#7597 = CARTESIAN_POINT('',(-98.,183.,186.75));
#7598 = LINE('',#7599,#7600);
#7599 = CARTESIAN_POINT('',(-104.,183.,186.75));
#7600 = VECTOR('',#7601,1.);
#7601 = DIRECTION('',(1.,0.,0.));
#7602 = ORIENTED_EDGE('',*,*,#7603,.F.);
#7603 = EDGE_CURVE('',#7596,#7596,#7604,.T.);
#7604 = CIRCLE('',#7605,4.25);
#7605 = AXIS2_PLACEMENT_3D('',#7606,#7607,#7608);
#7606 = CARTESIAN_POINT('',(-98.,183.,191.));
#7607 = DIRECTION('',(-1.,0.,2.2E-16));
#7608 = DIRECTION('',(-2.2E-16,0.,-1.));
#7609 = ORIENTED_EDGE('',*,*,#7595,.F.);
#7610 = ORIENTED_EDGE('',*,*,#7611,.T.);
#7611 = EDGE_CURVE('',#7587,#7439,#7612,.T.);
#7612 = CIRCLE('',#7613,4.25);
#7613 = AXIS2_PLACEMENT_3D('',#7614,#7615,#7616);
#7614 = CARTESIAN_POINT('',(-100.,183.,191.));
#7615 = DIRECTION('',(-1.,0.,2.2E-16));
#7616 = DIRECTION('',(-2.2E-16,0.,-1.));
#7617 = CYLINDRICAL_SURFACE('',#7618,4.25);
#7618 = AXIS2_PLACEMENT_3D('',#7619,#7620,#7621);
#7619 = CARTESIAN_POINT('',(-104.,183.,191.));
#7620 = DIRECTION('',(-1.,-0.,0.));
#7621 = DIRECTION('',(0.,0.,-1.));
#7622 = ADVANCED_FACE('',(#7623),#7628,.T.);
#7623 = FACE_BOUND('',#7624,.T.);
#7624 = EDGE_LOOP('',(#7625,#7626,#7627));
#7625 = ORIENTED_EDGE('',*,*,#7446,.T.);
#7626 = ORIENTED_EDGE('',*,*,#7611,.F.);
#7627 = ORIENTED_EDGE('',*,*,#7586,.F.);
#7628 = PLANE('',#7629);
#7629 = AXIS2_PLACEMENT_3D('',#7630,#7631,#7632);
#7630 = CARTESIAN_POINT('',(-100.,170.,183.));
#7631 = DIRECTION('',(1.,0.,0.));
#7632 = DIRECTION('',(0.,0.,1.));
#7633 = ADVANCED_FACE('',(#7634,#7637),#7640,.T.);
#7634 = FACE_BOUND('',#7635,.T.);
#7635 = EDGE_LOOP('',(#7636));
#7636 = ORIENTED_EDGE('',*,*,#7539,.T.);
#7637 = FACE_BOUND('',#7638,.T.);
#7638 = EDGE_LOOP('',(#7639));
#7639 = ORIENTED_EDGE('',*,*,#7603,.T.);
#7640 = PLANE('',#7641);
#7641 = AXIS2_PLACEMENT_3D('',#7642,#7643,#7644);
#7642 = CARTESIAN_POINT('',(-98.,183.,191.));
#7643 = DIRECTION('',(1.,0.,0.));
#7644 = DIRECTION('',(0.,0.,-1.));
#7645 = ( GEOMETRIC_REPRESENTATION_CONTEXT(3) 
GLOBAL_UNCERTAINTY_ASSIGNED_CONTEXT((#7649)) 
GLOBAL_UNIT_ASSIGNED_CONTEXT((#7646,#7647,#7648)) REPRESENTATION_CONTEXT
('Context #1','3D Context with UNIT and UNCERTAINTY') );
#7646 = ( LENGTH_UNIT() NAMED_UNIT(*) SI_UNIT(.MILLI.,.METRE.) );
#7647 = ( NAMED_UNIT(*) PLANE_ANGLE_UNIT() SI_UNIT($,.RADIAN.) );
#7648 = ( NAMED_UNIT(*) SI_UNIT($,.STERADIAN.) SOLID_ANGLE_UNIT() );
#7649 = UNCERTAINTY_MEASURE_WITH_UNIT(LENGTH_MEASURE(2.E-06),#7646,
  'distance_accuracy_value','confusion accuracy');
#7650 = CONTEXT_DEPENDENT_SHAPE_REPRESENTATION(#7651,#7653);
#7651 = ( REPRESENTATION_RELATIONSHIP('','',#7294,#10) 
REPRESENTATION_RELATIONSHIP_WITH_TRANSFORMATION(#7652) 
SHAPE_REPRESENTATION_RELATIONSHIP() );
#7652 = ITEM_DEFINED_TRANSFORMATION('','',#11,#135);
#7653 = PRODUCT_DEFINITION_SHAPE('Placement','Placement of an item',
  #7654);
#7654 = NEXT_ASSEMBLY_USAGE_OCCURRENCE('495','TILT_SERVO','',#5,#7289,$
  );
#7655 = PRODUCT_RELATED_PRODUCT_CATEGORY('part',$,(#7291));
#7656 = SHAPE_DEFINITION_REPRESENTATION(#7657,#7663);
#7657 = PRODUCT_DEFINITION_SHAPE('','',#7658);
#7658 = PRODUCT_DEFINITION('design','',#7659,#7662);
#7659 = PRODUCT_DEFINITION_FORMATION('','',#7660);
#7660 = PRODUCT('LIFT_WINCH','LIFT_WINCH','',(#7661));
#7661 = PRODUCT_CONTEXT('',#2,'mechanical');
#7662 = PRODUCT_DEFINITION_CONTEXT('part definition',#2,'design');
#7663 = ADVANCED_BREP_SHAPE_REPRESENTATION('',(#11,#7664),#8098);
#7664 = MANIFOLD_SOLID_BREP('',#7665);
#7665 = CLOSED_SHELL('',(#7666,#7706,#7737,#7829,#7853,#7870,#7882,#7913
    ,#7937,#7961,#7978,#8009,#8033,#8057,#8074,#8086));
#7666 = ADVANCED_FACE('',(#7667),#7701,.F.);
#7667 = FACE_BOUND('',#7668,.F.);
#7668 = EDGE_LOOP('',(#7669,#7679,#7687,#7695));
#7669 = ORIENTED_EDGE('',*,*,#7670,.F.);
#7670 = EDGE_CURVE('',#7671,#7673,#7675,.T.);
#7671 = VERTEX_POINT('',#7672);
#7672 = CARTESIAN_POINT('',(-176.,150.,66.75));
#7673 = VERTEX_POINT('',#7674);
#7674 = CARTESIAN_POINT('',(-176.,150.,117.55));
#7675 = LINE('',#7676,#7677);
#7676 = CARTESIAN_POINT('',(-176.,150.,66.75));
#7677 = VECTOR('',#7678,1.);
#7678 = DIRECTION('',(0.,0.,1.));
#7679 = ORIENTED_EDGE('',*,*,#7680,.T.);
#7680 = EDGE_CURVE('',#7671,#7681,#7683,.T.);
#7681 = VERTEX_POINT('',#7682);
#7682 = CARTESIAN_POINT('',(-176.,170.,66.75));
#7683 = LINE('',#7684,#7685);
#7684 = CARTESIAN_POINT('',(-176.,150.,66.75));
#7685 = VECTOR('',#7686,1.);
#7686 = DIRECTION('',(0.,1.,0.));
#7687 = ORIENTED_EDGE('',*,*,#7688,.T.);
#7688 = EDGE_CURVE('',#7681,#7689,#7691,.T.);
#7689 = VERTEX_POINT('',#7690);
#7690 = CARTESIAN_POINT('',(-176.,170.,117.55));
#7691 = LINE('',#7692,#7693);
#7692 = CARTESIAN_POINT('',(-176.,170.,66.75));
#7693 = VECTOR('',#7694,1.);
#7694 = DIRECTION('',(0.,0.,1.));
#7695 = ORIENTED_EDGE('',*,*,#7696,.F.);
#7696 = EDGE_CURVE('',#7673,#7689,#7697,.T.);
#7697 = LINE('',#7698,#7699);
#7698 = CARTESIAN_POINT('',(-176.,150.,117.55));
#7699 = VECTOR('',#7700,1.);
#7700 = DIRECTION('',(0.,1.,0.));
#7701 = PLANE('',#7702);
#7702 = AXIS2_PLACEMENT_3D('',#7703,#7704,#7705);
#7703 = CARTESIAN_POINT('',(-176.,150.,66.75));
#7704 = DIRECTION('',(1.,0.,0.));
#7705 = DIRECTION('',(0.,0.,1.));
#7706 = ADVANCED_FACE('',(#7707),#7732,.F.);
#7707 = FACE_BOUND('',#7708,.F.);
#7708 = EDGE_LOOP('',(#7709,#7717,#7718,#7726));
#7709 = ORIENTED_EDGE('',*,*,#7710,.F.);
#7710 = EDGE_CURVE('',#7671,#7711,#7713,.T.);
#7711 = VERTEX_POINT('',#7712);
#7712 = CARTESIAN_POINT('',(-154.,150.,66.75));
#7713 = LINE('',#7714,#7715);
#7714 = CARTESIAN_POINT('',(-176.,150.,66.75));
#7715 = VECTOR('',#7716,1.);
#7716 = DIRECTION('',(1.,0.,0.));
#7717 = ORIENTED_EDGE('',*,*,#7670,.T.);
#7718 = ORIENTED_EDGE('',*,*,#7719,.T.);
#7719 = EDGE_CURVE('',#7673,#7720,#7722,.T.);
#7720 = VERTEX_POINT('',#7721);
#7721 = CARTESIAN_POINT('',(-154.,150.,117.55));
#7722 = LINE('',#7723,#7724);
#7723 = CARTESIAN_POINT('',(-176.,150.,117.55));
#7724 = VECTOR('',#7725,1.);
#7725 = DIRECTION('',(1.,0.,0.));
#7726 = ORIENTED_EDGE('',*,*,#7727,.F.);
#7727 = EDGE_CURVE('',#7711,#7720,#7728,.T.);
#7728 = LINE('',#7729,#7730);
#7729 = CARTESIAN_POINT('',(-154.,150.,66.75));
#7730 = VECTOR('',#7731,1.);
#7731 = DIRECTION('',(0.,0.,1.));
#7732 = PLANE('',#7733);
#7733 = AXIS2_PLACEMENT_3D('',#7734,#7735,#7736);
#7734 = CARTESIAN_POINT('',(-176.,150.,66.75));
#7735 = DIRECTION('',(0.,1.,0.));
#7736 = DIRECTION('',(0.,0.,1.));
#7737 = ADVANCED_FACE('',(#7738,#7756,#7790),#7824,.T.);
#7738 = FACE_BOUND('',#7739,.T.);
#7739 = EDGE_LOOP('',(#7740,#7741,#7742,#7750));
#7740 = ORIENTED_EDGE('',*,*,#7696,.F.);
#7741 = ORIENTED_EDGE('',*,*,#7719,.T.);
#7742 = ORIENTED_EDGE('',*,*,#7743,.T.);
#7743 = EDGE_CURVE('',#7720,#7744,#7746,.T.);
#7744 = VERTEX_POINT('',#7745);
#7745 = CARTESIAN_POINT('',(-154.,170.,117.55));
#7746 = LINE('',#7747,#7748);
#7747 = CARTESIAN_POINT('',(-154.,150.,117.55));
#7748 = VECTOR('',#7749,1.);
#7749 = DIRECTION('',(0.,1.,0.));
#7750 = ORIENTED_EDGE('',*,*,#7751,.F.);
#7751 = EDGE_CURVE('',#7689,#7744,#7752,.T.);
#7752 = LINE('',#7753,#7754);
#7753 = CARTESIAN_POINT('',(-176.,170.,117.55));
#7754 = VECTOR('',#7755,1.);
#7755 = DIRECTION('',(1.,0.,0.));
#7756 = FACE_BOUND('',#7757,.T.);
#7757 = EDGE_LOOP('',(#7758,#7768,#7776,#7784));
#7758 = ORIENTED_EDGE('',*,*,#7759,.F.);
#7759 = EDGE_CURVE('',#7760,#7762,#7764,.T.);
#7760 = VERTEX_POINT('',#7761);
#7761 = CARTESIAN_POINT('',(-173.,152.,117.55));
#7762 = VERTEX_POINT('',#7763);
#7763 = CARTESIAN_POINT('',(-157.,152.,117.55));
#7764 = LINE('',#7765,#7766);
#7765 = CARTESIAN_POINT('',(-173.,152.,117.55));
#7766 = VECTOR('',#7767,1.);
#7767 = DIRECTION('',(1.,0.,0.));
#7768 = ORIENTED_EDGE('',*,*,#7769,.T.);
#7769 = EDGE_CURVE('',#7760,#7770,#7772,.T.);
#7770 = VERTEX_POINT('',#7771);
#7771 = CARTESIAN_POINT('',(-173.,154.,117.55));
#7772 = LINE('',#7773,#7774);
#7773 = CARTESIAN_POINT('',(-173.,152.,117.55));
#7774 = VECTOR('',#7775,1.);
#7775 = DIRECTION('',(0.,1.,0.));
#7776 = ORIENTED_EDGE('',*,*,#7777,.T.);
#7777 = EDGE_CURVE('',#7770,#7778,#7780,.T.);
#7778 = VERTEX_POINT('',#7779);
#7779 = CARTESIAN_POINT('',(-157.,154.,117.55));
#7780 = LINE('',#7781,#7782);
#7781 = CARTESIAN_POINT('',(-173.,154.,117.55));
#7782 = VECTOR('',#7783,1.);
#7783 = DIRECTION('',(1.,0.,0.));
#7784 = ORIENTED_EDGE('',*,*,#7785,.F.);
#7785 = EDGE_CURVE('',#7762,#7778,#7786,.T.);
#7786 = LINE('',#7787,#7788);
#7787 = CARTESIAN_POINT('',(-157.,152.,117.55));
#7788 = VECTOR('',#7789,1.);
#7789 = DIRECTION('',(0.,1.,0.));
#7790 = FACE_BOUND('',#7791,.T.);
#7791 = EDGE_LOOP('',(#7792,#7802,#7810,#7818));
#7792 = ORIENTED_EDGE('',*,*,#7793,.F.);
#7793 = EDGE_CURVE('',#7794,#7796,#7798,.T.);
#7794 = VERTEX_POINT('',#7795);
#7795 = CARTESIAN_POINT('',(-173.,166.,117.55));
#7796 = VERTEX_POINT('',#7797);
#7797 = CARTESIAN_POINT('',(-157.,166.,117.55));
#7798 = LINE('',#7799,#7800);
#7799 = CARTESIAN_POINT('',(-173.,166.,117.55));
#7800 = VECTOR('',#7801,1.);
#7801 = DIRECTION('',(1.,0.,0.));
#7802 = ORIENTED_EDGE('',*,*,#7803,.T.);
#7803 = EDGE_CURVE('',#7794,#7804,#7806,.T.);
#7804 = VERTEX_POINT('',#7805);
#7805 = CARTESIAN_POINT('',(-173.,168.,117.55));
#7806 = LINE('',#7807,#7808);
#7807 = CARTESIAN_POINT('',(-173.,166.,117.55));
#7808 = VECTOR('',#7809,1.);
#7809 = DIRECTION('',(0.,1.,0.));
#7810 = ORIENTED_EDGE('',*,*,#7811,.T.);
#7811 = EDGE_CURVE('',#7804,#7812,#7814,.T.);
#7812 = VERTEX_POINT('',#7813);
#7813 = CARTESIAN_POINT('',(-157.,168.,117.55));
#7814 = LINE('',#7815,#7816);
#7815 = CARTESIAN_POINT('',(-173.,168.,117.55));
#7816 = VECTOR('',#7817,1.);
#7817 = DIRECTION('',(1.,0.,0.));
#7818 = ORIENTED_EDGE('',*,*,#7819,.F.);
#7819 = EDGE_CURVE('',#7796,#7812,#7820,.T.);
#7820 = LINE('',#7821,#7822);
#7821 = CARTESIAN_POINT('',(-157.,166.,117.55));
#7822 = VECTOR('',#7823,1.);
#7823 = DIRECTION('',(0.,1.,0.));
#7824 = PLANE('',#7825);
#7825 = AXIS2_PLACEMENT_3D('',#7826,#7827,#7828);
#7826 = CARTESIAN_POINT('',(-176.,150.,117.55));
#7827 = DIRECTION('',(0.,0.,1.));
#7828 = DIRECTION('',(1.,0.,0.));
#7829 = ADVANCED_FACE('',(#7830),#7848,.T.);
#7830 = FACE_BOUND('',#7831,.T.);
#7831 = EDGE_LOOP('',(#7832,#7840,#7841,#7842));
#7832 = ORIENTED_EDGE('',*,*,#7833,.F.);
#7833 = EDGE_CURVE('',#7681,#7834,#7836,.T.);
#7834 = VERTEX_POINT('',#7835);
#7835 = CARTESIAN_POINT('',(-154.,170.,66.75));
#7836 = LINE('',#7837,#7838);
#7837 = CARTESIAN_POINT('',(-176.,170.,66.75));
#7838 = VECTOR('',#7839,1.);
#7839 = DIRECTION('',(1.,0.,0.));
#7840 = ORIENTED_EDGE('',*,*,#7688,.T.);
#7841 = ORIENTED_EDGE('',*,*,#7751,.T.);
#7842 = ORIENTED_EDGE('',*,*,#7843,.F.);
#7843 = EDGE_CURVE('',#7834,#7744,#7844,.T.);
#7844 = LINE('',#7845,#7846);
#7845 = CARTESIAN_POINT('',(-154.,170.,66.75));
#7846 = VECTOR('',#7847,1.);
#7847 = DIRECTION('',(0.,0.,1.));
#7848 = PLANE('',#7849);
#7849 = AXIS2_PLACEMENT_3D('',#7850,#7851,#7852);
#7850 = CARTESIAN_POINT('',(-176.,170.,66.75));
#7851 = DIRECTION('',(0.,1.,0.));
#7852 = DIRECTION('',(0.,0.,1.));
#7853 = ADVANCED_FACE('',(#7854),#7865,.F.);
#7854 = FACE_BOUND('',#7855,.F.);
#7855 = EDGE_LOOP('',(#7856,#7857,#7858,#7864));
#7856 = ORIENTED_EDGE('',*,*,#7680,.F.);
#7857 = ORIENTED_EDGE('',*,*,#7710,.T.);
#7858 = ORIENTED_EDGE('',*,*,#7859,.T.);
#7859 = EDGE_CURVE('',#7711,#7834,#7860,.T.);
#7860 = LINE('',#7861,#7862);
#7861 = CARTESIAN_POINT('',(-154.,150.,66.75));
#7862 = VECTOR('',#7863,1.);
#7863 = DIRECTION('',(0.,1.,0.));
#7864 = ORIENTED_EDGE('',*,*,#7833,.F.);
#7865 = PLANE('',#7866);
#7866 = AXIS2_PLACEMENT_3D('',#7867,#7868,#7869);
#7867 = CARTESIAN_POINT('',(-176.,150.,66.75));
#7868 = DIRECTION('',(0.,0.,1.));
#7869 = DIRECTION('',(1.,0.,0.));
#7870 = ADVANCED_FACE('',(#7871),#7877,.T.);
#7871 = FACE_BOUND('',#7872,.T.);
#7872 = EDGE_LOOP('',(#7873,#7874,#7875,#7876));
#7873 = ORIENTED_EDGE('',*,*,#7727,.F.);
#7874 = ORIENTED_EDGE('',*,*,#7859,.T.);
#7875 = ORIENTED_EDGE('',*,*,#7843,.T.);
#7876 = ORIENTED_EDGE('',*,*,#7743,.F.);
#7877 = PLANE('',#7878);
#7878 = AXIS2_PLACEMENT_3D('',#7879,#7880,#7881);
#7879 = CARTESIAN_POINT('',(-154.,150.,66.75));
#7880 = DIRECTION('',(1.,0.,0.));
#7881 = DIRECTION('',(0.,0.,1.));
#7882 = ADVANCED_FACE('',(#7883),#7908,.F.);
#7883 = FACE_BOUND('',#7884,.F.);
#7884 = EDGE_LOOP('',(#7885,#7886,#7894,#7902));
#7885 = ORIENTED_EDGE('',*,*,#7759,.F.);
#7886 = ORIENTED_EDGE('',*,*,#7887,.T.);
#7887 = EDGE_CURVE('',#7760,#7888,#7890,.T.);
#7888 = VERTEX_POINT('',#7889);
#7889 = CARTESIAN_POINT('',(-173.,152.,126.55));
#7890 = LINE('',#7891,#7892);
#7891 = CARTESIAN_POINT('',(-173.,152.,117.55));
#7892 = VECTOR('',#7893,1.);
#7893 = DIRECTION('',(0.,0.,1.));
#7894 = ORIENTED_EDGE('',*,*,#7895,.T.);
#7895 = EDGE_CURVE('',#7888,#7896,#7898,.T.);
#7896 = VERTEX_POINT('',#7897);
#7897 = CARTESIAN_POINT('',(-157.,152.,126.55));
#7898 = LINE('',#7899,#7900);
#7899 = CARTESIAN_POINT('',(-173.,152.,126.55));
#7900 = VECTOR('',#7901,1.);
#7901 = DIRECTION('',(1.,0.,0.));
#7902 = ORIENTED_EDGE('',*,*,#7903,.F.);
#7903 = EDGE_CURVE('',#7762,#7896,#7904,.T.);
#7904 = LINE('',#7905,#7906);
#7905 = CARTESIAN_POINT('',(-157.,152.,117.55));
#7906 = VECTOR('',#7907,1.);
#7907 = DIRECTION('',(0.,0.,1.));
#7908 = PLANE('',#7909);
#7909 = AXIS2_PLACEMENT_3D('',#7910,#7911,#7912);
#7910 = CARTESIAN_POINT('',(-173.,152.,117.55));
#7911 = DIRECTION('',(0.,1.,0.));
#7912 = DIRECTION('',(0.,0.,1.));
#7913 = ADVANCED_FACE('',(#7914),#7932,.T.);
#7914 = FACE_BOUND('',#7915,.T.);
#7915 = EDGE_LOOP('',(#7916,#7917,#7918,#7926));
#7916 = ORIENTED_EDGE('',*,*,#7903,.F.);
#7917 = ORIENTED_EDGE('',*,*,#7785,.T.);
#7918 = ORIENTED_EDGE('',*,*,#7919,.T.);
#7919 = EDGE_CURVE('',#7778,#7920,#7922,.T.);
#7920 = VERTEX_POINT('',#7921);
#7921 = CARTESIAN_POINT('',(-157.,154.,126.55));
#7922 = LINE('',#7923,#7924);
#7923 = CARTESIAN_POINT('',(-157.,154.,117.55));
#7924 = VECTOR('',#7925,1.);
#7925 = DIRECTION('',(0.,0.,1.));
#7926 = ORIENTED_EDGE('',*,*,#7927,.F.);
#7927 = EDGE_CURVE('',#7896,#7920,#7928,.T.);
#7928 = LINE('',#7929,#7930);
#7929 = CARTESIAN_POINT('',(-157.,152.,126.55));
#7930 = VECTOR('',#7931,1.);
#7931 = DIRECTION('',(0.,1.,0.));
#7932 = PLANE('',#7933);
#7933 = AXIS2_PLACEMENT_3D('',#7934,#7935,#7936);
#7934 = CARTESIAN_POINT('',(-157.,152.,117.55));
#7935 = DIRECTION('',(1.,0.,0.));
#7936 = DIRECTION('',(0.,0.,1.));
#7937 = ADVANCED_FACE('',(#7938),#7956,.T.);
#7938 = FACE_BOUND('',#7939,.T.);
#7939 = EDGE_LOOP('',(#7940,#7941,#7949,#7955));
#7940 = ORIENTED_EDGE('',*,*,#7777,.F.);
#7941 = ORIENTED_EDGE('',*,*,#7942,.T.);
#7942 = EDGE_CURVE('',#7770,#7943,#7945,.T.);
#7943 = VERTEX_POINT('',#7944);
#7944 = CARTESIAN_POINT('',(-173.,154.,126.55));
#7945 = LINE('',#7946,#7947);
#7946 = CARTESIAN_POINT('',(-173.,154.,117.55));
#7947 = VECTOR('',#7948,1.);
#7948 = DIRECTION('',(0.,0.,1.));
#7949 = ORIENTED_EDGE('',*,*,#7950,.T.);
#7950 = EDGE_CURVE('',#7943,#7920,#7951,.T.);
#7951 = LINE('',#7952,#7953);
#7952 = CARTESIAN_POINT('',(-173.,154.,126.55));
#7953 = VECTOR('',#7954,1.);
#7954 = DIRECTION('',(1.,0.,0.));
#7955 = ORIENTED_EDGE('',*,*,#7919,.F.);
#7956 = PLANE('',#7957);
#7957 = AXIS2_PLACEMENT_3D('',#7958,#7959,#7960);
#7958 = CARTESIAN_POINT('',(-173.,154.,117.55));
#7959 = DIRECTION('',(0.,1.,0.));
#7960 = DIRECTION('',(0.,0.,1.));
#7961 = ADVANCED_FACE('',(#7962),#7973,.F.);
#7962 = FACE_BOUND('',#7963,.F.);
#7963 = EDGE_LOOP('',(#7964,#7965,#7966,#7967));
#7964 = ORIENTED_EDGE('',*,*,#7887,.F.);
#7965 = ORIENTED_EDGE('',*,*,#7769,.T.);
#7966 = ORIENTED_EDGE('',*,*,#7942,.T.);
#7967 = ORIENTED_EDGE('',*,*,#7968,.F.);
#7968 = EDGE_CURVE('',#7888,#7943,#7969,.T.);
#7969 = LINE('',#7970,#7971);
#7970 = CARTESIAN_POINT('',(-173.,152.,126.55));
#7971 = VECTOR('',#7972,1.);
#7972 = DIRECTION('',(0.,1.,0.));
#7973 = PLANE('',#7974);
#7974 = AXIS2_PLACEMENT_3D('',#7975,#7976,#7977);
#7975 = CARTESIAN_POINT('',(-173.,152.,117.55));
#7976 = DIRECTION('',(1.,0.,0.));
#7977 = DIRECTION('',(0.,0.,1.));
#7978 = ADVANCED_FACE('',(#7979),#8004,.F.);
#7979 = FACE_BOUND('',#7980,.F.);
#7980 = EDGE_LOOP('',(#7981,#7982,#7990,#7998));
#7981 = ORIENTED_EDGE('',*,*,#7793,.F.);
#7982 = ORIENTED_EDGE('',*,*,#7983,.T.);
#7983 = EDGE_CURVE('',#7794,#7984,#7986,.T.);
#7984 = VERTEX_POINT('',#7985);
#7985 = CARTESIAN_POINT('',(-173.,166.,126.55));
#7986 = LINE('',#7987,#7988);
#7987 = CARTESIAN_POINT('',(-173.,166.,117.55));
#7988 = VECTOR('',#7989,1.);
#7989 = DIRECTION('',(0.,0.,1.));
#7990 = ORIENTED_EDGE('',*,*,#7991,.T.);
#7991 = EDGE_CURVE('',#7984,#7992,#7994,.T.);
#7992 = VERTEX_POINT('',#7993);
#7993 = CARTESIAN_POINT('',(-157.,166.,126.55));
#7994 = LINE('',#7995,#7996);
#7995 = CARTESIAN_POINT('',(-173.,166.,126.55));
#7996 = VECTOR('',#7997,1.);
#7997 = DIRECTION('',(1.,0.,0.));
#7998 = ORIENTED_EDGE('',*,*,#7999,.F.);
#7999 = EDGE_CURVE('',#7796,#7992,#8000,.T.);
#8000 = LINE('',#8001,#8002);
#8001 = CARTESIAN_POINT('',(-157.,166.,117.55));
#8002 = VECTOR('',#8003,1.);
#8003 = DIRECTION('',(0.,0.,1.));
#8004 = PLANE('',#8005);
#8005 = AXIS2_PLACEMENT_3D('',#8006,#8007,#8008);
#8006 = CARTESIAN_POINT('',(-173.,166.,117.55));
#8007 = DIRECTION('',(0.,1.,0.));
#8008 = DIRECTION('',(0.,0.,1.));
#8009 = ADVANCED_FACE('',(#8010),#8028,.T.);
#8010 = FACE_BOUND('',#8011,.T.);
#8011 = EDGE_LOOP('',(#8012,#8013,#8014,#8022));
#8012 = ORIENTED_EDGE('',*,*,#7999,.F.);
#8013 = ORIENTED_EDGE('',*,*,#7819,.T.);
#8014 = ORIENTED_EDGE('',*,*,#8015,.T.);
#8015 = EDGE_CURVE('',#7812,#8016,#8018,.T.);
#8016 = VERTEX_POINT('',#8017);
#8017 = CARTESIAN_POINT('',(-157.,168.,126.55));
#8018 = LINE('',#8019,#8020);
#8019 = CARTESIAN_POINT('',(-157.,168.,117.55));
#8020 = VECTOR('',#8021,1.);
#8021 = DIRECTION('',(0.,0.,1.));
#8022 = ORIENTED_EDGE('',*,*,#8023,.F.);
#8023 = EDGE_CURVE('',#7992,#8016,#8024,.T.);
#8024 = LINE('',#8025,#8026);
#8025 = CARTESIAN_POINT('',(-157.,166.,126.55));
#8026 = VECTOR('',#8027,1.);
#8027 = DIRECTION('',(0.,1.,0.));
#8028 = PLANE('',#8029);
#8029 = AXIS2_PLACEMENT_3D('',#8030,#8031,#8032);
#8030 = CARTESIAN_POINT('',(-157.,166.,117.55));
#8031 = DIRECTION('',(1.,0.,0.));
#8032 = DIRECTION('',(0.,0.,1.));
#8033 = ADVANCED_FACE('',(#8034),#8052,.T.);
#8034 = FACE_BOUND('',#8035,.T.);
#8035 = EDGE_LOOP('',(#8036,#8037,#8045,#8051));
#8036 = ORIENTED_EDGE('',*,*,#7811,.F.);
#8037 = ORIENTED_EDGE('',*,*,#8038,.T.);
#8038 = EDGE_CURVE('',#7804,#8039,#8041,.T.);
#8039 = VERTEX_POINT('',#8040);
#8040 = CARTESIAN_POINT('',(-173.,168.,126.55));
#8041 = LINE('',#8042,#8043);
#8042 = CARTESIAN_POINT('',(-173.,168.,117.55));
#8043 = VECTOR('',#8044,1.);
#8044 = DIRECTION('',(0.,0.,1.));
#8045 = ORIENTED_EDGE('',*,*,#8046,.T.);
#8046 = EDGE_CURVE('',#8039,#8016,#8047,.T.);
#8047 = LINE('',#8048,#8049);
#8048 = CARTESIAN_POINT('',(-173.,168.,126.55));
#8049 = VECTOR('',#8050,1.);
#8050 = DIRECTION('',(1.,0.,0.));
#8051 = ORIENTED_EDGE('',*,*,#8015,.F.);
#8052 = PLANE('',#8053);
#8053 = AXIS2_PLACEMENT_3D('',#8054,#8055,#8056);
#8054 = CARTESIAN_POINT('',(-173.,168.,117.55));
#8055 = DIRECTION('',(0.,1.,0.));
#8056 = DIRECTION('',(0.,0.,1.));
#8057 = ADVANCED_FACE('',(#8058),#8069,.F.);
#8058 = FACE_BOUND('',#8059,.F.);
#8059 = EDGE_LOOP('',(#8060,#8061,#8062,#8063));
#8060 = ORIENTED_EDGE('',*,*,#7983,.F.);
#8061 = ORIENTED_EDGE('',*,*,#7803,.T.);
#8062 = ORIENTED_EDGE('',*,*,#8038,.T.);
#8063 = ORIENTED_EDGE('',*,*,#8064,.F.);
#8064 = EDGE_CURVE('',#7984,#8039,#8065,.T.);
#8065 = LINE('',#8066,#8067);
#8066 = CARTESIAN_POINT('',(-173.,166.,126.55));
#8067 = VECTOR('',#8068,1.);
#8068 = DIRECTION('',(0.,1.,0.));
#8069 = PLANE('',#8070);
#8070 = AXIS2_PLACEMENT_3D('',#8071,#8072,#8073);
#8071 = CARTESIAN_POINT('',(-173.,166.,117.55));
#8072 = DIRECTION('',(1.,0.,0.));
#8073 = DIRECTION('',(0.,0.,1.));
#8074 = ADVANCED_FACE('',(#8075),#8081,.T.);
#8075 = FACE_BOUND('',#8076,.T.);
#8076 = EDGE_LOOP('',(#8077,#8078,#8079,#8080));
#8077 = ORIENTED_EDGE('',*,*,#7968,.F.);
#8078 = ORIENTED_EDGE('',*,*,#7895,.T.);
#8079 = ORIENTED_EDGE('',*,*,#7927,.T.);
#8080 = ORIENTED_EDGE('',*,*,#7950,.F.);
#8081 = PLANE('',#8082);
#8082 = AXIS2_PLACEMENT_3D('',#8083,#8084,#8085);
#8083 = CARTESIAN_POINT('',(-173.,152.,126.55));
#8084 = DIRECTION('',(0.,0.,1.));
#8085 = DIRECTION('',(1.,0.,0.));
#8086 = ADVANCED_FACE('',(#8087),#8093,.T.);
#8087 = FACE_BOUND('',#8088,.T.);
#8088 = EDGE_LOOP('',(#8089,#8090,#8091,#8092));
#8089 = ORIENTED_EDGE('',*,*,#8064,.F.);
#8090 = ORIENTED_EDGE('',*,*,#7991,.T.);
#8091 = ORIENTED_EDGE('',*,*,#8023,.T.);
#8092 = ORIENTED_EDGE('',*,*,#8046,.F.);
#8093 = PLANE('',#8094);
#8094 = AXIS2_PLACEMENT_3D('',#8095,#8096,#8097);
#8095 = CARTESIAN_POINT('',(-173.,166.,126.55));
#8096 = DIRECTION('',(0.,0.,1.));
#8097 = DIRECTION('',(1.,0.,0.));
#8098 = ( GEOMETRIC_REPRESENTATION_CONTEXT(3) 
GLOBAL_UNCERTAINTY_ASSIGNED_CONTEXT((#8102)) 
GLOBAL_UNIT_ASSIGNED_CONTEXT((#8099,#8100,#8101)) REPRESENTATION_CONTEXT
('Context #1','3D Context with UNIT and UNCERTAINTY') );
#8099 = ( LENGTH_UNIT() NAMED_UNIT(*) SI_UNIT(.MILLI.,.METRE.) );
#8100 = ( NAMED_UNIT(*) PLANE_ANGLE_UNIT() SI_UNIT($,.RADIAN.) );
#8101 = ( NAMED_UNIT(*) SI_UNIT($,.STERADIAN.) SOLID_ANGLE_UNIT() );
#8102 = UNCERTAINTY_MEASURE_WITH_UNIT(LENGTH_MEASURE(1.E-07),#8099,
  'distance_accuracy_value','confusion accuracy');
#8103 = CONTEXT_DEPENDENT_SHAPE_REPRESENTATION(#8104,#8106);
#8104 = ( REPRESENTATION_RELATIONSHIP('','',#7663,#10) 
REPRESENTATION_RELATIONSHIP_WITH_TRANSFORMATION(#8105) 
SHAPE_REPRESENTATION_RELATIONSHIP() );
#8105 = ITEM_DEFINED_TRANSFORMATION('','',#11,#139);
#8106 = PRODUCT_DEFINITION_SHAPE('Placement','Placement of an item',
  #8107);
#8107 = NEXT_ASSEMBLY_USAGE_OCCURRENCE('496','LIFT_WINCH','',#5,#7658,$
  );
#8108 = PRODUCT_RELATED_PRODUCT_CATEGORY('part',$,(#7660));
#8109 = SHAPE_DEFINITION_REPRESENTATION(#8110,#8116);
#8110 = PRODUCT_DEFINITION_SHAPE('','',#8111);
#8111 = PRODUCT_DEFINITION('design','',#8112,#8115);
#8112 = PRODUCT_DEFINITION_FORMATION('','',#8113);
#8113 = PRODUCT('WINCH_DPIN','WINCH_DPIN','',(#8114));
#8114 = PRODUCT_CONTEXT('',#2,'mechanical');
#8115 = PRODUCT_DEFINITION_CONTEXT('part definition',#2,'design');
#8116 = ADVANCED_BREP_SHAPE_REPRESENTATION('',(#11,#8117),#8170);
#8117 = MANIFOLD_SOLID_BREP('',#8118);
#8118 = CLOSED_SHELL('',(#8119,#8152,#8161));
#8119 = ADVANCED_FACE('',(#8120),#8147,.T.);
#8120 = FACE_BOUND('',#8121,.F.);
#8121 = EDGE_LOOP('',(#8122,#8132,#8139,#8140));
#8122 = ORIENTED_EDGE('',*,*,#8123,.T.);
#8123 = EDGE_CURVE('',#8124,#8126,#8128,.T.);
#8124 = VERTEX_POINT('',#8125);
#8125 = CARTESIAN_POINT('',(-162.,152.,121.55));
#8126 = VERTEX_POINT('',#8127);
#8127 = CARTESIAN_POINT('',(-162.,168.,121.55));
#8128 = LINE('',#8129,#8130);
#8129 = CARTESIAN_POINT('',(-162.,152.,121.55));
#8130 = VECTOR('',#8131,1.);
#8131 = DIRECTION('',(0.,1.,-2.22044604925E-16));
#8132 = ORIENTED_EDGE('',*,*,#8133,.T.);
#8133 = EDGE_CURVE('',#8126,#8126,#8134,.T.);
#8134 = CIRCLE('',#8135,3.);
#8135 = AXIS2_PLACEMENT_3D('',#8136,#8137,#8138);
#8136 = CARTESIAN_POINT('',(-165.,168.,121.55));
#8137 = DIRECTION('',(0.,1.,-2.22044604925E-16));
#8138 = DIRECTION('',(1.,0.,0.));
#8139 = ORIENTED_EDGE('',*,*,#8123,.F.);
#8140 = ORIENTED_EDGE('',*,*,#8141,.F.);
#8141 = EDGE_CURVE('',#8124,#8124,#8142,.T.);
#8142 = CIRCLE('',#8143,3.);
#8143 = AXIS2_PLACEMENT_3D('',#8144,#8145,#8146);
#8144 = CARTESIAN_POINT('',(-165.,152.,121.55));
#8145 = DIRECTION('',(0.,1.,-2.22044604925E-16));
#8146 = DIRECTION('',(1.,0.,0.));
#8147 = CYLINDRICAL_SURFACE('',#8148,3.);
#8148 = AXIS2_PLACEMENT_3D('',#8149,#8150,#8151);
#8149 = CARTESIAN_POINT('',(-165.,152.,121.55));
#8150 = DIRECTION('',(-0.,-1.,2.22044604925E-16));
#8151 = DIRECTION('',(1.,0.,0.));
#8152 = ADVANCED_FACE('',(#8153),#8156,.F.);
#8153 = FACE_BOUND('',#8154,.T.);
#8154 = EDGE_LOOP('',(#8155));
#8155 = ORIENTED_EDGE('',*,*,#8141,.F.);
#8156 = PLANE('',#8157);
#8157 = AXIS2_PLACEMENT_3D('',#8158,#8159,#8160);
#8158 = CARTESIAN_POINT('',(-165.,152.,121.55));
#8159 = DIRECTION('',(0.,1.,-2.22044604925E-16));
#8160 = DIRECTION('',(1.,0.,0.));
#8161 = ADVANCED_FACE('',(#8162),#8165,.T.);
#8162 = FACE_BOUND('',#8163,.F.);
#8163 = EDGE_LOOP('',(#8164));
#8164 = ORIENTED_EDGE('',*,*,#8133,.F.);
#8165 = PLANE('',#8166);
#8166 = AXIS2_PLACEMENT_3D('',#8167,#8168,#8169);
#8167 = CARTESIAN_POINT('',(-165.,168.,121.55));
#8168 = DIRECTION('',(0.,1.,-2.22044604925E-16));
#8169 = DIRECTION('',(1.,0.,0.));
#8170 = ( GEOMETRIC_REPRESENTATION_CONTEXT(3) 
GLOBAL_UNCERTAINTY_ASSIGNED_CONTEXT((#8174)) 
GLOBAL_UNIT_ASSIGNED_CONTEXT((#8171,#8172,#8173)) REPRESENTATION_CONTEXT
('Context #1','3D Context with UNIT and UNCERTAINTY') );
#8171 = ( LENGTH_UNIT() NAMED_UNIT(*) SI_UNIT(.MILLI.,.METRE.) );
#8172 = ( NAMED_UNIT(*) PLANE_ANGLE_UNIT() SI_UNIT($,.RADIAN.) );
#8173 = ( NAMED_UNIT(*) SI_UNIT($,.STERADIAN.) SOLID_ANGLE_UNIT() );
#8174 = UNCERTAINTY_MEASURE_WITH_UNIT(LENGTH_MEASURE(1.E-07),#8171,
  'distance_accuracy_value','confusion accuracy');
#8175 = CONTEXT_DEPENDENT_SHAPE_REPRESENTATION(#8176,#8178);
#8176 = ( REPRESENTATION_RELATIONSHIP('','',#8116,#10) 
REPRESENTATION_RELATIONSHIP_WITH_TRANSFORMATION(#8177) 
SHAPE_REPRESENTATION_RELATIONSHIP() );
#8177 = ITEM_DEFINED_TRANSFORMATION('','',#11,#143);
#8178 = PRODUCT_DEFINITION_SHAPE('Placement','Placement of an item',
  #8179);
#8179 = NEXT_ASSEMBLY_USAGE_OCCURRENCE('497','WINCH_DPIN','',#5,#8111,$
  );
#8180 = PRODUCT_RELATED_PRODUCT_CATEGORY('part',$,(#8113));
#8181 = SHAPE_DEFINITION_REPRESENTATION(#8182,#8188);
#8182 = PRODUCT_DEFINITION_SHAPE('','',#8183);
#8183 = PRODUCT_DEFINITION('design','',#8184,#8187);
#8184 = PRODUCT_DEFINITION_FORMATION('','',#8185);
#8185 = PRODUCT('WINCH_SPOOL','WINCH_SPOOL','',(#8186));
#8186 = PRODUCT_CONTEXT('',#2,'mechanical');
#8187 = PRODUCT_DEFINITION_CONTEXT('part definition',#2,'design');
#8188 = ADVANCED_BREP_SHAPE_REPRESENTATION('',(#11,#8189),#8281);
#8189 = MANIFOLD_SOLID_BREP('',#8190);
#8190 = CLOSED_SHELL('',(#8191,#8224,#8244,#8264));
#8191 = ADVANCED_FACE('',(#8192),#8219,.T.);
#8192 = FACE_BOUND('',#8193,.F.);
#8193 = EDGE_LOOP('',(#8194,#8204,#8211,#8212));
#8194 = ORIENTED_EDGE('',*,*,#8195,.T.);
#8195 = EDGE_CURVE('',#8196,#8198,#8200,.T.);
#8196 = VERTEX_POINT('',#8197);
#8197 = CARTESIAN_POINT('',(-154.,154.5,121.55));
#8198 = VERTEX_POINT('',#8199);
#8199 = CARTESIAN_POINT('',(-154.,165.5,121.55));
#8200 = LINE('',#8201,#8202);
#8201 = CARTESIAN_POINT('',(-154.,154.5,121.55));
#8202 = VECTOR('',#8203,1.);
#8203 = DIRECTION('',(0.,1.,0.));
#8204 = ORIENTED_EDGE('',*,*,#8205,.T.);
#8205 = EDGE_CURVE('',#8198,#8198,#8206,.T.);
#8206 = CIRCLE('',#8207,11.);
#8207 = AXIS2_PLACEMENT_3D('',#8208,#8209,#8210);
#8208 = CARTESIAN_POINT('',(-165.,165.5,121.55));
#8209 = DIRECTION('',(-0.,1.,0.));
#8210 = DIRECTION('',(1.,0.,0.));
#8211 = ORIENTED_EDGE('',*,*,#8195,.F.);
#8212 = ORIENTED_EDGE('',*,*,#8213,.F.);
#8213 = EDGE_CURVE('',#8196,#8196,#8214,.T.);
#8214 = CIRCLE('',#8215,11.);
#8215 = AXIS2_PLACEMENT_3D('',#8216,#8217,#8218);
#8216 = CARTESIAN_POINT('',(-165.,154.5,121.55));
#8217 = DIRECTION('',(-0.,1.,0.));
#8218 = DIRECTION('',(1.,0.,0.));
#8219 = CYLINDRICAL_SURFACE('',#8220,11.);
#8220 = AXIS2_PLACEMENT_3D('',#8221,#8222,#8223);
#8221 = CARTESIAN_POINT('',(-165.,154.5,121.55));
#8222 = DIRECTION('',(-0.,-1.,0.));
#8223 = DIRECTION('',(1.,0.,0.));
#8224 = ADVANCED_FACE('',(#8225,#8228),#8239,.F.);
#8225 = FACE_BOUND('',#8226,.F.);
#8226 = EDGE_LOOP('',(#8227));
#8227 = ORIENTED_EDGE('',*,*,#8213,.T.);
#8228 = FACE_BOUND('',#8229,.F.);
#8229 = EDGE_LOOP('',(#8230));
#8230 = ORIENTED_EDGE('',*,*,#8231,.T.);
#8231 = EDGE_CURVE('',#8232,#8232,#8234,.T.);
#8232 = VERTEX_POINT('',#8233);
#8233 = CARTESIAN_POINT('',(-161.75,154.5,121.55));
#8234 = CIRCLE('',#8235,3.25);
#8235 = AXIS2_PLACEMENT_3D('',#8236,#8237,#8238);
#8236 = CARTESIAN_POINT('',(-165.,154.5,121.55));
#8237 = DIRECTION('',(0.,-1.,2.2E-16));
#8238 = DIRECTION('',(1.,0.,0.));
#8239 = PLANE('',#8240);
#8240 = AXIS2_PLACEMENT_3D('',#8241,#8242,#8243);
#8241 = CARTESIAN_POINT('',(-165.,154.5,121.55));
#8242 = DIRECTION('',(0.,1.,0.));
#8243 = DIRECTION('',(1.,0.,0.));
#8244 = ADVANCED_FACE('',(#8245,#8248),#8259,.T.);
#8245 = FACE_BOUND('',#8246,.T.);
#8246 = EDGE_LOOP('',(#8247));
#8247 = ORIENTED_EDGE('',*,*,#8205,.T.);
#8248 = FACE_BOUND('',#8249,.T.);
#8249 = EDGE_LOOP('',(#8250));
#8250 = ORIENTED_EDGE('',*,*,#8251,.T.);
#8251 = EDGE_CURVE('',#8252,#8252,#8254,.T.);
#8252 = VERTEX_POINT('',#8253);
#8253 = CARTESIAN_POINT('',(-161.75,165.5,121.55));
#8254 = CIRCLE('',#8255,3.25);
#8255 = AXIS2_PLACEMENT_3D('',#8256,#8257,#8258);
#8256 = CARTESIAN_POINT('',(-165.,165.5,121.55));
#8257 = DIRECTION('',(0.,-1.,2.2E-16));
#8258 = DIRECTION('',(1.,0.,0.));
#8259 = PLANE('',#8260);
#8260 = AXIS2_PLACEMENT_3D('',#8261,#8262,#8263);
#8261 = CARTESIAN_POINT('',(-165.,165.5,121.55));
#8262 = DIRECTION('',(0.,1.,0.));
#8263 = DIRECTION('',(1.,0.,0.));
#8264 = ADVANCED_FACE('',(#8265),#8276,.F.);
#8265 = FACE_BOUND('',#8266,.T.);
#8266 = EDGE_LOOP('',(#8267,#8268,#8274,#8275));
#8267 = ORIENTED_EDGE('',*,*,#8231,.T.);
#8268 = ORIENTED_EDGE('',*,*,#8269,.T.);
#8269 = EDGE_CURVE('',#8232,#8252,#8270,.T.);
#8270 = LINE('',#8271,#8272);
#8271 = CARTESIAN_POINT('',(-161.75,153.5,121.55));
#8272 = VECTOR('',#8273,1.);
#8273 = DIRECTION('',(0.,1.,0.));
#8274 = ORIENTED_EDGE('',*,*,#8251,.F.);
#8275 = ORIENTED_EDGE('',*,*,#8269,.F.);
#8276 = CYLINDRICAL_SURFACE('',#8277,3.25);
#8277 = AXIS2_PLACEMENT_3D('',#8278,#8279,#8280);
#8278 = CARTESIAN_POINT('',(-165.,153.5,121.55));
#8279 = DIRECTION('',(-0.,-1.,0.));
#8280 = DIRECTION('',(1.,0.,0.));
#8281 = ( GEOMETRIC_REPRESENTATION_CONTEXT(3) 
GLOBAL_UNCERTAINTY_ASSIGNED_CONTEXT((#8285)) 
GLOBAL_UNIT_ASSIGNED_CONTEXT((#8282,#8283,#8284)) REPRESENTATION_CONTEXT
('Context #1','3D Context with UNIT and UNCERTAINTY') );
#8282 = ( LENGTH_UNIT() NAMED_UNIT(*) SI_UNIT(.MILLI.,.METRE.) );
#8283 = ( NAMED_UNIT(*) PLANE_ANGLE_UNIT() SI_UNIT($,.RADIAN.) );
#8284 = ( NAMED_UNIT(*) SI_UNIT($,.STERADIAN.) SOLID_ANGLE_UNIT() );
#8285 = UNCERTAINTY_MEASURE_WITH_UNIT(LENGTH_MEASURE(1.E-07),#8282,
  'distance_accuracy_value','confusion accuracy');
#8286 = CONTEXT_DEPENDENT_SHAPE_REPRESENTATION(#8287,#8289);
#8287 = ( REPRESENTATION_RELATIONSHIP('','',#8188,#10) 
REPRESENTATION_RELATIONSHIP_WITH_TRANSFORMATION(#8288) 
SHAPE_REPRESENTATION_RELATIONSHIP() );
#8288 = ITEM_DEFINED_TRANSFORMATION('','',#11,#147);
#8289 = PRODUCT_DEFINITION_SHAPE('Placement','Placement of an item',
  #8290);
#8290 = NEXT_ASSEMBLY_USAGE_OCCURRENCE('498','WINCH_SPOOL','',#5,#8183,$
  );
#8291 = PRODUCT_RELATED_PRODUCT_CATEGORY('part',$,(#8185));
#8292 = SHAPE_DEFINITION_REPRESENTATION(#8293,#8299);
#8293 = PRODUCT_DEFINITION_SHAPE('','',#8294);
#8294 = PRODUCT_DEFINITION('design','',#8295,#8298);
#8295 = PRODUCT_DEFINITION_FORMATION('','',#8296);
#8296 = PRODUCT('ROPE_DYNEEMA_0','ROPE_DYNEEMA_0','',(#8297));
#8297 = PRODUCT_CONTEXT('',#2,'mechanical');
#8298 = PRODUCT_DEFINITION_CONTEXT('part definition',#2,'design');
#8299 = ADVANCED_BREP_SHAPE_REPRESENTATION('',(#11,#8300),#8438);
#8300 = MANIFOLD_SOLID_BREP('',#8301);
#8301 = CLOSED_SHELL('',(#8302,#8336,#8361,#8394,#8403,#8429));
#8302 = ADVANCED_FACE('',(#8303),#8331,.T.);
#8303 = FACE_BOUND('',#8304,.T.);
#8304 = EDGE_LOOP('',(#8305,#8316,#8325));
#8305 = ORIENTED_EDGE('',*,*,#8306,.T.);
#8306 = EDGE_CURVE('',#8307,#8309,#8311,.T.);
#8307 = VERTEX_POINT('',#8308);
#8308 = CARTESIAN_POINT('',(-173.9940482282,160.25007675503,
    220.00892765767));
#8309 = VERTEX_POINT('',#8310);
#8310 = CARTESIAN_POINT('',(-173.2537217658,161.00041352954,
    220.07462322864));
#8311 = CIRCLE('',#8312,0.75);
#8312 = AXIS2_PLACEMENT_3D('',#8313,#8314,#8315);
#8313 = CARTESIAN_POINT('',(-174.,161.,220.));
#8314 = DIRECTION('',(-9.949763818749E-02,1.105529313194E-02,
    0.994976381875));
#8315 = DIRECTION('',(0.995037645511,5.513727210469E-04,
    9.949763818749E-02));
#8316 = ORIENTED_EDGE('',*,*,#8317,.T.);
#8317 = EDGE_CURVE('',#8309,#8318,#8320,.T.);
#8318 = VERTEX_POINT('',#8319);
#8319 = CARTESIAN_POINT('',(-174.0059517717,161.74992324496,
    219.99107234232));
#8320 = CIRCLE('',#8321,0.75);
#8321 = AXIS2_PLACEMENT_3D('',#8322,#8323,#8324);
#8322 = CARTESIAN_POINT('',(-174.,161.,220.));
#8323 = DIRECTION('',(-9.949763818749E-02,1.105529313194E-02,
    0.994976381875));
#8324 = DIRECTION('',(0.995037645511,5.513727210469E-04,
    9.949763818749E-02));
#8325 = ORIENTED_EDGE('',*,*,#8326,.T.);
#8326 = EDGE_CURVE('',#8318,#8307,#8327,.T.);
#8327 = LINE('',#8328,#8329);
#8328 = CARTESIAN_POINT('',(-174.,161.,220.));
#8329 = VECTOR('',#8330,1.);
#8330 = DIRECTION('',(7.935695713929E-03,-0.999897659955,
    1.19035435709E-02));
#8331 = PLANE('',#8332);
#8332 = AXIS2_PLACEMENT_3D('',#8333,#8334,#8335);
#8333 = CARTESIAN_POINT('',(-174.,161.,220.));
#8334 = DIRECTION('',(-9.949763818749E-02,1.105529313194E-02,
    0.994976381875));
#8335 = DIRECTION('',(0.995037645511,5.51372721047E-04,
    9.949763818749E-02));
#8336 = ADVANCED_FACE('',(#8337),#8356,.F.);
#8337 = FACE_BOUND('',#8338,.F.);
#8338 = EDGE_LOOP('',(#8339,#8348,#8355));
#8339 = ORIENTED_EDGE('',*,*,#8340,.T.);
#8340 = EDGE_CURVE('',#8307,#8341,#8343,.T.);
#8341 = VERTEX_POINT('',#8342);
#8342 = CARTESIAN_POINT('',(-173.256299142,161.0005249285,
    220.09699875399));
#8343 = CIRCLE('',#8344,0.75);
#8344 = AXIS2_PLACEMENT_3D('',#8345,#8346,#8347);
#8345 = CARTESIAN_POINT('',(-174.,161.,220.));
#8346 = DIRECTION('',(-0.129331671991,1.077763933257E-02,0.991542818597)
  );
#8347 = DIRECTION('',(0.991601143986,6.99904667869E-04,0.129331671991));
#8348 = ORIENTED_EDGE('',*,*,#8349,.T.);
#8349 = EDGE_CURVE('',#8341,#8318,#8350,.T.);
#8350 = CIRCLE('',#8351,0.75);
#8351 = AXIS2_PLACEMENT_3D('',#8352,#8353,#8354);
#8352 = CARTESIAN_POINT('',(-174.,161.,220.));
#8353 = DIRECTION('',(-0.129331671991,1.077763933257E-02,0.991542818597)
  );
#8354 = DIRECTION('',(0.991601143986,6.99904667869E-04,0.129331671991));
#8355 = ORIENTED_EDGE('',*,*,#8326,.T.);
#8356 = PLANE('',#8357);
#8357 = AXIS2_PLACEMENT_3D('',#8358,#8359,#8360);
#8358 = CARTESIAN_POINT('',(-174.,161.,220.));
#8359 = DIRECTION('',(-0.129331671991,1.077763933257E-02,0.991542818597)
  );
#8360 = DIRECTION('',(0.991601143986,6.99904667869E-04,0.129331671991));
#8361 = ADVANCED_FACE('',(#8362),#8389,.T.);
#8362 = FACE_BOUND('',#8363,.F.);
#8363 = EDGE_LOOP('',(#8364,#8365,#8373,#8380,#8381,#8382));
#8364 = ORIENTED_EDGE('',*,*,#8349,.F.);
#8365 = ORIENTED_EDGE('',*,*,#8366,.T.);
#8366 = EDGE_CURVE('',#8341,#8367,#8369,.T.);
#8367 = VERTEX_POINT('',#8368);
#8368 = CARTESIAN_POINT('',(-185.256299142,162.0005249285,
    312.09699875399));
#8369 = LINE('',#8370,#8371);
#8370 = CARTESIAN_POINT('',(-173.256299142,161.0005249285,
    220.09699875399));
#8371 = VECTOR('',#8372,1.);
#8372 = DIRECTION('',(-0.129331671991,1.077763933257E-02,0.991542818597)
  );
#8373 = ORIENTED_EDGE('',*,*,#8374,.T.);
#8374 = EDGE_CURVE('',#8367,#8367,#8375,.T.);
#8375 = CIRCLE('',#8376,0.75);
#8376 = AXIS2_PLACEMENT_3D('',#8377,#8378,#8379);
#8377 = CARTESIAN_POINT('',(-186.,162.,312.));
#8378 = DIRECTION('',(-0.129331671991,1.077763933257E-02,0.991542818597)
  );
#8379 = DIRECTION('',(0.991601143986,6.99904667869E-04,0.129331671991));
#8380 = ORIENTED_EDGE('',*,*,#8366,.F.);
#8381 = ORIENTED_EDGE('',*,*,#8340,.F.);
#8382 = ORIENTED_EDGE('',*,*,#8383,.F.);
#8383 = EDGE_CURVE('',#8318,#8307,#8384,.T.);
#8384 = CIRCLE('',#8385,0.75);
#8385 = AXIS2_PLACEMENT_3D('',#8386,#8387,#8388);
#8386 = CARTESIAN_POINT('',(-174.,161.,220.));
#8387 = DIRECTION('',(-9.949763818749E-02,1.105529313194E-02,
    0.994976381875));
#8388 = DIRECTION('',(0.995037645511,5.513727210469E-04,
    9.949763818749E-02));
#8389 = CYLINDRICAL_SURFACE('',#8390,0.75);
#8390 = AXIS2_PLACEMENT_3D('',#8391,#8392,#8393);
#8391 = CARTESIAN_POINT('',(-174.,161.,220.));
#8392 = DIRECTION('',(0.129331671991,-1.077763933257E-02,-0.991542818597
    ));
#8393 = DIRECTION('',(0.991601143986,6.99904667869E-04,0.129331671991));
#8394 = ADVANCED_FACE('',(#8395),#8398,.T.);
#8395 = FACE_BOUND('',#8396,.F.);
#8396 = EDGE_LOOP('',(#8397));
#8397 = ORIENTED_EDGE('',*,*,#8374,.F.);
#8398 = PLANE('',#8399);
#8399 = AXIS2_PLACEMENT_3D('',#8400,#8401,#8402);
#8400 = CARTESIAN_POINT('',(-186.,162.,312.));
#8401 = DIRECTION('',(-0.129331671991,1.077763933257E-02,0.991542818597)
  );
#8402 = DIRECTION('',(0.991601143986,6.99904667869E-04,0.129331671991));
#8403 = ADVANCED_FACE('',(#8404),#8424,.T.);
#8404 = FACE_BOUND('',#8405,.F.);
#8405 = EDGE_LOOP('',(#8406,#8407,#8414,#8421,#8422,#8423));
#8406 = ORIENTED_EDGE('',*,*,#8306,.T.);
#8407 = ORIENTED_EDGE('',*,*,#8408,.T.);
#8408 = EDGE_CURVE('',#8309,#8409,#8411,.T.);
#8409 = VERTEX_POINT('',#8410);
#8410 = CARTESIAN_POINT('',(-164.2537217658,160.00041352954,
    130.07462322864));
#8411 = B_SPLINE_CURVE_WITH_KNOTS('',1,(#8412,#8413),.UNSPECIFIED.,.F.,
  .F.,(2,2),(-90.45440840556,0.),.PIECEWISE_BEZIER_KNOTS.);
#8412 = CARTESIAN_POINT('',(-173.2537217658,161.00041352954,
    220.07462322864));
#8413 = CARTESIAN_POINT('',(-164.2537217658,160.00041352954,
    130.07462322864));
#8414 = ORIENTED_EDGE('',*,*,#8415,.F.);
#8415 = EDGE_CURVE('',#8409,#8409,#8416,.T.);
#8416 = CIRCLE('',#8417,0.75);
#8417 = AXIS2_PLACEMENT_3D('',#8418,#8419,#8420);
#8418 = CARTESIAN_POINT('',(-165.,160.,130.));
#8419 = DIRECTION('',(-9.949763818749E-02,1.105529313194E-02,
    0.994976381875));
#8420 = DIRECTION('',(0.995037645511,5.513727210469E-04,
    9.949763818749E-02));
#8421 = ORIENTED_EDGE('',*,*,#8408,.F.);
#8422 = ORIENTED_EDGE('',*,*,#8317,.T.);
#8423 = ORIENTED_EDGE('',*,*,#8383,.T.);
#8424 = CYLINDRICAL_SURFACE('',#8425,0.75);
#8425 = AXIS2_PLACEMENT_3D('',#8426,#8427,#8428);
#8426 = CARTESIAN_POINT('',(-165.,160.,130.));
#8427 = DIRECTION('',(9.949763818749E-02,-1.105529313194E-02,
    -0.994976381875));
#8428 = DIRECTION('',(0.995037645511,5.513727210469E-04,
    9.949763818749E-02));
#8429 = ADVANCED_FACE('',(#8430),#8433,.F.);
#8430 = FACE_BOUND('',#8431,.T.);
#8431 = EDGE_LOOP('',(#8432));
#8432 = ORIENTED_EDGE('',*,*,#8415,.F.);
#8433 = PLANE('',#8434);
#8434 = AXIS2_PLACEMENT_3D('',#8435,#8436,#8437);
#8435 = CARTESIAN_POINT('',(-165.,160.,130.));
#8436 = DIRECTION('',(-9.949763818749E-02,1.105529313194E-02,
    0.994976381875));
#8437 = DIRECTION('',(0.995037645511,5.51372721047E-04,
    9.949763818749E-02));
#8438 = ( GEOMETRIC_REPRESENTATION_CONTEXT(3) 
GLOBAL_UNCERTAINTY_ASSIGNED_CONTEXT((#8442)) 
GLOBAL_UNIT_ASSIGNED_CONTEXT((#8439,#8440,#8441)) REPRESENTATION_CONTEXT
('Context #1','3D Context with UNIT and UNCERTAINTY') );
#8439 = ( LENGTH_UNIT() NAMED_UNIT(*) SI_UNIT(.MILLI.,.METRE.) );
#8440 = ( NAMED_UNIT(*) PLANE_ANGLE_UNIT() SI_UNIT($,.RADIAN.) );
#8441 = ( NAMED_UNIT(*) SI_UNIT($,.STERADIAN.) SOLID_ANGLE_UNIT() );
#8442 = UNCERTAINTY_MEASURE_WITH_UNIT(LENGTH_MEASURE(1.E-04),#8439,
  'distance_accuracy_value','confusion accuracy');
#8443 = CONTEXT_DEPENDENT_SHAPE_REPRESENTATION(#8444,#8446);
#8444 = ( REPRESENTATION_RELATIONSHIP('','',#8299,#10) 
REPRESENTATION_RELATIONSHIP_WITH_TRANSFORMATION(#8445) 
SHAPE_REPRESENTATION_RELATIONSHIP() );
#8445 = ITEM_DEFINED_TRANSFORMATION('','',#11,#151);
#8446 = PRODUCT_DEFINITION_SHAPE('Placement','Placement of an item',
  #8447);
#8447 = NEXT_ASSEMBLY_USAGE_OCCURRENCE('499','ROPE_DYNEEMA_0','',#5,
  #8294,$);
#8448 = PRODUCT_RELATED_PRODUCT_CATEGORY('part',$,(#8296));
#8449 = SHAPE_DEFINITION_REPRESENTATION(#8450,#8456);
#8450 = PRODUCT_DEFINITION_SHAPE('','',#8451);
#8451 = PRODUCT_DEFINITION('design','',#8452,#8455);
#8452 = PRODUCT_DEFINITION_FORMATION('','',#8453);
#8453 = PRODUCT('ROPE_DYNEEMA_1','ROPE_DYNEEMA_1','',(#8454));
#8454 = PRODUCT_CONTEXT('',#2,'mechanical');
#8455 = PRODUCT_DEFINITION_CONTEXT('part definition',#2,'design');
#8456 = ADVANCED_BREP_SHAPE_REPRESENTATION('',(#11,#8457),#8510);
#8457 = MANIFOLD_SOLID_BREP('',#8458);
#8458 = CLOSED_SHELL('',(#8459,#8492,#8501));
#8459 = ADVANCED_FACE('',(#8460),#8487,.T.);
#8460 = FACE_BOUND('',#8461,.F.);
#8461 = EDGE_LOOP('',(#8462,#8472,#8479,#8480));
#8462 = ORIENTED_EDGE('',*,*,#8463,.T.);
#8463 = EDGE_CURVE('',#8464,#8466,#8468,.T.);
#8464 = VERTEX_POINT('',#8465);
#8465 = CARTESIAN_POINT('',(0.75,0.,0.));
#8466 = VERTEX_POINT('',#8467);
#8467 = CARTESIAN_POINT('',(0.75,0.,19.));
#8468 = LINE('',#8469,#8470);
#8469 = CARTESIAN_POINT('',(0.75,-1.8E-16,0.));
#8470 = VECTOR('',#8471,1.);
#8471 = DIRECTION('',(0.,0.,1.));
#8472 = ORIENTED_EDGE('',*,*,#8473,.T.);
#8473 = EDGE_CURVE('',#8466,#8466,#8474,.T.);
#8474 = CIRCLE('',#8475,0.75);
#8475 = AXIS2_PLACEMENT_3D('',#8476,#8477,#8478);
#8476 = CARTESIAN_POINT('',(0.,0.,19.));
#8477 = DIRECTION('',(0.,0.,1.));
#8478 = DIRECTION('',(1.,0.,0.));
#8479 = ORIENTED_EDGE('',*,*,#8463,.F.);
#8480 = ORIENTED_EDGE('',*,*,#8481,.F.);
#8481 = EDGE_CURVE('',#8464,#8464,#8482,.T.);
#8482 = CIRCLE('',#8483,0.75);
#8483 = AXIS2_PLACEMENT_3D('',#8484,#8485,#8486);
#8484 = CARTESIAN_POINT('',(0.,0.,0.));
#8485 = DIRECTION('',(0.,0.,1.));
#8486 = DIRECTION('',(1.,0.,-0.));
#8487 = CYLINDRICAL_SURFACE('',#8488,0.75);
#8488 = AXIS2_PLACEMENT_3D('',#8489,#8490,#8491);
#8489 = CARTESIAN_POINT('',(0.,0.,0.));
#8490 = DIRECTION('',(-0.,-0.,-1.));
#8491 = DIRECTION('',(1.,0.,-0.));
#8492 = ADVANCED_FACE('',(#8493),#8496,.F.);
#8493 = FACE_BOUND('',#8494,.T.);
#8494 = EDGE_LOOP('',(#8495));
#8495 = ORIENTED_EDGE('',*,*,#8481,.F.);
#8496 = PLANE('',#8497);
#8497 = AXIS2_PLACEMENT_3D('',#8498,#8499,#8500);
#8498 = CARTESIAN_POINT('',(0.,0.,0.));
#8499 = DIRECTION('',(0.,0.,1.));
#8500 = DIRECTION('',(1.,0.,-0.));
#8501 = ADVANCED_FACE('',(#8502),#8505,.T.);
#8502 = FACE_BOUND('',#8503,.F.);
#8503 = EDGE_LOOP('',(#8504));
#8504 = ORIENTED_EDGE('',*,*,#8473,.F.);
#8505 = PLANE('',#8506);
#8506 = AXIS2_PLACEMENT_3D('',#8507,#8508,#8509);
#8507 = CARTESIAN_POINT('',(0.,0.,19.));
#8508 = DIRECTION('',(0.,0.,1.));
#8509 = DIRECTION('',(1.,0.,0.));
#8510 = ( GEOMETRIC_REPRESENTATION_CONTEXT(3) 
GLOBAL_UNCERTAINTY_ASSIGNED_CONTEXT((#8514)) 
GLOBAL_UNIT_ASSIGNED_CONTEXT((#8511,#8512,#8513)) REPRESENTATION_CONTEXT
('Context #1','3D Context with UNIT and UNCERTAINTY') );
#8511 = ( LENGTH_UNIT() NAMED_UNIT(*) SI_UNIT(.MILLI.,.METRE.) );
#8512 = ( NAMED_UNIT(*) PLANE_ANGLE_UNIT() SI_UNIT($,.RADIAN.) );
#8513 = ( NAMED_UNIT(*) SI_UNIT($,.STERADIAN.) SOLID_ANGLE_UNIT() );
#8514 = UNCERTAINTY_MEASURE_WITH_UNIT(LENGTH_MEASURE(1.E-07),#8511,
  'distance_accuracy_value','confusion accuracy');
#8515 = CONTEXT_DEPENDENT_SHAPE_REPRESENTATION(#8516,#8518);
#8516 = ( REPRESENTATION_RELATIONSHIP('','',#8456,#10) 
REPRESENTATION_RELATIONSHIP_WITH_TRANSFORMATION(#8517) 
SHAPE_REPRESENTATION_RELATIONSHIP() );
#8517 = ITEM_DEFINED_TRANSFORMATION('','',#11,#155);
#8518 = PRODUCT_DEFINITION_SHAPE('Placement','Placement of an item',
  #8519);
#8519 = NEXT_ASSEMBLY_USAGE_OCCURRENCE('500','ROPE_DYNEEMA_1','',#5,
  #8451,$);
#8520 = PRODUCT_RELATED_PRODUCT_CATEGORY('part',$,(#8453));
#8521 = SHAPE_DEFINITION_REPRESENTATION(#8522,#8528);
#8522 = PRODUCT_DEFINITION_SHAPE('','',#8523);
#8523 = PRODUCT_DEFINITION('design','',#8524,#8527);
#8524 = PRODUCT_DEFINITION_FORMATION('','',#8525);
#8525 = PRODUCT('ROPE_DYNEEMA_2','ROPE_DYNEEMA_2','',(#8526));
#8526 = PRODUCT_CONTEXT('',#2,'mechanical');
#8527 = PRODUCT_DEFINITION_CONTEXT('part definition',#2,'design');
#8528 = ADVANCED_BREP_SHAPE_REPRESENTATION('',(#11,#8529),#8582);
#8529 = MANIFOLD_SOLID_BREP('',#8530);
#8530 = CLOSED_SHELL('',(#8531,#8564,#8573));
#8531 = ADVANCED_FACE('',(#8532),#8559,.T.);
#8532 = FACE_BOUND('',#8533,.F.);
#8533 = EDGE_LOOP('',(#8534,#8544,#8551,#8552));
#8534 = ORIENTED_EDGE('',*,*,#8535,.T.);
#8535 = EDGE_CURVE('',#8536,#8538,#8540,.T.);
#8536 = VERTEX_POINT('',#8537);
#8537 = CARTESIAN_POINT('',(0.75,1.42108547152E-14,0.));
#8538 = VERTEX_POINT('',#8539);
#8539 = CARTESIAN_POINT('',(0.75,0.,11.224972160322));
#8540 = LINE('',#8541,#8542);
#8541 = CARTESIAN_POINT('',(0.75,-1.8E-16,0.));
#8542 = VECTOR('',#8543,1.);
#8543 = DIRECTION('',(0.,0.,1.));
#8544 = ORIENTED_EDGE('',*,*,#8545,.T.);
#8545 = EDGE_CURVE('',#8538,#8538,#8546,.T.);
#8546 = CIRCLE('',#8547,0.75);
#8547 = AXIS2_PLACEMENT_3D('',#8548,#8549,#8550);
#8548 = CARTESIAN_POINT('',(0.,0.,11.224972160322));
#8549 = DIRECTION('',(0.,0.,1.));
#8550 = DIRECTION('',(1.,0.,0.));
#8551 = ORIENTED_EDGE('',*,*,#8535,.F.);
#8552 = ORIENTED_EDGE('',*,*,#8553,.F.);
#8553 = EDGE_CURVE('',#8536,#8536,#8554,.T.);
#8554 = CIRCLE('',#8555,0.75);
#8555 = AXIS2_PLACEMENT_3D('',#8556,#8557,#8558);
#8556 = CARTESIAN_POINT('',(0.,0.,0.));
#8557 = DIRECTION('',(0.,0.,1.));
#8558 = DIRECTION('',(1.,0.,-0.));
#8559 = CYLINDRICAL_SURFACE('',#8560,0.75);
#8560 = AXIS2_PLACEMENT_3D('',#8561,#8562,#8563);
#8561 = CARTESIAN_POINT('',(0.,0.,0.));
#8562 = DIRECTION('',(-0.,-0.,-1.));
#8563 = DIRECTION('',(1.,0.,-0.));
#8564 = ADVANCED_FACE('',(#8565),#8568,.F.);
#8565 = FACE_BOUND('',#8566,.T.);
#8566 = EDGE_LOOP('',(#8567));
#8567 = ORIENTED_EDGE('',*,*,#8553,.F.);
#8568 = PLANE('',#8569);
#8569 = AXIS2_PLACEMENT_3D('',#8570,#8571,#8572);
#8570 = CARTESIAN_POINT('',(0.,0.,0.));
#8571 = DIRECTION('',(0.,0.,1.));
#8572 = DIRECTION('',(1.,0.,-0.));
#8573 = ADVANCED_FACE('',(#8574),#8577,.T.);
#8574 = FACE_BOUND('',#8575,.F.);
#8575 = EDGE_LOOP('',(#8576));
#8576 = ORIENTED_EDGE('',*,*,#8545,.F.);
#8577 = PLANE('',#8578);
#8578 = AXIS2_PLACEMENT_3D('',#8579,#8580,#8581);
#8579 = CARTESIAN_POINT('',(0.,0.,11.224972160322));
#8580 = DIRECTION('',(0.,0.,1.));
#8581 = DIRECTION('',(1.,0.,0.));
#8582 = ( GEOMETRIC_REPRESENTATION_CONTEXT(3) 
GLOBAL_UNCERTAINTY_ASSIGNED_CONTEXT((#8586)) 
GLOBAL_UNIT_ASSIGNED_CONTEXT((#8583,#8584,#8585)) REPRESENTATION_CONTEXT
('Context #1','3D Context with UNIT and UNCERTAINTY') );
#8583 = ( LENGTH_UNIT() NAMED_UNIT(*) SI_UNIT(.MILLI.,.METRE.) );
#8584 = ( NAMED_UNIT(*) PLANE_ANGLE_UNIT() SI_UNIT($,.RADIAN.) );
#8585 = ( NAMED_UNIT(*) SI_UNIT($,.STERADIAN.) SOLID_ANGLE_UNIT() );
#8586 = UNCERTAINTY_MEASURE_WITH_UNIT(LENGTH_MEASURE(1.E-07),#8583,
  'distance_accuracy_value','confusion accuracy');
#8587 = CONTEXT_DEPENDENT_SHAPE_REPRESENTATION(#8588,#8590);
#8588 = ( REPRESENTATION_RELATIONSHIP('','',#8528,#10) 
REPRESENTATION_RELATIONSHIP_WITH_TRANSFORMATION(#8589) 
SHAPE_REPRESENTATION_RELATIONSHIP() );
#8589 = ITEM_DEFINED_TRANSFORMATION('','',#11,#159);
#8590 = PRODUCT_DEFINITION_SHAPE('Placement','Placement of an item',
  #8591);
#8591 = NEXT_ASSEMBLY_USAGE_OCCURRENCE('501','ROPE_DYNEEMA_2','',#5,
  #8523,$);
#8592 = PRODUCT_RELATED_PRODUCT_CATEGORY('part',$,(#8525));
#8593 = SHAPE_DEFINITION_REPRESENTATION(#8594,#8600);
#8594 = PRODUCT_DEFINITION_SHAPE('','',#8595);
#8595 = PRODUCT_DEFINITION('design','',#8596,#8599);
#8596 = PRODUCT_DEFINITION_FORMATION('','',#8597);
#8597 = PRODUCT('ROPE_DYNEEMA_3','ROPE_DYNEEMA_3','',(#8598));
#8598 = PRODUCT_CONTEXT('',#2,'mechanical');
#8599 = PRODUCT_DEFINITION_CONTEXT('part definition',#2,'design');
#8600 = ADVANCED_BREP_SHAPE_REPRESENTATION('',(#11,#8601),#8654);
#8601 = MANIFOLD_SOLID_BREP('',#8602);
#8602 = CLOSED_SHELL('',(#8603,#8636,#8645));
#8603 = ADVANCED_FACE('',(#8604),#8631,.T.);
#8604 = FACE_BOUND('',#8605,.F.);
#8605 = EDGE_LOOP('',(#8606,#8616,#8623,#8624));
#8606 = ORIENTED_EDGE('',*,*,#8607,.T.);
#8607 = EDGE_CURVE('',#8608,#8610,#8612,.T.);
#8608 = VERTEX_POINT('',#8609);
#8609 = CARTESIAN_POINT('',(0.75,0.,0.));
#8610 = VERTEX_POINT('',#8611);
#8611 = CARTESIAN_POINT('',(0.75,0.,5.));
#8612 = LINE('',#8613,#8614);
#8613 = CARTESIAN_POINT('',(0.75,-1.8E-16,0.));
#8614 = VECTOR('',#8615,1.);
#8615 = DIRECTION('',(0.,0.,1.));
#8616 = ORIENTED_EDGE('',*,*,#8617,.T.);
#8617 = EDGE_CURVE('',#8610,#8610,#8618,.T.);
#8618 = CIRCLE('',#8619,0.75);
#8619 = AXIS2_PLACEMENT_3D('',#8620,#8621,#8622);
#8620 = CARTESIAN_POINT('',(0.,0.,5.));
#8621 = DIRECTION('',(0.,0.,1.));
#8622 = DIRECTION('',(1.,0.,0.));
#8623 = ORIENTED_EDGE('',*,*,#8607,.F.);
#8624 = ORIENTED_EDGE('',*,*,#8625,.F.);
#8625 = EDGE_CURVE('',#8608,#8608,#8626,.T.);
#8626 = CIRCLE('',#8627,0.75);
#8627 = AXIS2_PLACEMENT_3D('',#8628,#8629,#8630);
#8628 = CARTESIAN_POINT('',(0.,0.,0.));
#8629 = DIRECTION('',(0.,0.,1.));
#8630 = DIRECTION('',(1.,0.,-0.));
#8631 = CYLINDRICAL_SURFACE('',#8632,0.75);
#8632 = AXIS2_PLACEMENT_3D('',#8633,#8634,#8635);
#8633 = CARTESIAN_POINT('',(0.,0.,0.));
#8634 = DIRECTION('',(-0.,-0.,-1.));
#8635 = DIRECTION('',(1.,0.,-0.));
#8636 = ADVANCED_FACE('',(#8637),#8640,.F.);
#8637 = FACE_BOUND('',#8638,.T.);
#8638 = EDGE_LOOP('',(#8639));
#8639 = ORIENTED_EDGE('',*,*,#8625,.F.);
#8640 = PLANE('',#8641);
#8641 = AXIS2_PLACEMENT_3D('',#8642,#8643,#8644);
#8642 = CARTESIAN_POINT('',(0.,0.,0.));
#8643 = DIRECTION('',(0.,0.,1.));
#8644 = DIRECTION('',(1.,0.,-0.));
#8645 = ADVANCED_FACE('',(#8646),#8649,.T.);
#8646 = FACE_BOUND('',#8647,.F.);
#8647 = EDGE_LOOP('',(#8648));
#8648 = ORIENTED_EDGE('',*,*,#8617,.F.);
#8649 = PLANE('',#8650);
#8650 = AXIS2_PLACEMENT_3D('',#8651,#8652,#8653);
#8651 = CARTESIAN_POINT('',(0.,0.,5.));
#8652 = DIRECTION('',(0.,0.,1.));
#8653 = DIRECTION('',(1.,0.,0.));
#8654 = ( GEOMETRIC_REPRESENTATION_CONTEXT(3) 
GLOBAL_UNCERTAINTY_ASSIGNED_CONTEXT((#8658)) 
GLOBAL_UNIT_ASSIGNED_CONTEXT((#8655,#8656,#8657)) REPRESENTATION_CONTEXT
('Context #1','3D Context with UNIT and UNCERTAINTY') );
#8655 = ( LENGTH_UNIT() NAMED_UNIT(*) SI_UNIT(.MILLI.,.METRE.) );
#8656 = ( NAMED_UNIT(*) PLANE_ANGLE_UNIT() SI_UNIT($,.RADIAN.) );
#8657 = ( NAMED_UNIT(*) SI_UNIT($,.STERADIAN.) SOLID_ANGLE_UNIT() );
#8658 = UNCERTAINTY_MEASURE_WITH_UNIT(LENGTH_MEASURE(1.E-07),#8655,
  'distance_accuracy_value','confusion accuracy');
#8659 = CONTEXT_DEPENDENT_SHAPE_REPRESENTATION(#8660,#8662);
#8660 = ( REPRESENTATION_RELATIONSHIP('','',#8600,#10) 
REPRESENTATION_RELATIONSHIP_WITH_TRANSFORMATION(#8661) 
SHAPE_REPRESENTATION_RELATIONSHIP() );
#8661 = ITEM_DEFINED_TRANSFORMATION('','',#11,#163);
#8662 = PRODUCT_DEFINITION_SHAPE('Placement','Placement of an item',
  #8663);
#8663 = NEXT_ASSEMBLY_USAGE_OCCURRENCE('502','ROPE_DYNEEMA_3','',#5,
  #8595,$);
#8664 = PRODUCT_RELATED_PRODUCT_CATEGORY('part',$,(#8597));
#8665 = SHAPE_DEFINITION_REPRESENTATION(#8666,#8672);
#8666 = PRODUCT_DEFINITION_SHAPE('','',#8667);
#8667 = PRODUCT_DEFINITION('design','',#8668,#8671);
#8668 = PRODUCT_DEFINITION_FORMATION('','',#8669);
#8669 = PRODUCT('ROPE_DYNEEMA_4','ROPE_DYNEEMA_4','',(#8670));
#8670 = PRODUCT_CONTEXT('',#2,'mechanical');
#8671 = PRODUCT_DEFINITION_CONTEXT('part definition',#2,'design');
#8672 = ADVANCED_BREP_SHAPE_REPRESENTATION('',(#11,#8673),#8812);
#8673 = MANIFOLD_SOLID_BREP('',#8674);
#8674 = CLOSED_SHELL('',(#8675,#8735,#8744,#8778,#8793,#8803));
#8675 = ADVANCED_FACE('',(#8676),#8730,.T.);
#8676 = FACE_BOUND('',#8677,.F.);
#8677 = EDGE_LOOP('',(#8678,#8687,#8695,#8704,#8713,#8722,#8729));
#8678 = ORIENTED_EDGE('',*,*,#8679,.F.);
#8679 = EDGE_CURVE('',#8680,#8680,#8682,.T.);
#8680 = VERTEX_POINT('',#8681);
#8681 = CARTESIAN_POINT('',(-182.3577030573,169.82049490437,
    329.34312178324));
#8682 = CIRCLE('',#8683,0.75);
#8683 = AXIS2_PLACEMENT_3D('',#8684,#8685,#8686);
#8684 = CARTESIAN_POINT('',(-183.,170.,329.));
#8685 = DIRECTION('',(-0.457495710998,-0.762492851663,0.457495710998));
#8686 = DIRECTION('',(0.856395923499,-0.239340127501,0.457495710998));
#8687 = ORIENTED_EDGE('',*,*,#8688,.T.);
#8688 = EDGE_CURVE('',#8680,#8689,#8691,.T.);
#8689 = VERTEX_POINT('',#8690);
#8690 = CARTESIAN_POINT('',(-185.25,165.,332.23541872587));
#8691 = LINE('',#8692,#8693);
#8692 = CARTESIAN_POINT('',(-182.3577030573,169.82049490437,
    329.34312178324));
#8693 = VECTOR('',#8694,1.);
#8694 = DIRECTION('',(-0.457495710998,-0.762492851663,0.457495710998));
#8695 = ORIENTED_EDGE('',*,*,#8696,.F.);
#8696 = EDGE_CURVE('',#8697,#8689,#8699,.T.);
#8697 = VERTEX_POINT('',#8698);
#8698 = CARTESIAN_POINT('',(-185.6141281834,165.64311969428,
    332.45757175523));
#8699 = ELLIPSE('',#8700,0.878562411665,0.75);
#8700 = AXIS2_PLACEMENT_3D('',#8701,#8702,#8703);
#8701 = CARTESIAN_POINT('',(-186.,165.,332.));
#8702 = DIRECTION('',(0.267959023454,0.446598372423,-0.853667297897));
#8703 = DIRECTION('',(0.439208201315,0.732013668859,0.520818725183));
#8704 = ORIENTED_EDGE('',*,*,#8705,.F.);
#8705 = EDGE_CURVE('',#8706,#8697,#8708,.T.);
#8706 = VERTEX_POINT('',#8707);
#8707 = CARTESIAN_POINT('',(-186.6431196942,165.38587181657,332.));
#8708 = ELLIPSE('',#8709,0.878562411665,0.75);
#8709 = AXIS2_PLACEMENT_3D('',#8710,#8711,#8712);
#8710 = CARTESIAN_POINT('',(-186.,165.,332.));
#8711 = DIRECTION('',(0.267959023454,0.446598372423,-0.853667297897));
#8712 = DIRECTION('',(0.439208201315,0.732013668859,0.520818725183));
#8713 = ORIENTED_EDGE('',*,*,#8714,.T.);
#8714 = EDGE_CURVE('',#8706,#8715,#8717,.T.);
#8715 = VERTEX_POINT('',#8716);
#8716 = CARTESIAN_POINT('',(-185.3568803057,164.61412818342,332.));
#8717 = CIRCLE('',#8718,0.75);
#8718 = AXIS2_PLACEMENT_3D('',#8719,#8720,#8721);
#8719 = CARTESIAN_POINT('',(-186.,165.,332.));
#8720 = DIRECTION('',(-0.457495710998,-0.762492851663,0.457495710998));
#8721 = DIRECTION('',(0.856395923499,-0.239340127501,0.457495710998));
#8722 = ORIENTED_EDGE('',*,*,#8723,.F.);
#8723 = EDGE_CURVE('',#8689,#8715,#8724,.T.);
#8724 = ELLIPSE('',#8725,0.878562411665,0.75);
#8725 = AXIS2_PLACEMENT_3D('',#8726,#8727,#8728);
#8726 = CARTESIAN_POINT('',(-186.,165.,332.));
#8727 = DIRECTION('',(0.267959023454,0.446598372423,-0.853667297897));
#8728 = DIRECTION('',(0.439208201315,0.732013668859,0.520818725183));
#8729 = ORIENTED_EDGE('',*,*,#8688,.F.);
#8730 = CYLINDRICAL_SURFACE('',#8731,0.75);
#8731 = AXIS2_PLACEMENT_3D('',#8732,#8733,#8734);
#8732 = CARTESIAN_POINT('',(-183.,170.,329.));
#8733 = DIRECTION('',(0.457495710998,0.762492851663,-0.457495710998));
#8734 = DIRECTION('',(0.856395923499,-0.239340127501,0.457495710998));
#8735 = ADVANCED_FACE('',(#8736),#8739,.F.);
#8736 = FACE_BOUND('',#8737,.T.);
#8737 = EDGE_LOOP('',(#8738));
#8738 = ORIENTED_EDGE('',*,*,#8679,.F.);
#8739 = PLANE('',#8740);
#8740 = AXIS2_PLACEMENT_3D('',#8741,#8742,#8743);
#8741 = CARTESIAN_POINT('',(-183.,170.,329.));
#8742 = DIRECTION('',(-0.457495710998,-0.762492851663,0.457495710998));
#8743 = DIRECTION('',(0.856395923499,-0.239340127501,0.457495710998));
#8744 = ADVANCED_FACE('',(#8745),#8773,.T.);
#8745 = FACE_BOUND('',#8746,.F.);
#8746 = EDGE_LOOP('',(#8747,#8748,#8756,#8763,#8764,#8765,#8772));
#8747 = ORIENTED_EDGE('',*,*,#8696,.T.);
#8748 = ORIENTED_EDGE('',*,*,#8749,.T.);
#8749 = EDGE_CURVE('',#8689,#8750,#8752,.T.);
#8750 = VERTEX_POINT('',#8751);
#8751 = CARTESIAN_POINT('',(-185.25,165.,336.));
#8752 = LINE('',#8753,#8754);
#8753 = CARTESIAN_POINT('',(-185.25,165.,332.));
#8754 = VECTOR('',#8755,1.);
#8755 = DIRECTION('',(0.,0.,1.));
#8756 = ORIENTED_EDGE('',*,*,#8757,.T.);
#8757 = EDGE_CURVE('',#8750,#8750,#8758,.T.);
#8758 = CIRCLE('',#8759,0.75);
#8759 = AXIS2_PLACEMENT_3D('',#8760,#8761,#8762);
#8760 = CARTESIAN_POINT('',(-186.,165.,336.));
#8761 = DIRECTION('',(0.,0.,1.));
#8762 = DIRECTION('',(1.,0.,0.));
#8763 = ORIENTED_EDGE('',*,*,#8749,.F.);
#8764 = ORIENTED_EDGE('',*,*,#8723,.T.);
#8765 = ORIENTED_EDGE('',*,*,#8766,.F.);
#8766 = EDGE_CURVE('',#8706,#8715,#8767,.T.);
#8767 = CIRCLE('',#8768,0.75);
#8768 = AXIS2_PLACEMENT_3D('',#8769,#8770,#8771);
#8769 = CARTESIAN_POINT('',(-186.,165.,332.));
#8770 = DIRECTION('',(0.,0.,1.));
#8771 = DIRECTION('',(1.,0.,0.));
#8772 = ORIENTED_EDGE('',*,*,#8705,.T.);
#8773 = CYLINDRICAL_SURFACE('',#8774,0.75);
#8774 = AXIS2_PLACEMENT_3D('',#8775,#8776,#8777);
#8775 = CARTESIAN_POINT('',(-186.,165.,332.));
#8776 = DIRECTION('',(-0.,-0.,-1.));
#8777 = DIRECTION('',(1.,0.,0.));
#8778 = ADVANCED_FACE('',(#8779),#8788,.T.);
#8779 = FACE_BOUND('',#8780,.T.);
#8780 = EDGE_LOOP('',(#8781,#8787));
#8781 = ORIENTED_EDGE('',*,*,#8782,.T.);
#8782 = EDGE_CURVE('',#8715,#8706,#8783,.T.);
#8783 = LINE('',#8784,#8785);
#8784 = CARTESIAN_POINT('',(-186.,165.,332.));
#8785 = VECTOR('',#8786,1.);
#8786 = DIRECTION('',(-0.857492925713,0.514495755428,0.));
#8787 = ORIENTED_EDGE('',*,*,#8714,.T.);
#8788 = PLANE('',#8789);
#8789 = AXIS2_PLACEMENT_3D('',#8790,#8791,#8792);
#8790 = CARTESIAN_POINT('',(-186.,165.,332.));
#8791 = DIRECTION('',(-0.457495710998,-0.762492851663,0.457495710998));
#8792 = DIRECTION('',(0.856395923499,-0.239340127501,0.457495710998));
#8793 = ADVANCED_FACE('',(#8794),#8798,.F.);
#8794 = FACE_BOUND('',#8795,.F.);
#8795 = EDGE_LOOP('',(#8796,#8797));
#8796 = ORIENTED_EDGE('',*,*,#8782,.T.);
#8797 = ORIENTED_EDGE('',*,*,#8766,.T.);
#8798 = PLANE('',#8799);
#8799 = AXIS2_PLACEMENT_3D('',#8800,#8801,#8802);
#8800 = CARTESIAN_POINT('',(-186.,165.,332.));
#8801 = DIRECTION('',(0.,0.,1.));
#8802 = DIRECTION('',(1.,0.,0.));
#8803 = ADVANCED_FACE('',(#8804),#8807,.T.);
#8804 = FACE_BOUND('',#8805,.F.);
#8805 = EDGE_LOOP('',(#8806));
#8806 = ORIENTED_EDGE('',*,*,#8757,.F.);
#8807 = PLANE('',#8808);
#8808 = AXIS2_PLACEMENT_3D('',#8809,#8810,#8811);
#8809 = CARTESIAN_POINT('',(-186.,165.,336.));
#8810 = DIRECTION('',(0.,0.,1.));
#8811 = DIRECTION('',(1.,0.,0.));
#8812 = ( GEOMETRIC_REPRESENTATION_CONTEXT(3) 
GLOBAL_UNCERTAINTY_ASSIGNED_CONTEXT((#8816)) 
GLOBAL_UNIT_ASSIGNED_CONTEXT((#8813,#8814,#8815)) REPRESENTATION_CONTEXT
('Context #1','3D Context with UNIT and UNCERTAINTY') );
#8813 = ( LENGTH_UNIT() NAMED_UNIT(*) SI_UNIT(.MILLI.,.METRE.) );
#8814 = ( NAMED_UNIT(*) PLANE_ANGLE_UNIT() SI_UNIT($,.RADIAN.) );
#8815 = ( NAMED_UNIT(*) SI_UNIT($,.STERADIAN.) SOLID_ANGLE_UNIT() );
#8816 = UNCERTAINTY_MEASURE_WITH_UNIT(LENGTH_MEASURE(5.E-06),#8813,
  'distance_accuracy_value','confusion accuracy');
#8817 = CONTEXT_DEPENDENT_SHAPE_REPRESENTATION(#8818,#8820);
#8818 = ( REPRESENTATION_RELATIONSHIP('','',#8672,#10) 
REPRESENTATION_RELATIONSHIP_WITH_TRANSFORMATION(#8819) 
SHAPE_REPRESENTATION_RELATIONSHIP() );
#8819 = ITEM_DEFINED_TRANSFORMATION('','',#11,#167);
#8820 = PRODUCT_DEFINITION_SHAPE('Placement','Placement of an item',
  #8821);
#8821 = NEXT_ASSEMBLY_USAGE_OCCURRENCE('503','ROPE_DYNEEMA_4','',#5,
  #8667,$);
#8822 = PRODUCT_RELATED_PRODUCT_CATEGORY('part',$,(#8669));
#8823 = SHAPE_DEFINITION_REPRESENTATION(#8824,#8830);
#8824 = PRODUCT_DEFINITION_SHAPE('','',#8825);
#8825 = PRODUCT_DEFINITION('design','',#8826,#8829);
#8826 = PRODUCT_DEFINITION_FORMATION('','',#8827);
#8827 = PRODUCT('ROPE_DYNEEMA_5','ROPE_DYNEEMA_5','',(#8828));
#8828 = PRODUCT_CONTEXT('',#2,'mechanical');
#8829 = PRODUCT_DEFINITION_CONTEXT('part definition',#2,'design');
#8830 = ADVANCED_BREP_SHAPE_REPRESENTATION('',(#11,#8831),#8884);
#8831 = MANIFOLD_SOLID_BREP('',#8832);
#8832 = CLOSED_SHELL('',(#8833,#8866,#8875));
#8833 = ADVANCED_FACE('',(#8834),#8861,.T.);
#8834 = FACE_BOUND('',#8835,.F.);
#8835 = EDGE_LOOP('',(#8836,#8846,#8853,#8854));
#8836 = ORIENTED_EDGE('',*,*,#8837,.T.);
#8837 = EDGE_CURVE('',#8838,#8840,#8842,.T.);
#8838 = VERTEX_POINT('',#8839);
#8839 = CARTESIAN_POINT('',(0.75,-5.684341886081E-14,-5.684341886081E-14
    ));
#8840 = VERTEX_POINT('',#8841);
#8841 = CARTESIAN_POINT('',(0.75,-2.84217094304E-14,7.874007874012));
#8842 = LINE('',#8843,#8844);
#8843 = CARTESIAN_POINT('',(0.75,-1.8E-16,0.));
#8844 = VECTOR('',#8845,1.);
#8845 = DIRECTION('',(0.,0.,1.));
#8846 = ORIENTED_EDGE('',*,*,#8847,.T.);
#8847 = EDGE_CURVE('',#8840,#8840,#8848,.T.);
#8848 = CIRCLE('',#8849,0.75);
#8849 = AXIS2_PLACEMENT_3D('',#8850,#8851,#8852);
#8850 = CARTESIAN_POINT('',(0.,0.,7.874007874012));
#8851 = DIRECTION('',(0.,0.,1.));
#8852 = DIRECTION('',(1.,0.,0.));
#8853 = ORIENTED_EDGE('',*,*,#8837,.F.);
#8854 = ORIENTED_EDGE('',*,*,#8855,.F.);
#8855 = EDGE_CURVE('',#8838,#8838,#8856,.T.);
#8856 = CIRCLE('',#8857,0.75);
#8857 = AXIS2_PLACEMENT_3D('',#8858,#8859,#8860);
#8858 = CARTESIAN_POINT('',(0.,0.,0.));
#8859 = DIRECTION('',(0.,0.,1.));
#8860 = DIRECTION('',(1.,0.,-0.));
#8861 = CYLINDRICAL_SURFACE('',#8862,0.75);
#8862 = AXIS2_PLACEMENT_3D('',#8863,#8864,#8865);
#8863 = CARTESIAN_POINT('',(0.,0.,0.));
#8864 = DIRECTION('',(-0.,-0.,-1.));
#8865 = DIRECTION('',(1.,0.,-0.));
#8866 = ADVANCED_FACE('',(#8867),#8870,.F.);
#8867 = FACE_BOUND('',#8868,.T.);
#8868 = EDGE_LOOP('',(#8869));
#8869 = ORIENTED_EDGE('',*,*,#8855,.F.);
#8870 = PLANE('',#8871);
#8871 = AXIS2_PLACEMENT_3D('',#8872,#8873,#8874);
#8872 = CARTESIAN_POINT('',(0.,0.,0.));
#8873 = DIRECTION('',(0.,0.,1.));
#8874 = DIRECTION('',(1.,0.,-0.));
#8875 = ADVANCED_FACE('',(#8876),#8879,.T.);
#8876 = FACE_BOUND('',#8877,.F.);
#8877 = EDGE_LOOP('',(#8878));
#8878 = ORIENTED_EDGE('',*,*,#8847,.F.);
#8879 = PLANE('',#8880);
#8880 = AXIS2_PLACEMENT_3D('',#8881,#8882,#8883);
#8881 = CARTESIAN_POINT('',(0.,0.,7.874007874012));
#8882 = DIRECTION('',(0.,0.,1.));
#8883 = DIRECTION('',(1.,0.,0.));
#8884 = ( GEOMETRIC_REPRESENTATION_CONTEXT(3) 
GLOBAL_UNCERTAINTY_ASSIGNED_CONTEXT((#8888)) 
GLOBAL_UNIT_ASSIGNED_CONTEXT((#8885,#8886,#8887)) REPRESENTATION_CONTEXT
('Context #1','3D Context with UNIT and UNCERTAINTY') );
#8885 = ( LENGTH_UNIT() NAMED_UNIT(*) SI_UNIT(.MILLI.,.METRE.) );
#8886 = ( NAMED_UNIT(*) PLANE_ANGLE_UNIT() SI_UNIT($,.RADIAN.) );
#8887 = ( NAMED_UNIT(*) SI_UNIT($,.STERADIAN.) SOLID_ANGLE_UNIT() );
#8888 = UNCERTAINTY_MEASURE_WITH_UNIT(LENGTH_MEASURE(1.E-07),#8885,
  'distance_accuracy_value','confusion accuracy');
#8889 = CONTEXT_DEPENDENT_SHAPE_REPRESENTATION(#8890,#8892);
#8890 = ( REPRESENTATION_RELATIONSHIP('','',#8830,#10) 
REPRESENTATION_RELATIONSHIP_WITH_TRANSFORMATION(#8891) 
SHAPE_REPRESENTATION_RELATIONSHIP() );
#8891 = ITEM_DEFINED_TRANSFORMATION('','',#11,#171);
#8892 = PRODUCT_DEFINITION_SHAPE('Placement','Placement of an item',
  #8893);
#8893 = NEXT_ASSEMBLY_USAGE_OCCURRENCE('504','ROPE_DYNEEMA_5','',#5,
  #8825,$);
#8894 = PRODUCT_RELATED_PRODUCT_CATEGORY('part',$,(#8827));
#8895 = SHAPE_DEFINITION_REPRESENTATION(#8896,#8902);
#8896 = PRODUCT_DEFINITION_SHAPE('','',#8897);
#8897 = PRODUCT_DEFINITION('design','',#8898,#8901);
#8898 = PRODUCT_DEFINITION_FORMATION('','',#8899);
#8899 = PRODUCT('ROPE_DYNEEMA_6','ROPE_DYNEEMA_6','',(#8900));
#8900 = PRODUCT_CONTEXT('',#2,'mechanical');
#8901 = PRODUCT_DEFINITION_CONTEXT('part definition',#2,'design');
#8902 = ADVANCED_BREP_SHAPE_REPRESENTATION('',(#11,#8903),#8956);
#8903 = MANIFOLD_SOLID_BREP('',#8904);
#8904 = CLOSED_SHELL('',(#8905,#8938,#8947));
#8905 = ADVANCED_FACE('',(#8906),#8933,.T.);
#8906 = FACE_BOUND('',#8907,.F.);
#8907 = EDGE_LOOP('',(#8908,#8918,#8925,#8926));
#8908 = ORIENTED_EDGE('',*,*,#8909,.T.);
#8909 = EDGE_CURVE('',#8910,#8912,#8914,.T.);
#8910 = VERTEX_POINT('',#8911);
#8911 = CARTESIAN_POINT('',(0.75,0.,-5.684341886081E-14));
#8912 = VERTEX_POINT('',#8913);
#8913 = CARTESIAN_POINT('',(0.75,0.,26.248809496813));
#8914 = LINE('',#8915,#8916);
#8915 = CARTESIAN_POINT('',(0.75,-1.8E-16,0.));
#8916 = VECTOR('',#8917,1.);
#8917 = DIRECTION('',(0.,0.,1.));
#8918 = ORIENTED_EDGE('',*,*,#8919,.T.);
#8919 = EDGE_CURVE('',#8912,#8912,#8920,.T.);
#8920 = CIRCLE('',#8921,0.75);
#8921 = AXIS2_PLACEMENT_3D('',#8922,#8923,#8924);
#8922 = CARTESIAN_POINT('',(0.,0.,26.248809496813));
#8923 = DIRECTION('',(0.,0.,1.));
#8924 = DIRECTION('',(1.,0.,0.));
#8925 = ORIENTED_EDGE('',*,*,#8909,.F.);
#8926 = ORIENTED_EDGE('',*,*,#8927,.F.);
#8927 = EDGE_CURVE('',#8910,#8910,#8928,.T.);
#8928 = CIRCLE('',#8929,0.75);
#8929 = AXIS2_PLACEMENT_3D('',#8930,#8931,#8932);
#8930 = CARTESIAN_POINT('',(0.,0.,0.));
#8931 = DIRECTION('',(0.,0.,1.));
#8932 = DIRECTION('',(1.,0.,-0.));
#8933 = CYLINDRICAL_SURFACE('',#8934,0.75);
#8934 = AXIS2_PLACEMENT_3D('',#8935,#8936,#8937);
#8935 = CARTESIAN_POINT('',(0.,0.,0.));
#8936 = DIRECTION('',(-0.,-0.,-1.));
#8937 = DIRECTION('',(1.,0.,-0.));
#8938 = ADVANCED_FACE('',(#8939),#8942,.F.);
#8939 = FACE_BOUND('',#8940,.T.);
#8940 = EDGE_LOOP('',(#8941));
#8941 = ORIENTED_EDGE('',*,*,#8927,.F.);
#8942 = PLANE('',#8943);
#8943 = AXIS2_PLACEMENT_3D('',#8944,#8945,#8946);
#8944 = CARTESIAN_POINT('',(0.,0.,0.));
#8945 = DIRECTION('',(0.,0.,1.));
#8946 = DIRECTION('',(1.,0.,-0.));
#8947 = ADVANCED_FACE('',(#8948),#8951,.T.);
#8948 = FACE_BOUND('',#8949,.F.);
#8949 = EDGE_LOOP('',(#8950));
#8950 = ORIENTED_EDGE('',*,*,#8919,.F.);
#8951 = PLANE('',#8952);
#8952 = AXIS2_PLACEMENT_3D('',#8953,#8954,#8955);
#8953 = CARTESIAN_POINT('',(0.,0.,26.248809496813));
#8954 = DIRECTION('',(0.,0.,1.));
#8955 = DIRECTION('',(1.,0.,0.));
#8956 = ( GEOMETRIC_REPRESENTATION_CONTEXT(3) 
GLOBAL_UNCERTAINTY_ASSIGNED_CONTEXT((#8960)) 
GLOBAL_UNIT_ASSIGNED_CONTEXT((#8957,#8958,#8959)) REPRESENTATION_CONTEXT
('Context #1','3D Context with UNIT and UNCERTAINTY') );
#8957 = ( LENGTH_UNIT() NAMED_UNIT(*) SI_UNIT(.MILLI.,.METRE.) );
#8958 = ( NAMED_UNIT(*) PLANE_ANGLE_UNIT() SI_UNIT($,.RADIAN.) );
#8959 = ( NAMED_UNIT(*) SI_UNIT($,.STERADIAN.) SOLID_ANGLE_UNIT() );
#8960 = UNCERTAINTY_MEASURE_WITH_UNIT(LENGTH_MEASURE(1.E-07),#8957,
  'distance_accuracy_value','confusion accuracy');
#8961 = CONTEXT_DEPENDENT_SHAPE_REPRESENTATION(#8962,#8964);
#8962 = ( REPRESENTATION_RELATIONSHIP('','',#8902,#10) 
REPRESENTATION_RELATIONSHIP_WITH_TRANSFORMATION(#8963) 
SHAPE_REPRESENTATION_RELATIONSHIP() );
#8963 = ITEM_DEFINED_TRANSFORMATION('','',#11,#175);
#8964 = PRODUCT_DEFINITION_SHAPE('Placement','Placement of an item',
  #8965);
#8965 = NEXT_ASSEMBLY_USAGE_OCCURRENCE('505','ROPE_DYNEEMA_6','',#5,
  #8897,$);
#8966 = PRODUCT_RELATED_PRODUCT_CATEGORY('part',$,(#8899));
#8967 = SHAPE_DEFINITION_REPRESENTATION(#8968,#8974);
#8968 = PRODUCT_DEFINITION_SHAPE('','',#8969);
#8969 = PRODUCT_DEFINITION('design','',#8970,#8973);
#8970 = PRODUCT_DEFINITION_FORMATION('','',#8971);
#8971 = PRODUCT('LOAD_CHUTE','LOAD_CHUTE','',(#8972));
#8972 = PRODUCT_CONTEXT('',#2,'mechanical');
#8973 = PRODUCT_DEFINITION_CONTEXT('part definition',#2,'design');
#8974 = ADVANCED_BREP_SHAPE_REPRESENTATION('',(#11,#8975),#9503);
#8975 = MANIFOLD_SOLID_BREP('',#8976);
#8976 = CLOSED_SHELL('',(#8977,#9017,#9064,#9112,#9136,#9169,#9209,#9280
    ,#9291,#9308,#9333,#9349,#9406,#9423,#9440,#9457,#9474,#9491));
#8977 = ADVANCED_FACE('',(#8978),#9012,.F.);
#8978 = FACE_BOUND('',#8979,.F.);
#8979 = EDGE_LOOP('',(#8980,#8990,#8998,#9006));
#8980 = ORIENTED_EDGE('',*,*,#8981,.F.);
#8981 = EDGE_CURVE('',#8982,#8984,#8986,.T.);
#8982 = VERTEX_POINT('',#8983);
#8983 = CARTESIAN_POINT('',(-22.76782118497,77.982463804253,204.));
#8984 = VERTEX_POINT('',#8985);
#8985 = CARTESIAN_POINT('',(-23.63406006605,79.686066937044,
    207.51388197964));
#8986 = LINE('',#8987,#8988);
#8987 = CARTESIAN_POINT('',(-22.76782118497,77.982463804253,204.));
#8988 = VECTOR('',#8989,1.);
#8989 = DIRECTION('',(-0.21655972027,0.425900783198,0.87847049491));
#8990 = ORIENTED_EDGE('',*,*,#8991,.T.);
#8991 = EDGE_CURVE('',#8982,#8992,#8994,.T.);
#8992 = VERTEX_POINT('',#8993);
#8993 = CARTESIAN_POINT('',(-109.232178815,34.017536195747,204.));
#8994 = LINE('',#8995,#8996);
#8995 = CARTESIAN_POINT('',(-22.76782118497,77.982463804253,204.));
#8996 = VECTOR('',#8997,1.);
#8997 = DIRECTION('',(-0.891385130207,-0.453246676376,2.09039387616E-16)
  );
#8998 = ORIENTED_EDGE('',*,*,#8999,.T.);
#8999 = EDGE_CURVE('',#8992,#9000,#9002,.T.);
#9000 = VERTEX_POINT('',#9001);
#9001 = CARTESIAN_POINT('',(-110.0984176961,35.721139328539,
    207.51388197964));
#9002 = LINE('',#9003,#9004);
#9003 = CARTESIAN_POINT('',(-109.232178815,34.017536195747,204.));
#9004 = VECTOR('',#9005,1.);
#9005 = DIRECTION('',(-0.21655972027,0.425900783198,0.87847049491));
#9006 = ORIENTED_EDGE('',*,*,#9007,.F.);
#9007 = EDGE_CURVE('',#8984,#9000,#9008,.T.);
#9008 = LINE('',#9009,#9010);
#9009 = CARTESIAN_POINT('',(-23.63406006605,79.686066937044,
    207.51388197964));
#9010 = VECTOR('',#9011,1.);
#9011 = DIRECTION('',(-0.891385130207,-0.453246676376,2.09039387616E-16)
  );
#9012 = PLANE('',#9013);
#9013 = AXIS2_PLACEMENT_3D('',#9014,#9015,#9016);
#9014 = CARTESIAN_POINT('',(-22.76782118497,77.982463804253,204.));
#9015 = DIRECTION('',(-0.398163832113,0.783055536489,-0.477796598535));
#9016 = DIRECTION('',(-0.21655972027,0.425900783198,0.87847049491));
#9017 = ADVANCED_FACE('',(#9018),#9059,.F.);
#9018 = FACE_BOUND('',#9019,.F.);
#9019 = EDGE_LOOP('',(#9020,#9028,#9029,#9037,#9045,#9053));
#9020 = ORIENTED_EDGE('',*,*,#9021,.F.);
#9021 = EDGE_CURVE('',#8982,#9022,#9024,.T.);
#9022 = VERTEX_POINT('',#9023);
#9023 = CARTESIAN_POINT('',(-51.28796723011,134.07208435969,
    169.77582474583));
#9024 = LINE('',#9025,#9026);
#9025 = CARTESIAN_POINT('',(-22.76782118497,77.982463804253,204.));
#9026 = VECTOR('',#9027,1.);
#9027 = DIRECTION('',(-0.398163832113,0.783055536489,-0.477796598535));
#9028 = ORIENTED_EDGE('',*,*,#8981,.T.);
#9029 = ORIENTED_EDGE('',*,*,#9030,.T.);
#9030 = EDGE_CURVE('',#8984,#9031,#9033,.T.);
#9031 = VERTEX_POINT('',#9032);
#9032 = CARTESIAN_POINT('',(-53.63406006605,138.68606693704,
    171.51388197964));
#9033 = LINE('',#9034,#9035);
#9034 = CARTESIAN_POINT('',(-23.63406006605,79.686066937044,
    207.51388197964));
#9035 = VECTOR('',#9036,1.);
#9036 = DIRECTION('',(-0.398163832113,0.783055536489,-0.477796598535));
#9037 = ORIENTED_EDGE('',*,*,#9038,.F.);
#9038 = EDGE_CURVE('',#9039,#9031,#9041,.T.);
#9039 = VERTEX_POINT('',#9040);
#9040 = CARTESIAN_POINT('',(-53.12641621342,137.68770069353,
    169.45463409226));
#9041 = LINE('',#9042,#9043);
#9042 = CARTESIAN_POINT('',(-52.76782118497,136.98246380425,168.));
#9043 = VECTOR('',#9044,1.);
#9044 = DIRECTION('',(-0.21655972027,0.425900783198,0.87847049491));
#9045 = ORIENTED_EDGE('',*,*,#9046,.F.);
#9046 = EDGE_CURVE('',#9047,#9039,#9049,.T.);
#9047 = VERTEX_POINT('',#9048);
#9048 = CARTESIAN_POINT('',(-51.28796723011,134.07208435969,
    171.02076307795));
#9049 = LINE('',#9050,#9051);
#9050 = CARTESIAN_POINT('',(-35.95855239628,103.92423518649,
    184.07951049108));
#9051 = VECTOR('',#9052,1.);
#9052 = DIRECTION('',(-0.422823757168,0.831553389097,-0.360193047483));
#9053 = ORIENTED_EDGE('',*,*,#9054,.T.);
#9054 = EDGE_CURVE('',#9047,#9022,#9055,.T.);
#9055 = LINE('',#9056,#9057);
#9056 = CARTESIAN_POINT('',(-51.28796723011,134.07208435969,186.));
#9057 = VECTOR('',#9058,1.);
#9058 = DIRECTION('',(6.E-17,-1.E-16,-1.));
#9059 = PLANE('',#9060);
#9060 = AXIS2_PLACEMENT_3D('',#9061,#9062,#9063);
#9061 = CARTESIAN_POINT('',(-22.76782118497,77.982463804253,204.));
#9062 = DIRECTION('',(-0.891385130207,-0.453246676376,2.09039387616E-16)
  );
#9063 = DIRECTION('',(-0.21655972027,0.425900783198,0.87847049491));
#9064 = ADVANCED_FACE('',(#9065),#9107,.T.);
#9065 = FACE_BOUND('',#9066,.T.);
#9066 = EDGE_LOOP('',(#9067,#9075,#9076,#9077,#9085,#9093,#9101));
#9067 = ORIENTED_EDGE('',*,*,#9068,.F.);
#9068 = EDGE_CURVE('',#9000,#9069,#9071,.T.);
#9069 = VERTEX_POINT('',#9070);
#9070 = CARTESIAN_POINT('',(-140.0984176961,94.721139328539,
    171.51388197964));
#9071 = LINE('',#9072,#9073);
#9072 = CARTESIAN_POINT('',(-110.0984176961,35.721139328539,
    207.51388197964));
#9073 = VECTOR('',#9074,1.);
#9074 = DIRECTION('',(-0.398163832113,0.783055536489,-0.477796598535));
#9075 = ORIENTED_EDGE('',*,*,#9007,.F.);
#9076 = ORIENTED_EDGE('',*,*,#9030,.T.);
#9077 = ORIENTED_EDGE('',*,*,#9078,.T.);
#9078 = EDGE_CURVE('',#9031,#9079,#9081,.T.);
#9079 = VERTEX_POINT('',#9080);
#9080 = CARTESIAN_POINT('',(-96.16499139081,117.06016965326,
    171.51388197964));
#9081 = LINE('',#9082,#9083);
#9082 = CARTESIAN_POINT('',(-53.63406006605,138.68606693704,
    171.51388197964));
#9083 = VECTOR('',#9084,1.);
#9084 = DIRECTION('',(-0.891385130207,-0.453246676376,2.09039387616E-16)
  );
#9085 = ORIENTED_EDGE('',*,*,#9086,.F.);
#9086 = EDGE_CURVE('',#9087,#9079,#9089,.T.);
#9087 = VERTEX_POINT('',#9088);
#9088 = CARTESIAN_POINT('',(-97.04308622629,116.17391218126,
    171.72709093837));
#9089 = LINE('',#9090,#9091);
#9090 = CARTESIAN_POINT('',(-75.24362925072,138.17601360542,
    166.43399577943));
#9091 = VECTOR('',#9092,1.);
#9092 = DIRECTION('',(0.693769919926,0.700219099969,-0.16845328802));
#9093 = ORIENTED_EDGE('',*,*,#9094,.T.);
#9094 = EDGE_CURVE('',#9087,#9095,#9097,.T.);
#9095 = VERTEX_POINT('',#9096);
#9096 = CARTESIAN_POINT('',(-100.3567388058,114.92877266257,
    171.51388197964));
#9097 = LINE('',#9098,#9099);
#9098 = CARTESIAN_POINT('',(-47.20624949258,134.90062339004,
    174.93372163113));
#9099 = VECTOR('',#9100,1.);
#9100 = DIRECTION('',(-0.934401590736,-0.351111143676,
    -6.012180982158E-02));
#9101 = ORIENTED_EDGE('',*,*,#9102,.T.);
#9102 = EDGE_CURVE('',#9095,#9069,#9103,.T.);
#9103 = LINE('',#9104,#9105);
#9104 = CARTESIAN_POINT('',(-53.63406006605,138.68606693704,
    171.51388197964));
#9105 = VECTOR('',#9106,1.);
#9106 = DIRECTION('',(-0.891385130207,-0.453246676376,2.09039387616E-16)
  );
#9107 = PLANE('',#9108);
#9108 = AXIS2_PLACEMENT_3D('',#9109,#9110,#9111);
#9109 = CARTESIAN_POINT('',(-23.63406006605,79.686066937044,
    207.51388197964));
#9110 = DIRECTION('',(-0.21655972027,0.425900783198,0.87847049491));
#9111 = DIRECTION('',(-0.398163832113,0.783055536489,-0.477796598535));
#9112 = ADVANCED_FACE('',(#9113),#9131,.T.);
#9113 = FACE_BOUND('',#9114,.T.);
#9114 = EDGE_LOOP('',(#9115,#9123,#9124,#9125));
#9115 = ORIENTED_EDGE('',*,*,#9116,.F.);
#9116 = EDGE_CURVE('',#8992,#9117,#9119,.T.);
#9117 = VERTEX_POINT('',#9118);
#9118 = CARTESIAN_POINT('',(-139.232178815,93.017536195747,168.));
#9119 = LINE('',#9120,#9121);
#9120 = CARTESIAN_POINT('',(-109.232178815,34.017536195747,204.));
#9121 = VECTOR('',#9122,1.);
#9122 = DIRECTION('',(-0.398163832113,0.783055536489,-0.477796598535));
#9123 = ORIENTED_EDGE('',*,*,#8999,.T.);
#9124 = ORIENTED_EDGE('',*,*,#9068,.T.);
#9125 = ORIENTED_EDGE('',*,*,#9126,.F.);
#9126 = EDGE_CURVE('',#9117,#9069,#9127,.T.);
#9127 = LINE('',#9128,#9129);
#9128 = CARTESIAN_POINT('',(-139.232178815,93.017536195747,168.));
#9129 = VECTOR('',#9130,1.);
#9130 = DIRECTION('',(-0.21655972027,0.425900783198,0.87847049491));
#9131 = PLANE('',#9132);
#9132 = AXIS2_PLACEMENT_3D('',#9133,#9134,#9135);
#9133 = CARTESIAN_POINT('',(-109.232178815,34.017536195747,204.));
#9134 = DIRECTION('',(-0.891385130207,-0.453246676376,2.09039387616E-16)
  );
#9135 = DIRECTION('',(-0.21655972027,0.425900783198,0.87847049491));
#9136 = ADVANCED_FACE('',(#9137),#9164,.F.);
#9137 = FACE_BOUND('',#9138,.F.);
#9138 = EDGE_LOOP('',(#9139,#9140,#9141,#9142,#9150,#9158));
#9139 = ORIENTED_EDGE('',*,*,#9116,.F.);
#9140 = ORIENTED_EDGE('',*,*,#8991,.F.);
#9141 = ORIENTED_EDGE('',*,*,#9021,.T.);
#9142 = ORIENTED_EDGE('',*,*,#9143,.T.);
#9143 = EDGE_CURVE('',#9022,#9144,#9146,.T.);
#9144 = VERTEX_POINT('',#9145);
#9145 = CARTESIAN_POINT('',(-50.58688865363,132.06445025433,
    170.92199678472));
#9146 = LINE('',#9147,#9148);
#9147 = CARTESIAN_POINT('',(-40.6719380255,103.67163709196,
    187.13164796829));
#9148 = VECTOR('',#9149,1.);
#9149 = DIRECTION('',(0.290212352066,-0.831062644554,0.474459346557));
#9150 = ORIENTED_EDGE('',*,*,#9151,.T.);
#9151 = EDGE_CURVE('',#9144,#9152,#9154,.T.);
#9152 = VERTEX_POINT('',#9153);
#9153 = CARTESIAN_POINT('',(-96.,115.,168.));
#9154 = LINE('',#9155,#9156);
#9155 = CARTESIAN_POINT('',(-46.47937254629,133.6078922737,
    171.18628497161));
#9156 = VECTOR('',#9157,1.);
#9157 = DIRECTION('',(-0.934401590736,-0.351111143676,
    -6.012180982158E-02));
#9158 = ORIENTED_EDGE('',*,*,#9159,.T.);
#9159 = EDGE_CURVE('',#9152,#9117,#9160,.T.);
#9160 = LINE('',#9161,#9162);
#9161 = CARTESIAN_POINT('',(-52.76782118497,136.98246380425,168.));
#9162 = VECTOR('',#9163,1.);
#9163 = DIRECTION('',(-0.891385130207,-0.453246676376,2.09039387616E-16)
  );
#9164 = PLANE('',#9165);
#9165 = AXIS2_PLACEMENT_3D('',#9166,#9167,#9168);
#9166 = CARTESIAN_POINT('',(-22.76782118497,77.982463804253,204.));
#9167 = DIRECTION('',(-0.21655972027,0.425900783198,0.87847049491));
#9168 = DIRECTION('',(-0.398163832113,0.783055536489,-0.477796598535));
#9169 = ADVANCED_FACE('',(#9170),#9204,.F.);
#9170 = FACE_BOUND('',#9171,.F.);
#9171 = EDGE_LOOP('',(#9172,#9180,#9188,#9196,#9202,#9203));
#9172 = ORIENTED_EDGE('',*,*,#9173,.T.);
#9173 = EDGE_CURVE('',#9047,#9174,#9176,.T.);
#9174 = VERTEX_POINT('',#9175);
#9175 = CARTESIAN_POINT('',(-67.77527359915,181.28573441649,
    151.53576464181));
#9176 = LINE('',#9177,#9178);
#9177 = CARTESIAN_POINT('',(-50.69030519436,132.36059762098,
    171.72709093837));
#9178 = VECTOR('',#9179,1.);
#9179 = DIRECTION('',(-0.307189474701,0.87967895028,-0.363042106465));
#9180 = ORIENTED_EDGE('',*,*,#9181,.T.);
#9181 = EDGE_CURVE('',#9174,#9182,#9184,.T.);
#9182 = VERTEX_POINT('',#9183);
#9183 = CARTESIAN_POINT('',(-67.29651859875,179.91475418809,
    147.80867370343));
#9184 = LINE('',#9185,#9186);
#9185 = CARTESIAN_POINT('',(-67.17682984865,179.57200913099,
    146.87690096884));
#9186 = VECTOR('',#9187,1.);
#9187 = DIRECTION('',(0.119688750098,-0.3427450571,-0.931772734594));
#9188 = ORIENTED_EDGE('',*,*,#9189,.F.);
#9189 = EDGE_CURVE('',#9190,#9182,#9192,.T.);
#9190 = VERTEX_POINT('',#9191);
#9191 = CARTESIAN_POINT('',(-50.21155019397,130.98961739258,168.));
#9192 = LINE('',#9193,#9194);
#9193 = CARTESIAN_POINT('',(-50.21155019397,130.98961739258,168.));
#9194 = VECTOR('',#9195,1.);
#9195 = DIRECTION('',(-0.307189474701,0.87967895028,-0.363042106465));
#9196 = ORIENTED_EDGE('',*,*,#9197,.T.);
#9197 = EDGE_CURVE('',#9190,#9144,#9198,.T.);
#9198 = LINE('',#9199,#9200);
#9199 = CARTESIAN_POINT('',(-50.21155019397,130.98961739258,168.));
#9200 = VECTOR('',#9201,1.);
#9201 = DIRECTION('',(-0.119688750098,0.3427450571,0.931772734594));
#9202 = ORIENTED_EDGE('',*,*,#9143,.F.);
#9203 = ORIENTED_EDGE('',*,*,#9054,.F.);
#9204 = PLANE('',#9205);
#9205 = AXIS2_PLACEMENT_3D('',#9206,#9207,#9208);
#9206 = CARTESIAN_POINT('',(-50.21155019397,130.98961739258,168.));
#9207 = DIRECTION('',(-0.944091748578,-0.329682832837,
    -6.050924640455E-18));
#9208 = DIRECTION('',(-0.119688750098,0.3427450571,0.931772734594));
#9209 = ADVANCED_FACE('',(#9210),#9275,.T.);
#9210 = FACE_BOUND('',#9211,.T.);
#9211 = EDGE_LOOP('',(#9212,#9220,#9221,#9227,#9228,#9229,#9237,#9245,
    #9253,#9261,#9269));
#9212 = ORIENTED_EDGE('',*,*,#9213,.F.);
#9213 = EDGE_CURVE('',#9087,#9214,#9216,.T.);
#9214 = VERTEX_POINT('',#9215);
#9215 = CARTESIAN_POINT('',(-142.2672048064,100.38136283581,
    171.72709093837));
#9216 = LINE('',#9217,#9218);
#9217 = CARTESIAN_POINT('',(-50.69030519436,132.36059762098,
    171.72709093837));
#9218 = VECTOR('',#9219,1.);
#9219 = DIRECTION('',(-0.944091748578,-0.329682832837,
    -6.050924640455E-18));
#9220 = ORIENTED_EDGE('',*,*,#9086,.T.);
#9221 = ORIENTED_EDGE('',*,*,#9222,.T.);
#9222 = EDGE_CURVE('',#9079,#9039,#9223,.T.);
#9223 = LINE('',#9224,#9225);
#9224 = CARTESIAN_POINT('',(-53.18145046087,137.66132387592,
    169.45726729183));
#9225 = VECTOR('',#9226,1.);
#9226 = DIRECTION('',(0.900937947991,0.431801596845,-4.31067840516E-02)
  );
#9227 = ORIENTED_EDGE('',*,*,#9046,.F.);
#9228 = ORIENTED_EDGE('',*,*,#9173,.T.);
#9229 = ORIENTED_EDGE('',*,*,#9230,.T.);
#9230 = EDGE_CURVE('',#9174,#9231,#9233,.T.);
#9231 = VERTEX_POINT('',#9232);
#9232 = CARTESIAN_POINT('',(-80.52051220495,176.83501617319,
    151.53576464181));
#9233 = LINE('',#9234,#9235);
#9234 = CARTESIAN_POINT('',(-62.34674604482,183.1814107053,
    151.53576464181));
#9235 = VECTOR('',#9236,1.);
#9236 = DIRECTION('',(-0.944091748578,-0.329682832837,-3.E-17));
#9237 = ORIENTED_EDGE('',*,*,#9238,.F.);
#9238 = EDGE_CURVE('',#9239,#9231,#9241,.T.);
#9239 = VERTEX_POINT('',#9240);
#9240 = CARTESIAN_POINT('',(-85.43554380016,190.90987937768,
    145.72709093837));
#9241 = LINE('',#9242,#9243);
#9242 = CARTESIAN_POINT('',(-71.97802800256,152.37244777544,
    161.63142779009));
#9243 = VECTOR('',#9244,1.);
#9244 = DIRECTION('',(0.307189474701,-0.87967895028,0.363042106465));
#9245 = ORIENTED_EDGE('',*,*,#9246,.T.);
#9246 = EDGE_CURVE('',#9239,#9247,#9249,.T.);
#9247 = VERTEX_POINT('',#9248);
#9248 = CARTESIAN_POINT('',(-151.5219662006,167.83208107911,
    145.72709093837));
#9249 = LINE('',#9250,#9251);
#9250 = CARTESIAN_POINT('',(-72.69030519436,195.36059762098,
    145.72709093837));
#9251 = VECTOR('',#9252,1.);
#9252 = DIRECTION('',(-0.944091748578,-0.329682832837,
    -6.050924640455E-18));
#9253 = ORIENTED_EDGE('',*,*,#9254,.T.);
#9254 = EDGE_CURVE('',#9247,#9255,#9257,.T.);
#9255 = VERTEX_POINT('',#9256);
#9256 = CARTESIAN_POINT('',(-146.6069346054,153.75721787462,
    151.53576464181));
#9257 = LINE('',#9258,#9259);
#9258 = CARTESIAN_POINT('',(-138.064450403,129.29464947687,
    161.63142779009));
#9259 = VECTOR('',#9260,1.);
#9260 = DIRECTION('',(0.307189474701,-0.87967895028,0.363042106465));
#9261 = ORIENTED_EDGE('',*,*,#9262,.T.);
#9262 = EDGE_CURVE('',#9255,#9263,#9265,.T.);
#9263 = VERTEX_POINT('',#9264);
#9264 = CARTESIAN_POINT('',(-159.3521732112,149.30649963133,
    151.53576464181));
#9265 = LINE('',#9266,#9267);
#9266 = CARTESIAN_POINT('',(-107.1911041022,167.52147614556,
    151.53576464181));
#9267 = VECTOR('',#9268,1.);
#9268 = DIRECTION('',(-0.944091748578,-0.329682832837,-3.E-17));
#9269 = ORIENTED_EDGE('',*,*,#9270,.F.);
#9270 = EDGE_CURVE('',#9214,#9263,#9271,.T.);
#9271 = LINE('',#9272,#9273);
#9272 = CARTESIAN_POINT('',(-142.2672048064,100.38136283581,
    171.72709093837));
#9273 = VECTOR('',#9274,1.);
#9274 = DIRECTION('',(-0.307189474701,0.87967895028,-0.363042106465));
#9275 = PLANE('',#9276);
#9276 = AXIS2_PLACEMENT_3D('',#9277,#9278,#9279);
#9277 = CARTESIAN_POINT('',(-50.69030519436,132.36059762098,
    171.72709093837));
#9278 = DIRECTION('',(-0.119688750098,0.3427450571,0.931772734594));
#9279 = DIRECTION('',(-0.307189474701,0.87967895028,-0.363042106465));
#9280 = ADVANCED_FACE('',(#9281),#9286,.T.);
#9281 = FACE_BOUND('',#9282,.T.);
#9282 = EDGE_LOOP('',(#9283,#9284,#9285));
#9283 = ORIENTED_EDGE('',*,*,#9038,.F.);
#9284 = ORIENTED_EDGE('',*,*,#9222,.F.);
#9285 = ORIENTED_EDGE('',*,*,#9078,.F.);
#9286 = PLANE('',#9287);
#9287 = AXIS2_PLACEMENT_3D('',#9288,#9289,#9290);
#9288 = CARTESIAN_POINT('',(-52.76782118497,136.98246380425,168.));
#9289 = DIRECTION('',(-0.398163832113,0.783055536489,-0.477796598535));
#9290 = DIRECTION('',(-0.21655972027,0.425900783198,0.87847049491));
#9291 = ADVANCED_FACE('',(#9292),#9303,.T.);
#9292 = FACE_BOUND('',#9293,.T.);
#9293 = EDGE_LOOP('',(#9294,#9300,#9301,#9302));
#9294 = ORIENTED_EDGE('',*,*,#9295,.T.);
#9295 = EDGE_CURVE('',#9095,#9152,#9296,.T.);
#9296 = LINE('',#9297,#9298);
#9297 = CARTESIAN_POINT('',(-68.84865595833,115.44389118324,
    146.10136829336));
#9298 = VECTOR('',#9299,1.);
#9299 = DIRECTION('',(0.778316588765,1.272452188717E-02,-0.627743079767)
  );
#9300 = ORIENTED_EDGE('',*,*,#9159,.T.);
#9301 = ORIENTED_EDGE('',*,*,#9126,.T.);
#9302 = ORIENTED_EDGE('',*,*,#9102,.F.);
#9303 = PLANE('',#9304);
#9304 = AXIS2_PLACEMENT_3D('',#9305,#9306,#9307);
#9305 = CARTESIAN_POINT('',(-52.76782118497,136.98246380425,168.));
#9306 = DIRECTION('',(-0.398163832113,0.783055536489,-0.477796598535));
#9307 = DIRECTION('',(-0.21655972027,0.425900783198,0.87847049491));
#9308 = ADVANCED_FACE('',(#9309),#9328,.F.);
#9309 = FACE_BOUND('',#9310,.F.);
#9310 = EDGE_LOOP('',(#9311,#9312,#9320,#9326,#9327));
#9311 = ORIENTED_EDGE('',*,*,#9295,.T.);
#9312 = ORIENTED_EDGE('',*,*,#9313,.T.);
#9313 = EDGE_CURVE('',#9152,#9314,#9316,.T.);
#9314 = VERTEX_POINT('',#9315);
#9315 = CARTESIAN_POINT('',(-141.788449806,99.01038260742,168.));
#9316 = LINE('',#9317,#9318);
#9317 = CARTESIAN_POINT('',(-50.21155019397,130.98961739258,168.));
#9318 = VECTOR('',#9319,1.);
#9319 = DIRECTION('',(-0.944091748578,-0.329682832837,
    -6.050924640455E-18));
#9320 = ORIENTED_EDGE('',*,*,#9321,.T.);
#9321 = EDGE_CURVE('',#9314,#9214,#9322,.T.);
#9322 = LINE('',#9323,#9324);
#9323 = CARTESIAN_POINT('',(-141.788449806,99.01038260742,168.));
#9324 = VECTOR('',#9325,1.);
#9325 = DIRECTION('',(-0.119688750098,0.3427450571,0.931772734594));
#9326 = ORIENTED_EDGE('',*,*,#9213,.F.);
#9327 = ORIENTED_EDGE('',*,*,#9094,.T.);
#9328 = PLANE('',#9329);
#9329 = AXIS2_PLACEMENT_3D('',#9330,#9331,#9332);
#9330 = CARTESIAN_POINT('',(-50.21155019397,130.98961739258,168.));
#9331 = DIRECTION('',(-0.307189474701,0.87967895028,-0.363042106465));
#9332 = DIRECTION('',(-0.119688750098,0.3427450571,0.931772734594));
#9333 = ADVANCED_FACE('',(#9334),#9344,.F.);
#9334 = FACE_BOUND('',#9335,.F.);
#9335 = EDGE_LOOP('',(#9336,#9337,#9343));
#9336 = ORIENTED_EDGE('',*,*,#9197,.F.);
#9337 = ORIENTED_EDGE('',*,*,#9338,.T.);
#9338 = EDGE_CURVE('',#9190,#9152,#9339,.T.);
#9339 = LINE('',#9340,#9341);
#9340 = CARTESIAN_POINT('',(-50.21155019397,130.98961739258,168.));
#9341 = VECTOR('',#9342,1.);
#9342 = DIRECTION('',(-0.944091748578,-0.329682832837,
    -6.050924640455E-18));
#9343 = ORIENTED_EDGE('',*,*,#9151,.F.);
#9344 = PLANE('',#9345);
#9345 = AXIS2_PLACEMENT_3D('',#9346,#9347,#9348);
#9346 = CARTESIAN_POINT('',(-50.21155019397,130.98961739258,168.));
#9347 = DIRECTION('',(-0.307189474701,0.87967895028,-0.363042106465));
#9348 = DIRECTION('',(-0.119688750098,0.3427450571,0.931772734594));
#9349 = ADVANCED_FACE('',(#9350),#9401,.F.);
#9350 = FACE_BOUND('',#9351,.F.);
#9351 = EDGE_LOOP('',(#9352,#9353,#9354,#9362,#9370,#9378,#9386,#9394,
    #9400));
#9352 = ORIENTED_EDGE('',*,*,#9338,.F.);
#9353 = ORIENTED_EDGE('',*,*,#9189,.T.);
#9354 = ORIENTED_EDGE('',*,*,#9355,.T.);
#9355 = EDGE_CURVE('',#9182,#9356,#9358,.T.);
#9356 = VERTEX_POINT('',#9357);
#9357 = CARTESIAN_POINT('',(-80.04175720455,175.46403594479,
    147.80867370343));
#9358 = LINE('',#9359,#9360);
#9359 = CARTESIAN_POINT('',(-61.86799104443,181.8104304769,
    147.80867370343));
#9360 = VECTOR('',#9361,1.);
#9361 = DIRECTION('',(-0.944091748578,-0.329682832837,-3.E-17));
#9362 = ORIENTED_EDGE('',*,*,#9363,.F.);
#9363 = EDGE_CURVE('',#9364,#9356,#9366,.T.);
#9364 = VERTEX_POINT('',#9365);
#9365 = CARTESIAN_POINT('',(-84.95678879977,189.53889914928,142.));
#9366 = LINE('',#9367,#9368);
#9367 = CARTESIAN_POINT('',(-71.49927300216,151.00146754704,
    157.90433685171));
#9368 = VECTOR('',#9369,1.);
#9369 = DIRECTION('',(0.307189474701,-0.87967895028,0.363042106465));
#9370 = ORIENTED_EDGE('',*,*,#9371,.T.);
#9371 = EDGE_CURVE('',#9364,#9372,#9374,.T.);
#9372 = VERTEX_POINT('',#9373);
#9373 = CARTESIAN_POINT('',(-151.0432112002,166.46110085071,142.));
#9374 = LINE('',#9375,#9376);
#9375 = CARTESIAN_POINT('',(-72.21155019397,193.98961739258,142.));
#9376 = VECTOR('',#9377,1.);
#9377 = DIRECTION('',(-0.944091748578,-0.329682832837,
    -6.050924640455E-18));
#9378 = ORIENTED_EDGE('',*,*,#9379,.T.);
#9379 = EDGE_CURVE('',#9372,#9380,#9382,.T.);
#9380 = VERTEX_POINT('',#9381);
#9381 = CARTESIAN_POINT('',(-146.128179605,152.38623764622,
    147.80867370343));
#9382 = LINE('',#9383,#9384);
#9383 = CARTESIAN_POINT('',(-137.5856954026,127.92366924847,
    157.90433685171));
#9384 = VECTOR('',#9385,1.);
#9385 = DIRECTION('',(0.307189474701,-0.87967895028,0.363042106465));
#9386 = ORIENTED_EDGE('',*,*,#9387,.T.);
#9387 = EDGE_CURVE('',#9380,#9388,#9390,.T.);
#9388 = VERTEX_POINT('',#9389);
#9389 = CARTESIAN_POINT('',(-158.8734182108,147.93551940293,
    147.80867370343));
#9390 = LINE('',#9391,#9392);
#9391 = CARTESIAN_POINT('',(-106.7123491018,166.15049591716,
    147.80867370343));
#9392 = VECTOR('',#9393,1.);
#9393 = DIRECTION('',(-0.944091748578,-0.329682832837,-3.E-17));
#9394 = ORIENTED_EDGE('',*,*,#9395,.F.);
#9395 = EDGE_CURVE('',#9314,#9388,#9396,.T.);
#9396 = LINE('',#9397,#9398);
#9397 = CARTESIAN_POINT('',(-141.788449806,99.01038260742,168.));
#9398 = VECTOR('',#9399,1.);
#9399 = DIRECTION('',(-0.307189474701,0.87967895028,-0.363042106465));
#9400 = ORIENTED_EDGE('',*,*,#9313,.F.);
#9401 = PLANE('',#9402);
#9402 = AXIS2_PLACEMENT_3D('',#9403,#9404,#9405);
#9403 = CARTESIAN_POINT('',(-50.21155019397,130.98961739258,168.));
#9404 = DIRECTION('',(-0.119688750098,0.3427450571,0.931772734594));
#9405 = DIRECTION('',(-0.307189474701,0.87967895028,-0.363042106465));
#9406 = ADVANCED_FACE('',(#9407),#9418,.T.);
#9407 = FACE_BOUND('',#9408,.T.);
#9408 = EDGE_LOOP('',(#9409,#9415,#9416,#9417));
#9409 = ORIENTED_EDGE('',*,*,#9410,.T.);
#9410 = EDGE_CURVE('',#9356,#9231,#9411,.T.);
#9411 = LINE('',#9412,#9413);
#9412 = CARTESIAN_POINT('',(-79.80237970436,174.77854583059,
    145.94512823425));
#9413 = VECTOR('',#9414,1.);
#9414 = DIRECTION('',(-0.119688750098,0.3427450571,0.931772734594));
#9415 = ORIENTED_EDGE('',*,*,#9230,.F.);
#9416 = ORIENTED_EDGE('',*,*,#9181,.T.);
#9417 = ORIENTED_EDGE('',*,*,#9355,.T.);
#9418 = PLANE('',#9419);
#9419 = AXIS2_PLACEMENT_3D('',#9420,#9421,#9422);
#9420 = CARTESIAN_POINT('',(-56.20008598991,183.02061665151,
    145.94512823425));
#9421 = DIRECTION('',(-0.307189474701,0.87967895028,-0.363042106465));
#9422 = DIRECTION('',(-0.119688750098,0.3427450571,0.931772734594));
#9423 = ADVANCED_FACE('',(#9424),#9435,.T.);
#9424 = FACE_BOUND('',#9425,.T.);
#9425 = EDGE_LOOP('',(#9426,#9427,#9428,#9429));
#9426 = ORIENTED_EDGE('',*,*,#9395,.F.);
#9427 = ORIENTED_EDGE('',*,*,#9321,.T.);
#9428 = ORIENTED_EDGE('',*,*,#9270,.T.);
#9429 = ORIENTED_EDGE('',*,*,#9430,.T.);
#9430 = EDGE_CURVE('',#9263,#9388,#9431,.T.);
#9431 = LINE('',#9432,#9433);
#9432 = CARTESIAN_POINT('',(-158.7537294607,147.59277434583,
    146.87690096884));
#9433 = VECTOR('',#9434,1.);
#9434 = DIRECTION('',(0.119688750098,-0.3427450571,-0.931772734594));
#9435 = PLANE('',#9436);
#9436 = AXIS2_PLACEMENT_3D('',#9437,#9438,#9439);
#9437 = CARTESIAN_POINT('',(-141.788449806,99.01038260742,168.));
#9438 = DIRECTION('',(-0.944091748578,-0.329682832837,
    -6.050924640455E-18));
#9439 = DIRECTION('',(-0.119688750098,0.3427450571,0.931772734594));
#9440 = ADVANCED_FACE('',(#9441),#9452,.T.);
#9441 = FACE_BOUND('',#9442,.T.);
#9442 = EDGE_LOOP('',(#9443,#9449,#9450,#9451));
#9443 = ORIENTED_EDGE('',*,*,#9444,.F.);
#9444 = EDGE_CURVE('',#9380,#9255,#9445,.T.);
#9445 = LINE('',#9446,#9447);
#9446 = CARTESIAN_POINT('',(-145.8888021048,151.70074753203,
    145.94512823425));
#9447 = VECTOR('',#9448,1.);
#9448 = DIRECTION('',(-0.119688750098,0.3427450571,0.931772734594));
#9449 = ORIENTED_EDGE('',*,*,#9387,.T.);
#9450 = ORIENTED_EDGE('',*,*,#9430,.F.);
#9451 = ORIENTED_EDGE('',*,*,#9262,.F.);
#9452 = PLANE('',#9453);
#9453 = AXIS2_PLACEMENT_3D('',#9454,#9455,#9456);
#9454 = CARTESIAN_POINT('',(-145.8888021048,151.70074753203,
    145.94512823425));
#9455 = DIRECTION('',(-0.307189474701,0.87967895028,-0.363042106465));
#9456 = DIRECTION('',(-0.119688750098,0.3427450571,0.931772734594));
#9457 = ADVANCED_FACE('',(#9458),#9469,.T.);
#9458 = FACE_BOUND('',#9459,.T.);
#9459 = EDGE_LOOP('',(#9460,#9461,#9462,#9463));
#9460 = ORIENTED_EDGE('',*,*,#9379,.T.);
#9461 = ORIENTED_EDGE('',*,*,#9444,.T.);
#9462 = ORIENTED_EDGE('',*,*,#9254,.F.);
#9463 = ORIENTED_EDGE('',*,*,#9464,.F.);
#9464 = EDGE_CURVE('',#9372,#9247,#9465,.T.);
#9465 = LINE('',#9466,#9467);
#9466 = CARTESIAN_POINT('',(-150.9235224501,166.11835579361,
    141.0682272654));
#9467 = VECTOR('',#9468,1.);
#9468 = DIRECTION('',(-0.119688750098,0.3427450571,0.931772734594));
#9469 = PLANE('',#9470);
#9470 = AXIS2_PLACEMENT_3D('',#9471,#9472,#9473);
#9471 = CARTESIAN_POINT('',(-145.8888021048,151.70074753203,
    145.94512823425));
#9472 = DIRECTION('',(-0.944091748578,-0.329682832837,
    -6.050924640455E-18));
#9473 = DIRECTION('',(-0.119688750098,0.3427450571,0.931772734594));
#9474 = ADVANCED_FACE('',(#9475),#9486,.T.);
#9475 = FACE_BOUND('',#9476,.T.);
#9476 = EDGE_LOOP('',(#9477,#9478,#9484,#9485));
#9477 = ORIENTED_EDGE('',*,*,#9246,.F.);
#9478 = ORIENTED_EDGE('',*,*,#9479,.F.);
#9479 = EDGE_CURVE('',#9364,#9239,#9480,.T.);
#9480 = LINE('',#9481,#9482);
#9481 = CARTESIAN_POINT('',(-84.83710004967,189.19615409218,
    141.0682272654));
#9482 = VECTOR('',#9483,1.);
#9483 = DIRECTION('',(-0.119688750098,0.3427450571,0.931772734594));
#9484 = ORIENTED_EDGE('',*,*,#9371,.T.);
#9485 = ORIENTED_EDGE('',*,*,#9464,.T.);
#9486 = PLANE('',#9487);
#9487 = AXIS2_PLACEMENT_3D('',#9488,#9489,#9490);
#9488 = CARTESIAN_POINT('',(-72.21155019397,193.98961739258,142.));
#9489 = DIRECTION('',(-0.307189474701,0.87967895028,-0.363042106465));
#9490 = DIRECTION('',(-0.119688750098,0.3427450571,0.931772734594));
#9491 = ADVANCED_FACE('',(#9492),#9498,.F.);
#9492 = FACE_BOUND('',#9493,.F.);
#9493 = EDGE_LOOP('',(#9494,#9495,#9496,#9497));
#9494 = ORIENTED_EDGE('',*,*,#9363,.T.);
#9495 = ORIENTED_EDGE('',*,*,#9410,.T.);
#9496 = ORIENTED_EDGE('',*,*,#9238,.F.);
#9497 = ORIENTED_EDGE('',*,*,#9479,.F.);
#9498 = PLANE('',#9499);
#9499 = AXIS2_PLACEMENT_3D('',#9500,#9501,#9502);
#9500 = CARTESIAN_POINT('',(-79.80237970436,174.77854583059,
    145.94512823425));
#9501 = DIRECTION('',(-0.944091748578,-0.329682832837,
    -6.050924640455E-18));
#9502 = DIRECTION('',(-0.119688750098,0.3427450571,0.931772734594));
#9503 = ( GEOMETRIC_REPRESENTATION_CONTEXT(3) 
GLOBAL_UNCERTAINTY_ASSIGNED_CONTEXT((#9507)) 
GLOBAL_UNIT_ASSIGNED_CONTEXT((#9504,#9505,#9506)) REPRESENTATION_CONTEXT
('Context #1','3D Context with UNIT and UNCERTAINTY') );
#9504 = ( LENGTH_UNIT() NAMED_UNIT(*) SI_UNIT(.MILLI.,.METRE.) );
#9505 = ( NAMED_UNIT(*) PLANE_ANGLE_UNIT() SI_UNIT($,.RADIAN.) );
#9506 = ( NAMED_UNIT(*) SI_UNIT($,.STERADIAN.) SOLID_ANGLE_UNIT() );
#9507 = UNCERTAINTY_MEASURE_WITH_UNIT(LENGTH_MEASURE(1.E-07),#9504,
  'distance_accuracy_value','confusion accuracy');
#9508 = CONTEXT_DEPENDENT_SHAPE_REPRESENTATION(#9509,#9511);
#9509 = ( REPRESENTATION_RELATIONSHIP('','',#8974,#10) 
REPRESENTATION_RELATIONSHIP_WITH_TRANSFORMATION(#9510) 
SHAPE_REPRESENTATION_RELATIONSHIP() );
#9510 = ITEM_DEFINED_TRANSFORMATION('','',#11,#179);
#9511 = PRODUCT_DEFINITION_SHAPE('Placement','Placement of an item',
  #9512);
#9512 = NEXT_ASSEMBLY_USAGE_OCCURRENCE('506','LOAD_CHUTE','',#5,#8969,$
  );
#9513 = PRODUCT_RELATED_PRODUCT_CATEGORY('part',$,(#8971));
#9514 = SHAPE_DEFINITION_REPRESENTATION(#9515,#9521);
#9515 = PRODUCT_DEFINITION_SHAPE('','',#9516);
#9516 = PRODUCT_DEFINITION('design','',#9517,#9520);
#9517 = PRODUCT_DEFINITION_FORMATION('','',#9518);
#9518 = PRODUCT('CHUTE_LIP_L1','CHUTE_LIP_L1','',(#9519));
#9519 = PRODUCT_CONTEXT('',#2,'mechanical');
#9520 = PRODUCT_DEFINITION_CONTEXT('part definition',#2,'design');
#9521 = ADVANCED_BREP_SHAPE_REPRESENTATION('',(#11,#9522),#9660);
#9522 = MANIFOLD_SOLID_BREP('',#9523);
#9523 = CLOSED_SHELL('',(#9524,#9560,#9596,#9616,#9636,#9648));
#9524 = ADVANCED_FACE('',(#9525),#9555,.F.);
#9525 = FACE_BOUND('',#9526,.F.);
#9526 = EDGE_LOOP('',(#9527,#9536,#9543,#9550));
#9527 = ORIENTED_EDGE('',*,*,#9528,.F.);
#9528 = EDGE_CURVE('',#9529,#9531,#9533,.T.);
#9529 = VERTEX_POINT('',#9530);
#9530 = CARTESIAN_POINT('',(-108.6187538018,39.430045967133,
    206.08049218403));
#9531 = VERTEX_POINT('',#9532);
#9532 = CARTESIAN_POINT('',(-111.6505898856,45.392656931903,
    218.37907911278));
#9533 = B_SPLINE_CURVE_WITH_KNOTS('',1,(#9534,#9535),.UNSPECIFIED.,.F.,
  .F.,(2,2),(0.,14.),.PIECEWISE_BEZIER_KNOTS.);
#9534 = CARTESIAN_POINT('',(-108.6187538018,39.430045967133,
    206.08049218403));
#9535 = CARTESIAN_POINT('',(-111.6505898856,45.392656931903,
    218.37907911278));
#9536 = ORIENTED_EDGE('',*,*,#9537,.T.);
#9537 = EDGE_CURVE('',#9529,#9538,#9540,.T.);
#9538 = VERTEX_POINT('',#9539);
#9539 = CARTESIAN_POINT('',(-111.2929091924,38.070305938004,
    206.08049218403));
#9540 = B_SPLINE_CURVE_WITH_KNOTS('',1,(#9541,#9542),.UNSPECIFIED.,.F.,
  .F.,(2,2),(0.,3.),.PIECEWISE_BEZIER_KNOTS.);
#9541 = CARTESIAN_POINT('',(-108.6187538018,39.430045967133,
    206.08049218403));
#9542 = CARTESIAN_POINT('',(-111.2929091924,38.070305938004,
    206.08049218403));
#9543 = ORIENTED_EDGE('',*,*,#9544,.T.);
#9544 = EDGE_CURVE('',#9538,#9545,#9547,.T.);
#9545 = VERTEX_POINT('',#9546);
#9546 = CARTESIAN_POINT('',(-114.3247452762,44.032916902774,
    218.37907911278));
#9547 = B_SPLINE_CURVE_WITH_KNOTS('',1,(#9548,#9549),.UNSPECIFIED.,.F.,
  .F.,(2,2),(0.,14.),.PIECEWISE_BEZIER_KNOTS.);
#9548 = CARTESIAN_POINT('',(-111.2929091924,38.070305938004,
    206.08049218403));
#9549 = CARTESIAN_POINT('',(-114.3247452762,44.032916902774,
    218.37907911278));
#9550 = ORIENTED_EDGE('',*,*,#9551,.F.);
#9551 = EDGE_CURVE('',#9531,#9545,#9552,.T.);
#9552 = B_SPLINE_CURVE_WITH_KNOTS('',1,(#9553,#9554),.UNSPECIFIED.,.F.,
  .F.,(2,2),(0.,3.),.PIECEWISE_BEZIER_KNOTS.);
#9553 = CARTESIAN_POINT('',(-111.6505898856,45.392656931903,
    218.37907911278));
#9554 = CARTESIAN_POINT('',(-114.3247452762,44.032916902774,
    218.37907911278));
#9555 = B_SPLINE_SURFACE_WITH_KNOTS('',1,1,(
    (#9556,#9557)
    ,(#9558,#9559
    )),.UNSPECIFIED.,.F.,.F.,.F.,(2,2),(2,2),(0.,14.),(-3.,0.),
  .PIECEWISE_BEZIER_KNOTS.);
#9556 = CARTESIAN_POINT('',(-111.2929091924,38.070305938004,
    206.08049218403));
#9557 = CARTESIAN_POINT('',(-108.6187538018,39.430045967133,
    206.08049218403));
#9558 = CARTESIAN_POINT('',(-114.3247452762,44.032916902774,
    218.37907911278));
#9559 = CARTESIAN_POINT('',(-111.6505898856,45.392656931903,
    218.37907911278));
#9560 = ADVANCED_FACE('',(#9561),#9591,.T.);
#9561 = FACE_BOUND('',#9562,.T.);
#9562 = EDGE_LOOP('',(#9563,#9572,#9579,#9586));
#9563 = ORIENTED_EDGE('',*,*,#9564,.F.);
#9564 = EDGE_CURVE('',#9565,#9567,#9569,.T.);
#9565 = VERTEX_POINT('',#9566);
#9566 = CARTESIAN_POINT('',(-137.4242623054,96.080879357668,
    171.51388197964));
#9567 = VERTEX_POINT('',#9568);
#9568 = CARTESIAN_POINT('',(-140.4560983892,102.04349032243,
    183.81246890838));
#9569 = B_SPLINE_CURVE_WITH_KNOTS('',1,(#9570,#9571),.UNSPECIFIED.,.F.,
  .F.,(2,2),(0.,14.),.PIECEWISE_BEZIER_KNOTS.);
#9570 = CARTESIAN_POINT('',(-137.4242623054,96.080879357668,
    171.51388197964));
#9571 = CARTESIAN_POINT('',(-140.4560983892,102.04349032243,
    183.81246890838));
#9572 = ORIENTED_EDGE('',*,*,#9573,.T.);
#9573 = EDGE_CURVE('',#9565,#9574,#9576,.T.);
#9574 = VERTEX_POINT('',#9575);
#9575 = CARTESIAN_POINT('',(-140.0984176961,94.721139328539,
    171.51388197964));
#9576 = B_SPLINE_CURVE_WITH_KNOTS('',1,(#9577,#9578),.UNSPECIFIED.,.F.,
  .F.,(2,2),(0.,3.),.PIECEWISE_BEZIER_KNOTS.);
#9577 = CARTESIAN_POINT('',(-137.4242623054,96.080879357668,
    171.51388197964));
#9578 = CARTESIAN_POINT('',(-140.0984176961,94.721139328539,
    171.51388197964));
#9579 = ORIENTED_EDGE('',*,*,#9580,.T.);
#9580 = EDGE_CURVE('',#9574,#9581,#9583,.T.);
#9581 = VERTEX_POINT('',#9582);
#9582 = CARTESIAN_POINT('',(-143.1302537798,100.6837502933,
    183.81246890838));
#9583 = B_SPLINE_CURVE_WITH_KNOTS('',1,(#9584,#9585),.UNSPECIFIED.,.F.,
  .F.,(2,2),(0.,14.),.PIECEWISE_BEZIER_KNOTS.);
#9584 = CARTESIAN_POINT('',(-140.0984176961,94.721139328539,
    171.51388197964));
#9585 = CARTESIAN_POINT('',(-143.1302537798,100.6837502933,
    183.81246890838));
#9586 = ORIENTED_EDGE('',*,*,#9587,.F.);
#9587 = EDGE_CURVE('',#9567,#9581,#9588,.T.);
#9588 = B_SPLINE_CURVE_WITH_KNOTS('',1,(#9589,#9590),.UNSPECIFIED.,.F.,
  .F.,(2,2),(0.,3.),.PIECEWISE_BEZIER_KNOTS.);
#9589 = CARTESIAN_POINT('',(-140.4560983892,102.04349032243,
    183.81246890838));
#9590 = CARTESIAN_POINT('',(-143.1302537798,100.6837502933,
    183.81246890838));
#9591 = B_SPLINE_SURFACE_WITH_KNOTS('',1,1,(
    (#9592,#9593)
    ,(#9594,#9595
    )),.UNSPECIFIED.,.F.,.F.,.F.,(2,2),(2,2),(0.,14.),(-3.,0.),
  .PIECEWISE_BEZIER_KNOTS.);
#9592 = CARTESIAN_POINT('',(-140.0984176961,94.721139328539,
    171.51388197964));
#9593 = CARTESIAN_POINT('',(-137.4242623054,96.080879357668,
    171.51388197964));
#9594 = CARTESIAN_POINT('',(-143.1302537798,100.6837502933,
    183.81246890838));
#9595 = CARTESIAN_POINT('',(-140.4560983892,102.04349032243,
    183.81246890838));
#9596 = ADVANCED_FACE('',(#9597),#9611,.F.);
#9597 = FACE_BOUND('',#9598,.F.);
#9598 = EDGE_LOOP('',(#9599,#9604,#9605,#9610));
#9599 = ORIENTED_EDGE('',*,*,#9600,.F.);
#9600 = EDGE_CURVE('',#9529,#9565,#9601,.T.);
#9601 = B_SPLINE_CURVE_WITH_KNOTS('',1,(#9602,#9603),.UNSPECIFIED.,.F.,
  .F.,(2,2),(0.,72.345869163478),.PIECEWISE_BEZIER_KNOTS.);
#9602 = CARTESIAN_POINT('',(-108.6187538018,39.430045967133,
    206.08049218403));
#9603 = CARTESIAN_POINT('',(-137.4242623054,96.080879357668,
    171.51388197964));
#9604 = ORIENTED_EDGE('',*,*,#9528,.T.);
#9605 = ORIENTED_EDGE('',*,*,#9606,.T.);
#9606 = EDGE_CURVE('',#9531,#9567,#9607,.T.);
#9607 = B_SPLINE_CURVE_WITH_KNOTS('',1,(#9608,#9609),.UNSPECIFIED.,.F.,
  .F.,(2,2),(0.,72.345869163478),.PIECEWISE_BEZIER_KNOTS.);
#9608 = CARTESIAN_POINT('',(-111.6505898856,45.392656931903,
    218.37907911278));
#9609 = CARTESIAN_POINT('',(-140.4560983892,102.04349032243,
    183.81246890838));
#9610 = ORIENTED_EDGE('',*,*,#9564,.F.);
#9611 = B_SPLINE_SURFACE_WITH_KNOTS('',1,1,(
    (#9612,#9613)
    ,(#9614,#9615
    )),.UNSPECIFIED.,.F.,.F.,.F.,(2,2),(2,2),(0.,14.),(0.,
    72.345869163478),.PIECEWISE_BEZIER_KNOTS.);
#9612 = CARTESIAN_POINT('',(-108.6187538018,39.430045967133,
    206.08049218403));
#9613 = CARTESIAN_POINT('',(-137.4242623054,96.080879357668,
    171.51388197964));
#9614 = CARTESIAN_POINT('',(-111.6505898856,45.392656931903,
    218.37907911278));
#9615 = CARTESIAN_POINT('',(-140.4560983892,102.04349032243,
    183.81246890838));
#9616 = ADVANCED_FACE('',(#9617),#9631,.T.);
#9617 = FACE_BOUND('',#9618,.T.);
#9618 = EDGE_LOOP('',(#9619,#9624,#9625,#9630));
#9619 = ORIENTED_EDGE('',*,*,#9620,.F.);
#9620 = EDGE_CURVE('',#9538,#9574,#9621,.T.);
#9621 = B_SPLINE_CURVE_WITH_KNOTS('',1,(#9622,#9623),.UNSPECIFIED.,.F.,
  .F.,(2,2),(0.,72.345869163478),.PIECEWISE_BEZIER_KNOTS.);
#9622 = CARTESIAN_POINT('',(-111.2929091924,38.070305938004,
    206.08049218403));
#9623 = CARTESIAN_POINT('',(-140.0984176961,94.721139328539,
    171.51388197964));
#9624 = ORIENTED_EDGE('',*,*,#9544,.T.);
#9625 = ORIENTED_EDGE('',*,*,#9626,.T.);
#9626 = EDGE_CURVE('',#9545,#9581,#9627,.T.);
#9627 = B_SPLINE_CURVE_WITH_KNOTS('',1,(#9628,#9629),.UNSPECIFIED.,.F.,
  .F.,(2,2),(0.,72.345869163478),.PIECEWISE_BEZIER_KNOTS.);
#9628 = CARTESIAN_POINT('',(-114.3247452762,44.032916902774,
    218.37907911278));
#9629 = CARTESIAN_POINT('',(-143.1302537798,100.6837502933,
    183.81246890838));
#9630 = ORIENTED_EDGE('',*,*,#9580,.F.);
#9631 = B_SPLINE_SURFACE_WITH_KNOTS('',1,1,(
    (#9632,#9633)
    ,(#9634,#9635
    )),.UNSPECIFIED.,.F.,.F.,.F.,(2,2),(2,2),(0.,14.),(0.,
    72.345869163478),.PIECEWISE_BEZIER_KNOTS.);
#9632 = CARTESIAN_POINT('',(-111.2929091924,38.070305938004,
    206.08049218403));
#9633 = CARTESIAN_POINT('',(-140.0984176961,94.721139328539,
    171.51388197964));
#9634 = CARTESIAN_POINT('',(-114.3247452762,44.032916902774,
    218.37907911278));
#9635 = CARTESIAN_POINT('',(-143.1302537798,100.6837502933,
    183.81246890838));
#9636 = ADVANCED_FACE('',(#9637),#9643,.F.);
#9637 = FACE_BOUND('',#9638,.F.);
#9638 = EDGE_LOOP('',(#9639,#9640,#9641,#9642));
#9639 = ORIENTED_EDGE('',*,*,#9537,.F.);
#9640 = ORIENTED_EDGE('',*,*,#9600,.T.);
#9641 = ORIENTED_EDGE('',*,*,#9573,.T.);
#9642 = ORIENTED_EDGE('',*,*,#9620,.F.);
#9643 = B_SPLINE_SURFACE_WITH_KNOTS('',1,1,(
    (#9644,#9645)
    ,(#9646,#9647
    )),.UNSPECIFIED.,.F.,.F.,.F.,(2,2),(2,2),(0.,72.345869163478),(0.,3.
    ),.PIECEWISE_BEZIER_KNOTS.);
#9644 = CARTESIAN_POINT('',(-108.6187538018,39.430045967133,
    206.08049218403));
#9645 = CARTESIAN_POINT('',(-111.2929091924,38.070305938004,
    206.08049218403));
#9646 = CARTESIAN_POINT('',(-137.4242623054,96.080879357668,
    171.51388197964));
#9647 = CARTESIAN_POINT('',(-140.0984176961,94.721139328539,
    171.51388197964));
#9648 = ADVANCED_FACE('',(#9649),#9655,.T.);
#9649 = FACE_BOUND('',#9650,.T.);
#9650 = EDGE_LOOP('',(#9651,#9652,#9653,#9654));
#9651 = ORIENTED_EDGE('',*,*,#9551,.F.);
#9652 = ORIENTED_EDGE('',*,*,#9606,.T.);
#9653 = ORIENTED_EDGE('',*,*,#9587,.T.);
#9654 = ORIENTED_EDGE('',*,*,#9626,.F.);
#9655 = B_SPLINE_SURFACE_WITH_KNOTS('',1,1,(
    (#9656,#9657)
    ,(#9658,#9659
    )),.UNSPECIFIED.,.F.,.F.,.F.,(2,2),(2,2),(0.,72.345869163478),(0.,3.
    ),.PIECEWISE_BEZIER_KNOTS.);
#9656 = CARTESIAN_POINT('',(-111.6505898856,45.392656931903,
    218.37907911278));
#9657 = CARTESIAN_POINT('',(-114.3247452762,44.032916902774,
    218.37907911278));
#9658 = CARTESIAN_POINT('',(-140.4560983892,102.04349032243,
    183.81246890838));
#9659 = CARTESIAN_POINT('',(-143.1302537798,100.6837502933,
    183.81246890838));
#9660 = ( GEOMETRIC_REPRESENTATION_CONTEXT(3) 
GLOBAL_UNCERTAINTY_ASSIGNED_CONTEXT((#9664)) 
GLOBAL_UNIT_ASSIGNED_CONTEXT((#9661,#9662,#9663)) REPRESENTATION_CONTEXT
('Context #1','3D Context with UNIT and UNCERTAINTY') );
#9661 = ( LENGTH_UNIT() NAMED_UNIT(*) SI_UNIT(.MILLI.,.METRE.) );
#9662 = ( NAMED_UNIT(*) PLANE_ANGLE_UNIT() SI_UNIT($,.RADIAN.) );
#9663 = ( NAMED_UNIT(*) SI_UNIT($,.STERADIAN.) SOLID_ANGLE_UNIT() );
#9664 = UNCERTAINTY_MEASURE_WITH_UNIT(LENGTH_MEASURE(1.E-07),#9661,
  'distance_accuracy_value','confusion accuracy');
#9665 = CONTEXT_DEPENDENT_SHAPE_REPRESENTATION(#9666,#9668);
#9666 = ( REPRESENTATION_RELATIONSHIP('','',#9521,#10) 
REPRESENTATION_RELATIONSHIP_WITH_TRANSFORMATION(#9667) 
SHAPE_REPRESENTATION_RELATIONSHIP() );
#9667 = ITEM_DEFINED_TRANSFORMATION('','',#11,#183);
#9668 = PRODUCT_DEFINITION_SHAPE('Placement','Placement of an item',
  #9669);
#9669 = NEXT_ASSEMBLY_USAGE_OCCURRENCE('507','CHUTE_LIP_L1','',#5,#9516,
  $);
#9670 = PRODUCT_RELATED_PRODUCT_CATEGORY('part',$,(#9518));
#9671 = SHAPE_DEFINITION_REPRESENTATION(#9672,#9678);
#9672 = PRODUCT_DEFINITION_SHAPE('','',#9673);
#9673 = PRODUCT_DEFINITION('design','',#9674,#9677);
#9674 = PRODUCT_DEFINITION_FORMATION('','',#9675);
#9675 = PRODUCT('CHUTE_LIP_L2_0','CHUTE_LIP_L2_0','',(#9676));
#9676 = PRODUCT_CONTEXT('',#2,'mechanical');
#9677 = PRODUCT_DEFINITION_CONTEXT('part definition',#2,'design');
#9678 = ADVANCED_BREP_SHAPE_REPRESENTATION('',(#11,#9679),#9817);
#9679 = MANIFOLD_SOLID_BREP('',#9680);
#9680 = CLOSED_SHELL('',(#9681,#9717,#9745,#9767,#9789,#9805));
#9681 = ADVANCED_FACE('',(#9682),#9712,.F.);
#9682 = FACE_BOUND('',#9683,.F.);
#9683 = EDGE_LOOP('',(#9684,#9693,#9700,#9707));
#9684 = ORIENTED_EDGE('',*,*,#9685,.F.);
#9685 = EDGE_CURVE('',#9686,#9688,#9690,.T.);
#9686 = VERTEX_POINT('',#9687);
#9687 = CARTESIAN_POINT('',(-140.3564979847,104.00944818517,
    170.63796461898));
#9688 = VERTEX_POINT('',#9689);
#9689 = CARTESIAN_POINT('',(-142.0321404861,108.80787898456,
    183.6827829033));
#9690 = B_SPLINE_CURVE_WITH_KNOTS('',1,(#9691,#9692),.UNSPECIFIED.,.F.,
  .F.,(2,2),(0.,14.),.PIECEWISE_BEZIER_KNOTS.);
#9691 = CARTESIAN_POINT('',(-140.3564979847,104.00944818517,
    170.63796461898));
#9692 = CARTESIAN_POINT('',(-142.0321404861,108.80787898456,
    183.6827829033));
#9693 = ORIENTED_EDGE('',*,*,#9694,.T.);
#9694 = EDGE_CURVE('',#9686,#9695,#9697,.T.);
#9695 = VERTEX_POINT('',#9696);
#9696 = CARTESIAN_POINT('',(-143.1887732305,103.02039968666,
    170.63796461898));
#9697 = B_SPLINE_CURVE_WITH_KNOTS('',1,(#9698,#9699),.UNSPECIFIED.,.F.,
  .F.,(2,2),(0.,3.),.PIECEWISE_BEZIER_KNOTS.);
#9698 = CARTESIAN_POINT('',(-140.3564979847,104.00944818517,
    170.63796461898));
#9699 = CARTESIAN_POINT('',(-143.1887732305,103.02039968666,
    170.63796461898));
#9700 = ORIENTED_EDGE('',*,*,#9701,.T.);
#9701 = EDGE_CURVE('',#9695,#9702,#9704,.T.);
#9702 = VERTEX_POINT('',#9703);
#9703 = CARTESIAN_POINT('',(-144.8644157318,107.81883048605,
    183.6827829033));
#9704 = B_SPLINE_CURVE_WITH_KNOTS('',1,(#9705,#9706),.UNSPECIFIED.,.F.,
  .F.,(2,2),(0.,14.),.PIECEWISE_BEZIER_KNOTS.);
#9705 = CARTESIAN_POINT('',(-143.1887732305,103.02039968666,
    170.63796461898));
#9706 = CARTESIAN_POINT('',(-144.8644157318,107.81883048605,
    183.6827829033));
#9707 = ORIENTED_EDGE('',*,*,#9708,.F.);
#9708 = EDGE_CURVE('',#9688,#9702,#9709,.T.);
#9709 = B_SPLINE_CURVE_WITH_KNOTS('',1,(#9710,#9711),.UNSPECIFIED.,.F.,
  .F.,(2,2),(0.,3.),.PIECEWISE_BEZIER_KNOTS.);
#9710 = CARTESIAN_POINT('',(-142.0321404861,108.80787898456,
    183.6827829033));
#9711 = CARTESIAN_POINT('',(-144.8644157318,107.81883048605,
    183.6827829033));
#9712 = B_SPLINE_SURFACE_WITH_KNOTS('',1,1,(
    (#9713,#9714)
    ,(#9715,#9716
    )),.UNSPECIFIED.,.F.,.F.,.F.,(2,2),(2,2),(0.,14.),(-3.,0.),
  .PIECEWISE_BEZIER_KNOTS.);
#9713 = CARTESIAN_POINT('',(-143.1887732305,103.02039968666,
    170.63796461898));
#9714 = CARTESIAN_POINT('',(-140.3564979847,104.00944818517,
    170.63796461898));
#9715 = CARTESIAN_POINT('',(-144.8644157318,107.81883048605,
    183.6827829033));
#9716 = CARTESIAN_POINT('',(-142.0321404861,108.80787898456,
    183.6827829033));
#9717 = ADVANCED_FACE('',(#9718),#9740,.F.);
#9718 = FACE_BOUND('',#9719,.F.);
#9719 = EDGE_LOOP('',(#9720,#9727,#9728,#9735));
#9720 = ORIENTED_EDGE('',*,*,#9721,.F.);
#9721 = EDGE_CURVE('',#9686,#9722,#9724,.T.);
#9722 = VERTEX_POINT('',#9723);
#9723 = CARTESIAN_POINT('',(-152.0296980234,137.43724829582,
    156.84236457331));
#9724 = B_SPLINE_CURVE_WITH_KNOTS('',1,(#9725,#9726),.UNSPECIFIED.,.F.,
  .F.,(2,2),(0.,68.617037079176),.PIECEWISE_BEZIER_KNOTS.);
#9725 = CARTESIAN_POINT('',(-140.3564979847,104.00944818517,
    170.63796461898));
#9726 = CARTESIAN_POINT('',(-161.4349295606,164.37041133432,
    145.72709093837));
#9727 = ORIENTED_EDGE('',*,*,#9685,.T.);
#9728 = ORIENTED_EDGE('',*,*,#9729,.T.);
#9729 = EDGE_CURVE('',#9688,#9730,#9732,.T.);
#9730 = VERTEX_POINT('',#9731);
#9731 = CARTESIAN_POINT('',(-153.7053405248,142.23567909522,
    169.88718285763));
#9732 = B_SPLINE_CURVE_WITH_KNOTS('',1,(#9733,#9734),.UNSPECIFIED.,.F.,
  .F.,(2,2),(0.,68.617037079176),.PIECEWISE_BEZIER_KNOTS.);
#9733 = CARTESIAN_POINT('',(-142.0321404861,108.80787898456,
    183.6827829033));
#9734 = CARTESIAN_POINT('',(-163.110572062,169.16884213372,
    158.77190922269));
#9735 = ORIENTED_EDGE('',*,*,#9736,.F.);
#9736 = EDGE_CURVE('',#9722,#9730,#9737,.T.);
#9737 = B_SPLINE_CURVE_WITH_KNOTS('',1,(#9738,#9739),.UNSPECIFIED.,.F.,
  .F.,(2,2),(0.,1.),.PIECEWISE_BEZIER_KNOTS.);
#9738 = CARTESIAN_POINT('',(-152.0296980234,137.43724829582,
    156.84236457331));
#9739 = CARTESIAN_POINT('',(-153.7053405248,142.23567909522,
    169.88718285763));
#9740 = B_SPLINE_SURFACE_WITH_KNOTS('',1,1,(
    (#9741,#9742)
    ,(#9743,#9744
    )),.UNSPECIFIED.,.F.,.F.,.F.,(2,2),(2,2),(0.,14.),(0.,
    68.617037079176),.PIECEWISE_BEZIER_KNOTS.);
#9741 = CARTESIAN_POINT('',(-140.3564979847,104.00944818517,
    170.63796461898));
#9742 = CARTESIAN_POINT('',(-161.4349295606,164.37041133432,
    145.72709093837));
#9743 = CARTESIAN_POINT('',(-142.0321404861,108.80787898456,
    183.6827829033));
#9744 = CARTESIAN_POINT('',(-163.110572062,169.16884213372,
    158.77190922269));
#9745 = ADVANCED_FACE('',(#9746),#9762,.T.);
#9746 = FACE_BOUND('',#9747,.T.);
#9747 = EDGE_LOOP('',(#9748,#9755,#9756,#9757));
#9748 = ORIENTED_EDGE('',*,*,#9749,.F.);
#9749 = EDGE_CURVE('',#9702,#9750,#9752,.T.);
#9750 = VERTEX_POINT('',#9751);
#9751 = CARTESIAN_POINT('',(-156.5376157705,141.24663059671,
    169.88718285763));
#9752 = B_SPLINE_CURVE_WITH_KNOTS('',1,(#9753,#9754),.UNSPECIFIED.,.F.,
  .F.,(2,2),(0.,68.617037079176),.PIECEWISE_BEZIER_KNOTS.);
#9753 = CARTESIAN_POINT('',(-144.8644157318,107.81883048605,
    183.6827829033));
#9754 = CARTESIAN_POINT('',(-165.9428473077,168.17979363521,
    158.77190922269));
#9755 = ORIENTED_EDGE('',*,*,#9708,.F.);
#9756 = ORIENTED_EDGE('',*,*,#9729,.T.);
#9757 = ORIENTED_EDGE('',*,*,#9758,.F.);
#9758 = EDGE_CURVE('',#9750,#9730,#9759,.T.);
#9759 = B_SPLINE_CURVE_WITH_KNOTS('',1,(#9760,#9761),.UNSPECIFIED.,.F.,
  .F.,(2,2),(0.,1.),.PIECEWISE_BEZIER_KNOTS.);
#9760 = CARTESIAN_POINT('',(-156.5376157705,141.24663059671,
    169.88718285763));
#9761 = CARTESIAN_POINT('',(-153.7053405248,142.23567909522,
    169.88718285763));
#9762 = B_SPLINE_SURFACE_WITH_KNOTS('',1,1,(
    (#9763,#9764)
    ,(#9765,#9766
    )),.UNSPECIFIED.,.F.,.F.,.F.,(2,2),(2,2),(0.,68.617037079176),(0.,3.
    ),.PIECEWISE_BEZIER_KNOTS.);
#9763 = CARTESIAN_POINT('',(-142.0321404861,108.80787898456,
    183.6827829033));
#9764 = CARTESIAN_POINT('',(-144.8644157318,107.81883048605,
    183.6827829033));
#9765 = CARTESIAN_POINT('',(-163.110572062,169.16884213372,
    158.77190922269));
#9766 = CARTESIAN_POINT('',(-165.9428473077,168.17979363521,
    158.77190922269));
#9767 = ADVANCED_FACE('',(#9768),#9784,.T.);
#9768 = FACE_BOUND('',#9769,.T.);
#9769 = EDGE_LOOP('',(#9770,#9777,#9778,#9779));
#9770 = ORIENTED_EDGE('',*,*,#9771,.F.);
#9771 = EDGE_CURVE('',#9695,#9772,#9774,.T.);
#9772 = VERTEX_POINT('',#9773);
#9773 = CARTESIAN_POINT('',(-154.8619732691,136.44819979731,
    156.84236457331));
#9774 = B_SPLINE_CURVE_WITH_KNOTS('',1,(#9775,#9776),.UNSPECIFIED.,.F.,
  .F.,(2,2),(0.,68.617037079176),.PIECEWISE_BEZIER_KNOTS.);
#9775 = CARTESIAN_POINT('',(-143.1887732305,103.02039968666,
    170.63796461898));
#9776 = CARTESIAN_POINT('',(-164.2672048064,163.38136283581,
    145.72709093837));
#9777 = ORIENTED_EDGE('',*,*,#9701,.T.);
#9778 = ORIENTED_EDGE('',*,*,#9749,.T.);
#9779 = ORIENTED_EDGE('',*,*,#9780,.F.);
#9780 = EDGE_CURVE('',#9772,#9750,#9781,.T.);
#9781 = B_SPLINE_CURVE_WITH_KNOTS('',1,(#9782,#9783),.UNSPECIFIED.,.F.,
  .F.,(2,2),(0.,1.),.PIECEWISE_BEZIER_KNOTS.);
#9782 = CARTESIAN_POINT('',(-154.8619732691,136.44819979731,
    156.84236457331));
#9783 = CARTESIAN_POINT('',(-156.5376157705,141.24663059671,
    169.88718285763));
#9784 = B_SPLINE_SURFACE_WITH_KNOTS('',1,1,(
    (#9785,#9786)
    ,(#9787,#9788
    )),.UNSPECIFIED.,.F.,.F.,.F.,(2,2),(2,2),(0.,14.),(0.,
    68.617037079176),.PIECEWISE_BEZIER_KNOTS.);
#9785 = CARTESIAN_POINT('',(-143.1887732305,103.02039968666,
    170.63796461898));
#9786 = CARTESIAN_POINT('',(-164.2672048064,163.38136283581,
    145.72709093837));
#9787 = CARTESIAN_POINT('',(-144.8644157318,107.81883048605,
    183.6827829033));
#9788 = CARTESIAN_POINT('',(-165.9428473077,168.17979363521,
    158.77190922269));
#9789 = ADVANCED_FACE('',(#9790),#9800,.F.);
#9790 = FACE_BOUND('',#9791,.F.);
#9791 = EDGE_LOOP('',(#9792,#9793,#9794,#9795));
#9792 = ORIENTED_EDGE('',*,*,#9771,.F.);
#9793 = ORIENTED_EDGE('',*,*,#9694,.F.);
#9794 = ORIENTED_EDGE('',*,*,#9721,.T.);
#9795 = ORIENTED_EDGE('',*,*,#9796,.F.);
#9796 = EDGE_CURVE('',#9772,#9722,#9797,.T.);
#9797 = B_SPLINE_CURVE_WITH_KNOTS('',1,(#9798,#9799),.UNSPECIFIED.,.F.,
  .F.,(2,2),(0.,1.),.PIECEWISE_BEZIER_KNOTS.);
#9798 = CARTESIAN_POINT('',(-154.8619732691,136.44819979731,
    156.84236457331));
#9799 = CARTESIAN_POINT('',(-152.0296980234,137.43724829582,
    156.84236457331));
#9800 = B_SPLINE_SURFACE_WITH_KNOTS('',1,1,(
    (#9801,#9802)
    ,(#9803,#9804
    )),.UNSPECIFIED.,.F.,.F.,.F.,(2,2),(2,2),(0.,68.617037079176),(0.,3.
    ),.PIECEWISE_BEZIER_KNOTS.);
#9801 = CARTESIAN_POINT('',(-140.3564979847,104.00944818517,
    170.63796461898));
#9802 = CARTESIAN_POINT('',(-143.1887732305,103.02039968666,
    170.63796461898));
#9803 = CARTESIAN_POINT('',(-161.4349295606,164.37041133432,
    145.72709093837));
#9804 = CARTESIAN_POINT('',(-164.2672048064,163.38136283581,
    145.72709093837));
#9805 = ADVANCED_FACE('',(#9806),#9812,.T.);
#9806 = FACE_BOUND('',#9807,.T.);
#9807 = EDGE_LOOP('',(#9808,#9809,#9810,#9811));
#9808 = ORIENTED_EDGE('',*,*,#9736,.F.);
#9809 = ORIENTED_EDGE('',*,*,#9796,.F.);
#9810 = ORIENTED_EDGE('',*,*,#9780,.T.);
#9811 = ORIENTED_EDGE('',*,*,#9758,.T.);
#9812 = B_SPLINE_SURFACE_WITH_KNOTS('',1,1,(
    (#9813,#9814)
    ,(#9815,#9816
    )),.UNSPECIFIED.,.F.,.F.,.F.,(2,2),(2,2),(0.,18.),(-6.,0.),
  .PIECEWISE_BEZIER_KNOTS.);
#9813 = CARTESIAN_POINT('',(-156.0387333918,135.26818543386,
    154.97881910412));
#9814 = CARTESIAN_POINT('',(-150.3741829003,137.24628243088,
    154.97881910412));
#9815 = CARTESIAN_POINT('',(-158.1931308936,141.43759646165,
    171.75072832682));
#9816 = CARTESIAN_POINT('',(-152.5285804021,143.41569345867,
    171.75072832682));
#9817 = ( GEOMETRIC_REPRESENTATION_CONTEXT(3) 
GLOBAL_UNCERTAINTY_ASSIGNED_CONTEXT((#9821)) 
GLOBAL_UNIT_ASSIGNED_CONTEXT((#9818,#9819,#9820)) REPRESENTATION_CONTEXT
('Context #1','3D Context with UNIT and UNCERTAINTY') );
#9818 = ( LENGTH_UNIT() NAMED_UNIT(*) SI_UNIT(.MILLI.,.METRE.) );
#9819 = ( NAMED_UNIT(*) PLANE_ANGLE_UNIT() SI_UNIT($,.RADIAN.) );
#9820 = ( NAMED_UNIT(*) SI_UNIT($,.STERADIAN.) SOLID_ANGLE_UNIT() );
#9821 = UNCERTAINTY_MEASURE_WITH_UNIT(LENGTH_MEASURE(2.E-06),#9818,
  'distance_accuracy_value','confusion accuracy');
#9822 = CONTEXT_DEPENDENT_SHAPE_REPRESENTATION(#9823,#9825);
#9823 = ( REPRESENTATION_RELATIONSHIP('','',#9678,#10) 
REPRESENTATION_RELATIONSHIP_WITH_TRANSFORMATION(#9824) 
SHAPE_REPRESENTATION_RELATIONSHIP() );
#9824 = ITEM_DEFINED_TRANSFORMATION('','',#11,#187);
#9825 = PRODUCT_DEFINITION_SHAPE('Placement','Placement of an item',
  #9826);
#9826 = NEXT_ASSEMBLY_USAGE_OCCURRENCE('508','CHUTE_LIP_L2_0','',#5,
  #9673,$);
#9827 = PRODUCT_RELATED_PRODUCT_CATEGORY('part',$,(#9675));
#9828 = SHAPE_DEFINITION_REPRESENTATION(#9829,#9835);
#9829 = PRODUCT_DEFINITION_SHAPE('','',#9830);
#9830 = PRODUCT_DEFINITION('design','',#9831,#9834);
#9831 = PRODUCT_DEFINITION_FORMATION('','',#9832);
#9832 = PRODUCT('CHUTE_LIP_L2_1','CHUTE_LIP_L2_1','',(#9833));
#9833 = PRODUCT_CONTEXT('',#2,'mechanical');
#9834 = PRODUCT_DEFINITION_CONTEXT('part definition',#2,'design');
#9835 = ADVANCED_BREP_SHAPE_REPRESENTATION('',(#11,#9836),#9974);
#9836 = MANIFOLD_SOLID_BREP('',#9837);
#9837 = CLOSED_SHELL('',(#9838,#9874,#9902,#9924,#9946,#9962));
#9838 = ADVANCED_FACE('',(#9839),#9869,.F.);
#9839 = FACE_BOUND('',#9840,.F.);
#9840 = EDGE_LOOP('',(#9841,#9850,#9857,#9864));
#9841 = ORIENTED_EDGE('',*,*,#9842,.F.);
#9842 = EDGE_CURVE('',#9843,#9845,#9847,.T.);
#9843 = VERTEX_POINT('',#9844);
#9844 = CARTESIAN_POINT('',(-155.1015927704,146.23403779862,
    153.21194350866));
#9845 = VERTEX_POINT('',#9846);
#9846 = CARTESIAN_POINT('',(-161.4349295606,164.37041133432,
    145.72709093837));
#9847 = B_SPLINE_CURVE_WITH_KNOTS('',1,(#9848,#9849),.UNSPECIFIED.,.F.,
  .F.,(2,2),(0.,68.617037079176),.PIECEWISE_BEZIER_KNOTS.);
#9848 = CARTESIAN_POINT('',(-140.3564979847,104.00944818517,
    170.63796461898));
#9849 = CARTESIAN_POINT('',(-161.4349295606,164.37041133432,
    145.72709093837));
#9850 = ORIENTED_EDGE('',*,*,#9851,.T.);
#9851 = EDGE_CURVE('',#9843,#9852,#9854,.T.);
#9852 = VERTEX_POINT('',#9853);
#9853 = CARTESIAN_POINT('',(-156.7772352718,151.03246859802,
    166.25676179298));
#9854 = B_SPLINE_CURVE_WITH_KNOTS('',1,(#9855,#9856),.UNSPECIFIED.,.F.,
  .F.,(2,2),(0.,1.),.PIECEWISE_BEZIER_KNOTS.);
#9855 = CARTESIAN_POINT('',(-155.1015927704,146.23403779862,
    153.21194350866));
#9856 = CARTESIAN_POINT('',(-156.7772352718,151.03246859802,
    166.25676179298));
#9857 = ORIENTED_EDGE('',*,*,#9858,.T.);
#9858 = EDGE_CURVE('',#9852,#9859,#9861,.T.);
#9859 = VERTEX_POINT('',#9860);
#9860 = CARTESIAN_POINT('',(-163.110572062,169.16884213372,
    158.77190922269));
#9861 = B_SPLINE_CURVE_WITH_KNOTS('',1,(#9862,#9863),.UNSPECIFIED.,.F.,
  .F.,(2,2),(0.,68.617037079176),.PIECEWISE_BEZIER_KNOTS.);
#9862 = CARTESIAN_POINT('',(-142.0321404861,108.80787898456,
    183.6827829033));
#9863 = CARTESIAN_POINT('',(-163.110572062,169.16884213372,
    158.77190922269));
#9864 = ORIENTED_EDGE('',*,*,#9865,.F.);
#9865 = EDGE_CURVE('',#9845,#9859,#9866,.T.);
#9866 = B_SPLINE_CURVE_WITH_KNOTS('',1,(#9867,#9868),.UNSPECIFIED.,.F.,
  .F.,(2,2),(0.,14.),.PIECEWISE_BEZIER_KNOTS.);
#9867 = CARTESIAN_POINT('',(-161.4349295606,164.37041133432,
    145.72709093837));
#9868 = CARTESIAN_POINT('',(-163.110572062,169.16884213372,
    158.77190922269));
#9869 = B_SPLINE_SURFACE_WITH_KNOTS('',1,1,(
    (#9870,#9871)
    ,(#9872,#9873
    )),.UNSPECIFIED.,.F.,.F.,.F.,(2,2),(2,2),(0.,14.),(0.,
    68.617037079176),.PIECEWISE_BEZIER_KNOTS.);
#9870 = CARTESIAN_POINT('',(-140.3564979847,104.00944818517,
    170.63796461898));
#9871 = CARTESIAN_POINT('',(-161.4349295606,164.37041133432,
    145.72709093837));
#9872 = CARTESIAN_POINT('',(-142.0321404861,108.80787898456,
    183.6827829033));
#9873 = CARTESIAN_POINT('',(-163.110572062,169.16884213372,
    158.77190922269));
#9874 = ADVANCED_FACE('',(#9875),#9897,.F.);
#9875 = FACE_BOUND('',#9876,.F.);
#9876 = EDGE_LOOP('',(#9877,#9886,#9891,#9892));
#9877 = ORIENTED_EDGE('',*,*,#9878,.F.);
#9878 = EDGE_CURVE('',#9879,#9881,#9883,.T.);
#9879 = VERTEX_POINT('',#9880);
#9880 = CARTESIAN_POINT('',(-157.9338680161,145.24498930011,
    153.21194350866));
#9881 = VERTEX_POINT('',#9882);
#9882 = CARTESIAN_POINT('',(-164.2672048064,163.38136283581,
    145.72709093837));
#9883 = B_SPLINE_CURVE_WITH_KNOTS('',1,(#9884,#9885),.UNSPECIFIED.,.F.,
  .F.,(2,2),(0.,68.617037079176),.PIECEWISE_BEZIER_KNOTS.);
#9884 = CARTESIAN_POINT('',(-143.1887732305,103.02039968666,
    170.63796461898));
#9885 = CARTESIAN_POINT('',(-164.2672048064,163.38136283581,
    145.72709093837));
#9886 = ORIENTED_EDGE('',*,*,#9887,.T.);
#9887 = EDGE_CURVE('',#9879,#9843,#9888,.T.);
#9888 = B_SPLINE_CURVE_WITH_KNOTS('',1,(#9889,#9890),.UNSPECIFIED.,.F.,
  .F.,(2,2),(0.,1.),.PIECEWISE_BEZIER_KNOTS.);
#9889 = CARTESIAN_POINT('',(-157.9338680161,145.24498930011,
    153.21194350866));
#9890 = CARTESIAN_POINT('',(-155.1015927704,146.23403779862,
    153.21194350866));
#9891 = ORIENTED_EDGE('',*,*,#9842,.T.);
#9892 = ORIENTED_EDGE('',*,*,#9893,.T.);
#9893 = EDGE_CURVE('',#9845,#9881,#9894,.T.);
#9894 = B_SPLINE_CURVE_WITH_KNOTS('',1,(#9895,#9896),.UNSPECIFIED.,.F.,
  .F.,(2,2),(0.,3.),.PIECEWISE_BEZIER_KNOTS.);
#9895 = CARTESIAN_POINT('',(-161.4349295606,164.37041133432,
    145.72709093837));
#9896 = CARTESIAN_POINT('',(-164.2672048064,163.38136283581,
    145.72709093837));
#9897 = B_SPLINE_SURFACE_WITH_KNOTS('',1,1,(
    (#9898,#9899)
    ,(#9900,#9901
    )),.UNSPECIFIED.,.F.,.F.,.F.,(2,2),(2,2),(0.,68.617037079176),(0.,3.
    ),.PIECEWISE_BEZIER_KNOTS.);
#9898 = CARTESIAN_POINT('',(-140.3564979847,104.00944818517,
    170.63796461898));
#9899 = CARTESIAN_POINT('',(-143.1887732305,103.02039968666,
    170.63796461898));
#9900 = CARTESIAN_POINT('',(-161.4349295606,164.37041133432,
    145.72709093837));
#9901 = CARTESIAN_POINT('',(-164.2672048064,163.38136283581,
    145.72709093837));
#9902 = ADVANCED_FACE('',(#9903),#9919,.T.);
#9903 = FACE_BOUND('',#9904,.T.);
#9904 = EDGE_LOOP('',(#9905,#9906,#9907,#9914));
#9905 = ORIENTED_EDGE('',*,*,#9865,.F.);
#9906 = ORIENTED_EDGE('',*,*,#9893,.T.);
#9907 = ORIENTED_EDGE('',*,*,#9908,.T.);
#9908 = EDGE_CURVE('',#9881,#9909,#9911,.T.);
#9909 = VERTEX_POINT('',#9910);
#9910 = CARTESIAN_POINT('',(-165.9428473077,168.17979363521,
    158.77190922269));
#9911 = B_SPLINE_CURVE_WITH_KNOTS('',1,(#9912,#9913),.UNSPECIFIED.,.F.,
  .F.,(2,2),(0.,14.),.PIECEWISE_BEZIER_KNOTS.);
#9912 = CARTESIAN_POINT('',(-164.2672048064,163.38136283581,
    145.72709093837));
#9913 = CARTESIAN_POINT('',(-165.9428473077,168.17979363521,
    158.77190922269));
#9914 = ORIENTED_EDGE('',*,*,#9915,.F.);
#9915 = EDGE_CURVE('',#9859,#9909,#9916,.T.);
#9916 = B_SPLINE_CURVE_WITH_KNOTS('',1,(#9917,#9918),.UNSPECIFIED.,.F.,
  .F.,(2,2),(0.,3.),.PIECEWISE_BEZIER_KNOTS.);
#9917 = CARTESIAN_POINT('',(-163.110572062,169.16884213372,
    158.77190922269));
#9918 = CARTESIAN_POINT('',(-165.9428473077,168.17979363521,
    158.77190922269));
#9919 = B_SPLINE_SURFACE_WITH_KNOTS('',1,1,(
    (#9920,#9921)
    ,(#9922,#9923
    )),.UNSPECIFIED.,.F.,.F.,.F.,(2,2),(2,2),(0.,14.),(-3.,0.),
  .PIECEWISE_BEZIER_KNOTS.);
#9920 = CARTESIAN_POINT('',(-164.2672048064,163.38136283581,
    145.72709093837));
#9921 = CARTESIAN_POINT('',(-161.4349295606,164.37041133432,
    145.72709093837));
#9922 = CARTESIAN_POINT('',(-165.9428473077,168.17979363521,
    158.77190922269));
#9923 = CARTESIAN_POINT('',(-163.110572062,169.16884213372,
    158.77190922269));
#9924 = ADVANCED_FACE('',(#9925),#9941,.T.);
#9925 = FACE_BOUND('',#9926,.T.);
#9926 = EDGE_LOOP('',(#9927,#9934,#9939,#9940));
#9927 = ORIENTED_EDGE('',*,*,#9928,.F.);
#9928 = EDGE_CURVE('',#9929,#9909,#9931,.T.);
#9929 = VERTEX_POINT('',#9930);
#9930 = CARTESIAN_POINT('',(-159.6095105175,150.04342009951,
    166.25676179298));
#9931 = B_SPLINE_CURVE_WITH_KNOTS('',1,(#9932,#9933),.UNSPECIFIED.,.F.,
  .F.,(2,2),(0.,68.617037079176),.PIECEWISE_BEZIER_KNOTS.);
#9932 = CARTESIAN_POINT('',(-144.8644157318,107.81883048605,
    183.6827829033));
#9933 = CARTESIAN_POINT('',(-165.9428473077,168.17979363521,
    158.77190922269));
#9934 = ORIENTED_EDGE('',*,*,#9935,.T.);
#9935 = EDGE_CURVE('',#9929,#9852,#9936,.T.);
#9936 = B_SPLINE_CURVE_WITH_KNOTS('',1,(#9937,#9938),.UNSPECIFIED.,.F.,
  .F.,(2,2),(0.,1.),.PIECEWISE_BEZIER_KNOTS.);
#9937 = CARTESIAN_POINT('',(-159.6095105175,150.04342009951,
    166.25676179298));
#9938 = CARTESIAN_POINT('',(-156.7772352718,151.03246859802,
    166.25676179298));
#9939 = ORIENTED_EDGE('',*,*,#9858,.T.);
#9940 = ORIENTED_EDGE('',*,*,#9915,.T.);
#9941 = B_SPLINE_SURFACE_WITH_KNOTS('',1,1,(
    (#9942,#9943)
    ,(#9944,#9945
    )),.UNSPECIFIED.,.F.,.F.,.F.,(2,2),(2,2),(0.,68.617037079176),(0.,3.
    ),.PIECEWISE_BEZIER_KNOTS.);
#9942 = CARTESIAN_POINT('',(-142.0321404861,108.80787898456,
    183.6827829033));
#9943 = CARTESIAN_POINT('',(-144.8644157318,107.81883048605,
    183.6827829033));
#9944 = CARTESIAN_POINT('',(-163.110572062,169.16884213372,
    158.77190922269));
#9945 = CARTESIAN_POINT('',(-165.9428473077,168.17979363521,
    158.77190922269));
#9946 = ADVANCED_FACE('',(#9947),#9957,.F.);
#9947 = FACE_BOUND('',#9948,.F.);
#9948 = EDGE_LOOP('',(#9949,#9950,#9951,#9956));
#9949 = ORIENTED_EDGE('',*,*,#9851,.F.);
#9950 = ORIENTED_EDGE('',*,*,#9887,.F.);
#9951 = ORIENTED_EDGE('',*,*,#9952,.T.);
#9952 = EDGE_CURVE('',#9879,#9929,#9953,.T.);
#9953 = B_SPLINE_CURVE_WITH_KNOTS('',1,(#9954,#9955),.UNSPECIFIED.,.F.,
  .F.,(2,2),(0.,1.),.PIECEWISE_BEZIER_KNOTS.);
#9954 = CARTESIAN_POINT('',(-157.9338680161,145.24498930011,
    153.21194350866));
#9955 = CARTESIAN_POINT('',(-159.6095105175,150.04342009951,
    166.25676179298));
#9956 = ORIENTED_EDGE('',*,*,#9935,.T.);
#9957 = B_SPLINE_SURFACE_WITH_KNOTS('',1,1,(
    (#9958,#9959)
    ,(#9960,#9961
    )),.UNSPECIFIED.,.F.,.F.,.F.,(2,2),(2,2),(0.,18.),(-6.,0.),
  .PIECEWISE_BEZIER_KNOTS.);
#9958 = CARTESIAN_POINT('',(-159.1106281388,144.06497493666,
    151.34839803947));
#9959 = CARTESIAN_POINT('',(-153.4460776473,146.04307193368,
    151.34839803947));
#9960 = CARTESIAN_POINT('',(-161.2650256406,150.23438596446,
    168.12030726217));
#9961 = CARTESIAN_POINT('',(-155.6004751491,152.21248296148,
    168.12030726217));
#9962 = ADVANCED_FACE('',(#9963),#9969,.T.);
#9963 = FACE_BOUND('',#9964,.T.);
#9964 = EDGE_LOOP('',(#9965,#9966,#9967,#9968));
#9965 = ORIENTED_EDGE('',*,*,#9878,.F.);
#9966 = ORIENTED_EDGE('',*,*,#9952,.T.);
#9967 = ORIENTED_EDGE('',*,*,#9928,.T.);
#9968 = ORIENTED_EDGE('',*,*,#9908,.F.);
#9969 = B_SPLINE_SURFACE_WITH_KNOTS('',1,1,(
    (#9970,#9971)
    ,(#9972,#9973
    )),.UNSPECIFIED.,.F.,.F.,.F.,(2,2),(2,2),(0.,14.),(0.,
    68.617037079176),.PIECEWISE_BEZIER_KNOTS.);
#9970 = CARTESIAN_POINT('',(-143.1887732305,103.02039968666,
    170.63796461898));
#9971 = CARTESIAN_POINT('',(-164.2672048064,163.38136283581,
    145.72709093837));
#9972 = CARTESIAN_POINT('',(-144.8644157318,107.81883048605,
    183.6827829033));
#9973 = CARTESIAN_POINT('',(-165.9428473077,168.17979363521,
    158.77190922269));
#9974 = ( GEOMETRIC_REPRESENTATION_CONTEXT(3) 
GLOBAL_UNCERTAINTY_ASSIGNED_CONTEXT((#9978)) 
GLOBAL_UNIT_ASSIGNED_CONTEXT((#9975,#9976,#9977)) REPRESENTATION_CONTEXT
('Context #1','3D Context with UNIT and UNCERTAINTY') );
#9975 = ( LENGTH_UNIT() NAMED_UNIT(*) SI_UNIT(.MILLI.,.METRE.) );
#9976 = ( NAMED_UNIT(*) PLANE_ANGLE_UNIT() SI_UNIT($,.RADIAN.) );
#9977 = ( NAMED_UNIT(*) SI_UNIT($,.STERADIAN.) SOLID_ANGLE_UNIT() );
#9978 = UNCERTAINTY_MEASURE_WITH_UNIT(LENGTH_MEASURE(2.E-06),#9975,
  'distance_accuracy_value','confusion accuracy');
#9979 = CONTEXT_DEPENDENT_SHAPE_REPRESENTATION(#9980,#9982);
#9980 = ( REPRESENTATION_RELATIONSHIP('','',#9835,#10) 
REPRESENTATION_RELATIONSHIP_WITH_TRANSFORMATION(#9981) 
SHAPE_REPRESENTATION_RELATIONSHIP() );
#9981 = ITEM_DEFINED_TRANSFORMATION('','',#11,#191);
#9982 = PRODUCT_DEFINITION_SHAPE('Placement','Placement of an item',
  #9983);
#9983 = NEXT_ASSEMBLY_USAGE_OCCURRENCE('509','CHUTE_LIP_L2_1','',#5,
  #9830,$);
#9984 = PRODUCT_RELATED_PRODUCT_CATEGORY('part',$,(#9832));
#9985 = SHAPE_DEFINITION_REPRESENTATION(#9986,#9992);
#9986 = PRODUCT_DEFINITION_SHAPE('','',#9987);
#9987 = PRODUCT_DEFINITION('design','',#9988,#9991);
#9988 = PRODUCT_DEFINITION_FORMATION('','',#9989);
#9989 = PRODUCT('CHUTE_LIP_R1','CHUTE_LIP_R1','',(#9990));
#9990 = PRODUCT_CONTEXT('',#2,'mechanical');
#9991 = PRODUCT_DEFINITION_CONTEXT('part definition',#2,'design');
#9992 = ADVANCED_BREP_SHAPE_REPRESENTATION('',(#11,#9993),#10131);
#9993 = MANIFOLD_SOLID_BREP('',#9994);
#9994 = CLOSED_SHELL('',(#9995,#10031,#10067,#10087,#10107,#10119));
#9995 = ADVANCED_FACE('',(#9996),#10026,.F.);
#9996 = FACE_BOUND('',#9997,.F.);
#9997 = EDGE_LOOP('',(#9998,#10007,#10014,#10021));
#9998 = ORIENTED_EDGE('',*,*,#9999,.F.);
#9999 = EDGE_CURVE('',#10000,#10002,#10004,.T.);
#10000 = VERTEX_POINT('',#10001);
#10001 = CARTESIAN_POINT('',(-24.82855156238,82.035233546509,
    206.08049218403));
#10002 = VERTEX_POINT('',#10003);
#10003 = CARTESIAN_POINT('',(-27.86038764617,87.997844511279,
    218.37907911278));
#10004 = B_SPLINE_CURVE_WITH_KNOTS('',1,(#10005,#10006),.UNSPECIFIED.,
  .F.,.F.,(2,2),(0.,14.),.PIECEWISE_BEZIER_KNOTS.);
#10005 = CARTESIAN_POINT('',(-24.82855156238,82.035233546509,
    206.08049218403));
#10006 = CARTESIAN_POINT('',(-27.86038764617,87.997844511279,
    218.37907911278));
#10007 = ORIENTED_EDGE('',*,*,#10008,.T.);
#10008 = EDGE_CURVE('',#10000,#10009,#10011,.T.);
#10009 = VERTEX_POINT('',#10010);
#10010 = CARTESIAN_POINT('',(-27.502706953,80.67549351738,
    206.08049218403));
#10011 = B_SPLINE_CURVE_WITH_KNOTS('',1,(#10012,#10013),.UNSPECIFIED.,
  .F.,.F.,(2,2),(0.,3.),.PIECEWISE_BEZIER_KNOTS.);
#10012 = CARTESIAN_POINT('',(-24.82855156238,82.035233546509,
    206.08049218403));
#10013 = CARTESIAN_POINT('',(-27.502706953,80.67549351738,
    206.08049218403));
#10014 = ORIENTED_EDGE('',*,*,#10015,.T.);
#10015 = EDGE_CURVE('',#10009,#10016,#10018,.T.);
#10016 = VERTEX_POINT('',#10017);
#10017 = CARTESIAN_POINT('',(-30.53454303679,86.63810448215,
    218.37907911278));
#10018 = B_SPLINE_CURVE_WITH_KNOTS('',1,(#10019,#10020),.UNSPECIFIED.,
  .F.,.F.,(2,2),(0.,14.),.PIECEWISE_BEZIER_KNOTS.);
#10019 = CARTESIAN_POINT('',(-27.502706953,80.67549351738,
    206.08049218403));
#10020 = CARTESIAN_POINT('',(-30.53454303679,86.63810448215,
    218.37907911278));
#10021 = ORIENTED_EDGE('',*,*,#10022,.F.);
#10022 = EDGE_CURVE('',#10002,#10016,#10023,.T.);
#10023 = B_SPLINE_CURVE_WITH_KNOTS('',1,(#10024,#10025),.UNSPECIFIED.,
  .F.,.F.,(2,2),(0.,3.),.PIECEWISE_BEZIER_KNOTS.);
#10024 = CARTESIAN_POINT('',(-27.86038764617,87.997844511279,
    218.37907911278));
#10025 = CARTESIAN_POINT('',(-30.53454303679,86.63810448215,
    218.37907911278));
#10026 = B_SPLINE_SURFACE_WITH_KNOTS('',1,1,(
    (#10027,#10028)
    ,(#10029,#10030
    )),.UNSPECIFIED.,.F.,.F.,.F.,(2,2),(2,2),(0.,14.),(-3.,0.),
  .PIECEWISE_BEZIER_KNOTS.);
#10027 = CARTESIAN_POINT('',(-27.502706953,80.67549351738,
    206.08049218403));
#10028 = CARTESIAN_POINT('',(-24.82855156238,82.035233546509,
    206.08049218403));
#10029 = CARTESIAN_POINT('',(-30.53454303679,86.63810448215,
    218.37907911278));
#10030 = CARTESIAN_POINT('',(-27.86038764617,87.997844511279,
    218.37907911278));
#10031 = ADVANCED_FACE('',(#10032),#10062,.T.);
#10032 = FACE_BOUND('',#10033,.T.);
#10033 = EDGE_LOOP('',(#10034,#10043,#10050,#10057));
#10034 = ORIENTED_EDGE('',*,*,#10035,.F.);
#10035 = EDGE_CURVE('',#10036,#10038,#10040,.T.);
#10036 = VERTEX_POINT('',#10037);
#10037 = CARTESIAN_POINT('',(-53.63406006605,138.68606693704,
    171.51388197964));
#10038 = VERTEX_POINT('',#10039);
#10039 = CARTESIAN_POINT('',(-56.66589614983,144.64867790181,
    183.81246890838));
#10040 = B_SPLINE_CURVE_WITH_KNOTS('',1,(#10041,#10042),.UNSPECIFIED.,
  .F.,.F.,(2,2),(0.,14.),.PIECEWISE_BEZIER_KNOTS.);
#10041 = CARTESIAN_POINT('',(-53.63406006605,138.68606693704,
    171.51388197964));
#10042 = CARTESIAN_POINT('',(-56.66589614983,144.64867790181,
    183.81246890838));
#10043 = ORIENTED_EDGE('',*,*,#10044,.T.);
#10044 = EDGE_CURVE('',#10036,#10045,#10047,.T.);
#10045 = VERTEX_POINT('',#10046);
#10046 = CARTESIAN_POINT('',(-56.30821545667,137.32632690791,
    171.51388197964));
#10047 = B_SPLINE_CURVE_WITH_KNOTS('',1,(#10048,#10049),.UNSPECIFIED.,
  .F.,.F.,(2,2),(0.,3.),.PIECEWISE_BEZIER_KNOTS.);
#10048 = CARTESIAN_POINT('',(-53.63406006605,138.68606693704,
    171.51388197964));
#10049 = CARTESIAN_POINT('',(-56.30821545667,137.32632690791,
    171.51388197964));
#10050 = ORIENTED_EDGE('',*,*,#10051,.T.);
#10051 = EDGE_CURVE('',#10045,#10052,#10054,.T.);
#10052 = VERTEX_POINT('',#10053);
#10053 = CARTESIAN_POINT('',(-59.34005154045,143.28893787268,
    183.81246890838));
#10054 = B_SPLINE_CURVE_WITH_KNOTS('',1,(#10055,#10056),.UNSPECIFIED.,
  .F.,.F.,(2,2),(0.,14.),.PIECEWISE_BEZIER_KNOTS.);
#10055 = CARTESIAN_POINT('',(-56.30821545667,137.32632690791,
    171.51388197964));
#10056 = CARTESIAN_POINT('',(-59.34005154045,143.28893787268,
    183.81246890838));
#10057 = ORIENTED_EDGE('',*,*,#10058,.F.);
#10058 = EDGE_CURVE('',#10038,#10052,#10059,.T.);
#10059 = B_SPLINE_CURVE_WITH_KNOTS('',1,(#10060,#10061),.UNSPECIFIED.,
  .F.,.F.,(2,2),(0.,3.),.PIECEWISE_BEZIER_KNOTS.);
#10060 = CARTESIAN_POINT('',(-56.66589614983,144.64867790181,
    183.81246890838));
#10061 = CARTESIAN_POINT('',(-59.34005154045,143.28893787268,
    183.81246890838));
#10062 = B_SPLINE_SURFACE_WITH_KNOTS('',1,1,(
    (#10063,#10064)
    ,(#10065,#10066
    )),.UNSPECIFIED.,.F.,.F.,.F.,(2,2),(2,2),(0.,14.),(-3.,0.),
  .PIECEWISE_BEZIER_KNOTS.);
#10063 = CARTESIAN_POINT('',(-56.30821545667,137.32632690791,
    171.51388197964));
#10064 = CARTESIAN_POINT('',(-53.63406006605,138.68606693704,
    171.51388197964));
#10065 = CARTESIAN_POINT('',(-59.34005154045,143.28893787268,
    183.81246890838));
#10066 = CARTESIAN_POINT('',(-56.66589614983,144.64867790181,
    183.81246890838));
#10067 = ADVANCED_FACE('',(#10068),#10082,.F.);
#10068 = FACE_BOUND('',#10069,.F.);
#10069 = EDGE_LOOP('',(#10070,#10075,#10076,#10081));
#10070 = ORIENTED_EDGE('',*,*,#10071,.F.);
#10071 = EDGE_CURVE('',#10000,#10036,#10072,.T.);
#10072 = B_SPLINE_CURVE_WITH_KNOTS('',1,(#10073,#10074),.UNSPECIFIED.,
  .F.,.F.,(2,2),(0.,72.345869163478),.PIECEWISE_BEZIER_KNOTS.);
#10073 = CARTESIAN_POINT('',(-24.82855156238,82.035233546509,
    206.08049218403));
#10074 = CARTESIAN_POINT('',(-53.63406006605,138.68606693704,
    171.51388197964));
#10075 = ORIENTED_EDGE('',*,*,#9999,.T.);
#10076 = ORIENTED_EDGE('',*,*,#10077,.T.);
#10077 = EDGE_CURVE('',#10002,#10038,#10078,.T.);
#10078 = B_SPLINE_CURVE_WITH_KNOTS('',1,(#10079,#10080),.UNSPECIFIED.,
  .F.,.F.,(2,2),(0.,72.345869163478),.PIECEWISE_BEZIER_KNOTS.);
#10079 = CARTESIAN_POINT('',(-27.86038764617,87.997844511279,
    218.37907911278));
#10080 = CARTESIAN_POINT('',(-56.66589614983,144.64867790181,
    183.81246890838));
#10081 = ORIENTED_EDGE('',*,*,#10035,.F.);
#10082 = B_SPLINE_SURFACE_WITH_KNOTS('',1,1,(
    (#10083,#10084)
    ,(#10085,#10086
    )),.UNSPECIFIED.,.F.,.F.,.F.,(2,2),(2,2),(0.,14.),(0.,
    72.345869163478),.PIECEWISE_BEZIER_KNOTS.);
#10083 = CARTESIAN_POINT('',(-24.82855156238,82.035233546509,
    206.08049218403));
#10084 = CARTESIAN_POINT('',(-53.63406006605,138.68606693704,
    171.51388197964));
#10085 = CARTESIAN_POINT('',(-27.86038764617,87.997844511279,
    218.37907911278));
#10086 = CARTESIAN_POINT('',(-56.66589614983,144.64867790181,
    183.81246890838));
#10087 = ADVANCED_FACE('',(#10088),#10102,.T.);
#10088 = FACE_BOUND('',#10089,.T.);
#10089 = EDGE_LOOP('',(#10090,#10095,#10096,#10101));
#10090 = ORIENTED_EDGE('',*,*,#10091,.F.);
#10091 = EDGE_CURVE('',#10009,#10045,#10092,.T.);
#10092 = B_SPLINE_CURVE_WITH_KNOTS('',1,(#10093,#10094),.UNSPECIFIED.,
  .F.,.F.,(2,2),(0.,72.345869163478),.PIECEWISE_BEZIER_KNOTS.);
#10093 = CARTESIAN_POINT('',(-27.502706953,80.67549351738,
    206.08049218403));
#10094 = CARTESIAN_POINT('',(-56.30821545667,137.32632690791,
    171.51388197964));
#10095 = ORIENTED_EDGE('',*,*,#10015,.T.);
#10096 = ORIENTED_EDGE('',*,*,#10097,.T.);
#10097 = EDGE_CURVE('',#10016,#10052,#10098,.T.);
#10098 = B_SPLINE_CURVE_WITH_KNOTS('',1,(#10099,#10100),.UNSPECIFIED.,
  .F.,.F.,(2,2),(0.,72.345869163478),.PIECEWISE_BEZIER_KNOTS.);
#10099 = CARTESIAN_POINT('',(-30.53454303679,86.63810448215,
    218.37907911278));
#10100 = CARTESIAN_POINT('',(-59.34005154045,143.28893787268,
    183.81246890838));
#10101 = ORIENTED_EDGE('',*,*,#10051,.F.);
#10102 = B_SPLINE_SURFACE_WITH_KNOTS('',1,1,(
    (#10103,#10104)
    ,(#10105,#10106
    )),.UNSPECIFIED.,.F.,.F.,.F.,(2,2),(2,2),(0.,14.),(0.,
    72.345869163478),.PIECEWISE_BEZIER_KNOTS.);
#10103 = CARTESIAN_POINT('',(-27.502706953,80.67549351738,
    206.08049218403));
#10104 = CARTESIAN_POINT('',(-56.30821545667,137.32632690791,
    171.51388197964));
#10105 = CARTESIAN_POINT('',(-30.53454303679,86.63810448215,
    218.37907911278));
#10106 = CARTESIAN_POINT('',(-59.34005154045,143.28893787268,
    183.81246890838));
#10107 = ADVANCED_FACE('',(#10108),#10114,.F.);
#10108 = FACE_BOUND('',#10109,.F.);
#10109 = EDGE_LOOP('',(#10110,#10111,#10112,#10113));
#10110 = ORIENTED_EDGE('',*,*,#10008,.F.);
#10111 = ORIENTED_EDGE('',*,*,#10071,.T.);
#10112 = ORIENTED_EDGE('',*,*,#10044,.T.);
#10113 = ORIENTED_EDGE('',*,*,#10091,.F.);
#10114 = B_SPLINE_SURFACE_WITH_KNOTS('',1,1,(
    (#10115,#10116)
    ,(#10117,#10118
    )),.UNSPECIFIED.,.F.,.F.,.F.,(2,2),(2,2),(0.,72.345869163478),(0.,3.
    ),.PIECEWISE_BEZIER_KNOTS.);
#10115 = CARTESIAN_POINT('',(-24.82855156238,82.035233546509,
    206.08049218403));
#10116 = CARTESIAN_POINT('',(-27.502706953,80.67549351738,
    206.08049218403));
#10117 = CARTESIAN_POINT('',(-53.63406006605,138.68606693704,
    171.51388197964));
#10118 = CARTESIAN_POINT('',(-56.30821545667,137.32632690791,
    171.51388197964));
#10119 = ADVANCED_FACE('',(#10120),#10126,.T.);
#10120 = FACE_BOUND('',#10121,.T.);
#10121 = EDGE_LOOP('',(#10122,#10123,#10124,#10125));
#10122 = ORIENTED_EDGE('',*,*,#10022,.F.);
#10123 = ORIENTED_EDGE('',*,*,#10077,.T.);
#10124 = ORIENTED_EDGE('',*,*,#10058,.T.);
#10125 = ORIENTED_EDGE('',*,*,#10097,.F.);
#10126 = B_SPLINE_SURFACE_WITH_KNOTS('',1,1,(
    (#10127,#10128)
    ,(#10129,#10130
    )),.UNSPECIFIED.,.F.,.F.,.F.,(2,2),(2,2),(0.,72.345869163478),(0.,3.
    ),.PIECEWISE_BEZIER_KNOTS.);
#10127 = CARTESIAN_POINT('',(-27.86038764617,87.997844511279,
    218.37907911278));
#10128 = CARTESIAN_POINT('',(-30.53454303679,86.63810448215,
    218.37907911278));
#10129 = CARTESIAN_POINT('',(-56.66589614983,144.64867790181,
    183.81246890838));
#10130 = CARTESIAN_POINT('',(-59.34005154045,143.28893787268,
    183.81246890838));
#10131 = ( GEOMETRIC_REPRESENTATION_CONTEXT(3) 
GLOBAL_UNCERTAINTY_ASSIGNED_CONTEXT((#10135)) 
GLOBAL_UNIT_ASSIGNED_CONTEXT((#10132,#10133,#10134)) 
REPRESENTATION_CONTEXT('Context #1',
  '3D Context with UNIT and UNCERTAINTY') );
#10132 = ( LENGTH_UNIT() NAMED_UNIT(*) SI_UNIT(.MILLI.,.METRE.) );
#10133 = ( NAMED_UNIT(*) PLANE_ANGLE_UNIT() SI_UNIT($,.RADIAN.) );
#10134 = ( NAMED_UNIT(*) SI_UNIT($,.STERADIAN.) SOLID_ANGLE_UNIT() );
#10135 = UNCERTAINTY_MEASURE_WITH_UNIT(LENGTH_MEASURE(1.E-07),#10132,
  'distance_accuracy_value','confusion accuracy');
#10136 = CONTEXT_DEPENDENT_SHAPE_REPRESENTATION(#10137,#10139);
#10137 = ( REPRESENTATION_RELATIONSHIP('','',#9992,#10) 
REPRESENTATION_RELATIONSHIP_WITH_TRANSFORMATION(#10138) 
SHAPE_REPRESENTATION_RELATIONSHIP() );
#10138 = ITEM_DEFINED_TRANSFORMATION('','',#11,#195);
#10139 = PRODUCT_DEFINITION_SHAPE('Placement','Placement of an item',
  #10140);
#10140 = NEXT_ASSEMBLY_USAGE_OCCURRENCE('510','CHUTE_LIP_R1','',#5,#9987
  ,$);
#10141 = PRODUCT_RELATED_PRODUCT_CATEGORY('part',$,(#9989));
#10142 = SHAPE_DEFINITION_REPRESENTATION(#10143,#10149);
#10143 = PRODUCT_DEFINITION_SHAPE('','',#10144);
#10144 = PRODUCT_DEFINITION('design','',#10145,#10148);
#10145 = PRODUCT_DEFINITION_FORMATION('','',#10146);
#10146 = PRODUCT('CHUTE_LIP_R2','CHUTE_LIP_R2','',(#10147));
#10147 = PRODUCT_CONTEXT('',#2,'mechanical');
#10148 = PRODUCT_DEFINITION_CONTEXT('part definition',#2,'design');
#10149 = ADVANCED_BREP_SHAPE_REPRESENTATION('',(#11,#10150),#10288);
#10150 = MANIFOLD_SOLID_BREP('',#10151);
#10151 = CLOSED_SHELL('',(#10152,#10188,#10224,#10244,#10264,#10276));
#10152 = ADVANCED_FACE('',(#10153),#10183,.F.);
#10153 = FACE_BOUND('',#10154,.F.);
#10154 = EDGE_LOOP('',(#10155,#10164,#10171,#10178));
#10155 = ORIENTED_EDGE('',*,*,#10156,.F.);
#10156 = EDGE_CURVE('',#10157,#10159,#10161,.T.);
#10157 = VERTEX_POINT('',#10158);
#10158 = CARTESIAN_POINT('',(-51.61187361847,134.99963447182,
    170.63796461898));
#10159 = VERTEX_POINT('',#10160);
#10160 = CARTESIAN_POINT('',(-53.28751611984,139.79806527121,
    183.6827829033));
#10161 = B_SPLINE_CURVE_WITH_KNOTS('',1,(#10162,#10163),.UNSPECIFIED.,
  .F.,.F.,(2,2),(0.,14.),.PIECEWISE_BEZIER_KNOTS.);
#10162 = CARTESIAN_POINT('',(-51.61187361847,134.99963447182,
    170.63796461898));
#10163 = CARTESIAN_POINT('',(-53.28751611984,139.79806527121,
    183.6827829033));
#10164 = ORIENTED_EDGE('',*,*,#10165,.T.);
#10165 = EDGE_CURVE('',#10157,#10166,#10168,.T.);
#10166 = VERTEX_POINT('',#10167);
#10167 = CARTESIAN_POINT('',(-54.4441488642,134.01058597331,
    170.63796461898));
#10168 = B_SPLINE_CURVE_WITH_KNOTS('',1,(#10169,#10170),.UNSPECIFIED.,
  .F.,.F.,(2,2),(0.,3.),.PIECEWISE_BEZIER_KNOTS.);
#10169 = CARTESIAN_POINT('',(-51.61187361847,134.99963447182,
    170.63796461898));
#10170 = CARTESIAN_POINT('',(-54.4441488642,134.01058597331,
    170.63796461898));
#10171 = ORIENTED_EDGE('',*,*,#10172,.T.);
#10172 = EDGE_CURVE('',#10166,#10173,#10175,.T.);
#10173 = VERTEX_POINT('',#10174);
#10174 = CARTESIAN_POINT('',(-56.11979136558,138.8090167727,
    183.6827829033));
#10175 = B_SPLINE_CURVE_WITH_KNOTS('',1,(#10176,#10177),.UNSPECIFIED.,
  .F.,.F.,(2,2),(0.,14.),.PIECEWISE_BEZIER_KNOTS.);
#10176 = CARTESIAN_POINT('',(-54.4441488642,134.01058597331,
    170.63796461898));
#10177 = CARTESIAN_POINT('',(-56.11979136558,138.8090167727,
    183.6827829033));
#10178 = ORIENTED_EDGE('',*,*,#10179,.F.);
#10179 = EDGE_CURVE('',#10159,#10173,#10180,.T.);
#10180 = B_SPLINE_CURVE_WITH_KNOTS('',1,(#10181,#10182),.UNSPECIFIED.,
  .F.,.F.,(2,2),(0.,3.),.PIECEWISE_BEZIER_KNOTS.);
#10181 = CARTESIAN_POINT('',(-53.28751611984,139.79806527121,
    183.6827829033));
#10182 = CARTESIAN_POINT('',(-56.11979136558,138.8090167727,
    183.6827829033));
#10183 = B_SPLINE_SURFACE_WITH_KNOTS('',1,1,(
    (#10184,#10185)
    ,(#10186,#10187
    )),.UNSPECIFIED.,.F.,.F.,.F.,(2,2),(2,2),(0.,14.),(-3.,0.),
  .PIECEWISE_BEZIER_KNOTS.);
#10184 = CARTESIAN_POINT('',(-54.4441488642,134.01058597331,
    170.63796461898));
#10185 = CARTESIAN_POINT('',(-51.61187361847,134.99963447182,
    170.63796461898));
#10186 = CARTESIAN_POINT('',(-56.11979136558,138.8090167727,
    183.6827829033));
#10187 = CARTESIAN_POINT('',(-53.28751611984,139.79806527121,
    183.6827829033));
#10188 = ADVANCED_FACE('',(#10189),#10219,.T.);
#10189 = FACE_BOUND('',#10190,.T.);
#10190 = EDGE_LOOP('',(#10191,#10200,#10207,#10214));
#10191 = ORIENTED_EDGE('',*,*,#10192,.F.);
#10192 = EDGE_CURVE('',#10193,#10195,#10197,.T.);
#10193 = VERTEX_POINT('',#10194);
#10194 = CARTESIAN_POINT('',(-72.69030519436,195.36059762098,
    145.72709093837));
#10195 = VERTEX_POINT('',#10196);
#10196 = CARTESIAN_POINT('',(-74.36594769574,200.15902842037,
    158.77190922269));
#10197 = B_SPLINE_CURVE_WITH_KNOTS('',1,(#10198,#10199),.UNSPECIFIED.,
  .F.,.F.,(2,2),(0.,14.),.PIECEWISE_BEZIER_KNOTS.);
#10198 = CARTESIAN_POINT('',(-72.69030519436,195.36059762098,
    145.72709093837));
#10199 = CARTESIAN_POINT('',(-74.36594769574,200.15902842037,
    158.77190922269));
#10200 = ORIENTED_EDGE('',*,*,#10201,.T.);
#10201 = EDGE_CURVE('',#10193,#10202,#10204,.T.);
#10202 = VERTEX_POINT('',#10203);
#10203 = CARTESIAN_POINT('',(-75.5225804401,194.37154912247,
    145.72709093837));
#10204 = B_SPLINE_CURVE_WITH_KNOTS('',1,(#10205,#10206),.UNSPECIFIED.,
  .F.,.F.,(2,2),(0.,3.),.PIECEWISE_BEZIER_KNOTS.);
#10205 = CARTESIAN_POINT('',(-72.69030519436,195.36059762098,
    145.72709093837));
#10206 = CARTESIAN_POINT('',(-75.5225804401,194.37154912247,
    145.72709093837));
#10207 = ORIENTED_EDGE('',*,*,#10208,.T.);
#10208 = EDGE_CURVE('',#10202,#10209,#10211,.T.);
#10209 = VERTEX_POINT('',#10210);
#10210 = CARTESIAN_POINT('',(-77.19822294147,199.16997992186,
    158.77190922269));
#10211 = B_SPLINE_CURVE_WITH_KNOTS('',1,(#10212,#10213),.UNSPECIFIED.,
  .F.,.F.,(2,2),(0.,14.),.PIECEWISE_BEZIER_KNOTS.);
#10212 = CARTESIAN_POINT('',(-75.5225804401,194.37154912247,
    145.72709093837));
#10213 = CARTESIAN_POINT('',(-77.19822294147,199.16997992186,
    158.77190922269));
#10214 = ORIENTED_EDGE('',*,*,#10215,.F.);
#10215 = EDGE_CURVE('',#10195,#10209,#10216,.T.);
#10216 = B_SPLINE_CURVE_WITH_KNOTS('',1,(#10217,#10218),.UNSPECIFIED.,
  .F.,.F.,(2,2),(0.,3.),.PIECEWISE_BEZIER_KNOTS.);
#10217 = CARTESIAN_POINT('',(-74.36594769574,200.15902842037,
    158.77190922269));
#10218 = CARTESIAN_POINT('',(-77.19822294147,199.16997992186,
    158.77190922269));
#10219 = B_SPLINE_SURFACE_WITH_KNOTS('',1,1,(
    (#10220,#10221)
    ,(#10222,#10223
    )),.UNSPECIFIED.,.F.,.F.,.F.,(2,2),(2,2),(0.,14.),(-3.,0.),
  .PIECEWISE_BEZIER_KNOTS.);
#10220 = CARTESIAN_POINT('',(-75.5225804401,194.37154912247,
    145.72709093837));
#10221 = CARTESIAN_POINT('',(-72.69030519436,195.36059762098,
    145.72709093837));
#10222 = CARTESIAN_POINT('',(-77.19822294147,199.16997992186,
    158.77190922269));
#10223 = CARTESIAN_POINT('',(-74.36594769574,200.15902842037,
    158.77190922269));
#10224 = ADVANCED_FACE('',(#10225),#10239,.F.);
#10225 = FACE_BOUND('',#10226,.F.);
#10226 = EDGE_LOOP('',(#10227,#10232,#10233,#10238));
#10227 = ORIENTED_EDGE('',*,*,#10228,.F.);
#10228 = EDGE_CURVE('',#10157,#10193,#10229,.T.);
#10229 = B_SPLINE_CURVE_WITH_KNOTS('',1,(#10230,#10231),.UNSPECIFIED.,
  .F.,.F.,(2,2),(0.,68.617037079176),.PIECEWISE_BEZIER_KNOTS.);
#10230 = CARTESIAN_POINT('',(-51.61187361847,134.99963447182,
    170.63796461898));
#10231 = CARTESIAN_POINT('',(-72.69030519436,195.36059762098,
    145.72709093837));
#10232 = ORIENTED_EDGE('',*,*,#10156,.T.);
#10233 = ORIENTED_EDGE('',*,*,#10234,.T.);
#10234 = EDGE_CURVE('',#10159,#10195,#10235,.T.);
#10235 = B_SPLINE_CURVE_WITH_KNOTS('',1,(#10236,#10237),.UNSPECIFIED.,
  .F.,.F.,(2,2),(0.,68.617037079176),.PIECEWISE_BEZIER_KNOTS.);
#10236 = CARTESIAN_POINT('',(-53.28751611984,139.79806527121,
    183.6827829033));
#10237 = CARTESIAN_POINT('',(-74.36594769574,200.15902842037,
    158.77190922269));
#10238 = ORIENTED_EDGE('',*,*,#10192,.F.);
#10239 = B_SPLINE_SURFACE_WITH_KNOTS('',1,1,(
    (#10240,#10241)
    ,(#10242,#10243
    )),.UNSPECIFIED.,.F.,.F.,.F.,(2,2),(2,2),(0.,14.),(0.,
    68.617037079176),.PIECEWISE_BEZIER_KNOTS.);
#10240 = CARTESIAN_POINT('',(-51.61187361847,134.99963447182,
    170.63796461898));
#10241 = CARTESIAN_POINT('',(-72.69030519436,195.36059762098,
    145.72709093837));
#10242 = CARTESIAN_POINT('',(-53.28751611984,139.79806527121,
    183.6827829033));
#10243 = CARTESIAN_POINT('',(-74.36594769574,200.15902842037,
    158.77190922269));
#10244 = ADVANCED_FACE('',(#10245),#10259,.T.);
#10245 = FACE_BOUND('',#10246,.T.);
#10246 = EDGE_LOOP('',(#10247,#10252,#10253,#10258));
#10247 = ORIENTED_EDGE('',*,*,#10248,.F.);
#10248 = EDGE_CURVE('',#10166,#10202,#10249,.T.);
#10249 = B_SPLINE_CURVE_WITH_KNOTS('',1,(#10250,#10251),.UNSPECIFIED.,
  .F.,.F.,(2,2),(0.,68.617037079176),.PIECEWISE_BEZIER_KNOTS.);
#10250 = CARTESIAN_POINT('',(-54.4441488642,134.01058597331,
    170.63796461898));
#10251 = CARTESIAN_POINT('',(-75.5225804401,194.37154912247,
    145.72709093837));
#10252 = ORIENTED_EDGE('',*,*,#10172,.T.);
#10253 = ORIENTED_EDGE('',*,*,#10254,.T.);
#10254 = EDGE_CURVE('',#10173,#10209,#10255,.T.);
#10255 = B_SPLINE_CURVE_WITH_KNOTS('',1,(#10256,#10257),.UNSPECIFIED.,
  .F.,.F.,(2,2),(0.,68.617037079176),.PIECEWISE_BEZIER_KNOTS.);
#10256 = CARTESIAN_POINT('',(-56.11979136558,138.8090167727,
    183.6827829033));
#10257 = CARTESIAN_POINT('',(-77.19822294147,199.16997992186,
    158.77190922269));
#10258 = ORIENTED_EDGE('',*,*,#10208,.F.);
#10259 = B_SPLINE_SURFACE_WITH_KNOTS('',1,1,(
    (#10260,#10261)
    ,(#10262,#10263
    )),.UNSPECIFIED.,.F.,.F.,.F.,(2,2),(2,2),(0.,14.),(0.,
    68.617037079176),.PIECEWISE_BEZIER_KNOTS.);
#10260 = CARTESIAN_POINT('',(-54.4441488642,134.01058597331,
    170.63796461898));
#10261 = CARTESIAN_POINT('',(-75.5225804401,194.37154912247,
    145.72709093837));
#10262 = CARTESIAN_POINT('',(-56.11979136558,138.8090167727,
    183.6827829033));
#10263 = CARTESIAN_POINT('',(-77.19822294147,199.16997992186,
    158.77190922269));
#10264 = ADVANCED_FACE('',(#10265),#10271,.F.);
#10265 = FACE_BOUND('',#10266,.F.);
#10266 = EDGE_LOOP('',(#10267,#10268,#10269,#10270));
#10267 = ORIENTED_EDGE('',*,*,#10165,.F.);
#10268 = ORIENTED_EDGE('',*,*,#10228,.T.);
#10269 = ORIENTED_EDGE('',*,*,#10201,.T.);
#10270 = ORIENTED_EDGE('',*,*,#10248,.F.);
#10271 = B_SPLINE_SURFACE_WITH_KNOTS('',1,1,(
    (#10272,#10273)
    ,(#10274,#10275
    )),.UNSPECIFIED.,.F.,.F.,.F.,(2,2),(2,2),(0.,68.617037079176),(0.,3.
    ),.PIECEWISE_BEZIER_KNOTS.);
#10272 = CARTESIAN_POINT('',(-51.61187361847,134.99963447182,
    170.63796461898));
#10273 = CARTESIAN_POINT('',(-54.4441488642,134.01058597331,
    170.63796461898));
#10274 = CARTESIAN_POINT('',(-72.69030519436,195.36059762098,
    145.72709093837));
#10275 = CARTESIAN_POINT('',(-75.5225804401,194.37154912247,
    145.72709093837));
#10276 = ADVANCED_FACE('',(#10277),#10283,.T.);
#10277 = FACE_BOUND('',#10278,.T.);
#10278 = EDGE_LOOP('',(#10279,#10280,#10281,#10282));
#10279 = ORIENTED_EDGE('',*,*,#10179,.F.);
#10280 = ORIENTED_EDGE('',*,*,#10234,.T.);
#10281 = ORIENTED_EDGE('',*,*,#10215,.T.);
#10282 = ORIENTED_EDGE('',*,*,#10254,.F.);
#10283 = B_SPLINE_SURFACE_WITH_KNOTS('',1,1,(
    (#10284,#10285)
    ,(#10286,#10287
    )),.UNSPECIFIED.,.F.,.F.,.F.,(2,2),(2,2),(0.,68.617037079176),(0.,3.
    ),.PIECEWISE_BEZIER_KNOTS.);
#10284 = CARTESIAN_POINT('',(-53.28751611984,139.79806527121,
    183.6827829033));
#10285 = CARTESIAN_POINT('',(-56.11979136558,138.8090167727,
    183.6827829033));
#10286 = CARTESIAN_POINT('',(-74.36594769574,200.15902842037,
    158.77190922269));
#10287 = CARTESIAN_POINT('',(-77.19822294147,199.16997992186,
    158.77190922269));
#10288 = ( GEOMETRIC_REPRESENTATION_CONTEXT(3) 
GLOBAL_UNCERTAINTY_ASSIGNED_CONTEXT((#10292)) 
GLOBAL_UNIT_ASSIGNED_CONTEXT((#10289,#10290,#10291)) 
REPRESENTATION_CONTEXT('Context #1',
  '3D Context with UNIT and UNCERTAINTY') );
#10289 = ( LENGTH_UNIT() NAMED_UNIT(*) SI_UNIT(.MILLI.,.METRE.) );
#10290 = ( NAMED_UNIT(*) PLANE_ANGLE_UNIT() SI_UNIT($,.RADIAN.) );
#10291 = ( NAMED_UNIT(*) SI_UNIT($,.STERADIAN.) SOLID_ANGLE_UNIT() );
#10292 = UNCERTAINTY_MEASURE_WITH_UNIT(LENGTH_MEASURE(1.E-07),#10289,
  'distance_accuracy_value','confusion accuracy');
#10293 = CONTEXT_DEPENDENT_SHAPE_REPRESENTATION(#10294,#10296);
#10294 = ( REPRESENTATION_RELATIONSHIP('','',#10149,#10) 
REPRESENTATION_RELATIONSHIP_WITH_TRANSFORMATION(#10295) 
SHAPE_REPRESENTATION_RELATIONSHIP() );
#10295 = ITEM_DEFINED_TRANSFORMATION('','',#11,#199);
#10296 = PRODUCT_DEFINITION_SHAPE('Placement','Placement of an item',
  #10297);
#10297 = NEXT_ASSEMBLY_USAGE_OCCURRENCE('511','CHUTE_LIP_R2','',#5,
  #10144,$);
#10298 = PRODUCT_RELATED_PRODUCT_CATEGORY('part',$,(#10146));
#10299 = SHAPE_DEFINITION_REPRESENTATION(#10300,#10306);
#10300 = PRODUCT_DEFINITION_SHAPE('','',#10301);
#10301 = PRODUCT_DEFINITION('design','',#10302,#10305);
#10302 = PRODUCT_DEFINITION_FORMATION('','',#10303);
#10303 = PRODUCT('CHUTE_PORT_EAR','CHUTE_PORT_EAR','',(#10304));
#10304 = PRODUCT_CONTEXT('',#2,'mechanical');
#10305 = PRODUCT_DEFINITION_CONTEXT('part definition',#2,'design');
#10306 = ADVANCED_BREP_SHAPE_REPRESENTATION('',(#11,#10307),#10457);
#10307 = MANIFOLD_SOLID_BREP('',#10308);
#10308 = CLOSED_SHELL('',(#10309,#10349,#10389,#10411,#10433,#10445));
#10309 = ADVANCED_FACE('',(#10310),#10344,.F.);
#10310 = FACE_BOUND('',#10311,.F.);
#10311 = EDGE_LOOP('',(#10312,#10322,#10330,#10338));
#10312 = ORIENTED_EDGE('',*,*,#10313,.F.);
#10313 = EDGE_CURVE('',#10314,#10316,#10318,.T.);
#10314 = VERTEX_POINT('',#10315);
#10315 = CARTESIAN_POINT('',(-124.,59.,190.));
#10316 = VERTEX_POINT('',#10317);
#10317 = CARTESIAN_POINT('',(-124.,59.,200.));
#10318 = LINE('',#10319,#10320);
#10319 = CARTESIAN_POINT('',(-124.,59.,190.));
#10320 = VECTOR('',#10321,1.);
#10321 = DIRECTION('',(0.,0.,1.));
#10322 = ORIENTED_EDGE('',*,*,#10323,.T.);
#10323 = EDGE_CURVE('',#10314,#10324,#10326,.T.);
#10324 = VERTEX_POINT('',#10325);
#10325 = CARTESIAN_POINT('',(-124.,65.,190.));
#10326 = LINE('',#10327,#10328);
#10327 = CARTESIAN_POINT('',(-124.,59.,190.));
#10328 = VECTOR('',#10329,1.);
#10329 = DIRECTION('',(0.,1.,0.));
#10330 = ORIENTED_EDGE('',*,*,#10331,.T.);
#10331 = EDGE_CURVE('',#10324,#10332,#10334,.T.);
#10332 = VERTEX_POINT('',#10333);
#10333 = CARTESIAN_POINT('',(-124.,65.,200.));
#10334 = LINE('',#10335,#10336);
#10335 = CARTESIAN_POINT('',(-124.,65.,190.));
#10336 = VECTOR('',#10337,1.);
#10337 = DIRECTION('',(0.,0.,1.));
#10338 = ORIENTED_EDGE('',*,*,#10339,.F.);
#10339 = EDGE_CURVE('',#10316,#10332,#10340,.T.);
#10340 = LINE('',#10341,#10342);
#10341 = CARTESIAN_POINT('',(-124.,59.,200.));
#10342 = VECTOR('',#10343,1.);
#10343 = DIRECTION('',(0.,1.,0.));
#10344 = PLANE('',#10345);
#10345 = AXIS2_PLACEMENT_3D('',#10346,#10347,#10348);
#10346 = CARTESIAN_POINT('',(-124.,59.,190.));
#10347 = DIRECTION('',(1.,0.,0.));
#10348 = DIRECTION('',(0.,0.,1.));
#10349 = ADVANCED_FACE('',(#10350),#10384,.T.);
#10350 = FACE_BOUND('',#10351,.T.);
#10351 = EDGE_LOOP('',(#10352,#10362,#10370,#10378));
#10352 = ORIENTED_EDGE('',*,*,#10353,.F.);
#10353 = EDGE_CURVE('',#10354,#10356,#10358,.T.);
#10354 = VERTEX_POINT('',#10355);
#10355 = CARTESIAN_POINT('',(-116.,59.,190.));
#10356 = VERTEX_POINT('',#10357);
#10357 = CARTESIAN_POINT('',(-116.,59.,200.));
#10358 = LINE('',#10359,#10360);
#10359 = CARTESIAN_POINT('',(-116.,59.,190.));
#10360 = VECTOR('',#10361,1.);
#10361 = DIRECTION('',(0.,0.,1.));
#10362 = ORIENTED_EDGE('',*,*,#10363,.T.);
#10363 = EDGE_CURVE('',#10354,#10364,#10366,.T.);
#10364 = VERTEX_POINT('',#10365);
#10365 = CARTESIAN_POINT('',(-116.,65.,190.));
#10366 = LINE('',#10367,#10368);
#10367 = CARTESIAN_POINT('',(-116.,59.,190.));
#10368 = VECTOR('',#10369,1.);
#10369 = DIRECTION('',(0.,1.,0.));
#10370 = ORIENTED_EDGE('',*,*,#10371,.T.);
#10371 = EDGE_CURVE('',#10364,#10372,#10374,.T.);
#10372 = VERTEX_POINT('',#10373);
#10373 = CARTESIAN_POINT('',(-116.,65.,200.));
#10374 = LINE('',#10375,#10376);
#10375 = CARTESIAN_POINT('',(-116.,65.,190.));
#10376 = VECTOR('',#10377,1.);
#10377 = DIRECTION('',(0.,0.,1.));
#10378 = ORIENTED_EDGE('',*,*,#10379,.F.);
#10379 = EDGE_CURVE('',#10356,#10372,#10380,.T.);
#10380 = LINE('',#10381,#10382);
#10381 = CARTESIAN_POINT('',(-116.,59.,200.));
#10382 = VECTOR('',#10383,1.);
#10383 = DIRECTION('',(0.,1.,0.));
#10384 = PLANE('',#10385);
#10385 = AXIS2_PLACEMENT_3D('',#10386,#10387,#10388);
#10386 = CARTESIAN_POINT('',(-116.,59.,190.));
#10387 = DIRECTION('',(1.,0.,0.));
#10388 = DIRECTION('',(0.,0.,1.));
#10389 = ADVANCED_FACE('',(#10390),#10406,.F.);
#10390 = FACE_BOUND('',#10391,.F.);
#10391 = EDGE_LOOP('',(#10392,#10398,#10399,#10405));
#10392 = ORIENTED_EDGE('',*,*,#10393,.F.);
#10393 = EDGE_CURVE('',#10314,#10354,#10394,.T.);
#10394 = LINE('',#10395,#10396);
#10395 = CARTESIAN_POINT('',(-124.,59.,190.));
#10396 = VECTOR('',#10397,1.);
#10397 = DIRECTION('',(1.,0.,0.));
#10398 = ORIENTED_EDGE('',*,*,#10313,.T.);
#10399 = ORIENTED_EDGE('',*,*,#10400,.T.);
#10400 = EDGE_CURVE('',#10316,#10356,#10401,.T.);
#10401 = LINE('',#10402,#10403);
#10402 = CARTESIAN_POINT('',(-124.,59.,200.));
#10403 = VECTOR('',#10404,1.);
#10404 = DIRECTION('',(1.,0.,0.));
#10405 = ORIENTED_EDGE('',*,*,#10353,.F.);
#10406 = PLANE('',#10407);
#10407 = AXIS2_PLACEMENT_3D('',#10408,#10409,#10410);
#10408 = CARTESIAN_POINT('',(-124.,59.,190.));
#10409 = DIRECTION('',(0.,1.,0.));
#10410 = DIRECTION('',(0.,0.,1.));
#10411 = ADVANCED_FACE('',(#10412),#10428,.T.);
#10412 = FACE_BOUND('',#10413,.T.);
#10413 = EDGE_LOOP('',(#10414,#10420,#10421,#10427));
#10414 = ORIENTED_EDGE('',*,*,#10415,.F.);
#10415 = EDGE_CURVE('',#10324,#10364,#10416,.T.);
#10416 = LINE('',#10417,#10418);
#10417 = CARTESIAN_POINT('',(-124.,65.,190.));
#10418 = VECTOR('',#10419,1.);
#10419 = DIRECTION('',(1.,0.,0.));
#10420 = ORIENTED_EDGE('',*,*,#10331,.T.);
#10421 = ORIENTED_EDGE('',*,*,#10422,.T.);
#10422 = EDGE_CURVE('',#10332,#10372,#10423,.T.);
#10423 = LINE('',#10424,#10425);
#10424 = CARTESIAN_POINT('',(-124.,65.,200.));
#10425 = VECTOR('',#10426,1.);
#10426 = DIRECTION('',(1.,0.,0.));
#10427 = ORIENTED_EDGE('',*,*,#10371,.F.);
#10428 = PLANE('',#10429);
#10429 = AXIS2_PLACEMENT_3D('',#10430,#10431,#10432);
#10430 = CARTESIAN_POINT('',(-124.,65.,190.));
#10431 = DIRECTION('',(0.,1.,0.));
#10432 = DIRECTION('',(0.,0.,1.));
#10433 = ADVANCED_FACE('',(#10434),#10440,.F.);
#10434 = FACE_BOUND('',#10435,.F.);
#10435 = EDGE_LOOP('',(#10436,#10437,#10438,#10439));
#10436 = ORIENTED_EDGE('',*,*,#10323,.F.);
#10437 = ORIENTED_EDGE('',*,*,#10393,.T.);
#10438 = ORIENTED_EDGE('',*,*,#10363,.T.);
#10439 = ORIENTED_EDGE('',*,*,#10415,.F.);
#10440 = PLANE('',#10441);
#10441 = AXIS2_PLACEMENT_3D('',#10442,#10443,#10444);
#10442 = CARTESIAN_POINT('',(-124.,59.,190.));
#10443 = DIRECTION('',(0.,0.,1.));
#10444 = DIRECTION('',(1.,0.,0.));
#10445 = ADVANCED_FACE('',(#10446),#10452,.T.);
#10446 = FACE_BOUND('',#10447,.T.);
#10447 = EDGE_LOOP('',(#10448,#10449,#10450,#10451));
#10448 = ORIENTED_EDGE('',*,*,#10339,.F.);
#10449 = ORIENTED_EDGE('',*,*,#10400,.T.);
#10450 = ORIENTED_EDGE('',*,*,#10379,.T.);
#10451 = ORIENTED_EDGE('',*,*,#10422,.F.);
#10452 = PLANE('',#10453);
#10453 = AXIS2_PLACEMENT_3D('',#10454,#10455,#10456);
#10454 = CARTESIAN_POINT('',(-124.,59.,200.));
#10455 = DIRECTION('',(0.,0.,1.));
#10456 = DIRECTION('',(1.,0.,0.));
#10457 = ( GEOMETRIC_REPRESENTATION_CONTEXT(3) 
GLOBAL_UNCERTAINTY_ASSIGNED_CONTEXT((#10461)) 
GLOBAL_UNIT_ASSIGNED_CONTEXT((#10458,#10459,#10460)) 
REPRESENTATION_CONTEXT('Context #1',
  '3D Context with UNIT and UNCERTAINTY') );
#10458 = ( LENGTH_UNIT() NAMED_UNIT(*) SI_UNIT(.MILLI.,.METRE.) );
#10459 = ( NAMED_UNIT(*) PLANE_ANGLE_UNIT() SI_UNIT($,.RADIAN.) );
#10460 = ( NAMED_UNIT(*) SI_UNIT($,.STERADIAN.) SOLID_ANGLE_UNIT() );
#10461 = UNCERTAINTY_MEASURE_WITH_UNIT(LENGTH_MEASURE(1.E-07),#10458,
  'distance_accuracy_value','confusion accuracy');
#10462 = CONTEXT_DEPENDENT_SHAPE_REPRESENTATION(#10463,#10465);
#10463 = ( REPRESENTATION_RELATIONSHIP('','',#10306,#10) 
REPRESENTATION_RELATIONSHIP_WITH_TRANSFORMATION(#10464) 
SHAPE_REPRESENTATION_RELATIONSHIP() );
#10464 = ITEM_DEFINED_TRANSFORMATION('','',#11,#203);
#10465 = PRODUCT_DEFINITION_SHAPE('Placement','Placement of an item',
  #10466);
#10466 = NEXT_ASSEMBLY_USAGE_OCCURRENCE('512','CHUTE_PORT_EAR','',#5,
  #10301,$);
#10467 = PRODUCT_RELATED_PRODUCT_CATEGORY('part',$,(#10303));
#10468 = SHAPE_DEFINITION_REPRESENTATION(#10469,#10475);
#10469 = PRODUCT_DEFINITION_SHAPE('','',#10470);
#10470 = PRODUCT_DEFINITION('design','',#10471,#10474);
#10471 = PRODUCT_DEFINITION_FORMATION('','',#10472);
#10472 = PRODUCT('CHUTE_TOWER_PAD','CHUTE_TOWER_PAD','',(#10473));
#10473 = PRODUCT_CONTEXT('',#2,'mechanical');
#10474 = PRODUCT_DEFINITION_CONTEXT('part definition',#2,'design');
#10475 = ADVANCED_BREP_SHAPE_REPRESENTATION('',(#11,#10476),#10626);
#10476 = MANIFOLD_SOLID_BREP('',#10477);
#10477 = CLOSED_SHELL('',(#10478,#10518,#10558,#10580,#10602,#10614));
#10478 = ADVANCED_FACE('',(#10479),#10513,.F.);
#10479 = FACE_BOUND('',#10480,.F.);
#10480 = EDGE_LOOP('',(#10481,#10491,#10499,#10507));
#10481 = ORIENTED_EDGE('',*,*,#10482,.F.);
#10482 = EDGE_CURVE('',#10483,#10485,#10487,.T.);
#10483 = VERTEX_POINT('',#10484);
#10484 = CARTESIAN_POINT('',(-175.,132.3,148.));
#10485 = VERTEX_POINT('',#10486);
#10486 = CARTESIAN_POINT('',(-175.,132.3,168.));
#10487 = LINE('',#10488,#10489);
#10488 = CARTESIAN_POINT('',(-175.,132.3,148.));
#10489 = VECTOR('',#10490,1.);
#10490 = DIRECTION('',(0.,0.,1.));
#10491 = ORIENTED_EDGE('',*,*,#10492,.T.);
#10492 = EDGE_CURVE('',#10483,#10493,#10495,.T.);
#10493 = VERTEX_POINT('',#10494);
#10494 = CARTESIAN_POINT('',(-175.,141.,148.));
#10495 = LINE('',#10496,#10497);
#10496 = CARTESIAN_POINT('',(-175.,132.3,148.));
#10497 = VECTOR('',#10498,1.);
#10498 = DIRECTION('',(0.,1.,0.));
#10499 = ORIENTED_EDGE('',*,*,#10500,.T.);
#10500 = EDGE_CURVE('',#10493,#10501,#10503,.T.);
#10501 = VERTEX_POINT('',#10502);
#10502 = CARTESIAN_POINT('',(-175.,141.,168.));
#10503 = LINE('',#10504,#10505);
#10504 = CARTESIAN_POINT('',(-175.,141.,148.));
#10505 = VECTOR('',#10506,1.);
#10506 = DIRECTION('',(0.,0.,1.));
#10507 = ORIENTED_EDGE('',*,*,#10508,.F.);
#10508 = EDGE_CURVE('',#10485,#10501,#10509,.T.);
#10509 = LINE('',#10510,#10511);
#10510 = CARTESIAN_POINT('',(-175.,132.3,168.));
#10511 = VECTOR('',#10512,1.);
#10512 = DIRECTION('',(0.,1.,0.));
#10513 = PLANE('',#10514);
#10514 = AXIS2_PLACEMENT_3D('',#10515,#10516,#10517);
#10515 = CARTESIAN_POINT('',(-175.,132.3,148.));
#10516 = DIRECTION('',(1.,0.,0.));
#10517 = DIRECTION('',(0.,0.,1.));
#10518 = ADVANCED_FACE('',(#10519),#10553,.T.);
#10519 = FACE_BOUND('',#10520,.T.);
#10520 = EDGE_LOOP('',(#10521,#10531,#10539,#10547));
#10521 = ORIENTED_EDGE('',*,*,#10522,.F.);
#10522 = EDGE_CURVE('',#10523,#10525,#10527,.T.);
#10523 = VERTEX_POINT('',#10524);
#10524 = CARTESIAN_POINT('',(-152.,132.3,148.));
#10525 = VERTEX_POINT('',#10526);
#10526 = CARTESIAN_POINT('',(-152.,132.3,168.));
#10527 = LINE('',#10528,#10529);
#10528 = CARTESIAN_POINT('',(-152.,132.3,148.));
#10529 = VECTOR('',#10530,1.);
#10530 = DIRECTION('',(0.,0.,1.));
#10531 = ORIENTED_EDGE('',*,*,#10532,.T.);
#10532 = EDGE_CURVE('',#10523,#10533,#10535,.T.);
#10533 = VERTEX_POINT('',#10534);
#10534 = CARTESIAN_POINT('',(-152.,141.,148.));
#10535 = LINE('',#10536,#10537);
#10536 = CARTESIAN_POINT('',(-152.,132.3,148.));
#10537 = VECTOR('',#10538,1.);
#10538 = DIRECTION('',(0.,1.,0.));
#10539 = ORIENTED_EDGE('',*,*,#10540,.T.);
#10540 = EDGE_CURVE('',#10533,#10541,#10543,.T.);
#10541 = VERTEX_POINT('',#10542);
#10542 = CARTESIAN_POINT('',(-152.,141.,168.));
#10543 = LINE('',#10544,#10545);
#10544 = CARTESIAN_POINT('',(-152.,141.,148.));
#10545 = VECTOR('',#10546,1.);
#10546 = DIRECTION('',(0.,0.,1.));
#10547 = ORIENTED_EDGE('',*,*,#10548,.F.);
#10548 = EDGE_CURVE('',#10525,#10541,#10549,.T.);
#10549 = LINE('',#10550,#10551);
#10550 = CARTESIAN_POINT('',(-152.,132.3,168.));
#10551 = VECTOR('',#10552,1.);
#10552 = DIRECTION('',(0.,1.,0.));
#10553 = PLANE('',#10554);
#10554 = AXIS2_PLACEMENT_3D('',#10555,#10556,#10557);
#10555 = CARTESIAN_POINT('',(-152.,132.3,148.));
#10556 = DIRECTION('',(1.,0.,0.));
#10557 = DIRECTION('',(0.,0.,1.));
#10558 = ADVANCED_FACE('',(#10559),#10575,.F.);
#10559 = FACE_BOUND('',#10560,.F.);
#10560 = EDGE_LOOP('',(#10561,#10567,#10568,#10574));
#10561 = ORIENTED_EDGE('',*,*,#10562,.F.);
#10562 = EDGE_CURVE('',#10483,#10523,#10563,.T.);
#10563 = LINE('',#10564,#10565);
#10564 = CARTESIAN_POINT('',(-175.,132.3,148.));
#10565 = VECTOR('',#10566,1.);
#10566 = DIRECTION('',(1.,0.,0.));
#10567 = ORIENTED_EDGE('',*,*,#10482,.T.);
#10568 = ORIENTED_EDGE('',*,*,#10569,.T.);
#10569 = EDGE_CURVE('',#10485,#10525,#10570,.T.);
#10570 = LINE('',#10571,#10572);
#10571 = CARTESIAN_POINT('',(-175.,132.3,168.));
#10572 = VECTOR('',#10573,1.);
#10573 = DIRECTION('',(1.,0.,0.));
#10574 = ORIENTED_EDGE('',*,*,#10522,.F.);
#10575 = PLANE('',#10576);
#10576 = AXIS2_PLACEMENT_3D('',#10577,#10578,#10579);
#10577 = CARTESIAN_POINT('',(-175.,132.3,148.));
#10578 = DIRECTION('',(0.,1.,0.));
#10579 = DIRECTION('',(0.,0.,1.));
#10580 = ADVANCED_FACE('',(#10581),#10597,.T.);
#10581 = FACE_BOUND('',#10582,.T.);
#10582 = EDGE_LOOP('',(#10583,#10589,#10590,#10596));
#10583 = ORIENTED_EDGE('',*,*,#10584,.F.);
#10584 = EDGE_CURVE('',#10493,#10533,#10585,.T.);
#10585 = LINE('',#10586,#10587);
#10586 = CARTESIAN_POINT('',(-175.,141.,148.));
#10587 = VECTOR('',#10588,1.);
#10588 = DIRECTION('',(1.,0.,0.));
#10589 = ORIENTED_EDGE('',*,*,#10500,.T.);
#10590 = ORIENTED_EDGE('',*,*,#10591,.T.);
#10591 = EDGE_CURVE('',#10501,#10541,#10592,.T.);
#10592 = LINE('',#10593,#10594);
#10593 = CARTESIAN_POINT('',(-175.,141.,168.));
#10594 = VECTOR('',#10595,1.);
#10595 = DIRECTION('',(1.,0.,0.));
#10596 = ORIENTED_EDGE('',*,*,#10540,.F.);
#10597 = PLANE('',#10598);
#10598 = AXIS2_PLACEMENT_3D('',#10599,#10600,#10601);
#10599 = CARTESIAN_POINT('',(-175.,141.,148.));
#10600 = DIRECTION('',(0.,1.,0.));
#10601 = DIRECTION('',(0.,0.,1.));
#10602 = ADVANCED_FACE('',(#10603),#10609,.F.);
#10603 = FACE_BOUND('',#10604,.F.);
#10604 = EDGE_LOOP('',(#10605,#10606,#10607,#10608));
#10605 = ORIENTED_EDGE('',*,*,#10492,.F.);
#10606 = ORIENTED_EDGE('',*,*,#10562,.T.);
#10607 = ORIENTED_EDGE('',*,*,#10532,.T.);
#10608 = ORIENTED_EDGE('',*,*,#10584,.F.);
#10609 = PLANE('',#10610);
#10610 = AXIS2_PLACEMENT_3D('',#10611,#10612,#10613);
#10611 = CARTESIAN_POINT('',(-175.,132.3,148.));
#10612 = DIRECTION('',(0.,0.,1.));
#10613 = DIRECTION('',(1.,0.,0.));
#10614 = ADVANCED_FACE('',(#10615),#10621,.T.);
#10615 = FACE_BOUND('',#10616,.T.);
#10616 = EDGE_LOOP('',(#10617,#10618,#10619,#10620));
#10617 = ORIENTED_EDGE('',*,*,#10508,.F.);
#10618 = ORIENTED_EDGE('',*,*,#10569,.T.);
#10619 = ORIENTED_EDGE('',*,*,#10548,.T.);
#10620 = ORIENTED_EDGE('',*,*,#10591,.F.);
#10621 = PLANE('',#10622);
#10622 = AXIS2_PLACEMENT_3D('',#10623,#10624,#10625);
#10623 = CARTESIAN_POINT('',(-175.,132.3,168.));
#10624 = DIRECTION('',(0.,0.,1.));
#10625 = DIRECTION('',(1.,0.,0.));
#10626 = ( GEOMETRIC_REPRESENTATION_CONTEXT(3) 
GLOBAL_UNCERTAINTY_ASSIGNED_CONTEXT((#10630)) 
GLOBAL_UNIT_ASSIGNED_CONTEXT((#10627,#10628,#10629)) 
REPRESENTATION_CONTEXT('Context #1',
  '3D Context with UNIT and UNCERTAINTY') );
#10627 = ( LENGTH_UNIT() NAMED_UNIT(*) SI_UNIT(.MILLI.,.METRE.) );
#10628 = ( NAMED_UNIT(*) PLANE_ANGLE_UNIT() SI_UNIT($,.RADIAN.) );
#10629 = ( NAMED_UNIT(*) SI_UNIT($,.STERADIAN.) SOLID_ANGLE_UNIT() );
#10630 = UNCERTAINTY_MEASURE_WITH_UNIT(LENGTH_MEASURE(1.E-07),#10627,
  'distance_accuracy_value','confusion accuracy');
#10631 = CONTEXT_DEPENDENT_SHAPE_REPRESENTATION(#10632,#10634);
#10632 = ( REPRESENTATION_RELATIONSHIP('','',#10475,#10) 
REPRESENTATION_RELATIONSHIP_WITH_TRANSFORMATION(#10633) 
SHAPE_REPRESENTATION_RELATIONSHIP() );
#10633 = ITEM_DEFINED_TRANSFORMATION('','',#11,#207);
#10634 = PRODUCT_DEFINITION_SHAPE('Placement','Placement of an item',
  #10635);
#10635 = NEXT_ASSEMBLY_USAGE_OCCURRENCE('513','CHUTE_TOWER_PAD','',#5,
  #10470,$);
#10636 = PRODUCT_RELATED_PRODUCT_CATEGORY('part',$,(#10472));
#10637 = SHAPE_DEFINITION_REPRESENTATION(#10638,#10644);
#10638 = PRODUCT_DEFINITION_SHAPE('','',#10639);
#10639 = PRODUCT_DEFINITION('design','',#10640,#10643);
#10640 = PRODUCT_DEFINITION_FORMATION('','',#10641);
#10641 = PRODUCT('WIRE_WINCH_0','WIRE_WINCH_0','',(#10642));
#10642 = PRODUCT_CONTEXT('',#2,'mechanical');
#10643 = PRODUCT_DEFINITION_CONTEXT('part definition',#2,'design');
#10644 = ADVANCED_BREP_SHAPE_REPRESENTATION('',(#11,#10645),#10794);
#10645 = MANIFOLD_SOLID_BREP('',#10646);
#10646 = CLOSED_SHELL('',(#10647,#10716,#10725,#10760,#10775,#10785));
#10647 = ADVANCED_FACE('',(#10648),#10711,.T.);
#10648 = FACE_BOUND('',#10649,.F.);
#10649 = EDGE_LOOP('',(#10650,#10659,#10667,#10676,#10685,#10694,#10703,
    #10710));
#10650 = ORIENTED_EDGE('',*,*,#10651,.F.);
#10651 = EDGE_CURVE('',#10652,#10652,#10654,.T.);
#10652 = VERTEX_POINT('',#10653);
#10653 = CARTESIAN_POINT('',(-171.4697985859,155.58724823247,
    71.388423370275));
#10654 = CIRCLE('',#10655,1.);
#10655 = AXIS2_PLACEMENT_3D('',#10656,#10657,#10658);
#10656 = CARTESIAN_POINT('',(-172.,155.,72.));
#10657 = DIRECTION('',(0.611576629725,-0.764470787156,-0.203858876575));
#10658 = DIRECTION('',(0.530201414019,0.587248232476,-0.611576629725));
#10659 = ORIENTED_EDGE('',*,*,#10660,.T.);
#10660 = EDGE_CURVE('',#10652,#10661,#10663,.T.);
#10661 = VERTEX_POINT('',#10662);
#10662 = CARTESIAN_POINT('',(-159.5395327302,140.67441591281,
    67.411668085032));
#10663 = LINE('',#10664,#10665);
#10664 = CARTESIAN_POINT('',(-171.4697985859,155.58724823247,
    71.388423370275));
#10665 = VECTOR('',#10666,1.);
#10666 = DIRECTION('',(0.611576629725,-0.764470787156,-0.203858876575));
#10667 = ORIENTED_EDGE('',*,*,#10668,.F.);
#10668 = EDGE_CURVE('',#10669,#10661,#10671,.T.);
#10669 = VERTEX_POINT('',#10670);
#10670 = CARTESIAN_POINT('',(-159.2317787204,140.51214751973,
    68.384110639799));
#10671 = ELLIPSE('',#10672,1.008341060769,1.);
#10672 = AXIS2_PLACEMENT_3D('',#10673,#10674,#10675);
#10673 = CARTESIAN_POINT('',(-160.,140.,68.));
#10674 = DIRECTION('',(-0.630807468509,0.707892196954,0.317758674413));
#10675 = DIRECTION('',(0.109169607707,0.48640883578,-0.866884329786));
#10676 = ORIENTED_EDGE('',*,*,#10677,.T.);
#10677 = EDGE_CURVE('',#10669,#10678,#10680,.T.);
#10678 = VERTEX_POINT('',#10679);
#10679 = CARTESIAN_POINT('',(-160.7682212795,139.48785248026,
    67.615889360201));
#10680 = CIRCLE('',#10681,1.);
#10681 = AXIS2_PLACEMENT_3D('',#10682,#10683,#10684);
#10682 = CARTESIAN_POINT('',(-160.,140.,68.));
#10683 = DIRECTION('',(0.611576629725,-0.764470787156,-0.203858876575));
#10684 = DIRECTION('',(0.530201414019,0.587248232476,-0.611576629725));
#10685 = ORIENTED_EDGE('',*,*,#10686,.F.);
#10686 = EDGE_CURVE('',#10687,#10678,#10689,.T.);
#10687 = VERTEX_POINT('',#10688);
#10688 = CARTESIAN_POINT('',(-159.8899198019,140.49046600143,
    67.12588493534));
#10689 = ELLIPSE('',#10690,1.008341060769,1.);
#10690 = AXIS2_PLACEMENT_3D('',#10691,#10692,#10693);
#10691 = CARTESIAN_POINT('',(-160.,140.,68.));
#10692 = DIRECTION('',(-0.630807468509,0.707892196954,0.317758674413));
#10693 = DIRECTION('',(0.109169607707,0.48640883578,-0.866884329786));
#10694 = ORIENTED_EDGE('',*,*,#10695,.F.);
#10695 = EDGE_CURVE('',#10696,#10687,#10698,.T.);
#10696 = VERTEX_POINT('',#10697);
#10697 = CARTESIAN_POINT('',(-159.6353471584,140.63534715844,
    67.30849547899));
#10698 = ELLIPSE('',#10699,1.008341060769,1.);
#10699 = AXIS2_PLACEMENT_3D('',#10700,#10701,#10702);
#10700 = CARTESIAN_POINT('',(-160.,140.,68.));
#10701 = DIRECTION('',(-0.630807468509,0.707892196954,0.317758674413));
#10702 = DIRECTION('',(0.109169607707,0.48640883578,-0.866884329786));
#10703 = ORIENTED_EDGE('',*,*,#10704,.F.);
#10704 = EDGE_CURVE('',#10661,#10696,#10705,.T.);
#10705 = ELLIPSE('',#10706,1.008341060769,1.);
#10706 = AXIS2_PLACEMENT_3D('',#10707,#10708,#10709);
#10707 = CARTESIAN_POINT('',(-160.,140.,68.));
#10708 = DIRECTION('',(-0.630807468509,0.707892196954,0.317758674413));
#10709 = DIRECTION('',(0.109169607707,0.48640883578,-0.866884329786));
#10710 = ORIENTED_EDGE('',*,*,#10660,.F.);
#10711 = CYLINDRICAL_SURFACE('',#10712,1.);
#10712 = AXIS2_PLACEMENT_3D('',#10713,#10714,#10715);
#10713 = CARTESIAN_POINT('',(-172.,155.,72.));
#10714 = DIRECTION('',(-0.611576629725,0.764470787156,0.203858876575));
#10715 = DIRECTION('',(0.530201414019,0.587248232476,-0.611576629725));
#10716 = ADVANCED_FACE('',(#10717),#10720,.F.);
#10717 = FACE_BOUND('',#10718,.T.);
#10718 = EDGE_LOOP('',(#10719));
#10719 = ORIENTED_EDGE('',*,*,#10651,.F.);
#10720 = PLANE('',#10721);
#10721 = AXIS2_PLACEMENT_3D('',#10722,#10723,#10724);
#10722 = CARTESIAN_POINT('',(-172.,155.,72.));
#10723 = DIRECTION('',(0.611576629725,-0.764470787156,-0.203858876575));
#10724 = DIRECTION('',(0.530201414019,0.587248232476,-0.611576629725));
#10725 = ADVANCED_FACE('',(#10726),#10755,.T.);
#10726 = FACE_BOUND('',#10727,.F.);
#10727 = EDGE_LOOP('',(#10728,#10729,#10737,#10744,#10745,#10746,#10747,
    #10754));
#10728 = ORIENTED_EDGE('',*,*,#10704,.T.);
#10729 = ORIENTED_EDGE('',*,*,#10730,.T.);
#10730 = EDGE_CURVE('',#10696,#10731,#10733,.T.);
#10731 = VERTEX_POINT('',#10732);
#10732 = CARTESIAN_POINT('',(-147.7132007163,128.71320071635,
    59.360397850933));
#10733 = LINE('',#10734,#10735);
#10734 = CARTESIAN_POINT('',(-159.7132007163,140.71320071635,
    67.360397850933));
#10735 = VECTOR('',#10736,1.);
#10736 = DIRECTION('',(0.639602149067,-0.639602149067,-0.426401432711));
#10737 = ORIENTED_EDGE('',*,*,#10738,.T.);
#10738 = EDGE_CURVE('',#10731,#10731,#10739,.T.);
#10739 = CIRCLE('',#10740,1.);
#10740 = AXIS2_PLACEMENT_3D('',#10741,#10742,#10743);
#10741 = CARTESIAN_POINT('',(-148.,128.,60.));
#10742 = DIRECTION('',(0.639602149067,-0.639602149067,-0.426401432711));
#10743 = DIRECTION('',(0.286799283644,0.713200716356,-0.639602149067));
#10744 = ORIENTED_EDGE('',*,*,#10730,.F.);
#10745 = ORIENTED_EDGE('',*,*,#10695,.T.);
#10746 = ORIENTED_EDGE('',*,*,#10686,.T.);
#10747 = ORIENTED_EDGE('',*,*,#10748,.F.);
#10748 = EDGE_CURVE('',#10669,#10678,#10749,.T.);
#10749 = CIRCLE('',#10750,1.);
#10750 = AXIS2_PLACEMENT_3D('',#10751,#10752,#10753);
#10751 = CARTESIAN_POINT('',(-160.,140.,68.));
#10752 = DIRECTION('',(0.639602149067,-0.639602149067,-0.426401432711));
#10753 = DIRECTION('',(0.286799283644,0.713200716356,-0.639602149067));
#10754 = ORIENTED_EDGE('',*,*,#10668,.T.);
#10755 = CYLINDRICAL_SURFACE('',#10756,1.);
#10756 = AXIS2_PLACEMENT_3D('',#10757,#10758,#10759);
#10757 = CARTESIAN_POINT('',(-160.,140.,68.));
#10758 = DIRECTION('',(-0.639602149067,0.639602149067,0.426401432711));
#10759 = DIRECTION('',(0.286799283644,0.713200716356,-0.639602149067));
#10760 = ADVANCED_FACE('',(#10761),#10770,.T.);
#10761 = FACE_BOUND('',#10762,.T.);
#10762 = EDGE_LOOP('',(#10763,#10769));
#10763 = ORIENTED_EDGE('',*,*,#10764,.T.);
#10764 = EDGE_CURVE('',#10678,#10669,#10765,.T.);
#10765 = LINE('',#10766,#10767);
#10766 = CARTESIAN_POINT('',(-160.,140.,68.));
#10767 = VECTOR('',#10768,1.);
#10768 = DIRECTION('',(0.768221279597,0.512147519732,0.384110639799));
#10769 = ORIENTED_EDGE('',*,*,#10677,.T.);
#10770 = PLANE('',#10771);
#10771 = AXIS2_PLACEMENT_3D('',#10772,#10773,#10774);
#10772 = CARTESIAN_POINT('',(-160.,140.,68.));
#10773 = DIRECTION('',(0.611576629725,-0.764470787156,-0.203858876575));
#10774 = DIRECTION('',(0.530201414019,0.587248232476,-0.611576629725));
#10775 = ADVANCED_FACE('',(#10776),#10780,.F.);
#10776 = FACE_BOUND('',#10777,.F.);
#10777 = EDGE_LOOP('',(#10778,#10779));
#10778 = ORIENTED_EDGE('',*,*,#10764,.T.);
#10779 = ORIENTED_EDGE('',*,*,#10748,.T.);
#10780 = PLANE('',#10781);
#10781 = AXIS2_PLACEMENT_3D('',#10782,#10783,#10784);
#10782 = CARTESIAN_POINT('',(-160.,140.,68.));
#10783 = DIRECTION('',(0.639602149067,-0.639602149067,-0.426401432711));
#10784 = DIRECTION('',(0.286799283644,0.713200716356,-0.639602149067));
#10785 = ADVANCED_FACE('',(#10786),#10789,.T.);
#10786 = FACE_BOUND('',#10787,.F.);
#10787 = EDGE_LOOP('',(#10788));
#10788 = ORIENTED_EDGE('',*,*,#10738,.F.);
#10789 = PLANE('',#10790);
#10790 = AXIS2_PLACEMENT_3D('',#10791,#10792,#10793);
#10791 = CARTESIAN_POINT('',(-148.,128.,60.));
#10792 = DIRECTION('',(0.639602149067,-0.639602149067,-0.426401432711));
#10793 = DIRECTION('',(0.286799283644,0.713200716356,-0.639602149067));
#10794 = ( GEOMETRIC_REPRESENTATION_CONTEXT(3) 
GLOBAL_UNCERTAINTY_ASSIGNED_CONTEXT((#10798)) 
GLOBAL_UNIT_ASSIGNED_CONTEXT((#10795,#10796,#10797)) 
REPRESENTATION_CONTEXT('Context #1',
  '3D Context with UNIT and UNCERTAINTY') );
#10795 = ( LENGTH_UNIT() NAMED_UNIT(*) SI_UNIT(.MILLI.,.METRE.) );
#10796 = ( NAMED_UNIT(*) PLANE_ANGLE_UNIT() SI_UNIT($,.RADIAN.) );
#10797 = ( NAMED_UNIT(*) SI_UNIT($,.STERADIAN.) SOLID_ANGLE_UNIT() );
#10798 = UNCERTAINTY_MEASURE_WITH_UNIT(LENGTH_MEASURE(2.E-05),#10795,
  'distance_accuracy_value','confusion accuracy');
#10799 = CONTEXT_DEPENDENT_SHAPE_REPRESENTATION(#10800,#10802);
#10800 = ( REPRESENTATION_RELATIONSHIP('','',#10644,#10) 
REPRESENTATION_RELATIONSHIP_WITH_TRANSFORMATION(#10801) 
SHAPE_REPRESENTATION_RELATIONSHIP() );
#10801 = ITEM_DEFINED_TRANSFORMATION('','',#11,#211);
#10802 = PRODUCT_DEFINITION_SHAPE('Placement','Placement of an item',
  #10803);
#10803 = NEXT_ASSEMBLY_USAGE_OCCURRENCE('514','WIRE_WINCH_0','',#5,
  #10639,$);
#10804 = PRODUCT_RELATED_PRODUCT_CATEGORY('part',$,(#10641));
#10805 = SHAPE_DEFINITION_REPRESENTATION(#10806,#10812);
#10806 = PRODUCT_DEFINITION_SHAPE('','',#10807);
#10807 = PRODUCT_DEFINITION('design','',#10808,#10811);
#10808 = PRODUCT_DEFINITION_FORMATION('','',#10809);
#10809 = PRODUCT('WIRE_WINCH_1','WIRE_WINCH_1','',(#10810));
#10810 = PRODUCT_CONTEXT('',#2,'mechanical');
#10811 = PRODUCT_DEFINITION_CONTEXT('part definition',#2,'design');
#10812 = ADVANCED_BREP_SHAPE_REPRESENTATION('',(#11,#10813),#10866);
#10813 = MANIFOLD_SOLID_BREP('',#10814);
#10814 = CLOSED_SHELL('',(#10815,#10848,#10857));
#10815 = ADVANCED_FACE('',(#10816),#10843,.T.);
#10816 = FACE_BOUND('',#10817,.F.);
#10817 = EDGE_LOOP('',(#10818,#10828,#10835,#10836));
#10818 = ORIENTED_EDGE('',*,*,#10819,.T.);
#10819 = EDGE_CURVE('',#10820,#10822,#10824,.T.);
#10820 = VERTEX_POINT('',#10821);
#10821 = CARTESIAN_POINT('',(1.,1.42108547152E-14,-2.84217094304E-14));
#10822 = VERTEX_POINT('',#10823);
#10823 = CARTESIAN_POINT('',(1.,-7.105427357601E-15,22.360679774998));
#10824 = LINE('',#10825,#10826);
#10825 = CARTESIAN_POINT('',(1.,-2.4E-16,0.));
#10826 = VECTOR('',#10827,1.);
#10827 = DIRECTION('',(0.,0.,1.));
#10828 = ORIENTED_EDGE('',*,*,#10829,.T.);
#10829 = EDGE_CURVE('',#10822,#10822,#10830,.T.);
#10830 = CIRCLE('',#10831,1.);
#10831 = AXIS2_PLACEMENT_3D('',#10832,#10833,#10834);
#10832 = CARTESIAN_POINT('',(0.,0.,22.360679774998));
#10833 = DIRECTION('',(0.,0.,1.));
#10834 = DIRECTION('',(1.,0.,0.));
#10835 = ORIENTED_EDGE('',*,*,#10819,.F.);
#10836 = ORIENTED_EDGE('',*,*,#10837,.F.);
#10837 = EDGE_CURVE('',#10820,#10820,#10838,.T.);
#10838 = CIRCLE('',#10839,1.);
#10839 = AXIS2_PLACEMENT_3D('',#10840,#10841,#10842);
#10840 = CARTESIAN_POINT('',(0.,0.,0.));
#10841 = DIRECTION('',(0.,0.,1.));
#10842 = DIRECTION('',(1.,0.,-0.));
#10843 = CYLINDRICAL_SURFACE('',#10844,1.);
#10844 = AXIS2_PLACEMENT_3D('',#10845,#10846,#10847);
#10845 = CARTESIAN_POINT('',(0.,0.,0.));
#10846 = DIRECTION('',(-0.,-0.,-1.));
#10847 = DIRECTION('',(1.,0.,-0.));
#10848 = ADVANCED_FACE('',(#10849),#10852,.F.);
#10849 = FACE_BOUND('',#10850,.T.);
#10850 = EDGE_LOOP('',(#10851));
#10851 = ORIENTED_EDGE('',*,*,#10837,.F.);
#10852 = PLANE('',#10853);
#10853 = AXIS2_PLACEMENT_3D('',#10854,#10855,#10856);
#10854 = CARTESIAN_POINT('',(0.,0.,0.));
#10855 = DIRECTION('',(0.,0.,1.));
#10856 = DIRECTION('',(1.,0.,-0.));
#10857 = ADVANCED_FACE('',(#10858),#10861,.T.);
#10858 = FACE_BOUND('',#10859,.F.);
#10859 = EDGE_LOOP('',(#10860));
#10860 = ORIENTED_EDGE('',*,*,#10829,.F.);
#10861 = PLANE('',#10862);
#10862 = AXIS2_PLACEMENT_3D('',#10863,#10864,#10865);
#10863 = CARTESIAN_POINT('',(0.,0.,22.360679774998));
#10864 = DIRECTION('',(0.,0.,1.));
#10865 = DIRECTION('',(1.,0.,0.));
#10866 = ( GEOMETRIC_REPRESENTATION_CONTEXT(3) 
GLOBAL_UNCERTAINTY_ASSIGNED_CONTEXT((#10870)) 
GLOBAL_UNIT_ASSIGNED_CONTEXT((#10867,#10868,#10869)) 
REPRESENTATION_CONTEXT('Context #1',
  '3D Context with UNIT and UNCERTAINTY') );
#10867 = ( LENGTH_UNIT() NAMED_UNIT(*) SI_UNIT(.MILLI.,.METRE.) );
#10868 = ( NAMED_UNIT(*) PLANE_ANGLE_UNIT() SI_UNIT($,.RADIAN.) );
#10869 = ( NAMED_UNIT(*) SI_UNIT($,.STERADIAN.) SOLID_ANGLE_UNIT() );
#10870 = UNCERTAINTY_MEASURE_WITH_UNIT(LENGTH_MEASURE(1.E-07),#10867,
  'distance_accuracy_value','confusion accuracy');
#10871 = CONTEXT_DEPENDENT_SHAPE_REPRESENTATION(#10872,#10874);
#10872 = ( REPRESENTATION_RELATIONSHIP('','',#10812,#10) 
REPRESENTATION_RELATIONSHIP_WITH_TRANSFORMATION(#10873) 
SHAPE_REPRESENTATION_RELATIONSHIP() );
#10873 = ITEM_DEFINED_TRANSFORMATION('','',#11,#215);
#10874 = PRODUCT_DEFINITION_SHAPE('Placement','Placement of an item',
  #10875);
#10875 = NEXT_ASSEMBLY_USAGE_OCCURRENCE('515','WIRE_WINCH_1','',#5,
  #10807,$);
#10876 = PRODUCT_RELATED_PRODUCT_CATEGORY('part',$,(#10809));
#10877 = SHAPE_DEFINITION_REPRESENTATION(#10878,#10884);
#10878 = PRODUCT_DEFINITION_SHAPE('','',#10879);
#10879 = PRODUCT_DEFINITION('design','',#10880,#10883);
#10880 = PRODUCT_DEFINITION_FORMATION('','',#10881);
#10881 = PRODUCT('WIRE_WINCH_2','WIRE_WINCH_2','',(#10882));
#10882 = PRODUCT_CONTEXT('',#2,'mechanical');
#10883 = PRODUCT_DEFINITION_CONTEXT('part definition',#2,'design');
#10884 = ADVANCED_BREP_SHAPE_REPRESENTATION('',(#11,#10885),#10938);
#10885 = MANIFOLD_SOLID_BREP('',#10886);
#10886 = CLOSED_SHELL('',(#10887,#10920,#10929));
#10887 = ADVANCED_FACE('',(#10888),#10915,.T.);
#10888 = FACE_BOUND('',#10889,.F.);
#10889 = EDGE_LOOP('',(#10890,#10900,#10907,#10908));
#10890 = ORIENTED_EDGE('',*,*,#10891,.T.);
#10891 = EDGE_CURVE('',#10892,#10894,#10896,.T.);
#10892 = VERTEX_POINT('',#10893);
#10893 = CARTESIAN_POINT('',(1.,-7.105427357601E-15,0.));
#10894 = VERTEX_POINT('',#10895);
#10895 = CARTESIAN_POINT('',(1.,3.552713678801E-15,24.413111231467));
#10896 = LINE('',#10897,#10898);
#10897 = CARTESIAN_POINT('',(1.,-2.4E-16,0.));
#10898 = VECTOR('',#10899,1.);
#10899 = DIRECTION('',(0.,0.,1.));
#10900 = ORIENTED_EDGE('',*,*,#10901,.T.);
#10901 = EDGE_CURVE('',#10894,#10894,#10902,.T.);
#10902 = CIRCLE('',#10903,1.);
#10903 = AXIS2_PLACEMENT_3D('',#10904,#10905,#10906);
#10904 = CARTESIAN_POINT('',(0.,0.,24.413111231467));
#10905 = DIRECTION('',(0.,0.,1.));
#10906 = DIRECTION('',(1.,0.,0.));
#10907 = ORIENTED_EDGE('',*,*,#10891,.F.);
#10908 = ORIENTED_EDGE('',*,*,#10909,.F.);
#10909 = EDGE_CURVE('',#10892,#10892,#10910,.T.);
#10910 = CIRCLE('',#10911,1.);
#10911 = AXIS2_PLACEMENT_3D('',#10912,#10913,#10914);
#10912 = CARTESIAN_POINT('',(0.,0.,0.));
#10913 = DIRECTION('',(0.,0.,1.));
#10914 = DIRECTION('',(1.,0.,-0.));
#10915 = CYLINDRICAL_SURFACE('',#10916,1.);
#10916 = AXIS2_PLACEMENT_3D('',#10917,#10918,#10919);
#10917 = CARTESIAN_POINT('',(0.,0.,0.));
#10918 = DIRECTION('',(-0.,-0.,-1.));
#10919 = DIRECTION('',(1.,0.,-0.));
#10920 = ADVANCED_FACE('',(#10921),#10924,.F.);
#10921 = FACE_BOUND('',#10922,.T.);
#10922 = EDGE_LOOP('',(#10923));
#10923 = ORIENTED_EDGE('',*,*,#10909,.F.);
#10924 = PLANE('',#10925);
#10925 = AXIS2_PLACEMENT_3D('',#10926,#10927,#10928);
#10926 = CARTESIAN_POINT('',(0.,0.,0.));
#10927 = DIRECTION('',(0.,0.,1.));
#10928 = DIRECTION('',(1.,0.,-0.));
#10929 = ADVANCED_FACE('',(#10930),#10933,.T.);
#10930 = FACE_BOUND('',#10931,.F.);
#10931 = EDGE_LOOP('',(#10932));
#10932 = ORIENTED_EDGE('',*,*,#10901,.F.);
#10933 = PLANE('',#10934);
#10934 = AXIS2_PLACEMENT_3D('',#10935,#10936,#10937);
#10935 = CARTESIAN_POINT('',(0.,0.,24.413111231467));
#10936 = DIRECTION('',(0.,0.,1.));
#10937 = DIRECTION('',(1.,0.,0.));
#10938 = ( GEOMETRIC_REPRESENTATION_CONTEXT(3) 
GLOBAL_UNCERTAINTY_ASSIGNED_CONTEXT((#10942)) 
GLOBAL_UNIT_ASSIGNED_CONTEXT((#10939,#10940,#10941)) 
REPRESENTATION_CONTEXT('Context #1',
  '3D Context with UNIT and UNCERTAINTY') );
#10939 = ( LENGTH_UNIT() NAMED_UNIT(*) SI_UNIT(.MILLI.,.METRE.) );
#10940 = ( NAMED_UNIT(*) PLANE_ANGLE_UNIT() SI_UNIT($,.RADIAN.) );
#10941 = ( NAMED_UNIT(*) SI_UNIT($,.STERADIAN.) SOLID_ANGLE_UNIT() );
#10942 = UNCERTAINTY_MEASURE_WITH_UNIT(LENGTH_MEASURE(1.E-07),#10939,
  'distance_accuracy_value','confusion accuracy');
#10943 = CONTEXT_DEPENDENT_SHAPE_REPRESENTATION(#10944,#10946);
#10944 = ( REPRESENTATION_RELATIONSHIP('','',#10884,#10) 
REPRESENTATION_RELATIONSHIP_WITH_TRANSFORMATION(#10945) 
SHAPE_REPRESENTATION_RELATIONSHIP() );
#10945 = ITEM_DEFINED_TRANSFORMATION('','',#11,#219);
#10946 = PRODUCT_DEFINITION_SHAPE('Placement','Placement of an item',
  #10947);
#10947 = NEXT_ASSEMBLY_USAGE_OCCURRENCE('516','WIRE_WINCH_2','',#5,
  #10879,$);
#10948 = PRODUCT_RELATED_PRODUCT_CATEGORY('part',$,(#10881));
#10949 = SHAPE_DEFINITION_REPRESENTATION(#10950,#10956);
#10950 = PRODUCT_DEFINITION_SHAPE('','',#10951);
#10951 = PRODUCT_DEFINITION('design','',#10952,#10955);
#10952 = PRODUCT_DEFINITION_FORMATION('','',#10953);
#10953 = PRODUCT('WIRE_WINCH_3','WIRE_WINCH_3','',(#10954));
#10954 = PRODUCT_CONTEXT('',#2,'mechanical');
#10955 = PRODUCT_DEFINITION_CONTEXT('part definition',#2,'design');
#10956 = ADVANCED_BREP_SHAPE_REPRESENTATION('',(#11,#10957),#11010);
#10957 = MANIFOLD_SOLID_BREP('',#10958);
#10958 = CLOSED_SHELL('',(#10959,#10992,#11001));
#10959 = ADVANCED_FACE('',(#10960),#10987,.T.);
#10960 = FACE_BOUND('',#10961,.F.);
#10961 = EDGE_LOOP('',(#10962,#10972,#10979,#10980));
#10962 = ORIENTED_EDGE('',*,*,#10963,.T.);
#10963 = EDGE_CURVE('',#10964,#10966,#10968,.T.);
#10964 = VERTEX_POINT('',#10965);
#10965 = CARTESIAN_POINT('',(1.,7.105427357601E-15,0.));
#10966 = VERTEX_POINT('',#10967);
#10967 = CARTESIAN_POINT('',(1.,0.,21.633307652784));
#10968 = LINE('',#10969,#10970);
#10969 = CARTESIAN_POINT('',(1.,-2.4E-16,0.));
#10970 = VECTOR('',#10971,1.);
#10971 = DIRECTION('',(0.,0.,1.));
#10972 = ORIENTED_EDGE('',*,*,#10973,.T.);
#10973 = EDGE_CURVE('',#10966,#10966,#10974,.T.);
#10974 = CIRCLE('',#10975,1.);
#10975 = AXIS2_PLACEMENT_3D('',#10976,#10977,#10978);
#10976 = CARTESIAN_POINT('',(0.,0.,21.633307652784));
#10977 = DIRECTION('',(0.,0.,1.));
#10978 = DIRECTION('',(1.,0.,0.));
#10979 = ORIENTED_EDGE('',*,*,#10963,.F.);
#10980 = ORIENTED_EDGE('',*,*,#10981,.F.);
#10981 = EDGE_CURVE('',#10964,#10964,#10982,.T.);
#10982 = CIRCLE('',#10983,1.);
#10983 = AXIS2_PLACEMENT_3D('',#10984,#10985,#10986);
#10984 = CARTESIAN_POINT('',(0.,0.,0.));
#10985 = DIRECTION('',(0.,0.,1.));
#10986 = DIRECTION('',(1.,0.,-0.));
#10987 = CYLINDRICAL_SURFACE('',#10988,1.);
#10988 = AXIS2_PLACEMENT_3D('',#10989,#10990,#10991);
#10989 = CARTESIAN_POINT('',(0.,0.,0.));
#10990 = DIRECTION('',(-0.,-0.,-1.));
#10991 = DIRECTION('',(1.,0.,-0.));
#10992 = ADVANCED_FACE('',(#10993),#10996,.F.);
#10993 = FACE_BOUND('',#10994,.T.);
#10994 = EDGE_LOOP('',(#10995));
#10995 = ORIENTED_EDGE('',*,*,#10981,.F.);
#10996 = PLANE('',#10997);
#10997 = AXIS2_PLACEMENT_3D('',#10998,#10999,#11000);
#10998 = CARTESIAN_POINT('',(0.,0.,0.));
#10999 = DIRECTION('',(0.,0.,1.));
#11000 = DIRECTION('',(1.,0.,-0.));
#11001 = ADVANCED_FACE('',(#11002),#11005,.T.);
#11002 = FACE_BOUND('',#11003,.F.);
#11003 = EDGE_LOOP('',(#11004));
#11004 = ORIENTED_EDGE('',*,*,#10973,.F.);
#11005 = PLANE('',#11006);
#11006 = AXIS2_PLACEMENT_3D('',#11007,#11008,#11009);
#11007 = CARTESIAN_POINT('',(0.,0.,21.633307652784));
#11008 = DIRECTION('',(0.,0.,1.));
#11009 = DIRECTION('',(1.,0.,0.));
#11010 = ( GEOMETRIC_REPRESENTATION_CONTEXT(3) 
GLOBAL_UNCERTAINTY_ASSIGNED_CONTEXT((#11014)) 
GLOBAL_UNIT_ASSIGNED_CONTEXT((#11011,#11012,#11013)) 
REPRESENTATION_CONTEXT('Context #1',
  '3D Context with UNIT and UNCERTAINTY') );
#11011 = ( LENGTH_UNIT() NAMED_UNIT(*) SI_UNIT(.MILLI.,.METRE.) );
#11012 = ( NAMED_UNIT(*) PLANE_ANGLE_UNIT() SI_UNIT($,.RADIAN.) );
#11013 = ( NAMED_UNIT(*) SI_UNIT($,.STERADIAN.) SOLID_ANGLE_UNIT() );
#11014 = UNCERTAINTY_MEASURE_WITH_UNIT(LENGTH_MEASURE(1.E-07),#11011,
  'distance_accuracy_value','confusion accuracy');
#11015 = CONTEXT_DEPENDENT_SHAPE_REPRESENTATION(#11016,#11018);
#11016 = ( REPRESENTATION_RELATIONSHIP('','',#10956,#10) 
REPRESENTATION_RELATIONSHIP_WITH_TRANSFORMATION(#11017) 
SHAPE_REPRESENTATION_RELATIONSHIP() );
#11017 = ITEM_DEFINED_TRANSFORMATION('','',#11,#223);
#11018 = PRODUCT_DEFINITION_SHAPE('Placement','Placement of an item',
  #11019);
#11019 = NEXT_ASSEMBLY_USAGE_OCCURRENCE('517','WIRE_WINCH_3','',#5,
  #10951,$);
#11020 = PRODUCT_RELATED_PRODUCT_CATEGORY('part',$,(#10953));
#11021 = SHAPE_DEFINITION_REPRESENTATION(#11022,#11028);
#11022 = PRODUCT_DEFINITION_SHAPE('','',#11023);
#11023 = PRODUCT_DEFINITION('design','',#11024,#11027);
#11024 = PRODUCT_DEFINITION_FORMATION('','',#11025);
#11025 = PRODUCT('WIRE_TILT_SV_0','WIRE_TILT_SV_0','',(#11026));
#11026 = PRODUCT_CONTEXT('',#2,'mechanical');
#11027 = PRODUCT_DEFINITION_CONTEXT('part definition',#2,'design');
#11028 = ADVANCED_BREP_SHAPE_REPRESENTATION('',(#11,#11029),#11178);
#11029 = MANIFOLD_SOLID_BREP('',#11030);
#11030 = CLOSED_SHELL('',(#11031,#11091,#11100,#11116,#11158,#11169));
#11031 = ADVANCED_FACE('',(#11032),#11086,.T.);
#11032 = FACE_BOUND('',#11033,.F.);
#11033 = EDGE_LOOP('',(#11034,#11043,#11051,#11060,#11069,#11078,#11085)
  );
#11034 = ORIENTED_EDGE('',*,*,#11035,.F.);
#11035 = EDGE_CURVE('',#11036,#11036,#11038,.T.);
#11036 = VERTEX_POINT('',#11037);
#11037 = CARTESIAN_POINT('',(-105.0846633751,176.99615166476,
    190.40267114821));
#11038 = CIRCLE('',#11039,1.);
#11039 = AXIS2_PLACEMENT_3D('',#11040,#11041,#11042);
#11040 = CARTESIAN_POINT('',(-106.,177.,190.));
#11041 = DIRECTION('',(-0.402671148211,-1.830323400958E-02,
    0.915161700479));
#11042 = DIRECTION('',(0.915336624808,-3.848335236008E-03,0.402671148211
    ));
#11043 = ORIENTED_EDGE('',*,*,#11044,.T.);
#11044 = EDGE_CURVE('',#11036,#11045,#11047,.T.);
#11045 = VERTEX_POINT('',#11046);
#11046 = CARTESIAN_POINT('',(-127.0846633751,175.99615166476,
    240.40267114821));
#11047 = LINE('',#11048,#11049);
#11048 = CARTESIAN_POINT('',(-105.0846633751,176.99615166476,
    190.40267114821));
#11049 = VECTOR('',#11050,1.);
#11050 = DIRECTION('',(-0.402671148211,-1.830323400958E-02,
    0.915161700479));
#11051 = ORIENTED_EDGE('',*,*,#11052,.T.);
#11052 = EDGE_CURVE('',#11045,#11053,#11055,.T.);
#11053 = VERTEX_POINT('',#11054);
#11054 = CARTESIAN_POINT('',(-128.292313638,176.95001932381,
    239.89038238571));
#11055 = CIRCLE('',#11056,1.);
#11056 = AXIS2_PLACEMENT_3D('',#11057,#11058,#11059);
#11057 = CARTESIAN_POINT('',(-128.,176.,240.));
#11058 = DIRECTION('',(-0.402671148211,-1.830323400958E-02,
    0.915161700479));
#11059 = DIRECTION('',(0.915336624808,-3.848335236008E-03,0.402671148211
    ));
#11060 = ORIENTED_EDGE('',*,*,#11061,.F.);
#11061 = EDGE_CURVE('',#11062,#11053,#11064,.T.);
#11062 = VERTEX_POINT('',#11063);
#11063 = CARTESIAN_POINT('',(-128.8258021262,175.69023739494,
    239.51752975953));
#11064 = ELLIPSE('',#11065,1.00532559707,1.);
#11065 = AXIS2_PLACEMENT_3D('',#11066,#11067,#11068);
#11066 = CARTESIAN_POINT('',(-128.,176.,240.));
#11067 = DIRECTION('',(0.489703525703,5.024260046583E-02,-0.870440197838
    ));
#11068 = DIRECTION('',(-0.821427534172,-0.308121673171,-0.479914409688)
  );
#11069 = ORIENTED_EDGE('',*,*,#11070,.F.);
#11070 = EDGE_CURVE('',#11071,#11062,#11073,.T.);
#11071 = VERTEX_POINT('',#11072);
#11072 = CARTESIAN_POINT('',(-127.7076863619,175.04998067618,
    240.10961761428));
#11073 = ELLIPSE('',#11074,1.00532559707,1.);
#11074 = AXIS2_PLACEMENT_3D('',#11075,#11076,#11077);
#11075 = CARTESIAN_POINT('',(-128.,176.,240.));
#11076 = DIRECTION('',(0.489703525703,5.024260046583E-02,-0.870440197838
    ));
#11077 = DIRECTION('',(-0.821427534172,-0.308121673171,-0.479914409688)
  );
#11078 = ORIENTED_EDGE('',*,*,#11079,.T.);
#11079 = EDGE_CURVE('',#11071,#11045,#11080,.T.);
#11080 = CIRCLE('',#11081,1.);
#11081 = AXIS2_PLACEMENT_3D('',#11082,#11083,#11084);
#11082 = CARTESIAN_POINT('',(-128.,176.,240.));
#11083 = DIRECTION('',(-0.402671148211,-1.830323400958E-02,
    0.915161700479));
#11084 = DIRECTION('',(0.915336624808,-3.848335236008E-03,0.402671148211
    ));
#11085 = ORIENTED_EDGE('',*,*,#11044,.F.);
#11086 = CYLINDRICAL_SURFACE('',#11087,1.);
#11087 = AXIS2_PLACEMENT_3D('',#11088,#11089,#11090);
#11088 = CARTESIAN_POINT('',(-106.,177.,190.));
#11089 = DIRECTION('',(0.402671148211,1.830323400958E-02,-0.915161700479
    ));
#11090 = DIRECTION('',(0.915336624808,-3.848335236008E-03,0.402671148211
    ));
#11091 = ADVANCED_FACE('',(#11092),#11095,.F.);
#11092 = FACE_BOUND('',#11093,.T.);
#11093 = EDGE_LOOP('',(#11094));
#11094 = ORIENTED_EDGE('',*,*,#11035,.F.);
#11095 = PLANE('',#11096);
#11096 = AXIS2_PLACEMENT_3D('',#11097,#11098,#11099);
#11097 = CARTESIAN_POINT('',(-106.,177.,190.));
#11098 = DIRECTION('',(-0.402671148211,-1.830323400958E-02,
    0.915161700479));
#11099 = DIRECTION('',(0.915336624808,-3.848335236008E-03,0.402671148211
    ));
#11100 = ADVANCED_FACE('',(#11101),#11111,.T.);
#11101 = FACE_BOUND('',#11102,.T.);
#11102 = EDGE_LOOP('',(#11103,#11104,#11105));
#11103 = ORIENTED_EDGE('',*,*,#11079,.T.);
#11104 = ORIENTED_EDGE('',*,*,#11052,.T.);
#11105 = ORIENTED_EDGE('',*,*,#11106,.T.);
#11106 = EDGE_CURVE('',#11053,#11071,#11107,.T.);
#11107 = LINE('',#11108,#11109);
#11108 = CARTESIAN_POINT('',(-128.,176.,240.));
#11109 = VECTOR('',#11110,1.);
#11110 = DIRECTION('',(0.292313638097,-0.950019323814,0.109617614286));
#11111 = PLANE('',#11112);
#11112 = AXIS2_PLACEMENT_3D('',#11113,#11114,#11115);
#11113 = CARTESIAN_POINT('',(-128.,176.,240.));
#11114 = DIRECTION('',(-0.402671148211,-1.830323400958E-02,
    0.915161700479));
#11115 = DIRECTION('',(0.915336624808,-3.848335236008E-03,0.402671148211
    ));
#11116 = ADVANCED_FACE('',(#11117),#11153,.T.);
#11117 = FACE_BOUND('',#11118,.F.);
#11118 = EDGE_LOOP('',(#11119,#11128,#11136,#11143,#11144,#11151,#11152)
  );
#11119 = ORIENTED_EDGE('',*,*,#11120,.F.);
#11120 = EDGE_CURVE('',#11121,#11053,#11123,.T.);
#11121 = VERTEX_POINT('',#11122);
#11122 = CARTESIAN_POINT('',(-127.1798333506,175.97430952133,
    240.57154760664));
#11123 = CIRCLE('',#11124,1.);
#11124 = AXIS2_PLACEMENT_3D('',#11125,#11126,#11127);
#11125 = CARTESIAN_POINT('',(-128.,176.,240.));
#11126 = DIRECTION('',(-0.571547606649,-8.164965809277E-02,
    0.816496580928));
#11127 = DIRECTION('',(0.820166649309,-2.569047867012E-02,0.571547606649
    ));
#11128 = ORIENTED_EDGE('',*,*,#11129,.T.);
#11129 = EDGE_CURVE('',#11121,#11130,#11132,.T.);
#11130 = VERTEX_POINT('',#11131);
#11131 = CARTESIAN_POINT('',(-169.1798333506,169.97430952133,
    300.57154760664));
#11132 = LINE('',#11133,#11134);
#11133 = CARTESIAN_POINT('',(-127.1798333506,175.97430952133,
    240.57154760664));
#11134 = VECTOR('',#11135,1.);
#11135 = DIRECTION('',(-0.571547606649,-8.164965809277E-02,
    0.816496580928));
#11136 = ORIENTED_EDGE('',*,*,#11137,.T.);
#11137 = EDGE_CURVE('',#11130,#11130,#11138,.T.);
#11138 = CIRCLE('',#11139,1.);
#11139 = AXIS2_PLACEMENT_3D('',#11140,#11141,#11142);
#11140 = CARTESIAN_POINT('',(-170.,170.,300.));
#11141 = DIRECTION('',(-0.571547606649,-8.164965809277E-02,
    0.816496580928));
#11142 = DIRECTION('',(0.820166649309,-2.569047867012E-02,0.571547606649
    ));
#11143 = ORIENTED_EDGE('',*,*,#11129,.F.);
#11144 = ORIENTED_EDGE('',*,*,#11145,.F.);
#11145 = EDGE_CURVE('',#11071,#11121,#11146,.T.);
#11146 = CIRCLE('',#11147,1.);
#11147 = AXIS2_PLACEMENT_3D('',#11148,#11149,#11150);
#11148 = CARTESIAN_POINT('',(-128.,176.,240.));
#11149 = DIRECTION('',(-0.571547606649,-8.164965809277E-02,
    0.816496580928));
#11150 = DIRECTION('',(0.820166649309,-2.569047867012E-02,0.571547606649
    ));
#11151 = ORIENTED_EDGE('',*,*,#11070,.T.);
#11152 = ORIENTED_EDGE('',*,*,#11061,.T.);
#11153 = CYLINDRICAL_SURFACE('',#11154,1.);
#11154 = AXIS2_PLACEMENT_3D('',#11155,#11156,#11157);
#11155 = CARTESIAN_POINT('',(-128.,176.,240.));
#11156 = DIRECTION('',(0.571547606649,8.164965809277E-02,-0.816496580928
    ));
#11157 = DIRECTION('',(0.820166649309,-2.569047867012E-02,0.571547606649
    ));
#11158 = ADVANCED_FACE('',(#11159),#11164,.F.);
#11159 = FACE_BOUND('',#11160,.F.);
#11160 = EDGE_LOOP('',(#11161,#11162,#11163));
#11161 = ORIENTED_EDGE('',*,*,#11145,.T.);
#11162 = ORIENTED_EDGE('',*,*,#11120,.T.);
#11163 = ORIENTED_EDGE('',*,*,#11106,.T.);
#11164 = PLANE('',#11165);
#11165 = AXIS2_PLACEMENT_3D('',#11166,#11167,#11168);
#11166 = CARTESIAN_POINT('',(-128.,176.,240.));
#11167 = DIRECTION('',(-0.571547606649,-8.164965809277E-02,
    0.816496580928));
#11168 = DIRECTION('',(0.820166649309,-2.569047867012E-02,0.571547606649
    ));
#11169 = ADVANCED_FACE('',(#11170),#11173,.T.);
#11170 = FACE_BOUND('',#11171,.F.);
#11171 = EDGE_LOOP('',(#11172));
#11172 = ORIENTED_EDGE('',*,*,#11137,.F.);
#11173 = PLANE('',#11174);
#11174 = AXIS2_PLACEMENT_3D('',#11175,#11176,#11177);
#11175 = CARTESIAN_POINT('',(-170.,170.,300.));
#11176 = DIRECTION('',(-0.571547606649,-8.164965809277E-02,
    0.816496580928));
#11177 = DIRECTION('',(0.820166649309,-2.569047867012E-02,0.571547606649
    ));
#11178 = ( GEOMETRIC_REPRESENTATION_CONTEXT(3) 
GLOBAL_UNCERTAINTY_ASSIGNED_CONTEXT((#11182)) 
GLOBAL_UNIT_ASSIGNED_CONTEXT((#11179,#11180,#11181)) 
REPRESENTATION_CONTEXT('Context #1',
  '3D Context with UNIT and UNCERTAINTY') );
#11179 = ( LENGTH_UNIT() NAMED_UNIT(*) SI_UNIT(.MILLI.,.METRE.) );
#11180 = ( NAMED_UNIT(*) PLANE_ANGLE_UNIT() SI_UNIT($,.RADIAN.) );
#11181 = ( NAMED_UNIT(*) SI_UNIT($,.STERADIAN.) SOLID_ANGLE_UNIT() );
#11182 = UNCERTAINTY_MEASURE_WITH_UNIT(LENGTH_MEASURE(5.E-05),#11179,
  'distance_accuracy_value','confusion accuracy');
#11183 = CONTEXT_DEPENDENT_SHAPE_REPRESENTATION(#11184,#11186);
#11184 = ( REPRESENTATION_RELATIONSHIP('','',#11028,#10) 
REPRESENTATION_RELATIONSHIP_WITH_TRANSFORMATION(#11185) 
SHAPE_REPRESENTATION_RELATIONSHIP() );
#11185 = ITEM_DEFINED_TRANSFORMATION('','',#11,#227);
#11186 = PRODUCT_DEFINITION_SHAPE('Placement','Placement of an item',
  #11187);
#11187 = NEXT_ASSEMBLY_USAGE_OCCURRENCE('518','WIRE_TILT_SV_0','',#5,
  #11023,$);
#11188 = PRODUCT_RELATED_PRODUCT_CATEGORY('part',$,(#11025));
#11189 = SHAPE_DEFINITION_REPRESENTATION(#11190,#11196);
#11190 = PRODUCT_DEFINITION_SHAPE('','',#11191);
#11191 = PRODUCT_DEFINITION('design','',#11192,#11195);
#11192 = PRODUCT_DEFINITION_FORMATION('','',#11193);
#11193 = PRODUCT('WIRE_TILT_SV_1','WIRE_TILT_SV_1','',(#11194));
#11194 = PRODUCT_CONTEXT('',#2,'mechanical');
#11195 = PRODUCT_DEFINITION_CONTEXT('part definition',#2,'design');
#11196 = ADVANCED_BREP_SHAPE_REPRESENTATION('',(#11,#11197),#11250);
#11197 = MANIFOLD_SOLID_BREP('',#11198);
#11198 = CLOSED_SHELL('',(#11199,#11232,#11241));
#11199 = ADVANCED_FACE('',(#11200),#11227,.T.);
#11200 = FACE_BOUND('',#11201,.F.);
#11201 = EDGE_LOOP('',(#11202,#11212,#11219,#11220));
#11202 = ORIENTED_EDGE('',*,*,#11203,.T.);
#11203 = EDGE_CURVE('',#11204,#11206,#11208,.T.);
#11204 = VERTEX_POINT('',#11205);
#11205 = CARTESIAN_POINT('',(1.,0.,0.));
#11206 = VERTEX_POINT('',#11207);
#11207 = CARTESIAN_POINT('',(1.,0.,31.68595903551));
#11208 = LINE('',#11209,#11210);
#11209 = CARTESIAN_POINT('',(1.,-2.4E-16,0.));
#11210 = VECTOR('',#11211,1.);
#11211 = DIRECTION('',(0.,0.,1.));
#11212 = ORIENTED_EDGE('',*,*,#11213,.T.);
#11213 = EDGE_CURVE('',#11206,#11206,#11214,.T.);
#11214 = CIRCLE('',#11215,1.);
#11215 = AXIS2_PLACEMENT_3D('',#11216,#11217,#11218);
#11216 = CARTESIAN_POINT('',(0.,0.,31.68595903551));
#11217 = DIRECTION('',(0.,0.,1.));
#11218 = DIRECTION('',(1.,0.,0.));
#11219 = ORIENTED_EDGE('',*,*,#11203,.F.);
#11220 = ORIENTED_EDGE('',*,*,#11221,.F.);
#11221 = EDGE_CURVE('',#11204,#11204,#11222,.T.);
#11222 = CIRCLE('',#11223,1.);
#11223 = AXIS2_PLACEMENT_3D('',#11224,#11225,#11226);
#11224 = CARTESIAN_POINT('',(0.,0.,0.));
#11225 = DIRECTION('',(0.,0.,1.));
#11226 = DIRECTION('',(1.,0.,-0.));
#11227 = CYLINDRICAL_SURFACE('',#11228,1.);
#11228 = AXIS2_PLACEMENT_3D('',#11229,#11230,#11231);
#11229 = CARTESIAN_POINT('',(0.,0.,0.));
#11230 = DIRECTION('',(-0.,-0.,-1.));
#11231 = DIRECTION('',(1.,0.,-0.));
#11232 = ADVANCED_FACE('',(#11233),#11236,.F.);
#11233 = FACE_BOUND('',#11234,.T.);
#11234 = EDGE_LOOP('',(#11235));
#11235 = ORIENTED_EDGE('',*,*,#11221,.F.);
#11236 = PLANE('',#11237);
#11237 = AXIS2_PLACEMENT_3D('',#11238,#11239,#11240);
#11238 = CARTESIAN_POINT('',(0.,0.,0.));
#11239 = DIRECTION('',(0.,0.,1.));
#11240 = DIRECTION('',(1.,0.,-0.));
#11241 = ADVANCED_FACE('',(#11242),#11245,.T.);
#11242 = FACE_BOUND('',#11243,.F.);
#11243 = EDGE_LOOP('',(#11244));
#11244 = ORIENTED_EDGE('',*,*,#11213,.F.);
#11245 = PLANE('',#11246);
#11246 = AXIS2_PLACEMENT_3D('',#11247,#11248,#11249);
#11247 = CARTESIAN_POINT('',(0.,0.,31.68595903551));
#11248 = DIRECTION('',(0.,0.,1.));
#11249 = DIRECTION('',(1.,0.,0.));
#11250 = ( GEOMETRIC_REPRESENTATION_CONTEXT(3) 
GLOBAL_UNCERTAINTY_ASSIGNED_CONTEXT((#11254)) 
GLOBAL_UNIT_ASSIGNED_CONTEXT((#11251,#11252,#11253)) 
REPRESENTATION_CONTEXT('Context #1',
  '3D Context with UNIT and UNCERTAINTY') );
#11251 = ( LENGTH_UNIT() NAMED_UNIT(*) SI_UNIT(.MILLI.,.METRE.) );
#11252 = ( NAMED_UNIT(*) PLANE_ANGLE_UNIT() SI_UNIT($,.RADIAN.) );
#11253 = ( NAMED_UNIT(*) SI_UNIT($,.STERADIAN.) SOLID_ANGLE_UNIT() );
#11254 = UNCERTAINTY_MEASURE_WITH_UNIT(LENGTH_MEASURE(1.E-07),#11251,
  'distance_accuracy_value','confusion accuracy');
#11255 = CONTEXT_DEPENDENT_SHAPE_REPRESENTATION(#11256,#11258);
#11256 = ( REPRESENTATION_RELATIONSHIP('','',#11196,#10) 
REPRESENTATION_RELATIONSHIP_WITH_TRANSFORMATION(#11257) 
SHAPE_REPRESENTATION_RELATIONSHIP() );
#11257 = ITEM_DEFINED_TRANSFORMATION('','',#11,#231);
#11258 = PRODUCT_DEFINITION_SHAPE('Placement','Placement of an item',
  #11259);
#11259 = NEXT_ASSEMBLY_USAGE_OCCURRENCE('519','WIRE_TILT_SV_1','',#5,
  #11191,$);
#11260 = PRODUCT_RELATED_PRODUCT_CATEGORY('part',$,(#11193));
#11261 = SHAPE_DEFINITION_REPRESENTATION(#11262,#11268);
#11262 = PRODUCT_DEFINITION_SHAPE('','',#11263);
#11263 = PRODUCT_DEFINITION('design','',#11264,#11267);
#11264 = PRODUCT_DEFINITION_FORMATION('','',#11265);
#11265 = PRODUCT('WIRE_TILT_SV_2','WIRE_TILT_SV_2','',(#11266));
#11266 = PRODUCT_CONTEXT('',#2,'mechanical');
#11267 = PRODUCT_DEFINITION_CONTEXT('part definition',#2,'design');
#11268 = ADVANCED_BREP_SHAPE_REPRESENTATION('',(#11,#11269),#11322);
#11269 = MANIFOLD_SOLID_BREP('',#11270);
#11270 = CLOSED_SHELL('',(#11271,#11304,#11313));
#11271 = ADVANCED_FACE('',(#11272),#11299,.T.);
#11272 = FACE_BOUND('',#11273,.F.);
#11273 = EDGE_LOOP('',(#11274,#11284,#11291,#11292));
#11274 = ORIENTED_EDGE('',*,*,#11275,.T.);
#11275 = EDGE_CURVE('',#11276,#11278,#11280,.T.);
#11276 = VERTEX_POINT('',#11277);
#11277 = CARTESIAN_POINT('',(1.,2.84217094304E-14,-5.684341886081E-14));
#11278 = VERTEX_POINT('',#11279);
#11279 = CARTESIAN_POINT('',(1.,0.,251.44383070578));
#11280 = LINE('',#11281,#11282);
#11281 = CARTESIAN_POINT('',(1.,-2.4E-16,0.));
#11282 = VECTOR('',#11283,1.);
#11283 = DIRECTION('',(0.,0.,1.));
#11284 = ORIENTED_EDGE('',*,*,#11285,.T.);
#11285 = EDGE_CURVE('',#11278,#11278,#11286,.T.);
#11286 = CIRCLE('',#11287,1.);
#11287 = AXIS2_PLACEMENT_3D('',#11288,#11289,#11290);
#11288 = CARTESIAN_POINT('',(0.,0.,251.44383070578));
#11289 = DIRECTION('',(0.,0.,1.));
#11290 = DIRECTION('',(1.,0.,0.));
#11291 = ORIENTED_EDGE('',*,*,#11275,.F.);
#11292 = ORIENTED_EDGE('',*,*,#11293,.F.);
#11293 = EDGE_CURVE('',#11276,#11276,#11294,.T.);
#11294 = CIRCLE('',#11295,1.);
#11295 = AXIS2_PLACEMENT_3D('',#11296,#11297,#11298);
#11296 = CARTESIAN_POINT('',(0.,0.,0.));
#11297 = DIRECTION('',(0.,0.,1.));
#11298 = DIRECTION('',(1.,0.,-0.));
#11299 = CYLINDRICAL_SURFACE('',#11300,1.);
#11300 = AXIS2_PLACEMENT_3D('',#11301,#11302,#11303);
#11301 = CARTESIAN_POINT('',(0.,0.,0.));
#11302 = DIRECTION('',(-0.,-0.,-1.));
#11303 = DIRECTION('',(1.,0.,-0.));
#11304 = ADVANCED_FACE('',(#11305),#11308,.F.);
#11305 = FACE_BOUND('',#11306,.T.);
#11306 = EDGE_LOOP('',(#11307));
#11307 = ORIENTED_EDGE('',*,*,#11293,.F.);
#11308 = PLANE('',#11309);
#11309 = AXIS2_PLACEMENT_3D('',#11310,#11311,#11312);
#11310 = CARTESIAN_POINT('',(0.,0.,0.));
#11311 = DIRECTION('',(0.,0.,1.));
#11312 = DIRECTION('',(1.,0.,-0.));
#11313 = ADVANCED_FACE('',(#11314),#11317,.T.);
#11314 = FACE_BOUND('',#11315,.F.);
#11315 = EDGE_LOOP('',(#11316));
#11316 = ORIENTED_EDGE('',*,*,#11285,.F.);
#11317 = PLANE('',#11318);
#11318 = AXIS2_PLACEMENT_3D('',#11319,#11320,#11321);
#11319 = CARTESIAN_POINT('',(0.,0.,251.44383070578));
#11320 = DIRECTION('',(0.,0.,1.));
#11321 = DIRECTION('',(1.,0.,0.));
#11322 = ( GEOMETRIC_REPRESENTATION_CONTEXT(3) 
GLOBAL_UNCERTAINTY_ASSIGNED_CONTEXT((#11326)) 
GLOBAL_UNIT_ASSIGNED_CONTEXT((#11323,#11324,#11325)) 
REPRESENTATION_CONTEXT('Context #1',
  '3D Context with UNIT and UNCERTAINTY') );
#11323 = ( LENGTH_UNIT() NAMED_UNIT(*) SI_UNIT(.MILLI.,.METRE.) );
#11324 = ( NAMED_UNIT(*) PLANE_ANGLE_UNIT() SI_UNIT($,.RADIAN.) );
#11325 = ( NAMED_UNIT(*) SI_UNIT($,.STERADIAN.) SOLID_ANGLE_UNIT() );
#11326 = UNCERTAINTY_MEASURE_WITH_UNIT(LENGTH_MEASURE(1.E-07),#11323,
  'distance_accuracy_value','confusion accuracy');
#11327 = CONTEXT_DEPENDENT_SHAPE_REPRESENTATION(#11328,#11330);
#11328 = ( REPRESENTATION_RELATIONSHIP('','',#11268,#10) 
REPRESENTATION_RELATIONSHIP_WITH_TRANSFORMATION(#11329) 
SHAPE_REPRESENTATION_RELATIONSHIP() );
#11329 = ITEM_DEFINED_TRANSFORMATION('','',#11,#235);
#11330 = PRODUCT_DEFINITION_SHAPE('Placement','Placement of an item',
  #11331);
#11331 = NEXT_ASSEMBLY_USAGE_OCCURRENCE('520','WIRE_TILT_SV_2','',#5,
  #11263,$);
#11332 = PRODUCT_RELATED_PRODUCT_CATEGORY('part',$,(#11265));
#11333 = SHAPE_DEFINITION_REPRESENTATION(#11334,#11340);
#11334 = PRODUCT_DEFINITION_SHAPE('','',#11335);
#11335 = PRODUCT_DEFINITION('design','',#11336,#11339);
#11336 = PRODUCT_DEFINITION_FORMATION('','',#11337);
#11337 = PRODUCT('WIRE_TILT_SV_3','WIRE_TILT_SV_3','',(#11338));
#11338 = PRODUCT_CONTEXT('',#2,'mechanical');
#11339 = PRODUCT_DEFINITION_CONTEXT('part definition',#2,'design');
#11340 = ADVANCED_BREP_SHAPE_REPRESENTATION('',(#11,#11341),#11394);
#11341 = MANIFOLD_SOLID_BREP('',#11342);
#11342 = CLOSED_SHELL('',(#11343,#11376,#11385));
#11343 = ADVANCED_FACE('',(#11344),#11371,.T.);
#11344 = FACE_BOUND('',#11345,.F.);
#11345 = EDGE_LOOP('',(#11346,#11356,#11363,#11364));
#11346 = ORIENTED_EDGE('',*,*,#11347,.T.);
#11347 = EDGE_CURVE('',#11348,#11350,#11352,.T.);
#11348 = VERTEX_POINT('',#11349);
#11349 = CARTESIAN_POINT('',(1.,0.,0.));
#11350 = VERTEX_POINT('',#11351);
#11351 = CARTESIAN_POINT('',(1.,-3.552713678801E-15,64.031242374329));
#11352 = LINE('',#11353,#11354);
#11353 = CARTESIAN_POINT('',(1.,-2.4E-16,0.));
#11354 = VECTOR('',#11355,1.);
#11355 = DIRECTION('',(0.,0.,1.));
#11356 = ORIENTED_EDGE('',*,*,#11357,.T.);
#11357 = EDGE_CURVE('',#11350,#11350,#11358,.T.);
#11358 = CIRCLE('',#11359,1.);
#11359 = AXIS2_PLACEMENT_3D('',#11360,#11361,#11362);
#11360 = CARTESIAN_POINT('',(0.,0.,64.031242374328));
#11361 = DIRECTION('',(0.,0.,1.));
#11362 = DIRECTION('',(1.,0.,0.));
#11363 = ORIENTED_EDGE('',*,*,#11347,.F.);
#11364 = ORIENTED_EDGE('',*,*,#11365,.F.);
#11365 = EDGE_CURVE('',#11348,#11348,#11366,.T.);
#11366 = CIRCLE('',#11367,1.);
#11367 = AXIS2_PLACEMENT_3D('',#11368,#11369,#11370);
#11368 = CARTESIAN_POINT('',(0.,0.,0.));
#11369 = DIRECTION('',(0.,0.,1.));
#11370 = DIRECTION('',(1.,0.,-0.));
#11371 = CYLINDRICAL_SURFACE('',#11372,1.);
#11372 = AXIS2_PLACEMENT_3D('',#11373,#11374,#11375);
#11373 = CARTESIAN_POINT('',(0.,0.,0.));
#11374 = DIRECTION('',(-0.,-0.,-1.));
#11375 = DIRECTION('',(1.,0.,-0.));
#11376 = ADVANCED_FACE('',(#11377),#11380,.F.);
#11377 = FACE_BOUND('',#11378,.T.);
#11378 = EDGE_LOOP('',(#11379));
#11379 = ORIENTED_EDGE('',*,*,#11365,.F.);
#11380 = PLANE('',#11381);
#11381 = AXIS2_PLACEMENT_3D('',#11382,#11383,#11384);
#11382 = CARTESIAN_POINT('',(0.,0.,0.));
#11383 = DIRECTION('',(0.,0.,1.));
#11384 = DIRECTION('',(1.,0.,-0.));
#11385 = ADVANCED_FACE('',(#11386),#11389,.T.);
#11386 = FACE_BOUND('',#11387,.F.);
#11387 = EDGE_LOOP('',(#11388));
#11388 = ORIENTED_EDGE('',*,*,#11357,.F.);
#11389 = PLANE('',#11390);
#11390 = AXIS2_PLACEMENT_3D('',#11391,#11392,#11393);
#11391 = CARTESIAN_POINT('',(0.,0.,64.031242374328));
#11392 = DIRECTION('',(0.,0.,1.));
#11393 = DIRECTION('',(1.,0.,0.));
#11394 = ( GEOMETRIC_REPRESENTATION_CONTEXT(3) 
GLOBAL_UNCERTAINTY_ASSIGNED_CONTEXT((#11398)) 
GLOBAL_UNIT_ASSIGNED_CONTEXT((#11395,#11396,#11397)) 
REPRESENTATION_CONTEXT('Context #1',
  '3D Context with UNIT and UNCERTAINTY') );
#11395 = ( LENGTH_UNIT() NAMED_UNIT(*) SI_UNIT(.MILLI.,.METRE.) );
#11396 = ( NAMED_UNIT(*) PLANE_ANGLE_UNIT() SI_UNIT($,.RADIAN.) );
#11397 = ( NAMED_UNIT(*) SI_UNIT($,.STERADIAN.) SOLID_ANGLE_UNIT() );
#11398 = UNCERTAINTY_MEASURE_WITH_UNIT(LENGTH_MEASURE(1.E-07),#11395,
  'distance_accuracy_value','confusion accuracy');
#11399 = CONTEXT_DEPENDENT_SHAPE_REPRESENTATION(#11400,#11402);
#11400 = ( REPRESENTATION_RELATIONSHIP('','',#11340,#10) 
REPRESENTATION_RELATIONSHIP_WITH_TRANSFORMATION(#11401) 
SHAPE_REPRESENTATION_RELATIONSHIP() );
#11401 = ITEM_DEFINED_TRANSFORMATION('','',#11,#239);
#11402 = PRODUCT_DEFINITION_SHAPE('Placement','Placement of an item',
  #11403);
#11403 = NEXT_ASSEMBLY_USAGE_OCCURRENCE('521','WIRE_TILT_SV_3','',#5,
  #11335,$);
#11404 = PRODUCT_RELATED_PRODUCT_CATEGORY('part',$,(#11337));
#11405 = SHAPE_DEFINITION_REPRESENTATION(#11406,#11412);
#11406 = PRODUCT_DEFINITION_SHAPE('','',#11407);
#11407 = PRODUCT_DEFINITION('design','',#11408,#11411);
#11408 = PRODUCT_DEFINITION_FORMATION('','',#11409);
#11409 = PRODUCT('WIRE_TILT_SV_4','WIRE_TILT_SV_4','',(#11410));
#11410 = PRODUCT_CONTEXT('',#2,'mechanical');
#11411 = PRODUCT_DEFINITION_CONTEXT('part definition',#2,'design');
#11412 = ADVANCED_BREP_SHAPE_REPRESENTATION('',(#11,#11413),#11466);
#11413 = MANIFOLD_SOLID_BREP('',#11414);
#11414 = CLOSED_SHELL('',(#11415,#11448,#11457));
#11415 = ADVANCED_FACE('',(#11416),#11443,.T.);
#11416 = FACE_BOUND('',#11417,.F.);
#11417 = EDGE_LOOP('',(#11418,#11428,#11435,#11436));
#11418 = ORIENTED_EDGE('',*,*,#11419,.T.);
#11419 = EDGE_CURVE('',#11420,#11422,#11424,.T.);
#11420 = VERTEX_POINT('',#11421);
#11421 = CARTESIAN_POINT('',(1.,7.105427357601E-15,2.84217094304E-14));
#11422 = VERTEX_POINT('',#11423);
#11423 = CARTESIAN_POINT('',(1.,7.105427357601E-15,31.496031496047));
#11424 = LINE('',#11425,#11426);
#11425 = CARTESIAN_POINT('',(1.,-2.4E-16,0.));
#11426 = VECTOR('',#11427,1.);
#11427 = DIRECTION('',(0.,0.,1.));
#11428 = ORIENTED_EDGE('',*,*,#11429,.T.);
#11429 = EDGE_CURVE('',#11422,#11422,#11430,.T.);
#11430 = CIRCLE('',#11431,1.);
#11431 = AXIS2_PLACEMENT_3D('',#11432,#11433,#11434);
#11432 = CARTESIAN_POINT('',(0.,0.,31.496031496047));
#11433 = DIRECTION('',(0.,0.,1.));
#11434 = DIRECTION('',(1.,0.,0.));
#11435 = ORIENTED_EDGE('',*,*,#11419,.F.);
#11436 = ORIENTED_EDGE('',*,*,#11437,.F.);
#11437 = EDGE_CURVE('',#11420,#11420,#11438,.T.);
#11438 = CIRCLE('',#11439,1.);
#11439 = AXIS2_PLACEMENT_3D('',#11440,#11441,#11442);
#11440 = CARTESIAN_POINT('',(0.,0.,0.));
#11441 = DIRECTION('',(0.,0.,1.));
#11442 = DIRECTION('',(1.,0.,-0.));
#11443 = CYLINDRICAL_SURFACE('',#11444,1.);
#11444 = AXIS2_PLACEMENT_3D('',#11445,#11446,#11447);
#11445 = CARTESIAN_POINT('',(0.,0.,0.));
#11446 = DIRECTION('',(-0.,-0.,-1.));
#11447 = DIRECTION('',(1.,0.,-0.));
#11448 = ADVANCED_FACE('',(#11449),#11452,.F.);
#11449 = FACE_BOUND('',#11450,.T.);
#11450 = EDGE_LOOP('',(#11451));
#11451 = ORIENTED_EDGE('',*,*,#11437,.F.);
#11452 = PLANE('',#11453);
#11453 = AXIS2_PLACEMENT_3D('',#11454,#11455,#11456);
#11454 = CARTESIAN_POINT('',(0.,0.,0.));
#11455 = DIRECTION('',(0.,0.,1.));
#11456 = DIRECTION('',(1.,0.,-0.));
#11457 = ADVANCED_FACE('',(#11458),#11461,.T.);
#11458 = FACE_BOUND('',#11459,.F.);
#11459 = EDGE_LOOP('',(#11460));
#11460 = ORIENTED_EDGE('',*,*,#11429,.F.);
#11461 = PLANE('',#11462);
#11462 = AXIS2_PLACEMENT_3D('',#11463,#11464,#11465);
#11463 = CARTESIAN_POINT('',(0.,0.,31.496031496047));
#11464 = DIRECTION('',(0.,0.,1.));
#11465 = DIRECTION('',(1.,0.,0.));
#11466 = ( GEOMETRIC_REPRESENTATION_CONTEXT(3) 
GLOBAL_UNCERTAINTY_ASSIGNED_CONTEXT((#11470)) 
GLOBAL_UNIT_ASSIGNED_CONTEXT((#11467,#11468,#11469)) 
REPRESENTATION_CONTEXT('Context #1',
  '3D Context with UNIT and UNCERTAINTY') );
#11467 = ( LENGTH_UNIT() NAMED_UNIT(*) SI_UNIT(.MILLI.,.METRE.) );
#11468 = ( NAMED_UNIT(*) PLANE_ANGLE_UNIT() SI_UNIT($,.RADIAN.) );
#11469 = ( NAMED_UNIT(*) SI_UNIT($,.STERADIAN.) SOLID_ANGLE_UNIT() );
#11470 = UNCERTAINTY_MEASURE_WITH_UNIT(LENGTH_MEASURE(1.E-07),#11467,
  'distance_accuracy_value','confusion accuracy');
#11471 = CONTEXT_DEPENDENT_SHAPE_REPRESENTATION(#11472,#11474);
#11472 = ( REPRESENTATION_RELATIONSHIP('','',#11412,#10) 
REPRESENTATION_RELATIONSHIP_WITH_TRANSFORMATION(#11473) 
SHAPE_REPRESENTATION_RELATIONSHIP() );
#11473 = ITEM_DEFINED_TRANSFORMATION('','',#11,#243);
#11474 = PRODUCT_DEFINITION_SHAPE('Placement','Placement of an item',
  #11475);
#11475 = NEXT_ASSEMBLY_USAGE_OCCURRENCE('522','WIRE_TILT_SV_4','',#5,
  #11407,$);
#11476 = PRODUCT_RELATED_PRODUCT_CATEGORY('part',$,(#11409));
#11477 = SHAPE_DEFINITION_REPRESENTATION(#11478,#11484);
#11478 = PRODUCT_DEFINITION_SHAPE('','',#11479);
#11479 = PRODUCT_DEFINITION('design','',#11480,#11483);
#11480 = PRODUCT_DEFINITION_FORMATION('','',#11481);
#11481 = PRODUCT('WIRE_YAW_SV_0','WIRE_YAW_SV_0','',(#11482));
#11482 = PRODUCT_CONTEXT('',#2,'mechanical');
#11483 = PRODUCT_DEFINITION_CONTEXT('part definition',#2,'design');
#11484 = ADVANCED_BREP_SHAPE_REPRESENTATION('',(#11,#11485),#11634);
#11485 = MANIFOLD_SOLID_BREP('',#11486);
#11486 = CLOSED_SHELL('',(#11487,#11556,#11565,#11600,#11615,#11625));
#11487 = ADVANCED_FACE('',(#11488),#11551,.T.);
#11488 = FACE_BOUND('',#11489,.F.);
#11489 = EDGE_LOOP('',(#11490,#11499,#11507,#11516,#11525,#11534,#11543,
    #11550));
#11490 = ORIENTED_EDGE('',*,*,#11491,.F.);
#11491 = EDGE_CURVE('',#11492,#11492,#11494,.T.);
#11492 = VERTEX_POINT('',#11493);
#11493 = CARTESIAN_POINT('',(-66.55760262496,-79.30773216668,
    214.4580879387));
#11494 = CIRCLE('',#11495,1.);
#11495 = AXIS2_PLACEMENT_3D('',#11496,#11497,#11498);
#11496 = CARTESIAN_POINT('',(-66.,-80.,214.));
#11497 = DIRECTION('',(-0.458087938703,0.203594639424,-0.865277217551));
#11498 = DIRECTION('',(-0.557602624965,0.692267833318,0.458087938703));
#11499 = ORIENTED_EDGE('',*,*,#11500,.T.);
#11500 = EDGE_CURVE('',#11492,#11501,#11503,.T.);
#11501 = VERTEX_POINT('',#11502);
#11502 = CARTESIAN_POINT('',(-84.5091073511,-71.32928562173,
    180.54969012265));
#11503 = LINE('',#11504,#11505);
#11504 = CARTESIAN_POINT('',(-66.55760262496,-79.30773216668,
    214.4580879387));
#11505 = VECTOR('',#11506,1.);
#11506 = DIRECTION('',(-0.458087938703,0.203594639424,-0.865277217551));
#11507 = ORIENTED_EDGE('',*,*,#11508,.F.);
#11508 = EDGE_CURVE('',#11509,#11501,#11511,.T.);
#11509 = VERTEX_POINT('',#11510);
#11510 = CARTESIAN_POINT('',(-83.76539004328,-71.03340697831,
    180.10322838095));
#11511 = ELLIPSE('',#11512,1.008492296608,1.);
#11512 = AXIS2_PLACEMENT_3D('',#11513,#11514,#11515);
#11513 = CARTESIAN_POINT('',(-84.,-72.,180.));
#11514 = DIRECTION('',(0.565263538636,-0.222045548445,0.794463911266));
#11515 = DIRECTION('',(-0.790844675076,0.12803790393,0.59847388837));
#11516 = ORIENTED_EDGE('',*,*,#11517,.T.);
#11517 = EDGE_CURVE('',#11509,#11518,#11520,.T.);
#11518 = VERTEX_POINT('',#11519);
#11519 = CARTESIAN_POINT('',(-84.23460995672,-72.96659302168,
    179.89677161904));
#11520 = CIRCLE('',#11521,1.);
#11521 = AXIS2_PLACEMENT_3D('',#11522,#11523,#11524);
#11522 = CARTESIAN_POINT('',(-84.,-72.,180.));
#11523 = DIRECTION('',(-0.458087938703,0.203594639424,-0.865277217551));
#11524 = DIRECTION('',(-0.557602624965,0.692267833318,0.458087938703));
#11525 = ORIENTED_EDGE('',*,*,#11526,.F.);
#11526 = EDGE_CURVE('',#11527,#11518,#11529,.T.);
#11527 = VERTEX_POINT('',#11528);
#11528 = CARTESIAN_POINT('',(-84.79756076262,-71.87087476021,
    180.60355630614));
#11529 = ELLIPSE('',#11530,1.008492296608,1.);
#11530 = AXIS2_PLACEMENT_3D('',#11531,#11532,#11533);
#11531 = CARTESIAN_POINT('',(-84.,-72.,180.));
#11532 = DIRECTION('',(0.565263538636,-0.222045548445,0.794463911266));
#11533 = DIRECTION('',(-0.790844675076,0.12803790393,0.59847388837));
#11534 = ORIENTED_EDGE('',*,*,#11535,.F.);
#11535 = EDGE_CURVE('',#11536,#11527,#11538,.T.);
#11536 = VERTEX_POINT('',#11537);
#11537 = CARTESIAN_POINT('',(-84.59318362146,-71.43100584947,
    180.58108075723));
#11538 = ELLIPSE('',#11539,1.008492296608,1.);
#11539 = AXIS2_PLACEMENT_3D('',#11540,#11541,#11542);
#11540 = CARTESIAN_POINT('',(-84.,-72.,180.));
#11541 = DIRECTION('',(0.565263538636,-0.222045548445,0.794463911266));
#11542 = DIRECTION('',(-0.790844675076,0.12803790393,0.59847388837));
#11543 = ORIENTED_EDGE('',*,*,#11544,.F.);
#11544 = EDGE_CURVE('',#11501,#11536,#11545,.T.);
#11545 = ELLIPSE('',#11546,1.008492296608,1.);
#11546 = AXIS2_PLACEMENT_3D('',#11547,#11548,#11549);
#11547 = CARTESIAN_POINT('',(-84.,-72.,180.));
#11548 = DIRECTION('',(0.565263538636,-0.222045548445,0.794463911266));
#11549 = DIRECTION('',(-0.790844675076,0.12803790393,0.59847388837));
#11550 = ORIENTED_EDGE('',*,*,#11500,.F.);
#11551 = CYLINDRICAL_SURFACE('',#11552,1.);
#11552 = AXIS2_PLACEMENT_3D('',#11553,#11554,#11555);
#11553 = CARTESIAN_POINT('',(-66.,-80.,214.));
#11554 = DIRECTION('',(0.458087938703,-0.203594639424,0.865277217551));
#11555 = DIRECTION('',(-0.557602624965,0.692267833318,0.458087938703));
#11556 = ADVANCED_FACE('',(#11557),#11560,.F.);
#11557 = FACE_BOUND('',#11558,.T.);
#11558 = EDGE_LOOP('',(#11559));
#11559 = ORIENTED_EDGE('',*,*,#11491,.F.);
#11560 = PLANE('',#11561);
#11561 = AXIS2_PLACEMENT_3D('',#11562,#11563,#11564);
#11562 = CARTESIAN_POINT('',(-66.,-80.,214.));
#11563 = DIRECTION('',(-0.458087938703,0.203594639424,-0.865277217551));
#11564 = DIRECTION('',(-0.557602624965,0.692267833318,0.458087938703));
#11565 = ADVANCED_FACE('',(#11566),#11595,.T.);
#11566 = FACE_BOUND('',#11567,.F.);
#11567 = EDGE_LOOP('',(#11568,#11569,#11577,#11584,#11585,#11586,#11587,
    #11594));
#11568 = ORIENTED_EDGE('',*,*,#11544,.T.);
#11569 = ORIENTED_EDGE('',*,*,#11570,.T.);
#11570 = EDGE_CURVE('',#11536,#11571,#11573,.T.);
#11571 = VERTEX_POINT('',#11572);
#11572 = CARTESIAN_POINT('',(-112.5168010624,-61.45828533484,
    150.66291921333));
#11573 = LINE('',#11574,#11575);
#11574 = CARTESIAN_POINT('',(-84.51680106244,-71.45828533484,
    180.66291921333));
#11575 = VECTOR('',#11576,1.);
#11576 = DIRECTION('',(-0.662919213335,0.236756861905,-0.710270585716));
#11577 = ORIENTED_EDGE('',*,*,#11578,.T.);
#11578 = EDGE_CURVE('',#11571,#11571,#11579,.T.);
#11579 = CIRCLE('',#11580,1.);
#11580 = AXIS2_PLACEMENT_3D('',#11581,#11582,#11583);
#11581 = CARTESIAN_POINT('',(-112.,-62.,150.));
#11582 = DIRECTION('',(-0.662919213335,0.236756861905,-0.710270585716));
#11583 = DIRECTION('',(-0.516801062445,0.541714665159,0.662919213335));
#11584 = ORIENTED_EDGE('',*,*,#11570,.F.);
#11585 = ORIENTED_EDGE('',*,*,#11535,.T.);
#11586 = ORIENTED_EDGE('',*,*,#11526,.T.);
#11587 = ORIENTED_EDGE('',*,*,#11588,.F.);
#11588 = EDGE_CURVE('',#11509,#11518,#11589,.T.);
#11589 = CIRCLE('',#11590,1.);
#11590 = AXIS2_PLACEMENT_3D('',#11591,#11592,#11593);
#11591 = CARTESIAN_POINT('',(-84.,-72.,180.));
#11592 = DIRECTION('',(-0.662919213335,0.236756861905,-0.710270585716));
#11593 = DIRECTION('',(-0.516801062445,0.541714665159,0.662919213335));
#11594 = ORIENTED_EDGE('',*,*,#11508,.T.);
#11595 = CYLINDRICAL_SURFACE('',#11596,1.);
#11596 = AXIS2_PLACEMENT_3D('',#11597,#11598,#11599);
#11597 = CARTESIAN_POINT('',(-84.,-72.,180.));
#11598 = DIRECTION('',(0.662919213335,-0.236756861905,0.710270585716));
#11599 = DIRECTION('',(-0.516801062445,0.541714665159,0.662919213335));
#11600 = ADVANCED_FACE('',(#11601),#11610,.T.);
#11601 = FACE_BOUND('',#11602,.T.);
#11602 = EDGE_LOOP('',(#11603,#11609));
#11603 = ORIENTED_EDGE('',*,*,#11604,.T.);
#11604 = EDGE_CURVE('',#11518,#11509,#11605,.T.);
#11605 = LINE('',#11606,#11607);
#11606 = CARTESIAN_POINT('',(-84.,-72.,180.));
#11607 = VECTOR('',#11608,1.);
#11608 = DIRECTION('',(0.23460995672,0.966593021686,0.103228380957));
#11609 = ORIENTED_EDGE('',*,*,#11517,.T.);
#11610 = PLANE('',#11611);
#11611 = AXIS2_PLACEMENT_3D('',#11612,#11613,#11614);
#11612 = CARTESIAN_POINT('',(-84.,-72.,180.));
#11613 = DIRECTION('',(-0.458087938703,0.203594639424,-0.865277217551));
#11614 = DIRECTION('',(-0.557602624965,0.692267833318,0.458087938703));
#11615 = ADVANCED_FACE('',(#11616),#11620,.F.);
#11616 = FACE_BOUND('',#11617,.F.);
#11617 = EDGE_LOOP('',(#11618,#11619));
#11618 = ORIENTED_EDGE('',*,*,#11604,.T.);
#11619 = ORIENTED_EDGE('',*,*,#11588,.T.);
#11620 = PLANE('',#11621);
#11621 = AXIS2_PLACEMENT_3D('',#11622,#11623,#11624);
#11622 = CARTESIAN_POINT('',(-84.,-72.,180.));
#11623 = DIRECTION('',(-0.662919213335,0.236756861905,-0.710270585716));
#11624 = DIRECTION('',(-0.516801062445,0.541714665159,0.662919213335));
#11625 = ADVANCED_FACE('',(#11626),#11629,.T.);
#11626 = FACE_BOUND('',#11627,.F.);
#11627 = EDGE_LOOP('',(#11628));
#11628 = ORIENTED_EDGE('',*,*,#11578,.F.);
#11629 = PLANE('',#11630);
#11630 = AXIS2_PLACEMENT_3D('',#11631,#11632,#11633);
#11631 = CARTESIAN_POINT('',(-112.,-62.,150.));
#11632 = DIRECTION('',(-0.662919213335,0.236756861905,-0.710270585716));
#11633 = DIRECTION('',(-0.516801062445,0.541714665159,0.662919213335));
#11634 = ( GEOMETRIC_REPRESENTATION_CONTEXT(3) 
GLOBAL_UNCERTAINTY_ASSIGNED_CONTEXT((#11638)) 
GLOBAL_UNIT_ASSIGNED_CONTEXT((#11635,#11636,#11637)) 
REPRESENTATION_CONTEXT('Context #1',
  '3D Context with UNIT and UNCERTAINTY') );
#11635 = ( LENGTH_UNIT() NAMED_UNIT(*) SI_UNIT(.MILLI.,.METRE.) );
#11636 = ( NAMED_UNIT(*) PLANE_ANGLE_UNIT() SI_UNIT($,.RADIAN.) );
#11637 = ( NAMED_UNIT(*) SI_UNIT($,.STERADIAN.) SOLID_ANGLE_UNIT() );
#11638 = UNCERTAINTY_MEASURE_WITH_UNIT(LENGTH_MEASURE(2.E-05),#11635,
  'distance_accuracy_value','confusion accuracy');
#11639 = CONTEXT_DEPENDENT_SHAPE_REPRESENTATION(#11640,#11642);
#11640 = ( REPRESENTATION_RELATIONSHIP('','',#11484,#10) 
REPRESENTATION_RELATIONSHIP_WITH_TRANSFORMATION(#11641) 
SHAPE_REPRESENTATION_RELATIONSHIP() );
#11641 = ITEM_DEFINED_TRANSFORMATION('','',#11,#247);
#11642 = PRODUCT_DEFINITION_SHAPE('Placement','Placement of an item',
  #11643);
#11643 = NEXT_ASSEMBLY_USAGE_OCCURRENCE('523','WIRE_YAW_SV_0','',#5,
  #11479,$);
#11644 = PRODUCT_RELATED_PRODUCT_CATEGORY('part',$,(#11481));
#11645 = SHAPE_DEFINITION_REPRESENTATION(#11646,#11652);
#11646 = PRODUCT_DEFINITION_SHAPE('','',#11647);
#11647 = PRODUCT_DEFINITION('design','',#11648,#11651);
#11648 = PRODUCT_DEFINITION_FORMATION('','',#11649);
#11649 = PRODUCT('WIRE_YAW_SV_1','WIRE_YAW_SV_1','',(#11650));
#11650 = PRODUCT_CONTEXT('',#2,'mechanical');
#11651 = PRODUCT_DEFINITION_CONTEXT('part definition',#2,'design');
#11652 = ADVANCED_BREP_SHAPE_REPRESENTATION('',(#11,#11653),#11706);
#11653 = MANIFOLD_SOLID_BREP('',#11654);
#11654 = CLOSED_SHELL('',(#11655,#11688,#11697));
#11655 = ADVANCED_FACE('',(#11656),#11683,.T.);
#11656 = FACE_BOUND('',#11657,.F.);
#11657 = EDGE_LOOP('',(#11658,#11668,#11675,#11676));
#11658 = ORIENTED_EDGE('',*,*,#11659,.T.);
#11659 = EDGE_CURVE('',#11660,#11662,#11664,.T.);
#11660 = VERTEX_POINT('',#11661);
#11661 = CARTESIAN_POINT('',(1.,0.,2.84217094304E-14));
#11662 = VERTEX_POINT('',#11663);
#11663 = CARTESIAN_POINT('',(1.,0.,53.88877434123));
#11664 = LINE('',#11665,#11666);
#11665 = CARTESIAN_POINT('',(1.,-2.4E-16,0.));
#11666 = VECTOR('',#11667,1.);
#11667 = DIRECTION('',(0.,0.,1.));
#11668 = ORIENTED_EDGE('',*,*,#11669,.T.);
#11669 = EDGE_CURVE('',#11662,#11662,#11670,.T.);
#11670 = CIRCLE('',#11671,1.);
#11671 = AXIS2_PLACEMENT_3D('',#11672,#11673,#11674);
#11672 = CARTESIAN_POINT('',(0.,0.,53.88877434123));
#11673 = DIRECTION('',(0.,0.,1.));
#11674 = DIRECTION('',(1.,0.,0.));
#11675 = ORIENTED_EDGE('',*,*,#11659,.F.);
#11676 = ORIENTED_EDGE('',*,*,#11677,.F.);
#11677 = EDGE_CURVE('',#11660,#11660,#11678,.T.);
#11678 = CIRCLE('',#11679,1.);
#11679 = AXIS2_PLACEMENT_3D('',#11680,#11681,#11682);
#11680 = CARTESIAN_POINT('',(0.,0.,0.));
#11681 = DIRECTION('',(0.,0.,1.));
#11682 = DIRECTION('',(1.,0.,-0.));
#11683 = CYLINDRICAL_SURFACE('',#11684,1.);
#11684 = AXIS2_PLACEMENT_3D('',#11685,#11686,#11687);
#11685 = CARTESIAN_POINT('',(0.,0.,0.));
#11686 = DIRECTION('',(-0.,-0.,-1.));
#11687 = DIRECTION('',(1.,0.,-0.));
#11688 = ADVANCED_FACE('',(#11689),#11692,.F.);
#11689 = FACE_BOUND('',#11690,.T.);
#11690 = EDGE_LOOP('',(#11691));
#11691 = ORIENTED_EDGE('',*,*,#11677,.F.);
#11692 = PLANE('',#11693);
#11693 = AXIS2_PLACEMENT_3D('',#11694,#11695,#11696);
#11694 = CARTESIAN_POINT('',(0.,0.,0.));
#11695 = DIRECTION('',(0.,0.,1.));
#11696 = DIRECTION('',(1.,0.,-0.));
#11697 = ADVANCED_FACE('',(#11698),#11701,.T.);
#11698 = FACE_BOUND('',#11699,.F.);
#11699 = EDGE_LOOP('',(#11700));
#11700 = ORIENTED_EDGE('',*,*,#11669,.F.);
#11701 = PLANE('',#11702);
#11702 = AXIS2_PLACEMENT_3D('',#11703,#11704,#11705);
#11703 = CARTESIAN_POINT('',(0.,0.,53.88877434123));
#11704 = DIRECTION('',(0.,0.,1.));
#11705 = DIRECTION('',(1.,0.,0.));
#11706 = ( GEOMETRIC_REPRESENTATION_CONTEXT(3) 
GLOBAL_UNCERTAINTY_ASSIGNED_CONTEXT((#11710)) 
GLOBAL_UNIT_ASSIGNED_CONTEXT((#11707,#11708,#11709)) 
REPRESENTATION_CONTEXT('Context #1',
  '3D Context with UNIT and UNCERTAINTY') );
#11707 = ( LENGTH_UNIT() NAMED_UNIT(*) SI_UNIT(.MILLI.,.METRE.) );
#11708 = ( NAMED_UNIT(*) PLANE_ANGLE_UNIT() SI_UNIT($,.RADIAN.) );
#11709 = ( NAMED_UNIT(*) SI_UNIT($,.STERADIAN.) SOLID_ANGLE_UNIT() );
#11710 = UNCERTAINTY_MEASURE_WITH_UNIT(LENGTH_MEASURE(1.E-07),#11707,
  'distance_accuracy_value','confusion accuracy');
#11711 = CONTEXT_DEPENDENT_SHAPE_REPRESENTATION(#11712,#11714);
#11712 = ( REPRESENTATION_RELATIONSHIP('','',#11652,#10) 
REPRESENTATION_RELATIONSHIP_WITH_TRANSFORMATION(#11713) 
SHAPE_REPRESENTATION_RELATIONSHIP() );
#11713 = ITEM_DEFINED_TRANSFORMATION('','',#11,#251);
#11714 = PRODUCT_DEFINITION_SHAPE('Placement','Placement of an item',
  #11715);
#11715 = NEXT_ASSEMBLY_USAGE_OCCURRENCE('524','WIRE_YAW_SV_1','',#5,
  #11647,$);
#11716 = PRODUCT_RELATED_PRODUCT_CATEGORY('part',$,(#11649));
#11717 = SHAPE_DEFINITION_REPRESENTATION(#11718,#11724);
#11718 = PRODUCT_DEFINITION_SHAPE('','',#11719);
#11719 = PRODUCT_DEFINITION('design','',#11720,#11723);
#11720 = PRODUCT_DEFINITION_FORMATION('','',#11721);
#11721 = PRODUCT('WIRE_YAW_SV_2','WIRE_YAW_SV_2','',(#11722));
#11722 = PRODUCT_CONTEXT('',#2,'mechanical');
#11723 = PRODUCT_DEFINITION_CONTEXT('part definition',#2,'design');
#11724 = ADVANCED_BREP_SHAPE_REPRESENTATION('',(#11,#11725),#11778);
#11725 = MANIFOLD_SOLID_BREP('',#11726);
#11726 = CLOSED_SHELL('',(#11727,#11760,#11769));
#11727 = ADVANCED_FACE('',(#11728),#11755,.T.);
#11728 = FACE_BOUND('',#11729,.F.);
#11729 = EDGE_LOOP('',(#11730,#11740,#11747,#11748));
#11730 = ORIENTED_EDGE('',*,*,#11731,.T.);
#11731 = EDGE_CURVE('',#11732,#11734,#11736,.T.);
#11732 = VERTEX_POINT('',#11733);
#11733 = CARTESIAN_POINT('',(1.,7.105427357601E-15,1.42108547152E-14));
#11734 = VERTEX_POINT('',#11735);
#11735 = CARTESIAN_POINT('',(1.,0.,42.801869118065));
#11736 = LINE('',#11737,#11738);
#11737 = CARTESIAN_POINT('',(1.,-2.4E-16,0.));
#11738 = VECTOR('',#11739,1.);
#11739 = DIRECTION('',(0.,0.,1.));
#11740 = ORIENTED_EDGE('',*,*,#11741,.T.);
#11741 = EDGE_CURVE('',#11734,#11734,#11742,.T.);
#11742 = CIRCLE('',#11743,1.);
#11743 = AXIS2_PLACEMENT_3D('',#11744,#11745,#11746);
#11744 = CARTESIAN_POINT('',(0.,0.,42.801869118065));
#11745 = DIRECTION('',(0.,0.,1.));
#11746 = DIRECTION('',(1.,0.,0.));
#11747 = ORIENTED_EDGE('',*,*,#11731,.F.);
#11748 = ORIENTED_EDGE('',*,*,#11749,.F.);
#11749 = EDGE_CURVE('',#11732,#11732,#11750,.T.);
#11750 = CIRCLE('',#11751,1.);
#11751 = AXIS2_PLACEMENT_3D('',#11752,#11753,#11754);
#11752 = CARTESIAN_POINT('',(0.,0.,0.));
#11753 = DIRECTION('',(0.,0.,1.));
#11754 = DIRECTION('',(1.,0.,-0.));
#11755 = CYLINDRICAL_SURFACE('',#11756,1.);
#11756 = AXIS2_PLACEMENT_3D('',#11757,#11758,#11759);
#11757 = CARTESIAN_POINT('',(0.,0.,0.));
#11758 = DIRECTION('',(-0.,-0.,-1.));
#11759 = DIRECTION('',(1.,0.,-0.));
#11760 = ADVANCED_FACE('',(#11761),#11764,.F.);
#11761 = FACE_BOUND('',#11762,.T.);
#11762 = EDGE_LOOP('',(#11763));
#11763 = ORIENTED_EDGE('',*,*,#11749,.F.);
#11764 = PLANE('',#11765);
#11765 = AXIS2_PLACEMENT_3D('',#11766,#11767,#11768);
#11766 = CARTESIAN_POINT('',(0.,0.,0.));
#11767 = DIRECTION('',(0.,0.,1.));
#11768 = DIRECTION('',(1.,0.,-0.));
#11769 = ADVANCED_FACE('',(#11770),#11773,.T.);
#11770 = FACE_BOUND('',#11771,.F.);
#11771 = EDGE_LOOP('',(#11772));
#11772 = ORIENTED_EDGE('',*,*,#11741,.F.);
#11773 = PLANE('',#11774);
#11774 = AXIS2_PLACEMENT_3D('',#11775,#11776,#11777);
#11775 = CARTESIAN_POINT('',(0.,0.,42.801869118065));
#11776 = DIRECTION('',(0.,0.,1.));
#11777 = DIRECTION('',(1.,0.,0.));
#11778 = ( GEOMETRIC_REPRESENTATION_CONTEXT(3) 
GLOBAL_UNCERTAINTY_ASSIGNED_CONTEXT((#11782)) 
GLOBAL_UNIT_ASSIGNED_CONTEXT((#11779,#11780,#11781)) 
REPRESENTATION_CONTEXT('Context #1',
  '3D Context with UNIT and UNCERTAINTY') );
#11779 = ( LENGTH_UNIT() NAMED_UNIT(*) SI_UNIT(.MILLI.,.METRE.) );
#11780 = ( NAMED_UNIT(*) PLANE_ANGLE_UNIT() SI_UNIT($,.RADIAN.) );
#11781 = ( NAMED_UNIT(*) SI_UNIT($,.STERADIAN.) SOLID_ANGLE_UNIT() );
#11782 = UNCERTAINTY_MEASURE_WITH_UNIT(LENGTH_MEASURE(1.E-07),#11779,
  'distance_accuracy_value','confusion accuracy');
#11783 = CONTEXT_DEPENDENT_SHAPE_REPRESENTATION(#11784,#11786);
#11784 = ( REPRESENTATION_RELATIONSHIP('','',#11724,#10) 
REPRESENTATION_RELATIONSHIP_WITH_TRANSFORMATION(#11785) 
SHAPE_REPRESENTATION_RELATIONSHIP() );
#11785 = ITEM_DEFINED_TRANSFORMATION('','',#11,#255);
#11786 = PRODUCT_DEFINITION_SHAPE('Placement','Placement of an item',
  #11787);
#11787 = NEXT_ASSEMBLY_USAGE_OCCURRENCE('525','WIRE_YAW_SV_2','',#5,
  #11719,$);
#11788 = PRODUCT_RELATED_PRODUCT_CATEGORY('part',$,(#11721));
#11789 = SHAPE_DEFINITION_REPRESENTATION(#11790,#11796);
#11790 = PRODUCT_DEFINITION_SHAPE('','',#11791);
#11791 = PRODUCT_DEFINITION('design','',#11792,#11795);
#11792 = PRODUCT_DEFINITION_FORMATION('','',#11793);
#11793 = PRODUCT('WIRE_YAW_SV_3','WIRE_YAW_SV_3','',(#11794));
#11794 = PRODUCT_CONTEXT('',#2,'mechanical');
#11795 = PRODUCT_DEFINITION_CONTEXT('part definition',#2,'design');
#11796 = ADVANCED_BREP_SHAPE_REPRESENTATION('',(#11,#11797),#11850);
#11797 = MANIFOLD_SOLID_BREP('',#11798);
#11798 = CLOSED_SHELL('',(#11799,#11832,#11841));
#11799 = ADVANCED_FACE('',(#11800),#11827,.T.);
#11800 = FACE_BOUND('',#11801,.F.);
#11801 = EDGE_LOOP('',(#11802,#11812,#11819,#11820));
#11802 = ORIENTED_EDGE('',*,*,#11803,.T.);
#11803 = EDGE_CURVE('',#11804,#11806,#11808,.T.);
#11804 = VERTEX_POINT('',#11805);
#11805 = CARTESIAN_POINT('',(1.,0.,2.84217094304E-14));
#11806 = VERTEX_POINT('',#11807);
#11807 = CARTESIAN_POINT('',(1.,0.,26.305892875932));
#11808 = LINE('',#11809,#11810);
#11809 = CARTESIAN_POINT('',(1.,-2.4E-16,0.));
#11810 = VECTOR('',#11811,1.);
#11811 = DIRECTION('',(0.,0.,1.));
#11812 = ORIENTED_EDGE('',*,*,#11813,.T.);
#11813 = EDGE_CURVE('',#11806,#11806,#11814,.T.);
#11814 = CIRCLE('',#11815,1.);
#11815 = AXIS2_PLACEMENT_3D('',#11816,#11817,#11818);
#11816 = CARTESIAN_POINT('',(0.,0.,26.305892875932));
#11817 = DIRECTION('',(0.,0.,1.));
#11818 = DIRECTION('',(1.,0.,0.));
#11819 = ORIENTED_EDGE('',*,*,#11803,.F.);
#11820 = ORIENTED_EDGE('',*,*,#11821,.F.);
#11821 = EDGE_CURVE('',#11804,#11804,#11822,.T.);
#11822 = CIRCLE('',#11823,1.);
#11823 = AXIS2_PLACEMENT_3D('',#11824,#11825,#11826);
#11824 = CARTESIAN_POINT('',(0.,0.,0.));
#11825 = DIRECTION('',(0.,0.,1.));
#11826 = DIRECTION('',(1.,0.,-0.));
#11827 = CYLINDRICAL_SURFACE('',#11828,1.);
#11828 = AXIS2_PLACEMENT_3D('',#11829,#11830,#11831);
#11829 = CARTESIAN_POINT('',(0.,0.,0.));
#11830 = DIRECTION('',(-0.,-0.,-1.));
#11831 = DIRECTION('',(1.,0.,-0.));
#11832 = ADVANCED_FACE('',(#11833),#11836,.F.);
#11833 = FACE_BOUND('',#11834,.T.);
#11834 = EDGE_LOOP('',(#11835));
#11835 = ORIENTED_EDGE('',*,*,#11821,.F.);
#11836 = PLANE('',#11837);
#11837 = AXIS2_PLACEMENT_3D('',#11838,#11839,#11840);
#11838 = CARTESIAN_POINT('',(0.,0.,0.));
#11839 = DIRECTION('',(0.,0.,1.));
#11840 = DIRECTION('',(1.,0.,-0.));
#11841 = ADVANCED_FACE('',(#11842),#11845,.T.);
#11842 = FACE_BOUND('',#11843,.F.);
#11843 = EDGE_LOOP('',(#11844));
#11844 = ORIENTED_EDGE('',*,*,#11813,.F.);
#11845 = PLANE('',#11846);
#11846 = AXIS2_PLACEMENT_3D('',#11847,#11848,#11849);
#11847 = CARTESIAN_POINT('',(0.,0.,26.305892875932));
#11848 = DIRECTION('',(0.,0.,1.));
#11849 = DIRECTION('',(1.,0.,0.));
#11850 = ( GEOMETRIC_REPRESENTATION_CONTEXT(3) 
GLOBAL_UNCERTAINTY_ASSIGNED_CONTEXT((#11854)) 
GLOBAL_UNIT_ASSIGNED_CONTEXT((#11851,#11852,#11853)) 
REPRESENTATION_CONTEXT('Context #1',
  '3D Context with UNIT and UNCERTAINTY') );
#11851 = ( LENGTH_UNIT() NAMED_UNIT(*) SI_UNIT(.MILLI.,.METRE.) );
#11852 = ( NAMED_UNIT(*) PLANE_ANGLE_UNIT() SI_UNIT($,.RADIAN.) );
#11853 = ( NAMED_UNIT(*) SI_UNIT($,.STERADIAN.) SOLID_ANGLE_UNIT() );
#11854 = UNCERTAINTY_MEASURE_WITH_UNIT(LENGTH_MEASURE(1.E-07),#11851,
  'distance_accuracy_value','confusion accuracy');
#11855 = CONTEXT_DEPENDENT_SHAPE_REPRESENTATION(#11856,#11858);
#11856 = ( REPRESENTATION_RELATIONSHIP('','',#11796,#10) 
REPRESENTATION_RELATIONSHIP_WITH_TRANSFORMATION(#11857) 
SHAPE_REPRESENTATION_RELATIONSHIP() );
#11857 = ITEM_DEFINED_TRANSFORMATION('','',#11,#259);
#11858 = PRODUCT_DEFINITION_SHAPE('Placement','Placement of an item',
  #11859);
#11859 = NEXT_ASSEMBLY_USAGE_OCCURRENCE('526','WIRE_YAW_SV_3','',#5,
  #11791,$);
#11860 = PRODUCT_RELATED_PRODUCT_CATEGORY('part',$,(#11793));
#11861 = SHAPE_DEFINITION_REPRESENTATION(#11862,#11868);
#11862 = PRODUCT_DEFINITION_SHAPE('','',#11863);
#11863 = PRODUCT_DEFINITION('design','',#11864,#11867);
#11864 = PRODUCT_DEFINITION_FORMATION('','',#11865);
#11865 = PRODUCT('WIRE_YAW_SV_4','WIRE_YAW_SV_4','',(#11866));
#11866 = PRODUCT_CONTEXT('',#2,'mechanical');
#11867 = PRODUCT_DEFINITION_CONTEXT('part definition',#2,'design');
#11868 = ADVANCED_BREP_SHAPE_REPRESENTATION('',(#11,#11869),#11922);
#11869 = MANIFOLD_SOLID_BREP('',#11870);
#11870 = CLOSED_SHELL('',(#11871,#11904,#11913));
#11871 = ADVANCED_FACE('',(#11872),#11899,.T.);
#11872 = FACE_BOUND('',#11873,.F.);
#11873 = EDGE_LOOP('',(#11874,#11884,#11891,#11892));
#11874 = ORIENTED_EDGE('',*,*,#11875,.T.);
#11875 = EDGE_CURVE('',#11876,#11878,#11880,.T.);
#11876 = VERTEX_POINT('',#11877);
#11877 = CARTESIAN_POINT('',(1.,1.42108547152E-14,0.));
#11878 = VERTEX_POINT('',#11879);
#11879 = CARTESIAN_POINT('',(1.,0.,8.485281374239));
#11880 = LINE('',#11881,#11882);
#11881 = CARTESIAN_POINT('',(1.,-2.4E-16,0.));
#11882 = VECTOR('',#11883,1.);
#11883 = DIRECTION('',(0.,0.,1.));
#11884 = ORIENTED_EDGE('',*,*,#11885,.T.);
#11885 = EDGE_CURVE('',#11878,#11878,#11886,.T.);
#11886 = CIRCLE('',#11887,1.);
#11887 = AXIS2_PLACEMENT_3D('',#11888,#11889,#11890);
#11888 = CARTESIAN_POINT('',(0.,0.,8.485281374239));
#11889 = DIRECTION('',(0.,0.,1.));
#11890 = DIRECTION('',(1.,0.,0.));
#11891 = ORIENTED_EDGE('',*,*,#11875,.F.);
#11892 = ORIENTED_EDGE('',*,*,#11893,.F.);
#11893 = EDGE_CURVE('',#11876,#11876,#11894,.T.);
#11894 = CIRCLE('',#11895,1.);
#11895 = AXIS2_PLACEMENT_3D('',#11896,#11897,#11898);
#11896 = CARTESIAN_POINT('',(0.,0.,0.));
#11897 = DIRECTION('',(0.,0.,1.));
#11898 = DIRECTION('',(1.,0.,-0.));
#11899 = CYLINDRICAL_SURFACE('',#11900,1.);
#11900 = AXIS2_PLACEMENT_3D('',#11901,#11902,#11903);
#11901 = CARTESIAN_POINT('',(0.,0.,0.));
#11902 = DIRECTION('',(-0.,-0.,-1.));
#11903 = DIRECTION('',(1.,0.,-0.));
#11904 = ADVANCED_FACE('',(#11905),#11908,.F.);
#11905 = FACE_BOUND('',#11906,.T.);
#11906 = EDGE_LOOP('',(#11907));
#11907 = ORIENTED_EDGE('',*,*,#11893,.F.);
#11908 = PLANE('',#11909);
#11909 = AXIS2_PLACEMENT_3D('',#11910,#11911,#11912);
#11910 = CARTESIAN_POINT('',(0.,0.,0.));
#11911 = DIRECTION('',(0.,0.,1.));
#11912 = DIRECTION('',(1.,0.,-0.));
#11913 = ADVANCED_FACE('',(#11914),#11917,.T.);
#11914 = FACE_BOUND('',#11915,.F.);
#11915 = EDGE_LOOP('',(#11916));
#11916 = ORIENTED_EDGE('',*,*,#11885,.F.);
#11917 = PLANE('',#11918);
#11918 = AXIS2_PLACEMENT_3D('',#11919,#11920,#11921);
#11919 = CARTESIAN_POINT('',(0.,0.,8.485281374239));
#11920 = DIRECTION('',(0.,0.,1.));
#11921 = DIRECTION('',(1.,0.,0.));
#11922 = ( GEOMETRIC_REPRESENTATION_CONTEXT(3) 
GLOBAL_UNCERTAINTY_ASSIGNED_CONTEXT((#11926)) 
GLOBAL_UNIT_ASSIGNED_CONTEXT((#11923,#11924,#11925)) 
REPRESENTATION_CONTEXT('Context #1',
  '3D Context with UNIT and UNCERTAINTY') );
#11923 = ( LENGTH_UNIT() NAMED_UNIT(*) SI_UNIT(.MILLI.,.METRE.) );
#11924 = ( NAMED_UNIT(*) PLANE_ANGLE_UNIT() SI_UNIT($,.RADIAN.) );
#11925 = ( NAMED_UNIT(*) SI_UNIT($,.STERADIAN.) SOLID_ANGLE_UNIT() );
#11926 = UNCERTAINTY_MEASURE_WITH_UNIT(LENGTH_MEASURE(1.E-07),#11923,
  'distance_accuracy_value','confusion accuracy');
#11927 = CONTEXT_DEPENDENT_SHAPE_REPRESENTATION(#11928,#11930);
#11928 = ( REPRESENTATION_RELATIONSHIP('','',#11868,#10) 
REPRESENTATION_RELATIONSHIP_WITH_TRANSFORMATION(#11929) 
SHAPE_REPRESENTATION_RELATIONSHIP() );
#11929 = ITEM_DEFINED_TRANSFORMATION('','',#11,#263);
#11930 = PRODUCT_DEFINITION_SHAPE('Placement','Placement of an item',
  #11931);
#11931 = NEXT_ASSEMBLY_USAGE_OCCURRENCE('527','WIRE_YAW_SV_4','',#5,
  #11863,$);
#11932 = PRODUCT_RELATED_PRODUCT_CATEGORY('part',$,(#11865));
ENDSEC;
END-ISO-10303-21;
